inst,sub,var,h,ic,edge,cost,margin,margin_lo,margin_hi,edge_lo,n,sesiones,p_null,mde_ic,part,margin_pasivo,canal,ic_val,edge_val,cost_val,margin_val,margin_lo_val,margin_hi_val,edge_lo_val,n_val,sesiones_val,p_null_val,mde_ic_val,part_val,margin_pasivo_val,canal_val,fdr,prometedora,prometedora_pasiva
ES,todo,mom5,h1,0.0012049510836823296,0.018376680792637053,2.4678892072588225,-2.4495125264661857,-2.618456975543778,-2.2923119474596754,-0.15090784239603658,26175,96,0.885,0.014369084268511929,disc,-2.2095125264661855,direccional,0.046277026997706874,0.5468968646602057,2.4952113649121173,-1.9483145002519116,-2.180640785041448,-1.7209660798626554,0.3078607233720701,23159,85,0.0,0.01597855164661017,val,-1.7083145002519116,direccional,False,False,False
ES,todo,mom5,h5,-0.004893781642893112,-0.049939342347521974,2.4695908899198526,-2.5195302322673747,-2.763953238363277,-2.2584267023994866,-0.29505327726924085,26081,96,0.405,0.010843938480846475,disc,-2.2795302322673745,direccional,-0.00464756511053465,-0.06686187993621268,2.498812516252046,-2.5656743961882587,-2.952919409312424,-2.1671557005736632,-0.44674498499655335,23074,85,0.57,0.013882125635710516,val,-2.3256743961882584,direccional,False,False,False
ES,todo,mom5,h15,-0.004576592066950944,-0.17972990293608515,2.4694503457066586,-2.6491802486427436,-3.189168989872369,-2.128238691524847,-0.7171343181199892,25889,96,0.425,0.011260202133277188,disc,-2.409180248642744,direccional,-0.016340662161822683,0.3240194018308158,2.498629060426114,-2.1746096585952985,-2.9425609076794106,-1.5377701166390159,-0.4426569765168192,22904,85,0.005,0.012934892846052535,val,-1.9346096585952985,direccional,False,False,False
ES,todo,mom5,h60,0.00043499547288518563,0.5601989618540814,2.4678921078920952,-1.9076931460380138,-2.952671123605254,-0.8761680274997042,-0.48399185516716614,25025,96,0.83,0.011858769977899416,disc,-1.6676931460380138,direccional,-0.008413959754799047,-0.7069880871273475,2.4969781832964326,-3.20396627042378,-4.35853193306175,-2.0045021585591942,-1.862593528884606,22139,85,0.26,0.013472965653686643,val,-2.9639662704237804,direccional,False,False,False
ES,todo,mom5,h240,0.004029971364816879,0.19437739209841737,2.467967916917789,-2.2735905248193715,-3.8166391755434024,-0.6920619558904948,-1.3447919424970605,21569,96,0.445,0.013661763123572288,disc,-2.0335905248193713,direccional,0.0030599587489707415,0.06015033333318032,2.498537659206446,-2.438387325873266,-4.6673789958052065,-0.25193696975476604,-2.1650647190485963,19079,85,0.77,0.012691490188699408,val,-2.1983873258732656,direccional,False,False,False
ES,todo,mom5,cierre,0.0036962529588805693,0.31019951353592123,2.4157154673283743,-2.105515953792453,-5.741137968603507,1.4325413551678068,-3.32007028181001,7254,93,0.74,0.024156926128605705,disc,-1.865515953792453,direccional,-0.009369038613958441,-1.5389217178465784,2.471294559099441,-4.01021627694602,-8.423090820612527,0.48998758865920394,-5.9524177436894465,6396,82,0.43,0.024740393855041252,val,-3.7702162769460195,direccional,False,False,False
ES,todo,mom15,h1,0.0009044859481476125,0.07882540257616899,2.4671592964630595,-2.3883338938868905,-2.5358817465467283,-2.2271097347415805,-0.06848133971395437,25983,96,0.925,0.012482677954341949,disc,-2.1483338938868908,direccional,0.010589153188594946,0.1444507881308984,2.4944799686806607,-2.3500291805497624,-2.5396496005391334,-2.16389864350837,-0.04428045978071286,22989,85,0.155,0.01452900658690451,val,-2.1100291805497626,direccional,False,False,False
ES,todo,mom15,h5,-0.0026365738755088027,0.01118466980158575,2.468793696164382,-2.457609026362796,-2.76381986118588,-2.1447852957279108,-0.2980789325640226,25889,96,0.715,0.01463741634899124,disc,-2.217609026362796,direccional,-0.0031298456556333623,0.08119961571918567,2.497886831994399,-2.4166872162752133,-2.7679357554235233,-2.06525848772587,-0.26954290541003934,22904,85,0.755,0.014747747969802133,val,-2.176687216275213,direccional,False,False,False
ES,todo,mom15,h15,-0.001686657543552645,-0.30357410263906953,2.468685060512888,-2.7722591631519573,-3.4435035877586286,-2.081980872728126,-0.976044826893254,25697,96,0.91,0.017387522808213887,disc,-2.5322591631519575,direccional,-0.015960660067138952,0.29658494769473553,2.497739069235495,-2.2011541215407595,-3.098919648995233,-1.270671239469667,-0.6031974110456162,22734,85,0.115,0.018829065741009697,val,-1.9611541215407595,direccional,False,False,False
ES,todo,mom15,h60,-0.0050440421690766835,-0.16874487412896547,2.467007610840402,-2.6357524849693674,-3.9674524401554545,-1.2640953513153315,-1.504300977450152,24833,96,0.625,0.02328960678701254,disc,-2.3957524849693677,direccional,-0.00047773613769741,-0.030517104296623514,2.4961354636077995,-2.526652567904423,-4.520915910543873,-0.6823787275311503,-2.0244715188379607,21969,85,0.995,0.02026952819254944,val,-2.286652567904423,direccional,False,False,False
ES,todo,mom15,h240,0.010544400661940966,1.1094737297864339,2.4672685596669215,-1.3577948298804876,-3.8669280279695513,0.9636646431616956,-1.3944085835084505,21377,96,0.295,0.020105698892873506,disc,-1.1177948298804876,direccional,0.02091478108569402,2.3225416603343025,2.4979956634406797,-0.17545400310637715,-4.051887164852538,3.60206242345009,-1.5669429974210247,18909,85,0.01,0.019059360487532945,val,0.06454599689362284,direccional,False,False,False
ES,todo,mom15,cierre,0.00814665033585983,1.2073778218760394,2.4157154673283743,-1.208337645452335,-7.336325444319981,4.888397649937049,-4.918900575282205,7254,93,0.76,0.0394506983049161,disc,-0.9683376454523349,direccional,-0.014983605580948953,-0.8471996357722821,2.471294559099441,-3.318494194871723,-9.65500267453262,3.513586079015134,-7.173373531318107,6396,82,0.475,0.03987923100661625,val,-3.0784941948717233,direccional,False,False,False
ES,todo,mom60,h1,-0.01953513248493216,0.05356774924856988,2.4636968032166773,-2.4101290539681073,-2.5732259331237306,-2.2570549516133953,-0.1059793003014348,25119,96,0.0,0.013040296044062651,disc,-2.1701290539681075,direccional,-0.012757904332975457,0.18589415469651577,2.4904427645788223,-2.3045486098823065,-2.4934526937739423,-2.0909936270331007,-0.007134008115219363,22224,85,0.04,0.011995981292091997,val,-2.0645486098823067,direccional,True,False,False
ES,todo,mom60,h5,-0.0037016728256400034,-0.11331982250064632,2.465654345654333,-2.5789741681549794,-2.865424999556774,-2.3038605965891175,-0.3973879725229172,25025,96,0.595,0.01233339673623868,disc,-2.338974168154979,direccional,-0.005912640675767462,0.07065853884123333,2.493726003884535,-2.4230674650433017,-2.782225939562603,-2.0730563075006625,-0.28949080374860436,22139,85,0.28,0.012473731889959563,val,-2.183067465043302,direccional,False,False,False
ES,todo,mom60,h15,0.0023179265347544587,0.35933391115176355,2.46543711996133,-2.106103208809566,-2.760203479660488,-1.43810265621513,-0.2948132304757507,24833,96,0.87,0.020850050122439616,disc,-1.8661032088095661,direccional,-0.0011346985318057843,-0.08792541785513108,2.4936319359096792,-2.5815573537648104,-3.5701105221304914,-1.5931917099816524,-1.0791050248885803,21969,85,0.885,0.021886219282735313,val,-2.3415573537648102,direccional,False,False,False
ES,todo,mom60,h60,0.005327630292535071,0.19275176905919356,2.464750302474017,-2.2719985334148234,-5.412508707247651,0.2676053415128696,-2.9559473895051025,23969,96,0.85,0.037279078656676574,disc,-2.031998533414823,direccional,0.01382108774744725,0.714802647742189,2.4933314468967995,-1.7785287991546106,-5.312078203692533,1.7026657701409302,-2.8146053524108603,21204,85,0.355,0.031458145710374856,val,-1.5385287991546106,direccional,False,False,False
ES,todo,mom60,h240,0.014132209878018366,0.13943481543422132,2.465665675425331,-2.32623085999111,-8.816204369402136,3.4408588260423176,-6.346579414689199,20513,96,0.39,0.03877663896536482,disc,-2.08623085999111,direccional,0.03237796743383935,2.111890786642695,2.49567901234567,-0.383788225702975,-7.507856757259636,7.154905599711017,-5.015540063408997,18144,85,0.11,0.043182622517547446,val,-0.143788225702975,direccional,False,False,False
ES,todo,mom60,cierre,-0.006752212704874468,3.2705394764157028,2.4157154673283743,0.8548240090873285,-10.083501054956145,11.669006774582453,-7.668698876847511,7254,93,0.84,0.0786575714806335,disc,1.0948240090873285,direccional,-0.020577477036882088,1.0464353536595976,2.471294559099441,-1.4248592054398432,-15.080694029543402,11.70905933050637,-12.622423235296994,6396,82,0.51,0.0749646185267677,val,-1.1848592054398432,direccional,False,False,False
ES,todo,mom240,h1,-0.020833930072100642,0.08327747078611075,2.4573789410515516,-2.374101470265441,-2.5734945107896343,-2.184522517195826,-0.11446523833917449,21663,96,0.01,0.014787359098582559,disc,-2.134101470265441,direccional,-0.007143771861652798,-0.014589288199462591,2.48479440617824,-2.4993836943777024,-2.7270336824208212,-2.2267784363060463,-0.2401319306636093,19164,85,0.35,0.014925924498619307,val,-2.2593836943777026,direccional,False,False,False
ES,todo,mom240,h5,0.0015362243916715193,0.21005986390879758,2.458231721452074,-2.2481718575432765,-2.6281659732000473,-1.9310643568565753,-0.17171177658756429,21569,96,0.785,0.016599896062468214,disc,-2.0081718575432763,direccional,0.006197185998238548,0.08054527967129063,2.4893652707164833,-2.408819991045193,-2.867743396494089,-1.9986322116262,-0.38054951668083675,19079,85,0.34,0.012387994255125939,val,-2.1688199910451926,direccional,False,False,False
ES,todo,mom240,h15,0.014981913402660037,0.6737298401436751,2.458240164662945,-1.78451032451927,-2.6552385188921344,-0.9725097319615188,-0.19835448943445477,21377,96,0.205,0.02556030349206002,disc,-1.54451032451927,direccional,0.01925995603516422,0.4797896510932925,2.48963985403775,-2.0098502029444574,-3.2511417712361736,-0.8071638699755967,-0.7654688124370159,18909,85,0.05,0.01914290799210015,val,-1.7698502029444574,direccional,False,False,False
ES,todo,mom240,h60,0.00025620142599868604,0.9244658968326397,2.458158241115381,-1.5336923442827413,-4.316884656299738,1.0303866403610211,-1.8580331637294076,20513,96,0.99,0.04319923091377408,disc,-1.2936923442827413,direccional,0.032140470313395356,2.120554756312776,2.4900022045855286,-0.3694474482727528,-4.540946559799278,3.3892950678534275,-2.052025463286976,18144,85,0.17,0.04398835519699109,val,-0.12944744827275279,direccional,False,False,False
ES,todo,mom240,h240,0.015427465983170331,-0.727829917938281,2.460972034941659,-3.18880195287994,-14.516755283445036,7.287884784266109,-12.055222323722688,17057,96,0.605,0.0695617245616829,disc,-2.94880195287994,direccional,0.011481342657863025,0.1154942658129885,2.4942057809599496,-2.378711515146961,-23.265472000118447,14.21667048004177,-20.76647941609105,15084,85,0.69,0.07494008242921969,val,-2.1387115151469613,direccional,False,False,False
ES,todo,mom240,cierre,-0.025357420366751513,4.483408681201059,2.4157154673283743,2.0676932138726847,-17.385446889362445,20.8990716130454,-14.969331642602036,7254,93,0.665,0.12274294812291822,disc,2.3076932138726844,direccional,0.0025696958513857235,-6.31892523364486,2.471294559099441,-8.7902197927443,-32.21816050366267,15.902258755082817,-29.761911444421408,6396,82,0.95,0.1391300741823388,val,-8.5502197927443,direccional,False,False,False
ES,todo,vwap,h1,-0.014885589922657216,0.03820171265461465,2.4690875870731857,-2.430885874418571,-2.580445056085159,-2.274860546238893,-0.11145135010619327,26271,96,0.025,0.011791251854219774,disc,-2.190885874418571,direccional,-0.015005427499275907,0.1392234889223489,2.496205145856626,-2.3569816569342774,-2.6032280835268726,-2.0486176835570915,-0.11069531957043206,23242,85,0.02,0.012830154236066628,val,-2.1169816569342776,direccional,False,False,False
ES,todo,vwap,h5,-0.0009876716543563806,-0.18535141329258975,2.4705963250181338,-2.6559477383107235,-2.9578703770208024,-2.3397573962829576,-0.4883938646782761,26177,96,0.86,0.011770956544778012,disc,-2.4159477383107237,direccional,-0.008675929318946132,0.18053756476683938,2.4998402210994395,-2.3193026563326002,-2.760847862446356,-1.7900706127029757,-0.2623569432316615,23157,85,0.155,0.011138658372868773,val,-2.0793026563326,direccional,False,False,False
ES,todo,vwap,h15,0.0049635231925657846,0.6336347893015202,2.4701558591494965,-1.8365210698479764,-2.6723705919989778,-1.0061731865504528,-0.19881826938063749,25985,96,0.54,0.01877742953813114,disc,-1.5965210698479764,direccional,-0.00714763731667191,-0.7286320139190953,2.4994910166615787,-3.228123030580674,-4.819664241387818,-1.8358372685789826,-2.312844964890228,22987,85,0.385,0.017432561816575074,val,-2.988123030580674,direccional,False,False,False
ES,todo,vwap,h60,-0.0007735598411962166,-1.2077611940298507,2.468627841248346,-3.6763890352781967,-6.432977252929016,-0.8732443728200424,-3.96247515974642,25121,96,0.96,0.03466795673232869,disc,-3.4363890352781965,direccional,-0.003683609847394621,0.8291338582677166,2.4977409774097623,-1.6686071191420457,-5.944623630093781,3.3779524551645492,-3.4371237228820024,22222,85,0.91,0.03857956615532019,val,-1.4286071191420457,direccional,False,False,False
ES,todo,vwap,h240,-0.0059997844510738555,1.5790445418878374,2.4686822063235527,-0.8896376644357153,-9.83221131015491,8.38148287963532,-7.35740575380772,21665,96,0.865,0.06821149791939556,disc,-0.6496376644357154,direccional,-0.006791582040941873,4.384555178711192,2.4989980169084536,1.8855571618027387,-14.75621126649157,21.441465509792,-12.241899650147364,19162,85,0.79,0.07362851416058978,val,2.125557161802739,direccional,False,False,False
ES,todo,vwap,cierre,-0.05855636724974338,6.195554789800138,2.4157154673283743,3.7798393224717635,-14.087338562181445,21.946254824862937,-11.671247440041933,7254,93,0.34,0.12531684579016686,disc,4.019839322471763,direccional,-0.03279279841260541,-3.2380859375,2.471294559099441,-5.709380496599441,-36.25789035678735,26.876384096915004,-33.82914973765038,6396,82,0.555,0.1322966254446253,val,-5.469380496599441,direccional,False,False,False
ES,todo,ofi5,h1,0.0040589977365217845,0.01992127496159754,2.465939552210134,-2.4460182772485366,-2.5200922078976142,-2.3731501176641796,-0.052418762401823256,26039,96,0.51,0.012103365587573838,disc,-2.2060182772485364,direccional,0.02726026436046717,0.21588209889872598,2.4952401520386887,-2.279358053139963,-2.3995512723807977,-2.153073407481036,0.09296417694018749,23152,85,0.0,0.012366579023824176,val,-2.0393580531399627,direccional,False,False,False
ES,todo,ofi5,h5,-0.003928683386942446,-0.08795761078998074,2.467679025668684,-2.5556366364586647,-2.6946554923652646,-2.400940743977679,-0.2275804586601639,25946,96,0.505,0.009956951574207682,disc,-2.315636636458665,direccional,-0.00366601312435999,-0.018422193324664066,2.498833932983645,-2.517256126308309,-2.717795591341502,-2.3304066444418883,-0.21473975527794978,23069,85,0.555,0.011379658709228812,val,-2.277256126308309,direccional,False,False,False
ES,todo,ofi5,h15,-0.004497901108586233,-0.025621118012422357,2.467629474338058,-2.49325059235048,-2.769292811010735,-2.198012383472269,-0.29988591422679656,25758,96,0.445,0.01116185720909426,disc,-2.25325059235048,direccional,-0.006578069553528,-0.04616895874263261,2.49864198069952,-2.5448109394421525,-2.900185309523171,-2.17535353949861,-0.4088569745002439,22901,85,0.46,0.014304492238547418,val,-2.3048109394421523,direccional,False,False,False
ES,todo,ofi5,h60,-0.009532929258429006,0.1197289156626506,2.4659142030848202,-2.34618528742217,-3.0336769806947927,-1.6667008828627006,-0.5621649805787242,24896,96,0.14,0.013241152247390404,disc,-2.1061852874221696,direccional,0.001784061936241633,-0.10713563474537433,2.496982563917234,-2.6041181986626083,-3.484615713268968,-1.6924587674481013,-0.9894004062043309,22138,85,0.805,0.014015875188207561,val,-2.3641181986626085,direccional,False,False,False
ES,todo,ofi5,h240,-0.005240684799016017,0.5437266791044776,2.4655783582089454,-1.921851679104468,-3.4235511571060986,-0.3513844659945061,-0.960395106258737,21440,96,0.55,0.01568392652645745,disc,-1.681851679104468,direccional,0.020303673232729646,-2.970322327044025,2.4985428241953973,-5.468865151239422,-7.933764569281818,-3.1919385934828366,-5.438590682809862,19078,85,0.015,0.0186763610984816,val,-5.228865151239422,direccional,False,False,False
ES,todo,ofi5,cierre,0.004997818104099031,1.4496898690558235,2.4157154673283743,-0.9660255982725507,-4.493527579085914,3.603226209397016,-2.0771952107374125,7254,93,0.765,0.025862327055479042,disc,-0.7260255982725508,direccional,-0.017581671526369066,-1.2355468750000003,2.471294559099441,-3.706841434099441,-8.388057640686874,0.8934606676258269,-5.935047947128397,6396,82,0.415,0.0365351479013199,val,-3.4668414340994413,direccional,False,False,False
ES,todo,ofi60,h1,-0.01735861269491139,0.12360055977608957,2.463974410235894,-2.3403738504598044,-2.4423211053828227,-2.2257951557561655,0.021344439854194548,25010,96,0.0,0.011316904925266047,disc,-2.100373850459804,direccional,-0.00018096710825153182,-0.06962879640044994,2.4904427645788223,-2.560071560979272,-2.6713922193364015,-2.4474384806873615,-0.18383442443555875,22224,85,0.995,0.011315677730221243,val,-2.3200715609792724,direccional,True,False,False
ES,todo,ofi60,h5,-0.009747565072417367,0.035764446227929375,2.465821159094545,-2.430056712866616,-2.594273308158296,-2.2506110206534666,-0.12843442218924842,24916,96,0.105,0.011060573527272573,disc,-2.1900567128666157,direccional,-0.0005433969528416533,-0.05600722673893405,2.493726003884535,-2.549733230623469,-2.758775848367952,-2.3239590784573,-0.26248468441035583,22139,85,0.97,0.011867229344373741,val,-2.3097332306234692,direccional,False,False,False
ES,todo,ofi60,h15,-0.013415736392715876,-0.021435793731041458,2.465361591975397,-2.4867973857064385,-2.9619602305899035,-1.9289079276064103,-0.49291154654621755,24724,96,0.2,0.02090109755010501,disc,-2.2467973857064383,direccional,-0.0010254363816920994,0.03937187073281748,2.4936319359096792,-2.454260065176862,-3.2542855010101315,-1.627871757516215,-0.7600639891900539,21969,85,0.94,0.021047205838720044,val,-2.2142600651768616,direccional,False,False,False
ES,todo,ofi60,h60,-0.011023529209998521,-0.036567476948868416,2.4638306789605915,-2.50039815590946,-4.291159066458228,-0.8369263018729413,-1.8279909450949805,23860,96,0.53,0.034150242165821014,disc,-2.26039815590946,direccional,0.01043276269163205,-0.005894836123555736,2.4933314468967995,-2.4992262830203553,-4.782128150780168,0.324410149472584,-2.293540183336191,21204,85,0.56,0.03563630305728607,val,-2.2592262830203556,direccional,False,False,False
ES,todo,ofi60,h240,-0.015276790552187105,0.48205096790002466,2.464448147422065,-1.9823971795220405,-7.119652736275214,3.026203335183692,-4.649535402428565,20404,96,0.54,0.04524698896335216,disc,-1.7423971795220405,direccional,0.07762665968274045,-7.922361532102508,2.49567901234567,-10.418040544448179,-17.436532358333054,-2.678495068764384,-14.94437789871042,18144,85,0.0,0.04694932010665393,val,-10.178040544448178,direccional,False,False,False
ES,todo,ofi60,cierre,-0.0018698613278244059,1.793935217091661,2.4157154673283743,-0.6217802502367133,-13.077961767442984,10.249913402736686,-10.663280212438845,7254,93,0.94,0.06899541967090775,disc,-0.38178025023671336,direccional,-0.050290291751372146,1.7826171875,2.471294559099441,-0.6886773715994408,-10.418109792092682,10.03612206218256,-7.918746909040772,6396,82,0.34,0.0942665057053209,val,-0.44867737159944077,direccional,False,False,False
ES,todo,zona,h1,-0.005857827324201551,0.069645463595168,2.4685989599265703,-2.3989534963314023,-2.5258875026763583,-2.2756782334790056,-0.05736824131680218,26152,96,0.32,0.011792874751242329,disc,-2.158953496331402,direccional,-0.004725050054434463,0.05519596555833178,2.4960958372834487,-2.440899871725117,-2.5912112909302962,-2.278204124780456,-0.09678728689529274,23206,85,0.445,0.01193817667845977,val,-2.2008998717251167,direccional,False,False,False
ES,todo,zona,h5,-0.006777190280553921,0.18781244455416285,2.4699593215135343,-2.2821468769593714,-2.5134197755512258,-2.012014243021904,-0.047483218155740914,26058,96,0.295,0.011255682022000836,disc,-2.0421468769593716,direccional,-0.0032833333792219683,0.2114136840817802,2.4998659227541946,-2.288452238672414,-2.550374964044107,-2.0086066281493937,-0.055252550017970394,23121,85,0.6,0.012601226376371325,val,-2.0484522386724144,direccional,False,False,False
ES,todo,zona,h15,-0.00011233461478366683,-0.03963209345380402,2.4696280831980078,-2.5092601766518117,-2.994660235479188,-2.0244305280095847,-0.5273174856437951,25866,96,1.0,0.016904490531934803,disc,-2.2692601766518115,direccional,-0.011987067426716626,0.6148276315314372,2.4994727898566382,-1.884645158325201,-2.4351545963478682,-1.21486296004451,0.05710397668248574,22951,85,0.125,0.013602053834334915,val,-1.644645158325201,direccional,False,False,False
ES,todo,zona,h60,0.017646167084294433,0.5157275793030511,2.4680745540356654,-1.9523469747326143,-2.9760384038051364,-0.9186276137949662,-0.508183687902646,25002,96,0.1,0.022894727699230556,disc,-1.7123469747326143,direccional,-0.007330699964709392,-0.6007461238744638,2.4977643559001055,-3.0985104797745695,-4.519000393898715,-1.5679206369205136,-2.0207362894357037,22186,85,0.39,0.016697672723767265,val,-2.8585104797745693,direccional,False,False,False
ES,todo,zona,h240,0.01310389489375495,0.940324325319621,2.4682725331848037,-1.5279482078651827,-4.3919783180535745,1.3624829906150522,-1.9236242516678455,21546,96,0.335,0.02520463766201845,disc,-1.2879482078651827,direccional,0.00019237543393991837,-0.05287924282080693,2.4989752169821076,-2.5518544598029145,-5.236779611536087,0.3826075218313835,-2.729086788791779,19126,85,0.995,0.02029967168991321,val,-2.3118544598029143,direccional,False,False,False
ES,todo,zona,cierre,0.007962600343350525,1.644790942432038,2.4157154673283743,-0.7709245248963363,-5.138033411067016,4.570913986802101,-2.7236723688833897,7254,93,0.765,0.05299830240727717,disc,-0.5309245248963363,direccional,-0.0029353734708217685,-0.20868322090518276,2.471294559099441,-2.6799777800046236,-7.778382918229817,2.4193263259808564,-5.318763624921496,6396,82,0.92,0.04176009599504351,val,-2.4399777800046234,direccional,False,False,False
ES,todo,gap,cierre,-0.053537505943897105,30.921052631578945,2.4,28.521052631578947,-33.015,96.85328161811948,-30.615000000000002,92,92,0.66,0.2029805777172054,disc,28.761052631578945,direccional,-0.13996190477019538,19.808823529411768,2.5219512195121947,17.28687230989957,-47.71096608231707,83.44692157859077,-45.190234375,82,82,0.22,0.20637591461530722,val,17.52687230989957,direccional,False,False,False
ES,todo,vol30,h1,0.4766965201467283,3.1129065823923905,2.465647482014376,0.6472591003780144,0.36666184078522823,0.8881491689058422,2.832260574290814,25576,96,,,disc,0.8872591003780144,no_direccional,0.482811286321357,3.633937157143447,2.492768540511997,1.1411686166314503,0.876787121273404,1.4008884259031347,3.367974855711894,22734,85,,,val,1.3811686166314503,no_direccional,False,False,False
ES,todo,vol30,h5,0.46538295712568056,5.943244779675375,2.467498626481426,3.475746153193949,2.9191891075132723,3.979924986251362,5.385412374222959,25482,96,,,disc,3.7157461531939493,no_direccional,0.49326454093072974,7.310846661295861,2.4966930107289382,4.814153650566923,4.33300831720474,5.334862412068941,6.819695068583835,22649,85,,,val,5.054153650566923,no_direccional,False,False,False
ES,todo,vol30,h15,0.44786376213496615,10.096133513968558,2.4673388691182168,7.628794644850341,6.736118130444047,8.566056917666057,9.200936059449711,25290,96,,,disc,7.868794644850341,no_direccional,0.47679267104984674,12.186303484743625,2.496267627563491,9.690035857180135,8.672285459137603,10.88267554318173,11.165923987463223,22479,85,,,val,9.930035857180135,no_direccional,False,False,False
ES,todo,vol30,h60,0.4276293519188616,20.040288409611854,2.4649717514124174,17.575316658199437,14.98810660896991,20.289815525690823,17.44582641509276,24426,96,,,disc,17.815316658199436,no_direccional,0.4531146216278562,22.694529027323345,2.4950999355254546,20.19942909179789,17.593186677458934,22.62724131144189,20.083870300596715,21714,85,,,val,20.439429091797887,no_direccional,False,False,False
ES,todo,vol30,h240,0.3761068659549217,35.56855597036888,2.4653791130185883,33.10317685735029,25.286319765311035,41.732409897400345,27.7469711672252,20970,96,,,disc,33.343176857350294,no_direccional,0.35998383776827914,34.693177324727856,2.497030127586566,32.196147197141286,25.527212556512186,39.00982951854604,28.025383483950552,18654,85,,,val,32.43614719714129,no_direccional,False,False,False
ES,todo,vol30,cierre,0.3407711241128742,39.866587211344196,2.4157154673283743,37.45087174401582,22.40341864068335,52.63758464616385,24.818172569550182,7254,93,,,disc,37.69087174401582,no_direccional,0.34733175560524954,36.4104932609371,2.471294559099441,33.93919870183766,22.212752335576077,46.040249757739154,24.645237482542935,6396,82,,,val,34.17919870183766,no_direccional,False,False,False
ES,todo,ap30,u30,-0.11602605733183842,3.078947368421053,2.421505376344086,0.6574419920769672,-14.596619623655913,15.227694405057306,-12.143125,93,93,0.26,0.1939463548514923,disc,0.8974419920769672,direccional,-0.11652615083509486,11.941176470588236,2.4609756097560975,9.480200860832138,-6.260270579268292,26.0704865764317,-3.753260103383459,82,82,0.275,0.21573382740026892,val,9.720200860832138,direccional,False,False,False
ES,todo,gap15,u30,0.1402250573462318,2.039473684210526,2.4217391304347826,-0.3822654462242565,-16.98358123569794,15.21309530279503,-14.561842105263155,92,92,0.135,0.19052845305322624,disc,-0.14226544622425652,direccional,-0.01666575965792907,3.058823529411765,2.4609756097560975,0.5978479196556674,-12.440241636054045,13.705411457265827,-10.003656270200388,82,82,0.85,0.21368430112886574,val,0.8378479196556674,direccional,False,False,False
ES,rth,mom5,h1,0.021438441097084655,0.20706310519728607,2.4276273022751935,-2.2205641970779073,-2.6524241578990444,-1.7872614763007952,-0.22216122966903093,7384,96,0.02,0.019620806639902837,disc,-1.9805641970779073,direccional,0.051450219123252885,0.7314980060804674,2.4640613026819964,-1.732563296601529,-2.2965201407974694,-1.174328113766523,0.1695366624851545,6525,85,0.0,0.025092210772317484,val,-1.492563296601529,direccional,False,False,False
ES,rth,mom5,h5,0.0020318195944013686,0.15262952045319808,2.4308901232895304,-2.2782606028363324,-3.050539939015807,-1.4818464169712815,-0.6172619837431121,7381,96,0.905,0.02411154715118612,disc,-2.038260602836332,direccional,0.012779501906246058,0.7789428560147555,2.4703771849126075,-1.691434328897852,-2.8232721410184602,-0.6213288375774162,-0.35393367127623937,6522,85,0.33,0.020927435351031587,val,-1.451434328897852,direccional,False,False,False
ES,rth,mom5,h15,0.019945327767545283,1.3116121714643305,2.4313220338983084,-1.1197098624339779,-2.675188672211531,0.4487532003386277,-0.2509460040576126,7375,96,0.06,0.022953810830248327,disc,-0.8797098624339779,direccional,-0.025120103949706523,-0.7398403172221627,2.468907305095154,-3.208747622317317,-4.907348282148652,-1.4330161349923871,-2.4341256788564856,6516,85,0.025,0.023726831032441872,val,-2.9687476223173173,direccional,False,False,False
ES,rth,mom5,h60,0.013598764671613592,1.6717095356969498,2.4300762112139394,-0.7583666755169896,-3.466148165958471,2.3012300264322034,-1.0281284391085306,7348,96,0.335,0.024574939877645106,disc,-0.5183666755169896,direccional,-0.014916052491685965,-0.8692336133125607,2.464108491292961,-3.3333421046055216,-5.978857623591155,-0.6905635203836457,-3.51739859244009,6489,85,0.24,0.024932597274326163,val,-3.0933421046055214,direccional,False,False,False
ES,rth,mom5,h240,0.03460425572180769,4.463301790598169,2.436999234498597,2.0263025560995716,-3.9302965305563515,7.814778084825381,-1.495680846721253,3919,93,0.12,0.03720293330775981,disc,2.2663025560995713,direccional,0.004952421333027545,-3.1642073073551678,2.46952491309386,-5.633732220449028,-11.79155402057071,0.9375985949718296,-9.331098684143793,3452,82,0.79,0.030879653616715443,val,-5.393732220449028,direccional,False,False,False
ES,rth,mom5,cierre,0.0036962529588805693,0.31019951353592123,2.4157154673283743,-2.105515953792453,-5.7446219708638155,1.286498153628316,-3.3253636306377303,7254,93,0.78,0.024947318963381895,disc,-1.865515953792453,direccional,-0.009369038613958441,-1.5389217178465784,2.471294559099441,-4.01021627694602,-8.402299535051913,0.7682086913290986,-5.921835461954526,6396,82,0.465,0.024972737946610982,val,-3.7702162769460195,direccional,False,False,False
ES,rth,mom15,h1,0.046043091763573914,0.6731789543495081,2.4276273022751935,-1.7544483479256854,-2.229657486956349,-1.2977561379675477,0.2057153609363567,7384,96,0.0,0.022422846986038504,disc,-1.5144483479256854,direccional,0.022299517071985055,-0.01654563723139458,2.4640613026819964,-2.480606939913391,-2.9362245941228986,-2.015231006734355,-0.47250060510746456,6525,85,0.135,0.030474737729562128,val,-2.240606939913391,direccional,True,False,False
ES,rth,mom15,h5,0.023744567326011885,0.47014883474483343,2.4308901232895304,-1.9607412885446969,-2.8368621768154205,-1.0354473716774468,-0.4094089363174254,7381,96,0.03,0.02322252485643279,disc,-1.7207412885446969,direccional,0.0026539799370811283,-0.5856924082574044,2.4703771849126075,-3.0560695931700117,-4.010687305932136,-2.119086819266788,-1.540684981127703,6522,85,0.9,0.02565812523039391,val,-2.8160695931700115,direccional,False,False,False
ES,rth,mom15,h15,0.039324718057563664,1.9710685034030337,2.4313220338983084,-0.4602535304952746,-2.4679660142610196,1.4612960429035566,-0.028812555325564364,7375,96,0.005,0.02988637704251676,disc,-0.22025353049527463,direccional,-0.027503264846723684,-1.8614555502272156,2.468907305095154,-4.33036285532237,-6.590829250485495,-1.9955466015119647,-4.119961009727527,6516,85,0.15,0.034259590400155596,val,-4.09036285532237,direccional,True,False,False
ES,rth,mom15,h60,0.012992708227890072,2.242225217295632,2.4300762112139394,-0.18785099391830729,-4.124612202195388,4.1265814960882725,-1.6957199415204536,7348,96,0.55,0.038985345166505314,disc,0.052149006081692706,direccional,-0.014082782042042262,-1.1670811163489043,2.464108491292961,-3.6311896076418653,-7.573830364122071,0.6819619798578119,-5.103017218723497,6489,85,0.57,0.04131100288590138,val,-3.3911896076418655,direccional,False,False,False
ES,rth,mom15,h240,0.06704968990386465,9.67284070213508,2.436999234498597,7.235841467636483,-3.1589113186537072,17.71733663866796,-0.7250665315926429,3919,93,0.05,0.06224753623704333,disc,7.475841467636483,direccional,0.01624984828808279,-1.1035592851367322,2.46952491309386,-3.573084198230592,-13.704069949112437,5.511056733441046,-11.23305552767249,3452,82,0.63,0.052481856505022385,val,-3.3330841982305923,direccional,False,False,False
ES,rth,mom15,cierre,0.00814665033585983,1.2073778218760394,2.4157154673283743,-1.208337645452335,-7.344062475553757,4.7960901084192695,-4.922291728379782,7254,93,0.755,0.03902340627324612,disc,-0.9683376454523349,direccional,-0.014983605580948953,-0.8471996357722821,2.471294559099441,-3.318494194871723,-10.168470545498021,3.3413365767946877,-7.707733366010839,6396,82,0.465,0.03961087738759727,val,-3.0784941948717233,direccional,False,False,False
ES,rth,mom60,h1,0.014115662002745652,0.3421284387394351,2.4276273022751935,-2.0854988635357583,-2.4862490349642234,-1.7175678083634554,-0.056235266971489124,7384,96,0.305,0.02572786955626359,disc,-1.8454988635357583,direccional,0.0015711441383752247,0.16420894537625447,2.4640613026819964,-2.299852357305742,-2.708220516967184,-1.8956054524028667,-0.24251042641534185,6525,85,0.955,0.02376833696998375,val,-2.0598523573057417,direccional,False,False,False
ES,rth,mom60,h5,0.018212298085779566,0.5412336469238024,2.4308901232895304,-1.889656476365728,-2.583145206463255,-1.1993445944094931,-0.14880064187881442,7381,96,0.065,0.02170793126091972,disc,-1.649656476365728,direccional,0.005222621908362598,0.6136863214918221,2.4703771849126075,-1.8566908634207855,-2.696902412209324,-1.0170855079688463,-0.22075622620471225,6522,85,0.71,0.023284930529878095,val,-1.6166908634207855,direccional,False,False,False
ES,rth,mom60,h15,0.03102525294826308,1.0524808840753124,2.4313220338983084,-1.378841149822996,-3.2851311919923885,0.47285532470106983,-0.8552205188679246,7375,96,0.135,0.03951931225344958,disc,-1.138841149822996,direccional,0.0013002565512138281,0.2541749300316942,2.468907305095154,-2.21473237506346,-4.920258932094779,0.0206833332790261,-2.4564314305600914,6516,85,0.95,0.03821823544482351,val,-1.97473237506346,direccional,False,False,False
ES,rth,mom60,h60,0.027060488869160796,1.6508181516204186,2.4300762112139394,-0.7792580595935208,-7.8282090887841065,5.540925961625097,-5.400569339442795,7348,96,0.39,0.06014441346503569,disc,-0.5392580595935208,direccional,0.012128283721544933,1.8719777265745008,2.464108491292961,-0.5921307647184602,-7.422842583313081,5.9408782295023945,-4.955745702589098,6489,85,0.705,0.0587449004246691,val,-0.35213076471846017,direccional,False,False,False
ES,rth,mom60,h240,0.08696719830482467,3.244607727327872,2.436999234498597,0.8076084928292748,-16.705865690668077,17.468598057844318,-14.268066457044212,3919,93,0.095,0.10985184120939598,disc,1.0476084928292748,direccional,0.03485973560550993,1.647712082314755,2.46952491309386,-0.8218128307791048,-19.24744400522696,18.661118154263868,-16.786509255116083,3452,82,0.565,0.09301103574231041,val,-0.5818128307791048,direccional,False,False,False
ES,rth,mom60,cierre,-0.006752212704874468,3.2705394764157028,2.4157154673283743,0.8548240090873285,-9.731743699069519,12.15968123328029,-7.315593988564966,7254,93,0.875,0.07139549445318677,disc,1.0948240090873285,direccional,-0.020577477036882088,1.0464353536595976,2.471294559099441,-1.4248592054398432,-15.536013998697117,11.833564623562363,-13.092496898825624,6396,82,0.46,0.0672438895241574,val,-1.1848592054398432,direccional,False,False,False
ES,rth,mom240,h1,-0.006438109174627211,-0.09312693178355318,2.4276273022751935,-2.5207542340587468,-2.911567902748751,-2.0656314711892274,-0.4832899282258504,7384,96,0.68,0.025021005065850893,disc,-2.2807542340587466,direccional,0.0019065498310527594,-0.07358400492098813,2.4640613026819964,-2.5376453076029843,-2.913000802229749,-2.1558610129579585,-0.44763455439923105,6525,85,0.85,0.02679012656269007,val,-2.297645307602984,direccional,False,False,False
ES,rth,mom240,h5,0.016440763289743775,0.6626051597666622,2.4308901232895304,-1.7682849635228681,-2.4804818703027824,-1.1070239210100774,-0.04724285012541923,7381,96,0.11,0.022622384349439258,disc,-1.5282849635228681,direccional,0.010046544762422024,-0.18728628980721657,2.4703771849126075,-2.6576634747198242,-3.567604132223516,-1.9322000702698823,-1.0955116870923887,6522,85,0.325,0.02017195738782554,val,-2.4176634747198245,direccional,False,False,False
ES,rth,mom240,h15,0.03624894931641536,1.672680363284141,2.4313220338983084,-0.7586416706141674,-2.681574062768235,0.91101674472874,-0.2530803008583201,7375,96,0.055,0.0410960137469447,disc,-0.5186416706141674,direccional,0.019587566934327005,-0.2241896156178344,2.468907305095154,-2.6930969207129887,-4.820946944240537,-0.7647751498845682,-2.359495538724881,6516,85,0.195,0.03158350389384894,val,-2.453096920712989,direccional,False,False,False
ES,rth,mom240,h60,0.038921370308129276,2.3292675476672775,2.4300762112139394,-0.10080866354666185,-7.214755865177958,6.023023451971631,-4.777615665519272,7348,96,0.265,0.06871683754768418,disc,0.13919133645333814,direccional,0.03341068496795008,1.5450700357285752,2.464108491292961,-0.9190384555643858,-8.708406251657618,5.403681231021121,-6.2323311062642865,6489,85,0.44,0.07278599440624076,val,-0.6790384555643858,direccional,False,False,False
ES,rth,mom240,h240,0.12945345763053148,8.802274389054984,2.436999234498597,6.365275154556388,-22.020682123270156,31.10589055741412,-19.577684496266663,3919,93,0.05,0.13630286864923266,disc,6.605275154556388,direccional,0.08453896144166988,14.039408413708875,2.46952491309386,11.569883500615015,-14.442848880819529,37.26973871961058,-11.971257971728619,3452,82,0.23,0.13736661878836512,val,11.809883500615015,direccional,False,False,False
ES,rth,mom240,cierre,-0.025357420366751513,4.483408681201059,2.4157154673283743,2.0676932138726847,-16.22532165803922,22.0498522348105,-13.810550497300312,7254,93,0.67,0.113532799938521,disc,2.3076932138726844,direccional,0.0025696958513857235,-6.31892523364486,2.471294559099441,-8.7902197927443,-34.39651896099897,17.027947772590153,-31.932791631417974,6396,82,0.98,0.14341214832541932,val,-8.5502197927443,direccional,False,False,False
ES,rth,vwap,h1,-0.004795089338820423,-0.07650643195666892,2.4276273022751935,-2.5041337342318624,-2.8743203368102126,-2.121060204712464,-0.4448805293743546,7384,96,0.72,0.023396502588195155,disc,-2.264133734231862,direccional,-0.003798886175729471,0.010536398467432956,2.4640613026819964,-2.4535249042145635,-2.8429864548209207,-2.0464089586330116,-0.38544628335996056,6525,85,0.745,0.02282401123645389,val,-2.2135249042145633,direccional,False,False,False
ES,rth,vwap,h5,0.014779948129651915,0.6184834123222749,2.4308901232895304,-1.8124067109672555,-2.5810503123408175,-1.0489131494878887,-0.1446226764808425,7381,96,0.185,0.022295666195749353,disc,-1.5724067109672555,direccional,-0.0014500541533212872,0.06724137931034482,2.4703771849126075,-2.4031358056022625,-3.398057646953535,-1.6345221745811886,-0.9282524075848118,6522,85,0.9,0.02094902336792597,val,-2.1631358056022627,direccional,False,False,False
ES,rth,vwap,h15,0.02488872720937547,1.2833898305084745,2.4313220338983084,-1.1479322033898338,-3.275223832757472,0.8390044562429885,-0.8467939978759574,7375,96,0.105,0.032021258462231465,disc,-0.9079322033898338,direccional,-0.005627343404494945,-0.36503067484662577,2.468907305095154,-2.83393797994178,-5.281487813119504,-0.6001578449083153,-2.815769205973124,6516,85,0.72,0.033197285347407374,val,-2.5939379799417797,direccional,False,False,False
ES,rth,vwap,h60,0.015654140354070485,1.7025510204081633,2.4300762112139394,-0.727525190805776,-7.971389866945978,5.697862289923372,-5.541955227266966,7348,96,0.685,0.06923321295066967,disc,-0.48752519080577605,direccional,-0.0003866113603736287,0.2627118644067797,2.464108491292961,-2.201396626886181,-10.218289406904477,4.948311470215742,-7.7547598290507365,6489,85,0.98,0.06525768241837335,val,-1.961396626886181,direccional,False,False,False
ES,rth,vwap,h240,0.08756570780220144,5.739477040816326,2.436999234498597,3.302477806317729,-19.568798203102308,25.003966382456923,-17.13009786954292,3919,93,0.175,0.1331886493891536,disc,3.542477806317729,direccional,0.07054523516540472,10.23082489146165,2.46952491309386,7.76129997836779,-23.478897601408985,34.054900677091325,-21.014869100805555,3452,82,0.345,0.13756209322406965,val,8.00129997836779,direccional,False,False,False
ES,rth,vwap,cierre,-0.05855636724974338,6.195554789800138,2.4157154673283743,3.7798393224717635,-15.597583871382664,22.766158905004307,-13.182643838297466,7254,93,0.34,0.12499753639191544,disc,4.019839322471763,direccional,-0.03279279841260541,-3.2380859375,2.471294559099441,-5.709380496599441,-34.51610536874266,24.293694955800355,-32.04501406167574,6396,82,0.585,0.14109593971292891,val,-5.469380496599441,direccional,False,False,False
ES,rth,ofi5,h1,0.022092199932219128,0.12982396750169262,2.4276273022751935,-2.297803334773501,-2.614814149496404,-1.9690143441277692,-0.18030556939284736,7384,96,0.02,0.01876659195595944,disc,-2.057803334773501,direccional,0.040070128759567496,0.35421455938697316,2.4640613026819964,-2.1098467432950234,-2.479458050373359,-1.7180280271224393,-0.01943282367824058,6525,85,0.0,0.025270576177015495,val,-1.8698467432950234,direccional,False,False,False
ES,rth,ofi5,h5,0.0060889046946767415,0.17823290453622206,2.4308901232895304,-2.2526572187533085,-2.8756856349688333,-1.655919711672589,-0.44211752893373324,7381,96,0.67,0.02454922005070094,disc,-2.0126572187533087,direccional,0.008488929853680006,0.15478927203065135,2.4703771849126075,-2.315587912881956,-3.1184703946012453,-1.561026726454479,-0.6558563113255825,6522,85,0.54,0.02221712201136163,val,-2.0755879128819563,direccional,False,False,False
ES,rth,ofi5,h15,0.025992612876227363,1.3210169491525425,2.4313220338983084,-1.1103050847457658,-2.160189789687569,0.10585166485030534,0.2725684032945,7375,96,0.045,0.023389772012481727,disc,-0.8703050847457658,direccional,-0.0026616559074339944,0.28259202453987736,2.468907305095154,-2.186315280555277,-3.6427216418428685,-0.6775032143212423,-1.1708574459046264,6516,85,0.86,0.025385380849944406,val,-1.9463152805552768,direccional,False,False,False
ES,rth,ofi5,h60,0.007150183930034395,0.9920068027210884,2.4300762112139394,-1.438069408492851,-3.4227430443550046,0.9720954890337501,-0.9910508284942723,7348,96,0.715,0.032124424086047175,disc,-1.198069408492851,direccional,0.001504265600764159,0.27234206471494615,2.464108491292961,-2.191766426578015,-5.071082556867727,0.5598143962694695,-2.6094777034101795,6489,85,0.905,0.02456156241789163,val,-1.951766426578015,direccional,False,False,False
ES,rth,ofi5,h240,0.042786475009566984,4.9272959183673475,2.436999234498597,2.4902966838687504,-3.207441471473914,8.998623677954988,-0.771454863288337,3919,93,0.065,0.037956570930675095,disc,2.73029668386875,direccional,-0.001792392897735067,-0.08357452966714884,2.46952491309386,-2.5530994427610088,-9.033245147119224,3.9309955068750284,-6.5633756139513295,3452,82,0.975,0.039774281894669,val,-2.3130994427610085,direccional,False,False,False
ES,rth,ofi5,cierre,0.004997818104099031,1.4496898690558235,2.4157154673283743,-0.9660255982725507,-4.598544613881284,3.5286955721994984,-2.1848969712013804,7254,93,0.755,0.028139028025627143,disc,-0.7260255982725508,direccional,-0.017581671526369066,-1.2355468750000003,2.471294559099441,-3.706841434099441,-8.773840823337986,1.368175287621844,-6.29149096463399,6396,82,0.415,0.036523819824806986,val,-3.4668414340994413,direccional,False,False,False
ES,rth,ofi60,h1,0.015191479738788791,0.10223425863236289,2.4276273022751935,-2.3253930436428307,-2.6766833848174785,-1.9625623276977933,-0.25055099426555844,7384,96,0.29,0.02892639873748726,disc,-2.0853930436428305,direccional,0.013022903333475458,0.42950191570881224,2.4640613026819964,-2.034559386973184,-2.4704080102552646,-1.6273547781730455,-0.007570289478373702,6525,85,0.3,0.022804627675600223,val,-1.794559386973184,direccional,False,False,False
ES,rth,ofi60,h5,0.005406157654212026,0.35138794854434663,2.4308901232895304,-2.079502174745184,-2.6068434290751017,-1.4747980242893917,-0.1768739106151271,7381,96,0.6,0.024901718038158254,disc,-1.8395021747451838,direccional,0.012188163838160853,0.2931034482758621,2.4703771849126075,-2.1772737366367454,-3.055192210213219,-1.4053291533880488,-0.5816893880929744,6522,85,0.31,0.02086399436231284,val,-1.9372737366367454,direccional,False,False,False
ES,rth,ofi60,h15,0.011834042998231386,0.4754237288135593,2.4313220338983084,-1.955898305084749,-3.470186624912068,-0.4807381496086882,-1.0365233265850695,7375,96,0.635,0.03967312707415449,disc,-1.715898305084749,direccional,0.00010551416759922093,0.482553680981595,2.468907305095154,-1.9863536241135593,-4.22929882070425,0.028931832686870513,-1.7515842762564076,6516,85,0.985,0.035166833518111895,val,-1.7463536241135593,direccional,False,False,False
ES,rth,ofi60,h60,0.040299935002977384,1.3149659863945578,2.4300762112139394,-1.1151102248193816,-6.688978084792005,4.536881748475638,-4.254614597393335,7348,96,0.23,0.06740297526188578,disc,-0.8751102248193816,direccional,-0.015979002140184797,-0.6612095531587054,2.464108491292961,-3.1253180444516664,-8.713763037370287,2.25897547155275,-6.255364526578676,6489,85,0.65,0.06246661689948906,val,-2.885318044451666,direccional,False,False,False
ES,rth,ofi60,h240,0.10771096127592548,8.935267857142858,2.436999234498597,6.498268622644261,-8.765187958654174,25.091932402432327,-6.329579046884245,3919,93,0.05,0.10302610814488336,disc,6.738268622644261,direccional,0.0060689521897028505,-1.0763386396526775,2.46952491309386,-3.545863552746537,-17.881634849552626,10.866143845356687,-15.405750373363295,3452,82,0.92,0.104332540280915,val,-3.305863552746537,direccional,False,False,False
ES,rth,ofi60,cierre,-0.0018698613278244059,1.793935217091661,2.4157154673283743,-0.6217802502367133,-12.331692549267412,10.01944445322906,-9.917093707249212,7254,93,0.92,0.07192500839073648,disc,-0.38178025023671336,direccional,-0.050290291751372146,1.7826171875,2.471294559099441,-0.6886773715994408,-10.877656589973919,9.577314308141785,-8.406730701063621,6396,82,0.325,0.09384894703051681,val,-0.44867737159944077,direccional,False,False,False
ES,rth,zona,h1,-0.004749059281812595,0.09626584213924094,2.4276273022751935,-2.3313614601359527,-2.596959835267888,-2.0613760922707636,-0.16623532530288998,7384,96,0.68,0.02338787397374975,disc,-2.0913614601359525,direccional,0.006014389452899339,-0.15217040898270984,2.4640613026819964,-2.6162317116647062,-3.002143020814516,-2.240234431497938,-0.5388284364402353,6525,85,0.615,0.02205089759415527,val,-2.3762317116647065,direccional,False,False,False
ES,rth,zona,h5,-0.0037429210232046693,0.06651712904760287,2.4308901232895304,-2.3643729942419274,-2.8888819270902375,-1.8124801321009183,-0.4595256443880596,7381,96,0.73,0.023793702935251446,disc,-2.124372994241927,direccional,0.0036993283008093657,-0.01138165866969082,2.4703771849126075,-2.4817588435822984,-3.1233105734217763,-1.8122237451010919,-0.6465691003418624,6522,85,0.695,0.023146769550169557,val,-2.241758843582298,direccional,False,False,False
ES,rth,zona,h15,0.004235779339420983,-0.07989731823903651,2.4313220338983084,-2.5112193521373447,-3.710885310495095,-1.3618004944194764,-1.2819011321758689,7375,96,0.775,0.030047023067505382,disc,-2.2712193521373445,direccional,-0.0060893062864483686,-0.07328940085789404,2.468907305095154,-2.542196705953048,-3.600327749709065,-1.5253245730829146,-1.1353413021070173,6516,85,0.79,0.029064666095372334,val,-2.3021967059530484,direccional,False,False,False
ES,rth,zona,h60,0.01615455293237671,0.7573061727762987,2.4300762112139394,-1.6727700384376405,-3.8620805358404557,0.4055375532605788,-1.4291367906487895,7348,96,0.535,0.041131760178260285,disc,-1.4327700384376405,direccional,-0.007551047543173395,-1.0049667927259145,2.464108491292961,-3.469075284018875,-6.653645955708465,-0.5873098523017856,-4.185909851918128,6489,85,0.615,0.03572044346187207,val,-3.229075284018875,direccional,False,False,False
ES,rth,zona,h240,0.011658651460823542,1.5408241652190697,2.436999234498597,-0.8961750692795274,-8.045743508392308,5.783654218801386,-5.607397413665422,3919,93,0.745,0.06042304089106443,disc,-0.6561750692795274,direccional,-0.002554766555697049,0.33777806098328034,2.46952491309386,-2.1317468521105796,-9.544134455015097,5.20912863673465,-7.069005087723005,3452,82,0.935,0.04047634757973647,val,-1.8917468521105796,direccional,False,False,False
ES,rth,zona,cierre,0.007962600343350525,1.644790942432038,2.4157154673283743,-0.7709245248963363,-5.835722489192589,4.402925250537958,-3.4183079592780556,7254,93,0.805,0.05246531878351937,disc,-0.5309245248963363,direccional,-0.0029353734708217685,-0.20868322090518276,2.471294559099441,-2.6799777800046236,-7.859034492372251,2.634866892504394,-5.387516776422032,6396,82,0.935,0.04325602212775847,val,-2.4399777800046234,direccional,False,False,False
ES,rth,gap,cierre,-0.053537505943897105,30.921052631578945,2.4,28.521052631578947,-35.845915178571424,93.8940175585284,-33.445915178571425,92,92,0.7,0.19514021481602195,disc,28.761052631578945,direccional,-0.13996190477019538,19.808823529411768,2.5219512195121947,17.28687230989957,-48.046761699090204,81.63686483739835,-45.47724950396826,82,82,0.24,0.21101915595227852,val,17.52687230989957,direccional,False,False,False
ES,rth,vol30,h1,0.40578826332847695,3.929425906519935,2.4276273022751935,1.5017986042447413,0.9467750312540774,1.964096963355174,3.372136029186849,7384,96,,,disc,1.7417986042447413,no_direccional,0.3646695602545333,3.6287675846524516,2.4640613026819964,1.1647062819704552,0.6976512169410094,1.582866096310706,3.1577123362823554,6525,85,,,val,1.4047062819704552,no_direccional,False,False,False
ES,rth,vol30,h5,0.40624961464911835,7.626139410187667,2.4308901232895304,5.195249286898137,4.153327508880472,6.1872612378751715,6.593773452237585,7381,96,,,disc,5.435249286898137,no_direccional,0.3915909649849946,7.676143412320363,2.4703771849126075,5.205766227407755,4.492062129304688,5.859060922267843,6.961038904191134,6522,85,,,val,5.445766227407756,no_direccional,False,False,False
ES,rth,vol30,h15,0.41422733485435614,13.023563792371196,2.4313220338983084,10.592241758472888,8.89365257916983,12.531421595570366,11.324284295810466,7375,96,,,disc,10.832241758472888,no_direccional,0.39267844798789897,13.411391776283477,2.468907305095154,10.942484471188322,9.66438557179076,12.062566556157952,12.1484165915479,6516,85,,,val,11.182484471188323,no_direccional,False,False,False
ES,rth,vol30,h60,0.37693239622923597,24.97830371876894,2.4300762112139394,22.548227507555,17.253758654652646,28.26176897880828,19.682647442666628,7348,96,,,disc,22.788227507555,no_direccional,0.3527173309960819,21.881625040839292,2.464108491292961,19.41751654954633,15.650102577597487,22.99107207700337,18.112006455653567,6489,85,,,val,19.65751654954633,no_direccional,False,False,False
ES,rth,vol30,h240,0.2896479369166286,43.43928642905227,2.436999234498597,41.002287194553666,21.903470895485494,61.22833786588695,24.333942512524562,3919,93,,,disc,41.24228719455367,no_direccional,0.2723176183289427,28.788847952416212,2.46952491309386,26.319323039322352,14.762192970102692,38.11583532342393,17.226404199411235,3452,82,,,val,26.55932303932235,no_direccional,False,False,False
ES,rth,vol30,cierre,0.3407711241128742,39.866587211344196,2.4157154673283743,37.45087174401582,22.71731266123862,53.15943246336933,25.130819002567545,7254,93,,,disc,37.69087174401582,no_direccional,0.34733175560524954,36.4104932609371,2.471294559099441,33.93919870183766,22.69327112043258,45.69281839415111,25.17358694282158,6396,82,,,val,34.17919870183766,no_direccional,False,False,False
ES,rth,ap30,u30,-0.11602605733183842,3.078947368421053,2.421505376344086,0.6574419920769672,-13.729511576978911,15.650055077209148,-11.307566742944317,93,93,0.295,0.19793321052182106,disc,0.8974419920769672,direccional,-0.11652615083509486,11.941176470588236,2.4609756097560975,9.480200860832138,-7.0774711008975695,25.04575420347857,-4.639666222848789,82,82,0.325,0.23448085434603858,val,9.720200860832138,direccional,False,False,False
ES,rth,gap15,u30,0.1402250573462318,2.039473684210526,2.4217391304347826,-0.3822654462242565,-17.050932971014493,14.650983901205583,-14.639791666666667,92,92,0.17,0.1985558068545474,disc,-0.14226544622425652,direccional,-0.01666575965792907,3.058823529411765,2.4609756097560975,0.5978479196556674,-13.246939802597868,13.027063008130074,-10.762793461134454,82,82,0.86,0.24581431983731,val,0.8378479196556674,direccional,False,False,False
ES,eth,mom5,h1,-0.009297674228546715,0.036525748265066355,2.4837102868394356,-2.447184538574369,-2.5478418736672874,-2.3524697948810505,-0.06532950940766774,18791,96,0.23,0.015584974733289758,disc,-2.207184538574369,direccional,0.0476419229229957,-0.4113020205428086,2.5074305639052463,-2.9187325844480547,-3.136787865717659,-2.7130518055012467,-0.6253382245474801,16634,85,0.0,0.014703563350192654,val,-2.6787325844480545,direccional,False,False,False
ES,eth,mom5,h5,-0.010101613109422659,-0.05801722314191413,2.484866310160419,-2.542883533302333,-2.708998473165477,-2.382861704494373,-0.21933053292654628,18700,96,0.175,0.013716519717980876,disc,-2.3028835333023334,direccional,-0.012474393984272709,0.04523159950504644,2.5100169163847186,-2.4647853168796723,-2.8275907244458933,-2.103135240436319,-0.3182043104535325,16552,85,0.11,0.01596595756113129,val,-2.2247853168796725,direccional,False,False,False
ES,eth,mom5,h15,-0.01937502439105606,0.15977718956106662,2.4846386518310375,-2.324861462269971,-2.660354465643843,-2.0231621786553156,-0.18383642222507482,18514,96,0.0,0.012136553103624336,disc,-2.084861462269971,direccional,-0.009210664558684573,-0.02519389701207883,2.5104466682938646,-2.5356405653059433,-3.25285429851755,-1.920858826082533,-0.742669696112645,16388,85,0.29,0.016585899528390975,val,-2.295640565305943,direccional,True,False,False
ES,eth,mom5,h60,-0.008576905021102635,0.12030403346213422,2.4836114725349243,-2.36330743907279,-3.1143824594312854,-1.5680996771334292,-0.6273652936957351,17677,96,0.16,0.012338267172451275,disc,-2.12330743907279,direccional,-0.002057999753757974,0.20253257172415318,2.5106070287539857,-2.3080744570298326,-3.3407017484485553,-1.2566095578031315,-0.8372575300227377,15650,85,0.64,0.013505466814194629,val,-2.068074457029833,direccional,False,False,False
ES,eth,mom5,h240,-0.006760770668871639,0.7392580774292361,2.4748441926345532,-1.7355861152053171,-3.10763568137926,-0.35585403118730197,-0.6372081524247003,17650,96,0.335,0.013399055059296854,disc,-1.4955861152053171,direccional,0.0011557714596982455,0.1703524606954474,2.5049465668394366,-2.334594106143989,-4.673307307671291,-0.042480110768002725,-2.1633836388388135,15627,85,0.88,0.013653677163205431,val,-2.0945941061439894,direccional,False,False,False
ES,eth,mom15,h1,-0.024233595884763787,0.15346021653543904,2.482853916877243,-2.329393700341804,-2.4129592353680067,-2.2369538330397667,0.06881187710450115,18599,96,0.0,0.013788900579782118,disc,-2.0893937003418044,direccional,0.001953719251316501,-0.1309139343667329,2.5065354713313814,-2.6374494056981144,-2.830371991660114,-2.4358604406055515,-0.3155819192781789,16464,85,0.78,0.015763569785498706,val,-2.397449405698114,direccional,True,False,False
ES,eth,mom15,h5,-0.01934768211434364,0.10712709559766286,2.4839096606872615,-2.3767825650895986,-2.54127273207598,-2.2031856952976954,-0.058162190662433576,18508,96,0.02,0.0132475663383226,disc,-2.1367825650895984,direccional,-0.011728826167559915,-0.08224939305345699,2.5088389696007725,-2.5910883626542294,-2.9282136596027697,-2.2821887444560396,-0.42840220387142397,16382,85,0.165,0.016878095318440065,val,-2.351088362654229,direccional,False,False,False
ES,eth,mom15,h15,-0.028490814791215055,0.28897351635496193,2.483724484226605,-2.1947509678716433,-2.6718378947374157,-1.7272545386224245,-0.19193590806611405,18322,96,0.0,0.019784668573931914,disc,-1.9547509678716433,direccional,-0.010353267540190843,-0.2929522886769978,2.5093229744728007,-2.8022752631497987,-3.7075305184500915,-1.8798657188598997,-1.2083511467603052,16218,85,0.365,0.022004357125036917,val,-2.5622752631497985,direccional,True,False,False
ES,eth,mom15,h60,-0.016227390016125404,0.26343370323706894,2.482527881040885,-2.219094177803816,-3.4310521596453865,-0.9437012112681181,-0.9491139527301775,17485,96,0.17,0.02140452046192701,disc,-1.9790941778038158,direccional,0.00877622699928459,-0.5217128525405749,2.509560723514203,-3.0312735760547778,-5.334489935663598,-0.9649146760106343,-2.827474312535962,15480,85,0.515,0.02472090891096835,val,-2.7912735760547775,direccional,False,False,False
ES,eth,mom15,h240,-0.011089036333374354,1.0636111616967994,2.47406346660556,-1.4104523049087607,-4.059886327147071,1.5839172677343811,-1.5906519216824448,17458,96,0.345,0.022672845340674524,disc,-1.1704523049087607,direccional,0.022796167306979795,-2.5141113127943484,2.504354014362416,-5.018465327156765,-9.154568111613182,-1.0027977935442307,-6.649014182842437,15457,85,0.06,0.025150197315813482,val,-4.7784653271567645,direccional,False,False,False
ES,eth,mom60,h1,-0.039858407744084584,0.21378812285231524,2.4787144065407305,-2.2649262836884154,-2.3905502582815745,-2.1471942905073496,0.08385722667709807,17735,96,0.0,0.01474506718860876,disc,-2.0249262836884157,direccional,-0.020492442254185346,0.19558130340845128,2.501407732976616,-2.3058264295681643,-2.472984614784311,-2.1292128793405545,0.02178290103331932,15699,85,0.015,0.01441254698650209,val,-2.0658264295681645,direccional,True,False,False
ES,eth,mom60,h5,-0.019836305836467318,0.05465704065803269,2.4801972341872514,-2.4255401935292187,-2.6055315253023155,-2.2356860517150103,-0.12121736220601398,17644,96,0.0,0.011832893820998495,disc,-2.185540193529219,direccional,-0.012712583003550097,0.11849348836436355,2.5034769802138617,-2.384983491849498,-2.6998677235360486,-2.023349158069272,-0.19555569183263719,15617,85,0.085,0.014736442408642884,val,-2.144983491849498,direccional,True,False,False
ES,eth,mom60,h15,-0.022203019214202015,-0.06465513849582682,2.4798487799289646,-2.5445039184247915,-3.0951766715003504,-2.0072395833116827,-0.6109510779663762,17458,96,0.035,0.019716973379457603,disc,-2.3045039184247917,direccional,-0.004859602484159645,0.04141975884144444,2.504057464569978,-2.4626377057285334,-3.3868331674498986,-1.486046406862325,-0.8798386891574567,15453,85,0.82,0.026033276779822954,val,-2.222637705728533,direccional,False,False,False
ES,eth,mom60,h60,-0.015259853580459993,0.7531106599401173,2.4800794176042293,-1.7269687576641122,-3.709418279472888,0.5744107851708788,-1.2086251038438716,16621,96,0.44,0.03946177107980628,disc,-1.4869687576641122,direccional,0.010009732916681642,0.3623914752090425,2.506218144750248,-2.1438266695412054,-5.611531743624321,1.8789754015208109,-3.1017849528287327,14715,85,0.575,0.04321506306019817,val,-1.9038266695412054,direccional,False,False,False
ES,eth,mom60,h240,-0.020517289291653525,2.3666182103902886,2.472435820175961,-0.10581760978567223,-5.519991392519634,6.5357831358429985,-3.050214587287863,16594,96,0.415,0.040970549192009084,disc,0.13418239021432776,direccional,0.03581096138365963,-1.6402834985130856,2.5018241219711337,-4.14210762048422,-10.739691296841468,2.85618452815527,-8.238262003978459,14692,85,0.175,0.05351334890496613,val,-3.9021076204842196,direccional,False,False,False
ES,eth,mom240,h1,-0.029919924207496576,0.16475020916261163,2.4727641991736076,-2.3080139900109957,-2.4561790010065527,-2.1587729833358495,0.01448870989784519,14279,96,0.0,0.01736795019500941,disc,-2.0680139900109955,direccional,-0.015508823478261184,0.10026401074526814,2.4954980615554985,-2.39523405081023,-2.6068341370326964,-2.169942776176512,-0.11410426538329888,12639,85,0.025,0.014759940573510537,val,-2.15523405081023,direccional,True,False,False
ES,eth,mom240,h5,-0.012945287526159803,-0.07724054175820716,2.472455596278541,-2.549696138036748,-2.7976239752679932,-2.2715320682860627,-0.32453449684633057,14188,96,0.08,0.015435530407760896,disc,-2.309696138036748,direccional,0.0030142596735750447,-0.053910364110537144,2.4992275224974083,-2.5531378866079453,-2.8789446892429993,-2.1825912270291763,-0.38728122617689464,12557,85,0.62,0.0161395987452246,val,-2.3131378866079455,direccional,False,False,False
ES,eth,mom240,h15,-0.010283538117777246,-0.25361099835826734,2.4724182259677154,-2.7260292243259827,-3.430881116082626,-1.9368573664301942,-0.958297081980586,14002,96,0.44,0.02794526828082425,disc,-2.486029224325983,direccional,0.013412263288202289,-0.4114763790353627,2.5005406277737388,-2.9120170068091014,-3.8889337646995252,-1.8706074715543686,-1.3940406057539323,12393,85,0.265,0.028031071391841095,val,-2.672017006809101,direccional,False,False,False
ES,eth,mom240,h60,-0.0473579525672458,1.3876108647450112,2.473832130649447,-1.086221265904436,-3.851476311011921,2.1338401879199074,-1.3780337014400432,13165,96,0.055,0.04836592549797254,disc,-0.8462212659044359,direccional,0.019279984371234404,-0.6170444023109027,2.5044187044187014,-3.121463106729604,-7.5131273624517085,1.30892199803192,-5.0217509382492,11655,85,0.515,0.05418245748266036,val,-2.881463106729604,direccional,False,False,False
ES,eth,mom240,h240,-0.042495052379922287,5.818497551517555,2.4681230019789897,3.3503745495385653,-7.366964905429891,14.005448118654861,-4.90161532538077,13138,96,0.29,0.07860645332647066,disc,3.5903745495385655,direccional,-0.021948154631130836,6.548082378779069,2.501530261348003,4.046552117431066,-16.104756812527704,25.301041253436793,-13.60446313800382,11632,85,0.63,0.09292944328697128,val,4.286552117431066,direccional,False,False,False
ES,eth,vwap,h1,-0.01997914111146586,0.11891212281630492,2.485296764970606,-2.366384642154301,-2.497350927656656,-2.2328529577153167,-0.012452562225614782,18887,96,0.005,0.014669188386491012,disc,-2.126384642154301,direccional,-0.021204445954716135,0.2191238038277512,2.508751570257812,-2.2896277664300606,-2.5108077441810055,-1.9981702053716572,-0.010737955803498811,16717,85,0.0,0.013216175859802616,val,-2.049627766430061,direccional,True,False,False
ES,eth,vwap,h5,-0.01219321134006406,0.10797872340425532,2.486188550755471,-2.3782098273512156,-2.5967084169394834,-2.1149391279918803,-0.10740713831743362,18796,96,0.07,0.0127493363598402,disc,-2.138209827351216,direccional,-0.010790065786204586,0.17560865644724977,2.5113916441238273,-2.3357829876765774,-2.7382083035883427,-1.792465603134838,-0.22914078436691,16635,85,0.095,0.012362008140080736,val,-2.0957829876765777,direccional,False,False,False
ES,eth,vwap,h15,-0.01435400700730061,0.0315690488984417,2.485545405695855,-2.453976356797413,-3.111934153655073,-1.746996947120598,-0.6258643392915123,18610,96,0.13,0.01967079523232022,disc,-2.2139763567974127,direccional,-0.00867351860815297,0.5006828528072838,2.511590067391164,-2.0109072145838804,-3.119568995527199,-0.43432735791550275,-0.61038369450168,16471,85,0.475,0.02226158608019754,val,-1.7709072145838805,direccional,False,False,False
ES,eth,vwap,h60,-0.02588287833827018,0.34943741209563994,2.48456647724075,-2.1351290651451102,-4.5981610600822105,0.5771829466872032,-2.110202451811724,17773,96,0.22,0.04092762595701351,disc,-1.8951290651451103,direccional,-0.006931817964791032,1.9179377184620274,2.5116125341638518,-0.5936748157018243,-4.540557373876102,4.322703721598762,-2.0248887403977873,15733,85,0.78,0.04534922690381082,val,-0.35367481570182435,direccional,False,False,False
ES,eth,vwap,h240,-0.04390980756948776,3.9653521126760563,2.4756790262594306,1.4896730864166257,-7.20241518811208,11.224803721908545,-4.714486462922535,17746,96,0.245,0.0732111015518072,disc,1.7296730864166256,direccional,-0.03071477458795834,10.217854869509866,2.5054742202418767,7.712380649267989,-9.487798837307933,26.282975209772097,-6.989613373351253,15710,85,0.48,0.09054838175517396,val,7.952380649267989,direccional,False,False,False
ES,eth,ofi5,h1,-0.000174677679384866,-0.039801661752881266,2.481104261592058,-2.520905923344939,-2.591142558750343,-2.4606374610443646,-0.10700942762124303,18655,96,0.99,0.015212701220794503,disc,-2.280905923344939,direccional,0.025714559404095227,-0.2557877330126278,2.50747579238587,-2.763263525398498,-2.889753716283796,-2.6437066411620016,-0.37926384307234207,16627,85,0.0,0.013671863782591467,val,-2.523263525398498,direccional,False,False,False
ES,eth,ofi5,h5,-0.007138899135118648,-0.08019122003770535,2.482305413412326,-2.5624966334500314,-2.724731805573116,-2.4165496370626,-0.24321642105844427,18565,96,0.32,0.01320299493742586,disc,-2.322496633450031,direccional,-0.00664549669717606,-0.15876132930513595,2.510050160149868,-2.668811489455004,-2.8796253546937303,-2.4584107026545143,-0.3742647289960582,16547,85,0.48,0.016461758423167973,val,-2.428811489455004,direccional,False,False,False
ES,eth,ofi5,h15,-0.014353427046407203,-0.07768474814341254,2.4821955067181545,-2.559880254861567,-2.820799481538334,-2.2679662876365274,-0.33995626524095357,18383,96,0.04,0.01362057004704973,disc,-2.319880254861567,direccional,-0.006856932643674531,-0.2100244125724748,2.5104668904485723,-2.720491303021047,-3.124809118227737,-2.3072477258647206,-0.6082045470561939,16385,85,0.56,0.01753491342334354,val,-2.480491303021047,direccional,False,False,False
ES,eth,ofi5,h60,-0.01648064867669648,0.21445868945868946,2.4809209026669627,-2.2664622132082735,-2.911025986550053,-1.5864100678092834,-0.4203315306630962,17548,96,0.04,0.01510737845251865,disc,-2.0264622132082737,direccional,0.003100052821383619,-0.6283546325878595,2.5106140967473882,-3.1389687293352475,-4.115103416835131,-2.061978130230315,-1.600587083858471,15649,85,0.7,0.0177573541633412,val,-2.8989687293352473,direccional,False,False,False
ES,eth,ofi5,h240,-0.013802875984525493,0.8470042796005706,2.4719707779236266,-1.624966498323056,-3.210798855568743,0.03573064747803026,-0.7404499356947748,17521,96,0.155,0.0187058432155118,disc,-1.384966498323056,direccional,0.02487390277214101,-2.644593730006398,2.504953282989881,-5.149547012996279,-7.608838453622079,-2.6247987764136194,-5.1051591072249565,15626,85,0.02,0.021667875364385223,val,-4.909547012996279,direccional,False,False,False
ES,eth,ofi60,h1,-0.030636562055439697,0.14811401020986953,2.4792011800748814,-2.331087169865012,-2.423832563329045,-2.238928369163469,0.05412547393508958,17626,96,0.0,0.013189563036694734,disc,-2.0910871698650118,direccional,-0.003367615621469492,-0.02388535031847134,2.501407732976616,-2.5252930832950873,-2.6287256149149885,-2.421930729256273,-0.12919057961617905,15699,85,0.605,0.012620543132312728,val,-2.2852930832950875,direccional,True,False,False
ES,eth,ofi60,h5,-0.015298496649528292,-0.033932135728542916,2.4805246649557953,-2.514456800684338,-2.672172600243945,-2.3593784377823863,-0.18668703256316727,17535,96,0.0,0.01271321469617624,disc,-2.274456800684338,direccional,-0.0051363049496731235,-0.2207906530089629,2.5034769802138617,-2.7242676332228246,-2.9292162915228293,-2.5111719426238968,-0.42920973072291596,15617,85,0.465,0.016049570869449078,val,-2.4842676332228244,direccional,True,False,False
ES,eth,ofi60,h15,-0.02422323623637979,0.10036023054755044,2.4798316905873463,-2.3794714600397957,-2.903328655267251,-1.8319970820371305,-0.42088658276866137,17349,96,0.055,0.022998704746254657,disc,-2.139471460039796,direccional,-0.0005457019205440029,-0.5468295050145584,2.504057464569978,-3.0508869695845364,-3.678837364979414,-2.418588454380796,-1.172385353913669,15453,85,0.995,0.0264179003220887,val,-2.810886969584536,direccional,False,False,False
ES,eth,ofi60,h60,-0.033215241843502816,0.6771874053890402,2.47885174418604,-1.801664338797,-3.7853334808364307,0.3388372822934251,-1.303335612680532,16512,96,0.08,0.03703970382517942,disc,-1.561664338797,direccional,0.0193372367253849,-0.8619605844376487,2.506218144750248,-3.3681787291878966,-6.0021665890558,-0.17005851356474155,-3.502318730653578,14715,85,0.44,0.043802637224965954,val,-3.128178729187897,direccional,False,False,False
ES,eth,ofi60,h240,-0.03622158523556033,1.467242948134668,2.47097361237488,-1.003730664240212,-6.363361262104298,3.8625073388815223,-3.8877883256627612,16485,96,0.265,0.05108253929256575,disc,-0.763730664240212,direccional,0.09034512278947907,-9.25910173528411,2.5018241219711337,-11.760925857255245,-19.324990830225207,-3.7868455450694056,-16.82907290650381,14692,85,0.0,0.058765389508716764,val,-11.520925857255245,direccional,False,False,False
ES,eth,zona,h1,-0.005006701245012187,0.02650412992140531,2.4847186700767177,-2.4582145401553124,-2.564651077584405,-2.362339926624874,-0.07839501187048785,18768,96,0.495,0.014166728296370426,disc,-2.218214540155312,direccional,-0.008531110742671544,0.133054976278091,2.50862658114021,-2.3755716048621194,-2.512124534354251,-2.2345199113638308,-0.00542639317314197,16681,85,0.26,0.014895808701273858,val,-2.135571604862119,direccional,False,False,False
ES,eth,zona,h5,-0.010407156548698431,0.16205146798562345,2.48539915403972,-2.3233476860540963,-2.483097650108909,-2.166228146076078,0.004579180281758939,18677,96,0.1,0.012736852993934148,disc,-2.083347686054096,direccional,-0.005623161712778353,0.34336556868238394,2.511452497138374,-2.16808692845599,-2.4395605404840026,-1.8931746091738921,0.06072741900785802,16599,85,0.42,0.01431677011144299,val,-1.92808692845599,direccional,False,False,False
ES,eth,zona,h15,-0.005512085842353811,0.0010738150505882893,2.484906170569458,-2.48383235551887,-2.8419631281145903,-2.1053288891052766,-0.3478244186007054,18491,96,0.535,0.01748902139785336,disc,-2.2438323555188697,direccional,-0.01605150915670306,0.7110542783051921,2.5115911165196145,-1.8005368382144225,-2.3969086478520647,-1.1324427138296251,0.11024982236847296,16435,85,0.09,0.01802254971415004,val,-1.5605368382144225,direccional,False,False,False
ES,eth,zona,h60,0.011391757333755331,0.5630002250665352,2.483890336467648,-1.9208901114011128,-2.922033322116736,-1.0715306714417583,-0.4496755121392397,17654,96,0.415,0.028604075016059806,disc,-1.6808901114011128,direccional,-0.008215265646880996,-0.2914463858223435,2.5116773905841803,-2.8031237764065238,-4.006911775957531,-1.6334395716334855,-1.4904632399184325,15697,85,0.4,0.01969358127574171,val,-2.563123776406524,direccional,False,False,False
ES,eth,zona,h240,0.011658389450043561,0.4554064763860828,2.4752255063255153,-2.0198190299394323,-5.0445783855827395,1.5087911712751598,-2.5684549903301077,17627,96,0.355,0.025184818709509598,disc,-1.7798190299394323,direccional,0.0024820102732429766,0.10539621839813051,2.5054612734464645,-2.400065055048334,-5.328571634334124,0.5931696653539179,-2.8041099662885776,15674,85,0.895,0.022363229563681964,val,-2.1600650550483342,direccional,False,False,False
ES,eth,vol30,h1,0.3714910359487517,1.7419977470889234,2.481079595426553,-0.7390818483376298,-0.9720908991061544,-0.536151952970573,1.5080248338260824,18192,96,,,disc,-0.4990818483376298,no_direccional,0.41754878276642365,2.5011180407666567,2.5043247578505694,-0.0032067170839127357,-0.3194376285287201,0.3821936251188928,2.1745767373058564,16209,85,,,val,0.23679328291608726,no_direccional,False,False,False
ES,eth,vol30,h5,0.365268503977177,3.3744252173355562,2.4824263852825728,0.8919988320529835,0.4576978451628954,1.2497311990563984,2.9369666180803047,18101,96,,,disc,1.1319988320529835,no_direccional,0.4226073054507203,4.932308182036192,2.5073355242760513,2.424972657760141,1.7370833139500814,3.2163143632082227,4.234118953921087,16127,85,,,val,2.664972657760141,no_direccional,False,False,False
ES,eth,vol30,h15,0.3401899215653907,5.471231799058554,2.4821657828635146,2.9890660161950393,2.1773774786535682,3.6698128775152674,4.656743254425617,17915,96,,,disc,3.2290660161950395,no_direccional,0.41114324428036875,8.38941943668222,2.507435945624248,5.881983491057971,4.557712966408226,7.445320949672632,7.049554486095357,15963,85,,,val,6.121983491057971,no_direccional,False,False,False
ES,eth,vol30,h60,0.3332591626274136,11.550362099649353,2.479985946832174,9.070376152817179,7.160442663567355,10.698462115104643,9.63929455890585,17078,96,,,disc,9.31037615281718,no_direccional,0.41457142180578727,17.748625365712766,2.508308702791454,15.240316662921312,12.315175293931839,19.17859371676743,14.810488845189107,15225,85,,,val,15.480316662921313,no_direccional,False,False,False
ES,eth,vol30,h240,0.32245392503454934,26.694541018738107,2.47190194123511,24.222639077502997,18.56106372752074,30.031406862482967,21.03857047677612,17051,96,,,disc,24.462639077502995,no_direccional,0.3663754070732139,34.422822508269036,2.5032758847519982,31.919546623517036,22.649400557252832,41.57686496301899,25.16526363758324,15202,85,,,val,32.15954662351704,no_direccional,False,False,False
NQ,todo,mom5,h1,0.008939484544164997,0.27753558670002004,6.529186809392292,-6.251651222692272,-7.4399350599229646,-5.2319614697615275,-0.5438420917008574,23168,86,0.225,0.01496865459751722,disc,-5.391651222692271,direccional,0.042524654540229974,2.116860726931171,7.129274611399001,-5.01241388446783,-5.942845374678803,-4.03727223804794,1.14792121847298,23160,85,0.0,0.012112214589795245,val,-4.15241388446783,direccional,False,False,False
NQ,todo,mom5,h5,-0.007835448729059571,0.4566078823697702,6.562060301507565,-6.105452419137795,-7.7598964682012435,-4.391344264127518,-0.9042592497605577,23084,86,0.24,0.01382521275326703,disc,-5.245452419137795,direccional,-0.007825063938047813,0.1099222335104594,7.155784730045969,-7.04586249653551,-9.25968653694347,-5.023935873587921,-2.0955331145433114,23078,85,0.29,0.013137770008842711,val,-6.18586249653551,direccional,False,False,False
NQ,todo,mom5,h15,-0.007721774938732125,-0.3000000462085001,6.559043296089412,-6.859043342297912,-10.027785744749488,-3.9036678074982176,-3.3441656274304954,22912,86,0.19,0.011471068569435592,disc,-5.999043342297911,direccional,-0.018849852963119033,1.462763087212939,7.146726034573116,-5.683962947360177,-9.115616346131148,-2.5900913474012053,-1.9651763511807225,22908,85,0.02,0.013216896156684425,val,-4.823962947360177,direccional,False,False,False
NQ,todo,mom5,h60,0.002176345456928218,3.543724311055221,6.559439927732636,-3.015715616677415,-9.053507026949225,3.323846129747474,-2.072485821141325,22140,85,0.8,0.014039595472466356,disc,-2.155715616677415,direccional,-0.009515122794797094,-3.6758754138740217,7.118624395971676,-10.794499809845698,-16.851974304525097,-4.467243166616822,-9.69319785489545,22143,85,0.185,0.01278235546561298,val,-9.934499809845699,direccional,False,False,False
NQ,todo,mom5,h240,0.010401772328569987,4.421986890890191,6.651415094339636,-2.2294282034494444,-12.192316592822513,7.6057375789383395,-5.449291278378143,19080,85,0.11,0.013187031472264934,disc,-1.3694282034494445,direccional,0.004323052773606308,4.029992493713147,7.191096787716843,-3.161104294003696,-14.358573560083622,8.32300804562742,-7.19634795208568,19083,85,0.52,0.011240971263440635,val,-2.301104294003696,direccional,False,False,False
NQ,todo,mom5,cierre,0.0077481550238033,6.467297222215483,4.532895559724826,1.9344016624906564,-25.691879658648244,28.38042642127741,-21.08674754482711,6396,82,0.57,0.024354397461595376,disc,2.7944016624906562,direccional,-0.011741124905556686,-4.259060739277963,6.755378361475916,-11.01443910075388,-31.33160082238635,10.62914314739547,-25.145663909076017,6396,82,0.275,0.025040245059023143,val,-10.15443910075388,direccional,False,False,False
NQ,todo,mom15,h1,0.004694234882931851,0.4337133162707778,6.511628109236416,-6.077914792965639,-7.3661195598138,-5.01198072155835,-0.301753332757755,22996,86,0.56,0.013406471932456102,disc,-5.217914792965638,direccional,0.008724832610909238,0.5784148815500684,7.0912570682906,-6.512842186740532,-7.404740293967663,-5.643795445465505,-0.3226562042952136,22990,85,0.175,0.014801811641320132,val,-5.652842186740532,direccional,False,False,False
NQ,todo,mom15,h5,-0.004835709400266934,0.11726528093651381,6.544116620111759,-6.426851339175245,-8.294171912170789,-4.644729145113703,-1.6479091852349284,22912,86,0.415,0.011323729067537213,disc,-5.566851339175245,direccional,-0.0071999913783091255,-0.17967337948182607,7.1205779640300735,-7.300251343511899,-9.049203407431595,-5.738742371261616,-1.9771596296896428,22908,85,0.33,0.013710120285137737,val,-6.440251343511899,direccional,False,False,False
NQ,todo,mom15,h15,-0.011087181305257633,-1.2673901905144849,6.543975373790701,-7.811365564305186,-11.447654750596772,-4.074768084929664,-4.910250808617189,22740,86,0.285,0.019822273186576075,disc,-6.951365564305186,direccional,-0.018353237444944315,0.456986834213059,7.115234409358818,-6.658247575145759,-10.784314831789489,-2.412921509689799,-3.6989762301302678,22738,85,0.025,0.01820478520760492,val,-5.7982475751457585,direccional,False,False,False
NQ,todo,mom15,h60,0.0043326905833566765,3.5424038595143093,6.545698680018231,-3.0032948205039216,-11.601005347415237,5.7764130662519735,-4.893788405097476,21970,85,0.735,0.025643197421613646,disc,-2.1432948205039217,direccional,-0.003535699889669689,0.4765805899281888,7.088595093979007,-6.612014504050817,-15.631628142635645,3.312625249088309,-8.621829917790178,21973,85,0.715,0.018883952226609397,val,-5.752014504050817,direccional,False,False,False
NQ,todo,mom15,h240,0.018612580840028904,4.949998255350998,6.638286620835548,-1.6882883654845502,-14.051280912620307,11.430239690892794,-7.712791407624906,18910,85,0.075,0.02214542976878704,disc,-0.8282883654845502,direccional,0.023638450409657674,18.93966269638423,7.163416697509675,11.776245998874554,-8.178199122837357,29.96792383612927,-0.9120715578971029,18913,85,0.02,0.018915338494676876,val,12.636245998874553,direccional,False,False,False
NQ,todo,mom15,cierre,0.0149642702867595,15.545852025954915,4.532895559724826,11.012956466230088,-24.978427273053622,46.26385520324152,-20.442099880933547,6396,82,0.51,0.04302682680160435,disc,11.872956466230088,direccional,-0.010551940942541149,4.18842556508184,6.755378361475916,-2.5669527963940766,-36.71610921617768,35.81631588463514,-30.384639950892552,6396,82,0.58,0.040070219443871014,val,-1.7069527963940767,direccional,False,False,False
NQ,todo,mom60,h1,-0.007038219007563513,-0.04350800842618821,6.461490347837849,-6.5049983562640366,-7.7284843088086905,-5.550109003128107,-0.8192307852518315,22223,85,0.33,0.016458415137829446,disc,-5.644998356264036,direccional,-0.010496696599528276,0.43289149433511687,6.9912485939257945,-6.558357099590678,-7.477856711894074,-5.60100202404815,-0.5450372247947468,22225,85,0.14,0.013710444478080605,val,-5.698357099590678,direccional,False,False,False
NQ,todo,mom60,h5,-0.003549041348855649,-0.8396508895311439,6.493992773261089,-7.333643662792233,-9.021174487991017,-5.617323952879678,-2.362033186459435,22140,85,0.68,0.01565868874819195,disc,-6.473643662792233,direccional,-0.007052280473758089,0.19903834421328775,7.0213476042090415,-6.8223092599957535,-8.567884448590815,-4.993003100825086,-1.5614935511851076,22143,85,0.25,0.012098677397944266,val,-5.962309259995753,direccional,False,False,False
NQ,todo,mom60,h15,0.00735455525876431,4.073165607360044,6.495311788802936,-2.4221461814428915,-6.387018879998439,1.7580911314228163,0.05721777930242634,21970,85,0.54,0.026457024205595387,disc,-1.5621461814428916,direccional,-0.0020012484802296743,-0.06933176799233409,7.017826423337765,-7.087158191330099,-12.080552780111493,-1.9265022441705029,-5.001478829945772,21973,85,0.885,0.019215176054420264,val,-6.227158191330099,direccional,False,False,False
NQ,todo,mom60,h60,0.0173787535345046,4.562477173584961,6.504998821032796,-1.942521647447835,-17.888418453088818,13.85815073840635,-11.397192416744785,21205,85,0.435,0.039506930611189046,disc,-1.0825216474478352,direccional,0.014845428355262931,4.466136578044312,7.012363259147526,-2.5462266811032146,-20.54361366933173,14.003062611025058,-13.497965260355947,21208,85,0.43,0.03183289076514882,val,-1.6862266811032147,direccional,False,False,False
NQ,todo,mom60,h240,0.02447665924744855,1.3179107481074905,6.596224855332054,-5.278314107224563,-33.30661209173184,22.948557996232967,-26.591024140246855,18145,85,0.245,0.04060516135286586,disc,-4.418314107224563,direccional,0.04001889230032287,21.288810900082574,7.097322018955278,14.191488881127295,-22.527575175682724,50.35519067158841,-15.348235713673013,18148,85,0.025,0.0355079287072809,val,15.051488881127295,direccional,False,False,False
NQ,todo,mom60,cierre,0.007722037094797061,1.8741217798594847,4.532895559724826,-2.6587737798653417,-60.153866527029294,56.21080534673378,-55.61164744424988,6396,82,0.82,0.08509702808458768,disc,-1.7987737798653418,direccional,-0.014694861420991861,5.328320312499999,6.755378361475916,-1.4270580489759173,-59.27989103888743,58.9543119671626,-53.3068502994229,6396,82,0.625,0.0793299488746631,val,-0.5670580489759173,direccional,False,False,False
NQ,todo,mom240,h1,-0.01447739802693954,0.6823536632155156,6.343302196942032,-5.660948533726517,-7.03152671442486,-4.512535577123366,-0.22647443877260995,19163,85,0.1,0.016910390173990788,disc,-4.800948533726516,direccional,-0.01261747396118432,0.41230951716173686,6.781450560918364,-6.369141043756627,-7.381499251987496,-5.290120543895403,-0.5636328157598874,19165,85,0.135,0.015703821028329804,val,-5.509141043756626,direccional,False,False,False
NQ,todo,mom240,h5,0.00516837223486301,1.1133301663602406,6.379035639413007,-5.265705473052766,-7.437282855398527,-3.2667865596605044,-0.8472717058621765,19080,85,0.565,0.015051786642134118,disc,-4.405705473052766,direccional,0.00658122474234116,0.951312460627519,6.833239008541658,-5.881926547914139,-7.987639533715339,-4.027065291609939,-1.2157993552801096,19083,85,0.29,0.011846107810523233,val,-5.021926547914139,direccional,False,False,False
NQ,todo,mom240,h15,0.01816525828349593,3.681990506783831,6.3815441565309445,-2.6995536497471133,-7.841958773088487,1.85035373810848,-1.6617894253109398,18910,85,0.2,0.029190520197379777,disc,-1.8395536497471134,direccional,0.021236699224045925,3.0254673778925056,6.834013641410693,-3.8085462635181875,-9.989272382385382,1.2764222739626394,-3.010843417942788,18913,85,0.03,0.018458545322619976,val,-2.9485462635181876,direccional,False,False,False
NQ,todo,mom240,h60,0.01712454140805667,3.3675894890730067,6.389666574814003,-3.022077085740996,-21.274116039028865,12.23158674564794,-15.134026418634079,18145,85,0.45,0.050358028897317234,disc,-2.162077085740996,direccional,0.0339776429973134,14.298331126746785,6.839717875247982,7.458613251498803,-14.12531339786143,27.27984240793559,-7.353300006847026,18148,85,0.095,0.03992339117659223,val,8.318613251498803,direccional,False,False,False
NQ,todo,mom240,h240,0.046354954405751006,-4.036185290740276,6.468180311567774,-10.504365602308049,-75.41968397226637,43.44395173823327,-68.45172918828037,15085,85,0.24,0.07598926515896812,disc,-9.64436560230805,direccional,0.01801279149229663,22.80353767826671,6.9603791092258795,15.843158569040831,-68.0506036784421,89.33152454933025,-61.08743952797172,15088,85,0.57,0.06481600807894686,val,16.70315856904083,direccional,False,False,False
NQ,todo,mom240,cierre,-0.0070275116292875745,10.2919921875,4.532895559724826,5.759096627775174,-87.06886286537699,97.92753568034288,-82.5972087065277,6396,82,0.915,0.13349613885177,disc,6.619096627775174,direccional,0.003541717062197921,-35.123492693696335,6.755378361475916,-41.878871055172255,-159.13958975102747,70.14122185891118,-150.08420948225285,6396,82,0.905,0.13523579061773797,val,-41.018871055172255,direccional,False,False,False
NQ,todo,vwap,h1,-0.006624002965407477,0.266770586970544,6.5431151629827395,-6.276344576012195,-7.495652844183459,-5.1759370315398945,-0.5193469923202993,23254,86,0.23,0.013466628838729943,disc,-5.416344576012195,direccional,-0.01797167872230423,0.5671112067111207,7.150570064105358,-6.583458857394237,-7.586218907005187,-5.284442812950432,-0.4243530288337109,23243,85,0.005,0.013113289684301891,val,-5.723458857394236,direccional,False,False,False
NQ,todo,vwap,h5,0.004814914292713565,0.8059991368148467,6.572939145446725,-5.766940008631878,-7.655101149171706,-4.028529344579659,-0.8741963777012935,23170,86,0.48,0.01459678967507166,disc,-4.906940008631878,direccional,-0.006103682913779633,-0.647852363479387,7.177708216398293,-7.82556057987768,-10.132011297245983,-5.801544830655986,-2.9446625572242406,23161,85,0.26,0.010873395352317058,val,-6.96556057987768,direccional,False,False,False
NQ,todo,vwap,h15,0.015023860878265132,3.410217391304348,6.569971301852363,-3.1597539105480155,-7.322094629437371,0.6516550316623076,-0.6245841318411609,22998,86,0.185,0.026860650949210457,disc,-2.2997539105480156,direccional,-0.0007156248492762591,-1.2851706892802783,7.163668391979509,-8.448839081259788,-15.556867562756729,-2.879144628115615,-8.35143221813936,22991,85,0.955,0.016862788347794887,val,-7.5888390812597875,direccional,False,False,False
NQ,todo,vwap,h60,0.030882714936495782,8.23318335208099,6.5696512935883264,1.663532058492664,-13.630507143360179,15.614712355522382,-6.530725897282791,22225,85,0.13,0.04506625629277087,disc,2.523532058492664,direccional,0.0050998636148526285,0.5462775528565005,7.1356249437595975,-6.589347390903097,-29.39649095599452,12.982028679195697,-22.22681288012821,22226,85,0.765,0.03644158275591951,val,-5.729347390903096,direccional,False,False,False
NQ,todo,vwap,h240,0.0426221432084603,3.296047482389773,6.660918340725293,-3.36487085833552,-50.85671111035057,39.49299513788227,-43.55961923410879,19165,85,0.32,0.08636570837396745,disc,-2.50487085833552,direccional,-0.011698860994177723,-9.068792383933229,7.2049671292914805,-16.27375951322471,-92.01293429376985,54.313063573995834,-84.80716574665847,19166,85,0.63,0.07237536962078815,val,-15.413759513224711,direccional,False,False,False
NQ,todo,vwap,cierre,-0.04540093643743228,9.957812500000001,4.532895559724826,5.424916940275175,-103.04949479931332,112.6402823696484,-98.68627218277658,6396,82,0.51,0.13560945285651896,disc,6.284916940275175,direccional,-0.025557735879006855,-23.499609375,6.755378361475916,-30.254987736475915,-161.13152370708994,96.09406843535761,-150.79309965470134,6396,82,0.67,0.14552762685119522,val,-29.394987736475915,direccional,False,False,False
NQ,todo,ofi5,h1,0.00018564768072306846,-0.28223355762969393,6.157847436287095,-6.440080993916789,-6.967716621591103,-5.970310166549555,-0.7060823748899362,23033,86,1.0,0.011444725017731758,disc,-5.580080993916789,direccional,0.02278776483718672,0.9465018354567049,7.128556620886278,-6.182054785429573,-6.753668055347901,-5.594442710909437,0.4304649770999458,23154,85,0.0,0.01274377801069616,val,-5.3220547854295726,direccional,False,False,False
NQ,todo,ofi5,h5,-0.010835717945326428,0.7437271178952474,6.190544662309398,-5.4468175444141504,-6.296361578841923,-4.672686915749115,-0.09940940273238297,22950,86,0.03,0.010917195926293463,disc,-4.58681754441415,direccional,-0.010582744075177283,0.20947995666305524,7.154973345468768,-6.945493388805713,-8.02353303608737,-5.950700268086154,-0.8625013552107496,23073,85,0.065,0.011324566172269067,val,-6.0854933888057126,direccional,False,False,False
NQ,todo,ofi5,h15,-0.01386616692078039,1.46724818959842,6.187288209990372,-4.720040020391952,-6.327130293075289,-3.34636091753712,-0.14223550792786754,22782,86,0.035,0.011936111323642421,disc,-3.8600400203919523,direccional,-0.006632686014518146,-0.5801771255287362,7.145710543549484,-7.7258876690782206,-9.477727103910958,-5.958211657350026,-2.357874133378493,22905,85,0.355,0.012402698142883032,val,-6.86588766907822,direccional,False,False,False
NQ,todo,ofi5,h60,-0.014891950740561384,2.5306609130138544,6.18703829903233,-3.6563773860184754,-6.809283636190864,-0.3244505088279016,-0.6470369915480545,22011,85,0.045,0.0128499074025322,disc,-2.7963773860184755,direccional,0.0033124707255828,-4.303115827500564,7.118624395971676,-11.421740223472241,-15.453899574427695,-7.906305615227742,-8.290377493544138,22143,85,0.52,0.01266529385989295,val,-10.561740223472242,direccional,False,False,False
NQ,todo,ofi5,h240,0.0046060293553744315,2.856238459509364,6.28156297820697,-3.4253245186976056,-11.282105900727593,5.171268491420059,-4.958906623638558,18951,85,0.49,0.012183139230031417,disc,-2.5653245186976057,direccional,0.013202642623980961,12.978175542323752,7.191096787716843,5.78707875460691,-5.929056443410448,18.07112695444051,1.2175825296995555,19083,85,0.03,0.012799140221388797,val,6.64707875460691,direccional,False,False,False
NQ,todo,ofi5,cierre,0.0006433614847605651,-1.5980468750000014,4.532895559724826,-6.130942434724828,-21.04059313048122,8.738633719802099,-16.483002762945866,6396,82,0.985,0.0256264545504302,disc,-5.2709424347248275,direccional,-0.015631698447581648,-6.416796874999999,6.755378361475916,-13.172175236475915,-33.76828075832405,7.329418102183313,-26.156445750905387,6396,82,0.3,0.029207009915323833,val,-12.312175236475916,direccional,False,False,False
NQ,todo,ofi60,h1,-0.024141254598736218,0.8284324813390636,6.10714770413936,-5.278715222800296,-5.787384203317399,-4.795319320258608,0.23474999419087844,22105,85,0.0,0.01390030347045636,disc,-4.418715222800295,direccional,-0.01179407695700488,0.3557367829021373,6.9912485939257945,-6.635511811023657,-7.238988617351221,-6.061027776467149,-0.2243913839226328,22225,85,0.03,0.00986796465970437,val,-5.775511811023657,direccional,True,False,False
NQ,todo,ofi60,h5,-0.01447428576085779,0.8209421112372304,6.139487784942356,-5.318545673705126,-6.085243667579707,-4.470665277577225,0.01599096987937258,22022,85,0.0,0.010237692785914545,disc,-4.4585456737051254,direccional,-0.0017150778934758293,-0.8650372544592458,7.0213476042090415,-7.886384858668287,-9.036641691400638,-6.749276427770582,-1.967598997848614,22143,85,0.805,0.01290209906469694,val,-7.026384858668287,direccional,True,False,False
NQ,todo,ofi60,h15,-0.01345615917672258,1.9104895904827273,6.140801757276248,-4.230312166793521,-6.277424706356767,-2.246079691605737,-0.14721456018814325,21852,85,0.125,0.01723293439196627,disc,-3.370312166793521,direccional,0.005795644060677378,-1.6306598407281,7.017826423337765,-8.648486264065866,-11.651188267809232,-5.098093539790255,-4.6249205875969235,21973,85,0.56,0.01847190504493562,val,-7.788486264065866,direccional,False,False,False
NQ,todo,ofi60,h60,-0.00022869790245009472,1.5016595542911333,6.1505809266372875,-4.648921372346154,-13.92795684011111,4.277407491677379,-7.878195944358033,21087,85,0.985,0.029985352237577773,disc,-3.7889213723461546,direccional,0.02809219160968282,-8.316949552098066,7.012363259147526,-15.329312811245593,-26.291245238160602,-4.921086929580991,-18.986758115520303,21208,85,0.035,0.028953830833219632,val,-14.469312811245594,direccional,False,False,False
NQ,todo,ofi60,h240,0.02153552701637522,7.59844703272324,6.247478781827268,1.3509682508959724,-22.888520841553035,25.319104717003096,-16.459022300331746,18027,85,0.25,0.03936630032598869,disc,2.2109682508959723,direccional,0.05031109386682645,38.00585399449036,7.097322018955278,30.90853197553508,-4.836834091833557,69.45516856973981,2.2310333113653305,18148,85,0.0,0.0405090596204436,val,31.76853197553508,direccional,False,False,False
NQ,todo,ofi60,cierre,0.012358054345451553,15.662890625,4.532895559724826,11.129995065275173,-35.48665020313587,57.47367322540102,-30.843455237532375,6396,82,0.805,0.08896905756661708,disc,11.989995065275172,direccional,-0.037728300044790546,-5.588085937500001,6.755378361475916,-12.343464298975917,-77.98795327790002,51.932727363434914,-69.47681452624188,6396,82,0.48,0.0845121952400876,val,-11.483464298975917,direccional,False,False,False
NQ,todo,zona,h1,0.00024018434101011042,-0.07656474980331615,6.540552995391731,-6.6171177451950465,-7.827959938780642,-5.738549085374759,-0.6756589512469097,23219,86,1.0,0.01357449796903091,disc,-5.757117745195046,direccional,0.0007451307104894816,0.20411989426939847,7.147157622739054,-6.943037728469656,-7.656611065671867,-6.339992224089635,-0.4570334844553322,23220,85,0.88,0.0127707267325477,val,-6.083037728469655,direccional,False,False,False
NQ,todo,zona,h5,0.001380945214663817,-0.07283386756677415,6.571061162740463,-6.643895030307237,-8.107836479254487,-5.379606345217219,-1.0965492065157767,23135,86,0.875,0.0113151447997089,disc,-5.783895030307237,direccional,0.01531938286943224,1.8049558855594843,7.174915723053023,-5.369959837493539,-6.878641717324299,-3.973382810361756,0.275552424351291,23138,85,0.03,0.013956060125307581,val,-4.509959837493539,direccional,False,False,False
NQ,todo,zona,h15,0.0018453306018087585,0.9609885486177872,6.56837956712976,-5.607391018511973,-7.626253289777655,-3.7046533481742916,-0.7844645255389372,22963,86,0.83,0.012616309238279558,disc,-4.747391018511973,direccional,0.019217524195797926,4.562746783511623,7.161494252873603,-2.59874746936198,-4.644228530761436,-0.4383855088320425,2.4069325429144612,22968,85,0.0,0.013881393674916418,val,-1.73874746936198,direccional,False,False,False
NQ,todo,zona,h60,0.009176815090311445,3.145263417804632,6.568319062640854,-3.423055644836222,-7.8027489875410385,0.8196829493353949,-1.2651328738272505,22190,85,0.135,0.012691870003960925,disc,-2.563055644836222,direccional,-0.0027910428796769048,-0.7262801693356795,7.132806377516587,-7.859086546852267,-13.32216173296722,-2.406555811104597,-6.086489360244847,22203,85,0.685,0.012322154417890249,val,-6.999086546852267,direccional,False,False,False
NQ,todo,zona,h240,-0.0066281350290838,5.28459115255975,6.658860428646118,-1.374269276086368,-11.082106656771897,8.578088233746081,-4.408341107472286,19130,85,0.31,0.01593452194767054,disc,-0.514269276086368,direccional,0.004667296901221122,-4.719725696874271,7.202669383064333,-11.922395079938603,-20.722494400000834,-3.307267046831601,-13.485584104643472,19143,85,0.475,0.013141311990688211,val,-11.062395079938604,direccional,False,False,False
NQ,todo,zona,cierre,-0.0037762545172927175,5.278192678274109,4.532895559724826,0.7452971185492823,-20.68925772116246,19.274456578857453,-16.131286563970296,6396,82,0.845,0.02499995485895433,disc,1.6052971185492821,direccional,0.003836420914636002,3.4196347254748893,6.755378361475916,-3.335743636001027,-25.970646310015518,17.717903326243167,-16.67957238648107,6396,82,0.895,0.03063924755294931,val,-2.475743636001027,direccional,False,False,False
NQ,todo,gap,cierre,-0.07886178861788619,175.30882352941177,4.887654320987654,170.42116920842412,-143.06735752865958,538.598554366767,-138.5065550595238,81,81,0.47,0.22551038946598506,disc,171.28116920842413,direccional,-0.1115259033521985,88.9264705882353,7.180487804878048,81.74598278335725,-204.54300532116346,378.30878980352304,-196.00524814859054,82,82,0.31,0.21937812594278944,val,82.60598278335725,direccional,False,False,False
NQ,todo,vol30,h1,0.48656678880816157,15.765782804497018,6.12976916954102,9.636013634955997,8.425442641169003,10.891705840105441,14.416266042115867,22614,86,,,disc,10.496013634955997,no_direccional,0.45788787189800495,16.781519738362924,7.056322850230957,9.725196888131967,8.568439687174632,10.803071166887584,15.6514406491881,22735,85,,,val,10.585196888131966,no_direccional,False,False,False
NQ,todo,vol30,h5,0.4680102652505553,30.3580359731316,6.160230803373309,24.19780516975829,21.764771575174944,26.46566884688822,27.79767203075283,22530,86,,,disc,25.05780516975829,no_direccional,0.4614289546482249,33.79452739283225,7.086288791771546,26.708238601060707,24.639691394786922,28.905766368003082,31.693958448886626,22653,85,,,val,27.568238601060706,no_direccional,False,False,False
NQ,todo,vol30,h15,0.4428480030008535,50.92225318766357,6.161382950174461,44.76087023748911,39.61803497540662,49.06000750852524,45.607250736615136,22358,86,,,disc,45.62087023748911,no_direccional,0.43547887620942005,56.45753707655985,7.081248054085348,49.3762890224745,44.953565116026596,54.12744247250283,52.093082241599824,22483,85,,,val,50.2362890224745,no_direccional,False,False,False
NQ,todo,vol30,h60,0.42769466516180915,100.19226956710662,6.165712565420801,94.02655700168582,80.49778608673242,107.00990121738357,86.41447227434139,21591,85,,,disc,94.88655700168582,no_direccional,0.40499008442630596,99.4190809030133,7.061340823280265,92.35774007973303,81.68854698640583,102.63242504172418,88.60664515272649,21718,85,,,val,93.21774007973303,no_direccional,False,False,False
NQ,todo,vol30,h240,0.35447018832713834,173.74633175452757,6.262527656359627,167.48380409816795,124.86215429404794,211.7070431729678,131.24263914976729,18531,85,,,disc,168.34380409816796,no_direccional,0.2886422837254473,130.40406915425768,7.139682709829588,123.2643864444281,92.13101200689815,152.61963611129653,99.2474718913065,18658,85,,,val,124.1243864444281,no_direccional,False,False,False
NQ,todo,vol30,cierre,0.41801664966993335,210.19306738962047,4.532895559724826,205.66017182989563,135.3753296864918,289.70154233177664,140.05463130098306,6396,82,,,disc,206.52017182989565,no_direccional,0.35214565673065734,164.977353883875,6.755378361475916,158.22197552239908,117.58664162084735,200.11176112413332,123.25209018600695,6396,82,,,val,159.0819755223991,no_direccional,False,False,False
NQ,todo,ap30,u30,-0.03185798329413758,-2.2941176470588234,4.460975609756097,-6.75509325681492,-76.58887068707456,59.687891112679026,-72.10594385780628,82,82,0.755,0.2024326353267354,disc,-5.89509325681492,direccional,-0.05548632161033852,31.455882352941174,6.729268292682926,24.72661406025825,-59.0987266722099,109.21426547842401,-50.9996594551282,82,82,0.625,0.20642978621199992,val,25.58661406025825,direccional,False,False,False
NQ,todo,gap15,u30,0.05895704419041149,-2.0441176470588225,4.467901234567901,-6.512018881626723,-88.37169835758377,76.58266028633675,-83.87430803571428,81,81,0.63,0.24105926622278484,disc,-5.652018881626723,direccional,-0.06603249926924916,-18.294117647058822,6.729268292682926,-25.02338593974175,-79.65945587737127,33.26833460365853,-73.37272088001866,82,82,0.465,0.2110187559547155,val,-24.16338593974175,direccional,False,False,False
NQ,rth,mom5,h1,0.01978304964711688,1.07755839279619,4.959463601532563,-3.881905208736373,-6.2146897737820685,-1.6012529557138162,-1.2379280107013375,6525,85,0.14,0.025532011015462198,disc,-3.021905208736373,direccional,0.050154464600884734,4.035040864459385,5.505331699096054,-1.4702908346366685,-3.909269746160453,0.9313542349169494,1.5529708165705893,6527,85,0.0,0.02325410074484122,val,-0.6102908346366686,direccional,False,False,False
NQ,rth,mom5,h5,-0.00886373974820085,0.9247364806657673,5.048880711438205,-4.124144230772438,-7.856051022900334,-0.05246453876027226,-2.7741176715334084,6522,85,0.38,0.021153115024838222,disc,-3.264144230772438,direccional,0.012122962575708916,-3.6835247672784828,5.610300429184542,-9.293825196463025,-14.789244350203662,-3.470329351614904,-9.265277767502822,6524,85,0.345,0.02232207611433474,val,-8.433825196463026,direccional,False,False,False
NQ,rth,mom5,h15,0.01028367267396722,4.022921889115135,5.039963167587473,-1.0170412784723384,-8.765627024053428,7.237555449969376,-3.763200788830818,6516,85,0.445,0.02431698710389151,disc,-0.1570412784723384,direccional,-0.02736959847155222,-2.1770773254310773,5.5934642528382845,-7.770541578269362,-16.3882032977996,0.9908340846705972,-10.631048309686715,6518,85,0.06,0.027265837803987076,val,-6.9105415782693616,direccional,False,False,False
NQ,rth,mom5,h60,0.015684308354262513,5.907705435781339,4.925119432886419,0.9825860028949203,-13.636233851798414,17.650544002109438,-8.77224966095238,6489,85,0.23,0.024746537812690348,disc,1.8425860028949201,direccional,-0.014336082876627042,-4.229724627822864,5.4763364658758205,-9.706061093698684,-23.637367001040705,2.5125466264635388,-18.1255409517268,6491,85,0.22,0.022657077637838273,val,-8.846061093698685,direccional,False,False,False
NQ,rth,mom5,h240,0.03877493326041997,25.324224532993995,5.083502170767006,20.24072236222699,-16.32700576983603,60.687205709534176,-10.97671987361935,3455,82,0.04,0.03706202357045653,disc,21.10072236222699,direccional,0.006678847265499359,-2.419477924154183,5.6701215981470785,-8.089599522301262,-35.81052289806871,19.103428456544115,-30.185623995700137,3454,82,0.77,0.030569788674505688,val,-7.229599522301261,direccional,False,False,False
NQ,rth,mom5,cierre,0.0077481550238033,6.467297222215483,4.532895559724826,1.9344016624906564,-25.75183990394457,29.526109790631356,-21.231616878674416,6396,82,0.57,0.023643485486763066,disc,2.7944016624906562,direccional,-0.011741124905556686,-4.259060739277963,6.755378361475916,-11.01443910075388,-33.574503086042945,13.608838156511965,-26.104247503843464,6396,82,0.305,0.022696778787121404,val,-10.15443910075388,direccional,False,False,False
NQ,rth,mom15,h1,0.047124976060255355,4.2089246874729875,4.959463601532563,-0.7505389140595753,-3.5316699160828855,1.943139060109537,1.4359450354348224,6525,85,0.0,0.025205052849989865,disc,0.1094610859404247,direccional,0.020212104766420123,0.21544819239615434,5.505331699096054,-5.2898835066998995,-7.418495432833226,-2.877739541006565,-1.9124714372115434,6527,85,0.14,0.028629324961955496,val,-4.429883506699899,direccional,True,False,False
NQ,rth,mom15,h5,0.016260080687567582,3.503249235474006,5.048880711438205,-1.545631475964199,-6.035211307079468,2.971854066596499,-1.0278089869067364,6522,85,0.27,0.026159790501625264,disc,-0.6856314759641989,direccional,0.0026103135427913977,0.3075199057533067,5.610300429184542,-5.302780523431235,-10.728381805053624,-0.02211368041054434,-5.027449002021459,6524,85,0.775,0.025924571150250774,val,-4.442780523431234,direccional,False,False,False
NQ,rth,mom15,h15,0.024354570415032493,9.963967175726241,5.039963167587473,4.924004008138768,-6.462581853544397,15.87275232275814,-1.5537140026443796,6516,85,0.17,0.03303117516623729,disc,5.784004008138768,direccional,-0.028739906168910017,-3.6441560838054645,5.5934642528382845,-9.237620336643749,-20.569033310998815,2.3513491375921687,-14.838339678920338,6518,85,0.075,0.03394940163677773,val,-8.37762033664375,direccional,False,False,False
NQ,rth,mom15,h60,0.02717216141750315,16.801758605729724,4.925119432886419,11.876639172843305,-8.578955996274866,33.498061772218186,-3.5394893244090877,6489,85,0.24,0.044783816798234045,disc,12.736639172843304,direccional,-0.009399075722562008,0.997768936044798,5.4763364658758205,-4.478567529831023,-25.359056270530353,16.971563633763147,-19.9642678665218,6491,85,0.535,0.03486596530634813,val,-3.6185675298310227,direccional,False,False,False
NQ,rth,mom15,h240,0.07147618590468538,55.79319041876325,5.083502170767006,50.70968824799625,-13.63906323188769,115.2729778176915,-8.541335316073932,3455,82,0.035,0.0622323615520422,disc,51.56968824799625,direccional,0.026676624711964386,24.972904624277454,5.6701215981470785,19.302783026130378,-35.38731185422836,70.80587706481978,-29.720163939051204,3454,82,0.34,0.051455745386556964,val,20.162783026130377,direccional,False,False,False
NQ,rth,mom15,cierre,0.0149642702867595,15.545852025954915,4.532895559724826,11.012956466230088,-25.388714461274173,49.13889820281351,-20.811199707950834,6396,82,0.56,0.04526193951780745,disc,11.872956466230088,direccional,-0.010551940942541149,4.18842556508184,6.755378361475916,-2.5669527963940766,-36.983418859044164,32.567998781962515,-30.816080141799663,6396,82,0.555,0.03792412472954591,val,-1.7069527963940767,direccional,False,False,False
NQ,rth,mom60,h1,0.02637344293958519,1.9736814466681922,4.959463601532563,-2.9857821548643706,-4.8620388980748706,-1.0413845623180435,0.13303998248671703,6525,85,0.095,0.027828595400281146,disc,-2.1257821548643707,direccional,0.0071987740885664534,0.20932009167303278,5.505331699096054,-5.296011607423021,-7.527529845615126,-2.830420306041623,-1.9625886364605654,6527,85,0.59,0.022447562761285508,val,-4.436011607423021,direccional,False,False,False
NQ,rth,mom60,h5,0.02038918643939682,4.825507530818562,5.048880711438205,-0.2233731806196424,-3.8906558246849596,3.2440419068891284,1.0935335230750094,6522,85,0.115,0.02467870492811808,disc,0.6366268193803576,direccional,0.00753330277658557,-0.02490421455938696,5.610300429184542,-5.635204643743929,-10.42556523248031,-0.6117080946986131,-4.742286488947425,6524,85,0.545,0.02412374906773336,val,-4.775204643743929,direccional,False,False,False
NQ,rth,mom60,h15,0.04648138716354479,11.727231358769075,5.039963167587473,6.687268191181602,-3.4878473465751645,16.351154619694825,1.5669825181143648,6516,85,0.035,0.03876679596481768,disc,7.547268191181602,direccional,0.008869998477819158,-0.06365574242531125,5.5934642528382845,-5.657119995263596,-18.70306349647358,7.813640884216204,-13.116311856351514,6518,85,0.565,0.03214577576091533,val,-4.7971199952635954,direccional,False,False,False
NQ,rth,mom60,h60,0.04993276604651899,22.131348524356998,4.925119432886419,17.20622909147058,-19.878334117248126,53.05592294148349,-14.884712402667287,6489,85,0.15,0.0674038756355382,disc,18.06622909147058,direccional,0.02248525233238318,15.102372135007109,5.4763364658758205,9.626035669131287,-27.59850417192935,42.332209390067476,-21.99113074834941,6491,85,0.48,0.058255208824585944,val,10.486035669131287,direccional,False,False,False
NQ,rth,mom60,h240,0.09417348811882392,38.09768451519537,5.083502170767006,33.01418234442836,-74.18891272972819,147.61083788453746,-69.10240042871516,3455,82,0.095,0.11815435385352716,disc,33.87418234442836,direccional,0.04451762353135317,31.040882778581768,5.6701215981470785,25.37076118043469,-56.34197946684969,109.78598873959716,-50.42787278835205,3454,82,0.42,0.09381978144326586,val,26.23076118043469,direccional,False,False,False
NQ,rth,mom60,cierre,0.007722037094797061,1.8741217798594847,4.532895559724826,-2.6587737798653417,-60.25472095304018,53.79100097360483,-55.673392779181526,6396,82,0.82,0.08825782250029045,disc,-1.7987737798653418,direccional,-0.014694861420991861,5.328320312499999,6.755378361475916,-1.4270580489759173,-63.11180020852926,62.625906682477066,-58.00978581278233,6396,82,0.64,0.07798530351822722,val,-0.5670580489759173,direccional,False,False,False
NQ,rth,mom240,h1,-0.005683370435338828,0.10358448451615176,4.959463601532563,-4.855879117016411,-6.514384454362503,-2.9423527837713475,-1.533808524868917,6525,85,0.715,0.02810194951268655,disc,-3.9958791170164107,direccional,-0.005527425979106516,0.7750765696784074,5.505331699096054,-4.730255129417646,-6.399092042833683,-2.757411081233982,-0.914069032394562,6527,85,0.63,0.023986992506640936,val,-3.870255129417646,direccional,False,False,False
NQ,rth,mom240,h5,0.017578704769301342,2.749978909627755,5.048880711438205,-2.29890180181045,-6.75082914372855,1.5373679577450063,-1.7134175061591217,6522,85,0.18,0.02421260362692284,disc,-1.43890180181045,direccional,0.009286993073873094,-0.406711288306842,5.610300429184542,-6.017011717491384,-10.734601864970871,-1.9760447191136599,-5.18126318127352,6524,85,0.34,0.0198499957019362,val,-5.157011717491383,direccional,False,False,False
NQ,rth,mom240,h15,0.03668889346271898,7.493363219990519,5.039963167587473,2.4534000524030457,-8.183520137600206,13.464519203591722,-3.1615182160743682,6516,85,0.075,0.0408701235730867,disc,3.3134000524030456,direccional,0.02017474672631036,0.2396472392638037,5.5934642528382845,-5.3538170135744805,-16.826965520489527,4.763075923840322,-11.2190406017665,6518,85,0.195,0.035148592204651496,val,-4.49381701357448,direccional,False,False,False
NQ,rth,mom240,h60,0.05366382260046137,17.824857375327028,4.925119432886419,12.89973794244061,-28.691315728672162,46.8629041312465,-23.84824384155743,6489,85,0.165,0.07108550223655044,disc,13.759737942440609,direccional,0.03618662442617752,15.366422395925861,5.4763364658758205,9.890085930050041,-24.54236782469167,39.96392491843924,-19.06148416841955,6491,85,0.24,0.0672853154048968,val,10.75008593005004,direccional,False,False,False
NQ,rth,mom240,h240,0.12965600423254572,53.77206946454414,5.083502170767006,48.68856729377713,-92.33861846789534,172.3825462072474,-87.40507262462899,3455,82,0.1,0.14873086886904457,disc,49.54856729377713,direccional,0.0800688971454879,68.49240231548481,5.6701215981470785,62.82228071733773,-50.55068461072365,173.66573860109492,-45.10864988008148,3454,82,0.27,0.1329110919649268,val,63.68228071733773,direccional,False,False,False
NQ,rth,mom240,cierre,-0.0070275116292875745,10.2919921875,4.532895559724826,5.759096627775174,-94.7227036700101,103.26384189685002,-90.11607843548853,6396,82,0.96,0.13978519535747505,disc,6.619096627775174,direccional,0.003541717062197921,-35.123492693696335,6.755378361475916,-41.878871055172255,-160.86933893781858,75.48657863097799,-154.12381651949798,6396,82,0.94,0.12360931075758488,val,-41.018871055172255,direccional,False,False,False
NQ,rth,vwap,h1,-0.004495780852929767,0.48812260536398466,4.959463601532563,-4.471340996168578,-6.440677803736307,-2.427935616148608,-1.4742416328257046,6525,85,0.79,0.027800538238670576,disc,-3.6113409961685785,direccional,-0.011763010124859955,0.7059724349157734,5.505331699096054,-4.79935926418028,-6.6472318092461595,-2.6275072404404467,-1.1859429857954416,6527,85,0.19,0.020856905926875037,val,-3.9393592641802804,direccional,False,False,False
NQ,rth,vwap,h5,0.013822463411734107,1.3482758620689657,5.048880711438205,-3.700604849369239,-8.213625526662158,0.7568584945894775,-3.141415595808029,6522,85,0.225,0.021246320797671754,disc,-2.8406048493692393,direccional,-0.0013859953643190507,-0.07318007662835249,5.610300429184542,-5.683480505812894,-10.474406723069935,-2.076793654282255,-4.849124021186747,6524,85,0.88,0.018999421462957265,val,-4.823480505812894,direccional,False,False,False
NQ,rth,vwap,h15,0.025663597437470445,4.252108895705521,5.039963167587473,-0.7878542718819519,-12.978326950654377,10.081390658914007,-7.898394948115585,6516,85,0.175,0.03374537461164228,disc,0.07214572811804809,direccional,-9.504374849570441e-05,0.18865030674846617,5.5934642528382845,-5.404813946089819,-17.36629534573122,4.345046447860976,-11.764223491965705,6518,85,0.99,0.03207777654540184,val,-4.5448139460898185,direccional,False,False,False
NQ,rth,vwap,h60,0.03539395847879498,12.73613251155624,4.925119432886419,7.811013078669822,-32.28739787275587,44.530786715963224,-27.272914104710416,6489,85,0.34,0.06885341305459451,disc,8.671013078669821,direccional,0.012015082816633943,7.527906081601231,5.4763364658758205,2.051569615725411,-34.0975666435522,37.08639429716599,-28.656033959329488,6491,85,0.735,0.06069966143520498,val,2.9115696157254107,direccional,False,False,False
NQ,rth,vwap,h240,0.09184481921824893,23.610347322720692,5.083502170767006,18.526845151953687,-128.48068019091292,141.36790837445048,-123.48626858015494,3455,82,0.18,0.13769239416852283,disc,19.386845151953686,direccional,0.06799829769390267,68.3404486251809,5.6701215981470785,62.67032702703382,-75.87419667531726,194.7438475276715,-70.18341859487624,3454,82,0.29,0.1313942227764776,val,63.53032702703382,direccional,False,False,False
NQ,rth,vwap,cierre,-0.04540093643743228,9.957812500000001,4.532895559724826,5.424916940275175,-97.91419820560819,121.67988780918759,-93.40692399765376,6396,82,0.53,0.13269090452878218,disc,6.284916940275175,direccional,-0.025557735879006855,-23.499609375,6.755378361475916,-30.254987736475915,-157.05731944968073,93.6676456089494,-149.26380879739298,6396,82,0.625,0.11677263096530369,val,-29.394987736475915,direccional,False,False,False
NQ,rth,ofi5,h1,0.020335417038587558,-0.10919540229885057,4.959463601532563,-5.068659003831414,-6.809342206479445,-3.545884001360173,-1.7953941867383798,6525,85,0.09,0.023384603036498485,disc,-4.208659003831413,direccional,0.041182302368467774,2.285222052067381,5.500827459393188,-3.2156054073258065,-5.227452518892072,-1.1194830957828936,0.2189828349916924,6526,85,0.0,0.02363990479414411,val,-2.3556054073258066,direccional,False,False,False
NQ,rth,ofi5,h5,-0.010227784633576402,1.4030651340996168,5.048880711438205,-3.6458155773385883,-6.876644350546825,-0.5163432547810962,-1.6254135091265978,6522,85,0.4,0.022988079758394907,disc,-2.7858155773385884,direccional,0.011254293171180808,-3.092911877394636,5.610300429184542,-8.703212306579179,-12.204997298613604,-5.067530286461478,-6.605257385630081,6524,85,0.37,0.023519503806834832,val,-7.843212306579178,direccional,False,False,False
NQ,rth,ofi5,h15,-0.0023890090351052465,1.7093558282208587,5.039963167587473,-3.3306073393666145,-8.253565341535694,2.0298518073057013,-3.2357517305665255,6516,85,0.89,0.024850433372302187,disc,-2.4706073393666146,direccional,-0.008885845308474463,-2.835506134969325,5.5934642528382845,-8.42897038780761,-14.511479348299789,-2.1689579010325852,-8.956968172664913,6518,85,0.385,0.02499013270790605,val,-7.568970387807609,direccional,False,False,False
NQ,rth,ofi5,h60,-0.006042969747192888,3.3825115562403694,4.925119432886419,-1.5426078766460494,-10.112785111336937,6.88439387855578,-5.222467935036076,6489,85,0.66,0.025170074151626514,disc,-0.6826078766460494,direccional,-0.014760175827239074,4.291762894534257,5.4763364658758205,-1.1845735713415637,-11.763856644079585,8.765457529053176,-6.315738572599581,6491,85,0.23,0.023456431344194485,val,-0.3245735713415637,direccional,False,False,False
NQ,rth,ofi5,h240,0.04695687790395826,20.24348769898698,5.083502170767006,15.159985528219973,-6.9811792423355366,41.702017801571266,-1.8364181903671106,3455,82,0.04,0.048209318454340955,disc,16.019985528219973,direccional,0.005567383524346149,7.24204052098408,5.6701215981470785,1.5719189228370016,-29.919044967757703,36.341749431867484,-24.21788104978788,3454,82,0.79,0.0354169320878733,val,2.4319189228370015,direccional,False,False,False
NQ,rth,ofi5,cierre,0.0006433614847605651,-1.5980468750000014,4.532895559724826,-6.130942434724828,-21.132152740762685,7.944788744021607,-16.608565485728192,6396,82,0.97,0.028399299154494,disc,-5.2709424347248275,direccional,-0.015631698447581648,-6.416796874999999,6.755378361475916,-13.172175236475915,-34.32004674145532,8.99506484056884,-26.01597531657198,6396,82,0.3,0.031530618900083664,val,-12.312175236475916,direccional,False,False,False
NQ,rth,ofi60,h1,0.00973805699520023,1.3708812260536398,4.959463601532563,-3.5885823754789232,-5.394921270376865,-1.6658069754542773,-0.3982838963198377,6525,85,0.485,0.029615477171582482,disc,-2.7285823754789233,direccional,0.005976441256961899,1.0350306278713628,5.505331699096054,-4.470301071224691,-6.602645224236772,-2.364135517630922,-1.0263615332863938,6527,85,0.59,0.022418074738223017,val,-3.6103010712246912,direccional,False,False,False
NQ,rth,ofi60,h5,0.006055708299686392,1.4762452107279693,5.048880711438205,-3.5726355007102355,-7.025666659332548,-0.05927770582599899,-2.0783722859649667,6522,85,0.645,0.030112165396912475,disc,-2.7126355007102356,direccional,0.002820580031562128,1.6678160919540228,5.610300429184542,-3.942484337230519,-8.390359736758201,0.4951747011803462,-2.7875341251741435,6524,85,0.79,0.02164408809817716,val,-3.082484337230519,direccional,False,False,False
NQ,rth,ofi60,h15,0.01865220775474723,4.408934049079754,5.039963167587473,-0.631029118507719,-9.286956051991128,8.277782895536541,-4.241734402884923,6516,85,0.32,0.043344414679874904,disc,0.22897088149228095,direccional,-0.00416460069277884,2.852185582822086,5.5934642528382845,-2.7412786700161984,-14.582438049926717,9.720591181935863,-9.023589258191551,6518,85,0.74,0.039877351382769884,val,-1.8812786700161985,direccional,False,False,False
NQ,rth,ofi60,h60,0.035742017787238116,15.696456086286595,4.925119432886419,10.771336653400176,-15.203607831554477,35.32140083871153,-10.447736869528832,6489,85,0.26,0.0675139094696254,disc,11.631336653400176,direccional,-0.006098389318468427,4.0017321016166285,5.4763364658758205,-1.474604364259192,-34.890238625107905,28.900329358291703,-29.348273193840733,6491,85,0.845,0.06453927050803922,val,-0.614604364259192,direccional,False,False,False
NQ,rth,ofi60,h240,0.14372033022227992,81.33574529667149,5.083502170767006,76.25224312590449,5.387760659921439,151.35095544757132,10.377770318261591,3455,82,0.025,0.1384748903113318,disc,77.11224312590448,direccional,0.017132685531420024,29.962011577424025,5.6701215981470785,24.291889979276945,-65.99395592946532,117.98868183210156,-60.21024630392527,3454,82,0.795,0.11105130165176771,val,25.151889979276945,direccional,False,False,False
NQ,rth,ofi60,cierre,0.012358054345451553,15.662890625,4.532895559724826,11.129995065275173,-33.579157701654,60.936504389935436,-28.891039279606172,6396,82,0.76,0.08324869457878514,disc,11.989995065275172,direccional,-0.037728300044790546,-5.588085937500001,6.755378361475916,-12.343464298975917,-71.67704533115085,51.023574761063124,-64.46995241939311,6396,82,0.47,0.08716766433488435,val,-11.483464298975917,direccional,False,False,False
NQ,rth,zona,h1,0.00012127133286286535,0.09904461803590076,4.959463601532563,-4.860418983496662,-6.449521360813847,-3.3411779405205095,-1.4518410450363508,6525,85,1.0,0.024888377081523774,disc,-4.000418983496662,direccional,-0.02650372472759071,-1.7732423562225448,5.505331699096054,-7.2785740553185985,-9.116804098600257,-5.510492894027576,-3.528604296923342,6527,85,0.04,0.023292997532242142,val,-6.418574055318598,direccional,False,False,False
NQ,rth,zona,h5,-0.0016060597877237774,0.9000446213147445,5.048880711438205,-4.14883609012346,-6.805902339956395,-1.1864007807058903,-1.773047355388306,6522,85,0.945,0.02253855360582154,disc,-3.28883609012346,direccional,0.003970722148139118,-2.08101178334386,5.610300429184542,-7.691312212528402,-11.549360407676236,-3.707124848618962,-5.8397030232457965,6524,85,0.715,0.02094452120957657,val,-6.831312212528402,direccional,False,False,False
NQ,rth,zona,h15,0.005971368675540481,2.485437936162744,5.039963167587473,-2.554525231424729,-7.9818686559835825,2.6892619545124496,-2.864835036630333,6516,85,0.635,0.026198949924217504,disc,-1.6945252314247292,direccional,0.01816239900204077,8.07959219117474,5.5934642528382845,2.4861279383364554,-3.9181869193379577,8.692264537325185,1.598723074630774,6518,85,0.09,0.023362570386401032,val,3.3461279383364553,direccional,False,False,False
NQ,rth,zona,h60,0.0030941268465630267,2.526255040559836,4.925119432886419,-2.398864392326583,-12.396218694865514,7.516118160201225,-7.530901820796385,6489,85,0.84,0.025327407671037316,disc,-1.538864392326583,direccional,-0.01019014424364055,-5.992118247222839,5.4763364658758205,-11.468454713098659,-27.024377938103935,2.447935873551236,-21.608497726372793,6491,85,0.41,0.0251683636399404,val,-10.60845471309866,direccional,False,False,False
NQ,rth,zona,h240,-0.014228818093425409,12.124356093747572,5.083502170767006,7.040853922980566,-21.84368781251831,29.923541697824376,-16.964778399791246,3455,82,0.375,0.030393951733093352,disc,7.900853922980566,direccional,0.014327823606719779,-9.381484149855908,5.6701215981470785,-15.051605748002986,-49.43143444990206,22.097628842905685,-43.77025673935137,3454,82,0.37,0.03538689372112049,val,-14.191605748002987,direccional,False,False,False
NQ,rth,zona,cierre,-0.0037762545172927175,5.278192678274109,4.532895559724826,0.7452971185492823,-21.214855074445104,17.939136484370792,-16.466133217034226,6396,82,0.84,0.02442521061218938,disc,1.6052971185492821,direccional,0.003836420914636002,3.4196347254748893,6.755378361475916,-3.335743636001027,-26.23932904861964,18.399963818589143,-16.232211215990386,6396,82,0.845,0.029127294326260423,val,-2.475743636001027,direccional,False,False,False
NQ,rth,gap,cierre,-0.07886178861788619,175.30882352941177,4.887654320987654,170.42116920842412,-131.89558404558403,536.6993658702407,-126.90576923076922,81,81,0.47,0.22176326849417086,disc,171.28116920842413,direccional,-0.1115259033521985,88.9264705882353,7.180487804878048,81.74598278335725,-198.13123992336025,374.3014024066078,-192.33733748433585,82,82,0.35,0.22232954597367657,val,82.60598278335725,direccional,False,False,False
NQ,rth,vol30,h1,0.42719765706972757,19.558586721619257,4.959463601532563,14.599123120086695,11.930171098592693,17.02917345312386,16.82831158720239,6525,85,,,disc,15.459123120086694,no_direccional,0.37394818884731723,18.45164653922522,5.505331699096054,12.946314840129165,10.651678648659358,15.228674335911515,16.12531121903347,6527,85,,,val,13.806314840129165,no_direccional,False,False,False
NQ,rth,vol30,h5,0.4300767542337885,38.63855619899974,5.048880711438205,33.589675487561536,28.714207372425925,38.182420636588574,33.74295991734388,6522,85,,,disc,34.449675487561535,no_direccional,0.40232489387903975,38.92860986348187,5.610300429184542,33.318309434297326,29.5008668810997,36.82849869352577,35.17682787776583,6524,85,,,val,34.178309434297326,no_direccional,False,False,False
NQ,rth,vol30,h15,0.4277706013812347,67.78995456829763,5.039963167587473,62.74999140071016,52.50244525554894,72.11836289774669,57.45016095934669,6516,85,,,disc,63.60999140071016,no_direccional,0.3886300180710229,66.32700334867852,5.5934642528382845,60.73353909584023,53.47365333813911,67.7988768201565,59.105121761730096,6518,85,,,val,61.59353909584023,no_direccional,False,False,False
NQ,rth,vol30,h60,0.4134086208662213,131.5211213517665,4.925119432886419,126.59600191888009,99.61252137836,155.85908599135772,104.40873568193241,6489,85,,,disc,127.45600191888009,no_direccional,0.3671226028848521,107.65787000413246,5.4763364658758205,102.18153353825664,81.16733555893795,119.86814443331255,86.66406781823905,6491,85,,,val,103.04153353825664,no_direccional,False,False,False
NQ,rth,vol30,h240,0.30016064994951924,213.46941658156197,5.083502170767006,208.38591441079495,107.75895637778729,321.1075641272819,112.8832713604475,3455,82,,,disc,209.24591441079497,no_direccional,0.25466015627195837,136.25760590674136,5.6701215981470785,130.58748430859427,79.57898745657565,178.44002820846708,85.36631595273508,3454,82,,,val,131.44748430859428,no_direccional,False,False,False
NQ,rth,vol30,cierre,0.41801664966993335,210.19306738962047,4.532895559724826,205.66017182989563,140.37155460699609,306.09645084504274,144.96148481668976,6396,82,,,disc,206.52017182989565,no_direccional,0.35214565673065734,164.977353883875,6.755378361475916,158.22197552239908,110.85454593933225,203.29398030813866,117.69080240717051,6396,82,,,val,159.0819755223991,no_direccional,False,False,False
NQ,rth,ap30,u30,-0.03185798329413758,-2.2941176470588234,4.460975609756097,-6.75509325681492,-73.20938136287224,60.388283132426736,-68.7365155092137,82,82,0.645,0.20298625173458734,disc,-5.89509325681492,direccional,-0.05548632161033852,31.455882352941174,6.729268292682926,24.72661406025825,-62.347792956535336,116.49925001708,-53.61708333333333,82,82,0.63,0.2176149540586896,val,25.58661406025825,direccional,False,False,False
NQ,rth,gap15,u30,0.05895704419041149,-2.0441176470588225,4.467901234567901,-6.512018881626723,-97.01995230962756,75.42873263888887,-92.44155724789915,81,81,0.69,0.24791539112000785,disc,-5.652018881626723,direccional,-0.06603249926924916,-18.294117647058822,6.729268292682926,-25.02338593974175,-84.30397551296943,29.15518705299831,-77.35578399122807,82,82,0.51,0.21601486846410664,val,-24.16338593974175,direccional,False,False,False
NQ,eth,mom5,h1,0.004780543938852757,0.22536118988790027,7.1446073424262515,-6.919246152538351,-8.312126594002121,-5.886609810224675,-0.37772127773888725,16643,86,0.55,0.015733840120501427,disc,-6.059246152538351,direccional,0.04013016044920141,1.846399694998755,7.766530391390628,-5.9201306963918725,-6.7557315840356,-5.050675734782659,0.9589736548535983,16633,85,0.0,0.01679967743000785,val,-5.060130696391872,direccional,False,False,False
NQ,eth,mom5,h5,-0.005994788787296011,-0.11959072317190528,7.1579398623354695,-7.277530585507375,-8.91859135716547,-5.903011985913709,-1.082951168163145,16562,86,0.505,0.015888429297003088,disc,-6.417530585507374,direccional,-0.017945934602960418,0.2763841035121464,7.764866497523274,-7.488482394011127,-9.252553727339446,-5.832948399515296,-1.517625457565407,16554,85,0.015,0.015845994857105188,val,-6.628482394011127,direccional,False,False,False
NQ,eth,mom5,h15,-0.016146240113611106,1.1641726398569026,7.162747011466212,-5.99857437160931,-8.300624462553255,-3.7869881317748377,-0.8120619426665923,16396,86,0.035,0.015006988821378204,disc,-5.13857437160931,direccional,-0.011309746074911928,-1.2840424531528232,7.76442953020136,-9.048471983354183,-12.271838911154216,-5.9737753719832485,-4.456339132125006,16390,85,0.12,0.015416736654184507,val,-8.188471983354184,direccional,False,False,False
NQ,eth,mom5,h60,-0.007273173538706607,-0.8993073001110579,7.237039166826399,-8.136346466937457,-13.003965374440115,-3.2504389375910634,-5.7047578130972365,15651,85,0.315,0.015255816844865848,disc,-7.276346466937457,direccional,-0.005051229296705496,-0.6838700068626475,7.7996933299259,-8.483563336788547,-13.222139215401182,-3.5230910579810484,-5.443644217728238,15652,85,0.425,0.013968724536773551,val,-7.623563336788547,direccional,False,False,False
NQ,eth,mom5,h240,-0.0009953813114277935,2.1566873553616204,6.998111999999997,-4.841424644638376,-14.325982627877838,5.055232222824628,-7.501434178916396,15625,85,0.925,0.014980296004527004,disc,-3.9814246446383765,direccional,0.00320963550216999,-5.857087132414682,7.52723142875425,-13.384318561168932,-22.27533740383206,-4.637367085510443,-14.791954386117302,15629,85,0.575,0.013009719249137302,val,-12.524318561168933,direccional,False,False,False
NQ,eth,mom15,h1,-0.0184853003714876,0.6047324085142398,7.126519337016577,-6.521786928502338,-7.825609338486336,-5.624848993088499,0.1511372662202438,16471,86,0.015,0.015290504167247913,disc,-5.6617869285023374,direccional,-0.00041704292055976097,-0.7580117020188053,7.720020652372004,-8.478032354390809,-9.287927262208894,-7.631686947980407,-1.4439824874561622,16463,85,0.98,0.01606122078799024,val,-7.618032354390809,direccional,False,False,False
NQ,eth,mom15,h5,-0.01720684371947963,0.2638128922157244,7.139109212934718,-6.875296320718994,-8.441418756742948,-5.650547767754331,-0.5808127503264711,16390,86,0.0,0.01358807844283932,disc,-6.015296320718994,direccional,-0.016222608002141998,-0.49395231288078073,7.721960449218767,-8.215912762099547,-9.612658943322494,-6.732391897572646,-1.899020260973631,16384,85,0.035,0.0156857805053968,val,-7.355912762099547,direccional,True,False,False
NQ,eth,mom15,h15,-0.031979261953360025,1.548689311106331,7.148027613412231,-5.599338302305901,-8.259925648891016,-3.102643049741155,-0.8687545069903178,16224,86,0.0,0.020825182950719744,disc,-4.7393383023059,direccional,-0.011910682065847517,-1.4527114281240734,7.726757090012347,-9.17946851813642,-12.940096762794655,-4.966001214354245,-5.194090737616206,16220,85,0.375,0.02412115818047649,val,-8.319468518136421,direccional,True,False,False
NQ,eth,mom15,h60,-0.009647066299941023,1.6597881986782488,7.224979006524122,-5.565190807845873,-12.66232873899962,1.9668312878163636,-5.423411080367928,15481,85,0.475,0.027748631333124718,disc,-4.705190807845873,direccional,0.00325584049535266,-2.333684327200177,7.764552383413007,-10.098236710613184,-18.386966552739477,-1.5863804153141328,-10.65245983315784,15482,85,0.865,0.024248996038506967,val,-9.238236710613185,direccional,False,False,False
NQ,eth,mom15,h240,-0.0016397202716015291,6.974573589280897,6.985862180524097,-0.011288591243199697,-16.51745716558096,17.715413870194592,-8.953238780247085,15455,85,0.935,0.023625163287645846,disc,0.8487114087568003,direccional,0.025034699805894345,-16.991645694937255,7.497063199430763,-24.488708894368017,-43.61295702654536,-6.191276345557769,-36.02950491448141,15459,85,0.045,0.024838096004389174,val,-23.628708894368017,direccional,False,False,False
NQ,eth,mom60,h1,-0.02774895998800247,0.7356549124001233,7.085819849662374,-6.350164937262251,-7.952131053022319,-5.257511048050458,0.06050058406180495,15698,85,0.02,0.017090473148428417,disc,-5.490164937262251,direccional,-0.02311753250729149,0.739662245951632,7.609071219263611,-6.8694089733119785,-7.653194278598987,-6.127286243290239,-0.006303867617773087,15698,85,0.0,0.013744628684525017,val,-6.009408973311978,direccional,False,False,False
NQ,eth,mom60,h5,-0.019076610279143737,0.34391596550217785,7.097464464079906,-6.753548498577728,-8.587397690326616,-5.3146358129576585,-0.7562414666100215,15618,85,0.01,0.013449470005543484,disc,-5.893548498577728,direccional,-0.017286501495680874,0.2764014337792533,7.610736922978435,-7.334335489199182,-8.881996218948634,-5.826430303310548,-1.2547069857745343,15619,85,0.055,0.015795874564215884,val,-6.474335489199182,direccional,False,False,False
NQ,eth,mom60,h15,-0.022923490983717376,-0.6296831093406332,7.10894266856477,-7.738625777905403,-10.662266933968931,-4.584183916045898,-3.502842524620557,15454,85,0.065,0.02463918768038866,disc,-6.878625777905403,direccional,-0.011503388549980975,1.6227070087786761,7.618537690067949,-5.995830681289274,-9.369881921305797,-1.8142855247719074,-1.7252344510679343,15455,85,0.4,0.024528287450507683,val,-5.135830681289273,direccional,False,False,False
NQ,eth,mom60,h60,-0.010376535252821978,2.608621860149355,7.201644468605591,-4.593022608456236,-15.190068342936698,8.200446825836272,-8.034358067123758,14716,85,0.67,0.04154421237031885,disc,-3.733022608456236,direccional,0.009264770901648048,1.635391091874839,7.689834884827076,-6.054443792952236,-21.80555656714171,11.101002368055935,-13.977711991683448,14717,85,0.705,0.04479908460088079,val,-5.194443792952236,direccional,False,False,False
NQ,eth,mom60,h240,-0.009485131078039319,9.953705680641821,6.952008168822318,3.0016975118195033,-32.84907240351508,38.963827197973,-25.849161406240658,14690,85,0.725,0.048616422358044135,disc,3.861697511819503,direccional,0.042941764777476306,-25.113340508848726,7.432802504423579,-32.54614301327231,-66.92587330592157,3.6044508061168097,-59.620434232629464,14694,85,0.085,0.048313186423350814,val,-31.686143013272307,direccional,False,False,False
NQ,eth,mom240,h1,-0.023317149309753114,0.9136094674556212,7.057778129450848,-6.144168661995227,-7.805371120595289,-4.7641816753160375,0.0332053627628113,12638,85,0.01,0.01614128935092767,disc,-5.284168661995227,direccional,-0.02112103847814564,0.725178006329114,7.44051273935749,-6.715334733028376,-7.675460200368687,-5.7658712779140195,-0.22726325681057277,12638,85,0.035,0.017113268186405028,val,-5.855334733028376,direccional,False,False,False
NQ,eth,mom240,h5,-0.010041532825610525,-0.2436527274870475,7.069851887243178,-7.313504614730226,-9.564134865525292,-5.2689039384054634,-1.7871908916065646,12558,85,0.27,0.016737705925253803,disc,-6.4535046147302255,direccional,0.0023460394144015745,-0.5871994511434931,7.468516601640251,-8.055716052783744,-9.742217536047244,-6.170028909005812,-2.135104072597518,12559,85,0.695,0.015639323979006286,val,-7.195716052783744,direccional,False,False,False
NQ,eth,mom240,h15,-0.006749243767312203,-0.9921066034308255,7.086864611908974,-8.0789712153398,-11.909307654726716,-3.4770418827404694,-4.614855534419251,12394,85,0.61,0.027986639088974526,disc,-7.2189712153398,direccional,0.017165288697384803,-3.2580598557054303,7.486365469947552,-10.744425325652983,-14.993622661068668,-5.998267942959077,-7.411602494350842,12395,85,0.12,0.024286522912985414,val,-9.884425325652984,direccional,False,False,False
NQ,eth,mom240,h60,-0.029532536339865637,6.940855314860833,7.204993136582005,-0.26413782172117184,-14.448722857528525,17.13000149764767,-7.390657472356591,11656,85,0.255,0.05387686345706771,disc,0.5958621782788281,direccional,0.029075455119681095,-10.203279039862839,7.598893368791277,-17.802172408654116,-34.819335961243084,0.7834547325291437,-27.166409304414927,11657,85,0.24,0.04952551620939612,val,-16.942172408654116,direccional,False,False,False
NQ,eth,mom240,h240,0.005101739546832783,-19.989538401755265,6.879535683576942,-26.86907408533221,-87.05516981665774,35.66232813843896,-79.85746021098954,11630,85,0.905,0.09253759036706677,disc,-26.00907408533221,direccional,-0.009004537818118467,-2.2496570857871134,7.343441636582423,-9.593098722369536,-95.98167322538674,73.29798298378726,-88.3200219301916,11634,85,0.825,0.09261704167006445,val,-8.733098722369537,direccional,False,False,False
NQ,eth,vwap,h1,-0.009355038958956674,0.3947997609085475,7.160804590830297,-6.76600482992175,-8.273452961339938,-5.595035587651447,-0.40125384092815214,16729,86,0.22,0.015250611539180385,disc,-5.906004829921749,direccional,-0.021068459138886133,0.8216208133971291,7.79297678870545,-6.97135597530832,-7.876110120148876,-5.546382593389201,-0.10592366222104038,16716,85,0.005,0.014373964439878442,val,-6.11135597530832,direccional,False,False,False
NQ,eth,vwap,h5,-0.0058008543472789515,0.0807807807807808,7.170002402691019,-7.089221621910238,-8.68642749028747,-5.470220514034116,-1.0017287132674333,16648,86,0.4,0.014129371083592763,disc,-6.229221621910238,direccional,-0.008626671679958954,0.35073617788461536,7.792348380116627,-7.441612202232012,-9.077198502964404,-5.091279869592185,-1.32977758909715,16637,85,0.22,0.013292270879426452,val,-6.581612202232011,direccional,False,False,False
NQ,eth,vwap,h15,-0.002700350009420962,-0.38004246284501064,7.1748452857662945,-7.554887748611305,-11.036146488553607,-3.717687587805669,-3.6362142084686297,16482,86,0.825,0.024621038748092513,disc,-6.694887748611305,direccional,-0.0021941309441476033,1.7034901365705615,7.784963273235008,-6.081473136664447,-10.74658010952933,-0.010074082716533709,-2.906308844412103,16473,85,0.895,0.022354695127618965,val,-5.2214731366644465,direccional,False,False,False
NQ,eth,vwap,h60,0.010696525361295547,2.8440279542566707,7.24780122013218,-4.403773265875509,-19.421432762881906,8.401276097826676,-11.720518436278706,15736,85,0.77,0.05418592206732816,disc,-3.5437732658755094,direccional,0.0004908408342535103,-5.47974261201144,7.820114394661594,-13.299857006673033,-32.27924367910045,3.1287567674388166,-24.27784406325734,15735,85,0.97,0.04650713986560778,val,-12.439857006673034,direccional,False,False,False
NQ,eth,vwap,h240,0.01620114584874773,-4.8447644812221515,7.007829408020365,-11.852593889242517,-72.2526247618819,38.16722132122591,-65.1841933442861,15710,85,0.71,0.09105185414102893,disc,-10.992593889242517,direccional,-0.03494629225153718,-39.459672287623285,7.542375254582495,-47.00204754220578,-126.48443008177496,28.738501672155003,-118.95424235548597,15712,85,0.375,0.09235336360221244,val,-46.14204754220578,direccional,False,False,False
NQ,eth,ofi5,h1,-0.004841858140595084,0.13022410660205938,6.631524109522663,-6.501300002920603,-7.010925662795863,-6.0133782685958135,-0.2889367830618598,16508,86,0.635,0.015242592677583024,disc,-5.641300002920603,direccional,0.017566546559616283,-0.8300720142872879,7.767392350252605,-8.597464364539892,-9.260549477814116,-8.00395719756505,-1.4273505209503736,16628,85,0.02,0.016355741015065865,val,-7.737464364539892,direccional,False,False,False
NQ,eth,ofi5,h5,-0.011935019828370454,0.25281497261107727,6.643791088385687,-6.3909761157746106,-7.238587176134949,-5.586292486300724,-0.5568738953043028,16428,86,0.09,0.013380633613850305,disc,-5.53097611577461,direccional,-0.018199161469320872,0.30400302114803623,7.763919270046545,-7.459916248898509,-8.768358321387463,-6.329622356929108,-0.9825384817563131,16549,85,0.0,0.01527335178826655,val,-6.599916248898508,direccional,False,False,False
NQ,eth,ofi5,h15,-0.01768266200054307,1.4123627590100616,6.646895364564125,-5.2345326055540635,-6.570492157700084,-3.8940719807246564,0.09614132825954504,16266,86,0.015,0.01456044309101307,disc,-4.374532605554063,direccional,-0.007028786771788897,-0.5285234899328859,7.763123207420534,-8.29164669735342,-10.06782475249599,-6.609564328660087,-2.2424590926270054,16387,85,0.445,0.01654852154174947,val,-7.431646697353419,direccional,False,False,False
NQ,eth,ofi5,h60,-0.017433026092939518,1.678122987765615,6.714585749259117,-5.036462761493502,-9.023927924006909,-1.1018550397863138,-2.2799115453619208,15522,85,0.025,0.015417321758638778,disc,-4.176462761493502,direccional,0.008408469543723996,-2.8891727882465665,7.7996933299259,-10.688866118172466,-14.639847772934617,-6.866794767706336,-6.876606823856974,15652,85,0.345,0.017708409112723814,val,-9.828866118172467,direccional,False,False,False
NQ,eth,ofi5,h240,-0.00016972448068961767,-4.775262389155136,6.548683531233866,-11.323945920389002,-21.239556135622223,-1.729554113960619,-14.688960452112834,15496,85,0.97,0.015724109135273542,disc,-10.463945920389003,direccional,0.013723474871768743,-11.464891234804863,7.52723142875425,-18.992122663559115,-33.06495163019331,-6.605076621634267,-25.4602589541363,15629,85,0.095,0.0157846016562489,val,-18.132122663559116,direccional,False,False,False
NQ,eth,ofi60,h1,-0.03649362669331047,0.9475288831835686,6.58780487804878,-5.6402759948652115,-6.219889199833646,-5.089847145824389,0.3729933925958898,15580,85,0.0,0.016970041451474287,disc,-4.780275994865211,direccional,-0.01945853540021671,0.38694267515923564,7.609071219263611,-7.222128544104375,-7.822974299707963,-6.6484855892072545,-0.1682517222410486,15698,85,0.0,0.01197619258917987,val,-6.362128544104375,direccional,True,False,False
NQ,eth,ofi60,h5,-0.02088254341921364,0.6564516129032258,6.598387096774194,-5.941935483870968,-6.76891622640493,-5.083358325446757,-0.145419827042737,15500,85,0.0,0.012810464742032074,disc,-5.081935483870968,direccional,-0.003994272829798649,-0.7019846350832266,7.610736922978435,-8.312721558061662,-9.44827933735095,-7.1415689182629425,-1.720477565435816,15619,85,0.75,0.01597418380274596,val,-7.452721558061662,direccional,True,False,False
NQ,eth,ofi60,h15,-0.024354827351932777,1.4806877444589308,6.608528951486696,-5.127841207027766,-7.808655717168529,-2.2857061321785137,-1.1637670210395883,15336,85,0.025,0.020906978506371344,disc,-4.267841207027765,direccional,0.008651130871210777,-1.6148495632481397,7.618537690067949,-9.233387253316089,-12.180536951422782,-5.658010650199587,-4.487249434846531,15455,85,0.505,0.02385473033494092,val,-8.37338725331609,direccional,False,False,False
NQ,eth,ofi60,h60,-0.007575956378863847,0.6126712328767123,6.69531442663378,-6.082643193757067,-14.088538590492817,3.385300595985083,-7.502652682236336,14598,85,0.675,0.03845289280114244,disc,-5.222643193757067,direccional,0.03844746510167,-5.592391304347826,7.689834884827076,-13.282226189174903,-24.8489758139434,-1.6188476971618035,-17.075302576162482,14717,85,0.055,0.0399933477011121,val,-12.422226189174904,direccional,False,False,False
NQ,eth,ofi60,h240,0.006829248616083251,2.3903087478559177,6.523455942904192,-4.1331471950482745,-32.30798028461487,23.476569545448207,-25.84021724691274,14572,85,0.825,0.04450712362910797,disc,-3.2731471950482747,direccional,0.05325853420957624,27.71333787002382,7.432802504423579,20.280535365600244,-21.61690623521419,60.98413014163653,-14.321268330783301,14694,85,0.0,0.04986909539549061,val,21.140535365600243,direccional,False,False,False
NQ,eth,zona,h1,0.000780359429146589,0.057173091172599555,7.158536000958432,-7.101362909785832,-8.560089820897128,-6.140493475482082,-0.5044725935286823,16694,86,0.935,0.015650116799850358,disc,-6.241362909785832,direccional,0.017162367927713584,0.696812627311679,7.789115197987198,-7.092302570675519,-7.753459328235535,-6.385283676640132,0.11786507493827676,16693,85,0.04,0.016656957789978145,val,-6.232302570675519,direccional,False,False,False
NQ,eth,zona,h5,0.0025748197292599366,0.22593441440899764,7.168645037019206,-6.942710622610209,-8.586110531794835,-5.687575178160246,-0.8750257172501616,16613,86,0.755,0.014264398487821057,disc,-6.082710622610208,direccional,0.022356447031750975,1.2095245514796007,7.789310220296154,-6.5797856688165535,-7.850514194385002,-5.33897348143326,-0.048446211158407186,16614,85,0.0,0.018101803881560814,val,-5.719785668816553,direccional,False,False,False
NQ,eth,zona,h15,-0.0038208832460514147,-0.1238822601738169,7.17391013558704,-7.297792395760856,-9.353046225231727,-5.448515515594721,-1.9104980101920437,16447,86,0.65,0.01665604873791412,disc,-6.437792395760856,direccional,0.021519142821269942,-2.6456857334209314,7.7827963525836035,-10.428482086004536,-12.722609225628716,-8.24321311681754,-4.879509848797928,16450,85,0.0,0.017165608145014652,val,-9.568482086004536,direccional,False,False,False
NQ,eth,zona,h60,0.008748718729509289,3.4461027741872585,7.247430099993629,-3.8013273258063704,-7.423471553969471,0.012040332929567438,0.029801410185552584,15701,85,0.27,0.014430400592790438,disc,-2.9413273258063706,direccional,0.0018966562463040614,2.4836550361151843,7.817133401222008,-5.333478365106823,-10.45247032582404,-0.7383420755268297,-2.6635398492350384,15712,85,0.855,0.013242996207860142,val,-4.473478365106823,direccional,False,False,False
NQ,eth,zona,h240,-0.007612400458030916,3.9194628838731695,7.0060925039872375,-3.086629620114068,-11.857880610313924,5.370575896444215,-4.699544162676251,15675,85,0.36,0.01677137755660406,disc,-2.226629620114068,direccional,0.0037558762983713524,-3.913825018015745,7.540066288482388,-11.453891306498132,-21.553391865664135,-2.1592543489091427,-14.021679414650743,15689,85,0.66,0.015818111705394183,val,-10.593891306498133,direccional,False,False,False
NQ,eth,vol30,h1,0.38919557782273234,8.912153022260643,6.604394306669158,2.3077587155914854,1.0167232535953583,3.3383728698720208,7.511662748955549,16089,86,,,disc,3.1677587155914853,no_direccional,0.39029782256621504,10.628480813651262,7.680910661401793,2.947570152249469,1.7711903582750566,4.365870166090615,9.328031614166534,16208,85,,,val,3.8075701522494687,no_direccional,False,False,False
NQ,eth,vol30,h5,0.3707187994135424,17.18292013798282,6.613018490754626,10.569901647228193,8.306118608333739,12.542724143637269,14.768297480321987,16008,86,,,disc,11.429901647228192,no_direccional,0.37703618785161763,20.87532972033836,7.683309566619147,13.192020153719213,10.74865522711832,15.743335775469113,18.27033091609596,16129,85,,,val,14.052020153719212,no_direccional,False,False,False
NQ,eth,vol30,h15,0.34199071651664326,27.729189101768156,6.622636030804194,21.10655307096396,16.699554875097668,24.84816812218241,23.216571685430722,15842,86,,,disc,21.96655307096396,no_direccional,0.35947131330380167,35.0660211206134,7.688662699655511,27.37735842095789,22.542575247942352,32.81401710062495,30.096873034149358,15965,85,,,val,28.23735842095789,no_direccional,False,False,False
NQ,eth,vol30,h60,0.34127516892383997,62.03538954195959,6.698768375049661,55.33662116690993,45.582977643512095,63.13470116694956,52.12851900685087,15102,85,,,disc,56.19662116690993,no_direccional,0.34901234734054015,74.6005295180313,7.737000065672829,66.86352945235846,53.26971303809393,79.9676279975765,60.90804947453446,15227,85,,,val,67.72352945235846,no_direccional,False,False,False
NQ,eth,vol30,h240,0.3076670580812529,141.356927845104,6.53272751392942,134.82420033117458,100.6808172439214,167.89530407653734,106.97869430765881,15076,85,,,disc,135.6842003311746,no_direccional,0.28994797381920023,135.5721142316152,7.473533280715611,128.0985809508996,88.67071978044817,165.02202937846744,96.25201045877829,15204,85,,,val,128.9585809508996,no_direccional,False,False,False
YM,todo,mom5,h1,-0.012422377467304417,0.16141734026874896,5.480523438633835,-5.3191060983650855,-8.255457115988587,-3.7384054372128714,-0.14940810980910277,20671,76,0.085,0.0135884303831413,disc,-5.3191060983650855,direccional,0.047312352410911133,-1.10925391549066,4.273347732181421,-5.382601647672081,-5.841079223112581,-4.926710040142637,-1.5198790898089463,23150,85,0.0,0.011516742299931106,val,-5.382601647672081,direccional,False,False,False
YM,todo,mom5,h5,-0.007636692569690537,-0.007733868852085046,5.533746054867687,-5.5414799237197725,-8.537775310523397,-3.717753419616301,-0.585945400115093,20595,76,0.235,0.012928345342927923,disc,-5.5414799237197725,direccional,0.0025446262126117064,-0.6352955679627131,4.312356384131799,-4.947651952094512,-5.7806862443252545,-4.126917539253273,-1.438612972574194,23065,85,0.77,0.01521478541588087,val,-4.947651952094512,direccional,False,False,False
YM,todo,mom5,h15,-0.00975486636617174,-0.47070322495336153,5.533175169984836,-6.003878394938197,-9.669652454994994,-3.749227013426494,-1.620654075454354,20443,76,0.15,0.01424109124586524,disc,-6.003878394938197,direccional,-0.004197730260720835,-0.4098415519070766,4.303668923345704,-4.7135104752527806,-6.226173619988241,-3.3861824423866267,-1.8965648761438352,22895,85,0.625,0.014315451509056954,val,-4.7135104752527806,direccional,False,False,False
YM,todo,mom5,h60,-0.010365518481158787,-0.6331701597597557,5.557776203249149,-6.190946363008904,-10.466120907852439,-3.10502275706232,-3.145501988826193,19759,76,0.195,0.014407399195097677,disc,-6.190946363008904,direccional,-0.0038691282531619488,-0.004299096697979232,4.274062358788966,-4.278361455486945,-6.881272671035182,-1.7011015835993353,-2.613161583549619,22130,85,0.495,0.01209135220417107,val,-4.278361455486945,direccional,False,False,False
YM,todo,mom5,h240,-0.0020075022559205326,0.06788601135192973,5.763655054925679,-5.695769043573749,-10.63221603341339,-1.7980797623213445,-3.284355558214224,17023,76,0.765,0.01543717540178968,disc,-5.695769043573749,direccional,0.008024025384153118,-1.153382234658772,4.297902464604078,-5.4512846992628505,-11.033769236794017,0.21041962380095547,-6.691574219700517,19070,85,0.22,0.013239048335961703,val,-5.4512846992628505,direccional,False,False,False
YM,todo,mom5,cierre,-0.002874825890322804,-5.409710710503292,3.7182297154899913,-9.127940425993284,-18.14055058124916,0.07570748747752631,-14.408385143946733,5694,73,0.92,0.026853001471154388,disc,-9.127940425993284,direccional,-0.009202431367284963,0.5703819394289567,7.671575984990613,-7.101194045561657,-18.248685366051593,3.2600865115167013,-9.57641936536149,6396,82,0.5,0.022840921500879578,val,-7.101194045561657,direccional,False,False,False
YM,todo,mom15,h1,-0.007940946983902296,-0.024460544177191998,5.463867634874993,-5.488328179052185,-8.449035298305267,-3.8688773378213193,-0.35177253547357784,20519,76,0.29,0.013697476630239194,disc,-5.488328179052185,direccional,0.010029689964218446,-0.3317367589749646,4.248955613577017,-4.580692372551982,-4.963233240295322,-4.208739053011875,-0.675496019602428,22980,85,0.11,0.01239884029533062,val,-4.580692372551982,direccional,False,False,False
YM,todo,mom15,h5,-0.009670477694452045,0.16370856117186022,5.518940468620064,-5.355231907448204,-8.474842741907139,-3.4955454769938923,-0.5616432610518012,20443,76,0.155,0.015127070610023207,disc,-5.355231907448204,direccional,0.001918151965611487,-0.09939053339126196,4.292181699060926,-4.391572232452188,-4.927584922814922,-3.8181436915167772,-0.6424964734299454,22895,85,0.645,0.013555296125043012,val,-4.391572232452188,direccional,False,False,False
YM,todo,mom15,h15,-0.00488412025672775,-0.43924520393729993,5.523823369966978,-5.963068573904278,-9.222821721501228,-3.451145072848738,-1.96587815073637,20291,76,0.68,0.02336027695758149,disc,-5.963068573904278,direccional,-0.008674327028883766,-0.005862905520886863,4.286666666666661,-4.292529572187548,-6.096509342843245,-2.481800558242401,-1.8048942420070062,22725,85,0.38,0.01807370655418639,val,-4.292529572187548,direccional,False,False,False
YM,todo,mom15,h60,-0.017232766912106096,0.8717595177536395,5.551553016779718,-4.679793499026079,-9.01925573152473,-0.6420563299980735,-2.304360335014931,19607,76,0.175,0.024077807851609203,disc,-4.679793499026079,direccional,0.004880750954746402,-0.8575015258705103,4.260792349726767,-5.118293875597278,-9.188963010558071,-1.4595197526116932,-4.910164291229812,21960,85,0.665,0.023266541392995783,val,-5.118293875597278,direccional,False,False,False
YM,todo,mom15,h240,-0.0018689411720630986,-1.0117005903149323,5.748793788157184,-6.760494378472116,-14.3808654996249,-0.26971273055858386,-7.740851333833412,16871,76,0.905,0.0289542923780413,disc,-6.760494378472116,direccional,0.025003416759850534,-8.39194223236954,4.283174603174593,-12.675116835544134,-21.39380490547451,-4.2323820050398755,-17.17624936675143,18900,85,0.035,0.021210956425669218,val,-12.675116835544134,direccional,False,False,False
YM,todo,mom15,cierre,-0.010867832906393662,0.8036135855350439,3.7182297154899913,-2.9146161299549473,-14.250115195650002,8.003241839358786,-10.465235860875138,5694,73,0.725,0.04723035889612287,disc,-2.9146161299549473,direccional,-0.019582545010810883,3.5755909584209453,7.671575984990613,-4.095985026569668,-17.70497365422735,9.589553758071546,-8.539922289489041,6396,82,0.35,0.03805926711934428,val,-4.095985026569668,direccional,False,False,False
YM,todo,mom60,h1,-0.011166047644604939,-0.007107353205672573,5.453012351903197,-5.46011970510887,-8.436187724282696,-3.8024796254038447,-0.3263300926728061,19835,76,0.16,0.01501534612568072,disc,-5.46011970510887,direccional,-0.00516834071860476,0.18330609526769043,4.213751969390045,-4.030445874122354,-4.388760322789182,-3.6830907376352466,-0.1979166306962453,22215,85,0.46,0.01419301006182278,val,-4.030445874122354,direccional,False,False,False
YM,todo,mom60,h5,-0.01632098957890612,0.1974081752422025,5.513593805354518,-5.316185630112316,-8.43156846610815,-3.4253225052007075,-0.34923668245811285,19759,76,0.07,0.01731990277580865,disc,-5.316185630112316,direccional,0.0007939008296069574,0.019753853411746125,4.257930411206498,-4.238176557794752,-4.986147539988295,-3.4855528018163664,-0.7529644529463119,22130,85,0.92,0.013947827835133004,val,-4.238176557794752,direccional,False,False,False
YM,todo,mom60,h15,-0.02270401282553632,0.5099193021646335,5.5218697403988335,-5.0119504382342,-9.001112184006265,-2.20547051271215,-1.2734267472475556,19607,76,0.1,0.027706116433906674,disc,-5.0119504382342,direccional,0.004454565195678071,0.36137501490812485,4.256511839708553,-3.8951368248004283,-6.088360394266333,-1.633911888302804,-1.8279593148518385,21960,85,0.62,0.023964037880038265,val,-3.8951368248004283,direccional,False,False,False
YM,todo,mom60,h60,-0.016867509445691414,0.31236416693545044,5.567811657770961,-5.255447490835511,-12.115209182594896,0.8310757426600717,-5.336080110454114,18923,76,0.44,0.04489675491015141,disc,-5.255447490835511,direccional,0.014603265820363389,0.5144671841919548,4.240976645435236,-3.726509461243281,-10.711290865914476,3.66851904852056,-6.488491009533574,21195,85,0.355,0.0330262540377737,val,-3.726509461243281,direccional,False,False,False
YM,todo,mom60,h240,-0.0016601704927938909,0.35656209181371246,5.722759004139115,-5.366196912325402,-18.891827019180493,8.223113659096134,-12.374632333118601,16187,76,0.99,0.05376520668113492,disc,-5.366196912325402,direccional,0.038258630097610304,-7.137535334834142,4.262503446374402,-11.400038781208544,-28.58892304302411,7.158382845330474,-24.261613269770134,18135,85,0.07,0.041267599040929005,val,-11.400038781208544,direccional,False,False,False
YM,todo,mom60,cierre,-0.043071508705927304,9.413081650570676,3.7182297154899913,5.694851935080685,-17.09603726749381,30.749056190302294,-13.509867615228266,5694,73,0.295,0.08237949173246545,disc,5.694851935080685,direccional,-0.03269244005241315,12.53434846972023,7.671575984990613,4.862772484729617,-14.537149696867798,26.62519236697941,-6.4699602992546215,6396,82,0.3,0.06342707159315622,val,4.862772484729617,direccional,False,False,False
YM,todo,mom240,h1,-0.004210225193045891,-0.15702716730197697,5.588753728288197,-5.745780895590174,-9.032543877099169,-3.8538581221440933,-0.5901664747440554,17099,76,0.78,0.017981654673311347,disc,-5.745780895590174,direccional,0.005761638282608365,-0.00630469227934052,4.2172017749934625,-4.223506467272803,-4.729864705509276,-3.7002696811147073,-0.5220649896880714,19155,85,0.46,0.016760252377967477,val,-4.223506467272803,direccional,False,False,False
YM,todo,mom240,h5,0.003112601778580143,0.21177218234629117,5.65033777829994,-5.43856559595365,-8.857187992680412,-3.3575113316522405,-0.444034729327717,17023,76,0.64,0.016034855648181325,disc,-5.43856559595365,direccional,0.006302240711113438,0.14029209972474666,4.26622968012584,-4.125937580401094,-5.045506448212388,-3.381653758083446,-0.7705942901980499,19070,85,0.255,0.01326224103061414,val,-4.125937580401094,direccional,False,False,False
YM,todo,mom240,h15,0.004883333632963202,0.7927215466056727,5.651704107640322,-4.858982561034649,-8.772585004949283,-2.211155954960673,-1.0226024838418168,16871,76,0.71,0.027456185884116753,disc,-4.858982561034649,direccional,0.012546800433425077,0.19879924086820663,4.265132275132264,-4.066333034264058,-6.516433974281647,-1.714143659816897,-2.192690544301306,18900,85,0.22,0.021145651974642937,val,-4.066333034264058,direccional,False,False,False
YM,todo,mom240,h60,-0.008537689052531263,0.2823480034145878,5.65752146784456,-5.375173464429972,-12.220087636033668,2.313087384079786,-5.732044949651812,16187,76,0.79,0.05611566818269975,disc,-5.375173464429972,direccional,0.033750981672242046,-1.0846542640889756,4.2488833746898145,-5.33353763877879,-14.309599447311317,4.022314008922756,-10.163928387006226,18135,85,0.095,0.04190330784411556,val,-5.33353763877879,direccional,False,False,False
YM,todo,mom240,h240,-0.019147996490172944,3.427434610148191,5.712950709984381,-2.28551609983619,-30.751127698691835,24.791159344370413,-23.396308850604754,13451,76,0.66,0.08264595393681771,disc,-2.28551609983619,direccional,0.023662841750679352,-5.916878469285729,4.284941956882243,-10.201820426167972,-42.62236107702262,27.844072689673535,-38.42361915829172,15075,85,0.555,0.06955516423065841,val,-10.201820426167972,direccional,False,False,False
YM,todo,mom240,cierre,-0.12323328150568132,27.33053251544137,3.7182297154899913,23.61230279995138,-13.63266405800904,61.682499922196385,-10.002303151791967,5694,73,0.145,0.15125492098681848,disc,23.61230279995138,direccional,-0.005449645755673397,0.8515198752922837,7.671575984990613,-6.82005610969833,-41.47973468660739,35.42956867274694,-35.220279844544386,6396,82,0.965,0.11943852385876944,val,-6.82005610969833,direccional,False,False,False
YM,todo,vwap,h1,-0.006308924689434079,-0.11843373493975903,5.499604762134286,-5.618038497074045,-8.60109357455421,-3.973791052685903,-0.4766795880665393,20747,76,0.455,0.014973325172358151,disc,-5.618038497074045,direccional,-0.0001953396879454552,0.05282978265547666,4.297779116811564,-4.244949334156088,-4.679468999615643,-3.6723676871924624,-0.39417232816851305,23234,85,0.98,0.014295587781409711,val,-4.244949334156088,direccional,False,False,False
YM,todo,vwap,h5,-0.0064653872574179615,-0.16136638452237,5.5497508586909206,-5.71111724321329,-8.95711813067415,-3.863099395722261,-0.7485541652882156,20671,76,0.38,0.01512083736552219,disc,-5.71111724321329,direccional,-0.002216990366071331,0.027483801295896337,4.33276167437038,-4.305277873074483,-5.053470333294263,-3.400975270995819,-0.7045300848689011,23149,85,0.78,0.012927804296196475,val,-4.305277873074483,direccional,False,False,False
YM,todo,vwap,h15,-0.006346392309908226,-0.32090643274853803,5.545645499293339,-5.866551932041877,-9.37229436309154,-3.3297286771259937,-1.7738873616339232,20519,76,0.585,0.023122173936144554,disc,-5.866551932041877,direccional,-0.0015825649654957923,0.8213120104438643,4.320296792723786,-3.498984782279922,-6.128881163795758,-0.6827845114719803,-1.7695171310328413,22979,85,0.835,0.017642002856980782,val,-3.498984782279922,direccional,False,False,False
YM,todo,vwap,h60,-0.021259592072806796,0.17777917822031764,5.566599445424751,-5.388820267204434,-12.043096509703158,1.4683671491369539,-5.668606449756866,19835,76,0.36,0.046295242342952785,disc,-5.388820267204434,direccional,0.015330332949043261,0.8301260409633131,4.287683442873858,-3.457557401910545,-11.449427334099852,5.953689914050358,-7.175110274123153,22214,85,0.375,0.039122694956847365,val,-3.457557401910545,direccional,False,False,False
YM,todo,vwap,h240,-0.03414352642756135,5.746783625730994,5.7779460787180446,-0.03116245298705067,-21.934087824328056,21.037315936623386,-15.316451809713183,17099,76,0.365,0.0823613802011883,disc,-0.03116245298705067,direccional,0.023601875421249873,-0.15609501435656536,4.313647279941516,-4.469742294298081,-32.032423773781794,24.861332011000798,-27.797407522399755,19154,85,0.43,0.06522299082468716,val,-4.469742294298081,direccional,False,False,False
YM,todo,vwap,cierre,-0.13785206874534056,21.49122036874451,3.7182297154899913,17.77299065325452,-14.22002759050582,52.61279083156619,-10.443960205775616,5694,73,0.05,0.1380135964630775,disc,17.77299065325452,direccional,-0.018930129462887496,3.1158203125,7.671575984990613,-4.555755672490614,-48.329608270487306,43.03417225382132,-40.674579326885784,6396,82,0.82,0.12350820278009639,val,-4.555755672490614,direccional,False,False,False
YM,todo,ofi5,h1,-0.014205862200590624,0.0242151375030421,4.156219268779507,-4.1320041312764655,-4.291837931386854,-3.9651829776038223,-0.1119289644899173,20541,76,0.0,0.01174367707004455,disc,-4.1320041312764655,direccional,0.026006588017308714,-0.3342896535149135,4.273407058620238,-4.6076967121351515,-4.992764302319057,-4.303642891676506,-0.6543923160885945,23149,85,0.0,0.012620026229345117,val,-4.6076967121351515,direccional,True,False,False
YM,todo,ofi5,h5,-0.01228009692463268,0.08298786456254283,4.199926704128995,-4.116938839566452,-4.452589399915698,-3.7995847527304294,-0.22968180802687627,20465,76,0.085,0.012715508450531234,disc,-4.116938839566452,direccional,-0.000590087035747505,-0.23687280994589244,4.312417620534163,-4.549290430480055,-5.106674583492772,-4.041039819177515,-0.7320794022383643,23064,85,0.965,0.012106996253769405,val,-4.549290430480055,direccional,False,False,False
YM,todo,ofi5,h15,-0.023003951244595273,0.5389627545537703,4.1976419041992745,-3.6586791496455042,-4.16604143361497,-3.1677825354124347,0.03555428330010289,20313,76,0.0,0.014275132650633484,disc,-3.6586791496455042,direccional,-0.0027249557292261593,-0.44074801248240647,4.3036865554293655,-4.744434567911772,-5.355501411024923,-4.133264790115102,-1.0503515743091048,22894,85,0.725,0.012711749322580264,val,-4.744434567911772,direccional,True,False,False
YM,todo,ofi5,h60,-0.01268399592418452,0.22198879551820727,4.219119669876194,-3.9971308743579863,-5.23911129875358,-2.822125263362171,-1.0140656095968203,19629,76,0.13,0.013982548483688568,disc,-3.9971308743579863,direccional,-0.003283628366964857,-0.9969802798234658,4.274124452076452,-5.271104731899918,-6.735481928820958,-3.7828499642287654,-2.4823553977077886,22129,85,0.67,0.013579302886377268,val,-5.271104731899918,direccional,False,False,False
YM,todo,ofi5,h240,-0.0024681009681712354,0.5721800966662276,4.434955306931849,-3.862775210265622,-7.503931811536556,-0.4102581763903967,-2.8883641049851234,16893,76,0.76,0.017608808849607197,disc,-3.862775210265622,direccional,0.016435046088657847,-2.602408490372952,4.2979757721956995,-6.900384262568652,-11.002371988278853,-3.2416794878559214,-6.740602745029359,19069,85,0.02,0.015313786972857735,val,-6.900384262568652,direccional,False,False,False
YM,todo,ofi5,cierre,-0.005178183615648088,-2.3503072870939423,3.7182297154899913,-6.068537002583934,-13.401665097697538,1.2990795423979953,-9.651140200644955,5694,73,0.665,0.026419970619196247,disc,-6.068537002583934,direccional,-0.00724786068700542,0.09110298960772845,7.671575984990613,-7.580472995382885,-15.687666624311891,-0.6542079031626382,-5.887985541331288,6396,82,0.695,0.027484582783140525,val,-7.580472995382885,direccional,False,False,False
YM,todo,ofi60,h1,-0.010371782202700193,0.13717038539553753,4.192235127047714,-4.055064741652176,-4.390407518383946,-3.779558455797614,-0.03745859379691306,19717,76,0.105,0.012891041801419232,disc,-4.055064741652176,direccional,-0.00019554284358363138,-0.24673353982933743,4.213751969390045,-4.4604855092193825,-4.841556941007756,-4.1712883671913445,-0.5650911700689054,22215,85,0.965,0.011323090590016476,val,-4.4604855092193825,direccional,False,False,False
YM,todo,ofi60,h5,-0.01357474565381956,0.3509162636803258,4.247996537854477,-3.8970802741741513,-4.363780592641624,-3.510328639274476,0.017547662299403487,19641,76,0.04,0.013085773039811614,disc,-3.8970802741741513,direccional,0.005368763505733937,-0.5361500225937641,4.257930411206498,-4.7940804338002625,-5.378230066861174,-4.275406967730533,-1.0914974683708003,22130,85,0.385,0.011280474811674008,val,-4.7940804338002625,direccional,False,False,False
YM,todo,ofi60,h15,-0.02045996534461601,1.0055156490507953,4.255072091949294,-3.2495564428984984,-4.1498010646865255,-2.2850887699199296,0.1685730341955451,19489,76,0.055,0.02331743197256487,disc,-3.2495564428984984,direccional,0.007700899399201731,-0.7830680080953429,4.256511839708553,-5.039579847803896,-6.248249984643334,-3.7793534797036097,-1.9451887293791992,21960,85,0.41,0.018573362805359223,val,-5.039579847803896,direccional,False,False,False
YM,todo,ofi60,h60,-0.014117437070093816,1.6095453336878491,4.300372241425139,-2.6908269077372897,-5.534553944359256,0.10945828115953143,-1.229858623107866,18805,76,0.51,0.04023651539457965,disc,-2.6908269077372897,direccional,0.008175770339294675,-0.5021231422505308,4.240976645435236,-4.743099787685766,-8.536745427915255,-0.912013103864354,-4.278165723542456,21195,85,0.675,0.028585037227664464,val,-4.743099787685766,direccional,False,False,False
YM,todo,ofi60,h240,0.01266961528939683,1.469275046670815,4.477385027070742,-3.0081099803999267,-12.66626970551883,6.751683951056191,-8.190835459266008,16069,76,0.695,0.059243101111346355,disc,-3.0081099803999267,direccional,0.04148984254815265,13.305762338020404,4.262503446374402,9.043258891646001,-1.431364077696438,21.04206663931338,2.84387892682039,18135,85,0.095,0.04278124519235654,val,9.043258891646001,direccional,False,False,False
YM,todo,ofi60,cierre,-0.02688917675880376,4.579236172080773,3.7182297154899913,0.8610064565907813,-14.966331198219164,16.10216484221087,-11.123288444625794,5694,73,0.475,0.08040259775942192,disc,0.8610064565907813,direccional,-0.05345142792192745,15.917773437500001,7.671575984990613,8.246197452509389,-6.750928269249917,22.00013133856388,1.4214083367791372,6396,82,0.255,0.08822190389170358,val,8.246197452509389,direccional,False,False,False
YM,todo,zona,h1,0.001280584544698692,0.191998398770715,5.468493150684927,-5.276494751914212,-8.2970355972325,-3.6739633672794456,-0.033893231777794554,19710,76,0.95,0.012317810033637765,disc,-5.276494751914212,direccional,0.00980404654179441,0.2088345802449484,4.240521475131701,-4.031686894886753,-4.36986698620394,-3.721894808244466,-0.07550417098830649,22398,85,0.14,0.013606232679904923,val,-4.031686894886753,direccional,False,False,False
YM,todo,zona,h5,0.0013987923202639049,0.0016751664065163263,5.530335132932664,-5.528659966526147,-8.925166749811567,-3.693442138236838,-0.4582441039837554,19634,76,0.86,0.012726710590238081,disc,-5.528659966526147,direccional,0.003916529101000769,0.07465507008070396,4.28282615515618,-4.2081710850754765,-4.731352269798118,-3.6527568897871014,-0.41578263008202965,22313,85,0.575,0.01437154553772632,val,-4.2081710850754765,direccional,False,False,False
YM,todo,zona,h15,-0.004570553417605154,-0.34572420559919503,5.537922184580634,-5.8836463901798295,-9.26049670784585,-3.7334274971604335,-1.2539428374399515,19482,76,0.5,0.013200740718114917,disc,-5.8836463901798295,direccional,0.0030917804119937574,-0.4276749872921135,4.279939484261385,-4.707614471553499,-5.674555539837134,-3.7351821206223135,-1.4029416314702245,22143,85,0.705,0.014889421337122167,val,-4.707614471553499,direccional,False,False,False
YM,todo,zona,h60,0.00324068009101224,1.2833118900435365,5.582306628364714,-4.298994738321177,-7.845223236959462,-1.7397529700239405,-0.4714800223555907,18798,76,0.685,0.014878204983810789,disc,-4.298994738321177,direccional,0.0023884833849452725,1.2850978994354068,4.259575264290383,-2.9744773648549767,-5.30528185856708,-0.6601464951687017,-1.0709655531671278,21378,85,0.855,0.016091365323828013,val,-2.9744773648549767,direccional,False,False,False
YM,todo,zona,h240,0.014309736874886736,4.314457227750138,5.713784086664169,-1.3993268589140309,-7.551116426146583,4.206723149639808,-0.5383353739014162,16062,76,0.17,0.021353302178704278,disc,-1.3993268589140309,direccional,0.002550892349523648,1.2815914634962116,4.28295665465661,-3.0013651911603985,-7.948830844853071,1.5266913099577488,-3.715616608687976,18318,85,0.82,0.017041919653119634,val,-3.0013651911603985,direccional,False,False,False
YM,todo,zona,cierre,0.011582849480142429,2.1225439539427167,3.7182297154899913,-1.5956857615472746,-7.872386310499555,4.626588116247364,-4.230803570391158,5694,73,0.39,0.028512347169318535,disc,-1.5956857615472746,direccional,0.010379489825854831,1.8043082895541906,7.671575984990613,-5.867267695436423,-14.578383942596874,2.3169634652282673,-6.01932923351657,6396,82,0.62,0.029886139121797734,val,-5.867267695436423,direccional,False,False,False
YM,todo,gap,cierre,-0.022969192179058403,25.4,4.080555555555555,21.319444444444443,-115.6152141159494,152.52601874003187,-111.47875578261608,72,72,0.835,0.21575311948692955,disc,21.319444444444443,direccional,-0.09884901092444137,78.83823529411765,8.046341463414633,70.79189383070302,-65.31161959777492,197.26484449239774,-58.06015037593985,82,82,0.335,0.20923645492546783,val,70.79189383070302,direccional,False,False,False
YM,todo,vol30,h1,0.46381169339545886,5.177140947672651,4.1629047453761,1.0142362022965514,0.5484623339062948,1.4516627651957519,4.7606880429425775,20167,76,,,disc,1.0142362022965514,no_direccional,0.5161166312723812,6.818124075493491,4.232189218921885,2.5859348565716056,2.2184000403668556,2.9954064444868904,6.452413465920696,22725,85,,,val,2.5859348565716056,no_direccional,False,False,False
YM,todo,vol30,h5,0.45359170570109325,10.11124703019446,4.213722562341339,5.897524467853122,5.168005922662779,6.719757524256691,9.425000752788856,20091,76,,,disc,5.897524467853122,no_direccional,0.5207606525452542,13.769680739939963,4.276810954063599,9.492869785876364,8.791721514352888,10.291168822613832,13.045730324107462,22640,85,,,val,9.492869785876364,no_direccional,False,False,False
YM,todo,vol30,h15,0.4412686700611449,17.16822790639535,4.216966748583169,12.951261157812183,11.560500972989088,14.363308378479983,15.802969791750064,19939,76,,,disc,12.951261157812183,no_direccional,0.5124039608274658,23.467572072206394,4.27156208277703,19.196009989429363,17.593534183764724,21.097501715608935,21.840576259442386,22470,85,,,val,19.196009989429363,no_direccional,False,False,False
YM,todo,vol30,h60,0.42593556888735784,34.46384979485672,4.251389249545562,30.21246054531116,26.173016728596565,34.34973287910821,30.529361444397676,19255,76,,,disc,30.21246054531116,no_direccional,0.4855176881908569,43.11863073297857,4.2519926284266205,38.86663810455195,35.05607872842718,42.445645833146294,39.26427181048543,21705,85,,,val,38.86663810455195,no_direccional,False,False,False
YM,todo,vol30,h240,0.3414240604031146,54.99731080753028,4.450880803922741,50.54643000360754,38.50876687808485,62.52025722428844,42.74164887117829,16519,76,,,disc,50.54643000360754,no_direccional,0.3994296353484113,64.94778391057254,4.273987664253139,60.6737962463194,49.49787231520844,72.3250097886719,53.73827275121323,18645,85,,,val,60.6737962463194,no_direccional,False,False,False
YM,todo,vol30,cierre,0.311971112154184,58.43357604494243,3.7182297154899913,54.71534632945244,33.48600616108056,75.3890280406507,37.12390570445956,5694,73,,,disc,54.71534632945244,no_direccional,0.35292463973524196,66.04696015732901,7.671575984990613,58.3753841723384,39.58725426963259,80.4843202622411,48.11073482106841,6396,82,,,val,58.3753841723384,no_direccional,False,False,False
YM,todo,ap30,u30,-0.14677724278249732,17.983333333333334,3.434246575342465,14.54908675799087,-11.26563791441234,39.69827833125778,-7.830706407563024,73,73,0.145,0.1857015323050757,disc,14.54908675799087,direccional,-0.11084262604309425,7.455882352941177,7.680487804878048,-0.22460545193687143,-21.895385503087766,21.689759220841733,-13.288431490384614,82,82,0.37,0.20240376563490767,val,-0.22460545193687143,direccional,False,False,False
YM,todo,gap15,u30,9.648629151747556e-05,1.1999999999999993,3.427777777777777,-2.227777777777778,-28.069836587024085,22.113741405653165,-24.67053103146853,72,72,1.0,0.23980038019237263,disc,-2.227777777777778,direccional,-0.01296891922525132,4.779411764705881,7.680487804878048,-2.9010760401721667,-29.332036395134732,19.899775988000517,-20.036176470588234,82,82,0.895,0.2145436516219913,val,-2.9010760401721667,direccional,False,False,False
YM,rth,mom5,h1,0.011809460066354027,0.1146236543747137,3.897080542675597,-3.782456888300883,-4.487008687130908,-3.091280394759121,-0.5689459705734097,5823,76,0.38,0.02409323040635034,disc,-3.782456888300883,direccional,0.07506765374710489,2.09758854559156,4.118697318007662,-2.021108772416102,-3.0563607661747554,-1.0562775511269928,1.0603328570394788,6525,85,0.0,0.02371501871783037,val,-2.021108772416102,direccional,False,False,False
YM,rth,mom5,h5,0.01188086472032871,0.40890760994044895,3.9694158075601376,-3.5605081976196886,-5.109859318069951,-2.0186638878206713,-1.15158077773349,5820,76,0.425,0.029720486442974526,disc,-3.5605081976196886,direccional,0.033311280367618136,2.1866993217784474,4.211560870898497,-2.0248615491200495,-4.047116261124957,-0.05465919312279311,0.12041083665889801,6522,85,0.015,0.02610142438727401,val,-2.0248615491200495,direccional,False,False,False
YM,rth,mom5,h15,0.02290141966044447,2.4643670984916213,3.962779497764017,-1.4984123992723957,-4.656351577732622,1.7888017922737867,-0.7036146098546868,5814,76,0.125,0.030711334454728415,disc,-1.4984123992723957,direccional,-0.008848526359596558,0.5499246420497363,4.208164518109269,-3.658239876059533,-6.824496609235006,-0.36470541495731484,-2.608503841053128,6516,85,0.48,0.025256957431652564,val,-3.658239876059533,direccional,False,False,False
YM,rth,mom5,h60,0.010382482701294481,4.858076297128686,3.934214618973561,0.9238616781551245,-4.72097888079165,7.176519822755634,-0.7894180390263925,5787,76,0.505,0.032399107490663166,disc,0.9238616781551245,direccional,-0.01002806875296273,0.5677734582865251,4.177238403451996,-3.6094649451654712,-8.755636096205382,1.7714040689923913,-4.490097669081992,6489,85,0.395,0.022762395571609452,val,-3.6094649451654712,direccional,False,False,False
YM,rth,mom5,h240,0.021143299770873997,13.399622437971953,3.999151989562952,9.400470448409001,-4.722010859756454,23.50783531161967,-0.6995548910676049,3066,73,0.29,0.04125520714102234,disc,9.400470448409001,direccional,-0.0037631057308960265,-1.6916312199331067,4.309407665505229,-6.001038885438335,-18.907319885175124,6.812823976578098,-14.406799759914724,3444,82,0.805,0.029779424238979734,val,-6.001038885438335,direccional,False,False,False
YM,rth,mom5,cierre,-0.002874825890322804,-5.409710710503292,3.7182297154899913,-9.127940425993284,-18.830157609356615,0.31321438031121934,-15.131852613112429,5694,73,0.925,0.02810189622103223,disc,-9.127940425993284,direccional,-0.009202431367284963,0.5703819394289567,7.671575984990613,-7.101194045561657,-17.999275682055686,3.071548629104112,-9.534815553502135,6396,82,0.485,0.022298245727623175,val,-7.101194045561657,direccional,False,False,False
YM,rth,mom15,h1,0.03536334613968972,1.267225546376471,3.897080542675597,-2.629854996299126,-3.4673056513572673,-1.8567328861942258,0.4423183954995859,5823,76,0.0,0.025783471564319232,disc,-2.629854996299126,direccional,0.027499431147995697,0.6159723475739348,4.118697318007662,-3.5027249704337273,-4.281547760195323,-2.7433496061073606,-0.1623046303121285,6525,85,0.005,0.022543087595421802,val,-3.5027249704337273,direccional,True,False,False
YM,rth,mom15,h5,0.02858892536270391,0.7033330705649812,3.9694158075601376,-3.2660827369951564,-4.907418303291614,-1.6406275211120358,-0.8900384294987469,5820,76,0.125,0.0343504224468182,disc,-3.2660827369951564,direccional,0.006222850428328162,0.32608100082101327,4.211560870898497,-3.8854798700774835,-5.540486318433969,-2.239279801373514,-1.3160931040459827,6522,85,0.655,0.025097984462793006,val,-3.8854798700774835,direccional,False,False,False
YM,rth,mom15,h15,0.04865521440747272,3.444362798859399,3.962779497764017,-0.518416698904618,-4.262618254898688,3.4579451491142565,-0.31185220692689525,5814,76,0.045,0.04251930956459071,disc,-0.518416698904618,direccional,-0.02228276952498211,-0.8760333995190377,4.208164518109269,-5.084197917628307,-9.243333529034668,-0.882497581194443,-5.006377937072638,6516,85,0.295,0.036998125282515934,val,-5.084197917628307,direccional,False,False,False
YM,rth,mom15,h60,-0.0012696772182736525,-1.2269427820397818,3.934214618973561,-5.161157401013343,-13.164003793174453,2.658121365986913,-9.26032324273302,5787,76,0.955,0.04568826025320195,disc,-5.161157401013343,direccional,-0.015297909678407624,2.8933928409393594,4.177238403451996,-1.2838455625126368,-9.757296548348839,7.149584694027857,-5.58219738475087,6489,85,0.43,0.03813785190011636,val,-1.2838455625126368,direccional,False,False,False
YM,rth,mom15,h240,0.01962850437976976,10.86743282132264,3.999151989562952,6.868280831759687,-12.146182737987528,24.50691496744461,-8.174696339744619,3066,73,0.51,0.06020382102734574,disc,6.868280831759687,direccional,-0.008406174503966038,-6.7192028985507255,4.309407665505229,-11.028610564055954,-27.209393939462448,6.604143423040163,-22.901702165224464,3444,82,0.765,0.05704017477097408,val,-11.028610564055954,direccional,False,False,False
YM,rth,mom15,cierre,-0.010867832906393662,0.8036135855350439,3.7182297154899913,-2.9146161299549473,-13.803425267549642,8.16368087750359,-10.08404082778849,5694,73,0.63,0.04168061084178413,disc,-2.9146161299549473,direccional,-0.019582545010810883,3.5755909584209453,7.671575984990613,-4.095985026569668,-17.689205493822858,10.024035394077902,-9.364233252776181,6396,82,0.31,0.033923305872723596,val,-4.095985026569668,direccional,False,False,False
YM,rth,mom60,h1,0.03434256491194772,0.8873697475871498,3.897080542675597,-3.0097107950884467,-3.9128855040254926,-2.048683621793838,-0.018875316933600197,5823,76,0.015,0.031500552288863025,disc,-3.0097107950884467,direccional,0.0034800687483592762,0.13948833645197084,4.118697318007662,-3.9792089815556912,-4.6706501381358425,-3.200322143690743,-0.5144246696091758,6525,85,0.785,0.022673332816407047,val,-3.9792089815556912,direccional,False,False,False
YM,rth,mom60,h5,0.01227759824462405,0.5378591974420184,3.9694158075601376,-3.431556610118119,-4.94608075067435,-2.042693473405074,-0.9559468532087754,5820,76,0.44,0.033691585028291164,disc,-3.431556610118119,direccional,0.003320140421360361,-0.10337946456294356,4.211560870898497,-4.31494033546144,-5.96484496217575,-2.7889069094209025,-1.7659487296174787,6522,85,0.82,0.026859364231456375,val,-4.31494033546144,direccional,False,False,False
YM,rth,mom60,h15,-0.0017295690897070133,-0.5646351549196517,3.962779497764017,-4.527414652683668,-8.524973863791589,-0.351491093482894,-4.519172908676027,5814,76,0.945,0.051346814281782185,disc,-4.527414652683668,direccional,-0.009448579789007603,2.0448546289211937,4.208164518109269,-2.1633098891880755,-6.909074244840013,2.446864662746222,-2.6846233352576685,6516,85,0.665,0.04046619457148853,val,-2.1633098891880755,direccional,False,False,False
YM,rth,mom60,h60,-0.014165942667467943,-0.8667811886025552,3.934214618973561,-4.8009958075761165,-18.16285973392036,9.477985822625868,-14.169164660862036,5787,76,0.835,0.07604746476475024,disc,-4.8009958075761165,direccional,-0.017389562474836417,6.0199534205526195,4.177238403451996,1.8427150171006232,-10.913261220108513,15.111393848375446,-6.724619415055971,6489,85,0.58,0.060016411661001946,val,1.8427150171006232,direccional,False,False,False
YM,rth,mom60,h240,-0.020440897593690038,8.786237785016286,3.999151989562952,4.787085795453335,-30.174152554189355,37.592261057413594,-26.178115372193265,3066,73,0.64,0.11189721887501672,disc,4.787085795453335,direccional,-0.007072666916395899,8.60823746741749,4.309407665505229,4.2988298019122615,-25.645873384462725,34.78655885858796,-21.40297268759861,3444,82,0.88,0.08932434387798922,val,4.2988298019122615,direccional,False,False,False
YM,rth,mom60,cierre,-0.043071508705927304,9.413081650570676,3.7182297154899913,5.694851935080685,-19.63431358137203,28.266739958764646,-15.916118990574695,5694,73,0.32,0.08500624314359803,disc,5.694851935080685,direccional,-0.03269244005241315,12.53434846972023,7.671575984990613,4.862772484729617,-15.868102828535461,26.558593880498357,-8.29198433606849,6396,82,0.23,0.059678571284922655,val,4.862772484729617,direccional,False,False,False
YM,rth,mom240,h1,0.028526302371492247,0.596137339055794,3.897080542675597,-3.300943203619803,-4.516855102375444,-2.3520397871596503,-0.5830685593807952,5823,76,0.085,0.028076258425011075,disc,-3.300943203619803,direccional,0.006992738290316483,-0.12465570007651108,4.118697318007662,-4.243353018084173,-5.083437487191411,-3.4417516514616073,-0.9732477918573397,6525,85,0.55,0.023977928103324487,val,-4.243353018084173,direccional,False,False,False
YM,rth,mom240,h5,0.0159410324663568,0.6675965665236051,3.9694158075601376,-3.3018192410365326,-4.649585325845084,-2.0753814147923833,-0.7021403112235663,5820,76,0.23,0.029628460193823827,disc,-3.3018192410365326,direccional,0.005142536251070558,-0.12511719252305858,4.211560870898497,-4.336678063421555,-5.933070105916419,-2.8833092546912993,-1.7031095552885125,6522,85,0.555,0.019255541113766313,val,-4.336678063421555,direccional,False,False,False
YM,rth,mom240,h15,0.014782142399656065,1.3022858501836203,3.962779497764017,-2.6604936475803966,-6.147274261587238,0.647451415644969,-2.216182687461556,5814,76,0.415,0.04253974493116523,disc,-2.6604936475803966,direccional,0.0030294715610262833,-1.4934037371797875,4.208164518109269,-5.7015682552890565,-10.358760634695738,-1.8484430813857535,-6.111748275757102,6516,85,0.785,0.03306154507666291,val,-5.7015682552890565,direccional,False,False,False
YM,rth,mom240,h60,-0.01754748031279978,2.105717720802811,3.934214618973561,-1.8284968981707501,-14.07208343153328,12.03530729665685,-10.056992568924363,5787,76,0.59,0.08384575365325957,disc,-1.8284968981707501,direccional,0.008847835822587642,6.10404316684582,4.177238403451996,1.9268047633938234,-11.49045849215062,19.047178551915394,-7.3844752898081945,6489,85,0.845,0.06383544028167078,val,1.9268047633938234,direccional,False,False,False
YM,rth,mom240,h240,-0.03289258224942293,25.28344815753352,3.999151989562952,21.284296167970567,-30.51061851976507,70.98667595186004,-26.4986322183952,3066,73,0.695,0.17079581719635378,disc,21.284296167970567,direccional,0.04467657116163127,-6.828654214257168,4.309407665505229,-11.138061879762397,-59.09854596296545,41.09755709987138,-54.76365920338356,3444,82,0.625,0.1523336107454941,val,-11.138061879762397,direccional,False,False,False
YM,rth,mom240,cierre,-0.12323328150568132,27.33053251544137,3.7182297154899913,23.61230279995138,-10.900547271083349,60.62879198119635,-7.239957176246678,5694,73,0.095,0.14483871925540162,disc,23.61230279995138,direccional,-0.005449645755673397,0.8515198752922837,7.671575984990613,-6.82005610969833,-45.29958128812726,33.03625981056389,-37.140994709454205,6396,82,0.96,0.12710083962023963,val,-6.82005610969833,direccional,False,False,False
YM,rth,vwap,h1,0.025584122942624053,0.6856223175965666,3.897080542675597,-3.2114582250790304,-4.117293796451488,-2.4517677126413475,-0.21042977453378964,5823,76,0.075,0.02830084798360999,disc,-3.2114582250790304,direccional,0.009248385930224753,-0.13160919540229885,4.118697318007662,-4.250306513409961,-5.145934369977622,-3.3615124538041803,-1.0161554114962268,6525,85,0.485,0.024595015595659006,val,-4.250306513409961,direccional,False,False,False
YM,rth,vwap,h5,0.01542721655691096,0.026632302405498284,3.9694158075601376,-3.9427835051546394,-5.338992474457054,-2.673769383699963,-1.3987963134789312,5820,76,0.265,0.031124072501865576,disc,-3.9427835051546394,direccional,0.0005536692955755923,-0.864176245210728,4.211560870898497,-5.075737116109225,-7.130480616717859,-3.3402003218354883,-2.799683857263947,6522,85,0.945,0.019974125075819343,val,-5.075737116109225,direccional,False,False,False
YM,rth,vwap,h15,0.012124823796771654,0.311908856405847,3.962779497764017,-3.65087064135817,-7.98049127991169,0.10774404848415237,-4.048294967769643,5814,76,0.5,0.04469807535032882,disc,-3.65087064135817,direccional,-0.006820851157326201,-2.715682515337423,4.208164518109269,-6.923847033446693,-12.971033299759705,-2.2253174636411157,-8.706644104487065,6516,85,0.795,0.036002815185426675,val,-6.923847033446693,direccional,False,False,False
YM,rth,vwap,h60,-0.0282641432185769,3.012521588946459,3.934214618973561,-0.921693030027102,-12.403270128505861,12.644119135408891,-8.355205026522325,5787,76,0.385,0.08021948010530965,disc,-0.921693030027102,direccional,-0.0017925346985532007,8.090138674884438,4.177238403451996,3.9129002714324415,-10.81700647541869,20.597325535893447,-6.730351705589991,6489,85,0.945,0.07177679844162602,val,3.9129002714324415,direccional,False,False,False
YM,rth,vwap,h240,-0.052846273631196906,24.362377850162865,3.999151989562952,20.36322586059991,-22.344150552364486,65.90206916585169,-18.386453226858936,3066,73,0.39,0.13646770262966254,disc,20.36322586059991,direccional,0.052674994749225046,-2.5780116110304787,4.309407665505229,-6.887419276535708,-53.92967223221465,49.59847163997032,-49.57991903825413,3444,82,0.445,0.13017765737600567,val,-6.887419276535708,direccional,False,False,False
YM,rth,vwap,cierre,-0.13785206874534056,21.49122036874451,3.7182297154899913,17.77299065325452,-16.904373248158834,56.449521752472826,-13.21170181587301,5694,73,0.085,0.14887766520858958,disc,17.77299065325452,direccional,-0.018930129462887496,3.1158203125,7.671575984990613,-4.555755672490614,-52.25480252731075,45.70555554128557,-43.87671702496343,6396,82,0.715,0.11572552446653707,val,-4.555755672490614,direccional,False,False,False
YM,rth,ofi5,h1,0.0023045869923820506,-0.11545064377682403,3.897080542675597,-4.012531186452421,-4.614421788847436,-3.479442723833273,-0.7130306362066569,5823,76,0.83,0.02390607466061188,disc,-4.012531186452421,direccional,0.05262750842829971,1.6076628352490423,4.118697318007662,-2.5110344827586197,-3.280841499299499,-1.817213581531996,0.8255357069631637,6525,85,0.0,0.02380093632456559,val,-2.5110344827586197,direccional,False,False,False
YM,rth,ofi5,h5,0.006930428324925101,-0.41387457044673537,3.9694158075601376,-4.383290378006873,-5.6145043172574445,-3.088549644435586,-1.6385022539181957,5820,76,0.545,0.02453995435339231,disc,-4.383290378006873,direccional,0.0337592580115389,2.032843926162397,4.211560870898497,-2.1787169447360997,-3.6148404268750656,-0.6100945738560091,0.5865129758722698,6522,85,0.0,0.02049316820423634,val,-2.1787169447360997,direccional,False,False,False
YM,rth,ofi5,h15,0.0050119384035269615,0.008598452278589852,3.962779497764017,-3.954181045485427,-6.289746344229295,-1.727999547278416,-2.321968953605417,5814,76,0.745,0.023969147007683603,disc,-3.954181045485427,direccional,0.011705215865462556,2.279394524363585,4.208164518109269,-1.9287699937456844,-4.523225941234999,0.9599989646384346,-0.36807342160406387,6516,85,0.47,0.024673547927769653,val,-1.9287699937456844,direccional,False,False,False
YM,rth,ofi5,h60,-0.0048425670658602425,0.802461139896373,3.934214618973561,-3.1317534790771884,-6.713522152283292,0.25128853011149976,-2.825268021548403,5787,76,0.735,0.02773640585508823,disc,-3.1317534790771884,direccional,-0.0008174695980097896,-1.718220338983051,4.177238403451996,-5.895458742435047,-11.00453931321561,-1.0366167376462034,-6.803055257435035,6489,85,0.99,0.02700745362811641,val,-5.895458742435047,direccional,False,False,False
YM,rth,ofi5,h240,0.01078038754964626,8.191775244299674,3.999151989562952,4.192623254736722,-8.160219480315929,17.35525424715575,-4.184936430644749,3066,73,0.625,0.03940854595020175,disc,4.192623254736722,direccional,-0.00032828810444944913,-1.5054426705370094,4.309407665505229,-5.814850336042238,-16.1304422303254,4.296021757185226,-11.792742257781224,3444,82,1.0,0.03578474384846849,val,-5.814850336042238,direccional,False,False,False
YM,rth,ofi5,cierre,-0.005178183615648088,-2.3503072870939423,3.7182297154899913,-6.068537002583934,-13.114930602766778,1.102838742244161,-9.362884284524718,5694,73,0.72,0.02988177910033277,disc,-6.068537002583934,direccional,-0.00724786068700542,0.09110298960772845,7.671575984990613,-7.580472995382885,-15.418695825105418,-0.2966369443015031,-5.313813373589014,6396,82,0.655,0.027963573153246348,val,-7.580472995382885,direccional,False,False,False
YM,rth,ofi60,h1,0.00981103387982278,0.43175965665236055,3.897080542675597,-3.4653208860232363,-4.112722559269202,-2.740262832192942,-0.21014471335256849,5823,76,0.42,0.02587899335452042,disc,-3.4653208860232363,direccional,0.008163101238377973,0.3795019157088123,4.118697318007662,-3.73919540229885,-4.36819256766955,-3.138991628777141,-0.25241287393478584,6525,85,0.47,0.02334232123234445,val,-3.73919540229885,direccional,False,False,False
YM,rth,ofi60,h5,0.013657789518309565,0.3384879725085911,3.9694158075601376,-3.6309278350515464,-4.886487187365653,-2.443669084215246,-0.8716166267572868,5820,76,0.315,0.02659169951256621,disc,-3.6309278350515464,direccional,0.013833003339046492,0.9469348659003831,4.211560870898497,-3.2646260049981137,-4.69427503241603,-1.9081329517809622,-0.4925640303124433,6522,85,0.335,0.025580174510335972,val,-3.2646260049981137,direccional,False,False,False
YM,rth,ofi60,h15,-0.0049166070987229,-1.410146173688736,3.962779497764017,-5.372925671452753,-8.51441049864656,-2.268543411550713,-4.586251804150521,5814,76,0.79,0.037689201993298664,disc,-5.372925671452753,direccional,0.0012016462276492011,-0.43443251533742333,4.208164518109269,-4.642597033446693,-8.304908625875798,-1.2420902688687745,-4.015818076438852,6516,85,0.92,0.0443265689744946,val,-4.642597033446693,direccional,False,False,False
YM,rth,ofi60,h60,-0.007281010714266036,-1.4522884283246977,3.934214618973561,-5.386503047298259,-15.453162838163438,5.665157283460477,-11.491518526361821,5787,76,0.865,0.07171246267840369,disc,-5.386503047298259,direccional,-0.03319217993948205,3.7702234206471497,4.177238403451996,-0.4070149828048466,-10.719666201398983,10.094229120372622,-6.470353965572715,6489,85,0.395,0.07140414749451165,val,-0.4070149828048466,direccional,False,False,False
YM,rth,ofi60,h240,-0.046572972866563166,13.319218241042346,3.999151989562952,9.320066251479394,-20.322628812915593,37.54792082273605,-16.33828444794736,3066,73,0.385,0.09858775079652399,disc,9.320066251479394,direccional,-0.06324476506739568,21.321480406386065,4.309407665505229,17.012072740880836,-7.128499931937166,41.01111604115377,-2.8486872141671284,3444,82,0.285,0.11716948353457618,val,17.012072740880836,direccional,False,False,False
YM,rth,ofi60,cierre,-0.02688917675880376,4.579236172080773,3.7182297154899913,0.8610064565907813,-16.182239513455816,16.857327996172874,-12.432371231053287,5694,73,0.46,0.08392408615547509,disc,0.8610064565907813,direccional,-0.05345142792192745,15.917773437500001,7.671575984990613,8.246197452509389,-6.606786305877497,24.439950480919773,1.4595944954596773,6396,82,0.245,0.09343251366546731,val,8.246197452509389,direccional,False,False,False
YM,rth,zona,h1,0.0036911500801827426,0.6796940522784456,3.897080542675597,-3.217386490397151,-3.9334216104213504,-2.609762750366942,-0.037598001581122836,5823,76,0.77,0.025817767088112023,disc,-3.217386490397151,direccional,0.019960919149583593,0.5994252873563218,4.118697318007662,-3.51927203065134,-4.368673118479256,-2.7919684776623805,-0.257775667093865,6525,85,0.115,0.022250369737260408,val,-3.51927203065134,direccional,False,False,False
YM,rth,zona,h5,0.010750825475970133,0.7248031944736657,3.9694158075601376,-3.244612613086472,-4.43959716699618,-2.0463936606839837,-0.483046968408862,5820,76,0.495,0.029632032223840362,disc,-3.244612613086472,direccional,0.008761010513271354,0.45478927203065134,4.211560870898497,-3.7567715988678456,-5.484328367315839,-2.0160428076528203,-1.2399147408992515,6522,85,0.425,0.022382828587508376,val,-3.7567715988678456,direccional,False,False,False
YM,rth,zona,h15,-0.008395676200574841,-0.8210388817113579,3.962779497764017,-4.783818379475375,-7.0955160631661816,-2.761865725889706,-3.0898735539417594,5814,76,0.56,0.02730524038777065,disc,-4.783818379475375,direccional,0.021477103758195157,-2.5709355828220857,4.208164518109269,-6.779100100931355,-9.285603148825116,-4.303054584582982,-5.129340323619747,6516,85,0.115,0.02603907821340269,val,-6.779100100931355,direccional,False,False,False
YM,rth,zona,h60,-0.0029455326029073745,-0.2879344069072584,3.934214618973561,-4.222149025880819,-7.265459194492903,-0.8861629085429255,-3.316514103638493,5787,76,0.795,0.026161149986267458,disc,-4.222149025880819,direccional,0.014854710315053818,-4.22972942918044,4.177238403451996,-8.406967832632436,-13.263303570674704,-3.1723834945420935,-9.191985631951491,6489,85,0.2,0.022989425839981023,val,-8.406967832632436,direccional,False,False,False
YM,rth,zona,h240,0.012694916599873585,3.1832077711932083,3.999151989562952,-0.8159442183697436,-14.456268742528714,11.837567484101505,-10.3818232108914,3066,73,0.43,0.03233246872583279,disc,-0.8159442183697436,direccional,0.007412528693603033,1.1674598033353267,4.309407665505229,-3.141947862169902,-15.340683973717933,8.672347925649703,-11.002386600522055,3444,82,0.62,0.03577987593975474,val,-3.141947862169902,direccional,False,False,False
YM,rth,zona,cierre,0.011582849480142429,2.1225439539427167,3.7182297154899913,-1.5956857615472746,-8.429965046361277,5.091200519864991,-4.68010487469059,5694,73,0.45,0.02859176509711757,disc,-1.5956857615472746,direccional,0.010379489825854831,1.8043082895541906,7.671575984990613,-5.867267695436423,-14.985468994932967,2.674097769571963,-6.831450387646396,6396,82,0.62,0.029027639568354472,val,-5.867267695436423,direccional,False,False,False
YM,rth,gap,cierre,-0.022969192179058403,25.4,4.080555555555555,21.319444444444443,-120.9934375,166.8378669507576,-116.9903125,72,72,0.835,0.20759209242223609,disc,21.319444444444443,direccional,-0.09884901092444137,78.83823529411765,8.046341463414633,70.79189383070302,-62.72428961599884,208.11599553380387,-53.569401921607806,82,82,0.315,0.19678314140137007,val,70.79189383070302,direccional,False,False,False
YM,rth,vol30,h1,0.31653191008573944,5.417917075807893,3.897080542675597,1.5208365331322966,0.6539796788217,2.330732206858962,4.538766093333758,5823,76,,,disc,1.5208365331322966,no_direccional,0.3327108671735482,6.566220796618587,4.118697318007662,2.4475234786109246,1.5795440957421805,3.2276534682703764,5.704401869081807,6525,85,,,val,2.4475234786109246,no_direccional,False,False,False
YM,rth,vol30,h5,0.3408613658255487,11.254406954567465,3.9694158075601376,7.284991147007327,5.696613438877129,8.781643307570755,9.62382744821678,5820,76,,,disc,7.284991147007327,no_direccional,0.35999171888253034,13.656332653106105,4.211560870898497,9.444771782207608,8.281474430953848,10.489588903739195,12.529546284103859,6522,85,,,val,9.444771782207608,no_direccional,False,False,False
YM,rth,vol30,h15,0.3414368056062222,19.231456124696365,3.962779497764017,15.268676626932347,12.306539624330625,17.953157843997037,16.21284123740955,5814,76,,,disc,15.268676626932347,no_direccional,0.3521561680883344,23.26880664028687,4.208164518109269,19.060642122177597,16.78164896404748,21.284175184046894,21.03689196056939,6516,85,,,val,19.060642122177597,no_direccional,False,False,False
YM,rth,vol30,h60,0.34664801952192,38.371262782302495,3.934214618973561,34.43704816332893,25.491379912614313,42.36947200298029,29.47116563156492,5787,76,,,disc,34.43704816332893,no_direccional,0.3211456899393881,35.745068655386305,4.177238403451996,31.56783025193431,24.503297181470856,37.665293876282604,28.697717650368123,6489,85,,,val,31.56783025193431,no_direccional,False,False,False
YM,rth,vol30,h240,0.2153033042383313,51.90028435583224,3.999151989562952,47.90113236626929,20.172416726194236,72.76504379719273,24.120410855352752,3066,73,,,disc,47.90113236626929,no_direccional,0.21194883185747732,43.83042307533283,4.309407665505229,39.521015409827605,17.872147855191518,61.41738431363486,22.187304649616607,3444,82,,,val,39.521015409827605,no_direccional,False,False,False
YM,rth,vol30,cierre,0.311971112154184,58.43357604494243,3.7182297154899913,54.71534632945244,32.90597447932766,74.16582666679543,36.52665110216424,5694,73,,,disc,54.71534632945244,no_direccional,0.35292463973524196,66.04696015732901,7.671575984990613,58.3753841723384,38.79407047660154,80.55781532333916,46.2188097493686,6396,82,,,val,58.3753841723384,no_direccional,False,False,False
YM,rth,ap30,u30,-0.14677724278249732,17.983333333333334,3.434246575342465,14.54908675799087,-9.229655546722112,43.891691865643146,-5.914587053571428,73,73,0.23,0.22858057870232035,disc,14.54908675799087,direccional,-0.11084262604309425,7.455882352941177,7.680487804878048,-0.22460545193687143,-25.027186734770932,22.021806946864093,-15.803947368421053,82,82,0.405,0.21659632269450943,val,-0.22460545193687143,direccional,False,False,False
YM,rth,gap15,u30,9.648629151747556e-05,1.1999999999999993,3.427777777777777,-2.227777777777778,-28.430060096153845,25.34119638480392,-25.065052083333335,72,72,1.0,0.23918191910450817,disc,-2.227777777777778,direccional,-0.01296891922525132,4.779411764705881,7.680487804878048,-2.9010760401721667,-26.049332906042128,22.56916325066611,-17.333069257561323,82,82,0.95,0.22587531263782665,val,-2.9010760401721667,direccional,False,False,False
YM,eth,mom5,h1,-0.026923996250328625,0.12505807912625888,6.101508620689645,-5.976450541563387,-9.87841467345311,-3.925136342320577,-0.09025867436908167,14848,76,0.0,0.014614648740951506,disc,-5.976450541563387,direccional,0.03302043524092123,-0.6500905503027387,4.334045112781941,-4.98413566308468,-5.482391987613459,-4.50665807157067,-1.073319343331111,16625,85,0.0,0.012558036654237591,val,-4.98413566308468,direccional,True,False,False
YM,eth,mom5,h5,-0.021168164536343098,0.11133204485646588,6.149949238578673,-6.038617193722207,-10.083477062774818,-3.81907174624431,-0.2796428309464391,14775,76,0.01,0.015046705262365841,disc,-6.038617193722207,direccional,-0.016567608355899332,-0.014264042793814963,4.352094541497901,-4.366358584291715,-5.10950630140713,-3.596236441563066,-0.7116966613855811,16543,85,0.05,0.016571660828411015,val,-4.366358584291715,direccional,False,False,False
YM,eth,mom5,h15,-0.03182648538626891,0.5948829634166759,6.157297149497564,-5.562414186080888,-9.706489080628259,-3.092344183083864,-0.18140579343867635,14629,76,0.0,0.013655183488947042,disc,-5.562414186080888,direccional,0.0004691261741580023,-0.8890115463132594,4.341663105195663,-5.230674651508923,-6.870733051113952,-3.914939943230444,-2.5352547170552366,16379,85,0.93,0.014619726440803331,val,-5.230674651508923,direccional,True,False,False
YM,eth,mom5,h60,-0.021459609088441408,0.8031931028115684,6.230231892356134,-5.427038789544565,-10.134052945675936,-1.9302804956593878,-0.9832250403129379,13972,76,0.0,0.015208632547314239,disc,-5.427038789544565,direccional,0.002068449447056633,-1.9343820309742208,4.31423182660954,-6.248613857583761,-8.430407081952596,-4.12792459139943,-4.181482598474274,15641,85,0.795,0.012937217427698067,val,-6.248613857583761,direccional,True,False,False
YM,eth,mom5,h240,-0.006858278131215429,0.9297566105920074,6.151271763272905,-5.221515152680897,-10.065935889696334,-0.7898650224658331,-1.9721254872416092,13957,76,0.365,0.015126478924004207,disc,-5.221515152680897,direccional,0.012238393511273269,-3.4860025711331275,4.29536669653141,-7.781369267664537,-13.532070203674813,-2.5642282313004894,-9.188442850328713,15626,85,0.12,0.014962687444510934,val,-7.781369267664537,direccional,False,False,False
YM,eth,mom15,h1,-0.034440150015433275,0.39226496251382037,6.084676102340763,-5.692411139826943,-9.875799512484237,-3.616982388062949,0.15740882155572078,14696,76,0.0,0.015014706530646503,disc,-5.692411139826943,direccional,-0.0024331934525336583,-0.2202800316608953,4.300607718018828,-4.520887749679723,-4.910482831172144,-4.180760510764904,-0.5712731430244099,16455,85,0.695,0.012711963848474998,val,-4.520887749679723,direccional,True,False,False
YM,eth,mom15,h5,-0.039980052157838675,0.5151600653156971,6.135656158107082,-5.6204960927913845,-9.677495613788263,-3.405910563041147,0.12589882930496918,14623,76,0.0,0.015362648867980245,disc,-5.6204960927913845,direccional,-0.002272289509928576,-0.33271971191671573,4.324296097233236,-4.657015809149952,-5.208346260593013,-4.124237412162732,-0.9072373078335343,16373,85,0.87,0.01506845915026924,val,-4.657015809149952,direccional,True,False,False
YM,eth,mom15,h15,-0.04555478790029701,1.0807033080317394,6.150742557159623,-5.070039249127883,-9.74334356814001,-2.457278022436813,0.0936306869768618,14477,76,0.0,0.01878633286839418,disc,-5.070039249127883,direccional,0.0011479446008003619,-1.2429832590344305,4.318224443210548,-5.561207702244978,-7.2509213243594886,-3.9506927244376255,-2.948037344811014,16209,85,0.92,0.020333419948204135,val,-5.561207702244978,direccional,True,False,False
YM,eth,mom15,h60,-0.02878813168269867,1.6483284384098997,6.22879884225759,-4.58047040384769,-9.823592712936252,-0.3512453587998395,-1.1039980698993357,13820,76,0.045,0.02672797950173206,disc,-4.58047040384769,direccional,0.01921499461371414,-2.8292922049326497,4.295837373149751,-7.125129578082401,-10.673622132133671,-3.1978548140989504,-6.444996033114472,15471,85,0.05,0.020433012247734417,val,-7.125129578082401,direccional,False,False,False
YM,eth,mom15,h240,-0.0083888343796013,0.9404434075611259,6.137377761680544,-5.196934354119419,-11.919289000721786,1.09722943118656,-4.366717256154485,13805,76,0.57,0.030002608365721033,disc,-5.196934354119419,direccional,0.03563568918753987,-11.405977028717592,4.277329192546571,-15.683306221264163,-24.52332856535385,-6.97590038633775,-20.18486076318559,15456,85,0.005,0.025251887169119927,val,-15.683306221264163,direccional,False,False,False
YM,eth,mom60,h1,-0.04490618251115484,0.4139672694609,6.099614616043383,-5.685647346582483,-9.907124844395364,-3.524987076890458,0.19025569699463077,14012,76,0.0,0.01409268206240163,disc,-5.685647346582483,direccional,-0.012532749182541582,0.22925802860275837,4.253282345442945,-4.024024316840187,-4.350018139408127,-3.682081008601781,-0.11291620920336651,15690,85,0.18,0.017289299491638217,val,-4.024024316840187,direccional,True,False,False
YM,eth,mom60,h5,-0.04048735765380761,0.3347724183402051,6.158339909606134,-5.823567491265929,-10.175993303718737,-3.4781193343593237,-0.05079908653170548,13939,76,0.0,0.017606674621376044,disc,-5.823567491265929,direccional,-0.001317994341391191,-0.008174449005367856,4.2773065094823055,-4.285480958487673,-4.907731918434823,-3.602117473457378,-0.6555618232208534,15608,85,0.9,0.013450413038597342,val,-4.285480958487673,direccional,True,False,False
YM,eth,mom60,h15,-0.04179403331758733,0.8076225332742194,6.17905459290944,-5.37143205963522,-10.027435419622394,-2.5707233673221364,-0.24024048048761704,13793,76,0.04,0.03097302103137337,disc,-5.37143205963522,direccional,0.011192278679519009,-0.6220994453847316,4.276910126910114,-4.899009572294846,-6.799266217236846,-2.6243413753804616,-2.5036812975056972,15444,85,0.36,0.025231693776372233,val,-4.899009572294846,direccional,False,False,False
YM,eth,mom60,h60,-0.01787612154259733,0.5780827129088215,6.287484774665037,-5.709402061756215,-11.938190749312076,0.054546467171868535,-3.282700690891333,13136,76,0.38,0.04570107015320714,disc,-5.709402061756215,direccional,0.03313927681977651,-2.6512678523554127,4.26910104719161,-6.9203688995470225,-13.476060355320206,0.6829474689812297,-9.168355326236856,14706,85,0.08,0.03484160500561511,val,-6.9203688995470225,direccional,False,False,False
YM,eth,mom60,h240,0.004518287556346229,0.7873452460876935,6.125516347839337,-5.3381711017516436,-17.72343408174347,7.5033211570872975,-11.066092591914252,13121,76,0.895,0.05781511187553059,disc,-5.3381711017516436,direccional,0.05922815877909726,14.391783659772633,4.251507725818516,10.140275933954118,-7.300584387302789,26.857453004028518,-2.9582701532571343,14691,85,0.03,0.05272660357240553,val,10.140275933954118,direccional,False,False,False
YM,eth,mom240,h1,-0.03332469065274094,0.23245703230844086,6.46234480312167,-6.22988777081323,-11.232186133438223,-3.649444468315677,-0.05662616030615043,11276,76,0.0,0.018809842216838908,disc,-6.22988777081323,direccional,0.0022390757844490314,-0.05875128220646589,4.268091844813924,-4.32684312702039,-4.7079543243382584,-3.9407802619884653,-0.4375015851926946,12630,85,0.745,0.01715029491608295,val,-4.32684312702039,direccional,True,False,False
YM,eth,mom240,h5,-0.01608873230576512,-0.12580130618456198,6.523582968847625,-6.649384275032187,-11.678187121602893,-3.8883302171779848,-0.618568582767922,11203,76,0.1,0.019319605516600034,disc,-6.649384275032187,direccional,0.006709517059563814,-0.4197394840352422,4.294644564870884,-4.714384048906126,-5.350560598042553,-4.081214889631539,-1.0099734951280983,12548,85,0.395,0.017191642670579408,val,-4.714384048906126,direccional,False,False,False
YM,eth,mom240,h15,-0.013285852252250175,-0.441437022949995,6.539775707696478,-6.981212730646473,-13.281927601891962,-3.2930675321885543,-1.93616312554961,11057,76,0.42,0.0334862687593741,disc,-6.981212730646473,direccional,0.018148432559218945,-1.504491502569285,4.295106589147276,-5.799598091716561,-7.766236921396423,-3.863893917669469,-3.4893240806193133,12384,85,0.2,0.025968774940148515,val,-5.799598091716561,direccional,False,False,False
YM,eth,mom240,h60,-0.0038513432004824715,-0.986998028869605,6.616442307692304,-7.603440336561909,-16.33784488488761,-0.1427182434497607,-6.927155494857815,10400,76,0.88,0.06431625357200406,disc,-7.603440336561909,direccional,0.042503445336414584,-5.513766683338772,4.288803022496983,-9.802569705835754,-18.57209177183546,-0.6235229265455132,-14.36059054397946,11646,85,0.115,0.05759387513310957,val,-9.802569705835754,direccional,False,False,False
YM,eth,mom240,h240,-0.024912739454030504,0.7097664286413128,6.218921521425128,-5.509155092783815,-30.10825772286637,19.67750827778935,-23.87123852919033,10385,76,0.53,0.09343022185106162,disc,-5.509155092783815,direccional,0.017558727595580557,-3.347699787318792,4.277697532456354,-7.625397319775146,-46.29847540755475,33.73521627068351,-42.01116337348364,11631,85,0.615,0.08282168281748545,val,-7.625397319775146,direccional,False,False,False
YM,eth,vwap,h1,-0.02590747990176242,0.1799832495812395,6.124872688287313,-5.944889438706074,-9.80568464741089,-3.9319233931675575,-0.04028850887807172,14924,76,0.0,0.018655566844567064,disc,-5.944889438706074,direccional,-0.011725179668237879,0.24266906044284858,4.367712011490802,-4.125042951047954,-4.507270705203641,-3.6510530023362238,-0.1391760808166787,16709,85,0.145,0.01601936212775296,val,-4.125042951047954,direccional,True,False,False
YM,eth,vwap,h5,-0.02758515427900946,0.09180410636149444,6.16907278971112,-6.077268683349626,-10.06956476354775,-3.842552650056424,-0.2758376880953524,14851,76,0.0,0.016428146876371872,disc,-6.077268683349626,direccional,-0.00420764084005499,-0.067498496692724,4.380303121428987,-4.447801618121711,-5.1190777112493135,-3.6842826577116035,-0.7368328482446014,16627,85,0.525,0.01509940671080915,val,-4.447801618121711,direccional,True,False,False
YM,eth,vwap,h15,-0.02870149025773115,-0.07301938116286977,6.1714722883372914,-6.244491669500161,-10.75589835891738,-3.342169936059095,-1.2081355336184738,14705,76,0.07,0.027278206454105516,disc,-6.244491669500161,direccional,-0.000358048842099505,-0.304205891284543,4.364678369677447,-4.66888426096199,-6.694031621378311,-2.193853751752436,-2.3599155035518136,16463,85,0.99,0.02329194733940872,val,-4.66888426096199,direccional,False,False,False
YM,eth,vwap,h60,-0.020459443149806193,-0.5101423487544484,6.239051822323455,-6.749194171077903,-13.780628640245883,0.2536095828222725,-5.727603371801426,14048,76,0.44,0.05845776220691231,disc,-6.749194171077903,direccional,0.014709228177014283,-1.674165341812401,4.333259141494423,-6.007424483306824,-13.502686069395839,2.200925029903632,-9.137728934645963,15725,85,0.48,0.04710083759577779,val,-6.007424483306824,direccional,False,False,False
YM,eth,vwap,h240,-0.03187421900220501,1.154613466334165,6.166585904653312,-5.011972438319146,-24.94772939642961,15.149958855710958,-18.10220740860403,14033,76,0.415,0.08413183141677533,disc,-5.011972438319146,direccional,0.00910300701832932,2.6803787396562697,4.3145767027370985,-1.6341979630808288,-31.969162324677438,30.471975185528727,-27.83248456616331,15710,85,0.76,0.08890157964156503,val,-1.6341979630808288,direccional,False,False,False
YM,eth,ofi5,h1,-0.02087484834751943,0.10007280696593515,4.258744394618819,-4.158671587652884,-4.3671580902352005,-3.978810327438533,-0.06938612589896209,14718,76,0.0,0.013327392486398451,disc,-4.158671587652884,direccional,0.019072565490465945,-0.18558464864755642,4.334131376323374,-4.519716024970931,-4.822119592719185,-4.2768551132199955,-0.38291207080625445,16624,85,0.03,0.015568912232531063,val,-4.519716024970931,direccional,True,False,False
YM,eth,ofi5,h5,-0.022224802886847615,0.14892078058654157,4.291532946398074,-4.142612165811532,-4.467834048956708,-3.8490604021901853,-0.14326263062928346,14645,76,0.0,0.014690062519216064,disc,-4.142612165811532,direccional,-0.011842249373583386,0.0652495457331757,4.352182323781875,-4.286932778048699,-4.691488173906007,-3.957183931963735,-0.3037959024266012,16542,85,0.125,0.01559950490005734,val,-4.286932778048699,direccional,True,False,False
YM,eth,ofi5,h15,-0.0369040274209217,0.7209504406723367,4.291820125525883,-3.570869684853547,-4.083959128970734,-3.1271277972483587,0.22089643410920373,14499,76,0.0,0.017249168968166285,disc,-3.570869684853547,direccional,-0.00752534035035601,-0.3636922717805071,4.3416900720478555,-4.705382343828362,-5.255830510037114,-4.0598846410458975,-0.8850800586033327,16378,85,0.36,0.0166950771083799,val,-4.705382343828362,direccional,True,False,False
YM,eth,ofi5,h60,-0.0169482255696032,1.289248429279553,4.338231469440819,-3.048983040161266,-4.307481017851513,-1.812637642325183,0.011455472896636567,13842,76,0.075,0.01725841571636261,disc,-3.048983040161266,direccional,-0.0039830025196941265,-1.2662037037037037,4.314322250639373,-5.580525954343077,-7.301127270336771,-3.8406400148937574,-2.9689449609045857,15640,85,0.65,0.015055922781512958,val,-5.580525954343077,direccional,False,False,False
YM,eth,ofi5,h240,-0.005920632557491883,2.240388464688999,4.5315903666738855,-2.2912019019848864,-6.334959534454049,2.0084413872447153,-1.7531911228407,13827,76,0.62,0.021169737898847272,disc,-2.2912019019848864,direccional,0.01962401503934594,-2.6478458511657617,4.295455999999988,-6.943301851165749,-11.41762211401406,-2.3899003246748456,-7.151787082407771,15625,85,0.005,0.016226871000546705,val,-6.943301851165749,direccional,False,False,False
YM,eth,ofi60,h1,-0.018540178991509452,0.09454839870456999,4.3159349359435595,-4.221386537238989,-4.722556868729238,-3.8740630250206225,-0.06588614074787855,13894,76,0.03,0.015777305296434545,disc,-4.221386537238989,direccional,-0.0037415977173984837,-0.032171572181406344,4.253282345442945,-4.285453917624351,-4.526085615796632,-4.065575915833642,-0.20523487229765197,15690,85,0.67,0.01503217891689558,val,-4.285453917624351,direccional,False,False,False
YM,eth,ofi60,h5,-0.02733028221040611,0.25207956600361664,4.365306417770047,-4.113226851766431,-4.793222918343423,-3.640179128362902,-0.03954397449148078,13821,76,0.0,0.01313817183797856,disc,-4.113226851766431,direccional,0.0012629670021413822,-0.24407431133888532,4.2773065094823055,-4.521380820821191,-4.957526253352494,-4.109989901858964,-0.6461463667071182,15608,85,0.885,0.014531057743937096,val,-4.521380820821191,direccional,True,False,False
YM,eth,ofi60,h15,-0.03137892534524941,0.8651736745886653,4.379341864716622,-3.5141681901279567,-4.5450535609755995,-2.483955384006755,-0.04816439850448069,13675,76,0.04,0.023626636188418145,disc,-3.5141681901279567,direccional,0.007373268875686868,-0.7979823456553582,4.276910126910114,-5.074892472565472,-6.4124663053045055,-3.7889115309130776,-2.102733727777152,15444,85,0.505,0.024027294731858558,val,-5.074892472565472,direccional,False,False,False
YM,eth,ofi60,h60,-0.017961955427972263,0.9038018433179724,4.463143339990769,-3.559341496672797,-7.038631867302258,-0.5667165758357269,-2.576446215994578,13018,76,0.44,0.05074268842473542,disc,-3.559341496672797,direccional,0.022938869534627707,-1.438052345343304,4.26910104719161,-5.707153392534914,-9.487991455690741,-1.6854543055229902,-5.264553952541777,14706,85,0.22,0.036968140624835756,val,-5.707153392534914,direccional,False,False,False
YM,eth,ofi60,h240,0.022230242836800022,1.2340445982314494,4.590148427285999,-3.3561038290545495,-13.967845986952664,8.189220719141433,-9.285561770722488,13003,76,0.63,0.06815652720462849,disc,-3.3561038290545495,direccional,0.05837014496003061,14.946070091867982,4.251507725818516,10.694562366049468,-1.0884521396907254,22.623500649929817,3.1946286907590333,14691,85,0.015,0.04967106996977018,val,10.694562366049468,direccional,False,False,False
YM,eth,zona,h1,0.0003772610442825106,-0.014125777130348603,6.12740692734211,-6.141532704472459,-10.384443373948766,-3.9676850642759702,-0.22395055868038918,13887,76,0.95,0.014462935450864974,disc,-6.141532704472459,direccional,0.005735290181606885,0.10124605948115964,4.290600390600379,-4.18935433111922,-4.496608335158554,-3.9308223384343464,-0.10727649992569056,15873,85,0.45,0.017148665295352573,val,-4.18935433111922,direccional,False,False,False
YM,eth,zona,h5,-0.00637543720224967,0.33796410534747123,6.187968727378014,-5.850004622030543,-10.090926682392194,-3.5175637351000164,-0.11379907735815509,13814,76,0.405,0.014699484831787991,disc,-5.850004622030543,direccional,0.004185045611320042,0.07055469309768331,4.312260148185663,-4.241705455087979,-4.759959007717831,-3.8295557464896457,-0.3448382425074017,15791,85,0.65,0.017086005974881177,val,-4.241705455087979,direccional,False,False,False
YM,eth,zona,h15,-0.0013255112705574494,-0.07085160422277502,6.207945566286209,-6.278797170508984,-11.564149165095733,-3.6171445375231124,-0.8869321386522558,13668,76,0.92,0.016928459955578724,disc,-6.278797170508984,direccional,-0.006445418298573551,0.3735087957694246,4.309867536955258,-3.936358741185833,-4.683401593865389,-3.2117975374193652,-0.40058879906629924,15627,85,0.465,0.016881345760859902,val,-3.936358741185833,direccional,False,False,False
YM,eth,zona,h60,0.006286853387352176,1.7916196923662553,6.315340865421559,-4.5237211730553035,-9.773728546948087,-1.1604544143604827,0.06330964060964973,13011,76,0.605,0.020471868056618724,disc,-4.5237211730553035,direccional,-0.005493630978368792,0.41323781016098815,4.295459735375097,-3.882221925214109,-5.872129841629173,-1.831393344960786,-1.5635439256030748,14889,85,0.655,0.020092633743019755,val,-3.882221925214109,direccional,False,False,False
YM,eth,zona,h240,0.012009018979779152,4.412145918065572,6.118297937827019,-1.706152019761447,-8.203014760970753,4.70591666617198,-0.19018235445797357,12996,76,0.445,0.026136839289595176,disc,-1.706152019761447,direccional,0.0010517515826929701,1.4904287335146145,4.276832055936521,-2.7864033224219065,-7.809020641648628,2.4564773080322504,-3.444260031574191,14874,85,0.92,0.02154099471586636,val,-2.7864033224219065,direccional,False,False,False
YM,eth,vol30,h1,0.3212508119932613,2.2649051430100093,4.270817066369199,-2.0059119233591898,-2.4036539554384984,-1.7151132330915062,1.9423295724467744,14344,76,,,disc,-2.0059119233591898,no_direccional,0.4242077887357045,4.211880229779292,4.277901234567889,-0.0660210047885963,-0.641763334210505,0.6855731360322548,3.5651300833796844,16200,85,,,val,-0.0660210047885963,no_direccional,False,False,False
YM,eth,vol30,h5,0.30192260887982764,4.4234507120495445,4.313355756429107,0.11009495562043714,-0.5819428180087413,0.713252314317701,3.76257194213861,14271,76,,,disc,0.11009495562043714,no_direccional,0.4297475799096035,8.38798850241957,4.303213798237982,4.084774704181589,2.9345728662546513,5.266897579519505,7.181548955147375,16118,85,,,val,4.084774704181589,no_direccional,False,False,False
YM,eth,vol30,h15,0.2933372986648445,7.555710149298261,4.321592920353968,3.234117228944293,1.896944302376206,4.427553595780315,6.2090509320760185,14125,76,,,disc,3.234117228944293,no_direccional,0.4277756541764622,14.950770489445105,4.297455183652989,10.653315305792116,8.45649460475924,13.239256863036672,12.625469900073513,15954,85,,,val,10.653315305792116,no_direccional,False,False,False
YM,eth,vol30,h60,0.2986740075571259,16.925755329500866,4.387674487674475,12.538080841826392,9.488004195529909,15.83186592778191,13.885812257625092,13468,76,,,disc,12.538080841826392,no_direccional,0.44063798332001974,34.41264205301643,4.283872239747621,30.128769813268804,25.010894026003687,36.32354122374649,29.170354496458714,15216,85,,,val,30.128769813268804,no_direccional,False,False,False
YM,eth,vol30,h240,0.2660165891834308,35.670673803102844,4.5538318590648785,31.116841944037965,22.154291091547748,40.965421128851126,26.552068439029032,13453,76,,,disc,31.116841944037965,no_direccional,0.40920540624798035,70.49606262631077,4.265962765607513,66.23009986070326,51.07198057137518,85.11535829416462,55.318051654952015,15201,85,,,val,66.23009986070326,no_direccional,False,False,False
