# meta,indicator=aVolClusterPOI,version=0.5,instrument=NQ JUN26,tick_size=0.25,window_bars=10,median_mult=2,max_gap_ticks=1,min_cluster_ticks=2,bucket_minutes=30,percentile=98,lookback_sessions=20,min_samples=20,predictive_filter=0,min_quality=0,reaction_horizon=50,reaction_target_ticks=12,reaction_stop_ticks=8,quality_formula=heuristic_v1_not_probability,session_buckets=1,invalidation=CloseThrough,max_age_bars=0,max_touches=0,one_cluster_per_block=1,kinds=OFF_PRICE|AT_PRICE,export=ZONE_CREATED|AT_PRICE_CREATED|FIRST_TOUCH|ZONE_INVALIDATED,footprint=reconstructed_1tick_subseries,quantile=empirical_no_interp,write_mode=overwrite
event_seq,event_type,bar_index,bar_close_time,session_index,bucket,zone_id,lower_tick,upper_tick,score,threshold,samples,touch_count,reason,direction,anomaly_ratio,cluster_share,density,quality_score,distance_ticks,burst_count,touch_bar,mfe_ticks,mae_ticks,outcome
1,ZONE_CREATED,9834,2026-04-08T10:34:05.932,3,31,1,100596,100623,858,731,81,0,OFF_PRICE,LONG,1.173735,0.614173,0.892857,68.89,60,1,,0,0,
2,FIRST_TOUCH,9839,2026-04-08T10:34:22.004,3,31,1,100596,100623,858,,0,1,first_touch,LONG,1.173735,0.614173,0.892857,68.89,60,1,,0,0,
3,ZONE_INVALIDATED,9860,2026-04-08T10:35:41.828,3,31,1,100596,100623,858,,0,9,close_through_down,LONG,1.173735,0.614173,0.892857,68.89,60,1,9839,25,2,TARGET
4,ZONE_CREATED,10404,2026-04-08T11:12:34.364,3,32,2,100317,100338,785,698,72,0,OFF_PRICE,SHORT,1.124642,0.605243,1,53.31,1,1,,0,0,
5,FIRST_TOUCH,10405,2026-04-08T11:12:42.976,3,32,2,100317,100338,785,,0,1,first_touch,SHORT,1.124642,0.605243,1,53.31,1,1,,0,0,
6,ZONE_INVALIDATED,10411,2026-04-08T11:13:32.608,3,32,2,100317,100338,785,,0,7,close_through_up,SHORT,1.124642,0.605243,1,53.31,1,1,10405,12,10,AMBIGUOUS
7,AT_PRICE_CREATED,10624,2026-04-08T11:36:07.736,3,33,3,100138,100168,928,792,50,0,AT_PRICE,NEUTRAL,1.171717,0.714946,0.967742,54.87,0,1,,0,0,
8,ZONE_CREATED,10814,2026-04-08T11:55:12.808,3,33,4,100020,100046,875,792,50,0,OFF_PRICE,SHORT,1.104798,0.676721,0.962963,65.11,47,1,,0,0,
9,FIRST_TOUCH,10914,2026-04-08T12:00:29.252,3,33,4,100020,100046,875,,0,1,first_touch,SHORT,1.104798,0.676721,0.962963,65.11,47,1,,0,0,
10,ZONE_INVALIDATED,10921,2026-04-08T12:01:09.788,3,33,4,100020,100046,875,,0,6,close_through_up,SHORT,1.104798,0.676721,0.962963,65.11,47,1,10914,18,5,TARGET
11,AT_PRICE_CREATED,11404,2026-04-08T13:15:21.136,3,36,5,100318,100337,833,777,36,0,AT_PRICE,NEUTRAL,1.072072,0.688999,1,48.38,0,1,,0,0,
12,ZONE_CREATED,11544,2026-04-08T13:45:45.740,3,37,6,100515,100530,808,805,23,0,OFF_PRICE,LONG,1.003727,0.63522,0.9375,46.41,3,1,,0,0,
13,FIRST_TOUCH,11545,2026-04-08T13:46:04.248,3,37,6,100515,100530,808,,0,1,first_touch,LONG,1.003727,0.63522,0.9375,46.41,3,1,,0,0,
14,ZONE_INVALIDATED,11634,2026-04-08T14:07:16.976,3,37,6,100515,100530,808,,0,14,close_through_down,LONG,1.003727,0.63522,0.9375,46.41,3,1,11545,12,2,TARGET
15,ZONE_CREATED,11714,2026-04-08T14:23:39.880,3,38,7,100400,100420,766,690,31,0,OFF_PRICE,SHORT,1.110145,0.614274,0.952381,56.58,5,1,,0,0,
16,FIRST_TOUCH,11715,2026-04-08T14:23:44.112,3,38,7,100400,100420,766,,0,1,first_touch,SHORT,1.110145,0.614274,0.952381,56.58,5,1,,0,0,
17,ZONE_INVALIDATED,11878,2026-04-08T15:01:41.060,3,38,7,100400,100420,766,,0,11,close_through_up,SHORT,1.110145,0.614274,0.952381,56.58,5,1,11715,24,2,TARGET
18,AT_PRICE_CREATED,12004,2026-04-08T15:20:33.528,3,40,8,100247,100277,858,816,27,0,AT_PRICE,NEUTRAL,1.051471,0.668224,0.967742,46.45,0,1,,0,0,
19,ZONE_CREATED,12304,2026-04-08T16:10:19.384,3,42,9,99901,99922,982,942,36,0,OFF_PRICE,LONG,1.042463,0.693013,0.954545,60.62,37,1,,0,0,
20,FIRST_TOUCH,12358,2026-04-08T16:18:17.984,3,42,9,99901,99922,982,,0,1,first_touch,LONG,1.042463,0.693013,0.954545,60.62,37,1,,0,0,
21,ZONE_INVALIDATED,12362,2026-04-08T16:19:02.592,3,42,9,99901,99922,982,,0,5,close_through_down,LONG,1.042463,0.693013,0.954545,60.62,37,1,12358,23,2,TARGET
22,ZONE_CREATED,12444,2026-04-08T16:33:15.236,3,43,10,99948,99965,941,898,54,0,OFF_PRICE,LONG,1.047884,0.708584,1,54.19,6,1,,0,0,
23,FIRST_TOUCH,12445,2026-04-08T16:33:29.788,3,43,10,99948,99965,941,,0,1,first_touch,LONG,1.047884,0.708584,1,54.19,6,1,,0,0,
24,ZONE_INVALIDATED,12446,2026-04-08T16:33:41.980,3,43,10,99948,99965,941,,0,2,close_through_down,LONG,1.047884,0.708584,1,54.19,6,1,12445,7,13,STOP
25,AT_PRICE_CREATED,12574,2026-04-08T16:50:54.796,3,43,11,100166,100187,1060,898,54,0,AT_PRICE,NEUTRAL,1.180401,0.818533,1,55.96,0,1,,0,0,
26,AT_PRICE_CREATED,12674,2026-04-08T16:59:30.592,3,43,12,100243,100253,1169,898,54,0,AT_PRICE,NEUTRAL,1.301782,0.890327,1,64.46,0,1,,0,0,
27,AT_PRICE_CREATED,12714,2026-04-08T16:59:58.044,3,43,13,100316,100323,1019,898,54,0,AT_PRICE,NEUTRAL,1.134744,0.738406,1,52.77,0,1,,0,0,
28,ZONE_CREATED,12754,2026-04-08T17:00:29.092,3,44,14,100348,100359,1004,939,20,0,OFF_PRICE,SHORT,1.069223,0.723864,1,55.26,3,2,,0,0,
29,FIRST_TOUCH,12755,2026-04-08T17:00:31.992,3,44,14,100348,100359,1004,,0,1,first_touch,SHORT,1.069223,0.723864,1,55.26,3,2,,0,0,
30,ZONE_INVALIDATED,12756,2026-04-08T17:00:35.144,3,44,14,100348,100359,1004,,0,2,close_through_up,SHORT,1.069223,0.723864,1,55.26,3,2,12755,7,16,STOP
31,ZONE_CREATED,12906,2026-04-08T20:04:49.800,4,2,15,100117,100129,686,660,24,0,OFF_PRICE,LONG,1.039394,0.545744,0.923077,47.44,2,1,,0,0,
32,FIRST_TOUCH,12907,2026-04-08T20:05:11.708,4,2,15,100117,100129,686,,0,1,first_touch,LONG,1.039394,0.545744,0.923077,47.44,2,1,,0,0,
33,ZONE_INVALIDATED,12924,2026-04-08T20:32:40.640,4,2,15,100117,100129,686,,0,4,close_through_down,LONG,1.039394,0.545744,0.923077,47.44,2,1,12907,50,0,TARGET
34,ZONE_CREATED,14076,2026-04-09T11:00:42.716,4,32,16,100080,100094,832,698,101,0,OFF_PRICE,SHORT,1.191977,0.567531,0.933333,70.77,19,1,,0,0,
35,FIRST_TOUCH,14077,2026-04-09T11:00:44.852,4,32,16,100080,100094,832,,0,1,first_touch,SHORT,1.191977,0.567531,0.933333,70.77,19,1,,0,0,
36,ZONE_INVALIDATED,14090,2026-04-09T11:02:12.232,4,32,16,100080,100094,832,,0,10,close_through_up,SHORT,1.191977,0.567531,0.933333,70.77,19,1,14077,22,4,TARGET
37,AT_PRICE_CREATED,14106,2026-04-09T11:04:24.004,4,32,17,100113,100134,712,698,101,0,AT_PRICE,NEUTRAL,1.020057,0.515942,0.863636,46.03,0,2,,0,0,
38,AT_PRICE_CREATED,14286,2026-04-09T11:21:10.684,4,32,18,99969,99992,844,698,101,0,AT_PRICE,NEUTRAL,1.209169,0.592281,0.916667,56.73,0,1,,0,0,
39,ZONE_CREATED,14816,2026-04-09T12:30:03.908,4,35,19,100228,100244,959,771,50,0,OFF_PRICE,SHORT,1.243839,0.733741,1,75.4,13,1,,0,0,
40,FIRST_TOUCH,14822,2026-04-09T12:30:45.388,4,35,19,100228,100244,959,,0,1,first_touch,SHORT,1.243839,0.733741,1,75.4,13,1,,0,0,
41,ZONE_INVALIDATED,14824,2026-04-09T12:30:46.544,4,35,19,100228,100244,959,,0,3,close_through_up,SHORT,1.243839,0.733741,1,75.4,13,1,14822,14,0,TARGET
42,AT_PRICE_CREATED,15726,2026-04-09T14:27:49.936,4,38,20,100895,100912,870,766,46,0,AT_PRICE,NEUTRAL,1.13577,0.675466,0.944444,52,0,1,,0,0,
43,ZONE_CREATED,15946,2026-04-09T15:05:56.596,4,40,21,100686,100705,1007,858,47,0,OFF_PRICE,LONG,1.17366,0.766946,0.95,69.74,31,1,,0,0,
44,FIRST_TOUCH,15956,2026-04-09T15:07:15.432,4,40,21,100686,100705,1007,,0,1,first_touch,LONG,1.17366,0.766946,0.95,69.74,31,1,,0,0,
45,ZONE_INVALIDATED,15968,2026-04-09T15:09:06.956,4,40,21,100686,100705,1007,,0,10,close_through_down,LONG,1.17366,0.766946,0.95,69.74,31,1,15956,14,7,TARGET
46,AT_PRICE_CREATED,16056,2026-04-09T15:24:13.188,4,40,22,100612,100623,1662,858,47,0,AT_PRICE,NEUTRAL,1.937063,0.802511,1,78.33,0,1,,0,0,
47,AT_PRICE_CREATED,16686,2026-04-09T17:23:23.016,4,44,23,100926,100949,1104,1004,29,0,AT_PRICE,NEUTRAL,1.099602,0.854489,0.958333,49.68,0,1,,0,0,
48,AT_PRICE_CREATED,16772,2026-04-09T20:25:21.768,5,2,24,100832,100854,818,686,26,0,AT_PRICE,NEUTRAL,1.19242,0.617358,1,56.8,0,1,,0,0,
49,ZONE_CREATED,17472,2026-04-10T10:32:03.812,5,31,25,101391,101405,825,702,173,0,OFF_PRICE,LONG,1.175214,0.628811,1,70.6,13,1,,0,0,
50,FIRST_TOUCH,17475,2026-04-10T10:32:15.352,5,31,25,101391,101405,825,,0,1,first_touch,LONG,1.175214,0.628811,1,70.6,13,1,,0,0,
51,ZONE_INVALIDATED,17476,2026-04-10T10:32:19.768,5,31,25,101391,101405,825,,0,2,close_through_down,LONG,1.175214,0.628811,1,70.6,13,1,17475,11,13,STOP
52,AT_PRICE_CREATED,18072,2026-04-10T11:35:17.080,5,33,26,101400,101426,1051,854,108,0,AT_PRICE,NEUTRAL,1.230679,0.802903,1,59.48,0,1,,0,0,
53,ZONE_CREATED,18182,2026-04-10T11:47:32.544,5,33,27,101328,101347,923,854,108,0,OFF_PRICE,LONG,1.080796,0.723922,0.95,50.74,2,1,,0,0,
54,FIRST_TOUCH,18183,2026-04-10T11:47:45.916,5,33,27,101328,101347,923,,0,1,first_touch,LONG,1.080796,0.723922,0.95,50.74,2,1,,0,0,
55,ZONE_INVALIDATED,18183,2026-04-10T11:47:45.916,5,33,27,101328,101347,923,,0,1,close_through_down,LONG,1.080796,0.723922,0.95,50.74,2,1,18183,3,31,STOP
56,ZONE_CREATED,18292,2026-04-10T12:03:30.192,5,34,28,101386,101400,783,713,88,0,OFF_PRICE,SHORT,1.098177,0.625899,0.933333,59.21,8,1,,0,0,
57,FIRST_TOUCH,18293,2026-04-10T12:03:39.392,5,34,28,101386,101400,783,,0,1,first_touch,SHORT,1.098177,0.625899,0.933333,59.21,8,1,,0,0,
58,ZONE_INVALIDATED,18318,2026-04-10T12:07:53.540,5,34,28,101386,101400,783,,0,10,close_through_up,SHORT,1.098177,0.625899,0.933333,59.21,8,1,18293,13,2,TARGET
59,AT_PRICE_CREATED,18402,2026-04-10T12:20:17.312,5,34,29,101474,101491,802,713,88,0,AT_PRICE,NEUTRAL,1.124825,0.621705,0.888889,50.4,0,1,,0,0,
60,AT_PRICE_CREATED,18482,2026-04-10T12:30:00.552,5,34,30,101384,101400,776,713,88,0,AT_PRICE,NEUTRAL,1.088359,0.586989,0.941176,51.97,0,2,,0,0,
61,ZONE_CREATED,18862,2026-04-10T13:22:50.036,5,36,31,101087,101105,853,777,78,0,OFF_PRICE,LONG,1.097812,0.647193,0.842105,62.81,18,1,,0,0,
62,FIRST_TOUCH,18878,2026-04-10T13:27:01.820,5,36,31,101087,101105,853,,0,1,first_touch,LONG,1.097812,0.647193,0.842105,62.81,18,1,,0,0,
63,ZONE_INVALIDATED,18897,2026-04-10T13:31:11.384,5,36,31,101087,101105,853,,0,10,close_through_down,LONG,1.097812,0.647193,0.842105,62.81,18,1,18878,17,5,TARGET
64,ZONE_CREATED,20010,2026-04-12T19:18:45.968,6,0,32,99947,99973,801,682,28,0,OFF_PRICE,SHORT,1.174487,0.615207,1,66.8,9,1,,0,0,
65,FIRST_TOUCH,20011,2026-04-12T19:19:21.144,6,0,32,99947,99973,801,,0,1,first_touch,SHORT,1.174487,0.615207,1,66.8,9,1,,0,0,
66,ZONE_INVALIDATED,20167,2026-04-12T21:14:06.936,6,0,32,99947,99973,801,,0,11,close_through_up,SHORT,1.174487,0.615207,1,66.8,9,1,20011,32,2,TARGET
67,AT_PRICE_CREATED,20630,2026-04-13T08:01:47.968,6,26,33,100670,100699,805,745,21,0,AT_PRICE,NEUTRAL,1.080537,0.637876,0.966667,48.47,0,1,,0,0,
68,AT_PRICE_CREATED,20760,2026-04-13T09:28:43.692,6,28,34,100466,100489,854,839,35,0,AT_PRICE,NEUTRAL,1.017878,0.625183,0.875,42.71,0,1,,0,0,
69,ZONE_CREATED,20870,2026-04-13T10:23:59.780,6,30,35,100747,100766,892,740,41,0,OFF_PRICE,LONG,1.205405,0.689335,0.95,71.96,20,1,,0,0,
70,ZONE_CREATED,21030,2026-04-13T10:35:41.956,6,31,36,100823,100844,924,702,209,0,OFF_PRICE,SHORT,1.316239,0.738019,1,70.47,4,1,,0,0,
71,FIRST_TOUCH,21033,2026-04-13T10:35:54.696,6,31,36,100823,100844,924,,0,1,first_touch,SHORT,1.316239,0.738019,1,70.47,4,1,,0,0,
72,FIRST_TOUCH,21042,2026-04-13T10:36:31.328,6,30,35,100747,100766,892,,0,1,first_touch,LONG,1.205405,0.689335,0.95,71.96,20,1,,0,0,
73,ZONE_INVALIDATED,21044,2026-04-13T10:36:36.704,6,30,35,100747,100766,892,,0,3,close_through_down,LONG,1.205405,0.689335,0.95,71.96,20,1,21042,10,10,STOP
74,ZONE_INVALIDATED,21105,2026-04-13T10:42:24.212,6,31,36,100823,100844,924,,0,9,close_through_up,SHORT,1.316239,0.738019,1,70.47,4,1,21033,13,7,TARGET
75,ZONE_CREATED,21240,2026-04-13T10:50:05.008,6,31,37,101087,101106,770,702,209,0,OFF_PRICE,SHORT,1.096866,0.577211,0.9,49.86,1,1,,0,0,
76,FIRST_TOUCH,21241,2026-04-13T10:50:06.856,6,31,37,101087,101106,770,,0,1,first_touch,SHORT,1.096866,0.577211,0.9,49.86,1,1,,0,0,
77,ZONE_INVALIDATED,21243,2026-04-13T10:50:13.052,6,31,37,101087,101106,770,,0,3,close_through_up,SHORT,1.096866,0.577211,0.9,49.86,1,1,21241,4,27,STOP
78,AT_PRICE_CREATED,21360,2026-04-13T10:56:51.360,6,31,38,101070,101091,937,702,209,0,AT_PRICE,NEUTRAL,1.334758,0.701347,0.909091,68.74,0,2,,0,0,
79,AT_PRICE_CREATED,21610,2026-04-13T11:18:21.732,6,32,39,101015,101036,900,785,156,0,AT_PRICE,NEUTRAL,1.146497,0.679758,0.909091,52.22,0,1,,0,0,
80,AT_PRICE_CREATED,22860,2026-04-13T14:17:37.604,6,38,40,101669,101684,891,766,72,0,AT_PRICE,NEUTRAL,1.163185,0.659024,0.875,52.88,0,1,,0,0,
81,AT_PRICE_CREATED,23390,2026-04-13T16:44:06.536,6,43,41,101837,101850,1084,1019,133,0,AT_PRICE,NEUTRAL,1.063788,0.823083,0.928571,46.73,0,1,,0,0,
82,ZONE_CREATED,24283,2026-04-14T08:57:55.744,7,27,42,102624,102649,1023,662,21,0,OFF_PRICE,LONG,1.545317,0.803614,1,93.33,40,1,,0,0,
83,FIRST_TOUCH,24336,2026-04-14T09:25:11.696,7,27,42,102624,102649,1023,,0,1,first_touch,LONG,1.545317,0.803614,1,93.33,40,1,,0,0,
84,ZONE_CREATED,24443,2026-04-14T10:21:37.732,7,30,43,102704,102724,893,740,50,0,OFF_PRICE,SHORT,1.206757,0.679604,0.857143,70.66,31,1,,0,0,
85,FIRST_TOUCH,24448,2026-04-14T10:24:41.212,7,30,43,102704,102724,893,,0,1,first_touch,SHORT,1.206757,0.679604,0.857143,70.66,31,1,,0,0,
86,ZONE_INVALIDATED,24456,2026-04-14T10:27:13.320,7,27,42,102624,102649,1023,,0,11,close_through_down,LONG,1.545317,0.803614,1,93.33,40,1,24336,8,12,STOP
87,ZONE_INVALIDATED,24482,2026-04-14T10:30:00.896,7,30,43,102704,102724,893,,0,5,close_through_up,SHORT,1.206757,0.679604,0.857143,70.66,31,1,24448,14,9,AMBIGUOUS
88,AT_PRICE_CREATED,24613,2026-04-14T10:35:54.300,7,31,44,102956,102973,974,770,259,0,AT_PRICE,NEUTRAL,1.264935,0.75387,0.944444,61.05,0,1,,0,0,
89,ZONE_CREATED,24693,2026-04-14T10:40:48.664,7,31,45,102856,102877,885,770,259,0,OFF_PRICE,SHORT,1.149351,0.710273,0.909091,61.17,7,1,,0,0,
90,FIRST_TOUCH,24696,2026-04-14T10:41:02.296,7,31,45,102856,102877,885,,0,1,first_touch,SHORT,1.149351,0.710273,0.909091,61.17,7,1,,0,0,
91,ZONE_INVALIDATED,24698,2026-04-14T10:41:04.308,7,31,45,102856,102877,885,,0,3,close_through_up,SHORT,1.149351,0.710273,0.909091,61.17,7,1,24696,12,8,AMBIGUOUS
92,AT_PRICE_CREATED,25073,2026-04-14T11:17:24.088,7,32,46,103128,103143,858,832,188,0,AT_PRICE,NEUTRAL,1.03125,0.614613,0.875,43.65,0,1,,0,0,
93,AT_PRICE_CREATED,25123,2026-04-14T11:22:40.484,7,32,47,103158,103166,878,832,188,0,AT_PRICE,NEUTRAL,1.055288,0.666161,1,50.54,0,2,,0,0,
94,ZONE_CREATED,25373,2026-04-14T11:56:29.692,7,33,48,103254,103265,932,875,154,0,OFF_PRICE,SHORT,1.065143,0.710908,1,55.39,6,1,,0,0,
95,FIRST_TOUCH,25374,2026-04-14T11:56:49.444,7,33,48,103254,103265,932,,0,1,first_touch,SHORT,1.065143,0.710908,1,55.39,6,1,,0,0,
96,ZONE_INVALIDATED,25531,2026-04-14T12:20:53.364,7,33,48,103254,103265,932,,0,7,close_through_up,SHORT,1.065143,0.710908,1,55.39,6,1,25374,23,1,TARGET
97,ZONE_CREATED,25613,2026-04-14T12:29:18.932,7,34,49,103344,103353,795,783,129,0,OFF_PRICE,SHORT,1.015326,0.600907,1,51.91,6,1,,0,0,
98,FIRST_TOUCH,25614,2026-04-14T12:29:34.012,7,34,49,103344,103353,795,,0,1,first_touch,SHORT,1.015326,0.600907,1,51.91,6,1,,0,0,
99,ZONE_INVALIDATED,25618,2026-04-14T12:30:07.120,7,34,49,103344,103353,795,,0,3,close_through_up,SHORT,1.015326,0.600907,1,51.91,6,1,25614,15,4,TARGET
100,ZONE_CREATED,25723,2026-04-14T12:45:31.700,7,35,50,103449,103466,877,823,125,0,OFF_PRICE,LONG,1.065614,0.663389,0.944444,62.09,12,1,,0,0,
101,AT_PRICE_CREATED,25783,2026-04-14T12:53:22.696,7,35,51,103574,103583,825,823,125,0,AT_PRICE,NEUTRAL,1.00243,0.647567,0.9,42,0,1,,0,0,
102,ZONE_CREATED,25893,2026-04-14T13:15:07.304,7,36,52,103546,103557,886,790,117,0,OFF_PRICE,LONG,1.121519,0.65727,0.916667,68.92,19,2,,0,0,
103,AT_PRICE_CREATED,25943,2026-04-14T13:24:18.032,7,36,53,103658,103671,810,790,117,0,AT_PRICE,NEUTRAL,1.025316,0.609023,1,45.11,0,1,,0,0,
104,ZONE_CREATED,26003,2026-04-14T13:33:47.476,7,37,54,103662,103672,849,805,97,0,OFF_PRICE,SHORT,1.054658,0.640271,0.909091,56.63,6,2,,0,0,
105,FIRST_TOUCH,26005,2026-04-14T13:34:03.652,7,37,54,103662,103672,849,,0,1,first_touch,SHORT,1.054658,0.640271,0.909091,56.63,6,2,,0,0,
106,ZONE_CREATED,26013,2026-04-14T13:35:49.512,7,37,55,103653,103660,910,805,97,0,OFF_PRICE,SHORT,1.130435,0.68012,1,74.13,14,3,,0,0,
107,FIRST_TOUCH,26019,2026-04-14T13:36:33.476,7,37,55,103653,103660,910,,0,1,first_touch,SHORT,1.130435,0.68012,1,74.13,14,3,,0,0,
108,ZONE_INVALIDATED,26022,2026-04-14T13:37:12.192,7,37,55,103653,103660,910,,0,4,close_through_up,SHORT,1.130435,0.68012,1,74.13,14,3,26019,7,8,STOP
109,ZONE_INVALIDATED,26025,2026-04-14T13:37:44.988,7,37,54,103662,103672,849,,0,9,close_through_up,SHORT,1.054658,0.640271,0.909091,56.63,6,2,26005,14,6,TARGET
110,ZONE_CREATED,26103,2026-04-14T13:55:26.856,7,37,56,103676,103690,923,805,97,0,OFF_PRICE,SHORT,1.146584,0.696078,0.933333,69.26,8,4,,0,0,
111,AT_PRICE_CREATED,26123,2026-04-14T13:58:57.872,7,37,57,103638,103654,961,805,97,0,AT_PRICE,NEUTRAL,1.193789,0.735272,0.941176,62.68,0,5,,0,0,
112,FIRST_TOUCH,26129,2026-04-14T14:00:04.740,7,37,56,103676,103690,923,,0,1,first_touch,SHORT,1.146584,0.696078,0.933333,69.26,8,4,,0,0,
113,ZONE_INVALIDATED,26134,2026-04-14T14:01:09.216,7,37,56,103676,103690,923,,0,6,close_through_up,SHORT,1.146584,0.696078,0.933333,69.26,8,4,26129,12,5,TARGET
114,AT_PRICE_CREATED,26143,2026-04-14T14:03:21.060,7,38,58,103686,103698,1056,870,84,0,AT_PRICE,NEUTRAL,1.213793,0.821151,1,64.97,0,5,,0,0,
115,FIRST_TOUCH,26508,2026-04-14T15:24:54.352,7,36,52,103546,103557,886,,0,1,first_touch,LONG,1.121519,0.65727,0.916667,68.92,19,2,,0,0,
116,ZONE_CREATED,27364,2026-04-14T20:34:56.008,8,3,59,104040,104060,732,688,21,0,OFF_PRICE,LONG,1.063953,0.560061,0.952381,62.1,38,1,,0,0,
117,FIRST_TOUCH,27390,2026-04-14T21:00:01.204,8,3,59,104040,104060,732,,0,1,first_touch,LONG,1.063953,0.560061,0.952381,62.1,38,1,,0,0,
118,ZONE_INVALIDATED,27395,2026-04-14T21:04:24.872,8,3,59,104040,104060,732,,0,6,close_through_down,LONG,1.063953,0.560061,0.952381,62.1,38,1,27390,22,10,AMBIGUOUS
119,AT_PRICE_CREATED,27704,2026-04-15T05:13:40.640,8,20,60,104043,104060,797,746,24,0,AT_PRICE,NEUTRAL,1.068365,0.609327,0.888889,46.45,0,1,,0,0,
120,AT_PRICE_CREATED,28284,2026-04-15T10:40:17.468,8,31,61,104188,104216,1012,789,301,0,AT_PRICE,NEUTRAL,1.282636,0.780864,0.931034,62.08,0,1,,0,0,
121,AT_PRICE_CREATED,28624,2026-04-15T11:12:33.860,8,32,62,104288,104314,1012,844,217,0,AT_PRICE,NEUTRAL,1.199052,0.764928,1,57.27,0,1,,0,0,
122,ZONE_CREATED,28664,2026-04-15T11:16:08.796,8,32,63,104382,104397,904,844,217,0,OFF_PRICE,SHORT,1.07109,0.670623,0.9375,61.12,11,1,,0,0,
123,FIRST_TOUCH,28666,2026-04-15T11:16:21.448,8,32,63,104382,104397,904,,0,1,first_touch,SHORT,1.07109,0.670623,0.9375,61.12,11,1,,0,0,
124,ZONE_INVALIDATED,28667,2026-04-15T11:16:30.328,8,32,63,104382,104397,904,,0,2,close_through_up,SHORT,1.07109,0.670623,0.9375,61.12,11,1,28666,4,16,STOP
125,ZONE_CREATED,28804,2026-04-15T11:29:47.740,8,32,64,104510,104526,1076,844,217,0,OFF_PRICE,LONG,1.274882,0.84858,1,63.83,1,1,,0,0,
126,FIRST_TOUCH,28805,2026-04-15T11:29:56.024,8,32,64,104510,104526,1076,,0,1,first_touch,LONG,1.274882,0.84858,1,63.83,1,1,,0,0,
127,ZONE_INVALIDATED,28815,2026-04-15T11:30:28.468,8,32,64,104510,104526,1076,,0,6,close_through_down,LONG,1.274882,0.84858,1,63.83,1,1,28805,2,11,STOP
128,ZONE_CREATED,29104,2026-04-15T12:06:15.992,8,34,65,104666,104686,941,783,152,0,OFF_PRICE,SHORT,1.201788,0.72608,0.952381,71.74,21,1,,0,0,
129,FIRST_TOUCH,29150,2026-04-15T12:11:12.776,8,34,65,104666,104686,941,,0,1,first_touch,SHORT,1.201788,0.72608,0.952381,71.74,21,1,,0,0,
130,ZONE_INVALIDATED,29155,2026-04-15T12:12:00.960,8,34,65,104666,104686,941,,0,4,close_through_up,SHORT,1.201788,0.72608,0.952381,71.74,21,1,29150,22,4,TARGET
131,ZONE_CREATED,29364,2026-04-15T12:44:01.908,8,35,66,104822,104834,880,877,146,0,OFF_PRICE,SHORT,1.003421,0.695103,0.923077,53.67,9,1,,0,0,
132,FIRST_TOUCH,29366,2026-04-15T12:44:19.536,8,35,66,104822,104834,880,,0,1,first_touch,SHORT,1.003421,0.695103,0.923077,53.67,9,1,,0,0,
133,ZONE_INVALIDATED,29371,2026-04-15T12:45:42.568,8,35,66,104822,104834,880,,0,6,close_through_up,SHORT,1.003421,0.695103,0.923077,53.67,9,1,29366,0,15,STOP
134,ZONE_CREATED,29704,2026-04-15T13:41:33.156,8,37,67,104657,104673,998,910,112,0,OFF_PRICE,SHORT,1.096703,0.700843,0.941176,51.72,2,1,,0,0,
135,FIRST_TOUCH,29705,2026-04-15T13:41:34.396,8,37,67,104657,104673,998,,0,1,first_touch,SHORT,1.096703,0.700843,0.941176,51.72,2,1,,0,0,
136,ZONE_INVALIDATED,29944,2026-04-15T14:05:34.720,8,37,67,104657,104673,998,,0,15,close_through_up,SHORT,1.096703,0.700843,0.941176,51.72,2,1,29705,33,0,TARGET
137,ZONE_CREATED,30884,2026-04-15T16:54:10.076,8,43,68,105368,105384,1023,1019,199,0,OFF_PRICE,LONG,1.003925,0.744,1,58.61,26,1,,0,0,
138,ZONE_CREATED,31044,2026-04-15T17:00:01.356,8,44,69,105450,105461,1031,1004,63,0,OFF_PRICE,LONG,1.026892,0.730687,1,57.72,10,1,,0,0,
139,FIRST_TOUCH,31045,2026-04-15T17:00:02.292,8,44,69,105450,105461,1031,,0,1,first_touch,LONG,1.026892,0.730687,1,57.72,10,1,,0,0,
140,ZONE_INVALIDATED,31053,2026-04-15T17:00:22.524,8,44,69,105450,105461,1031,,0,6,close_through_down,LONG,1.026892,0.730687,1,57.72,10,1,31045,12,0,TARGET
141,FIRST_TOUCH,31063,2026-04-15T17:00:54.944,8,43,68,105368,105384,1023,,0,1,first_touch,LONG,1.003925,0.744,1,58.61,26,1,,0,0,
142,AT_PRICE_CREATED,31074,2026-04-15T17:01:58.168,8,44,70,105410,105425,1028,1004,63,0,AT_PRICE,NEUTRAL,1.023904,0.740101,1,48.34,0,2,,0,0,
143,ZONE_INVALIDATED,31086,2026-04-15T17:05:18.392,8,43,68,105368,105384,1023,,0,9,close_through_down,LONG,1.003925,0.744,1,58.61,26,1,31063,18,4,TARGET
144,ZONE_CREATED,31711,2026-04-16T07:52:42.004,9,25,71,105519,105550,942,871,27,0,OFF_PRICE,LONG,1.081515,0.704562,0.9375,54.35,5,1,,0,0,
145,FIRST_TOUCH,31753,2026-04-16T08:27:22.640,9,25,71,105519,105550,942,,0,1,first_touch,LONG,1.081515,0.704562,0.9375,54.35,5,1,,0,0,
146,ZONE_INVALIDATED,31995,2026-04-16T10:31:32.864,9,25,71,105519,105550,942,,0,11,close_through_down,LONG,1.081515,0.704562,0.9375,54.35,5,1,31753,11,15,STOP
147,ZONE_CREATED,32061,2026-04-16T10:35:27.900,9,31,72,105555,105580,880,825,342,0,OFF_PRICE,SHORT,1.066667,0.661157,0.923077,61.85,24,1,,0,0,
148,FIRST_TOUCH,32112,2026-04-16T10:37:55.668,9,31,72,105555,105580,880,,0,1,first_touch,SHORT,1.066667,0.661157,0.923077,61.85,24,1,,0,0,
149,ZONE_INVALIDATED,32120,2026-04-16T10:38:13.436,9,31,72,105555,105580,880,,0,8,close_through_up,SHORT,1.066667,0.661157,0.923077,61.85,24,1,32112,18,2,TARGET
150,ZONE_CREATED,32611,2026-04-16T11:09:42.104,9,32,73,105377,105398,949,896,246,0,OFF_PRICE,SHORT,1.059152,0.705052,0.909091,58.61,10,1,,0,0,
151,FIRST_TOUCH,32612,2026-04-16T11:09:48.484,9,32,73,105377,105398,949,,0,1,first_touch,SHORT,1.059152,0.705052,0.909091,58.61,10,1,,0,0,
152,ZONE_INVALIDATED,32615,2026-04-16T11:10:07.496,9,32,73,105377,105398,949,,0,4,close_through_up,SHORT,1.059152,0.705052,0.909091,58.61,10,1,32612,12,23,AMBIGUOUS
153,ZONE_CREATED,32781,2026-04-16T11:24:37.064,9,32,74,105279,105307,1176,896,246,0,OFF_PRICE,LONG,1.3125,0.879581,0.965517,79.69,13,1,,0,0,
154,ZONE_CREATED,33301,2026-04-16T12:17:37.624,9,34,75,105922,105936,939,795,174,0,OFF_PRICE,LONG,1.181132,0.74583,1,61.01,4,1,,0,0,
155,FIRST_TOUCH,33302,2026-04-16T12:17:43.720,9,34,75,105922,105936,939,,0,1,first_touch,LONG,1.181132,0.74583,1,61.01,4,1,,0,0,
156,ZONE_INVALIDATED,33309,2026-04-16T12:19:03.504,9,34,75,105922,105936,939,,0,7,close_through_down,LONG,1.181132,0.74583,1,61.01,4,1,33302,12,0,TARGET
157,AT_PRICE_CREATED,33431,2026-04-16T12:32:26.412,9,35,76,105893,105910,1071,877,164,0,AT_PRICE,NEUTRAL,1.221209,0.751579,1,62.15,0,2,,0,0,
158,ZONE_CREATED,33791,2026-04-16T13:20:50.504,9,36,77,106238,106248,855,833,147,0,OFF_PRICE,SHORT,1.026411,0.660742,1,58.93,11,1,,0,0,
159,AT_PRICE_CREATED,33961,2026-04-16T13:36:53.900,9,37,78,105912,105942,959,923,142,0,AT_PRICE,NEUTRAL,1.039003,0.761111,0.935484,45.1,0,1,,0,0,
160,ZONE_CREATED,34471,2026-04-16T14:57:08.924,9,39,79,105828,105845,956,892,104,0,OFF_PRICE,SHORT,1.071749,0.753349,1,59.61,9,1,,0,0,
161,FIRST_TOUCH,34472,2026-04-16T14:57:10.780,9,39,79,105828,105845,956,,0,1,first_touch,SHORT,1.071749,0.753349,1,59.61,9,1,,0,0,
162,ZONE_INVALIDATED,34476,2026-04-16T14:57:15.112,9,39,79,105828,105845,956,,0,4,close_through_up,SHORT,1.071749,0.753349,1,59.61,9,1,34472,15,13,AMBIGUOUS
163,AT_PRICE_CREATED,34731,2026-04-16T15:23:46.964,9,40,80,105541,105553,1116,858,126,0,AT_PRICE,NEUTRAL,1.300699,0.718147,1,64.38,0,1,,0,0,
164,ZONE_CREATED,35698,2026-04-16T22:38:12.680,10,7,81,105929,105946,993,733,22,0,OFF_PRICE,LONG,1.354707,0.680137,0.944444,82.33,18,1,,0,0,
165,FIRST_TOUCH,35708,2026-04-16T23:07:56.256,10,7,81,105929,105946,993,,0,1,first_touch,LONG,1.354707,0.680137,0.944444,82.33,18,1,,0,0,
166,ZONE_CREATED,35708,2026-04-16T23:07:56.256,10,8,82,105956,105978,974,556,24,0,OFF_PRICE,SHORT,1.751799,0.759158,0.956522,96.01,25,2,,0,0,
167,ZONE_INVALIDATED,35709,2026-04-16T23:08:48.796,10,7,81,105929,105946,993,,0,2,close_through_down,LONG,1.354707,0.680137,0.944444,82.33,18,1,35708,15,17,AMBIGUOUS
168,ZONE_CREATED,35718,2026-04-16T23:25:04.156,10,8,83,105889,105917,841,556,24,0,OFF_PRICE,SHORT,1.51259,0.682076,0.965517,96.15,53,2,,0,0,
169,FIRST_TOUCH,35724,2026-04-16T23:32:24.596,10,8,83,105889,105917,841,,0,1,first_touch,SHORT,1.51259,0.682076,0.965517,96.15,53,2,,0,0,
170,ZONE_INVALIDATED,35829,2026-04-17T04:07:04.684,10,8,83,105889,105917,841,,0,30,close_through_up,SHORT,1.51259,0.682076,0.965517,96.15,53,2,35724,26,7,TARGET
171,FIRST_TOUCH,35857,2026-04-17T04:57:53.516,10,8,82,105956,105978,974,,0,1,first_touch,SHORT,1.751799,0.759158,0.956522,96.01,25,2,,0,0,
172,ZONE_INVALIDATED,35870,2026-04-17T05:20:31.240,10,8,82,105956,105978,974,,0,11,close_through_up,SHORT,1.751799,0.759158,0.956522,96.01,25,2,35857,15,13,AMBIGUOUS
173,FIRST_TOUCH,36022,2026-04-17T08:50:45.620,10,36,77,106238,106248,855,,0,1,first_touch,SHORT,1.026411,0.660742,1,58.93,11,1,,0,0,
174,ZONE_INVALIDATED,36022,2026-04-17T08:50:45.620,10,36,77,106238,106248,855,,0,1,close_through_up,SHORT,1.026411,0.660742,1,58.93,11,1,36022,20,17,AMBIGUOUS
175,ZONE_CREATED,36708,2026-04-17T10:35:06.584,10,31,84,106669,106700,952,825,397,0,OFF_PRICE,LONG,1.153939,0.722855,0.90625,67.7,21,1,,0,0,
176,FIRST_TOUCH,36709,2026-04-17T10:35:09.876,10,31,84,106669,106700,952,,0,1,first_touch,LONG,1.153939,0.722855,0.90625,67.7,21,1,,0,0,
177,ZONE_INVALIDATED,36894,2026-04-17T10:47:04.072,10,31,84,106669,106700,952,,0,21,close_through_down,LONG,1.153939,0.722855,0.90625,67.7,21,1,36709,27,11,AMBIGUOUS
178,ZONE_CREATED,37668,2026-04-17T11:55:06.592,10,33,85,107337,107354,964,885,227,0,OFF_PRICE,SHORT,1.089266,0.699057,1,57.08,6,1,,0,0,
179,FIRST_TOUCH,37699,2026-04-17T11:56:54.596,10,33,85,107337,107354,964,,0,1,first_touch,SHORT,1.089266,0.699057,1,57.08,6,1,,0,0,
180,ZONE_INVALIDATED,37706,2026-04-17T11:57:40.092,10,33,85,107337,107354,964,,0,8,close_through_up,SHORT,1.089266,0.699057,1,57.08,6,1,37699,30,1,TARGET
181,ZONE_CREATED,38098,2026-04-17T12:43:34.420,10,35,86,107332,107353,999,880,192,0,OFF_PRICE,SHORT,1.135227,0.780469,1,67.8,36,1,,0,0,
182,FIRST_TOUCH,38118,2026-04-17T12:45:50.836,10,35,86,107332,107353,999,,0,1,first_touch,SHORT,1.135227,0.780469,1,67.8,36,1,,0,0,
183,ZONE_INVALIDATED,38140,2026-04-17T12:49:21.220,10,35,86,107332,107353,999,,0,5,close_through_up,SHORT,1.135227,0.780469,1,67.8,36,1,38118,13,6,TARGET
184,AT_PRICE_CREATED,38358,2026-04-17T13:19:33.304,10,36,87,107343,107367,1056,833,163,0,AT_PRICE,NEUTRAL,1.267707,0.697951,0.92,60.87,0,1,,0,0,
185,ZONE_CREATED,38958,2026-04-17T14:38:02.212,10,39,88,107164,107180,1028,917,121,0,OFF_PRICE,LONG,1.121047,0.667099,1,66.81,20,1,,0,0,
186,FIRST_TOUCH,38963,2026-04-17T14:38:31.168,10,39,88,107164,107180,1028,,0,1,first_touch,LONG,1.121047,0.667099,1,66.81,20,1,,0,0,
187,ZONE_INVALIDATED,38967,2026-04-17T14:39:22.084,10,39,88,107164,107180,1028,,0,5,close_through_down,LONG,1.121047,0.667099,1,66.81,20,1,38963,14,16,AMBIGUOUS
188,ZONE_CREATED,39388,2026-04-17T15:49:39.612,10,41,89,107208,107228,967,957,131,0,OFF_PRICE,SHORT,1.010449,0.718959,0.904762,57.64,13,1,,0,0,
189,FIRST_TOUCH,39390,2026-04-17T15:49:52.248,10,41,89,107208,107228,967,,0,1,first_touch,SHORT,1.010449,0.718959,0.904762,57.64,13,1,,0,0,
190,ZONE_INVALIDATED,39598,2026-04-17T16:33:39.952,10,41,89,107208,107228,967,,0,8,close_through_up,SHORT,1.010449,0.718959,0.904762,57.64,13,1,39390,21,6,TARGET
191,ZONE_CREATED,39688,2026-04-17T16:50:00.076,10,43,90,107218,107243,1161,1003,257,0,OFF_PRICE,LONG,1.157527,0.878215,1,69.36,45,1,,0,0,
192,FIRST_TOUCH,39690,2026-04-17T16:50:00.376,10,43,90,107218,107243,1161,,0,1,first_touch,LONG,1.157527,0.878215,1,69.36,45,1,,0,0,
193,ZONE_INVALIDATED,39691,2026-04-17T16:50:01.180,10,43,90,107218,107243,1161,,0,2,close_through_down,LONG,1.157527,0.878215,1,69.36,45,1,39690,30,9,AMBIGUOUS
194,ZONE_CREATED,40904,2026-04-20T10:29:44.980,11,30,91,107159,107171,891,752,100,0,OFF_PRICE,LONG,1.18484,0.665422,1,71.27,20,1,,0,0,
195,FIRST_TOUCH,40907,2026-04-20T10:29:59.008,11,30,91,107159,107171,891,,0,1,first_touch,LONG,1.18484,0.665422,1,71.27,20,1,,0,0,
196,ZONE_INVALIDATED,40950,2026-04-20T10:31:01.440,11,30,91,107159,107171,891,,0,3,close_through_down,LONG,1.18484,0.665422,1,71.27,20,1,40907,24,1,TARGET
197,AT_PRICE_CREATED,41254,2026-04-20T10:54:48.084,11,31,92,107088,107119,1041,799,451,0,AT_PRICE,NEUTRAL,1.302879,0.809487,1,64.53,0,1,,0,0,
198,AT_PRICE_CREATED,42454,2026-04-20T12:49:06.392,11,35,93,106662,106685,948,880,217,0,AT_PRICE,NEUTRAL,1.077273,0.755981,0.916667,47.49,0,1,,0,0,
199,AT_PRICE_CREATED,42664,2026-04-20T13:32:23.172,11,37,94,106725,106740,924,923,183,0,AT_PRICE,NEUTRAL,1.001083,0.729858,1,43.41,0,1,,0,0,
200,ZONE_CREATED,43464,2026-04-20T16:50:00.040,11,43,95,106880,106898,1065,1019,286,0,OFF_PRICE,LONG,1.045142,0.816718,1,61.49,12,1,,0,0,
201,FIRST_TOUCH,43465,2026-04-20T16:50:00.108,11,43,95,106880,106898,1065,,0,1,first_touch,LONG,1.045142,0.816718,1,61.49,12,1,,0,0,
202,ZONE_INVALIDATED,43466,2026-04-20T16:50:01.032,11,43,95,106880,106898,1065,,0,2,close_through_down,LONG,1.045142,0.816718,1,61.49,12,1,43465,20,11,AMBIGUOUS
203,AT_PRICE_CREATED,44026,2026-04-21T04:21:55.328,12,18,96,107280,107300,766,764,35,0,AT_PRICE,NEUTRAL,1.002618,0.574213,1,43.52,0,1,,0,0,
204,ZONE_CREATED,44086,2026-04-21T06:01:46.468,12,22,97,107382,107401,673,633,28,0,OFF_PRICE,SHORT,1.063191,0.492679,1,62.76,71,1,,0,0,
205,FIRST_TOUCH,44114,2026-04-21T06:55:14.096,12,22,97,107382,107401,673,,0,1,first_touch,SHORT,1.063191,0.492679,1,62.76,71,1,,0,0,
206,ZONE_INVALIDATED,44123,2026-04-21T07:09:06.156,12,22,97,107382,107401,673,,0,5,close_through_up,SHORT,1.063191,0.492679,1,62.76,71,1,44114,20,6,TARGET
207,AT_PRICE_CREATED,44896,2026-04-21T11:07:20.360,12,32,98,107368,107381,934,896,339,0,AT_PRICE,NEUTRAL,1.042411,0.719569,1,46.3,0,1,,0,0,
208,AT_PRICE_CREATED,45616,2026-04-21T12:10:33.120,12,34,99,107014,107044,850,783,263,0,AT_PRICE,NEUTRAL,1.085568,0.631032,0.870968,47.39,0,1,,0,0,
209,ZONE_CREATED,45786,2026-04-21T12:27:10.512,12,34,100,106872,106899,833,783,263,0,OFF_PRICE,SHORT,1.063857,0.666934,0.964286,62.27,35,1,,0,0,
210,FIRST_TOUCH,45794,2026-04-21T12:27:54.904,12,34,100,106872,106899,833,,0,1,first_touch,SHORT,1.063857,0.666934,0.964286,62.27,35,1,,0,0,
211,ZONE_INVALIDATED,45799,2026-04-21T12:28:20.404,12,34,100,106872,106899,833,,0,6,close_through_up,SHORT,1.063857,0.666934,0.964286,62.27,35,1,45794,26,6,TARGET
212,AT_PRICE_CREATED,45856,2026-04-21T12:34:50.572,12,35,101,106938,106970,1017,948,236,0,AT_PRICE,NEUTRAL,1.072785,0.787761,0.969697,47.97,0,1,,0,0,
213,AT_PRICE_CREATED,45996,2026-04-21T12:50:28.968,12,35,102,106898,106914,1017,948,236,0,AT_PRICE,NEUTRAL,1.072785,0.659961,1,48.43,0,1,,0,0,
214,ZONE_CREATED,46286,2026-04-21T13:35:02.724,12,37,103,106908,106927,990,924,195,0,OFF_PRICE,LONG,1.071429,0.753425,1,63.33,33,1,,0,0,
215,FIRST_TOUCH,46294,2026-04-21T13:36:16.916,12,37,103,106908,106927,990,,0,1,first_touch,LONG,1.071429,0.753425,1,63.33,33,1,,0,0,
216,ZONE_INVALIDATED,46296,2026-04-21T13:36:26.676,12,37,103,106908,106927,990,,0,3,close_through_down,LONG,1.071429,0.753425,1,63.33,33,1,46294,23,7,TARGET
217,ZONE_CREATED,46376,2026-04-21T13:46:28.500,12,37,104,106770,106784,977,924,195,0,OFF_PRICE,LONG,1.057359,0.673793,1,59.85,10,1,,0,0,
218,FIRST_TOUCH,46407,2026-04-21T13:51:47.280,12,37,104,106770,106784,977,,0,1,first_touch,LONG,1.057359,0.673793,1,59.85,10,1,,0,0,
219,ZONE_INVALIDATED,46418,2026-04-21T13:54:10.868,12,37,104,106770,106784,977,,0,9,close_through_down,LONG,1.057359,0.673793,1,59.85,10,1,46407,19,0,TARGET
220,AT_PRICE_CREATED,46616,2026-04-21T14:11:42.216,12,38,105,106560,106580,884,859,181,0,AT_PRICE,NEUTRAL,1.029104,0.683153,0.952381,44.66,0,1,,0,0,
221,AT_PRICE_CREATED,46686,2026-04-21T14:18:41.308,12,38,106,106483,106513,1025,859,181,0,AT_PRICE,NEUTRAL,1.193248,0.747629,1,56.86,0,1,,0,0,
222,ZONE_CREATED,48296,2026-04-21T17:37:35.908,12,45,107,106954,106978,868,822,39,0,OFF_PRICE,SHORT,1.055961,0.642012,0.92,47.3,1,1,,0,0,
223,FIRST_TOUCH,48297,2026-04-21T17:38:13.052,12,45,107,106954,106978,868,,0,1,first_touch,SHORT,1.055961,0.642012,0.92,47.3,1,1,,0,0,
224,ZONE_INVALIDATED,48329,2026-04-21T19:00:50.088,13,45,107,106954,106978,868,,0,11,close_through_up,SHORT,1.055961,0.642012,0.92,47.3,1,1,48297,13,18,AMBIGUOUS
225,ZONE_CREATED,48406,2026-04-21T21:09:25.968,13,4,108,107104,107133,893,808,51,0,OFF_PRICE,LONG,1.105198,0.703704,0.933333,64.7,32,1,,0,0,
226,ZONE_CREATED,48506,2026-04-21T23:33:18.528,13,9,109,107302,107320,773,764,21,0,OFF_PRICE,SHORT,1.01178,0.560958,0.894737,57.58,30,1,,0,0,
227,FIRST_TOUCH,48508,2026-04-21T23:36:53.728,13,9,109,107302,107320,773,,0,1,first_touch,SHORT,1.01178,0.560958,0.894737,57.58,30,1,,0,0,
228,FIRST_TOUCH,48564,2026-04-22T01:53:43.296,13,4,108,107104,107133,893,,0,1,first_touch,LONG,1.105198,0.703704,0.933333,64.7,32,1,,0,0,
229,ZONE_INVALIDATED,48566,2026-04-22T01:55:56.928,13,4,108,107104,107133,893,,0,3,close_through_down,LONG,1.105198,0.703704,0.933333,64.7,32,1,48564,27,13,AMBIGUOUS
230,ZONE_INVALIDATED,48583,2026-04-22T02:16:22.052,13,9,109,107302,107320,773,,0,6,close_through_up,SHORT,1.01178,0.560958,0.894737,57.58,30,1,48508,13,0,TARGET
231,AT_PRICE_CREATED,48596,2026-04-22T02:18:30.104,13,14,110,107257,107287,824,721,20,0,AT_PRICE,NEUTRAL,1.142857,0.665052,0.967742,56.18,0,2,,0,0,
232,ZONE_CREATED,48646,2026-04-22T03:28:01.572,13,16,111,107234,107264,990,820,29,0,OFF_PRICE,LONG,1.207317,0.775255,0.967742,75.69,13,2,,0,0,
233,AT_PRICE_CREATED,48656,2026-04-22T03:40:11.592,13,17,112,107344,107378,848,648,22,0,AT_PRICE,NEUTRAL,1.308642,0.666667,0.885714,63.22,0,1,,0,0,
234,FIRST_TOUCH,48733,2026-04-22T05:22:13.456,13,16,111,107234,107264,990,,0,1,first_touch,LONG,1.207317,0.775255,0.967742,75.69,13,2,,0,0,
235,ZONE_INVALIDATED,48746,2026-04-22T05:33:14.720,13,16,111,107234,107264,990,,0,13,close_through_down,LONG,1.207317,0.775255,0.967742,75.69,13,2,48733,18,16,AMBIGUOUS
236,AT_PRICE_CREATED,48906,2026-04-22T08:09:13.200,13,26,113,107297,107326,927,805,43,0,AT_PRICE,NEUTRAL,1.151553,0.748184,0.933333,52.94,0,1,,0,0,
237,ZONE_CREATED,48976,2026-04-22T09:12:02.644,13,28,114,107460,107480,916,839,69,0,OFF_PRICE,SHORT,1.091776,0.693939,0.952381,52.79,3,1,,0,0,
238,FIRST_TOUCH,48977,2026-04-22T09:12:30.148,13,28,114,107460,107480,916,,0,1,first_touch,SHORT,1.091776,0.693939,0.952381,52.79,3,1,,0,0,
239,ZONE_INVALIDATED,48977,2026-04-22T09:12:30.148,13,28,114,107460,107480,916,,0,1,close_through_up,SHORT,1.091776,0.693939,0.952381,52.79,3,1,48977,4,31,STOP
240,AT_PRICE_CREATED,49606,2026-04-22T10:59:11.136,13,31,115,107396,107418,979,799,531,0,AT_PRICE,NEUTRAL,1.225282,0.777601,1,59.1,0,1,,0,0,
241,AT_PRICE_CREATED,50266,2026-04-22T12:00:07.360,13,34,116,107876,107894,902,795,304,0,AT_PRICE,NEUTRAL,1.134591,0.68437,0.947368,51.97,0,1,,0,0,
242,ZONE_CREATED,50416,2026-04-22T12:21:27.100,13,34,117,107931,107945,809,795,304,0,OFF_PRICE,LONG,1.01761,0.63751,1,59.57,19,1,,0,0,
243,FIRST_TOUCH,50451,2026-04-22T12:26:03.784,13,34,117,107931,107945,809,,0,1,first_touch,LONG,1.01761,0.63751,1,59.57,19,1,,0,0,
244,ZONE_INVALIDATED,50458,2026-04-22T12:27:10.516,13,34,117,107931,107945,809,,0,6,close_through_down,LONG,1.01761,0.63751,1,59.57,19,1,50451,12,9,AMBIGUOUS
245,ZONE_CREATED,50706,2026-04-22T13:05:40.340,13,36,118,107970,107992,894,833,216,0,OFF_PRICE,LONG,1.073229,0.676248,0.956522,56.56,7,1,,0,0,
246,FIRST_TOUCH,50711,2026-04-22T13:06:26.336,13,36,118,107970,107992,894,,0,1,first_touch,LONG,1.073229,0.676248,0.956522,56.56,7,1,,0,0,
247,ZONE_INVALIDATED,50717,2026-04-22T13:08:03.760,13,36,118,107970,107992,894,,0,7,close_through_down,LONG,1.073229,0.676248,0.956522,56.56,7,1,50711,13,0,TARGET
248,AT_PRICE_CREATED,50986,2026-04-22T14:02:21.820,13,38,119,107952,107986,923,870,213,0,AT_PRICE,NEUTRAL,1.06092,0.712191,0.914286,46.31,0,1,,0,0,
249,ZONE_CREATED,51246,2026-04-22T14:48:41.528,13,39,120,108120,108137,1020,917,182,0,OFF_PRICE,SHORT,1.112323,0.769811,1,52.45,1,1,,0,0,
250,FIRST_TOUCH,51247,2026-04-22T14:48:44.020,13,39,120,108120,108137,1020,,0,1,first_touch,SHORT,1.112323,0.769811,1,52.45,1,1,,0,0,
251,ZONE_INVALIDATED,51250,2026-04-22T14:49:09.128,13,39,120,108120,108137,1020,,0,4,close_through_up,SHORT,1.112323,0.769811,1,52.45,1,1,51247,19,1,TARGET
252,ZONE_CREATED,51276,2026-04-22T14:58:06.820,13,39,121,108139,108157,944,917,182,0,OFF_PRICE,SHORT,1.029444,0.740973,0.894737,50.9,3,2,,0,0,
253,FIRST_TOUCH,51277,2026-04-22T14:58:32.124,13,39,121,108139,108157,944,,0,1,first_touch,SHORT,1.029444,0.740973,0.894737,50.9,3,2,,0,0,
254,ZONE_INVALIDATED,51277,2026-04-22T14:58:32.124,13,39,121,108139,108157,944,,0,1,close_through_up,SHORT,1.029444,0.740973,0.894737,50.9,3,2,51277,4,19,STOP
255,ZONE_CREATED,51796,2026-04-22T16:50:00.076,13,43,122,108230,108248,1069,1017,353,0,OFF_PRICE,LONG,1.051131,0.839089,1,61.91,19,1,,0,0,
256,FIRST_TOUCH,51802,2026-04-22T16:50:01.760,13,43,122,108230,108248,1069,,0,1,first_touch,LONG,1.051131,0.839089,1,61.91,19,1,,0,0,
257,ZONE_INVALIDATED,51803,2026-04-22T16:50:02.120,13,43,122,108230,108248,1069,,0,2,close_through_down,LONG,1.051131,0.839089,1,61.91,19,1,51802,38,10,AMBIGUOUS
258,ZONE_CREATED,52116,2026-04-22T17:22:07.116,13,44,123,108408,108432,1046,1028,114,0,OFF_PRICE,SHORT,1.01751,0.805235,0.96,50.21,5,1,,0,0,
259,FIRST_TOUCH,52117,2026-04-22T17:22:42.488,13,44,123,108408,108432,1046,,0,1,first_touch,SHORT,1.01751,0.805235,0.96,50.21,5,1,,0,0,
260,ZONE_INVALIDATED,52129,2026-04-22T17:33:27.160,13,44,123,108408,108432,1046,,0,9,close_through_up,SHORT,1.01751,0.805235,0.96,50.21,5,1,52117,24,1,TARGET
261,AT_PRICE_CREATED,52146,2026-04-22T17:48:09.672,13,45,124,108374,108392,951,868,44,0,AT_PRICE,NEUTRAL,1.095622,0.736068,0.947368,52.57,0,2,,0,0,
262,ZONE_CREATED,52797,2026-04-23T06:12:35.144,14,22,125,107593,107618,852,673,34,0,OFF_PRICE,LONG,1.265973,0.656394,0.884615,75.22,14,1,,0,0,
263,FIRST_TOUCH,52799,2026-04-23T06:14:37.624,14,22,125,107593,107618,852,,0,1,first_touch,LONG,1.265973,0.656394,0.884615,75.22,14,1,,0,0,
264,AT_PRICE_CREATED,53357,2026-04-23T10:39:24.012,14,31,126,108135,108168,839,799,567,0,AT_PRICE,NEUTRAL,1.050063,0.662717,0.911765,45.51,0,1,,0,0,
265,ZONE_INVALIDATED,55213,2026-04-23T14:16:49.524,14,22,125,107593,107618,852,,0,4,close_through_down,LONG,1.265973,0.656394,0.884615,75.22,14,1,52799,34,10,AMBIGUOUS
266,ZONE_CREATED,55907,2026-04-23T14:54:22.984,14,39,127,107264,107298,944,944,194,0,OFF_PRICE,SHORT,1,0.747427,1,58.33,37,1,,0,0,
267,FIRST_TOUCH,55913,2026-04-23T14:54:42.336,14,39,127,107264,107298,944,,0,1,first_touch,SHORT,1,0.747427,1,58.33,37,1,,0,0,
268,ZONE_INVALIDATED,55914,2026-04-23T14:54:45.000,14,39,127,107264,107298,944,,0,2,close_through_up,SHORT,1,0.747427,1,58.33,37,1,55913,36,16,AMBIGUOUS
269,ZONE_CREATED,56027,2026-04-23T15:01:53.216,14,40,128,107577,107612,944,857,227,0,OFF_PRICE,LONG,1.101517,0.685548,0.916667,64.19,21,1,,0,0,
270,FIRST_TOUCH,56045,2026-04-23T15:02:28.500,14,40,128,107577,107612,944,,0,1,first_touch,LONG,1.101517,0.685548,0.916667,64.19,21,1,,0,0,
271,ZONE_INVALIDATED,56076,2026-04-23T15:05:07.124,14,40,128,107577,107612,944,,0,9,close_through_down,LONG,1.101517,0.685548,0.916667,64.19,21,1,56045,22,3,TARGET
272,ZONE_CREATED,56477,2026-04-23T16:01:41.220,14,42,129,107456,107482,859,844,201,0,OFF_PRICE,SHORT,1.017773,0.666925,1,59.58,46,1,,0,0,
273,FIRST_TOUCH,56479,2026-04-23T16:01:56.168,14,42,129,107456,107482,859,,0,1,first_touch,SHORT,1.017773,0.666925,1,59.58,46,1,,0,0,
274,ZONE_INVALIDATED,56499,2026-04-23T16:05:09.936,14,42,129,107456,107482,859,,0,12,close_through_up,SHORT,1.017773,0.666925,1,59.58,46,1,56479,27,1,TARGET
275,AT_PRICE_CREATED,56877,2026-04-23T17:00:00.096,14,43,130,107699,107708,1116,1019,382,0,AT_PRICE,NEUTRAL,1.095191,0.762816,1,50,0,1,,0,0,
276,ZONE_CREATED,56897,2026-04-23T17:01:00.148,14,44,131,107653,107709,1065,1031,127,0,OFF_PRICE,LONG,1.032978,0.758007,0.859649,61.87,64,2,,0,0,
277,FIRST_TOUCH,56975,2026-04-23T17:16:25.248,14,44,131,107653,107709,1065,,0,1,first_touch,LONG,1.032978,0.758007,0.859649,61.87,64,2,,0,0,
278,ZONE_CREATED,57244,2026-04-23T23:33:24.692,15,9,132,108311,108329,846,773,25,0,OFF_PRICE,LONG,1.094437,0.5875,0.947368,64.15,28,1,,0,0,
279,FIRST_TOUCH,57246,2026-04-23T23:37:18.928,15,9,132,108311,108329,846,,0,1,first_touch,LONG,1.094437,0.5875,0.947368,64.15,28,1,,0,0,
280,ZONE_INVALIDATED,57247,2026-04-23T23:39:42.932,15,9,132,108311,108329,846,,0,2,close_through_down,LONG,1.094437,0.5875,0.947368,64.15,28,1,57246,40,2,TARGET
281,ZONE_CREATED,57354,2026-04-24T02:53:01.712,15,15,133,108278,108293,587,543,26,0,OFF_PRICE,LONG,1.081031,0.437081,0.9375,66.4,39,2,,0,0,
282,FIRST_TOUCH,57372,2026-04-24T03:30:13.824,15,15,133,108278,108293,587,,0,1,first_touch,LONG,1.081031,0.437081,0.9375,66.4,39,2,,0,0,
283,ZONE_INVALIDATED,57381,2026-04-24T03:50:51.412,15,15,133,108278,108293,587,,0,6,close_through_down,LONG,1.081031,0.437081,0.9375,66.4,39,2,57372,18,10,AMBIGUOUS
284,AT_PRICE_CREATED,57404,2026-04-24T04:23:41.592,15,18,134,108401,108426,827,766,42,0,AT_PRICE,NEUTRAL,1.079634,0.646094,0.961538,48.33,0,1,,0,0,
285,ZONE_CREATED,57774,2026-04-24T08:26:11.648,15,26,135,109302,109332,984,927,49,0,OFF_PRICE,LONG,1.061489,0.758674,1,62.64,39,1,,0,0,
286,FIRST_TOUCH,57778,2026-04-24T08:26:59.672,15,26,135,109302,109332,984,,0,1,first_touch,LONG,1.061489,0.758674,1,62.64,39,1,,0,0,
287,ZONE_INVALIDATED,57815,2026-04-24T08:35:45.108,15,26,135,109302,109332,984,,0,15,close_through_down,LONG,1.061489,0.758674,1,62.64,39,1,57778,24,3,TARGET
288,AT_PRICE_CREATED,58074,2026-04-24T10:15:11.460,15,30,136,108968,109005,1082,891,138,0,AT_PRICE,NEUTRAL,1.214366,0.870475,1,58.34,0,1,,0,0,
289,ZONE_CREATED,58914,2026-04-24T11:31:20.236,15,33,137,108756,108798,887,854,383,0,OFF_PRICE,SHORT,1.038642,0.702853,0.930233,59.99,32,1,,0,0,
290,FIRST_TOUCH,58916,2026-04-24T11:31:32.068,15,33,137,108756,108798,887,,0,1,first_touch,SHORT,1.038642,0.702853,0.930233,59.99,32,1,,0,0,
291,ZONE_INVALIDATED,58945,2026-04-24T11:34:44.292,15,33,137,108756,108798,887,,0,8,close_through_up,SHORT,1.038642,0.702853,0.930233,59.99,32,1,58916,16,8,AMBIGUOUS
292,ZONE_CREATED,59284,2026-04-24T12:15:36.016,15,34,138,109273,109285,1045,809,346,0,OFF_PRICE,SHORT,1.291718,0.823483,1,75,9,1,,0,0,
293,FIRST_TOUCH,59324,2026-04-24T12:22:11.812,15,34,138,109273,109285,1045,,0,1,first_touch,SHORT,1.291718,0.823483,1,75,9,1,,0,0,
294,ZONE_INVALIDATED,59328,2026-04-24T12:23:02.880,15,34,138,109273,109285,1045,,0,5,close_through_up,SHORT,1.291718,0.823483,1,75,9,1,59324,16,3,TARGET
295,ZONE_CREATED,60094,2026-04-24T14:18:37.448,15,38,139,109578,109596,1029,874,285,0,OFF_PRICE,SHORT,1.177346,0.784897,0.947368,56.21,1,1,,0,0,
296,FIRST_TOUCH,60095,2026-04-24T14:18:57.172,15,38,139,109578,109596,1029,,0,1,first_touch,SHORT,1.177346,0.784897,0.947368,56.21,1,1,,0,0,
297,ZONE_INVALIDATED,60140,2026-04-24T14:26:43.208,15,38,139,109578,109596,1029,,0,12,close_through_up,SHORT,1.177346,0.784897,0.947368,56.21,1,1,60095,1,16,STOP
298,AT_PRICE_CREATED,60994,2026-04-24T17:01:49.144,15,44,140,109724,109743,1082,1046,139,0,AT_PRICE,NEUTRAL,1.034417,0.782357,0.9,44.24,0,1,,0,0,
299,ZONE_CREATED,61034,2026-04-24T17:14:33.612,15,44,141,109643,109659,1126,1046,139,0,OFF_PRICE,LONG,1.076482,0.807747,1,63.69,23,1,,0,0,
300,FIRST_TOUCH,61036,2026-04-24T17:15:15.680,15,44,141,109643,109659,1126,,0,1,first_touch,LONG,1.076482,0.807747,1,63.69,23,1,,0,0,
301,ZONE_INVALIDATED,61078,2026-04-26T19:00:01.912,16,44,141,109643,109659,1126,,0,5,close_through_down,LONG,1.076482,0.807747,1,63.69,23,1,61036,21,1,TARGET
302,AT_PRICE_CREATED,61197,2026-04-26T21:05:35.612,16,4,142,109588,109615,1118,893,73,0,AT_PRICE,NEUTRAL,1.25196,0.803738,0.964286,60.43,0,1,,0,0,
303,ZONE_CREATED,61467,2026-04-27T02:35:25.940,16,15,143,109835,109856,709,587,28,0,OFF_PRICE,SHORT,1.207836,0.54749,1,72.88,60,1,,0,0,
304,FIRST_TOUCH,61473,2026-04-27T02:42:20.460,16,15,143,109835,109856,709,,0,1,first_touch,SHORT,1.207836,0.54749,1,72.88,60,1,,0,0,
305,ZONE_INVALIDATED,61476,2026-04-27T02:47:04.548,16,15,143,109835,109856,709,,0,4,close_through_up,SHORT,1.207836,0.54749,1,72.88,60,1,61473,33,0,TARGET
306,AT_PRICE_CREATED,61497,2026-04-27T03:14:03.484,16,16,144,109738,109768,1102,990,34,0,AT_PRICE,NEUTRAL,1.113131,0.777699,0.967742,50.77,0,1,,0,0,
307,AT_PRICE_CREATED,61517,2026-04-27T03:40:50.140,16,17,145,109712,109749,967,848,27,0,AT_PRICE,NEUTRAL,1.14033,0.763823,0.947368,55.7,0,2,,0,0,
308,ZONE_CREATED,62017,2026-04-27T10:30:41.596,16,31,146,109604,109633,887,798,650,0,OFF_PRICE,SHORT,1.111529,0.641823,1,66.14,66,1,,0,0,
309,FIRST_TOUCH,62132,2026-04-27T10:37:03.332,16,31,146,109604,109633,887,,0,1,first_touch,SHORT,1.111529,0.641823,1,66.14,66,1,,0,0,
310,ZONE_INVALIDATED,62148,2026-04-27T10:38:16.328,16,31,146,109604,109633,887,,0,12,close_through_up,SHORT,1.111529,0.641823,1,66.14,66,1,62132,22,5,TARGET
311,ZONE_CREATED,62327,2026-04-27T10:49:48.856,16,31,147,109471,109497,952,798,650,0,OFF_PRICE,SHORT,1.192982,0.647179,0.851852,69.62,66,1,,0,0,
312,FIRST_TOUCH,62412,2026-04-27T10:54:36.256,16,31,147,109471,109497,952,,0,1,first_touch,SHORT,1.192982,0.647179,0.851852,69.62,66,1,,0,0,
313,ZONE_INVALIDATED,62414,2026-04-27T10:54:42.428,16,31,147,109471,109497,952,,0,3,close_through_up,SHORT,1.192982,0.647179,0.851852,69.62,66,1,62412,24,2,TARGET
314,AT_PRICE_CREATED,62597,2026-04-27T11:10:32.720,16,32,148,109427,109446,917,878,465,0,AT_PRICE,NEUTRAL,1.044419,0.697338,1,46.44,0,1,,0,0,
315,ZONE_CREATED,63447,2026-04-27T13:00:36.252,16,36,149,109464,109484,937,833,263,0,OFF_PRICE,LONG,1.12485,0.701347,0.952381,55.11,3,1,,0,0,
316,FIRST_TOUCH,63448,2026-04-27T13:00:57.456,16,36,149,109464,109484,937,,0,1,first_touch,LONG,1.12485,0.701347,0.952381,55.11,3,1,,0,0,
317,ZONE_INVALIDATED,63449,2026-04-27T13:01:04.460,16,36,149,109464,109484,937,,0,2,close_through_down,LONG,1.12485,0.701347,0.952381,55.11,3,1,63448,6,18,STOP
318,ZONE_CREATED,64450,2026-04-27T19:15:05.316,17,0,150,109888,109917,893,730,69,0,OFF_PRICE,LONG,1.223288,0.679087,0.9,72.46,31,1,,0,0,
319,FIRST_TOUCH,64475,2026-04-27T19:56:00.728,17,0,150,109888,109917,893,,0,1,first_touch,LONG,1.223288,0.679087,0.9,72.46,31,1,,0,0,
320,ZONE_INVALIDATED,64531,2026-04-27T21:26:32.460,17,0,150,109888,109917,893,,0,7,close_through_down,LONG,1.223288,0.679087,0.9,72.46,31,1,64475,28,3,TARGET
321,ZONE_CREATED,65270,2026-04-28T08:55:54.112,17,27,151,108376,108408,833,819,64,0,OFF_PRICE,LONG,1.017094,0.661636,0.939394,58.62,19,1,,0,0,
322,FIRST_TOUCH,65271,2026-04-28T08:56:04.352,17,27,151,108376,108408,833,,0,1,first_touch,LONG,1.017094,0.661636,0.939394,58.62,19,1,,0,0,
323,ZONE_INVALIDATED,65283,2026-04-28T09:00:19.680,17,27,151,108376,108408,833,,0,11,close_through_down,LONG,1.017094,0.661636,0.939394,58.62,19,1,65271,23,15,AMBIGUOUS
324,AT_PRICE_CREATED,65370,2026-04-28T09:20:27.884,17,28,152,108373,108423,896,854,97,0,AT_PRICE,NEUTRAL,1.04918,0.676226,0.901961,48.64,0,2,,0,0,
325,ZONE_CREATED,65710,2026-04-28T10:30:13.436,17,31,153,108494,108529,1027,799,700,0,OFF_PRICE,SHORT,1.285357,0.819633,0.972222,77.89,75,1,,0,0,
326,ZONE_CREATED,65780,2026-04-28T10:32:05.024,17,31,154,108316,108350,850,799,700,0,OFF_PRICE,LONG,1.06383,0.68,1,62.8,94,1,,0,0,
327,FIRST_TOUCH,65793,2026-04-28T10:32:34.444,17,31,153,108494,108529,1027,,0,1,first_touch,SHORT,1.285357,0.819633,0.972222,77.89,75,1,,0,0,
328,ZONE_INVALIDATED,65801,2026-04-28T10:32:55.428,17,31,153,108494,108529,1027,,0,9,close_through_up,SHORT,1.285357,0.819633,0.972222,77.89,75,1,65793,39,4,TARGET
329,ZONE_CREATED,65900,2026-04-28T10:38:22.024,17,31,155,108685,108704,953,799,700,0,OFF_PRICE,LONG,1.192741,0.772285,0.95,64.83,7,1,,0,0,
330,FIRST_TOUCH,65908,2026-04-28T10:38:40.436,17,31,155,108685,108704,953,,0,1,first_touch,LONG,1.192741,0.772285,0.95,64.83,7,1,,0,0,
331,ZONE_CREATED,65910,2026-04-28T10:38:51.852,17,31,156,108711,108734,817,799,700,0,OFF_PRICE,SHORT,1.022528,0.64996,0.791667,60.12,19,2,,0,0,
332,FIRST_TOUCH,65914,2026-04-28T10:39:03.848,17,31,156,108711,108734,817,,0,1,first_touch,SHORT,1.022528,0.64996,0.791667,60.12,19,2,,0,0,
333,ZONE_INVALIDATED,65915,2026-04-28T10:39:07.660,17,31,155,108685,108704,953,,0,7,close_through_down,LONG,1.192741,0.772285,0.95,64.83,7,1,65908,22,1,TARGET
334,ZONE_INVALIDATED,65950,2026-04-28T10:41:30.628,17,31,156,108711,108734,817,,0,8,close_through_up,SHORT,1.022528,0.64996,0.791667,60.12,19,2,65914,18,6,TARGET
335,ZONE_CREATED,65950,2026-04-28T10:41:30.628,17,31,157,108688,108708,823,799,700,0,OFF_PRICE,LONG,1.030038,0.596809,1,67.1,29,3,,0,0,
336,FIRST_TOUCH,66175,2026-04-28T10:55:07.908,17,31,157,108688,108708,823,,0,1,first_touch,LONG,1.030038,0.596809,1,67.1,29,3,,0,0,
337,ZONE_INVALIDATED,66177,2026-04-28T10:55:11.496,17,31,157,108688,108708,823,,0,3,close_through_down,LONG,1.030038,0.596809,1,67.1,29,3,66175,17,18,AMBIGUOUS
338,ZONE_CREATED,66200,2026-04-28T10:56:32.420,17,31,158,108570,108597,834,799,700,0,OFF_PRICE,SHORT,1.043805,0.653605,0.964286,48.36,2,1,,0,0,
339,FIRST_TOUCH,66201,2026-04-28T10:56:37.080,17,31,158,108570,108597,834,,0,1,first_touch,SHORT,1.043805,0.653605,0.964286,48.36,2,1,,0,0,
340,ZONE_INVALIDATED,66203,2026-04-28T10:56:44.340,17,31,158,108570,108597,834,,0,3,close_through_up,SHORT,1.043805,0.653605,0.964286,48.36,2,1,66201,0,24,STOP
341,AT_PRICE_CREATED,66610,2026-04-28T11:36:02.128,17,33,159,108419,108443,934,854,438,0,AT_PRICE,NEUTRAL,1.093677,0.708649,1,49.89,0,1,,0,0,
342,FIRST_TOUCH,66641,2026-04-28T11:37:51.772,17,31,154,108316,108350,850,,0,1,first_touch,LONG,1.06383,0.68,1,62.8,94,1,,0,0,
343,ZONE_INVALIDATED,66645,2026-04-28T11:38:00.460,17,31,154,108316,108350,850,,0,5,close_through_down,LONG,1.06383,0.68,1,62.8,94,1,66641,17,0,TARGET
344,AT_PRICE_CREATED,67570,2026-04-28T13:03:45.272,17,36,160,108214,108232,875,853,274,0,AT_PRICE,NEUTRAL,1.025791,0.604699,0.947368,44.35,0,1,,0,0,
345,ZONE_CREATED,67670,2026-04-28T13:20:09.504,17,36,161,108290,108310,866,853,274,0,OFF_PRICE,LONG,1.01524,0.683504,0.857143,57.26,15,1,,0,0,
346,FIRST_TOUCH,67672,2026-04-28T13:20:27.384,17,36,161,108290,108310,866,,0,1,first_touch,LONG,1.01524,0.683504,0.857143,57.26,15,1,,0,0,
347,ZONE_INVALIDATED,67697,2026-04-28T13:25:44.748,17,36,161,108290,108310,866,,0,12,close_through_down,LONG,1.01524,0.683504,0.857143,57.26,15,1,67672,32,1,TARGET
348,ZONE_CREATED,67720,2026-04-28T13:29:50.032,17,36,162,108276,108292,871,853,274,0,OFF_PRICE,LONG,1.021102,0.58028,0.882353,55.13,7,2,,0,0,
349,FIRST_TOUCH,67721,2026-04-28T13:30:00.292,17,36,162,108276,108292,871,,0,1,first_touch,LONG,1.021102,0.58028,0.882353,55.13,7,2,,0,0,
350,ZONE_INVALIDATED,67721,2026-04-28T13:30:00.292,17,36,162,108276,108292,871,,0,1,close_through_down,LONG,1.021102,0.58028,0.882353,55.13,7,2,67721,4,20,STOP
351,AT_PRICE_CREATED,68430,2026-04-28T15:51:17.988,17,41,163,108712,108726,1168,904,222,0,AT_PRICE,NEUTRAL,1.292035,0.816783,0.933333,62.78,0,1,,0,0,
352,AT_PRICE_CREATED,69244,2026-04-29T01:25:29.560,18,12,164,109156,109183,901,846,24,0,AT_PRICE,NEUTRAL,1.065012,0.69845,0.964286,47.35,0,1,,0,0,
353,AT_PRICE_CREATED,69614,2026-04-29T09:24:58.360,18,28,165,108960,108988,888,854,112,0,AT_PRICE,NEUTRAL,1.039813,0.687307,0.965517,45.6,0,1,,0,0,
354,ZONE_CREATED,69774,2026-04-29T10:30:30.860,18,31,166,108703,108730,916,839,756,0,OFF_PRICE,SHORT,1.091776,0.714509,0.964286,52.97,3,1,,0,0,
355,FIRST_TOUCH,69780,2026-04-29T10:30:42.440,18,31,166,108703,108730,916,,0,1,first_touch,SHORT,1.091776,0.714509,0.964286,52.97,3,1,,0,0,
356,ZONE_INVALIDATED,69894,2026-04-29T10:37:10.728,18,31,166,108703,108730,916,,0,6,close_through_up,SHORT,1.091776,0.714509,0.964286,52.97,3,1,69780,10,13,STOP
357,ZONE_CREATED,70114,2026-04-29T10:59:44.372,18,31,167,108878,108897,939,839,756,0,OFF_PRICE,LONG,1.11919,0.727907,0.95,63.43,10,1,,0,0,
358,FIRST_TOUCH,70115,2026-04-29T10:59:50.000,18,31,167,108878,108897,939,,0,1,first_touch,LONG,1.11919,0.727907,0.95,63.43,10,1,,0,0,
359,ZONE_INVALIDATED,70118,2026-04-29T11:00:03.812,18,31,167,108878,108897,939,,0,4,close_through_down,LONG,1.11919,0.727907,0.95,63.43,10,1,70115,24,2,TARGET
360,ZONE_CREATED,70394,2026-04-29T11:34:28.712,18,33,168,109111,109128,1007,854,487,0,OFF_PRICE,LONG,1.179157,0.793538,1,70.87,17,1,,0,0,
361,FIRST_TOUCH,70396,2026-04-29T11:34:36.024,18,33,168,109111,109128,1007,,0,1,first_touch,LONG,1.179157,0.793538,1,70.87,17,1,,0,0,
362,ZONE_INVALIDATED,70625,2026-04-29T12:07:41.732,18,33,168,109111,109128,1007,,0,21,close_through_down,LONG,1.179157,0.793538,1,70.87,17,1,70396,22,0,TARGET
363,ZONE_CREATED,71224,2026-04-29T13:29:52.308,18,36,169,108820,108843,989,871,292,0,OFF_PRICE,SHORT,1.135476,0.780584,0.916667,66.57,20,1,,0,0,
364,FIRST_TOUCH,71334,2026-04-29T13:40:28.544,18,36,169,108820,108843,989,,0,1,first_touch,SHORT,1.135476,0.780584,0.916667,66.57,20,1,,0,0,
365,ZONE_INVALIDATED,71381,2026-04-29T13:50:45.696,18,36,169,108820,108843,989,,0,24,close_through_up,SHORT,1.135476,0.780584,0.916667,66.57,20,1,71334,18,0,TARGET
366,ZONE_CREATED,71794,2026-04-29T15:17:41.732,18,40,170,108863,108886,1032,857,290,0,OFF_PRICE,LONG,1.204201,0.752187,1,72.63,46,1,,0,0,
367,FIRST_TOUCH,71806,2026-04-29T15:19:41.384,18,40,170,108863,108886,1032,,0,1,first_touch,LONG,1.204201,0.752187,1,72.63,46,1,,0,0,
368,ZONE_INVALIDATED,71819,2026-04-29T15:22:59.388,18,40,170,108863,108886,1032,,0,8,close_through_down,LONG,1.204201,0.752187,1,72.63,46,1,71806,23,0,TARGET
369,AT_PRICE_CREATED,72959,2026-04-29T19:12:01.644,19,0,171,109519,109560,930,801,75,0,AT_PRICE,NEUTRAL,1.161049,0.656316,0.904762,53.18,0,1,,0,0,
370,ZONE_CREATED,73039,2026-04-29T19:39:51.028,19,1,172,109848,109874,805,636,50,0,OFF_PRICE,SHORT,1.265723,0.621622,0.962963,75.13,11,1,,0,0,
371,FIRST_TOUCH,73040,2026-04-29T19:40:21.236,19,1,172,109848,109874,805,,0,1,first_touch,SHORT,1.265723,0.621622,0.962963,75.13,11,1,,0,0,
372,ZONE_INVALIDATED,73046,2026-04-29T19:44:35.668,19,1,172,109848,109874,805,,0,4,close_through_up,SHORT,1.265723,0.621622,0.962963,75.13,11,1,73040,21,2,TARGET
373,AT_PRICE_CREATED,73279,2026-04-29T22:27:50.704,19,6,173,110281,110303,988,690,52,0,AT_PRICE,NEUTRAL,1.431884,0.654305,0.869565,71.61,0,1,,0,0,
374,ZONE_CREATED,73829,2026-04-30T04:30:01.248,19,19,174,109394,109428,814,665,41,0,OFF_PRICE,LONG,1.22406,0.558299,0.914286,72.73,22,1,,0,0,
375,FIRST_TOUCH,73833,2026-04-30T04:32:48.280,19,19,174,109394,109428,814,,0,1,first_touch,LONG,1.22406,0.558299,0.914286,72.73,22,1,,0,0,
376,ZONE_INVALIDATED,73854,2026-04-30T04:50:20.756,19,19,174,109394,109428,814,,0,9,close_through_down,LONG,1.22406,0.558299,0.914286,72.73,22,1,73833,24,10,AMBIGUOUS
377,ZONE_CREATED,74249,2026-04-30T09:21:03.108,19,28,175,110038,110068,1174,888,115,0,OFF_PRICE,LONG,1.322072,0.749202,0.903226,78.18,11,1,,0,0,
378,FIRST_TOUCH,74255,2026-04-30T09:22:35.932,19,28,175,110038,110068,1174,,0,1,first_touch,LONG,1.322072,0.749202,0.903226,78.18,11,1,,0,0,
379,ZONE_INVALIDATED,74279,2026-04-30T09:32:38.696,19,28,175,110038,110068,1174,,0,7,close_through_down,LONG,1.322072,0.749202,0.903226,78.18,11,1,74255,30,11,AMBIGUOUS
380,ZONE_CREATED,74389,2026-04-30T10:18:47.128,19,30,176,110002,110025,961,891,179,0,OFF_PRICE,LONG,1.078563,0.760285,1,67.17,17,2,,0,0,
381,FIRST_TOUCH,74390,2026-04-30T10:19:32.464,19,30,176,110002,110025,961,,0,1,first_touch,LONG,1.078563,0.760285,1,67.17,17,2,,0,0,
382,ZONE_INVALIDATED,74400,2026-04-30T10:25:01.520,19,30,176,110002,110025,961,,0,11,close_through_down,LONG,1.078563,0.760285,1,67.17,17,2,74390,19,5,TARGET
383,AT_PRICE_CREATED,74699,2026-04-30T10:40:06.356,19,31,177,109179,109198,978,858,793,0,AT_PRICE,NEUTRAL,1.13986,0.723908,0.95,52.37,0,1,,0,0,
384,ZONE_CREATED,74959,2026-04-30T10:53:52.448,19,31,178,109128,109148,901,858,793,0,OFF_PRICE,SHORT,1.050117,0.606326,0.952381,61.13,63,1,,0,0,
385,FIRST_TOUCH,75099,2026-04-30T11:01:56.120,19,31,178,109128,109148,901,,0,1,first_touch,SHORT,1.050117,0.606326,0.952381,61.13,63,1,,0,0,
386,ZONE_INVALIDATED,75105,2026-04-30T11:02:17.336,19,31,178,109128,109148,901,,0,7,close_through_up,SHORT,1.050117,0.606326,0.952381,61.13,63,1,75099,9,14,STOP
387,ZONE_CREATED,75509,2026-04-30T11:30:03.836,19,33,179,108901,108930,933,854,510,0,OFF_PRICE,SHORT,1.092506,0.713303,1,64.81,61,1,,0,0,
388,FIRST_TOUCH,75514,2026-04-30T11:30:24.032,19,33,179,108901,108930,933,,0,1,first_touch,SHORT,1.092506,0.713303,1,64.81,61,1,,0,0,
389,ZONE_INVALIDATED,75518,2026-04-30T11:30:36.512,19,33,179,108901,108930,933,,0,5,close_through_up,SHORT,1.092506,0.713303,1,64.81,61,1,75514,28,7,TARGET
390,ZONE_CREATED,76919,2026-04-30T14:17:28.848,19,38,180,109748,109766,933,874,340,0,OFF_PRICE,SHORT,1.067506,0.71659,0.947368,62.27,17,1,,0,0,
391,FIRST_TOUCH,76927,2026-04-30T14:18:56.472,19,38,180,109748,109766,933,,0,1,first_touch,SHORT,1.067506,0.71659,0.947368,62.27,17,1,,0,0,
392,ZONE_INVALIDATED,76932,2026-04-30T14:19:54.068,19,38,180,109748,109766,933,,0,6,close_through_up,SHORT,1.067506,0.71659,0.947368,62.27,17,1,76927,22,10,AMBIGUOUS
393,AT_PRICE_CREATED,77379,2026-04-30T15:28:21.692,19,40,181,110224,110241,963,857,307,0,AT_PRICE,NEUTRAL,1.123687,0.761265,0.944444,51.16,0,1,,0,0,
394,ZONE_CREATED,78325,2026-04-30T21:36:47.676,20,5,182,110508,110532,829,639,52,0,OFF_PRICE,LONG,1.29734,0.614074,0.84,71.75,8,1,,0,0,
395,FIRST_TOUCH,78326,2026-04-30T21:38:00.108,20,5,182,110508,110532,829,,0,1,first_touch,LONG,1.29734,0.614074,0.84,71.75,8,1,,0,0,
396,ZONE_INVALIDATED,78328,2026-04-30T21:43:04.852,20,5,182,110508,110532,829,,0,3,close_through_down,LONG,1.29734,0.614074,0.84,71.75,8,1,78326,14,26,AMBIGUOUS
397,ZONE_CREATED,78405,2026-05-01T00:22:43.628,20,10,183,110588,110614,956,802,33,0,OFF_PRICE,LONG,1.19202,0.702941,0.925926,70.66,20,1,,0,0,
398,FIRST_TOUCH,78408,2026-05-01T00:30:01.560,20,10,183,110588,110614,956,,0,1,first_touch,LONG,1.19202,0.702941,0.925926,70.66,20,1,,0,0,
399,ZONE_INVALIDATED,78419,2026-05-01T00:42:59.260,20,10,183,110588,110614,956,,0,5,close_through_down,LONG,1.19202,0.702941,0.925926,70.66,20,1,78408,20,4,TARGET
400,AT_PRICE_CREATED,78435,2026-05-01T01:27:29.284,20,12,184,110506,110538,1010,901,31,0,AT_PRICE,NEUTRAL,1.120977,0.780526,0.969697,54.68,0,2,,0,0,
401,ZONE_CREATED,79405,2026-05-01T10:59:56.748,20,31,185,111420,111447,893,858,857,0,OFF_PRICE,LONG,1.040793,0.660992,0.928571,60.12,12,1,,0,0,
402,FIRST_TOUCH,79419,2026-05-01T11:00:16.948,20,31,185,111420,111447,893,,0,1,first_touch,LONG,1.040793,0.660992,0.928571,60.12,12,1,,0,0,
403,ZONE_INVALIDATED,79424,2026-05-01T11:00:29.272,20,31,185,111420,111447,893,,0,6,close_through_down,LONG,1.040793,0.660992,0.928571,60.12,12,1,79419,22,14,AMBIGUOUS
404,ZONE_CREATED,79815,2026-05-01T11:35:00.464,20,33,186,111220,111238,950,875,549,0,OFF_PRICE,LONG,1.085714,0.71644,0.947368,63.54,14,1,,0,0,
405,FIRST_TOUCH,79817,2026-05-01T11:35:07.292,20,33,186,111220,111238,950,,0,1,first_touch,LONG,1.085714,0.71644,0.947368,63.54,14,1,,0,0,
406,ZONE_INVALIDATED,79829,2026-05-01T11:36:00.372,20,33,186,111220,111238,950,,0,9,close_through_down,LONG,1.085714,0.71644,0.947368,63.54,14,1,79817,13,13,AMBIGUOUS
407,ZONE_CREATED,80075,2026-05-01T11:53:29.308,20,33,187,111313,111341,1019,875,549,0,OFF_PRICE,SHORT,1.164571,0.81066,0.931034,55.07,1,1,,0,0,
408,FIRST_TOUCH,80076,2026-05-01T11:53:39.788,20,33,187,111313,111341,1019,,0,1,first_touch,SHORT,1.164571,0.81066,0.931034,55.07,1,1,,0,0,
409,ZONE_INVALIDATED,80092,2026-05-01T11:55:41.852,20,33,187,111313,111341,1019,,0,13,close_through_up,SHORT,1.164571,0.81066,0.931034,55.07,1,1,80076,2,24,STOP
410,ZONE_CREATED,81305,2026-05-01T15:22:37.580,20,40,188,111394,111417,880,858,327,0,OFF_PRICE,LONG,1.025641,0.713128,0.916667,58.88,35,1,,0,0,
411,FIRST_TOUCH,81349,2026-05-01T15:30:39.364,20,40,188,111394,111417,880,,0,1,first_touch,LONG,1.025641,0.713128,0.916667,58.88,35,1,,0,0,
412,ZONE_INVALIDATED,81364,2026-05-01T15:31:54.004,20,40,188,111394,111417,880,,0,13,close_through_down,LONG,1.025641,0.713128,0.916667,58.88,35,1,81349,22,1,TARGET
413,ZONE_CREATED,81565,2026-05-01T16:13:09.856,20,42,189,111438,111451,847,844,289,0,OFF_PRICE,LONG,1.003555,0.6776,0.928571,43.76,1,1,,0,0,
414,AT_PRICE_CREATED,81575,2026-05-01T16:15:14.392,20,42,190,111468,111485,1008,844,289,0,AT_PRICE,NEUTRAL,1.194313,0.788116,0.888889,58.6,0,2,,0,0,
415,FIRST_TOUCH,81585,2026-05-01T16:16:49.884,20,42,189,111438,111451,847,,0,1,first_touch,LONG,1.003555,0.6776,0.928571,43.76,1,1,,0,0,
416,AT_PRICE_CREATED,81675,2026-05-01T16:32:26.300,20,43,191,111507,111521,1041,1003,538,0,AT_PRICE,NEUTRAL,1.037886,0.690318,0.866667,47.32,0,2,,0,0,
417,ZONE_CREATED,81765,2026-05-01T16:50:49.068,20,43,192,111498,111520,1008,1003,538,0,OFF_PRICE,SHORT,1.004985,0.796209,1,65.35,32,3,,0,0,
418,ZONE_INVALIDATED,81772,2026-05-01T16:51:28.320,20,42,189,111438,111451,847,,0,16,close_through_down,LONG,1.003555,0.6776,0.928571,43.76,1,1,81585,21,4,TARGET
419,FIRST_TOUCH,82062,2026-05-03T19:00:01.264,21,43,192,111498,111520,1008,,0,1,first_touch,SHORT,1.004985,0.796209,1,65.35,32,3,,0,0,
420,ZONE_INVALIDATED,82062,2026-05-03T19:00:01.264,21,43,192,111498,111520,1008,,0,1,close_through_up,SHORT,1.004985,0.796209,1,65.35,32,3,82062,0,82,STOP
421,ZONE_CREATED,82151,2026-05-03T20:02:00.216,21,2,193,111395,111414,813,805,51,0,OFF_PRICE,LONG,1.009938,0.594298,0.95,52.03,7,1,,0,0,
422,FIRST_TOUCH,82152,2026-05-03T20:02:56.240,21,2,193,111395,111414,813,,0,1,first_touch,LONG,1.009938,0.594298,0.95,52.03,7,1,,0,0,
423,ZONE_INVALIDATED,82152,2026-05-03T20:02:56.240,21,2,193,111395,111414,813,,0,1,close_through_down,LONG,1.009938,0.594298,0.95,52.03,7,1,82152,16,28,AMBIGUOUS
424,AT_PRICE_CREATED,82281,2026-05-03T21:59:41.808,21,5,194,111559,111580,829,669,52,0,AT_PRICE,NEUTRAL,1.239163,0.511728,1,60.07,0,1,,0,0,
425,ZONE_CREATED,83661,2026-05-04T11:01:47.928,21,32,195,111534,111560,858,858,622,0,OFF_PRICE,SHORT,1,0.657975,1,58.33,25,1,,0,0,
426,FIRST_TOUCH,83664,2026-05-04T11:02:10.996,21,32,195,111534,111560,858,,0,1,first_touch,SHORT,1,0.657975,1,58.33,25,1,,0,0,
427,ZONE_INVALIDATED,83754,2026-05-04T11:11:54.808,21,32,195,111534,111560,858,,0,17,close_through_up,SHORT,1,0.657975,1,58.33,25,1,83664,15,6,TARGET
428,ZONE_CREATED,83951,2026-05-04T11:39:30.884,21,33,196,111629,111643,930,885,589,0,OFF_PRICE,SHORT,1.050847,0.652632,1,50.64,3,1,,0,0,
429,FIRST_TOUCH,83952,2026-05-04T11:39:32.672,21,33,196,111629,111643,930,,0,1,first_touch,SHORT,1.050847,0.652632,1,50.64,3,1,,0,0,
430,ZONE_INVALIDATED,83957,2026-05-04T11:40:33.204,21,33,196,111629,111643,930,,0,5,close_through_up,SHORT,1.050847,0.652632,1,50.64,3,1,83952,30,1,TARGET
431,ZONE_CREATED,84041,2026-05-04T11:53:40.116,21,33,197,111740,111750,894,885,589,0,OFF_PRICE,SHORT,1.010169,0.657353,1,59.05,20,1,,0,0,
432,FIRST_TOUCH,84055,2026-05-04T11:55:51.560,21,33,197,111740,111750,894,,0,1,first_touch,SHORT,1.010169,0.657353,1,59.05,20,1,,0,0,
433,AT_PRICE_CREATED,84641,2026-05-04T12:39:20.640,21,35,198,111008,111035,937,914,450,0,AT_PRICE,NEUTRAL,1.025164,0.73146,1,45.09,0,1,,0,0,
434,AT_PRICE_CREATED,85351,2026-05-04T13:55:17.484,21,37,199,110796,110825,984,923,337,0,AT_PRICE,NEUTRAL,1.066089,0.73985,0.9,46.46,0,1,,0,0,
435,ZONE_CREATED,85471,2026-05-04T14:15:53.620,21,38,200,110964,110986,980,874,371,0,OFF_PRICE,LONG,1.121281,0.75559,1,53.07,1,1,,0,0,
436,FIRST_TOUCH,85472,2026-05-04T14:16:14.004,21,38,200,110964,110986,980,,0,1,first_touch,LONG,1.121281,0.75559,1,53.07,1,1,,0,0,
437,ZONE_INVALIDATED,85817,2026-05-04T15:27:01.108,21,38,200,110964,110986,980,,0,8,close_through_down,LONG,1.121281,0.75559,1,53.07,1,1,85472,2,11,STOP
438,ZONE_INVALIDATED,86772,2026-05-05T05:45:28.184,22,33,197,111740,111750,894,,0,6,close_through_up,SHORT,1.010169,0.657353,1,59.05,20,1,84055,19,3,TARGET
439,ZONE_CREATED,86781,2026-05-05T06:00:26.832,22,22,201,111702,111725,786,673,52,0,OFF_PRICE,SHORT,1.167905,0.632341,1,70.09,23,1,,0,0,
440,FIRST_TOUCH,86783,2026-05-05T06:01:55.740,22,22,201,111702,111725,786,,0,1,first_touch,SHORT,1.167905,0.632341,1,70.09,23,1,,0,0,
441,ZONE_INVALIDATED,86792,2026-05-05T06:11:58.308,22,22,201,111702,111725,786,,0,6,close_through_up,SHORT,1.167905,0.632341,1,70.09,23,1,86783,18,22,AMBIGUOUS
442,AT_PRICE_CREATED,87871,2026-05-05T11:19:00.836,22,32,202,112145,112190,1000,858,615,0,AT_PRICE,NEUTRAL,1.165501,0.800641,0.934783,53.94,0,1,,0,0,
443,AT_PRICE_CREATED,88001,2026-05-05T11:31:00.632,22,33,203,112499,112520,982,894,586,0,AT_PRICE,NEUTRAL,1.098434,0.776285,0.954545,49.54,0,1,,0,0,
444,ZONE_CREATED,88101,2026-05-05T11:43:02.128,22,33,204,112404,112422,992,894,586,0,OFF_PRICE,LONG,1.10962,0.760736,0.894737,53.18,3,1,,0,0,
445,FIRST_TOUCH,88102,2026-05-05T11:43:14.108,22,33,204,112404,112422,992,,0,1,first_touch,LONG,1.10962,0.760736,0.894737,53.18,3,1,,0,0,
446,ZONE_INVALIDATED,88111,2026-05-05T11:44:31.956,22,33,204,112404,112422,992,,0,4,close_through_down,LONG,1.10962,0.760736,0.894737,53.18,3,1,88102,13,6,TARGET
447,ZONE_CREATED,88251,2026-05-05T12:06:37.452,22,34,205,112473,112489,881,783,521,0,OFF_PRICE,LONG,1.12516,0.677171,0.941176,66.21,23,1,,0,0,
448,FIRST_TOUCH,88257,2026-05-05T12:07:09.888,22,34,205,112473,112489,881,,0,1,first_touch,LONG,1.12516,0.677171,0.941176,66.21,23,1,,0,0,
449,ZONE_INVALIDATED,88262,2026-05-05T12:08:04.540,22,34,205,112473,112489,881,,0,5,close_through_down,LONG,1.12516,0.677171,0.941176,66.21,23,1,88257,17,9,AMBIGUOUS
450,ZONE_CREATED,88291,2026-05-05T12:13:58.340,22,34,206,112513,112528,934,783,521,0,OFF_PRICE,SHORT,1.192848,0.717358,1,75.17,13,2,,0,0,
451,FIRST_TOUCH,88292,2026-05-05T12:14:10.148,22,34,206,112513,112528,934,,0,1,first_touch,SHORT,1.192848,0.717358,1,75.17,13,2,,0,0,
452,ZONE_INVALIDATED,88295,2026-05-05T12:14:59.072,22,34,206,112513,112528,934,,0,4,close_through_up,SHORT,1.192848,0.717358,1,75.17,13,2,88292,25,1,TARGET
453,AT_PRICE_CREATED,88341,2026-05-05T12:23:31.380,22,34,207,112520,112530,793,783,521,0,AT_PRICE,NEUTRAL,1.012771,0.630867,1,47.56,0,2,,0,0,
454,AT_PRICE_CREATED,88361,2026-05-05T12:28:06.576,22,34,208,112509,112527,839,783,521,0,AT_PRICE,NEUTRAL,1.07152,0.662717,1,55.01,0,4,,0,0,
455,AT_PRICE_CREATED,88581,2026-05-05T13:13:32.372,22,36,209,112582,112591,1050,866,371,0,AT_PRICE,NEUTRAL,1.212471,0.689429,0.9,56.71,0,1,,0,0,
456,ZONE_CREATED,89854,2026-05-05T19:52:09.348,23,1,210,113162,113196,1028,636,54,0,OFF_PRICE,LONG,1.616352,0.808812,0.971429,92.9,125,1,,0,0,
457,FIRST_TOUCH,90020,2026-05-05T21:15:28.164,23,1,210,113162,113196,1028,,0,1,first_touch,LONG,1.616352,0.808812,0.971429,92.9,125,1,,0,0,
458,ZONE_INVALIDATED,90025,2026-05-05T21:16:46.300,23,1,210,113162,113196,1028,,0,6,close_through_down,LONG,1.616352,0.808812,0.971429,92.9,125,1,90020,17,9,AMBIGUOUS
459,AT_PRICE_CREATED,90564,2026-05-06T06:00:58.596,23,22,211,113916,113944,916,786,52,0,AT_PRICE,NEUTRAL,1.165394,0.736334,1,54.91,0,1,,0,0,
460,AT_PRICE_CREATED,90614,2026-05-06T06:22:09.756,23,22,212,113846,113880,990,786,52,0,AT_PRICE,NEUTRAL,1.259542,0.779528,0.942857,60.64,0,1,,0,0,
461,ZONE_CREATED,90664,2026-05-06T06:49:55.392,23,23,213,113934,113964,1073,504,43,0,OFF_PRICE,LONG,2.128968,0.757768,0.967742,83.68,2,2,,0,0,
462,FIRST_TOUCH,90665,2026-05-06T06:50:14.716,23,23,213,113934,113964,1073,,0,1,first_touch,LONG,2.128968,0.757768,0.967742,83.68,2,2,,0,0,
463,ZONE_INVALIDATED,90666,2026-05-06T06:50:46.676,23,23,213,113934,113964,1073,,0,2,close_through_down,LONG,2.128968,0.757768,0.967742,83.68,2,2,90665,18,0,TARGET
464,AT_PRICE_CREATED,90984,2026-05-06T08:50:53.460,23,27,214,114120,114156,952,833,87,0,AT_PRICE,NEUTRAL,1.142857,0.727273,0.918919,52.12,0,1,,0,0,
465,ZONE_CREATED,91354,2026-05-06T10:27:50.012,23,30,215,113571,113596,928,892,195,0,OFF_PRICE,SHORT,1.040359,0.744186,0.961538,60.58,26,1,,0,0,
466,FIRST_TOUCH,91368,2026-05-06T10:29:40.464,23,30,215,113571,113596,928,,0,1,first_touch,SHORT,1.040359,0.744186,0.961538,60.58,26,1,,0,0,
467,ZONE_INVALIDATED,91475,2026-05-06T10:32:47.532,23,30,215,113571,113596,928,,0,14,close_through_up,SHORT,1.040359,0.744186,0.961538,60.58,26,1,91368,23,8,AMBIGUOUS
468,AT_PRICE_CREATED,92094,2026-05-06T11:08:32.372,23,32,216,113731,113748,943,858,616,0,AT_PRICE,NEUTRAL,1.099068,0.704257,1,50.27,0,1,,0,0,
469,AT_PRICE_CREATED,92494,2026-05-06T11:39:44.344,23,33,217,113967,113989,968,928,583,0,AT_PRICE,NEUTRAL,1.043103,0.766429,0.956522,45.7,0,1,,0,0,
470,ZONE_CREATED,92544,2026-05-06T11:43:01.240,23,33,218,114054,114076,963,928,583,0,OFF_PRICE,SHORT,1.037716,0.772253,1,47.22,1,1,,0,0,
471,FIRST_TOUCH,92545,2026-05-06T11:43:03.596,23,33,218,114054,114076,963,,0,1,first_touch,SHORT,1.037716,0.772253,1,47.22,1,1,,0,0,
472,ZONE_INVALIDATED,92545,2026-05-06T11:43:03.596,23,33,218,114054,114076,963,,0,1,close_through_up,SHORT,1.037716,0.772253,1,47.22,1,1,92545,2,46,STOP
473,ZONE_CREATED,92784,2026-05-06T12:12:20.096,23,34,219,114181,114210,987,802,509,0,OFF_PRICE,SHORT,1.230673,0.72949,0.9,72.98,50,1,,0,0,
474,FIRST_TOUCH,92813,2026-05-06T12:15:47.412,23,34,219,114181,114210,987,,0,1,first_touch,SHORT,1.230673,0.72949,0.9,72.98,50,1,,0,0,
475,ZONE_INVALIDATED,92820,2026-05-06T12:16:54.132,23,34,219,114181,114210,987,,0,6,close_through_up,SHORT,1.230673,0.72949,0.9,72.98,50,1,92813,20,2,TARGET
476,ZONE_CREATED,93474,2026-05-06T14:24:51.612,23,38,220,114350,114364,927,884,370,0,OFF_PRICE,SHORT,1.048643,0.71972,1,61.74,23,1,,0,0,
477,FIRST_TOUCH,93484,2026-05-06T14:28:14.264,23,38,220,114350,114364,927,,0,1,first_touch,SHORT,1.048643,0.71972,1,61.74,23,1,,0,0,
478,ZONE_INVALIDATED,93494,2026-05-06T14:31:13.268,23,38,220,114350,114364,927,,0,6,close_through_up,SHORT,1.048643,0.71972,1,61.74,23,1,93484,9,8,STOP
479,AT_PRICE_CREATED,93834,2026-05-06T15:55:45.868,23,41,221,114588,114601,1113,900,279,0,AT_PRICE,NEUTRAL,1.236667,0.760766,0.928571,58.83,0,1,,0,0,
480,AT_PRICE_CREATED,93944,2026-05-06T16:19:14.628,23,42,222,114720,114731,872,844,294,0,AT_PRICE,NEUTRAL,1.033175,0.657121,0.916667,44.41,0,1,,0,0,
481,ZONE_CREATED,94104,2026-05-06T16:50:01.220,23,43,223,114672,114686,1091,1008,557,0,OFF_PRICE,LONG,1.082341,0.805761,1,64.1,16,1,,0,0,
482,ZONE_INVALIDATED,94557,2026-05-06T19:00:01.412,24,43,223,114672,114686,1091,,0,0,close_through_down,LONG,1.082341,0.805761,1,64.1,16,1,,0,0,
483,ZONE_CREATED,94696,2026-05-06T21:58:26.068,24,5,224,114624,114656,972,829,51,0,OFF_PRICE,LONG,1.172497,0.697775,1,56.66,1,1,,0,0,
484,FIRST_TOUCH,94697,2026-05-06T22:00:38.944,24,5,224,114624,114656,972,,0,1,first_touch,LONG,1.172497,0.697775,1,56.66,1,1,,0,0,
485,ZONE_INVALIDATED,94698,2026-05-06T22:00:55.076,24,5,224,114624,114656,972,,0,2,close_through_down,LONG,1.172497,0.697775,1,56.66,1,1,94697,7,27,STOP
486,AT_PRICE_CREATED,94706,2026-05-06T22:10:09.264,24,6,225,114560,114586,792,690,54,0,AT_PRICE,NEUTRAL,1.147826,0.634107,0.962963,53.13,0,1,,0,0,
487,ZONE_CREATED,94936,2026-05-07T04:16:07.540,24,18,226,115177,115200,841,766,56,0,OFF_PRICE,SHORT,1.097911,0.598151,0.916667,63.94,30,1,,0,0,
488,FIRST_TOUCH,94937,2026-05-07T04:16:27.952,24,18,226,115177,115200,841,,0,1,first_touch,SHORT,1.097911,0.598151,0.916667,63.94,30,1,,0,0,
489,ZONE_INVALIDATED,94989,2026-05-07T05:03:38.012,24,18,226,115177,115200,841,,0,11,close_through_up,SHORT,1.097911,0.598151,0.916667,63.94,30,1,94937,31,0,TARGET
490,AT_PRICE_CREATED,95436,2026-05-07T10:33:01.424,24,31,227,114978,115002,1025,850,920,0,AT_PRICE,NEUTRAL,1.205882,0.806452,0.96,57.15,0,1,,0,0,
491,ZONE_CREATED,95566,2026-05-07T10:42:14.260,24,31,228,115027,115049,1009,850,920,0,OFF_PRICE,SHORT,1.187059,0.804625,0.956522,58.28,2,1,,0,0,
492,FIRST_TOUCH,95567,2026-05-07T10:42:17.564,24,31,228,115027,115049,1009,,0,1,first_touch,SHORT,1.187059,0.804625,0.956522,58.28,2,1,,0,0,
493,ZONE_INVALIDATED,95743,2026-05-07T10:53:21.964,24,31,228,115027,115049,1009,,0,23,close_through_up,SHORT,1.187059,0.804625,0.956522,58.28,2,1,95567,5,10,STOP
494,AT_PRICE_CREATED,95766,2026-05-07T10:54:40.332,24,31,229,115103,115120,855,850,920,0,AT_PRICE,NEUTRAL,1.005882,0.572672,0.888889,42.08,0,1,,0,0,
495,ZONE_CREATED,97286,2026-05-07T13:16:58.716,24,36,230,114615,114641,1084,871,355,0,OFF_PRICE,LONG,1.244546,0.655381,0.925926,74.34,39,1,,0,0,
496,FIRST_TOUCH,97288,2026-05-07T13:17:01.996,24,36,230,114615,114641,1084,,0,1,first_touch,LONG,1.244546,0.655381,0.925926,74.34,39,1,,0,0,
497,ZONE_INVALIDATED,97336,2026-05-07T13:20:04.664,24,36,230,114615,114641,1084,,0,11,close_through_down,LONG,1.244546,0.655381,0.925926,74.34,39,1,97288,22,7,TARGET
498,ZONE_CREATED,98536,2026-05-07T15:19:49.668,24,40,231,114803,114824,1129,880,331,0,OFF_PRICE,SHORT,1.282955,0.787308,0.954545,77.46,32,1,,0,0,
499,ZONE_CREATED,98736,2026-05-07T15:46:29.048,24,41,232,114456,114488,869,865,277,0,OFF_PRICE,LONG,1.004624,0.665391,0.878788,51.84,8,1,,0,0,
500,FIRST_TOUCH,98737,2026-05-07T15:46:39.112,24,41,232,114456,114488,869,,0,1,first_touch,LONG,1.004624,0.665391,0.878788,51.84,8,1,,0,0,
501,ZONE_INVALIDATED,98744,2026-05-07T15:47:39.160,24,41,232,114456,114488,869,,0,6,close_through_down,LONG,1.004624,0.665391,0.878788,51.84,8,1,98737,15,13,AMBIGUOUS
502,FIRST_TOUCH,99192,2026-05-07T16:50:51.820,24,40,231,114803,114824,1129,,0,1,first_touch,SHORT,1.282955,0.787308,0.954545,77.46,32,1,,0,0,
503,ZONE_INVALIDATED,99395,2026-05-07T17:02:21.636,24,40,231,114803,114824,1129,,0,9,close_through_up,SHORT,1.282955,0.787308,0.954545,77.46,32,1,99192,17,3,TARGET
504,ZONE_CREATED,100708,2026-05-08T10:45:29.828,25,31,233,116106,116125,1010,885,932,0,OFF_PRICE,LONG,1.141243,0.763416,1,55.72,2,1,,0,0,
505,FIRST_TOUCH,100709,2026-05-08T10:45:31.776,25,31,233,116106,116125,1010,,0,1,first_touch,LONG,1.141243,0.763416,1,55.72,2,1,,0,0,
506,ZONE_CREATED,100728,2026-05-08T10:46:18.272,25,31,234,116158,116173,891,885,932,0,OFF_PRICE,LONG,1.00678,0.702128,0.9375,56.62,11,1,,0,0,
507,FIRST_TOUCH,100729,2026-05-08T10:46:21.496,25,31,234,116158,116173,891,,0,1,first_touch,LONG,1.00678,0.702128,0.9375,56.62,11,1,,0,0,
508,AT_PRICE_CREATED,101988,2026-05-08T13:00:51.724,25,36,235,116785,116808,933,875,373,0,AT_PRICE,NEUTRAL,1.066286,0.773632,1,47.97,0,1,,0,0,
509,AT_PRICE_CREATED,102098,2026-05-08T13:25:00.676,25,36,236,116895,116904,884,875,373,0,AT_PRICE,NEUTRAL,1.010286,0.609655,1,44.05,0,1,,0,0,
510,ZONE_CREATED,102888,2026-05-08T15:55:41.120,25,41,237,116997,117023,1019,865,290,0,OFF_PRICE,SHORT,1.178035,0.73204,0.925926,69.68,14,1,,0,0,
511,FIRST_TOUCH,102895,2026-05-08T15:56:07.992,25,41,237,116997,117023,1019,,0,1,first_touch,SHORT,1.178035,0.73204,0.925926,69.68,14,1,,0,0,
512,ZONE_INVALIDATED,102898,2026-05-08T15:56:31.028,25,41,237,116997,117023,1019,,0,4,close_through_up,SHORT,1.178035,0.73204,0.925926,69.68,14,1,102895,14,4,TARGET
513,ZONE_CREATED,103008,2026-05-08T16:19:09.232,25,42,238,117206,117216,1000,844,297,0,OFF_PRICE,LONG,1.184834,0.746269,1,57.52,1,1,,0,0,
514,FIRST_TOUCH,103009,2026-05-08T16:19:28.852,25,42,238,117206,117216,1000,,0,1,first_touch,LONG,1.184834,0.746269,1,57.52,1,1,,0,0,
515,ZONE_INVALIDATED,103013,2026-05-08T16:20:40.532,25,42,238,117206,117216,1000,,0,5,close_through_down,LONG,1.184834,0.746269,1,57.52,1,1,103009,2,19,STOP
516,ZONE_CREATED,103048,2026-05-08T16:27:16.192,25,42,239,117140,117154,904,844,297,0,OFF_PRICE,SHORT,1.07109,0.684848,1,63.31,15,1,,0,0,
517,FIRST_TOUCH,103051,2026-05-08T16:28:05.604,25,42,239,117140,117154,904,,0,1,first_touch,SHORT,1.07109,0.684848,1,63.31,15,1,,0,0,
518,ZONE_INVALIDATED,103106,2026-05-08T16:38:16.576,25,42,239,117140,117154,904,,0,7,close_through_up,SHORT,1.07109,0.684848,1,63.31,15,1,103051,19,3,TARGET
519,ZONE_CREATED,103717,2026-05-10T20:44:56.228,26,3,240,117190,117209,891,732,42,0,OFF_PRICE,LONG,1.217213,0.615757,0.95,72.79,33,1,,0,0,
520,FIRST_TOUCH,103719,2026-05-10T20:45:42.416,26,3,240,117190,117209,891,,0,1,first_touch,LONG,1.217213,0.615757,0.95,72.79,33,1,,0,0,
521,ZONE_CREATED,103737,2026-05-10T21:00:53.028,26,4,241,117199,117236,912,893,92,0,OFF_PRICE,LONG,1.021277,0.668622,0.947368,62.37,37,2,,0,0,
522,ZONE_CREATED,103767,2026-05-10T21:15:21.996,26,4,242,117464,117484,939,893,92,0,OFF_PRICE,SHORT,1.051512,0.694527,1,61.94,43,1,,0,0,
523,FIRST_TOUCH,103776,2026-05-10T21:20:29.204,26,4,242,117464,117484,939,,0,1,first_touch,SHORT,1.051512,0.694527,1,61.94,43,1,,0,0,
524,ZONE_INVALIDATED,103777,2026-05-10T21:20:53.092,26,4,242,117464,117484,939,,0,2,close_through_up,SHORT,1.051512,0.694527,1,61.94,43,1,103776,21,14,AMBIGUOUS
525,FIRST_TOUCH,103837,2026-05-10T21:52:42.384,26,4,241,117199,117236,912,,0,1,first_touch,LONG,1.021277,0.668622,0.947368,62.37,37,2,,0,0,
526,ZONE_INVALIDATED,103837,2026-05-10T21:52:42.384,26,4,241,117199,117236,912,,0,1,close_through_down,LONG,1.021277,0.668622,0.947368,62.37,37,2,103837,14,46,AMBIGUOUS
527,ZONE_INVALIDATED,103838,2026-05-10T21:52:45.744,26,3,240,117190,117209,891,,0,11,close_through_down,LONG,1.217213,0.615757,0.95,72.79,33,1,103719,41,2,TARGET
528,AT_PRICE_CREATED,104337,2026-05-11T06:46:51.852,26,23,243,117353,117380,1094,1073,47,0,AT_PRICE,NEUTRAL,1.019571,0.724503,0.964286,44.17,0,1,,0,0,
529,ZONE_CREATED,105367,2026-05-11T11:15:25.348,26,32,244,117577,117606,947,865,649,0,OFF_PRICE,SHORT,1.094798,0.719058,0.933333,63.97,23,1,,0,0,
530,FIRST_TOUCH,105369,2026-05-11T11:15:42.392,26,32,244,117577,117606,947,,0,1,first_touch,SHORT,1.094798,0.719058,0.933333,63.97,23,1,,0,0,
531,ZONE_INVALIDATED,105372,2026-05-11T11:16:05.112,26,32,244,117577,117606,947,,0,4,close_through_up,SHORT,1.094798,0.719058,0.933333,63.97,23,1,105369,14,10,AMBIGUOUS
532,ZONE_CREATED,105457,2026-05-11T11:26:44.856,26,32,245,117432,117457,1037,865,649,0,OFF_PRICE,SHORT,1.198844,0.806376,1,66,7,1,,0,0,
533,FIRST_TOUCH,105458,2026-05-11T11:26:47.220,26,32,245,117432,117457,1037,,0,1,first_touch,SHORT,1.198844,0.806376,1,66,7,1,,0,0,
534,ZONE_INVALIDATED,105685,2026-05-11T11:41:55.576,26,32,245,117432,117457,1037,,0,10,close_through_up,SHORT,1.198844,0.806376,1,66,7,1,105458,17,5,TARGET
535,AT_PRICE_CREATED,106697,2026-05-11T14:31:28.548,26,39,246,117792,117809,1028,906,346,0,AT_PRICE,NEUTRAL,1.134658,0.801247,1,52.76,0,1,,0,0,
536,AT_PRICE_CREATED,107177,2026-05-11T16:14:45.532,26,42,247,117655,117677,895,847,300,0,AT_PRICE,NEUTRAL,1.056671,0.766267,1,47.3,0,1,,0,0,
537,AT_PRICE_CREATED,107257,2026-05-11T16:28:24.700,26,42,248,117544,117564,1028,847,300,0,AT_PRICE,NEUTRAL,1.213695,0.820431,1,58.29,0,1,,0,0,
538,ZONE_CREATED,108255,2026-05-12T05:08:41.004,27,20,249,116845,116876,815,706,68,0,OFF_PRICE,SHORT,1.154391,0.642238,0.90625,67.73,22,1,,0,0,
539,FIRST_TOUCH,108257,2026-05-12T05:09:43.040,27,20,249,116845,116876,815,,0,1,first_touch,SHORT,1.154391,0.642238,0.90625,67.73,22,1,,0,0,
540,ZONE_INVALIDATED,108287,2026-05-12T05:29:15.088,27,20,249,116845,116876,815,,0,3,close_through_up,SHORT,1.154391,0.642238,0.90625,67.73,22,1,108257,47,3,TARGET
541,ZONE_CREATED,108525,2026-05-12T08:52:36.632,27,27,250,116691,116713,1146,952,89,0,OFF_PRICE,SHORT,1.203782,0.756935,0.913043,57.54,1,1,,0,0,
542,FIRST_TOUCH,108526,2026-05-12T08:53:48.392,27,27,250,116691,116713,1146,,0,1,first_touch,SHORT,1.203782,0.756935,0.913043,57.54,1,1,,0,0,
543,ZONE_INVALIDATED,108619,2026-05-12T09:35:11.812,27,27,250,116691,116713,1146,,0,10,close_through_up,SHORT,1.203782,0.756935,0.913043,57.54,1,1,108526,16,6,TARGET
544,AT_PRICE_CREATED,109115,2026-05-12T10:43:07.924,27,31,251,117046,117058,945,885,948,0,AT_PRICE,NEUTRAL,1.067797,0.668317,1,48.08,0,1,,0,0,
545,AT_PRICE_CREATED,109375,2026-05-12T10:56:14.936,27,31,252,116748,116775,1067,885,948,0,AT_PRICE,NEUTRAL,1.20565,0.701051,0.964286,57.19,0,1,,0,0,
546,ZONE_CREATED,109835,2026-05-12T11:25:11.740,27,32,253,116698,116725,901,878,647,0,OFF_PRICE,LONG,1.026196,0.688312,0.892857,58.56,31,1,,0,0,
547,FIRST_TOUCH,109838,2026-05-12T11:25:28.568,27,32,253,116698,116725,901,,0,1,first_touch,LONG,1.026196,0.688312,0.892857,58.56,31,1,,0,0,
548,ZONE_INVALIDATED,109838,2026-05-12T11:25:28.568,27,32,253,116698,116725,901,,0,1,close_through_down,LONG,1.026196,0.688312,0.892857,58.56,31,1,109838,22,31,AMBIGUOUS
549,ZONE_INVALIDATED,109935,2026-05-12T11:31:13.840,27,31,234,116158,116173,891,,0,16,close_through_down,LONG,1.00678,0.702128,0.9375,56.62,11,1,100729,13,5,TARGET
550,ZONE_INVALIDATED,109940,2026-05-12T11:31:26.892,27,31,233,116106,116125,1010,,0,8,close_through_down,LONG,1.141243,0.763416,1,55.72,2,1,100709,8,9,STOP
551,ZONE_CREATED,110485,2026-05-12T12:15:43.716,27,34,254,115752,115757,881,809,514,0,OFF_PRICE,LONG,1.088999,0.483269,1,64.56,22,1,,0,0,
552,FIRST_TOUCH,110489,2026-05-12T12:16:05.288,27,34,254,115752,115757,881,,0,1,first_touch,LONG,1.088999,0.483269,1,64.56,22,1,,0,0,
553,ZONE_INVALIDATED,110490,2026-05-12T12:16:09.708,27,34,254,115752,115757,881,,0,2,close_through_down,LONG,1.088999,0.483269,1,64.56,22,1,110489,17,7,TARGET
554,ZONE_CREATED,110525,2026-05-12T12:18:24.672,27,34,255,115731,115751,834,809,514,0,OFF_PRICE,SHORT,1.030902,0.619614,0.904762,59.9,10,2,,0,0,
555,ZONE_CREATED,110535,2026-05-12T12:19:12.292,27,34,256,115657,115673,833,809,514,0,OFF_PRICE,LONG,1.029666,0.589943,1,60.41,22,1,,0,0,
556,FIRST_TOUCH,110537,2026-05-12T12:19:25.512,27,34,256,115657,115673,833,,0,1,first_touch,LONG,1.029666,0.589943,1,60.41,22,1,,0,0,
557,FIRST_TOUCH,110539,2026-05-12T12:19:29.968,27,34,255,115731,115751,834,,0,1,first_touch,SHORT,1.030902,0.619614,0.904762,59.9,10,2,,0,0,
558,ZONE_INVALIDATED,110547,2026-05-12T12:20:10.020,27,34,255,115731,115751,834,,0,8,close_through_up,SHORT,1.030902,0.619614,0.904762,59.9,10,2,110539,9,20,STOP
559,ZONE_INVALIDATED,110562,2026-05-12T12:21:31.604,27,34,256,115657,115673,833,,0,2,close_through_down,LONG,1.029666,0.589943,1,60.41,22,1,110537,22,9,AMBIGUOUS
560,ZONE_CREATED,110895,2026-05-12T12:53:46.168,27,35,257,115540,115582,971,886,464,0,OFF_PRICE,SHORT,1.095937,0.762765,0.930233,64,13,1,,0,0,
561,FIRST_TOUCH,110896,2026-05-12T12:53:51.468,27,35,257,115540,115582,971,,0,1,first_touch,SHORT,1.095937,0.762765,0.930233,64,13,1,,0,0,
562,ZONE_INVALIDATED,111017,2026-05-12T13:04:13.548,27,35,257,115540,115582,971,,0,10,close_through_up,SHORT,1.095937,0.762765,0.930233,64,13,1,110896,17,0,TARGET
563,ZONE_CREATED,111095,2026-05-12T13:15:14.072,27,36,258,115626,115645,1020,886,361,0,OFF_PRICE,SHORT,1.151242,0.75,1,68.92,29,1,,0,0,
564,ZONE_CREATED,111395,2026-05-12T13:53:21.888,27,37,259,115013,115040,1183,924,349,0,OFF_PRICE,SHORT,1.280303,0.816425,0.964286,77.42,12,1,,0,0,
565,FIRST_TOUCH,111399,2026-05-12T13:53:39.884,27,37,259,115013,115040,1183,,0,1,first_touch,SHORT,1.280303,0.816425,0.964286,77.42,12,1,,0,0,
566,ZONE_INVALIDATED,111419,2026-05-12T13:55:55.804,27,37,259,115013,115040,1183,,0,11,close_through_up,SHORT,1.280303,0.816425,0.964286,77.42,12,1,111399,21,1,TARGET
567,FIRST_TOUCH,111633,2026-05-12T14:23:17.076,27,36,258,115626,115645,1020,,0,1,first_touch,SHORT,1.151242,0.75,1,68.92,29,1,,0,0,
568,ZONE_INVALIDATED,111635,2026-05-12T14:23:27.180,27,36,258,115626,115645,1020,,0,3,close_through_up,SHORT,1.151242,0.75,1,68.92,29,1,111633,4,17,STOP
569,ZONE_CREATED,112325,2026-05-12T16:08:14.080,27,42,260,115991,116009,1090,859,311,0,OFF_PRICE,SHORT,1.268917,0.789855,0.947368,76.37,16,1,,0,0,
570,FIRST_TOUCH,112328,2026-05-12T16:08:26.144,27,42,260,115991,116009,1090,,0,1,first_touch,SHORT,1.268917,0.789855,0.947368,76.37,16,1,,0,0,
571,ZONE_INVALIDATED,112340,2026-05-12T16:11:04.552,27,42,260,115991,116009,1090,,0,9,close_through_up,SHORT,1.268917,0.789855,0.947368,76.37,16,1,112328,13,7,TARGET
572,ZONE_CREATED,112795,2026-05-12T16:59:32.488,27,43,261,116672,116683,1045,988,571,0,OFF_PRICE,LONG,1.057692,0.763889,1,48.62,1,1,,0,0,
573,FIRST_TOUCH,112796,2026-05-12T16:59:33.240,27,43,261,116672,116683,1045,,0,1,first_touch,LONG,1.057692,0.763889,1,48.62,1,1,,0,0,
574,ZONE_CREATED,112805,2026-05-12T16:59:43.892,27,43,262,116691,116698,1167,988,571,0,OFF_PRICE,SHORT,1.181174,0.86895,1,60.6,1,2,,0,0,
575,FIRST_TOUCH,112806,2026-05-12T16:59:44.520,27,43,262,116691,116698,1167,,0,1,first_touch,SHORT,1.181174,0.86895,1,60.6,1,2,,0,0,
576,ZONE_INVALIDATED,112810,2026-05-12T16:59:46.852,27,43,261,116672,116683,1045,,0,4,close_through_down,LONG,1.057692,0.763889,1,48.62,1,1,112796,12,1,TARGET
577,ZONE_INVALIDATED,112840,2026-05-12T17:00:00.304,27,43,262,116691,116698,1167,,0,7,close_through_up,SHORT,1.181174,0.86895,1,60.6,1,2,112806,18,5,TARGET
578,ZONE_CREATED,113537,2026-05-13T05:08:59.932,28,20,263,117543,117566,885,797,70,0,OFF_PRICE,LONG,1.110414,0.598782,0.958333,59.19,7,1,,0,0,
579,ZONE_CREATED,113597,2026-05-13T05:55:21.200,28,21,264,117626,117660,632,532,53,0,OFF_PRICE,LONG,1.18797,0.495298,0.885714,62.28,6,1,,0,0,
580,FIRST_TOUCH,113598,2026-05-13T05:56:14.456,28,21,264,117626,117660,632,,0,1,first_touch,LONG,1.18797,0.495298,0.885714,62.28,6,1,,0,0,
581,ZONE_INVALIDATED,113600,2026-05-13T05:57:42.432,28,21,264,117626,117660,632,,0,3,close_through_down,LONG,1.18797,0.495298,0.885714,62.28,6,1,113598,10,26,STOP
582,FIRST_TOUCH,113608,2026-05-13T06:07:02.060,28,20,263,117543,117566,885,,0,1,first_touch,LONG,1.110414,0.598782,0.958333,59.19,7,1,,0,0,
583,ZONE_INVALIDATED,113611,2026-05-13T06:10:27.904,28,20,263,117543,117566,885,,0,4,close_through_down,LONG,1.110414,0.598782,0.958333,59.19,7,1,113608,21,14,AMBIGUOUS
584,ZONE_CREATED,115187,2026-05-13T11:37:21.392,28,33,265,117044,117077,905,887,611,0,OFF_PRICE,SHORT,1.020293,0.692956,0.970588,59.31,30,1,,0,0,
585,FIRST_TOUCH,115188,2026-05-13T11:37:30.584,28,33,265,117044,117077,905,,0,1,first_touch,SHORT,1.020293,0.692956,0.970588,59.31,30,1,,0,0,
586,ZONE_INVALIDATED,115249,2026-05-13T11:43:34.200,28,33,265,117044,117077,905,,0,8,close_through_up,SHORT,1.020293,0.692956,0.970588,59.31,30,1,115188,31,3,TARGET
587,AT_PRICE_CREATED,115357,2026-05-13T11:56:27.292,28,33,266,117256,117275,908,887,611,0,AT_PRICE,NEUTRAL,1.023675,0.69419,0.85,42.74,0,1,,0,0,
588,AT_PRICE_CREATED,117471,2026-05-13T21:29:40.896,29,4,267,118578,118604,1004,939,97,0,AT_PRICE,NEUTRAL,1.069223,0.703081,1,48.18,0,1,,0,0,
589,AT_PRICE_CREATED,117951,2026-05-14T05:49:53.712,29,21,268,118207,118234,600,598,55,0,AT_PRICE,NEUTRAL,1.003344,0.481155,1,43.57,0,1,,0,0,
590,ZONE_CREATED,118761,2026-05-14T10:48:06.208,29,31,269,118632,118670,977,855,996,0,OFF_PRICE,SHORT,1.14269,0.75972,0.974359,67.94,59,1,,0,0,
591,FIRST_TOUCH,118786,2026-05-14T10:49:32.664,29,31,269,118632,118670,977,,0,1,first_touch,SHORT,1.14269,0.75972,0.974359,67.94,59,1,,0,0,
592,ZONE_INVALIDATED,118789,2026-05-14T10:49:34.528,29,31,269,118632,118670,977,,0,4,close_through_up,SHORT,1.14269,0.75972,0.974359,67.94,59,1,118786,13,14,AMBIGUOUS
593,AT_PRICE_CREATED,119141,2026-05-14T11:09:43.016,29,32,270,118251,118273,1000,841,672,0,AT_PRICE,NEUTRAL,1.189061,0.761615,1,56.57,0,1,,0,0,
594,ZONE_CREATED,119881,2026-05-14T12:29:20.436,29,34,271,119079,119095,883,833,527,0,OFF_PRICE,SHORT,1.060024,0.657483,0.882353,60.77,20,1,,0,0,
595,FIRST_TOUCH,119898,2026-05-14T12:31:17.808,29,34,271,119079,119095,883,,0,1,first_touch,SHORT,1.060024,0.657483,0.882353,60.77,20,1,,0,0,
596,AT_PRICE_CREATED,119901,2026-05-14T12:31:57.468,29,35,272,119048,119066,951,914,473,0,AT_PRICE,NEUTRAL,1.040481,0.738928,0.842105,47.13,0,2,,0,0,
597,ZONE_CREATED,119911,2026-05-14T12:33:54.228,29,35,273,119015,119037,920,914,473,0,OFF_PRICE,SHORT,1.006565,0.737179,0.956522,56.47,8,2,,0,0,
598,FIRST_TOUCH,119938,2026-05-14T12:37:40.164,29,35,273,119015,119037,920,,0,1,first_touch,SHORT,1.006565,0.737179,0.956522,56.47,8,2,,0,0,
599,ZONE_CREATED,119941,2026-05-14T12:38:11.144,29,35,274,118986,119009,947,914,473,0,OFF_PRICE,SHORT,1.036105,0.746845,0.916667,59.19,9,2,,0,0,
600,FIRST_TOUCH,119942,2026-05-14T12:38:19.160,29,35,274,118986,119009,947,,0,1,first_touch,SHORT,1.036105,0.746845,0.916667,59.19,9,2,,0,0,
601,ZONE_INVALIDATED,119971,2026-05-14T12:42:42.892,29,35,274,118986,119009,947,,0,13,close_through_up,SHORT,1.036105,0.746845,0.916667,59.19,9,2,119942,19,7,TARGET
602,ZONE_INVALIDATED,120030,2026-05-14T12:55:12.936,29,35,273,119015,119037,920,,0,16,close_through_up,SHORT,1.006565,0.737179,0.956522,56.47,8,2,119938,29,5,TARGET
603,AT_PRICE_CREATED,120041,2026-05-14T12:56:15.004,29,35,275,119037,119049,1064,914,473,0,AT_PRICE,NEUTRAL,1.164114,0.669182,0.923077,60.33,0,3,,0,0,
604,ZONE_INVALIDATED,120092,2026-05-14T13:05:59.176,29,34,271,119079,119095,883,,0,16,close_through_up,SHORT,1.060024,0.657483,0.882353,60.77,20,1,119898,22,1,TARGET
605,AT_PRICE_CREATED,120581,2026-05-14T14:16:32.252,29,38,276,118574,118592,1050,851,412,0,AT_PRICE,NEUTRAL,1.233843,0.828076,1,59.7,0,1,,0,0,
606,ZONE_CREATED,121161,2026-05-14T15:26:12.848,29,40,277,118698,118712,937,857,341,0,OFF_PRICE,SHORT,1.093349,0.636549,0.933333,56.37,6,1,,0,0,
607,FIRST_TOUCH,121162,2026-05-14T15:26:18.376,29,40,277,118698,118712,937,,0,1,first_touch,SHORT,1.093349,0.636549,0.933333,56.37,6,1,,0,0,
608,ZONE_INVALIDATED,121185,2026-05-14T15:30:15.376,29,40,277,118698,118712,937,,0,11,close_through_up,SHORT,1.093349,0.636549,0.933333,56.37,6,1,121162,15,6,TARGET
609,ZONE_CREATED,122706,2026-05-15T05:07:51.632,30,20,278,117343,117382,850,815,72,0,OFF_PRICE,LONG,1.042945,0.636228,0.975,60.96,19,1,,0,0,
610,FIRST_TOUCH,122708,2026-05-15T05:08:44.156,30,20,278,117343,117382,850,,0,1,first_touch,LONG,1.042945,0.636228,0.975,60.96,19,1,,0,0,
611,ZONE_INVALIDATED,122721,2026-05-15T05:15:19.508,30,20,278,117343,117382,850,,0,11,close_through_down,LONG,1.042945,0.636228,0.975,60.96,19,1,122708,28,13,AMBIGUOUS
612,ZONE_CREATED,123586,2026-05-15T10:30:02.488,30,31,279,117086,117125,926,850,1002,0,OFF_PRICE,SHORT,1.089412,0.733756,0.9,63.09,18,1,,0,0,
613,FIRST_TOUCH,123604,2026-05-15T10:30:09.956,30,31,279,117086,117125,926,,0,1,first_touch,SHORT,1.089412,0.733756,0.9,63.09,18,1,,0,0,
614,ZONE_INVALIDATED,123607,2026-05-15T10:30:12.460,30,31,279,117086,117125,926,,0,4,close_through_up,SHORT,1.089412,0.733756,0.9,63.09,18,1,123604,34,6,TARGET
615,ZONE_CREATED,123706,2026-05-15T10:33:43.916,30,31,280,116855,116889,858,850,1002,0,OFF_PRICE,SHORT,1.009412,0.671887,0.914286,43.96,1,1,,0,0,
616,FIRST_TOUCH,123707,2026-05-15T10:33:47.952,30,31,280,116855,116889,858,,0,1,first_touch,SHORT,1.009412,0.671887,0.914286,43.96,1,1,,0,0,
617,ZONE_INVALIDATED,123728,2026-05-15T10:34:41.876,30,31,280,116855,116889,858,,0,7,close_through_up,SHORT,1.009412,0.671887,0.914286,43.96,1,1,123707,31,4,TARGET
618,ZONE_CREATED,124056,2026-05-15T10:48:19.904,30,31,281,116659,116690,924,850,1002,0,OFF_PRICE,LONG,1.087059,0.672979,0.9375,63.49,61,1,,0,0,
619,FIRST_TOUCH,124123,2026-05-15T10:51:13.096,30,31,281,116659,116690,924,,0,1,first_touch,LONG,1.087059,0.672979,0.9375,63.49,61,1,,0,0,
620,ZONE_INVALIDATED,124274,2026-05-15T10:58:45.572,30,31,281,116659,116690,924,,0,15,close_through_down,LONG,1.087059,0.672979,0.9375,63.49,61,1,124123,34,5,TARGET
621,ZONE_CREATED,125076,2026-05-15T11:52:42.756,30,33,282,117003,117027,981,905,613,0,OFF_PRICE,LONG,1.083978,0.766406,0.92,50.51,2,1,,0,0,
622,FIRST_TOUCH,125077,2026-05-15T11:52:47.532,30,33,282,117003,117027,981,,0,1,first_touch,LONG,1.083978,0.766406,0.92,50.51,2,1,,0,0,
623,ZONE_INVALIDATED,125234,2026-05-15T12:07:45.084,30,33,282,117003,117027,981,,0,18,close_through_down,LONG,1.083978,0.766406,0.92,50.51,2,1,125077,37,5,TARGET
624,AT_PRICE_CREATED,126276,2026-05-15T14:30:35.888,30,39,283,117668,117684,978,865,353,0,AT_PRICE,NEUTRAL,1.130636,0.748279,1,52.48,0,1,,0,0,
625,ZONE_CREATED,126486,2026-05-15T15:10:36.160,30,40,284,117864,117883,1022,857,337,0,OFF_PRICE,LONG,1.192532,0.80094,1,69.31,10,1,,0,0,
626,FIRST_TOUCH,126488,2026-05-15T15:11:00.748,30,40,284,117864,117883,1022,,0,1,first_touch,LONG,1.192532,0.80094,1,69.31,10,1,,0,0,
627,ZONE_INVALIDATED,126510,2026-05-15T15:15:41.360,30,40,284,117864,117883,1022,,0,12,close_through_down,LONG,1.192532,0.80094,1,69.31,10,1,126488,25,6,TARGET
628,ZONE_CREATED,126856,2026-05-15T16:06:59.120,30,42,285,117420,117442,971,872,310,0,OFF_PRICE,SHORT,1.113532,0.748651,1,66.28,31,1,,0,0,
629,ZONE_CREATED,127556,2026-05-15T17:58:49.852,30,45,286,116668,116700,1052,868,81,0,OFF_PRICE,LONG,1.211982,0.755747,0.939394,72.26,40,1,,0,0,
630,FIRST_TOUCH,127560,2026-05-15T17:59:59.000,30,45,286,116668,116700,1052,,0,1,first_touch,LONG,1.211982,0.755747,0.939394,72.26,40,1,,0,0,
631,ZONE_INVALIDATED,127561,2026-05-17T19:00:04.364,31,45,286,116668,116700,1052,,0,1,close_through_down,LONG,1.211982,0.755747,0.939394,72.26,40,1,127560,35,8,AMBIGUOUS
632,ZONE_CREATED,128750,2026-05-18T05:33:11.776,31,21,287,116856,116886,681,600,60,0,OFF_PRICE,LONG,1.135,0.513962,0.935484,66.82,51,1,,0,0,
633,FIRST_TOUCH,128755,2026-05-18T05:35:05.736,31,21,287,116856,116886,681,,0,1,first_touch,LONG,1.135,0.513962,0.935484,66.82,51,1,,0,0,
634,ZONE_INVALIDATED,128757,2026-05-18T05:36:07.044,31,21,287,116856,116886,681,,0,3,close_through_down,LONG,1.135,0.513962,0.935484,66.82,51,1,128755,32,6,TARGET
635,AT_PRICE_CREATED,128770,2026-05-18T05:46:34.316,31,21,288,116824,116842,606,600,60,0,AT_PRICE,NEUTRAL,1.01,0.460137,0.947368,46.58,0,2,,0,0,
636,ZONE_CREATED,129000,2026-05-18T08:36:40.652,31,27,289,116555,116584,1670,952,86,0,OFF_PRICE,SHORT,1.754202,0.727669,0.966667,92.83,34,1,,0,0,
637,FIRST_TOUCH,129004,2026-05-18T08:38:36.060,31,27,289,116555,116584,1670,,0,1,first_touch,SHORT,1.754202,0.727669,0.966667,92.83,34,1,,0,0,
638,ZONE_INVALIDATED,129006,2026-05-18T08:39:23.604,31,27,289,116555,116584,1670,,0,3,close_through_up,SHORT,1.754202,0.727669,0.966667,92.83,34,1,129004,54,12,AMBIGUOUS
639,AT_PRICE_CREATED,129230,2026-05-18T09:45:10.068,31,29,290,117256,117285,1223,718,160,0,AT_PRICE,NEUTRAL,1.703343,0.807794,0.933333,77.33,0,1,,0,0,
640,FIRST_TOUCH,129238,2026-05-18T09:45:47.924,31,42,285,117420,117442,971,,0,1,first_touch,SHORT,1.113532,0.748651,1,66.28,31,1,,0,0,
641,ZONE_INVALIDATED,129240,2026-05-18T09:45:58.148,31,42,285,117420,117442,971,,0,3,close_through_up,SHORT,1.113532,0.748651,1,66.28,31,1,129238,22,4,TARGET
642,ZONE_CREATED,129270,2026-05-18T09:48:43.328,31,29,291,117504,117531,851,718,160,0,OFF_PRICE,SHORT,1.185237,0.599718,0.928571,57.73,2,1,,0,0,
643,FIRST_TOUCH,129271,2026-05-18T09:48:44.956,31,29,291,117504,117531,851,,0,1,first_touch,SHORT,1.185237,0.599718,0.928571,57.73,2,1,,0,0,
644,ZONE_INVALIDATED,129273,2026-05-18T09:49:03.944,31,29,291,117504,117531,851,,0,3,close_through_up,SHORT,1.185237,0.599718,0.928571,57.73,2,1,129271,11,29,STOP
645,AT_PRICE_CREATED,129300,2026-05-18T09:52:09.828,31,29,292,117496,117519,724,718,160,0,AT_PRICE,NEUTRAL,1.008357,0.488529,0.916667,46,0,2,,0,0,
646,ZONE_CREATED,130350,2026-05-18T11:08:33.340,31,32,293,116843,116882,962,799,700,0,OFF_PRICE,LONG,1.204005,0.780844,0.925,71.49,72,1,,0,0,
647,FIRST_TOUCH,130369,2026-05-18T11:10:02.992,31,32,293,116843,116882,962,,0,1,first_touch,LONG,1.204005,0.780844,0.925,71.49,72,1,,0,0,
648,ZONE_INVALIDATED,130490,2026-05-18T11:18:21.956,31,32,293,116843,116882,962,,0,10,close_through_down,LONG,1.204005,0.780844,0.925,71.49,72,1,130369,32,11,AMBIGUOUS
649,ZONE_CREATED,131280,2026-05-18T12:10:42.416,31,34,294,116038,116081,983,833,524,0,OFF_PRICE,LONG,1.180072,0.772799,0.954545,70.26,57,1,,0,0,
650,FIRST_TOUCH,131354,2026-05-18T12:18:45.620,31,34,294,116038,116081,983,,0,1,first_touch,LONG,1.180072,0.772799,0.954545,70.26,57,1,,0,0,
651,ZONE_INVALIDATED,131359,2026-05-18T12:19:20.536,31,34,294,116038,116081,983,,0,6,close_through_down,LONG,1.180072,0.772799,0.954545,70.26,57,1,131354,37,9,AMBIGUOUS
652,AT_PRICE_CREATED,131830,2026-05-18T13:13:03.264,31,36,295,116040,116076,885,885,378,0,AT_PRICE,NEUTRAL,1,0.687646,0.864865,41.31,0,1,,0,0,
653,ZONE_CREATED,131970,2026-05-18T13:26:56.028,31,36,296,115684,115709,1009,885,378,0,OFF_PRICE,SHORT,1.140113,0.703626,0.961538,67.56,13,1,,0,0,
654,FIRST_TOUCH,131977,2026-05-18T13:27:18.428,31,36,296,115684,115709,1009,,0,1,first_touch,SHORT,1.140113,0.703626,0.961538,67.56,13,1,,0,0,
655,ZONE_INVALIDATED,131981,2026-05-18T13:27:32.820,31,36,296,115684,115709,1009,,0,5,close_through_up,SHORT,1.140113,0.703626,0.961538,67.56,13,1,131977,34,6,TARGET
656,ZONE_CREATED,131990,2026-05-18T13:28:04.228,31,36,297,115679,115722,969,885,378,0,OFF_PRICE,SHORT,1.094915,0.765403,0.954545,67.63,58,2,,0,0,
657,FIRST_TOUCH,132089,2026-05-18T13:33:14.600,31,36,297,115679,115722,969,,0,1,first_touch,SHORT,1.094915,0.765403,0.954545,67.63,58,2,,0,0,
658,ZONE_INVALIDATED,132091,2026-05-18T13:33:24.024,31,36,297,115679,115722,969,,0,3,close_through_up,SHORT,1.094915,0.765403,0.954545,67.63,58,2,132089,31,14,AMBIGUOUS
659,ZONE_CREATED,132890,2026-05-18T15:27:41.524,31,40,298,115356,115377,954,880,335,0,OFF_PRICE,LONG,1.084091,0.65567,0.954545,63.54,17,1,,0,0,
660,FIRST_TOUCH,133002,2026-05-18T15:41:58.280,31,40,298,115356,115377,954,,0,1,first_touch,LONG,1.084091,0.65567,0.954545,63.54,17,1,,0,0,
661,ZONE_INVALIDATED,133049,2026-05-18T15:49:42.724,31,40,298,115356,115377,954,,0,5,close_through_down,LONG,1.084091,0.65567,0.954545,63.54,17,1,133002,14,4,TARGET
662,AT_PRICE_CREATED,133610,2026-05-18T16:37:37.768,31,43,299,115949,115965,1048,988,568,0,AT_PRICE,NEUTRAL,1.060729,0.809266,1,47.58,0,1,,0,0,
663,ZONE_CREATED,135486,2026-05-19T10:33:17.084,32,31,300,115969,115993,983,855,1048,0,OFF_PRICE,SHORT,1.149708,0.750382,0.96,65.71,10,1,,0,0,
664,FIRST_TOUCH,135487,2026-05-19T10:33:20.696,32,31,300,115969,115993,983,,0,1,first_touch,SHORT,1.149708,0.750382,0.96,65.71,10,1,,0,0,
665,ZONE_INVALIDATED,135555,2026-05-19T10:36:02.936,32,31,300,115969,115993,983,,0,5,close_through_up,SHORT,1.149708,0.750382,0.96,65.71,10,1,135487,10,23,STOP
666,ZONE_CREATED,136176,2026-05-19T11:04:34.740,32,32,301,115504,115543,880,799,717,0,OFF_PRICE,LONG,1.101377,0.713706,0.925,64.3,18,1,,0,0,
667,FIRST_TOUCH,136177,2026-05-19T11:04:35.148,32,32,301,115504,115543,880,,0,1,first_touch,LONG,1.101377,0.713706,0.925,64.3,18,1,,0,0,
668,ZONE_INVALIDATED,136209,2026-05-19T11:05:41.576,32,32,301,115504,115543,880,,0,6,close_through_down,LONG,1.101377,0.713706,0.925,64.3,18,1,136177,38,5,TARGET
669,AT_PRICE_CREATED,136896,2026-05-19T11:39:49.824,32,33,302,115042,115074,941,905,626,0,AT_PRICE,NEUTRAL,1.039779,0.738619,0.939394,45.21,0,1,,0,0,
670,ZONE_CREATED,137206,2026-05-19T12:06:47.044,32,34,303,115121,115158,877,834,522,0,OFF_PRICE,LONG,1.051559,0.664394,0.894737,60.36,46,1,,0,0,
671,FIRST_TOUCH,137210,2026-05-19T12:07:18.632,32,34,303,115121,115158,877,,0,1,first_touch,LONG,1.051559,0.664394,0.894737,60.36,46,1,,0,0,
672,ZONE_INVALIDATED,137211,2026-05-19T12:07:22.264,32,34,303,115121,115158,877,,0,2,close_through_down,LONG,1.051559,0.664394,0.894737,60.36,46,1,137210,9,28,STOP
673,ZONE_CREATED,137346,2026-05-19T12:22:26.744,32,34,304,115235,115262,895,834,522,0,OFF_PRICE,LONG,1.073141,0.686876,1,53.45,4,1,,0,0,
674,FIRST_TOUCH,137347,2026-05-19T12:22:37.268,32,34,304,115235,115262,895,,0,1,first_touch,LONG,1.073141,0.686876,1,53.45,4,1,,0,0,
675,ZONE_INVALIDATED,137347,2026-05-19T12:22:37.268,32,34,304,115235,115262,895,,0,1,close_through_down,LONG,1.073141,0.686876,1,53.45,4,1,137347,6,62,STOP
676,AT_PRICE_CREATED,137996,2026-05-19T13:46:25.380,32,37,305,115958,115975,958,807,360,0,AT_PRICE,NEUTRAL,1.187113,0.73749,1,56.43,0,1,,0,0,
677,ZONE_CREATED,138066,2026-05-19T13:56:15.816,32,37,306,116079,116100,885,807,360,0,OFF_PRICE,SHORT,1.096654,0.690867,1,55.1,4,1,,0,0,
678,FIRST_TOUCH,138068,2026-05-19T13:56:36.972,32,37,306,116079,116100,885,,0,1,first_touch,SHORT,1.096654,0.690867,1,55.1,4,1,,0,0,
679,ZONE_INVALIDATED,138073,2026-05-19T13:57:24.096,32,37,306,116079,116100,885,,0,4,close_through_up,SHORT,1.096654,0.690867,1,55.1,4,1,138068,24,1,TARGET
680,AT_PRICE_CREATED,138146,2026-05-19T14:06:37.688,32,38,307,116233,116246,962,874,406,0,AT_PRICE,NEUTRAL,1.100686,0.701678,0.928571,49.31,0,1,,0,0,
681,AT_PRICE_CREATED,140713,2026-05-20T10:36:59.528,33,31,308,116211,116245,937,855,1081,0,AT_PRICE,NEUTRAL,1.095906,0.740126,1,50.05,0,1,,0,0,
682,ZONE_CREATED,140903,2026-05-20T10:45:38.784,33,31,309,116602,116632,922,855,1081,0,OFF_PRICE,SHORT,1.078363,0.732327,0.935484,62.85,46,1,,0,0,
683,FIRST_TOUCH,140915,2026-05-20T10:46:11.340,33,31,309,116602,116632,922,,0,1,first_touch,SHORT,1.078363,0.732327,0.935484,62.85,46,1,,0,0,
684,ZONE_INVALIDATED,140920,2026-05-20T10:46:26.164,33,31,309,116602,116632,922,,0,6,close_through_up,SHORT,1.078363,0.732327,0.935484,62.85,46,1,140915,27,0,TARGET
685,ZONE_CREATED,141263,2026-05-20T11:09:18.944,33,32,310,116376,116399,1028,789,755,0,OFF_PRICE,LONG,1.302915,0.736918,0.916667,64.54,1,1,,0,0,
686,FIRST_TOUCH,141264,2026-05-20T11:09:27.788,33,32,310,116376,116399,1028,,0,1,first_touch,LONG,1.302915,0.736918,0.916667,64.54,1,1,,0,0,
687,ZONE_INVALIDATED,141264,2026-05-20T11:09:27.788,33,32,310,116376,116399,1028,,0,1,close_through_down,LONG,1.302915,0.736918,0.916667,64.54,1,1,141264,4,30,STOP
688,ZONE_CREATED,141493,2026-05-20T11:19:37.572,33,32,311,116679,116709,888,789,755,0,OFF_PRICE,LONG,1.125475,0.683603,0.967742,66.63,20,1,,0,0,
689,FIRST_TOUCH,141494,2026-05-20T11:19:40.728,33,32,311,116679,116709,888,,0,1,first_touch,LONG,1.125475,0.683603,0.967742,66.63,20,1,,0,0,
690,ZONE_INVALIDATED,141498,2026-05-20T11:19:57.048,33,32,311,116679,116709,888,,0,5,close_through_down,LONG,1.125475,0.683603,0.967742,66.63,20,1,141494,18,32,AMBIGUOUS
691,ZONE_CREATED,141523,2026-05-20T11:21:05.820,33,32,312,116774,116816,838,789,755,0,OFF_PRICE,SHORT,1.062104,0.622123,0.837209,60.24,94,1,,0,0,
692,FIRST_TOUCH,141528,2026-05-20T11:21:29.964,33,32,312,116774,116816,838,,0,1,first_touch,SHORT,1.062104,0.622123,0.837209,60.24,94,1,,0,0,
693,ZONE_INVALIDATED,141531,2026-05-20T11:21:41.056,33,32,312,116774,116816,838,,0,4,close_through_up,SHORT,1.062104,0.622123,0.837209,60.24,94,1,141528,29,16,AMBIGUOUS
694,AT_PRICE_CREATED,142043,2026-05-20T12:11:08.920,33,34,313,117015,117039,911,839,510,0,AT_PRICE,NEUTRAL,1.085816,0.715632,0.88,47.54,0,1,,0,0,
695,ZONE_CREATED,142183,2026-05-20T12:18:13.328,33,34,314,117224,117255,863,839,510,0,OFF_PRICE,SHORT,1.028605,0.581536,0.875,58.46,51,1,,0,0,
696,FIRST_TOUCH,142188,2026-05-20T12:18:24.068,33,34,314,117224,117255,863,,0,1,first_touch,SHORT,1.028605,0.581536,0.875,58.46,51,1,,0,0,
697,ZONE_INVALIDATED,142198,2026-05-20T12:19:20.980,33,34,314,117224,117255,863,,0,8,close_through_up,SHORT,1.028605,0.581536,0.875,58.46,51,1,142188,32,5,TARGET
698,ZONE_CREATED,143743,2026-05-20T17:00:00.256,33,43,315,117566,117579,1022,979,563,0,OFF_PRICE,LONG,1.043922,0.670164,0.857143,45.52,1,1,,0,0,
699,FIRST_TOUCH,143744,2026-05-20T17:00:00.356,33,43,315,117566,117579,1022,,0,1,first_touch,LONG,1.043922,0.670164,0.857143,45.52,1,1,,0,0,
700,ZONE_INVALIDATED,143746,2026-05-20T17:00:01.236,33,43,315,117566,117579,1022,,0,3,close_through_down,LONG,1.043922,0.670164,0.857143,45.52,1,1,143744,9,16,STOP
701,AT_PRICE_CREATED,143783,2026-05-20T17:04:40.284,33,44,316,117414,117448,1033,973,246,0,AT_PRICE,NEUTRAL,1.061665,0.698917,0.971429,47.22,0,1,,0,0,
702,ZONE_CREATED,144891,2026-05-21T09:43:55.024,34,29,317,116920,116960,948,752,173,0,OFF_PRICE,SHORT,1.260638,0.701183,0.97561,76.21,36,1,,0,0,
703,FIRST_TOUCH,144892,2026-05-21T09:44:01.496,34,29,317,116920,116960,948,,0,1,first_touch,SHORT,1.260638,0.701183,0.97561,76.21,36,1,,0,0,
704,ZONE_INVALIDATED,144904,2026-05-21T09:49:20.108,34,29,317,116920,116960,948,,0,12,close_through_up,SHORT,1.260638,0.701183,0.97561,76.21,36,1,144892,35,6,TARGET
705,AT_PRICE_CREATED,145071,2026-05-21T10:30:11.524,34,31,318,116871,116904,984,855,1109,0,AT_PRICE,NEUTRAL,1.150877,0.740406,0.970588,53.45,0,1,,0,0,
706,AT_PRICE_CREATED,145451,2026-05-21T10:51:12.988,34,31,319,116880,116915,995,855,1109,0,AT_PRICE,NEUTRAL,1.163743,0.769528,1,54.8,0,1,,0,0,
707,ZONE_CREATED,145681,2026-05-21T11:02:31.160,34,32,320,117298,117324,852,799,768,0,OFF_PRICE,LONG,1.066333,0.655385,1,57.98,8,1,,0,0,
708,FIRST_TOUCH,145682,2026-05-21T11:02:35.708,34,32,320,117298,117324,852,,0,1,first_touch,LONG,1.066333,0.655385,1,57.98,8,1,,0,0,
709,ZONE_INVALIDATED,145685,2026-05-21T11:02:50.712,34,32,320,117298,117324,852,,0,4,close_through_down,LONG,1.066333,0.655385,1,57.98,8,1,145682,11,15,STOP
710,ZONE_CREATED,145831,2026-05-21T11:14:53.056,34,32,321,117027,117072,810,799,768,0,OFF_PRICE,LONG,1.013767,0.651649,0.934783,58.32,115,1,,0,0,
711,FIRST_TOUCH,145836,2026-05-21T11:14:55.132,34,32,321,117027,117072,810,,0,1,first_touch,LONG,1.013767,0.651649,0.934783,58.32,115,1,,0,0,
712,ZONE_INVALIDATED,145846,2026-05-21T11:15:16.460,34,32,321,117027,117072,810,,0,9,close_through_down,LONG,1.013767,0.651649,0.934783,58.32,115,1,145836,79,4,TARGET
713,ZONE_CREATED,146481,2026-05-21T12:08:00.860,34,34,322,116656,116676,895,863,520,0,OFF_PRICE,SHORT,1.03708,0.592323,0.952381,60.21,22,1,,0,0,
714,FIRST_TOUCH,146482,2026-05-21T12:08:06.568,34,34,322,116656,116676,895,,0,1,first_touch,SHORT,1.03708,0.592323,0.952381,60.21,22,1,,0,0,
715,ZONE_INVALIDATED,146500,2026-05-21T12:09:37.836,34,34,322,116656,116676,895,,0,7,close_through_up,SHORT,1.03708,0.592323,0.952381,60.21,22,1,146482,25,4,TARGET
716,ZONE_CREATED,147381,2026-05-21T14:20:11.872,34,38,323,117633,117661,911,851,392,0,OFF_PRICE,LONG,1.070505,0.706202,1,63.27,38,1,,0,0,
717,FIRST_TOUCH,147383,2026-05-21T14:20:20.228,34,38,323,117633,117661,911,,0,1,first_touch,LONG,1.070505,0.706202,1,63.27,38,1,,0,0,
718,ZONE_INVALIDATED,147442,2026-05-21T14:23:22.056,34,38,323,117633,117661,911,,0,6,close_through_down,LONG,1.070505,0.706202,1,63.27,38,1,147383,29,6,TARGET
719,AT_PRICE_CREATED,147741,2026-05-21T15:04:58.180,34,40,324,117870,117909,1042,937,341,0,AT_PRICE,NEUTRAL,1.11206,0.732771,0.975,50.8,0,1,,0,0,
720,ZONE_CREATED,148673,2026-05-21T20:14:26.504,35,2,325,118151,118172,818,805,52,0,OFF_PRICE,LONG,1.016149,0.625861,0.909091,58.1,19,1,,0,0,
721,FIRST_TOUCH,148674,2026-05-21T20:16:25.624,35,2,325,118151,118172,818,,0,1,first_touch,LONG,1.016149,0.625861,0.909091,58.1,19,1,,0,0,
722,ZONE_INVALIDATED,148679,2026-05-21T20:31:32.308,35,2,325,118151,118172,818,,0,6,close_through_down,LONG,1.016149,0.625861,0.909091,58.1,19,1,148674,24,8,AMBIGUOUS
723,ZONE_CREATED,148693,2026-05-21T20:51:19.176,35,3,326,118183,118216,743,720,53,0,OFF_PRICE,LONG,1.031944,0.448401,0.941176,63.02,75,2,,0,0,
724,FIRST_TOUCH,148698,2026-05-21T20:55:01.908,35,3,326,118183,118216,743,,0,1,first_touch,LONG,1.031944,0.448401,0.941176,63.02,75,2,,0,0,
725,ZONE_INVALIDATED,148703,2026-05-21T21:00:33.908,35,3,326,118183,118216,743,,0,6,close_through_down,LONG,1.031944,0.448401,0.941176,63.02,75,2,148698,33,25,AMBIGUOUS
726,ZONE_CREATED,149093,2026-05-22T05:34:52.484,35,21,327,118498,118533,923,632,64,0,OFF_PRICE,SHORT,1.460443,0.681684,1,90.56,146,1,,0,0,
727,ZONE_CREATED,149393,2026-05-22T09:51:13.132,35,29,328,118274,118292,809,752,173,0,OFF_PRICE,SHORT,1.075798,0.601935,0.947368,62.85,24,1,,0,0,
728,FIRST_TOUCH,149394,2026-05-22T09:52:05.008,35,29,328,118274,118292,809,,0,1,first_touch,SHORT,1.075798,0.601935,0.947368,62.85,24,1,,0,0,
729,ZONE_INVALIDATED,149395,2026-05-22T09:52:42.996,35,29,328,118274,118292,809,,0,2,close_through_up,SHORT,1.075798,0.601935,0.947368,62.85,24,1,149394,24,16,AMBIGUOUS
730,AT_PRICE_CREATED,149403,2026-05-22T09:58:07.272,35,29,329,118308,118328,782,752,173,0,AT_PRICE,NEUTRAL,1.039894,0.595583,1,49.46,0,2,,0,0,
731,FIRST_TOUCH,149572,2026-05-22T10:31:00.804,35,21,327,118498,118533,923,,0,1,first_touch,SHORT,1.460443,0.681684,1,90.56,146,1,,0,0,
732,ZONE_INVALIDATED,149581,2026-05-22T10:31:12.984,35,21,327,118498,118533,923,,0,7,close_through_up,SHORT,1.460443,0.681684,1,90.56,146,1,149572,23,0,TARGET
733,ZONE_CREATED,149813,2026-05-22T10:42:36.136,35,31,330,118603,118628,891,887,1130,0,OFF_PRICE,SHORT,1.00451,0.660979,0.961538,56.82,11,1,,0,0,
734,FIRST_TOUCH,149838,2026-05-22T10:43:39.164,35,31,330,118603,118628,891,,0,1,first_touch,SHORT,1.00451,0.660979,0.961538,56.82,11,1,,0,0,
735,ZONE_INVALIDATED,149844,2026-05-22T10:44:09.612,35,31,330,118603,118628,891,,0,7,close_through_up,SHORT,1.00451,0.660979,0.961538,56.82,11,1,149838,21,0,TARGET
736,ZONE_CREATED,150213,2026-05-22T11:12:40.336,35,32,331,118297,118320,897,838,784,0,OFF_PRICE,LONG,1.070406,0.708531,1,60.76,10,1,,0,0,
737,FIRST_TOUCH,150216,2026-05-22T11:13:02.396,35,32,331,118297,118320,897,,0,1,first_touch,LONG,1.070406,0.708531,1,60.76,10,1,,0,0,
738,ZONE_INVALIDATED,150218,2026-05-22T11:13:14.460,35,32,331,118297,118320,897,,0,3,close_through_down,LONG,1.070406,0.708531,1,60.76,10,1,150216,13,25,AMBIGUOUS
739,ZONE_CREATED,151773,2026-05-22T15:43:39.536,35,41,332,118670,118692,1107,847,313,0,OFF_PRICE,LONG,1.306966,0.813373,0.913043,67.27,3,1,,0,0,
740,FIRST_TOUCH,151774,2026-05-22T15:43:54.100,35,41,332,118670,118692,1107,,0,1,first_touch,LONG,1.306966,0.813373,0.913043,67.27,3,1,,0,0,
741,ZONE_INVALIDATED,151776,2026-05-22T15:44:47.276,35,41,332,118670,118692,1107,,0,3,close_through_down,LONG,1.306966,0.813373,0.913043,67.27,3,1,151774,5,18,STOP
742,AT_PRICE_CREATED,153657,2026-05-26T00:34:01.372,37,11,333,119280,119304,695,643,33,0,AT_PRICE,NEUTRAL,1.080871,0.553785,0.92,47.79,0,1,,0,0,
743,ZONE_CREATED,155587,2026-05-26T12:18:21.696,37,34,334,120000,120016,1037,863,513,0,OFF_PRICE,LONG,1.201622,0.683586,1,72.45,33,1,,0,0,
744,FIRST_TOUCH,155590,2026-05-26T12:18:42.220,37,34,334,120000,120016,1037,,0,1,first_touch,LONG,1.201622,0.683586,1,72.45,33,1,,0,0,
745,ZONE_INVALIDATED,155612,2026-05-26T12:21:20.200,37,34,334,120000,120016,1037,,0,7,close_through_down,LONG,1.201622,0.683586,1,72.45,33,1,155590,22,9,AMBIGUOUS
746,ZONE_CREATED,155637,2026-05-26T12:24:36.252,37,34,335,119990,120008,1015,863,513,0,OFF_PRICE,LONG,1.17613,0.753526,1,74,21,2,,0,0,
747,FIRST_TOUCH,155665,2026-05-26T12:27:45.292,37,34,335,119990,120008,1015,,0,1,first_touch,LONG,1.17613,0.753526,1,74,21,2,,0,0,
748,ZONE_INVALIDATED,155680,2026-05-26T12:29:34.648,37,34,335,119990,120008,1015,,0,7,close_through_down,LONG,1.17613,0.753526,1,74,21,2,155665,15,1,TARGET
749,ZONE_CREATED,156057,2026-05-26T13:08:10.648,37,36,336,119800,119828,957,885,388,0,OFF_PRICE,SHORT,1.081356,0.727204,0.931034,62.99,35,1,,0,0,
750,FIRST_TOUCH,156086,2026-05-26T13:12:32.732,37,36,336,119800,119828,957,,0,1,first_touch,SHORT,1.081356,0.727204,0.931034,62.99,35,1,,0,0,
751,ZONE_INVALIDATED,156140,2026-05-26T13:22:05.708,37,36,336,119800,119828,957,,0,24,close_through_up,SHORT,1.081356,0.727204,0.931034,62.99,35,1,156086,15,11,AMBIGUOUS
752,ZONE_CREATED,156277,2026-05-26T13:45:04.476,37,37,337,119856,119876,1001,779,355,0,OFF_PRICE,SHORT,1.284981,0.772377,0.952381,77.57,16,1,,0,0,
753,FIRST_TOUCH,156279,2026-05-26T13:45:18.112,37,37,337,119856,119876,1001,,0,1,first_touch,SHORT,1.284981,0.772377,0.952381,77.57,16,1,,0,0,
754,ZONE_INVALIDATED,156281,2026-05-26T13:45:32.632,37,37,337,119856,119876,1001,,0,3,close_through_up,SHORT,1.284981,0.772377,0.952381,77.57,16,1,156279,23,11,AMBIGUOUS
755,ZONE_CREATED,156787,2026-05-26T15:32:29.564,37,41,338,120219,120229,858,850,308,0,OFF_PRICE,SHORT,1.009412,0.666149,1,48.99,4,1,,0,0,
756,FIRST_TOUCH,156793,2026-05-26T15:33:29.876,37,41,338,120219,120229,858,,0,1,first_touch,SHORT,1.009412,0.666149,1,48.99,4,1,,0,0,
757,ZONE_INVALIDATED,156793,2026-05-26T15:33:29.876,37,41,338,120219,120229,858,,0,1,close_through_up,SHORT,1.009412,0.666149,1,48.99,4,1,156793,9,11,STOP
758,AT_PRICE_CREATED,156887,2026-05-26T15:55:19.384,37,41,339,120138,120158,996,850,308,0,AT_PRICE,NEUTRAL,1.171765,0.791733,0.952381,54.64,0,1,,0,0,
759,ZONE_CREATED,157367,2026-05-26T17:05:00.168,37,44,340,120271,120281,975,815,236,0,OFF_PRICE,SHORT,1.196319,0.680391,1,72.08,20,1,,0,0,
760,FIRST_TOUCH,157369,2026-05-26T17:05:21.208,37,44,340,120271,120281,975,,0,1,first_touch,SHORT,1.196319,0.680391,1,72.08,20,1,,0,0,
761,ZONE_INVALIDATED,157370,2026-05-26T17:05:21.464,37,44,340,120271,120281,975,,0,2,close_through_up,SHORT,1.196319,0.680391,1,72.08,20,1,157369,15,4,TARGET
762,ZONE_CREATED,157536,2026-05-26T21:06:23.724,38,4,341,120390,120424,967,912,104,0,OFF_PRICE,LONG,1.060307,0.733131,0.857143,60.41,24,1,,0,0,
763,FIRST_TOUCH,157537,2026-05-26T21:06:24.092,38,4,341,120390,120424,967,,0,1,first_touch,LONG,1.060307,0.733131,0.857143,60.41,24,1,,0,0,
764,ZONE_INVALIDATED,157547,2026-05-26T21:15:53.528,38,4,341,120390,120424,967,,0,9,close_through_down,LONG,1.060307,0.733131,0.857143,60.41,24,1,157537,36,5,TARGET
765,AT_PRICE_CREATED,157666,2026-05-26T23:03:47.720,38,8,342,120490,120514,797,777,58,0,AT_PRICE,NEUTRAL,1.02574,0.60747,0.96,44.54,0,1,,0,0,
766,AT_PRICE_CREATED,158496,2026-05-27T10:28:59.148,38,30,343,120759,120793,1143,786,205,0,AT_PRICE,NEUTRAL,1.454198,0.863293,1,75.13,0,1,,0,0,
767,AT_PRICE_CREATED,158556,2026-05-27T10:30:33.680,38,31,344,120592,120615,995,858,1097,0,AT_PRICE,NEUTRAL,1.159674,0.772516,0.958333,53.89,0,1,,0,0,
768,ZONE_CREATED,158856,2026-05-27T10:41:17.980,38,31,345,120200,120201,914,858,1097,0,OFF_PRICE,SHORT,1.065268,0.425512,1,62.9,51,1,,0,0,
769,AT_PRICE_CREATED,158876,2026-05-27T10:42:00.036,38,31,346,120104,120128,964,858,1097,0,AT_PRICE,NEUTRAL,1.123543,0.726998,0.96,51.38,0,1,,0,0,
770,FIRST_TOUCH,158884,2026-05-27T10:42:20.000,38,31,345,120200,120201,914,,0,1,first_touch,SHORT,1.065268,0.425512,1,62.9,51,1,,0,0,
771,ZONE_INVALIDATED,158885,2026-05-27T10:42:21.452,38,31,345,120200,120201,914,,0,2,close_through_up,SHORT,1.065268,0.425512,1,62.9,51,1,158884,49,2,TARGET
772,ZONE_CREATED,158996,2026-05-27T10:46:06.244,38,31,347,120088,120116,1099,858,1097,0,OFF_PRICE,SHORT,1.280886,0.777228,0.931034,80.29,47,2,,0,0,
773,FIRST_TOUCH,159113,2026-05-27T10:50:43.456,38,31,347,120088,120116,1099,,0,1,first_touch,SHORT,1.280886,0.777228,0.931034,80.29,47,2,,0,0,
774,ZONE_INVALIDATED,159117,2026-05-27T10:50:52.748,38,31,347,120088,120116,1099,,0,5,close_through_up,SHORT,1.280886,0.777228,0.931034,80.29,47,2,159113,17,12,AMBIGUOUS
775,AT_PRICE_CREATED,159306,2026-05-27T11:00:09.556,38,32,348,120234,120253,923,838,770,0,AT_PRICE,NEUTRAL,1.101432,0.668841,0.85,48.18,0,1,,0,0,
776,ZONE_CREATED,159346,2026-05-27T11:02:09.256,38,32,349,120286,120324,872,838,770,0,OFF_PRICE,SHORT,1.040573,0.704931,0.897436,59.63,44,1,,0,0,
777,FIRST_TOUCH,159350,2026-05-27T11:02:26.664,38,32,349,120286,120324,872,,0,1,first_touch,SHORT,1.040573,0.704931,0.897436,59.63,44,1,,0,0,
778,ZONE_INVALIDATED,159351,2026-05-27T11:02:28.796,38,32,349,120286,120324,872,,0,2,close_through_up,SHORT,1.040573,0.704931,0.897436,59.63,44,1,159350,9,30,STOP
779,ZONE_CREATED,159396,2026-05-27T11:05:22.712,38,32,350,120329,120362,931,838,770,0,OFF_PRICE,SHORT,1.110979,0.746592,0.941176,65.22,50,1,,0,0,
780,ZONE_CREATED,159416,2026-05-27T11:07:03.316,38,32,351,120272,120292,861,838,770,0,OFF_PRICE,LONG,1.027446,0.653759,0.952381,56.21,4,3,,0,0,
781,FIRST_TOUCH,159417,2026-05-27T11:07:06.536,38,32,351,120272,120292,861,,0,1,first_touch,LONG,1.027446,0.653759,0.952381,56.21,4,3,,0,0,
782,ZONE_INVALIDATED,159418,2026-05-27T11:07:11.348,38,32,351,120272,120292,861,,0,2,close_through_down,LONG,1.027446,0.653759,0.952381,56.21,4,3,159417,9,23,STOP
783,ZONE_CREATED,159466,2026-05-27T11:08:57.604,38,32,352,120039,120042,1187,838,770,0,OFF_PRICE,SHORT,1.416468,0.539545,1,87.49,24,1,,0,0,
784,FIRST_TOUCH,159468,2026-05-27T11:09:02.792,38,32,352,120039,120042,1187,,0,1,first_touch,SHORT,1.416468,0.539545,1,87.49,24,1,,0,0,
785,ZONE_INVALIDATED,159468,2026-05-27T11:09:02.792,38,32,352,120039,120042,1187,,0,1,close_through_up,SHORT,1.416468,0.539545,1,87.49,24,1,159468,22,18,AMBIGUOUS
786,ZONE_CREATED,159596,2026-05-27T11:17:39.548,38,32,353,120200,120221,956,838,770,0,OFF_PRICE,SHORT,1.140811,0.7226,0.954545,62.51,8,1,,0,0,
787,FIRST_TOUCH,159597,2026-05-27T11:17:46.608,38,32,353,120200,120221,956,,0,1,first_touch,SHORT,1.140811,0.7226,0.954545,62.51,8,1,,0,0,
788,AT_PRICE_CREATED,159956,2026-05-27T11:36:09.148,38,33,354,119806,119830,912,908,591,0,AT_PRICE,NEUTRAL,1.004405,0.738462,1,43.64,0,1,,0,0,
789,AT_PRICE_CREATED,161376,2026-05-27T14:41:50.932,38,39,355,119843,119867,985,835,292,0,AT_PRICE,NEUTRAL,1.179641,0.773763,0.96,55.31,0,1,,0,0,
790,ZONE_INVALIDATED,161603,2026-05-27T15:30:03.944,38,32,353,120200,120221,956,,0,16,close_through_up,SHORT,1.140811,0.7226,0.954545,62.51,8,1,159597,30,5,TARGET
791,ZONE_CREATED,161666,2026-05-27T15:43:00.028,38,41,356,120159,120180,1142,854,310,0,OFF_PRICE,LONG,1.337237,0.796374,1,81.94,28,1,,0,0,
792,ZONE_CREATED,161676,2026-05-27T15:44:49.340,38,41,357,120205,120215,1029,854,310,0,OFF_PRICE,SHORT,1.204918,0.650032,0.818182,66.2,9,1,,0,0,
793,FIRST_TOUCH,161680,2026-05-27T15:46:08.608,38,41,357,120205,120215,1029,,0,1,first_touch,SHORT,1.204918,0.650032,0.818182,66.2,9,1,,0,0,
794,FIRST_TOUCH,161690,2026-05-27T15:49:03.604,38,41,356,120159,120180,1142,,0,1,first_touch,LONG,1.337237,0.796374,1,81.94,28,1,,0,0,
795,ZONE_INVALIDATED,161694,2026-05-27T15:49:57.536,38,41,356,120159,120180,1142,,0,5,close_through_down,LONG,1.337237,0.796374,1,81.94,28,1,161690,24,2,TARGET
796,ZONE_INVALIDATED,161753,2026-05-27T16:03:36.432,38,41,357,120205,120215,1029,,0,21,close_through_up,SHORT,1.204918,0.650032,0.818182,66.2,9,1,161680,18,7,TARGET
797,ZONE_CREATED,162076,2026-05-27T16:59:57.476,38,43,358,120179,120185,994,955,536,0,OFF_PRICE,SHORT,1.040838,0.737936,1,59.94,11,1,,0,0,
798,FIRST_TOUCH,162078,2026-05-27T16:59:58.096,38,43,358,120179,120185,994,,0,1,first_touch,SHORT,1.040838,0.737936,1,59.94,11,1,,0,0,
799,ZONE_INVALIDATED,162079,2026-05-27T16:59:58.312,38,43,358,120179,120185,994,,0,2,close_through_up,SHORT,1.040838,0.737936,1,59.94,11,1,162078,6,12,STOP
800,FIRST_TOUCH,162148,2026-05-27T17:16:20.036,38,32,350,120329,120362,931,,0,1,first_touch,SHORT,1.110979,0.746592,0.941176,65.22,50,1,,0,0,
801,ZONE_INVALIDATED,162150,2026-05-27T17:16:54.020,38,32,350,120329,120362,931,,0,3,close_through_up,SHORT,1.110979,0.746592,0.941176,65.22,50,1,162148,25,2,TARGET
802,ZONE_CREATED,162589,2026-05-28T00:32:50.464,39,11,359,119588,119614,810,695,34,0,OFF_PRICE,SHORT,1.165468,0.596905,1,69.92,51,1,,0,0,
803,ZONE_CREATED,162629,2026-05-28T00:44:15.864,39,11,360,119243,119272,812,695,34,0,OFF_PRICE,LONG,1.168345,0.623177,0.966667,68.37,11,1,,0,0,
804,FIRST_TOUCH,162630,2026-05-28T00:44:31.528,39,11,360,119243,119272,812,,0,1,first_touch,LONG,1.168345,0.623177,0.966667,68.37,11,1,,0,0,
805,ZONE_INVALIDATED,162630,2026-05-28T00:44:31.528,39,11,360,119243,119272,812,,0,1,close_through_down,LONG,1.168345,0.623177,0.966667,68.37,11,1,162630,5,60,STOP
806,ZONE_CREATED,162809,2026-05-28T02:37:43.356,39,15,361,119482,119507,693,593,44,0,OFF_PRICE,SHORT,1.168634,0.541406,0.884615,59.66,5,1,,0,0,
807,FIRST_TOUCH,162811,2026-05-28T02:39:09.004,39,15,361,119482,119507,693,,0,1,first_touch,SHORT,1.168634,0.541406,0.884615,59.66,5,1,,0,0,
808,ZONE_INVALIDATED,162812,2026-05-28T02:40:04.908,39,15,361,119482,119507,693,,0,2,close_through_up,SHORT,1.168634,0.541406,0.884615,59.66,5,1,162811,22,8,AMBIGUOUS
809,FIRST_TOUCH,162822,2026-05-28T02:51:20.776,39,11,359,119588,119614,810,,0,1,first_touch,SHORT,1.165468,0.596905,1,69.92,51,1,,0,0,
810,ZONE_INVALIDATED,162826,2026-05-28T02:54:54.524,39,11,359,119588,119614,810,,0,5,close_through_up,SHORT,1.165468,0.596905,1,69.92,51,1,162822,22,12,AMBIGUOUS
811,ZONE_CREATED,163989,2026-05-28T11:01:06.144,39,32,362,120038,120064,901,861,800,0,OFF_PRICE,SHORT,1.046458,0.708333,0.888889,59.92,21,1,,0,0,
812,ZONE_CREATED,164019,2026-05-28T11:03:11.460,39,32,363,119907,119937,902,861,800,0,OFF_PRICE,SHORT,1.047619,0.736928,0.903226,60.22,24,1,,0,0,
813,FIRST_TOUCH,164032,2026-05-28T11:04:24.380,39,32,363,119907,119937,902,,0,1,first_touch,SHORT,1.047619,0.736928,0.903226,60.22,24,1,,0,0,
814,ZONE_INVALIDATED,164034,2026-05-28T11:04:38.892,39,32,363,119907,119937,902,,0,3,close_through_up,SHORT,1.047619,0.736928,0.903226,60.22,24,1,164032,7,20,STOP
815,FIRST_TOUCH,164062,2026-05-28T11:06:51.716,39,32,362,120038,120064,901,,0,1,first_touch,SHORT,1.046458,0.708333,0.888889,59.92,21,1,,0,0,
816,ZONE_INVALIDATED,164070,2026-05-28T11:07:32.284,39,32,362,120038,120064,901,,0,9,close_through_up,SHORT,1.046458,0.708333,0.888889,59.92,21,1,164062,14,3,TARGET
817,ZONE_CREATED,164989,2026-05-28T12:27:34.836,39,34,364,121051,121064,884,881,520,0,OFF_PRICE,SHORT,1.003405,0.658718,0.928571,52.5,8,1,,0,0,
818,FIRST_TOUCH,164991,2026-05-28T12:27:49.104,39,34,364,121051,121064,884,,0,1,first_touch,SHORT,1.003405,0.658718,0.928571,52.5,8,1,,0,0,
819,ZONE_INVALIDATED,164992,2026-05-28T12:27:56.176,39,34,364,121051,121064,884,,0,2,close_through_up,SHORT,1.003405,0.658718,0.928571,52.5,8,1,164991,15,0,TARGET
820,AT_PRICE_CREATED,167190,2026-05-29T10:02:08.172,40,30,365,121368,121392,981,786,213,0,AT_PRICE,NEUTRAL,1.248092,0.768207,0.96,60.1,0,1,,0,0,
821,ZONE_CREATED,167520,2026-05-29T10:39:37.964,40,31,366,121676,121697,1104,855,1133,0,OFF_PRICE,SHORT,1.291228,0.809978,0.954545,78.04,13,1,,0,0,
822,FIRST_TOUCH,167521,2026-05-29T10:39:43.132,40,31,366,121676,121697,1104,,0,1,first_touch,SHORT,1.291228,0.809978,0.954545,78.04,13,1,,0,0,
823,ZONE_INVALIDATED,167521,2026-05-29T10:39:43.132,40,31,366,121676,121697,1104,,0,1,close_through_up,SHORT,1.291228,0.809978,0.954545,78.04,13,1,167521,2,47,STOP
824,ZONE_CREATED,168100,2026-05-29T11:19:13.440,40,32,367,121683,121708,903,880,807,0,OFF_PRICE,SHORT,1.026136,0.696222,1,60.16,49,1,,0,0,
825,FIRST_TOUCH,168121,2026-05-29T11:20:15.788,40,32,367,121683,121708,903,,0,1,first_touch,SHORT,1.026136,0.696222,1,60.16,49,1,,0,0,
826,ZONE_INVALIDATED,168123,2026-05-29T11:20:19.916,40,32,367,121683,121708,903,,0,3,close_through_up,SHORT,1.026136,0.696222,1,60.16,49,1,168121,8,18,STOP
827,ZONE_CREATED,168380,2026-05-29T11:33:28.568,40,33,368,121562,121588,912,905,598,0,OFF_PRICE,LONG,1.007735,0.687265,0.851852,56.65,58,1,,0,0,
828,FIRST_TOUCH,168419,2026-05-29T11:36:05.532,40,33,368,121562,121588,912,,0,1,first_touch,LONG,1.007735,0.687265,0.851852,56.65,58,1,,0,0,
829,ZONE_INVALIDATED,168422,2026-05-29T11:36:12.724,40,33,368,121562,121588,912,,0,3,close_through_down,LONG,1.007735,0.687265,0.851852,56.65,58,1,168419,39,2,TARGET
830,AT_PRICE_CREATED,168920,2026-05-29T12:07:09.584,40,34,369,121461,121483,987,881,514,0,AT_PRICE,NEUTRAL,1.120318,0.734922,0.913043,50.45,0,1,,0,0,
831,ZONE_CREATED,169210,2026-05-29T12:41:27.580,40,35,370,121634,121661,834,823,438,0,OFF_PRICE,SHORT,1.013366,0.644015,1,59.27,50,1,,0,0,
832,FIRST_TOUCH,169354,2026-05-29T13:04:12.940,40,35,370,121634,121661,834,,0,1,first_touch,SHORT,1.013366,0.644015,1,59.27,50,1,,0,0,
833,ZONE_INVALIDATED,169365,2026-05-29T13:07:11.340,40,35,370,121634,121661,834,,0,4,close_through_up,SHORT,1.013366,0.644015,1,59.27,50,1,169354,27,6,TARGET
834,ZONE_CREATED,169760,2026-05-29T14:25:35.600,40,38,371,121512,121530,899,826,363,0,OFF_PRICE,SHORT,1.088378,0.701795,0.947368,63.73,12,1,,0,0,
835,AT_PRICE_CREATED,169940,2026-05-29T15:00:22.920,40,40,372,121189,121207,1014,874,311,0,AT_PRICE,NEUTRAL,1.160183,0.69357,0.894737,52.97,0,1,,0,0,
836,AT_PRICE_CREATED,170000,2026-05-29T15:10:36.108,40,40,373,121388,121411,1023,874,311,0,AT_PRICE,NEUTRAL,1.170481,0.721439,1,55.27,0,1,,0,0,
837,ZONE_CREATED,170040,2026-05-29T15:18:35.804,40,40,374,121320,121340,877,874,311,0,OFF_PRICE,LONG,1.003432,0.684621,1,58.57,37,1,,0,0,
838,FIRST_TOUCH,170081,2026-05-29T15:28:00.212,40,38,371,121512,121530,899,,0,1,first_touch,SHORT,1.088378,0.701795,0.947368,63.73,12,1,,0,0,
839,ZONE_INVALIDATED,170086,2026-05-29T15:28:47.672,40,38,371,121512,121530,899,,0,6,close_through_up,SHORT,1.088378,0.701795,0.947368,63.73,12,1,170081,15,0,TARGET
840,ZONE_CREATED,170130,2026-05-29T15:37:52.900,40,41,375,121524,121541,913,869,300,0,OFF_PRICE,SHORT,1.050633,0.662554,0.888889,60.21,21,1,,0,0,
841,FIRST_TOUCH,170142,2026-05-29T15:40:21.856,40,41,375,121524,121541,913,,0,1,first_touch,SHORT,1.050633,0.662554,0.888889,60.21,21,1,,0,0,
842,ZONE_INVALIDATED,170151,2026-05-29T15:42:39.980,40,41,375,121524,121541,913,,0,10,close_through_up,SHORT,1.050633,0.662554,0.888889,60.21,21,1,170142,19,1,TARGET
843,FIRST_TOUCH,170175,2026-05-29T15:45:48.736,40,40,374,121320,121340,877,,0,1,first_touch,LONG,1.003432,0.684621,1,58.57,37,1,,0,0,
844,ZONE_INVALIDATED,170219,2026-05-29T15:51:57.392,40,40,374,121320,121340,877,,0,8,close_through_down,LONG,1.003432,0.684621,1,58.57,37,1,170175,29,2,TARGET
845,ZONE_CREATED,170760,2026-05-29T17:01:01.900,40,44,376,121597,121612,894,815,203,0,OFF_PRICE,SHORT,1.096933,0.632696,1,60.12,8,1,,0,0,
846,FIRST_TOUCH,170761,2026-05-29T17:01:05.472,40,44,376,121597,121612,894,,0,1,first_touch,SHORT,1.096933,0.632696,1,60.12,8,1,,0,0,
847,ZONE_INVALIDATED,170766,2026-05-29T17:01:43.192,40,44,376,121597,121612,894,,0,5,close_through_up,SHORT,1.096933,0.632696,1,60.12,8,1,170761,18,4,TARGET
848,ZONE_CREATED,171242,2026-06-01T02:10:06.948,41,14,377,122278,122309,948,624,42,0,OFF_PRICE,SHORT,1.519231,0.730354,0.90625,91.93,30,1,,0,0,
849,FIRST_TOUCH,171244,2026-06-01T02:12:30.580,41,14,377,122278,122309,948,,0,1,first_touch,SHORT,1.519231,0.730354,0.90625,91.93,30,1,,0,0,
850,ZONE_INVALIDATED,171265,2026-06-01T02:48:05.504,41,14,377,122278,122309,948,,0,15,close_through_up,SHORT,1.519231,0.730354,0.90625,91.93,30,1,171244,31,4,TARGET
851,ZONE_CREATED,171932,2026-06-01T10:29:30.252,41,30,378,121266,121295,1005,801,214,0,OFF_PRICE,LONG,1.254682,0.768936,0.966667,75.66,23,1,,0,0,
852,FIRST_TOUCH,171973,2026-06-01T10:30:27.236,41,30,378,121266,121295,1005,,0,1,first_touch,LONG,1.254682,0.768936,0.966667,75.66,23,1,,0,0,
853,ZONE_INVALIDATED,171975,2026-06-01T10:30:28.704,41,30,378,121266,121295,1005,,0,3,close_through_down,LONG,1.254682,0.768936,0.966667,75.66,23,1,171973,47,3,TARGET
854,ZONE_CREATED,172032,2026-06-01T10:32:03.492,41,31,379,121420,121454,872,855,1129,0,OFF_PRICE,LONG,1.019883,0.713001,0.942857,55.12,9,1,,0,0,
855,FIRST_TOUCH,172033,2026-06-01T10:32:05.184,41,31,379,121420,121454,872,,0,1,first_touch,LONG,1.019883,0.713001,0.942857,55.12,9,1,,0,0,
856,ZONE_CREATED,172112,2026-06-01T10:35:44.832,41,31,380,121580,121617,936,855,1129,0,OFF_PRICE,LONG,1.094737,0.700599,0.921053,63.78,54,1,,0,0,
857,FIRST_TOUCH,172232,2026-06-01T10:42:11.588,41,31,380,121580,121617,936,,0,1,first_touch,LONG,1.094737,0.700599,0.921053,63.78,54,1,,0,0,
858,ZONE_CREATED,172282,2026-06-01T10:46:21.972,41,31,381,121711,121745,954,855,1129,0,OFF_PRICE,LONG,1.115789,0.741835,0.914286,65.15,48,1,,0,0,
859,FIRST_TOUCH,172286,2026-06-01T10:46:40.920,41,31,381,121711,121745,954,,0,1,first_touch,LONG,1.115789,0.741835,0.914286,65.15,48,1,,0,0,
860,ZONE_INVALIDATED,172330,2026-06-01T10:49:57.756,41,31,381,121711,121745,954,,0,10,close_through_down,LONG,1.115789,0.741835,0.914286,65.15,48,1,172286,35,2,TARGET
861,ZONE_INVALIDATED,172374,2026-06-01T10:52:51.912,41,31,380,121580,121617,936,,0,11,close_through_down,LONG,1.094737,0.700599,0.921053,63.78,54,1,172232,25,1,TARGET
862,ZONE_INVALIDATED,172433,2026-06-01T10:57:00.980,41,31,379,121420,121454,872,,0,26,close_through_down,LONG,1.019883,0.713001,0.942857,55.12,9,1,172033,54,1,TARGET
863,ZONE_CREATED,172602,2026-06-01T11:06:47.296,41,32,382,121290,121307,892,888,827,0,OFF_PRICE,LONG,1.004505,0.546904,0.888889,43.23,1,1,,0,0,
864,FIRST_TOUCH,172603,2026-06-01T11:06:54.904,41,32,382,121290,121307,892,,0,1,first_touch,LONG,1.004505,0.546904,0.888889,43.23,1,1,,0,0,
865,ZONE_INVALIDATED,172603,2026-06-01T11:06:54.904,41,32,382,121290,121307,892,,0,1,close_through_down,LONG,1.004505,0.546904,0.888889,43.23,1,1,172603,6,31,STOP
866,ZONE_CREATED,172932,2026-06-01T11:34:28.536,41,33,383,121647,121670,950,900,611,0,OFF_PRICE,SHORT,1.055556,0.713749,1,62.22,26,1,,0,0,
867,FIRST_TOUCH,172934,2026-06-01T11:34:43.920,41,33,383,121647,121670,950,,0,1,first_touch,SHORT,1.055556,0.713749,1,62.22,26,1,,0,0,
868,ZONE_INVALIDATED,172936,2026-06-01T11:35:02.072,41,33,383,121647,121670,950,,0,3,close_through_up,SHORT,1.055556,0.713749,1,62.22,26,1,172934,40,9,AMBIGUOUS
869,ZONE_CREATED,174262,2026-06-01T14:44:07.560,41,39,384,122533,122561,1154,835,294,0,OFF_PRICE,LONG,1.382036,0.876234,0.965517,73.31,3,1,,0,0,
870,FIRST_TOUCH,174263,2026-06-01T14:44:10.060,41,39,384,122533,122561,1154,,0,1,first_touch,LONG,1.382036,0.876234,0.965517,73.31,3,1,,0,0,
871,ZONE_CREATED,174292,2026-06-01T14:46:08.188,41,39,385,122637,122651,1118,835,294,0,OFF_PRICE,LONG,1.338922,0.819048,1,82.06,16,1,,0,0,
872,FIRST_TOUCH,174296,2026-06-01T14:46:31.088,41,39,385,122637,122651,1118,,0,1,first_touch,LONG,1.338922,0.819048,1,82.06,16,1,,0,0,
873,ZONE_INVALIDATED,174416,2026-06-01T15:08:01.552,41,39,385,122637,122651,1118,,0,9,close_through_down,LONG,1.338922,0.819048,1,82.06,16,1,174296,16,1,TARGET
874,ZONE_INVALIDATED,174449,2026-06-01T15:13:59.872,41,39,384,122533,122561,1154,,0,9,close_through_down,LONG,1.382036,0.876234,0.965517,73.31,3,1,174263,37,3,TARGET
875,ZONE_CREATED,175392,2026-06-01T22:23:17.168,42,6,386,121554,121588,821,682,76,0,OFF_PRICE,SHORT,1.203812,0.665316,0.971429,72.17,48,1,,0,0,
876,FIRST_TOUCH,175408,2026-06-01T22:36:33.212,42,6,386,121554,121588,821,,0,1,first_touch,SHORT,1.203812,0.665316,0.971429,72.17,48,1,,0,0,
877,ZONE_INVALIDATED,175574,2026-06-02T01:28:33.812,42,6,386,121554,121588,821,,0,13,close_through_up,SHORT,1.203812,0.665316,0.971429,72.17,48,1,175408,42,0,TARGET
878,ZONE_CREATED,176142,2026-06-02T10:30:08.416,42,31,387,122217,122254,884,874,1146,0,OFF_PRICE,SHORT,1.011442,0.691165,0.973684,58.74,95,1,,0,0,
879,AT_PRICE_CREATED,176362,2026-06-02T10:40:45.124,42,31,388,121752,121770,909,874,1146,0,AT_PRICE,NEUTRAL,1.040046,0.696018,0.842105,43.77,0,1,,0,0,
880,ZONE_CREATED,176412,2026-06-02T10:43:27.036,42,31,389,121912,121933,951,874,1146,0,OFF_PRICE,SHORT,1.088101,0.706013,0.909091,59.39,9,1,,0,0,
881,FIRST_TOUCH,176414,2026-06-02T10:43:37.844,42,31,389,121912,121933,951,,0,1,first_touch,SHORT,1.088101,0.706013,0.909091,59.39,9,1,,0,0,
882,ZONE_INVALIDATED,176416,2026-06-02T10:43:46.912,42,31,389,121912,121933,951,,0,3,close_through_up,SHORT,1.088101,0.706013,0.909091,59.39,9,1,176414,10,24,STOP
883,FIRST_TOUCH,176516,2026-06-02T10:50:32.296,42,31,387,122217,122254,884,,0,1,first_touch,SHORT,1.011442,0.691165,0.973684,58.74,95,1,,0,0,
884,ZONE_INVALIDATED,176523,2026-06-02T10:50:53.048,42,31,387,122217,122254,884,,0,8,close_through_up,SHORT,1.011442,0.691165,0.973684,58.74,95,1,176516,42,3,TARGET
885,ZONE_CREATED,176642,2026-06-02T10:59:09.984,42,31,390,122359,122360,1046,874,1146,0,OFF_PRICE,LONG,1.196796,0.476104,1,72.11,19,1,,0,0,
886,FIRST_TOUCH,176644,2026-06-02T10:59:19.304,42,31,390,122359,122360,1046,,0,1,first_touch,LONG,1.196796,0.476104,1,72.11,19,1,,0,0,
887,ZONE_INVALIDATED,176645,2026-06-02T10:59:23.596,42,31,390,122359,122360,1046,,0,1,close_through_down,LONG,1.196796,0.476104,1,72.11,19,1,176644,15,13,AMBIGUOUS
888,ZONE_CREATED,176822,2026-06-02T11:13:34.836,42,32,391,122560,122580,932,892,843,0,OFF_PRICE,LONG,1.044843,0.70446,0.904762,50.04,4,1,,0,0,
889,FIRST_TOUCH,176823,2026-06-02T11:13:40.068,42,32,391,122560,122580,932,,0,1,first_touch,LONG,1.044843,0.70446,0.904762,50.04,4,1,,0,0,
890,ZONE_INVALIDATED,176830,2026-06-02T11:14:22.836,42,32,391,122560,122580,932,,0,8,close_through_down,LONG,1.044843,0.70446,0.904762,50.04,4,1,176823,8,8,STOP
891,ZONE_CREATED,177592,2026-06-02T12:49:49.068,42,35,392,122685,122704,928,823,430,0,OFF_PRICE,SHORT,1.127582,0.72956,0.95,56.51,4,1,,0,0,
892,FIRST_TOUCH,177595,2026-06-02T12:50:12.768,42,35,392,122685,122704,928,,0,1,first_touch,SHORT,1.127582,0.72956,0.95,56.51,4,1,,0,0,
893,ZONE_INVALIDATED,177603,2026-06-02T12:51:29.224,42,35,392,122685,122704,928,,0,5,close_through_up,SHORT,1.127582,0.72956,0.95,56.51,4,1,177595,15,9,AMBIGUOUS
894,ZONE_CREATED,177642,2026-06-02T12:57:02.588,42,35,393,122772,122784,1135,823,430,0,OFF_PRICE,SHORT,1.379101,0.746711,1,84.87,22,1,,0,0,
895,FIRST_TOUCH,177652,2026-06-02T12:58:30.700,42,35,393,122772,122784,1135,,0,1,first_touch,SHORT,1.379101,0.746711,1,84.87,22,1,,0,0,
896,ZONE_INVALIDATED,177653,2026-06-02T12:58:36.480,42,35,393,122772,122784,1135,,0,2,close_through_up,SHORT,1.379101,0.746711,1,84.87,22,1,177652,6,11,STOP
897,AT_PRICE_CREATED,177762,2026-06-02T13:16:35.252,42,36,394,122759,122777,901,885,371,0,AT_PRICE,NEUTRAL,1.018079,0.675412,1,47.93,0,2,,0,0,
898,ZONE_CREATED,177942,2026-06-02T13:52:38.088,42,37,395,122728,122742,958,754,351,0,OFF_PRICE,SHORT,1.270557,0.759113,1,80.61,18,2,,0,0,
899,FIRST_TOUCH,177943,2026-06-02T13:52:47.560,42,37,395,122728,122742,958,,0,1,first_touch,SHORT,1.270557,0.759113,1,80.61,18,2,,0,0,
900,ZONE_INVALIDATED,177961,2026-06-02T13:57:23.540,42,37,395,122728,122742,958,,0,8,close_through_up,SHORT,1.270557,0.759113,1,80.61,18,2,177943,17,8,AMBIGUOUS
901,AT_PRICE_CREATED,178932,2026-06-02T17:00:19.716,42,44,396,122829,122837,1114,836,203,0,AT_PRICE,NEUTRAL,1.332536,0.732895,1,66.61,0,1,,0,0,
902,AT_PRICE_CREATED,179093,2026-06-02T19:19:38.300,43,0,397,122892,122932,957,805,76,0,AT_PRICE,NEUTRAL,1.18882,0.773021,1,56.55,0,1,,0,0,
903,ZONE_CREATED,179183,2026-06-02T20:24:35.236,43,2,398,122360,122384,737,670,54,0,OFF_PRICE,LONG,1.1,0.531746,0.8,62.33,50,1,,0,0,
904,FIRST_TOUCH,179185,2026-06-02T20:24:56.516,43,2,398,122360,122384,737,,0,1,first_touch,LONG,1.1,0.531746,0.8,62.33,50,1,,0,0,
905,ZONE_INVALIDATED,179189,2026-06-02T20:25:36.296,43,2,398,122360,122384,737,,0,5,close_through_down,LONG,1.1,0.531746,0.8,62.33,50,1,179185,25,0,TARGET
906,ZONE_CREATED,179343,2026-06-02T22:01:05.464,43,6,399,122863,122895,799,792,79,0,OFF_PRICE,SHORT,1.008838,0.645396,0.969697,58.5,62,1,,0,0,
907,FIRST_TOUCH,179472,2026-06-03T01:04:57.288,43,6,399,122863,122895,799,,0,1,first_touch,SHORT,1.008838,0.645396,0.969697,58.5,62,1,,0,0,
908,ZONE_CREATED,179473,2026-06-03T01:05:51.284,43,12,400,122823,122840,976,725,41,0,OFF_PRICE,LONG,1.346207,0.569096,0.944444,81.73,37,1,,0,0,
909,ZONE_INVALIDATED,179477,2026-06-03T01:10:59.808,43,6,399,122863,122895,799,,0,6,close_through_up,SHORT,1.008838,0.645396,0.969697,58.5,62,1,179472,14,12,AMBIGUOUS
910,FIRST_TOUCH,179492,2026-06-03T01:47:45.760,43,12,400,122823,122840,976,,0,1,first_touch,LONG,1.346207,0.569096,0.944444,81.73,37,1,,0,0,
911,ZONE_INVALIDATED,179493,2026-06-03T01:48:42.264,43,12,400,122823,122840,976,,0,2,close_through_down,LONG,1.346207,0.569096,0.944444,81.73,37,1,179492,31,3,TARGET
912,AT_PRICE_CREATED,179903,2026-06-03T09:25:50.812,43,28,401,123056,123078,826,665,110,0,AT_PRICE,NEUTRAL,1.242105,0.650906,0.956522,59.63,0,1,,0,0,
913,ZONE_CREATED,179993,2026-06-03T10:07:36.700,43,30,402,122898,122925,968,806,227,0,OFF_PRICE,SHORT,1.200993,0.781906,1,72.4,19,1,,0,0,
914,FIRST_TOUCH,179995,2026-06-03T10:08:20.384,43,30,402,122898,122925,968,,0,1,first_touch,SHORT,1.200993,0.781906,1,72.4,19,1,,0,0,
915,ZONE_INVALIDATED,179997,2026-06-03T10:09:08.616,43,30,402,122898,122925,968,,0,3,close_through_up,SHORT,1.200993,0.781906,1,72.4,19,1,179995,16,12,AMBIGUOUS
916,AT_PRICE_CREATED,180043,2026-06-03T10:26:36.112,43,30,403,123000,123022,846,806,227,0,AT_PRICE,NEUTRAL,1.049628,0.655814,1,46.81,0,1,,0,0,
917,AT_PRICE_CREATED,180503,2026-06-03T10:45:50.712,43,31,404,122440,122466,975,891,1150,0,AT_PRICE,NEUTRAL,1.094276,0.749424,0.925926,48.82,0,1,,0,0,
918,ZONE_CREATED,181253,2026-06-03T11:27:01.000,43,32,405,122776,122797,896,892,839,0,OFF_PRICE,SHORT,1.004484,0.679303,0.909091,57.28,17,1,,0,0,
919,FIRST_TOUCH,181255,2026-06-03T11:27:11.452,43,32,405,122776,122797,896,,0,1,first_touch,SHORT,1.004484,0.679303,0.909091,57.28,17,1,,0,0,
920,ZONE_INVALIDATED,181270,2026-06-03T11:29:13.236,43,32,405,122776,122797,896,,0,8,close_through_up,SHORT,1.004484,0.679303,0.909091,57.28,17,1,181255,25,0,TARGET
921,AT_PRICE_CREATED,181303,2026-06-03T11:31:26.108,43,33,406,122853,122874,902,886,612,0,AT_PRICE,NEUTRAL,1.018059,0.72508,0.954545,43.92,0,1,,0,0,
922,AT_PRICE_CREATED,181703,2026-06-03T12:21:57.028,43,34,407,122636,122680,898,882,503,0,AT_PRICE,NEUTRAL,1.018141,0.695046,0.955556,43.94,0,1,,0,0,
923,AT_PRICE_CREATED,181793,2026-06-03T12:30:22.576,43,35,408,122652,122673,910,881,433,0,AT_PRICE,NEUTRAL,1.032917,0.692542,0.954545,48.29,0,2,,0,0,
924,AT_PRICE_CREATED,182273,2026-06-03T13:31:30.056,43,37,409,122248,122272,791,779,351,0,AT_PRICE,NEUTRAL,1.015404,0.603356,0.92,43.21,0,1,,0,0,
925,AT_PRICE_CREATED,182373,2026-06-03T13:44:35.964,43,37,410,122082,122095,797,779,351,0,AT_PRICE,NEUTRAL,1.023107,0.63811,1,44.95,0,1,,0,0,
926,ZONE_CREATED,182403,2026-06-03T13:48:41.212,43,37,411,122238,122260,916,779,351,0,OFF_PRICE,LONG,1.175866,0.738114,1,73.98,34,2,,0,0,
927,FIRST_TOUCH,182440,2026-06-03T13:53:38.528,43,37,411,122238,122260,916,,0,1,first_touch,LONG,1.175866,0.738114,1,73.98,34,2,,0,0,
928,ZONE_INVALIDATED,182525,2026-06-03T14:06:02.088,43,37,411,122238,122260,916,,0,9,close_through_down,LONG,1.175866,0.738114,1,73.98,34,2,182440,20,4,TARGET
929,AT_PRICE_CREATED,182613,2026-06-03T14:18:37.860,43,38,412,122127,122150,875,826,364,0,AT_PRICE,NEUTRAL,1.059322,0.696656,0.958333,46.86,0,1,,0,0,
930,ZONE_CREATED,183603,2026-06-03T17:01:10.376,43,44,413,122524,122541,1207,938,199,0,OFF_PRICE,SHORT,1.28678,0.827279,0.944444,77.57,34,1,,0,0,
931,ZONE_CREATED,184384,2026-06-04T02:34:25.512,44,15,414,121827,121860,838,693,48,0,OFF_PRICE,LONG,1.209235,0.653157,1,72.98,60,1,,0,0,
932,FIRST_TOUCH,184386,2026-06-04T02:38:29.708,44,15,414,121827,121860,838,,0,1,first_touch,LONG,1.209235,0.653157,1,72.98,60,1,,0,0,
933,ZONE_INVALIDATED,184506,2026-06-04T05:07:16.932,44,15,414,121827,121860,838,,0,9,close_through_down,LONG,1.209235,0.653157,1,72.98,60,1,184386,68,5,TARGET
934,ZONE_CREATED,184664,2026-06-04T06:16:48.948,44,22,415,121016,121048,665,548,56,0,OFF_PRICE,LONG,1.213504,0.50417,0.787879,70.1,34,1,,0,0,
935,FIRST_TOUCH,184666,2026-06-04T06:17:22.760,44,22,415,121016,121048,665,,0,1,first_touch,LONG,1.213504,0.50417,0.787879,70.1,34,1,,0,0,
936,ZONE_INVALIDATED,184669,2026-06-04T06:18:51.712,44,22,415,121016,121048,665,,0,4,close_through_down,LONG,1.213504,0.50417,0.787879,70.1,34,1,184666,39,37,AMBIGUOUS
937,AT_PRICE_CREATED,186774,2026-06-04T11:55:36.124,44,33,416,121277,121320,971,882,610,0,AT_PRICE,NEUTRAL,1.100907,0.794599,0.977273,50.06,0,1,,0,0,
938,AT_PRICE_CREATED,187364,2026-06-04T13:03:11.788,44,36,417,121660,121683,1038,885,385,0,AT_PRICE,NEUTRAL,1.172881,0.817967,0.916667,54.19,0,1,,0,0,
939,ZONE_CREATED,187494,2026-06-04T13:25:42.456,44,36,418,121919,121934,953,885,385,0,OFF_PRICE,SHORT,1.076836,0.73534,0.9375,62.77,17,1,,0,0,
940,FIRST_TOUCH,187499,2026-06-04T13:26:05.568,44,36,418,121919,121934,953,,0,1,first_touch,SHORT,1.076836,0.73534,0.9375,62.77,17,1,,0,0,
941,ZONE_INVALIDATED,187603,2026-06-04T13:43:03.168,44,36,418,121919,121934,953,,0,22,close_through_up,SHORT,1.076836,0.73534,0.9375,62.77,17,1,187499,4,14,STOP
942,ZONE_CREATED,187754,2026-06-04T14:12:37.140,44,38,419,121990,122001,886,826,371,0,OFF_PRICE,LONG,1.072639,0.712792,0.916667,55.92,7,1,,0,0,
943,FIRST_TOUCH,187755,2026-06-04T14:12:47.368,44,38,419,121990,122001,886,,0,1,first_touch,LONG,1.072639,0.712792,0.916667,55.92,7,1,,0,0,
944,ZONE_INVALIDATED,187757,2026-06-04T14:13:06.076,44,38,419,121990,122001,886,,0,3,close_through_down,LONG,1.072639,0.712792,0.916667,55.92,7,1,187755,7,11,STOP
945,AT_PRICE_CREATED,188104,2026-06-04T15:13:00.588,44,40,420,122368,122392,1150,937,317,0,AT_PRICE,NEUTRAL,1.227321,0.871212,1,59.25,0,1,,0,0,
946,AT_PRICE_CREATED,188434,2026-06-04T16:14:12.688,44,42,421,122186,122204,1046,881,328,0,AT_PRICE,NEUTRAL,1.187287,0.799083,1,56.44,0,1,,0,0,
947,ZONE_CREATED,189805,2026-06-05T04:31:15.596,45,19,422,120418,120438,621,517,55,0,OFF_PRICE,LONG,1.201161,0.498395,1,72.41,42,1,,0,0,
948,ZONE_CREATED,189935,2026-06-05T06:02:22.664,45,22,423,120633,120652,667,624,60,0,OFF_PRICE,LONG,1.06891,0.462231,0.85,60.91,19,1,,0,0,
949,FIRST_TOUCH,189936,2026-06-05T06:03:01.944,45,22,423,120633,120652,667,,0,1,first_touch,LONG,1.06891,0.462231,0.85,60.91,19,1,,0,0,
950,ZONE_INVALIDATED,189945,2026-06-05T06:10:46.016,45,22,423,120633,120652,667,,0,8,close_through_down,LONG,1.06891,0.462231,0.85,60.91,19,1,189936,32,5,TARGET
951,FIRST_TOUCH,190135,2026-06-05T09:14:38.820,45,19,422,120418,120438,621,,0,1,first_touch,LONG,1.201161,0.498395,1,72.41,42,1,,0,0,
952,ZONE_INVALIDATED,190165,2026-06-05T09:30:00.832,45,19,422,120418,120438,621,,0,4,close_through_down,LONG,1.201161,0.498395,1,72.41,42,1,190135,20,8,AMBIGUOUS
953,AT_PRICE_CREATED,190915,2026-06-05T10:46:12.344,45,31,424,119634,119657,1009,891,1196,0,AT_PRICE,NEUTRAL,1.132435,0.803344,0.916667,51.35,0,1,,0,0,
954,AT_PRICE_CREATED,191505,2026-06-05T11:09:17.572,45,32,425,119325,119345,897,888,852,0,AT_PRICE,NEUTRAL,1.010135,0.691063,0.952381,43.33,0,1,,0,0,
955,ZONE_CREATED,191775,2026-06-05T11:25:15.380,45,32,426,119456,119494,1123,888,852,0,OFF_PRICE,SHORT,1.26464,0.795326,0.974359,76.47,17,1,,0,0,
956,FIRST_TOUCH,191883,2026-06-05T11:32:28.200,45,32,426,119456,119494,1123,,0,1,first_touch,SHORT,1.26464,0.795326,0.974359,76.47,17,1,,0,0,
957,ZONE_INVALIDATED,191895,2026-06-05T11:33:24.456,45,32,426,119456,119494,1123,,0,11,close_through_up,SHORT,1.26464,0.795326,0.974359,76.47,17,1,191883,28,8,AMBIGUOUS
958,AT_PRICE_CREATED,192385,2026-06-05T12:13:49.172,45,34,427,118969,118984,943,882,503,0,AT_PRICE,NEUTRAL,1.069161,0.712774,0.9375,47.24,0,1,,0,0,
959,ZONE_CREATED,192475,2026-06-05T12:20:50.160,45,34,428,118954,118970,1106,882,503,0,OFF_PRICE,SHORT,1.253968,0.642276,0.823529,76.8,31,2,,0,0,
960,FIRST_TOUCH,192518,2026-06-05T12:23:31.144,45,34,428,118954,118970,1106,,0,1,first_touch,SHORT,1.253968,0.642276,0.823529,76.8,31,2,,0,0,
961,AT_PRICE_CREATED,192865,2026-06-05T12:53:35.632,45,35,429,118614,118641,972,894,436,0,AT_PRICE,NEUTRAL,1.087248,0.752322,0.964286,48.91,0,1,,0,0,
962,ZONE_CREATED,193775,2026-06-05T14:00:53.536,45,38,430,117918,117953,892,830,350,0,OFF_PRICE,SHORT,1.074699,0.729951,0.944444,62.73,63,1,,0,0,
963,AT_PRICE_CREATED,193815,2026-06-05T14:03:09.232,45,38,431,117700,117716,1216,830,350,0,AT_PRICE,NEUTRAL,1.46506,0.753875,0.882353,74.12,0,1,,0,0,
964,FIRST_TOUCH,194203,2026-06-05T14:37:08.412,45,38,430,117918,117953,892,,0,1,first_touch,SHORT,1.074699,0.729951,0.944444,62.73,63,1,,0,0,
965,ZONE_INVALIDATED,194213,2026-06-05T14:38:02.416,45,38,430,117918,117953,892,,0,11,close_through_up,SHORT,1.074699,0.729951,0.944444,62.73,63,1,194203,26,6,TARGET
966,AT_PRICE_CREATED,194325,2026-06-05T14:47:21.072,45,39,432,117704,117733,1032,849,307,0,AT_PRICE,NEUTRAL,1.215548,0.795069,0.933333,57.42,0,1,,0,0,
967,ZONE_CREATED,194595,2026-06-05T15:15:26.684,45,40,433,117244,117258,1296,937,313,0,OFF_PRICE,SHORT,1.383138,0.77512,0.933333,76.65,6,1,,0,0,
968,FIRST_TOUCH,194596,2026-06-05T15:15:29.256,45,40,433,117244,117258,1296,,0,1,first_touch,SHORT,1.383138,0.77512,0.933333,76.65,6,1,,0,0,
969,ZONE_CREATED,194695,2026-06-05T15:21:50.784,45,40,434,117108,117140,1010,937,313,0,OFF_PRICE,SHORT,1.077908,0.77872,0.969697,63.33,21,1,,0,0,
970,FIRST_TOUCH,194696,2026-06-05T15:21:55.316,45,40,434,117108,117140,1010,,0,1,first_touch,SHORT,1.077908,0.77872,0.969697,63.33,21,1,,0,0,
971,ZONE_INVALIDATED,194697,2026-06-05T15:22:01.944,45,40,434,117108,117140,1010,,0,2,close_through_up,SHORT,1.077908,0.77872,0.969697,63.33,21,1,194696,20,38,AMBIGUOUS
972,ZONE_CREATED,194865,2026-06-05T15:35:51.072,45,41,435,116848,116857,924,913,293,0,OFF_PRICE,SHORT,1.012048,0.527698,1,59.18,18,1,,0,0,
973,FIRST_TOUCH,194871,2026-06-05T15:36:14.596,45,41,435,116848,116857,924,,0,1,first_touch,SHORT,1.012048,0.527698,1,59.18,18,1,,0,0,
974,ZONE_INVALIDATED,194871,2026-06-05T15:36:14.596,45,41,435,116848,116857,924,,0,1,close_through_up,SHORT,1.012048,0.527698,1,59.18,18,1,194871,16,30,AMBIGUOUS
975,AT_PRICE_CREATED,194925,2026-06-05T15:40:42.292,45,41,436,116752,116768,924,913,293,0,AT_PRICE,NEUTRAL,1.012048,0.613953,1,44.18,0,1,,0,0,
976,ZONE_CREATED,194965,2026-06-05T15:44:04.916,45,41,437,116676,116697,1316,913,293,0,OFF_PRICE,SHORT,1.441402,0.837683,1,89.23,16,1,,0,0,
977,FIRST_TOUCH,194977,2026-06-05T15:44:37.148,45,41,437,116676,116697,1316,,0,1,first_touch,SHORT,1.441402,0.837683,1,89.23,16,1,,0,0,
978,ZONE_INVALIDATED,194978,2026-06-05T15:44:40.100,45,41,437,116676,116697,1316,,0,2,close_through_up,SHORT,1.441402,0.837683,1,89.23,16,1,194977,25,20,AMBIGUOUS
979,ZONE_CREATED,195045,2026-06-05T15:48:11.524,45,41,438,116500,116506,1171,913,293,0,OFF_PRICE,SHORT,1.282585,0.602676,1,78.11,14,1,,0,0,
980,FIRST_TOUCH,195066,2026-06-05T15:49:11.800,45,41,438,116500,116506,1171,,0,1,first_touch,SHORT,1.282585,0.602676,1,78.11,14,1,,0,0,
981,ZONE_INVALIDATED,195067,2026-06-05T15:49:14.136,45,41,438,116500,116506,1171,,0,2,close_through_up,SHORT,1.282585,0.602676,1,78.11,14,1,195066,17,10,AMBIGUOUS
982,ZONE_CREATED,195375,2026-06-05T16:09:25.408,45,42,439,116424,116435,1237,895,325,0,OFF_PRICE,SHORT,1.382123,0.725088,1,72.58,2,1,,0,0,
983,FIRST_TOUCH,195376,2026-06-05T16:09:30.068,45,42,439,116424,116435,1237,,0,1,first_touch,SHORT,1.382123,0.725088,1,72.58,2,1,,0,0,
984,ZONE_INVALIDATED,195377,2026-06-05T16:09:31.328,45,42,439,116424,116435,1237,,0,2,close_through_up,SHORT,1.382123,0.725088,1,72.58,2,1,195376,18,8,AMBIGUOUS
985,ZONE_CREATED,195575,2026-06-05T16:22:10.288,45,42,440,116091,116128,944,895,325,0,OFF_PRICE,SHORT,1.054749,0.776955,0.947368,61.38,36,1,,0,0,
986,FIRST_TOUCH,195582,2026-06-05T16:22:36.676,45,42,440,116091,116128,944,,0,1,first_touch,SHORT,1.054749,0.776955,0.947368,61.38,36,1,,0,0,
987,ZONE_INVALIDATED,195584,2026-06-05T16:22:44.124,45,42,440,116091,116128,944,,0,3,close_through_up,SHORT,1.054749,0.776955,0.947368,61.38,36,1,195582,46,4,TARGET
988,ZONE_CREATED,196355,2026-06-05T17:03:03.528,45,44,441,115659,115711,1051,967,200,0,OFF_PRICE,LONG,1.086867,0.749109,0.90566,63,44,1,,0,0,
989,FIRST_TOUCH,196359,2026-06-05T17:03:22.460,45,44,441,115659,115711,1051,,0,1,first_touch,LONG,1.086867,0.749109,0.90566,63,44,1,,0,0,
990,ZONE_INVALIDATED,196363,2026-06-05T17:03:41.468,45,44,441,115659,115711,1051,,0,5,close_through_down,LONG,1.086867,0.749109,0.90566,63,44,1,196359,42,27,AMBIGUOUS
991,ZONE_CREATED,196615,2026-06-05T17:48:30.072,45,45,442,115245,115272,1195,921,73,0,OFF_PRICE,SHORT,1.297503,0.691151,0.964286,78.62,90,1,,0,0,
992,FIRST_TOUCH,196619,2026-06-05T17:49:47.784,45,45,442,115245,115272,1195,,0,1,first_touch,SHORT,1.297503,0.691151,0.964286,78.62,90,1,,0,0,
993,ZONE_INVALIDATED,196623,2026-06-05T17:50:35.188,45,45,442,115245,115272,1195,,0,5,close_through_up,SHORT,1.297503,0.691151,0.964286,78.62,90,1,196619,33,4,TARGET
994,ZONE_CREATED,196660,2026-06-07T19:00:41.476,46,0,443,115352,115396,984,878,77,0,OFF_PRICE,SHORT,1.120729,0.608534,0.911111,54.2,3,1,,0,0,
995,FIRST_TOUCH,196661,2026-06-07T19:00:46.560,46,0,443,115352,115396,984,,0,1,first_touch,SHORT,1.120729,0.608534,0.911111,54.2,3,1,,0,0,
996,ZONE_INVALIDATED,196665,2026-06-07T19:01:09.612,46,0,443,115352,115396,984,,0,3,close_through_up,SHORT,1.120729,0.608534,0.911111,54.2,3,1,196661,35,3,TARGET
997,ZONE_CREATED,197930,2026-06-08T04:52:01.756,46,19,444,117044,117063,697,549,57,0,OFF_PRICE,LONG,1.269581,0.498926,0.9,70.7,8,1,,0,0,
998,FIRST_TOUCH,197931,2026-06-08T04:52:42.932,46,19,444,117044,117063,697,,0,1,first_touch,LONG,1.269581,0.498926,0.9,70.7,8,1,,0,0,
999,ZONE_INVALIDATED,197932,2026-06-08T04:53:15.312,46,19,444,117044,117063,697,,0,2,close_through_down,LONG,1.269581,0.498926,0.9,70.7,8,1,197931,16,23,AMBIGUOUS
1000,ZONE_INVALIDATED,198252,2026-06-08T08:10:59.092,46,40,433,117244,117258,1296,,0,3,close_through_up,SHORT,1.383138,0.77512,0.933333,76.65,6,1,194596,15,6,TARGET
1001,ZONE_CREATED,199210,2026-06-08T10:46:08.128,46,31,445,118036,118070,977,874,1229,0,OFF_PRICE,LONG,1.117849,0.693892,0.971429,66.15,85,1,,0,0,
1002,FIRST_TOUCH,199234,2026-06-08T10:47:15.684,46,31,445,118036,118070,977,,0,1,first_touch,LONG,1.117849,0.693892,0.971429,66.15,85,1,,0,0,
1003,ZONE_INVALIDATED,199238,2026-06-08T10:47:25.572,46,31,445,118036,118070,977,,0,5,close_through_down,LONG,1.117849,0.693892,0.971429,66.15,85,1,199234,35,6,TARGET
1004,ZONE_CREATED,199410,2026-06-08T10:57:11.396,46,31,446,117798,117835,875,874,1229,0,OFF_PRICE,SHORT,1.001144,0.671527,0.868421,56.44,19,1,,0,0,
1005,FIRST_TOUCH,199649,2026-06-08T11:09:28.312,46,31,446,117798,117835,875,,0,1,first_touch,SHORT,1.001144,0.671527,0.868421,56.44,19,1,,0,0,
1006,ZONE_INVALIDATED,199653,2026-06-08T11:09:40.260,46,31,446,117798,117835,875,,0,5,close_through_up,SHORT,1.001144,0.671527,0.868421,56.44,19,1,199649,35,2,TARGET
1007,ZONE_CREATED,200350,2026-06-08T12:03:25.008,46,34,447,118780,118793,994,884,518,0,OFF_PRICE,LONG,1.124434,0.66891,1,67.04,30,1,,0,0,
1008,FIRST_TOUCH,200352,2026-06-08T12:03:29.004,46,34,447,118780,118793,994,,0,1,first_touch,LONG,1.124434,0.66891,1,67.04,30,1,,0,0,
1009,ZONE_INVALIDATED,200353,2026-06-08T12:03:34.540,46,34,447,118780,118793,994,,0,2,close_through_down,LONG,1.124434,0.66891,1,67.04,30,1,200352,10,18,STOP
1010,AT_PRICE_CREATED,200360,2026-06-08T12:04:16.556,46,34,448,118767,118792,1213,884,518,0,AT_PRICE,NEUTRAL,1.372172,0.814641,0.961538,72.14,0,2,,0,0,
1011,ZONE_CREATED,201290,2026-06-08T13:42:35.192,46,37,449,118343,118366,992,807,381,0,OFF_PRICE,SHORT,1.229244,0.738645,1,74.38,28,1,,0,0,
1012,FIRST_TOUCH,201302,2026-06-08T13:44:23.340,46,37,449,118343,118366,992,,0,1,first_touch,SHORT,1.229244,0.738645,1,74.38,28,1,,0,0,
1013,ZONE_INVALIDATED,201307,2026-06-08T13:45:09.464,46,37,449,118343,118366,992,,0,5,close_through_up,SHORT,1.229244,0.738645,1,74.38,28,1,201302,25,11,AMBIGUOUS
1014,ZONE_CREATED,202130,2026-06-08T15:40:29.492,46,41,450,118185,118212,981,924,324,0,OFF_PRICE,SHORT,1.061688,0.76283,0.964286,62.12,26,1,,0,0,
1015,FIRST_TOUCH,202148,2026-06-08T15:42:23.556,46,41,450,118185,118212,981,,0,1,first_touch,SHORT,1.061688,0.76283,0.964286,62.12,26,1,,0,0,
1016,ZONE_INVALIDATED,202151,2026-06-08T15:42:44.720,46,41,450,118185,118212,981,,0,4,close_through_up,SHORT,1.061688,0.76283,0.964286,62.12,26,1,202148,1,16,STOP
1017,ZONE_CREATED,203979,2026-06-09T09:36:39.068,47,29,451,118863,118888,979,809,167,0,OFF_PRICE,LONG,1.210136,0.739426,0.961538,72.47,20,1,,0,0,
1018,FIRST_TOUCH,203983,2026-06-09T09:38:12.192,47,29,451,118863,118888,979,,0,1,first_touch,LONG,1.210136,0.739426,0.961538,72.47,20,1,,0,0,
1019,ZONE_INVALIDATED,203984,2026-06-09T09:38:41.176,47,29,451,118863,118888,979,,0,2,close_through_down,LONG,1.210136,0.739426,0.961538,72.47,20,1,203983,17,16,AMBIGUOUS
1020,ZONE_INVALIDATED,204052,2026-06-09T10:05:39.880,47,34,428,118954,118970,1106,,0,18,close_through_up,SHORT,1.253968,0.642276,0.823529,76.8,31,2,192518,21,4,TARGET
1021,AT_PRICE_CREATED,204109,2026-06-09T10:26:41.572,47,30,452,118825,118844,1107,846,234,0,AT_PRICE,NEUTRAL,1.308511,0.724476,0.95,64.18,0,1,,0,0,
1022,ZONE_CREATED,204119,2026-06-09T10:27:40.080,47,30,453,118814,118831,1182,846,234,0,OFF_PRICE,LONG,1.397163,0.769531,0.944444,88.63,13,2,,0,0,
1023,AT_PRICE_CREATED,204159,2026-06-09T10:30:06.184,47,31,454,118893,118909,972,884,1246,0,AT_PRICE,NEUTRAL,1.099548,0.635294,1,53.63,0,2,,0,0,
1024,FIRST_TOUCH,204164,2026-06-09T10:30:09.152,47,30,453,118814,118831,1182,,0,1,first_touch,LONG,1.397163,0.769531,0.944444,88.63,13,2,,0,0,
1025,ZONE_INVALIDATED,204168,2026-06-09T10:30:12.772,47,30,453,118814,118831,1182,,0,5,close_through_down,LONG,1.397163,0.769531,0.944444,88.63,13,2,204164,42,16,AMBIGUOUS
1026,AT_PRICE_CREATED,204519,2026-06-09T10:46:30.984,47,31,455,119145,119160,892,884,1246,0,AT_PRICE,NEUTRAL,1.00905,0.680916,0.9375,43.03,0,1,,0,0,
1027,ZONE_CREATED,204639,2026-06-09T10:51:41.172,47,31,456,119199,119218,986,884,1246,0,OFF_PRICE,SHORT,1.115385,0.68141,0.95,65.66,39,1,,0,0,
1028,FIRST_TOUCH,204644,2026-06-09T10:51:52.224,47,31,456,119199,119218,986,,0,1,first_touch,SHORT,1.115385,0.68141,0.95,65.66,39,1,,0,0,
1029,ZONE_INVALIDATED,204653,2026-06-09T10:52:25.024,47,31,456,119199,119218,986,,0,6,close_through_up,SHORT,1.115385,0.68141,0.95,65.66,39,1,204644,34,1,TARGET
1030,AT_PRICE_CREATED,205029,2026-06-09T11:10:38.240,47,32,457,118324,118362,901,888,890,0,AT_PRICE,NEUTRAL,1.01464,0.71169,0.974359,43.97,0,1,,0,0,
1031,AT_PRICE_CREATED,205179,2026-06-09T11:16:09.508,47,32,458,117874,117899,914,888,890,0,AT_PRICE,NEUTRAL,1.029279,0.696646,0.923077,44.23,0,1,,0,0,
1032,ZONE_CREATED,206559,2026-06-09T12:22:02.040,47,34,459,116640,116686,938,895,532,0,OFF_PRICE,SHORT,1.048045,0.774566,0.914894,60.42,41,1,,0,0,
1033,AT_PRICE_CREATED,206629,2026-06-09T12:24:59.384,47,34,460,116070,116099,1053,895,532,0,AT_PRICE,NEUTRAL,1.176536,0.742072,0.966667,55.19,0,1,,0,0,
1034,AT_PRICE_CREATED,207739,2026-06-09T13:17:50.844,47,36,461,113974,113999,938,885,393,0,AT_PRICE,NEUTRAL,1.059887,0.673367,0.884615,45.79,0,1,,0,0,
1035,ZONE_CREATED,208599,2026-06-09T13:56:23.580,47,37,462,113359,113392,877,810,381,0,OFF_PRICE,SHORT,1.082716,0.712429,0.941176,63.24,19,1,,0,0,
1036,FIRST_TOUCH,208604,2026-06-09T13:56:45.416,47,37,462,113359,113392,877,,0,1,first_touch,SHORT,1.082716,0.712429,0.941176,63.24,19,1,,0,0,
1037,ZONE_INVALIDATED,208605,2026-06-09T13:56:48.308,47,37,462,113359,113392,877,,0,2,close_through_up,SHORT,1.082716,0.712429,0.941176,63.24,19,1,208604,67,17,AMBIGUOUS
1038,ZONE_CREATED,208619,2026-06-09T13:57:40.604,47,37,463,113336,113366,819,810,381,0,OFF_PRICE,LONG,1.011111,0.53044,0.903226,60.99,52,2,,0,0,
1039,FIRST_TOUCH,208625,2026-06-09T13:58:01.192,47,37,463,113336,113366,819,,0,1,first_touch,LONG,1.011111,0.53044,0.903226,60.99,52,2,,0,0,
1040,AT_PRICE_CREATED,208989,2026-06-09T14:19:39.480,47,38,464,114863,114889,906,875,379,0,AT_PRICE,NEUTRAL,1.035429,0.730056,1,45.81,0,1,,0,0,
1041,AT_PRICE_CREATED,209419,2026-06-09T14:47:16.200,47,39,465,115153,115180,881,835,330,0,AT_PRICE,NEUTRAL,1.05509,0.695343,0.892857,45.58,0,1,,0,0,
1042,ZONE_CREATED,210949,2026-06-09T16:59:50.380,47,43,466,116432,116448,974,943,573,0,OFF_PRICE,LONG,1.032874,0.736206,1,48.13,2,1,,0,0,
1043,FIRST_TOUCH,210950,2026-06-09T16:59:50.720,47,43,466,116432,116448,974,,0,1,first_touch,LONG,1.032874,0.736206,1,48.13,2,1,,0,0,
1044,ZONE_INVALIDATED,211021,2026-06-09T17:01:09.356,47,43,466,116432,116448,974,,0,10,close_through_down,LONG,1.032874,0.736206,1,48.13,2,1,210950,14,7,TARGET
1045,FIRST_TOUCH,211054,2026-06-09T17:04:05.800,47,34,459,116640,116686,938,,0,1,first_touch,SHORT,1.048045,0.774566,0.914894,60.42,41,1,,0,0,
1046,ZONE_INVALIDATED,211058,2026-06-09T17:04:17.512,47,34,459,116640,116686,938,,0,5,close_through_up,SHORT,1.048045,0.774566,0.914894,60.42,41,1,211054,47,43,AMBIGUOUS
1047,ZONE_CREATED,211780,2026-06-10T03:53:23.992,48,17,467,115920,115950,712,679,54,0,OFF_PRICE,SHORT,1.048601,0.517442,0.870968,59.8,26,1,,0,0,
1048,FIRST_TOUCH,211785,2026-06-10T04:01:14.388,48,17,467,115920,115950,712,,0,1,first_touch,SHORT,1.048601,0.517442,0.870968,59.8,26,1,,0,0,
1049,ZONE_INVALIDATED,211795,2026-06-10T04:10:10.812,48,17,467,115920,115950,712,,0,2,close_through_up,SHORT,1.048601,0.517442,0.870968,59.8,26,1,211785,40,4,TARGET
1050,ZONE_CREATED,211930,2026-06-10T05:50:52.744,48,21,468,114989,115041,832,681,64,0,OFF_PRICE,LONG,1.221733,0.617211,0.886792,72.16,95,1,,0,0,
1051,FIRST_TOUCH,211944,2026-06-10T05:58:19.400,48,21,468,114989,115041,832,,0,1,first_touch,LONG,1.221733,0.617211,0.886792,72.16,95,1,,0,0,
1052,ZONE_INVALIDATED,211949,2026-06-10T06:02:30.452,48,21,468,114989,115041,832,,0,6,close_through_down,LONG,1.221733,0.617211,0.886792,72.16,95,1,211944,25,29,AMBIGUOUS
1053,ZONE_CREATED,213120,2026-06-10T10:48:20.516,48,31,469,116412,116440,1828,891,1246,0,OFF_PRICE,LONG,2.051627,0.756623,0.931034,92.3,40,1,,0,0,
1054,FIRST_TOUCH,213161,2026-06-10T10:50:23.128,48,31,469,116412,116440,1828,,0,1,first_touch,LONG,2.051627,0.756623,0.931034,92.3,40,1,,0,0,
1055,ZONE_INVALIDATED,213162,2026-06-10T10:50:23.724,48,31,469,116412,116440,1828,,0,2,close_through_down,LONG,2.051627,0.756623,0.931034,92.3,40,1,213161,48,14,AMBIGUOUS
1056,ZONE_CREATED,213660,2026-06-10T11:25:26.884,48,32,470,116872,116885,1319,888,920,0,OFF_PRICE,SHORT,1.48536,0.554901,0.785714,89.09,110,1,,0,0,
1057,FIRST_TOUCH,213777,2026-06-10T11:34:37.112,48,32,470,116872,116885,1319,,0,1,first_touch,SHORT,1.48536,0.554901,0.785714,89.09,110,1,,0,0,
1058,ZONE_INVALIDATED,213779,2026-06-10T11:34:44.792,48,32,470,116872,116885,1319,,0,3,close_through_up,SHORT,1.48536,0.554901,0.785714,89.09,110,1,213777,31,12,AMBIGUOUS
1059,ZONE_CREATED,215540,2026-06-10T14:32:33.896,48,39,471,114512,114556,896,835,357,0,OFF_PRICE,LONG,1.073054,0.685015,0.911111,62.11,17,1,,0,0,
1060,FIRST_TOUCH,215556,2026-06-10T14:35:29.600,48,39,471,114512,114556,896,,0,1,first_touch,LONG,1.073054,0.685015,0.911111,62.11,17,1,,0,0,
1061,ZONE_INVALIDATED,215577,2026-06-10T14:39:55.812,48,39,471,114512,114556,896,,0,15,close_through_down,LONG,1.073054,0.685015,0.911111,62.11,17,1,215556,47,4,TARGET
1062,ZONE_CREATED,215620,2026-06-10T14:45:50.040,48,39,472,114472,114510,1006,835,357,0,OFF_PRICE,LONG,1.20479,0.686221,0.974359,72.28,85,1,,0,0,
1063,FIRST_TOUCH,216068,2026-06-10T15:50:00.032,48,39,472,114472,114510,1006,,0,1,first_touch,LONG,1.20479,0.686221,0.974359,72.28,85,1,,0,0,
1064,ZONE_INVALIDATED,216070,2026-06-10T15:50:04.396,48,39,472,114472,114510,1006,,0,3,close_through_down,LONG,1.20479,0.686221,0.974359,72.28,85,1,216068,40,0,TARGET
1065,ZONE_CREATED,216680,2026-06-10T16:59:34.964,48,43,473,114397,114422,965,933,584,0,OFF_PRICE,SHORT,1.034298,0.704894,0.961538,60.16,45,1,,0,0,
1066,ZONE_INVALIDATED,216987,2026-06-10T20:00:02.748,49,37,463,113336,113366,819,,0,7,close_through_down,LONG,1.011111,0.53044,0.903226,60.99,52,2,208625,15,35,AMBIGUOUS
1067,FIRST_TOUCH,217223,2026-06-10T22:03:13.484,49,43,473,114397,114422,965,,0,1,first_touch,SHORT,1.034298,0.704894,0.961538,60.16,45,1,,0,0,
1068,ZONE_INVALIDATED,217226,2026-06-10T22:04:29.828,49,43,473,114397,114422,965,,0,4,close_through_up,SHORT,1.034298,0.704894,0.961538,60.16,45,1,217223,32,19,AMBIGUOUS
1069,ZONE_CREATED,217602,2026-06-11T03:32:46.300,49,17,474,114980,115023,771,681,55,0,OFF_PRICE,SHORT,1.132159,0.597211,1,67.58,61,1,,0,0,
1070,FIRST_TOUCH,217605,2026-06-11T03:36:59.048,49,17,474,114980,115023,771,,0,1,first_touch,SHORT,1.132159,0.597211,1,67.58,61,1,,0,0,
1071,ZONE_INVALIDATED,217606,2026-06-11T03:38:05.028,49,17,474,114980,115023,771,,0,2,close_through_up,SHORT,1.132159,0.597211,1,67.58,61,1,217605,14,38,AMBIGUOUS
1072,AT_PRICE_CREATED,217862,2026-06-11T08:23:08.896,49,26,475,115343,115369,790,720,86,0,AT_PRICE,NEUTRAL,1.097222,0.589993,0.814815,47.36,0,1,,0,0,
1073,AT_PRICE_CREATED,218462,2026-06-11T10:44:29.548,49,31,476,114984,115014,1007,892,1238,0,AT_PRICE,NEUTRAL,1.128924,0.61515,0.870968,50.42,0,1,,0,0,
1074,ZONE_CREATED,219432,2026-06-11T12:01:25.044,49,34,477,114400,114412,1576,898,566,0,OFF_PRICE,SHORT,1.755011,0.661629,1,90.83,10,1,,0,0,
1075,FIRST_TOUCH,219436,2026-06-11T12:01:32.240,49,34,477,114400,114412,1576,,0,1,first_touch,SHORT,1.755011,0.661629,1,90.83,10,1,,0,0,
1076,ZONE_INVALIDATED,219437,2026-06-11T12:01:35.528,49,34,477,114400,114412,1576,,0,2,close_through_up,SHORT,1.755011,0.661629,1,90.83,10,1,219436,83,9,AMBIGUOUS
1077,ZONE_CREATED,219992,2026-06-11T13:12:33.336,49,36,478,115745,115768,1071,849,437,0,OFF_PRICE,LONG,1.261484,0.675284,0.958333,76.01,32,1,,0,0,
1078,FIRST_TOUCH,219994,2026-06-11T13:12:52.928,49,36,478,115745,115768,1071,,0,1,first_touch,LONG,1.261484,0.675284,0.958333,76.01,32,1,,0,0,
1079,ZONE_INVALIDATED,220019,2026-06-11T13:16:07.800,49,36,478,115745,115768,1071,,0,8,close_through_down,LONG,1.261484,0.675284,0.958333,76.01,32,1,219994,71,3,TARGET
1080,AT_PRICE_CREATED,221842,2026-06-11T16:56:11.848,49,43,479,117851,117881,1016,937,596,0,AT_PRICE,NEUTRAL,1.084312,0.749263,0.967742,48.75,0,1,,0,0,
1081,AT_PRICE_CREATED,221922,2026-06-11T16:59:47.156,49,43,480,117826,117846,982,937,596,0,AT_PRICE,NEUTRAL,1.048026,0.700428,0.952381,49.31,0,2,,0,0,
1082,ZONE_CREATED,222151,2026-06-11T19:57:33.872,50,1,481,118275,118312,659,612,62,0,OFF_PRICE,SHORT,1.076797,0.518082,0.894737,57.13,8,1,,0,0,
1083,FIRST_TOUCH,222152,2026-06-11T19:59:02.272,50,1,481,118275,118312,659,,0,1,first_touch,SHORT,1.076797,0.518082,0.894737,57.13,8,1,,0,0,
1084,ZONE_INVALIDATED,222179,2026-06-11T20:46:08.488,50,1,481,118275,118312,659,,0,3,close_through_up,SHORT,1.076797,0.518082,0.894737,57.13,8,1,222152,55,8,AMBIGUOUS
1085,ZONE_CREATED,225191,2026-06-12T17:01:35.356,50,44,482,118625,118645,1048,975,217,0,OFF_PRICE,LONG,1.074872,0.649721,0.904762,62.15,29,1,,0,0,
1086,FIRST_TOUCH,225192,2026-06-12T17:01:46.484,50,44,482,118625,118645,1048,,0,1,first_touch,LONG,1.074872,0.649721,0.904762,62.15,29,1,,0,0,
1087,ZONE_CREATED,225221,2026-06-12T17:08:13.316,50,44,483,118728,118760,1024,975,217,0,OFF_PRICE,LONG,1.050256,0.711605,0.878788,60.03,26,1,,0,0,
1088,FIRST_TOUCH,225254,2026-06-12T17:29:23.972,50,44,483,118728,118760,1024,,0,1,first_touch,LONG,1.050256,0.711605,0.878788,60.03,26,1,,0,0,
1089,ZONE_INVALIDATED,225262,2026-06-12T17:37:55.032,50,44,483,118728,118760,1024,,0,9,close_through_down,LONG,1.050256,0.711605,0.878788,60.03,26,1,225254,21,7,TARGET
