# meta,indicator=aVolClusterPOI,version=0.5,instrument=NQ JUN26,tick_size=0.25,window_bars=10,median_mult=2,max_gap_ticks=1,min_cluster_ticks=2,bucket_minutes=30,percentile=98,lookback_sessions=20,min_samples=20,predictive_filter=0,min_quality=0,reaction_horizon=50,reaction_target_ticks=12,reaction_stop_ticks=8,quality_formula=heuristic_v1_not_probability,session_buckets=1,invalidation=CloseThrough,max_age_bars=0,max_touches=0,one_cluster_per_block=1,kinds=OFF_PRICE|AT_PRICE,export=ZONE_CREATED|AT_PRICE_CREATED|FIRST_TOUCH|ZONE_INVALIDATED,footprint=reconstructed_1tick_subseries,quantile=empirical_no_interp,write_mode=overwrite
event_seq,event_type,bar_index,bar_close_time,session_index,bucket,zone_id,lower_tick,upper_tick,score,threshold,samples,touch_count,reason,direction,anomaly_ratio,cluster_share,density,quality_score,distance_ticks,burst_count,touch_bar,mfe_ticks,mae_ticks,outcome
1,ZONE_CREATED,6079,2026-04-02T11:11:47.700,1,32,1,95829,95850,1070,999,30,0,OFF_PRICE,LONG,1.071071,0.716198,0.954545,50.13,2,1,,0,0,
2,FIRST_TOUCH,6080,2026-04-02T11:11:53.976,1,32,1,95829,95850,1070,,0,1,first_touch,LONG,1.071071,0.716198,0.954545,50.13,2,1,,0,0,
3,ZONE_INVALIDATED,6080,2026-04-02T11:11:53.976,1,32,1,95829,95850,1070,,0,1,close_through_down,LONG,1.071071,0.716198,0.954545,50.13,2,1,6080,2,35,STOP
4,AT_PRICE_CREATED,6209,2026-04-02T11:23:50.956,1,32,2,95931,95959,1069,999,30,0,AT_PRICE,NEUTRAL,1.07007,0.780862,0.931034,47.2,0,1,,0,0,
5,ZONE_CREATED,6719,2026-04-02T11:48:16.876,1,33,3,96638,96656,957,933,32,0,OFF_PRICE,SHORT,1.025723,0.583181,0.947368,53.09,7,1,,0,0,
6,FIRST_TOUCH,6720,2026-04-02T11:48:19.680,1,33,3,96638,96656,957,,0,1,first_touch,SHORT,1.025723,0.583181,0.947368,53.09,7,1,,0,0,
7,ZONE_INVALIDATED,6812,2026-04-02T11:55:31.144,1,33,3,96638,96656,957,,0,4,close_through_up,SHORT,1.025723,0.583181,0.947368,53.09,7,1,6720,54,0,TARGET
8,AT_PRICE_CREATED,6849,2026-04-02T11:58:50.424,1,33,4,96752,96780,1052,933,32,0,AT_PRICE,NEUTRAL,1.127546,0.715646,0.896552,50.71,0,1,,0,0,
9,ZONE_CREATED,7989,2026-04-02T15:04:53.524,1,40,5,96421,96449,936,744,30,0,OFF_PRICE,LONG,1.258065,0.724458,0.931034,75.36,36,1,,0,0,
10,FIRST_TOUCH,8066,2026-04-02T15:25:05.000,1,40,5,96421,96449,936,,0,1,first_touch,LONG,1.258065,0.724458,0.931034,75.36,36,1,,0,0,
11,ZONE_INVALIDATED,8068,2026-04-02T15:25:23.736,1,40,5,96421,96449,936,,0,3,close_through_down,LONG,1.258065,0.724458,0.931034,75.36,36,1,8066,15,9,AMBIGUOUS
12,AT_PRICE_CREATED,9257,2026-04-05T22:13:07.268,3,6,6,96866,96891,899,585,20,0,AT_PRICE,NEUTRAL,1.536752,0.68417,0.884615,76.6,0,1,,0,0,
13,ZONE_CREATED,11377,2026-04-06T13:39:02.164,3,37,7,97346,97362,805,655,26,0,OFF_PRICE,SHORT,1.229008,0.572954,0.941176,73.48,15,1,,0,0,
14,FIRST_TOUCH,11389,2026-04-06T13:42:21.280,3,37,7,97346,97362,805,,0,1,first_touch,SHORT,1.229008,0.572954,0.941176,73.48,15,1,,0,0,
15,ZONE_INVALIDATED,11399,2026-04-06T13:47:06.516,3,37,7,97346,97362,805,,0,7,close_through_up,SHORT,1.229008,0.572954,0.941176,73.48,15,1,11389,16,1,TARGET
16,ZONE_CREATED,11937,2026-04-06T15:39:03.840,3,41,8,97347,97362,693,611,31,0,OFF_PRICE,LONG,1.134206,0.558871,0.875,55.85,4,1,,0,0,
17,FIRST_TOUCH,11938,2026-04-06T15:39:27.112,3,41,8,97347,97362,693,,0,1,first_touch,LONG,1.134206,0.558871,0.875,55.85,4,1,,0,0,
18,ZONE_INVALIDATED,11939,2026-04-06T15:39:47.452,3,41,8,97347,97362,693,,0,2,close_through_down,LONG,1.134206,0.558871,0.875,55.85,4,1,11938,8,26,STOP
19,ZONE_CREATED,11977,2026-04-06T15:54:42.172,3,41,9,97371,97389,988,611,31,0,OFF_PRICE,LONG,1.617021,0.774902,0.947368,95.88,24,2,,0,0,
20,FIRST_TOUCH,11981,2026-04-06T15:56:05.180,3,41,9,97371,97389,988,,0,1,first_touch,LONG,1.617021,0.774902,0.947368,95.88,24,2,,0,0,
21,ZONE_INVALIDATED,12001,2026-04-06T16:03:43.840,3,41,9,97371,97389,988,,0,9,close_through_down,LONG,1.617021,0.774902,0.947368,95.88,24,2,11981,19,7,TARGET
22,AT_PRICE_CREATED,13207,2026-04-07T09:37:47.588,4,29,10,96848,96891,884,411,28,0,AT_PRICE,NEUTRAL,2.150852,0.707766,0.977273,77.99,0,1,,0,0,
23,ZONE_CREATED,14487,2026-04-07T12:10:31.692,4,34,11,95904,95929,950,903,63,0,OFF_PRICE,LONG,1.052049,0.739875,0.923077,60.82,12,1,,0,0,
24,ZONE_CREATED,15087,2026-04-07T13:28:37.192,4,36,12,96808,96829,777,757,42,0,OFF_PRICE,SHORT,1.02642,0.60373,1,60.18,32,1,,0,0,
25,FIRST_TOUCH,15104,2026-04-07T13:31:58.720,4,36,12,96808,96829,777,,0,1,first_touch,SHORT,1.02642,0.60373,1,60.18,32,1,,0,0,
26,ZONE_INVALIDATED,15117,2026-04-07T13:35:50.132,4,36,12,96808,96829,777,,0,11,close_through_up,SHORT,1.02642,0.60373,1,60.18,32,1,15104,23,9,AMBIGUOUS
27,AT_PRICE_CREATED,15657,2026-04-07T15:28:29.064,4,40,13,96791,96809,816,744,59,0,AT_PRICE,NEUTRAL,1.096774,0.647105,1,50.11,0,1,,0,0,
28,ZONE_CREATED,16457,2026-04-07T16:59:39.528,4,43,14,97432,97445,975,940,72,0,OFF_PRICE,LONG,1.037234,0.708061,1,53.44,6,1,,0,0,
29,FIRST_TOUCH,16458,2026-04-07T16:59:40.432,4,43,14,97432,97445,975,,0,1,first_touch,LONG,1.037234,0.708061,1,53.44,6,1,,0,0,
30,ZONE_INVALIDATED,16501,2026-04-07T17:00:05.108,4,43,14,97432,97445,975,,0,3,close_through_down,LONG,1.037234,0.708061,1,53.44,6,1,16458,12,7,TARGET
31,ZONE_CREATED,16527,2026-04-07T17:01:30.096,4,44,15,97444,97462,939,740,24,0,OFF_PRICE,LONG,1.268919,0.627674,0.894737,78.91,21,2,,0,0,
32,FIRST_TOUCH,16564,2026-04-07T17:06:10.696,4,44,15,97444,97462,939,,0,1,first_touch,LONG,1.268919,0.627674,0.894737,78.91,21,2,,0,0,
33,ZONE_INVALIDATED,16618,2026-04-07T17:23:57.864,4,44,15,97444,97462,939,,0,10,close_through_down,LONG,1.268919,0.627674,0.894737,78.91,21,2,16564,29,5,TARGET
34,ZONE_CREATED,18028,2026-04-08T09:01:06.220,5,28,16,100835,100854,839,790,27,0,OFF_PRICE,LONG,1.062025,0.638508,1,62.68,35,1,,0,0,
35,AT_PRICE_CREATED,18058,2026-04-08T09:11:07.708,5,28,17,100917,100950,826,790,27,0,AT_PRICE,NEUTRAL,1.04557,0.646829,0.941176,45.64,0,1,,0,0,
36,FIRST_TOUCH,18074,2026-04-08T09:19:41.396,5,28,16,100835,100854,839,,0,1,first_touch,LONG,1.062025,0.638508,1,62.68,35,1,,0,0,
37,ZONE_INVALIDATED,18078,2026-04-08T09:20:13.296,5,28,16,100835,100854,839,,0,5,close_through_down,LONG,1.062025,0.638508,1,62.68,35,1,18074,19,25,AMBIGUOUS
38,AT_PRICE_CREATED,18218,2026-04-08T09:55:20.512,5,29,18,100856,100881,1010,884,35,0,AT_PRICE,NEUTRAL,1.142534,0.787217,0.961538,56.07,0,2,,0,0,
39,ZONE_CREATED,18448,2026-04-08T10:34:05.932,5,31,19,100596,100623,858,832,164,0,OFF_PRICE,LONG,1.03125,0.614173,0.892857,58.91,60,1,,0,0,
40,FIRST_TOUCH,18453,2026-04-08T10:34:22.004,5,31,19,100596,100623,858,,0,1,first_touch,LONG,1.03125,0.614173,0.892857,58.91,60,1,,0,0,
41,ZONE_INVALIDATED,18474,2026-04-08T10:35:41.828,5,31,19,100596,100623,858,,0,9,close_through_down,LONG,1.03125,0.614173,0.892857,58.91,60,1,18453,25,2,TARGET
42,AT_PRICE_CREATED,20018,2026-04-08T13:15:21.136,5,36,20,100318,100337,833,757,68,0,AT_PRICE,NEUTRAL,1.100396,0.688999,1,50.36,0,1,,0,0,
43,ZONE_CREATED,20158,2026-04-08T13:45:45.740,5,37,21,100515,100530,808,805,49,0,OFF_PRICE,LONG,1.003727,0.63522,0.9375,46.41,3,1,,0,0,
44,FIRST_TOUCH,20159,2026-04-08T13:46:04.248,5,37,21,100515,100530,808,,0,1,first_touch,LONG,1.003727,0.63522,0.9375,46.41,3,1,,0,0,
45,ZONE_INVALIDATED,20248,2026-04-08T14:07:16.976,5,37,21,100515,100530,808,,0,14,close_through_down,LONG,1.003727,0.63522,0.9375,46.41,3,1,20159,12,2,TARGET
46,ZONE_CREATED,20328,2026-04-08T14:23:39.880,5,38,22,100400,100420,766,690,53,0,OFF_PRICE,SHORT,1.110145,0.614274,0.952381,56.58,5,1,,0,0,
47,FIRST_TOUCH,20329,2026-04-08T14:23:44.112,5,38,22,100400,100420,766,,0,1,first_touch,SHORT,1.110145,0.614274,0.952381,56.58,5,1,,0,0,
48,ZONE_INVALIDATED,20492,2026-04-08T15:01:41.060,5,38,22,100400,100420,766,,0,11,close_through_up,SHORT,1.110145,0.614274,0.952381,56.58,5,1,20329,24,2,TARGET
49,AT_PRICE_CREATED,20618,2026-04-08T15:20:33.528,5,40,23,100247,100277,858,816,70,0,AT_PRICE,NEUTRAL,1.051471,0.668224,0.967742,46.45,0,1,,0,0,
50,ZONE_CREATED,20708,2026-04-08T15:37:19.272,5,41,24,100230,100249,957,819,58,0,OFF_PRICE,SHORT,1.168498,0.777417,1,62.21,3,2,,0,0,
51,FIRST_TOUCH,20709,2026-04-08T15:37:37.132,5,41,24,100230,100249,957,,0,1,first_touch,SHORT,1.168498,0.777417,1,62.21,3,2,,0,0,
52,ZONE_CREATED,20788,2026-04-08T15:51:39.232,5,41,25,99999,100014,969,819,58,0,OFF_PRICE,SHORT,1.18315,0.722057,1,57.4,1,1,,0,0,
53,FIRST_TOUCH,20789,2026-04-08T15:51:52.312,5,41,25,99999,100014,969,,0,1,first_touch,SHORT,1.18315,0.722057,1,57.4,1,1,,0,0,
54,ZONE_INVALIDATED,20791,2026-04-08T15:52:22.356,5,41,25,99999,100014,969,,0,3,close_through_up,SHORT,1.18315,0.722057,1,57.4,1,1,20789,2,12,STOP
55,AT_PRICE_CREATED,20828,2026-04-08T15:58:37.156,5,41,26,99866,99891,904,819,58,0,AT_PRICE,NEUTRAL,1.103785,0.702955,0.923077,49.44,0,1,,0,0,
56,ZONE_CREATED,20918,2026-04-08T16:10:19.384,5,42,27,99901,99922,982,942,63,0,OFF_PRICE,LONG,1.042463,0.693013,0.954545,63.96,37,2,,0,0,
57,FIRST_TOUCH,20972,2026-04-08T16:18:17.984,5,42,27,99901,99922,982,,0,1,first_touch,LONG,1.042463,0.693013,0.954545,63.96,37,2,,0,0,
58,ZONE_INVALIDATED,20976,2026-04-08T16:19:02.592,5,42,27,99901,99922,982,,0,5,close_through_down,LONG,1.042463,0.693013,0.954545,63.96,37,2,20972,23,2,TARGET
59,ZONE_CREATED,21058,2026-04-08T16:33:15.236,5,43,28,99948,99965,941,940,109,0,OFF_PRICE,LONG,1.001064,0.708584,1,50.91,6,1,,0,0,
60,FIRST_TOUCH,21059,2026-04-08T16:33:29.788,5,43,28,99948,99965,941,,0,1,first_touch,LONG,1.001064,0.708584,1,50.91,6,1,,0,0,
61,ZONE_INVALIDATED,21060,2026-04-08T16:33:41.980,5,43,28,99948,99965,941,,0,2,close_through_down,LONG,1.001064,0.708584,1,50.91,6,1,21059,7,13,STOP
62,AT_PRICE_CREATED,21188,2026-04-08T16:50:54.796,5,43,29,100166,100187,1060,940,109,0,AT_PRICE,NEUTRAL,1.12766,0.818533,1,52.27,0,1,,0,0,
63,ZONE_INVALIDATED,21286,2026-04-08T16:59:29.824,5,41,24,100230,100249,957,,0,18,close_through_up,SHORT,1.168498,0.777417,1,62.21,3,2,20709,14,12,AMBIGUOUS
64,AT_PRICE_CREATED,21288,2026-04-08T16:59:30.592,5,43,30,100243,100253,1169,940,109,0,AT_PRICE,NEUTRAL,1.243617,0.890327,1,60.39,0,1,,0,0,
65,AT_PRICE_CREATED,21328,2026-04-08T16:59:58.044,5,43,31,100316,100323,1019,940,109,0,AT_PRICE,NEUTRAL,1.084043,0.738406,1,49.22,0,1,,0,0,
66,ZONE_CREATED,21368,2026-04-08T17:00:29.092,5,44,32,100348,100359,1004,939,37,0,OFF_PRICE,SHORT,1.069223,0.723864,1,55.26,3,2,,0,0,
67,FIRST_TOUCH,21369,2026-04-08T17:00:31.992,5,44,32,100348,100359,1004,,0,1,first_touch,SHORT,1.069223,0.723864,1,55.26,3,2,,0,0,
68,ZONE_INVALIDATED,21370,2026-04-08T17:00:35.144,5,44,32,100348,100359,1004,,0,2,close_through_up,SHORT,1.069223,0.723864,1,55.26,3,2,21369,7,16,STOP
69,ZONE_CREATED,21520,2026-04-08T20:04:49.800,6,2,33,100117,100129,686,660,27,0,OFF_PRICE,LONG,1.039394,0.545744,0.923077,47.44,2,1,,0,0,
70,FIRST_TOUCH,21521,2026-04-08T20:05:11.708,6,2,33,100117,100129,686,,0,1,first_touch,LONG,1.039394,0.545744,0.923077,47.44,2,1,,0,0,
71,ZONE_INVALIDATED,21538,2026-04-08T20:32:40.640,6,2,33,100117,100129,686,,0,4,close_through_down,LONG,1.039394,0.545744,0.923077,47.44,2,1,21521,50,0,TARGET
72,AT_PRICE_CREATED,21890,2026-04-09T05:13:39.628,6,20,34,99830,99852,746,517,20,0,AT_PRICE,NEUTRAL,1.44294,0.576953,0.956522,73.69,0,1,,0,0,
73,AT_PRICE_CREATED,24340,2026-04-09T14:27:49.936,6,38,35,100895,100912,870,766,68,0,AT_PRICE,NEUTRAL,1.13577,0.675466,0.944444,52,0,1,,0,0,
74,ZONE_CREATED,24560,2026-04-09T15:05:56.596,6,40,36,100686,100705,1007,858,90,0,OFF_PRICE,LONG,1.17366,0.766946,0.95,69.74,31,1,,0,0,
75,FIRST_TOUCH,24570,2026-04-09T15:07:15.432,6,40,36,100686,100705,1007,,0,1,first_touch,LONG,1.17366,0.766946,0.95,69.74,31,1,,0,0,
76,ZONE_INVALIDATED,24582,2026-04-09T15:09:06.956,6,40,36,100686,100705,1007,,0,10,close_through_down,LONG,1.17366,0.766946,0.95,69.74,31,1,24570,14,7,TARGET
77,AT_PRICE_CREATED,24670,2026-04-09T15:24:13.188,6,40,37,100612,100623,1662,858,90,0,AT_PRICE,NEUTRAL,1.937063,0.802511,1,78.33,0,1,,0,0,
78,AT_PRICE_CREATED,25300,2026-04-09T17:23:23.016,6,44,38,100926,100949,1104,1004,46,0,AT_PRICE,NEUTRAL,1.099602,0.854489,0.958333,49.68,0,1,,0,0,
79,AT_PRICE_CREATED,25386,2026-04-09T20:25:21.768,7,2,39,100832,100854,818,686,29,0,AT_PRICE,NEUTRAL,1.19242,0.617358,1,56.8,0,1,,0,0,
80,ZONE_CREATED,25636,2026-04-10T04:41:36.148,7,19,40,100988,101004,578,504,21,0,OFF_PRICE,SHORT,1.146825,0.453689,0.823529,65.96,28,1,,0,0,
81,FIRST_TOUCH,25644,2026-04-10T04:53:02.764,7,19,40,100988,101004,578,,0,1,first_touch,SHORT,1.146825,0.453689,0.823529,65.96,28,1,,0,0,
82,ZONE_INVALIDATED,25721,2026-04-10T06:19:24.756,7,19,40,100988,101004,578,,0,11,close_through_up,SHORT,1.146825,0.453689,0.823529,65.96,28,1,25644,28,1,TARGET
83,AT_PRICE_CREATED,26686,2026-04-10T11:35:17.080,7,33,41,101400,101426,1051,928,199,0,AT_PRICE,NEUTRAL,1.132543,0.802903,1,52.61,0,1,,0,0,
84,ZONE_CREATED,27476,2026-04-10T13:22:50.036,7,36,42,101087,101105,853,757,110,0,OFF_PRICE,LONG,1.126816,0.647193,0.842105,64.84,18,1,,0,0,
85,FIRST_TOUCH,27492,2026-04-10T13:27:01.820,7,36,42,101087,101105,853,,0,1,first_touch,LONG,1.126816,0.647193,0.842105,64.84,18,1,,0,0,
86,ZONE_INVALIDATED,27511,2026-04-10T13:31:11.384,7,36,42,101087,101105,853,,0,10,close_through_down,LONG,1.126816,0.647193,0.842105,64.84,18,1,27492,17,5,TARGET
87,ZONE_CREATED,29034,2026-04-13T03:17:24.968,8,16,43,100334,100368,820,778,20,0,OFF_PRICE,LONG,1.053985,0.648221,0.942857,61.26,55,1,,0,0,
88,FIRST_TOUCH,29080,2026-04-13T04:24:26.900,8,16,43,100334,100368,820,,0,1,first_touch,LONG,1.053985,0.648221,0.942857,61.26,55,1,,0,0,
89,AT_PRICE_CREATED,29244,2026-04-13T08:01:47.968,8,26,44,100670,100699,805,801,30,0,AT_PRICE,NEUTRAL,1.004994,0.637876,0.966667,43.18,0,1,,0,0,
90,ZONE_INVALIDATED,29331,2026-04-13T09:01:05.688,8,16,43,100334,100368,820,,0,18,close_through_down,LONG,1.053985,0.648221,0.942857,61.26,55,1,29080,29,0,TARGET
91,AT_PRICE_CREATED,29374,2026-04-13T09:28:43.692,8,28,45,100466,100489,854,839,47,0,AT_PRICE,NEUTRAL,1.017878,0.625183,0.875,42.71,0,1,,0,0,
92,ZONE_CREATED,29484,2026-04-13T10:23:59.780,8,30,46,100747,100766,892,741,63,0,OFF_PRICE,LONG,1.203779,0.689335,0.95,71.85,20,1,,0,0,
93,ZONE_CREATED,29644,2026-04-13T10:35:41.956,8,31,47,100823,100844,924,827,292,0,OFF_PRICE,SHORT,1.117291,0.738019,1,56.54,4,1,,0,0,
94,FIRST_TOUCH,29647,2026-04-13T10:35:54.696,8,31,47,100823,100844,924,,0,1,first_touch,SHORT,1.117291,0.738019,1,56.54,4,1,,0,0,
95,FIRST_TOUCH,29656,2026-04-13T10:36:31.328,8,30,46,100747,100766,892,,0,1,first_touch,LONG,1.203779,0.689335,0.95,71.85,20,1,,0,0,
96,ZONE_INVALIDATED,29658,2026-04-13T10:36:36.704,8,30,46,100747,100766,892,,0,3,close_through_down,LONG,1.203779,0.689335,0.95,71.85,20,1,29656,10,10,STOP
97,ZONE_INVALIDATED,29719,2026-04-13T10:42:24.212,8,31,47,100823,100844,924,,0,9,close_through_up,SHORT,1.117291,0.738019,1,56.54,4,1,29647,13,7,TARGET
98,AT_PRICE_CREATED,29974,2026-04-13T10:56:51.360,8,31,48,101070,101091,937,827,292,0,AT_PRICE,NEUTRAL,1.133011,0.701347,0.909091,51.28,0,1,,0,0,
99,AT_PRICE_CREATED,30224,2026-04-13T11:18:21.732,8,32,49,101015,101036,900,896,222,0,AT_PRICE,NEUTRAL,1.004464,0.679758,0.909091,42.28,0,1,,0,0,
100,ZONE_CREATED,31054,2026-04-13T13:21:54.892,8,36,50,101325,101341,790,777,126,0,OFF_PRICE,LONG,1.016731,0.633013,1,59.5,45,1,,0,0,
101,AT_PRICE_CREATED,31474,2026-04-13T14:17:37.604,8,38,51,101669,101684,891,870,94,0,AT_PRICE,NEUTRAL,1.024138,0.659024,0.875,43.15,0,1,,0,0,
102,AT_PRICE_CREATED,32004,2026-04-13T16:44:06.536,8,43,52,101837,101850,1084,975,188,0,AT_PRICE,NEUTRAL,1.111795,0.823083,0.928571,50.09,0,1,,0,0,
103,ZONE_CREATED,32064,2026-04-13T16:51:11.588,8,43,53,102034,102046,1003,975,188,0,OFF_PRICE,SHORT,1.028718,0.733187,1,57.84,10,1,,0,0,
104,FIRST_TOUCH,32066,2026-04-13T16:51:20.436,8,43,53,102034,102046,1003,,0,1,first_touch,SHORT,1.028718,0.733187,1,57.84,10,1,,0,0,
105,ZONE_INVALIDATED,32070,2026-04-13T16:51:46.076,8,43,53,102034,102046,1003,,0,3,close_through_up,SHORT,1.028718,0.733187,1,57.84,10,1,32066,18,0,TARGET
106,ZONE_CREATED,32787,2026-04-14T06:20:44.188,9,22,54,102671,102683,633,632,22,0,OFF_PRICE,SHORT,1.001582,0.486549,0.923077,57.29,26,1,,0,0,
107,FIRST_TOUCH,32788,2026-04-14T06:21:53.412,9,22,54,102671,102683,633,,0,1,first_touch,SHORT,1.001582,0.486549,0.923077,57.29,26,1,,0,0,
108,ZONE_INVALIDATED,32897,2026-04-14T08:57:55.744,9,22,54,102671,102683,633,,0,3,close_through_up,SHORT,1.001582,0.486549,0.923077,57.29,26,1,32788,26,2,TARGET
109,ZONE_CREATED,32897,2026-04-14T08:57:55.744,9,27,55,102624,102649,1023,754,31,0,OFF_PRICE,LONG,1.356764,0.803614,1,83.31,40,1,,0,0,
110,FIRST_TOUCH,32950,2026-04-14T09:25:11.696,9,27,55,102624,102649,1023,,0,1,first_touch,LONG,1.356764,0.803614,1,83.31,40,1,,0,0,
111,ZONE_CREATED,32967,2026-04-14T09:30:03.120,9,29,56,102739,102768,963,884,62,0,OFF_PRICE,LONG,1.089367,0.685897,0.966667,64.09,48,1,,0,0,
112,FIRST_TOUCH,32971,2026-04-14T09:30:20.368,9,29,56,102739,102768,963,,0,1,first_touch,LONG,1.089367,0.685897,0.966667,64.09,48,1,,0,0,
113,ZONE_INVALIDATED,32973,2026-04-14T09:30:40.300,9,29,56,102739,102768,963,,0,3,close_through_down,LONG,1.089367,0.685897,0.966667,64.09,48,1,32971,45,30,AMBIGUOUS
114,ZONE_CREATED,33057,2026-04-14T10:21:37.732,9,30,57,102704,102724,893,860,72,0,OFF_PRICE,SHORT,1.038372,0.679604,0.857143,62.21,31,2,,0,0,
115,FIRST_TOUCH,33062,2026-04-14T10:24:41.212,9,30,57,102704,102724,893,,0,1,first_touch,SHORT,1.038372,0.679604,0.857143,62.21,31,2,,0,0,
116,ZONE_INVALIDATED,33070,2026-04-14T10:27:13.320,9,27,55,102624,102649,1023,,0,11,close_through_down,LONG,1.356764,0.803614,1,83.31,40,1,32950,8,12,STOP
117,ZONE_INVALIDATED,33096,2026-04-14T10:30:00.896,9,30,57,102704,102724,893,,0,5,close_through_up,SHORT,1.038372,0.679604,0.857143,62.21,31,2,33062,14,9,AMBIGUOUS
118,AT_PRICE_CREATED,33227,2026-04-14T10:35:54.300,9,31,58,102956,102973,974,832,342,0,AT_PRICE,NEUTRAL,1.170673,0.75387,0.944444,54.45,0,1,,0,0,
119,ZONE_CREATED,33307,2026-04-14T10:40:48.664,9,31,59,102856,102877,885,832,342,0,OFF_PRICE,SHORT,1.063702,0.710273,0.909091,55.18,7,1,,0,0,
120,FIRST_TOUCH,33310,2026-04-14T10:41:02.296,9,31,59,102856,102877,885,,0,1,first_touch,SHORT,1.063702,0.710273,0.909091,55.18,7,1,,0,0,
121,ZONE_INVALIDATED,33312,2026-04-14T10:41:04.308,9,31,59,102856,102877,885,,0,3,close_through_up,SHORT,1.063702,0.710273,0.909091,55.18,7,1,33310,12,8,AMBIGUOUS
122,ZONE_CREATED,33987,2026-04-14T11:56:29.692,9,33,60,103254,103265,932,928,245,0,OFF_PRICE,SHORT,1.00431,0.710908,1,51.14,6,1,,0,0,
123,FIRST_TOUCH,33988,2026-04-14T11:56:49.444,9,33,60,103254,103265,932,,0,1,first_touch,SHORT,1.00431,0.710908,1,51.14,6,1,,0,0,
124,ZONE_INVALIDATED,34145,2026-04-14T12:20:53.364,9,33,60,103254,103265,932,,0,7,close_through_up,SHORT,1.00431,0.710908,1,51.14,6,1,33988,23,1,TARGET
125,ZONE_CREATED,34507,2026-04-14T13:15:07.304,9,36,61,103546,103557,886,790,149,0,OFF_PRICE,LONG,1.121519,0.65727,0.916667,65.59,19,1,,0,0,
126,AT_PRICE_CREATED,34557,2026-04-14T13:24:18.032,9,36,62,103658,103671,810,790,149,0,AT_PRICE,NEUTRAL,1.025316,0.609023,1,45.11,0,1,,0,0,
127,ZONE_CREATED,34617,2026-04-14T13:33:47.476,9,37,63,103662,103672,849,712,123,0,OFF_PRICE,SHORT,1.192416,0.640271,0.909091,66.27,6,2,,0,0,
128,FIRST_TOUCH,34619,2026-04-14T13:34:03.652,9,37,63,103662,103672,849,,0,1,first_touch,SHORT,1.192416,0.640271,0.909091,66.27,6,2,,0,0,
129,ZONE_CREATED,34627,2026-04-14T13:35:49.512,9,37,64,103653,103660,910,712,123,0,OFF_PRICE,SHORT,1.27809,0.68012,1,84.47,14,3,,0,0,
130,FIRST_TOUCH,34633,2026-04-14T13:36:33.476,9,37,64,103653,103660,910,,0,1,first_touch,SHORT,1.27809,0.68012,1,84.47,14,3,,0,0,
131,ZONE_INVALIDATED,34636,2026-04-14T13:37:12.192,9,37,64,103653,103660,910,,0,4,close_through_up,SHORT,1.27809,0.68012,1,84.47,14,3,34633,7,8,STOP
132,ZONE_INVALIDATED,34639,2026-04-14T13:37:44.988,9,37,63,103662,103672,849,,0,9,close_through_up,SHORT,1.192416,0.640271,0.909091,66.27,6,2,34619,14,6,TARGET
133,ZONE_CREATED,34667,2026-04-14T13:45:05.324,9,37,65,103691,103702,748,712,123,0,OFF_PRICE,LONG,1.050562,0.585748,0.916667,57.29,4,4,,0,0,
134,FIRST_TOUCH,34670,2026-04-14T13:45:38.052,9,37,65,103691,103702,748,,0,1,first_touch,LONG,1.050562,0.585748,0.916667,57.29,4,4,,0,0,
135,ZONE_INVALIDATED,34707,2026-04-14T13:53:24.028,9,37,65,103691,103702,748,,0,13,close_through_down,LONG,1.050562,0.585748,0.916667,57.29,4,4,34670,17,0,TARGET
136,ZONE_CREATED,34717,2026-04-14T13:55:26.856,9,37,66,103676,103690,923,712,123,0,OFF_PRICE,SHORT,1.296348,0.696078,0.933333,79.74,8,5,,0,0,
137,AT_PRICE_CREATED,34737,2026-04-14T13:58:57.872,9,37,67,103638,103654,961,712,123,0,AT_PRICE,NEUTRAL,1.349719,0.735272,0.941176,73.6,0,5,,0,0,
138,FIRST_TOUCH,34743,2026-04-14T14:00:04.740,9,37,66,103676,103690,923,,0,1,first_touch,SHORT,1.296348,0.696078,0.933333,79.74,8,5,,0,0,
139,ZONE_INVALIDATED,34748,2026-04-14T14:01:09.216,9,37,66,103676,103690,923,,0,6,close_through_up,SHORT,1.296348,0.696078,0.933333,79.74,8,5,34743,12,5,TARGET
140,AT_PRICE_CREATED,34757,2026-04-14T14:03:21.060,9,38,68,103686,103698,1056,870,106,0,AT_PRICE,NEUTRAL,1.213793,0.821151,1,64.97,0,6,,0,0,
141,FIRST_TOUCH,35122,2026-04-14T15:24:54.352,9,36,61,103546,103557,886,,0,1,first_touch,LONG,1.121519,0.65727,0.916667,65.59,19,1,,0,0,
142,ZONE_CREATED,35978,2026-04-14T20:34:56.008,10,3,69,104040,104060,732,688,28,0,OFF_PRICE,LONG,1.063953,0.560061,0.952381,62.1,38,1,,0,0,
143,FIRST_TOUCH,36004,2026-04-14T21:00:01.204,10,3,69,104040,104060,732,,0,1,first_touch,LONG,1.063953,0.560061,0.952381,62.1,38,1,,0,0,
144,ZONE_INVALIDATED,36009,2026-04-14T21:04:24.872,10,3,69,104040,104060,732,,0,6,close_through_down,LONG,1.063953,0.560061,0.952381,62.1,38,1,36004,22,10,AMBIGUOUS
145,ZONE_CREATED,36288,2026-04-15T04:41:00.168,10,19,70,103987,103996,665,578,26,0,OFF_PRICE,LONG,1.150519,0.526941,1,68.87,20,1,,0,0,
146,FIRST_TOUCH,36289,2026-04-15T04:42:03.288,10,19,70,103987,103996,665,,0,1,first_touch,LONG,1.150519,0.526941,1,68.87,20,1,,0,0,
147,ZONE_INVALIDATED,36289,2026-04-15T04:42:03.288,10,19,70,103987,103996,665,,0,1,close_through_down,LONG,1.150519,0.526941,1,68.87,20,1,36289,24,14,AMBIGUOUS
148,AT_PRICE_CREATED,36318,2026-04-15T05:13:40.640,10,20,71,104043,104060,797,746,32,0,AT_PRICE,NEUTRAL,1.068365,0.609327,0.888889,46.45,0,1,,0,0,
149,AT_PRICE_CREATED,36898,2026-04-15T10:40:17.468,10,31,72,104188,104216,1012,844,384,0,AT_PRICE,NEUTRAL,1.199052,0.780864,0.931034,56.23,0,1,,0,0,
150,AT_PRICE_CREATED,37238,2026-04-15T11:12:33.860,10,32,73,104288,104314,1012,896,283,0,AT_PRICE,NEUTRAL,1.129464,0.764928,1,52.4,0,1,,0,0,
151,ZONE_CREATED,37278,2026-04-15T11:16:08.796,10,32,74,104382,104397,904,896,283,0,OFF_PRICE,SHORT,1.008929,0.670623,0.9375,56.77,11,1,,0,0,
152,FIRST_TOUCH,37280,2026-04-15T11:16:21.448,10,32,74,104382,104397,904,,0,1,first_touch,SHORT,1.008929,0.670623,0.9375,56.77,11,1,,0,0,
153,ZONE_INVALIDATED,37281,2026-04-15T11:16:30.328,10,32,74,104382,104397,904,,0,2,close_through_up,SHORT,1.008929,0.670623,0.9375,56.77,11,1,37280,4,16,STOP
154,ZONE_CREATED,37418,2026-04-15T11:29:47.740,10,32,75,104510,104526,1076,896,283,0,OFF_PRICE,LONG,1.200893,0.84858,1,58.65,1,1,,0,0,
155,FIRST_TOUCH,37419,2026-04-15T11:29:56.024,10,32,75,104510,104526,1076,,0,1,first_touch,LONG,1.200893,0.84858,1,58.65,1,1,,0,0,
156,ZONE_INVALIDATED,37429,2026-04-15T11:30:28.468,10,32,75,104510,104526,1076,,0,6,close_through_down,LONG,1.200893,0.84858,1,58.65,1,1,37419,2,11,STOP
157,ZONE_CREATED,37718,2026-04-15T12:06:15.992,10,34,76,104666,104686,941,858,200,0,OFF_PRICE,SHORT,1.096737,0.72608,0.952381,64.39,21,1,,0,0,
158,FIRST_TOUCH,37764,2026-04-15T12:11:12.776,10,34,76,104666,104686,941,,0,1,first_touch,SHORT,1.096737,0.72608,0.952381,64.39,21,1,,0,0,
159,ZONE_INVALIDATED,37769,2026-04-15T12:12:00.960,10,34,76,104666,104686,941,,0,4,close_through_up,SHORT,1.096737,0.72608,0.952381,64.39,21,1,37764,22,4,TARGET
160,ZONE_CREATED,38318,2026-04-15T13:41:33.156,10,37,77,104657,104673,998,910,138,0,OFF_PRICE,SHORT,1.096703,0.700843,0.941176,51.72,2,1,,0,0,
161,FIRST_TOUCH,38319,2026-04-15T13:41:34.396,10,37,77,104657,104673,998,,0,1,first_touch,SHORT,1.096703,0.700843,0.941176,51.72,2,1,,0,0,
162,ZONE_INVALIDATED,38558,2026-04-15T14:05:34.720,10,37,77,104657,104673,998,,0,15,close_through_up,SHORT,1.096703,0.700843,0.941176,51.72,2,1,38319,33,0,TARGET
163,ZONE_CREATED,39498,2026-04-15T16:54:10.076,10,43,78,105368,105384,1023,987,254,0,OFF_PRICE,LONG,1.036474,0.744,1,60.89,26,1,,0,0,
164,ZONE_CREATED,39658,2026-04-15T17:00:01.356,10,44,79,105450,105461,1031,1004,80,0,OFF_PRICE,LONG,1.026892,0.730687,1,57.72,10,1,,0,0,
165,FIRST_TOUCH,39659,2026-04-15T17:00:02.292,10,44,79,105450,105461,1031,,0,1,first_touch,LONG,1.026892,0.730687,1,57.72,10,1,,0,0,
166,ZONE_INVALIDATED,39667,2026-04-15T17:00:22.524,10,44,79,105450,105461,1031,,0,6,close_through_down,LONG,1.026892,0.730687,1,57.72,10,1,39659,12,0,TARGET
167,FIRST_TOUCH,39677,2026-04-15T17:00:54.944,10,43,78,105368,105384,1023,,0,1,first_touch,LONG,1.036474,0.744,1,60.89,26,1,,0,0,
168,AT_PRICE_CREATED,39688,2026-04-15T17:01:58.168,10,44,80,105410,105425,1028,1004,80,0,AT_PRICE,NEUTRAL,1.023904,0.740101,1,48.34,0,2,,0,0,
169,ZONE_INVALIDATED,39700,2026-04-15T17:05:18.392,10,43,78,105368,105384,1023,,0,9,close_through_down,LONG,1.036474,0.744,1,60.89,26,1,39677,18,4,TARGET
170,ZONE_CREATED,40105,2026-04-16T03:43:14.828,11,17,81,105906,105921,648,622,25,0,OFF_PRICE,SHORT,1.041801,0.5,1,56.26,8,1,,0,0,
171,FIRST_TOUCH,40106,2026-04-16T03:43:50.144,11,17,81,105906,105921,648,,0,1,first_touch,SHORT,1.041801,0.5,1,56.26,8,1,,0,0,
172,ZONE_INVALIDATED,40108,2026-04-16T03:47:03.976,11,17,81,105906,105921,648,,0,3,close_through_up,SHORT,1.041801,0.5,1,56.26,8,1,40106,10,15,STOP
173,ZONE_CREATED,40325,2026-04-16T07:52:42.004,11,25,82,105519,105550,942,871,34,0,OFF_PRICE,LONG,1.081515,0.704562,0.9375,54.35,5,1,,0,0,
174,FIRST_TOUCH,40367,2026-04-16T08:27:22.640,11,25,82,105519,105550,942,,0,1,first_touch,LONG,1.081515,0.704562,0.9375,54.35,5,1,,0,0,
175,ZONE_INVALIDATED,40609,2026-04-16T10:31:32.864,11,25,82,105519,105550,942,,0,11,close_through_down,LONG,1.081515,0.704562,0.9375,54.35,5,1,40367,11,15,STOP
176,ZONE_CREATED,40675,2026-04-16T10:35:27.900,11,31,83,105555,105580,880,844,425,0,OFF_PRICE,SHORT,1.042654,0.661157,0.923077,60.17,24,1,,0,0,
177,FIRST_TOUCH,40726,2026-04-16T10:37:55.668,11,31,83,105555,105580,880,,0,1,first_touch,SHORT,1.042654,0.661157,0.923077,60.17,24,1,,0,0,
178,ZONE_INVALIDATED,40734,2026-04-16T10:38:13.436,11,31,83,105555,105580,880,,0,8,close_through_up,SHORT,1.042654,0.661157,0.923077,60.17,24,1,40726,18,2,TARGET
179,ZONE_CREATED,41225,2026-04-16T11:09:42.104,11,32,84,105377,105398,949,904,312,0,OFF_PRICE,SHORT,1.049779,0.705052,0.909091,57.95,10,1,,0,0,
180,FIRST_TOUCH,41226,2026-04-16T11:09:48.484,11,32,84,105377,105398,949,,0,1,first_touch,SHORT,1.049779,0.705052,0.909091,57.95,10,1,,0,0,
181,ZONE_INVALIDATED,41229,2026-04-16T11:10:07.496,11,32,84,105377,105398,949,,0,4,close_through_up,SHORT,1.049779,0.705052,0.909091,57.95,10,1,41226,12,23,AMBIGUOUS
182,ZONE_CREATED,41395,2026-04-16T11:24:37.064,11,32,85,105279,105307,1176,904,312,0,OFF_PRICE,LONG,1.300885,0.879581,0.965517,78.88,13,1,,0,0,
183,ZONE_CREATED,41915,2026-04-16T12:17:37.624,11,34,86,105922,105936,939,885,222,0,OFF_PRICE,LONG,1.061017,0.74583,1,52.6,4,1,,0,0,
184,FIRST_TOUCH,41916,2026-04-16T12:17:43.720,11,34,86,105922,105936,939,,0,1,first_touch,LONG,1.061017,0.74583,1,52.6,4,1,,0,0,
185,ZONE_INVALIDATED,41923,2026-04-16T12:19:03.504,11,34,86,105922,105936,939,,0,7,close_through_down,LONG,1.061017,0.74583,1,52.6,4,1,41916,12,0,TARGET
186,AT_PRICE_CREATED,42045,2026-04-16T12:32:26.412,11,35,87,105893,105910,1071,880,206,0,AT_PRICE,NEUTRAL,1.217045,0.751579,1,61.86,0,2,,0,0,
187,ZONE_CREATED,42405,2026-04-16T13:20:50.504,11,36,88,106238,106248,855,810,179,0,OFF_PRICE,SHORT,1.055556,0.660742,1,60.97,11,1,,0,0,
188,AT_PRICE_CREATED,42575,2026-04-16T13:36:53.900,11,37,89,105912,105942,959,910,168,0,AT_PRICE,NEUTRAL,1.053846,0.761111,0.935484,46.13,0,1,,0,0,
189,ZONE_CREATED,43085,2026-04-16T14:57:08.924,11,39,90,105828,105845,956,917,129,0,OFF_PRICE,SHORT,1.04253,0.753349,1,57.56,9,1,,0,0,
190,FIRST_TOUCH,43086,2026-04-16T14:57:10.780,11,39,90,105828,105845,956,,0,1,first_touch,SHORT,1.04253,0.753349,1,57.56,9,1,,0,0,
191,ZONE_INVALIDATED,43090,2026-04-16T14:57:15.112,11,39,90,105828,105845,956,,0,4,close_through_up,SHORT,1.04253,0.753349,1,57.56,9,1,43086,15,13,AMBIGUOUS
192,AT_PRICE_CREATED,43345,2026-04-16T15:23:46.964,11,40,91,105541,105553,1116,858,169,0,AT_PRICE,NEUTRAL,1.300699,0.718147,1,64.38,0,1,,0,0,
193,ZONE_CREATED,44322,2026-04-16T23:07:56.256,12,8,92,105956,105978,974,705,31,0,OFF_PRICE,SHORT,1.38156,0.759158,0.956522,84.39,25,1,,0,0,
194,ZONE_CREATED,44332,2026-04-16T23:25:04.156,12,8,93,105889,105917,841,705,31,0,OFF_PRICE,SHORT,1.192908,0.682076,0.965517,71.32,53,1,,0,0,
195,FIRST_TOUCH,44338,2026-04-16T23:32:24.596,12,8,93,105889,105917,841,,0,1,first_touch,SHORT,1.192908,0.682076,0.965517,71.32,53,1,,0,0,
196,ZONE_INVALIDATED,44443,2026-04-17T04:07:04.684,12,8,93,105889,105917,841,,0,30,close_through_up,SHORT,1.192908,0.682076,0.965517,71.32,53,1,44338,26,7,TARGET
197,FIRST_TOUCH,44471,2026-04-17T04:57:53.516,12,8,92,105956,105978,974,,0,1,first_touch,SHORT,1.38156,0.759158,0.956522,84.39,25,1,,0,0,
198,ZONE_INVALIDATED,44484,2026-04-17T05:20:31.240,12,8,92,105956,105978,974,,0,11,close_through_up,SHORT,1.38156,0.759158,0.956522,84.39,25,1,44471,15,13,AMBIGUOUS
199,FIRST_TOUCH,44636,2026-04-17T08:50:45.620,12,36,88,106238,106248,855,,0,1,first_touch,SHORT,1.055556,0.660742,1,60.97,11,1,,0,0,
200,ZONE_INVALIDATED,44636,2026-04-17T08:50:45.620,12,36,88,106238,106248,855,,0,1,close_through_up,SHORT,1.055556,0.660742,1,60.97,11,1,44636,20,17,AMBIGUOUS
201,ZONE_CREATED,45322,2026-04-17T10:35:06.584,12,31,94,106669,106700,952,844,480,0,OFF_PRICE,LONG,1.127962,0.722855,0.90625,65.88,21,1,,0,0,
202,FIRST_TOUCH,45323,2026-04-17T10:35:09.876,12,31,94,106669,106700,952,,0,1,first_touch,LONG,1.127962,0.722855,0.90625,65.88,21,1,,0,0,
203,ZONE_INVALIDATED,45508,2026-04-17T10:47:04.072,12,31,94,106669,106700,952,,0,21,close_through_down,LONG,1.127962,0.722855,0.90625,65.88,21,1,45323,27,11,AMBIGUOUS
204,ZONE_CREATED,46282,2026-04-17T11:55:06.592,12,33,95,107337,107354,964,923,318,0,OFF_PRICE,SHORT,1.04442,0.699057,1,53.94,6,1,,0,0,
205,FIRST_TOUCH,46313,2026-04-17T11:56:54.596,12,33,95,107337,107354,964,,0,1,first_touch,SHORT,1.04442,0.699057,1,53.94,6,1,,0,0,
206,ZONE_INVALIDATED,46320,2026-04-17T11:57:40.092,12,33,95,107337,107354,964,,0,8,close_through_up,SHORT,1.04442,0.699057,1,53.94,6,1,46313,30,1,TARGET
207,ZONE_CREATED,46712,2026-04-17T12:43:34.420,12,35,96,107332,107353,999,959,234,0,OFF_PRICE,SHORT,1.04171,0.780469,1,61.25,36,1,,0,0,
208,FIRST_TOUCH,46732,2026-04-17T12:45:50.836,12,35,96,107332,107353,999,,0,1,first_touch,SHORT,1.04171,0.780469,1,61.25,36,1,,0,0,
209,ZONE_INVALIDATED,46754,2026-04-17T12:49:21.220,12,35,96,107332,107353,999,,0,5,close_through_up,SHORT,1.04171,0.780469,1,61.25,36,1,46732,13,6,TARGET
210,AT_PRICE_CREATED,46972,2026-04-17T13:19:33.304,12,36,97,107343,107367,1056,833,195,0,AT_PRICE,NEUTRAL,1.267707,0.697951,0.92,60.87,0,1,,0,0,
211,ZONE_CREATED,47572,2026-04-17T14:38:02.212,12,39,98,107164,107180,1028,933,146,0,OFF_PRICE,LONG,1.101822,0.667099,1,65.46,20,1,,0,0,
212,FIRST_TOUCH,47577,2026-04-17T14:38:31.168,12,39,98,107164,107180,1028,,0,1,first_touch,LONG,1.101822,0.667099,1,65.46,20,1,,0,0,
213,ZONE_INVALIDATED,47581,2026-04-17T14:39:22.084,12,39,98,107164,107180,1028,,0,5,close_through_down,LONG,1.101822,0.667099,1,65.46,20,1,47577,14,16,AMBIGUOUS
214,ZONE_CREATED,48002,2026-04-17T15:49:39.612,12,41,99,107208,107228,967,904,162,0,OFF_PRICE,SHORT,1.06969,0.718959,0.904762,61.78,13,1,,0,0,
215,FIRST_TOUCH,48004,2026-04-17T15:49:52.248,12,41,99,107208,107228,967,,0,1,first_touch,SHORT,1.06969,0.718959,0.904762,61.78,13,1,,0,0,
216,ZONE_INVALIDATED,48212,2026-04-17T16:33:39.952,12,41,99,107208,107228,967,,0,8,close_through_up,SHORT,1.06969,0.718959,0.904762,61.78,13,1,48004,21,6,TARGET
217,ZONE_CREATED,48302,2026-04-17T16:50:00.076,12,43,100,107218,107243,1161,987,312,0,OFF_PRICE,LONG,1.176292,0.878215,1,70.67,45,1,,0,0,
218,FIRST_TOUCH,48304,2026-04-17T16:50:00.376,12,43,100,107218,107243,1161,,0,1,first_touch,LONG,1.176292,0.878215,1,70.67,45,1,,0,0,
219,ZONE_INVALIDATED,48305,2026-04-17T16:50:01.180,12,43,100,107218,107243,1161,,0,2,close_through_down,LONG,1.176292,0.878215,1,70.67,45,1,48304,30,9,AMBIGUOUS
220,ZONE_CREATED,49518,2026-04-20T10:29:44.980,13,30,101,107159,107171,891,860,122,0,OFF_PRICE,LONG,1.036047,0.665422,1,60.86,20,1,,0,0,
221,FIRST_TOUCH,49521,2026-04-20T10:29:59.008,13,30,101,107159,107171,891,,0,1,first_touch,LONG,1.036047,0.665422,1,60.86,20,1,,0,0,
222,ZONE_INVALIDATED,49564,2026-04-20T10:31:01.440,13,30,101,107159,107171,891,,0,3,close_through_down,LONG,1.036047,0.665422,1,60.86,20,1,49521,24,1,TARGET
223,AT_PRICE_CREATED,49868,2026-04-20T10:54:48.084,13,31,102,107088,107119,1041,844,534,0,AT_PRICE,NEUTRAL,1.233412,0.809487,1,59.67,0,1,,0,0,
224,AT_PRICE_CREATED,51278,2026-04-20T13:32:23.172,13,37,103,106725,106740,924,910,209,0,AT_PRICE,NEUTRAL,1.015385,0.729858,1,44.41,0,1,,0,0,
225,ZONE_CREATED,52078,2026-04-20T16:50:00.040,13,43,104,106880,106898,1065,1003,341,0,OFF_PRICE,LONG,1.061815,0.816718,1,62.66,12,1,,0,0,
226,FIRST_TOUCH,52079,2026-04-20T16:50:00.108,13,43,104,106880,106898,1065,,0,1,first_touch,LONG,1.061815,0.816718,1,62.66,12,1,,0,0,
227,ZONE_INVALIDATED,52080,2026-04-20T16:50:01.032,13,43,104,106880,106898,1065,,0,2,close_through_down,LONG,1.061815,0.816718,1,62.66,12,1,52079,20,11,AMBIGUOUS
228,AT_PRICE_CREATED,52640,2026-04-21T04:21:55.328,14,18,105,107280,107300,766,764,43,0,AT_PRICE,NEUTRAL,1.002618,0.574213,1,43.52,0,1,,0,0,
229,ZONE_CREATED,52700,2026-04-21T06:01:46.468,14,22,106,107382,107401,673,633,33,0,OFF_PRICE,SHORT,1.063191,0.492679,1,62.76,71,1,,0,0,
230,FIRST_TOUCH,52728,2026-04-21T06:55:14.096,14,22,106,107382,107401,673,,0,1,first_touch,SHORT,1.063191,0.492679,1,62.76,71,1,,0,0,
231,ZONE_INVALIDATED,52737,2026-04-21T07:09:06.156,14,22,106,107382,107401,673,,0,5,close_through_up,SHORT,1.063191,0.492679,1,62.76,71,1,52728,20,6,TARGET
232,AT_PRICE_CREATED,53510,2026-04-21T11:07:20.360,14,32,107,107368,107381,934,904,405,0,AT_PRICE,NEUTRAL,1.033186,0.719569,1,45.66,0,1,,0,0,
233,AT_PRICE_CREATED,54470,2026-04-21T12:34:50.572,14,35,108,106938,106970,1017,959,278,0,AT_PRICE,NEUTRAL,1.06048,0.787761,0.969697,47.11,0,1,,0,0,
234,AT_PRICE_CREATED,54610,2026-04-21T12:50:28.968,14,35,109,106898,106914,1017,959,278,0,AT_PRICE,NEUTRAL,1.06048,0.659961,1,47.57,0,1,,0,0,
235,ZONE_CREATED,54900,2026-04-21T13:35:02.724,14,37,110,106908,106927,990,923,221,0,OFF_PRICE,LONG,1.072589,0.753425,1,63.41,33,1,,0,0,
236,FIRST_TOUCH,54908,2026-04-21T13:36:16.916,14,37,110,106908,106927,990,,0,1,first_touch,LONG,1.072589,0.753425,1,63.41,33,1,,0,0,
237,ZONE_INVALIDATED,54910,2026-04-21T13:36:26.676,14,37,110,106908,106927,990,,0,3,close_through_down,LONG,1.072589,0.753425,1,63.41,33,1,54908,23,7,TARGET
238,ZONE_CREATED,54990,2026-04-21T13:46:28.500,14,37,111,106770,106784,977,923,221,0,OFF_PRICE,LONG,1.058505,0.673793,1,59.93,10,1,,0,0,
239,FIRST_TOUCH,55021,2026-04-21T13:51:47.280,14,37,111,106770,106784,977,,0,1,first_touch,LONG,1.058505,0.673793,1,59.93,10,1,,0,0,
240,ZONE_INVALIDATED,55032,2026-04-21T13:54:10.868,14,37,111,106770,106784,977,,0,9,close_through_down,LONG,1.058505,0.673793,1,59.93,10,1,55021,19,0,TARGET
241,AT_PRICE_CREATED,55230,2026-04-21T14:11:42.216,14,38,112,106560,106580,884,859,203,0,AT_PRICE,NEUTRAL,1.029104,0.683153,0.952381,44.66,0,1,,0,0,
242,AT_PRICE_CREATED,55300,2026-04-21T14:18:41.308,14,38,113,106483,106513,1025,859,203,0,AT_PRICE,NEUTRAL,1.193248,0.747629,1,56.86,0,1,,0,0,
243,AT_PRICE_CREATED,56270,2026-04-21T16:30:22.296,14,43,114,107104,107120,1017,1003,363,0,AT_PRICE,NEUTRAL,1.013958,0.751663,0.941176,43.43,0,1,,0,0,
244,ZONE_CREATED,56910,2026-04-21T17:37:35.908,14,45,115,106954,106978,868,822,44,0,OFF_PRICE,SHORT,1.055961,0.642012,0.92,47.3,1,1,,0,0,
245,FIRST_TOUCH,56911,2026-04-21T17:38:13.052,14,45,115,106954,106978,868,,0,1,first_touch,SHORT,1.055961,0.642012,0.92,47.3,1,1,,0,0,
246,ZONE_INVALIDATED,56943,2026-04-21T19:00:50.088,15,45,115,106954,106978,868,,0,11,close_through_up,SHORT,1.055961,0.642012,0.92,47.3,1,1,56911,13,18,AMBIGUOUS
247,ZONE_CREATED,57020,2026-04-21T21:09:25.968,15,4,116,107104,107133,893,808,57,0,OFF_PRICE,LONG,1.105198,0.703704,0.933333,64.7,32,1,,0,0,
248,ZONE_CREATED,57120,2026-04-21T23:33:18.528,15,9,117,107302,107320,773,764,26,0,OFF_PRICE,SHORT,1.01178,0.560958,0.894737,57.58,30,1,,0,0,
249,FIRST_TOUCH,57122,2026-04-21T23:36:53.728,15,9,117,107302,107320,773,,0,1,first_touch,SHORT,1.01178,0.560958,0.894737,57.58,30,1,,0,0,
250,FIRST_TOUCH,57178,2026-04-22T01:53:43.296,15,4,116,107104,107133,893,,0,1,first_touch,LONG,1.105198,0.703704,0.933333,64.7,32,1,,0,0,
251,ZONE_INVALIDATED,57180,2026-04-22T01:55:56.928,15,4,116,107104,107133,893,,0,3,close_through_down,LONG,1.105198,0.703704,0.933333,64.7,32,1,57178,27,13,AMBIGUOUS
252,ZONE_INVALIDATED,57197,2026-04-22T02:16:22.052,15,9,117,107302,107320,773,,0,6,close_through_up,SHORT,1.01178,0.560958,0.894737,57.58,30,1,57122,13,0,TARGET
253,AT_PRICE_CREATED,57210,2026-04-22T02:18:30.104,15,14,118,107257,107287,824,747,24,0,AT_PRICE,NEUTRAL,1.103079,0.665052,0.967742,53.4,0,2,,0,0,
254,ZONE_CREATED,57260,2026-04-22T03:28:01.572,15,16,119,107234,107264,990,820,37,0,OFF_PRICE,LONG,1.207317,0.775255,0.967742,75.69,13,2,,0,0,
255,AT_PRICE_CREATED,57270,2026-04-22T03:40:11.592,15,17,120,107344,107378,848,648,31,0,AT_PRICE,NEUTRAL,1.308642,0.666667,0.885714,63.22,0,1,,0,0,
256,FIRST_TOUCH,57347,2026-04-22T05:22:13.456,15,16,119,107234,107264,990,,0,1,first_touch,LONG,1.207317,0.775255,0.967742,75.69,13,2,,0,0,
257,ZONE_INVALIDATED,57360,2026-04-22T05:33:14.720,15,16,119,107234,107264,990,,0,13,close_through_down,LONG,1.207317,0.775255,0.967742,75.69,13,2,57347,18,16,AMBIGUOUS
258,AT_PRICE_CREATED,57520,2026-04-22T08:09:13.200,15,26,121,107297,107326,927,801,52,0,AT_PRICE,NEUTRAL,1.157303,0.748184,0.933333,53.34,0,1,,0,0,
259,ZONE_CREATED,57590,2026-04-22T09:12:02.644,15,28,122,107460,107480,916,839,81,0,OFF_PRICE,SHORT,1.091776,0.693939,0.952381,52.79,3,1,,0,0,
260,FIRST_TOUCH,57591,2026-04-22T09:12:30.148,15,28,122,107460,107480,916,,0,1,first_touch,SHORT,1.091776,0.693939,0.952381,52.79,3,1,,0,0,
261,ZONE_INVALIDATED,57591,2026-04-22T09:12:30.148,15,28,122,107460,107480,916,,0,1,close_through_up,SHORT,1.091776,0.693939,0.952381,52.79,3,1,57591,4,31,STOP
262,AT_PRICE_CREATED,58220,2026-04-22T10:59:11.136,15,31,123,107396,107418,979,832,614,0,AT_PRICE,NEUTRAL,1.176683,0.777601,1,55.7,0,1,,0,0,
263,AT_PRICE_CREATED,58880,2026-04-22T12:00:07.360,15,34,124,107876,107894,902,850,352,0,AT_PRICE,NEUTRAL,1.061176,0.68437,0.947368,46.83,0,1,,0,0,
264,ZONE_CREATED,59320,2026-04-22T13:05:40.340,15,36,125,107970,107992,894,833,248,0,OFF_PRICE,LONG,1.073229,0.676248,0.956522,56.56,7,1,,0,0,
265,FIRST_TOUCH,59325,2026-04-22T13:06:26.336,15,36,125,107970,107992,894,,0,1,first_touch,LONG,1.073229,0.676248,0.956522,56.56,7,1,,0,0,
266,ZONE_INVALIDATED,59331,2026-04-22T13:08:03.760,15,36,125,107970,107992,894,,0,7,close_through_down,LONG,1.073229,0.676248,0.956522,56.56,7,1,59325,13,0,TARGET
267,AT_PRICE_CREATED,59600,2026-04-22T14:02:21.820,15,38,126,107952,107986,923,884,235,0,AT_PRICE,NEUTRAL,1.044118,0.712191,0.914286,45.14,0,1,,0,0,
268,ZONE_CREATED,59860,2026-04-22T14:48:41.528,15,39,127,108120,108137,1020,917,207,0,OFF_PRICE,SHORT,1.112323,0.769811,1,52.45,1,1,,0,0,
269,FIRST_TOUCH,59861,2026-04-22T14:48:44.020,15,39,127,108120,108137,1020,,0,1,first_touch,SHORT,1.112323,0.769811,1,52.45,1,1,,0,0,
270,ZONE_INVALIDATED,59864,2026-04-22T14:49:09.128,15,39,127,108120,108137,1020,,0,4,close_through_up,SHORT,1.112323,0.769811,1,52.45,1,1,59861,19,1,TARGET
271,ZONE_CREATED,59890,2026-04-22T14:58:06.820,15,39,128,108139,108157,944,917,207,0,OFF_PRICE,SHORT,1.029444,0.740973,0.894737,50.9,3,2,,0,0,
272,FIRST_TOUCH,59891,2026-04-22T14:58:32.124,15,39,128,108139,108157,944,,0,1,first_touch,SHORT,1.029444,0.740973,0.894737,50.9,3,2,,0,0,
273,ZONE_INVALIDATED,59891,2026-04-22T14:58:32.124,15,39,128,108139,108157,944,,0,1,close_through_up,SHORT,1.029444,0.740973,0.894737,50.9,3,2,59891,4,19,STOP
274,ZONE_CREATED,60410,2026-04-22T16:50:00.076,15,43,129,108230,108248,1069,1003,408,0,OFF_PRICE,LONG,1.065803,0.839089,1,62.94,19,1,,0,0,
275,FIRST_TOUCH,60416,2026-04-22T16:50:01.760,15,43,129,108230,108248,1069,,0,1,first_touch,LONG,1.065803,0.839089,1,62.94,19,1,,0,0,
276,ZONE_INVALIDATED,60417,2026-04-22T16:50:02.120,15,43,129,108230,108248,1069,,0,2,close_through_down,LONG,1.065803,0.839089,1,62.94,19,1,60416,38,10,AMBIGUOUS
277,ZONE_CREATED,60730,2026-04-22T17:22:07.116,15,44,130,108408,108432,1046,1028,131,0,OFF_PRICE,SHORT,1.01751,0.805235,0.96,50.21,5,1,,0,0,
278,FIRST_TOUCH,60731,2026-04-22T17:22:42.488,15,44,130,108408,108432,1046,,0,1,first_touch,SHORT,1.01751,0.805235,0.96,50.21,5,1,,0,0,
279,ZONE_INVALIDATED,60743,2026-04-22T17:33:27.160,15,44,130,108408,108432,1046,,0,9,close_through_up,SHORT,1.01751,0.805235,0.96,50.21,5,1,60731,24,1,TARGET
280,AT_PRICE_CREATED,60760,2026-04-22T17:48:09.672,15,45,131,108374,108392,951,868,49,0,AT_PRICE,NEUTRAL,1.095622,0.736068,0.947368,52.57,0,2,,0,0,
281,AT_PRICE_CREATED,61111,2026-04-23T00:03:35.796,16,10,132,107777,107807,802,591,22,0,AT_PRICE,NEUTRAL,1.357022,0.618827,0.903226,66.87,0,1,,0,0,
282,ZONE_CREATED,61121,2026-04-23T00:10:36.696,16,10,133,107736,107752,615,591,22,0,OFF_PRICE,SHORT,1.040609,0.477484,1,61.18,14,1,,0,0,
283,FIRST_TOUCH,61122,2026-04-23T00:11:42.752,16,10,133,107736,107752,615,,0,1,first_touch,SHORT,1.040609,0.477484,1,61.18,14,1,,0,0,
284,ZONE_INVALIDATED,61204,2026-04-23T01:33:02.148,16,10,133,107736,107752,615,,0,5,close_through_up,SHORT,1.040609,0.477484,1,61.18,14,1,61122,28,4,TARGET
285,ZONE_CREATED,61411,2026-04-23T06:12:35.144,16,22,134,107593,107618,852,673,39,0,OFF_PRICE,LONG,1.265973,0.656394,0.884615,75.22,14,1,,0,0,
286,FIRST_TOUCH,61413,2026-04-23T06:14:37.624,16,22,134,107593,107618,852,,0,1,first_touch,LONG,1.265973,0.656394,0.884615,75.22,14,1,,0,0,
287,AT_PRICE_CREATED,61971,2026-04-23T10:39:24.012,16,31,135,108135,108168,839,832,650,0,AT_PRICE,NEUTRAL,1.008413,0.662717,0.911765,42.6,0,1,,0,0,
288,ZONE_INVALIDATED,63827,2026-04-23T14:16:49.524,16,22,134,107593,107618,852,,0,4,close_through_down,LONG,1.265973,0.656394,0.884615,75.22,14,1,61413,34,10,AMBIGUOUS
289,ZONE_CREATED,64521,2026-04-23T14:54:22.984,16,39,136,107264,107298,944,944,219,0,OFF_PRICE,SHORT,1,0.747427,1,58.33,37,1,,0,0,
290,FIRST_TOUCH,64527,2026-04-23T14:54:42.336,16,39,136,107264,107298,944,,0,1,first_touch,SHORT,1,0.747427,1,58.33,37,1,,0,0,
291,ZONE_INVALIDATED,64528,2026-04-23T14:54:45.000,16,39,136,107264,107298,944,,0,2,close_through_up,SHORT,1,0.747427,1,58.33,37,1,64527,36,16,AMBIGUOUS
292,ZONE_CREATED,64641,2026-04-23T15:01:53.216,16,40,137,107577,107612,944,857,270,0,OFF_PRICE,LONG,1.101517,0.685548,0.916667,64.19,21,1,,0,0,
293,FIRST_TOUCH,64659,2026-04-23T15:02:28.500,16,40,137,107577,107612,944,,0,1,first_touch,LONG,1.101517,0.685548,0.916667,64.19,21,1,,0,0,
294,ZONE_INVALIDATED,64690,2026-04-23T15:05:07.124,16,40,137,107577,107612,944,,0,9,close_through_down,LONG,1.101517,0.685548,0.916667,64.19,21,1,64659,22,3,TARGET
295,ZONE_CREATED,65091,2026-04-23T16:01:41.220,16,42,138,107456,107482,859,852,228,0,OFF_PRICE,SHORT,1.008216,0.666925,1,58.91,46,1,,0,0,
296,FIRST_TOUCH,65093,2026-04-23T16:01:56.168,16,42,138,107456,107482,859,,0,1,first_touch,SHORT,1.008216,0.666925,1,58.91,46,1,,0,0,
297,ZONE_INVALIDATED,65113,2026-04-23T16:05:09.936,16,42,138,107456,107482,859,,0,12,close_through_up,SHORT,1.008216,0.666925,1,58.91,46,1,65093,27,1,TARGET
298,AT_PRICE_CREATED,65491,2026-04-23T17:00:00.096,16,43,139,107699,107708,1116,1017,437,0,AT_PRICE,NEUTRAL,1.097345,0.762816,1,50.15,0,1,,0,0,
299,ZONE_CREATED,65511,2026-04-23T17:01:00.148,16,44,140,107653,107709,1065,1031,144,0,OFF_PRICE,LONG,1.032978,0.758007,0.859649,61.87,64,2,,0,0,
300,FIRST_TOUCH,65589,2026-04-23T17:16:25.248,16,44,140,107653,107709,1065,,0,1,first_touch,LONG,1.032978,0.758007,0.859649,61.87,64,2,,0,0,
301,ZONE_CREATED,65858,2026-04-23T23:33:24.692,17,9,141,108311,108329,846,773,30,0,OFF_PRICE,LONG,1.094437,0.5875,0.947368,64.15,28,1,,0,0,
302,FIRST_TOUCH,65860,2026-04-23T23:37:18.928,17,9,141,108311,108329,846,,0,1,first_touch,LONG,1.094437,0.5875,0.947368,64.15,28,1,,0,0,
303,ZONE_INVALIDATED,65861,2026-04-23T23:39:42.932,17,9,141,108311,108329,846,,0,2,close_through_down,LONG,1.094437,0.5875,0.947368,64.15,28,1,65860,40,2,TARGET
304,ZONE_CREATED,65968,2026-04-24T02:53:01.712,17,15,142,108278,108293,587,547,32,0,OFF_PRICE,LONG,1.073126,0.437081,0.9375,65.85,39,2,,0,0,
305,FIRST_TOUCH,65986,2026-04-24T03:30:13.824,17,15,142,108278,108293,587,,0,1,first_touch,LONG,1.073126,0.437081,0.9375,65.85,39,2,,0,0,
306,ZONE_INVALIDATED,65995,2026-04-24T03:50:51.412,17,15,142,108278,108293,587,,0,6,close_through_down,LONG,1.073126,0.437081,0.9375,65.85,39,2,65986,18,10,AMBIGUOUS
307,AT_PRICE_CREATED,66018,2026-04-24T04:23:41.592,17,18,143,108401,108426,827,764,50,0,AT_PRICE,NEUTRAL,1.082461,0.646094,0.961538,48.53,0,1,,0,0,
308,ZONE_CREATED,66388,2026-04-24T08:26:11.648,17,26,144,109302,109332,984,805,58,0,OFF_PRICE,LONG,1.22236,0.758674,1,73.9,39,1,,0,0,
309,FIRST_TOUCH,66392,2026-04-24T08:26:59.672,17,26,144,109302,109332,984,,0,1,first_touch,LONG,1.22236,0.758674,1,73.9,39,1,,0,0,
310,ZONE_INVALIDATED,66429,2026-04-24T08:35:45.108,17,26,144,109302,109332,984,,0,15,close_through_down,LONG,1.22236,0.758674,1,73.9,39,1,66392,24,3,TARGET
311,AT_PRICE_CREATED,66688,2026-04-24T10:15:11.460,17,30,145,108968,109005,1082,860,160,0,AT_PRICE,NEUTRAL,1.25814,0.870475,1,61.4,0,1,,0,0,
312,ZONE_CREATED,67528,2026-04-24T11:31:20.236,17,33,146,108756,108798,887,875,474,0,OFF_PRICE,SHORT,1.013714,0.702853,0.930233,58.25,32,1,,0,0,
313,FIRST_TOUCH,67530,2026-04-24T11:31:32.068,17,33,146,108756,108798,887,,0,1,first_touch,SHORT,1.013714,0.702853,0.930233,58.25,32,1,,0,0,
314,ZONE_INVALIDATED,67559,2026-04-24T11:34:44.292,17,33,146,108756,108798,887,,0,8,close_through_up,SHORT,1.013714,0.702853,0.930233,58.25,32,1,67530,16,8,AMBIGUOUS
315,ZONE_CREATED,67898,2026-04-24T12:15:36.016,17,34,147,109273,109285,1045,858,394,0,OFF_PRICE,SHORT,1.217949,0.823483,1,69.84,9,1,,0,0,
316,FIRST_TOUCH,67938,2026-04-24T12:22:11.812,17,34,147,109273,109285,1045,,0,1,first_touch,SHORT,1.217949,0.823483,1,69.84,9,1,,0,0,
317,ZONE_INVALIDATED,67942,2026-04-24T12:23:02.880,17,34,147,109273,109285,1045,,0,5,close_through_up,SHORT,1.217949,0.823483,1,69.84,9,1,67938,16,3,TARGET
318,ZONE_CREATED,68708,2026-04-24T14:18:37.448,17,38,148,109578,109596,1029,874,307,0,OFF_PRICE,SHORT,1.177346,0.784897,0.947368,56.21,1,1,,0,0,
319,FIRST_TOUCH,68709,2026-04-24T14:18:57.172,17,38,148,109578,109596,1029,,0,1,first_touch,SHORT,1.177346,0.784897,0.947368,56.21,1,1,,0,0,
320,ZONE_INVALIDATED,68754,2026-04-24T14:26:43.208,17,38,148,109578,109596,1029,,0,12,close_through_up,SHORT,1.177346,0.784897,0.947368,56.21,1,1,68709,1,16,STOP
321,AT_PRICE_CREATED,69608,2026-04-24T17:01:49.444,17,44,149,109724,109743,1108,1031,156,0,AT_PRICE,NEUTRAL,1.074685,0.798846,0.95,47.81,0,1,,0,0,
322,ZONE_CREATED,69648,2026-04-24T17:14:33.612,17,44,150,109643,109659,1126,1031,156,0,OFF_PRICE,LONG,1.092144,0.807747,1,64.78,23,1,,0,0,
323,FIRST_TOUCH,69650,2026-04-24T17:15:16.636,17,44,150,109643,109659,1126,,0,1,first_touch,LONG,1.092144,0.807747,1,64.78,23,1,,0,0,
324,ZONE_INVALIDATED,69692,2026-04-26T19:00:01.912,18,44,150,109643,109659,1126,,0,5,close_through_down,LONG,1.092144,0.807747,1,64.78,23,1,69650,21,1,TARGET
325,AT_PRICE_CREATED,69811,2026-04-26T21:05:35.612,18,4,151,109588,109615,1118,893,79,0,AT_PRICE,NEUTRAL,1.25196,0.803738,0.964286,60.43,0,1,,0,0,
326,ZONE_CREATED,70081,2026-04-27T02:35:25.940,18,15,152,109835,109856,709,587,34,0,OFF_PRICE,SHORT,1.207836,0.54749,1,72.88,60,1,,0,0,
327,FIRST_TOUCH,70087,2026-04-27T02:42:20.460,18,15,152,109835,109856,709,,0,1,first_touch,SHORT,1.207836,0.54749,1,72.88,60,1,,0,0,
328,ZONE_INVALIDATED,70090,2026-04-27T02:47:04.548,18,15,152,109835,109856,709,,0,4,close_through_up,SHORT,1.207836,0.54749,1,72.88,60,1,70087,33,0,TARGET
329,AT_PRICE_CREATED,70111,2026-04-27T03:14:03.484,18,16,153,109738,109768,1102,990,42,0,AT_PRICE,NEUTRAL,1.113131,0.777699,0.967742,50.77,0,1,,0,0,
330,AT_PRICE_CREATED,70131,2026-04-27T03:40:50.140,18,17,154,109712,109749,967,848,36,0,AT_PRICE,NEUTRAL,1.14033,0.763823,0.947368,55.7,0,2,,0,0,
331,ZONE_CREATED,70631,2026-04-27T10:30:41.596,18,31,155,109604,109633,887,832,733,0,OFF_PRICE,SHORT,1.066106,0.641823,1,62.96,66,1,,0,0,
332,FIRST_TOUCH,70746,2026-04-27T10:37:03.332,18,31,155,109604,109633,887,,0,1,first_touch,SHORT,1.066106,0.641823,1,62.96,66,1,,0,0,
333,ZONE_INVALIDATED,70762,2026-04-27T10:38:16.328,18,31,155,109604,109633,887,,0,12,close_through_up,SHORT,1.066106,0.641823,1,62.96,66,1,70746,22,5,TARGET
334,ZONE_CREATED,70941,2026-04-27T10:49:48.856,18,31,156,109471,109497,952,832,733,0,OFF_PRICE,SHORT,1.144231,0.647179,0.851852,66.21,66,1,,0,0,
335,FIRST_TOUCH,71026,2026-04-27T10:54:36.256,18,31,156,109471,109497,952,,0,1,first_touch,SHORT,1.144231,0.647179,0.851852,66.21,66,1,,0,0,
336,ZONE_INVALIDATED,71028,2026-04-27T10:54:42.428,18,31,156,109471,109497,952,,0,3,close_through_up,SHORT,1.144231,0.647179,0.851852,66.21,66,1,71026,24,2,TARGET
337,AT_PRICE_CREATED,71211,2026-04-27T11:10:32.720,18,32,157,109427,109446,917,900,531,0,AT_PRICE,NEUTRAL,1.018889,0.697338,1,44.66,0,1,,0,0,
338,ZONE_CREATED,72061,2026-04-27T13:00:36.252,18,36,158,109464,109484,937,833,295,0,OFF_PRICE,LONG,1.12485,0.701347,0.952381,55.11,3,1,,0,0,
339,FIRST_TOUCH,72062,2026-04-27T13:00:57.456,18,36,158,109464,109484,937,,0,1,first_touch,LONG,1.12485,0.701347,0.952381,55.11,3,1,,0,0,
340,ZONE_INVALIDATED,72063,2026-04-27T13:01:04.460,18,36,158,109464,109484,937,,0,2,close_through_down,LONG,1.12485,0.701347,0.952381,55.11,3,1,72062,6,18,STOP
341,ZONE_CREATED,73064,2026-04-27T19:15:05.316,19,0,159,109888,109917,893,801,76,0,OFF_PRICE,LONG,1.114856,0.679087,0.9,64.87,31,1,,0,0,
342,FIRST_TOUCH,73089,2026-04-27T19:56:00.728,19,0,159,109888,109917,893,,0,1,first_touch,LONG,1.114856,0.679087,0.9,64.87,31,1,,0,0,
343,ZONE_INVALIDATED,73145,2026-04-27T21:26:32.460,19,0,159,109888,109917,893,,0,7,close_through_down,LONG,1.114856,0.679087,0.9,64.87,31,1,73089,28,3,TARGET
344,ZONE_CREATED,73884,2026-04-28T08:55:54.112,19,27,160,108376,108408,833,819,74,0,OFF_PRICE,LONG,1.017094,0.661636,0.939394,58.62,19,1,,0,0,
345,FIRST_TOUCH,73885,2026-04-28T08:56:04.352,19,27,160,108376,108408,833,,0,1,first_touch,LONG,1.017094,0.661636,0.939394,58.62,19,1,,0,0,
346,ZONE_INVALIDATED,73897,2026-04-28T09:00:19.680,19,27,160,108376,108408,833,,0,11,close_through_down,LONG,1.017094,0.661636,0.939394,58.62,19,1,73885,23,15,AMBIGUOUS
347,AT_PRICE_CREATED,73984,2026-04-28T09:20:27.884,19,28,161,108373,108423,896,839,109,0,AT_PRICE,NEUTRAL,1.067938,0.676226,0.901961,49.95,0,2,,0,0,
348,ZONE_CREATED,74324,2026-04-28T10:30:13.436,19,31,162,108494,108529,1027,839,783,0,OFF_PRICE,SHORT,1.224076,0.819633,0.972222,73.6,75,1,,0,0,
349,ZONE_CREATED,74394,2026-04-28T10:32:05.024,19,31,163,108316,108350,850,839,783,0,OFF_PRICE,LONG,1.013111,0.68,1,59.25,94,1,,0,0,
350,FIRST_TOUCH,74407,2026-04-28T10:32:34.444,19,31,162,108494,108529,1027,,0,1,first_touch,SHORT,1.224076,0.819633,0.972222,73.6,75,1,,0,0,
351,ZONE_INVALIDATED,74415,2026-04-28T10:32:55.428,19,31,162,108494,108529,1027,,0,9,close_through_up,SHORT,1.224076,0.819633,0.972222,73.6,75,1,74407,39,4,TARGET
352,ZONE_CREATED,74514,2026-04-28T10:38:22.024,19,31,164,108685,108704,953,839,783,0,OFF_PRICE,LONG,1.135876,0.772285,0.95,60.84,7,1,,0,0,
353,FIRST_TOUCH,74522,2026-04-28T10:38:40.436,19,31,164,108685,108704,953,,0,1,first_touch,LONG,1.135876,0.772285,0.95,60.84,7,1,,0,0,
354,ZONE_INVALIDATED,74529,2026-04-28T10:39:07.660,19,31,164,108685,108704,953,,0,7,close_through_down,LONG,1.135876,0.772285,0.95,60.84,7,1,74522,22,1,TARGET
355,AT_PRICE_CREATED,75224,2026-04-28T11:36:02.128,19,33,165,108419,108443,934,875,529,0,AT_PRICE,NEUTRAL,1.067429,0.708649,1,48.05,0,1,,0,0,
356,FIRST_TOUCH,75255,2026-04-28T11:37:51.772,19,31,163,108316,108350,850,,0,1,first_touch,LONG,1.013111,0.68,1,59.25,94,1,,0,0,
357,ZONE_INVALIDATED,75259,2026-04-28T11:38:00.460,19,31,163,108316,108350,850,,0,5,close_through_down,LONG,1.013111,0.68,1,59.25,94,1,75255,17,0,TARGET
358,AT_PRICE_CREATED,76184,2026-04-28T13:03:45.272,19,36,166,108214,108232,875,833,306,0,AT_PRICE,NEUTRAL,1.05042,0.604699,0.947368,46.07,0,1,,0,0,
359,ZONE_CREATED,76284,2026-04-28T13:20:09.504,19,36,167,108290,108310,866,833,306,0,OFF_PRICE,LONG,1.039616,0.683504,0.857143,58.96,15,1,,0,0,
360,FIRST_TOUCH,76286,2026-04-28T13:20:27.384,19,36,167,108290,108310,866,,0,1,first_touch,LONG,1.039616,0.683504,0.857143,58.96,15,1,,0,0,
361,ZONE_INVALIDATED,76311,2026-04-28T13:25:44.748,19,36,167,108290,108310,866,,0,12,close_through_down,LONG,1.039616,0.683504,0.857143,58.96,15,1,76286,32,1,TARGET
362,ZONE_CREATED,76334,2026-04-28T13:29:50.032,19,36,168,108276,108292,871,833,306,0,OFF_PRICE,LONG,1.045618,0.58028,0.882353,56.85,7,2,,0,0,
363,FIRST_TOUCH,76335,2026-04-28T13:30:00.292,19,36,168,108276,108292,871,,0,1,first_touch,LONG,1.045618,0.58028,0.882353,56.85,7,2,,0,0,
364,ZONE_INVALIDATED,76335,2026-04-28T13:30:00.292,19,36,168,108276,108292,871,,0,1,close_through_down,LONG,1.045618,0.58028,0.882353,56.85,7,2,76335,4,20,STOP
365,AT_PRICE_CREATED,77044,2026-04-28T15:51:17.988,19,41,169,108712,108726,1168,900,253,0,AT_PRICE,NEUTRAL,1.297778,0.816783,0.933333,63.18,0,1,,0,0,
366,AT_PRICE_CREATED,77858,2026-04-29T01:25:29.560,20,12,170,109156,109183,901,846,28,0,AT_PRICE,NEUTRAL,1.065012,0.69845,0.964286,47.35,0,1,,0,0,
367,AT_PRICE_CREATED,78228,2026-04-29T09:24:58.360,20,28,171,108960,108988,888,854,124,0,AT_PRICE,NEUTRAL,1.039813,0.687307,0.965517,45.6,0,1,,0,0,
368,ZONE_CREATED,78388,2026-04-29T10:30:30.860,20,31,172,108703,108730,916,850,839,0,OFF_PRICE,SHORT,1.077647,0.714509,0.964286,51.98,3,1,,0,0,
369,FIRST_TOUCH,78394,2026-04-29T10:30:42.440,20,31,172,108703,108730,916,,0,1,first_touch,SHORT,1.077647,0.714509,0.964286,51.98,3,1,,0,0,
370,ZONE_INVALIDATED,78508,2026-04-29T10:37:10.728,20,31,172,108703,108730,916,,0,6,close_through_up,SHORT,1.077647,0.714509,0.964286,51.98,3,1,78394,10,13,STOP
371,ZONE_CREATED,78728,2026-04-29T10:59:44.372,20,31,173,108878,108897,939,850,839,0,OFF_PRICE,LONG,1.104706,0.727907,0.95,62.41,10,1,,0,0,
372,FIRST_TOUCH,78729,2026-04-29T10:59:50.000,20,31,173,108878,108897,939,,0,1,first_touch,LONG,1.104706,0.727907,0.95,62.41,10,1,,0,0,
373,ZONE_INVALIDATED,78732,2026-04-29T11:00:03.812,20,31,173,108878,108897,939,,0,4,close_through_down,LONG,1.104706,0.727907,0.95,62.41,10,1,78729,24,2,TARGET
374,ZONE_CREATED,79008,2026-04-29T11:34:28.712,20,33,174,109111,109128,1007,875,578,0,OFF_PRICE,LONG,1.150857,0.793538,1,68.89,17,1,,0,0,
375,FIRST_TOUCH,79010,2026-04-29T11:34:36.024,20,33,174,109111,109128,1007,,0,1,first_touch,LONG,1.150857,0.793538,1,68.89,17,1,,0,0,
376,ZONE_INVALIDATED,79239,2026-04-29T12:07:41.732,20,33,174,109111,109128,1007,,0,21,close_through_down,LONG,1.150857,0.793538,1,68.89,17,1,79010,22,0,TARGET
377,ZONE_CREATED,79838,2026-04-29T13:29:52.308,20,36,175,108820,108843,989,866,324,0,OFF_PRICE,SHORT,1.142032,0.780584,0.916667,67.03,20,1,,0,0,
378,FIRST_TOUCH,79948,2026-04-29T13:40:28.544,20,36,175,108820,108843,989,,0,1,first_touch,SHORT,1.142032,0.780584,0.916667,67.03,20,1,,0,0,
379,ZONE_INVALIDATED,79995,2026-04-29T13:50:45.696,20,36,175,108820,108843,989,,0,24,close_through_up,SHORT,1.142032,0.780584,0.916667,67.03,20,1,79948,18,0,TARGET
380,ZONE_CREATED,80408,2026-04-29T15:17:41.732,20,40,176,108863,108886,1032,857,333,0,OFF_PRICE,LONG,1.204201,0.752187,1,72.63,46,1,,0,0,
381,FIRST_TOUCH,80420,2026-04-29T15:19:41.384,20,40,176,108863,108886,1032,,0,1,first_touch,LONG,1.204201,0.752187,1,72.63,46,1,,0,0,
382,ZONE_INVALIDATED,80433,2026-04-29T15:22:59.388,20,40,176,108863,108886,1032,,0,8,close_through_down,LONG,1.204201,0.752187,1,72.63,46,1,80420,23,0,TARGET
383,AT_PRICE_CREATED,81573,2026-04-29T19:12:01.644,21,0,177,109519,109560,930,801,77,0,AT_PRICE,NEUTRAL,1.161049,0.656316,0.904762,53.18,0,1,,0,0,
384,ZONE_CREATED,81653,2026-04-29T19:39:51.028,21,1,178,109848,109874,805,724,52,0,OFF_PRICE,SHORT,1.111878,0.621622,0.962963,64.36,11,1,,0,0,
385,FIRST_TOUCH,81654,2026-04-29T19:40:21.236,21,1,178,109848,109874,805,,0,1,first_touch,SHORT,1.111878,0.621622,0.962963,64.36,11,1,,0,0,
386,ZONE_INVALIDATED,81660,2026-04-29T19:44:35.668,21,1,178,109848,109874,805,,0,4,close_through_up,SHORT,1.111878,0.621622,0.962963,64.36,11,1,81654,21,2,TARGET
387,AT_PRICE_CREATED,81893,2026-04-29T22:27:50.704,21,6,179,110281,110303,988,690,66,0,AT_PRICE,NEUTRAL,1.431884,0.654305,0.869565,71.61,0,1,,0,0,
388,ZONE_CREATED,82443,2026-04-30T04:30:01.248,21,19,180,109394,109428,814,665,44,0,OFF_PRICE,LONG,1.22406,0.558299,0.914286,72.73,22,1,,0,0,
389,FIRST_TOUCH,82447,2026-04-30T04:32:48.280,21,19,180,109394,109428,814,,0,1,first_touch,LONG,1.22406,0.558299,0.914286,72.73,22,1,,0,0,
390,ZONE_INVALIDATED,82468,2026-04-30T04:50:20.756,21,19,180,109394,109428,814,,0,9,close_through_down,LONG,1.22406,0.558299,0.914286,72.73,22,1,82447,24,10,AMBIGUOUS
391,ZONE_CREATED,82863,2026-04-30T09:21:03.108,21,28,181,110038,110068,1174,888,121,0,OFF_PRICE,LONG,1.322072,0.749202,0.903226,78.18,11,1,,0,0,
392,FIRST_TOUCH,82869,2026-04-30T09:22:35.932,21,28,181,110038,110068,1174,,0,1,first_touch,LONG,1.322072,0.749202,0.903226,78.18,11,1,,0,0,
393,ZONE_INVALIDATED,82893,2026-04-30T09:32:38.696,21,28,181,110038,110068,1174,,0,7,close_through_down,LONG,1.322072,0.749202,0.903226,78.18,11,1,82869,30,11,AMBIGUOUS
394,ZONE_CREATED,83003,2026-04-30T10:18:47.128,21,30,182,110002,110025,961,891,189,0,OFF_PRICE,LONG,1.078563,0.760285,1,67.17,17,2,,0,0,
395,FIRST_TOUCH,83004,2026-04-30T10:19:32.464,21,30,182,110002,110025,961,,0,1,first_touch,LONG,1.078563,0.760285,1,67.17,17,2,,0,0,
396,ZONE_INVALIDATED,83014,2026-04-30T10:25:01.520,21,30,182,110002,110025,961,,0,11,close_through_down,LONG,1.078563,0.760285,1,67.17,17,2,83004,19,5,TARGET
397,AT_PRICE_CREATED,83313,2026-04-30T10:40:06.356,21,31,183,109179,109198,978,850,832,0,AT_PRICE,NEUTRAL,1.150588,0.723908,0.95,53.12,0,1,,0,0,
398,ZONE_CREATED,83573,2026-04-30T10:53:52.448,21,31,184,109128,109148,901,850,832,0,OFF_PRICE,SHORT,1.06,0.606326,0.952381,61.82,63,1,,0,0,
399,FIRST_TOUCH,83713,2026-04-30T11:01:56.120,21,31,184,109128,109148,901,,0,1,first_touch,SHORT,1.06,0.606326,0.952381,61.82,63,1,,0,0,
400,ZONE_INVALIDATED,83719,2026-04-30T11:02:17.336,21,31,184,109128,109148,901,,0,7,close_through_up,SHORT,1.06,0.606326,0.952381,61.82,63,1,83713,9,14,STOP
401,ZONE_CREATED,84123,2026-04-30T11:30:03.836,21,33,185,108901,108930,933,875,569,0,OFF_PRICE,SHORT,1.066286,0.713303,1,62.97,61,1,,0,0,
402,FIRST_TOUCH,84128,2026-04-30T11:30:24.032,21,33,185,108901,108930,933,,0,1,first_touch,SHORT,1.066286,0.713303,1,62.97,61,1,,0,0,
403,ZONE_INVALIDATED,84132,2026-04-30T11:30:36.512,21,33,185,108901,108930,933,,0,5,close_through_up,SHORT,1.066286,0.713303,1,62.97,61,1,84128,28,7,TARGET
404,ZONE_CREATED,85533,2026-04-30T14:17:28.848,21,38,186,109748,109766,933,874,352,0,OFF_PRICE,SHORT,1.067506,0.71659,0.947368,62.27,17,1,,0,0,
405,FIRST_TOUCH,85541,2026-04-30T14:18:56.472,21,38,186,109748,109766,933,,0,1,first_touch,SHORT,1.067506,0.71659,0.947368,62.27,17,1,,0,0,
406,ZONE_INVALIDATED,85546,2026-04-30T14:19:54.068,21,38,186,109748,109766,933,,0,6,close_through_up,SHORT,1.067506,0.71659,0.947368,62.27,17,1,85541,22,10,AMBIGUOUS
407,AT_PRICE_CREATED,85993,2026-04-30T15:28:21.692,21,40,187,110224,110241,963,858,320,0,AT_PRICE,NEUTRAL,1.122378,0.761265,0.944444,51.07,0,1,,0,0,
408,ZONE_CREATED,86939,2026-04-30T21:36:47.676,22,5,188,110508,110532,829,639,52,0,OFF_PRICE,LONG,1.29734,0.614074,0.84,71.75,8,1,,0,0,
409,FIRST_TOUCH,86940,2026-04-30T21:38:00.108,22,5,188,110508,110532,829,,0,1,first_touch,LONG,1.29734,0.614074,0.84,71.75,8,1,,0,0,
410,ZONE_INVALIDATED,86942,2026-04-30T21:43:04.852,22,5,188,110508,110532,829,,0,3,close_through_down,LONG,1.29734,0.614074,0.84,71.75,8,1,86940,14,26,AMBIGUOUS
411,ZONE_CREATED,87019,2026-05-01T00:22:43.628,22,10,189,110588,110614,956,802,33,0,OFF_PRICE,LONG,1.19202,0.702941,0.925926,70.66,20,1,,0,0,
412,FIRST_TOUCH,87022,2026-05-01T00:30:01.560,22,10,189,110588,110614,956,,0,1,first_touch,LONG,1.19202,0.702941,0.925926,70.66,20,1,,0,0,
413,ZONE_INVALIDATED,87033,2026-05-01T00:42:59.260,22,10,189,110588,110614,956,,0,5,close_through_down,LONG,1.19202,0.702941,0.925926,70.66,20,1,87022,20,4,TARGET
414,AT_PRICE_CREATED,87049,2026-05-01T01:27:29.284,22,12,190,110506,110538,1010,901,31,0,AT_PRICE,NEUTRAL,1.120977,0.780526,0.969697,54.68,0,2,,0,0,
415,ZONE_CREATED,88019,2026-05-01T10:59:56.748,22,31,191,111420,111447,893,858,857,0,OFF_PRICE,LONG,1.040793,0.660992,0.928571,60.12,12,1,,0,0,
416,FIRST_TOUCH,88033,2026-05-01T11:00:16.948,22,31,191,111420,111447,893,,0,1,first_touch,LONG,1.040793,0.660992,0.928571,60.12,12,1,,0,0,
417,ZONE_INVALIDATED,88038,2026-05-01T11:00:29.272,22,31,191,111420,111447,893,,0,6,close_through_down,LONG,1.040793,0.660992,0.928571,60.12,12,1,88033,22,14,AMBIGUOUS
418,ZONE_CREATED,88429,2026-05-01T11:35:00.464,22,33,192,111220,111238,950,875,549,0,OFF_PRICE,LONG,1.085714,0.71644,0.947368,63.54,14,1,,0,0,
419,FIRST_TOUCH,88431,2026-05-01T11:35:07.292,22,33,192,111220,111238,950,,0,1,first_touch,LONG,1.085714,0.71644,0.947368,63.54,14,1,,0,0,
420,ZONE_INVALIDATED,88443,2026-05-01T11:36:00.372,22,33,192,111220,111238,950,,0,9,close_through_down,LONG,1.085714,0.71644,0.947368,63.54,14,1,88431,13,13,AMBIGUOUS
421,ZONE_CREATED,88689,2026-05-01T11:53:29.308,22,33,193,111313,111341,1019,875,549,0,OFF_PRICE,SHORT,1.164571,0.81066,0.931034,55.07,1,1,,0,0,
422,FIRST_TOUCH,88690,2026-05-01T11:53:39.788,22,33,193,111313,111341,1019,,0,1,first_touch,SHORT,1.164571,0.81066,0.931034,55.07,1,1,,0,0,
423,ZONE_INVALIDATED,88706,2026-05-01T11:55:41.852,22,33,193,111313,111341,1019,,0,13,close_through_up,SHORT,1.164571,0.81066,0.931034,55.07,1,1,88690,2,24,STOP
424,ZONE_CREATED,89919,2026-05-01T15:22:37.580,22,40,194,111394,111417,880,858,327,0,OFF_PRICE,LONG,1.025641,0.713128,0.916667,58.88,35,1,,0,0,
425,FIRST_TOUCH,89963,2026-05-01T15:30:39.364,22,40,194,111394,111417,880,,0,1,first_touch,LONG,1.025641,0.713128,0.916667,58.88,35,1,,0,0,
426,ZONE_INVALIDATED,89978,2026-05-01T15:31:54.004,22,40,194,111394,111417,880,,0,13,close_through_down,LONG,1.025641,0.713128,0.916667,58.88,35,1,89963,22,1,TARGET
427,ZONE_CREATED,90179,2026-05-01T16:13:09.856,22,42,195,111438,111451,847,844,289,0,OFF_PRICE,LONG,1.003555,0.6776,0.928571,43.76,1,1,,0,0,
428,AT_PRICE_CREATED,90189,2026-05-01T16:15:14.392,22,42,196,111468,111485,1008,844,289,0,AT_PRICE,NEUTRAL,1.194313,0.788116,0.888889,58.6,0,2,,0,0,
429,FIRST_TOUCH,90199,2026-05-01T16:16:49.884,22,42,195,111438,111451,847,,0,1,first_touch,LONG,1.003555,0.6776,0.928571,43.76,1,1,,0,0,
430,AT_PRICE_CREATED,90289,2026-05-01T16:32:26.300,22,43,197,111507,111521,1041,1003,538,0,AT_PRICE,NEUTRAL,1.037886,0.690318,0.866667,47.32,0,2,,0,0,
431,ZONE_CREATED,90379,2026-05-01T16:50:49.068,22,43,198,111498,111520,1008,1003,538,0,OFF_PRICE,SHORT,1.004985,0.796209,1,65.35,32,3,,0,0,
432,ZONE_INVALIDATED,90386,2026-05-01T16:51:28.320,22,42,195,111438,111451,847,,0,16,close_through_down,LONG,1.003555,0.6776,0.928571,43.76,1,1,90199,21,4,TARGET
433,FIRST_TOUCH,90676,2026-05-03T19:00:01.264,23,43,198,111498,111520,1008,,0,1,first_touch,SHORT,1.004985,0.796209,1,65.35,32,3,,0,0,
434,ZONE_INVALIDATED,90676,2026-05-03T19:00:01.264,23,43,198,111498,111520,1008,,0,1,close_through_up,SHORT,1.004985,0.796209,1,65.35,32,3,90676,0,82,STOP
435,ZONE_CREATED,90765,2026-05-03T20:02:00.216,23,2,199,111395,111414,813,805,51,0,OFF_PRICE,LONG,1.009938,0.594298,0.95,52.03,7,1,,0,0,
436,FIRST_TOUCH,90766,2026-05-03T20:02:56.240,23,2,199,111395,111414,813,,0,1,first_touch,LONG,1.009938,0.594298,0.95,52.03,7,1,,0,0,
437,ZONE_INVALIDATED,90766,2026-05-03T20:02:56.240,23,2,199,111395,111414,813,,0,1,close_through_down,LONG,1.009938,0.594298,0.95,52.03,7,1,90766,16,28,AMBIGUOUS
438,AT_PRICE_CREATED,90895,2026-05-03T21:59:41.808,23,5,200,111559,111580,829,669,52,0,AT_PRICE,NEUTRAL,1.239163,0.511728,1,60.07,0,1,,0,0,
439,ZONE_CREATED,92275,2026-05-04T11:01:47.928,23,32,201,111534,111560,858,858,622,0,OFF_PRICE,SHORT,1,0.657975,1,58.33,25,1,,0,0,
440,FIRST_TOUCH,92278,2026-05-04T11:02:10.996,23,32,201,111534,111560,858,,0,1,first_touch,SHORT,1,0.657975,1,58.33,25,1,,0,0,
441,ZONE_INVALIDATED,92368,2026-05-04T11:11:54.808,23,32,201,111534,111560,858,,0,17,close_through_up,SHORT,1,0.657975,1,58.33,25,1,92278,15,6,TARGET
442,ZONE_CREATED,92565,2026-05-04T11:39:30.884,23,33,202,111629,111643,930,885,589,0,OFF_PRICE,SHORT,1.050847,0.652632,1,50.64,3,1,,0,0,
443,FIRST_TOUCH,92566,2026-05-04T11:39:32.672,23,33,202,111629,111643,930,,0,1,first_touch,SHORT,1.050847,0.652632,1,50.64,3,1,,0,0,
444,ZONE_INVALIDATED,92571,2026-05-04T11:40:33.204,23,33,202,111629,111643,930,,0,5,close_through_up,SHORT,1.050847,0.652632,1,50.64,3,1,92566,30,1,TARGET
445,ZONE_CREATED,92655,2026-05-04T11:53:40.116,23,33,203,111740,111750,894,885,589,0,OFF_PRICE,SHORT,1.010169,0.657353,1,59.05,20,1,,0,0,
446,FIRST_TOUCH,92669,2026-05-04T11:55:51.560,23,33,203,111740,111750,894,,0,1,first_touch,SHORT,1.010169,0.657353,1,59.05,20,1,,0,0,
447,AT_PRICE_CREATED,93255,2026-05-04T12:39:20.640,23,35,204,111008,111035,937,914,450,0,AT_PRICE,NEUTRAL,1.025164,0.73146,1,45.09,0,1,,0,0,
448,AT_PRICE_CREATED,93965,2026-05-04T13:55:17.484,23,37,205,110796,110825,984,923,337,0,AT_PRICE,NEUTRAL,1.066089,0.73985,0.9,46.46,0,1,,0,0,
449,ZONE_CREATED,94085,2026-05-04T14:15:53.620,23,38,206,110964,110986,980,874,371,0,OFF_PRICE,LONG,1.121281,0.75559,1,53.07,1,1,,0,0,
450,FIRST_TOUCH,94086,2026-05-04T14:16:14.004,23,38,206,110964,110986,980,,0,1,first_touch,LONG,1.121281,0.75559,1,53.07,1,1,,0,0,
451,ZONE_INVALIDATED,94431,2026-05-04T15:27:01.108,23,38,206,110964,110986,980,,0,8,close_through_down,LONG,1.121281,0.75559,1,53.07,1,1,94086,2,11,STOP
452,ZONE_INVALIDATED,95386,2026-05-05T05:45:28.184,24,33,203,111740,111750,894,,0,6,close_through_up,SHORT,1.010169,0.657353,1,59.05,20,1,92669,19,3,TARGET
453,ZONE_CREATED,95395,2026-05-05T06:00:26.832,24,22,207,111702,111725,786,673,52,0,OFF_PRICE,SHORT,1.167905,0.632341,1,70.09,23,1,,0,0,
454,FIRST_TOUCH,95397,2026-05-05T06:01:55.740,24,22,207,111702,111725,786,,0,1,first_touch,SHORT,1.167905,0.632341,1,70.09,23,1,,0,0,
455,ZONE_INVALIDATED,95406,2026-05-05T06:11:58.308,24,22,207,111702,111725,786,,0,6,close_through_up,SHORT,1.167905,0.632341,1,70.09,23,1,95397,18,22,AMBIGUOUS
456,AT_PRICE_CREATED,96485,2026-05-05T11:19:00.836,24,32,208,112145,112190,1000,858,615,0,AT_PRICE,NEUTRAL,1.165501,0.800641,0.934783,53.94,0,1,,0,0,
457,AT_PRICE_CREATED,96615,2026-05-05T11:31:00.632,24,33,209,112499,112520,982,894,586,0,AT_PRICE,NEUTRAL,1.098434,0.776285,0.954545,49.54,0,1,,0,0,
458,ZONE_CREATED,96715,2026-05-05T11:43:02.128,24,33,210,112404,112422,992,894,586,0,OFF_PRICE,LONG,1.10962,0.760736,0.894737,53.18,3,1,,0,0,
459,FIRST_TOUCH,96716,2026-05-05T11:43:14.108,24,33,210,112404,112422,992,,0,1,first_touch,LONG,1.10962,0.760736,0.894737,53.18,3,1,,0,0,
460,ZONE_INVALIDATED,96725,2026-05-05T11:44:31.956,24,33,210,112404,112422,992,,0,4,close_through_down,LONG,1.10962,0.760736,0.894737,53.18,3,1,96716,13,6,TARGET
461,ZONE_CREATED,96865,2026-05-05T12:06:37.452,24,34,211,112473,112489,881,783,521,0,OFF_PRICE,LONG,1.12516,0.677171,0.941176,66.21,23,1,,0,0,
462,FIRST_TOUCH,96871,2026-05-05T12:07:09.888,24,34,211,112473,112489,881,,0,1,first_touch,LONG,1.12516,0.677171,0.941176,66.21,23,1,,0,0,
463,ZONE_INVALIDATED,96876,2026-05-05T12:08:04.540,24,34,211,112473,112489,881,,0,5,close_through_down,LONG,1.12516,0.677171,0.941176,66.21,23,1,96871,17,9,AMBIGUOUS
464,ZONE_CREATED,96905,2026-05-05T12:13:58.340,24,34,212,112513,112528,934,783,521,0,OFF_PRICE,SHORT,1.192848,0.717358,1,75.17,13,2,,0,0,
465,FIRST_TOUCH,96906,2026-05-05T12:14:10.148,24,34,212,112513,112528,934,,0,1,first_touch,SHORT,1.192848,0.717358,1,75.17,13,2,,0,0,
466,ZONE_INVALIDATED,96909,2026-05-05T12:14:59.072,24,34,212,112513,112528,934,,0,4,close_through_up,SHORT,1.192848,0.717358,1,75.17,13,2,96906,25,1,TARGET
467,AT_PRICE_CREATED,96955,2026-05-05T12:23:31.380,24,34,213,112520,112530,793,783,521,0,AT_PRICE,NEUTRAL,1.012771,0.630867,1,47.56,0,2,,0,0,
468,AT_PRICE_CREATED,96975,2026-05-05T12:28:06.576,24,34,214,112509,112527,839,783,521,0,AT_PRICE,NEUTRAL,1.07152,0.662717,1,55.01,0,4,,0,0,
469,AT_PRICE_CREATED,97195,2026-05-05T13:13:32.372,24,36,215,112582,112591,1050,866,371,0,AT_PRICE,NEUTRAL,1.212471,0.689429,0.9,56.71,0,1,,0,0,
470,ZONE_CREATED,98468,2026-05-05T19:52:09.348,25,1,216,113162,113196,1028,636,54,0,OFF_PRICE,LONG,1.616352,0.808812,0.971429,92.9,125,1,,0,0,
471,FIRST_TOUCH,98634,2026-05-05T21:15:28.164,25,1,216,113162,113196,1028,,0,1,first_touch,LONG,1.616352,0.808812,0.971429,92.9,125,1,,0,0,
472,ZONE_INVALIDATED,98639,2026-05-05T21:16:46.300,25,1,216,113162,113196,1028,,0,6,close_through_down,LONG,1.616352,0.808812,0.971429,92.9,125,1,98634,17,9,AMBIGUOUS
473,AT_PRICE_CREATED,99178,2026-05-06T06:00:58.596,25,22,217,113916,113944,916,786,52,0,AT_PRICE,NEUTRAL,1.165394,0.736334,1,54.91,0,1,,0,0,
474,AT_PRICE_CREATED,99228,2026-05-06T06:22:09.756,25,22,218,113846,113880,990,786,52,0,AT_PRICE,NEUTRAL,1.259542,0.779528,0.942857,60.64,0,1,,0,0,
475,ZONE_CREATED,99278,2026-05-06T06:49:55.392,25,23,219,113934,113964,1073,504,43,0,OFF_PRICE,LONG,2.128968,0.757768,0.967742,83.68,2,2,,0,0,
476,FIRST_TOUCH,99279,2026-05-06T06:50:14.716,25,23,219,113934,113964,1073,,0,1,first_touch,LONG,2.128968,0.757768,0.967742,83.68,2,2,,0,0,
477,ZONE_INVALIDATED,99280,2026-05-06T06:50:46.676,25,23,219,113934,113964,1073,,0,2,close_through_down,LONG,2.128968,0.757768,0.967742,83.68,2,2,99279,18,0,TARGET
478,AT_PRICE_CREATED,99598,2026-05-06T08:50:53.460,25,27,220,114120,114156,952,833,87,0,AT_PRICE,NEUTRAL,1.142857,0.727273,0.918919,52.12,0,1,,0,0,
479,ZONE_CREATED,99968,2026-05-06T10:27:50.012,25,30,221,113571,113596,928,892,195,0,OFF_PRICE,SHORT,1.040359,0.744186,0.961538,60.58,26,1,,0,0,
480,FIRST_TOUCH,99982,2026-05-06T10:29:40.464,25,30,221,113571,113596,928,,0,1,first_touch,SHORT,1.040359,0.744186,0.961538,60.58,26,1,,0,0,
481,ZONE_INVALIDATED,100089,2026-05-06T10:32:47.532,25,30,221,113571,113596,928,,0,14,close_through_up,SHORT,1.040359,0.744186,0.961538,60.58,26,1,99982,23,8,AMBIGUOUS
482,ZONE_CREATED,100708,2026-05-06T11:08:33.196,25,32,222,113731,113748,928,858,616,0,OFF_PRICE,LONG,1.081585,0.696697,1,54.04,4,1,,0,0,
483,FIRST_TOUCH,100710,2026-05-06T11:08:37.592,25,32,222,113731,113748,928,,0,1,first_touch,LONG,1.081585,0.696697,1,54.04,4,1,,0,0,
484,ZONE_INVALIDATED,100834,2026-05-06T11:17:38.784,25,32,222,113731,113748,928,,0,3,close_through_down,LONG,1.081585,0.696697,1,54.04,4,1,100710,21,1,TARGET
485,AT_PRICE_CREATED,101108,2026-05-06T11:39:45.616,25,33,223,113967,113990,1009,928,583,0,AT_PRICE,NEUTRAL,1.087284,0.799525,0.958333,48.82,0,1,,0,0,
486,AT_PRICE_CREATED,101158,2026-05-06T11:43:01.836,25,33,224,114055,114076,932,928,583,0,AT_PRICE,NEUTRAL,1.00431,0.755267,1,43.64,0,1,,0,0,
487,ZONE_CREATED,101398,2026-05-06T12:12:21.248,25,34,225,114184,114210,928,802,509,0,OFF_PRICE,SHORT,1.157107,0.685883,0.925926,68.22,48,1,,0,0,
488,FIRST_TOUCH,101427,2026-05-06T12:15:48.072,25,34,225,114184,114210,928,,0,1,first_touch,SHORT,1.157107,0.685883,0.925926,68.22,48,1,,0,0,
489,ZONE_INVALIDATED,101434,2026-05-06T12:16:55.644,25,34,225,114184,114210,928,,0,5,close_through_up,SHORT,1.157107,0.685883,0.925926,68.22,48,1,101427,13,10,AMBIGUOUS
490,ZONE_CREATED,102088,2026-05-06T14:24:55.264,25,38,226,114350,114364,887,884,370,0,OFF_PRICE,SHORT,1.003394,0.691348,1,58.57,23,1,,0,0,
491,FIRST_TOUCH,102097,2026-05-06T14:28:02.200,25,38,226,114350,114364,887,,0,1,first_touch,SHORT,1.003394,0.691348,1,58.57,23,1,,0,0,
492,ZONE_INVALIDATED,102108,2026-05-06T14:31:15.552,25,38,226,114350,114364,887,,0,7,close_through_up,SHORT,1.003394,0.691348,1,58.57,23,1,102097,15,0,TARGET
493,AT_PRICE_CREATED,102448,2026-05-06T15:55:51.160,25,41,227,114588,114601,1136,900,279,0,AT_PRICE,NEUTRAL,1.262222,0.777018,0.928571,60.62,0,1,,0,0,
494,AT_PRICE_CREATED,102498,2026-05-06T16:08:48.692,25,42,228,114622,114634,897,844,294,0,AT_PRICE,NEUTRAL,1.062796,0.693735,0.923077,49.91,0,2,,0,0,
495,ZONE_CREATED,102718,2026-05-06T16:50:01.240,25,43,229,114672,114688,1116,1008,557,0,OFF_PRICE,LONG,1.107143,0.804035,1,65.83,18,1,,0,0,
496,ZONE_INVALIDATED,103170,2026-05-06T19:00:01.412,26,43,229,114672,114688,1116,,0,0,close_through_down,LONG,1.107143,0.804035,1,65.83,18,1,,0,0,
497,ZONE_CREATED,103309,2026-05-06T21:58:26.068,26,5,230,114624,114656,972,829,51,0,OFF_PRICE,LONG,1.172497,0.697775,1,56.66,1,1,,0,0,
498,FIRST_TOUCH,103310,2026-05-06T22:00:38.944,26,5,230,114624,114656,972,,0,1,first_touch,LONG,1.172497,0.697775,1,56.66,1,1,,0,0,
499,ZONE_INVALIDATED,103311,2026-05-06T22:00:55.076,26,5,230,114624,114656,972,,0,2,close_through_down,LONG,1.172497,0.697775,1,56.66,1,1,103310,7,27,STOP
500,AT_PRICE_CREATED,103319,2026-05-06T22:10:09.264,26,6,231,114560,114586,792,690,54,0,AT_PRICE,NEUTRAL,1.147826,0.634107,0.962963,53.13,0,1,,0,0,
501,ZONE_CREATED,103549,2026-05-07T04:16:07.540,26,18,232,115177,115200,841,766,56,0,OFF_PRICE,SHORT,1.097911,0.598151,0.916667,63.94,30,1,,0,0,
502,FIRST_TOUCH,103550,2026-05-07T04:16:27.952,26,18,232,115177,115200,841,,0,1,first_touch,SHORT,1.097911,0.598151,0.916667,63.94,30,1,,0,0,
503,ZONE_INVALIDATED,103602,2026-05-07T05:03:38.012,26,18,232,115177,115200,841,,0,11,close_through_up,SHORT,1.097911,0.598151,0.916667,63.94,30,1,103550,31,0,TARGET
504,AT_PRICE_CREATED,104049,2026-05-07T10:33:01.424,26,31,233,114978,115002,1025,850,920,0,AT_PRICE,NEUTRAL,1.205882,0.806452,0.96,57.15,0,1,,0,0,
505,ZONE_CREATED,104179,2026-05-07T10:42:14.260,26,31,234,115027,115049,1009,850,920,0,OFF_PRICE,SHORT,1.187059,0.804625,0.956522,58.28,2,1,,0,0,
506,FIRST_TOUCH,104180,2026-05-07T10:42:17.564,26,31,234,115027,115049,1009,,0,1,first_touch,SHORT,1.187059,0.804625,0.956522,58.28,2,1,,0,0,
507,ZONE_INVALIDATED,104356,2026-05-07T10:53:21.964,26,31,234,115027,115049,1009,,0,23,close_through_up,SHORT,1.187059,0.804625,0.956522,58.28,2,1,104180,5,10,STOP
508,AT_PRICE_CREATED,104379,2026-05-07T10:54:40.332,26,31,235,115103,115120,855,850,920,0,AT_PRICE,NEUTRAL,1.005882,0.572672,0.888889,42.08,0,1,,0,0,
509,ZONE_CREATED,105899,2026-05-07T13:16:58.716,26,36,236,114615,114641,1084,871,355,0,OFF_PRICE,LONG,1.244546,0.655381,0.925926,74.34,39,1,,0,0,
510,FIRST_TOUCH,105901,2026-05-07T13:17:01.996,26,36,236,114615,114641,1084,,0,1,first_touch,LONG,1.244546,0.655381,0.925926,74.34,39,1,,0,0,
511,ZONE_INVALIDATED,105949,2026-05-07T13:20:04.664,26,36,236,114615,114641,1084,,0,11,close_through_down,LONG,1.244546,0.655381,0.925926,74.34,39,1,105901,22,7,TARGET
512,ZONE_CREATED,107149,2026-05-07T15:19:49.668,26,40,237,114803,114824,1129,880,331,0,OFF_PRICE,SHORT,1.282955,0.787308,0.954545,77.46,32,1,,0,0,
513,ZONE_CREATED,107349,2026-05-07T15:46:29.048,26,41,238,114456,114488,869,865,277,0,OFF_PRICE,LONG,1.004624,0.665391,0.878788,51.84,8,1,,0,0,
514,FIRST_TOUCH,107350,2026-05-07T15:46:39.112,26,41,238,114456,114488,869,,0,1,first_touch,LONG,1.004624,0.665391,0.878788,51.84,8,1,,0,0,
515,ZONE_INVALIDATED,107357,2026-05-07T15:47:39.160,26,41,238,114456,114488,869,,0,6,close_through_down,LONG,1.004624,0.665391,0.878788,51.84,8,1,107350,15,13,AMBIGUOUS
516,FIRST_TOUCH,107805,2026-05-07T16:50:51.820,26,40,237,114803,114824,1129,,0,1,first_touch,SHORT,1.282955,0.787308,0.954545,77.46,32,1,,0,0,
517,ZONE_INVALIDATED,108008,2026-05-07T17:02:21.636,26,40,237,114803,114824,1129,,0,9,close_through_up,SHORT,1.282955,0.787308,0.954545,77.46,32,1,107805,17,3,TARGET
518,ZONE_CREATED,109321,2026-05-08T10:45:29.828,27,31,239,116106,116125,1010,885,932,0,OFF_PRICE,LONG,1.141243,0.763416,1,55.72,2,1,,0,0,
519,FIRST_TOUCH,109322,2026-05-08T10:45:31.776,27,31,239,116106,116125,1010,,0,1,first_touch,LONG,1.141243,0.763416,1,55.72,2,1,,0,0,
520,ZONE_CREATED,109341,2026-05-08T10:46:18.272,27,31,240,116158,116173,891,885,932,0,OFF_PRICE,LONG,1.00678,0.702128,0.9375,56.62,11,1,,0,0,
521,FIRST_TOUCH,109342,2026-05-08T10:46:21.496,27,31,240,116158,116173,891,,0,1,first_touch,LONG,1.00678,0.702128,0.9375,56.62,11,1,,0,0,
522,AT_PRICE_CREATED,110601,2026-05-08T13:00:51.724,27,36,241,116785,116808,933,875,373,0,AT_PRICE,NEUTRAL,1.066286,0.773632,1,47.97,0,1,,0,0,
523,AT_PRICE_CREATED,110711,2026-05-08T13:25:00.676,27,36,242,116895,116904,884,875,373,0,AT_PRICE,NEUTRAL,1.010286,0.609655,1,44.05,0,1,,0,0,
524,ZONE_CREATED,111501,2026-05-08T15:55:41.120,27,41,243,116997,117023,1019,865,290,0,OFF_PRICE,SHORT,1.178035,0.73204,0.925926,69.68,14,1,,0,0,
525,FIRST_TOUCH,111508,2026-05-08T15:56:07.992,27,41,243,116997,117023,1019,,0,1,first_touch,SHORT,1.178035,0.73204,0.925926,69.68,14,1,,0,0,
526,ZONE_INVALIDATED,111511,2026-05-08T15:56:31.028,27,41,243,116997,117023,1019,,0,4,close_through_up,SHORT,1.178035,0.73204,0.925926,69.68,14,1,111508,14,4,TARGET
527,ZONE_CREATED,111621,2026-05-08T16:19:09.232,27,42,244,117206,117216,1000,844,297,0,OFF_PRICE,LONG,1.184834,0.746269,1,57.52,1,1,,0,0,
528,FIRST_TOUCH,111622,2026-05-08T16:19:28.852,27,42,244,117206,117216,1000,,0,1,first_touch,LONG,1.184834,0.746269,1,57.52,1,1,,0,0,
529,ZONE_INVALIDATED,111626,2026-05-08T16:20:40.532,27,42,244,117206,117216,1000,,0,5,close_through_down,LONG,1.184834,0.746269,1,57.52,1,1,111622,2,19,STOP
530,ZONE_CREATED,111661,2026-05-08T16:27:16.192,27,42,245,117140,117154,904,844,297,0,OFF_PRICE,SHORT,1.07109,0.684848,1,63.31,15,1,,0,0,
531,FIRST_TOUCH,111664,2026-05-08T16:28:05.604,27,42,245,117140,117154,904,,0,1,first_touch,SHORT,1.07109,0.684848,1,63.31,15,1,,0,0,
532,ZONE_INVALIDATED,111719,2026-05-08T16:38:16.576,27,42,245,117140,117154,904,,0,7,close_through_up,SHORT,1.07109,0.684848,1,63.31,15,1,111664,19,3,TARGET
533,ZONE_CREATED,112330,2026-05-10T20:44:56.228,28,3,246,117190,117209,891,732,42,0,OFF_PRICE,LONG,1.217213,0.615757,0.95,72.79,33,1,,0,0,
534,FIRST_TOUCH,112332,2026-05-10T20:45:42.416,28,3,246,117190,117209,891,,0,1,first_touch,LONG,1.217213,0.615757,0.95,72.79,33,1,,0,0,
535,ZONE_CREATED,112350,2026-05-10T21:00:53.028,28,4,247,117199,117236,912,893,92,0,OFF_PRICE,LONG,1.021277,0.668622,0.947368,62.37,37,2,,0,0,
536,ZONE_CREATED,112380,2026-05-10T21:15:21.996,28,4,248,117464,117484,939,893,92,0,OFF_PRICE,SHORT,1.051512,0.694527,1,61.94,43,1,,0,0,
537,FIRST_TOUCH,112389,2026-05-10T21:20:29.204,28,4,248,117464,117484,939,,0,1,first_touch,SHORT,1.051512,0.694527,1,61.94,43,1,,0,0,
538,ZONE_INVALIDATED,112390,2026-05-10T21:20:53.092,28,4,248,117464,117484,939,,0,2,close_through_up,SHORT,1.051512,0.694527,1,61.94,43,1,112389,21,14,AMBIGUOUS
539,FIRST_TOUCH,112450,2026-05-10T21:52:42.384,28,4,247,117199,117236,912,,0,1,first_touch,LONG,1.021277,0.668622,0.947368,62.37,37,2,,0,0,
540,ZONE_INVALIDATED,112450,2026-05-10T21:52:42.384,28,4,247,117199,117236,912,,0,1,close_through_down,LONG,1.021277,0.668622,0.947368,62.37,37,2,112450,14,46,AMBIGUOUS
541,ZONE_INVALIDATED,112451,2026-05-10T21:52:45.744,28,3,246,117190,117209,891,,0,11,close_through_down,LONG,1.217213,0.615757,0.95,72.79,33,1,112332,41,2,TARGET
542,AT_PRICE_CREATED,112950,2026-05-11T06:46:51.852,28,23,249,117353,117380,1094,1073,47,0,AT_PRICE,NEUTRAL,1.019571,0.724503,0.964286,44.17,0,1,,0,0,
543,ZONE_CREATED,113980,2026-05-11T11:15:25.348,28,32,250,117577,117606,947,865,649,0,OFF_PRICE,SHORT,1.094798,0.719058,0.933333,63.97,23,1,,0,0,
544,FIRST_TOUCH,113982,2026-05-11T11:15:42.392,28,32,250,117577,117606,947,,0,1,first_touch,SHORT,1.094798,0.719058,0.933333,63.97,23,1,,0,0,
545,ZONE_INVALIDATED,113985,2026-05-11T11:16:05.112,28,32,250,117577,117606,947,,0,4,close_through_up,SHORT,1.094798,0.719058,0.933333,63.97,23,1,113982,14,10,AMBIGUOUS
546,ZONE_CREATED,114070,2026-05-11T11:26:44.856,28,32,251,117432,117457,1037,865,649,0,OFF_PRICE,SHORT,1.198844,0.806376,1,66,7,1,,0,0,
547,FIRST_TOUCH,114071,2026-05-11T11:26:47.220,28,32,251,117432,117457,1037,,0,1,first_touch,SHORT,1.198844,0.806376,1,66,7,1,,0,0,
548,ZONE_INVALIDATED,114298,2026-05-11T11:41:55.576,28,32,251,117432,117457,1037,,0,10,close_through_up,SHORT,1.198844,0.806376,1,66,7,1,114071,17,5,TARGET
549,AT_PRICE_CREATED,115310,2026-05-11T14:31:28.548,28,39,252,117792,117809,1028,906,346,0,AT_PRICE,NEUTRAL,1.134658,0.801247,1,52.76,0,1,,0,0,
550,AT_PRICE_CREATED,115790,2026-05-11T16:14:45.532,28,42,253,117655,117677,895,847,300,0,AT_PRICE,NEUTRAL,1.056671,0.766267,1,47.3,0,1,,0,0,
551,AT_PRICE_CREATED,115870,2026-05-11T16:28:24.700,28,42,254,117544,117564,1028,847,300,0,AT_PRICE,NEUTRAL,1.213695,0.820431,1,58.29,0,1,,0,0,
552,ZONE_CREATED,116868,2026-05-12T05:08:41.004,29,20,255,116845,116876,815,706,68,0,OFF_PRICE,SHORT,1.154391,0.642238,0.90625,67.73,22,1,,0,0,
553,FIRST_TOUCH,116870,2026-05-12T05:09:43.040,29,20,255,116845,116876,815,,0,1,first_touch,SHORT,1.154391,0.642238,0.90625,67.73,22,1,,0,0,
554,ZONE_INVALIDATED,116900,2026-05-12T05:29:15.088,29,20,255,116845,116876,815,,0,3,close_through_up,SHORT,1.154391,0.642238,0.90625,67.73,22,1,116870,47,3,TARGET
555,ZONE_CREATED,117138,2026-05-12T08:52:36.632,29,27,256,116691,116713,1146,952,89,0,OFF_PRICE,SHORT,1.203782,0.756935,0.913043,57.54,1,1,,0,0,
556,FIRST_TOUCH,117139,2026-05-12T08:53:48.392,29,27,256,116691,116713,1146,,0,1,first_touch,SHORT,1.203782,0.756935,0.913043,57.54,1,1,,0,0,
557,ZONE_INVALIDATED,117232,2026-05-12T09:35:11.812,29,27,256,116691,116713,1146,,0,10,close_through_up,SHORT,1.203782,0.756935,0.913043,57.54,1,1,117139,16,6,TARGET
558,AT_PRICE_CREATED,117728,2026-05-12T10:43:07.924,29,31,257,117046,117058,945,885,948,0,AT_PRICE,NEUTRAL,1.067797,0.668317,1,48.08,0,1,,0,0,
559,AT_PRICE_CREATED,117988,2026-05-12T10:56:14.936,29,31,258,116748,116775,1067,885,948,0,AT_PRICE,NEUTRAL,1.20565,0.701051,0.964286,57.19,0,1,,0,0,
560,ZONE_CREATED,118448,2026-05-12T11:25:11.740,29,32,259,116698,116725,901,878,647,0,OFF_PRICE,LONG,1.026196,0.688312,0.892857,58.56,31,1,,0,0,
561,FIRST_TOUCH,118451,2026-05-12T11:25:28.568,29,32,259,116698,116725,901,,0,1,first_touch,LONG,1.026196,0.688312,0.892857,58.56,31,1,,0,0,
562,ZONE_INVALIDATED,118451,2026-05-12T11:25:28.568,29,32,259,116698,116725,901,,0,1,close_through_down,LONG,1.026196,0.688312,0.892857,58.56,31,1,118451,22,31,AMBIGUOUS
563,ZONE_INVALIDATED,118548,2026-05-12T11:31:13.840,29,31,240,116158,116173,891,,0,16,close_through_down,LONG,1.00678,0.702128,0.9375,56.62,11,1,109342,13,5,TARGET
564,ZONE_INVALIDATED,118553,2026-05-12T11:31:26.892,29,31,239,116106,116125,1010,,0,8,close_through_down,LONG,1.141243,0.763416,1,55.72,2,1,109322,8,9,STOP
565,ZONE_CREATED,119098,2026-05-12T12:15:43.716,29,34,260,115752,115757,881,809,514,0,OFF_PRICE,LONG,1.088999,0.483269,1,64.56,22,1,,0,0,
566,FIRST_TOUCH,119102,2026-05-12T12:16:05.288,29,34,260,115752,115757,881,,0,1,first_touch,LONG,1.088999,0.483269,1,64.56,22,1,,0,0,
567,ZONE_INVALIDATED,119103,2026-05-12T12:16:09.708,29,34,260,115752,115757,881,,0,2,close_through_down,LONG,1.088999,0.483269,1,64.56,22,1,119102,17,7,TARGET
568,ZONE_CREATED,119138,2026-05-12T12:18:24.672,29,34,261,115731,115751,834,809,514,0,OFF_PRICE,SHORT,1.030902,0.619614,0.904762,59.9,10,2,,0,0,
569,ZONE_CREATED,119148,2026-05-12T12:19:12.292,29,34,262,115657,115673,833,809,514,0,OFF_PRICE,LONG,1.029666,0.589943,1,60.41,22,1,,0,0,
570,FIRST_TOUCH,119150,2026-05-12T12:19:25.512,29,34,262,115657,115673,833,,0,1,first_touch,LONG,1.029666,0.589943,1,60.41,22,1,,0,0,
571,FIRST_TOUCH,119152,2026-05-12T12:19:29.968,29,34,261,115731,115751,834,,0,1,first_touch,SHORT,1.030902,0.619614,0.904762,59.9,10,2,,0,0,
572,ZONE_INVALIDATED,119160,2026-05-12T12:20:10.020,29,34,261,115731,115751,834,,0,8,close_through_up,SHORT,1.030902,0.619614,0.904762,59.9,10,2,119152,9,20,STOP
573,ZONE_INVALIDATED,119175,2026-05-12T12:21:31.604,29,34,262,115657,115673,833,,0,2,close_through_down,LONG,1.029666,0.589943,1,60.41,22,1,119150,22,9,AMBIGUOUS
574,ZONE_CREATED,119508,2026-05-12T12:53:46.168,29,35,263,115540,115582,971,886,464,0,OFF_PRICE,SHORT,1.095937,0.762765,0.930233,64,13,1,,0,0,
575,FIRST_TOUCH,119509,2026-05-12T12:53:51.468,29,35,263,115540,115582,971,,0,1,first_touch,SHORT,1.095937,0.762765,0.930233,64,13,1,,0,0,
576,ZONE_INVALIDATED,119630,2026-05-12T13:04:13.548,29,35,263,115540,115582,971,,0,10,close_through_up,SHORT,1.095937,0.762765,0.930233,64,13,1,119509,17,0,TARGET
577,ZONE_CREATED,119708,2026-05-12T13:15:14.072,29,36,264,115626,115645,1020,886,361,0,OFF_PRICE,SHORT,1.151242,0.75,1,68.92,29,1,,0,0,
578,ZONE_CREATED,120008,2026-05-12T13:53:21.888,29,37,265,115013,115040,1183,924,349,0,OFF_PRICE,SHORT,1.280303,0.816425,0.964286,77.42,12,1,,0,0,
579,FIRST_TOUCH,120012,2026-05-12T13:53:39.884,29,37,265,115013,115040,1183,,0,1,first_touch,SHORT,1.280303,0.816425,0.964286,77.42,12,1,,0,0,
580,ZONE_INVALIDATED,120032,2026-05-12T13:55:55.804,29,37,265,115013,115040,1183,,0,11,close_through_up,SHORT,1.280303,0.816425,0.964286,77.42,12,1,120012,21,1,TARGET
581,FIRST_TOUCH,120246,2026-05-12T14:23:17.076,29,36,264,115626,115645,1020,,0,1,first_touch,SHORT,1.151242,0.75,1,68.92,29,1,,0,0,
582,ZONE_INVALIDATED,120248,2026-05-12T14:23:27.180,29,36,264,115626,115645,1020,,0,3,close_through_up,SHORT,1.151242,0.75,1,68.92,29,1,120246,4,17,STOP
583,ZONE_CREATED,120938,2026-05-12T16:08:14.080,29,42,266,115991,116009,1090,859,311,0,OFF_PRICE,SHORT,1.268917,0.789855,0.947368,76.37,16,1,,0,0,
584,FIRST_TOUCH,120941,2026-05-12T16:08:26.144,29,42,266,115991,116009,1090,,0,1,first_touch,SHORT,1.268917,0.789855,0.947368,76.37,16,1,,0,0,
585,ZONE_INVALIDATED,120953,2026-05-12T16:11:04.552,29,42,266,115991,116009,1090,,0,9,close_through_up,SHORT,1.268917,0.789855,0.947368,76.37,16,1,120941,13,7,TARGET
586,ZONE_CREATED,121408,2026-05-12T16:59:32.488,29,43,267,116672,116683,1045,997,571,0,OFF_PRICE,LONG,1.048144,0.763889,1,47.95,1,1,,0,0,
587,FIRST_TOUCH,121409,2026-05-12T16:59:33.240,29,43,267,116672,116683,1045,,0,1,first_touch,LONG,1.048144,0.763889,1,47.95,1,1,,0,0,
588,ZONE_CREATED,121418,2026-05-12T16:59:43.892,29,43,268,116691,116698,1167,997,571,0,OFF_PRICE,SHORT,1.170512,0.86895,1,59.85,1,2,,0,0,
589,FIRST_TOUCH,121419,2026-05-12T16:59:44.520,29,43,268,116691,116698,1167,,0,1,first_touch,SHORT,1.170512,0.86895,1,59.85,1,2,,0,0,
590,ZONE_INVALIDATED,121423,2026-05-12T16:59:46.852,29,43,267,116672,116683,1045,,0,4,close_through_down,LONG,1.048144,0.763889,1,47.95,1,1,121409,12,1,TARGET
591,ZONE_INVALIDATED,121453,2026-05-12T17:00:00.304,29,43,268,116691,116698,1167,,0,7,close_through_up,SHORT,1.170512,0.86895,1,59.85,1,2,121419,18,5,TARGET
592,ZONE_CREATED,122150,2026-05-13T05:08:59.932,30,20,269,117543,117566,885,797,70,0,OFF_PRICE,LONG,1.110414,0.598782,0.958333,59.19,7,1,,0,0,
593,ZONE_CREATED,122210,2026-05-13T05:55:21.200,30,21,270,117626,117660,632,532,53,0,OFF_PRICE,LONG,1.18797,0.495298,0.885714,62.28,6,1,,0,0,
594,FIRST_TOUCH,122211,2026-05-13T05:56:14.456,30,21,270,117626,117660,632,,0,1,first_touch,LONG,1.18797,0.495298,0.885714,62.28,6,1,,0,0,
595,ZONE_INVALIDATED,122213,2026-05-13T05:57:42.432,30,21,270,117626,117660,632,,0,3,close_through_down,LONG,1.18797,0.495298,0.885714,62.28,6,1,122211,10,26,STOP
596,FIRST_TOUCH,122221,2026-05-13T06:07:02.060,30,20,269,117543,117566,885,,0,1,first_touch,LONG,1.110414,0.598782,0.958333,59.19,7,1,,0,0,
597,ZONE_INVALIDATED,122224,2026-05-13T06:10:27.904,30,20,269,117543,117566,885,,0,4,close_through_down,LONG,1.110414,0.598782,0.958333,59.19,7,1,122221,21,14,AMBIGUOUS
598,ZONE_CREATED,123800,2026-05-13T11:37:21.392,30,33,271,117044,117077,905,887,611,0,OFF_PRICE,SHORT,1.020293,0.692956,0.970588,59.31,30,1,,0,0,
599,FIRST_TOUCH,123801,2026-05-13T11:37:30.584,30,33,271,117044,117077,905,,0,1,first_touch,SHORT,1.020293,0.692956,0.970588,59.31,30,1,,0,0,
600,ZONE_INVALIDATED,123862,2026-05-13T11:43:34.200,30,33,271,117044,117077,905,,0,8,close_through_up,SHORT,1.020293,0.692956,0.970588,59.31,30,1,123801,31,3,TARGET
601,AT_PRICE_CREATED,123970,2026-05-13T11:56:27.292,30,33,272,117256,117275,908,887,611,0,AT_PRICE,NEUTRAL,1.023675,0.69419,0.85,42.74,0,1,,0,0,
602,AT_PRICE_CREATED,126084,2026-05-13T21:29:40.896,31,4,273,118578,118604,1004,939,97,0,AT_PRICE,NEUTRAL,1.069223,0.703081,1,48.18,0,1,,0,0,
603,AT_PRICE_CREATED,126564,2026-05-14T05:49:53.712,31,21,274,118207,118234,600,598,55,0,AT_PRICE,NEUTRAL,1.003344,0.481155,1,43.57,0,1,,0,0,
604,ZONE_CREATED,127374,2026-05-14T10:48:06.208,31,31,275,118632,118670,977,855,996,0,OFF_PRICE,SHORT,1.14269,0.75972,0.974359,67.94,59,1,,0,0,
605,FIRST_TOUCH,127399,2026-05-14T10:49:32.664,31,31,275,118632,118670,977,,0,1,first_touch,SHORT,1.14269,0.75972,0.974359,67.94,59,1,,0,0,
606,ZONE_INVALIDATED,127402,2026-05-14T10:49:34.528,31,31,275,118632,118670,977,,0,4,close_through_up,SHORT,1.14269,0.75972,0.974359,67.94,59,1,127399,13,14,AMBIGUOUS
607,AT_PRICE_CREATED,127754,2026-05-14T11:09:43.016,31,32,276,118251,118273,1000,841,672,0,AT_PRICE,NEUTRAL,1.189061,0.761615,1,56.57,0,1,,0,0,
608,ZONE_CREATED,128494,2026-05-14T12:29:20.436,31,34,277,119079,119095,883,833,527,0,OFF_PRICE,SHORT,1.060024,0.657483,0.882353,60.77,20,1,,0,0,
609,FIRST_TOUCH,128511,2026-05-14T12:31:17.808,31,34,277,119079,119095,883,,0,1,first_touch,SHORT,1.060024,0.657483,0.882353,60.77,20,1,,0,0,
610,AT_PRICE_CREATED,128514,2026-05-14T12:31:57.468,31,35,278,119048,119066,951,914,473,0,AT_PRICE,NEUTRAL,1.040481,0.738928,0.842105,47.13,0,2,,0,0,
611,ZONE_CREATED,128524,2026-05-14T12:33:54.228,31,35,279,119015,119037,920,914,473,0,OFF_PRICE,SHORT,1.006565,0.737179,0.956522,56.47,8,2,,0,0,
612,FIRST_TOUCH,128551,2026-05-14T12:37:40.164,31,35,279,119015,119037,920,,0,1,first_touch,SHORT,1.006565,0.737179,0.956522,56.47,8,2,,0,0,
613,ZONE_CREATED,128554,2026-05-14T12:38:11.144,31,35,280,118986,119009,947,914,473,0,OFF_PRICE,SHORT,1.036105,0.746845,0.916667,59.19,9,2,,0,0,
614,FIRST_TOUCH,128555,2026-05-14T12:38:19.160,31,35,280,118986,119009,947,,0,1,first_touch,SHORT,1.036105,0.746845,0.916667,59.19,9,2,,0,0,
615,ZONE_INVALIDATED,128584,2026-05-14T12:42:42.892,31,35,280,118986,119009,947,,0,13,close_through_up,SHORT,1.036105,0.746845,0.916667,59.19,9,2,128555,19,7,TARGET
616,ZONE_INVALIDATED,128643,2026-05-14T12:55:12.936,31,35,279,119015,119037,920,,0,16,close_through_up,SHORT,1.006565,0.737179,0.956522,56.47,8,2,128551,29,5,TARGET
617,AT_PRICE_CREATED,128654,2026-05-14T12:56:15.004,31,35,281,119037,119049,1064,914,473,0,AT_PRICE,NEUTRAL,1.164114,0.669182,0.923077,60.33,0,3,,0,0,
618,ZONE_INVALIDATED,128705,2026-05-14T13:05:59.176,31,34,277,119079,119095,883,,0,16,close_through_up,SHORT,1.060024,0.657483,0.882353,60.77,20,1,128511,22,1,TARGET
619,AT_PRICE_CREATED,129194,2026-05-14T14:16:32.252,31,38,282,118574,118592,1050,851,412,0,AT_PRICE,NEUTRAL,1.233843,0.828076,1,59.7,0,1,,0,0,
620,ZONE_CREATED,129774,2026-05-14T15:26:12.848,31,40,283,118698,118712,937,857,341,0,OFF_PRICE,SHORT,1.093349,0.636549,0.933333,56.37,6,1,,0,0,
621,FIRST_TOUCH,129775,2026-05-14T15:26:18.376,31,40,283,118698,118712,937,,0,1,first_touch,SHORT,1.093349,0.636549,0.933333,56.37,6,1,,0,0,
622,ZONE_INVALIDATED,129798,2026-05-14T15:30:15.376,31,40,283,118698,118712,937,,0,11,close_through_up,SHORT,1.093349,0.636549,0.933333,56.37,6,1,129775,15,6,TARGET
623,ZONE_CREATED,130394,2026-05-14T17:08:37.688,31,44,284,118870,118897,993,973,245,0,OFF_PRICE,SHORT,1.020555,0.74382,0.928571,57.45,11,1,,0,0,
624,FIRST_TOUCH,130400,2026-05-14T17:10:49.028,31,44,284,118870,118897,993,,0,1,first_touch,SHORT,1.020555,0.74382,0.928571,57.45,11,1,,0,0,
625,ZONE_INVALIDATED,130521,2026-05-14T20:30:44.660,32,44,284,118870,118897,993,,0,19,close_through_up,SHORT,1.020555,0.74382,0.928571,57.45,11,1,130400,20,0,TARGET
626,ZONE_CREATED,131336,2026-05-15T05:07:51.632,32,20,285,117343,117382,850,815,72,0,OFF_PRICE,LONG,1.042945,0.636228,0.975,60.96,19,1,,0,0,
627,FIRST_TOUCH,131338,2026-05-15T05:08:44.156,32,20,285,117343,117382,850,,0,1,first_touch,LONG,1.042945,0.636228,0.975,60.96,19,1,,0,0,
628,ZONE_INVALIDATED,131351,2026-05-15T05:15:19.508,32,20,285,117343,117382,850,,0,11,close_through_down,LONG,1.042945,0.636228,0.975,60.96,19,1,131338,28,13,AMBIGUOUS
629,ZONE_CREATED,132216,2026-05-15T10:30:02.488,32,31,286,117086,117125,926,850,1002,0,OFF_PRICE,SHORT,1.089412,0.733756,0.9,63.09,18,1,,0,0,
630,FIRST_TOUCH,132234,2026-05-15T10:30:09.956,32,31,286,117086,117125,926,,0,1,first_touch,SHORT,1.089412,0.733756,0.9,63.09,18,1,,0,0,
631,ZONE_INVALIDATED,132237,2026-05-15T10:30:12.460,32,31,286,117086,117125,926,,0,4,close_through_up,SHORT,1.089412,0.733756,0.9,63.09,18,1,132234,34,6,TARGET
632,ZONE_CREATED,132336,2026-05-15T10:33:43.916,32,31,287,116855,116889,858,850,1002,0,OFF_PRICE,SHORT,1.009412,0.671887,0.914286,43.96,1,1,,0,0,
633,FIRST_TOUCH,132337,2026-05-15T10:33:47.952,32,31,287,116855,116889,858,,0,1,first_touch,SHORT,1.009412,0.671887,0.914286,43.96,1,1,,0,0,
634,ZONE_INVALIDATED,132358,2026-05-15T10:34:41.876,32,31,287,116855,116889,858,,0,7,close_through_up,SHORT,1.009412,0.671887,0.914286,43.96,1,1,132337,31,4,TARGET
635,ZONE_CREATED,132686,2026-05-15T10:48:19.904,32,31,288,116659,116690,924,850,1002,0,OFF_PRICE,LONG,1.087059,0.672979,0.9375,63.49,61,1,,0,0,
636,FIRST_TOUCH,132753,2026-05-15T10:51:13.096,32,31,288,116659,116690,924,,0,1,first_touch,LONG,1.087059,0.672979,0.9375,63.49,61,1,,0,0,
637,ZONE_INVALIDATED,132904,2026-05-15T10:58:45.572,32,31,288,116659,116690,924,,0,15,close_through_down,LONG,1.087059,0.672979,0.9375,63.49,61,1,132753,34,5,TARGET
638,ZONE_CREATED,133706,2026-05-15T11:52:42.756,32,33,289,117003,117027,981,905,613,0,OFF_PRICE,LONG,1.083978,0.766406,0.92,50.51,2,1,,0,0,
639,FIRST_TOUCH,133707,2026-05-15T11:52:47.532,32,33,289,117003,117027,981,,0,1,first_touch,LONG,1.083978,0.766406,0.92,50.51,2,1,,0,0,
640,ZONE_INVALIDATED,133864,2026-05-15T12:07:45.084,32,33,289,117003,117027,981,,0,18,close_through_down,LONG,1.083978,0.766406,0.92,50.51,2,1,133707,37,5,TARGET
641,AT_PRICE_CREATED,134906,2026-05-15T14:30:35.888,32,39,290,117668,117684,978,865,353,0,AT_PRICE,NEUTRAL,1.130636,0.748279,1,52.48,0,1,,0,0,
642,ZONE_CREATED,135116,2026-05-15T15:10:36.160,32,40,291,117864,117883,1022,857,337,0,OFF_PRICE,LONG,1.192532,0.80094,1,69.31,10,1,,0,0,
643,FIRST_TOUCH,135118,2026-05-15T15:11:00.748,32,40,291,117864,117883,1022,,0,1,first_touch,LONG,1.192532,0.80094,1,69.31,10,1,,0,0,
644,ZONE_INVALIDATED,135140,2026-05-15T15:15:41.360,32,40,291,117864,117883,1022,,0,12,close_through_down,LONG,1.192532,0.80094,1,69.31,10,1,135118,25,6,TARGET
645,ZONE_CREATED,135486,2026-05-15T16:06:59.120,32,42,292,117420,117442,971,895,310,0,OFF_PRICE,SHORT,1.084916,0.748651,1,64.28,31,1,,0,0,
646,ZONE_CREATED,136186,2026-05-15T17:58:49.852,32,45,293,116668,116700,1052,868,81,0,OFF_PRICE,LONG,1.211982,0.755747,0.939394,72.26,40,1,,0,0,
647,FIRST_TOUCH,136190,2026-05-15T17:59:59.000,32,45,293,116668,116700,1052,,0,1,first_touch,LONG,1.211982,0.755747,0.939394,72.26,40,1,,0,0,
648,ZONE_INVALIDATED,136191,2026-05-17T19:00:04.364,33,45,293,116668,116700,1052,,0,1,close_through_down,LONG,1.211982,0.755747,0.939394,72.26,40,1,136190,35,8,AMBIGUOUS
649,ZONE_CREATED,137380,2026-05-18T05:33:11.776,33,21,294,116856,116886,681,600,60,0,OFF_PRICE,LONG,1.135,0.513962,0.935484,66.82,51,1,,0,0,
650,FIRST_TOUCH,137385,2026-05-18T05:35:05.736,33,21,294,116856,116886,681,,0,1,first_touch,LONG,1.135,0.513962,0.935484,66.82,51,1,,0,0,
651,ZONE_INVALIDATED,137387,2026-05-18T05:36:07.044,33,21,294,116856,116886,681,,0,3,close_through_down,LONG,1.135,0.513962,0.935484,66.82,51,1,137385,32,6,TARGET
652,AT_PRICE_CREATED,137400,2026-05-18T05:46:34.316,33,21,295,116824,116842,606,600,60,0,AT_PRICE,NEUTRAL,1.01,0.460137,0.947368,46.58,0,2,,0,0,
653,ZONE_CREATED,137630,2026-05-18T08:36:40.652,33,27,296,116555,116584,1670,952,86,0,OFF_PRICE,SHORT,1.754202,0.727669,0.966667,92.83,34,1,,0,0,
654,FIRST_TOUCH,137634,2026-05-18T08:38:36.060,33,27,296,116555,116584,1670,,0,1,first_touch,SHORT,1.754202,0.727669,0.966667,92.83,34,1,,0,0,
655,ZONE_INVALIDATED,137636,2026-05-18T08:39:23.604,33,27,296,116555,116584,1670,,0,3,close_through_up,SHORT,1.754202,0.727669,0.966667,92.83,34,1,137634,54,12,AMBIGUOUS
656,AT_PRICE_CREATED,137860,2026-05-18T09:45:10.068,33,29,297,117256,117285,1223,718,160,0,AT_PRICE,NEUTRAL,1.703343,0.807794,0.933333,77.33,0,1,,0,0,
657,FIRST_TOUCH,137868,2026-05-18T09:45:47.924,33,42,292,117420,117442,971,,0,1,first_touch,SHORT,1.084916,0.748651,1,64.28,31,1,,0,0,
658,ZONE_INVALIDATED,137870,2026-05-18T09:45:58.148,33,42,292,117420,117442,971,,0,3,close_through_up,SHORT,1.084916,0.748651,1,64.28,31,1,137868,22,4,TARGET
659,ZONE_CREATED,137900,2026-05-18T09:48:43.328,33,29,298,117504,117531,851,718,160,0,OFF_PRICE,SHORT,1.185237,0.599718,0.928571,57.73,2,1,,0,0,
660,FIRST_TOUCH,137901,2026-05-18T09:48:44.956,33,29,298,117504,117531,851,,0,1,first_touch,SHORT,1.185237,0.599718,0.928571,57.73,2,1,,0,0,
661,ZONE_INVALIDATED,137903,2026-05-18T09:49:03.944,33,29,298,117504,117531,851,,0,3,close_through_up,SHORT,1.185237,0.599718,0.928571,57.73,2,1,137901,11,29,STOP
662,AT_PRICE_CREATED,137930,2026-05-18T09:52:09.828,33,29,299,117496,117519,724,718,160,0,AT_PRICE,NEUTRAL,1.008357,0.488529,0.916667,46,0,2,,0,0,
663,ZONE_CREATED,138980,2026-05-18T11:08:33.340,33,32,300,116843,116882,962,799,700,0,OFF_PRICE,LONG,1.204005,0.780844,0.925,71.49,72,1,,0,0,
664,FIRST_TOUCH,138999,2026-05-18T11:10:02.992,33,32,300,116843,116882,962,,0,1,first_touch,LONG,1.204005,0.780844,0.925,71.49,72,1,,0,0,
665,ZONE_INVALIDATED,139120,2026-05-18T11:18:21.956,33,32,300,116843,116882,962,,0,10,close_through_down,LONG,1.204005,0.780844,0.925,71.49,72,1,138999,32,11,AMBIGUOUS
666,ZONE_CREATED,139910,2026-05-18T12:10:42.416,33,34,301,116038,116081,983,833,524,0,OFF_PRICE,LONG,1.180072,0.772799,0.954545,70.26,57,1,,0,0,
667,FIRST_TOUCH,139984,2026-05-18T12:18:45.620,33,34,301,116038,116081,983,,0,1,first_touch,LONG,1.180072,0.772799,0.954545,70.26,57,1,,0,0,
668,ZONE_INVALIDATED,139989,2026-05-18T12:19:20.536,33,34,301,116038,116081,983,,0,6,close_through_down,LONG,1.180072,0.772799,0.954545,70.26,57,1,139984,37,9,AMBIGUOUS
669,AT_PRICE_CREATED,140460,2026-05-18T13:13:03.264,33,36,302,116040,116076,885,885,378,0,AT_PRICE,NEUTRAL,1,0.687646,0.864865,41.31,0,1,,0,0,
670,ZONE_CREATED,140600,2026-05-18T13:26:56.028,33,36,303,115684,115709,1009,885,378,0,OFF_PRICE,SHORT,1.140113,0.703626,0.961538,67.56,13,1,,0,0,
671,FIRST_TOUCH,140607,2026-05-18T13:27:18.428,33,36,303,115684,115709,1009,,0,1,first_touch,SHORT,1.140113,0.703626,0.961538,67.56,13,1,,0,0,
672,ZONE_INVALIDATED,140611,2026-05-18T13:27:32.820,33,36,303,115684,115709,1009,,0,5,close_through_up,SHORT,1.140113,0.703626,0.961538,67.56,13,1,140607,34,6,TARGET
673,ZONE_CREATED,140620,2026-05-18T13:28:04.228,33,36,304,115679,115722,969,885,378,0,OFF_PRICE,SHORT,1.094915,0.765403,0.954545,67.63,58,2,,0,0,
674,FIRST_TOUCH,140719,2026-05-18T13:33:14.600,33,36,304,115679,115722,969,,0,1,first_touch,SHORT,1.094915,0.765403,0.954545,67.63,58,2,,0,0,
675,ZONE_INVALIDATED,140721,2026-05-18T13:33:24.024,33,36,304,115679,115722,969,,0,3,close_through_up,SHORT,1.094915,0.765403,0.954545,67.63,58,2,140719,31,14,AMBIGUOUS
676,ZONE_CREATED,141520,2026-05-18T15:27:41.524,33,40,305,115356,115377,954,880,335,0,OFF_PRICE,LONG,1.084091,0.65567,0.954545,63.54,17,1,,0,0,
677,FIRST_TOUCH,141632,2026-05-18T15:41:58.280,33,40,305,115356,115377,954,,0,1,first_touch,LONG,1.084091,0.65567,0.954545,63.54,17,1,,0,0,
678,ZONE_INVALIDATED,141679,2026-05-18T15:49:42.724,33,40,305,115356,115377,954,,0,5,close_through_down,LONG,1.084091,0.65567,0.954545,63.54,17,1,141632,14,4,TARGET
679,AT_PRICE_CREATED,142240,2026-05-18T16:37:37.768,33,43,306,115949,115965,1048,997,570,0,AT_PRICE,NEUTRAL,1.051153,0.809266,1,46.91,0,1,,0,0,
680,AT_PRICE_CREATED,144116,2026-05-19T10:33:16.288,34,31,307,115969,115993,930,855,1048,0,AT_PRICE,NEUTRAL,1.087719,0.709924,0.96,48.87,0,1,,0,0,
681,ZONE_CREATED,144216,2026-05-19T10:37:00.392,34,31,308,116103,116144,902,855,1048,0,OFF_PRICE,LONG,1.054971,0.679729,0.880952,60.4,62,1,,0,0,
682,FIRST_TOUCH,144247,2026-05-19T10:38:01.536,34,31,308,116103,116144,902,,0,1,first_touch,LONG,1.054971,0.679729,0.880952,60.4,62,1,,0,0,
683,ZONE_INVALIDATED,144258,2026-05-19T10:38:25.256,34,31,308,116103,116144,902,,0,12,close_through_down,LONG,1.054971,0.679729,0.880952,60.4,62,1,144247,40,4,TARGET
684,ZONE_CREATED,144806,2026-05-19T11:04:34.608,34,32,309,115508,115543,898,799,717,0,OFF_PRICE,LONG,1.123905,0.709321,0.944444,66.17,17,1,,0,0,
685,FIRST_TOUCH,144807,2026-05-19T11:04:34.784,34,32,309,115508,115543,898,,0,1,first_touch,LONG,1.123905,0.709321,0.944444,66.17,17,1,,0,0,
686,ZONE_INVALIDATED,144839,2026-05-19T11:05:40.464,34,32,309,115508,115543,898,,0,7,close_through_down,LONG,1.123905,0.709321,0.944444,66.17,17,1,144807,35,3,TARGET
687,ZONE_CREATED,144956,2026-05-19T11:10:33.144,34,32,310,115119,115149,815,799,717,0,OFF_PRICE,LONG,1.020025,0.647854,0.935484,58.77,13,1,,0,0,
688,FIRST_TOUCH,144957,2026-05-19T11:10:36.024,34,32,310,115119,115149,815,,0,1,first_touch,LONG,1.020025,0.647854,0.935484,58.77,13,1,,0,0,
689,ZONE_INVALIDATED,144980,2026-05-19T11:11:21.900,34,32,310,115119,115149,815,,0,8,close_through_down,LONG,1.020025,0.647854,0.935484,58.77,13,1,144957,23,8,AMBIGUOUS
690,ZONE_CREATED,145836,2026-05-19T12:06:45.272,34,34,311,115121,115158,883,834,522,0,OFF_PRICE,LONG,1.058753,0.679231,0.894737,60.87,62,1,,0,0,
691,FIRST_TOUCH,145840,2026-05-19T12:07:15.264,34,34,311,115121,115158,883,,0,1,first_touch,LONG,1.058753,0.679231,0.894737,60.87,62,1,,0,0,
692,ZONE_INVALIDATED,145841,2026-05-19T12:07:21.396,34,34,311,115121,115158,883,,0,2,close_through_down,LONG,1.058753,0.679231,0.894737,60.87,62,1,145840,31,11,AMBIGUOUS
693,AT_PRICE_CREATED,145976,2026-05-19T12:22:20.696,34,34,312,115235,115262,860,834,522,0,AT_PRICE,NEUTRAL,1.031175,0.662558,0.964286,44.98,0,1,,0,0,
694,AT_PRICE_CREATED,146626,2026-05-19T13:46:19.696,34,37,313,115958,115975,907,807,360,0,AT_PRICE,NEUTRAL,1.123916,0.693425,1,52.01,0,1,,0,0,
695,ZONE_CREATED,146696,2026-05-19T13:56:13.128,34,37,314,116082,116100,814,807,360,0,OFF_PRICE,SHORT,1.008674,0.639434,1,45.19,1,1,,0,0,
696,FIRST_TOUCH,146697,2026-05-19T13:56:24.788,34,37,314,116082,116100,814,,0,1,first_touch,SHORT,1.008674,0.639434,1,45.19,1,1,,0,0,
697,ZONE_INVALIDATED,146704,2026-05-19T13:57:25.736,34,37,314,116082,116100,814,,0,4,close_through_up,SHORT,1.008674,0.639434,1,45.19,1,1,146697,21,4,TARGET
698,ZONE_CREATED,146836,2026-05-19T14:15:06.268,34,38,315,116284,116305,972,874,406,0,OFF_PRICE,LONG,1.112128,0.673597,0.863636,64.14,14,1,,0,0,
699,FIRST_TOUCH,146933,2026-05-19T14:26:41.828,34,38,315,116284,116305,972,,0,1,first_touch,LONG,1.112128,0.673597,0.863636,64.14,14,1,,0,0,
700,ZONE_INVALIDATED,146951,2026-05-19T14:28:50.240,34,38,315,116284,116305,972,,0,16,close_through_down,LONG,1.112128,0.673597,0.863636,64.14,14,1,146933,18,7,TARGET
701,ZONE_CREATED,147316,2026-05-19T15:30:04.564,34,41,316,116083,116120,942,847,306,0,OFF_PRICE,SHORT,1.112161,0.744076,1,66.18,34,1,,0,0,
702,FIRST_TOUCH,147320,2026-05-19T15:30:27.432,34,41,316,116083,116120,942,,0,1,first_touch,SHORT,1.112161,0.744076,1,66.18,34,1,,0,0,
703,ZONE_INVALIDATED,147328,2026-05-19T15:32:12.108,34,41,316,116083,116120,942,,0,9,close_through_up,SHORT,1.112161,0.744076,1,66.18,34,1,147320,24,24,AMBIGUOUS
704,ZONE_CREATED,147986,2026-05-19T17:00:02.196,34,44,317,115683,115698,1166,973,256,0,OFF_PRICE,SHORT,1.198356,0.833452,1,59.72,2,1,,0,0,
705,FIRST_TOUCH,147987,2026-05-19T17:00:03.008,34,44,317,115683,115698,1166,,0,1,first_touch,SHORT,1.198356,0.833452,1,59.72,2,1,,0,0,
706,ZONE_INVALIDATED,147988,2026-05-19T17:00:04.300,34,44,317,115683,115698,1166,,0,2,close_through_up,SHORT,1.198356,0.833452,1,59.72,2,1,147987,11,24,STOP
707,AT_PRICE_CREATED,149344,2026-05-20T10:36:59.528,35,31,318,116211,116245,937,858,1081,0,AT_PRICE,NEUTRAL,1.092075,0.740126,1,49.78,0,1,,0,0,
708,ZONE_CREATED,149534,2026-05-20T10:45:38.784,35,31,319,116602,116632,922,858,1081,0,OFF_PRICE,SHORT,1.074592,0.732327,0.935484,62.59,46,1,,0,0,
709,FIRST_TOUCH,149546,2026-05-20T10:46:11.340,35,31,319,116602,116632,922,,0,1,first_touch,SHORT,1.074592,0.732327,0.935484,62.59,46,1,,0,0,
710,ZONE_INVALIDATED,149551,2026-05-20T10:46:26.164,35,31,319,116602,116632,922,,0,6,close_through_up,SHORT,1.074592,0.732327,0.935484,62.59,46,1,149546,27,0,TARGET
711,ZONE_CREATED,149894,2026-05-20T11:09:18.944,35,32,320,116376,116399,1028,799,755,0,OFF_PRICE,LONG,1.286608,0.736918,0.916667,63.4,1,1,,0,0,
712,FIRST_TOUCH,149895,2026-05-20T11:09:27.788,35,32,320,116376,116399,1028,,0,1,first_touch,LONG,1.286608,0.736918,0.916667,63.4,1,1,,0,0,
713,ZONE_INVALIDATED,149895,2026-05-20T11:09:27.788,35,32,320,116376,116399,1028,,0,1,close_through_down,LONG,1.286608,0.736918,0.916667,63.4,1,1,149895,4,30,STOP
714,ZONE_CREATED,150124,2026-05-20T11:19:37.572,35,32,321,116679,116709,888,799,755,0,OFF_PRICE,LONG,1.111389,0.683603,0.967742,65.65,20,1,,0,0,
715,FIRST_TOUCH,150125,2026-05-20T11:19:40.728,35,32,321,116679,116709,888,,0,1,first_touch,LONG,1.111389,0.683603,0.967742,65.65,20,1,,0,0,
716,ZONE_INVALIDATED,150129,2026-05-20T11:19:57.048,35,32,321,116679,116709,888,,0,5,close_through_down,LONG,1.111389,0.683603,0.967742,65.65,20,1,150125,18,32,AMBIGUOUS
717,ZONE_CREATED,150154,2026-05-20T11:21:05.820,35,32,322,116774,116816,838,799,755,0,OFF_PRICE,SHORT,1.048811,0.622123,0.837209,59.31,94,1,,0,0,
718,FIRST_TOUCH,150159,2026-05-20T11:21:29.964,35,32,322,116774,116816,838,,0,1,first_touch,SHORT,1.048811,0.622123,0.837209,59.31,94,1,,0,0,
719,ZONE_INVALIDATED,150162,2026-05-20T11:21:41.056,35,32,322,116774,116816,838,,0,4,close_through_up,SHORT,1.048811,0.622123,0.837209,59.31,94,1,150159,29,16,AMBIGUOUS
720,AT_PRICE_CREATED,150674,2026-05-20T12:11:08.920,35,34,323,117015,117039,911,839,510,0,AT_PRICE,NEUTRAL,1.085816,0.715632,0.88,47.54,0,1,,0,0,
721,ZONE_CREATED,150814,2026-05-20T12:18:13.328,35,34,324,117224,117255,863,839,510,0,OFF_PRICE,SHORT,1.028605,0.581536,0.875,58.46,51,1,,0,0,
722,FIRST_TOUCH,150819,2026-05-20T12:18:24.068,35,34,324,117224,117255,863,,0,1,first_touch,SHORT,1.028605,0.581536,0.875,58.46,51,1,,0,0,
723,ZONE_INVALIDATED,150829,2026-05-20T12:19:20.980,35,34,324,117224,117255,863,,0,8,close_through_up,SHORT,1.028605,0.581536,0.875,58.46,51,1,150819,32,5,TARGET
724,ZONE_CREATED,152374,2026-05-20T17:00:00.256,35,43,325,117566,117579,1022,988,565,0,OFF_PRICE,LONG,1.034413,0.670164,0.857143,44.85,1,1,,0,0,
725,FIRST_TOUCH,152375,2026-05-20T17:00:00.356,35,43,325,117566,117579,1022,,0,1,first_touch,LONG,1.034413,0.670164,0.857143,44.85,1,1,,0,0,
726,ZONE_INVALIDATED,152377,2026-05-20T17:00:01.236,35,43,325,117566,117579,1022,,0,3,close_through_down,LONG,1.034413,0.670164,0.857143,44.85,1,1,152375,9,16,STOP
727,ZONE_CREATED,153522,2026-05-21T09:43:55.024,36,29,326,116920,116960,948,752,172,0,OFF_PRICE,SHORT,1.260638,0.701183,0.97561,76.21,36,1,,0,0,
728,FIRST_TOUCH,153523,2026-05-21T09:44:01.496,36,29,326,116920,116960,948,,0,1,first_touch,SHORT,1.260638,0.701183,0.97561,76.21,36,1,,0,0,
729,ZONE_INVALIDATED,153535,2026-05-21T09:49:20.108,36,29,326,116920,116960,948,,0,12,close_through_up,SHORT,1.260638,0.701183,0.97561,76.21,36,1,153523,35,6,TARGET
730,AT_PRICE_CREATED,153702,2026-05-21T10:30:11.524,36,31,327,116871,116904,984,858,1109,0,AT_PRICE,NEUTRAL,1.146853,0.740406,0.970588,53.17,0,1,,0,0,
731,AT_PRICE_CREATED,154082,2026-05-21T10:51:12.988,36,31,328,116880,116915,995,858,1109,0,AT_PRICE,NEUTRAL,1.159674,0.769528,1,54.51,0,1,,0,0,
732,ZONE_CREATED,154312,2026-05-21T11:02:31.160,36,32,329,117298,117324,852,815,768,0,OFF_PRICE,LONG,1.045399,0.655385,1,56.51,8,1,,0,0,
733,FIRST_TOUCH,154313,2026-05-21T11:02:35.708,36,32,329,117298,117324,852,,0,1,first_touch,LONG,1.045399,0.655385,1,56.51,8,1,,0,0,
734,ZONE_INVALIDATED,154316,2026-05-21T11:02:50.712,36,32,329,117298,117324,852,,0,4,close_through_down,LONG,1.045399,0.655385,1,56.51,8,1,154313,11,15,STOP
735,ZONE_CREATED,155112,2026-05-21T12:08:00.860,36,34,330,116656,116676,895,860,520,0,OFF_PRICE,SHORT,1.040698,0.592323,0.952381,60.47,22,1,,0,0,
736,FIRST_TOUCH,155113,2026-05-21T12:08:06.568,36,34,330,116656,116676,895,,0,1,first_touch,SHORT,1.040698,0.592323,0.952381,60.47,22,1,,0,0,
737,ZONE_INVALIDATED,155131,2026-05-21T12:09:37.836,36,34,330,116656,116676,895,,0,7,close_through_up,SHORT,1.040698,0.592323,0.952381,60.47,22,1,155113,25,4,TARGET
738,ZONE_CREATED,156012,2026-05-21T14:20:11.872,36,38,331,117633,117661,911,851,392,0,OFF_PRICE,LONG,1.070505,0.706202,1,63.27,38,1,,0,0,
739,FIRST_TOUCH,156014,2026-05-21T14:20:20.228,36,38,331,117633,117661,911,,0,1,first_touch,LONG,1.070505,0.706202,1,63.27,38,1,,0,0,
740,ZONE_INVALIDATED,156073,2026-05-21T14:23:22.056,36,38,331,117633,117661,911,,0,6,close_through_down,LONG,1.070505,0.706202,1,63.27,38,1,156014,29,6,TARGET
741,AT_PRICE_CREATED,156372,2026-05-21T15:04:58.180,36,40,332,117870,117909,1042,937,341,0,AT_PRICE,NEUTRAL,1.11206,0.732771,0.975,50.8,0,1,,0,0,
742,ZONE_CREATED,157304,2026-05-21T20:14:26.504,37,2,333,118151,118172,818,805,52,0,OFF_PRICE,LONG,1.016149,0.625861,0.909091,58.1,19,1,,0,0,
743,FIRST_TOUCH,157305,2026-05-21T20:16:25.624,37,2,333,118151,118172,818,,0,1,first_touch,LONG,1.016149,0.625861,0.909091,58.1,19,1,,0,0,
744,ZONE_INVALIDATED,157310,2026-05-21T20:31:32.308,37,2,333,118151,118172,818,,0,6,close_through_down,LONG,1.016149,0.625861,0.909091,58.1,19,1,157305,24,8,AMBIGUOUS
745,ZONE_CREATED,157324,2026-05-21T20:51:19.176,37,3,334,118183,118216,743,720,53,0,OFF_PRICE,LONG,1.031944,0.448401,0.941176,63.02,75,2,,0,0,
746,FIRST_TOUCH,157329,2026-05-21T20:55:01.908,37,3,334,118183,118216,743,,0,1,first_touch,LONG,1.031944,0.448401,0.941176,63.02,75,2,,0,0,
747,ZONE_INVALIDATED,157334,2026-05-21T21:00:33.908,37,3,334,118183,118216,743,,0,6,close_through_down,LONG,1.031944,0.448401,0.941176,63.02,75,2,157329,33,25,AMBIGUOUS
748,ZONE_CREATED,157724,2026-05-22T05:34:52.484,37,21,335,118498,118533,923,632,64,0,OFF_PRICE,SHORT,1.460443,0.681684,1,90.56,146,1,,0,0,
749,ZONE_CREATED,158024,2026-05-22T09:51:13.132,37,29,336,118274,118292,809,752,172,0,OFF_PRICE,SHORT,1.075798,0.601935,0.947368,62.85,24,1,,0,0,
750,FIRST_TOUCH,158025,2026-05-22T09:52:05.008,37,29,336,118274,118292,809,,0,1,first_touch,SHORT,1.075798,0.601935,0.947368,62.85,24,1,,0,0,
751,ZONE_INVALIDATED,158026,2026-05-22T09:52:42.996,37,29,336,118274,118292,809,,0,2,close_through_up,SHORT,1.075798,0.601935,0.947368,62.85,24,1,158025,24,16,AMBIGUOUS
752,AT_PRICE_CREATED,158034,2026-05-22T09:58:07.272,37,29,337,118308,118328,782,752,172,0,AT_PRICE,NEUTRAL,1.039894,0.595583,1,49.46,0,2,,0,0,
753,FIRST_TOUCH,158203,2026-05-22T10:31:00.804,37,21,335,118498,118533,923,,0,1,first_touch,SHORT,1.460443,0.681684,1,90.56,146,1,,0,0,
754,ZONE_INVALIDATED,158212,2026-05-22T10:31:12.984,37,21,335,118498,118533,923,,0,7,close_through_up,SHORT,1.460443,0.681684,1,90.56,146,1,158203,23,0,TARGET
755,ZONE_CREATED,158444,2026-05-22T10:42:36.136,37,31,338,118603,118628,891,891,1130,0,OFF_PRICE,SHORT,1,0.660979,0.961538,56.51,11,1,,0,0,
756,FIRST_TOUCH,158469,2026-05-22T10:43:39.164,37,31,338,118603,118628,891,,0,1,first_touch,SHORT,1,0.660979,0.961538,56.51,11,1,,0,0,
757,ZONE_INVALIDATED,158475,2026-05-22T10:44:09.612,37,31,338,118603,118628,891,,0,7,close_through_up,SHORT,1,0.660979,0.961538,56.51,11,1,158469,21,0,TARGET
758,ZONE_CREATED,158844,2026-05-22T11:12:40.336,37,32,339,118297,118320,897,838,784,0,OFF_PRICE,LONG,1.070406,0.708531,1,60.76,10,1,,0,0,
759,FIRST_TOUCH,158847,2026-05-22T11:13:02.396,37,32,339,118297,118320,897,,0,1,first_touch,LONG,1.070406,0.708531,1,60.76,10,1,,0,0,
760,ZONE_INVALIDATED,158849,2026-05-22T11:13:14.460,37,32,339,118297,118320,897,,0,3,close_through_down,LONG,1.070406,0.708531,1,60.76,10,1,158847,13,25,AMBIGUOUS
761,ZONE_CREATED,160404,2026-05-22T15:43:39.536,37,41,340,118670,118692,1107,850,313,0,OFF_PRICE,LONG,1.302353,0.813373,0.913043,66.94,3,1,,0,0,
762,FIRST_TOUCH,160405,2026-05-22T15:43:54.100,37,41,340,118670,118692,1107,,0,1,first_touch,LONG,1.302353,0.813373,0.913043,66.94,3,1,,0,0,
763,ZONE_INVALIDATED,160407,2026-05-22T15:44:47.276,37,41,340,118670,118692,1107,,0,3,close_through_down,LONG,1.302353,0.813373,0.913043,66.94,3,1,160405,5,18,STOP
764,AT_PRICE_CREATED,162288,2026-05-26T00:34:01.372,39,11,341,119280,119304,695,643,33,0,AT_PRICE,NEUTRAL,1.080871,0.553785,0.92,47.79,0,1,,0,0,
765,ZONE_CREATED,164218,2026-05-26T12:18:21.696,39,34,342,120000,120016,1037,860,513,0,OFF_PRICE,LONG,1.205814,0.683586,1,72.74,33,1,,0,0,
766,FIRST_TOUCH,164221,2026-05-26T12:18:42.220,39,34,342,120000,120016,1037,,0,1,first_touch,LONG,1.205814,0.683586,1,72.74,33,1,,0,0,
767,ZONE_INVALIDATED,164243,2026-05-26T12:21:20.200,39,34,342,120000,120016,1037,,0,7,close_through_down,LONG,1.205814,0.683586,1,72.74,33,1,164221,22,9,AMBIGUOUS
768,ZONE_CREATED,164268,2026-05-26T12:24:36.252,39,34,343,119990,120008,1015,860,513,0,OFF_PRICE,LONG,1.180233,0.753526,1,74.28,21,2,,0,0,
769,FIRST_TOUCH,164296,2026-05-26T12:27:45.292,39,34,343,119990,120008,1015,,0,1,first_touch,LONG,1.180233,0.753526,1,74.28,21,2,,0,0,
770,ZONE_INVALIDATED,164311,2026-05-26T12:29:34.648,39,34,343,119990,120008,1015,,0,7,close_through_down,LONG,1.180233,0.753526,1,74.28,21,2,164296,15,1,TARGET
771,ZONE_CREATED,164688,2026-05-26T13:08:10.648,39,36,344,119800,119828,957,899,388,0,OFF_PRICE,SHORT,1.064516,0.727204,0.931034,61.81,35,1,,0,0,
772,FIRST_TOUCH,164717,2026-05-26T13:12:32.732,39,36,344,119800,119828,957,,0,1,first_touch,SHORT,1.064516,0.727204,0.931034,61.81,35,1,,0,0,
773,ZONE_INVALIDATED,164771,2026-05-26T13:22:05.708,39,36,344,119800,119828,957,,0,24,close_through_up,SHORT,1.064516,0.727204,0.931034,61.81,35,1,164717,15,11,AMBIGUOUS
774,ZONE_CREATED,164908,2026-05-26T13:45:04.476,39,37,345,119856,119876,1001,779,355,0,OFF_PRICE,SHORT,1.284981,0.772377,0.952381,77.57,16,1,,0,0,
775,FIRST_TOUCH,164910,2026-05-26T13:45:18.112,39,37,345,119856,119876,1001,,0,1,first_touch,SHORT,1.284981,0.772377,0.952381,77.57,16,1,,0,0,
776,ZONE_INVALIDATED,164912,2026-05-26T13:45:32.632,39,37,345,119856,119876,1001,,0,3,close_through_up,SHORT,1.284981,0.772377,0.952381,77.57,16,1,164910,23,11,AMBIGUOUS
777,ZONE_CREATED,165418,2026-05-26T15:32:29.564,39,41,346,120219,120229,858,854,308,0,OFF_PRICE,SHORT,1.004684,0.666149,1,48.66,4,1,,0,0,
778,FIRST_TOUCH,165424,2026-05-26T15:33:29.876,39,41,346,120219,120229,858,,0,1,first_touch,SHORT,1.004684,0.666149,1,48.66,4,1,,0,0,
779,ZONE_INVALIDATED,165424,2026-05-26T15:33:29.876,39,41,346,120219,120229,858,,0,1,close_through_up,SHORT,1.004684,0.666149,1,48.66,4,1,165424,9,11,STOP
780,AT_PRICE_CREATED,165518,2026-05-26T15:55:19.384,39,41,347,120138,120158,996,854,308,0,AT_PRICE,NEUTRAL,1.166276,0.791733,0.952381,54.26,0,1,,0,0,
781,ZONE_CREATED,165998,2026-05-26T17:05:00.168,39,44,348,120271,120281,975,934,236,0,OFF_PRICE,SHORT,1.043897,0.680391,1,61.41,20,1,,0,0,
782,FIRST_TOUCH,166000,2026-05-26T17:05:21.208,39,44,348,120271,120281,975,,0,1,first_touch,SHORT,1.043897,0.680391,1,61.41,20,1,,0,0,
783,ZONE_INVALIDATED,166001,2026-05-26T17:05:21.464,39,44,348,120271,120281,975,,0,2,close_through_up,SHORT,1.043897,0.680391,1,61.41,20,1,166000,15,4,TARGET
784,ZONE_CREATED,166167,2026-05-26T21:06:23.724,40,4,349,120390,120424,967,912,104,0,OFF_PRICE,LONG,1.060307,0.733131,0.857143,60.41,24,1,,0,0,
785,FIRST_TOUCH,166168,2026-05-26T21:06:24.092,40,4,349,120390,120424,967,,0,1,first_touch,LONG,1.060307,0.733131,0.857143,60.41,24,1,,0,0,
786,ZONE_INVALIDATED,166178,2026-05-26T21:15:53.528,40,4,349,120390,120424,967,,0,9,close_through_down,LONG,1.060307,0.733131,0.857143,60.41,24,1,166168,36,5,TARGET
787,AT_PRICE_CREATED,166297,2026-05-26T23:03:47.720,40,8,350,120490,120514,797,777,58,0,AT_PRICE,NEUTRAL,1.02574,0.60747,0.96,44.54,0,1,,0,0,
788,AT_PRICE_CREATED,167127,2026-05-27T10:28:59.148,40,30,351,120759,120793,1143,786,205,0,AT_PRICE,NEUTRAL,1.454198,0.863293,1,75.13,0,1,,0,0,
789,AT_PRICE_CREATED,167187,2026-05-27T10:30:33.680,40,31,352,120592,120615,995,874,1097,0,AT_PRICE,NEUTRAL,1.138444,0.772516,0.958333,52.4,0,1,,0,0,
790,ZONE_CREATED,167487,2026-05-27T10:41:17.980,40,31,353,120200,120201,914,874,1097,0,OFF_PRICE,SHORT,1.045767,0.425512,1,61.54,51,1,,0,0,
791,AT_PRICE_CREATED,167507,2026-05-27T10:42:00.036,40,31,354,120104,120128,964,874,1097,0,AT_PRICE,NEUTRAL,1.102975,0.726998,0.96,49.94,0,1,,0,0,
792,FIRST_TOUCH,167515,2026-05-27T10:42:20.000,40,31,353,120200,120201,914,,0,1,first_touch,SHORT,1.045767,0.425512,1,61.54,51,1,,0,0,
793,ZONE_INVALIDATED,167516,2026-05-27T10:42:21.452,40,31,353,120200,120201,914,,0,2,close_through_up,SHORT,1.045767,0.425512,1,61.54,51,1,167515,49,2,TARGET
794,ZONE_CREATED,167627,2026-05-27T10:46:06.244,40,31,355,120088,120116,1099,874,1097,0,OFF_PRICE,SHORT,1.257437,0.777228,0.931034,78.65,47,2,,0,0,
795,FIRST_TOUCH,167744,2026-05-27T10:50:43.456,40,31,355,120088,120116,1099,,0,1,first_touch,SHORT,1.257437,0.777228,0.931034,78.65,47,2,,0,0,
796,ZONE_INVALIDATED,167748,2026-05-27T10:50:52.748,40,31,355,120088,120116,1099,,0,5,close_through_up,SHORT,1.257437,0.777228,0.931034,78.65,47,2,167744,17,12,AMBIGUOUS
797,AT_PRICE_CREATED,167937,2026-05-27T11:00:09.556,40,32,356,120234,120253,923,838,770,0,AT_PRICE,NEUTRAL,1.101432,0.668841,0.85,48.18,0,1,,0,0,
798,ZONE_CREATED,167977,2026-05-27T11:02:09.256,40,32,357,120286,120324,872,838,770,0,OFF_PRICE,SHORT,1.040573,0.704931,0.897436,59.63,44,1,,0,0,
799,FIRST_TOUCH,167981,2026-05-27T11:02:26.664,40,32,357,120286,120324,872,,0,1,first_touch,SHORT,1.040573,0.704931,0.897436,59.63,44,1,,0,0,
800,ZONE_INVALIDATED,167982,2026-05-27T11:02:28.796,40,32,357,120286,120324,872,,0,2,close_through_up,SHORT,1.040573,0.704931,0.897436,59.63,44,1,167981,9,30,STOP
801,ZONE_CREATED,168027,2026-05-27T11:05:22.712,40,32,358,120329,120362,931,838,770,0,OFF_PRICE,SHORT,1.110979,0.746592,0.941176,65.22,50,1,,0,0,
802,ZONE_CREATED,168047,2026-05-27T11:07:03.316,40,32,359,120272,120292,861,838,770,0,OFF_PRICE,LONG,1.027446,0.653759,0.952381,56.21,4,3,,0,0,
803,FIRST_TOUCH,168048,2026-05-27T11:07:06.536,40,32,359,120272,120292,861,,0,1,first_touch,LONG,1.027446,0.653759,0.952381,56.21,4,3,,0,0,
804,ZONE_INVALIDATED,168049,2026-05-27T11:07:11.348,40,32,359,120272,120292,861,,0,2,close_through_down,LONG,1.027446,0.653759,0.952381,56.21,4,3,168048,9,23,STOP
805,ZONE_CREATED,168097,2026-05-27T11:08:57.604,40,32,360,120039,120042,1187,838,770,0,OFF_PRICE,SHORT,1.416468,0.539545,1,87.49,24,1,,0,0,
806,FIRST_TOUCH,168099,2026-05-27T11:09:02.792,40,32,360,120039,120042,1187,,0,1,first_touch,SHORT,1.416468,0.539545,1,87.49,24,1,,0,0,
807,ZONE_INVALIDATED,168099,2026-05-27T11:09:02.792,40,32,360,120039,120042,1187,,0,1,close_through_up,SHORT,1.416468,0.539545,1,87.49,24,1,168099,22,18,AMBIGUOUS
808,ZONE_CREATED,168227,2026-05-27T11:17:39.548,40,32,361,120200,120221,956,838,770,0,OFF_PRICE,SHORT,1.140811,0.7226,0.954545,62.51,8,1,,0,0,
809,FIRST_TOUCH,168228,2026-05-27T11:17:46.608,40,32,361,120200,120221,956,,0,1,first_touch,SHORT,1.140811,0.7226,0.954545,62.51,8,1,,0,0,
810,AT_PRICE_CREATED,168587,2026-05-27T11:36:09.148,40,33,362,119806,119830,912,905,591,0,AT_PRICE,NEUTRAL,1.007735,0.738462,1,43.87,0,1,,0,0,
811,AT_PRICE_CREATED,170007,2026-05-27T14:41:50.932,40,39,363,119843,119867,985,835,292,0,AT_PRICE,NEUTRAL,1.179641,0.773763,0.96,55.31,0,1,,0,0,
812,ZONE_INVALIDATED,170234,2026-05-27T15:30:03.944,40,32,361,120200,120221,956,,0,16,close_through_up,SHORT,1.140811,0.7226,0.954545,62.51,8,1,168228,30,5,TARGET
813,ZONE_CREATED,170297,2026-05-27T15:43:00.028,40,41,364,120159,120180,1142,858,310,0,OFF_PRICE,LONG,1.331002,0.796374,1,81.5,28,1,,0,0,
814,ZONE_CREATED,170307,2026-05-27T15:44:49.340,40,41,365,120205,120215,1029,858,310,0,OFF_PRICE,SHORT,1.199301,0.650032,0.818182,65.81,9,1,,0,0,
815,FIRST_TOUCH,170311,2026-05-27T15:46:08.608,40,41,365,120205,120215,1029,,0,1,first_touch,SHORT,1.199301,0.650032,0.818182,65.81,9,1,,0,0,
816,FIRST_TOUCH,170321,2026-05-27T15:49:03.604,40,41,364,120159,120180,1142,,0,1,first_touch,LONG,1.331002,0.796374,1,81.5,28,1,,0,0,
817,ZONE_INVALIDATED,170325,2026-05-27T15:49:57.536,40,41,364,120159,120180,1142,,0,5,close_through_down,LONG,1.331002,0.796374,1,81.5,28,1,170321,24,2,TARGET
818,ZONE_INVALIDATED,170384,2026-05-27T16:03:36.432,40,41,365,120205,120215,1029,,0,21,close_through_up,SHORT,1.199301,0.650032,0.818182,65.81,9,1,170311,18,7,TARGET
819,ZONE_CREATED,170707,2026-05-27T16:59:57.476,40,43,366,120179,120185,994,955,538,0,OFF_PRICE,SHORT,1.040838,0.737936,1,59.94,11,1,,0,0,
820,FIRST_TOUCH,170709,2026-05-27T16:59:58.096,40,43,366,120179,120185,994,,0,1,first_touch,SHORT,1.040838,0.737936,1,59.94,11,1,,0,0,
821,ZONE_INVALIDATED,170710,2026-05-27T16:59:58.312,40,43,366,120179,120185,994,,0,2,close_through_up,SHORT,1.040838,0.737936,1,59.94,11,1,170709,6,12,STOP
822,FIRST_TOUCH,170779,2026-05-27T17:16:20.036,40,32,358,120329,120362,931,,0,1,first_touch,SHORT,1.110979,0.746592,0.941176,65.22,50,1,,0,0,
823,ZONE_INVALIDATED,170781,2026-05-27T17:16:54.020,40,32,358,120329,120362,931,,0,3,close_through_up,SHORT,1.110979,0.746592,0.941176,65.22,50,1,170779,25,2,TARGET
824,ZONE_CREATED,171220,2026-05-28T00:32:50.464,41,11,367,119588,119614,810,695,34,0,OFF_PRICE,SHORT,1.165468,0.596905,1,69.92,51,1,,0,0,
825,ZONE_CREATED,171260,2026-05-28T00:44:15.864,41,11,368,119243,119272,812,695,34,0,OFF_PRICE,LONG,1.168345,0.623177,0.966667,68.37,11,1,,0,0,
826,FIRST_TOUCH,171261,2026-05-28T00:44:31.528,41,11,368,119243,119272,812,,0,1,first_touch,LONG,1.168345,0.623177,0.966667,68.37,11,1,,0,0,
827,ZONE_INVALIDATED,171261,2026-05-28T00:44:31.528,41,11,368,119243,119272,812,,0,1,close_through_down,LONG,1.168345,0.623177,0.966667,68.37,11,1,171261,5,60,STOP
828,ZONE_CREATED,171440,2026-05-28T02:37:43.356,41,15,369,119482,119507,693,593,44,0,OFF_PRICE,SHORT,1.168634,0.541406,0.884615,59.66,5,1,,0,0,
829,FIRST_TOUCH,171442,2026-05-28T02:39:09.004,41,15,369,119482,119507,693,,0,1,first_touch,SHORT,1.168634,0.541406,0.884615,59.66,5,1,,0,0,
830,ZONE_INVALIDATED,171443,2026-05-28T02:40:04.908,41,15,369,119482,119507,693,,0,2,close_through_up,SHORT,1.168634,0.541406,0.884615,59.66,5,1,171442,22,8,AMBIGUOUS
831,FIRST_TOUCH,171453,2026-05-28T02:51:20.776,41,11,367,119588,119614,810,,0,1,first_touch,SHORT,1.165468,0.596905,1,69.92,51,1,,0,0,
832,ZONE_INVALIDATED,171457,2026-05-28T02:54:54.524,41,11,367,119588,119614,810,,0,5,close_through_up,SHORT,1.165468,0.596905,1,69.92,51,1,171453,22,12,AMBIGUOUS
833,ZONE_CREATED,172620,2026-05-28T11:01:06.144,41,32,370,120038,120064,901,861,800,0,OFF_PRICE,SHORT,1.046458,0.708333,0.888889,59.92,21,1,,0,0,
834,ZONE_CREATED,172650,2026-05-28T11:03:11.460,41,32,371,119907,119937,902,861,800,0,OFF_PRICE,SHORT,1.047619,0.736928,0.903226,60.22,24,1,,0,0,
835,FIRST_TOUCH,172663,2026-05-28T11:04:24.380,41,32,371,119907,119937,902,,0,1,first_touch,SHORT,1.047619,0.736928,0.903226,60.22,24,1,,0,0,
836,ZONE_INVALIDATED,172665,2026-05-28T11:04:38.892,41,32,371,119907,119937,902,,0,3,close_through_up,SHORT,1.047619,0.736928,0.903226,60.22,24,1,172663,7,20,STOP
837,FIRST_TOUCH,172693,2026-05-28T11:06:51.716,41,32,370,120038,120064,901,,0,1,first_touch,SHORT,1.046458,0.708333,0.888889,59.92,21,1,,0,0,
838,ZONE_INVALIDATED,172701,2026-05-28T11:07:32.284,41,32,370,120038,120064,901,,0,9,close_through_up,SHORT,1.046458,0.708333,0.888889,59.92,21,1,172693,14,3,TARGET
839,ZONE_CREATED,173620,2026-05-28T12:27:34.836,41,34,372,121051,121064,884,881,520,0,OFF_PRICE,SHORT,1.003405,0.658718,0.928571,52.5,8,1,,0,0,
840,FIRST_TOUCH,173622,2026-05-28T12:27:49.104,41,34,372,121051,121064,884,,0,1,first_touch,SHORT,1.003405,0.658718,0.928571,52.5,8,1,,0,0,
841,ZONE_INVALIDATED,173623,2026-05-28T12:27:56.176,41,34,372,121051,121064,884,,0,2,close_through_up,SHORT,1.003405,0.658718,0.928571,52.5,8,1,173622,15,0,TARGET
842,AT_PRICE_CREATED,175821,2026-05-29T10:02:08.172,42,30,373,121368,121392,981,786,213,0,AT_PRICE,NEUTRAL,1.248092,0.768207,0.96,60.1,0,1,,0,0,
843,ZONE_CREATED,176151,2026-05-29T10:39:37.964,42,31,374,121676,121697,1104,858,1133,0,OFF_PRICE,SHORT,1.286713,0.809978,0.954545,77.72,13,1,,0,0,
844,FIRST_TOUCH,176152,2026-05-29T10:39:43.132,42,31,374,121676,121697,1104,,0,1,first_touch,SHORT,1.286713,0.809978,0.954545,77.72,13,1,,0,0,
845,ZONE_INVALIDATED,176152,2026-05-29T10:39:43.132,42,31,374,121676,121697,1104,,0,1,close_through_up,SHORT,1.286713,0.809978,0.954545,77.72,13,1,176152,2,47,STOP
846,ZONE_CREATED,176731,2026-05-29T11:19:13.440,42,32,375,121683,121708,903,888,807,0,OFF_PRICE,SHORT,1.016892,0.696222,1,59.52,49,1,,0,0,
847,FIRST_TOUCH,176752,2026-05-29T11:20:15.788,42,32,375,121683,121708,903,,0,1,first_touch,SHORT,1.016892,0.696222,1,59.52,49,1,,0,0,
848,ZONE_INVALIDATED,176754,2026-05-29T11:20:19.916,42,32,375,121683,121708,903,,0,3,close_through_up,SHORT,1.016892,0.696222,1,59.52,49,1,176752,8,18,STOP
849,ZONE_CREATED,177011,2026-05-29T11:33:28.568,42,33,376,121562,121588,912,900,598,0,OFF_PRICE,LONG,1.013333,0.687265,0.851852,57.04,58,1,,0,0,
850,FIRST_TOUCH,177050,2026-05-29T11:36:05.532,42,33,376,121562,121588,912,,0,1,first_touch,LONG,1.013333,0.687265,0.851852,57.04,58,1,,0,0,
851,ZONE_INVALIDATED,177053,2026-05-29T11:36:12.724,42,33,376,121562,121588,912,,0,3,close_through_down,LONG,1.013333,0.687265,0.851852,57.04,58,1,177050,39,2,TARGET
852,AT_PRICE_CREATED,177551,2026-05-29T12:07:09.584,42,34,377,121461,121483,987,881,514,0,AT_PRICE,NEUTRAL,1.120318,0.734922,0.913043,50.45,0,1,,0,0,
853,ZONE_CREATED,178391,2026-05-29T14:25:35.600,42,38,378,121512,121530,899,819,363,0,OFF_PRICE,SHORT,1.09768,0.701795,0.947368,64.38,12,1,,0,0,
854,AT_PRICE_CREATED,178571,2026-05-29T15:00:22.920,42,40,379,121189,121207,1014,874,311,0,AT_PRICE,NEUTRAL,1.160183,0.69357,0.894737,52.97,0,1,,0,0,
855,AT_PRICE_CREATED,178631,2026-05-29T15:10:36.108,42,40,380,121388,121411,1023,874,311,0,AT_PRICE,NEUTRAL,1.170481,0.721439,1,55.27,0,1,,0,0,
856,ZONE_CREATED,178671,2026-05-29T15:18:35.804,42,40,381,121320,121340,877,874,311,0,OFF_PRICE,LONG,1.003432,0.684621,1,58.57,37,1,,0,0,
857,FIRST_TOUCH,178712,2026-05-29T15:28:00.212,42,38,378,121512,121530,899,,0,1,first_touch,SHORT,1.09768,0.701795,0.947368,64.38,12,1,,0,0,
858,ZONE_INVALIDATED,178717,2026-05-29T15:28:47.672,42,38,378,121512,121530,899,,0,6,close_through_up,SHORT,1.09768,0.701795,0.947368,64.38,12,1,178712,15,0,TARGET
859,FIRST_TOUCH,178806,2026-05-29T15:45:48.736,42,40,381,121320,121340,877,,0,1,first_touch,LONG,1.003432,0.684621,1,58.57,37,1,,0,0,
860,ZONE_INVALIDATED,178850,2026-05-29T15:51:57.392,42,40,381,121320,121340,877,,0,8,close_through_down,LONG,1.003432,0.684621,1,58.57,37,1,178806,29,2,TARGET
861,ZONE_CREATED,179873,2026-06-01T02:10:06.948,43,14,382,122278,122309,948,624,42,0,OFF_PRICE,SHORT,1.519231,0.730354,0.90625,91.93,30,1,,0,0,
862,FIRST_TOUCH,179875,2026-06-01T02:12:30.580,43,14,382,122278,122309,948,,0,1,first_touch,SHORT,1.519231,0.730354,0.90625,91.93,30,1,,0,0,
863,ZONE_INVALIDATED,179896,2026-06-01T02:48:05.504,43,14,382,122278,122309,948,,0,15,close_through_up,SHORT,1.519231,0.730354,0.90625,91.93,30,1,179875,31,4,TARGET
864,ZONE_CREATED,180563,2026-06-01T10:29:30.252,43,30,383,121266,121295,1005,801,214,0,OFF_PRICE,LONG,1.254682,0.768936,0.966667,75.66,23,1,,0,0,
865,FIRST_TOUCH,180604,2026-06-01T10:30:27.236,43,30,383,121266,121295,1005,,0,1,first_touch,LONG,1.254682,0.768936,0.966667,75.66,23,1,,0,0,
866,ZONE_INVALIDATED,180606,2026-06-01T10:30:28.704,43,30,383,121266,121295,1005,,0,3,close_through_down,LONG,1.254682,0.768936,0.966667,75.66,23,1,180604,47,3,TARGET
867,ZONE_CREATED,180663,2026-06-01T10:32:03.492,43,31,384,121420,121454,872,858,1129,0,OFF_PRICE,LONG,1.016317,0.713001,0.942857,54.87,9,1,,0,0,
868,FIRST_TOUCH,180664,2026-06-01T10:32:05.184,43,31,384,121420,121454,872,,0,1,first_touch,LONG,1.016317,0.713001,0.942857,54.87,9,1,,0,0,
869,ZONE_CREATED,180743,2026-06-01T10:35:44.832,43,31,385,121580,121617,936,858,1129,0,OFF_PRICE,LONG,1.090909,0.700599,0.921053,63.51,54,1,,0,0,
870,FIRST_TOUCH,180863,2026-06-01T10:42:11.588,43,31,385,121580,121617,936,,0,1,first_touch,LONG,1.090909,0.700599,0.921053,63.51,54,1,,0,0,
871,ZONE_CREATED,180913,2026-06-01T10:46:21.972,43,31,386,121711,121745,954,858,1129,0,OFF_PRICE,LONG,1.111888,0.741835,0.914286,64.88,48,1,,0,0,
872,FIRST_TOUCH,180917,2026-06-01T10:46:40.920,43,31,386,121711,121745,954,,0,1,first_touch,LONG,1.111888,0.741835,0.914286,64.88,48,1,,0,0,
873,ZONE_INVALIDATED,180961,2026-06-01T10:49:57.756,43,31,386,121711,121745,954,,0,10,close_through_down,LONG,1.111888,0.741835,0.914286,64.88,48,1,180917,35,2,TARGET
874,ZONE_INVALIDATED,181005,2026-06-01T10:52:51.912,43,31,385,121580,121617,936,,0,11,close_through_down,LONG,1.090909,0.700599,0.921053,63.51,54,1,180863,25,1,TARGET
875,ZONE_INVALIDATED,181064,2026-06-01T10:57:00.980,43,31,384,121420,121454,872,,0,26,close_through_down,LONG,1.016317,0.713001,0.942857,54.87,9,1,180664,54,1,TARGET
876,ZONE_CREATED,181563,2026-06-01T11:34:28.536,43,33,387,121647,121670,950,895,611,0,OFF_PRICE,SHORT,1.061453,0.713749,1,62.64,26,1,,0,0,
877,FIRST_TOUCH,181565,2026-06-01T11:34:43.920,43,33,387,121647,121670,950,,0,1,first_touch,SHORT,1.061453,0.713749,1,62.64,26,1,,0,0,
878,ZONE_INVALIDATED,181567,2026-06-01T11:35:02.072,43,33,387,121647,121670,950,,0,3,close_through_up,SHORT,1.061453,0.713749,1,62.64,26,1,181565,40,9,AMBIGUOUS
879,ZONE_CREATED,182893,2026-06-01T14:44:07.560,43,39,388,122533,122561,1154,835,294,0,OFF_PRICE,LONG,1.382036,0.876234,0.965517,73.31,3,1,,0,0,
880,FIRST_TOUCH,182894,2026-06-01T14:44:10.060,43,39,388,122533,122561,1154,,0,1,first_touch,LONG,1.382036,0.876234,0.965517,73.31,3,1,,0,0,
881,ZONE_CREATED,182923,2026-06-01T14:46:08.188,43,39,389,122637,122651,1118,835,294,0,OFF_PRICE,LONG,1.338922,0.819048,1,82.06,16,1,,0,0,
882,FIRST_TOUCH,182927,2026-06-01T14:46:31.088,43,39,389,122637,122651,1118,,0,1,first_touch,LONG,1.338922,0.819048,1,82.06,16,1,,0,0,
883,ZONE_INVALIDATED,183047,2026-06-01T15:08:01.552,43,39,389,122637,122651,1118,,0,9,close_through_down,LONG,1.338922,0.819048,1,82.06,16,1,182927,16,1,TARGET
884,ZONE_INVALIDATED,183080,2026-06-01T15:13:59.872,43,39,388,122533,122561,1154,,0,9,close_through_down,LONG,1.382036,0.876234,0.965517,73.31,3,1,182894,37,3,TARGET
885,ZONE_CREATED,184023,2026-06-01T22:23:17.168,44,6,390,121554,121588,821,682,76,0,OFF_PRICE,SHORT,1.203812,0.665316,0.971429,72.17,48,1,,0,0,
886,FIRST_TOUCH,184039,2026-06-01T22:36:33.212,44,6,390,121554,121588,821,,0,1,first_touch,SHORT,1.203812,0.665316,0.971429,72.17,48,1,,0,0,
887,AT_PRICE_CREATED,184193,2026-06-02T01:08:42.144,44,12,391,121531,121556,720,634,40,0,AT_PRICE,NEUTRAL,1.135647,0.553846,0.846154,53.85,0,2,,0,0,
888,ZONE_INVALIDATED,184205,2026-06-02T01:28:33.812,44,6,390,121554,121588,821,,0,13,close_through_up,SHORT,1.203812,0.665316,0.971429,72.17,48,1,184039,42,0,TARGET
889,AT_PRICE_CREATED,184993,2026-06-02T10:40:45.124,44,31,392,121752,121770,909,891,1146,0,AT_PRICE,NEUTRAL,1.020202,0.696018,0.842105,42.38,0,1,,0,0,
890,ZONE_CREATED,185043,2026-06-02T10:43:27.036,44,31,393,121912,121933,951,891,1146,0,OFF_PRICE,SHORT,1.06734,0.706013,0.909091,57.93,9,1,,0,0,
891,FIRST_TOUCH,185045,2026-06-02T10:43:37.844,44,31,393,121912,121933,951,,0,1,first_touch,SHORT,1.06734,0.706013,0.909091,57.93,9,1,,0,0,
892,ZONE_INVALIDATED,185047,2026-06-02T10:43:46.912,44,31,393,121912,121933,951,,0,3,close_through_up,SHORT,1.06734,0.706013,0.909091,57.93,9,1,185045,10,24,STOP
893,ZONE_CREATED,185273,2026-06-02T10:59:09.984,44,31,394,122359,122360,1046,891,1146,0,OFF_PRICE,LONG,1.173962,0.476104,1,70.51,19,1,,0,0,
894,FIRST_TOUCH,185275,2026-06-02T10:59:19.304,44,31,394,122359,122360,1046,,0,1,first_touch,LONG,1.173962,0.476104,1,70.51,19,1,,0,0,
895,ZONE_INVALIDATED,185276,2026-06-02T10:59:23.596,44,31,394,122359,122360,1046,,0,1,close_through_down,LONG,1.173962,0.476104,1,70.51,19,1,185275,15,13,AMBIGUOUS
896,ZONE_CREATED,185453,2026-06-02T11:13:34.836,44,32,395,122560,122580,932,897,843,0,OFF_PRICE,LONG,1.039019,0.70446,0.904762,49.64,4,1,,0,0,
897,FIRST_TOUCH,185454,2026-06-02T11:13:40.068,44,32,395,122560,122580,932,,0,1,first_touch,LONG,1.039019,0.70446,0.904762,49.64,4,1,,0,0,
898,ZONE_INVALIDATED,185461,2026-06-02T11:14:22.836,44,32,395,122560,122580,932,,0,8,close_through_down,LONG,1.039019,0.70446,0.904762,49.64,4,1,185454,8,8,STOP
899,ZONE_CREATED,186223,2026-06-02T12:49:49.068,44,35,396,122685,122704,928,834,430,0,OFF_PRICE,SHORT,1.11271,0.72956,0.95,55.47,4,1,,0,0,
900,FIRST_TOUCH,186226,2026-06-02T12:50:12.768,44,35,396,122685,122704,928,,0,1,first_touch,SHORT,1.11271,0.72956,0.95,55.47,4,1,,0,0,
901,ZONE_INVALIDATED,186234,2026-06-02T12:51:29.224,44,35,396,122685,122704,928,,0,5,close_through_up,SHORT,1.11271,0.72956,0.95,55.47,4,1,186226,15,9,AMBIGUOUS
902,ZONE_CREATED,186273,2026-06-02T12:57:02.588,44,35,397,122772,122784,1135,834,430,0,OFF_PRICE,SHORT,1.360911,0.746711,1,83.6,22,1,,0,0,
903,FIRST_TOUCH,186283,2026-06-02T12:58:30.700,44,35,397,122772,122784,1135,,0,1,first_touch,SHORT,1.360911,0.746711,1,83.6,22,1,,0,0,
904,ZONE_INVALIDATED,186284,2026-06-02T12:58:36.480,44,35,397,122772,122784,1135,,0,2,close_through_up,SHORT,1.360911,0.746711,1,83.6,22,1,186283,6,11,STOP
905,AT_PRICE_CREATED,186393,2026-06-02T13:16:35.252,44,36,398,122759,122777,901,899,371,0,AT_PRICE,NEUTRAL,1.002225,0.675412,1,46.82,0,2,,0,0,
906,ZONE_CREATED,186573,2026-06-02T13:52:38.088,44,37,399,122728,122742,958,754,351,0,OFF_PRICE,SHORT,1.270557,0.759113,1,80.61,18,2,,0,0,
907,FIRST_TOUCH,186574,2026-06-02T13:52:47.560,44,37,399,122728,122742,958,,0,1,first_touch,SHORT,1.270557,0.759113,1,80.61,18,2,,0,0,
908,ZONE_INVALIDATED,186592,2026-06-02T13:57:23.540,44,37,399,122728,122742,958,,0,8,close_through_up,SHORT,1.270557,0.759113,1,80.61,18,2,186574,17,8,AMBIGUOUS
909,AT_PRICE_CREATED,187563,2026-06-02T17:00:19.716,44,44,400,122829,122837,1114,938,203,0,AT_PRICE,NEUTRAL,1.187633,0.732895,1,56.47,0,1,,0,0,
910,AT_PRICE_CREATED,187724,2026-06-02T19:19:38.300,45,0,401,122892,122932,957,805,76,0,AT_PRICE,NEUTRAL,1.18882,0.773021,1,56.55,0,1,,0,0,
911,ZONE_CREATED,187814,2026-06-02T20:24:35.236,45,2,402,122360,122384,737,670,54,0,OFF_PRICE,LONG,1.1,0.531746,0.8,62.33,50,1,,0,0,
912,FIRST_TOUCH,187816,2026-06-02T20:24:56.516,45,2,402,122360,122384,737,,0,1,first_touch,LONG,1.1,0.531746,0.8,62.33,50,1,,0,0,
913,ZONE_INVALIDATED,187820,2026-06-02T20:25:36.296,45,2,402,122360,122384,737,,0,5,close_through_down,LONG,1.1,0.531746,0.8,62.33,50,1,187816,25,0,TARGET
914,ZONE_CREATED,187974,2026-06-02T22:01:05.464,45,6,403,122863,122895,799,792,79,0,OFF_PRICE,SHORT,1.008838,0.645396,0.969697,58.5,62,1,,0,0,
915,FIRST_TOUCH,188103,2026-06-03T01:04:57.288,45,6,403,122863,122895,799,,0,1,first_touch,SHORT,1.008838,0.645396,0.969697,58.5,62,1,,0,0,
916,ZONE_CREATED,188104,2026-06-03T01:05:51.284,45,12,404,122823,122840,976,720,41,0,OFF_PRICE,LONG,1.355556,0.569096,0.944444,82.39,37,1,,0,0,
917,ZONE_INVALIDATED,188108,2026-06-03T01:10:59.808,45,6,403,122863,122895,799,,0,6,close_through_up,SHORT,1.008838,0.645396,0.969697,58.5,62,1,188103,14,12,AMBIGUOUS
918,FIRST_TOUCH,188123,2026-06-03T01:47:45.760,45,12,404,122823,122840,976,,0,1,first_touch,LONG,1.355556,0.569096,0.944444,82.39,37,1,,0,0,
919,ZONE_INVALIDATED,188124,2026-06-03T01:48:42.264,45,12,404,122823,122840,976,,0,2,close_through_down,LONG,1.355556,0.569096,0.944444,82.39,37,1,188123,31,3,TARGET
920,AT_PRICE_CREATED,188534,2026-06-03T09:25:50.812,45,28,405,123056,123078,826,665,111,0,AT_PRICE,NEUTRAL,1.242105,0.650906,0.956522,59.63,0,1,,0,0,
921,ZONE_CREATED,188624,2026-06-03T10:07:36.700,45,30,406,122898,122925,968,806,227,0,OFF_PRICE,SHORT,1.200993,0.781906,1,72.4,19,1,,0,0,
922,FIRST_TOUCH,188626,2026-06-03T10:08:20.384,45,30,406,122898,122925,968,,0,1,first_touch,SHORT,1.200993,0.781906,1,72.4,19,1,,0,0,
923,ZONE_INVALIDATED,188628,2026-06-03T10:09:08.616,45,30,406,122898,122925,968,,0,3,close_through_up,SHORT,1.200993,0.781906,1,72.4,19,1,188626,16,12,AMBIGUOUS
924,AT_PRICE_CREATED,188674,2026-06-03T10:26:36.112,45,30,407,123000,123022,846,806,227,0,AT_PRICE,NEUTRAL,1.049628,0.655814,1,46.81,0,1,,0,0,
925,AT_PRICE_CREATED,189134,2026-06-03T10:45:50.712,45,31,408,122440,122466,975,902,1150,0,AT_PRICE,NEUTRAL,1.080931,0.749424,0.925926,47.89,0,1,,0,0,
926,AT_PRICE_CREATED,189934,2026-06-03T11:31:26.108,45,33,409,122853,122874,902,882,612,0,AT_PRICE,NEUTRAL,1.022676,0.72508,0.954545,44.24,0,1,,0,0,
927,AT_PRICE_CREATED,190334,2026-06-03T12:21:57.028,45,34,410,122636,122680,898,882,503,0,AT_PRICE,NEUTRAL,1.018141,0.695046,0.955556,43.94,0,1,,0,0,
928,AT_PRICE_CREATED,190424,2026-06-03T12:30:22.576,45,35,411,122652,122673,910,881,433,0,AT_PRICE,NEUTRAL,1.032917,0.692542,0.954545,48.29,0,2,,0,0,
929,AT_PRICE_CREATED,190904,2026-06-03T13:31:30.056,45,37,412,122248,122272,791,779,351,0,AT_PRICE,NEUTRAL,1.015404,0.603356,0.92,43.21,0,1,,0,0,
930,AT_PRICE_CREATED,191004,2026-06-03T13:44:35.964,45,37,413,122082,122095,797,779,351,0,AT_PRICE,NEUTRAL,1.023107,0.63811,1,44.95,0,1,,0,0,
931,ZONE_CREATED,191034,2026-06-03T13:48:41.212,45,37,414,122238,122260,916,779,351,0,OFF_PRICE,LONG,1.175866,0.738114,1,73.98,34,2,,0,0,
932,FIRST_TOUCH,191071,2026-06-03T13:53:38.528,45,37,414,122238,122260,916,,0,1,first_touch,LONG,1.175866,0.738114,1,73.98,34,2,,0,0,
933,ZONE_INVALIDATED,191156,2026-06-03T14:06:02.088,45,37,414,122238,122260,916,,0,9,close_through_down,LONG,1.175866,0.738114,1,73.98,34,2,191071,20,4,TARGET
934,AT_PRICE_CREATED,191244,2026-06-03T14:18:37.860,45,38,415,122127,122150,875,819,364,0,AT_PRICE,NEUTRAL,1.068376,0.696656,0.958333,47.49,0,1,,0,0,
935,ZONE_CREATED,192234,2026-06-03T17:01:10.376,45,44,416,122524,122541,1207,993,199,0,OFF_PRICE,SHORT,1.215509,0.827279,0.944444,72.59,34,1,,0,0,
936,ZONE_CREATED,193015,2026-06-04T02:34:25.512,46,15,417,121827,121860,838,693,48,0,OFF_PRICE,LONG,1.209235,0.653157,1,72.98,60,1,,0,0,
937,FIRST_TOUCH,193017,2026-06-04T02:38:29.708,46,15,417,121827,121860,838,,0,1,first_touch,LONG,1.209235,0.653157,1,72.98,60,1,,0,0,
938,ZONE_INVALIDATED,193137,2026-06-04T05:07:16.932,46,15,417,121827,121860,838,,0,9,close_through_down,LONG,1.209235,0.653157,1,72.98,60,1,193017,68,5,TARGET
939,ZONE_CREATED,193295,2026-06-04T06:16:48.948,46,22,418,121016,121048,665,548,56,0,OFF_PRICE,LONG,1.213504,0.50417,0.787879,70.1,34,1,,0,0,
940,FIRST_TOUCH,193297,2026-06-04T06:17:22.760,46,22,418,121016,121048,665,,0,1,first_touch,LONG,1.213504,0.50417,0.787879,70.1,34,1,,0,0,
941,ZONE_INVALIDATED,193300,2026-06-04T06:18:51.712,46,22,418,121016,121048,665,,0,4,close_through_down,LONG,1.213504,0.50417,0.787879,70.1,34,1,193297,39,37,AMBIGUOUS
942,AT_PRICE_CREATED,195405,2026-06-04T11:55:36.256,46,33,419,121277,121320,973,880,610,0,AT_PRICE,NEUTRAL,1.105682,0.795585,0.977273,50.39,0,1,,0,0,
943,AT_PRICE_CREATED,195445,2026-06-04T11:59:57.568,46,33,420,121400,121421,883,880,610,0,AT_PRICE,NEUTRAL,1.003409,0.668433,0.909091,42.21,0,1,,0,0,
944,AT_PRICE_CREATED,195995,2026-06-04T13:03:11.788,46,36,421,121660,121683,1038,899,385,0,AT_PRICE,NEUTRAL,1.154616,0.817967,0.916667,52.91,0,1,,0,0,
945,ZONE_CREATED,196125,2026-06-04T13:25:42.500,46,36,422,121919,121934,952,899,385,0,OFF_PRICE,SHORT,1.058954,0.737413,0.9375,61.52,18,1,,0,0,
946,FIRST_TOUCH,196130,2026-06-04T13:26:05.568,46,36,422,121919,121934,952,,0,1,first_touch,SHORT,1.058954,0.737413,0.9375,61.52,18,1,,0,0,
947,ZONE_INVALIDATED,196234,2026-06-04T13:43:03.168,46,36,422,121919,121934,952,,0,22,close_through_up,SHORT,1.058954,0.737413,0.9375,61.52,18,1,196130,4,14,STOP
948,ZONE_CREATED,196385,2026-06-04T14:12:37.180,46,38,423,121990,122001,886,819,371,0,OFF_PRICE,LONG,1.081807,0.712219,0.916667,56.56,7,1,,0,0,
949,FIRST_TOUCH,196386,2026-06-04T14:12:47.428,46,38,423,121990,122001,886,,0,1,first_touch,LONG,1.081807,0.712219,0.916667,56.56,7,1,,0,0,
950,ZONE_INVALIDATED,196386,2026-06-04T14:12:47.428,46,38,423,121990,122001,886,,0,1,close_through_down,LONG,1.081807,0.712219,0.916667,56.56,7,1,196386,7,12,STOP
951,AT_PRICE_CREATED,196735,2026-06-04T15:13:00.788,46,40,424,122368,122392,1103,937,317,0,AT_PRICE,NEUTRAL,1.177161,0.835606,0.92,54.53,0,1,,0,0,
952,AT_PRICE_CREATED,197065,2026-06-04T16:14:12.912,46,42,425,122186,122204,1047,881,328,0,AT_PRICE,NEUTRAL,1.188422,0.799237,1,56.52,0,1,,0,0,
953,ZONE_CREATED,198436,2026-06-05T04:31:15.596,47,19,426,120418,120438,621,517,55,0,OFF_PRICE,LONG,1.201161,0.498395,1,72.41,42,1,,0,0,
954,ZONE_CREATED,198566,2026-06-05T06:02:22.664,47,22,427,120633,120652,667,624,60,0,OFF_PRICE,LONG,1.06891,0.462231,0.85,60.91,19,1,,0,0,
955,FIRST_TOUCH,198567,2026-06-05T06:03:01.944,47,22,427,120633,120652,667,,0,1,first_touch,LONG,1.06891,0.462231,0.85,60.91,19,1,,0,0,
956,ZONE_INVALIDATED,198576,2026-06-05T06:10:46.016,47,22,427,120633,120652,667,,0,8,close_through_down,LONG,1.06891,0.462231,0.85,60.91,19,1,198567,32,5,TARGET
957,FIRST_TOUCH,198766,2026-06-05T09:14:38.820,47,19,426,120418,120438,621,,0,1,first_touch,LONG,1.201161,0.498395,1,72.41,42,1,,0,0,
958,ZONE_INVALIDATED,198796,2026-06-05T09:30:00.832,47,19,426,120418,120438,621,,0,4,close_through_down,LONG,1.201161,0.498395,1,72.41,42,1,198766,20,8,AMBIGUOUS
959,AT_PRICE_CREATED,199546,2026-06-05T10:46:12.344,47,31,428,119634,119657,1009,891,1196,0,AT_PRICE,NEUTRAL,1.132435,0.803344,0.916667,51.35,0,1,,0,0,
960,AT_PRICE_CREATED,200136,2026-06-05T11:09:17.572,47,32,429,119325,119345,897,892,852,0,AT_PRICE,NEUTRAL,1.005605,0.691063,0.952381,43.01,0,1,,0,0,
961,ZONE_CREATED,200406,2026-06-05T11:25:15.380,47,32,430,119456,119494,1123,892,852,0,OFF_PRICE,SHORT,1.258969,0.795326,0.974359,76.08,17,1,,0,0,
962,FIRST_TOUCH,200514,2026-06-05T11:32:28.200,47,32,430,119456,119494,1123,,0,1,first_touch,SHORT,1.258969,0.795326,0.974359,76.08,17,1,,0,0,
963,ZONE_INVALIDATED,200526,2026-06-05T11:33:24.456,47,32,430,119456,119494,1123,,0,11,close_through_up,SHORT,1.258969,0.795326,0.974359,76.08,17,1,200514,28,8,AMBIGUOUS
964,AT_PRICE_CREATED,201016,2026-06-05T12:13:49.172,47,34,431,118969,118984,943,882,503,0,AT_PRICE,NEUTRAL,1.069161,0.712774,0.9375,47.24,0,1,,0,0,
965,ZONE_CREATED,201106,2026-06-05T12:20:50.160,47,34,432,118954,118970,1106,882,503,0,OFF_PRICE,SHORT,1.253968,0.642276,0.823529,76.8,31,2,,0,0,
966,FIRST_TOUCH,201149,2026-06-05T12:23:31.144,47,34,432,118954,118970,1106,,0,1,first_touch,SHORT,1.253968,0.642276,0.823529,76.8,31,2,,0,0,
967,AT_PRICE_CREATED,201496,2026-06-05T12:53:35.632,47,35,433,118614,118641,972,894,436,0,AT_PRICE,NEUTRAL,1.087248,0.752322,0.964286,48.91,0,1,,0,0,
968,ZONE_CREATED,202406,2026-06-05T14:00:53.536,47,38,434,117918,117953,892,826,350,0,OFF_PRICE,SHORT,1.079903,0.729951,0.944444,63.09,63,1,,0,0,
969,AT_PRICE_CREATED,202446,2026-06-05T14:03:09.232,47,38,435,117700,117716,1216,826,350,0,AT_PRICE,NEUTRAL,1.472155,0.753875,0.882353,74.62,0,1,,0,0,
970,FIRST_TOUCH,202834,2026-06-05T14:37:08.412,47,38,434,117918,117953,892,,0,1,first_touch,SHORT,1.079903,0.729951,0.944444,63.09,63,1,,0,0,
971,ZONE_INVALIDATED,202844,2026-06-05T14:38:02.416,47,38,434,117918,117953,892,,0,11,close_through_up,SHORT,1.079903,0.729951,0.944444,63.09,63,1,202834,26,6,TARGET
972,AT_PRICE_CREATED,202956,2026-06-05T14:47:21.072,47,39,436,117704,117733,1032,849,307,0,AT_PRICE,NEUTRAL,1.215548,0.795069,0.933333,57.42,0,1,,0,0,
973,ZONE_CREATED,203226,2026-06-05T15:15:26.684,47,40,437,117244,117258,1296,937,313,0,OFF_PRICE,SHORT,1.383138,0.77512,0.933333,76.65,6,1,,0,0,
974,FIRST_TOUCH,203227,2026-06-05T15:15:29.256,47,40,437,117244,117258,1296,,0,1,first_touch,SHORT,1.383138,0.77512,0.933333,76.65,6,1,,0,0,
975,ZONE_CREATED,203326,2026-06-05T15:21:50.784,47,40,438,117108,117140,1010,937,313,0,OFF_PRICE,SHORT,1.077908,0.77872,0.969697,63.33,21,1,,0,0,
976,FIRST_TOUCH,203327,2026-06-05T15:21:55.316,47,40,438,117108,117140,1010,,0,1,first_touch,SHORT,1.077908,0.77872,0.969697,63.33,21,1,,0,0,
977,ZONE_INVALIDATED,203328,2026-06-05T15:22:01.944,47,40,438,117108,117140,1010,,0,2,close_through_up,SHORT,1.077908,0.77872,0.969697,63.33,21,1,203327,20,38,AMBIGUOUS
978,ZONE_CREATED,203596,2026-06-05T15:44:04.916,47,41,439,116676,116697,1316,942,293,0,OFF_PRICE,SHORT,1.397028,0.837683,1,86.13,16,1,,0,0,
979,FIRST_TOUCH,203608,2026-06-05T15:44:37.148,47,41,439,116676,116697,1316,,0,1,first_touch,SHORT,1.397028,0.837683,1,86.13,16,1,,0,0,
980,ZONE_INVALIDATED,203609,2026-06-05T15:44:40.100,47,41,439,116676,116697,1316,,0,2,close_through_up,SHORT,1.397028,0.837683,1,86.13,16,1,203608,25,20,AMBIGUOUS
981,ZONE_CREATED,203676,2026-06-05T15:48:11.524,47,41,440,116500,116506,1171,942,293,0,OFF_PRICE,SHORT,1.2431,0.602676,1,75.35,14,1,,0,0,
982,FIRST_TOUCH,203697,2026-06-05T15:49:11.800,47,41,440,116500,116506,1171,,0,1,first_touch,SHORT,1.2431,0.602676,1,75.35,14,1,,0,0,
983,ZONE_INVALIDATED,203698,2026-06-05T15:49:14.136,47,41,440,116500,116506,1171,,0,2,close_through_up,SHORT,1.2431,0.602676,1,75.35,14,1,203697,17,10,AMBIGUOUS
984,ZONE_CREATED,204006,2026-06-05T16:09:25.408,47,42,441,116424,116435,1237,895,325,0,OFF_PRICE,SHORT,1.382123,0.725088,1,72.58,2,1,,0,0,
985,FIRST_TOUCH,204007,2026-06-05T16:09:30.068,47,42,441,116424,116435,1237,,0,1,first_touch,SHORT,1.382123,0.725088,1,72.58,2,1,,0,0,
986,ZONE_INVALIDATED,204008,2026-06-05T16:09:31.328,47,42,441,116424,116435,1237,,0,2,close_through_up,SHORT,1.382123,0.725088,1,72.58,2,1,204007,18,8,AMBIGUOUS
987,ZONE_CREATED,204206,2026-06-05T16:22:10.288,47,42,442,116091,116128,944,895,325,0,OFF_PRICE,SHORT,1.054749,0.776955,0.947368,61.38,36,1,,0,0,
988,FIRST_TOUCH,204213,2026-06-05T16:22:36.676,47,42,442,116091,116128,944,,0,1,first_touch,SHORT,1.054749,0.776955,0.947368,61.38,36,1,,0,0,
989,ZONE_INVALIDATED,204215,2026-06-05T16:22:44.124,47,42,442,116091,116128,944,,0,3,close_through_up,SHORT,1.054749,0.776955,0.947368,61.38,36,1,204213,46,4,TARGET
990,ZONE_CREATED,204986,2026-06-05T17:03:03.528,47,44,443,115659,115711,1051,993,200,0,OFF_PRICE,LONG,1.058409,0.749109,0.90566,61.01,44,1,,0,0,
991,FIRST_TOUCH,204990,2026-06-05T17:03:22.460,47,44,443,115659,115711,1051,,0,1,first_touch,LONG,1.058409,0.749109,0.90566,61.01,44,1,,0,0,
992,ZONE_INVALIDATED,204994,2026-06-05T17:03:41.468,47,44,443,115659,115711,1051,,0,5,close_through_down,LONG,1.058409,0.749109,0.90566,61.01,44,1,204990,42,27,AMBIGUOUS
993,ZONE_CREATED,205246,2026-06-05T17:48:30.072,47,45,444,115245,115272,1195,848,73,0,OFF_PRICE,SHORT,1.409198,0.691151,0.964286,86.44,90,1,,0,0,
994,FIRST_TOUCH,205250,2026-06-05T17:49:47.784,47,45,444,115245,115272,1195,,0,1,first_touch,SHORT,1.409198,0.691151,0.964286,86.44,90,1,,0,0,
995,ZONE_INVALIDATED,205254,2026-06-05T17:50:35.188,47,45,444,115245,115272,1195,,0,5,close_through_up,SHORT,1.409198,0.691151,0.964286,86.44,90,1,205250,33,4,TARGET
996,ZONE_CREATED,205276,2026-06-05T17:57:37.244,47,45,445,115379,115403,896,848,73,0,OFF_PRICE,SHORT,1.056604,0.649746,0.92,61.1,43,1,,0,0,
997,FIRST_TOUCH,205282,2026-06-07T19:00:00.496,48,45,445,115379,115403,896,,0,1,first_touch,SHORT,1.056604,0.649746,0.92,61.1,43,1,,0,0,
998,ZONE_INVALIDATED,205282,2026-06-07T19:00:00.496,48,45,445,115379,115403,896,,0,1,close_through_up,SHORT,1.056604,0.649746,0.92,61.1,43,1,205282,7,284,STOP
999,ZONE_CREATED,205291,2026-06-07T19:00:41.476,48,0,446,115352,115396,984,878,77,0,OFF_PRICE,SHORT,1.120729,0.608534,0.911111,57.53,3,2,,0,0,
1000,FIRST_TOUCH,205292,2026-06-07T19:00:46.560,48,0,446,115352,115396,984,,0,1,first_touch,SHORT,1.120729,0.608534,0.911111,57.53,3,2,,0,0,
1001,ZONE_INVALIDATED,205296,2026-06-07T19:01:09.612,48,0,446,115352,115396,984,,0,3,close_through_up,SHORT,1.120729,0.608534,0.911111,57.53,3,2,205292,35,3,TARGET
1002,ZONE_CREATED,206561,2026-06-08T04:52:01.756,48,19,447,117044,117063,697,549,57,0,OFF_PRICE,LONG,1.269581,0.498926,0.9,70.7,8,1,,0,0,
1003,FIRST_TOUCH,206562,2026-06-08T04:52:42.932,48,19,447,117044,117063,697,,0,1,first_touch,LONG,1.269581,0.498926,0.9,70.7,8,1,,0,0,
1004,ZONE_INVALIDATED,206563,2026-06-08T04:53:15.312,48,19,447,117044,117063,697,,0,2,close_through_down,LONG,1.269581,0.498926,0.9,70.7,8,1,206562,16,23,AMBIGUOUS
1005,ZONE_INVALIDATED,206883,2026-06-08T08:10:59.092,48,40,437,117244,117258,1296,,0,3,close_through_up,SHORT,1.383138,0.77512,0.933333,76.65,6,1,203227,15,6,TARGET
1006,ZONE_CREATED,207841,2026-06-08T10:46:08.128,48,31,448,118036,118070,977,884,1229,0,OFF_PRICE,LONG,1.105204,0.693892,0.971429,65.27,85,1,,0,0,
1007,FIRST_TOUCH,207865,2026-06-08T10:47:15.684,48,31,448,118036,118070,977,,0,1,first_touch,LONG,1.105204,0.693892,0.971429,65.27,85,1,,0,0,
1008,ZONE_INVALIDATED,207869,2026-06-08T10:47:25.572,48,31,448,118036,118070,977,,0,5,close_through_down,LONG,1.105204,0.693892,0.971429,65.27,85,1,207865,35,6,TARGET
1009,ZONE_CREATED,208981,2026-06-08T12:03:25.008,48,34,449,118780,118793,994,883,518,0,OFF_PRICE,LONG,1.125708,0.66891,1,67.13,30,1,,0,0,
1010,FIRST_TOUCH,208983,2026-06-08T12:03:29.004,48,34,449,118780,118793,994,,0,1,first_touch,LONG,1.125708,0.66891,1,67.13,30,1,,0,0,
1011,ZONE_INVALIDATED,208984,2026-06-08T12:03:34.540,48,34,449,118780,118793,994,,0,2,close_through_down,LONG,1.125708,0.66891,1,67.13,30,1,208983,10,18,STOP
1012,AT_PRICE_CREATED,208991,2026-06-08T12:04:16.556,48,34,450,118767,118792,1213,883,518,0,AT_PRICE,NEUTRAL,1.373726,0.814641,0.961538,72.25,0,2,,0,0,
1013,ZONE_CREATED,209921,2026-06-08T13:42:35.192,48,37,451,118343,118366,992,807,381,0,OFF_PRICE,SHORT,1.229244,0.738645,1,74.38,28,1,,0,0,
1014,FIRST_TOUCH,209933,2026-06-08T13:44:23.340,48,37,451,118343,118366,992,,0,1,first_touch,SHORT,1.229244,0.738645,1,74.38,28,1,,0,0,
1015,ZONE_INVALIDATED,209938,2026-06-08T13:45:09.464,48,37,451,118343,118366,992,,0,5,close_through_up,SHORT,1.229244,0.738645,1,74.38,28,1,209933,25,11,AMBIGUOUS
1016,ZONE_CREATED,210761,2026-06-08T15:40:29.492,48,41,452,118185,118212,981,942,324,0,OFF_PRICE,SHORT,1.041401,0.76283,0.964286,60.7,26,1,,0,0,
1017,FIRST_TOUCH,210779,2026-06-08T15:42:23.556,48,41,452,118185,118212,981,,0,1,first_touch,SHORT,1.041401,0.76283,0.964286,60.7,26,1,,0,0,
1018,ZONE_INVALIDATED,210782,2026-06-08T15:42:44.720,48,41,452,118185,118212,981,,0,4,close_through_up,SHORT,1.041401,0.76283,0.964286,60.7,26,1,210779,1,16,STOP
1019,ZONE_CREATED,212610,2026-06-09T09:36:39.068,49,29,453,118863,118888,979,809,166,0,OFF_PRICE,LONG,1.210136,0.739426,0.961538,72.47,20,1,,0,0,
1020,FIRST_TOUCH,212614,2026-06-09T09:38:12.192,49,29,453,118863,118888,979,,0,1,first_touch,LONG,1.210136,0.739426,0.961538,72.47,20,1,,0,0,
1021,ZONE_INVALIDATED,212615,2026-06-09T09:38:41.176,49,29,453,118863,118888,979,,0,2,close_through_down,LONG,1.210136,0.739426,0.961538,72.47,20,1,212614,17,16,AMBIGUOUS
1022,ZONE_INVALIDATED,212683,2026-06-09T10:05:39.880,49,34,432,118954,118970,1106,,0,18,close_through_up,SHORT,1.253968,0.642276,0.823529,76.8,31,2,201149,21,4,TARGET
1023,AT_PRICE_CREATED,212740,2026-06-09T10:26:41.572,49,30,454,118825,118844,1107,846,234,0,AT_PRICE,NEUTRAL,1.308511,0.724476,0.95,64.18,0,1,,0,0,
1024,ZONE_CREATED,212750,2026-06-09T10:27:40.080,49,30,455,118814,118831,1182,846,234,0,OFF_PRICE,LONG,1.397163,0.769531,0.944444,88.63,13,2,,0,0,
1025,AT_PRICE_CREATED,212790,2026-06-09T10:30:06.184,49,31,456,118893,118909,972,891,1246,0,AT_PRICE,NEUTRAL,1.090909,0.635294,1,53.03,0,2,,0,0,
1026,FIRST_TOUCH,212795,2026-06-09T10:30:09.152,49,30,455,118814,118831,1182,,0,1,first_touch,LONG,1.397163,0.769531,0.944444,88.63,13,2,,0,0,
1027,ZONE_INVALIDATED,212799,2026-06-09T10:30:12.772,49,30,455,118814,118831,1182,,0,5,close_through_down,LONG,1.397163,0.769531,0.944444,88.63,13,2,212795,42,16,AMBIGUOUS
1028,AT_PRICE_CREATED,213150,2026-06-09T10:46:30.984,49,31,457,119145,119160,892,891,1246,0,AT_PRICE,NEUTRAL,1.001122,0.680916,0.9375,42.47,0,1,,0,0,
1029,ZONE_CREATED,213270,2026-06-09T10:51:41.172,49,31,458,119199,119218,986,891,1246,0,OFF_PRICE,SHORT,1.106622,0.68141,0.95,65.05,39,1,,0,0,
1030,FIRST_TOUCH,213275,2026-06-09T10:51:52.224,49,31,458,119199,119218,986,,0,1,first_touch,SHORT,1.106622,0.68141,0.95,65.05,39,1,,0,0,
1031,ZONE_INVALIDATED,213284,2026-06-09T10:52:25.024,49,31,458,119199,119218,986,,0,6,close_through_up,SHORT,1.106622,0.68141,0.95,65.05,39,1,213275,34,1,TARGET
1032,AT_PRICE_CREATED,213660,2026-06-09T11:10:38.240,49,32,459,118324,118362,901,892,890,0,AT_PRICE,NEUTRAL,1.01009,0.71169,0.974359,43.65,0,1,,0,0,
1033,AT_PRICE_CREATED,213810,2026-06-09T11:16:09.508,49,32,460,117874,117899,914,892,890,0,AT_PRICE,NEUTRAL,1.024664,0.696646,0.923077,43.91,0,1,,0,0,
1034,ZONE_CREATED,215190,2026-06-09T12:22:02.040,49,34,461,116640,116686,938,895,532,0,OFF_PRICE,SHORT,1.048045,0.774566,0.914894,60.42,41,1,,0,0,
1035,AT_PRICE_CREATED,215260,2026-06-09T12:24:59.384,49,34,462,116070,116099,1053,895,532,0,AT_PRICE,NEUTRAL,1.176536,0.742072,0.966667,55.19,0,1,,0,0,
1036,ZONE_CREATED,217230,2026-06-09T13:56:23.500,49,37,463,113359,113392,886,810,381,0,OFF_PRICE,SHORT,1.093827,0.716828,0.941176,64.02,13,1,,0,0,
1037,FIRST_TOUCH,217235,2026-06-09T13:56:45.264,49,37,463,113359,113392,886,,0,1,first_touch,SHORT,1.093827,0.716828,0.941176,64.02,13,1,,0,0,
1038,ZONE_INVALIDATED,217236,2026-06-09T13:56:48.296,49,37,463,113359,113392,886,,0,2,close_through_up,SHORT,1.093827,0.716828,0.941176,64.02,13,1,217235,67,15,AMBIGUOUS
1039,ZONE_CREATED,217250,2026-06-09T13:57:40.560,49,37,464,113336,113366,820,810,381,0,OFF_PRICE,LONG,1.012346,0.531088,0.903226,61.08,47,2,,0,0,
1040,FIRST_TOUCH,217256,2026-06-09T13:58:01.168,49,37,464,113336,113366,820,,0,1,first_touch,LONG,1.012346,0.531088,0.903226,61.08,47,2,,0,0,
1041,ZONE_INVALIDATED,217256,2026-06-09T13:58:01.168,49,37,464,113336,113366,820,,0,1,close_through_down,LONG,1.012346,0.531088,0.903226,61.08,47,2,217256,15,35,AMBIGUOUS
1042,AT_PRICE_CREATED,217620,2026-06-09T14:19:39.056,49,38,465,114863,114889,918,875,379,0,AT_PRICE,NEUTRAL,1.049143,0.733227,1,46.77,0,1,,0,0,
1043,AT_PRICE_CREATED,217960,2026-06-09T14:42:07.000,49,39,466,115456,115498,944,835,330,0,AT_PRICE,NEUTRAL,1.130539,0.735202,0.906977,51.08,0,1,,0,0,
1044,AT_PRICE_CREATED,218050,2026-06-09T14:47:15.724,49,39,467,115153,115180,876,835,330,0,AT_PRICE,NEUTRAL,1.049102,0.687059,0.892857,45.16,0,1,,0,0,
1045,AT_PRICE_CREATED,219580,2026-06-09T16:59:50.376,49,43,468,116432,116448,975,940,575,0,AT_PRICE,NEUTRAL,1.037234,0.731982,1,45.94,0,1,,0,0,
1046,FIRST_TOUCH,219685,2026-06-09T17:04:05.800,49,34,461,116640,116686,938,,0,1,first_touch,SHORT,1.048045,0.774566,0.914894,60.42,41,1,,0,0,
1047,ZONE_INVALIDATED,219689,2026-06-09T17:04:17.488,49,34,461,116640,116686,938,,0,5,close_through_up,SHORT,1.048045,0.774566,0.914894,60.42,41,1,219685,47,43,AMBIGUOUS
1048,ZONE_CREATED,220411,2026-06-10T03:53:23.992,50,17,469,115920,115950,712,679,54,0,OFF_PRICE,SHORT,1.048601,0.517442,0.870968,59.8,26,1,,0,0,
1049,FIRST_TOUCH,220416,2026-06-10T04:01:14.388,50,17,469,115920,115950,712,,0,1,first_touch,SHORT,1.048601,0.517442,0.870968,59.8,26,1,,0,0,
1050,ZONE_INVALIDATED,220426,2026-06-10T04:10:10.812,50,17,469,115920,115950,712,,0,2,close_through_up,SHORT,1.048601,0.517442,0.870968,59.8,26,1,220416,40,4,TARGET
1051,ZONE_CREATED,220561,2026-06-10T05:50:52.744,50,21,470,114989,115041,832,681,64,0,OFF_PRICE,LONG,1.221733,0.617211,0.886792,72.16,95,1,,0,0,
1052,FIRST_TOUCH,220575,2026-06-10T05:58:19.400,50,21,470,114989,115041,832,,0,1,first_touch,LONG,1.221733,0.617211,0.886792,72.16,95,1,,0,0,
1053,ZONE_INVALIDATED,220580,2026-06-10T06:02:30.452,50,21,470,114989,115041,832,,0,6,close_through_down,LONG,1.221733,0.617211,0.886792,72.16,95,1,220575,25,29,AMBIGUOUS
1054,ZONE_CREATED,221751,2026-06-10T10:48:20.516,50,31,471,116412,116440,1828,892,1246,0,OFF_PRICE,LONG,2.049327,0.756623,0.931034,92.3,40,1,,0,0,
1055,FIRST_TOUCH,221792,2026-06-10T10:50:23.128,50,31,471,116412,116440,1828,,0,1,first_touch,LONG,2.049327,0.756623,0.931034,92.3,40,1,,0,0,
1056,ZONE_INVALIDATED,221793,2026-06-10T10:50:23.724,50,31,471,116412,116440,1828,,0,2,close_through_down,LONG,2.049327,0.756623,0.931034,92.3,40,1,221792,48,14,AMBIGUOUS
1057,ZONE_CREATED,222291,2026-06-10T11:25:26.884,50,32,472,116872,116885,1319,892,920,0,OFF_PRICE,SHORT,1.4787,0.554901,0.785714,88.63,110,1,,0,0,
1058,FIRST_TOUCH,222408,2026-06-10T11:34:37.112,50,32,472,116872,116885,1319,,0,1,first_touch,SHORT,1.4787,0.554901,0.785714,88.63,110,1,,0,0,
1059,ZONE_INVALIDATED,222410,2026-06-10T11:34:44.792,50,32,472,116872,116885,1319,,0,3,close_through_up,SHORT,1.4787,0.554901,0.785714,88.63,110,1,222408,31,12,AMBIGUOUS
1060,AT_PRICE_CREATED,225331,2026-06-10T16:59:28.492,50,43,473,114395,114421,1057,929,586,0,AT_PRICE,NEUTRAL,1.137783,0.763177,0.962963,52.42,0,1,,0,0,
1061,ZONE_CREATED,226259,2026-06-11T03:32:46.300,51,17,474,114980,115023,771,681,55,0,OFF_PRICE,SHORT,1.132159,0.597211,1,67.58,61,1,,0,0,
1062,FIRST_TOUCH,226262,2026-06-11T03:36:59.048,51,17,474,114980,115023,771,,0,1,first_touch,SHORT,1.132159,0.597211,1,67.58,61,1,,0,0,
1063,ZONE_INVALIDATED,226263,2026-06-11T03:38:05.028,51,17,474,114980,115023,771,,0,2,close_through_up,SHORT,1.132159,0.597211,1,67.58,61,1,226262,14,38,AMBIGUOUS
1064,AT_PRICE_CREATED,226519,2026-06-11T08:23:08.896,51,26,475,115343,115369,790,720,86,0,AT_PRICE,NEUTRAL,1.097222,0.589993,0.814815,47.36,0,1,,0,0,
1065,AT_PRICE_CREATED,227119,2026-06-11T10:44:29.548,51,31,476,114984,115014,1007,902,1238,0,AT_PRICE,NEUTRAL,1.116408,0.61515,0.870968,49.55,0,1,,0,0,
1066,ZONE_CREATED,227849,2026-06-11T11:35:24.632,51,33,477,115308,115346,880,876,679,0,OFF_PRICE,LONG,1.004566,0.592593,0.846154,56.35,51,1,,0,0,
1067,FIRST_TOUCH,227881,2026-06-11T11:38:00.924,51,33,477,115308,115346,880,,0,1,first_touch,LONG,1.004566,0.592593,0.846154,56.35,51,1,,0,0,
1068,ZONE_INVALIDATED,227923,2026-06-11T11:44:52.640,51,33,477,115308,115346,880,,0,3,close_through_down,LONG,1.004566,0.592593,0.846154,56.35,51,1,227881,42,10,AMBIGUOUS
1069,AT_PRICE_CREATED,228309,2026-06-11T13:12:22.572,51,36,478,115748,115765,899,849,438,0,AT_PRICE,NEUTRAL,1.058893,0.55908,0.777778,44.12,0,1,,0,0,
1070,ZONE_CREATED,229839,2026-06-11T16:19:41.088,51,42,479,117436,117484,953,864,386,0,OFF_PRICE,LONG,1.103009,0.720333,0.897959,64.01,52,1,,0,0,
1071,ZONE_CREATED,230259,2026-06-11T16:59:55.016,51,43,480,117852,117870,1116,933,597,0,OFF_PRICE,LONG,1.196141,0.76386,1,68.31,9,1,,0,0,
1072,FIRST_TOUCH,230260,2026-06-11T16:59:55.144,51,43,480,117852,117870,1116,,0,1,first_touch,LONG,1.196141,0.76386,1,68.31,9,1,,0,0,
1073,ZONE_INVALIDATED,230274,2026-06-11T16:59:59.136,51,43,480,117852,117870,1116,,0,6,close_through_down,LONG,1.196141,0.76386,1,68.31,9,1,230260,18,1,TARGET
1074,ZONE_CREATED,230472,2026-06-11T19:57:33.872,52,1,481,118275,118312,659,612,62,0,OFF_PRICE,SHORT,1.076797,0.518082,0.894737,57.13,8,1,,0,0,
1075,FIRST_TOUCH,230473,2026-06-11T19:59:02.272,52,1,481,118275,118312,659,,0,1,first_touch,SHORT,1.076797,0.518082,0.894737,57.13,8,1,,0,0,
1076,ZONE_INVALIDATED,230500,2026-06-11T20:46:08.488,52,1,481,118275,118312,659,,0,3,close_through_up,SHORT,1.076797,0.518082,0.894737,57.13,8,1,230473,55,8,AMBIGUOUS
1077,FIRST_TOUCH,230764,2026-06-12T03:41:35.080,52,42,479,117436,117484,953,,0,1,first_touch,LONG,1.103009,0.720333,0.897959,64.01,52,1,,0,0,
1078,ZONE_INVALIDATED,230770,2026-06-12T03:52:37.072,52,42,479,117436,117484,953,,0,3,close_through_down,LONG,1.103009,0.720333,0.897959,64.01,52,1,230764,48,23,AMBIGUOUS
1079,ZONE_CREATED,233512,2026-06-12T17:01:35.356,52,44,482,118625,118645,1048,1033,217,0,OFF_PRICE,LONG,1.014521,0.649721,0.904762,57.92,29,1,,0,0,
1080,FIRST_TOUCH,233513,2026-06-12T17:01:46.484,52,44,482,118625,118645,1048,,0,1,first_touch,LONG,1.014521,0.649721,0.904762,57.92,29,1,,0,0,
