# meta,indicator=aVolClusterPOI,version=0.5,instrument=ES 09-26,tick_size=0.25,window_bars=10,median_mult=2,max_gap_ticks=1,min_cluster_ticks=2,bucket_minutes=30,percentile=98,lookback_sessions=20,min_samples=20,predictive_filter=0,min_quality=0,reaction_horizon=50,reaction_target_ticks=12,reaction_stop_ticks=8,quality_formula=heuristic_v1_not_probability,session_buckets=1,invalidation=CloseThrough,max_age_bars=0,max_touches=0,one_cluster_per_block=1,kinds=OFF_PRICE|AT_PRICE,export=ZONE_CREATED|AT_PRICE_CREATED|FIRST_TOUCH|ZONE_INVALIDATED,footprint=reconstructed_1tick_subseries,quantile=empirical_no_interp,write_mode=overwrite
event_seq,event_type,bar_index,bar_close_time,session_index,bucket,zone_id,lower_tick,upper_tick,score,threshold,samples,touch_count,reason,direction,anomaly_ratio,cluster_share,density,quality_score,distance_ticks,burst_count,touch_bar,mfe_ticks,mae_ticks,outcome
1,ZONE_CREATED,5874,2026-05-01T11:01:00.000,22,32,1,29374,29375,81,27,25,0,OFF_PRICE,LONG,3,0.493902,1,93.33,29,1,,0,0,
2,ZONE_INVALIDATED,5893,2026-05-01T11:35:00.000,22,32,1,29374,29375,81,,0,0,close_through_down,LONG,3,0.493902,1,93.33,29,1,,0,0,
3,ZONE_CREATED,5894,2026-05-01T11:37:00.000,22,33,2,29379,29380,25,23,27,0,OFF_PRICE,SHORT,1.086957,0.277778,1,67.75,28,2,,0,0,
4,FIRST_TOUCH,5917,2026-05-01T12:38:00.000,22,33,2,29379,29380,25,,0,1,first_touch,SHORT,1.086957,0.277778,1,67.75,28,2,,0,0,
5,ZONE_INVALIDATED,5917,2026-05-01T12:38:00.000,22,33,2,29379,29380,25,,0,1,close_through_up,SHORT,1.086957,0.277778,1,67.75,28,2,5917,9,12,STOP
6,ZONE_CREATED,6398,2026-05-05T10:59:00.000,24,31,3,29321,29325,23,15,31,0,OFF_PRICE,SHORT,1.533333,0.479167,0.8,79.08,3,1,,0,0,
7,ZONE_INVALIDATED,6400,2026-05-05T11:02:00.000,24,31,3,29321,29325,23,,0,0,close_through_up,SHORT,1.533333,0.479167,0.8,79.08,3,1,,0,0,
8,ZONE_CREATED,7058,2026-05-07T15:30:00.000,26,40,4,29666,29667,18,15,21,0,OFF_PRICE,SHORT,1.2,0.315789,1,58.58,1,1,,0,0,
9,ZONE_INVALIDATED,7059,2026-05-07T15:31:00.000,26,40,4,29666,29667,18,,0,0,close_through_up,SHORT,1.2,0.315789,1,58.58,1,1,,0,0,
10,ZONE_CREATED,7098,2026-05-07T17:00:00.000,26,43,5,29660,29669,308,99,26,0,OFF_PRICE,LONG,3.111111,0.885057,0.9,95.17,18,2,,0,0,
11,FIRST_TOUCH,7099,2026-05-07T17:02:00.000,26,43,5,29660,29669,308,,0,1,first_touch,LONG,3.111111,0.885057,0.9,95.17,18,2,,0,0,
12,ZONE_INVALIDATED,7112,2026-05-07T17:38:00.000,26,43,5,29660,29669,308,,0,3,close_through_down,LONG,3.111111,0.885057,0.9,95.17,18,2,7099,0,14,STOP
13,ZONE_CREATED,7423,2026-05-11T10:36:00.000,28,31,6,29881,29884,35,23,27,0,OFF_PRICE,LONG,1.521739,0.406977,0.75,89.58,32,1,,0,0,
14,ZONE_CREATED,7463,2026-05-11T12:13:00.000,28,34,7,29998,30002,14,12,24,0,OFF_PRICE,SHORT,1.166667,0.56,0.8,64.5,10,1,,0,0,
15,FIRST_TOUCH,7467,2026-05-11T12:23:00.000,28,34,7,29998,30002,14,,0,1,first_touch,SHORT,1.166667,0.56,0.8,64.5,10,1,,0,0,
16,ZONE_INVALIDATED,7468,2026-05-11T12:28:00.000,28,34,7,29998,30002,14,,0,1,close_through_up,SHORT,1.166667,0.56,0.8,64.5,10,1,7467,0,16,STOP
17,FIRST_TOUCH,7560,2026-05-11T22:43:00.000,29,31,6,29881,29884,35,,0,1,first_touch,LONG,1.521739,0.406977,0.75,89.58,32,1,,0,0,
18,ZONE_INVALIDATED,7573,2026-05-12T03:52:00.000,29,31,6,29881,29884,35,,0,2,close_through_down,LONG,1.521739,0.406977,0.75,89.58,32,1,7560,53,2,TARGET
19,ZONE_CREATED,8328,2026-05-14T12:16:00.000,31,34,8,30324,30325,24,14,25,0,OFF_PRICE,LONG,1.714286,0.666667,1,93.33,17,1,,0,0,
20,FIRST_TOUCH,8369,2026-05-14T13:34:00.000,31,34,8,30324,30325,24,,0,1,first_touch,LONG,1.714286,0.666667,1,93.33,17,1,,0,0,
21,ZONE_INVALIDATED,8370,2026-05-14T13:35:00.000,31,34,8,30324,30325,24,,0,1,close_through_down,LONG,1.714286,0.666667,1,93.33,17,1,8369,0,12,STOP
22,ZONE_CREATED,8418,2026-05-14T15:12:00.000,31,40,9,30292,30293,29,18,20,0,OFF_PRICE,LONG,1.611111,0.402778,1,96.67,25,2,,0,0,
23,ZONE_INVALIDATED,8480,2026-05-14T22:18:00.000,32,40,9,30292,30293,29,,0,0,close_through_down,LONG,1.611111,0.402778,1,96.67,25,2,,0,0,
24,ZONE_CREATED,8806,2026-05-15T10:44:00.000,32,31,10,29994,29999,44,35,29,0,OFF_PRICE,SHORT,1.257143,0.505747,0.833333,73.83,34,1,,0,0,
25,FIRST_TOUCH,8815,2026-05-15T10:54:00.000,32,31,10,29994,29999,44,,0,1,first_touch,SHORT,1.257143,0.505747,0.833333,73.83,34,1,,0,0,
26,ZONE_INVALIDATED,8816,2026-05-15T10:55:00.000,32,31,10,29994,29999,44,,0,2,close_through_up,SHORT,1.257143,0.505747,0.833333,73.83,34,1,8815,1,24,STOP
27,ZONE_CREATED,9467,2026-05-18T11:43:00.000,33,33,11,29880,29888,27,25,28,0,OFF_PRICE,LONG,1.08,0.391304,0.888889,62.27,38,1,,0,0,
28,FIRST_TOUCH,9478,2026-05-18T12:03:00.000,33,33,11,29880,29888,27,,0,1,first_touch,LONG,1.08,0.391304,0.888889,62.27,38,1,,0,0,
29,ZONE_INVALIDATED,9478,2026-05-18T12:03:00.000,33,33,11,29880,29888,27,,0,1,close_through_down,LONG,1.08,0.391304,0.888889,62.27,38,1,9478,8,9,STOP
30,AT_PRICE_CREATED,9487,2026-05-18T12:12:00.000,33,34,12,29879,29886,47,24,26,0,AT_PRICE,NEUTRAL,1.958333,0.435185,0.625,76.04,0,2,,0,0,
31,ZONE_CREATED,9637,2026-05-18T16:03:00.000,33,42,13,29742,29749,27,17,20,0,OFF_PRICE,LONG,1.588235,0.194245,0.75,88.86,140,1,,0,0,
32,ZONE_CREATED,9647,2026-05-18T16:13:00.000,33,42,14,29832,29834,19,17,20,0,OFF_PRICE,LONG,1.117647,0.182692,0.666667,59.41,19,1,,0,0,
33,FIRST_TOUCH,9648,2026-05-18T16:15:00.000,33,42,14,29832,29834,19,,0,1,first_touch,LONG,1.117647,0.182692,0.666667,59.41,19,1,,0,0,
34,ZONE_INVALIDATED,9652,2026-05-18T16:19:00.000,33,42,14,29832,29834,19,,0,3,close_through_down,LONG,1.117647,0.182692,0.666667,59.41,19,1,9648,16,4,TARGET
35,ZONE_CREATED,9657,2026-05-18T16:25:00.000,33,42,15,29828,29834,33,17,20,0,OFF_PRICE,SHORT,1.941176,0.52381,0.857143,94.52,25,2,,0,0,
36,ZONE_INVALIDATED,9663,2026-05-18T16:33:00.000,33,42,15,29828,29834,33,,0,0,close_through_up,SHORT,1.941176,0.52381,0.857143,94.52,25,2,,0,0,
37,FIRST_TOUCH,9910,2026-05-19T10:36:00.000,34,42,13,29742,29749,27,,0,1,first_touch,LONG,1.588235,0.194245,0.75,88.86,140,1,,0,0,
38,ZONE_INVALIDATED,9919,2026-05-19T10:45:00.000,34,42,13,29742,29749,27,,0,4,close_through_down,LONG,1.588235,0.194245,0.75,88.86,140,1,9910,10,22,STOP
39,ZONE_CREATED,9970,2026-05-19T11:36:00.000,34,33,16,29688,29690,32,27,29,0,OFF_PRICE,SHORT,1.185185,0.31068,1,65.05,7,1,,0,0,
40,FIRST_TOUCH,9971,2026-05-19T11:37:00.000,34,33,16,29688,29690,32,,0,1,first_touch,SHORT,1.185185,0.31068,1,65.05,7,1,,0,0,
41,ZONE_INVALIDATED,9971,2026-05-19T11:37:00.000,34,33,16,29688,29690,32,,0,1,close_through_up,SHORT,1.185185,0.31068,1,65.05,7,1,9971,4,8,STOP
42,AT_PRICE_CREATED,9990,2026-05-19T11:56:00.000,34,33,17,29668,29669,28,27,29,0,AT_PRICE,NEUTRAL,1.037037,0.277228,1,49.26,0,2,,0,0,
43,ZONE_CREATED,10603,2026-05-20T14:03:00.000,35,38,18,29961,29969,26,13,26,0,OFF_PRICE,LONG,2,0.393939,0.777778,90,12,1,,0,0,
44,FIRST_TOUCH,10604,2026-05-20T14:04:00.000,35,38,18,29961,29969,26,,0,1,first_touch,LONG,2,0.393939,0.777778,90,12,1,,0,0,
45,ZONE_INVALIDATED,10605,2026-05-20T14:06:00.000,35,38,18,29961,29969,26,,0,1,close_through_down,LONG,2,0.393939,0.777778,90,12,1,10604,0,23,STOP
46,ZONE_CREATED,10623,2026-05-20T14:30:00.000,35,38,19,29972,29974,63,13,26,0,OFF_PRICE,LONG,4.846154,0.453237,1,96.67,22,2,,0,0,
47,FIRST_TOUCH,10709,2026-05-20T17:22:00.000,35,38,19,29972,29974,63,,0,1,first_touch,LONG,4.846154,0.453237,1,96.67,22,2,,0,0,
48,ZONE_INVALIDATED,10709,2026-05-20T17:22:00.000,35,38,19,29972,29974,63,,0,1,close_through_down,LONG,4.846154,0.453237,1,96.67,22,2,10709,6,17,STOP
49,ZONE_CREATED,11220,2026-05-21T16:01:00.000,36,42,20,29994,30010,59,33,24,0,OFF_PRICE,LONG,1.787879,0.561905,0.764706,89.8,24,1,,0,0,
50,ZONE_CREATED,11549,2026-05-22T10:41:00.000,37,31,21,30289,30290,104,44,40,0,OFF_PRICE,SHORT,2.363636,0.638037,1,90.83,10,1,,0,0,
51,FIRST_TOUCH,11553,2026-05-22T10:46:00.000,37,31,21,30289,30290,104,,0,1,first_touch,SHORT,2.363636,0.638037,1,90.83,10,1,,0,0,
52,ZONE_INVALIDATED,11553,2026-05-22T10:46:00.000,37,31,21,30289,30290,104,,0,1,close_through_up,SHORT,2.363636,0.638037,1,90.83,10,1,11553,1,4,
53,ZONE_CREATED,12010,2026-05-25T11:32:00.000,38,33,22,30488,30489,32,32,34,0,OFF_PRICE,SHORT,1,0.561404,1,58.33,13,1,,0,0,
54,FIRST_TOUCH,12027,2026-05-25T12:11:00.000,38,33,22,30488,30489,32,,0,1,first_touch,SHORT,1,0.561404,1,58.33,13,1,,0,0,
55,ZONE_INVALIDATED,12028,2026-05-25T12:12:00.000,38,33,22,30488,30489,32,,0,2,close_through_up,SHORT,1,0.561404,1,58.33,13,1,12027,21,2,TARGET
56,ZONE_CREATED,12030,2026-05-25T12:14:00.000,38,34,23,30488,30490,158,47,32,0,OFF_PRICE,LONG,3.361702,0.336887,0.666667,91.67,16,2,,0,0,
57,FIRST_TOUCH,12034,2026-05-25T12:18:00.000,38,34,23,30488,30490,158,,0,1,first_touch,LONG,3.361702,0.336887,0.666667,91.67,16,2,,0,0,
58,ZONE_INVALIDATED,12038,2026-05-25T12:24:00.000,38,34,23,30488,30490,158,,0,3,close_through_down,LONG,3.361702,0.336887,0.666667,91.67,16,2,12034,3,6,
59,ZONE_CREATED,12040,2026-05-25T12:26:00.000,38,34,24,30491,30493,134,47,32,0,OFF_PRICE,SHORT,2.851064,0.470175,0.666667,87.5,6,3,,0,0,
60,FIRST_TOUCH,12041,2026-05-25T12:27:00.000,38,34,24,30491,30493,134,,0,1,first_touch,SHORT,2.851064,0.470175,0.666667,87.5,6,3,,0,0,
61,ZONE_INVALIDATED,12068,2026-05-25T14:00:00.000,38,34,24,30491,30493,134,,0,4,close_through_up,SHORT,2.851064,0.470175,0.666667,87.5,6,3,12041,15,1,TARGET
62,ZONE_CREATED,12729,2026-05-27T11:36:00.000,40,33,25,30352,30354,73,32,35,0,OFF_PRICE,LONG,2.28125,0.341121,0.666667,88.33,37,1,,0,0,
63,FIRST_TOUCH,12755,2026-05-27T12:16:00.000,40,33,25,30352,30354,73,,0,1,first_touch,LONG,2.28125,0.341121,0.666667,88.33,37,1,,0,0,
64,ZONE_INVALIDATED,12758,2026-05-27T12:20:00.000,40,33,25,30352,30354,73,,0,2,close_through_down,LONG,2.28125,0.341121,0.666667,88.33,37,1,12755,11,12,STOP
65,ZONE_CREATED,12819,2026-05-27T13:59:00.000,40,37,26,30386,30389,60,30,23,0,OFF_PRICE,SHORT,2,0.612245,1,96.67,14,2,,0,0,
66,ZONE_INVALIDATED,12860,2026-05-27T15:24:00.000,40,37,26,30386,30389,60,,0,0,close_through_up,SHORT,2,0.612245,1,96.67,14,2,,0,0,
67,ZONE_CREATED,13205,2026-05-28T11:16:00.000,41,32,27,30467,30470,93,81,40,0,OFF_PRICE,LONG,1.148148,0.261236,0.75,64.95,28,1,,0,0,
68,FIRST_TOUCH,13212,2026-05-28T11:23:00.000,41,32,27,30467,30470,93,,0,1,first_touch,LONG,1.148148,0.261236,0.75,64.95,28,1,,0,0,
69,ZONE_INVALIDATED,13213,2026-05-28T11:24:00.000,41,32,27,30467,30470,93,,0,1,close_through_down,LONG,1.148148,0.261236,0.75,64.95,28,1,13212,10,4,
70,ZONE_CREATED,13656,2026-05-29T11:54:00.000,42,33,28,30603,30615,119,73,38,0,OFF_PRICE,LONG,1.630137,0.485714,0.923077,83.43,5,1,,0,0,
71,FIRST_TOUCH,13657,2026-05-29T11:55:00.000,42,33,28,30603,30615,119,,0,1,first_touch,LONG,1.630137,0.485714,0.923077,83.43,5,1,,0,0,
72,ZONE_INVALIDATED,13657,2026-05-29T11:55:00.000,42,33,28,30603,30615,119,,0,1,close_through_down,LONG,1.630137,0.485714,0.923077,83.43,5,1,13657,0,15,STOP
73,ZONE_CREATED,14135,2026-06-01T11:10:00.000,43,32,29,30582,30594,100,93,42,0,OFF_PRICE,LONG,1.075269,0.625,0.769231,60.14,18,1,,0,0,
74,FIRST_TOUCH,14136,2026-06-01T11:11:00.000,43,32,29,30582,30594,100,,0,1,first_touch,LONG,1.075269,0.625,0.769231,60.14,18,1,,0,0,
75,ZONE_INVALIDATED,14161,2026-06-01T11:37:00.000,43,32,29,30582,30594,100,,0,17,close_through_down,LONG,1.075269,0.625,0.769231,60.14,18,1,14136,16,0,TARGET
76,ZONE_CREATED,14205,2026-06-01T12:37:00.000,43,35,30,30640,30648,98,37,36,0,OFF_PRICE,LONG,2.648649,0.515789,0.777778,83.75,7,1,,0,0,
77,FIRST_TOUCH,14209,2026-06-01T12:41:00.000,43,35,30,30640,30648,98,,0,1,first_touch,LONG,2.648649,0.515789,0.777778,83.75,7,1,,0,0,
78,ZONE_INVALIDATED,14218,2026-06-01T12:50:00.000,43,35,30,30640,30648,98,,0,6,close_through_down,LONG,2.648649,0.515789,0.777778,83.75,7,1,14209,7,8,STOP
79,ZONE_CREATED,14225,2026-06-01T13:00:00.000,43,35,31,30638,30640,58,37,36,0,OFF_PRICE,SHORT,1.567568,0.591837,0.666667,89.17,10,2,,0,0,
80,FIRST_TOUCH,14226,2026-06-01T13:01:00.000,43,35,31,30638,30640,58,,0,1,first_touch,SHORT,1.567568,0.591837,0.666667,89.17,10,2,,0,0,
81,ZONE_INVALIDATED,14226,2026-06-01T13:01:00.000,43,35,31,30638,30640,58,,0,1,close_through_up,SHORT,1.567568,0.591837,0.666667,89.17,10,2,14226,8,11,STOP
82,ZONE_CREATED,14315,2026-06-01T15:09:00.000,43,40,32,30746,30749,41,29,26,0,OFF_PRICE,SHORT,1.413793,0.803922,0.75,71.05,2,1,,0,0,
83,FIRST_TOUCH,14316,2026-06-01T15:10:00.000,43,40,32,30746,30749,41,,0,1,first_touch,SHORT,1.413793,0.803922,0.75,71.05,2,1,,0,0,
84,ZONE_INVALIDATED,14316,2026-06-01T15:10:00.000,43,40,32,30746,30749,41,,0,1,close_through_up,SHORT,1.413793,0.803922,0.75,71.05,2,1,14316,0,4,
85,AT_PRICE_CREATED,14335,2026-06-01T15:43:00.000,43,41,33,30749,30753,49,22,25,0,AT_PRICE,NEUTRAL,2.227273,0.710145,0.6,75.67,0,2,,0,0,
86,ZONE_CREATED,14345,2026-06-01T15:57:00.000,43,41,34,30753,30754,55,22,25,0,OFF_PRICE,SHORT,2.5,0.5,1,86.25,1,3,,0,0,
87,ZONE_INVALIDATED,14734,2026-06-02T12:08:00.000,44,41,34,30753,30754,55,,0,0,close_through_up,SHORT,2.5,0.5,1,86.25,1,3,,0,0,
88,ZONE_CREATED,15404,2026-06-03T13:13:00.000,45,36,35,30561,30565,33,33,32,0,OFF_PRICE,LONG,1,0.485294,0.8,46.58,5,1,,0,0,
89,FIRST_TOUCH,15406,2026-06-03T13:16:00.000,45,36,35,30561,30565,33,,0,1,first_touch,LONG,1,0.485294,0.8,46.58,5,1,,0,0,
90,ZONE_INVALIDATED,15408,2026-06-03T13:19:00.000,45,36,35,30561,30565,33,,0,2,close_through_down,LONG,1,0.485294,0.8,46.58,5,1,15406,0,23,STOP
91,ZONE_CREATED,15414,2026-06-03T13:25:00.000,45,36,36,30547,30553,61,33,32,0,OFF_PRICE,SHORT,1.848485,0.32973,1,96.67,23,2,,0,0,
92,FIRST_TOUCH,15441,2026-06-03T13:52:00.000,45,36,36,30547,30553,61,,0,1,first_touch,SHORT,1.848485,0.32973,1,96.67,23,2,,0,0,
93,ZONE_CREATED,15444,2026-06-03T13:55:00.000,45,37,37,30533,30536,65,60,29,0,OFF_PRICE,LONG,1.083333,0.380117,1,64.58,7,3,,0,0,
94,FIRST_TOUCH,15446,2026-06-03T13:57:00.000,45,37,37,30533,30536,65,,0,1,first_touch,LONG,1.083333,0.380117,1,64.58,7,3,,0,0,
95,ZONE_INVALIDATED,15448,2026-06-03T13:59:00.000,45,36,36,30547,30553,61,,0,2,close_through_up,SHORT,1.848485,0.32973,1,96.67,23,2,15441,12,2,TARGET
96,ZONE_INVALIDATED,15463,2026-06-03T14:14:00.000,45,37,37,30533,30536,65,,0,2,close_through_down,LONG,1.083333,0.380117,1,64.58,7,3,15446,18,0,TARGET
97,ZONE_CREATED,15624,2026-06-03T17:26:00.000,45,44,38,30500,30505,83,61,23,0,OFF_PRICE,SHORT,1.360656,0.304029,0.833333,81.91,10,2,,0,0,
98,FIRST_TOUCH,15625,2026-06-03T17:27:00.000,45,44,38,30500,30505,83,,0,1,first_touch,SHORT,1.360656,0.304029,0.833333,81.91,10,2,,0,0,
99,ZONE_CREATED,16102,2026-06-04T10:14:00.000,46,30,39,30446,30447,38,26,20,0,OFF_PRICE,SHORT,1.461538,0.567164,1,81.89,5,1,,0,0,
100,FIRST_TOUCH,16103,2026-06-04T10:15:00.000,46,30,39,30446,30447,38,,0,1,first_touch,SHORT,1.461538,0.567164,1,81.89,5,1,,0,0,
101,ZONE_INVALIDATED,16103,2026-06-04T10:15:00.000,46,30,39,30446,30447,38,,0,1,close_through_up,SHORT,1.461538,0.567164,1,81.89,5,1,16103,0,3,
102,ZONE_CREATED,16152,2026-06-04T11:06:00.000,46,32,40,30485,30497,231,100,45,0,OFF_PRICE,SHORT,2.31,0.491489,0.923077,92.18,25,1,,0,0,
103,FIRST_TOUCH,16157,2026-06-04T11:11:00.000,46,32,40,30485,30497,231,,0,1,first_touch,SHORT,2.31,0.491489,0.923077,92.18,25,1,,0,0,
104,ZONE_INVALIDATED,16158,2026-06-04T11:12:00.000,46,44,38,30500,30505,83,,0,4,close_through_up,SHORT,1.360656,0.304029,0.833333,81.91,10,2,15625,18,2,TARGET
105,ZONE_INVALIDATED,16158,2026-06-04T11:12:00.000,46,32,40,30485,30497,231,,0,2,close_through_up,SHORT,2.31,0.491489,0.923077,92.18,25,1,16157,15,1,TARGET
106,ZONE_CREATED,16302,2026-06-04T13:41:00.000,46,37,41,30610,30620,71,65,31,0,OFF_PRICE,LONG,1.092308,0.591667,0.818182,62.07,12,1,,0,0,
107,ZONE_CREATED,16382,2026-06-04T15:20:00.000,46,40,42,30676,30679,118,41,28,0,OFF_PRICE,LONG,2.878049,0.825175,1,80.83,2,1,,0,0,
108,FIRST_TOUCH,16388,2026-06-04T15:29:00.000,46,40,42,30676,30679,118,,0,1,first_touch,LONG,2.878049,0.825175,1,80.83,2,1,,0,0,
109,ZONE_INVALIDATED,16391,2026-06-04T15:32:00.000,46,40,42,30676,30679,118,,0,4,close_through_down,LONG,2.878049,0.825175,1,80.83,2,1,16388,3,7,
110,AT_PRICE_CREATED,16472,2026-06-04T17:09:00.000,46,44,43,30626,30640,820,83,25,0,AT_PRICE,NEUTRAL,9.879518,0.697279,1,81.67,0,2,,0,0,
111,FIRST_TOUCH,16480,2026-06-04T17:20:00.000,46,37,41,30610,30620,71,,0,1,first_touch,LONG,1.092308,0.591667,0.818182,62.07,12,1,,0,0,
112,ZONE_INVALIDATED,16486,2026-06-04T17:28:00.000,46,37,41,30610,30620,71,,0,6,close_through_down,LONG,1.092308,0.591667,0.818182,62.07,12,1,16480,0,8,STOP
113,AT_PRICE_CREATED,17087,2026-06-05T10:03:00.000,47,30,44,30448,30452,39,38,22,0,AT_PRICE,NEUTRAL,1.026316,0.312,0.8,42.18,0,1,,0,0,
114,ZONE_CREATED,17107,2026-06-05T10:24:00.000,47,30,45,30437,30441,64,38,22,0,OFF_PRICE,LONG,1.684211,0.507937,0.8,79.92,1,2,,0,0,
115,FIRST_TOUCH,17108,2026-06-05T10:25:00.000,47,30,45,30437,30441,64,,0,1,first_touch,LONG,1.684211,0.507937,0.8,79.92,1,2,,0,0,
116,ZONE_INVALIDATED,17108,2026-06-05T10:25:00.000,47,30,45,30437,30441,64,,0,1,close_through_down,LONG,1.684211,0.507937,0.8,79.92,1,2,17108,0,8,STOP
117,ZONE_CREATED,17117,2026-06-05T10:34:00.000,47,31,46,30432,30439,93,74,50,0,OFF_PRICE,LONG,1.256757,0.3,0.875,81.1,14,3,,0,0,
118,FIRST_TOUCH,17118,2026-06-05T10:35:00.000,47,31,46,30432,30439,93,,0,1,first_touch,LONG,1.256757,0.3,0.875,81.1,14,3,,0,0,
119,ZONE_INVALIDATED,17120,2026-06-05T10:37:00.000,47,31,46,30432,30439,93,,0,3,close_through_down,LONG,1.256757,0.3,0.875,81.1,14,3,17118,17,0,TARGET
120,ZONE_CREATED,17127,2026-06-05T10:44:00.000,47,31,47,30440,30445,74,74,50,0,OFF_PRICE,SHORT,1,0.186869,0.833333,60.86,70,4,,0,0,
121,AT_PRICE_CREATED,17137,2026-06-05T10:54:00.000,47,31,48,30332,30350,374,74,50,0,AT_PRICE,NEUTRAL,5.054054,0.666667,0.947368,77.54,0,1,,0,0,
122,ZONE_CREATED,17207,2026-06-05T12:04:00.000,47,34,49,30341,30346,169,158,41,0,OFF_PRICE,SHORT,1.06962,0.728448,1,66.54,21,2,,0,0,
123,ZONE_CREATED,17327,2026-06-05T14:04:00.000,47,38,50,30116,30125,70,63,33,0,OFF_PRICE,SHORT,1.111111,0.411765,0.9,64.61,19,1,,0,0,
124,ZONE_CREATED,17337,2026-06-05T14:14:00.000,47,38,51,30084,30087,115,63,33,0,OFF_PRICE,SHORT,1.825397,0.537383,0.75,86.67,7,2,,0,0,
125,FIRST_TOUCH,17339,2026-06-05T14:16:00.000,47,38,51,30084,30087,115,,0,1,first_touch,SHORT,1.825397,0.537383,0.75,86.67,7,2,,0,0,
126,ZONE_INVALIDATED,17346,2026-06-05T14:23:00.000,47,38,51,30084,30087,115,,0,2,close_through_up,SHORT,1.825397,0.537383,0.75,86.67,7,2,17339,20,1,TARGET
127,FIRST_TOUCH,17358,2026-06-05T14:36:00.000,47,38,50,30116,30125,70,,0,1,first_touch,SHORT,1.111111,0.411765,0.9,64.61,19,1,,0,0,
128,ZONE_INVALIDATED,17360,2026-06-05T14:38:00.000,47,38,50,30116,30125,70,,0,2,close_through_up,SHORT,1.111111,0.411765,0.9,64.61,19,1,17358,0,9,STOP
129,FIRST_TOUCH,17397,2026-06-05T15:16:00.000,47,42,20,29994,30010,59,,0,1,first_touch,LONG,1.787879,0.561905,0.764706,89.8,24,1,,0,0,
130,ZONE_INVALIDATED,17408,2026-06-05T15:27:00.000,47,42,20,29994,30010,59,,0,11,close_through_down,LONG,1.787879,0.561905,0.764706,89.8,24,1,17397,21,8,AMBIGUOUS
131,ZONE_CREATED,17457,2026-06-05T16:16:00.000,47,42,52,29860,29863,165,59,30,0,OFF_PRICE,SHORT,2.79661,0.343035,0.75,89.58,53,1,,0,0,
132,ZONE_CREATED,17467,2026-06-05T16:26:00.000,47,42,53,29790,29800,200,59,30,0,OFF_PRICE,LONG,3.389831,0.529101,0.818182,90.61,44,1,,0,0,
133,FIRST_TOUCH,17469,2026-06-05T16:28:00.000,47,42,52,29860,29863,165,,0,1,first_touch,SHORT,2.79661,0.343035,0.75,89.58,53,1,,0,0,
134,ZONE_INVALIDATED,17470,2026-06-05T16:29:00.000,47,42,52,29860,29863,165,,0,2,close_through_up,SHORT,2.79661,0.343035,0.75,89.58,53,1,17469,26,0,TARGET
135,FIRST_TOUCH,17503,2026-06-05T17:02:00.000,47,42,53,29790,29800,200,,0,1,first_touch,LONG,3.389831,0.529101,0.818182,90.61,44,1,,0,0,
136,ZONE_INVALIDATED,17503,2026-06-05T17:02:00.000,47,42,53,29790,29800,200,,0,1,close_through_down,LONG,3.389831,0.529101,0.818182,90.61,44,1,17503,38,20,AMBIGUOUS
137,ZONE_CREATED,18468,2026-06-08T13:43:00.000,48,37,54,30021,30023,231,71,36,0,OFF_PRICE,SHORT,3.253521,0.415468,0.666667,87.08,11,1,,0,0,
138,FIRST_TOUCH,18470,2026-06-08T13:45:00.000,48,37,54,30021,30023,231,,0,1,first_touch,SHORT,3.253521,0.415468,0.666667,87.08,11,1,,0,0,
139,ZONE_INVALIDATED,18471,2026-06-08T13:46:00.000,48,37,54,30021,30023,231,,0,2,close_through_up,SHORT,3.253521,0.415468,0.666667,87.08,11,1,18470,18,0,TARGET
140,AT_PRICE_CREATED,19171,2026-06-09T04:07:00.000,49,18,55,30018,30025,57,42,22,0,AT_PRICE,NEUTRAL,1.357143,0.655172,1,68.33,0,1,,0,0,
141,ZONE_CREATED,19241,2026-06-09T05:20:00.000,49,20,56,30021,30026,43,25,22,0,OFF_PRICE,SHORT,1.72,0.565789,1,85.42,3,2,,0,0,
142,FIRST_TOUCH,19246,2026-06-09T05:26:00.000,49,20,56,30021,30026,43,,0,1,first_touch,SHORT,1.72,0.565789,1,85.42,3,2,,0,0,
143,ZONE_INVALIDATED,19251,2026-06-09T05:32:00.000,49,20,56,30021,30026,43,,0,5,close_through_up,SHORT,1.72,0.565789,1,85.42,3,2,19246,5,8,STOP
144,ZONE_CREATED,19481,2026-06-09T09:36:00.000,49,29,57,30029,30031,49,49,31,0,OFF_PRICE,LONG,1,0.215859,1,58.33,32,1,,0,0,
145,ZONE_CREATED,19511,2026-06-09T10:06:00.000,49,30,58,30072,30074,116,64,27,0,OFF_PRICE,LONG,1.8125,0.271028,1,85.83,6,1,,0,0,
146,FIRST_TOUCH,19513,2026-06-09T10:08:00.000,49,30,58,30072,30074,116,,0,1,first_touch,LONG,1.8125,0.271028,1,85.83,6,1,,0,0,
147,ZONE_INVALIDATED,19516,2026-06-09T10:11:00.000,49,30,58,30072,30074,116,,0,3,close_through_down,LONG,1.8125,0.271028,1,85.83,6,1,19513,9,3,
148,ZONE_CREATED,19541,2026-06-09T10:37:00.000,49,31,59,30077,30083,141,104,53,0,OFF_PRICE,LONG,1.355769,0.239389,0.857143,84.43,33,2,,0,0,
149,ZONE_CREATED,19551,2026-06-09T10:47:00.000,49,31,60,30113,30125,181,104,53,0,OFF_PRICE,LONG,1.740385,0.294788,0.769231,93.21,47,2,,0,0,
150,ZONE_CREATED,19561,2026-06-09T10:57:00.000,49,31,61,30188,30195,159,104,53,0,OFF_PRICE,SHORT,1.528846,0.192961,0.75,88.7,55,1,,0,0,
151,FIRST_TOUCH,19562,2026-06-09T10:58:00.000,49,31,60,30113,30125,181,,0,1,first_touch,LONG,1.740385,0.294788,0.769231,93.21,47,2,,0,0,
152,ZONE_INVALIDATED,19565,2026-06-09T11:01:00.000,49,31,60,30113,30125,181,,0,4,close_through_down,LONG,1.740385,0.294788,0.769231,93.21,47,2,19562,8,9,STOP
153,FIRST_TOUCH,19575,2026-06-09T11:11:00.000,49,31,59,30077,30083,141,,0,1,first_touch,LONG,1.355769,0.239389,0.857143,84.43,33,2,,0,0,
154,ZONE_INVALIDATED,19575,2026-06-09T11:11:00.000,49,31,59,30077,30083,141,,0,1,close_through_down,LONG,1.355769,0.239389,0.857143,84.43,33,2,19575,12,25,AMBIGUOUS
155,FIRST_TOUCH,19578,2026-06-09T11:14:00.000,49,29,57,30029,30031,49,,0,1,first_touch,LONG,1,0.215859,1,58.33,32,1,,0,0,
156,ZONE_INVALIDATED,19578,2026-06-09T11:14:00.000,49,29,57,30029,30031,49,,0,1,close_through_down,LONG,1,0.215859,1,58.33,32,1,19578,13,24,AMBIGUOUS
157,ZONE_CREATED,19591,2026-06-09T11:27:00.000,49,32,62,29919,29940,469,231,49,0,OFF_PRICE,LONG,2.030303,0.43067,0.863636,91.29,53,1,,0,0,
158,ZONE_CREATED,19601,2026-06-09T11:37:00.000,49,33,63,29954,29966,201,118,50,0,OFF_PRICE,LONG,1.70339,0.281907,0.692308,79.55,2,2,,0,0,
159,FIRST_TOUCH,19602,2026-06-09T11:38:00.000,49,33,63,29954,29966,201,,0,1,first_touch,LONG,1.70339,0.281907,0.692308,79.55,2,2,,0,0,
160,ZONE_INVALIDATED,19607,2026-06-09T11:43:00.000,49,33,63,29954,29966,201,,0,6,close_through_down,LONG,1.70339,0.281907,0.692308,79.55,2,2,19602,30,5,TARGET
161,FIRST_TOUCH,19608,2026-06-09T11:44:00.000,49,32,62,29919,29940,469,,0,1,first_touch,LONG,2.030303,0.43067,0.863636,91.29,53,1,,0,0,
162,ZONE_INVALIDATED,19608,2026-06-09T11:44:00.000,49,32,62,29919,29940,469,,0,1,close_through_down,LONG,2.030303,0.43067,0.863636,91.29,53,1,19608,7,34,STOP
163,ZONE_CREATED,19621,2026-06-09T11:57:00.000,49,33,64,29788,29800,361,118,50,0,OFF_PRICE,SHORT,3.059322,0.242282,0.846154,91.03,22,1,,0,0,
164,FIRST_TOUCH,19622,2026-06-09T11:58:00.000,49,33,64,29788,29800,361,,0,1,first_touch,SHORT,3.059322,0.242282,0.846154,91.03,22,1,,0,0,
165,ZONE_INVALIDATED,19622,2026-06-09T11:58:00.000,49,33,64,29788,29800,361,,0,1,close_through_up,SHORT,3.059322,0.242282,0.846154,91.03,22,1,19622,23,18,AMBIGUOUS
166,ZONE_CREATED,19631,2026-06-09T12:07:00.000,49,34,65,29822,29828,204,169,46,0,OFF_PRICE,SHORT,1.207101,0.301329,0.857143,69.02,8,2,,0,0,
167,FIRST_TOUCH,19632,2026-06-09T12:08:00.000,49,34,65,29822,29828,204,,0,1,first_touch,SHORT,1.207101,0.301329,0.857143,69.02,8,2,,0,0,
168,ZONE_INVALIDATED,19634,2026-06-09T12:10:00.000,49,34,65,29822,29828,204,,0,3,close_through_up,SHORT,1.207101,0.301329,0.857143,69.02,8,2,19632,15,2,TARGET
169,AT_PRICE_CREATED,19661,2026-06-09T12:37:00.000,49,35,66,29562,29592,1376,98,46,0,AT_PRICE,NEUTRAL,14.040816,0.720419,0.967742,77.85,0,1,,0,0,
170,ZONE_CREATED,19671,2026-06-09T12:47:00.000,49,35,67,29585,29589,129,98,46,0,OFF_PRICE,LONG,1.316327,0.131098,0.8,72.2,20,2,,0,0,
171,FIRST_TOUCH,19675,2026-06-09T12:51:00.000,49,35,67,29585,29589,129,,0,1,first_touch,LONG,1.316327,0.131098,0.8,72.2,20,2,,0,0,
172,ZONE_INVALIDATED,19675,2026-06-09T12:51:00.000,49,35,67,29585,29589,129,,0,1,close_through_down,LONG,1.316327,0.131098,0.8,72.2,20,2,19675,22,13,AMBIGUOUS
173,ZONE_CREATED,19681,2026-06-09T12:57:00.000,49,35,68,29607,29613,177,98,46,0,OFF_PRICE,SHORT,1.806122,0.144963,0.857143,90.98,74,3,,0,0,
174,ZONE_CREATED,19691,2026-06-09T13:07:00.000,49,36,69,29514,29524,450,61,37,0,OFF_PRICE,SHORT,7.377049,0.298013,0.909091,89.47,10,1,,0,0,
175,FIRST_TOUCH,19692,2026-06-09T13:08:00.000,49,36,69,29514,29524,450,,0,1,first_touch,SHORT,7.377049,0.298013,0.909091,89.47,10,1,,0,0,
176,ZONE_CREATED,19701,2026-06-09T13:17:00.000,49,36,70,29458,29468,190,61,37,0,OFF_PRICE,SHORT,3.114754,0.181298,0.636364,85.54,41,1,,0,0,
177,ZONE_CREATED,19711,2026-06-09T13:27:00.000,49,36,71,29391,29393,68,61,37,0,OFF_PRICE,LONG,1.114754,0.048956,0.666667,42.49,22,1,,0,0,
178,FIRST_TOUCH,19715,2026-06-09T13:31:00.000,49,36,71,29391,29393,68,,0,1,first_touch,LONG,1.114754,0.048956,0.666667,42.49,22,1,,0,0,
179,ZONE_INVALIDATED,19715,2026-06-09T13:31:00.000,49,36,71,29391,29393,68,,0,1,close_through_down,LONG,1.114754,0.048956,0.666667,42.49,22,1,19715,21,8,AMBIGUOUS
180,FIRST_TOUCH,19717,2026-06-09T13:33:00.000,49,36,70,29458,29468,190,,0,1,first_touch,SHORT,3.114754,0.181298,0.636364,85.54,41,1,,0,0,
181,ZONE_CREATED,19731,2026-06-09T13:47:00.000,49,37,72,29308,29331,580,231,38,0,OFF_PRICE,SHORT,2.510823,0.21658,0.833333,90.83,14,1,,0,0,
182,FIRST_TOUCH,19732,2026-06-09T13:48:00.000,49,37,72,29308,29331,580,,0,1,first_touch,SHORT,2.510823,0.21658,0.833333,90.83,14,1,,0,0,
183,ZONE_INVALIDATED,19732,2026-06-09T13:48:00.000,49,37,72,29308,29331,580,,0,1,close_through_up,SHORT,2.510823,0.21658,0.833333,90.83,14,1,19732,12,24,AMBIGUOUS
184,AT_PRICE_CREATED,19751,2026-06-09T14:07:00.000,49,38,73,29442,29468,588,115,39,0,AT_PRICE,NEUTRAL,5.113043,0.532609,0.925926,80.56,0,2,,0,0,
185,ZONE_INVALIDATED,19759,2026-06-09T14:15:00.000,49,36,70,29458,29468,190,,0,12,close_through_up,SHORT,3.114754,0.181298,0.636364,85.54,41,1,19717,39,15,AMBIGUOUS
186,ZONE_CREATED,19761,2026-06-09T14:17:00.000,49,38,74,29435,29454,516,115,39,0,OFF_PRICE,LONG,4.486957,0.548936,0.75,96.25,18,3,,0,0,
187,ZONE_INVALIDATED,19765,2026-06-09T14:21:00.000,49,36,69,29514,29524,450,,0,4,close_through_up,SHORT,7.377049,0.298013,0.909091,89.47,10,1,19692,32,1,TARGET
188,AT_PRICE_CREATED,19771,2026-06-09T14:27:00.000,49,38,75,29534,29554,369,115,39,0,AT_PRICE,NEUTRAL,3.208696,0.465909,0.904762,83.57,0,3,,0,0,
189,FIRST_TOUCH,19782,2026-06-09T14:38:00.000,49,35,68,29607,29613,177,,0,1,first_touch,SHORT,1.806122,0.144963,0.857143,90.98,74,3,,0,0,
190,ZONE_INVALIDATED,19782,2026-06-09T14:38:00.000,49,35,68,29607,29613,177,,0,1,close_through_up,SHORT,1.806122,0.144963,0.857143,90.98,74,3,19782,6,16,STOP
191,ZONE_CREATED,19821,2026-06-09T15:17:00.000,49,40,76,29662,29669,128,118,34,0,OFF_PRICE,SHORT,1.084746,0.273504,0.75,60.52,20,1,,0,0,
192,FIRST_TOUCH,19822,2026-06-09T15:18:00.000,49,40,76,29662,29669,128,,0,1,first_touch,SHORT,1.084746,0.273504,0.75,60.52,20,1,,0,0,
193,ZONE_INVALIDATED,19823,2026-06-09T15:19:00.000,49,40,76,29662,29669,128,,0,2,close_through_up,SHORT,1.084746,0.273504,0.75,60.52,20,1,19822,28,13,AMBIGUOUS
194,AT_PRICE_CREATED,19841,2026-06-09T15:37:00.000,49,41,77,29753,29773,210,55,36,0,AT_PRICE,NEUTRAL,3.818182,0.640244,0.761905,74.76,0,1,,0,0,
195,ZONE_CREATED,19851,2026-06-09T15:47:00.000,49,41,78,29736,29740,156,55,36,0,OFF_PRICE,SHORT,2.836364,0.278075,0.8,93.67,16,2,,0,0,
196,FIRST_TOUCH,19852,2026-06-09T15:48:00.000,49,41,78,29736,29740,156,,0,1,first_touch,SHORT,2.836364,0.278075,0.8,93.67,16,2,,0,0,
197,ZONE_INVALIDATED,19853,2026-06-09T15:49:00.000,49,41,78,29736,29740,156,,0,2,close_through_up,SHORT,2.836364,0.278075,0.8,93.67,16,2,19852,11,15,STOP
198,ZONE_CREATED,19861,2026-06-09T15:57:00.000,49,41,79,29740,29751,129,55,36,0,OFF_PRICE,LONG,2.345455,0.34127,0.666667,95,36,3,,0,0,
199,AT_PRICE_CREATED,19871,2026-06-09T16:07:00.000,49,42,80,29799,29808,208,200,33,0,AT_PRICE,NEUTRAL,1.04,0.427105,0.9,44.63,0,1,,0,0,
200,FIRST_TOUCH,19876,2026-06-09T16:12:00.000,49,41,79,29740,29751,129,,0,1,first_touch,LONG,2.345455,0.34127,0.666667,95,36,3,,0,0,
201,ZONE_INVALIDATED,19880,2026-06-09T16:16:00.000,49,41,79,29740,29751,129,,0,3,close_through_down,LONG,2.345455,0.34127,0.666667,95,36,3,19876,23,0,TARGET
202,ZONE_CREATED,19891,2026-06-09T16:27:00.000,49,42,81,29696,29700,206,200,33,0,OFF_PRICE,SHORT,1.03,0.317901,0.8,64.1,13,3,,0,0,
203,FIRST_TOUCH,19893,2026-06-09T16:29:00.000,49,42,81,29696,29700,206,,0,1,first_touch,SHORT,1.03,0.317901,0.8,64.1,13,3,,0,0,
204,ZONE_INVALIDATED,19893,2026-06-09T16:29:00.000,49,42,81,29696,29700,206,,0,1,close_through_up,SHORT,1.03,0.317901,0.8,64.1,13,3,19893,10,11,STOP
205,ZONE_CREATED,19901,2026-06-09T16:37:00.000,49,43,82,29712,29717,132,116,38,0,OFF_PRICE,SHORT,1.137931,0.27907,1,65.91,5,4,,0,0,
206,FIRST_TOUCH,19902,2026-06-09T16:38:00.000,49,43,82,29712,29717,132,,0,1,first_touch,SHORT,1.137931,0.27907,1,65.91,5,4,,0,0,
207,AT_PRICE_CREATED,19911,2026-06-09T16:47:00.000,49,43,83,29668,29677,195,116,38,0,AT_PRICE,NEUTRAL,1.681034,0.388446,1,85,0,3,,0,0,
208,ZONE_INVALIDATED,19915,2026-06-09T16:51:00.000,49,43,82,29712,29717,132,,0,2,close_through_up,SHORT,1.137931,0.27907,1,65.91,5,4,19902,19,5,TARGET
209,ZONE_CREATED,19921,2026-06-09T16:57:00.000,49,43,84,29762,29776,254,116,38,0,OFF_PRICE,LONG,2.189655,0.199529,0.933333,98.94,17,5,,0,0,
210,ZONE_CREATED,19931,2026-06-09T17:07:00.000,49,44,85,29814,29825,1654,820,30,0,OFF_PRICE,SHORT,2.017073,0.538938,0.916667,90.42,8,2,,0,0,
211,FIRST_TOUCH,19979,2026-06-09T19:01:00.000,50,43,84,29762,29776,254,,0,1,first_touch,LONG,2.189655,0.199529,0.933333,98.94,17,5,,0,0,
212,ZONE_INVALIDATED,19979,2026-06-09T19:01:00.000,50,43,84,29762,29776,254,,0,1,close_through_down,LONG,2.189655,0.199529,0.933333,98.94,17,5,19979,2,27,STOP
213,FIRST_TOUCH,20104,2026-06-09T21:06:00.000,50,44,85,29814,29825,1654,,0,1,first_touch,SHORT,2.017073,0.538938,0.916667,90.42,8,2,,0,0,
214,ZONE_CREATED,20138,2026-06-09T21:40:00.000,50,5,86,29738,29743,40,25,20,0,OFF_PRICE,SHORT,1.6,0.236686,0.833333,79.58,3,1,,0,0,
215,FIRST_TOUCH,20139,2026-06-09T21:41:00.000,50,5,86,29738,29743,40,,0,1,first_touch,SHORT,1.6,0.236686,0.833333,79.58,3,1,,0,0,
216,ZONE_INVALIDATED,20148,2026-06-09T21:50:00.000,50,5,86,29738,29743,40,,0,2,close_through_up,SHORT,1.6,0.236686,0.833333,79.58,3,1,20139,15,1,TARGET
217,ZONE_CREATED,20158,2026-06-09T22:00:00.000,50,5,87,29756,29759,39,25,20,0,OFF_PRICE,LONG,1.56,0.171053,1,93.05,14,2,,0,0,
218,FIRST_TOUCH,20189,2026-06-09T22:31:00.000,50,5,87,29756,29759,39,,0,1,first_touch,LONG,1.56,0.171053,1,93.05,14,2,,0,0,
219,ZONE_INVALIDATED,20222,2026-06-09T23:04:00.000,50,5,87,29756,29759,39,,0,5,close_through_down,LONG,1.56,0.171053,1,93.05,14,2,20189,21,2,TARGET
220,ZONE_CREATED,20578,2026-06-10T05:11:00.000,50,20,88,29689,29694,72,43,24,0,OFF_PRICE,LONG,1.674419,0.27907,1,80.83,2,1,,0,0,
221,FIRST_TOUCH,20580,2026-06-10T05:13:00.000,50,20,88,29689,29694,72,,0,1,first_touch,LONG,1.674419,0.27907,1,80.83,2,1,,0,0,
222,ZONE_INVALIDATED,20580,2026-06-10T05:13:00.000,50,20,88,29689,29694,72,,0,1,close_through_down,LONG,1.674419,0.27907,1,80.83,2,1,20580,2,16,STOP
223,ZONE_CREATED,20588,2026-06-10T05:21:00.000,50,20,89,29663,29674,375,43,24,0,OFF_PRICE,SHORT,8.72093,0.715649,1,94.17,10,2,,0,0,
224,FIRST_TOUCH,20590,2026-06-10T05:23:00.000,50,20,89,29663,29674,375,,0,1,first_touch,SHORT,8.72093,0.715649,1,94.17,10,2,,0,0,
225,ZONE_CREATED,20718,2026-06-10T07:31:00.000,50,25,90,29570,29580,114,59,20,0,OFF_PRICE,LONG,1.932203,0.57868,1,93.33,20,1,,0,0,
226,FIRST_TOUCH,20723,2026-06-10T07:36:00.000,50,25,90,29570,29580,114,,0,1,first_touch,LONG,1.932203,0.57868,1,93.33,20,1,,0,0,
227,AT_PRICE_CREATED,20728,2026-06-10T07:41:00.000,50,25,91,29595,29605,194,59,20,0,AT_PRICE,NEUTRAL,3.288136,0.847162,0.909091,80.3,0,2,,0,0,
228,ZONE_INVALIDATED,20751,2026-06-10T08:04:00.000,50,25,90,29570,29580,114,,0,2,close_through_down,LONG,1.932203,0.57868,1,93.33,20,1,20723,12,2,TARGET
229,AT_PRICE_CREATED,20758,2026-06-10T08:11:00.000,50,26,92,29517,29531,534,321,24,0,AT_PRICE,NEUTRAL,1.663551,0.308671,1,78.33,0,1,,0,0,
230,AT_PRICE_CREATED,20778,2026-06-10T08:31:00.000,50,27,93,29479,29507,593,79,26,0,AT_PRICE,NEUTRAL,7.506329,0.539581,0.965517,81.15,0,2,,0,0,
231,AT_PRICE_CREATED,20808,2026-06-10T09:01:00.000,50,28,94,29524,29533,195,49,25,0,AT_PRICE,NEUTRAL,3.979592,0.691489,1,85,0,3,,0,0,
232,ZONE_CREATED,20818,2026-06-10T09:11:00.000,50,28,95,29536,29543,204,49,25,0,OFF_PRICE,LONG,4.163265,0.420619,0.875,85.63,2,4,,0,0,
233,FIRST_TOUCH,20819,2026-06-10T09:12:00.000,50,28,95,29536,29543,204,,0,1,first_touch,LONG,4.163265,0.420619,0.875,85.63,2,4,,0,0,
234,ZONE_INVALIDATED,20823,2026-06-10T09:16:00.000,50,28,95,29536,29543,204,,0,4,close_through_down,LONG,4.163265,0.420619,0.875,85.63,2,4,20819,39,6,TARGET
235,ZONE_CREATED,20828,2026-06-10T09:21:00.000,50,28,96,29543,29549,162,49,25,0,OFF_PRICE,LONG,3.306122,0.21372,0.857143,89.11,5,5,,0,0,
236,FIRST_TOUCH,20830,2026-06-10T09:23:00.000,50,28,96,29543,29549,162,,0,1,first_touch,LONG,3.306122,0.21372,0.857143,89.11,5,5,,0,0,
237,ZONE_INVALIDATED,20831,2026-06-10T09:24:00.000,50,28,96,29543,29549,162,,0,2,close_through_down,LONG,3.306122,0.21372,0.857143,89.11,5,5,20830,9,13,STOP
238,ZONE_CREATED,20838,2026-06-10T09:31:00.000,50,29,97,29541,29544,68,49,33,0,OFF_PRICE,LONG,1.387755,0.084894,0.75,74,90,6,,0,0,
239,ZONE_INVALIDATED,20841,2026-06-10T09:34:00.000,50,20,89,29663,29674,375,,0,10,close_through_up,SHORT,8.72093,0.715649,1,94.17,10,2,20590,11,11,STOP
240,AT_PRICE_CREATED,20848,2026-06-10T09:41:00.000,50,29,98,29655,29660,204,49,33,0,AT_PRICE,NEUTRAL,4.163265,0.126551,0.833333,66.65,0,1,,0,0,
241,AT_PRICE_CREATED,20858,2026-06-10T09:51:00.000,50,29,99,29692,29702,373,49,33,0,AT_PRICE,NEUTRAL,7.612245,0.358999,0.909091,80.3,0,2,,0,0,
242,AT_PRICE_CREATED,20898,2026-06-10T10:31:00.000,50,31,100,29663,29669,321,181,53,0,AT_PRICE,NEUTRAL,1.773481,0.373256,1,85,0,3,,0,0,
243,ZONE_CREATED,20908,2026-06-10T10:41:00.000,50,31,101,29639,29655,602,181,53,0,OFF_PRICE,LONG,3.325967,0.247329,0.882353,98.24,52,3,,0,0,
244,ZONE_CREATED,20918,2026-06-10T10:51:00.000,50,31,102,29755,29775,816,181,53,0,OFF_PRICE,SHORT,4.508287,0.376557,1,93.33,12,1,,0,0,
245,FIRST_TOUCH,20922,2026-06-10T10:55:00.000,50,31,102,29755,29775,816,,0,1,first_touch,SHORT,4.508287,0.376557,1,93.33,12,1,,0,0,
246,ZONE_INVALIDATED,20924,2026-06-10T10:57:00.000,50,31,102,29755,29775,816,,0,3,close_through_up,SHORT,4.508287,0.376557,1,93.33,12,1,20922,30,6,TARGET
247,AT_PRICE_CREATED,20928,2026-06-10T11:01:00.000,50,32,103,29742,29749,350,231,51,0,AT_PRICE,NEUTRAL,1.515152,0.228311,1,81.67,0,2,,0,0,
248,AT_PRICE_CREATED,20938,2026-06-10T11:11:00.000,50,32,104,29787,29796,364,231,51,0,AT_PRICE,NEUTRAL,1.575758,0.279355,0.9,80.17,0,2,,0,0,
249,ZONE_INVALIDATED,20941,2026-06-10T11:14:00.000,50,44,85,29814,29825,1654,,0,8,close_through_up,SHORT,2.017073,0.538938,0.916667,90.42,8,2,20104,21,3,TARGET
250,ZONE_CREATED,20968,2026-06-10T11:41:00.000,50,33,105,29772,29784,257,201,51,0,OFF_PRICE,LONG,1.278607,0.300585,0.846154,82.19,24,4,,0,0,
251,FIRST_TOUCH,20971,2026-06-10T11:44:00.000,50,33,105,29772,29784,257,,0,1,first_touch,LONG,1.278607,0.300585,0.846154,82.19,24,4,,0,0,
252,ZONE_INVALIDATED,20972,2026-06-10T11:45:00.000,50,33,105,29772,29784,257,,0,2,close_through_down,LONG,1.278607,0.300585,0.846154,82.19,24,4,20971,12,5,TARGET
253,ZONE_CREATED,20978,2026-06-10T11:51:00.000,50,33,106,29720,29733,252,201,51,0,OFF_PRICE,LONG,1.253731,0.226009,0.857143,75.62,8,4,,0,0,
254,FIRST_TOUCH,20979,2026-06-10T11:52:00.000,50,33,106,29720,29733,252,,0,1,first_touch,LONG,1.253731,0.226009,0.857143,75.62,8,4,,0,0,
255,ZONE_INVALIDATED,20980,2026-06-10T11:53:00.000,50,33,106,29720,29733,252,,0,1,close_through_down,LONG,1.253731,0.226009,0.857143,75.62,8,4,20979,21,19,AMBIGUOUS
256,FIRST_TOUCH,20984,2026-06-10T11:57:00.000,50,31,101,29639,29655,602,,0,1,first_touch,LONG,3.325967,0.247329,0.882353,98.24,52,3,,0,0,
257,ZONE_INVALIDATED,20985,2026-06-10T11:58:00.000,50,31,101,29639,29655,602,,0,2,close_through_down,LONG,3.325967,0.247329,0.882353,98.24,52,3,20984,19,5,TARGET
258,ZONE_CREATED,20988,2026-06-10T12:01:00.000,50,34,107,29619,29633,458,204,47,0,OFF_PRICE,SHORT,2.245098,0.274416,0.933333,85.25,1,4,,0,0,
259,FIRST_TOUCH,20989,2026-06-10T12:02:00.000,50,34,107,29619,29633,458,,0,1,first_touch,SHORT,2.245098,0.274416,0.933333,85.25,1,4,,0,0,
260,ZONE_INVALIDATED,20989,2026-06-10T12:02:00.000,50,34,107,29619,29633,458,,0,1,close_through_up,SHORT,2.245098,0.274416,0.933333,85.25,1,4,20989,4,70,STOP
261,ZONE_CREATED,20998,2026-06-10T12:11:00.000,50,34,108,29677,29688,252,204,47,0,OFF_PRICE,SHORT,1.235294,0.232472,0.916667,80.22,91,5,,0,0,
262,FIRST_TOUCH,21003,2026-06-10T12:16:00.000,50,29,97,29541,29544,68,,0,1,first_touch,LONG,1.387755,0.084894,0.75,74,90,6,,0,0,
263,ZONE_INVALIDATED,21003,2026-06-10T12:16:00.000,50,29,97,29541,29544,68,,0,1,close_through_down,LONG,1.387755,0.084894,0.75,74,90,6,21003,10,24,STOP
264,ZONE_CREATED,21008,2026-06-10T12:21:00.000,50,34,109,29539,29546,504,204,47,0,OFF_PRICE,LONG,2.470588,0.221733,0.625,93.13,11,5,,0,0,
265,FIRST_TOUCH,21026,2026-06-10T12:39:00.000,50,34,109,29539,29546,504,,0,1,first_touch,LONG,2.470588,0.221733,0.625,93.13,11,5,,0,0,
266,ZONE_INVALIDATED,21036,2026-06-10T12:49:00.000,50,34,109,29539,29546,504,,0,4,close_through_down,LONG,2.470588,0.221733,0.625,93.13,11,5,21026,25,7,TARGET
267,ZONE_CREATED,21058,2026-06-10T13:11:00.000,50,36,110,29571,29581,511,450,39,0,OFF_PRICE,SHORT,1.135556,0.386536,0.909091,69.79,43,2,,0,0,
268,FIRST_TOUCH,21082,2026-06-10T13:35:00.000,50,36,110,29571,29581,511,,0,1,first_touch,SHORT,1.135556,0.386536,0.909091,69.79,43,2,,0,0,
269,ZONE_INVALIDATED,21082,2026-06-10T13:35:00.000,50,36,110,29571,29581,511,,0,1,close_through_up,SHORT,1.135556,0.386536,0.909091,69.79,43,2,21082,35,17,AMBIGUOUS
270,FIRST_TOUCH,21144,2026-06-10T14:37:00.000,50,38,74,29435,29454,516,,0,1,first_touch,LONG,4.486957,0.548936,0.75,96.25,18,3,,0,0,
271,ZONE_CREATED,21168,2026-06-10T15:01:00.000,50,40,111,29536,29544,128,128,35,0,OFF_PRICE,LONG,1,0.24381,0.777778,61.67,13,3,,0,0,
272,FIRST_TOUCH,21176,2026-06-10T15:09:00.000,50,40,111,29536,29544,128,,0,1,first_touch,LONG,1,0.24381,0.777778,61.67,13,3,,0,0,
273,ZONE_INVALIDATED,21185,2026-06-10T15:18:00.000,50,40,111,29536,29544,128,,0,4,close_through_down,LONG,1,0.24381,0.777778,61.67,13,3,21176,28,2,TARGET
274,ZONE_CREATED,21208,2026-06-10T15:41:00.000,50,41,112,29472,29486,292,210,38,0,OFF_PRICE,SHORT,1.390476,0.499145,0.8,80.17,10,1,,0,0,
275,FIRST_TOUCH,21209,2026-06-10T15:42:00.000,50,41,112,29472,29486,292,,0,1,first_touch,SHORT,1.390476,0.499145,0.8,80.17,10,1,,0,0,
276,ZONE_INVALIDATED,21218,2026-06-10T15:51:00.000,50,38,74,29435,29454,516,,0,19,close_through_down,LONG,4.486957,0.548936,0.75,96.25,18,3,21144,18,3,TARGET
277,ZONE_CREATED,21218,2026-06-10T15:51:00.000,50,41,113,29448,29460,294,210,38,0,OFF_PRICE,SHORT,1.4,0.412342,0.846154,87.36,39,2,,0,0,
278,FIRST_TOUCH,21235,2026-06-10T16:08:00.000,50,41,113,29448,29460,294,,0,1,first_touch,SHORT,1.4,0.412342,0.846154,87.36,39,2,,0,0,
279,ZONE_CREATED,21387,2026-06-10T19:40:00.000,51,1,114,29284,29289,179,95,21,0,OFF_PRICE,LONG,1.884211,0.502809,1,92.08,11,1,,0,0,
280,FIRST_TOUCH,21389,2026-06-10T19:42:00.000,51,1,114,29284,29289,179,,0,1,first_touch,LONG,1.884211,0.502809,1,92.08,11,1,,0,0,
281,ZONE_INVALIDATED,21392,2026-06-10T19:45:00.000,51,1,114,29284,29289,179,,0,4,close_through_down,LONG,1.884211,0.502809,1,92.08,11,1,21389,9,23,STOP
282,ZONE_CREATED,21447,2026-06-10T20:40:00.000,51,3,115,29264,29268,103,38,23,0,OFF_PRICE,SHORT,2.710526,0.202756,0.8,84.92,5,2,,0,0,
283,FIRST_TOUCH,21448,2026-06-10T20:41:00.000,51,3,115,29264,29268,103,,0,1,first_touch,SHORT,2.710526,0.202756,0.8,84.92,5,2,,0,0,
284,ZONE_INVALIDATED,21448,2026-06-10T20:41:00.000,51,3,115,29264,29268,103,,0,1,close_through_up,SHORT,2.710526,0.202756,0.8,84.92,5,2,21448,7,5,
285,AT_PRICE_CREATED,21457,2026-06-10T20:50:00.000,51,3,116,29259,29264,93,38,23,0,AT_PRICE,NEUTRAL,2.447368,0.223558,0.833333,82.5,0,3,,0,0,
286,ZONE_CREATED,21467,2026-06-10T21:00:00.000,51,3,117,29253,29260,76,38,23,0,OFF_PRICE,SHORT,2,0.337778,0.75,95,11,4,,0,0,
287,FIRST_TOUCH,21468,2026-06-10T21:01:00.000,51,3,117,29253,29260,76,,0,1,first_touch,SHORT,2,0.337778,0.75,95,11,4,,0,0,
288,ZONE_INVALIDATED,21468,2026-06-10T21:01:00.000,51,3,117,29253,29260,76,,0,1,close_through_up,SHORT,2,0.337778,0.75,95,11,4,21468,16,10,AMBIGUOUS
289,ZONE_CREATED,21507,2026-06-10T21:40:00.000,51,5,118,29294,29295,58,40,23,0,OFF_PRICE,SHORT,1.45,0.18239,1,81.8,2,5,,0,0,
290,FIRST_TOUCH,21508,2026-06-10T21:41:00.000,51,5,118,29294,29295,58,,0,1,first_touch,SHORT,1.45,0.18239,1,81.8,2,5,,0,0,
291,ZONE_INVALIDATED,21509,2026-06-10T21:42:00.000,51,5,118,29294,29295,58,,0,2,close_through_up,SHORT,1.45,0.18239,1,81.8,2,5,21508,5,22,STOP
292,ZONE_CREATED,21517,2026-06-10T21:51:00.000,51,5,119,29329,29338,53,40,23,0,OFF_PRICE,LONG,1.325,0.317365,0.8,73.92,6,2,,0,0,
293,FIRST_TOUCH,21518,2026-06-10T21:52:00.000,51,5,119,29329,29338,53,,0,1,first_touch,LONG,1.325,0.317365,0.8,73.92,6,2,,0,0,
294,ZONE_INVALIDATED,21550,2026-06-10T22:25:00.000,51,41,113,29448,29460,294,,0,12,close_through_up,SHORT,1.4,0.412342,0.846154,87.36,39,2,21235,17,1,TARGET
295,ZONE_INVALIDATED,21743,2026-06-11T01:39:00.000,51,41,112,29472,29486,292,,0,10,close_through_up,SHORT,1.390476,0.499145,0.8,80.17,10,1,21209,14,7,TARGET
296,ZONE_CREATED,21827,2026-06-11T03:07:00.000,51,16,120,29439,29445,95,56,21,0,OFF_PRICE,SHORT,1.696429,0.301587,1,93.33,15,1,,0,0,
297,FIRST_TOUCH,21829,2026-06-11T03:09:00.000,51,16,120,29439,29445,95,,0,1,first_touch,SHORT,1.696429,0.301587,1,93.33,15,1,,0,0,
298,ZONE_INVALIDATED,21831,2026-06-11T03:11:00.000,51,16,120,29439,29445,95,,0,2,close_through_up,SHORT,1.696429,0.301587,1,93.33,15,1,21829,12,1,TARGET
299,ZONE_CREATED,21887,2026-06-11T04:07:00.000,51,18,121,29511,29514,81,57,26,0,OFF_PRICE,SHORT,1.421053,0.315175,0.75,80.31,9,1,,0,0,
300,FIRST_TOUCH,21890,2026-06-11T04:10:00.000,51,18,121,29511,29514,81,,0,1,first_touch,SHORT,1.421053,0.315175,0.75,80.31,9,1,,0,0,
301,ZONE_INVALIDATED,21891,2026-06-11T04:11:00.000,51,18,121,29511,29514,81,,0,2,close_through_up,SHORT,1.421053,0.315175,0.75,80.31,9,1,21890,9,9,STOP
302,ZONE_CREATED,21897,2026-06-11T04:17:00.000,51,18,122,29509,29513,75,57,26,0,OFF_PRICE,LONG,1.315789,0.309917,1,83.77,15,2,,0,0,
303,ZONE_CREATED,21907,2026-06-11T04:27:00.000,51,18,123,29551,29557,94,57,26,0,OFF_PRICE,SHORT,1.649123,0.423423,0.857143,91.19,14,1,,0,0,
304,FIRST_TOUCH,21910,2026-06-11T04:30:00.000,51,18,123,29551,29557,94,,0,1,first_touch,SHORT,1.649123,0.423423,0.857143,91.19,14,1,,0,0,
305,ZONE_INVALIDATED,21913,2026-06-11T04:33:00.000,51,18,123,29551,29557,94,,0,4,close_through_up,SHORT,1.649123,0.423423,0.857143,91.19,14,1,21910,8,9,STOP
306,FIRST_TOUCH,22203,2026-06-11T09:23:00.000,51,18,122,29509,29513,75,,0,1,first_touch,LONG,1.315789,0.309917,1,83.77,15,2,,0,0,
307,ZONE_INVALIDATED,22203,2026-06-11T09:23:00.000,51,18,122,29509,29513,75,,0,1,close_through_down,LONG,1.315789,0.309917,1,83.77,15,2,22203,31,70,AMBIGUOUS
308,AT_PRICE_CREATED,22207,2026-06-11T09:27:00.000,51,28,124,29451,29491,1405,204,28,0,AT_PRICE,NEUTRAL,6.887255,0.579381,0.95122,77.6,0,1,,0,0,
309,ZONE_CREATED,22217,2026-06-11T09:37:00.000,51,29,125,29416,29430,552,373,34,0,OFF_PRICE,LONG,1.479893,0.355212,1,88.18,9,1,,0,0,
310,FIRST_TOUCH,22218,2026-06-11T09:38:00.000,51,29,125,29416,29430,552,,0,1,first_touch,LONG,1.479893,0.355212,1,88.18,9,1,,0,0,
311,ZONE_CREATED,22237,2026-06-11T09:57:00.000,51,29,126,29499,29502,407,373,34,0,OFF_PRICE,LONG,1.091153,0.239271,1,56.8,3,2,,0,0,
312,FIRST_TOUCH,22238,2026-06-11T09:58:00.000,51,29,126,29499,29502,407,,0,1,first_touch,LONG,1.091153,0.239271,1,56.8,3,2,,0,0,
313,ZONE_INVALIDATED,22238,2026-06-11T09:58:00.000,51,29,126,29499,29502,407,,0,1,close_through_down,LONG,1.091153,0.239271,1,56.8,3,2,22238,10,11,STOP
314,ZONE_CREATED,22257,2026-06-11T10:17:00.000,51,30,127,29474,29480,226,116,32,0,OFF_PRICE,LONG,1.948276,0.529274,0.857143,85.36,2,3,,0,0,
315,FIRST_TOUCH,22258,2026-06-11T10:18:00.000,51,30,127,29474,29480,226,,0,1,first_touch,LONG,1.948276,0.529274,0.857143,85.36,2,3,,0,0,
316,ZONE_INVALIDATED,22271,2026-06-11T10:31:00.000,51,30,127,29474,29480,226,,0,13,close_through_down,LONG,1.948276,0.529274,0.857143,85.36,2,3,22258,4,8,STOP
317,ZONE_INVALIDATED,22276,2026-06-11T10:36:00.000,51,29,125,29416,29430,552,,0,7,close_through_down,LONG,1.479893,0.355212,1,88.18,9,1,22218,24,4,TARGET
318,ZONE_CREATED,22287,2026-06-11T10:47:00.000,51,31,128,29387,29397,1116,602,54,0,OFF_PRICE,LONG,1.853821,0.18532,1,94.83,109,2,,0,0,
319,ZONE_CREATED,22307,2026-06-11T11:07:00.000,51,32,129,29528,29532,423,364,53,0,OFF_PRICE,LONG,1.162088,0.123576,1,63.46,20,2,,0,0,
320,FIRST_TOUCH,22310,2026-06-11T11:10:00.000,51,32,129,29528,29532,423,,0,1,first_touch,LONG,1.162088,0.123576,1,63.46,20,2,,0,0,
321,ZONE_INVALIDATED,22311,2026-06-11T11:11:00.000,51,32,129,29528,29532,423,,0,2,close_through_down,LONG,1.162088,0.123576,1,63.46,20,2,22310,21,16,AMBIGUOUS
322,ZONE_CREATED,22317,2026-06-11T11:17:00.000,51,32,130,29436,29465,2164,364,53,0,OFF_PRICE,SHORT,5.945055,0.525498,1,100,28,4,,0,0,
323,FIRST_TOUCH,22318,2026-06-11T11:18:00.000,51,32,130,29436,29465,2164,,0,1,first_touch,SHORT,5.945055,0.525498,1,100,28,4,,0,0,
324,ZONE_INVALIDATED,22324,2026-06-11T11:24:00.000,51,32,130,29436,29465,2164,,0,5,close_through_up,SHORT,5.945055,0.525498,1,100,28,4,22318,31,10,AMBIGUOUS
325,ZONE_CREATED,22327,2026-06-11T11:27:00.000,51,32,131,29494,29505,1608,364,53,0,OFF_PRICE,SHORT,4.417582,0.315727,1,100,31,5,,0,0,
326,FIRST_TOUCH,22331,2026-06-11T11:31:00.000,51,32,131,29494,29505,1608,,0,1,first_touch,SHORT,4.417582,0.315727,1,100,31,5,,0,0,
327,ZONE_CREATED,22337,2026-06-11T11:49:00.000,51,33,132,29440,29452,1687,257,52,0,OFF_PRICE,LONG,6.564202,0.442434,0.923077,87.6,3,5,,0,0,
328,FIRST_TOUCH,22338,2026-06-11T11:50:00.000,51,33,132,29440,29452,1687,,0,1,first_touch,LONG,6.564202,0.442434,0.923077,87.6,3,5,,0,0,
329,ZONE_INVALIDATED,22339,2026-06-11T11:51:00.000,51,33,132,29440,29452,1687,,0,2,close_through_down,LONG,6.564202,0.442434,0.923077,87.6,3,5,22338,19,8,AMBIGUOUS
330,FIRST_TOUCH,22344,2026-06-11T11:56:00.000,51,31,128,29387,29397,1116,,0,1,first_touch,LONG,1.853821,0.18532,1,94.83,109,2,,0,0,
331,ZONE_INVALIDATED,22344,2026-06-11T11:56:00.000,51,31,128,29387,29397,1116,,0,1,close_through_down,LONG,1.853821,0.18532,1,94.83,109,2,22344,18,25,AMBIGUOUS
332,ZONE_CREATED,22347,2026-06-11T11:59:00.000,51,33,133,29423,29437,1054,257,52,0,OFF_PRICE,SHORT,4.101167,0.257765,1,100,91,5,,0,0,
333,ZONE_INVALIDATED,22349,2026-06-11T12:01:00.000,51,5,119,29329,29338,53,,0,5,close_through_down,LONG,1.325,0.317365,0.8,73.92,6,2,21518,15,7,TARGET
334,ZONE_CREATED,22357,2026-06-11T12:09:00.000,51,34,134,29329,29346,1823,504,48,0,OFF_PRICE,LONG,3.617063,0.374563,0.944444,92.5,45,1,,0,0,
335,FIRST_TOUCH,22361,2026-06-11T12:13:00.000,51,33,133,29423,29437,1054,,0,1,first_touch,SHORT,4.101167,0.257765,1,100,91,5,,0,0,
336,ZONE_INVALIDATED,22364,2026-06-11T12:16:00.000,51,33,133,29423,29437,1054,,0,4,close_through_up,SHORT,4.101167,0.257765,1,100,91,5,22361,30,8,AMBIGUOUS
337,ZONE_CREATED,22377,2026-06-11T12:29:00.000,51,34,135,29434,29439,539,504,48,0,OFF_PRICE,SHORT,1.069444,0.212959,0.833333,66.11,11,6,,0,0,
338,FIRST_TOUCH,22381,2026-06-11T12:33:00.000,51,34,135,29434,29439,539,,0,1,first_touch,SHORT,1.069444,0.212959,0.833333,66.11,11,6,,0,0,
339,ZONE_INVALIDATED,22385,2026-06-11T12:37:00.000,51,34,135,29434,29439,539,,0,3,close_through_up,SHORT,1.069444,0.212959,0.833333,66.11,11,6,22381,29,0,TARGET
340,ZONE_INVALIDATED,22420,2026-06-11T13:12:00.000,51,32,131,29494,29505,1608,,0,5,close_through_up,SHORT,4.417582,0.315727,1,100,31,5,22331,53,3,TARGET
341,AT_PRICE_CREATED,22427,2026-06-11T13:19:00.000,51,36,136,29507,29519,1416,511,40,0,AT_PRICE,NEUTRAL,2.771037,0.49338,0.923077,83.85,0,5,,0,0,
342,AT_PRICE_CREATED,22457,2026-06-11T13:49:00.000,51,37,137,29460,29470,699,580,41,0,AT_PRICE,NEUTRAL,1.205172,0.549961,0.909091,63,0,7,,0,0,
343,FIRST_TOUCH,22472,2026-06-11T14:04:00.000,51,34,134,29329,29346,1823,,0,1,first_touch,LONG,3.617063,0.374563,0.944444,92.5,45,1,,0,0,
344,ZONE_CREATED,22497,2026-06-11T14:29:00.000,51,38,138,29333,29368,2361,588,42,0,OFF_PRICE,LONG,4.015306,0.480269,0.972222,96.25,137,2,,0,0,
345,FIRST_TOUCH,22499,2026-06-11T14:31:00.000,51,34,108,29677,29688,252,,0,1,first_touch,SHORT,1.235294,0.232472,0.916667,80.22,91,5,,0,0,
346,ZONE_INVALIDATED,22502,2026-06-11T14:34:00.000,51,34,108,29677,29688,252,,0,3,close_through_up,SHORT,1.235294,0.232472,0.916667,80.22,91,5,22499,51,54,AMBIGUOUS
347,AT_PRICE_CREATED,22507,2026-06-11T14:39:00.000,51,39,139,29652,29709,10337,229,40,0,AT_PRICE,NEUTRAL,45.139738,0.640022,1,78.33,0,1,,0,0,
348,AT_PRICE_CREATED,22517,2026-06-11T14:49:00.000,51,39,140,29723,29742,2501,229,40,0,AT_PRICE,NEUTRAL,10.921397,0.33205,0.8,75.33,0,1,,0,0,
349,ZONE_CREATED,22537,2026-06-11T15:09:00.000,51,40,141,29721,29731,795,128,37,0,OFF_PRICE,SHORT,6.210938,0.176471,0.909091,92.36,67,2,,0,0,
350,FIRST_TOUCH,22544,2026-06-11T15:16:00.000,51,40,141,29721,29731,795,,0,1,first_touch,SHORT,6.210938,0.176471,0.909091,92.36,67,2,,0,0,
351,ZONE_INVALIDATED,22545,2026-06-11T15:17:00.000,51,40,141,29721,29731,795,,0,2,close_through_up,SHORT,6.210938,0.176471,0.909091,92.36,67,2,22544,30,3,TARGET
352,ZONE_CREATED,22547,2026-06-11T15:19:00.000,51,40,142,29684,29689,270,128,37,0,OFF_PRICE,LONG,2.109375,0.110114,1,88.76,48,3,,0,0,
353,FIRST_TOUCH,22551,2026-06-11T15:23:00.000,51,40,142,29684,29689,270,,0,1,first_touch,LONG,2.109375,0.110114,1,88.76,48,3,,0,0,
354,AT_PRICE_CREATED,22557,2026-06-11T15:29:00.000,51,40,143,29687,29714,3388,128,37,0,AT_PRICE,NEUTRAL,26.46875,0.73381,1,85,0,5,,0,0,
355,ZONE_CREATED,22567,2026-06-11T15:39:00.000,51,41,144,29711,29720,992,294,40,0,OFF_PRICE,SHORT,3.37415,0.48723,1,90,4,6,,0,0,
356,FIRST_TOUCH,22571,2026-06-11T15:43:00.000,51,41,144,29711,29720,992,,0,1,first_touch,SHORT,3.37415,0.48723,1,90,4,6,,0,0,
357,ZONE_INVALIDATED,22572,2026-06-11T15:44:00.000,51,41,144,29711,29720,992,,0,2,close_through_up,SHORT,3.37415,0.48723,1,90,4,6,22571,14,3,TARGET
358,ZONE_CREATED,22577,2026-06-11T15:49:00.000,51,41,145,29740,29748,670,294,40,0,OFF_PRICE,LONG,2.278912,0.235832,0.777778,89.17,6,4,,0,0,
359,FIRST_TOUCH,22584,2026-06-11T15:56:00.000,51,41,145,29740,29748,670,,0,1,first_touch,LONG,2.278912,0.235832,0.777778,89.17,6,4,,0,0,
360,ZONE_INVALIDATED,22584,2026-06-11T15:56:00.000,51,41,145,29740,29748,670,,0,1,close_through_down,LONG,2.278912,0.235832,0.777778,89.17,6,4,22584,9,14,STOP
361,AT_PRICE_CREATED,22587,2026-06-11T15:59:00.000,51,41,146,29754,29763,1281,294,40,0,AT_PRICE,NEUTRAL,4.357143,0.547904,1,85,0,4,,0,0,
362,ZONE_CREATED,22597,2026-06-11T16:09:00.000,51,42,147,29740,29750,1230,208,37,0,OFF_PRICE,LONG,5.913462,0.295815,0.818182,91.02,7,6,,0,0,
363,AT_PRICE_CREATED,22607,2026-06-11T16:19:00.000,51,42,148,29800,29806,1143,208,37,0,AT_PRICE,NEUTRAL,5.495192,0.262397,1,78.33,0,1,,0,0,
364,ZONE_CREATED,22617,2026-06-11T16:29:00.000,51,42,149,29815,29825,1970,208,37,0,OFF_PRICE,LONG,9.471154,0.598057,1,96.67,25,2,,0,0,
365,AT_PRICE_CREATED,22627,2026-06-11T16:39:00.000,51,43,150,29893,29920,5677,254,41,0,AT_PRICE,NEUTRAL,22.350394,0.715889,1,78.33,0,1,,0,0,
366,FIRST_TOUCH,22639,2026-06-11T16:51:00.000,51,42,149,29815,29825,1970,,0,1,first_touch,LONG,9.471154,0.598057,1,96.67,25,2,,0,0,
367,ZONE_CREATED,22657,2026-06-11T17:09:00.000,51,44,151,29823,29848,11469,1654,36,0,OFF_PRICE,LONG,6.934099,0.855959,1,100,19,3,,0,0,
368,FIRST_TOUCH,22676,2026-06-11T17:28:00.000,51,44,151,29823,29848,11469,,0,1,first_touch,LONG,6.934099,0.855959,1,100,19,3,,0,0,
369,ZONE_INVALIDATED,22693,2026-06-11T17:45:00.000,51,44,151,29823,29848,11469,,0,13,close_through_down,LONG,6.934099,0.855959,1,100,19,3,22676,15,3,TARGET
370,AT_PRICE_CREATED,22697,2026-06-11T17:49:00.000,51,45,152,29816,29821,424,273,22,0,AT_PRICE,NEUTRAL,1.553114,0.673016,1,85,0,4,,0,0,
371,ZONE_CREATED,22838,2026-06-11T21:10:00.000,52,4,153,29906,29913,230,119,27,0,OFF_PRICE,SHORT,1.932773,0.325318,0.875,81.46,4,1,,0,0,
372,FIRST_TOUCH,22839,2026-06-11T21:11:00.000,52,4,153,29906,29913,230,,0,1,first_touch,SHORT,1.932773,0.325318,0.875,81.46,4,1,,0,0,
373,ZONE_INVALIDATED,22854,2026-06-11T21:26:00.000,52,4,153,29906,29913,230,,0,4,close_through_up,SHORT,1.932773,0.325318,0.875,81.46,4,1,22839,14,3,TARGET
374,AT_PRICE_CREATED,22888,2026-06-11T22:00:00.000,52,5,154,29899,29904,101,58,25,0,AT_PRICE,NEUTRAL,1.741379,0.301493,0.666667,76.67,0,2,,0,0,
375,ZONE_CREATED,22898,2026-06-11T22:10:00.000,52,6,155,29877,29881,203,178,27,0,OFF_PRICE,LONG,1.140449,0.331699,1,64.83,4,3,,0,0,
376,FIRST_TOUCH,22899,2026-06-11T22:11:00.000,52,6,155,29877,29881,203,,0,1,first_touch,LONG,1.140449,0.331699,1,64.83,4,3,,0,0,
377,ZONE_INVALIDATED,22899,2026-06-11T22:11:00.000,52,6,155,29877,29881,203,,0,1,close_through_down,LONG,1.140449,0.331699,1,64.83,4,3,22899,2,5,
378,ZONE_CREATED,22948,2026-06-11T23:00:00.000,52,7,156,29872,29878,112,96,29,0,OFF_PRICE,LONG,1.166667,0.398577,0.714286,71.13,11,4,,0,0,
379,FIRST_TOUCH,22976,2026-06-11T23:28:00.000,52,7,156,29872,29878,112,,0,1,first_touch,LONG,1.166667,0.398577,0.714286,71.13,11,4,,0,0,
380,ZONE_INVALIDATED,22984,2026-06-11T23:36:00.000,52,7,156,29872,29878,112,,0,9,close_through_down,LONG,1.166667,0.398577,0.714286,71.13,11,4,22976,5,9,STOP
381,AT_PRICE_CREATED,23118,2026-06-12T01:50:00.000,52,13,157,29883,29888,97,75,20,0,AT_PRICE,NEUTRAL,1.293333,0.687943,0.833333,64.7,0,2,,0,0,
382,AT_PRICE_CREATED,23158,2026-06-12T02:30:00.000,52,14,158,29888,29890,155,131,20,0,AT_PRICE,NEUTRAL,1.183206,0.54007,1,59.49,0,2,,0,0,
383,ZONE_CREATED,23168,2026-06-12T02:40:00.000,52,15,159,29869,29876,183,58,20,0,OFF_PRICE,SHORT,3.155172,0.318815,0.875,98.13,18,3,,0,0,
384,FIRST_TOUCH,23170,2026-06-12T02:42:00.000,52,15,159,29869,29876,183,,0,1,first_touch,SHORT,3.155172,0.318815,0.875,98.13,18,3,,0,0,
385,ZONE_INVALIDATED,23179,2026-06-12T02:51:00.000,52,42,149,29815,29825,1970,,0,21,close_through_down,LONG,9.471154,0.598057,1,96.67,25,2,22639,31,5,TARGET
386,ZONE_CREATED,23188,2026-06-12T03:00:00.000,52,15,160,29827,29828,110,58,20,0,OFF_PRICE,SHORT,1.896552,0.104862,1,76.44,8,1,,0,0,
387,FIRST_TOUCH,23189,2026-06-12T03:01:00.000,52,15,160,29827,29828,110,,0,1,first_touch,SHORT,1.896552,0.104862,1,76.44,8,1,,0,0,
388,ZONE_INVALIDATED,23191,2026-06-12T03:03:00.000,52,15,160,29827,29828,110,,0,2,close_through_up,SHORT,1.896552,0.104862,1,76.44,8,1,23189,13,3,TARGET
389,AT_PRICE_CREATED,23198,2026-06-12T03:10:00.000,52,16,161,29844,29846,175,95,23,0,AT_PRICE,NEUTRAL,1.842105,0.216584,1,85,0,3,,0,0,
390,ZONE_CREATED,23238,2026-06-12T03:50:00.000,52,17,162,29806,29810,267,137,21,0,OFF_PRICE,SHORT,1.948905,0.517442,0.8,84.5,2,3,,0,0,
391,FIRST_TOUCH,23239,2026-06-12T03:51:00.000,52,17,162,29806,29810,267,,0,1,first_touch,SHORT,1.948905,0.517442,0.8,84.5,2,3,,0,0,
392,ZONE_CREATED,23258,2026-06-12T04:10:00.000,52,18,163,29773,29778,264,94,28,0,OFF_PRICE,LONG,2.808511,0.269113,0.833333,87.92,7,2,,0,0,
393,FIRST_TOUCH,23259,2026-06-12T04:11:00.000,52,18,163,29773,29778,264,,0,1,first_touch,LONG,2.808511,0.269113,0.833333,87.92,7,2,,0,0,
394,ZONE_INVALIDATED,23262,2026-06-12T04:14:00.000,52,18,163,29773,29778,264,,0,3,close_through_down,LONG,2.808511,0.269113,0.833333,87.92,7,2,23259,12,0,TARGET
395,FIRST_TOUCH,23266,2026-06-12T04:18:00.000,52,42,147,29740,29750,1230,,0,1,first_touch,LONG,5.913462,0.295815,0.818182,91.02,7,6,,0,0,
396,AT_PRICE_CREATED,23268,2026-06-12T04:20:00.000,52,18,164,29759,29763,188,94,28,0,AT_PRICE,NEUTRAL,2,0.229548,0.8,78.67,0,2,,0,0,
397,AT_PRICE_CREATED,23278,2026-06-12T04:30:00.000,52,18,165,29766,29767,399,94,28,0,AT_PRICE,NEUTRAL,4.244681,0.387379,1,85,0,3,,0,0,
398,ZONE_INVALIDATED,23292,2026-06-12T04:44:00.000,52,17,162,29806,29810,267,,0,6,close_through_up,SHORT,1.948905,0.517442,0.8,84.5,2,3,23239,16,3,TARGET
399,ZONE_INVALIDATED,23312,2026-06-12T05:04:00.000,52,15,159,29869,29876,183,,0,6,close_through_up,SHORT,3.155172,0.318815,0.875,98.13,18,3,23170,14,6,TARGET
400,AT_PRICE_CREATED,23318,2026-06-12T05:10:00.000,52,20,166,29886,29894,1321,375,28,0,AT_PRICE,NEUTRAL,3.522667,0.490167,1,85,0,4,,0,0,
401,ZONE_CREATED,23328,2026-06-12T05:20:00.000,52,20,167,29892,29899,433,375,28,0,OFF_PRICE,LONG,1.154667,0.260529,1,75.83,42,4,,0,0,
402,AT_PRICE_CREATED,23338,2026-06-12T05:30:00.000,52,20,168,29932,29940,877,375,28,0,AT_PRICE,NEUTRAL,2.338667,0.550879,1,78.33,0,1,,0,0,
403,FIRST_TOUCH,23346,2026-06-12T05:38:00.000,52,20,167,29892,29899,433,,0,1,first_touch,LONG,1.154667,0.260529,1,75.83,42,4,,0,0,
404,ZONE_CREATED,23348,2026-06-12T05:40:00.000,52,21,169,29939,29941,210,69,25,0,OFF_PRICE,SHORT,3.043478,0.161414,1,91.84,41,2,,0,0,
405,ZONE_INVALIDATED,23349,2026-06-12T05:41:00.000,52,20,167,29892,29899,433,,0,3,close_through_down,LONG,1.154667,0.260529,1,75.83,42,4,23346,11,14,STOP
406,ZONE_CREATED,23358,2026-06-12T05:50:00.000,52,21,170,29885,29892,436,69,25,0,OFF_PRICE,LONG,6.318841,0.471351,1,100,22,5,,0,0,
407,ZONE_CREATED,23368,2026-06-12T06:00:00.000,52,21,171,29917,29922,325,69,25,0,OFF_PRICE,SHORT,4.710145,0.59415,1,93.75,7,6,,0,0,
408,FIRST_TOUCH,23369,2026-06-12T06:01:00.000,52,21,171,29917,29922,325,,0,1,first_touch,SHORT,4.710145,0.59415,1,93.75,7,6,,0,0,
409,ZONE_INVALIDATED,23370,2026-06-12T06:02:00.000,52,21,171,29917,29922,325,,0,2,close_through_up,SHORT,4.710145,0.59415,1,93.75,7,6,23369,6,8,STOP
410,FIRST_TOUCH,23382,2026-06-12T06:14:00.000,52,21,169,29939,29941,210,,0,1,first_touch,SHORT,3.043478,0.161414,1,91.84,41,2,,0,0,
411,ZONE_INVALIDATED,23383,2026-06-12T06:15:00.000,52,21,169,29939,29941,210,,0,2,close_through_up,SHORT,3.043478,0.161414,1,91.84,41,2,23382,10,15,STOP
412,AT_PRICE_CREATED,23388,2026-06-12T06:20:00.000,52,22,172,29962,29980,693,136,28,0,AT_PRICE,NEUTRAL,5.095588,0.614907,0.894737,83.42,0,3,,0,0,
413,AT_PRICE_CREATED,23408,2026-06-12T06:40:00.000,52,23,173,30033,30039,395,140,25,0,AT_PRICE,NEUTRAL,2.821429,0.204346,1,78.33,0,1,,0,0,
414,ZONE_CREATED,23418,2026-06-12T06:50:00.000,52,23,174,30028,30033,281,140,25,0,OFF_PRICE,SHORT,2.007143,0.32904,0.666667,86.67,8,2,,0,0,
415,FIRST_TOUCH,23424,2026-06-12T06:56:00.000,52,23,174,30028,30033,281,,0,1,first_touch,SHORT,2.007143,0.32904,0.666667,86.67,8,2,,0,0,
416,ZONE_CREATED,23428,2026-06-12T07:00:00.000,52,23,175,30013,30014,145,140,25,0,OFF_PRICE,SHORT,1.035714,0.170588,1,53.82,4,3,,0,0,
417,FIRST_TOUCH,23429,2026-06-12T07:01:00.000,52,23,175,30013,30014,145,,0,1,first_touch,SHORT,1.035714,0.170588,1,53.82,4,3,,0,0,
418,ZONE_INVALIDATED,23430,2026-06-12T07:02:00.000,52,23,175,30013,30014,145,,0,2,close_through_up,SHORT,1.035714,0.170588,1,53.82,4,3,23429,9,10,STOP
419,AT_PRICE_CREATED,23438,2026-06-12T07:10:00.000,52,24,176,30017,30025,518,103,24,0,AT_PRICE,NEUTRAL,5.029126,0.718447,0.888889,83.33,0,4,,0,0,
420,ZONE_CREATED,23448,2026-06-12T07:20:00.000,52,24,177,29989,29999,630,103,24,0,OFF_PRICE,SHORT,6.116505,0.429155,0.909091,87.39,3,5,,0,0,
421,ZONE_CREATED,23458,2026-06-12T07:30:00.000,52,24,178,29947,29948,169,103,24,0,OFF_PRICE,SHORT,1.640777,0.105493,1,81.94,7,5,,0,0,
422,FIRST_TOUCH,23459,2026-06-12T07:31:00.000,52,24,178,29947,29948,169,,0,1,first_touch,SHORT,1.640777,0.105493,1,81.94,7,5,,0,0,
423,ZONE_INVALIDATED,23461,2026-06-12T07:33:00.000,52,24,178,29947,29948,169,,0,3,close_through_up,SHORT,1.640777,0.105493,1,81.94,7,5,23459,12,3,TARGET
424,ZONE_CREATED,23468,2026-06-12T07:40:00.000,52,25,179,29951,29954,238,194,25,0,OFF_PRICE,SHORT,1.226804,0.251586,1,73.38,6,6,,0,0,
425,FIRST_TOUCH,23469,2026-06-12T07:41:00.000,52,25,179,29951,29954,238,,0,1,first_touch,SHORT,1.226804,0.251586,1,73.38,6,6,,0,0,
426,ZONE_INVALIDATED,23470,2026-06-12T07:42:00.000,52,25,179,29951,29954,238,,0,2,close_through_up,SHORT,1.226804,0.251586,1,73.38,6,6,23469,6,10,STOP
427,AT_PRICE_CREATED,23478,2026-06-12T07:50:00.000,52,25,180,29954,29960,367,194,25,0,AT_PRICE,NEUTRAL,1.891753,0.701721,1,85,0,8,,0,0,
428,AT_PRICE_CREATED,23488,2026-06-12T08:00:00.000,52,25,181,29945,29953,889,194,25,0,AT_PRICE,NEUTRAL,4.582474,0.750845,1,85,0,8,,0,0,
429,FIRST_TOUCH,23509,2026-06-12T08:21:00.000,52,24,177,29989,29999,630,,0,1,first_touch,SHORT,6.116505,0.429155,0.909091,87.39,3,5,,0,0,
430,ZONE_INVALIDATED,23512,2026-06-12T08:24:00.000,52,24,177,29989,29999,630,,0,4,close_through_up,SHORT,6.116505,0.429155,0.909091,87.39,3,5,23509,10,19,STOP
431,ZONE_INVALIDATED,23542,2026-06-12T08:54:00.000,52,23,174,30028,30033,281,,0,6,close_through_up,SHORT,2.007143,0.32904,0.666667,86.67,8,2,23424,9,8,STOP
432,FIRST_TOUCH,23597,2026-06-12T09:49:00.000,52,21,170,29885,29892,436,,0,1,first_touch,LONG,6.318841,0.471351,1,100,22,5,,0,0,
433,ZONE_INVALIDATED,23603,2026-06-12T09:55:00.000,52,21,170,29885,29892,436,,0,2,close_through_down,LONG,6.318841,0.471351,1,100,22,5,23597,13,1,TARGET
434,AT_PRICE_CREATED,23608,2026-06-12T10:00:00.000,52,29,182,29863,29880,1671,552,36,0,AT_PRICE,NEUTRAL,3.027174,0.620267,1,78.33,0,1,,0,0,
435,ZONE_CREATED,23618,2026-06-12T10:10:00.000,52,30,183,29861,29863,338,226,35,0,OFF_PRICE,LONG,1.495575,0.10141,1,84.03,34,2,,0,0,
436,ZONE_CREATED,23628,2026-06-12T10:20:00.000,52,30,184,29907,29909,424,226,35,0,OFF_PRICE,LONG,1.876106,0.190905,1,92.61,7,3,,0,0,
437,FIRST_TOUCH,23633,2026-06-12T10:25:00.000,52,30,184,29907,29909,424,,0,1,first_touch,LONG,1.876106,0.190905,1,92.61,7,3,,0,0,
438,ZONE_CREATED,23638,2026-06-12T10:30:00.000,52,30,185,29923,29926,613,226,35,0,OFF_PRICE,LONG,2.712389,0.209358,1,100,19,6,,0,0,
439,ZONE_INVALIDATED,23639,2026-06-12T10:31:00.000,52,30,184,29907,29909,424,,0,2,close_through_down,LONG,1.876106,0.190905,1,92.61,7,3,23633,22,0,TARGET
440,FIRST_TOUCH,23639,2026-06-12T10:31:00.000,52,30,185,29923,29926,613,,0,1,first_touch,LONG,2.712389,0.209358,1,100,19,6,,0,0,
441,ZONE_INVALIDATED,23639,2026-06-12T10:31:00.000,52,30,185,29923,29926,613,,0,1,close_through_down,LONG,2.712389,0.209358,1,100,19,6,23639,28,45,AMBIGUOUS
442,FIRST_TOUCH,23642,2026-06-12T10:34:00.000,52,30,183,29861,29863,338,,0,1,first_touch,LONG,1.495575,0.10141,1,84.03,34,2,,0,0,
443,ZONE_INVALIDATED,23642,2026-06-12T10:34:00.000,52,30,183,29861,29863,338,,0,1,close_through_down,LONG,1.495575,0.10141,1,84.03,34,2,23642,39,21,AMBIGUOUS
444,ZONE_CREATED,23648,2026-06-12T10:40:00.000,52,31,186,29886,29903,7337,816,55,0,OFF_PRICE,SHORT,8.991422,0.37063,1,86.25,1,5,,0,0,
445,FIRST_TOUCH,23649,2026-06-12T10:41:00.000,52,31,186,29886,29903,7337,,0,1,first_touch,SHORT,8.991422,0.37063,1,86.25,1,5,,0,0,
446,ZONE_INVALIDATED,23654,2026-06-12T10:46:00.000,52,42,147,29740,29750,1230,,0,4,close_through_down,LONG,5.913462,0.295815,0.818182,91.02,7,6,23266,18,2,TARGET
447,ZONE_CREATED,23658,2026-06-12T10:50:00.000,52,31,187,29752,29761,4386,816,55,0,OFF_PRICE,SHORT,5.375,0.186789,1,91.68,12,1,,0,0,
448,FIRST_TOUCH,23661,2026-06-12T10:53:00.000,52,31,187,29752,29761,4386,,0,1,first_touch,SHORT,5.375,0.186789,1,91.68,12,1,,0,0,
449,ZONE_INVALIDATED,23661,2026-06-12T10:53:00.000,52,31,187,29752,29761,4386,,0,1,close_through_up,SHORT,5.375,0.186789,1,91.68,12,1,23661,23,18,AMBIGUOUS
450,ZONE_INVALIDATED,23676,2026-06-12T11:08:00.000,52,31,186,29886,29903,7337,,0,3,close_through_up,SHORT,8.991422,0.37063,1,86.25,1,5,23649,107,2,TARGET
451,ZONE_CREATED,23678,2026-06-12T11:10:00.000,52,32,188,29911,29921,2961,1608,53,0,OFF_PRICE,LONG,1.841418,0.23059,1,91.25,5,5,,0,0,
452,FIRST_TOUCH,23681,2026-06-12T11:13:00.000,52,32,188,29911,29921,2961,,0,1,first_touch,LONG,1.841418,0.23059,1,91.25,5,5,,0,0,
453,ZONE_INVALIDATED,23681,2026-06-12T11:13:00.000,52,32,188,29911,29921,2961,,0,1,close_through_down,LONG,1.841418,0.23059,1,91.25,5,5,23681,6,30,STOP
454,AT_PRICE_CREATED,23688,2026-06-12T11:20:00.000,52,32,189,29925,29935,2577,1608,53,0,AT_PRICE,NEUTRAL,1.602612,0.278054,1,85,0,6,,0,0,
455,AT_PRICE_CREATED,23708,2026-06-12T11:40:00.000,52,33,190,29916,29940,5902,1054,52,0,AT_PRICE,NEUTRAL,5.59962,0.721604,1,85,0,6,,0,0,
456,AT_PRICE_CREATED,23718,2026-06-12T11:50:00.000,52,33,191,29812,29823,2261,1054,52,0,AT_PRICE,NEUTRAL,2.145161,0.196404,1,77.88,0,1,,0,0,
457,ZONE_CREATED,23728,2026-06-12T12:00:00.000,52,33,192,29992,30003,3239,1054,52,0,OFF_PRICE,LONG,3.073055,0.136276,1,85.37,12,1,,0,0,
458,FIRST_TOUCH,23729,2026-06-12T12:01:00.000,52,33,192,29992,30003,3239,,0,1,first_touch,LONG,3.073055,0.136276,1,85.37,12,1,,0,0,
459,ZONE_INVALIDATED,23732,2026-06-12T12:04:00.000,52,33,192,29992,30003,3239,,0,2,close_through_down,LONG,3.073055,0.136276,1,85.37,12,1,23729,36,1,TARGET
460,ZONE_CREATED,23738,2026-06-12T12:10:00.000,52,34,193,30024,30032,2736,539,50,0,OFF_PRICE,SHORT,5.076067,0.307485,0.888889,88.75,7,2,,0,0,
461,FIRST_TOUCH,23739,2026-06-12T12:11:00.000,52,34,193,30024,30032,2736,,0,1,first_touch,SHORT,5.076067,0.307485,0.888889,88.75,7,2,,0,0,
462,ZONE_INVALIDATED,23742,2026-06-12T12:14:00.000,52,34,193,30024,30032,2736,,0,4,close_through_up,SHORT,5.076067,0.307485,0.888889,88.75,7,2,23739,17,5,TARGET
463,AT_PRICE_CREATED,23758,2026-06-12T12:30:00.000,52,34,194,30084,30093,3843,539,50,0,AT_PRICE,NEUTRAL,7.12987,0.470322,1,78.33,0,1,,0,0,
464,ZONE_CREATED,23768,2026-06-12T12:40:00.000,52,35,195,30030,30050,3499,626,50,0,OFF_PRICE,SHORT,5.589457,0.352544,0.904762,95.24,32,2,,0,0,
465,ZONE_CREATED,23778,2026-06-12T12:50:00.000,52,35,196,29975,29984,1532,626,50,0,OFF_PRICE,SHORT,2.447284,0.227773,1,96.67,75,2,,0,0,
466,ZONE_CREATED,23788,2026-06-12T13:00:00.000,52,35,197,29946,29956,1153,626,50,0,OFF_PRICE,SHORT,1.841853,0.146487,0.727273,89.22,72,6,,0,0,
467,FIRST_TOUCH,23802,2026-06-12T13:14:00.000,52,35,196,29975,29984,1532,,0,1,first_touch,SHORT,2.447284,0.227773,1,96.67,75,2,,0,0,
468,FIRST_TOUCH,23802,2026-06-12T13:14:00.000,52,35,197,29946,29956,1153,,0,1,first_touch,SHORT,1.841853,0.146487,0.727273,89.22,72,6,,0,0,
469,ZONE_INVALIDATED,23802,2026-06-12T13:14:00.000,52,35,197,29946,29956,1153,,0,1,close_through_up,SHORT,1.841853,0.146487,0.727273,89.22,72,6,23802,30,62,AMBIGUOUS
470,ZONE_INVALIDATED,23804,2026-06-12T13:16:00.000,52,35,196,29975,29984,1532,,0,3,close_through_up,SHORT,2.447284,0.227773,1,96.67,75,2,23802,59,33,AMBIGUOUS
471,ZONE_CREATED,23808,2026-06-12T13:20:00.000,52,36,198,29971,29988,3660,1416,42,0,OFF_PRICE,SHORT,2.584746,0.344828,1,100,29,4,,0,0,
472,AT_PRICE_CREATED,23828,2026-06-12T13:40:00.000,52,37,199,29935,29948,2527,699,42,0,AT_PRICE,NEUTRAL,3.615165,0.709234,1,85,0,9,,0,0,
473,FIRST_TOUCH,23829,2026-06-12T13:41:00.000,52,36,198,29971,29988,3660,,0,1,first_touch,SHORT,2.584746,0.344828,1,100,29,4,,0,0,
474,AT_PRICE_CREATED,23838,2026-06-12T13:50:00.000,52,37,200,29971,29972,769,699,42,0,AT_PRICE,NEUTRAL,1.100143,0.150489,1,50.82,0,6,,0,0,
475,ZONE_INVALIDATED,23850,2026-06-12T14:02:00.000,52,36,198,29971,29988,3660,,0,11,close_through_up,SHORT,2.584746,0.344828,1,100,29,4,23829,25,9,AMBIGUOUS
476,FIRST_TOUCH,23855,2026-06-12T14:07:00.000,52,35,195,30030,30050,3499,,0,1,first_touch,SHORT,5.589457,0.352544,0.904762,95.24,32,2,,0,0,
477,ZONE_CREATED,24028,2026-06-12T17:00:00.000,52,43,201,29993,29998,7942,5677,43,0,OFF_PRICE,SHORT,1.398978,0.297989,1,85.85,9,2,,0,0,
478,FIRST_TOUCH,24029,2026-06-12T17:01:00.000,52,43,201,29993,29998,7942,,0,1,first_touch,SHORT,1.398978,0.297989,1,85.85,9,2,,0,0,
479,ZONE_INVALIDATED,24031,2026-06-12T17:03:00.000,52,43,201,29993,29998,7942,,0,3,close_through_up,SHORT,1.398978,0.297989,1,85.85,9,2,24029,11,12,STOP
480,ZONE_CREATED,24068,2026-06-12T17:40:00.000,52,45,202,30011,30012,465,424,25,0,OFF_PRICE,SHORT,1.096698,0.438679,1,57.19,3,2,,0,0,
481,FIRST_TOUCH,24069,2026-06-12T17:41:00.000,52,45,202,30011,30012,465,,0,1,first_touch,SHORT,1.096698,0.438679,1,57.19,3,2,,0,0,
482,ZONE_INVALIDATED,24069,2026-06-12T17:41:00.000,52,45,202,30011,30012,465,,0,1,close_through_up,SHORT,1.096698,0.438679,1,57.19,3,2,24069,2,7,
483,FIRST_TOUCH,24089,2026-06-14T19:01:00.000,53,31,61,30188,30195,159,,0,1,first_touch,SHORT,1.528846,0.192961,0.75,88.7,55,1,,0,0,
484,ZONE_INVALIDATED,24089,2026-06-14T19:01:00.000,53,31,61,30188,30195,159,,0,1,close_through_up,SHORT,1.528846,0.192961,0.75,88.7,55,1,24089,20,52,AMBIGUOUS
485,ZONE_INVALIDATED,24089,2026-06-14T19:01:00.000,53,35,195,30030,30050,3499,,0,2,close_through_up,SHORT,5.589457,0.352544,0.904762,95.24,32,2,23855,28,9,AMBIGUOUS
486,AT_PRICE_CREATED,24128,2026-06-14T19:40:00.000,53,1,203,30222,30229,889,179,27,0,AT_PRICE,NEUTRAL,4.96648,0.543731,1,78.33,0,1,,0,0,
487,ZONE_CREATED,24138,2026-06-14T19:50:00.000,53,1,204,30223,30224,203,179,27,0,OFF_PRICE,LONG,1.134078,0.202393,1,71.05,12,2,,0,0,
488,ZONE_CREATED,24148,2026-06-14T20:00:00.000,53,1,205,30240,30243,726,179,27,0,OFF_PRICE,SHORT,4.055866,0.598516,1,96.25,9,3,,0,0,
489,FIRST_TOUCH,24149,2026-06-14T20:01:00.000,53,1,205,30240,30243,726,,0,1,first_touch,SHORT,4.055866,0.598516,1,96.25,9,3,,0,0,
490,FIRST_TOUCH,24156,2026-06-14T20:08:00.000,53,1,204,30223,30224,203,,0,1,first_touch,LONG,1.134078,0.202393,1,71.05,12,2,,0,0,
491,ZONE_CREATED,24158,2026-06-14T20:10:00.000,53,2,206,30225,30227,244,155,27,0,OFF_PRICE,SHORT,1.574194,0.23216,1,86.25,1,4,,0,0,
492,ZONE_INVALIDATED,24159,2026-06-14T20:11:00.000,53,1,204,30223,30224,203,,0,4,close_through_down,LONG,1.134078,0.202393,1,71.05,12,2,24156,4,8,STOP
493,FIRST_TOUCH,24159,2026-06-14T20:11:00.000,53,2,206,30225,30227,244,,0,1,first_touch,SHORT,1.574194,0.23216,1,86.25,1,4,,0,0,
494,ZONE_CREATED,24168,2026-06-14T20:20:00.000,53,2,207,30219,30220,415,155,27,0,OFF_PRICE,SHORT,2.677419,0.187613,1,98.45,22,5,,0,0,
495,FIRST_TOUCH,24174,2026-06-14T20:26:00.000,53,2,207,30219,30220,415,,0,1,first_touch,SHORT,2.677419,0.187613,1,98.45,22,5,,0,0,
496,ZONE_INVALIDATED,24179,2026-06-14T20:31:00.000,53,2,207,30219,30220,415,,0,3,close_through_up,SHORT,2.677419,0.187613,1,98.45,22,5,24174,13,0,TARGET
497,ZONE_INVALIDATED,24184,2026-06-14T20:36:00.000,53,2,206,30225,30227,244,,0,8,close_through_up,SHORT,1.574194,0.23216,1,86.25,1,4,24159,13,3,TARGET
498,ZONE_CREATED,24188,2026-06-14T20:40:00.000,53,3,208,30225,30227,203,103,29,0,OFF_PRICE,LONG,1.970874,0.305263,1,96.25,9,6,,0,0,
499,FIRST_TOUCH,24193,2026-06-14T20:45:00.000,53,3,208,30225,30227,203,,0,1,first_touch,LONG,1.970874,0.305263,1,96.25,9,6,,0,0,
500,ZONE_INVALIDATED,24194,2026-06-14T20:46:00.000,53,3,208,30225,30227,203,,0,2,close_through_down,LONG,1.970874,0.305263,1,96.25,9,6,24193,9,15,STOP
501,ZONE_CREATED,24198,2026-06-14T20:50:00.000,53,3,209,30220,30223,316,103,29,0,OFF_PRICE,LONG,3.067961,0.276708,1,86.25,1,7,,0,0,
502,FIRST_TOUCH,24199,2026-06-14T20:51:00.000,53,3,209,30220,30223,316,,0,1,first_touch,LONG,3.067961,0.276708,1,86.25,1,7,,0,0,
503,ZONE_INVALIDATED,24199,2026-06-14T20:51:00.000,53,3,209,30220,30223,316,,0,1,close_through_down,LONG,3.067961,0.276708,1,86.25,1,7,24199,2,8,STOP
504,AT_PRICE_CREATED,24208,2026-06-14T21:00:00.000,53,3,210,30234,30240,499,103,29,0,AT_PRICE,NEUTRAL,4.84466,0.526927,1,85,0,8,,0,0,
505,ZONE_INVALIDATED,24210,2026-06-14T21:02:00.000,53,1,205,30240,30243,726,,0,12,close_through_up,SHORT,4.055866,0.598516,1,96.25,9,3,24149,13,7,TARGET
506,ZONE_CREATED,24218,2026-06-14T21:10:00.000,53,4,211,30247,30250,681,230,29,0,OFF_PRICE,LONG,2.96087,0.268427,1,100,15,9,,0,0,
507,AT_PRICE_CREATED,24228,2026-06-14T21:20:00.000,53,4,212,30278,30287,1834,230,29,0,AT_PRICE,NEUTRAL,7.973913,0.635262,1,81.67,0,2,,0,0,
508,ZONE_CREATED,24238,2026-06-14T21:30:00.000,53,4,213,30285,30287,406,230,29,0,OFF_PRICE,LONG,1.765217,0.234818,0.666667,81.25,1,3,,0,0,
509,FIRST_TOUCH,24239,2026-06-14T21:31:00.000,53,4,213,30285,30287,406,,0,1,first_touch,LONG,1.765217,0.234818,0.666667,81.25,1,3,,0,0,
510,ZONE_CREATED,24248,2026-06-14T21:40:00.000,53,5,214,30287,30289,351,101,28,0,OFF_PRICE,SHORT,3.475248,0.407666,1,87.5,2,4,,0,0,
511,ZONE_INVALIDATED,24249,2026-06-14T21:41:00.000,53,4,213,30285,30287,406,,0,10,close_through_down,LONG,1.765217,0.234818,0.666667,81.25,1,3,24239,7,7,
512,FIRST_TOUCH,24255,2026-06-14T21:47:00.000,53,5,214,30287,30289,351,,0,1,first_touch,SHORT,3.475248,0.407666,1,87.5,2,4,,0,0,
513,ZONE_CREATED,24258,2026-06-14T21:50:00.000,53,5,215,30276,30278,303,101,28,0,OFF_PRICE,LONG,3,0.323372,1,93.75,7,7,,0,0,
514,FIRST_TOUCH,24262,2026-06-14T21:54:00.000,53,5,215,30276,30278,303,,0,1,first_touch,LONG,3,0.323372,1,93.75,7,7,,0,0,
515,AT_PRICE_CREATED,24268,2026-06-14T22:00:00.000,53,5,216,30280,30284,400,101,28,0,AT_PRICE,NEUTRAL,3.960396,0.684932,1,85,0,6,,0,0,
516,ZONE_INVALIDATED,24271,2026-06-14T22:03:00.000,53,5,214,30287,30289,351,,0,9,close_through_up,SHORT,3.475248,0.407666,1,87.5,2,4,24255,11,9,STOP
517,ZONE_CREATED,24278,2026-06-14T22:10:00.000,53,6,217,30292,30293,257,203,29,0,OFF_PRICE,SHORT,1.26601,0.221743,1,69.87,1,6,,0,0,
518,FIRST_TOUCH,24280,2026-06-14T22:12:00.000,53,6,217,30292,30293,257,,0,1,first_touch,SHORT,1.26601,0.221743,1,69.87,1,6,,0,0,
519,ZONE_INVALIDATED,24281,2026-06-14T22:13:00.000,53,6,217,30292,30293,257,,0,2,close_through_up,SHORT,1.26601,0.221743,1,69.87,1,6,24280,9,8,STOP
520,ZONE_CREATED,24288,2026-06-14T22:20:00.000,53,6,218,30293,30297,552,203,29,0,OFF_PRICE,SHORT,2.719212,0.562118,1,90,4,7,,0,0,
521,FIRST_TOUCH,24289,2026-06-14T22:21:00.000,53,6,218,30293,30297,552,,0,1,first_touch,SHORT,2.719212,0.562118,1,90,4,7,,0,0,
522,ZONE_INVALIDATED,24295,2026-06-14T22:27:00.000,53,6,218,30293,30297,552,,0,7,close_through_up,SHORT,2.719212,0.562118,1,90,4,7,24289,7,8,STOP
523,AT_PRICE_CREATED,24308,2026-06-14T22:40:00.000,53,7,219,30307,30308,239,112,31,0,AT_PRICE,NEUTRAL,2.133929,0.214542,1,85,0,8,,0,0,
524,ZONE_CREATED,24398,2026-06-15T00:10:00.000,53,10,220,30327,30328,375,140,21,0,OFF_PRICE,LONG,2.678571,0.444313,1,88.75,3,5,,0,0,
525,FIRST_TOUCH,24406,2026-06-15T00:18:00.000,53,34,49,30341,30346,169,,0,1,first_touch,SHORT,1.06962,0.728448,1,66.54,21,2,,0,0,
526,ZONE_INVALIDATED,24422,2026-06-15T00:34:00.000,53,34,49,30341,30346,169,,0,17,close_through_up,SHORT,1.06962,0.728448,1,66.54,21,2,24406,5,9,STOP
527,FIRST_TOUCH,24435,2026-06-15T00:47:00.000,53,10,220,30327,30328,375,,0,1,first_touch,LONG,2.678571,0.444313,1,88.75,3,5,,0,0,
528,ZONE_INVALIDATED,24451,2026-06-15T01:03:00.000,53,10,220,30327,30328,375,,0,3,close_through_down,LONG,2.678571,0.444313,1,88.75,3,5,24435,12,1,TARGET
529,AT_PRICE_CREATED,24458,2026-06-15T01:10:00.000,53,12,221,30327,30330,246,198,20,0,AT_PRICE,NEUTRAL,1.242424,0.417657,0.75,63.22,0,5,,0,0,
530,AT_PRICE_CREATED,24498,2026-06-15T01:50:00.000,53,13,222,30349,30350,242,97,22,0,AT_PRICE,NEUTRAL,2.494845,0.540179,1,85,0,3,,0,0,
531,ZONE_CREATED,24508,2026-06-15T02:00:00.000,53,13,223,30358,30359,366,97,22,0,OFF_PRICE,LONG,3.773196,0.364179,1,88.75,3,4,,0,0,
532,FIRST_TOUCH,24510,2026-06-15T02:02:00.000,53,13,223,30358,30359,366,,0,1,first_touch,LONG,3.773196,0.364179,1,88.75,3,4,,0,0,
533,ZONE_CREATED,24518,2026-06-15T02:10:00.000,53,14,224,30360,30362,326,155,21,0,OFF_PRICE,LONG,2.103226,0.49771,1,92.5,6,5,,0,0,
534,ZONE_CREATED,24528,2026-06-15T02:20:00.000,53,14,225,30371,30372,356,155,21,0,OFF_PRICE,LONG,2.296774,0.547692,1,86.25,1,4,,0,0,
535,FIRST_TOUCH,24529,2026-06-15T02:21:00.000,53,14,225,30371,30372,356,,0,1,first_touch,LONG,2.296774,0.547692,1,86.25,1,4,,0,0,
536,ZONE_INVALIDATED,24533,2026-06-15T02:25:00.000,53,14,225,30371,30372,356,,0,4,close_through_down,LONG,2.296774,0.547692,1,86.25,1,4,24529,3,5,
537,ZONE_CREATED,24538,2026-06-15T02:30:00.000,53,14,226,30371,30372,238,155,21,0,OFF_PRICE,SHORT,1.535484,0.375987,1,86.25,1,5,,0,0,
538,FIRST_TOUCH,24539,2026-06-15T02:31:00.000,53,14,226,30371,30372,238,,0,1,first_touch,SHORT,1.535484,0.375987,1,86.25,1,5,,0,0,
539,FIRST_TOUCH,24542,2026-06-15T02:34:00.000,53,14,224,30360,30362,326,,0,1,first_touch,LONG,2.103226,0.49771,1,92.5,6,5,,0,0,
540,ZONE_INVALIDATED,24548,2026-06-15T02:40:00.000,53,14,226,30371,30372,238,,0,5,close_through_up,SHORT,1.535484,0.375987,1,86.25,1,5,24539,12,3,TARGET
541,AT_PRICE_CREATED,24588,2026-06-15T03:20:00.000,53,16,227,30361,30364,484,175,24,0,AT_PRICE,NEUTRAL,2.765714,0.419411,1,85,0,8,,0,0,
542,ZONE_INVALIDATED,24603,2026-06-15T03:35:00.000,53,13,223,30358,30359,366,,0,10,close_through_down,LONG,3.773196,0.364179,1,88.75,3,4,24510,13,0,TARGET
543,ZONE_INVALIDATED,24603,2026-06-15T03:35:00.000,53,14,224,30360,30362,326,,0,11,close_through_down,LONG,2.103226,0.49771,1,92.5,6,5,24542,12,3,TARGET
544,ZONE_CREATED,24618,2026-06-15T03:50:00.000,53,17,228,30359,30362,595,267,23,0,OFF_PRICE,LONG,2.228464,0.657459,1,86.25,1,8,,0,0,
545,FIRST_TOUCH,24619,2026-06-15T03:51:00.000,53,17,228,30359,30362,595,,0,1,first_touch,LONG,2.228464,0.657459,1,86.25,1,8,,0,0,
546,ZONE_INVALIDATED,24622,2026-06-15T03:54:00.000,53,17,228,30359,30362,595,,0,2,close_through_down,LONG,2.228464,0.657459,1,86.25,1,8,24619,7,4,
547,ZONE_CREATED,24628,2026-06-15T04:00:00.000,53,17,229,30356,30358,268,267,23,0,OFF_PRICE,LONG,1.003745,0.26561,1,52.76,2,9,,0,0,
548,FIRST_TOUCH,24629,2026-06-15T04:01:00.000,53,17,229,30356,30358,268,,0,1,first_touch,LONG,1.003745,0.26561,1,52.76,2,9,,0,0,
549,ZONE_INVALIDATED,24629,2026-06-15T04:01:00.000,53,17,229,30356,30358,268,,0,1,close_through_down,LONG,1.003745,0.26561,1,52.76,2,9,24629,2,17,STOP
550,ZONE_CREATED,24738,2026-06-15T05:50:00.000,53,21,230,30376,30377,469,436,27,0,OFF_PRICE,SHORT,1.075688,0.2865,1,59.05,3,5,,0,0,
551,FIRST_TOUCH,24739,2026-06-15T05:51:00.000,53,21,230,30376,30377,469,,0,1,first_touch,SHORT,1.075688,0.2865,1,59.05,3,5,,0,0,
552,ZONE_INVALIDATED,24751,2026-06-15T06:03:00.000,53,21,230,30376,30377,469,,0,5,close_through_up,SHORT,1.075688,0.2865,1,59.05,3,5,24739,13,3,TARGET
553,ZONE_CREATED,24778,2026-06-15T06:30:00.000,53,22,231,30349,30355,1542,693,30,0,OFF_PRICE,SHORT,2.225108,0.693969,1,90,4,5,,0,0,
554,FIRST_TOUCH,24781,2026-06-15T06:33:00.000,53,22,231,30349,30355,1542,,0,1,first_touch,SHORT,2.225108,0.693969,1,90,4,5,,0,0,
555,ZONE_CREATED,24808,2026-06-15T07:00:00.000,53,23,232,30344,30346,503,395,27,0,OFF_PRICE,LONG,1.273418,0.415702,1,74.14,4,5,,0,0,
556,ZONE_INVALIDATED,24810,2026-06-15T07:02:00.000,53,22,231,30349,30355,1542,,0,12,close_through_up,SHORT,2.225108,0.693969,1,90,4,5,24781,12,0,TARGET
557,ZONE_CREATED,24848,2026-06-15T07:40:00.000,53,25,233,30356,30361,891,889,26,0,OFF_PRICE,SHORT,1.00225,0.744983,1,56.41,5,4,,0,0,
558,FIRST_TOUCH,24851,2026-06-15T07:43:00.000,53,25,233,30356,30361,891,,0,1,first_touch,SHORT,1.00225,0.744983,1,56.41,5,4,,0,0,
559,ZONE_INVALIDATED,24854,2026-06-15T07:46:00.000,53,25,233,30356,30361,891,,0,4,close_through_up,SHORT,1.00225,0.744983,1,56.41,5,4,24851,2,8,STOP
560,ZONE_CREATED,24878,2026-06-15T08:10:00.000,53,26,234,30373,30377,1226,534,31,0,OFF_PRICE,LONG,2.29588,0.58999,1,88.75,3,5,,0,0,
561,ZONE_CREATED,24888,2026-06-15T08:20:00.000,53,26,235,30388,30392,1373,534,31,0,OFF_PRICE,LONG,2.571161,0.590538,1,86.25,1,5,,0,0,
562,FIRST_TOUCH,24889,2026-06-15T08:21:00.000,53,26,235,30388,30392,1373,,0,1,first_touch,LONG,2.571161,0.590538,1,86.25,1,5,,0,0,
563,ZONE_CREATED,24898,2026-06-15T08:30:00.000,53,26,236,30400,30401,571,534,31,0,OFF_PRICE,SHORT,1.069288,0.255025,1,57.35,2,4,,0,0,
564,FIRST_TOUCH,24899,2026-06-15T08:31:00.000,53,26,236,30400,30401,571,,0,1,first_touch,SHORT,1.069288,0.255025,1,57.35,2,4,,0,0,
565,ZONE_INVALIDATED,24899,2026-06-15T08:31:00.000,53,26,236,30400,30401,571,,0,1,close_through_up,SHORT,1.069288,0.255025,1,57.35,2,4,24899,1,5,
566,ZONE_INVALIDATED,24903,2026-06-15T08:35:00.000,53,26,235,30388,30392,1373,,0,6,close_through_down,LONG,2.571161,0.590538,1,86.25,1,5,24889,12,0,TARGET
567,FIRST_TOUCH,24905,2026-06-15T08:37:00.000,53,26,234,30373,30377,1226,,0,1,first_touch,LONG,2.29588,0.58999,1,88.75,3,5,,0,0,
568,ZONE_CREATED,24908,2026-06-15T08:40:00.000,53,27,237,30371,30375,646,593,33,0,OFF_PRICE,LONG,1.089376,0.242675,0.8,62.01,7,8,,0,0,
569,FIRST_TOUCH,24912,2026-06-15T08:44:00.000,53,27,237,30371,30375,646,,0,1,first_touch,LONG,1.089376,0.242675,0.8,62.01,7,8,,0,0,
570,ZONE_INVALIDATED,24913,2026-06-15T08:45:00.000,53,26,234,30373,30377,1226,,0,5,close_through_down,LONG,2.29588,0.58999,1,88.75,3,5,24905,13,7,TARGET
571,ZONE_CREATED,24928,2026-06-15T09:00:00.000,53,27,238,30386,30392,1420,593,33,0,OFF_PRICE,SHORT,2.394604,0.542399,0.857143,87.86,4,8,,0,0,
572,FIRST_TOUCH,24929,2026-06-15T09:01:00.000,53,27,238,30386,30392,1420,,0,1,first_touch,SHORT,2.394604,0.542399,0.857143,87.86,4,8,,0,0,
573,ZONE_INVALIDATED,24937,2026-06-15T09:09:00.000,53,27,238,30386,30392,1420,,0,9,close_through_up,SHORT,2.394604,0.542399,0.857143,87.86,4,8,24929,7,8,STOP
574,ZONE_INVALIDATED,24945,2026-06-15T09:17:00.000,53,27,237,30371,30375,646,,0,8,close_through_down,LONG,1.089376,0.242675,0.8,62.01,7,8,24912,13,7,TARGET
575,AT_PRICE_CREATED,24958,2026-06-15T09:30:00.000,53,28,239,30355,30360,1571,1405,32,0,AT_PRICE,NEUTRAL,1.118149,0.396717,0.666667,53.27,0,8,,0,0,
576,ZONE_CREATED,25008,2026-06-15T10:20:00.000,53,30,240,30388,30389,996,613,37,0,OFF_PRICE,LONG,1.624796,0.263632,1,87.5,2,8,,0,0,
577,FIRST_TOUCH,25010,2026-06-15T10:22:00.000,53,30,240,30388,30389,996,,0,1,first_touch,LONG,1.624796,0.263632,1,87.5,2,8,,0,0,
578,FIRST_TOUCH,25021,2026-06-15T10:33:00.000,53,31,47,30440,30445,74,,0,1,first_touch,SHORT,1,0.186869,0.833333,60.86,70,4,,0,0,
579,ZONE_INVALIDATED,25021,2026-06-15T10:33:00.000,53,31,47,30440,30445,74,,0,1,close_through_up,SHORT,1,0.186869,0.833333,60.86,70,4,25021,17,7,TARGET
580,ZONE_CREATED,25038,2026-06-15T10:50:00.000,53,31,241,30450,30453,5572,4386,55,0,OFF_PRICE,LONG,1.270406,0.157259,1,71.92,24,1,,0,0,
581,FIRST_TOUCH,25048,2026-06-15T11:00:00.000,53,31,241,30450,30453,5572,,0,1,first_touch,LONG,1.270406,0.157259,1,71.92,24,1,,0,0,
582,ZONE_CREATED,25048,2026-06-15T11:00:00.000,53,31,242,30475,30487,17031,4386,55,0,OFF_PRICE,SHORT,3.883037,0.714148,1,96.67,18,2,,0,0,
583,FIRST_TOUCH,25052,2026-06-15T11:04:00.000,53,31,242,30475,30487,17031,,0,1,first_touch,SHORT,3.883037,0.714148,1,96.67,18,2,,0,0,
584,ZONE_CREATED,25058,2026-06-15T11:10:00.000,53,32,243,30456,30458,4034,2577,54,0,OFF_PRICE,SHORT,1.565386,0.149824,1,83.73,4,3,,0,0,
585,ZONE_INVALIDATED,25059,2026-06-15T11:11:00.000,53,31,241,30450,30453,5572,,0,6,close_through_down,LONG,1.270406,0.157259,1,71.92,24,1,25048,17,0,TARGET
586,FIRST_TOUCH,25059,2026-06-15T11:11:00.000,53,32,243,30456,30458,4034,,0,1,first_touch,SHORT,1.565386,0.149824,1,83.73,4,3,,0,0,
587,ZONE_INVALIDATED,25076,2026-06-15T11:28:00.000,53,32,243,30456,30458,4034,,0,9,close_through_up,SHORT,1.565386,0.149824,1,83.73,4,3,25059,16,0,TARGET
588,AT_PRICE_CREATED,25088,2026-06-15T11:40:00.000,53,33,244,30456,30460,5606,3239,52,0,AT_PRICE,NEUTRAL,1.730781,0.284785,1,85,0,4,,0,0,
589,ZONE_CREATED,25098,2026-06-15T11:50:00.000,53,33,245,30465,30467,3373,3239,52,0,OFF_PRICE,SHORT,1.041371,0.235891,1,55.4,2,5,,0,0,
590,FIRST_TOUCH,25099,2026-06-15T11:51:00.000,53,33,245,30465,30467,3373,,0,1,first_touch,SHORT,1.041371,0.235891,1,55.4,2,5,,0,0,
591,ZONE_INVALIDATED,25099,2026-06-15T11:51:00.000,53,33,245,30465,30467,3373,,0,1,close_through_up,SHORT,1.041371,0.235891,1,55.4,2,5,25099,2,13,STOP
592,ZONE_INVALIDATED,25105,2026-06-15T11:57:00.000,53,31,242,30475,30487,17031,,0,13,close_through_up,SHORT,3.883037,0.714148,1,96.67,18,2,25052,15,3,TARGET
593,ZONE_CREATED,25108,2026-06-15T12:00:00.000,53,33,246,30477,30480,4481,3239,52,0,OFF_PRICE,LONG,1.383452,0.245037,1,91.84,12,6,,0,0,
594,AT_PRICE_CREATED,25118,2026-06-15T12:10:00.000,53,34,247,30509,30512,6515,2736,51,0,AT_PRICE,NEUTRAL,2.381213,0.369164,1,85,0,3,,0,0,
595,AT_PRICE_CREATED,25128,2026-06-15T12:20:00.000,53,34,248,30509,30511,3320,2736,51,0,AT_PRICE,NEUTRAL,1.21345,0.227304,0.666667,59.94,0,4,,0,0,
596,ZONE_CREATED,25138,2026-06-15T12:30:00.000,53,34,249,30518,30524,10041,2736,51,0,OFF_PRICE,LONG,3.669956,0.684645,1,93.75,7,4,,0,0,
597,FIRST_TOUCH,25141,2026-06-15T12:33:00.000,53,34,249,30518,30524,10041,,0,1,first_touch,LONG,3.669956,0.684645,1,93.75,7,4,,0,0,
598,ZONE_CREATED,25148,2026-06-15T12:40:00.000,53,35,250,30534,30535,4413,1532,51,0,OFF_PRICE,LONG,2.880548,0.203317,1,86.25,1,4,,0,0,
599,FIRST_TOUCH,25149,2026-06-15T12:41:00.000,53,35,250,30534,30535,4413,,0,1,first_touch,LONG,2.880548,0.203317,1,86.25,1,4,,0,0,
600,ZONE_CREATED,25158,2026-06-15T12:50:00.000,53,35,251,30556,30557,2085,1532,51,0,OFF_PRICE,LONG,1.360966,0.145886,1,79.75,9,3,,0,0,
601,ZONE_CREATED,25168,2026-06-15T13:00:00.000,53,35,252,30565,30566,2395,1532,51,0,OFF_PRICE,LONG,1.563316,0.215281,1,93.75,7,3,,0,0,
602,ZONE_CREATED,25178,2026-06-15T13:10:00.000,53,36,253,30582,30585,5976,3660,43,0,OFF_PRICE,SHORT,1.632787,0.367618,1,88.75,3,3,,0,0,
603,FIRST_TOUCH,25179,2026-06-15T13:11:00.000,53,36,253,30582,30585,5976,,0,1,first_touch,SHORT,1.632787,0.367618,1,88.75,3,3,,0,0,
604,FIRST_TOUCH,25185,2026-06-15T13:17:00.000,53,35,252,30565,30566,2395,,0,1,first_touch,LONG,1.563316,0.215281,1,93.75,7,3,,0,0,
605,ZONE_INVALIDATED,25194,2026-06-15T13:26:00.000,53,36,253,30582,30585,5976,,0,8,close_through_up,SHORT,1.632787,0.367618,1,88.75,3,3,25179,14,5,TARGET
606,ZONE_INVALIDATED,25207,2026-06-15T13:39:00.000,53,35,252,30565,30566,2395,,0,6,close_through_down,LONG,1.563316,0.215281,1,93.75,7,3,25185,15,2,TARGET
607,FIRST_TOUCH,25214,2026-06-15T13:46:00.000,53,35,251,30556,30557,2085,,0,1,first_touch,LONG,1.360966,0.145886,1,79.75,9,3,,0,0,
608,ZONE_INVALIDATED,25214,2026-06-15T13:46:00.000,53,35,251,30556,30557,2085,,0,1,close_through_down,LONG,1.360966,0.145886,1,79.75,9,3,25214,7,3,
609,ZONE_CREATED,25238,2026-06-15T14:10:00.000,53,38,254,30558,30560,3399,2361,44,0,OFF_PRICE,SHORT,1.439644,0.163752,1,91.24,15,6,,0,0,
610,FIRST_TOUCH,25241,2026-06-15T14:13:00.000,53,38,254,30558,30560,3399,,0,1,first_touch,SHORT,1.439644,0.163752,1,91.24,15,6,,0,0,
611,ZONE_INVALIDATED,25242,2026-06-15T14:14:00.000,53,38,254,30558,30560,3399,,0,2,close_through_up,SHORT,1.439644,0.163752,1,91.24,15,6,25241,6,6,
612,ZONE_CREATED,25248,2026-06-15T14:20:00.000,53,38,255,30559,30562,2506,2361,44,0,OFF_PRICE,LONG,1.061415,0.242947,1,60.55,5,7,,0,0,
613,AT_PRICE_CREATED,25258,2026-06-15T14:30:00.000,53,38,256,30573,30577,4487,2361,44,0,AT_PRICE,NEUTRAL,1.900466,0.453461,1,85,0,6,,0,0,
614,FIRST_TOUCH,25261,2026-06-15T14:33:00.000,53,38,255,30559,30562,2506,,0,1,first_touch,LONG,1.061415,0.242947,1,60.55,5,7,,0,0,
615,ZONE_INVALIDATED,25273,2026-06-15T14:45:00.000,53,38,255,30559,30562,2506,,0,8,close_through_down,LONG,1.061415,0.242947,1,60.55,5,7,25261,13,6,TARGET
616,ZONE_INVALIDATED,25289,2026-06-15T15:01:00.000,53,35,250,30534,30535,4413,,0,10,close_through_down,LONG,2.880548,0.203317,1,86.25,1,4,25149,13,3,TARGET
617,ZONE_INVALIDATED,25292,2026-06-15T15:04:00.000,53,34,249,30518,30524,10041,,0,8,close_through_down,LONG,3.669956,0.684645,1,93.75,7,4,25141,20,7,TARGET
618,ZONE_CREATED,25298,2026-06-15T15:10:00.000,53,40,257,30516,30520,4848,3388,40,0,OFF_PRICE,LONG,1.430933,0.301906,0.8,84.67,6,7,,0,0,
619,FIRST_TOUCH,25317,2026-06-15T15:29:00.000,53,40,257,30516,30520,4848,,0,1,first_touch,LONG,1.430933,0.301906,0.8,84.67,6,7,,0,0,
620,ZONE_INVALIDATED,25318,2026-06-15T15:30:00.000,53,40,257,30516,30520,4848,,0,2,close_through_down,LONG,1.430933,0.301906,0.8,84.67,6,7,25317,8,8,STOP
621,ZONE_CREATED,25328,2026-06-15T15:40:00.000,53,41,258,30518,30522,3560,1281,43,0,OFF_PRICE,LONG,2.779079,0.268254,1,100,13,7,,0,0,
622,AT_PRICE_CREATED,25338,2026-06-15T15:50:00.000,53,41,259,30534,30539,7399,1281,43,0,AT_PRICE,NEUTRAL,5.775956,0.678434,1,85,0,10,,0,0,
623,FIRST_TOUCH,25348,2026-06-15T16:00:00.000,53,41,258,30518,30522,3560,,0,1,first_touch,LONG,2.779079,0.268254,1,100,13,7,,0,0,
624,ZONE_CREATED,25348,2026-06-15T16:00:00.000,53,41,260,30531,30535,5319,1281,43,0,OFF_PRICE,SHORT,4.152225,0.601221,1,91.25,5,9,,0,0,
625,AT_PRICE_CREATED,25358,2026-06-15T16:10:00.000,53,42,261,30520,30523,6266,1970,41,0,AT_PRICE,NEUTRAL,3.180711,0.532687,1,85,0,8,,0,0,
626,FIRST_TOUCH,25359,2026-06-15T16:11:00.000,53,41,260,30531,30535,5319,,0,1,first_touch,SHORT,4.152225,0.601221,1,91.25,5,9,,0,0,
627,ZONE_INVALIDATED,25366,2026-06-15T16:18:00.000,53,41,260,30531,30535,5319,,0,5,close_through_up,SHORT,4.152225,0.601221,1,91.25,5,9,25359,13,0,TARGET
628,AT_PRICE_CREATED,25368,2026-06-15T16:20:00.000,53,42,262,30525,30528,4070,1970,41,0,AT_PRICE,NEUTRAL,2.06599,0.365908,1,85,0,9,,0,0,
629,ZONE_INVALIDATED,25370,2026-06-15T16:22:00.000,53,41,258,30518,30522,3560,,0,16,close_through_down,LONG,2.779079,0.268254,1,100,13,7,25348,7,8,STOP
630,ZONE_CREATED,25378,2026-06-15T16:30:00.000,53,42,263,30512,30517,4891,1970,41,0,OFF_PRICE,SHORT,2.482741,0.422038,0.833333,97.5,12,7,,0,0,
631,FIRST_TOUCH,25381,2026-06-15T16:33:00.000,53,42,263,30512,30517,4891,,0,1,first_touch,SHORT,2.482741,0.422038,0.833333,97.5,12,7,,0,0,
632,ZONE_INVALIDATED,25397,2026-06-15T16:49:00.000,53,42,263,30512,30517,4891,,0,4,close_through_up,SHORT,2.482741,0.422038,0.833333,97.5,12,7,25381,16,1,TARGET
633,ZONE_CREATED,25398,2026-06-15T16:50:00.000,53,43,264,30500,30505,9509,7942,44,0,OFF_PRICE,LONG,1.197305,0.522875,1,78.81,12,8,,0,0,
634,FIRST_TOUCH,25399,2026-06-15T16:51:00.000,53,43,264,30500,30505,9509,,0,1,first_touch,LONG,1.197305,0.522875,1,78.81,12,8,,0,0,
635,ZONE_INVALIDATED,25399,2026-06-15T16:51:00.000,53,43,264,30500,30505,9509,,0,1,close_through_down,LONG,1.197305,0.522875,1,78.81,12,8,25399,13,16,AMBIGUOUS
636,FIRST_TOUCH,25404,2026-06-15T16:56:00.000,53,33,246,30477,30480,4481,,0,1,first_touch,LONG,1.383452,0.245037,1,91.84,12,6,,0,0,
637,ZONE_INVALIDATED,25405,2026-06-15T16:57:00.000,53,33,246,30477,30480,4481,,0,2,close_through_down,LONG,1.383452,0.245037,1,91.84,12,6,25404,13,2,TARGET
638,ZONE_CREATED,25408,2026-06-15T17:00:00.000,53,43,265,30488,30491,18862,7942,44,0,OFF_PRICE,LONG,2.374969,0.150322,1,93.79,29,7,,0,0,
639,ZONE_CREATED,25418,2026-06-15T17:10:00.000,53,44,266,30517,30522,21429,11469,39,0,OFF_PRICE,SHORT,1.868428,0.702982,1,88.75,3,11,,0,0,
640,FIRST_TOUCH,25422,2026-06-15T17:14:00.000,53,44,266,30517,30522,21429,,0,1,first_touch,SHORT,1.868428,0.702982,1,88.75,3,11,,0,0,
641,AT_PRICE_CREATED,25448,2026-06-15T17:40:00.000,53,45,267,30509,30511,1829,465,27,0,AT_PRICE,NEUTRAL,3.933333,0.659337,1,85,0,11,,0,0,
642,ZONE_CREATED,25468,2026-06-15T18:00:00.000,53,45,268,30502,30503,855,465,27,0,OFF_PRICE,SHORT,1.83871,0.342,1,91.25,5,12,,0,0,
643,FIRST_TOUCH,25469,2026-06-15T19:01:00.000,54,45,268,30502,30503,855,,0,1,first_touch,SHORT,1.83871,0.342,1,91.25,5,12,,0,0,
644,ZONE_INVALIDATED,25469,2026-06-15T19:01:00.000,54,45,268,30502,30503,855,,0,1,close_through_up,SHORT,1.83871,0.342,1,91.25,5,12,25469,0,19,STOP
645,FIRST_TOUCH,25480,2026-06-15T19:12:00.000,54,43,265,30488,30491,18862,,0,1,first_touch,LONG,2.374969,0.150322,1,93.79,29,7,,0,0,
646,ZONE_INVALIDATED,25481,2026-06-15T19:13:00.000,54,43,265,30488,30491,18862,,0,2,close_through_down,LONG,2.374969,0.150322,1,93.79,29,7,25480,9,11,STOP
647,ZONE_CREATED,25488,2026-06-15T19:20:00.000,54,0,269,30478,30484,1249,1244,21,0,OFF_PRICE,SHORT,1.004019,0.54399,1,62.78,10,9,,0,0,
648,FIRST_TOUCH,25489,2026-06-15T19:21:00.000,54,0,269,30478,30484,1249,,0,1,first_touch,SHORT,1.004019,0.54399,1,62.78,10,9,,0,0,
649,ZONE_INVALIDATED,25583,2026-06-15T20:55:00.000,54,0,269,30478,30484,1249,,0,17,close_through_up,SHORT,1.004019,0.54399,1,62.78,10,9,25489,12,0,TARGET
650,ZONE_CREATED,25638,2026-06-15T21:50:00.000,54,5,270,30470,30477,709,400,30,0,OFF_PRICE,SHORT,1.7725,0.556515,1,95,8,4,,0,0,
651,FIRST_TOUCH,25650,2026-06-15T22:02:00.000,54,5,270,30470,30477,709,,0,1,first_touch,SHORT,1.7725,0.556515,1,95,8,4,,0,0,
652,ZONE_CREATED,25708,2026-06-15T23:00:00.000,54,7,271,30460,30462,348,239,33,0,OFF_PRICE,LONG,1.456067,0.375405,1,82.34,3,2,,0,0,
653,FIRST_TOUCH,25710,2026-06-15T23:02:00.000,54,7,271,30460,30462,348,,0,1,first_touch,LONG,1.456067,0.375405,1,82.34,3,2,,0,0,
654,ZONE_INVALIDATED,25714,2026-06-15T23:06:00.000,54,7,271,30460,30462,348,,0,5,close_through_down,LONG,1.456067,0.375405,1,82.34,3,2,25710,5,4,
655,ZONE_CREATED,25738,2026-06-15T23:30:00.000,54,8,272,30467,30468,295,173,23,0,OFF_PRICE,SHORT,1.705202,0.588822,1,86.25,1,3,,0,0,
656,FIRST_TOUCH,25739,2026-06-15T23:31:00.000,54,8,272,30467,30468,295,,0,1,first_touch,SHORT,1.705202,0.588822,1,86.25,1,3,,0,0,
657,ZONE_INVALIDATED,25739,2026-06-15T23:31:00.000,54,8,272,30467,30468,295,,0,1,close_through_up,SHORT,1.705202,0.588822,1,86.25,1,3,25739,2,4,
658,ZONE_INVALIDATED,25741,2026-06-15T23:33:00.000,54,5,270,30470,30477,709,,0,36,close_through_up,SHORT,1.7725,0.556515,1,95,8,4,25650,14,5,TARGET
659,AT_PRICE_CREATED,25748,2026-06-15T23:40:00.000,54,9,273,30475,30482,641,197,26,0,AT_PRICE,NEUTRAL,3.253807,0.714604,0.875,83.13,0,4,,0,0,
660,ZONE_CREATED,25808,2026-06-16T00:40:00.000,54,11,274,30487,30489,358,104,22,0,OFF_PRICE,LONG,3.442308,0.245374,1,100,18,5,,0,0,
661,ZONE_CREATED,25818,2026-06-16T00:50:00.000,54,11,275,30506,30508,320,104,22,0,OFF_PRICE,SHORT,3.076923,0.374707,1,93.75,7,5,,0,0,
662,FIRST_TOUCH,25822,2026-06-16T00:54:00.000,54,11,274,30487,30489,358,,0,1,first_touch,LONG,3.442308,0.245374,1,100,18,5,,0,0,
663,ZONE_CREATED,25828,2026-06-16T01:00:00.000,54,11,276,30488,30491,419,104,22,0,OFF_PRICE,LONG,4.028846,0.540645,1,86.25,1,7,,0,0,
664,FIRST_TOUCH,25829,2026-06-16T01:01:00.000,54,11,276,30488,30491,419,,0,1,first_touch,LONG,4.028846,0.540645,1,86.25,1,7,,0,0,
665,ZONE_INVALIDATED,25835,2026-06-16T01:07:00.000,54,11,274,30487,30489,358,,0,8,close_through_down,LONG,3.442308,0.245374,1,100,18,5,25822,5,5,
666,ZONE_INVALIDATED,25835,2026-06-16T01:07:00.000,54,11,276,30488,30491,419,,0,6,close_through_down,LONG,4.028846,0.540645,1,86.25,1,7,25829,3,5,
667,AT_PRICE_CREATED,25898,2026-06-16T02:10:00.000,54,14,277,30483,30486,429,356,24,0,AT_PRICE,NEUTRAL,1.205056,0.642216,1,64.35,0,7,,0,0,
668,ZONE_CREATED,25908,2026-06-16T02:20:00.000,54,14,278,30494,30498,384,356,24,0,OFF_PRICE,LONG,1.078652,0.573134,0.8,53.76,1,8,,0,0,
669,FIRST_TOUCH,25909,2026-06-16T02:21:00.000,54,14,278,30494,30498,384,,0,1,first_touch,LONG,1.078652,0.573134,0.8,53.76,1,8,,0,0,
670,ZONE_INVALIDATED,25909,2026-06-16T02:21:00.000,54,14,278,30494,30498,384,,0,1,close_through_down,LONG,1.078652,0.573134,0.8,53.76,1,8,25909,1,6,
671,AT_PRICE_CREATED,25928,2026-06-16T02:40:00.000,54,15,279,30470,30474,401,183,24,0,AT_PRICE,NEUTRAL,2.191257,0.347186,0.8,82,0,8,,0,0,
672,AT_PRICE_CREATED,25958,2026-06-16T03:10:00.000,54,16,280,30483,30490,566,484,26,0,AT_PRICE,NEUTRAL,1.169421,0.561508,0.875,59.98,0,7,,0,0,
673,FIRST_TOUCH,26030,2026-06-16T04:22:00.000,54,11,275,30506,30508,320,,0,1,first_touch,SHORT,3.076923,0.374707,1,93.75,7,5,,0,0,
674,ZONE_INVALIDATED,26044,2026-06-16T04:36:00.000,54,11,275,30506,30508,320,,0,10,close_through_up,SHORT,3.076923,0.374707,1,93.75,7,5,26030,10,5,
675,ZONE_CREATED,26078,2026-06-16T05:10:00.000,54,20,281,30503,30508,1335,1321,30,0,OFF_PRICE,LONG,1.010598,0.379046,1,60.74,8,5,,0,0,
676,FIRST_TOUCH,26083,2026-06-16T05:15:00.000,54,20,281,30503,30508,1335,,0,1,first_touch,LONG,1.010598,0.379046,1,60.74,8,5,,0,0,
677,ZONE_INVALIDATED,26089,2026-06-16T05:21:00.000,54,20,281,30503,30508,1335,,0,6,close_through_down,LONG,1.010598,0.379046,1,60.74,8,5,26083,6,8,STOP
678,AT_PRICE_CREATED,26128,2026-06-16T06:00:00.000,54,21,282,30504,30511,1812,469,29,0,AT_PRICE,NEUTRAL,3.863539,0.629823,1,85,0,4,,0,0,
679,ZONE_CREATED,26228,2026-06-16T07:40:00.000,54,25,283,30502,30505,933,891,29,0,OFF_PRICE,LONG,1.047138,0.571341,1,62.05,7,3,,0,0,
680,FIRST_TOUCH,26235,2026-06-16T07:47:00.000,54,25,283,30502,30505,933,,0,1,first_touch,LONG,1.047138,0.571341,1,62.05,7,3,,0,0,
681,ZONE_INVALIDATED,26248,2026-06-16T08:00:00.000,54,44,266,30517,30522,21429,,0,18,close_through_up,SHORT,1.868428,0.702982,1,88.75,3,11,25422,12,0,TARGET
682,ZONE_INVALIDATED,26330,2026-06-16T09:22:00.000,54,25,283,30502,30505,933,,0,4,close_through_down,LONG,1.047138,0.571341,1,62.05,7,3,26235,13,0,TARGET
683,AT_PRICE_CREATED,26338,2026-06-16T09:30:00.000,54,28,284,30494,30501,2569,1571,34,0,AT_PRICE,NEUTRAL,1.635264,0.51257,0.875,79.79,0,2,,0,0,
684,ZONE_CREATED,26368,2026-06-16T10:00:00.000,54,29,285,30504,30510,3415,1671,38,0,OFF_PRICE,SHORT,2.043686,0.770706,1,88.75,3,3,,0,0,
685,FIRST_TOUCH,26369,2026-06-16T10:01:00.000,54,29,285,30504,30510,3415,,0,1,first_touch,SHORT,2.043686,0.770706,1,88.75,3,3,,0,0,
686,ZONE_CREATED,26388,2026-06-16T10:20:00.000,54,30,286,30495,30498,1457,996,39,0,OFF_PRICE,LONG,1.462851,0.334174,1,91.15,7,4,,0,0,
687,ZONE_INVALIDATED,26390,2026-06-16T10:22:00.000,54,29,285,30504,30510,3415,,0,8,close_through_up,SHORT,2.043686,0.770706,1,88.75,3,3,26369,13,5,TARGET
688,FIRST_TOUCH,26399,2026-06-16T10:31:00.000,54,30,286,30495,30498,1457,,0,1,first_touch,LONG,1.462851,0.334174,1,91.15,7,4,,0,0,
689,ZONE_CREATED,26408,2026-06-16T10:40:00.000,54,31,287,30537,30540,10041,7337,55,0,OFF_PRICE,SHORT,1.368543,0.230034,1,90.8,18,3,,0,0,
690,FIRST_TOUCH,26409,2026-06-16T10:41:00.000,54,31,287,30537,30540,10041,,0,1,first_touch,SHORT,1.368543,0.230034,1,90.8,18,3,,0,0,
691,ZONE_INVALIDATED,26428,2026-06-16T11:00:00.000,54,30,286,30495,30498,1457,,0,3,close_through_down,LONG,1.462851,0.334174,1,91.15,7,4,26399,20,1,TARGET
692,ZONE_CREATED,26438,2026-06-16T11:10:00.000,54,32,288,30504,30510,10044,2961,55,0,OFF_PRICE,LONG,3.392097,0.313063,0.857143,97.86,21,5,,0,0,
693,FIRST_TOUCH,26445,2026-06-16T11:17:00.000,54,32,288,30504,30510,10044,,0,1,first_touch,LONG,3.392097,0.313063,0.857143,97.86,21,5,,0,0,
694,ZONE_INVALIDATED,26446,2026-06-16T11:18:00.000,54,32,288,30504,30510,10044,,0,2,close_through_down,LONG,3.392097,0.313063,0.857143,97.86,21,5,26445,13,6,TARGET
695,ZONE_CREATED,26448,2026-06-16T11:20:00.000,54,32,289,30524,30532,8937,2961,55,0,OFF_PRICE,SHORT,3.018237,0.29695,0.888889,98.33,37,6,,0,0,
696,ZONE_CREATED,26458,2026-06-16T11:30:00.000,54,32,290,30466,30470,7283,2961,55,0,OFF_PRICE,SHORT,2.459642,0.163678,0.8,92.46,17,5,,0,0,
697,FIRST_TOUCH,26468,2026-06-16T11:40:00.000,54,32,290,30466,30470,7283,,0,1,first_touch,SHORT,2.459642,0.163678,0.8,92.46,17,5,,0,0,
698,ZONE_INVALIDATED,26468,2026-06-16T11:40:00.000,54,32,290,30466,30470,7283,,0,1,close_through_up,SHORT,2.459642,0.163678,0.8,92.46,17,5,26468,10,5,
699,ZONE_CREATED,26468,2026-06-16T11:40:00.000,54,33,291,30428,30432,8616,5606,53,0,OFF_PRICE,LONG,1.536925,0.191127,1,95.56,39,2,,0,0,
700,ZONE_CREATED,26478,2026-06-16T11:50:00.000,54,33,292,30452,30455,6181,5606,53,0,OFF_PRICE,SHORT,1.102569,0.228073,1,58.43,1,3,,0,0,
701,FIRST_TOUCH,26479,2026-06-16T11:51:00.000,54,33,292,30452,30455,6181,,0,1,first_touch,SHORT,1.102569,0.228073,1,58.43,1,3,,0,0,
702,ZONE_INVALIDATED,26479,2026-06-16T11:51:00.000,54,33,292,30452,30455,6181,,0,1,close_through_up,SHORT,1.102569,0.228073,1,58.43,1,3,26479,2,12,STOP
703,FIRST_TOUCH,26488,2026-06-16T12:00:00.000,54,33,291,30428,30432,8616,,0,1,first_touch,LONG,1.536925,0.191127,1,95.56,39,2,,0,0,
704,ZONE_CREATED,26488,2026-06-16T12:00:00.000,54,33,293,30455,30461,8490,5606,53,0,OFF_PRICE,SHORT,1.514449,0.314596,1,98.75,11,6,,0,0,
705,FIRST_TOUCH,26491,2026-06-16T12:03:00.000,54,33,293,30455,30461,8490,,0,1,first_touch,SHORT,1.514449,0.314596,1,98.75,11,6,,0,0,
706,ZONE_INVALIDATED,26494,2026-06-16T12:06:00.000,54,33,293,30455,30461,8490,,0,4,close_through_up,SHORT,1.514449,0.314596,1,98.75,11,6,26491,9,10,STOP
707,ZONE_INVALIDATED,26515,2026-06-16T12:27:00.000,54,33,291,30428,30432,8616,,0,5,close_through_down,LONG,1.536925,0.191127,1,95.56,39,2,26488,13,6,TARGET
708,AT_PRICE_CREATED,26528,2026-06-16T12:40:00.000,54,35,294,30440,30442,5111,3499,51,0,AT_PRICE,NEUTRAL,1.460703,0.21343,1,82.25,0,5,,0,0,
709,ZONE_CREATED,26548,2026-06-16T13:00:00.000,54,35,295,30447,30453,8540,3499,51,0,OFF_PRICE,SHORT,2.440697,0.282894,1,93.75,7,6,,0,0,
710,FIRST_TOUCH,26549,2026-06-16T13:01:00.000,54,35,295,30447,30453,8540,,0,1,first_touch,SHORT,2.440697,0.282894,1,93.75,7,6,,0,0,
711,ZONE_INVALIDATED,26549,2026-06-16T13:01:00.000,54,35,295,30447,30453,8540,,0,1,close_through_up,SHORT,2.440697,0.282894,1,93.75,7,6,26549,9,12,STOP
712,AT_PRICE_CREATED,26558,2026-06-16T13:10:00.000,54,36,296,30462,30474,17131,5976,44,0,AT_PRICE,NEUTRAL,2.866633,0.840414,1,85,0,10,,0,0,
713,AT_PRICE_CREATED,26588,2026-06-16T13:40:00.000,54,37,297,30428,30443,13646,2527,44,0,AT_PRICE,NEUTRAL,5.400079,0.73114,0.875,83.13,0,8,,0,0,
714,ZONE_CREATED,26608,2026-06-16T14:00:00.000,54,37,298,30430,30438,9622,2527,44,0,OFF_PRICE,LONG,3.807677,0.660761,1,90,4,9,,0,0,
715,FIRST_TOUCH,26609,2026-06-16T14:01:00.000,54,37,298,30430,30438,9622,,0,1,first_touch,LONG,3.807677,0.660761,1,90,4,9,,0,0,
716,ZONE_INVALIDATED,26611,2026-06-16T14:03:00.000,54,37,298,30430,30438,9622,,0,3,close_through_down,LONG,3.807677,0.660761,1,90,4,9,26609,4,11,STOP
717,ZONE_INVALIDATED,26739,2026-06-16T16:11:00.000,54,30,240,30388,30389,996,,0,7,close_through_down,LONG,1.624796,0.263632,1,87.5,2,8,25010,15,4,TARGET
718,FIRST_TOUCH,26745,2026-06-16T16:17:00.000,54,23,232,30344,30346,503,,0,1,first_touch,LONG,1.273418,0.415702,1,74.14,4,5,,0,0,
719,AT_PRICE_CREATED,26758,2026-06-16T16:30:00.000,54,42,299,30384,30387,6598,6266,41,0,AT_PRICE,NEUTRAL,1.052984,0.328128,1,47.04,0,1,,0,0,
720,AT_PRICE_CREATED,26788,2026-06-16T17:00:00.000,54,43,300,30352,30360,39067,18862,45,0,AT_PRICE,NEUTRAL,2.071201,0.380967,1,81.67,0,2,,0,0,
721,ZONE_INVALIDATED,26790,2026-06-16T17:02:00.000,54,23,232,30344,30346,503,,0,5,close_through_down,LONG,1.273418,0.415702,1,74.14,4,5,26745,15,7,TARGET
722,AT_PRICE_CREATED,26848,2026-06-16T18:00:00.000,54,45,301,30331,30334,2308,1829,29,0,AT_PRICE,NEUTRAL,1.261892,0.610259,1,65,0,2,,0,0,
723,ZONE_CREATED,26968,2026-06-16T21:00:00.000,55,3,302,30361,30366,595,499,33,0,OFF_PRICE,LONG,1.192385,0.630965,1,64.72,1,3,,0,0,
724,AT_PRICE_CREATED,27008,2026-06-16T21:40:00.000,55,5,303,30395,30400,773,709,33,0,AT_PRICE,NEUTRAL,1.090268,0.769154,1,52.99,0,2,,0,0,
725,AT_PRICE_CREATED,27098,2026-06-16T23:10:00.000,55,8,304,30416,30417,406,295,25,0,AT_PRICE,NEUTRAL,1.376271,0.536328,1,73.01,0,2,,0,0,
726,ZONE_CREATED,27118,2026-06-16T23:30:00.000,55,8,305,30420,30421,413,295,25,0,OFF_PRICE,SHORT,1.4,0.602041,1,83,4,3,,0,0,
727,FIRST_TOUCH,27157,2026-06-17T00:09:00.000,55,8,305,30420,30421,413,,0,1,first_touch,SHORT,1.4,0.602041,1,83,4,3,,0,0,
728,ZONE_INVALIDATED,27197,2026-06-17T00:49:00.000,55,8,305,30420,30421,413,,0,7,close_through_up,SHORT,1.4,0.602041,1,83,4,3,27157,13,1,TARGET
729,AT_PRICE_CREATED,27198,2026-06-17T00:50:00.000,55,11,306,30419,30421,428,419,25,0,AT_PRICE,NEUTRAL,1.02148,0.537688,1,51.5,0,4,,0,0,
730,AT_PRICE_CREATED,27268,2026-06-17T02:00:00.000,55,13,307,30422,30424,382,366,27,0,AT_PRICE,NEUTRAL,1.043716,0.789256,1,53.06,0,4,,0,0,
731,AT_PRICE_CREATED,27288,2026-06-17T02:20:00.000,55,14,308,30422,30424,446,429,26,0,AT_PRICE,NEUTRAL,1.039627,0.503955,0.666667,47.77,0,5,,0,0,
732,ZONE_CREATED,27298,2026-06-17T02:30:00.000,55,14,309,30424,30426,542,429,26,0,OFF_PRICE,SHORT,1.263403,0.637647,1,75.94,6,6,,0,0,
733,FIRST_TOUCH,27304,2026-06-17T02:36:00.000,55,14,309,30424,30426,542,,0,1,first_touch,SHORT,1.263403,0.637647,1,75.94,6,6,,0,0,
734,ZONE_INVALIDATED,27306,2026-06-17T02:38:00.000,55,14,309,30424,30426,542,,0,3,close_through_up,SHORT,1.263403,0.637647,1,75.94,6,6,27304,3,5,
735,ZONE_CREATED,27308,2026-06-17T02:40:00.000,55,15,310,30417,30419,544,401,27,0,OFF_PRICE,LONG,1.356608,0.425332,1,89.96,12,6,,0,0,
736,FIRST_TOUCH,27324,2026-06-17T02:56:00.000,55,15,310,30417,30419,544,,0,1,first_touch,LONG,1.356608,0.425332,1,89.96,12,6,,0,0,
737,ZONE_INVALIDATED,27324,2026-06-17T02:56:00.000,55,15,310,30417,30419,544,,0,1,close_through_down,LONG,1.356608,0.425332,1,89.96,12,6,27324,4,6,
738,ZONE_CREATED,27368,2026-06-17T03:40:00.000,55,17,311,30422,30427,656,595,27,0,OFF_PRICE,LONG,1.102521,0.442347,0.833333,55.93,1,6,,0,0,
739,FIRST_TOUCH,27369,2026-06-17T03:41:00.000,55,17,311,30422,30427,656,,0,1,first_touch,LONG,1.102521,0.442347,0.833333,55.93,1,6,,0,0,
740,ZONE_CREATED,27388,2026-06-17T04:00:00.000,55,17,312,30431,30434,640,595,27,0,OFF_PRICE,LONG,1.07563,0.649087,1,57.79,2,7,,0,0,
741,FIRST_TOUCH,27389,2026-06-17T04:01:00.000,55,17,312,30431,30434,640,,0,1,first_touch,LONG,1.07563,0.649087,1,57.79,2,7,,0,0,
742,ZONE_INVALIDATED,27408,2026-06-17T04:20:00.000,55,17,312,30431,30434,640,,0,4,close_through_down,LONG,1.07563,0.649087,1,57.79,2,7,27389,14,1,TARGET
743,ZONE_CREATED,27408,2026-06-17T04:20:00.000,55,18,313,30445,30447,782,399,34,0,OFF_PRICE,SHORT,1.9599,0.353846,1,100,15,7,,0,0,
744,ZONE_INVALIDATED,27413,2026-06-17T04:25:00.000,55,17,311,30422,30427,656,,0,6,close_through_down,LONG,1.102521,0.442347,0.833333,55.93,1,6,27369,12,1,TARGET
745,AT_PRICE_CREATED,27468,2026-06-17T05:20:00.000,55,20,314,30396,30406,2118,1335,32,0,AT_PRICE,NEUTRAL,1.586517,0.696024,0.909091,83.64,0,7,,0,0,
746,ZONE_CREATED,27488,2026-06-17T05:40:00.000,55,21,315,30378,30390,2487,1812,32,0,OFF_PRICE,SHORT,1.372517,0.851129,1,79.83,3,4,,0,0,
747,FIRST_TOUCH,27489,2026-06-17T05:41:00.000,55,21,315,30378,30390,2487,,0,1,first_touch,SHORT,1.372517,0.851129,1,79.83,3,4,,0,0,
748,ZONE_INVALIDATED,27505,2026-06-17T05:57:00.000,55,21,315,30378,30390,2487,,0,12,close_through_up,SHORT,1.372517,0.851129,1,79.83,3,4,27489,4,10,STOP
749,FIRST_TOUCH,27562,2026-06-17T06:54:00.000,55,3,302,30361,30366,595,,0,1,first_touch,LONG,1.192385,0.630965,1,64.72,1,3,,0,0,
750,AT_PRICE_CREATED,27568,2026-06-17T07:00:00.000,55,23,316,30368,30370,753,503,31,0,AT_PRICE,NEUTRAL,1.497018,0.323037,1,84.79,0,3,,0,0,
751,ZONE_INVALIDATED,27570,2026-06-17T07:02:00.000,55,3,302,30361,30366,595,,0,8,close_through_down,LONG,1.192385,0.630965,1,64.72,1,3,27562,7,10,STOP
752,AT_PRICE_CREATED,27578,2026-06-17T07:10:00.000,55,24,317,30351,30358,2262,630,29,0,AT_PRICE,NEUTRAL,3.590476,0.627636,1,85,0,3,,0,0,
753,ZONE_CREATED,27598,2026-06-17T07:30:00.000,55,24,318,30369,30376,1028,630,29,0,OFF_PRICE,SHORT,1.631746,0.624544,1,88.75,3,5,,0,0,
754,FIRST_TOUCH,27599,2026-06-17T07:31:00.000,55,24,318,30369,30376,1028,,0,1,first_touch,SHORT,1.631746,0.624544,1,88.75,3,5,,0,0,
755,ZONE_INVALIDATED,27612,2026-06-17T07:44:00.000,55,24,318,30369,30376,1028,,0,13,close_through_up,SHORT,1.631746,0.624544,1,88.75,3,5,27599,7,9,STOP
756,AT_PRICE_CREATED,27688,2026-06-17T09:00:00.000,55,27,319,30342,30346,1818,1420,36,0,AT_PRICE,NEUTRAL,1.280282,0.604589,1,69.62,0,5,,0,0,
757,ZONE_CREATED,27778,2026-06-17T10:30:00.000,55,30,320,30389,30391,1991,1457,40,0,OFF_PRICE,SHORT,1.366507,0.233631,1,84.41,7,3,,0,0,
758,FIRST_TOUCH,27793,2026-06-17T10:45:00.000,55,30,320,30389,30391,1991,,0,1,first_touch,SHORT,1.366507,0.233631,1,84.41,7,3,,0,0,
759,ZONE_INVALIDATED,27793,2026-06-17T10:45:00.000,55,30,320,30389,30391,1991,,0,1,close_through_up,SHORT,1.366507,0.233631,1,84.41,7,3,27793,10,3,
760,ZONE_CREATED,27798,2026-06-17T10:50:00.000,55,31,321,30379,30389,13562,10041,55,0,OFF_PRICE,SHORT,1.350662,0.402421,1,78.3,3,4,,0,0,
761,FIRST_TOUCH,27799,2026-06-17T10:51:00.000,55,31,321,30379,30389,13562,,0,1,first_touch,SHORT,1.350662,0.402421,1,78.3,3,4,,0,0,
762,AT_PRICE_CREATED,27828,2026-06-17T11:20:00.000,55,32,322,30377,30385,10086,8937,55,0,AT_PRICE,NEUTRAL,1.128567,0.383848,1,59,0,4,,0,0,
763,ZONE_INVALIDATED,27832,2026-06-17T11:24:00.000,55,31,321,30379,30389,13562,,0,16,close_through_up,SHORT,1.350662,0.402421,1,78.3,3,4,27799,13,3,TARGET
764,FIRST_TOUCH,27856,2026-06-17T11:48:00.000,55,4,211,30247,30250,681,,0,1,first_touch,LONG,2.96087,0.268427,1,100,15,9,,0,0,
765,ZONE_INVALIDATED,27856,2026-06-17T11:48:00.000,55,5,215,30276,30278,303,,0,5,close_through_down,LONG,3,0.323372,1,93.75,7,7,24262,18,2,TARGET
766,AT_PRICE_CREATED,27888,2026-06-17T12:20:00.000,55,34,323,30312,30326,11091,6515,52,0,AT_PRICE,NEUTRAL,1.702379,0.427646,0.866667,79.67,0,2,,0,0,
767,ZONE_CREATED,27908,2026-06-17T12:40:00.000,55,35,324,30349,30353,5634,5111,52,0,OFF_PRICE,LONG,1.102328,0.317623,1,63.41,5,5,,0,0,
768,FIRST_TOUCH,27909,2026-06-17T12:41:00.000,55,35,324,30349,30353,5634,,0,1,first_touch,LONG,1.102328,0.317623,1,63.41,5,5,,0,0,
769,ZONE_INVALIDATED,27909,2026-06-17T12:41:00.000,55,35,324,30349,30353,5634,,0,1,close_through_down,LONG,1.102328,0.317623,1,63.41,5,5,27909,9,9,STOP
770,AT_PRICE_CREATED,27998,2026-06-17T14:10:00.000,55,38,325,30302,30316,11656,4487,47,0,AT_PRICE,NEUTRAL,2.597727,0.564346,0.933333,80.67,0,2,,0,0,
771,ZONE_INVALIDATED,28049,2026-06-17T15:01:00.000,55,4,211,30247,30250,681,,0,2,close_through_down,LONG,2.96087,0.268427,1,100,15,9,27856,100,8,AMBIGUOUS
772,ZONE_CREATED,28058,2026-06-17T15:10:00.000,55,40,326,30153,30180,21944,4848,43,0,OFF_PRICE,LONG,4.526403,0.230965,0.892857,84.23,6,1,,0,0,
773,FIRST_TOUCH,28059,2026-06-17T15:11:00.000,55,40,326,30153,30180,21944,,0,1,first_touch,LONG,4.526403,0.230965,0.892857,84.23,6,1,,0,0,
774,ZONE_INVALIDATED,28074,2026-06-17T15:26:00.000,55,40,326,30153,30180,21944,,0,7,close_through_down,LONG,4.526403,0.230965,0.892857,84.23,6,1,28059,27,7,TARGET
775,ZONE_CREATED,28078,2026-06-17T15:30:00.000,55,40,327,30157,30163,4880,4848,43,0,OFF_PRICE,LONG,1.006601,0.143092,0.857143,47.87,8,2,,0,0,
776,FIRST_TOUCH,28079,2026-06-17T15:31:00.000,55,40,327,30157,30163,4880,,0,1,first_touch,LONG,1.006601,0.143092,0.857143,47.87,8,2,,0,0,
777,ZONE_INVALIDATED,28083,2026-06-17T15:35:00.000,55,40,327,30157,30163,4880,,0,5,close_through_down,LONG,1.006601,0.143092,0.857143,47.87,8,2,28079,17,12,AMBIGUOUS
778,ZONE_CREATED,28108,2026-06-17T16:00:00.000,55,41,328,30256,30275,10644,7399,45,0,OFF_PRICE,SHORT,1.438573,0.278231,1,89.03,93,1,,0,0,
779,ZONE_CREATED,28118,2026-06-17T16:10:00.000,55,42,329,30160,30168,15073,6598,42,0,OFF_PRICE,SHORT,2.28448,0.357205,1,95,8,3,,0,0,
780,FIRST_TOUCH,28122,2026-06-17T16:14:00.000,55,42,329,30160,30168,15073,,0,1,first_touch,SHORT,2.28448,0.357205,1,95,8,3,,0,0,
781,ZONE_INVALIDATED,28122,2026-06-17T16:14:00.000,55,42,329,30160,30168,15073,,0,1,close_through_up,SHORT,2.28448,0.357205,1,95,8,3,28122,27,46,AMBIGUOUS
782,ZONE_CREATED,28138,2026-06-17T16:30:00.000,55,42,330,30034,30042,13272,6598,42,0,OFF_PRICE,SHORT,2.011519,0.205414,1,93.33,33,1,,0,0,
783,AT_PRICE_CREATED,28168,2026-06-17T17:00:00.000,55,43,331,29956,29980,79000,39067,46,0,AT_PRICE,NEUTRAL,2.022167,0.671752,1,78.33,0,1,,0,0,
784,FIRST_TOUCH,28189,2026-06-17T17:21:00.000,55,42,330,30034,30042,13272,,0,1,first_touch,SHORT,2.011519,0.205414,1,93.33,33,1,,0,0,
785,ZONE_INVALIDATED,28205,2026-06-17T17:37:00.000,55,42,330,30034,30042,13272,,0,13,close_through_up,SHORT,2.011519,0.205414,1,93.33,33,1,28189,23,0,TARGET
786,ZONE_CREATED,28218,2026-06-17T17:50:00.000,55,45,332,30040,30046,2334,2308,31,0,OFF_PRICE,SHORT,1.011265,0.78533,1,53.71,5,2,,0,0,
787,FIRST_TOUCH,28219,2026-06-17T17:51:00.000,55,45,332,30040,30046,2334,,0,1,first_touch,SHORT,1.011265,0.78533,1,53.71,5,2,,0,0,
788,ZONE_INVALIDATED,28234,2026-06-17T19:06:00.000,56,45,332,30040,30046,2334,,0,11,close_through_up,SHORT,1.011265,0.78533,1,53.71,5,2,28219,11,20,STOP
789,ZONE_CREATED,28258,2026-06-17T19:30:00.000,56,0,333,30096,30104,1864,1249,27,0,OFF_PRICE,SHORT,1.492394,0.580324,1,80.3,2,1,,0,0,
790,FIRST_TOUCH,28259,2026-06-17T19:31:00.000,56,0,333,30096,30104,1864,,0,1,first_touch,SHORT,1.492394,0.580324,1,80.3,2,1,,0,0,
791,ZONE_INVALIDATED,28264,2026-06-17T19:36:00.000,56,0,333,30096,30104,1864,,0,6,close_through_up,SHORT,1.492394,0.580324,1,80.3,2,1,28259,7,11,STOP
792,AT_PRICE_CREATED,28418,2026-06-17T22:10:00.000,56,6,334,30224,30230,975,552,35,0,AT_PRICE,NEUTRAL,1.766304,0.414894,0.857143,76.19,0,1,,0,0,
793,ZONE_CREATED,28428,2026-06-17T22:20:00.000,56,6,335,30235,30238,767,552,35,0,OFF_PRICE,SHORT,1.389493,0.420966,1,85.18,9,2,,0,0,
794,FIRST_TOUCH,28430,2026-06-17T22:22:00.000,56,6,335,30235,30238,767,,0,1,first_touch,SHORT,1.389493,0.420966,1,85.18,9,2,,0,0,
795,ZONE_INVALIDATED,28430,2026-06-17T22:22:00.000,56,6,335,30235,30238,767,,0,1,close_through_up,SHORT,1.389493,0.420966,1,85.18,9,2,28430,5,7,
796,ZONE_CREATED,28438,2026-06-17T22:30:00.000,56,6,336,30236,30240,690,552,35,0,OFF_PRICE,SHORT,1.25,0.381848,0.8,75.75,9,3,,0,0,
797,FIRST_TOUCH,28442,2026-06-17T22:34:00.000,56,6,336,30236,30240,690,,0,1,first_touch,SHORT,1.25,0.381848,0.8,75.75,9,3,,0,0,
798,ZONE_CREATED,28448,2026-06-17T22:40:00.000,56,7,337,30230,30231,356,348,36,0,OFF_PRICE,SHORT,1.022989,0.18436,1,62.15,10,4,,0,0,
799,AT_PRICE_CREATED,28458,2026-06-17T22:50:00.000,56,7,338,30208,30211,489,348,36,0,AT_PRICE,NEUTRAL,1.405172,0.250384,0.75,74.61,0,5,,0,0,
800,FIRST_TOUCH,28478,2026-06-17T23:10:00.000,56,7,337,30230,30231,356,,0,1,first_touch,SHORT,1.022989,0.18436,1,62.15,10,4,,0,0,
801,ZONE_INVALIDATED,28481,2026-06-17T23:13:00.000,56,7,337,30230,30231,356,,0,3,close_through_up,SHORT,1.022989,0.18436,1,62.15,10,4,28478,5,3,
802,ZONE_CREATED,28488,2026-06-17T23:20:00.000,56,8,339,30223,30228,443,413,28,0,OFF_PRICE,SHORT,1.072639,0.548947,0.833333,56.33,3,6,,0,0,
803,FIRST_TOUCH,28489,2026-06-17T23:21:00.000,56,8,339,30223,30228,443,,0,1,first_touch,SHORT,1.072639,0.548947,0.833333,56.33,3,6,,0,0,
804,ZONE_INVALIDATED,28512,2026-06-17T23:44:00.000,56,8,339,30223,30228,443,,0,15,close_through_up,SHORT,1.072639,0.548947,0.833333,56.33,3,6,28489,10,7,
805,AT_PRICE_CREATED,28558,2026-06-18T00:30:00.000,56,10,340,30221,30226,714,375,30,0,AT_PRICE,NEUTRAL,1.904,0.765273,1,85,0,7,,0,0,
806,ZONE_CREATED,28578,2026-06-18T00:50:00.000,56,11,341,30205,30208,552,428,28,0,OFF_PRICE,LONG,1.28972,0.593548,1,80.28,8,8,,0,0,
807,AT_PRICE_CREATED,28598,2026-06-18T01:10:00.000,56,12,342,30210,30212,286,246,27,0,AT_PRICE,NEUTRAL,1.162602,0.313596,1,61.38,0,9,,0,0,
808,FIRST_TOUCH,28600,2026-06-18T01:12:00.000,56,11,341,30205,30208,552,,0,1,first_touch,LONG,1.28972,0.593548,1,80.28,8,8,,0,0,
809,ZONE_INVALIDATED,28600,2026-06-18T01:12:00.000,56,11,341,30205,30208,552,,0,1,close_through_down,LONG,1.28972,0.593548,1,80.28,8,8,28600,2,9,STOP
810,ZONE_CREATED,28608,2026-06-18T01:20:00.000,56,12,343,30198,30204,749,246,27,0,OFF_PRICE,SHORT,3.044715,0.591627,0.857143,90.36,6,10,,0,0,
811,ZONE_CREATED,28628,2026-06-18T01:40:00.000,56,13,344,30179,30183,528,382,30,0,OFF_PRICE,SHORT,1.382199,0.480874,0.8,82.5,7,5,,0,0,
812,ZONE_CREATED,28638,2026-06-18T01:50:00.000,56,13,345,30164,30166,587,382,30,0,OFF_PRICE,LONG,1.536649,0.373885,1,88.75,3,3,,0,0,
813,FIRST_TOUCH,28642,2026-06-18T01:54:00.000,56,13,344,30179,30183,528,,0,1,first_touch,SHORT,1.382199,0.480874,0.8,82.5,7,5,,0,0,
814,ZONE_INVALIDATED,28651,2026-06-18T02:03:00.000,56,13,344,30179,30183,528,,0,9,close_through_up,SHORT,1.382199,0.480874,0.8,82.5,7,5,28642,8,7,
815,AT_PRICE_CREATED,28658,2026-06-18T02:10:00.000,56,14,346,30186,30191,564,542,28,0,AT_PRICE,NEUTRAL,1.04059,0.544928,0.833333,50.34,0,9,,0,0,
816,FIRST_TOUCH,28672,2026-06-18T02:24:00.000,56,12,343,30198,30204,749,,0,1,first_touch,SHORT,3.044715,0.591627,0.857143,90.36,6,10,,0,0,
817,FIRST_TOUCH,28717,2026-06-18T03:09:00.000,56,13,345,30164,30166,587,,0,1,first_touch,LONG,1.536649,0.373885,1,88.75,3,3,,0,0,
818,ZONE_CREATED,28728,2026-06-18T03:20:00.000,56,16,347,30174,30176,696,566,31,0,OFF_PRICE,SHORT,1.229682,0.33222,1,76.08,8,7,,0,0,
819,FIRST_TOUCH,28729,2026-06-18T03:21:00.000,56,16,347,30174,30176,696,,0,1,first_touch,SHORT,1.229682,0.33222,1,76.08,8,7,,0,0,
820,ZONE_INVALIDATED,28730,2026-06-18T03:22:00.000,56,16,347,30174,30176,696,,0,2,close_through_up,SHORT,1.229682,0.33222,1,76.08,8,7,28729,8,4,
821,AT_PRICE_CREATED,28748,2026-06-18T03:40:00.000,56,17,348,30183,30188,1020,656,30,0,AT_PRICE,NEUTRAL,1.554878,0.511791,0.833333,82.5,0,9,,0,0,
822,ZONE_INVALIDATED,28758,2026-06-18T03:50:00.000,56,12,343,30198,30204,749,,0,14,close_through_up,SHORT,3.044715,0.591627,0.857143,90.36,6,10,28672,12,0,TARGET
823,ZONE_CREATED,28778,2026-06-18T04:10:00.000,56,18,349,30227,30228,922,782,35,0,OFF_PRICE,LONG,1.179028,0.293724,1,68.78,5,5,,0,0,
824,FIRST_TOUCH,28779,2026-06-18T04:11:00.000,56,18,349,30227,30228,922,,0,1,first_touch,LONG,1.179028,0.293724,1,68.78,5,5,,0,0,
825,ZONE_INVALIDATED,28780,2026-06-18T04:12:00.000,56,18,349,30227,30228,922,,0,2,close_through_down,LONG,1.179028,0.293724,1,68.78,5,5,28779,5,4,
826,ZONE_CREATED,28788,2026-06-18T04:20:00.000,56,18,350,30203,30209,1282,782,35,0,OFF_PRICE,LONG,1.639386,0.454449,1,87.5,2,8,,0,0,
827,ZONE_INVALIDATED,28829,2026-06-18T05:01:00.000,56,6,336,30236,30240,690,,0,8,close_through_up,SHORT,1.25,0.381848,0.8,75.75,9,3,28442,17,1,TARGET
828,FIRST_TOUCH,28834,2026-06-18T05:06:00.000,56,41,328,30256,30275,10644,,0,1,first_touch,SHORT,1.438573,0.278231,1,89.03,93,1,,0,0,
829,FIRST_TOUCH,28881,2026-06-18T05:53:00.000,56,18,350,30203,30209,1282,,0,1,first_touch,LONG,1.639386,0.454449,1,87.5,2,8,,0,0,
830,ZONE_INVALIDATED,28885,2026-06-18T05:57:00.000,56,18,350,30203,30209,1282,,0,4,close_through_down,LONG,1.639386,0.454449,1,87.5,2,8,28881,13,1,TARGET
831,ZONE_CREATED,28988,2026-06-18T07:40:00.000,56,25,351,30230,30235,1229,933,33,0,OFF_PRICE,SHORT,1.317256,0.601566,1,70.12,1,2,,0,0,
832,FIRST_TOUCH,28989,2026-06-18T07:41:00.000,56,25,351,30230,30235,1229,,0,1,first_touch,SHORT,1.317256,0.601566,1,70.12,1,2,,0,0,
833,AT_PRICE_CREATED,28998,2026-06-18T07:50:00.000,56,25,352,30212,30217,1221,933,33,0,AT_PRICE,NEUTRAL,1.308682,0.437948,0.833333,65.77,0,2,,0,0,
834,ZONE_CREATED,29008,2026-06-18T08:00:00.000,56,25,353,30209,30213,1193,933,33,0,OFF_PRICE,LONG,1.278671,0.557737,0.8,67.76,1,3,,0,0,
835,FIRST_TOUCH,29009,2026-06-18T08:01:00.000,56,25,353,30209,30213,1193,,0,1,first_touch,LONG,1.278671,0.557737,0.8,67.76,1,3,,0,0,
836,ZONE_INVALIDATED,29014,2026-06-18T08:06:00.000,56,25,353,30209,30213,1193,,0,6,close_through_down,LONG,1.278671,0.557737,0.8,67.76,1,3,29009,6,17,STOP
837,ZONE_INVALIDATED,29026,2026-06-18T08:18:00.000,56,13,345,30164,30166,587,,0,12,close_through_down,LONG,1.536649,0.373885,1,88.75,3,3,28717,13,1,TARGET
838,ZONE_CREATED,29068,2026-06-18T09:00:00.000,56,27,354,30166,30172,2002,1818,37,0,OFF_PRICE,LONG,1.10121,0.667556,1,51.67,1,1,,0,0,
839,FIRST_TOUCH,29069,2026-06-18T09:01:00.000,56,27,354,30166,30172,2002,,0,1,first_touch,LONG,1.10121,0.667556,1,51.67,1,1,,0,0,
840,ZONE_INVALIDATED,29118,2026-06-18T09:50:00.000,56,25,351,30230,30235,1229,,0,12,close_through_up,SHORT,1.317256,0.601566,1,70.12,1,2,28989,15,1,TARGET
841,AT_PRICE_CREATED,29138,2026-06-18T10:10:00.000,56,30,355,30213,30220,4166,1991,42,0,AT_PRICE,NEUTRAL,2.092416,0.341336,0.875,83.13,0,4,,0,0,
842,ZONE_INVALIDATED,29154,2026-06-18T10:26:00.000,56,41,328,30256,30275,10644,,0,32,close_through_up,SHORT,1.438573,0.278231,1,89.03,93,1,28834,11,12,STOP
843,AT_PRICE_CREATED,29158,2026-06-18T10:30:00.000,56,30,356,30297,30317,21164,1991,42,0,AT_PRICE,NEUTRAL,10.629834,0.701771,0.952381,77.62,0,1,,0,0,
844,ZONE_INVALIDATED,29172,2026-06-18T10:44:00.000,56,27,354,30166,30172,2002,,0,17,close_through_down,LONG,1.10121,0.667556,1,51.67,1,1,29069,10,9,STOP
845,ZONE_CREATED,29198,2026-06-18T11:10:00.000,56,32,357,30176,30184,12748,10044,55,0,OFF_PRICE,LONG,1.269215,0.303314,1,83.85,34,5,,0,0,
846,FIRST_TOUCH,29202,2026-06-18T11:14:00.000,56,32,357,30176,30184,12748,,0,1,first_touch,LONG,1.269215,0.303314,1,83.85,34,5,,0,0,
847,ZONE_INVALIDATED,29204,2026-06-18T11:16:00.000,56,32,357,30176,30184,12748,,0,3,close_through_down,LONG,1.269215,0.303314,1,83.85,34,5,29202,21,0,TARGET
848,ZONE_CREATED,29248,2026-06-18T12:00:00.000,56,33,358,30258,30264,9001,8490,54,0,OFF_PRICE,LONG,1.060188,0.365523,1,48.8,1,1,,0,0,
849,FIRST_TOUCH,29249,2026-06-18T12:01:00.000,56,33,358,30258,30264,9001,,0,1,first_touch,LONG,1.060188,0.365523,1,48.8,1,1,,0,0,
850,ZONE_INVALIDATED,29249,2026-06-18T12:01:00.000,56,33,358,30258,30264,9001,,0,1,close_through_down,LONG,1.060188,0.365523,1,48.8,1,1,29249,6,24,STOP
851,AT_PRICE_CREATED,29258,2026-06-18T12:10:00.000,56,34,359,30244,30254,13716,10041,52,0,AT_PRICE,NEUTRAL,1.365999,0.552174,0.909091,74.26,0,3,,0,0,
852,AT_PRICE_CREATED,29308,2026-06-18T13:00:00.000,56,35,360,30240,30250,12164,5634,53,0,AT_PRICE,NEUTRAL,2.159034,0.502582,1,85,0,4,,0,0,
853,AT_PRICE_CREATED,29848,2026-06-18T23:00:00.000,57,7,361,30191,30198,862,489,38,0,AT_PRICE,NEUTRAL,1.762781,0.768956,0.875,76.46,0,1,,0,0,
854,AT_PRICE_CREATED,29878,2026-06-18T23:30:00.000,57,8,362,30181,30185,519,443,31,0,AT_PRICE,NEUTRAL,1.171558,0.594502,1,58.68,0,2,,0,0,
855,AT_PRICE_CREATED,29928,2026-06-19T00:20:00.000,57,10,363,30160,30166,898,714,32,0,AT_PRICE,NEUTRAL,1.257703,0.563716,1,68.04,0,3,,0,0,
856,AT_PRICE_CREATED,30008,2026-06-19T01:40:00.000,57,13,364,30123,30128,777,587,32,0,AT_PRICE,NEUTRAL,1.32368,0.58953,1,69.32,0,2,,0,0,
857,ZONE_CREATED,30028,2026-06-19T02:00:00.000,57,13,365,30096,30100,588,587,32,0,OFF_PRICE,LONG,1.001704,0.255208,0.8,45.04,1,2,,0,0,
858,FIRST_TOUCH,30029,2026-06-19T02:01:00.000,57,13,365,30096,30100,588,,0,1,first_touch,LONG,1.001704,0.255208,0.8,45.04,1,2,,0,0,
859,ZONE_INVALIDATED,30039,2026-06-19T02:11:00.000,57,13,365,30096,30100,588,,0,11,close_through_down,LONG,1.001704,0.255208,0.8,45.04,1,2,30029,8,8,STOP
860,ZONE_CREATED,30078,2026-06-19T02:50:00.000,57,15,366,30089,30094,763,544,32,0,OFF_PRICE,LONG,1.402574,0.44646,0.666667,88.18,12,3,,0,0,
861,AT_PRICE_CREATED,30098,2026-06-19T03:10:00.000,57,16,367,30131,30134,866,696,33,0,AT_PRICE,NEUTRAL,1.244253,0.464343,1,67.1,0,4,,0,0,
862,AT_PRICE_CREATED,30508,2026-06-19T10:00:00.000,57,29,368,30220,30243,4550,3415,43,0,AT_PRICE,NEUTRAL,1.332357,0.570533,0.875,64.72,0,1,,0,0,
863,ZONE_CREATED,30758,2026-06-21T19:10:00.000,58,0,369,30178,30194,2114,1864,32,0,OFF_PRICE,SHORT,1.13412,0.466152,0.941176,66.84,34,1,,0,0,
864,AT_PRICE_CREATED,30818,2026-06-21T20:10:00.000,58,2,370,30104,30121,2261,415,39,0,AT_PRICE,NEUTRAL,5.448193,0.699134,1,78.33,0,1,,0,0,
865,FIRST_TOUCH,30824,2026-06-21T20:16:00.000,58,15,366,30089,30094,763,,0,1,first_touch,LONG,1.402574,0.44646,0.666667,88.18,12,3,,0,0,
866,ZONE_INVALIDATED,30844,2026-06-21T20:36:00.000,58,15,366,30089,30094,763,,0,6,close_through_down,LONG,1.402574,0.44646,0.666667,88.18,12,3,30824,16,0,TARGET
867,FIRST_TOUCH,30899,2026-06-21T21:31:00.000,58,0,369,30178,30194,2114,,0,1,first_touch,SHORT,1.13412,0.466152,0.941176,66.84,34,1,,0,0,
868,AT_PRICE_CREATED,30908,2026-06-21T21:40:00.000,58,5,371,30168,30174,1388,773,39,0,AT_PRICE,NEUTRAL,1.795602,0.593416,0.857143,79.52,0,2,,0,0,
869,AT_PRICE_CREATED,30918,2026-06-21T21:50:00.000,58,5,372,30178,30182,987,773,39,0,AT_PRICE,NEUTRAL,1.276843,0.503828,1,69.38,0,3,,0,0,
870,ZONE_INVALIDATED,30927,2026-06-21T21:59:00.000,58,0,369,30178,30194,2114,,0,16,close_through_up,SHORT,1.13412,0.466152,0.941176,66.84,34,1,30899,13,4,TARGET
871,ZONE_CREATED,30998,2026-06-21T23:10:00.000,58,8,373,30196,30198,1356,519,34,0,OFF_PRICE,SHORT,2.612717,0.577759,1,86.25,1,3,,0,0,
872,AT_PRICE_CREATED,31008,2026-06-21T23:20:00.000,58,8,374,30182,30189,1598,519,34,0,AT_PRICE,NEUTRAL,3.078998,0.708962,0.875,83.13,0,4,,0,0,
873,ZONE_CREATED,31018,2026-06-21T23:30:00.000,58,8,375,30184,30185,557,519,34,0,OFF_PRICE,SHORT,1.073218,0.24123,1,70.13,14,5,,0,0,
874,ZONE_CREATED,31038,2026-06-21T23:50:00.000,58,9,376,30157,30161,792,641,34,0,OFF_PRICE,SHORT,1.235569,0.443697,0.8,69.74,5,6,,0,0,
875,FIRST_TOUCH,31041,2026-06-21T23:53:00.000,58,9,376,30157,30161,792,,0,1,first_touch,SHORT,1.235569,0.443697,0.8,69.74,5,6,,0,0,
876,AT_PRICE_CREATED,31058,2026-06-22T00:10:00.000,58,10,377,30144,30146,909,898,35,0,AT_PRICE,NEUTRAL,1.012249,0.347876,1,50.86,0,5,,0,0,
877,ZONE_INVALIDATED,31072,2026-06-22T00:24:00.000,58,9,376,30157,30161,792,,0,16,close_through_up,SHORT,1.235569,0.443697,0.8,69.74,5,6,31041,19,4,TARGET
878,ZONE_CREATED,31178,2026-06-22T02:10:00.000,58,14,378,30158,30160,1197,564,34,0,OFF_PRICE,LONG,2.12234,0.354667,1,100,14,6,,0,0,
879,FIRST_TOUCH,31182,2026-06-22T02:14:00.000,58,8,375,30184,30185,557,,0,1,first_touch,SHORT,1.073218,0.24123,1,70.13,14,5,,0,0,
880,ZONE_INVALIDATED,31205,2026-06-22T02:37:00.000,58,8,375,30184,30185,557,,0,3,close_through_up,SHORT,1.073218,0.24123,1,70.13,14,5,31182,14,4,TARGET
881,FIRST_TOUCH,31232,2026-06-22T03:04:00.000,58,8,373,30196,30198,1356,,0,1,first_touch,SHORT,2.612717,0.577759,1,86.25,1,3,,0,0,
882,ZONE_INVALIDATED,31234,2026-06-22T03:06:00.000,58,8,373,30196,30198,1356,,0,3,close_through_up,SHORT,2.612717,0.577759,1,86.25,1,3,31232,8,3,
883,ZONE_CREATED,31238,2026-06-22T03:10:00.000,58,16,379,30190,30195,2282,866,35,0,OFF_PRICE,LONG,2.635104,0.459525,0.833333,97.5,12,3,,0,0,
884,AT_PRICE_CREATED,31258,2026-06-22T03:30:00.000,58,16,380,30233,30238,1348,866,35,0,AT_PRICE,NEUTRAL,1.556582,0.474314,1,78.33,0,1,,0,0,
885,ZONE_CREATED,31538,2026-06-22T08:10:00.000,58,26,381,30277,30292,3448,1373,41,0,OFF_PRICE,SHORT,2.511289,0.432351,1,80.83,2,1,,0,0,
886,ZONE_CREATED,31548,2026-06-22T08:20:00.000,58,26,382,30244,30254,2028,1373,41,0,OFF_PRICE,LONG,1.477058,0.682139,1,81.31,1,2,,0,0,
887,FIRST_TOUCH,31549,2026-06-22T08:21:00.000,58,26,382,30244,30254,2028,,0,1,first_touch,LONG,1.477058,0.682139,1,81.31,1,2,,0,0,
888,FIRST_TOUCH,31600,2026-06-22T09:12:00.000,58,26,381,30277,30292,3448,,0,1,first_touch,SHORT,2.511289,0.432351,1,80.83,2,1,,0,0,
889,ZONE_INVALIDATED,31611,2026-06-22T09:23:00.000,58,26,381,30277,30292,3448,,0,10,close_through_up,SHORT,2.511289,0.432351,1,80.83,2,1,31600,7,9,STOP
890,ZONE_CREATED,31618,2026-06-22T09:30:00.000,58,28,383,30290,30296,2642,2569,43,0,OFF_PRICE,LONG,1.028416,0.716572,1,49.91,1,2,,0,0,
891,FIRST_TOUCH,31619,2026-06-22T09:31:00.000,58,28,383,30290,30296,2642,,0,1,first_touch,LONG,1.028416,0.716572,1,49.91,1,2,,0,0,
892,ZONE_INVALIDATED,31631,2026-06-22T09:43:00.000,58,28,383,30290,30296,2642,,0,10,close_through_down,LONG,1.028416,0.716572,1,49.91,1,2,31619,9,15,STOP
893,ZONE_CREATED,31688,2026-06-22T10:40:00.000,58,31,384,30343,30354,16106,13562,55,0,OFF_PRICE,LONG,1.187583,0.27724,1,71.46,27,1,,0,0,
894,FIRST_TOUCH,31690,2026-06-22T10:42:00.000,58,31,384,30343,30354,16106,,0,1,first_touch,LONG,1.187583,0.27724,1,71.46,27,1,,0,0,
895,ZONE_INVALIDATED,31690,2026-06-22T10:42:00.000,58,31,384,30343,30354,16106,,0,1,close_through_down,LONG,1.187583,0.27724,1,71.46,27,1,31690,24,19,AMBIGUOUS
896,ZONE_CREATED,31708,2026-06-22T11:00:00.000,58,31,385,30359,30368,16877,13562,55,0,OFF_PRICE,LONG,1.244433,0.481842,1,78.78,17,2,,0,0,
897,FIRST_TOUCH,31711,2026-06-22T11:03:00.000,58,31,385,30359,30368,16877,,0,1,first_touch,LONG,1.244433,0.481842,1,78.78,17,2,,0,0,
898,ZONE_INVALIDATED,31724,2026-06-22T11:16:00.000,58,31,385,30359,30368,16877,,0,9,close_through_down,LONG,1.244433,0.481842,1,78.78,17,2,31711,13,3,TARGET
899,ZONE_INVALIDATED,31739,2026-06-22T11:31:00.000,58,26,382,30244,30254,2028,,0,39,close_through_down,LONG,1.477058,0.682139,1,81.31,1,2,31549,1,11,STOP
900,FIRST_TOUCH,31741,2026-06-22T11:33:00.000,58,16,379,30190,30195,2282,,0,1,first_touch,LONG,2.635104,0.459525,0.833333,97.5,12,3,,0,0,
901,ZONE_INVALIDATED,31752,2026-06-22T11:44:00.000,58,16,379,30190,30195,2282,,0,9,close_through_down,LONG,2.635104,0.459525,0.833333,97.5,12,3,31741,14,9,AMBIGUOUS
902,FIRST_TOUCH,31753,2026-06-22T11:45:00.000,58,14,378,30158,30160,1197,,0,1,first_touch,LONG,2.12234,0.354667,1,100,14,6,,0,0,
903,ZONE_INVALIDATED,31760,2026-06-22T11:52:00.000,58,14,378,30158,30160,1197,,0,2,close_through_down,LONG,2.12234,0.354667,1,100,14,6,31753,20,0,TARGET
904,ZONE_CREATED,31768,2026-06-22T12:00:00.000,58,33,386,30155,30162,9844,8616,55,0,OFF_PRICE,LONG,1.142526,0.215787,1,65.81,10,1,,0,0,
905,FIRST_TOUCH,31774,2026-06-22T12:06:00.000,58,33,386,30155,30162,9844,,0,1,first_touch,LONG,1.142526,0.215787,1,65.81,10,1,,0,0,
906,ZONE_INVALIDATED,31775,2026-06-22T12:07:00.000,58,33,386,30155,30162,9844,,0,2,close_through_down,LONG,1.142526,0.215787,1,65.81,10,1,31774,25,0,TARGET
907,ZONE_CREATED,31818,2026-06-22T12:50:00.000,58,35,387,30220,30231,9912,8540,54,0,OFF_PRICE,SHORT,1.160656,0.330224,1,69.58,58,1,,0,0,
908,AT_PRICE_CREATED,31828,2026-06-22T13:00:00.000,58,35,388,30168,30176,16480,8540,54,0,AT_PRICE,NEUTRAL,1.929742,0.668723,1,81.67,0,2,,0,0,
909,AT_PRICE_CREATED,32008,2026-06-22T16:00:00.000,58,41,389,30131,30146,15090,10644,47,0,AT_PRICE,NEUTRAL,1.4177,0.777514,1,75.91,0,2,,0,0,
910,AT_PRICE_CREATED,32268,2026-06-22T21:20:00.000,59,4,390,30100,30108,2017,1834,41,0,AT_PRICE,NEUTRAL,1.099782,0.656148,0.888889,48.65,0,1,,0,0,
911,ZONE_CREATED,32288,2026-06-22T21:40:00.000,59,5,391,30111,30120,1499,1388,41,0,OFF_PRICE,LONG,1.079971,0.633827,1,67.26,13,2,,0,0,
912,AT_PRICE_CREATED,32318,2026-06-22T22:10:00.000,59,6,392,30160,30166,1525,975,42,0,AT_PRICE,NEUTRAL,1.564103,0.638075,1,78.33,0,1,,0,0,
913,FIRST_TOUCH,32343,2026-06-22T22:35:00.000,59,5,391,30111,30120,1499,,0,1,first_touch,LONG,1.079971,0.633827,1,67.26,13,2,,0,0,
914,ZONE_INVALIDATED,32344,2026-06-22T22:36:00.000,59,5,391,30111,30120,1499,,0,2,close_through_down,LONG,1.079971,0.633827,1,67.26,13,2,32343,13,2,TARGET
915,AT_PRICE_CREATED,32348,2026-06-22T22:40:00.000,59,7,393,30100,30106,1086,862,42,0,AT_PRICE,NEUTRAL,1.259861,0.335289,1,68.19,0,3,,0,0,
916,AT_PRICE_CREATED,32358,2026-06-22T22:50:00.000,59,7,394,30073,30081,1988,862,42,0,AT_PRICE,NEUTRAL,2.306265,0.485707,1,85,0,4,,0,0,
917,ZONE_CREATED,32368,2026-06-22T23:00:00.000,59,7,395,30080,30087,1327,862,42,0,OFF_PRICE,LONG,1.539443,0.274684,0.875,85.63,2,5,,0,0,
918,FIRST_TOUCH,32369,2026-06-22T23:01:00.000,59,7,395,30080,30087,1327,,0,1,first_touch,LONG,1.539443,0.274684,0.875,85.63,2,5,,0,0,
919,ZONE_INVALIDATED,32376,2026-06-22T23:08:00.000,59,7,395,30080,30087,1327,,0,8,close_through_down,LONG,1.539443,0.274684,0.875,85.63,2,5,32369,12,1,TARGET
920,ZONE_CREATED,32478,2026-06-23T00:50:00.000,59,11,396,29994,29995,1208,552,34,0,OFF_PRICE,LONG,2.188406,0.287482,1,83.33,4,1,,0,0,
921,ZONE_CREATED,32488,2026-06-23T01:00:00.000,59,11,397,30016,30023,1383,552,34,0,OFF_PRICE,LONG,2.505435,0.494458,1,96.67,12,2,,0,0,
922,FIRST_TOUCH,32495,2026-06-23T01:07:00.000,59,11,397,30016,30023,1383,,0,1,first_touch,LONG,2.505435,0.494458,1,96.67,12,2,,0,0,
923,ZONE_INVALIDATED,32498,2026-06-23T01:10:00.000,59,11,397,30016,30023,1383,,0,4,close_through_down,LONG,2.505435,0.494458,1,96.67,12,2,32495,6,12,STOP
924,FIRST_TOUCH,32504,2026-06-23T01:16:00.000,59,11,396,29994,29995,1208,,0,1,first_touch,LONG,2.188406,0.287482,1,83.33,4,1,,0,0,
925,ZONE_INVALIDATED,32505,2026-06-23T01:17:00.000,59,11,396,29994,29995,1208,,0,2,close_through_down,LONG,2.188406,0.287482,1,83.33,4,1,32504,12,3,TARGET
926,ZONE_CREATED,32518,2026-06-23T01:30:00.000,59,12,398,29979,29984,1067,749,35,0,OFF_PRICE,LONG,1.424566,0.579262,0.833333,80.97,3,3,,0,0,
927,FIRST_TOUCH,32519,2026-06-23T01:31:00.000,59,12,398,29979,29984,1067,,0,1,first_touch,LONG,1.424566,0.579262,0.833333,80.97,3,3,,0,0,
928,ZONE_INVALIDATED,32520,2026-06-23T01:32:00.000,59,12,398,29979,29984,1067,,0,2,close_through_down,LONG,1.424566,0.579262,0.833333,80.97,3,3,32519,3,8,STOP
929,AT_PRICE_CREATED,32578,2026-06-23T02:30:00.000,59,14,399,29900,29907,1312,1197,36,0,AT_PRICE,NEUTRAL,1.096074,0.374536,0.875,48.18,0,1,,0,0,
930,ZONE_CREATED,32588,2026-06-23T02:40:00.000,59,15,400,29891,29895,1116,763,36,0,OFF_PRICE,SHORT,1.462647,0.241663,0.8,89.8,11,2,,0,0,
931,FIRST_TOUCH,32593,2026-06-23T02:45:00.000,59,15,400,29891,29895,1116,,0,1,first_touch,SHORT,1.462647,0.241663,0.8,89.8,11,2,,0,0,
932,ZONE_INVALIDATED,32597,2026-06-23T02:49:00.000,59,15,400,29891,29895,1116,,0,5,close_through_up,SHORT,1.462647,0.241663,0.8,89.8,11,2,32593,7,13,STOP
933,ZONE_CREATED,32598,2026-06-23T02:50:00.000,59,15,401,29898,29900,1255,763,36,0,OFF_PRICE,SHORT,1.644823,0.290644,1,86.25,1,3,,0,0,
934,FIRST_TOUCH,32599,2026-06-23T02:51:00.000,59,15,401,29898,29900,1255,,0,1,first_touch,SHORT,1.644823,0.290644,1,86.25,1,3,,0,0,
935,ZONE_INVALIDATED,32599,2026-06-23T02:51:00.000,59,15,401,29898,29900,1255,,0,1,close_through_up,SHORT,1.644823,0.290644,1,86.25,1,3,32599,4,6,
936,ZONE_CREATED,32648,2026-06-23T03:40:00.000,59,17,402,29819,29824,1962,1020,39,0,OFF_PRICE,SHORT,1.923529,0.431778,0.833333,78.33,2,1,,0,0,
937,FIRST_TOUCH,32649,2026-06-23T03:41:00.000,59,17,402,29819,29824,1962,,0,1,first_touch,SHORT,1.923529,0.431778,0.833333,78.33,2,1,,0,0,
938,ZONE_CREATED,32668,2026-06-23T04:00:00.000,59,17,403,29796,29804,1438,1020,39,0,OFF_PRICE,SHORT,1.409804,0.443143,0.777778,80.77,7,2,,0,0,
939,FIRST_TOUCH,32675,2026-06-23T04:07:00.000,59,17,403,29796,29804,1438,,0,1,first_touch,SHORT,1.409804,0.443143,0.777778,80.77,7,2,,0,0,
940,ZONE_INVALIDATED,32676,2026-06-23T04:08:00.000,59,17,403,29796,29804,1438,,0,2,close_through_up,SHORT,1.409804,0.443143,0.777778,80.77,7,2,32675,7,13,STOP
941,ZONE_CREATED,32678,2026-06-23T04:10:00.000,59,18,404,29782,29792,2948,1282,40,0,OFF_PRICE,LONG,2.299532,0.461924,1,100,27,3,,0,0,
942,FIRST_TOUCH,32687,2026-06-23T04:19:00.000,59,18,404,29782,29792,2948,,0,1,first_touch,LONG,2.299532,0.461924,1,100,27,3,,0,0,
943,ZONE_INVALIDATED,32692,2026-06-23T04:24:00.000,59,18,404,29782,29792,2948,,0,6,close_through_down,LONG,2.299532,0.461924,1,100,27,3,32687,4,9,STOP
944,ZONE_CREATED,32718,2026-06-23T04:50:00.000,59,19,405,29756,29764,2049,1478,38,0,OFF_PRICE,SHORT,1.386333,0.419104,0.777778,77.46,3,3,,0,0,
945,AT_PRICE_CREATED,32768,2026-06-23T05:40:00.000,59,21,406,29721,29734,2707,2487,41,0,AT_PRICE,NEUTRAL,1.08846,0.544011,0.857143,50.72,0,2,,0,0,
946,FIRST_TOUCH,32802,2026-06-23T06:14:00.000,59,19,405,29756,29764,2049,,0,1,first_touch,SHORT,1.386333,0.419104,0.777778,77.46,3,3,,0,0,
947,ZONE_INVALIDATED,32812,2026-06-23T06:24:00.000,59,19,405,29756,29764,2049,,0,7,close_through_up,SHORT,1.386333,0.419104,0.777778,77.46,3,3,32802,13,1,TARGET
948,AT_PRICE_CREATED,32818,2026-06-23T06:30:00.000,59,22,407,29775,29781,2202,1542,42,0,AT_PRICE,NEUTRAL,1.428016,0.382093,0.857143,77.82,0,4,,0,0,
949,ZONE_CREATED,32848,2026-06-23T07:00:00.000,59,23,408,29773,29776,1071,753,41,0,OFF_PRICE,LONG,1.422311,0.387342,1,82.06,2,5,,0,0,
950,FIRST_TOUCH,32849,2026-06-23T07:01:00.000,59,23,408,29773,29776,1071,,0,1,first_touch,LONG,1.422311,0.387342,1,82.06,2,5,,0,0,
951,ZONE_INVALIDATED,32859,2026-06-23T07:11:00.000,59,23,408,29773,29776,1071,,0,4,close_through_down,LONG,1.422311,0.387342,1,82.06,2,5,32849,16,3,TARGET
952,ZONE_CREATED,32888,2026-06-23T07:40:00.000,59,25,409,29738,29742,2316,1229,39,0,OFF_PRICE,SHORT,1.884459,0.340638,1,93.75,7,5,,0,0,
953,FIRST_TOUCH,32896,2026-06-23T07:48:00.000,59,25,409,29738,29742,2316,,0,1,first_touch,SHORT,1.884459,0.340638,1,93.75,7,5,,0,0,
954,ZONE_INVALIDATED,32897,2026-06-23T07:49:00.000,59,25,409,29738,29742,2316,,0,2,close_through_up,SHORT,1.884459,0.340638,1,93.75,7,5,32896,6,8,STOP
955,AT_PRICE_CREATED,32968,2026-06-23T09:00:00.000,59,27,410,29802,29812,4262,2002,45,0,AT_PRICE,NEUTRAL,2.128871,0.677476,0.909091,83.64,0,3,,0,0,
956,AT_PRICE_CREATED,32998,2026-06-23T09:30:00.000,59,28,411,29746,29755,3673,2642,45,0,AT_PRICE,NEUTRAL,1.390235,0.523816,1,77.32,0,4,,0,0,
957,ZONE_INVALIDATED,33059,2026-06-23T10:31:00.000,59,40,142,29684,29689,270,,0,7,close_through_down,LONG,2.109375,0.110114,1,88.76,48,3,22551,32,12,AMBIGUOUS
958,ZONE_INVALIDATED,33077,2026-06-23T10:49:00.000,59,17,402,29819,29824,1962,,0,7,close_through_up,SHORT,1.923529,0.431778,0.833333,78.33,2,1,32649,1,10,STOP
959,ZONE_CREATED,33088,2026-06-23T11:00:00.000,59,31,412,29847,29857,29943,16877,57,0,OFF_PRICE,LONG,1.77419,0.520304,1,83.33,4,1,,0,0,
960,FIRST_TOUCH,33089,2026-06-23T11:01:00.000,59,31,412,29847,29857,29943,,0,1,first_touch,LONG,1.77419,0.520304,1,83.33,4,1,,0,0,
961,ZONE_CREATED,33098,2026-06-23T11:10:00.000,59,32,413,29886,29906,41428,10086,58,0,OFF_PRICE,LONG,4.107476,0.745926,1,89.58,9,1,,0,0,
962,FIRST_TOUCH,33100,2026-06-23T11:12:00.000,59,32,413,29886,29906,41428,,0,1,first_touch,LONG,4.107476,0.745926,1,89.58,9,1,,0,0,
963,ZONE_CREATED,33108,2026-06-23T11:20:00.000,59,32,414,29926,29937,23665,10086,58,0,OFF_PRICE,LONG,2.346322,0.500381,0.916667,90.42,8,2,,0,0,
964,FIRST_TOUCH,33110,2026-06-23T11:22:00.000,59,32,414,29926,29937,23665,,0,1,first_touch,LONG,2.346322,0.500381,0.916667,90.42,8,2,,0,0,
965,ZONE_INVALIDATED,33111,2026-06-23T11:23:00.000,59,32,414,29926,29937,23665,,0,2,close_through_down,LONG,2.346322,0.500381,0.916667,90.42,8,2,33110,12,6,TARGET
966,AT_PRICE_CREATED,33118,2026-06-23T11:30:00.000,59,32,415,29924,29935,17534,10086,58,0,AT_PRICE,NEUTRAL,1.738449,0.380504,0.916667,83.75,0,3,,0,0,
967,ZONE_INVALIDATED,33128,2026-06-23T11:40:00.000,59,32,413,29886,29906,41428,,0,10,close_through_down,LONG,4.107476,0.745926,1,89.58,9,1,33100,27,1,TARGET
968,AT_PRICE_CREATED,33138,2026-06-23T11:50:00.000,59,33,416,29868,29875,14658,9001,56,0,AT_PRICE,NEUTRAL,1.628486,0.328037,1,85,0,3,,0,0,
969,ZONE_INVALIDATED,33145,2026-06-23T11:57:00.000,59,31,412,29847,29857,29943,,0,9,close_through_down,LONG,1.77419,0.520304,1,83.33,4,1,33089,21,2,TARGET
970,ZONE_CREATED,33218,2026-06-23T13:10:00.000,59,36,417,29838,29847,12097,10356,50,0,OFF_PRICE,LONG,1.168115,0.446945,1,76.77,18,3,,0,0,
971,FIRST_TOUCH,33229,2026-06-23T13:21:00.000,59,36,417,29838,29847,12097,,0,1,first_touch,LONG,1.168115,0.446945,1,76.77,18,3,,0,0,
972,ZONE_INVALIDATED,33323,2026-06-23T14:55:00.000,59,36,417,29838,29847,12097,,0,9,close_through_down,LONG,1.168115,0.446945,1,76.77,18,3,33229,13,4,TARGET
973,AT_PRICE_CREATED,33378,2026-06-23T15:50:00.000,59,41,418,29734,29741,12248,10644,50,0,AT_PRICE,NEUTRAL,1.150695,0.33652,1,53.88,0,1,,0,0,
974,AT_PRICE_CREATED,33418,2026-06-23T16:30:00.000,59,42,419,29777,29791,17983,15073,44,0,AT_PRICE,NEUTRAL,1.19306,0.584338,1,56.85,0,1,,0,0,
975,ZONE_CREATED,33458,2026-06-23T17:10:00.000,59,44,420,29732,29745,24771,21429,48,0,OFF_PRICE,LONG,1.155957,0.732848,1,72.58,14,2,,0,0,
976,FIRST_TOUCH,33466,2026-06-23T17:18:00.000,59,44,420,29732,29745,24771,,0,1,first_touch,LONG,1.155957,0.732848,1,72.58,14,2,,0,0,
977,ZONE_INVALIDATED,33544,2026-06-23T19:36:00.000,60,44,420,29732,29745,24771,,0,4,close_through_down,LONG,1.155957,0.732848,1,72.58,14,2,33466,13,4,TARGET
978,AT_PRICE_CREATED,33568,2026-06-23T20:00:00.000,60,1,421,29736,29741,1016,889,43,0,AT_PRICE,NEUTRAL,1.142857,0.741606,1,60,0,3,,0,0,
979,ZONE_CREATED,33608,2026-06-23T20:40:00.000,60,3,422,29720,29724,686,595,45,0,OFF_PRICE,SHORT,1.152941,0.412508,1,68.21,6,3,,0,0,
980,FIRST_TOUCH,33609,2026-06-23T20:41:00.000,60,3,422,29720,29724,686,,0,1,first_touch,SHORT,1.152941,0.412508,1,68.21,6,3,,0,0,
981,ZONE_INVALIDATED,33609,2026-06-23T20:41:00.000,60,3,422,29720,29724,686,,0,1,close_through_up,SHORT,1.152941,0.412508,1,68.21,6,3,33609,9,6,
982,ZONE_CREATED,33618,2026-06-23T20:50:00.000,60,3,423,29788,29801,1487,595,45,0,OFF_PRICE,SHORT,2.49916,0.367251,0.928571,83.1,2,2,,0,0,
983,FIRST_TOUCH,33619,2026-06-23T20:51:00.000,60,3,423,29788,29801,1487,,0,1,first_touch,SHORT,2.49916,0.367251,0.928571,83.1,2,2,,0,0,
984,ZONE_INVALIDATED,33629,2026-06-23T21:01:00.000,60,3,423,29788,29801,1487,,0,10,close_through_up,SHORT,2.49916,0.367251,0.928571,83.1,2,2,33619,11,22,STOP
985,AT_PRICE_CREATED,33648,2026-06-23T21:20:00.000,60,4,424,29824,29831,2589,2017,43,0,AT_PRICE,NEUTRAL,1.283589,0.527077,1,66.52,0,2,,0,0,
986,ZONE_CREATED,33808,2026-06-24T00:00:00.000,60,9,425,29734,29742,1397,792,40,0,OFF_PRICE,SHORT,1.763889,0.56127,0.888889,95,13,2,,0,0,
987,FIRST_TOUCH,33810,2026-06-24T00:02:00.000,60,9,425,29734,29742,1397,,0,1,first_touch,SHORT,1.763889,0.56127,0.888889,95,13,2,,0,0,
988,ZONE_INVALIDATED,33818,2026-06-24T00:10:00.000,60,9,425,29734,29742,1397,,0,3,close_through_up,SHORT,1.763889,0.56127,0.888889,95,13,2,33810,13,5,TARGET
989,AT_PRICE_CREATED,34438,2026-06-24T10:30:00.000,60,30,426,29778,29791,8468,4898,51,0,AT_PRICE,NEUTRAL,1.728869,0.571544,0.857143,76.19,0,1,,0,0,
990,ZONE_CREATED,34508,2026-06-24T11:40:00.000,60,33,427,29855,29869,26385,9844,57,0,OFF_PRICE,SHORT,2.680313,0.764428,1,93.33,20,1,,0,0,
991,FIRST_TOUCH,34509,2026-06-24T11:41:00.000,60,33,427,29855,29869,26385,,0,1,first_touch,SHORT,2.680313,0.764428,1,93.33,20,1,,0,0,
992,ZONE_INVALIDATED,34513,2026-06-24T11:45:00.000,60,33,427,29855,29869,26385,,0,3,close_through_up,SHORT,2.680313,0.764428,1,93.33,20,1,34509,25,2,TARGET
993,AT_PRICE_CREATED,34518,2026-06-24T11:50:00.000,60,33,428,29914,29925,11887,9844,57,0,AT_PRICE,NEUTRAL,1.207538,0.2597,1,57.86,0,1,,0,0,
994,ZONE_CREATED,34528,2026-06-24T12:00:00.000,60,33,429,29931,29943,15937,9844,57,0,OFF_PRICE,LONG,1.618956,0.420213,0.923077,95.51,32,2,,0,0,
995,FIRST_TOUCH,34537,2026-06-24T12:09:00.000,60,33,429,29931,29943,15937,,0,1,first_touch,LONG,1.618956,0.420213,0.923077,95.51,32,2,,0,0,
996,ZONE_INVALIDATED,34538,2026-06-24T12:10:00.000,60,33,429,29931,29943,15937,,0,2,close_through_down,LONG,1.618956,0.420213,0.923077,95.51,32,2,34537,10,13,STOP
997,ZONE_CREATED,34558,2026-06-24T12:30:00.000,60,34,430,29950,29960,14433,11091,56,0,OFF_PRICE,LONG,1.301325,0.475286,1,86.09,14,3,,0,0,
998,FIRST_TOUCH,34560,2026-06-24T12:32:00.000,60,34,430,29950,29960,14433,,0,1,first_touch,LONG,1.301325,0.475286,1,86.09,14,3,,0,0,
999,ZONE_INVALIDATED,34562,2026-06-24T12:34:00.000,60,34,430,29950,29960,14433,,0,3,close_through_down,LONG,1.301325,0.475286,1,86.09,14,3,34560,19,2,TARGET
1000,ZONE_CREATED,34568,2026-06-24T12:40:00.000,60,35,431,29955,29967,14942,12164,57,0,OFF_PRICE,SHORT,1.228379,0.506045,1,80.99,12,3,,0,0,
1001,FIRST_TOUCH,34581,2026-06-24T12:53:00.000,60,35,431,29955,29967,14942,,0,1,first_touch,SHORT,1.228379,0.506045,1,80.99,12,3,,0,0,
1002,ZONE_CREATED,34628,2026-06-24T13:40:00.000,60,37,432,29889,29902,13665,9622,55,0,OFF_PRICE,SHORT,1.420183,0.4562,0.928571,93.34,42,3,,0,0,
1003,ZONE_CREATED,34678,2026-06-24T14:30:00.000,60,38,433,29707,29717,14071,11374,51,0,OFF_PRICE,SHORT,1.23712,0.354103,1,74.93,40,1,,0,0,
1004,AT_PRICE_CREATED,34698,2026-06-24T14:50:00.000,60,39,434,29668,29686,18961,10337,49,0,AT_PRICE,NEUTRAL,1.834285,0.624971,0.894737,80.09,0,2,,0,0,
1005,FIRST_TOUCH,34704,2026-06-24T14:56:00.000,60,38,433,29707,29717,14071,,0,1,first_touch,SHORT,1.23712,0.354103,1,74.93,40,1,,0,0,
1006,ZONE_INVALIDATED,34724,2026-06-24T15:16:00.000,60,38,433,29707,29717,14071,,0,8,close_through_up,SHORT,1.23712,0.354103,1,74.93,40,1,34704,22,1,TARGET
1007,FIRST_TOUCH,34851,2026-06-24T17:23:00.000,60,37,432,29889,29902,13665,,0,1,first_touch,SHORT,1.420183,0.4562,0.928571,93.34,42,3,,0,0,
1008,ZONE_CREATED,34868,2026-06-24T17:40:00.000,60,45,435,29879,29886,3113,2334,40,0,OFF_PRICE,LONG,1.333762,0.505357,0.875,73.57,7,1,,0,0,
1009,ZONE_INVALIDATED,34871,2026-06-24T17:43:00.000,60,37,432,29889,29902,13665,,0,16,close_through_up,SHORT,1.420183,0.4562,0.928571,93.34,42,3,34851,13,2,TARGET
1010,AT_PRICE_CREATED,34878,2026-06-24T17:50:00.000,60,45,436,29913,29921,3687,2334,40,0,AT_PRICE,NEUTRAL,1.579692,0.509536,1,81.67,0,2,,0,0,
1011,FIRST_TOUCH,34906,2026-06-24T19:18:00.000,61,45,435,29879,29886,3113,,0,1,first_touch,LONG,1.333762,0.505357,0.875,73.57,7,1,,0,0,
1012,ZONE_INVALIDATED,34915,2026-06-24T19:27:00.000,61,45,435,29879,29886,3113,,0,7,close_through_down,LONG,1.333762,0.505357,0.875,73.57,7,1,34906,15,4,TARGET
1013,AT_PRICE_CREATED,35048,2026-06-24T21:40:00.000,61,5,437,29838,29849,1656,1499,46,0,AT_PRICE,NEUTRAL,1.104736,0.686852,1,54,0,2,,0,0,
1014,ZONE_INVALIDATED,35759,2026-06-25T09:31:00.000,61,35,431,29955,29967,14942,,0,13,close_through_up,SHORT,1.228379,0.506045,1,80.99,12,3,34581,22,0,TARGET
1015,AT_PRICE_CREATED,35768,2026-06-25T09:40:00.000,61,29,438,29942,29977,11767,3415,51,0,AT_PRICE,NEUTRAL,3.445681,0.879053,0.972222,77.92,0,1,,0,0,
1016,AT_PRICE_CREATED,35828,2026-06-25T10:40:00.000,61,31,439,29864,29880,27372,17031,59,0,AT_PRICE,NEUTRAL,1.607187,0.370458,1,78.33,0,1,,0,0,
1017,AT_PRICE_CREATED,35838,2026-06-25T10:50:00.000,61,31,440,29668,29701,33619,17031,59,0,AT_PRICE,NEUTRAL,1.973989,0.327479,1,78.33,0,1,,0,0,
1018,ZONE_CREATED,35848,2026-06-25T11:00:00.000,61,31,441,29588,29610,28715,17031,59,0,OFF_PRICE,SHORT,1.686043,0.27833,0.869565,91.38,15,1,,0,0,
1019,FIRST_TOUCH,35849,2026-06-25T11:01:00.000,61,31,441,29588,29610,28715,,0,1,first_touch,SHORT,1.686043,0.27833,0.869565,91.38,15,1,,0,0,
1020,ZONE_INVALIDATED,35850,2026-06-25T11:02:00.000,61,31,441,29588,29610,28715,,0,2,close_through_up,SHORT,1.686043,0.27833,0.869565,91.38,15,1,35849,18,29,AMBIGUOUS
1021,ZONE_CREATED,35858,2026-06-25T11:10:00.000,61,32,442,29752,29777,24507,23665,58,0,OFF_PRICE,LONG,1.03558,0.254322,0.923077,47.17,2,1,,0,0,
1022,FIRST_TOUCH,35862,2026-06-25T11:14:00.000,61,32,442,29752,29777,24507,,0,1,first_touch,LONG,1.03558,0.254322,0.923077,47.17,2,1,,0,0,
1023,ZONE_INVALIDATED,35863,2026-06-25T11:15:00.000,61,32,442,29752,29777,24507,,0,2,close_through_down,LONG,1.03558,0.254322,0.923077,47.17,2,1,35862,16,28,AMBIGUOUS
1024,AT_PRICE_CREATED,36578,2026-06-26T00:10:00.000,62,10,443,29466,29474,1704,909,45,0,AT_PRICE,NEUTRAL,1.874587,0.681327,1,78.33,0,1,,0,0,
1025,AT_PRICE_CREATED,36588,2026-06-26T00:20:00.000,62,10,444,29474,29481,1630,909,45,0,AT_PRICE,NEUTRAL,1.793179,0.695689,1,81.67,0,2,,0,0,
1026,AT_PRICE_CREATED,36668,2026-06-26T01:40:00.000,62,13,445,29480,29487,790,777,45,0,AT_PRICE,NEUTRAL,1.016731,0.475331,1,51.17,0,3,,0,0,
1027,AT_PRICE_CREATED,36688,2026-06-26T02:00:00.000,62,13,446,29466,29472,872,777,45,0,AT_PRICE,NEUTRAL,1.122265,0.607666,0.857143,56.42,0,4,,0,0,
1028,ZONE_CREATED,36728,2026-06-26T02:40:00.000,62,15,447,29522,29529,1446,1255,44,0,OFF_PRICE,SHORT,1.152191,0.570865,1,68.99,22,1,,0,0,
1029,FIRST_TOUCH,36770,2026-06-26T03:22:00.000,62,15,447,29522,29529,1446,,0,1,first_touch,SHORT,1.152191,0.570865,1,68.99,22,1,,0,0,
1030,ZONE_INVALIDATED,36774,2026-06-26T03:26:00.000,62,15,447,29522,29529,1446,,0,5,close_through_up,SHORT,1.152191,0.570865,1,68.99,22,1,36770,8,13,STOP
1031,AT_PRICE_CREATED,36978,2026-06-26T06:50:00.000,62,23,448,29568,29582,2083,1071,48,0,AT_PRICE,NEUTRAL,1.944911,0.842297,1,78.33,0,1,,0,0,
1032,AT_PRICE_CREATED,37198,2026-06-26T10:30:00.000,62,30,449,29516,29525,9919,8468,54,0,AT_PRICE,NEUTRAL,1.171351,0.644133,1,55.33,0,1,,0,0,
1033,AT_PRICE_CREATED,37208,2026-06-26T10:40:00.000,62,31,450,29491,29519,38259,29943,60,0,AT_PRICE,NEUTRAL,1.277728,0.579445,1,66.11,0,2,,0,0,
1034,AT_PRICE_CREATED,37258,2026-06-26T11:30:00.000,62,32,451,29707,29732,24900,24507,58,0,AT_PRICE,NEUTRAL,1.016036,0.803019,1,44.46,0,1,,0,0,
1035,AT_PRICE_CREATED,37378,2026-06-26T13:30:00.000,62,36,452,29700,29716,15629,12097,54,0,AT_PRICE,NEUTRAL,1.291973,0.620469,1,67.1,0,2,,0,0,
1036,ZONE_CREATED,37498,2026-06-26T15:30:00.000,62,40,453,29709,29717,7321,5787,52,0,OFF_PRICE,SHORT,1.265077,0.411385,0.888889,78.56,24,2,,0,0,
1037,FIRST_TOUCH,37502,2026-06-26T15:34:00.000,62,40,453,29709,29717,7321,,0,1,first_touch,SHORT,1.265077,0.411385,0.888889,78.56,24,2,,0,0,
1038,ZONE_INVALIDATED,37502,2026-06-26T15:34:00.000,62,40,453,29709,29717,7321,,0,1,close_through_up,SHORT,1.265077,0.411385,0.888889,78.56,24,2,37502,8,10,STOP
1039,AT_PRICE_CREATED,37598,2026-06-26T17:10:00.000,62,44,454,29585,29632,55353,21429,52,0,AT_PRICE,NEUTRAL,2.583088,0.811997,1,78.33,0,1,,0,0,
1040,AT_PRICE_CREATED,37628,2026-06-26T17:40:00.000,62,45,455,29606,29625,7046,3687,45,0,AT_PRICE,NEUTRAL,1.911039,0.587216,1,81.67,0,2,,0,0,
1041,ZONE_CREATED,37648,2026-06-26T18:00:00.000,62,45,456,29599,29613,4695,3687,45,0,OFF_PRICE,SHORT,1.273393,0.652536,0.866667,79.64,10,3,,0,0,
1042,FIRST_TOUCH,37649,2026-06-28T19:01:00.000,63,45,456,29599,29613,4695,,0,1,first_touch,SHORT,1.273393,0.652536,0.866667,79.64,10,3,,0,0,
1043,ZONE_INVALIDATED,37649,2026-06-28T19:01:00.000,63,45,456,29599,29613,4695,,0,1,close_through_up,SHORT,1.273393,0.652536,0.866667,79.64,10,3,37649,7,53,STOP
1044,AT_PRICE_CREATED,37658,2026-06-28T19:10:00.000,63,0,457,29717,29734,2899,2114,46,0,AT_PRICE,NEUTRAL,1.371334,0.379103,0.944444,71.83,0,2,,0,0,
1045,AT_PRICE_CREATED,37758,2026-06-28T20:50:00.000,63,3,458,29803,29812,1486,686,53,0,AT_PRICE,NEUTRAL,2.166181,0.750884,1,78.33,0,1,,0,0,
1046,AT_PRICE_CREATED,37798,2026-06-28T21:30:00.000,63,4,459,29692,29708,2728,2234,51,0,AT_PRICE,NEUTRAL,1.221128,0.755469,0.941176,61.26,0,2,,0,0,
1047,ZONE_CREATED,38128,2026-06-29T03:00:00.000,63,15,460,29820,29828,1808,1446,47,0,OFF_PRICE,LONG,1.250346,0.596897,1,62.11,1,1,,0,0,
1048,FIRST_TOUCH,38129,2026-06-29T03:01:00.000,63,15,460,29820,29828,1808,,0,1,first_touch,LONG,1.250346,0.596897,1,62.11,1,1,,0,0,
1049,ZONE_INVALIDATED,38130,2026-06-29T03:02:00.000,63,15,460,29820,29828,1808,,0,2,close_through_down,LONG,1.250346,0.596897,1,62.11,1,1,38129,3,10,STOP
1050,ZONE_CREATED,38198,2026-06-29T04:10:00.000,63,18,461,29750,29761,2569,1347,52,0,OFF_PRICE,LONG,1.907201,0.622034,0.916667,82.08,4,1,,0,0,
1051,FIRST_TOUCH,38199,2026-06-29T04:11:00.000,63,18,461,29750,29761,2569,,0,1,first_touch,LONG,1.907201,0.622034,0.916667,82.08,4,1,,0,0,
1052,ZONE_CREATED,38468,2026-06-29T08:40:00.000,63,27,462,29856,29871,3085,2002,54,0,OFF_PRICE,SHORT,1.540959,0.657222,1,79.58,1,1,,0,0,
1053,FIRST_TOUCH,38469,2026-06-29T08:41:00.000,63,27,462,29856,29871,3085,,0,1,first_touch,SHORT,1.540959,0.657222,1,79.58,1,1,,0,0,
1054,ZONE_INVALIDATED,38479,2026-06-29T08:51:00.000,63,27,462,29856,29871,3085,,0,11,close_through_up,SHORT,1.540959,0.657222,1,79.58,1,1,38469,4,8,STOP
1055,ZONE_INVALIDATED,38619,2026-06-29T11:11:00.000,63,18,461,29750,29761,2569,,0,9,close_through_down,LONG,1.907201,0.622034,0.916667,82.08,4,1,38199,10,12,STOP
1056,ZONE_CREATED,38668,2026-06-29T12:00:00.000,63,33,463,29847,29860,20951,15937,58,0,OFF_PRICE,LONG,1.314614,0.538586,1,83.69,12,2,,0,0,
1057,FIRST_TOUCH,38670,2026-06-29T12:02:00.000,63,33,463,29847,29860,20951,,0,1,first_touch,LONG,1.314614,0.538586,1,83.69,12,2,,0,0,
1058,ZONE_INVALIDATED,38676,2026-06-29T12:08:00.000,63,33,463,29847,29860,20951,,0,7,close_through_down,LONG,1.314614,0.538586,1,83.69,12,2,38670,7,14,STOP
1059,AT_PRICE_CREATED,38808,2026-06-29T14:20:00.000,63,38,464,29960,29970,14188,11656,55,0,AT_PRICE,NEUTRAL,1.217227,0.663673,1,58.54,0,1,,0,0,
1060,AT_PRICE_CREATED,39188,2026-06-29T21:40:00.000,64,5,465,29940,29949,1730,1499,52,0,AT_PRICE,NEUTRAL,1.154103,0.628177,1,54.12,0,1,,0,0,
1061,ZONE_CREATED,39228,2026-06-29T22:20:00.000,64,6,466,29940,29946,1014,975,54,0,OFF_PRICE,LONG,1.04,0.63217,1,61.97,10,2,,0,0,
1062,ZONE_CREATED,39878,2026-06-30T09:10:00.000,64,28,467,30018,30024,2768,2642,55,0,OFF_PRICE,SHORT,1.047691,0.49279,0.857143,45.78,1,1,,0,0,
1063,FIRST_TOUCH,39879,2026-06-30T09:11:00.000,64,28,467,30018,30024,2768,,0,1,first_touch,SHORT,1.047691,0.49279,0.857143,45.78,1,1,,0,0,
1064,ZONE_INVALIDATED,39880,2026-06-30T09:12:00.000,64,28,467,30018,30024,2768,,0,2,close_through_up,SHORT,1.047691,0.49279,0.857143,45.78,1,1,39879,1,13,STOP
1065,FIRST_TOUCH,40125,2026-06-30T13:17:00.000,64,35,387,30220,30231,9912,,0,1,first_touch,SHORT,1.160656,0.330224,1,69.58,58,1,,0,0,
1066,ZONE_INVALIDATED,40172,2026-06-30T14:04:00.000,64,35,387,30220,30231,9912,,0,17,close_through_up,SHORT,1.160656,0.330224,1,69.58,58,1,40125,16,1,TARGET
