id,instrument,start_ts,end_ts,bucket,dir,price_upper,price_lower,height_ticks,pasos,valid_steps,tick_res,avg_ms,total_ms,vol_rate,total_vol,max_tick_vol,cvd_sweep,buy_vol,sell_vol,delta_slope,delta_first,delta_second,no_move_ticks,no_move_vol,max_level_ticks,max_retro
33829,ES 06-26,1779672705268,1779672705300,Absorb,-1,7548.0,7547.75,1.0,46,44,1,0.7111111111111111,32.0,7312.5,234.0,158.0,180.0,207.0,27.0,6.134936786925686,10.0,170.0,42,226.0,30,0.0
33830,ES 06-26,1779677262180,1779677262196,Absorb,-1,7550.0,7549.5,2.0,118,115,1,0.13675213675213677,16.0,40187.5,643.0,375.0,637.0,640.0,3.0,6.702482296699644,159.0,478.0,113,638.0,51,0.0
33831,ES 06-26,1779677262196,1779677262316,Absorb,-1,7550.0,7549.5,2.0,55,49,1,2.2222222222222223,120.0,1675.0,201.0,42.0,113.0,157.0,44.0,1.0206349206349206,-19.0,132.0,43,105.0,26,0.0
33832,ES 06-26,1779677976264,1779677976524,Absorb,1,7551.75,7550.75,4.0,202,200,1,1.2935323383084578,260.0,1046.1538461538462,272.0,10.0,196.0,234.0,38.0,1.1295645850152254,149.0,47.0,194,264.0,98,0.0
33833,ES 06-26,1779678011096,1779678011276,Absorb,-1,7554.5,7553.75,3.0,216,210,1,0.8372093023255814,180.0,5000.0,900.0,400.0,858.0,879.0,21.0,4.198030459995952,638.0,220.0,206,844.0,84,0.0
33834,ES 06-26,1779678012128,1779678012400,Predator,-1,7555.75,7554.25,6.0,358,347,1,0.7619047619047619,272.0,2974.2647058823527,809.0,326.0,495.0,652.0,157.0,0.4909066348252315,492.0,3.0,339,462.0,107,0.0
33835,ES 06-26,1779684665700,1779684665704,Predator,-1,7562.5,7560.0,10.0,186,175,1,0.021621621621621623,4.0,84250.0,337.0,25.0,329.0,333.0,4.0,1.8945754793952136,147.0,182.0,172,317.0,25,0.0
33836,ES 06-26,1779685293052,1779685293128,Predator,-1,7561.75,7559.75,8.0,208,196,1,0.3671497584541063,76.0,5131.578947368421,390.0,29.0,2.0,196.0,194.0,-0.18356176622767012,94.0,-92.0,190,368.0,51,0.0
33837,ES 06-26,1779693505300,1779693505304,Predator,-1,7556.0,7553.5,10.0,194,189,1,0.02072538860103627,4.0,90500.0,362.0,36.0,-256.0,53.0,309.0,-1.4511313909102488,-191.0,-65.0,171,277.0,36,0.0
33838,ES 06-26,1779693525720,1779693525832,Predator,-1,7552.75,7550.25,10.0,383,367,1,0.2931937172774869,112.0,4892.857142857143,548.0,29.0,-134.0,207.0,341.0,-0.33121996876409715,-222.0,88.0,341,473.0,111,0.0
33839,ES 06-26,1779694371140,1779694371140,Predator,-1,7559.5,7557.5,8.0,129,119,1,0.0,0.0,222000.0,222.0,13.0,196.0,209.0,13.0,1.5711985688729875,107.0,89.0,116,198.0,22,0.0
33840,ES 06-26,1779694386780,1779694386780,Predator,-1,7564.25,7560.5,15.0,212,196,1,0.0,0.0,382000.0,382.0,39.0,358.0,370.0,12.0,1.7724923267585482,196.0,162.0,193,351.0,21,0.0
33841,ES 06-26,1779695180268,1779695180404,Predator,-1,7560.25,7558.75,6.0,160,151,1,0.8553459119496856,136.0,1477.941176470588,201.0,3.0,-61.0,70.0,131.0,-0.4188444861127388,-81.0,20.0,137,175.0,39,0.0
33842,ES 06-26,1779695187496,1779695187632,Predator,-1,7561.75,7560.0,7.0,162,151,1,0.84472049689441,136.0,1529.4117647058822,208.0,4.0,80.0,144.0,64.0,0.5341417323279153,85.0,-5.0,144,185.0,41,0.0
33843,ES 06-26,1779708799836,1779708799952,Predator,-1,7564.75,7562.75,8.0,336,310,1,0.34626865671641793,116.0,6672.413793103448,774.0,189.0,-174.0,300.0,474.0,-0.9133398290446876,100.0,-274.0,287,665.0,80,0.0
33844,ES 06-26,1779709532912,1779709533192,Predator,-1,7566.5,7564.75,7.0,272,252,1,1.033210332103321,280.0,1628.5714285714284,456.0,31.0,232.0,344.0,112.0,0.612094411991308,235.0,-3.0,238,372.0,143,0.0
33845,ES 06-26,1779709539244,1779709539424,Predator,-1,7565.75,7564.25,6.0,204,197,1,0.8866995073891626,180.0,1444.4444444444446,260.0,5.0,-90.0,85.0,175.0,-0.3831558190980345,-145.0,55.0,184,236.0,105,0.0
33846,ES 06-26,1779711819376,1779711819388,Predator,-1,7566.0,7563.5,10.0,196,183,1,0.06153846153846154,12.0,29666.666666666664,356.0,18.0,190.0,273.0,83.0,1.2836360159057767,136.0,54.0,177,321.0,30,0.0
33847,ES 06-26,1779711819388,1779711819580,Absorb,-1,7566.5,7565.5,4.0,322,297,1,0.5981308411214953,192.0,2020.8333333333333,388.0,7.0,28.0,208.0,180.0,-0.09854931086829821,-1.0,29.0,274,329.0,137,0.0
33848,ES 06-26,1779711821404,1779711821492,Predator,-1,7568.0,7566.5,6.0,155,140,1,0.5714285714285714,88.0,7579.545454545455,667.0,361.0,597.0,632.0,35.0,2.5073023750443104,93.0,504.0,130,616.0,33,0.0
33849,ES 06-26,1779713110560,1779713110572,Predator,-1,7561.75,7558.0,15.0,282,274,1,0.042704626334519574,12.0,41583.333333333336,499.0,22.0,-125.0,187.0,312.0,-0.368555223284793,-169.0,44.0,251,443.0,49,0.0
33850,ES 06-26,1779713110572,1779713110716,Predator,-1,7559.25,7558.0,5.0,218,207,1,0.663594470046083,144.0,2159.722222222222,311.0,7.0,231.0,271.0,40.0,1.1322621764796843,89.0,142.0,198,284.0,116,0.0
33851,ES 06-26,1779717095824,1779717095904,Predator,-1,7564.25,7562.75,6.0,187,180,1,0.43010752688172044,80.0,3075.0,246.0,6.0,-90.0,78.0,168.0,-0.7176914691751787,-72.0,-18.0,168,223.0,44,0.0
33852,ES 06-26,1779718720080,1779718720248,Predator,-1,7560.75,7559.5,5.0,172,171,1,0.9824561403508771,168.0,1285.7142857142856,216.0,10.0,-176.0,20.0,196.0,-1.039770248312002,-105.0,-71.0,164,205.0,66,0.0
33853,ES 06-26,1779720880664,1779720880776,Absorb,-1,7556.25,7555.25,4.0,194,189,1,0.5803108808290155,112.0,2071.4285714285716,232.0,8.0,-26.0,103.0,129.0,-0.08295086143491677,-117.0,91.0,181,216.0,78,0.0
33854,ES 06-26,1779721854124,1779721854128,Predator,-1,7559.0,7557.0,8.0,164,154,1,0.024539877300613498,4.0,93000.0,372.0,135.0,354.0,363.0,9.0,1.943992219063295,100.0,254.0,151,355.0,31,0.0
33855,ES 06-26,1779721854128,1779721854276,Absorb,-1,7559.0,7558.25,3.0,259,249,1,0.5736434108527132,148.0,3500.0,518.0,77.0,-54.0,232.0,286.0,-0.758960775239845,17.0,-71.0,237,455.0,98,0.0
33856,ES 06-26,1779721880176,1779721880192,Predator,-1,7563.5,7560.0,14.0,340,321,1,0.0471976401179941,16.0,40125.0,642.0,42.0,402.0,522.0,120.0,1.6216224137904713,250.0,152.0,310,588.0,62,0.0
33857,ES 06-26,1779721880192,1779721880456,Predator,-1,7564.25,7562.5,7.0,211,202,1,1.2571428571428571,264.0,1223.4848484848485,323.0,12.0,179.0,251.0,72.0,1.2783127451105631,94.0,85.0,195,303.0,56,0.0
33858,ES 06-26,1779721946148,1779721946276,Predator,-1,7569.25,7565.5,15.0,349,327,1,0.367816091954023,128.0,4265.625,546.0,30.0,222.0,384.0,162.0,0.6431820684009203,136.0,86.0,317,491.0,47,0.0
33859,ES 06-26,1779722168840,1779722168844,Predator,-1,7565.0,7563.0,8.0,160,156,1,0.025157232704402517,4.0,54250.0,217.0,17.0,-163.0,27.0,190.0,-1.0888257353802884,-97.0,-66.0,145,202.0,32,0.0
33860,ES 06-26,1779722193808,1779722193824,Predator,-1,7563.5,7561.25,9.0,208,201,1,0.07729468599033816,16.0,23750.0,380.0,59.0,44.0,212.0,168.0,0.33890013495276655,-106.0,150.0,188,345.0,45,0.0
33861,ES 06-26,1779724871076,1779724871092,Absorb,-1,7558.5,7558.25,1.0,38,38,1,0.43243243243243246,16.0,33875.0,542.0,500.0,-542.0,0.0,542.0,-14.154612101980524,-523.0,-19.0,36,540.0,28,0.0
33862,ES 06-26,1779727717412,1779727717416,Absorb,-1,7561.0,7560.75,1.0,35,34,1,0.11764705882352941,4.0,64000.0,256.0,207.0,240.0,248.0,8.0,6.949579831932773,19.0,221.0,32,253.0,18,0.0
33863,ES 06-26,1779728020000,1779728020008,Absorb,-1,7563.25,7562.5,3.0,54,51,1,0.1509433962264151,8.0,34250.0,274.0,204.0,-138.0,68.0,206.0,0.46296931579950446,35.0,-173.0,49,65.0,18,0.0
33864,ES 06-26,1779728206332,1779728206360,Predator,-1,7561.75,7560.0,7.0,98,89,1,0.28865979381443296,28.0,7535.714285714285,211.0,57.0,181.0,196.0,15.0,1.6131311006126912,147.0,34.0,86,196.0,29,0.0
33865,ES 06-26,1779759664580,1779759664608,Absorb,-1,7532.25,7532.0,1.0,87,87,1,0.32558139534883723,28.0,7642.857142857143,214.0,100.0,-214.0,0.0,214.0,-1.8766311875774586,-62.0,-152.0,85,212.0,67,0.0
33866,ES 06-26,1779775346360,1779775346448,Predator,1,7538.75,7537.25,6.0,176,172,1,0.5028571428571429,88.0,3613.636363636364,318.0,24.0,-54.0,132.0,186.0,-0.4995311468192824,123.0,-177.0,163,288.0,75,0.0
33867,ES 06-26,1779776956896,1779776957052,Predator,-1,7539.75,7537.75,8.0,286,258,1,0.5473684210526316,156.0,3128.2051282051284,488.0,109.0,12.0,250.0,238.0,0.012566124504507047,60.0,-48.0,237,321.0,88,0.0
33868,ES 06-26,1779779583708,1779779583844,Absorb,-1,7530.25,7529.75,2.0,198,194,1,0.6903553299492385,136.0,2889.705882352941,393.0,100.0,-279.0,57.0,336.0,-1.7858729117051184,-150.0,-129.0,188,365.0,115,0.0
33869,ES 06-26,1779780760476,1779780760584,Predator,-1,7528.0,7526.0,8.0,173,168,1,0.627906976744186,108.0,2407.4074074074074,260.0,13.0,-190.0,35.0,225.0,-1.2186612030723447,-113.0,-77.0,156,238.0,44,0.0
33870,ES 06-26,1779787035716,1779787035724,Predator,-1,7534.25,7532.0,9.0,177,165,1,0.045454545454545456,8.0,35750.0,286.0,22.0,168.0,227.0,59.0,1.316212496321047,101.0,67.0,161,259.0,28,0.0
33871,ES 06-26,1779787035724,1779787035860,Predator,-1,7535.0,7533.25,7.0,277,256,1,0.4927536231884058,136.0,2507.3529411764703,341.0,10.0,-31.0,155.0,186.0,-0.12057558473704477,101.0,-132.0,236,288.0,105,0.0
33872,ES 06-26,1779787435576,1779787435580,Absorb,-1,7531.25,7530.75,2.0,62,58,1,0.06557377049180328,4.0,119000.0,476.0,400.0,-428.0,24.0,452.0,-8.74052529525824,-428.0,0.0,52,464.0,36,0.0
33873,ES 06-26,1779791293868,1779791293880,Predator,-1,7546.0,7543.75,9.0,185,170,1,0.06521739130434782,12.0,28750.0,345.0,65.0,299.0,322.0,23.0,1.5898373829650128,222.0,77.0,164,322.0,46,0.0
33874,ES 06-26,1779792426092,1779792426304,Absorb,-1,7543.5,7542.5,4.0,161,157,1,1.325,212.0,990.5660377358491,210.0,6.0,-138.0,36.0,174.0,-0.7300695882217622,-113.0,-25.0,147,190.0,67,0.0
33875,ES 06-26,1779794275008,1779794275104,Predator,1,7543.25,7541.0,9.0,266,264,1,0.3622641509433962,96.0,3656.25,351.0,6.0,157.0,254.0,97.0,0.7872921651170538,181.0,-24.0,253,336.0,104,0.0
33876,ES 06-26,1779795245328,1779795245336,Predator,-1,7542.75,7540.0,11.0,156,153,1,0.05161290322580645,8.0,25375.0,203.0,3.0,-193.0,5.0,198.0,-1.2913672930726556,-107.0,-86.0,137,182.0,21,0.0
33877,ES 06-26,1779795245336,1779795245544,Predator,1,7541.25,7537.75,14.0,361,328,1,0.5777777777777777,208.0,2331.7307692307695,485.0,13.0,-153.0,166.0,319.0,-0.5261624911362442,-129.0,-24.0,305,402.0,74,0.0
33878,ES 06-26,1779797325312,1779797325332,Predator,-1,7541.0,7536.75,17.0,383,376,1,0.05235602094240838,20.0,31600.0,632.0,22.0,-366.0,133.0,499.0,-1.055342057058494,-272.0,-94.0,351,555.0,50,0.0
33879,ES 06-26,1779797326616,1779797326820,Predator,-1,7537.5,7536.0,6.0,161,155,1,1.275,204.0,1029.4117647058824,210.0,11.0,-78.0,66.0,144.0,-0.41241373360938577,-74.0,-4.0,143,187.0,58,0.0
33880,ES 06-26,1779797357692,1779797357696,Predator,-1,7541.5,7537.75,15.0,201,182,1,0.02,4.0,85750.0,343.0,25.0,265.0,304.0,39.0,1.5453051573814098,157.0,108.0,177,296.0,24,0.0
33881,ES 06-26,1779798517512,1779798517648,Predator,-1,7546.0,7543.5,10.0,252,239,1,0.5418326693227091,136.0,2551.470588235294,347.0,15.0,223.0,285.0,62.0,0.9708154020469975,179.0,44.0,232,325.0,76,0.0
33882,ES 06-26,1779798542456,1779798542456,Predator,1,7547.75,7544.5,13.0,217,216,1,0.0,0.0,277000.0,277.0,6.0,275.0,276.0,1.0,1.3268941689332336,131.0,144.0,202,258.0,23,0.0
33883,ES 06-26,1779799968612,1779799968720,Absorb,-1,7543.25,7542.75,2.0,207,202,1,0.5242718446601942,108.0,2592.5925925925926,280.0,6.0,-24.0,128.0,152.0,0.02350607743178448,-108.0,84.0,196,267.0,105,0.0
33884,ES 06-26,1779801900012,1779801900152,Absorb,-1,7544.0,7543.0,4.0,324,316,1,0.43343653250773995,140.0,2964.285714285714,415.0,6.0,-41.0,187.0,228.0,0.10600672117699982,-17.0,-24.0,308,392.0,145,0.0
33885,ES 06-26,1779802210580,1779802210672,Absorb,-1,7536.75,7536.5,1.0,110,108,1,0.8440366972477065,92.0,2413.0434782608695,222.0,20.0,-146.0,38.0,184.0,-1.679138020422424,-131.0,-15.0,105,217.0,67,0.0
33886,ES 06-26,1779802211184,1779802211472,Absorb,1,7537.25,7536.25,4.0,273,266,1,1.0588235294117647,288.0,1246.5277777777778,359.0,10.0,-55.0,152.0,207.0,-0.45899763611227756,-91.0,36.0,255,335.0,117,0.0
33887,ES 06-26,1779802305720,1779802305756,Absorb,-1,7530.5,7530.0,2.0,181,179,1,0.2,36.0,10027.77777777778,361.0,30.0,-335.0,13.0,348.0,-1.9234533422378726,-152.0,-183.0,174,353.0,114,0.0
33888,ES 06-26,1779802482292,1779802482448,Absorb,-1,7529.25,7528.25,4.0,176,175,1,0.8914285714285715,156.0,1474.3589743589744,230.0,4.0,-162.0,34.0,196.0,-1.0901661897424608,-121.0,-41.0,169,220.0,75,0.0
33889,ES 06-26,1779802500280,1779802500356,Absorb,-1,7527.0,7526.25,3.0,273,263,1,0.27941176470588236,76.0,4828.9473684210525,367.0,10.0,-83.0,142.0,225.0,-0.23407383728336928,-137.0,54.0,251,339.0,144,0.0
33890,ES 06-26,1779802520004,1779802520036,Predator,-1,7527.25,7526.0,5.0,232,231,1,0.13852813852813853,32.0,12781.25,409.0,40.0,-407.0,1.0,408.0,-1.4064716916944238,-155.0,-252.0,225,396.0,53,0.0
33891,ES 06-26,1779802804340,1779802804388,Predator,-1,7531.5,7530.25,5.0,355,341,1,0.13559322033898305,48.0,9333.333333333334,448.0,19.0,-54.0,197.0,251.0,-0.29738158526477854,-143.0,89.0,324,389.0,121,0.0
33892,ES 06-26,1779802935532,1779802935588,Predator,-1,7537.25,7536.0,5.0,242,241,1,0.23236514522821577,56.0,6767.857142857143,379.0,23.0,-377.0,1.0,378.0,-1.543178124342465,-205.0,-172.0,235,350.0,48,0.0
33893,ES 06-26,1779802984556,1779802984560,Absorb,-1,7537.5,7536.5,4.0,154,153,1,0.026143790849673203,4.0,50250.0,201.0,7.0,-139.0,31.0,170.0,-1.1290897590707838,-32.0,-107.0,148,195.0,44,0.0
33894,ES 06-26,1779803194240,1779803194448,Absorb,-1,7543.75,7543.25,2.0,163,160,1,1.2839506172839505,208.0,1134.6153846153848,236.0,9.0,-18.0,109.0,127.0,-0.38261537012098135,42.0,-60.0,156,221.0,115,0.0
33895,ES 06-26,1779803570260,1779803570396,Absorb,-1,7539.5,7538.75,3.0,315,307,1,0.43312101910828027,136.0,3249.9999999999995,442.0,7.0,284.0,363.0,79.0,1.015133819390854,220.0,64.0,300,416.0,154,0.0
33896,ES 06-26,1779803604320,1779803604444,Absorb,-1,7534.25,7533.5,3.0,235,231,1,0.5299145299145299,124.0,2419.3548387096776,300.0,6.0,-144.0,78.0,222.0,-0.4436073122694111,-127.0,-17.0,223,284.0,96,0.0
33897,ES 06-26,1779803605888,1779803605900,Absorb,-1,7533.5,7533.0,2.0,118,116,1,0.10256410256410256,12.0,16833.333333333332,202.0,13.0,24.0,113.0,89.0,0.6004586971685676,-59.0,83.0,115,196.0,55,0.0
33898,ES 06-26,1779803624160,1779803624180,Predator,-1,7533.25,7529.5,15.0,563,557,1,0.03558718861209965,20.0,55100.0,1102.0,101.0,-434.0,334.0,768.0,-1.2596597207923406,-428.0,-6.0,537,1058.0,92,0.0
33899,ES 06-26,1779803624188,1779803624384,Predator,-1,7531.0,7529.75,5.0,314,305,1,0.6261980830670927,196.0,1964.2857142857142,385.0,5.0,97.0,241.0,144.0,0.35496011961692353,20.0,77.0,299,365.0,131,0.0
33900,ES 06-26,1779803768944,1779803769064,Absorb,-1,7539.5,7538.5,4.0,309,299,1,0.38961038961038963,120.0,3341.666666666667,401.0,5.0,-13.0,194.0,207.0,-0.03413554813492176,118.0,-131.0,290,378.0,135,0.0
33901,ES 06-26,1779803828536,1779803828564,Predator,-1,7540.75,7539.0,7.0,302,293,1,0.09302325581395349,28.0,15857.142857142857,444.0,25.0,312.0,378.0,66.0,1.2874018826933848,244.0,68.0,287,425.0,73,0.0
33902,ES 06-26,1779803903200,1779803903252,Absorb,-1,7539.25,7538.25,4.0,207,202,1,0.2524271844660194,52.0,5076.923076923077,264.0,9.0,-196.0,34.0,230.0,-0.8438051325345542,-119.0,-77.0,193,246.0,111,0.0
33903,ES 06-26,1779803999884,1779804000168,Predator,-1,7542.5,7541.25,5.0,133,124,1,2.1515151515151514,284.0,707.7464788732395,201.0,20.0,133.0,167.0,34.0,1.1313341018761285,119.0,14.0,117,185.0,40,0.0
33904,ES 06-26,1779804250640,1779804250732,Absorb,-1,7544.5,7544.25,1.0,63,62,1,1.4838709677419355,92.0,2608.695652173913,240.0,151.0,-238.0,1.0,239.0,-4.942828341013825,-187.0,-51.0,60,87.0,38,0.0
33905,ES 06-26,1779804269636,1779804269764,Absorb,-1,7545.5,7544.75,3.0,250,247,1,0.5140562248995983,128.0,3265.625,418.0,35.0,418.0,418.0,0.0,1.5841478423654778,253.0,165.0,246,411.0,113,0.0
33906,ES 06-26,1779804550228,1779804550464,Absorb,-1,7546.75,7546.0,3.0,150,147,1,1.5838926174496644,236.0,936.4406779661017,221.0,8.0,-179.0,21.0,200.0,-1.4149731099159963,-103.0,-76.0,142,211.0,65,0.0
33907,ES 06-26,1779804882448,1779804882528,Absorb,-1,7547.25,7546.75,2.0,244,239,1,0.3292181069958848,80.0,4087.5,327.0,6.0,-137.0,95.0,232.0,-0.8293462861768872,22.0,-159.0,235,317.0,201,0.0
33908,ES 06-26,1779805107656,1779805107776,Absorb,-1,7548.75,7548.5,1.0,161,160,1,0.75,120.0,1675.0,201.0,5.0,79.0,140.0,61.0,0.727133655394525,99.0,-20.0,158,198.0,137,0.0
33909,ES 06-26,1779805423036,1779805423068,Absorb,-1,7550.5,7549.75,3.0,175,170,1,0.1839080459770115,32.0,19875.0,636.0,350.0,218.0,427.0,209.0,1.8702552619794,-90.0,308.0,163,587.0,70,0.0
33910,ES 06-26,1779805800008,1779805800216,Absorb,-1,7549.75,7549.25,2.0,128,125,1,1.6377952755905512,208.0,971.1538461538462,202.0,12.0,68.0,135.0,67.0,0.763413294268449,-47.0,115.0,122,196.0,68,0.0
33911,ES 06-26,1779805972952,1779805973116,Absorb,1,7549.75,7548.75,4.0,301,295,1,0.5466666666666666,164.0,2768.292682926829,454.0,25.0,304.0,379.0,75.0,1.1903738091571143,222.0,82.0,287,436.0,118,0.0
33912,ES 06-26,1779806166356,1779806166388,Absorb,-1,7554.75,7554.0,3.0,271,265,1,0.11851851851851852,32.0,12343.75,395.0,10.0,159.0,277.0,118.0,0.6745634662228975,218.0,-59.0,260,382.0,138,0.0
33913,ES 06-26,1779806449884,1779806450044,Absorb,-1,7554.75,7554.25,2.0,137,133,1,1.1764705882352942,160.0,1281.25,205.0,6.0,115.0,160.0,45.0,0.9552803031717289,118.0,-3.0,130,192.0,88,0.0
33914,ES 06-26,1779806653948,1779806653972,Absorb,-1,7553.5,7553.0,2.0,177,175,1,0.13636363636363635,24.0,10000.0,240.0,6.0,-40.0,100.0,140.0,0.18268814598085215,-39.0,-1.0,172,233.0,102,0.0
33915,ES 06-26,1779807209588,1779807209724,Absorb,-1,7550.25,7549.75,2.0,135,132,1,1.0149253731343284,136.0,1647.0588235294117,224.0,20.0,78.0,151.0,73.0,0.818612818261633,-48.0,126.0,129,207.0,55,0.0
33916,ES 06-26,1779807268512,1779807268584,Absorb,-1,7549.0,7548.0,4.0,179,176,1,0.4044943820224719,72.0,3625.0000000000005,261.0,7.0,-205.0,28.0,233.0,-1.4354696294436424,-102.0,-103.0,170,251.0,62,0.0
33917,ES 06-26,1779807537592,1779807537620,Absorb,-1,7549.25,7548.5,3.0,224,220,1,0.12556053811659193,28.0,11392.857142857143,319.0,8.0,225.0,272.0,47.0,0.9681075165492206,152.0,73.0,218,308.0,102,0.0
33918,ES 06-26,1779807700696,1779807700888,Absorb,-1,7544.25,7544.0,1.0,170,168,1,1.136094674556213,192.0,1177.0833333333333,226.0,6.0,-188.0,19.0,207.0,-1.1705131258358217,-84.0,-104.0,164,220.0,152,0.0
33919,ES 06-26,1779807737604,1779807737744,Absorb,-1,7542.0,7541.5,2.0,220,219,1,0.639269406392694,140.0,2021.4285714285713,283.0,8.0,-191.0,46.0,237.0,-0.7267712142812868,-140.0,-51.0,215,278.0,104,0.0
33920,ES 06-26,1779807740804,1779807740832,Absorb,1,7541.75,7541.0,3.0,137,134,1,0.20588235294117646,28.0,8250.0,231.0,26.0,-203.0,14.0,217.0,-1.638060746355032,-104.0,-99.0,132,226.0,65,0.0
33921,ES 06-26,1779807806372,1779807806444,Absorb,-1,7541.0,7540.25,3.0,319,315,1,0.22641509433962265,72.0,7694.444444444445,554.0,46.0,-482.0,36.0,518.0,-1.491658780386822,-336.0,-146.0,308,540.0,173,0.0
33922,ES 06-26,1779808235416,1779808235492,Absorb,-1,7542.0,7541.5,2.0,151,149,1,0.5066666666666667,76.0,2973.684210526316,226.0,9.0,-216.0,5.0,221.0,-1.3391111885674452,-111.0,-105.0,144,217.0,83,0.0
33923,ES 06-26,1779808328980,1779808329148,Absorb,-1,7540.25,7539.5,3.0,283,278,1,0.5957446808510638,168.0,2583.333333333333,434.0,8.0,10.0,222.0,212.0,0.32298270489034503,-84.0,94.0,273,423.0,112,0.0
33924,ES 06-26,1779808673204,1779808673232,Absorb,-1,7535.0,7534.5,2.0,173,171,1,0.16279069767441862,28.0,11857.142857142857,332.0,21.0,-316.0,8.0,324.0,-1.9958235024173623,-191.0,-125.0,166,321.0,85,0.0
33925,ES 06-26,1779809307288,1779809307360,Absorb,-1,7534.75,7533.75,4.0,167,161,1,0.43373493975903615,72.0,2847.2222222222226,205.0,5.0,147.0,176.0,29.0,0.9714048666865924,100.0,47.0,157,193.0,65,0.0
33926,ES 06-26,1779809445664,1779809445756,Absorb,-1,7529.75,7528.75,4.0,288,284,1,0.3205574912891986,92.0,3989.130434782609,367.0,7.0,-153.0,107.0,260.0,-0.6949611982526153,-188.0,35.0,276,353.0,130,0.0
33927,ES 06-26,1779809814980,1779809815028,Absorb,-1,7528.0,7527.25,3.0,144,142,1,0.3356643356643357,48.0,5354.166666666667,257.0,50.0,-161.0,48.0,209.0,-1.5233502130053853,-108.0,-53.0,138,250.0,74,0.0
33928,ES 06-26,1779810154152,1779810154180,Absorb,-1,7530.75,7530.0,3.0,172,170,1,0.16374269005847952,28.0,8285.714285714286,232.0,5.0,-176.0,28.0,204.0,-1.2616839180893489,-117.0,-59.0,166,223.0,57,0.0
33929,ES 06-26,1779810155652,1779810155664,Absorb,-1,7530.0,7530.0,0.0,12,12,1,1.0909090909090908,12.0,17083.333333333332,205.0,120.0,-205.0,0.0,205.0,-20.223776223776223,-77.0,-128.0,11,204.0,12,0.0
33930,ES 06-26,1779810317512,1779810317676,Absorb,-1,7525.25,7525.0,1.0,164,162,1,1.0061349693251533,164.0,1335.3658536585365,219.0,5.0,-215.0,2.0,217.0,-1.3401180743541958,-106.0,-109.0,158,211.0,148,0.0
33931,ES 06-26,1779810318500,1779810318728,Absorb,-1,7525.0,7524.0,4.0,422,416,1,0.5415676959619953,228.0,2521.9298245614036,575.0,10.0,-317.0,129.0,446.0,-0.9382901838226401,-287.0,-30.0,409,560.0,124,0.0
33932,ES 06-26,1779810373832,1779810373868,Absorb,-1,7524.0,7523.5,2.0,141,140,1,0.2571428571428571,36.0,5722.222222222223,206.0,9.0,-128.0,39.0,167.0,-0.6016952780512864,-112.0,-16.0,136,200.0,72,0.0
33933,ES 06-26,1779810798344,1779810798508,Absorb,-1,7522.5,7522.0,2.0,242,238,1,0.6804979253112033,164.0,4512.195121951219,740.0,264.0,50.0,395.0,345.0,0.7460865412581746,-290.0,340.0,233,718.0,132,0.0
33934,ES 06-26,1779810883736,1779810883940,Absorb,-1,7519.0,7518.25,3.0,223,220,1,0.918918918918919,204.0,1455.8823529411766,297.0,9.0,-275.0,11.0,286.0,-1.2528124296622054,-139.0,-136.0,213,283.0,140,0.0
33935,ES 06-26,1779810957080,1779810957320,Absorb,1,7518.5,7517.5,4.0,190,183,1,1.2698412698412698,240.0,1041.6666666666667,250.0,10.0,-160.0,45.0,205.0,-0.906520227269745,-101.0,-59.0,178,234.0,123,0.0
33936,ES 06-26,1779811040524,1779811040596,Absorb,-1,7520.25,7519.75,2.0,118,117,1,0.6153846153846154,72.0,3486.1111111111113,251.0,30.0,-13.0,119.0,132.0,0.10254949437402079,80.0,-93.0,114,215.0,52,0.0
33937,ES 06-26,1779811137000,1779811137036,Absorb,-1,7524.0,7523.0,4.0,192,187,1,0.18848167539267016,36.0,6777.777777777778,244.0,4.0,158.0,201.0,43.0,1.0738486083606869,114.0,44.0,184,236.0,53,0.0
33938,ES 06-26,1779811357268,1779811357312,Predator,-1,7527.25,7525.5,7.0,326,325,1,0.13538461538461538,44.0,9409.09090909091,414.0,7.0,-412.0,1.0,413.0,-1.3049245143329682,-197.0,-215.0,317,405.0,49,0.0
33939,ES 06-26,1779811357312,1779811357488,Absorb,-1,7526.5,7526.0,2.0,241,235,1,0.7333333333333333,176.0,1715.909090909091,302.0,6.0,244.0,273.0,29.0,0.9968296697644113,89.0,155.0,229,288.0,147,0.0
33940,ES 06-26,1779812017536,1779812017652,Absorb,-1,7523.75,7523.75,0.0,141,141,1,0.8285714285714286,116.0,2198.2758620689656,255.0,14.0,-255.0,0.0,255.0,-1.7433066484010447,-134.0,-121.0,140,254.0,141,0.0
33941,ES 06-26,1779812186944,1779812186980,Absorb,-1,7523.25,7522.25,4.0,186,185,1,0.1945945945945946,36.0,6750.000000000001,243.0,5.0,-237.0,3.0,240.0,-1.2847856999659657,-113.0,-124.0,179,228.0,78,0.0
33942,ES 06-26,1779813158932,1779813158944,Absorb,-1,7532.75,7532.25,2.0,138,134,1,0.08759124087591241,12.0,30250.0,363.0,173.0,179.0,271.0,92.0,0.8445623063592921,185.0,-6.0,128,341.0,57,0.0
33943,ES 06-26,1779813198340,1779813198372,Predator,-1,7533.75,7531.5,9.0,457,439,1,0.07017543859649122,32.0,22312.5,714.0,57.0,608.0,661.0,53.0,1.4867109701384074,363.0,245.0,427,673.0,66,0.0
33944,ES 06-26,1779813198376,1779813198488,Absorb,-1,7534.0,7533.0,4.0,518,496,1,0.21663442940038685,112.0,6535.714285714285,732.0,26.0,-308.0,212.0,520.0,-0.7617512271306393,-76.0,-232.0,470,672.0,157,0.0
33945,ES 06-26,1779813214460,1779813214688,Predator,-1,7533.25,7532.0,5.0,539,521,1,0.42379182156133827,228.0,3561.40350877193,812.0,71.0,-276.0,268.0,544.0,-0.42731012422993303,-393.0,117.0,498,755.0,242,0.0
33946,ES 06-26,1779814829788,1779814829800,Absorb,-1,7525.75,7525.25,2.0,80,77,1,0.1518987341772152,12.0,18500.0,222.0,120.0,-34.0,94.0,128.0,0.31657290201594,48.0,-82.0,74,97.0,41,0.0
33947,ES 06-26,1779816304632,1779816304688,Absorb,-1,7520.75,7520.25,2.0,101,99,1,0.56,56.0,4750.0,266.0,138.0,-174.0,46.0,220.0,-2.2179499126383226,-197.0,23.0,96,258.0,46,0.0
33948,ES 06-26,1779817288624,1779817288628,Absorb,-1,7520.5,7519.5,4.0,153,152,1,0.02631578947368421,4.0,63000.0,252.0,55.0,-250.0,1.0,251.0,-1.35122230710466,-92.0,-158.0,147,245.0,42,0.0
33949,ES 06-26,1779819055960,1779819056048,Absorb,-1,7529.5,7529.0,2.0,217,213,1,0.4074074074074074,88.0,3602.2727272727275,317.0,10.0,39.0,178.0,139.0,0.12000122136257087,70.0,-31.0,209,307.0,122,0.0
33950,ES 06-26,1779819531096,1779819531136,Absorb,-1,7532.25,7531.75,2.0,113,111,1,0.35714285714285715,40.0,6725.0,269.0,128.0,107.0,188.0,81.0,1.656297824206534,-22.0,129.0,107,262.0,67,0.0
33951,ES 06-26,1779819563352,1779819563440,Absorb,-1,7532.75,7532.0,3.0,230,224,1,0.38427947598253276,88.0,3818.1818181818185,336.0,21.0,206.0,271.0,65.0,0.7212134362694453,102.0,104.0,220,325.0,78,0.0
33952,ES 06-26,1779819826100,1779819826144,Absorb,-1,7533.5,7532.75,3.0,188,184,1,0.23529411764705882,44.0,5613.636363636364,247.0,9.0,-19.0,114.0,133.0,-0.12928949787523003,113.0,-132.0,181,236.0,118,0.0
33953,ES 06-26,1779821407016,1779821407028,Absorb,-1,7527.25,7526.75,2.0,150,150,1,0.08053691275167785,12.0,21416.666666666668,257.0,29.0,-257.0,0.0,257.0,-1.8086403840170675,-94.0,-163.0,147,254.0,90,0.0
33954,ES 06-26,1779823187304,1779823187336,Absorb,-1,7528.25,7527.75,2.0,136,134,1,0.23703703703703705,32.0,9156.25,293.0,71.0,-3.0,145.0,148.0,0.49367873670149326,63.0,-66.0,132,213.0,88,0.0
33955,ES 06-26,1779823640492,1779823640504,Absorb,-1,7528.5,7528.0,2.0,220,218,1,0.0547945205479452,12.0,34416.666666666664,413.0,26.0,295.0,354.0,59.0,1.7174470171246965,172.0,123.0,216,409.0,93,0.0
33956,ES 06-26,1779823641452,1779823641536,Absorb,-1,7528.5,7528.0,2.0,100,98,1,0.8484848484848485,84.0,3357.142857142857,282.0,115.0,-126.0,78.0,204.0,-1.1437983798379838,46.0,-172.0,94,154.0,95,0.0
33957,ES 06-26,1779824085416,1779824085540,Absorb,-1,7533.0,7532.5,2.0,391,385,1,0.31794871794871793,124.0,4459.677419354839,553.0,10.0,-281.0,136.0,417.0,-0.9692406059413732,-2.0,-279.0,379,533.0,327,0.0
33958,ES 06-26,1779824317404,1779824317436,Absorb,1,7535.5,7535.25,1.0,142,140,1,0.22695035460992907,32.0,6750.0,216.0,8.0,8.0,112.0,104.0,-0.05096282201466499,106.0,-98.0,138,210.0,74,0.0
33959,ES 06-26,1779824711164,1779824711356,Absorb,-1,7538.25,7537.75,2.0,170,169,1,1.136094674556213,192.0,1270.8333333333333,244.0,16.0,-220.0,12.0,232.0,-1.2994241608197312,-134.0,-86.0,165,238.0,128,0.0
33960,ES 06-26,1779824999972,1779825000056,Predator,-1,7540.75,7539.25,6.0,425,400,1,0.19811320754716982,84.0,8250.0,693.0,43.0,263.0,478.0,215.0,0.6121833330727986,223.0,40.0,381,632.0,138,0.0
33961,ES 06-26,1779825000056,1779825000168,Absorb,-1,7541.0,7540.0,4.0,299,282,1,0.37583892617449666,112.0,4205.357142857143,471.0,11.0,107.0,289.0,182.0,0.09172364256694575,62.0,45.0,266,418.0,84,0.0
33962,ES 06-26,1779825002588,1779825002692,Absorb,1,7541.25,7540.25,4.0,130,124,1,0.8062015503875969,104.0,2221.153846153846,231.0,9.0,-83.0,74.0,157.0,-0.9686954621802838,-116.0,33.0,119,215.0,64,0.0
33963,ES 06-26,1779825069928,1779825070100,Absorb,-1,7539.75,7539.25,2.0,211,207,1,0.819047619047619,172.0,1831.3953488372094,315.0,10.0,-39.0,138.0,177.0,-0.3774210855763212,-16.0,-23.0,200,302.0,92,0.0
33964,ES 06-26,1779825160024,1779825160088,Absorb,1,7541.25,7541.0,1.0,192,191,1,0.33507853403141363,64.0,4500.0,288.0,9.0,190.0,239.0,49.0,1.2810821487670565,142.0,48.0,189,282.0,134,0.0
33965,ES 06-26,1779825250012,1779825250124,Absorb,-1,7542.0,7541.0,4.0,345,339,1,0.32558139534883723,112.0,4732.142857142857,530.0,11.0,-206.0,162.0,368.0,-0.5992022069352473,-267.0,61.0,331,510.0,143,0.0
33966,ES 06-26,1779825270004,1779825270160,Absorb,-1,7541.0,7540.25,3.0,232,229,1,0.6753246753246753,156.0,2032.051282051282,317.0,20.0,-175.0,71.0,246.0,-0.6477673946595065,-6.0,-169.0,223,304.0,117,0.0
33967,ES 06-26,1779825280000,1779825280220,Absorb,-1,7540.75,7540.0,3.0,391,385,1,0.5641025641025641,220.0,2568.181818181818,565.0,10.0,-235.0,165.0,400.0,-0.2621752379881719,-49.0,-186.0,376,544.0,142,0.0
33968,ES 06-26,1779825289964,1779825290172,Absorb,-1,7541.0,7540.0,4.0,291,285,1,0.7172413793103448,208.0,1995.1923076923078,415.0,13.0,-43.0,186.0,229.0,-0.3602286838504205,-32.0,-11.0,277,398.0,107,0.0
33969,ES 06-26,1779825380884,1779825380932,Absorb,-1,7539.25,7539.0,1.0,136,135,1,0.35555555555555557,48.0,5187.5,249.0,19.0,-219.0,15.0,234.0,-1.678030628309718,-140.0,-79.0,133,245.0,75,0.0
33970,ES 06-26,1779825436032,1779825436056,Absorb,1,7540.25,7539.75,2.0,211,209,1,0.11428571428571428,24.0,15625.0,375.0,11.0,357.0,366.0,9.0,1.7511362910540234,188.0,169.0,205,367.0,160,0.0
33971,ES 06-26,1779825449980,1779825450060,Absorb,-1,7540.0,7539.75,1.0,186,185,1,0.43243243243243246,80.0,4425.0,354.0,39.0,18.0,186.0,168.0,0.049675274722713054,155.0,-137.0,182,347.0,110,0.0
33972,ES 06-26,1779825481116,1779825481156,Absorb,-1,7538.75,7538.75,0.0,130,130,1,0.31007751937984496,40.0,5025.0,201.0,7.0,-201.0,0.0,201.0,-1.5539936364008795,-113.0,-88.0,129,198.0,130,0.0
33973,ES 06-26,1779825485168,1779825485192,Absorb,-1,7538.0,7537.5,2.0,155,152,1,0.15584415584415584,24.0,10666.666666666666,256.0,8.0,-212.0,22.0,234.0,-1.5802326705552512,-138.0,-74.0,148,240.0,66,0.0
33974,ES 06-26,1779825494124,1779825494160,Absorb,-1,7537.25,7537.25,0.0,113,113,1,0.32142857142857145,36.0,5916.666666666667,213.0,20.0,213.0,213.0,0.0,1.9885055559252112,122.0,91.0,112,211.0,113,0.0
33975,ES 06-26,1779825497424,1779825497428,Absorb,1,7537.5,7537.25,1.0,193,191,1,0.020833333333333332,4.0,102000.0,408.0,79.0,100.0,254.0,154.0,0.5399334303723091,239.0,-139.0,189,404.0,106,0.0
33976,ES 06-26,1779825513276,1779825513328,Absorb,1,7535.75,7535.75,0.0,69,69,1,0.7647058823529411,52.0,5365.384615384615,279.0,58.0,279.0,279.0,0.0,4.946218487394958,149.0,130.0,68,278.0,69,0.0
33977,ES 06-26,1779825518556,1779825518600,Absorb,-1,7535.5,7535.25,1.0,198,197,1,0.2233502538071066,44.0,8454.545454545456,372.0,46.0,-366.0,3.0,369.0,-2.108663607222391,-154.0,-212.0,194,367.0,136,0.0
33978,ES 06-26,1779825529540,1779825529620,Absorb,-1,7535.75,7535.5,1.0,166,165,1,0.48484848484848486,80.0,4437.5,355.0,44.0,347.0,351.0,4.0,2.017173101770173,201.0,146.0,162,342.0,162,0.0
33979,ES 06-26,1779825535688,1779825535716,Absorb,-1,7535.5,7535.5,0.0,87,87,1,0.32558139534883723,28.0,8250.0,231.0,23.0,-231.0,0.0,231.0,-2.6479368666618064,-122.0,-109.0,86,230.0,87,0.0
33980,ES 06-26,1779825540008,1779825540132,Absorb,-1,7535.75,7535.0,3.0,315,312,1,0.39490445859872614,124.0,4548.387096774193,564.0,25.0,-464.0,50.0,514.0,-1.5328664723972312,-129.0,-335.0,305,550.0,119,0.0
33981,ES 06-26,1779825540260,1779825540448,Absorb,1,7535.25,7534.75,2.0,140,135,1,1.3525179856115108,188.0,1138.2978723404256,214.0,7.0,194.0,204.0,10.0,1.5349216067875182,92.0,102.0,129,202.0,112,0.0
33982,ES 06-26,1779825541976,1779825542140,Absorb,-1,7535.5,7535.0,2.0,155,151,1,1.0649350649350648,164.0,2835.3658536585363,465.0,113.0,251.0,358.0,107.0,0.8907511842995713,225.0,26.0,146,445.0,131,0.0
33983,ES 06-26,1779825544716,1779825544784,Absorb,-1,7536.5,7536.25,1.0,137,135,1,0.5,68.0,3897.0588235294117,265.0,10.0,259.0,262.0,3.0,2.137370022588534,151.0,108.0,133,260.0,111,0.0
33984,ES 06-26,1779825550688,1779825550688,Absorb,-1,7536.5,7536.0,2.0,129,127,1,0.0,0.0,272000.0,272.0,16.0,-138.0,67.0,205.0,-1.560778175313059,-22.0,-116.0,123,259.0,67,0.0
33985,ES 06-26,1779825551004,1779825551096,Absorb,1,7536.25,7536.0,1.0,116,115,1,0.8,92.0,2489.1304347826085,229.0,13.0,-227.0,1.0,228.0,-2.041836773920732,-125.0,-102.0,114,227.0,115,0.0
33986,ES 06-26,1779825551376,1779825551504,Absorb,-1,7536.25,7536.0,1.0,85,84,1,1.5238095238095237,128.0,1617.1875,207.0,80.0,207.0,207.0,0.0,1.5895055696697284,67.0,140.0,83,126.0,83,0.0
33987,ES 06-26,1779825551776,1779825551788,Absorb,-1,7536.25,7536.25,0.0,46,46,1,0.26666666666666666,12.0,22666.666666666668,272.0,83.0,272.0,272.0,0.0,3.351218008017268,236.0,36.0,45,270.0,46,0.0
33988,ES 06-26,1779825554648,1779825554724,Absorb,-1,7536.0,7535.75,1.0,203,202,1,0.37623762376237624,76.0,4815.789473684211,366.0,20.0,366.0,366.0,0.0,1.8897937461088907,195.0,171.0,201,363.0,171,0.0
33989,ES 06-26,1779825558396,1779825558452,Absorb,-1,7536.25,7536.0,1.0,143,142,1,0.39436619718309857,56.0,4500.0,252.0,10.0,158.0,205.0,47.0,0.7157490396927016,49.0,109.0,140,249.0,116,0.0
33990,ES 06-26,1779825559324,1779825559420,Absorb,-1,7536.5,7536.25,1.0,111,110,1,0.8727272727272727,96.0,2104.1666666666665,202.0,12.0,-186.0,8.0,194.0,-1.7721744471744472,-114.0,-72.0,108,193.0,109,0.0
33991,ES 06-26,1779825561232,1779825561476,Absorb,-1,7536.5,7536.0,2.0,187,184,1,1.3118279569892473,244.0,1327.8688524590164,324.0,19.0,-302.0,11.0,313.0,-1.7460003156438217,-162.0,-140.0,180,309.0,109,0.0
33992,ES 06-26,1779825564616,1779825564748,Absorb,-1,7536.25,7536.25,0.0,184,184,1,0.7213114754098361,132.0,1916.6666666666665,253.0,4.0,-253.0,0.0,253.0,-1.3421789216158424,-125.0,-128.0,183,252.0,184,0.0
33993,ES 06-26,1779825565920,1779825566076,Absorb,-1,7536.5,7536.0,2.0,151,147,1,1.04,156.0,1525.6410256410256,238.0,11.0,74.0,156.0,82.0,0.6872847682119205,15.0,59.0,142,224.0,130,0.0
33994,ES 06-26,1779825566608,1779825566720,Absorb,-1,7536.5,7536.25,1.0,109,108,1,1.037037037037037,112.0,1937.5,217.0,15.0,-125.0,46.0,171.0,-1.4679733110925772,-10.0,-115.0,106,212.0,90,0.0
33995,ES 06-26,1779825567608,1779825567784,Absorb,-1,7536.5,7536.25,1.0,212,211,1,0.8341232227488151,176.0,1744.318181818182,307.0,7.0,113.0,210.0,97.0,0.6895507894905875,164.0,-51.0,209,302.0,210,0.0
33996,ES 06-26,1779825569164,1779825569288,Absorb,1,7536.25,7535.75,2.0,142,140,1,0.8794326241134752,124.0,1790.3225806451612,222.0,10.0,96.0,159.0,63.0,0.7566341360168151,121.0,-25.0,137,214.0,135,0.0
33997,ES 06-26,1779825570100,1779825570260,Absorb,-1,7536.5,7536.0,2.0,155,152,1,1.0389610389610389,160.0,1643.75,263.0,11.0,-17.0,123.0,140.0,-0.4870516580194,75.0,-92.0,147,251.0,149,0.0
33998,ES 06-26,1779825570660,1779825570820,Absorb,-1,7535.5,7535.25,1.0,157,156,1,1.0256410256410255,160.0,2006.25,321.0,21.0,-319.0,1.0,320.0,-2.0894076495140754,-131.0,-188.0,153,316.0,103,0.0
33999,ES 06-26,1779825571388,1779825571396,Absorb,-1,7534.75,7534.75,0.0,129,129,1,0.0625,8.0,27625.0,221.0,8.0,-221.0,0.0,221.0,-1.791457960644007,-122.0,-99.0,128,220.0,129,0.0
34000,ES 06-26,1779825572988,1779825573064,Absorb,-1,7534.75,7534.5,1.0,185,183,1,0.41304347826086957,76.0,4368.421052631579,332.0,20.0,226.0,279.0,53.0,1.250144043061294,190.0,36.0,181,325.0,167,0.0
34001,ES 06-26,1779825573996,1779825574128,Absorb,-1,7535.25,7534.75,2.0,175,173,1,0.7586206896551724,132.0,2250.0,297.0,12.0,135.0,216.0,81.0,0.9819973130317958,152.0,-17.0,170,289.0,170,0.0
34002,ES 06-26,1779825574316,1779825574452,Absorb,-1,7535.0,7534.75,1.0,120,117,1,1.1428571428571428,136.0,1779.4117647058822,242.0,19.0,-220.0,11.0,231.0,-1.9850475727481076,-99.0,-121.0,113,232.0,112,0.0
34003,ES 06-26,1779825574960,1779825575024,Absorb,-1,7535.25,7535.0,1.0,114,113,1,0.5663716814159292,64.0,3265.625,209.0,14.0,183.0,196.0,13.0,1.6966606589578987,118.0,65.0,111,201.0,93,0.0
34004,ES 06-26,1779825575124,1779825575220,Absorb,-1,7535.25,7535.0,1.0,115,114,1,0.8421052631578947,96.0,2312.5,222.0,15.0,194.0,208.0,14.0,1.898698019411347,125.0,69.0,111,209.0,110,0.0
34005,ES 06-26,1779825576628,1779825576672,Absorb,-1,7535.75,7535.25,2.0,156,155,1,0.2838709677419355,44.0,7704.545454545455,339.0,13.0,-335.0,2.0,337.0,-2.07673499707607,-156.0,-179.0,152,334.0,111,0.0
34006,ES 06-26,1779825579988,1779825580060,Absorb,-1,7535.75,7535.5,1.0,158,157,1,0.4585987261146497,72.0,3375.0000000000005,243.0,11.0,-211.0,16.0,227.0,-1.4937028320902277,-98.0,-113.0,154,237.0,150,0.0
34007,ES 06-26,1779825580404,1779825580492,Absorb,-1,7535.75,7535.5,1.0,99,98,1,0.8979591836734694,88.0,2340.909090909091,206.0,15.0,204.0,205.0,1.0,2.20295609152752,96.0,108.0,96,200.0,98,0.0
34008,ES 06-26,1779825581172,1779825581432,Absorb,-1,7535.75,7535.5,1.0,130,127,1,2.0155038759689923,260.0,861.5384615384615,224.0,10.0,-104.0,60.0,164.0,-1.1207062775676304,3.0,-107.0,124,207.0,89,0.0
34009,ES 06-26,1779825582868,1779825582964,Absorb,-1,7536.0,7535.75,1.0,95,93,1,1.0212765957446808,96.0,2270.8333333333335,218.0,17.0,-204.0,7.0,211.0,-2.2840145576707727,-103.0,-101.0,91,213.0,91,0.0
34010,ES 06-26,1779825583992,1779825584076,Absorb,1,7536.5,7536.0,2.0,130,129,1,0.6511627906976745,84.0,3178.5714285714284,267.0,17.0,265.0,266.0,1.0,2.2590094088407597,143.0,122.0,126,260.0,125,0.0
34011,ES 06-26,1779825585000,1779825585084,Absorb,-1,7537.0,7536.75,1.0,138,135,1,0.6131386861313869,84.0,2904.7619047619046,244.0,9.0,-136.0,54.0,190.0,-1.426298377356509,-33.0,-103.0,130,230.0,105,0.0
34012,ES 06-26,1779825586592,1779825586700,Absorb,-1,7537.0,7536.5,2.0,153,152,1,0.7105263157894737,108.0,2648.1481481481483,286.0,17.0,68.0,177.0,109.0,0.7966574189484407,-37.0,105.0,149,277.0,146,0.0
34013,ES 06-26,1779825587992,1779825588168,Absorb,-1,7537.0,7536.5,2.0,130,125,1,1.3643410852713178,176.0,1494.318181818182,263.0,13.0,-107.0,78.0,185.0,-0.939644130057764,-97.0,-10.0,120,239.0,111,0.0
34014,ES 06-26,1779825588840,1779825588960,Absorb,-1,7536.75,7536.25,2.0,307,304,1,0.39215686274509803,120.0,4908.333333333334,589.0,16.0,-155.0,217.0,372.0,-0.598768319883476,-335.0,180.0,299,575.0,265,0.0
34015,ES 06-26,1779825589632,1779825589880,Absorb,-1,7536.75,7536.25,2.0,133,131,1,1.878787878787879,248.0,987.9032258064516,245.0,14.0,169.0,207.0,38.0,1.631186174391202,101.0,68.0,128,237.0,121,0.0
34016,ES 06-26,1779825590540,1779825590804,Absorb,-1,7536.25,7535.75,2.0,235,232,1,1.1282051282051282,264.0,1522.7272727272727,402.0,8.0,-376.0,13.0,389.0,-1.668592748758634,-181.0,-195.0,227,385.0,135,0.0
34017,ES 06-26,1779825590996,1779825591168,Absorb,-1,7536.0,7535.75,1.0,183,179,1,0.945054945054945,172.0,2220.93023255814,382.0,10.0,96.0,239.0,143.0,0.4426092439278469,184.0,-88.0,174,371.0,111,0.0
34018,ES 06-26,1779825592600,1779825592732,Absorb,-1,7536.25,7536.0,1.0,157,155,1,0.8461538461538461,132.0,2212.121212121212,292.0,11.0,284.0,288.0,4.0,1.7841217075273352,147.0,137.0,152,281.0,153,0.0
34019,ES 06-26,1779825593856,1779825594136,Absorb,-1,7536.25,7535.75,2.0,134,132,1,2.1052631578947367,280.0,953.5714285714284,267.0,9.0,-51.0,108.0,159.0,-0.6366238980535917,-122.0,71.0,130,261.0,130,0.0
34020,ES 06-26,1779825594992,1779825595152,Absorb,-1,7536.5,7536.0,2.0,265,250,1,0.6060606060606061,160.0,3475.0,556.0,14.0,72.0,314.0,242.0,0.41867898734830217,85.0,-13.0,235,498.0,192,0.0
34021,ES 06-26,1779825595364,1779825595604,Absorb,-1,7536.5,7536.0,2.0,167,160,1,1.4457831325301205,240.0,1283.3333333333335,308.0,10.0,-24.0,142.0,166.0,-0.1287940470178404,-58.0,34.0,153,286.0,154,0.0
34022,ES 06-26,1779825600996,1779825601144,Absorb,-1,7540.5,7539.5,4.0,219,216,1,0.6788990825688074,148.0,3898.6486486486488,577.0,40.0,-281.0,148.0,429.0,-1.6271516217852777,71.0,-352.0,209,560.0,73,0.0
34023,ES 06-26,1779825601772,1779825601900,Absorb,-1,7539.75,7539.5,1.0,97,94,1,1.3333333333333333,128.0,1835.9375,235.0,36.0,87.0,161.0,74.0,0.7757074479276247,145.0,-58.0,91,228.0,90,0.0
34024,ES 06-26,1779825601996,1779825602180,Absorb,-1,7539.5,7539.25,1.0,161,158,1,1.15,184.0,2005.4347826086957,369.0,40.0,-233.0,68.0,301.0,-1.681444099378882,-186.0,-47.0,154,351.0,102,0.0
34025,ES 06-26,1779825603332,1779825603492,Absorb,-1,7538.5,7538.25,1.0,99,95,1,1.6326530612244898,160.0,1587.5,254.0,63.0,238.0,246.0,8.0,2.219097093382808,147.0,91.0,91,243.0,92,0.0
34026,ES 06-26,1779825603620,1779825603676,Absorb,-1,7538.5,7538.25,1.0,101,101,1,0.56,56.0,5910.714285714285,331.0,46.0,-129.0,101.0,230.0,-2.224810716365754,19.0,-148.0,99,328.0,81,0.0
34027,ES 06-26,1779825604148,1779825604344,Predator,1,7538.5,7537.0,6.0,471,456,1,0.41702127659574467,196.0,6505.102040816327,1275.0,50.0,-917.0,179.0,1096.0,-2.315871426241671,-457.0,-460.0,445,1227.0,131,0.0
34028,ES 06-26,1779825604800,1779825604948,Absorb,-1,7537.25,7536.75,2.0,150,146,1,0.9932885906040269,148.0,2445.9459459459463,362.0,50.0,18.0,190.0,172.0,-0.7317889683985955,-22.0,40.0,140,343.0,90,0.0
34029,ES 06-26,1779825605704,1779825605820,Absorb,-1,7537.5,7537.0,2.0,110,108,1,1.0642201834862386,116.0,2129.310344827586,247.0,16.0,219.0,233.0,14.0,2.0476658476658476,152.0,67.0,105,236.0,108,0.0
34030,ES 06-26,1779825660028,1779825660100,Absorb,-1,7539.0,7538.25,3.0,137,134,1,0.5294117647058824,72.0,3333.3333333333335,240.0,26.0,180.0,210.0,30.0,1.6519825638919483,80.0,100.0,132,209.0,51,0.0
34031,ES 06-26,1779825900008,1779825900196,Absorb,-1,7538.25,7537.25,4.0,286,280,1,0.6596491228070176,188.0,3090.425531914894,581.0,62.0,69.0,325.0,256.0,0.5131215382820005,262.0,-193.0,273,494.0,69,0.0
34032,ES 06-26,1779827106920,1779827106924,Absorb,-1,7536.0,7535.75,1.0,78,78,1,0.05194805194805195,4.0,54250.0,217.0,36.0,-217.0,0.0,217.0,-2.8425245640435515,-58.0,-159.0,76,214.0,46,0.0
34033,ES 06-26,1779828681456,1779828681596,Predator,-1,7532.25,7531.0,5.0,154,148,1,0.9150326797385621,140.0,2828.5714285714284,396.0,117.0,-240.0,78.0,318.0,-2.073239853126001,-281.0,41.0,143,371.0,50,0.0
34034,ES 06-26,1779861202976,1779861203100,Predator,-1,7544.25,7542.25,8.0,264,251,1,0.4714828897338403,124.0,3508.064516129032,435.0,27.0,19.0,227.0,208.0,0.09944465821860184,164.0,-145.0,242,406.0,57,0.0
34035,ES 06-26,1779863761312,1779863761380,Predator,-1,7539.25,7537.5,7.0,315,309,1,0.21656050955414013,68.0,10161.764705882351,691.0,249.0,215.0,453.0,238.0,-0.11641077619469944,-161.0,376.0,295,410.0,107,0.0
34036,ES 06-26,1779869335876,1779869335988,Predator,-1,7552.0,7550.75,5.0,167,159,1,0.6746987951807228,112.0,2312.5,259.0,30.0,143.0,201.0,58.0,0.9013625073433168,95.0,48.0,154,246.0,62,0.0
34037,ES 06-26,1779870094412,1779870094416,Predator,-1,7558.5,7554.75,15.0,258,241,1,0.01556420233463035,4.0,125750.0,503.0,38.0,497.0,500.0,3.0,2.067239673972096,301.0,196.0,239,477.0,42,0.0
34038,ES 06-26,1779870094420,1779870094556,Predator,-1,7557.75,7555.5,9.0,209,193,1,0.6538461538461539,136.0,1720.5882352941176,234.0,5.0,-64.0,85.0,149.0,-0.4889255481360745,-33.0,-31.0,170,193.0,85,0.0
34039,ES 06-26,1779876278560,1779876278716,Absorb,-1,7563.75,7562.75,4.0,260,244,1,0.6023166023166023,156.0,1974.3589743589744,308.0,4.0,-16.0,146.0,162.0,-0.2006667144598179,-27.0,11.0,228,273.0,96,0.0
34040,ES 06-26,1779880980408,1779880980600,Predator,1,7565.25,7563.75,6.0,179,175,1,1.0786516853932584,192.0,1192.7083333333333,229.0,5.0,99.0,164.0,65.0,0.7666310966041052,116.0,-17.0,166,214.0,67,0.0
34041,ES 06-26,1779880995584,1779880995644,Predator,-1,7564.0,7562.0,8.0,269,258,1,0.22388059701492538,60.0,5633.333333333334,338.0,7.0,-94.0,122.0,216.0,-0.45997583334874576,-183.0,89.0,243,308.0,54,0.0
34042,ES 06-26,1779883203148,1779883203220,Predator,-1,7551.25,7549.5,7.0,242,239,1,0.2987551867219917,72.0,4763.88888888889,343.0,11.0,-145.0,99.0,244.0,-0.9644476958698007,-102.0,-43.0,228,326.0,84,0.0
34043,ES 06-26,1779883339376,1779883339388,Absorb,-1,7548.5,7548.0,2.0,109,106,1,0.1111111111111111,12.0,38166.666666666664,458.0,223.0,326.0,392.0,66.0,2.961708831433602,123.0,203.0,103,228.0,65,0.0
34044,ES 06-26,1779884293668,1779884293884,Predator,-1,7549.0,7545.75,13.0,412,391,1,0.5255474452554745,216.0,2314.814814814815,500.0,4.0,170.0,335.0,165.0,0.5561065217439797,231.0,-61.0,379,459.0,70,0.0
34045,ES 06-26,1779884296064,1779884296136,Predator,-1,7552.0,7549.75,9.0,161,145,1,0.45,72.0,2902.777777777778,209.0,10.0,83.0,146.0,63.0,0.7043276972624799,74.0,9.0,134,177.0,48,0.0
34046,ES 06-26,1779884548528,1779884548532,Predator,-1,7567.5,7566.25,5.0,85,79,1,0.047619047619047616,4.0,52500.0,210.0,50.0,208.0,209.0,1.0,1.7765683017393004,55.0,153.0,77,200.0,26,0.0
34047,ES 06-26,1779884620236,1779884620508,Predator,-1,7567.0,7565.0,8.0,249,244,1,1.096774193548387,272.0,1305.1470588235293,355.0,10.0,-257.0,49.0,306.0,-1.1407570928876798,-147.0,-110.0,231,333.0,67,0.0
34048,ES 06-26,1779884620888,1779884620968,Predator,-1,7565.5,7561.75,15.0,266,259,1,0.3018867924528302,80.0,5450.0,436.0,19.0,-214.0,111.0,325.0,-0.9530216255074829,-100.0,-114.0,236,369.0,42,0.0
34049,ES 06-26,1779884620968,1779884621188,Predator,-1,7563.25,7561.75,6.0,200,183,1,1.1055276381909547,220.0,1122.7272727272727,247.0,7.0,43.0,145.0,102.0,0.03303382584564614,51.0,-8.0,164,208.0,50,0.0
34050,ES 06-26,1779884621564,1779884621796,Predator,-1,7563.25,7561.5,7.0,151,144,1,1.5466666666666666,232.0,883.6206896551723,205.0,6.0,-15.0,95.0,110.0,-0.40267340536772395,-45.0,30.0,132,183.0,59,0.0
34051,ES 06-26,1779884729404,1779884729496,Predator,-1,7563.0,7560.5,10.0,253,237,1,0.36507936507936506,92.0,3565.217391304348,328.0,14.0,152.0,240.0,88.0,0.5750239718058958,181.0,-29.0,230,299.0,79,0.0
34052,ES 06-26,1779885360512,1779885360552,Predator,-1,7563.0,7560.25,11.0,177,164,1,0.22727272727272727,40.0,6250.0,250.0,16.0,170.0,210.0,40.0,1.2262512768130747,102.0,68.0,161,220.0,22,0.0
34053,ES 06-26,1779885360552,1779885360560,Predator,-1,7565.0,7562.5,10.0,128,110,1,0.06299212598425197,8.0,25625.0,205.0,7.0,63.0,134.0,71.0,0.4822691585790148,30.0,33.0,93,155.0,34,0.0
34054,ES 06-26,1779885366676,1779885366948,Predator,-1,7564.25,7561.0,13.0,353,327,1,0.7727272727272727,272.0,1775.7352941176468,483.0,7.0,-145.0,169.0,314.0,-0.24847717342435738,-176.0,31.0,289,393.0,96,0.0
34055,ES 06-26,1779887423168,1779887423212,Absorb,-1,7546.75,7546.0,3.0,101,95,1,0.44,44.0,8068.181818181819,355.0,163.0,-239.0,58.0,297.0,-3.612533488642982,-76.0,-163.0,88,337.0,37,0.0
34056,ES 06-26,1779888300024,1779888300064,Absorb,-1,7547.0,7546.0,4.0,209,203,1,0.19230769230769232,40.0,6900.0,276.0,6.0,76.0,176.0,100.0,0.653301961196698,56.0,20.0,198,261.0,49,0.0
34057,ES 06-26,1779888460008,1779888460216,Predator,-1,7547.0,7545.5,6.0,211,205,1,0.9904761904761905,208.0,1149.0384615384617,239.0,4.0,-147.0,46.0,193.0,-0.6470331242574826,-108.0,-39.0,192,216.0,60,0.0
34058,ES 06-26,1779888624424,1779888624568,Absorb,-1,7541.5,7541.0,2.0,194,189,1,0.7461139896373057,144.0,1722.2222222222224,248.0,6.0,6.0,127.0,121.0,0.10371076495749323,1.0,5.0,183,236.0,112,0.0
34059,ES 06-26,1779888641196,1779888641348,Absorb,-1,7543.0,7542.25,3.0,287,283,1,0.5314685314685315,152.0,2421.0526315789475,368.0,6.0,190.0,279.0,89.0,0.53625591887787,188.0,2.0,276,353.0,126,0.0
34060,ES 06-26,1779888668968,1779888669172,Absorb,-1,7546.25,7545.75,2.0,152,149,1,1.3509933774834437,204.0,1029.4117647058824,210.0,24.0,-26.0,92.0,118.0,-0.2551838790587689,0.0,-26.0,145,200.0,91,0.0
34061,ES 06-26,1779888676476,1779888676536,Absorb,1,7544.75,7544.0,3.0,330,325,1,0.182370820668693,60.0,8066.666666666667,484.0,10.0,162.0,323.0,161.0,0.5967028664592462,214.0,-52.0,317,468.0,213,0.0
34062,ES 06-26,1779888732124,1779888732356,Absorb,-1,7541.75,7541.0,3.0,207,205,1,1.1262135922330097,232.0,1073.2758620689654,249.0,4.0,-151.0,49.0,200.0,-1.0877845244666688,-74.0,-77.0,201,240.0,121,0.0
34063,ES 06-26,1779888789912,1779888790108,Absorb,-1,7542.25,7541.5,3.0,230,222,1,0.8558951965065502,196.0,1540.8163265306123,302.0,14.0,74.0,188.0,114.0,0.3284429639090736,149.0,-75.0,214,286.0,78,0.0
34064,ES 06-26,1779888900096,1779888900356,Absorb,-1,7542.0,7541.25,3.0,464,445,1,0.5615550755939525,260.0,2207.6923076923076,574.0,6.0,38.0,306.0,268.0,-0.0928567739052511,19.0,19.0,424,521.0,166,0.0
34065,ES 06-26,1779888901136,1779888901216,Absorb,-1,7543.0,7542.0,4.0,273,265,1,0.29411764705882354,80.0,4237.5,339.0,6.0,155.0,247.0,92.0,0.7441303865734952,156.0,-1.0,259,322.0,99,0.0
34066,ES 06-26,1779888968476,1779888968528,Absorb,-1,7543.0,7542.5,2.0,173,168,1,0.3023255813953488,52.0,4057.692307692308,211.0,5.0,143.0,177.0,34.0,0.6770445601234871,101.0,42.0,164,201.0,85,0.0
34067,ES 06-26,1779889043004,1779889043112,Absorb,-1,7539.5,7538.5,4.0,297,287,1,0.36486486486486486,108.0,5074.074074074074,548.0,36.0,-248.0,150.0,398.0,-1.2821091378138358,-243.0,-5.0,276,519.0,105,0.0
34068,ES 06-26,1779889092192,1779889092276,Absorb,-1,7537.0,7536.75,1.0,134,133,1,0.631578947368421,84.0,3285.7142857142853,276.0,31.0,-196.0,40.0,236.0,-1.2526864424743451,-146.0,-50.0,130,272.0,96,0.0
34069,ES 06-26,1779889094104,1779889094272,Absorb,-1,7536.0,7535.75,1.0,168,165,1,1.0059880239520957,168.0,1821.4285714285713,306.0,30.0,-132.0,87.0,219.0,-0.8370515941911613,-167.0,35.0,161,299.0,151,0.0
34070,ES 06-26,1779889094588,1779889094704,Absorb,-1,7537.5,7536.75,3.0,211,208,1,0.5523809523809524,116.0,2543.103448275862,295.0,6.0,137.0,216.0,79.0,0.8695417789757413,149.0,-12.0,205,289.0,77,0.0
34071,ES 06-26,1779889200344,1779889200616,Predator,-1,7538.75,7537.5,5.0,242,238,1,1.1286307053941909,272.0,1198.5294117647059,326.0,7.0,-214.0,56.0,270.0,-1.190790507023375,-145.0,-69.0,231,309.0,89,0.0
34072,ES 06-26,1779889216296,1779889216428,Absorb,-1,7537.0,7536.0,4.0,288,282,1,0.45993031358885017,132.0,2878.7878787878785,380.0,10.0,-34.0,173.0,207.0,-0.39481054258145154,-99.0,65.0,273,359.0,113,0.0
34073,ES 06-26,1779889244684,1779889244944,Absorb,-1,7538.25,7537.75,2.0,164,160,1,1.5950920245398772,260.0,923.0769230769231,240.0,10.0,72.0,156.0,84.0,0.0992872009032416,-13.0,85.0,156,232.0,132,0.0
34074,ES 06-26,1779889246908,1779889246976,Absorb,-1,7537.75,7537.25,2.0,230,221,1,0.29694323144104806,68.0,4161.764705882352,283.0,4.0,39.0,161.0,122.0,0.4071136382129357,-61.0,100.0,210,257.0,158,0.0
34075,ES 06-26,1779889268900,1779889269024,Absorb,-1,7537.25,7536.75,2.0,260,252,1,0.47876447876447875,124.0,2645.1612903225805,328.0,5.0,-12.0,158.0,170.0,0.2736038425693598,18.0,-30.0,243,306.0,172,0.0
34076,ES 06-26,1779889403208,1779889403292,Absorb,-1,7532.75,7532.0,3.0,201,196,1,0.42,84.0,2892.8571428571427,243.0,4.0,-13.0,115.0,128.0,-0.10324072705778041,-124.0,111.0,189,231.0,110,0.0
34077,ES 06-26,1779889409764,1779889410012,Absorb,-1,7531.75,7531.0,3.0,262,256,1,0.9501915708812261,248.0,1346.774193548387,334.0,6.0,-50.0,142.0,192.0,-0.07452798431713235,-126.0,76.0,248,318.0,164,0.0
34078,ES 06-26,1779889430508,1779889430556,Absorb,-1,7531.25,7530.5,3.0,226,219,1,0.21333333333333335,48.0,6125.0,294.0,4.0,-200.0,47.0,247.0,-1.0461091835276077,-140.0,-60.0,210,267.0,140,0.0
34079,ES 06-26,1779889437272,1779889437312,Absorb,-1,7530.5,7529.5,4.0,255,252,1,0.15748031496062992,40.0,28375.0,1135.0,600.0,-1085.0,25.0,1110.0,-4.846249710514127,-280.0,-805.0,243,1120.0,139,0.0
34080,ES 06-26,1779889446964,1779889446984,Absorb,-1,7530.0,7529.5,2.0,163,162,1,0.12345679012345678,20.0,10650.0,213.0,8.0,-79.0,67.0,146.0,-0.721210811290117,-105.0,26.0,159,208.0,94,0.0
34081,ES 06-26,1779889462480,1779889462640,Absorb,-1,7528.5,7527.75,3.0,238,235,1,0.6751054852320675,160.0,1806.25,289.0,8.0,-35.0,127.0,162.0,0.06188427386207913,-125.0,90.0,228,278.0,118,0.0
34082,ES 06-26,1779889464532,1779889464748,Predator,-1,7528.5,7527.0,6.0,149,148,1,1.4594594594594594,216.0,976.8518518518518,211.0,9.0,-151.0,30.0,181.0,-1.2535026301469254,-97.0,-54.0,140,192.0,53,0.0
34083,ES 06-26,1779889552460,1779889552612,Absorb,-1,7534.5,7533.5,4.0,235,231,1,0.6495726495726496,152.0,2256.5789473684213,343.0,25.0,173.0,258.0,85.0,1.0116508086215983,179.0,-6.0,228,336.0,110,0.0
34084,ES 06-26,1779889623420,1779889623652,Absorb,-1,7530.25,7529.25,4.0,184,182,1,1.2677595628415301,232.0,1012.9310344827586,235.0,4.0,-109.0,63.0,172.0,-0.7753944250736838,-115.0,6.0,175,223.0,88,0.0
34085,ES 06-26,1779889647228,1779889647280,Absorb,-1,7530.0,7529.5,2.0,120,117,1,0.4369747899159664,52.0,3903.846153846154,203.0,16.0,191.0,197.0,6.0,1.211962636294187,134.0,57.0,115,198.0,80,0.0
34086,ES 06-26,1779889716920,1779889716924,Predator,-1,7528.75,7527.0,7.0,247,246,1,0.016260162601626018,4.0,84000.0,336.0,7.0,-268.0,34.0,302.0,-1.347712279852327,-109.0,-159.0,238,319.0,40,0.0
34087,ES 06-26,1779889716924,1779889717200,Absorb,-1,7528.5,7527.5,4.0,199,188,1,1.393939393939394,276.0,894.927536231884,247.0,6.0,75.0,161.0,86.0,0.1214694685548957,17.0,58.0,178,224.0,99,0.0
34088,ES 06-26,1779889824788,1779889824852,Predator,-1,7530.0,7528.5,6.0,289,283,1,0.2222222222222222,64.0,6531.25,418.0,10.0,-244.0,87.0,331.0,-1.2492095215368095,-132.0,-112.0,270,385.0,72,0.0
34089,ES 06-26,1779889831924,1779889832072,Absorb,-1,7531.0,7530.0,4.0,346,335,1,0.4289855072463768,148.0,3520.2702702702704,521.0,19.0,139.0,330.0,191.0,0.5039826524411662,-91.0,230.0,324,484.0,130,0.0
34090,ES 06-26,1779890154076,1779890154144,Absorb,-1,7533.25,7532.75,2.0,173,171,1,0.3953488372093023,68.0,3499.9999999999995,238.0,7.0,-54.0,92.0,146.0,-0.4483940648307383,-119.0,65.0,168,223.0,68,0.0
34091,ES 06-26,1779890277480,1779890277776,Absorb,-1,7537.25,7536.25,4.0,437,433,1,0.6788990825688074,296.0,1942.5675675675677,575.0,6.0,-115.0,230.0,345.0,-0.12772168713471063,-210.0,95.0,425,562.0,168,0.0
34092,ES 06-26,1779890387224,1779890387464,Absorb,-1,7538.25,7537.5,3.0,291,279,1,0.8275862068965517,240.0,1541.6666666666667,370.0,19.0,122.0,246.0,124.0,0.22946106384740125,82.0,40.0,269,345.0,174,0.0
34093,ES 06-26,1779890409548,1779890409552,Predator,-1,7538.0,7535.75,9.0,270,268,1,0.01486988847583643,4.0,135500.0,542.0,59.0,-168.0,187.0,355.0,-1.210103476499449,-203.0,35.0,257,520.0,48,0.0
34094,ES 06-26,1779890409552,1779890409628,Predator,-1,7537.25,7536.0,5.0,182,167,1,0.4198895027624309,76.0,3184.2105263157896,242.0,20.0,72.0,157.0,85.0,0.5357015957505044,37.0,35.0,155,206.0,71,0.0
34095,ES 06-26,1779890873836,1779890873848,Predator,-1,7543.25,7537.0,25.0,923,922,1,0.013015184381778741,12.0,112250.0,1347.0,80.0,-1345.0,1.0,1346.0,-1.4992030822130726,-653.0,-692.0,896,1309.0,57,0.0
34096,ES 06-26,1779890873904,1779890873964,Predator,1,7539.25,7536.5,11.0,291,250,1,0.20689655172413793,60.0,6166.666666666667,370.0,4.0,0.0,185.0,185.0,-0.11307530107280776,-31.0,31.0,207,259.0,74,0.0
34097,ES 06-26,1779890873964,1779890874260,Predator,1,7538.0,7536.5,6.0,875,844,1,0.33867276887871856,296.0,3793.918918918919,1123.0,9.0,267.0,695.0,428.0,0.5370899255285325,66.0,201.0,809,1042.0,270,0.0
34098,ES 06-26,1779890925736,1779890925884,Absorb,1,7536.0,7535.25,3.0,156,152,1,0.9548387096774194,148.0,1418.918918918919,210.0,5.0,-122.0,44.0,166.0,-1.1001548892857707,-26.0,-96.0,149,198.0,77,0.0
34099,ES 06-26,1779891020280,1779891020404,Absorb,-1,7537.75,7537.0,3.0,239,233,1,0.5210084033613446,124.0,2637.0967741935483,327.0,10.0,-159.0,84.0,243.0,-0.7185445307830245,-162.0,3.0,223,297.0,142,0.0
34100,ES 06-26,1779891262212,1779891262264,Absorb,-1,7542.0,7541.5,2.0,174,170,1,0.30057803468208094,52.0,4384.615384615385,228.0,6.0,-12.0,108.0,120.0,-0.14484125402203935,90.0,-102.0,165,219.0,87,0.0
34101,ES 06-26,1779891411852,1779891411936,Absorb,-1,7545.25,7545.0,1.0,160,156,1,0.5283018867924528,84.0,2666.6666666666665,224.0,5.0,-22.0,101.0,123.0,-0.2682057892886441,82.0,-104.0,152,216.0,122,0.0
34102,ES 06-26,1779891612340,1779891612556,Predator,-1,7546.25,7543.5,11.0,352,350,1,0.6153846153846154,216.0,2148.1481481481483,464.0,10.0,-436.0,14.0,450.0,-1.255869877682909,-217.0,-219.0,336,435.0,76,0.0
34103,ES 06-26,1779891613696,1779891613904,Predator,-1,7541.75,7540.5,5.0,335,323,1,0.6227544910179641,208.0,2149.0384615384614,447.0,9.0,-119.0,164.0,283.0,-0.6313100877136985,-155.0,36.0,310,414.0,83,0.0
34104,ES 06-26,1779891618376,1779891618460,Absorb,-1,7540.5,7540.0,2.0,169,161,1,0.5,84.0,2488.095238095238,209.0,3.0,25.0,117.0,92.0,-0.15281686639152703,48.0,-23.0,154,189.0,80,0.0
34105,ES 06-26,1779892236872,1779892237136,Absorb,-1,7536.75,7535.75,4.0,149,147,1,1.7837837837837838,264.0,761.3636363636364,201.0,7.0,-115.0,43.0,158.0,-1.014253582441502,-98.0,-17.0,142,186.0,46,0.0
34106,ES 06-26,1779892365724,1779892365812,Predator,-1,7534.5,7533.25,5.0,237,228,1,0.3728813559322034,88.0,3829.545454545455,337.0,12.0,13.0,175.0,162.0,0.13963714642690372,-91.0,104.0,217,308.0,69,0.0
34107,ES 06-26,1779892365812,1779892365940,Absorb,-1,7534.5,7534.0,2.0,197,195,1,0.6530612244897959,128.0,1867.1875,239.0,7.0,-55.0,92.0,147.0,-0.2522045274039473,-51.0,-4.0,190,225.0,88,0.0
34108,ES 06-26,1779892366128,1779892366340,Predator,-1,7534.25,7533.0,5.0,282,275,1,0.7544483985765125,212.0,1745.2830188679245,370.0,6.0,18.0,194.0,176.0,0.04997002071660788,-63.0,81.0,264,346.0,104,0.0
34109,ES 06-26,1779892367692,1779892367784,Predator,-1,7534.5,7533.0,6.0,257,249,1,0.359375,92.0,4108.695652173913,378.0,8.0,18.0,198.0,180.0,0.07268926454619491,-100.0,118.0,236,345.0,84,0.0
34110,ES 06-26,1779892397164,1779892397168,Predator,-1,7534.0,7531.5,10.0,288,277,1,0.013937282229965157,4.0,110250.0,441.0,40.0,-313.0,64.0,377.0,-1.262005734862094,-203.0,-110.0,255,391.0,48,0.0
34111,ES 06-26,1779892397560,1779892397564,Absorb,-1,7528.75,7527.75,4.0,60,53,1,0.06779661016949153,4.0,55000.0,220.0,99.0,-188.0,16.0,204.0,-2.342928591275354,-175.0,-13.0,44,183.0,31,0.0
34112,ES 06-26,1779892398160,1779892398428,Absorb,-1,7526.5,7525.75,3.0,209,197,1,1.2884615384615385,268.0,996.2686567164178,267.0,10.0,-3.0,132.0,135.0,0.10108838529891162,-28.0,25.0,184,234.0,79,0.0
34113,ES 06-26,1779892409472,1779892409512,Predator,-1,7533.0,7530.25,11.0,202,190,1,0.19900497512437812,40.0,6450.0,258.0,4.0,232.0,245.0,13.0,1.256153267705272,105.0,127.0,188,241.0,23,0.0
34114,ES 06-26,1779892409520,1779892409628,Absorb,-1,7531.75,7530.75,4.0,155,146,1,0.7012987012987013,108.0,1861.111111111111,201.0,4.0,-37.0,82.0,119.0,-0.27157358770261997,51.0,-88.0,133,175.0,50,0.0
34115,ES 06-26,1779892418500,1779892418640,Predator,1,7530.25,7529.0,5.0,202,199,1,0.6965174129353234,140.0,2064.285714285714,289.0,10.0,123.0,206.0,83.0,0.7306728320063828,166.0,-43.0,192,274.0,68,0.0
34116,ES 06-26,1779892420852,1779892420876,Absorb,-1,7530.0,7529.25,3.0,96,94,1,0.25263157894736843,24.0,9875.0,237.0,27.0,127.0,182.0,55.0,0.6977685838307108,120.0,7.0,89,227.0,52,0.0
34117,ES 06-26,1779892458920,1779892459100,Predator,-1,7535.0,7532.5,10.0,649,612,1,0.2777777777777778,180.0,5527.777777777778,995.0,98.0,31.0,513.0,482.0,-0.06287490287490287,232.0,-201.0,580,884.0,189,0.0
34118,ES 06-26,1779892555524,1779892555584,Absorb,-1,7537.5,7536.75,3.0,98,95,1,0.6185567010309279,60.0,3733.3333333333335,224.0,46.0,224.0,224.0,0.0,1.7075276221078872,70.0,154.0,94,218.0,48,0.0
34119,ES 06-26,1779892947080,1779892947380,Predator,1,7538.0,7536.0,8.0,371,351,1,0.8108108108108109,300.0,1620.0,486.0,6.0,-138.0,174.0,312.0,-0.5343086500116324,-154.0,16.0,334,429.0,113,0.0
34120,ES 06-26,1779893057620,1779893057712,Absorb,-1,7538.0,7537.0,4.0,221,216,1,0.41818181818181815,92.0,2793.4782608695655,257.0,4.0,-17.0,120.0,137.0,-0.12574738457091397,-125.0,108.0,210,246.0,84,0.0
34121,ES 06-26,1779893773068,1779893773072,Absorb,-1,7532.25,7532.0,1.0,79,79,1,0.05128205128205128,4.0,123500.0,494.0,400.0,-494.0,0.0,494.0,-5.606523855890945,-452.0,-42.0,77,489.0,59,0.0
34122,ES 06-26,1779894009492,1779894009600,Absorb,-1,7530.0,7529.25,3.0,88,87,1,1.2413793103448276,108.0,2129.6296296296296,230.0,115.0,-226.0,2.0,228.0,-1.619844316860977,-178.0,-48.0,83,223.0,50,0.0
34123,ES 06-26,1779894253820,1779894253824,Predator,-1,7533.0,7531.0,8.0,263,261,1,0.015267175572519083,4.0,121250.0,485.0,60.0,-205.0,140.0,345.0,-0.9881511835623233,-180.0,-25.0,251,421.0,39,0.0
34124,ES 06-26,1779894253824,1779894253840,Predator,-1,7531.75,7530.25,6.0,192,170,1,0.08376963350785341,16.0,14875.0,238.0,4.0,-52.0,93.0,145.0,-0.2361955076906383,-11.0,-41.0,145,180.0,50,0.0
34125,ES 06-26,1779894258700,1779894258764,Predator,-1,7533.5,7530.75,11.0,221,209,1,0.2909090909090909,64.0,5546.875,355.0,20.0,297.0,326.0,29.0,1.5182307358777947,128.0,169.0,205,323.0,32,0.0
34126,ES 06-26,1779894258764,1779894258960,Absorb,-1,7533.0,7532.0,4.0,364,350,1,0.5399449035812672,196.0,2362.2448979591836,463.0,4.0,-33.0,215.0,248.0,-0.18244768929700436,-36.0,3.0,333,422.0,196,0.0
34127,ES 06-26,1779895272268,1779895272540,Absorb,-1,7524.75,7524.0,3.0,244,239,1,1.1193415637860082,272.0,1341.9117647058822,365.0,26.0,-135.0,115.0,250.0,-0.6863189720332578,-189.0,54.0,232,343.0,111,0.0
34128,ES 06-26,1779895873492,1779895873564,Predator,-1,7532.5,7531.0,6.0,420,398,1,0.1718377088305489,72.0,8055.555555555557,580.0,6.0,348.0,464.0,116.0,0.7597123566460128,264.0,84.0,381,539.0,154,0.0
34129,ES 06-26,1779895878676,1779895878680,Predator,-1,7533.5,7532.0,6.0,224,210,1,0.017937219730941704,4.0,96250.0,385.0,51.0,163.0,274.0,111.0,0.7398499893230835,175.0,-12.0,199,341.0,58,0.0
34130,ES 06-26,1779895878680,1779895878784,Absorb,-1,7534.25,7533.75,2.0,305,293,1,0.34210526315789475,104.0,3586.538461538462,373.0,5.0,-13.0,180.0,193.0,0.021504762388130403,107.0,-120.0,278,344.0,167,0.0
34131,ES 06-26,1779896013760,1779896013944,Predator,-1,7535.0,7533.75,5.0,200,192,1,0.9246231155778895,184.0,1722.8260869565217,317.0,10.0,155.0,236.0,81.0,0.95230405760144,172.0,-17.0,188,296.0,83,0.0
34132,ES 06-26,1779896044032,1779896044080,Predator,-1,7532.5,7531.0,6.0,442,424,1,0.10884353741496598,48.0,14208.333333333334,682.0,43.0,-276.0,203.0,479.0,-0.6706032300053204,-349.0,73.0,400,608.0,139,0.0
34133,ES 06-26,1779896605044,1779896605076,Absorb,-1,7525.5,7525.0,2.0,106,104,1,0.3047619047619048,32.0,7593.75,243.0,68.0,-185.0,29.0,214.0,-2.424762576517117,-54.0,-131.0,100,230.0,59,0.0
34134,ES 06-26,1779896627116,1779896627160,Predator,1,7524.25,7522.75,6.0,152,142,1,0.2913907284768212,44.0,4977.272727272728,219.0,6.0,-199.0,10.0,209.0,-1.4459742070407808,-106.0,-93.0,137,200.0,36,0.0
34135,ES 06-26,1779896627160,1779896627284,Absorb,-1,7522.75,7522.0,3.0,238,227,1,0.5232067510548524,124.0,2411.2903225806454,299.0,14.0,-13.0,143.0,156.0,-0.06809922740347661,-76.0,63.0,215,273.0,101,0.0
34136,ES 06-26,1779896712556,1779896712752,Absorb,-1,7521.5,7520.75,3.0,109,103,1,1.8148148148148149,196.0,1030.612244897959,202.0,65.0,62.0,132.0,70.0,0.33804096005930867,-21.0,83.0,94,175.0,48,0.0
34137,ES 06-26,1779896788472,1779896788656,Absorb,-1,7520.0,7519.0,4.0,233,228,1,0.7931034482758621,184.0,1608.695652173913,296.0,5.0,52.0,174.0,122.0,0.3041622552870148,-90.0,142.0,220,280.0,97,0.0
34138,ES 06-26,1779897291224,1779897291488,Predator,-1,7523.75,7521.0,11.0,661,630,1,0.4,264.0,3299.242424242424,871.0,7.0,-235.0,318.0,553.0,-0.34770305908378313,-310.0,75.0,589,775.0,134,0.0
34139,ES 06-26,1779897828088,1779897828340,Absorb,-1,7521.75,7520.75,4.0,262,259,1,0.9655172413793104,252.0,1448.4126984126983,365.0,8.0,75.0,220.0,145.0,-0.015128055511906775,-68.0,143.0,253,354.0,82,0.0
34140,ES 06-26,1779897837404,1779897837632,Predator,-1,7520.25,7519.0,5.0,265,251,1,0.8636363636363636,228.0,1600.877192982456,365.0,6.0,-37.0,164.0,201.0,0.015188485794245477,-114.0,77.0,234,309.0,95,0.0
34141,ES 06-26,1779898083688,1779898083864,Predator,-1,7523.0,7521.5,6.0,344,336,1,0.5131195335276968,176.0,2460.227272727273,433.0,11.0,-303.0,65.0,368.0,-0.9115486090435019,-205.0,-98.0,322,405.0,189,0.0
34142,ES 06-26,1779898776720,1779898776848,Absorb,-1,7527.75,7527.25,2.0,178,177,1,0.7231638418079096,128.0,2054.6875,263.0,21.0,-61.0,101.0,162.0,-0.22643093254916064,-156.0,95.0,174,256.0,110,0.0
34143,ES 06-26,1779899150628,1779899150644,Absorb,-1,7528.5,7528.0,2.0,167,163,1,0.0963855421686747,16.0,14875.0,238.0,16.0,-68.0,85.0,153.0,-0.5445597617158111,-117.0,49.0,157,225.0,113,0.0
34144,ES 06-26,1779899268164,1779899268216,Absorb,-1,7530.0,7529.5,2.0,168,165,1,0.31137724550898205,52.0,5634.615384615385,293.0,16.0,251.0,272.0,21.0,1.9250611203628247,105.0,146.0,163,286.0,114,0.0
34145,ES 06-26,1779899940608,1779899940684,Absorb,1,7534.75,7534.25,2.0,155,153,1,0.4935064935064935,76.0,3250.0,247.0,15.0,89.0,168.0,79.0,0.7164706261480455,135.0,-46.0,148,237.0,88,0.0
34146,ES 06-26,1779900066224,1779900066300,Absorb,-1,7537.0,7536.25,3.0,362,357,1,0.21052631578947367,76.0,6723.684210526316,511.0,10.0,405.0,458.0,53.0,1.1214677835705145,140.0,265.0,354,500.0,181,0.0
34147,ES 06-26,1779900368316,1779900368560,Predator,-1,7536.75,7534.75,8.0,597,578,1,0.40939597315436244,244.0,5709.016393442623,1393.0,248.0,205.0,799.0,594.0,0.7058240744699006,-288.0,493.0,551,1011.0,180,0.0
34148,ES 06-26,1779901111440,1779901111468,Absorb,1,7532.0,7531.0,4.0,251,241,1,0.112,28.0,12000.0,336.0,10.0,98.0,217.0,119.0,0.3074801745399355,154.0,-56.0,227,307.0,121,0.0
34149,ES 06-26,1779901308020,1779901308160,Predator,-1,7531.25,7530.0,5.0,212,210,1,0.6635071090047393,140.0,1864.2857142857142,261.0,6.0,-169.0,46.0,215.0,-0.8564766943789177,-119.0,-50.0,202,251.0,68,0.0
34150,ES 06-26,1779901308472,1779901308496,Predator,-1,7530.0,7528.5,6.0,148,142,1,0.16326530612244897,24.0,9041.666666666666,217.0,25.0,-199.0,9.0,208.0,-1.334389587505599,-111.0,-88.0,131,198.0,37,0.0
34151,ES 06-26,1779901308496,1779901308700,Absorb,-1,7529.5,7528.5,4.0,261,247,1,0.7846153846153846,204.0,1431.372549019608,292.0,4.0,130.0,211.0,81.0,0.41632548376428347,97.0,33.0,234,262.0,125,0.0
34152,ES 06-26,1779901630540,1779901630672,Absorb,-1,7523.0,7522.25,3.0,165,161,1,0.8048780487804879,132.0,1598.4848484848485,211.0,3.0,89.0,150.0,61.0,0.44486682873400474,105.0,-16.0,159,205.0,84,0.0
34153,ES 06-26,1779901665492,1779901665556,Absorb,1,7522.25,7522.0,1.0,96,96,1,0.6736842105263158,64.0,4234.375,271.0,51.0,271.0,271.0,0.0,3.358925664677157,137.0,134.0,94,269.0,77,0.0
34154,ES 06-26,1779901782544,1779901782716,Absorb,-1,7516.5,7515.75,3.0,210,208,1,0.8229665071770335,172.0,1552.325581395349,267.0,7.0,-111.0,78.0,189.0,-0.7748811926412326,-134.0,23.0,204,259.0,78,0.0
34155,ES 06-26,1779901802508,1779901802788,Absorb,-1,7517.0,7516.75,1.0,146,143,1,1.9310344827586208,280.0,892.8571428571428,250.0,34.0,12.0,131.0,119.0,-0.4621075260524616,83.0,-71.0,140,244.0,129,0.0
34156,ES 06-26,1779901865284,1779901865436,Absorb,-1,7520.25,7519.25,4.0,295,288,1,0.5170068027210885,152.0,2460.5263157894738,374.0,5.0,186.0,280.0,94.0,0.4612702983163032,124.0,62.0,284,363.0,124,0.0
34157,ES 06-26,1779902273012,1779902273052,Absorb,-1,7526.0,7526.0,0.0,81,81,1,0.5,40.0,5975.0,239.0,20.0,239.0,239.0,0.0,3.0746386630532974,177.0,62.0,80,238.0,81,0.0
34158,ES 06-26,1779902616016,1779902616080,Absorb,-1,7527.75,7527.0,3.0,180,176,1,0.3575418994413408,64.0,3453.125,221.0,6.0,101.0,161.0,60.0,0.7616695988559318,109.0,-8.0,173,213.0,84,0.0
34159,ES 06-26,1779903498056,1779903498064,Predator,-1,7531.25,7529.75,6.0,261,253,1,0.03076923076923077,8.0,141750.0,1134.0,737.0,534.0,834.0,300.0,2.6787980642679248,-142.0,676.0,239,1090.0,63,0.0
34160,ES 06-26,1779907346772,1779907346844,Absorb,-1,7540.75,7539.75,4.0,237,233,1,0.3050847457627119,72.0,4250.0,306.0,9.0,-16.0,145.0,161.0,-0.13244353738062487,-144.0,128.0,225,290.0,100,0.0
34161,ES 06-26,1779907866840,1779907866964,Predator,-1,7541.75,7540.25,6.0,474,460,1,0.26215644820295986,124.0,5435.483870967742,674.0,9.0,-512.0,81.0,593.0,-1.2203498442898533,-345.0,-167.0,440,633.0,155,0.0
34162,ES 06-26,1779908008212,1779908008272,Absorb,-1,7542.75,7541.75,4.0,267,264,1,0.22556390977443608,60.0,9233.333333333334,554.0,40.0,-58.0,248.0,306.0,-0.4017752329843559,-198.0,140.0,256,489.0,95,0.0
34163,ES 06-26,1779908403552,1779908403588,Absorb,-1,7543.0,7542.25,3.0,137,136,1,0.2647058823529412,36.0,5888.88888888889,212.0,5.0,-126.0,43.0,169.0,-1.2136016577370397,-15.0,-111.0,132,205.0,44,0.0
34164,ES 06-26,1779908457516,1779908457520,Predator,-1,7540.75,7539.5,5.0,214,213,1,0.018779342723004695,4.0,81500.0,326.0,6.0,-322.0,2.0,324.0,-1.5463643849622404,-156.0,-166.0,207,313.0,46,0.0
34165,ES 06-26,1779910403924,1779910403996,Absorb,-1,7541.25,7540.25,4.0,402,395,1,0.17955112219451372,72.0,7680.555555555557,553.0,6.0,319.0,436.0,117.0,1.0379463178652015,260.0,59.0,389,538.0,150,0.0
34166,ES 06-26,1779910410080,1779910410172,Absorb,-1,7541.25,7540.5,3.0,154,153,1,0.6013071895424836,92.0,2184.782608695652,201.0,8.0,1.0,101.0,100.0,-0.23431660054050946,-72.0,73.0,149,196.0,104,0.0
34167,ES 06-26,1779911400008,1779911400176,Predator,-1,7537.25,7535.75,6.0,664,635,1,0.25339366515837103,168.0,6833.333333333333,1148.0,38.0,-540.0,304.0,844.0,-0.6737417400012051,-370.0,-170.0,602,1024.0,181,0.0
34168,ES 06-26,1779911400988,1779911401176,Absorb,-1,7535.75,7535.25,2.0,180,175,1,1.0502793296089385,188.0,1936.1702127659573,364.0,41.0,-220.0,72.0,292.0,-1.4067399199563773,-256.0,36.0,168,351.0,110,0.0
34169,ES 06-26,1779911590020,1779911590160,Absorb,-1,7541.25,7540.25,4.0,522,508,1,0.2687140115163148,140.0,5235.714285714285,733.0,8.0,367.0,550.0,183.0,0.44428814097481817,291.0,76.0,495,690.0,307,0.0
34170,ES 06-26,1779911599944,1779911600048,Absorb,-1,7540.75,7540.25,2.0,182,177,1,0.574585635359116,104.0,2682.6923076923076,279.0,7.0,99.0,189.0,90.0,0.7175363355962939,-38.0,137.0,171,265.0,95,0.0
34171,ES 06-26,1779911612068,1779911612136,Predator,-1,7540.75,7539.5,5.0,359,355,1,0.18994413407821228,68.0,8955.882352941177,609.0,21.0,-373.0,118.0,491.0,-1.0596790173407407,-172.0,-201.0,345,563.0,169,0.0
34172,ES 06-26,1779911622676,1779911622708,Absorb,-1,7540.0,7540.0,0.0,49,49,1,0.6666666666666666,32.0,13062.5,418.0,255.0,418.0,418.0,0.0,3.566734693877551,386.0,32.0,48,417.0,49,0.0
34173,ES 06-26,1779911640004,1779911640144,Absorb,-1,7540.0,7539.25,3.0,307,305,1,0.45751633986928103,140.0,3128.5714285714284,438.0,5.0,166.0,302.0,136.0,0.39731575188559287,-51.0,217.0,301,428.0,174,0.0
34174,ES 06-26,1779911650016,1779911650096,Absorb,-1,7538.75,7538.0,3.0,225,223,1,0.35714285714285715,80.0,4225.0,338.0,9.0,-328.0,5.0,333.0,-1.4959102402022757,-165.0,-163.0,217,324.0,96,0.0
34175,ES 06-26,1779911680024,1779911680308,Absorb,-1,7539.25,7538.25,4.0,539,525,1,0.5278810408921933,284.0,2542.253521126761,722.0,14.0,266.0,494.0,228.0,0.3436325932873994,184.0,82.0,511,691.0,220,0.0
34176,ES 06-26,1779911690008,1779911690184,Absorb,-1,7538.25,7537.75,2.0,288,283,1,0.6132404181184669,176.0,2187.5,385.0,5.0,-67.0,159.0,226.0,-0.27192318821359246,-196.0,129.0,277,369.0,132,0.0
34177,ES 06-26,1779911700004,1779911700200,Absorb,-1,7538.5,7537.75,3.0,447,437,1,0.43946188340807174,196.0,3280.612244897959,643.0,7.0,-209.0,217.0,426.0,-0.44178975574941204,-92.0,-117.0,424,614.0,203,0.0
34178,ES 06-26,1779911937740,1779911937824,Absorb,-1,7539.5,7539.25,1.0,179,178,1,0.47191011235955055,84.0,3071.428571428571,258.0,9.0,256.0,257.0,1.0,1.4533090619965268,133.0,123.0,176,255.0,178,0.0
34179,ES 06-26,1779911940000,1779911940112,Absorb,-1,7540.0,7539.5,2.0,172,167,1,0.6549707602339181,112.0,2696.4285714285716,302.0,17.0,48.0,175.0,127.0,0.30899267256728996,141.0,-93.0,161,290.0,120,0.0
34180,ES 06-26,1779911940984,1779911941196,Absorb,-1,7539.5,7539.0,2.0,181,177,1,1.1777777777777778,212.0,1301.8867924528302,276.0,9.0,-98.0,89.0,187.0,-0.9632202052091555,-10.0,-88.0,171,259.0,136,0.0
34181,ES 06-26,1779911941724,1779911941832,Absorb,-1,7539.25,7539.0,1.0,57,56,1,1.9285714285714286,108.0,2555.5555555555557,276.0,138.0,-272.0,2.0,274.0,-2.4064039408866993,-191.0,-81.0,53,244.0,55,0.0
34182,ES 06-26,1779911951284,1779911951440,Absorb,-1,7538.75,7538.5,1.0,88,87,1,1.793103448275862,156.0,1487.179487179487,232.0,55.0,-230.0,1.0,231.0,-2.999084216829277,-171.0,-59.0,85,219.0,87,0.0
34183,ES 06-26,1779911965388,1779911965464,Absorb,1,7539.25,7539.0,1.0,123,122,1,0.6229508196721312,76.0,2828.9473684210525,215.0,12.0,-213.0,1.0,214.0,-1.7417226657724008,-122.0,-91.0,121,213.0,122,0.0
34184,ES 06-26,1779911968960,1779911969132,Absorb,-1,7539.5,7539.0,2.0,198,196,1,0.8730964467005076,172.0,2360.46511627907,406.0,14.0,406.0,406.0,0.0,2.17919624271179,229.0,177.0,195,403.0,129,0.0
34185,ES 06-26,1779911969352,1779911969588,Absorb,-1,7539.75,7539.25,2.0,133,131,1,1.7878787878787878,236.0,902.542372881356,213.0,9.0,209.0,211.0,2.0,1.5382060986931372,103.0,106.0,128,208.0,129,0.0
34186,ES 06-26,1779911970016,1779911970248,Absorb,-1,7539.75,7539.0,3.0,288,281,1,0.8083623693379791,232.0,2150.862068965517,499.0,16.0,31.0,265.0,234.0,-0.09524688641597241,-91.0,122.0,274,479.0,192,0.0
34187,ES 06-26,1779911971784,1779911971800,Absorb,-1,7539.5,7539.5,0.0,79,79,1,0.20512820512820512,16.0,23187.5,371.0,172.0,-371.0,0.0,371.0,-3.5940116845180134,-292.0,-79.0,78,370.0,79,0.0
34188,ES 06-26,1779911972048,1779911972092,Absorb,-1,7540.25,7539.75,2.0,354,349,1,0.12464589235127478,44.0,18840.909090909092,829.0,20.0,807.0,818.0,11.0,2.3072387752355588,425.0,382.0,345,812.0,211,0.0
34189,ES 06-26,1779911972420,1779911972468,Absorb,-1,7540.25,7540.0,1.0,81,80,1,0.6,48.0,4875.0,234.0,31.0,232.0,233.0,1.0,3.127981029810298,111.0,121.0,78,230.0,80,0.0
34190,ES 06-26,1779911972996,1779911973048,Absorb,-1,7540.5,7540.0,2.0,110,107,1,0.47706422018348627,52.0,4923.076923076923,256.0,20.0,214.0,235.0,21.0,2.2187814169465545,99.0,115.0,105,241.0,54,0.0
34191,ES 06-26,1779911973688,1779911973832,Absorb,-1,7540.75,7540.25,2.0,172,168,1,0.8421052631578947,144.0,2104.166666666667,303.0,22.0,-91.0,106.0,197.0,-0.16285909019086228,-165.0,74.0,164,294.0,158,0.0
34192,ES 06-26,1779911975468,1779911975740,Absorb,-1,7541.25,7540.75,2.0,193,187,1,1.4166666666666667,272.0,1253.6764705882351,341.0,14.0,-289.0,26.0,315.0,-1.4909359809839218,-175.0,-114.0,179,323.0,171,0.0
34193,ES 06-26,1779911977588,1779911977772,Absorb,-1,7541.25,7541.0,1.0,67,64,1,2.787878787878788,184.0,1190.2173913043478,219.0,37.0,-181.0,19.0,200.0,-3.349948120360763,-97.0,-84.0,60,197.0,61,0.0
34194,ES 06-26,1779911977900,1779911978128,Absorb,-1,7541.5,7540.75,3.0,260,256,1,0.8803088803088803,228.0,2355.2631578947367,537.0,24.0,63.0,300.0,237.0,0.8084628015662498,195.0,-132.0,252,525.0,161,0.0
34195,ES 06-26,1779911978932,1779911979184,Absorb,-1,7541.5,7541.0,2.0,144,140,1,1.7622377622377623,252.0,944.4444444444445,238.0,10.0,-118.0,60.0,178.0,-0.47259665621734587,-117.0,-1.0,136,226.0,138,0.0
34196,ES 06-26,1779911980400,1779911980528,Absorb,-1,7541.5,7541.25,1.0,126,123,1,1.024,128.0,2093.75,268.0,29.0,-262.0,3.0,265.0,-2.034999625046869,-170.0,-92.0,119,247.0,123,0.0
34197,ES 06-26,1779911980772,1779911980880,Absorb,-1,7541.25,7541.25,0.0,56,56,1,1.9636363636363636,108.0,1907.4074074074074,206.0,24.0,-206.0,0.0,206.0,-3.3577922077922078,-98.0,-108.0,55,182.0,56,0.0
34198,ES 06-26,1779911980964,1779911981040,Absorb,-1,7541.5,7541.25,1.0,134,132,1,0.5714285714285714,76.0,4605.263157894737,350.0,29.0,-110.0,120.0,230.0,-1.1048242496789238,-149.0,39.0,129,338.0,100,0.0
34199,ES 06-26,1779911981296,1779911981416,Absorb,-1,7541.25,7541.0,1.0,78,77,1,1.5584415584415585,120.0,2741.666666666667,329.0,54.0,-327.0,1.0,328.0,-5.281604471477889,-153.0,-174.0,75,326.0,77,0.0
34200,ES 06-26,1779911982028,1779911982056,Absorb,-1,7540.75,7540.5,1.0,100,97,1,0.2828282828282828,28.0,8285.714285714286,232.0,20.0,-220.0,6.0,226.0,-2.309090909090909,-153.0,-67.0,94,222.0,95,0.0
34201,ES 06-26,1779911984992,1779911985280,Predator,-1,7540.25,7539.0,5.0,288,275,1,1.0034843205574913,288.0,1979.1666666666667,570.0,16.0,472.0,521.0,49.0,1.827148865284995,232.0,240.0,264,523.0,84,0.0
34202,ES 06-26,1779911987776,1779911988044,Absorb,-1,7539.5,7539.25,1.0,119,114,1,2.2711864406779663,268.0,835.820895522388,224.0,13.0,-28.0,98.0,126.0,-0.6303233157669847,18.0,-46.0,107,203.0,71,0.0
34203,ES 06-26,1779911988112,1779911988272,Absorb,-1,7539.75,7539.25,2.0,134,132,1,1.2030075187969924,160.0,1600.0,256.0,17.0,232.0,244.0,12.0,1.7956084240451875,128.0,104.0,130,252.0,126,0.0
34204,ES 06-26,1779911991620,1779911991892,Absorb,-1,7539.75,7539.5,1.0,273,269,1,1.0,272.0,2647.0588235294117,720.0,49.0,-228.0,246.0,474.0,-1.228683135241744,103.0,-331.0,264,710.0,170,0.0
34205,ES 06-26,1779911992320,1779911992588,Absorb,-1,7539.75,7539.25,2.0,189,186,1,1.425531914893617,268.0,1641.7910447761194,440.0,21.0,-214.0,113.0,327.0,-1.6573490463748022,-165.0,-49.0,182,417.0,162,0.0
34206,ES 06-26,1779911992944,1779911993112,Absorb,-1,7540.0,7539.25,3.0,171,165,1,0.9882352941176471,168.0,3452.3809523809523,580.0,24.0,204.0,392.0,188.0,1.3588883288933689,323.0,-119.0,159,551.0,125,0.0
34207,ES 06-26,1779911993356,1779911993480,Absorb,-1,7539.75,7539.5,1.0,126,123,1,0.992,124.0,1830.6451612903227,227.0,10.0,191.0,209.0,18.0,1.5976662917135358,77.0,114.0,119,214.0,114,0.0
34208,ES 06-26,1779911996148,1779911996288,Absorb,-1,7539.25,7539.0,1.0,123,122,1,1.1475409836065573,140.0,1964.285714285714,275.0,19.0,-31.0,122.0,153.0,0.2795204498845623,-119.0,88.0,119,264.0,115,0.0
34209,ES 06-26,1779911996372,1779911996508,Absorb,-1,7539.25,7539.0,1.0,95,93,1,1.446808510638298,136.0,1882.3529411764705,256.0,16.0,250.0,253.0,3.0,3.12221444568869,130.0,120.0,90,249.0,92,0.0
34210,ES 06-26,1779911996612,1779911996740,Absorb,1,7539.5,7539.0,2.0,151,146,1,0.8533333333333334,128.0,3054.6875,391.0,14.0,5.0,198.0,193.0,0.2982920878354827,131.0,-126.0,141,365.0,109,0.0
34211,ES 06-26,1779911998480,1779911998576,Absorb,1,7540.25,7540.0,1.0,118,115,1,0.8205128205128205,96.0,4354.166666666667,418.0,74.0,-402.0,8.0,410.0,-3.892640759041557,-164.0,-238.0,112,406.0,114,0.0
34212,ES 06-26,1779912000124,1779912000248,Absorb,-1,7539.75,7539.25,2.0,222,211,1,0.5610859728506787,124.0,5290.322580645161,656.0,30.0,-82.0,287.0,369.0,-0.22598056124830063,-49.0,-33.0,198,572.0,159,0.0
34213,ES 06-26,1779912000360,1779912000612,Absorb,-1,7539.5,7539.0,2.0,257,251,1,0.984375,252.0,2976.190476190476,750.0,30.0,-30.0,360.0,390.0,-0.29616592955388654,-236.0,206.0,243,713.0,191,0.0
34214,ES 06-26,1779912001328,1779912001600,Absorb,-1,7539.5,7539.0,2.0,148,142,1,1.8503401360544218,272.0,1216.9117647058822,331.0,16.0,159.0,245.0,86.0,1.4979214250546944,40.0,119.0,136,309.0,73,0.0
34215,ES 06-26,1779912010004,1779912010092,Absorb,-1,7538.75,7538.5,1.0,95,94,1,0.9361702127659575,88.0,2647.727272727273,233.0,15.0,-231.0,1.0,232.0,-2.3888857782754758,-129.0,-102.0,93,231.0,94,0.0
34216,ES 06-26,1779912013864,1779912013880,Absorb,-1,7539.5,7539.0,2.0,119,117,1,0.13559322033898305,16.0,17375.0,278.0,69.0,278.0,278.0,0.0,2.5169562740350377,103.0,175.0,116,207.0,68,0.0
34217,ES 06-26,1779912060000,1779912060188,Absorb,-1,7539.75,7538.75,4.0,338,335,1,0.5578635014836796,188.0,3308.5106382978724,622.0,25.0,-504.0,59.0,563.0,-1.8367285926961356,-188.0,-316.0,328,599.0,133,0.0
34218,ES 06-26,1779912299992,1779912300220,Predator,-1,7540.75,7539.25,6.0,335,319,1,0.6826347305389222,228.0,2649.122807017544,604.0,19.0,-280.0,162.0,442.0,-0.9481684817997268,-296.0,16.0,299,554.0,90,0.0
34219,ES 06-26,1779913352816,1779913352864,Absorb,-1,7546.75,7546.0,3.0,92,91,1,0.5274725274725275,48.0,8166.666666666666,392.0,141.0,-390.0,1.0,391.0,-4.163686944191853,-320.0,-70.0,86,383.0,41,0.0
34220,ES 06-26,1779913378584,1779913378608,Absorb,-1,7546.0,7545.5,2.0,32,31,1,0.7741935483870968,24.0,10500.0,252.0,212.0,-250.0,1.0,251.0,-11.172837243401759,-230.0,-20.0,28,247.0,16,0.0
34221,ES 06-26,1779915540060,1779915540200,Predator,-1,7557.25,7554.0,13.0,269,250,1,0.5223880597014925,140.0,3449.9999999999995,483.0,15.0,207.0,345.0,138.0,1.118640995764671,248.0,-41.0,235,429.0,43,0.0
34222,ES 06-26,1779915562376,1779915562392,Absorb,-1,7553.5,7553.5,0.0,32,32,1,0.5161290322580645,16.0,63750.0,1020.0,965.0,-1020.0,0.0,1020.0,-35.59310850439883,-21.0,-999.0,31,1019.0,32,0.0
34223,ES 06-26,1779923782860,1779923782868,Predator,-1,7545.25,7542.0,13.0,161,159,1,0.05,8.0,30375.0,243.0,8.0,-231.0,6.0,237.0,-1.5247498274672189,-113.0,-118.0,143,218.0,17,0.0
34224,ES 06-26,1779937910924,1779937911204,Predator,-1,7529.75,7527.75,8.0,187,184,1,1.5053763440860215,280.0,1100.0,308.0,100.0,-208.0,50.0,258.0,-1.4976583632766765,-84.0,-124.0,173,292.0,49,0.0
34225,ES 06-26,1779939004644,1779939004676,Absorb,-1,7526.5,7526.0,2.0,190,188,1,0.1693121693121693,32.0,9250.0,296.0,50.0,-88.0,104.0,192.0,-0.17327174830619305,15.0,-103.0,183,262.0,116,0.0
34226,ES 06-26,1779940083592,1779940083696,Absorb,-1,7517.25,7516.75,2.0,107,105,1,0.9811320754716981,104.0,2115.3846153846157,220.0,92.0,158.0,189.0,31.0,1.382609377142969,7.0,151.0,101,121.0,86,0.0
34227,ES 06-26,1779940790984,1779940791092,Predator,-1,7513.75,7512.25,6.0,130,127,1,0.8372093023255814,108.0,2231.4814814814813,241.0,45.0,23.0,132.0,109.0,0.13814745524314137,-75.0,98.0,119,226.0,30,0.0
34228,ES 06-26,1779940877536,1779940877568,Predator,-1,7511.75,7508.25,14.0,185,184,1,0.17391304347826086,32.0,11906.25,381.0,75.0,-379.0,1.0,380.0,-2.138205526704825,-182.0,-197.0,169,352.0,33,0.0
34229,ES 06-26,1779940877568,1779940877788,Predator,-1,7509.25,7507.0,9.0,368,345,1,0.5994550408719346,220.0,2004.5454545454545,441.0,7.0,-179.0,131.0,310.0,-0.6196308330516074,-75.0,-104.0,313,383.0,109,0.0
34230,ES 06-26,1779940893084,1779940893104,Absorb,-1,7510.0,7509.5,2.0,82,80,1,0.24691358024691357,20.0,10100.0,202.0,100.0,202.0,202.0,0.0,2.1592494639805837,51.0,151.0,79,99.0,57,0.0
34231,ES 06-26,1779943879988,1779943880012,Absorb,-1,7510.25,7510.0,1.0,83,82,1,0.2926829268292683,24.0,8333.333333333334,200.0,94.0,200.0,200.0,0.0,1.3978422400403006,56.0,144.0,81,198.0,67,0.0
34232,ES 06-26,1779946583480,1779946583528,Absorb,-1,7523.0,7522.75,1.0,88,88,1,0.5517241379310345,48.0,4729.166666666667,227.0,100.0,-23.0,102.0,125.0,0.15544538762283822,61.0,-84.0,86,225.0,66,0.0
34233,ES 06-26,1779953773592,1779953773744,Predator,-1,7530.0,7528.0,8.0,242,230,1,0.6307053941908713,152.0,1855.2631578947369,282.0,4.0,-110.0,86.0,196.0,-0.5408970462409416,-122.0,12.0,210,246.0,60,0.0
34234,ES 06-26,1779957249192,1779957249384,Predator,-1,7531.75,7530.0,7.0,253,236,1,0.7619047619047619,192.0,1640.625,315.0,4.0,233.0,274.0,41.0,0.782920662585161,144.0,89.0,227,284.0,108,0.0
34235,ES 06-26,1779964370940,1779964370952,Absorb,-1,7528.0,7527.75,1.0,111,110,1,0.10909090909090909,12.0,18833.333333333332,226.0,93.0,10.0,118.0,108.0,0.7198051948051948,68.0,-58.0,108,220.0,91,0.0
34236,ES 06-26,1779965474216,1779965474492,Predator,-1,7521.75,7517.5,17.0,704,686,1,0.39260312944523473,276.0,3789.855072463768,1046.0,27.0,-558.0,244.0,802.0,-0.7167354918544728,-353.0,-205.0,649,935.0,118,0.0
34237,ES 06-26,1779965476304,1779965476420,Predator,-1,7518.0,7516.75,5.0,78,75,1,1.5064935064935066,116.0,1767.2413793103447,205.0,49.0,-171.0,17.0,188.0,-2.7170298056374005,-23.0,-148.0,67,191.0,34,0.0
34238,ES 06-26,1779965476420,1779965476652,Predator,-1,7517.0,7515.0,8.0,352,338,1,0.6609686609686609,232.0,1750.0,406.0,5.0,-80.0,163.0,243.0,-0.36326684804021914,-78.0,-2.0,318,367.0,142,0.0
34239,ES 06-26,1779965481676,1779965481852,Predator,-1,7522.5,7521.25,5.0,196,180,1,0.9025641025641026,176.0,1295.4545454545455,228.0,5.0,42.0,135.0,93.0,0.30121046466224133,12.0,30.0,160,189.0,84,0.0
34240,ES 06-26,1779965489752,1779965489804,Predator,1,7522.75,7521.25,6.0,82,78,1,0.6419753086419753,52.0,4057.692307692308,211.0,88.0,173.0,192.0,19.0,2.2353261283616854,163.0,10.0,68,194.0,25,0.0
34241,ES 06-26,1779966231556,1779966231708,Predator,-1,7521.0,7519.75,5.0,141,137,1,1.0857142857142856,152.0,1322.3684210526317,201.0,7.0,-173.0,14.0,187.0,-1.1823237296117128,-68.0,-105.0,127,182.0,35,0.0
34242,ES 06-26,1779966744780,1779966744924,Predator,-1,7520.0,7518.0,8.0,296,277,1,0.488135593220339,144.0,2444.444444444445,352.0,8.0,112.0,232.0,120.0,0.529773687400806,127.0,-15.0,263,308.0,77,0.0
34243,ES 06-26,1779973209256,1779973209328,Predator,-1,7540.0,7538.75,5.0,220,211,1,0.3287671232876712,72.0,4208.333333333334,303.0,9.0,85.0,194.0,109.0,0.6052168621064673,30.0,55.0,205,278.0,73,0.0
34244,ES 06-26,1779973231548,1779973231668,Predator,-1,7542.0,7540.75,5.0,165,159,1,0.7317073170731707,120.0,3033.3333333333335,364.0,100.0,340.0,352.0,12.0,1.8022333235380548,234.0,106.0,157,350.0,91,0.0
34245,ES 06-26,1779973279100,1779973279336,Absorb,-1,7544.0,7543.0,4.0,269,256,1,0.8805970149253731,236.0,1559.322033898305,368.0,10.0,18.0,193.0,175.0,-0.19860363609461984,123.0,-105.0,243,334.0,107,0.0
34246,ES 06-26,1779974700016,1779974700096,Absorb,-1,7535.75,7535.0,3.0,132,130,1,0.6106870229007634,80.0,2650.0,212.0,22.0,-108.0,52.0,160.0,-1.3673409756173918,-57.0,-51.0,126,200.0,44,0.0
34247,ES 06-26,1779974860028,1779974860164,Absorb,-1,7537.75,7537.0,3.0,183,178,1,0.7472527472527473,136.0,1654.4117647058822,225.0,6.0,-49.0,88.0,137.0,-0.41527182724616796,-104.0,55.0,170,208.0,118,0.0
34248,ES 06-26,1779974880012,1779974880192,Predator,-1,7536.75,7535.5,5.0,298,288,1,0.6060606060606061,180.0,2094.4444444444443,377.0,5.0,9.0,193.0,184.0,-0.18100241035753145,-58.0,67.0,278,349.0,126,0.0
34249,ES 06-26,1779975300176,1779975300348,Predator,-1,7530.0,7528.25,7.0,768,725,1,0.2242503259452412,172.0,5784.883720930233,995.0,7.0,-213.0,391.0,604.0,-0.194690716536995,-287.0,74.0,676,881.0,225,0.0
34250,ES 06-26,1779975603284,1779975603352,Predator,-1,7526.5,7525.25,5.0,477,451,1,0.14285714285714285,68.0,10132.35294117647,689.0,24.0,-207.0,241.0,448.0,-0.36659340455215794,-293.0,86.0,422,615.0,128,0.0
34251,ES 06-26,1779976235308,1779976235320,Predator,-1,7532.25,7527.75,18.0,724,694,1,0.016597510373443983,12.0,117833.33333333333,1414.0,125.0,1236.0,1325.0,89.0,2.0058031523886393,873.0,363.0,678,1328.0,66,0.0
34252,ES 06-26,1779976235320,1779976235332,Absorb,-1,7532.5,7531.75,3.0,97,90,1,0.125,12.0,18333.333333333332,220.0,16.0,-42.0,89.0,131.0,-0.6501946139280455,-79.0,37.0,80,174.0,33,0.0
34253,ES 06-26,1779976236208,1779976236268,Absorb,-1,7531.75,7531.25,2.0,141,140,1,0.42857142857142855,60.0,3366.666666666667,202.0,10.0,-148.0,27.0,175.0,-0.8368851406310202,-83.0,-65.0,136,191.0,84,0.0
34254,ES 06-26,1779976514964,1779976515012,Absorb,-1,7533.25,7532.75,2.0,130,127,1,0.37209302325581395,48.0,5875.0,282.0,32.0,200.0,241.0,41.0,2.149910554561717,78.0,122.0,124,276.0,91,0.0
34255,ES 06-26,1779976532244,1779976532328,Absorb,-1,7533.5,7533.25,1.0,123,121,1,0.6885245901639344,84.0,2642.8571428571427,222.0,22.0,98.0,160.0,62.0,1.107724652074654,125.0,-27.0,119,218.0,67,0.0
34256,ES 06-26,1779976817952,1779976818232,Absorb,-1,7538.0,7537.5,2.0,147,142,1,1.917808219178082,280.0,746.4285714285713,209.0,37.0,63.0,136.0,73.0,0.2831150972051168,91.0,-28.0,137,198.0,74,0.0
34257,ES 06-26,1779977569768,1779977569792,Predator,1,7541.5,7537.0,18.0,792,786,1,0.03034134007585335,24.0,45958.333333333336,1103.0,20.0,947.0,1025.0,78.0,1.3053152539225368,561.0,386.0,762,1061.0,71,0.0
34258,ES 06-26,1779977569792,1779977569820,Predator,-1,7542.75,7541.0,7.0,365,325,1,0.07692307692307693,28.0,18464.285714285714,517.0,14.0,165.0,341.0,176.0,0.5542753002667667,53.0,112.0,289,421.0,80,0.0
34259,ES 06-26,1779977573152,1779977573388,Absorb,-1,7547.25,7546.5,3.0,216,204,1,1.0976744186046512,236.0,1220.3389830508474,288.0,6.0,22.0,155.0,133.0,-0.16802593505519237,46.0,-24.0,193,257.0,102,0.0
34260,ES 06-26,1779977574328,1779977574348,Predator,-1,7551.25,7548.0,13.0,336,310,1,0.05970149253731343,20.0,22700.0,454.0,13.0,266.0,360.0,94.0,0.9734236300481484,180.0,86.0,293,396.0,42,0.0
34261,ES 06-26,1779977574348,1779977574376,Absorb,-1,7552.0,7551.5,2.0,275,259,1,0.10218978102189781,28.0,12071.42857142857,338.0,4.0,144.0,241.0,97.0,0.379062923747151,93.0,51.0,243,302.0,148,0.0
34262,ES 06-26,1779977576876,1779977576916,Predator,-1,7557.5,7556.0,6.0,244,218,1,0.1646090534979424,40.0,7225.0,289.0,3.0,73.0,181.0,108.0,0.3457504677645193,13.0,60.0,194,232.0,68,0.0
34263,ES 06-26,1779977579268,1779977579292,Predator,-1,7562.25,7559.5,11.0,155,139,1,0.15584415584415584,24.0,8916.666666666666,214.0,4.0,160.0,187.0,27.0,1.1926460636138057,85.0,75.0,133,190.0,18,0.0
34264,ES 06-26,1779977581112,1779977581308,Predator,-1,7561.75,7560.25,6.0,192,173,1,1.0261780104712042,196.0,1280.612244897959,251.0,5.0,131.0,191.0,60.0,0.48909306079266474,80.0,51.0,160,215.0,51,0.0
34265,ES 06-26,1779977588520,1779977588800,Predator,-1,7565.0,7563.25,7.0,272,251,1,1.033210332103321,280.0,1146.4285714285713,321.0,10.0,75.0,198.0,123.0,0.2806902778142196,71.0,4.0,232,275.0,77,0.0
34266,ES 06-26,1779977612000,1779977612008,Predator,-1,7557.25,7551.25,24.0,266,265,1,0.03018867924528302,8.0,70500.0,564.0,150.0,-562.0,1.0,563.0,-2.3399863874228712,-214.0,-348.0,240,532.0,16,0.0
34267,ES 06-26,1779977612192,1779977612316,Predator,-1,7558.75,7551.25,30.0,268,223,1,0.46441947565543074,124.0,2604.8387096774195,323.0,16.0,199.0,261.0,62.0,0.9474008554612178,92.0,107.0,199,227.0,18,0.0
34268,ES 06-26,1779977630928,1779977631056,Absorb,-1,7565.0,7564.0,4.0,159,145,1,0.810126582278481,128.0,1929.6875,247.0,8.0,-111.0,68.0,179.0,-0.7577680917124433,-90.0,-21.0,130,208.0,59,0.0
34269,ES 06-26,1779977658216,1779977658448,Predator,1,7567.75,7566.25,6.0,171,158,1,1.3647058823529412,232.0,1017.2413793103448,236.0,7.0,-78.0,79.0,157.0,-0.677579379364965,-69.0,-9.0,151,208.0,35,0.0
34270,ES 06-26,1779977659012,1779977659176,Predator,-1,7567.25,7565.75,6.0,169,153,1,0.9761904761904762,164.0,1469.5121951219512,241.0,22.0,27.0,134.0,107.0,0.1789120381880563,-60.0,87.0,136,180.0,46,0.0
34271,ES 06-26,1779977750820,1779977750912,Absorb,1,7563.25,7562.25,4.0,94,91,1,0.989247311827957,92.0,2380.4347826086955,219.0,68.0,139.0,179.0,40.0,1.4529350142686848,38.0,101.0,83,198.0,30,0.0
34272,ES 06-26,1779977764488,1779977764788,Predator,-1,7557.25,7555.0,9.0,220,208,1,1.36986301369863,300.0,993.3333333333334,298.0,5.0,-124.0,87.0,211.0,-0.7362362858736751,-115.0,-9.0,191,259.0,43,0.0
34273,ES 06-26,1779977862928,1779977863068,Predator,-1,7564.75,7563.0,7.0,312,296,1,0.45016077170418006,140.0,3564.2857142857138,499.0,10.0,-113.0,193.0,306.0,-0.35462191979352947,-173.0,60.0,276,446.0,77,0.0
34274,ES 06-26,1779978091128,1779978091172,Predator,-1,7559.0,7557.75,5.0,138,137,1,0.32116788321167883,44.0,5409.090909090909,238.0,29.0,-160.0,39.0,199.0,-1.4992659633004481,-150.0,-10.0,131,230.0,52,0.0
34275,ES 06-26,1779978135916,1779978136076,Absorb,-1,7558.5,7558.0,2.0,94,92,1,1.7204301075268817,160.0,1387.5,222.0,49.0,184.0,203.0,19.0,2.1642596539392405,159.0,25.0,90,217.0,55,0.0
34276,ES 06-26,1779978149644,1779978149776,Predator,-1,7555.25,7554.0,5.0,257,249,1,0.515625,132.0,2272.7272727272725,300.0,4.0,-160.0,70.0,230.0,-0.5746439801827888,-109.0,-51.0,235,273.0,105,0.0
34277,ES 06-26,1779978535772,1779978536024,Absorb,-1,7560.0,7559.0,4.0,163,155,1,1.5555555555555556,252.0,869.047619047619,219.0,7.0,63.0,141.0,78.0,0.1678055430861057,76.0,-13.0,150,198.0,69,0.0
34278,ES 06-26,1779979104420,1779979104460,Absorb,-1,7552.0,7551.25,3.0,162,159,1,0.2484472049689441,40.0,7950.0,318.0,40.0,-220.0,49.0,269.0,-1.516927970915701,-211.0,-9.0,152,308.0,58,0.0
34279,ES 06-26,1779979246476,1779979246676,Absorb,1,7558.75,7558.25,2.0,132,130,1,1.5267175572519085,200.0,1900.0,380.0,97.0,-178.0,101.0,279.0,-2.121884343057505,-78.0,-100.0,127,314.0,60,0.0
34280,ES 06-26,1779979600036,1779979600176,Absorb,-1,7561.75,7561.25,2.0,222,218,1,0.6334841628959276,140.0,3214.2857142857138,450.0,62.0,184.0,317.0,133.0,1.178264419889321,304.0,-120.0,214,438.0,135,0.0
34281,ES 06-26,1779979604848,1779979605088,Absorb,-1,7556.75,7556.0,3.0,241,231,1,1.0,240.0,1383.3333333333335,332.0,6.0,96.0,214.0,118.0,0.08567178766160283,7.0,89.0,222,299.0,177,0.0
34282,ES 06-26,1779980261628,1779980261728,Absorb,-1,7561.5,7560.75,3.0,290,286,1,0.3460207612456747,100.0,4430.0,443.0,10.0,-273.0,85.0,358.0,-1.2164471183592735,-216.0,-57.0,279,414.0,133,0.0
34283,ES 06-26,1779980262020,1779980262192,Absorb,-1,7560.75,7560.25,2.0,258,257,1,0.669260700389105,172.0,1941.8604651162793,334.0,12.0,178.0,256.0,78.0,0.5447051560525454,15.0,163.0,254,330.0,182,0.0
34284,ES 06-26,1779980294868,1779980295016,Predator,-1,7560.5,7558.0,10.0,566,551,1,0.26194690265486725,148.0,5067.5675675675675,750.0,7.0,-414.0,168.0,582.0,-0.8790850675650075,-379.0,-35.0,529,709.0,138,0.0
34285,ES 06-26,1779980298992,1779980299056,Predator,-1,7559.75,7557.75,8.0,297,293,1,0.21621621621621623,64.0,6703.125,429.0,12.0,-279.0,75.0,354.0,-1.221899294046945,-173.0,-106.0,281,397.0,95,0.0
34286,ES 06-26,1779980407864,1779980407872,Predator,1,7564.25,7562.25,8.0,287,286,1,0.027972027972027972,8.0,50750.0,406.0,25.0,404.0,405.0,1.0,1.4274871469993422,182.0,222.0,277,389.0,38,0.0
34287,ES 06-26,1779980407872,1779980408076,Absorb,1,7563.75,7562.75,4.0,152,143,1,1.3509933774834437,204.0,995.0980392156863,203.0,5.0,43.0,123.0,80.0,0.17080317662094466,-24.0,67.0,134,184.0,107,0.0
34288,ES 06-26,1779980411740,1779980411756,Predator,-1,7566.0,7563.0,12.0,394,378,1,0.04071246819338423,16.0,36000.0,576.0,12.0,540.0,558.0,18.0,1.5175871721586676,285.0,255.0,371,545.0,46,0.0
34289,ES 06-26,1779980496268,1779980496416,Absorb,-1,7567.75,7567.0,3.0,152,149,1,0.9801324503311258,148.0,1635.1351351351352,242.0,17.0,166.0,204.0,38.0,1.2710584408039967,130.0,36.0,145,230.0,109,0.0
34290,ES 06-26,1779980591748,1779980591872,Predator,-1,7571.0,7569.5,6.0,417,408,1,0.2980769230769231,124.0,4854.8387096774195,602.0,23.0,-150.0,226.0,376.0,-0.4805732888845346,-273.0,123.0,393,564.0,153,0.0
34291,ES 06-26,1779981348632,1779981348784,Absorb,-1,7566.0,7565.5,2.0,144,139,1,1.062937062937063,152.0,1375.0,209.0,14.0,-53.0,78.0,131.0,-0.5124005305039788,-85.0,32.0,132,195.0,97,0.0
34292,ES 06-26,1779981657944,1779981658056,Absorb,-1,7569.5,7569.0,2.0,152,149,1,0.7417218543046358,112.0,1821.4285714285713,204.0,7.0,56.0,130.0,74.0,0.5768936365065371,91.0,-35.0,146,197.0,77,0.0
34293,ES 06-26,1779981953232,1779981953372,Absorb,-1,7572.75,7572.0,3.0,233,227,1,0.603448275862069,140.0,2485.7142857142853,348.0,14.0,-40.0,154.0,194.0,-0.3434425078645887,124.0,-164.0,222,336.0,116,0.0
34294,ES 06-26,1779982042308,1779982042404,Absorb,-1,7575.0,7574.0,4.0,412,402,1,0.23357664233576642,96.0,6208.333333333333,596.0,20.0,212.0,404.0,192.0,0.40606498836705107,321.0,-109.0,393,567.0,152,0.0
34295,ES 06-26,1779982128532,1779982128636,Absorb,-1,7575.0,7574.5,2.0,132,127,1,0.7938931297709924,104.0,2759.6153846153848,287.0,81.0,119.0,203.0,84.0,1.1251428362718037,158.0,-39.0,120,271.0,51,0.0
34296,ES 06-26,1779982726276,1779982726292,Absorb,1,7576.25,7575.25,4.0,265,261,1,0.06060606060606061,16.0,25125.0,402.0,14.0,362.0,382.0,20.0,1.3521485961903041,196.0,166.0,252,381.0,81,0.0
34297,ES 06-26,1779982869636,1779982869772,Absorb,-1,7574.25,7573.5,3.0,373,370,1,0.3655913978494624,136.0,3529.411764705882,480.0,10.0,-288.0,96.0,384.0,-0.5794517456334306,-104.0,-184.0,363,467.0,187,0.0
34298,ES 06-26,1779983119092,1779983119188,Absorb,-1,7575.75,7575.0,3.0,162,155,1,0.5962732919254659,96.0,2250.0,216.0,5.0,190.0,203.0,13.0,1.2706104343874416,114.0,76.0,149,198.0,65,0.0
34299,ES 06-26,1779983125136,1779983125180,Absorb,-1,7575.25,7574.75,2.0,177,171,1,0.25,44.0,17795.454545454548,783.0,360.0,-365.0,209.0,574.0,-0.8570250688180606,3.0,-368.0,162,640.0,140,0.0
34300,ES 06-26,1779983262184,1779983262336,Absorb,-1,7574.25,7573.25,4.0,434,420,1,0.3510392609699769,152.0,3651.315789473684,555.0,9.0,179.0,367.0,188.0,0.6143923249154363,138.0,41.0,408,518.0,210,0.0
34301,ES 06-26,1779983990912,1779983991076,Absorb,-1,7574.75,7574.0,3.0,176,172,1,0.9371428571428572,164.0,1542.6829268292681,253.0,25.0,247.0,250.0,3.0,1.3759784283513097,124.0,123.0,168,245.0,124,0.0
34302,ES 06-26,1779984196672,1779984196820,Absorb,-1,7571.5,7570.75,3.0,262,259,1,0.5670498084291188,148.0,2250.0,333.0,7.0,-233.0,50.0,283.0,-0.7328534525295329,-180.0,-53.0,253,323.0,175,0.0
34303,ES 06-26,1779984906348,1779984906416,Absorb,-1,7575.25,7574.75,2.0,181,181,1,0.37777777777777777,68.0,3176.4705882352937,216.0,4.0,-216.0,0.0,216.0,-1.234994839414729,-100.0,-116.0,178,213.0,117,0.0
34304,ES 06-26,1779984939708,1779984939824,Absorb,-1,7575.75,7575.0,3.0,227,222,1,0.5132743362831859,116.0,2663.793103448276,309.0,5.0,189.0,249.0,60.0,0.7471525681772948,139.0,50.0,218,300.0,152,0.0
34305,ES 06-26,1779985081332,1779985081576,Absorb,-1,7577.75,7576.75,4.0,348,336,1,0.7031700288184438,244.0,1930.327868852459,471.0,20.0,179.0,325.0,146.0,0.56957315047009,226.0,-47.0,327,443.0,215,0.0
34306,ES 06-26,1779985336804,1779985336868,Absorb,-1,7577.25,7576.75,2.0,218,218,1,0.29493087557603687,64.0,4859.375,311.0,6.0,-311.0,0.0,311.0,-1.494392961245033,-150.0,-161.0,215,308.0,113,0.0
34307,ES 06-26,1779985470724,1779985470804,Predator,-1,7581.75,7580.5,5.0,299,286,1,0.2684563758389262,80.0,5300.0,424.0,12.0,198.0,311.0,113.0,0.47534286548001164,109.0,89.0,276,386.0,166,0.0
34308,ES 06-26,1779985486876,1779985486988,Absorb,-1,7581.0,7580.75,1.0,141,140,1,0.8,112.0,1848.2142857142858,207.0,7.0,-203.0,2.0,205.0,-1.4290380581360504,-113.0,-90.0,137,203.0,97,0.0
34309,ES 06-26,1779985553740,1779985553816,Absorb,-1,7580.5,7579.75,3.0,233,230,1,0.3275862068965517,76.0,4710.526315789474,358.0,14.0,-74.0,142.0,216.0,-0.062372164858475354,-167.0,93.0,223,348.0,146,0.0
34310,ES 06-26,1779986037748,1779986037788,Absorb,-1,7577.25,7576.5,3.0,213,208,1,0.18867924528301888,40.0,7275.0,291.0,7.0,287.0,289.0,2.0,1.3862609619984054,141.0,146.0,205,283.0,93,0.0
34311,ES 06-26,1779987023344,1779987023468,Predator,-1,7578.0,7576.75,5.0,197,196,1,0.6326530612244898,124.0,2250.0,279.0,9.0,-183.0,48.0,231.0,-1.1441599251606502,-137.0,-46.0,189,271.0,56,0.0
34312,ES 06-26,1779987095564,1779987095636,Absorb,-1,7578.5,7577.75,3.0,204,198,1,0.35467980295566504,72.0,4027.7777777777783,290.0,7.0,234.0,262.0,28.0,1.2555024701217745,128.0,106.0,193,272.0,67,0.0
34313,ES 06-26,1779987119032,1779987119080,Absorb,-1,7578.0,7577.0,4.0,231,225,1,0.20869565217391303,48.0,6791.666666666667,326.0,5.0,-276.0,25.0,301.0,-1.3711296948928133,-128.0,-148.0,215,310.0,73,0.0
34314,ES 06-26,1779987917560,1779987917596,Absorb,-1,7582.5,7581.75,3.0,233,230,1,0.15517241379310345,36.0,10888.88888888889,392.0,30.0,134.0,263.0,129.0,0.855986953700436,201.0,-67.0,227,381.0,106,0.0
34315,ES 06-26,1779988035204,1779988035300,Absorb,-1,7580.0,7579.0,4.0,216,214,1,0.44651162790697674,96.0,4052.083333333333,389.0,41.0,-363.0,13.0,376.0,-1.7978512485264173,-211.0,-152.0,207,374.0,88,0.0
34316,ES 06-26,1779988310700,1779988310720,Absorb,-1,7578.25,7577.75,2.0,143,141,1,0.14084507042253522,20.0,12650.0,253.0,18.0,-111.0,71.0,182.0,-1.0769477001871368,-115.0,4.0,137,227.0,92,0.0
34317,ES 06-26,1779988371676,1779988371684,Absorb,-1,7578.5,7578.0,2.0,132,131,1,0.061068702290076333,8.0,26250.0,210.0,27.0,-202.0,4.0,206.0,-1.4800524906993369,-98.0,-104.0,127,202.0,55,0.0
34318,ES 06-26,1779988494540,1779988494552,Absorb,-1,7576.5,7576.5,0.0,88,88,1,0.13793103448275862,12.0,17750.0,213.0,39.0,-213.0,0.0,213.0,-2.803150646331584,-138.0,-75.0,87,212.0,88,0.0
34319,ES 06-26,1779988528996,1779988529008,Absorb,-1,7577.5,7576.75,3.0,189,185,1,0.06382978723404255,12.0,24000.0,288.0,14.0,-254.0,17.0,271.0,-1.4993085550756324,-131.0,-123.0,178,275.0,68,0.0
34320,ES 06-26,1779988541196,1779988541220,Absorb,-1,7577.0,7576.5,2.0,162,160,1,0.14906832298136646,24.0,13416.666666666666,322.0,100.0,-272.0,25.0,297.0,-1.9088434164454438,-123.0,-149.0,157,317.0,97,0.0
34321,ES 06-26,1779988555288,1779988555384,Absorb,-1,7576.75,7576.0,3.0,281,279,1,0.34285714285714286,96.0,4625.0,444.0,10.0,-340.0,52.0,392.0,-1.4623879111726465,-256.0,-84.0,274,432.0,138,0.0
34322,ES 06-26,1779988780364,1779988780404,Absorb,-1,7575.5,7574.75,3.0,132,130,1,0.3053435114503817,40.0,6150.0,246.0,25.0,-190.0,28.0,218.0,-1.7757587932356915,-107.0,-83.0,124,238.0,68,0.0
34323,ES 06-26,1779988862464,1779988862540,Absorb,-1,7577.25,7577.0,1.0,143,143,1,0.5352112676056338,76.0,3381.5789473684213,257.0,43.0,-257.0,0.0,257.0,-1.953925769066614,-96.0,-161.0,141,255.0,91,0.0
34324,ES 06-26,1779989373692,1779989373796,Absorb,-1,7576.75,7576.25,2.0,201,200,1,0.52,104.0,2951.923076923077,307.0,8.0,-115.0,96.0,211.0,-0.8227530663514112,-161.0,46.0,197,303.0,111,0.0
34325,ES 06-26,1779989414404,1779989414408,Absorb,-1,7577.75,7577.25,2.0,133,131,1,0.030303030303030304,4.0,53750.0,215.0,10.0,215.0,215.0,0.0,1.6260597218963284,106.0,109.0,130,209.0,68,0.0
34326,ES 06-26,1779989415816,1779989415844,Absorb,-1,7578.0,7577.5,2.0,169,166,1,0.16666666666666666,28.0,14642.857142857143,410.0,138.0,60.0,235.0,175.0,1.0225597931480284,183.0,-123.0,162,393.0,68,0.0
34327,ES 06-26,1779990415660,1779990415776,Predator,-1,7580.25,7578.75,6.0,538,525,1,0.21601489757914338,116.0,6551.724137931034,760.0,8.0,612.0,686.0,74.0,1.1273157813802275,396.0,216.0,514,725.0,237,0.0
34328,ES 06-26,1779990420436,1779990420520,Absorb,-1,7580.75,7579.75,4.0,392,387,1,0.21483375959079284,84.0,8345.238095238095,701.0,24.0,-181.0,260.0,441.0,-0.5338599761178949,212.0,-393.0,382,686.0,132,0.0
34329,ES 06-26,1779990561724,1779990561744,Predator,-1,7582.5,7581.0,6.0,372,362,1,0.05390835579514825,20.0,28500.0,570.0,13.0,392.0,481.0,89.0,1.441751189370874,200.0,192.0,355,545.0,78,0.0
34330,ES 06-26,1779990563596,1779990563660,Absorb,-1,7582.25,7582.0,1.0,160,158,1,0.4025157232704403,64.0,3656.25,234.0,10.0,-62.0,86.0,148.0,-0.6198230399624985,45.0,-107.0,155,227.0,107,0.0
34331,ES 06-26,1779990605356,1779990605440,Absorb,-1,7583.75,7583.0,3.0,288,284,1,0.2926829268292683,84.0,6011.9047619047615,505.0,65.0,497.0,501.0,4.0,1.6601423567992477,301.0,196.0,282,495.0,163,0.0
34332,ES 06-26,1779991173088,1779991173104,Absorb,-1,7581.75,7580.75,4.0,200,197,1,0.08040201005025126,16.0,28625.0,458.0,70.0,-90.0,184.0,274.0,-0.3829880747018675,-149.0,59.0,189,362.0,60,0.0
34333,ES 06-26,1779991545428,1779991545452,Absorb,-1,7582.5,7581.75,3.0,182,180,1,0.13259668508287292,24.0,12000.0,288.0,16.0,-282.0,3.0,285.0,-1.5986686983879268,-124.0,-158.0,174,276.0,74,0.0
34334,ES 06-26,1779991556572,1779991556576,Absorb,-1,7582.25,7582.0,1.0,31,29,1,0.13333333333333333,4.0,66750.0,267.0,202.0,265.0,266.0,1.0,5.670967741935484,239.0,26.0,27,262.0,18,0.0
34335,ES 06-26,1779991822832,1779991822984,Absorb,-1,7581.0,7580.5,2.0,170,170,1,0.8994082840236687,152.0,1625.0,247.0,8.0,-247.0,0.0,247.0,-1.5057504534046569,-126.0,-121.0,167,244.0,121,0.0
34336,ES 06-26,1779992100792,1779992100980,Absorb,-1,7579.25,7578.75,2.0,186,184,1,1.0162162162162163,188.0,1468.0851063829787,276.0,13.0,-66.0,105.0,171.0,-0.3892218248954492,9.0,-75.0,179,257.0,77,0.0
34337,ES 06-26,1779992101276,1779992101388,Absorb,-1,7578.5,7578.0,2.0,276,273,1,0.4072727272727273,112.0,4107.142857142857,460.0,29.0,-274.0,93.0,367.0,-1.3934995219817068,-180.0,-94.0,268,450.0,168,0.0
34338,ES 06-26,1779992232548,1779992232556,Predator,-1,7581.75,7580.0,7.0,218,217,1,0.03686635944700461,8.0,59500.0,476.0,94.0,-474.0,1.0,475.0,-1.934988697891721,-167.0,-307.0,209,460.0,44,0.0
34339,ES 06-26,1779992232556,1779992232672,Absorb,-1,7581.25,7580.5,3.0,383,370,1,0.3036649214659686,116.0,4620.689655172414,536.0,6.0,422.0,479.0,57.0,1.2603043877216245,160.0,262.0,355,499.0,321,0.0
34340,ES 06-26,1779992241296,1779992241456,Absorb,-1,7581.0,7580.0,4.0,372,360,1,0.431266846361186,160.0,3143.75,503.0,5.0,-293.0,105.0,398.0,-0.5415293180007893,-178.0,-115.0,344,465.0,245,0.0
34341,ES 06-26,1779992296108,1779992296336,Absorb,-1,7579.25,7578.75,2.0,167,165,1,1.3734939759036144,228.0,938.5964912280701,214.0,5.0,18.0,116.0,98.0,0.16057901408886185,-85.0,103.0,161,206.0,114,0.0
34342,ES 06-26,1779992325280,1779992325348,Absorb,-1,7581.0,7580.5,2.0,300,291,1,0.22742474916387959,68.0,6014.7058823529405,409.0,8.0,311.0,360.0,49.0,0.9425766952966144,200.0,111.0,283,378.0,183,0.0
34343,ES 06-26,1779992337148,1779992337268,Absorb,-1,7580.5,7580.0,2.0,168,166,1,0.718562874251497,120.0,1908.3333333333335,229.0,8.0,-213.0,8.0,221.0,-1.2704025592095607,-99.0,-114.0,161,218.0,98,0.0
34344,ES 06-26,1779993665280,1779993665288,Absorb,-1,7577.0,7577.0,0.0,94,94,1,0.08602150537634409,8.0,26125.0,209.0,20.0,-209.0,0.0,209.0,-2.174699273922624,-132.0,-77.0,93,206.0,94,0.0
34345,ES 06-26,1779995071896,1779995072080,Absorb,-1,7578.25,7578.0,1.0,154,152,1,1.2026143790849673,184.0,1108.695652173913,204.0,6.0,-20.0,92.0,112.0,-0.24446142093200918,70.0,-90.0,149,199.0,143,0.0
34346,ES 06-26,1779995236720,1779995236764,Absorb,-1,7579.0,7578.75,1.0,113,113,1,0.39285714285714285,44.0,4795.454545454546,211.0,38.0,41.0,126.0,85.0,0.587564042850489,124.0,-83.0,111,209.0,58,0.0
34347,ES 06-26,1779995870100,1779995870172,Absorb,-1,7577.5,7577.0,2.0,168,166,1,0.4311377245508982,72.0,2986.1111111111113,215.0,6.0,3.0,109.0,106.0,0.08027647157080597,100.0,-97.0,164,211.0,129,0.0
34348,ES 06-26,1779996771460,1779996771584,Absorb,1,7584.25,7583.75,2.0,144,142,1,0.8671328671328671,124.0,1661.2903225806451,206.0,9.0,74.0,140.0,66.0,0.46661442006269593,112.0,-38.0,139,192.0,106,0.0
34349,ES 06-26,1779996775952,1779996776228,Absorb,-1,7585.0,7584.5,2.0,151,147,1,1.84,276.0,1119.5652173913043,309.0,25.0,299.0,304.0,5.0,1.8744510282328337,168.0,131.0,143,301.0,124,0.0
34350,ES 06-26,1779996776324,1779996776568,Absorb,-1,7585.25,7584.75,2.0,154,150,1,1.5947712418300655,244.0,946.7213114754098,231.0,13.0,57.0,144.0,87.0,0.22213295875534964,128.0,-71.0,145,208.0,137,0.0
34351,ES 06-26,1779997055264,1779997055316,Absorb,-1,7584.75,7584.75,0.0,148,148,1,0.35374149659863946,52.0,4903.846153846154,255.0,25.0,255.0,255.0,0.0,1.7488533595916147,142.0,113.0,147,251.0,148,0.0
34352,ES 06-26,1779997185608,1779997185688,Absorb,-1,7586.5,7586.0,2.0,124,122,1,0.6504065040650406,80.0,2600.0,208.0,9.0,208.0,208.0,0.0,1.6779134539732494,112.0,96.0,121,204.0,67,0.0
34353,ES 06-26,1779997210452,1779997210508,Absorb,-1,7586.0,7585.75,1.0,96,95,1,0.5894736842105263,56.0,3714.285714285714,208.0,27.0,-190.0,9.0,199.0,-2.0825963103635377,-138.0,-52.0,94,184.0,92,0.0
34354,ES 06-26,1779997499896,1779997500180,Absorb,-1,7582.25,7582.0,1.0,141,141,1,2.0285714285714285,284.0,792.2535211267607,225.0,10.0,-225.0,0.0,225.0,-1.7408236653966351,-122.0,-103.0,139,223.0,126,0.0
34355,ES 06-26,1779997566856,1779997566888,Absorb,-1,7584.0,7583.75,1.0,77,76,1,0.42105263157894735,32.0,6500.0,208.0,30.0,206.0,207.0,1.0,2.619144013880856,91.0,115.0,74,203.0,76,0.0
34356,ES 06-26,1779997697772,1779997697796,Absorb,-1,7583.5,7583.5,0.0,96,96,1,0.25263157894736843,24.0,9666.666666666666,232.0,35.0,-232.0,0.0,232.0,-2.2084034183396635,-147.0,-85.0,95,231.0,96,0.0
34357,ES 06-26,1779997801008,1779997801152,Absorb,-1,7581.25,7580.25,4.0,125,121,1,1.1612903225806452,144.0,1527.7777777777778,220.0,7.0,16.0,118.0,102.0,-0.2625437788018433,-7.0,23.0,116,207.0,47,0.0
34358,ES 06-26,1779997850008,1779997850056,Absorb,-1,7583.25,7582.75,2.0,141,137,1,0.34285714285714286,48.0,5229.166666666667,251.0,9.0,243.0,247.0,4.0,1.7719465730553534,153.0,90.0,134,240.0,59,0.0
34359,ES 06-26,1779997939984,1779997940148,Absorb,-1,7583.5,7582.75,3.0,164,160,1,1.0061349693251533,164.0,1384.1463414634145,227.0,5.0,81.0,154.0,73.0,0.7030647640553371,112.0,-31.0,156,217.0,106,0.0
34360,ES 06-26,1779997950004,1779997950140,Predator,-1,7583.5,7581.75,7.0,529,521,1,0.25757575757575757,136.0,6558.823529411764,892.0,34.0,-298.0,297.0,595.0,-0.5186535973567397,-437.0,139.0,505,849.0,196,0.0
34361,ES 06-26,1779997970008,1779997970104,Absorb,-1,7582.5,7581.5,4.0,271,267,1,0.35555555555555557,96.0,4281.25,411.0,8.0,-17.0,197.0,214.0,0.01712550949038902,-104.0,87.0,259,395.0,128,0.0
34362,ES 06-26,1779997980004,1779997980120,Absorb,-1,7582.0,7581.75,1.0,192,191,1,0.6073298429319371,116.0,2560.344827586207,297.0,8.0,-3.0,147.0,150.0,-0.09725198708732333,-132.0,129.0,190,292.0,110,0.0
34363,ES 06-26,1779997990012,1779997990136,Predator,-1,7583.75,7582.5,5.0,562,543,1,0.22103386809269163,124.0,7443.548387096775,923.0,8.0,499.0,711.0,212.0,0.5882853550273407,361.0,138.0,528,874.0,214,0.0
34364,ES 06-26,1779998010036,1779998010132,Absorb,1,7583.5,7582.75,3.0,262,258,1,0.367816091954023,96.0,3760.4166666666665,361.0,8.0,-99.0,131.0,230.0,-0.5742058730017339,47.0,-146.0,251,342.0,198,0.0
34365,ES 06-26,1779998040004,1779998040088,Absorb,-1,7583.0,7582.5,2.0,203,199,1,0.4158415841584158,84.0,3940.4761904761904,331.0,10.0,-205.0,63.0,268.0,-1.1703595743521034,-115.0,-90.0,193,315.0,102,0.0
34366,ES 06-26,1779998050000,1779998050212,Predator,-1,7583.5,7582.25,5.0,682,668,1,0.31130690161527164,212.0,5014.1509433962265,1063.0,62.0,425.0,744.0,319.0,0.8399919037592194,332.0,93.0,656,1028.0,160,0.0
34367,ES 06-26,1779998069956,1779998070104,Absorb,-1,7582.5,7581.5,4.0,373,364,1,0.3978494623655914,148.0,3817.567567567568,565.0,9.0,-91.0,237.0,328.0,-0.7449683921747451,7.0,-98.0,354,531.0,147,0.0
34368,ES 06-26,1779998080004,1779998080204,Absorb,-1,7582.75,7581.75,4.0,301,294,1,0.6666666666666666,200.0,2045.0,409.0,10.0,171.0,290.0,119.0,0.30863699368550745,140.0,31.0,287,390.0,208,0.0
34369,ES 06-26,1779998090008,1779998090168,Absorb,-1,7582.75,7581.75,4.0,336,324,1,0.47761194029850745,160.0,3000.0,480.0,14.0,134.0,307.0,173.0,0.5062384136966713,176.0,-42.0,312,450.0,126,0.0
34370,ES 06-26,1779998100000,1779998100260,Absorb,-1,7583.0,7582.25,3.0,623,609,1,0.4180064308681672,260.0,3092.3076923076924,804.0,10.0,24.0,414.0,390.0,0.07979429797414551,-88.0,112.0,593,762.0,428,0.0
34371,ES 06-26,1779998124948,1779998125012,Absorb,1,7581.25,7581.0,1.0,86,83,1,0.7529411764705882,64.0,3390.625,217.0,33.0,-209.0,4.0,213.0,-2.7099108448511724,-86.0,-123.0,80,211.0,82,0.0
34372,ES 06-26,1779998156424,1779998156424,Absorb,1,7582.0,7582.0,0.0,79,79,1,0.0,0.0,256000.0,256.0,34.0,256.0,256.0,0.0,3.167964946445959,102.0,154.0,78,254.0,79,0.0
34373,ES 06-26,1779998171704,1779998171708,Absorb,-1,7581.0,7581.0,0.0,104,104,1,0.038834951456310676,4.0,55250.0,221.0,35.0,-221.0,0.0,221.0,-2.3440200576122905,-156.0,-65.0,103,219.0,104,0.0
34374,ES 06-26,1779998180416,1779998180480,Absorb,1,7581.25,7581.25,0.0,115,115,1,0.5614035087719298,64.0,4171.875,267.0,24.0,267.0,267.0,0.0,2.4746705594571137,193.0,74.0,114,266.0,115,0.0
34375,ES 06-26,1779998202660,1779998202744,Absorb,-1,7581.0,7581.0,0.0,94,94,1,0.9032258064516129,84.0,2583.333333333333,217.0,49.0,-217.0,0.0,217.0,-2.3876964201856734,-85.0,-132.0,93,216.0,94,0.0
34376,ES 06-26,1779998208120,1779998208172,Absorb,-1,7581.25,7581.0,1.0,101,100,1,0.52,52.0,4807.692307692308,250.0,24.0,248.0,249.0,1.0,2.9196272568433312,77.0,171.0,98,247.0,100,0.0
34377,ES 06-26,1779998231816,1779998231844,Absorb,-1,7581.25,7581.0,1.0,117,115,1,0.2413793103448276,28.0,13428.571428571428,376.0,50.0,274.0,325.0,51.0,2.6229075814113805,274.0,0.0,112,368.0,90,0.0
34378,ES 06-26,1779998280020,1779998280108,Absorb,-1,7583.0,7582.5,2.0,194,191,1,0.45595854922279794,88.0,3409.0909090909095,300.0,6.0,-272.0,14.0,286.0,-1.4514214806079557,-119.0,-153.0,187,291.0,108,0.0
34379,ES 06-26,1779998298836,1779998298844,Absorb,-1,7583.25,7583.25,0.0,132,132,1,0.061068702290076333,8.0,28125.0,225.0,7.0,225.0,225.0,0.0,1.725029089030696,109.0,116.0,131,223.0,132,0.0
34380,ES 06-26,1779998330000,1779998330228,Absorb,-1,7583.25,7583.0,1.0,148,145,1,1.5510204081632653,228.0,1543.859649122807,352.0,18.0,324.0,338.0,14.0,2.1166667283637564,147.0,177.0,141,320.0,102,0.0
34381,ES 06-26,1779998341988,1779998342052,Absorb,-1,7584.0,7583.75,1.0,108,107,1,0.5981308411214953,64.0,3687.5,236.0,20.0,236.0,236.0,0.0,2.2932207265140474,155.0,81.0,106,234.0,105,0.0
34382,ES 06-26,1779998345344,1779998345448,Absorb,-1,7583.75,7583.75,0.0,91,91,1,1.1555555555555554,104.0,2096.153846153846,218.0,25.0,218.0,218.0,0.0,2.5070711896798854,100.0,118.0,90,215.0,91,0.0
34383,ES 06-26,1779998350000,1779998350140,Absorb,-1,7583.25,7583.0,1.0,137,135,1,1.0294117647058822,140.0,1864.2857142857142,261.0,22.0,-17.0,122.0,139.0,-0.10065898780965893,103.0,-120.0,132,252.0,78,0.0
34384,ES 06-26,1779998352668,1779998352724,Absorb,1,7583.5,7583.25,1.0,132,130,1,0.42748091603053434,56.0,6357.142857142857,356.0,32.0,-284.0,36.0,320.0,-2.0844051488888775,-141.0,-143.0,128,343.0,124,0.0
34385,ES 06-26,1779998356024,1779998356084,Absorb,-1,7583.0,7583.0,0.0,100,100,1,0.6060606060606061,60.0,3683.3333333333335,221.0,28.0,-221.0,0.0,221.0,-2.259237923792379,-111.0,-110.0,99,220.0,100,0.0
34386,ES 06-26,1779998357984,1779998358060,Absorb,-1,7583.25,7583.25,0.0,98,98,1,0.7835051546391752,76.0,3210.5263157894738,244.0,16.0,244.0,244.0,0.0,2.6535967714170954,161.0,83.0,97,242.0,98,0.0
34387,ES 06-26,1779998359928,1779998360116,Absorb,-1,7583.25,7583.0,1.0,191,189,1,0.9894736842105263,188.0,1989.3617021276596,374.0,17.0,-274.0,50.0,324.0,-1.1364821576191788,-136.0,-138.0,186,368.0,158,0.0
34388,ES 06-26,1779998362444,1779998362696,Absorb,-1,7583.25,7582.75,2.0,116,113,1,2.1913043478260867,252.0,1059.5238095238094,267.0,15.0,247.0,257.0,10.0,2.077457425133587,110.0,137.0,110,259.0,101,0.0
34389,ES 06-26,1779998366824,1779998366916,Absorb,-1,7583.25,7582.75,2.0,131,129,1,0.7076923076923077,92.0,2782.608695652174,256.0,14.0,-162.0,47.0,209.0,-1.472017295681418,-137.0,-25.0,127,243.0,123,0.0
34390,ES 06-26,1779998367336,1779998367624,Absorb,-1,7583.25,7582.75,2.0,183,179,1,1.5824175824175823,288.0,1159.7222222222224,334.0,6.0,-270.0,32.0,302.0,-1.4465901169393685,-134.0,-136.0,175,317.0,173,0.0
34391,ES 06-26,1779998369924,1779998370156,Absorb,-1,7583.25,7583.0,1.0,202,195,1,1.154228855721393,232.0,1956.896551724138,454.0,18.0,-186.0,134.0,320.0,-1.0349093434451893,72.0,-258.0,186,424.0,137,0.0
34392,ES 06-26,1779998370700,1779998370800,Absorb,-1,7583.5,7583.25,1.0,130,128,1,0.7751937984496124,100.0,2430.0,243.0,14.0,189.0,216.0,27.0,1.743678051045351,138.0,51.0,125,231.0,127,0.0
34393,ES 06-26,1779998373360,1779998373416,Absorb,-1,7583.25,7582.75,2.0,170,167,1,0.33136094674556216,56.0,6125.0,343.0,20.0,-195.0,74.0,269.0,-1.5885076422347202,-188.0,-7.0,163,334.0,164,0.0
34394,ES 06-26,1779998375008,1779998375244,Absorb,-1,7583.25,7583.0,1.0,249,245,1,0.9516129032258065,236.0,2830.5084745762715,668.0,17.0,-454.0,107.0,561.0,-2.2938694131364166,-245.0,-209.0,239,634.0,209,0.0
34395,ES 06-26,1779998376348,1779998376444,Absorb,-1,7582.75,7582.5,1.0,102,101,1,0.9504950495049505,96.0,3416.6666666666665,328.0,24.0,-306.0,11.0,317.0,-3.572459301898208,-186.0,-120.0,99,318.0,100,0.0
34396,ES 06-26,1779998376816,1779998376888,Absorb,-1,7582.5,7582.5,0.0,211,211,1,0.34285714285714286,72.0,8166.666666666667,588.0,63.0,-588.0,0.0,588.0,-2.8581201057727927,-421.0,-167.0,210,586.0,211,0.0
34397,ES 06-26,1779998377576,1779998377740,Absorb,-1,7582.25,7582.0,1.0,171,171,1,0.9647058823529412,164.0,2634.1463414634145,432.0,56.0,410.0,421.0,11.0,2.37141142870857,292.0,118.0,169,430.0,164,0.0
34398,ES 06-26,1779998378388,1779998378468,Absorb,-1,7582.25,7582.25,0.0,108,108,1,0.7476635514018691,80.0,2937.5,235.0,18.0,235.0,235.0,0.0,2.0254746729924644,143.0,92.0,107,234.0,108,0.0
34399,ES 06-26,1779998380004,1779998380120,Absorb,-1,7582.25,7581.75,2.0,185,181,1,0.6304347826086957,116.0,4232.758620689655,491.0,50.0,-425.0,33.0,458.0,-2.443049922292559,-215.0,-210.0,174,469.0,87,0.0
34400,ES 06-26,1779998380392,1779998380596,Absorb,-1,7581.75,7581.5,1.0,76,74,1,2.72,204.0,1058.8235294117649,216.0,12.0,-212.0,2.0,214.0,-2.647887901572112,-116.0,-96.0,71,211.0,74,0.0
34401,ES 06-26,1779998381772,1779998381812,Absorb,-1,7581.75,7581.5,1.0,88,87,1,0.45977011494252873,40.0,5875.0,235.0,18.0,-233.0,1.0,234.0,-2.854813145010743,-127.0,-106.0,85,221.0,87,0.0
34402,ES 06-26,1779998382580,1779998382748,Absorb,-1,7581.75,7581.5,1.0,166,165,1,1.018181818181818,168.0,4380.952380952381,736.0,111.0,696.0,716.0,20.0,5.175222829259335,437.0,259.0,164,727.0,154,0.0
34403,ES 06-26,1779998383952,1779998384036,Absorb,-1,7581.75,7581.5,1.0,250,247,1,0.3373493975903614,84.0,10095.238095238095,848.0,55.0,202.0,525.0,323.0,1.605582297316757,-126.0,328.0,244,836.0,196,0.0
34404,ES 06-26,1779998384964,1779998385140,Absorb,-1,7581.75,7581.5,1.0,232,226,1,0.7619047619047619,176.0,3613.636363636364,636.0,69.0,366.0,501.0,135.0,2.0251869633991877,110.0,256.0,219,604.0,171,0.0
34405,ES 06-26,1779998387008,1779998387160,Absorb,-1,7581.5,7580.75,3.0,252,248,1,0.6055776892430279,152.0,4019.7368421052633,611.0,50.0,-539.0,36.0,575.0,-2.010341093746602,-305.0,-234.0,241,593.0,96,0.0
34406,ES 06-26,1779998387656,1779998387728,Absorb,-1,7580.75,7580.5,1.0,116,115,1,0.6260869565217392,72.0,3666.666666666667,264.0,9.0,234.0,249.0,15.0,2.0430553953792336,104.0,130.0,113,254.0,106,0.0
34407,ES 06-26,1779998388004,1779998388040,Absorb,-1,7580.75,7580.5,1.0,142,140,1,0.2553191489361702,36.0,10666.666666666668,384.0,25.0,318.0,351.0,33.0,2.7309127791597074,137.0,181.0,138,360.0,133,0.0
34408,ES 06-26,1779998388608,1779998388792,Absorb,-1,7581.0,7580.5,2.0,151,149,1,1.2266666666666666,184.0,2173.913043478261,400.0,63.0,-54.0,173.0,227.0,-0.1335308469850122,-214.0,160.0,147,378.0,130,0.0
34409,ES 06-26,1779998391000,1779998391020,Absorb,-1,7581.25,7581.0,1.0,160,157,1,0.12578616352201258,20.0,27400.0,548.0,54.0,374.0,461.0,87.0,2.484691784835345,319.0,55.0,153,541.0,121,0.0
34410,ES 06-26,1779998391632,1779998391700,Absorb,-1,7581.25,7581.0,1.0,89,86,1,0.7727272727272727,68.0,3647.0588235294117,248.0,13.0,118.0,183.0,65.0,1.36976506639428,103.0,15.0,82,223.0,67,0.0
34411,ES 06-26,1779998392176,1779998392456,Absorb,-1,7581.5,7581.0,2.0,186,182,1,1.5135135135135136,280.0,1399.9999999999998,392.0,10.0,92.0,242.0,150.0,0.5867182000009324,11.0,81.0,178,371.0,122,0.0
34412,ES 06-26,1779998392952,1779998393048,Absorb,-1,7581.5,7581.0,2.0,132,132,1,0.732824427480916,96.0,4531.25,435.0,30.0,-413.0,11.0,424.0,-3.58369814195447,-203.0,-210.0,129,426.0,68,0.0
34413,ES 06-26,1779998393988,1779998394052,Absorb,-1,7581.5,7581.25,1.0,164,161,1,0.39263803680981596,64.0,7453.125,477.0,53.0,107.0,292.0,185.0,0.8777100648864826,223.0,-116.0,157,404.0,112,0.0
34414,ES 06-26,1779998394308,1779998394480,Absorb,-1,7581.25,7581.0,1.0,78,75,1,2.2337662337662336,172.0,1290.6976744186047,222.0,14.0,36.0,129.0,93.0,-0.03567318757192175,19.0,17.0,71,199.0,43,0.0
34415,ES 06-26,1779998401604,1779998401804,Absorb,-1,7582.5,7581.75,3.0,88,82,1,2.2988505747126435,200.0,1260.0,252.0,46.0,238.0,245.0,7.0,3.2985981473002006,115.0,123.0,78,235.0,46,0.0
34416,ES 06-26,1779998401908,1779998401948,Absorb,-1,7582.5,7582.25,1.0,86,84,1,0.47058823529411764,40.0,5425.0,217.0,42.0,43.0,130.0,87.0,1.308476814944101,-40.0,83.0,82,207.0,66,0.0
34417,ES 06-26,1779998403348,1779998403400,Absorb,-1,7582.25,7582.25,0.0,30,30,1,1.793103448275862,52.0,6365.384615384615,331.0,75.0,-331.0,0.0,331.0,-10.435150166852058,-233.0,-98.0,29,329.0,30,0.0
34418,ES 06-26,1779998404612,1779998404716,Predator,-1,7581.25,7580.0,5.0,270,263,1,0.38661710037174724,104.0,6163.461538461539,641.0,25.0,185.0,413.0,228.0,0.9775845119045986,-85.0,270.0,255,601.0,88,0.0
34419,ES 06-26,1779998407436,1779998407648,Absorb,-1,7581.75,7581.25,2.0,101,98,1,2.12,212.0,1094.3396226415095,232.0,12.0,-72.0,80.0,152.0,-0.6873267326732674,48.0,-120.0,93,212.0,57,0.0
34420,ES 06-26,1779998700008,1779998700020,Predator,-1,7586.25,7585.0,5.0,146,138,1,0.08275862068965517,12.0,19666.666666666668,236.0,10.0,208.0,222.0,14.0,1.5680988692123046,88.0,120.0,134,212.0,35,0.0
34421,ES 06-26,1779998836708,1779998836776,Absorb,-1,7587.75,7587.5,1.0,132,130,1,0.5190839694656488,68.0,3117.6470588235293,212.0,9.0,-44.0,84.0,128.0,-0.46589930760280296,66.0,-110.0,127,207.0,104,0.0
34422,ES 06-26,1780035290600,1780035290648,Absorb,-1,7590.25,7589.75,2.0,143,140,1,0.3380281690140845,48.0,4583.333333333333,220.0,19.0,68.0,144.0,76.0,0.6228659837814767,130.0,-62.0,136,212.0,83,0.0
34423,ES 06-26,1780035616348,1780035616444,Absorb,-1,7590.25,7590.25,0.0,95,95,1,1.0212765957446808,96.0,2281.25,219.0,38.0,219.0,219.0,0.0,2.4636758118701008,140.0,79.0,94,218.0,95,0.0
34424,ES 06-26,1780035735020,1780035735172,Absorb,-1,7591.25,7590.25,4.0,152,144,1,1.0066225165562914,152.0,1861.842105263158,283.0,44.0,217.0,250.0,33.0,1.2877941347330149,167.0,50.0,139,269.0,53,0.0
34425,ES 06-26,1780046000268,1780046000416,Absorb,1,7593.5,7592.75,3.0,141,136,1,1.0571428571428572,148.0,1371.6216216216217,203.0,28.0,109.0,156.0,47.0,0.6737617192516803,119.0,-10.0,128,176.0,59,0.0
34426,ES 06-26,1780047560952,1780047560960,Absorb,-1,7591.25,7591.0,1.0,88,87,1,0.09195402298850575,8.0,26875.0,215.0,100.0,215.0,215.0,0.0,1.8170370892184142,58.0,157.0,86,213.0,70,0.0
34427,ES 06-26,1780050906652,1780050906704,Absorb,-1,7589.25,7588.5,3.0,132,132,1,0.3969465648854962,52.0,4403.846153846154,229.0,24.0,-229.0,0.0,229.0,-1.994236980375992,-147.0,-82.0,128,225.0,47,0.0
34428,ES 06-26,1780050989612,1780050989692,Absorb,-1,7589.0,7588.75,1.0,72,71,1,1.1267605633802817,80.0,2800.0,224.0,68.0,134.0,179.0,45.0,2.2567528458421764,179.0,-45.0,69,221.0,44,0.0
34429,ES 06-26,1780054959924,1780054959988,Absorb,-1,7591.75,7591.25,2.0,162,160,1,0.39751552795031053,64.0,5390.625,345.0,151.0,25.0,185.0,160.0,0.8823065339469714,99.0,-74.0,158,190.0,105,0.0
34430,ES 06-26,1780055561716,1780055562016,Predator,-1,7590.0,7586.5,14.0,542,523,1,0.5545286506469501,300.0,2363.3333333333335,709.0,22.0,49.0,379.0,330.0,0.24523907385089516,-183.0,232.0,491,618.0,126,0.0
34431,ES 06-26,1780055611448,1780055611576,Predator,-1,7589.25,7587.75,6.0,151,140,1,0.8533333333333334,128.0,1820.3125,233.0,22.0,51.0,142.0,91.0,0.435364238410596,128.0,-77.0,130,207.0,34,0.0
34432,ES 06-26,1780055616244,1780055616248,Predator,-1,7590.25,7588.5,7.0,136,127,1,0.02962962962962963,4.0,100500.0,402.0,87.0,380.0,391.0,11.0,2.7042674490720864,106.0,274.0,124,384.0,40,0.0
34433,ES 06-26,1780058014420,1780058014432,Predator,-1,7591.5,7587.75,15.0,328,312,1,0.03669724770642202,12.0,48250.0,579.0,25.0,-303.0,138.0,441.0,-1.1629599993470725,-229.0,-74.0,281,482.0,64,0.0
34434,ES 06-26,1780058025348,1780058025356,Predator,1,7591.5,7588.5,12.0,180,174,1,0.0446927374301676,8.0,35375.0,283.0,8.0,235.0,259.0,24.0,1.5839316028272477,158.0,77.0,157,258.0,22,0.0
34435,ES 06-26,1780058066980,1780058067148,Predator,-1,7590.25,7587.75,10.0,264,254,1,0.6387832699619772,168.0,2059.523809523809,346.0,5.0,-238.0,54.0,292.0,-0.9579319632946148,-159.0,-79.0,232,299.0,58,0.0
34436,ES 06-26,1780061099968,1780061100100,Absorb,-1,7589.25,7588.5,3.0,135,130,1,0.9850746268656716,132.0,1757.5757575757575,232.0,31.0,100.0,166.0,66.0,0.5101014535167301,110.0,-10.0,127,219.0,60,0.0
34437,ES 06-26,1780061401356,1780061401576,Predator,-1,7591.25,7590.0,5.0,197,194,1,1.1224489795918366,220.0,1531.8181818181818,337.0,20.0,-233.0,52.0,285.0,-1.1245616843876451,-171.0,-62.0,186,325.0,69,0.0
34438,ES 06-26,1780061519880,1780061519960,Absorb,-1,7592.5,7592.25,1.0,92,92,1,0.8791208791208791,80.0,2775.0,222.0,26.0,90.0,156.0,66.0,1.1193455912951005,156.0,-66.0,90,220.0,46,0.0
34439,ES 06-26,1780061521652,1780061521716,Absorb,-1,7592.75,7592.5,1.0,116,114,1,0.5565217391304348,64.0,3406.25,218.0,18.0,216.0,217.0,1.0,1.8947718448468074,150.0,66.0,112,211.0,75,0.0
34440,ES 06-26,1780061525108,1780061525260,Absorb,-1,7593.25,7592.5,3.0,152,149,1,1.0066225165562914,152.0,1453.9473684210527,221.0,10.0,-145.0,38.0,183.0,-1.1539410466173223,-109.0,-36.0,144,212.0,79,0.0
34441,ES 06-26,1780061543320,1780061543376,Absorb,-1,7592.5,7591.5,4.0,181,179,1,0.3111111111111111,56.0,4428.571428571428,248.0,5.0,-96.0,76.0,172.0,-0.7346548479145164,-128.0,32.0,173,232.0,92,0.0
34442,ES 06-26,1780061544116,1780061544168,Absorb,-1,7592.5,7592.0,2.0,190,188,1,0.2751322751322751,52.0,14615.384615384615,760.0,421.0,760.0,760.0,0.0,4.9814667558949735,188.0,572.0,187,337.0,106,0.0
34443,ES 06-26,1780061582280,1780061582304,Absorb,-1,7592.75,7592.75,0.0,117,117,1,0.20689655172413793,24.0,12333.333333333334,296.0,22.0,296.0,296.0,0.0,2.65392857678071,179.0,117.0,116,295.0,117,0.0
34444,ES 06-26,1780061582360,1780061582380,Absorb,-1,7593.25,7592.75,2.0,62,61,1,0.32786885245901637,20.0,29450.0,589.0,500.0,485.0,537.0,52.0,9.627131021631286,531.0,-46.0,58,582.0,42,0.0
34445,ES 06-26,1780061598572,1780061598672,Absorb,-1,7594.0,7593.75,1.0,116,116,1,0.8695652173913043,100.0,2050.0,205.0,30.0,199.0,202.0,3.0,1.861584592319225,106.0,93.0,114,203.0,114,0.0
34446,ES 06-26,1780061701528,1780061701592,Absorb,-1,7592.75,7592.0,3.0,158,152,1,0.40764331210191085,64.0,3796.875,243.0,25.0,127.0,185.0,58.0,0.9554794260061854,141.0,-14.0,147,229.0,62,0.0
34447,ES 06-26,1780061741160,1780061741268,Predator,-1,7595.75,7594.25,6.0,292,286,1,0.3711340206185567,108.0,4092.5925925925926,442.0,20.0,184.0,313.0,129.0,0.8479614003344045,231.0,-47.0,283,429.0,108,0.0
34448,ES 06-26,1780061832076,1780061832100,Absorb,1,7597.25,7597.0,1.0,129,128,1,0.1875,24.0,8416.666666666666,202.0,26.0,104.0,153.0,49.0,0.9707233899821109,102.0,2.0,126,189.0,116,0.0
34449,ES 06-26,1780061874328,1780061874400,Absorb,1,7598.0,7597.5,2.0,222,217,1,0.3257918552036199,72.0,4652.777777777778,335.0,15.0,-1.0,167.0,168.0,-0.16911209446160647,134.0,-135.0,212,318.0,95,0.0
34450,ES 06-26,1780062004712,1780062004892,Absorb,-1,7598.0,7597.0,4.0,301,291,1,0.6,180.0,2544.4444444444443,458.0,14.0,-238.0,110.0,348.0,-0.9014402323381224,-182.0,-56.0,278,429.0,106,0.0
34451,ES 06-26,1780062068040,1780062068152,Absorb,-1,7602.5,7601.5,4.0,236,225,1,0.4765957446808511,112.0,2821.4285714285716,316.0,9.0,84.0,200.0,116.0,0.39802937001008826,160.0,-76.0,215,282.0,104,0.0
34452,ES 06-26,1780062298020,1780062298204,Absorb,-1,7605.75,7604.75,4.0,200,194,1,0.9246231155778895,184.0,1739.1304347826087,320.0,10.0,282.0,301.0,19.0,1.425556888922223,188.0,94.0,189,304.0,80,0.0
34453,ES 06-26,1780062411528,1780062411560,Absorb,-1,7604.5,7604.25,1.0,112,110,1,0.2882882882882883,32.0,6281.25,201.0,16.0,-19.0,91.0,110.0,-0.4726996275668842,-75.0,56.0,107,189.0,61,0.0
34454,ES 06-26,1780062420060,1780062420252,Absorb,-1,7604.25,7604.0,1.0,139,136,1,1.391304347826087,192.0,1062.5,204.0,7.0,-62.0,71.0,133.0,-0.09525447964609679,-80.0,18.0,133,196.0,84,0.0
34455,ES 06-26,1780062490028,1780062490056,Absorb,-1,7607.5,7607.0,2.0,93,91,1,0.30434782608695654,28.0,8928.571428571428,250.0,93.0,204.0,227.0,23.0,2.759302915460595,155.0,49.0,89,246.0,61,0.0
34456,ES 06-26,1780062502728,1780062502792,Absorb,-1,7607.75,7607.0,3.0,288,285,1,0.2229965156794425,64.0,7375.0,472.0,40.0,-462.0,5.0,467.0,-1.6856169296987087,-220.0,-242.0,278,460.0,179,0.0
34457,ES 06-26,1780062507236,1780062507256,Absorb,-1,7607.75,7607.25,2.0,138,136,1,0.145985401459854,20.0,31000.0,620.0,398.0,510.0,565.0,55.0,5.359447383381775,132.0,378.0,134,218.0,69,0.0
34458,ES 06-26,1780062577236,1780062577280,Absorb,-1,7606.75,7606.0,3.0,217,213,1,0.2037037037037037,44.0,7272.727272727273,320.0,23.0,-310.0,5.0,315.0,-1.3844367874406347,-182.0,-128.0,205,281.0,127,0.0
34459,ES 06-26,1780062581116,1780062581176,Absorb,-1,7606.5,7606.25,1.0,109,108,1,0.5555555555555556,60.0,4800.0,288.0,23.0,286.0,287.0,1.0,2.596182003521453,192.0,94.0,106,285.0,108,0.0
34460,ES 06-26,1780063199940,1780063200232,Absorb,-1,7609.25,7608.75,2.0,250,245,1,1.1726907630522088,292.0,1136.986301369863,332.0,5.0,174.0,253.0,79.0,0.9104601353621657,64.0,110.0,239,316.0,135,0.0
34461,ES 06-26,1780063206436,1780063206460,Absorb,-1,7610.0,7609.75,1.0,138,136,1,0.17518248175182483,24.0,15000.0,360.0,28.0,228.0,294.0,66.0,1.9372952288756111,230.0,-2.0,132,350.0,88,0.0
34462,ES 06-26,1780063246476,1780063246536,Predator,-1,7611.5,7610.0,6.0,328,316,1,0.1834862385321101,60.0,8400.0,504.0,25.0,436.0,470.0,34.0,1.2487398838741184,302.0,134.0,309,478.0,100,0.0
34463,ES 06-26,1780063437632,1780063437748,Absorb,-1,7609.5,7608.5,4.0,196,189,1,0.5948717948717949,116.0,2396.5517241379307,278.0,7.0,148.0,213.0,65.0,1.0043995888085808,143.0,5.0,184,261.0,81,0.0
34464,ES 06-26,1780063747712,1780063747776,Absorb,-1,7604.25,7603.5,3.0,146,144,1,0.4413793103448276,64.0,3296.875,211.0,8.0,-205.0,3.0,208.0,-1.520787020523845,-107.0,-98.0,139,203.0,49,0.0
34465,ES 06-26,1780064122064,1780064122308,Absorb,-1,7602.75,7601.75,4.0,240,236,1,1.0209205020920502,244.0,1327.8688524590164,324.0,6.0,-160.0,82.0,242.0,-0.8910575704439313,-154.0,-6.0,229,312.0,97,0.0
34466,ES 06-26,1780064215408,1780064215540,Absorb,-1,7599.75,7599.25,2.0,144,143,1,0.9230769230769231,132.0,1871.212121212121,247.0,27.0,-243.0,2.0,245.0,-1.746262358331324,-108.0,-135.0,140,242.0,88,0.0
34467,ES 06-26,1780064278000,1780064278128,Absorb,-1,7598.5,7597.75,3.0,224,223,1,0.5739910313901345,128.0,2585.9375,331.0,15.0,-327.0,2.0,329.0,-1.5068828742259235,-167.0,-160.0,218,324.0,81,0.0
34468,ES 06-26,1780064701460,1780064701720,Absorb,-1,7593.25,7592.25,4.0,216,212,1,1.2093023255813953,260.0,1042.3076923076924,271.0,7.0,-121.0,75.0,196.0,-0.5568243251289012,-135.0,14.0,204,252.0,104,0.0
34469,ES 06-26,1780064766644,1780064766936,Absorb,1,7591.0,7590.0,4.0,237,230,1,1.2372881355932204,292.0,1047.9452054794522,306.0,7.0,-154.0,76.0,230.0,-0.8574619721306244,-138.0,-16.0,225,294.0,143,0.0
34470,ES 06-26,1780064871932,1780064871988,Absorb,-1,7593.75,7593.5,1.0,66,66,1,0.8615384615384616,56.0,4589.285714285714,257.0,42.0,-257.0,0.0,257.0,-4.056925164387851,-195.0,-62.0,64,252.0,43,0.0
34471,ES 06-26,1780064949064,1780064949296,Absorb,-1,7594.75,7594.25,2.0,147,146,1,1.5890410958904109,232.0,883.6206896551723,205.0,9.0,-187.0,9.0,196.0,-1.3750160560336686,-111.0,-76.0,143,199.0,87,0.0
34472,ES 06-26,1780065060004,1780065060036,Absorb,-1,7597.75,7597.5,1.0,112,111,1,0.2882882882882883,32.0,7593.75,243.0,75.0,71.0,157.0,86.0,0.5062057949226091,139.0,-68.0,108,239.0,71,0.0
34473,ES 06-26,1780065167180,1780065167348,Absorb,1,7594.5,7593.75,3.0,208,203,1,0.8115942028985508,168.0,2279.7619047619046,383.0,30.0,-67.0,158.0,225.0,-0.6535987848916911,-50.0,-17.0,199,365.0,94,0.0
34474,ES 06-26,1780065170748,1780065170992,Absorb,-1,7593.5,7593.0,2.0,143,140,1,1.7183098591549295,244.0,913.9344262295082,223.0,11.0,-47.0,88.0,135.0,-0.4605576348534095,-94.0,47.0,135,211.0,80,0.0
34475,ES 06-26,1780065257208,1780065257276,Absorb,-1,7596.25,7595.5,3.0,140,137,1,0.4892086330935252,68.0,3161.7647058823527,215.0,23.0,167.0,191.0,24.0,1.4160110209704577,96.0,71.0,135,204.0,45,0.0
34476,ES 06-26,1780065279756,1780065279904,Absorb,-1,7599.5,7599.0,2.0,134,132,1,1.112781954887218,148.0,1351.3513513513515,200.0,9.0,-80.0,60.0,140.0,-0.8926420528934276,18.0,-98.0,129,194.0,70,0.0
34477,ES 06-26,1780065418372,1780065418500,Absorb,-1,7595.25,7594.5,3.0,214,211,1,0.6009389671361502,128.0,2343.75,300.0,8.0,-294.0,3.0,297.0,-1.4128704415145514,-156.0,-138.0,204,284.0,109,0.0
34478,ES 06-26,1780065478656,1780065478864,Absorb,-1,7588.75,7588.0,3.0,158,157,1,1.3248407643312101,208.0,1004.8076923076924,209.0,6.0,-207.0,1.0,208.0,-1.3428233278923694,-110.0,-97.0,152,200.0,81,0.0
34479,ES 06-26,1780065690940,1780065691008,Absorb,-1,7587.5,7587.0,2.0,195,192,1,0.35051546391752575,68.0,4117.647058823529,280.0,8.0,-202.0,39.0,241.0,-0.8719869232387641,-144.0,-58.0,187,266.0,116,0.0
34480,ES 06-26,1780065751976,1780065752244,Absorb,-1,7583.75,7582.75,4.0,246,241,1,1.0938775510204082,268.0,1361.9402985074626,365.0,8.0,125.0,245.0,120.0,0.8008012526626134,-60.0,185.0,238,354.0,78,0.0
34481,ES 06-26,1780065768496,1780065768572,Absorb,-1,7585.25,7584.25,4.0,204,194,1,0.37438423645320196,76.0,3592.105263157895,273.0,10.0,-125.0,74.0,199.0,-0.7883914877978104,-133.0,8.0,181,244.0,64,0.0
34482,ES 06-26,1780065773464,1780065773512,Absorb,-1,7584.25,7583.25,4.0,189,186,1,0.2553191489361702,48.0,6250.0,300.0,8.0,-238.0,31.0,269.0,-1.5676211806111022,-128.0,-110.0,178,280.0,65,0.0
34483,ES 06-26,1780065784260,1780065784336,Absorb,-1,7584.0,7583.25,3.0,139,136,1,0.5507246376811594,76.0,4776.315789473684,363.0,50.0,-257.0,53.0,310.0,-1.3815764779480764,-259.0,2.0,131,353.0,66,0.0
34484,ES 06-26,1780065912100,1780065912108,Absorb,-1,7580.75,7580.5,1.0,68,67,1,0.11940298507462686,8.0,26375.0,211.0,30.0,207.0,209.0,2.0,2.8476543115623927,159.0,48.0,65,200.0,66,0.0
34485,ES 06-26,1780065942280,1780065942392,Absorb,-1,7579.25,7578.75,2.0,254,249,1,0.4426877470355731,112.0,3714.285714285714,416.0,22.0,-100.0,158.0,258.0,-0.5379265396986967,47.0,-147.0,242,403.0,101,0.0
34486,ES 06-26,1780065949692,1780065949744,Absorb,-1,7578.5,7578.0,2.0,95,93,1,0.5531914893617021,52.0,5750.0,299.0,50.0,299.0,299.0,0.0,3.9423852183650614,72.0,227.0,92,296.0,65,0.0
34487,ES 06-26,1780066284208,1780066284260,Predator,-1,7586.75,7580.75,24.0,1018,981,1,0.051130776794493606,52.0,30942.307692307695,1609.0,18.0,1407.0,1508.0,101.0,1.5478135408575908,689.0,718.0,964,1516.0,101,0.0
34488,ES 06-26,1780066284280,1780066284364,Predator,-1,7588.25,7586.5,7.0,419,364,1,0.20095693779904306,84.0,7690.47619047619,646.0,13.0,98.0,372.0,274.0,0.15943895320858015,102.0,-4.0,310,460.0,120,0.0
34489,ES 06-26,1780066284368,1780066284448,Predator,-1,7590.5,7588.5,8.0,364,340,1,0.22038567493112948,80.0,6325.0,506.0,10.0,200.0,353.0,153.0,0.6575525346384624,59.0,141.0,319,439.0,78,0.0
34490,ES 06-26,1780066289380,1780066289420,Predator,1,7590.25,7588.75,6.0,177,162,1,0.22727272727272727,40.0,6050.0,242.0,5.0,22.0,132.0,110.0,0.04716850470040339,-10.0,32.0,142,188.0,48,0.0
34491,ES 06-26,1780066304460,1780066304748,Predator,-1,7587.25,7585.5,7.0,283,278,1,1.0212765957446808,288.0,1281.25,369.0,5.0,-179.0,95.0,274.0,-0.9116258334912868,-141.0,-38.0,264,338.0,87,0.0
34492,ES 06-26,1780066308724,1780066309016,Absorb,-1,7588.75,7588.0,3.0,294,284,1,0.9965870307167235,292.0,1219.178082191781,356.0,5.0,-44.0,156.0,200.0,-0.10800566191652805,-93.0,49.0,271,329.0,144,0.0
34493,ES 06-26,1780066309068,1780066309284,Predator,-1,7589.5,7588.0,6.0,199,186,1,1.0909090909090908,216.0,1180.5555555555557,255.0,5.0,-9.0,123.0,132.0,0.1853784071874524,47.0,-56.0,176,228.0,68,0.0
34494,ES 06-26,1780066312684,1780066312824,Absorb,-1,7591.25,7590.25,4.0,217,210,1,0.6481481481481481,140.0,2021.4285714285713,283.0,5.0,-53.0,115.0,168.0,-0.04262437933642432,-90.0,37.0,199,250.0,106,0.0
34495,ES 06-26,1780066320720,1780066320900,Absorb,-1,7589.25,7589.0,1.0,97,96,1,1.875,180.0,1188.888888888889,214.0,45.0,214.0,214.0,0.0,2.284754365663791,150.0,64.0,95,212.0,93,0.0
34496,ES 06-26,1780066327020,1780066327168,Predator,1,7591.25,7589.5,7.0,231,222,1,0.6434782608695652,148.0,2270.2702702702704,336.0,5.0,112.0,224.0,112.0,0.6321598940789346,173.0,-61.0,209,308.0,93,0.0
34497,ES 06-26,1780066345592,1780066345828,Predator,-1,7593.75,7592.0,7.0,185,176,1,1.2826086956521738,236.0,1131.3559322033898,267.0,10.0,101.0,184.0,83.0,0.6104639702816421,94.0,7.0,171,244.0,53,0.0
34498,ES 06-26,1780066353136,1780066353300,Absorb,-1,7592.25,7591.75,2.0,146,141,1,1.1310344827586207,164.0,1250.0,205.0,5.0,29.0,117.0,88.0,-0.03192812316234949,-9.0,38.0,136,190.0,101,0.0
34499,ES 06-26,1780066354096,1780066354220,Predator,-1,7591.5,7590.25,5.0,180,175,1,0.6927374301675978,124.0,1919.3548387096773,238.0,5.0,-12.0,113.0,125.0,-0.05578361472061895,-118.0,106.0,168,225.0,52,0.0
34500,ES 06-26,1780066394492,1780066394740,Predator,-1,7596.0,7594.5,6.0,183,175,1,1.3626373626373627,248.0,1052.4193548387098,261.0,5.0,75.0,168.0,93.0,0.5150540834788875,136.0,-61.0,169,243.0,51,0.0
34501,ES 06-26,1780066403296,1780066403332,Absorb,-1,7597.75,7597.0,3.0,62,58,1,0.5901639344262295,36.0,5777.777777777778,208.0,44.0,-104.0,52.0,156.0,-1.2306917478784216,-138.0,34.0,56,202.0,19,0.0
34502,ES 06-26,1780066405380,1780066405440,Absorb,-1,7598.25,7597.25,4.0,134,129,1,0.45112781954887216,60.0,3650.0,219.0,9.0,179.0,199.0,20.0,1.4643723737203707,103.0,76.0,126,201.0,36,0.0
34503,ES 06-26,1780067134964,1780067135032,Absorb,-1,7591.75,7591.0,3.0,179,175,1,0.38202247191011235,68.0,3132.3529411764703,213.0,5.0,-45.0,84.0,129.0,-0.06590714121314836,-79.0,34.0,168,201.0,106,0.0
34504,ES 06-26,1780067299876,1780067299916,Absorb,-1,7597.0,7596.0,4.0,186,181,1,0.21621621621621623,40.0,8100.0,324.0,30.0,12.0,168.0,156.0,0.09321596911729739,119.0,-107.0,177,308.0,65,0.0
34505,ES 06-26,1780067572436,1780067572480,Absorb,-1,7602.75,7602.25,2.0,160,158,1,0.27672955974842767,44.0,12613.636363636364,555.0,115.0,-463.0,46.0,509.0,-3.8582488573772413,-232.0,-231.0,154,547.0,69,0.0
34506,ES 06-26,1780067600512,1780067600600,Absorb,-1,7602.75,7601.75,4.0,206,204,1,0.4292682926829268,88.0,3602.2727272727275,317.0,18.0,-287.0,15.0,302.0,-1.6147089609351137,-137.0,-150.0,197,308.0,77,0.0
34507,ES 06-26,1780067602340,1780067602348,Absorb,-1,7602.25,7602.0,1.0,31,30,1,0.26666666666666666,8.0,33875.0,271.0,137.0,263.0,267.0,4.0,9.93991935483871,109.0,154.0,28,251.0,29,0.0
34508,ES 06-26,1780067794272,1780067794276,Absorb,-1,7602.5,7602.0,2.0,131,129,1,0.03076923076923077,4.0,51500.0,206.0,50.0,152.0,179.0,27.0,1.41036139433086,79.0,73.0,127,201.0,64,0.0
34509,ES 06-26,1780067843988,1780067844008,Absorb,-1,7601.75,7601.5,1.0,64,63,1,0.31746031746031744,20.0,13100.0,262.0,173.0,-168.0,47.0,215.0,-3.516208791208791,-210.0,42.0,61,259.0,63,0.0
34510,ES 06-26,1780068437024,1780068437120,Predator,-1,7599.25,7597.0,9.0,413,401,1,0.23300970873786409,96.0,5166.666666666667,496.0,8.0,-332.0,82.0,414.0,-0.9041404801254842,-185.0,-147.0,382,462.0,143,0.0
34511,ES 06-26,1780068517384,1780068517536,Absorb,-1,7601.25,7600.75,2.0,289,282,1,0.5277777777777778,152.0,5690.789473684211,865.0,400.0,181.0,523.0,342.0,0.9038464980312612,-155.0,336.0,274,832.0,202,0.0
34512,ES 06-26,1780068588976,1780068589016,Absorb,-1,7602.25,7601.5,3.0,150,147,1,0.2684563758389262,40.0,8575.0,343.0,147.0,-27.0,158.0,185.0,0.3206915862927241,53.0,-80.0,140,327.0,105,0.0
34513,ES 06-26,1780068593980,1780068593988,Absorb,-1,7601.5,7601.5,0.0,42,42,1,0.1951219512195122,8.0,28375.0,227.0,57.0,227.0,227.0,0.0,5.332387975042541,196.0,31.0,41,215.0,42,0.0
34514,ES 06-26,1780068603592,1780068603592,Absorb,-1,7599.0,7598.0,4.0,114,113,1,0.0,0.0,262000.0,262.0,40.0,-252.0,5.0,257.0,-2.0826188210040297,-74.0,-178.0,108,252.0,42,0.0
34515,ES 06-26,1780068673444,1780068673572,Absorb,-1,7600.0,7599.5,2.0,225,224,1,0.5714285714285714,128.0,2171.875,278.0,10.0,-276.0,1.0,277.0,-1.1942393594605984,-142.0,-134.0,220,273.0,166,0.0
34516,ES 06-26,1780068676368,1780068676412,Absorb,-1,7600.0,7599.75,1.0,229,226,1,0.19298245614035087,44.0,19863.636363636364,874.0,450.0,536.0,705.0,169.0,1.7482217980873962,162.0,374.0,223,399.0,186,0.0
34517,ES 06-26,1780069044404,1780069044596,Absorb,-1,7602.5,7601.75,3.0,327,320,1,0.588957055214724,192.0,2375.0,456.0,10.0,50.0,253.0,203.0,0.2588870569856146,-120.0,170.0,311,437.0,168,0.0
34518,ES 06-26,1780069047900,1780069048064,Predator,-1,7601.75,7599.75,8.0,522,513,1,0.31477927063339733,164.0,3945.121951219512,647.0,5.0,-117.0,265.0,382.0,-0.16280015950378177,-280.0,163.0,497,617.0,168,0.0
34519,ES 06-26,1780069049588,1780069049716,Absorb,-1,7600.25,7599.5,3.0,165,159,1,0.7804878048780488,128.0,1593.75,204.0,8.0,62.0,133.0,71.0,0.12386129885395239,-19.0,81.0,152,189.0,76,0.0
34520,ES 06-26,1780069150340,1780069150524,Absorb,-1,7602.0,7601.25,3.0,246,237,1,0.7510204081632653,184.0,1641.304347826087,302.0,6.0,96.0,199.0,103.0,0.2145636135366559,112.0,-16.0,229,280.0,141,0.0
34521,ES 06-26,1780069285812,1780069286056,Predator,-1,7603.25,7600.5,11.0,839,817,1,0.2911694510739857,244.0,4188.524590163935,1022.0,10.0,-484.0,269.0,753.0,-0.5828449597628726,-391.0,-93.0,786,955.0,258,0.0
34522,ES 06-26,1780069291492,1780069291708,Absorb,-1,7602.25,7601.5,3.0,229,223,1,0.9473684210526315,216.0,1342.5925925925926,290.0,6.0,76.0,183.0,107.0,0.4228892908177031,84.0,-8.0,217,274.0,118,0.0
34523,ES 06-26,1780069388244,1780069388276,Absorb,-1,7598.0,7598.0,0.0,101,101,1,0.32,32.0,6812.5,218.0,11.0,-218.0,0.0,218.0,-2.1762143273150842,-113.0,-105.0,100,217.0,101,0.0
34524,ES 06-26,1780069395044,1780069395108,Absorb,-1,7598.0,7597.75,1.0,153,152,1,0.42105263157894735,64.0,4750.0,304.0,23.0,-262.0,21.0,283.0,-1.966738369989144,-164.0,-98.0,150,301.0,87,0.0
34525,ES 06-26,1780069460192,1780069460196,Absorb,-1,7596.25,7595.75,2.0,85,85,1,0.047619047619047616,4.0,62250.0,249.0,132.0,-249.0,0.0,249.0,-1.6146765683017392,-58.0,-191.0,82,244.0,34,0.0
34526,ES 06-26,1780069696128,1780069696172,Predator,-1,7595.0,7593.75,5.0,272,265,1,0.16236162361623616,44.0,7272.727272727273,320.0,3.0,-244.0,38.0,282.0,-0.9644210792463451,-144.0,-100.0,253,296.0,85,0.0
34527,ES 06-26,1780070262636,1780070262708,Absorb,-1,7594.25,7593.5,3.0,193,188,1,0.375,72.0,3333.3333333333335,240.0,7.0,-104.0,68.0,172.0,-0.7207681213610384,-116.0,12.0,181,212.0,110,0.0
34528,ES 06-26,1780071024476,1780071024664,Absorb,-1,7604.5,7603.75,3.0,250,246,1,0.7550200803212851,188.0,2042.5531914893618,384.0,20.0,238.0,311.0,73.0,1.21040618249892,189.0,49.0,243,373.0,83,0.0
34529,ES 06-26,1780071048756,1780071048768,Absorb,-1,7605.0,7604.75,1.0,82,81,1,0.14814814814814814,12.0,22583.333333333332,271.0,41.0,-179.0,46.0,225.0,-2.373864019764696,-220.0,41.0,79,267.0,76,0.0
34530,ES 06-26,1780071183856,1780071184000,Predator,-1,7603.5,7602.25,5.0,422,407,1,0.342042755344418,144.0,4284.722222222223,617.0,24.0,-193.0,212.0,405.0,-0.4341571863569767,-248.0,55.0,387,567.0,172,0.0
34531,ES 06-26,1780072291832,1780072291860,Predator,-1,7598.75,7595.5,13.0,572,557,1,0.04903677758318739,28.0,33678.57142857143,943.0,100.0,603.0,773.0,170.0,1.378710752941688,381.0,222.0,554,920.0,50,0.0
34532,ES 06-26,1780072291868,1780072291872,Predator,-1,7600.0,7598.25,7.0,210,192,1,0.019138755980861243,4.0,83000.0,332.0,14.0,158.0,245.0,87.0,0.809894620221385,87.0,71.0,177,263.0,58,0.0
34533,ES 06-26,1780072298636,1780072298660,Predator,-1,7600.0,7595.5,18.0,460,458,1,0.05228758169934641,24.0,27458.333333333332,659.0,5.0,-655.0,2.0,657.0,-1.432324246621532,-333.0,-322.0,436,625.0,37,0.0
34534,ES 06-26,1780072307584,1780072307652,Absorb,-1,7598.75,7598.25,2.0,168,161,1,0.40718562874251496,68.0,3029.411764705882,206.0,4.0,32.0,119.0,87.0,0.04345240204291333,60.0,-28.0,154,184.0,91,0.0
34535,ES 06-26,1780072641104,1780072641120,Predator,-1,7605.5,7603.5,8.0,366,356,1,0.043835616438356165,16.0,34562.5,553.0,32.0,551.0,552.0,1.0,1.562510654728068,254.0,297.0,354,539.0,56,0.0
34536,ES 06-26,1780072641120,1780072641152,Absorb,-1,7606.0,7605.25,3.0,152,144,1,0.2119205298013245,32.0,8781.25,281.0,27.0,39.0,160.0,121.0,0.4221375897866989,53.0,-14.0,133,228.0,44,0.0
34537,ES 06-26,1780072641156,1780072641164,Absorb,-1,7606.75,7605.75,4.0,196,178,1,0.041025641025641026,8.0,31875.0,255.0,8.0,137.0,196.0,59.0,0.7481468495246595,92.0,45.0,163,215.0,68,0.0
34538,ES 06-26,1780072641164,1780072641380,Absorb,-1,7606.75,7606.0,3.0,719,681,1,0.3008356545961003,216.0,4425.925925925926,956.0,20.0,-112.0,422.0,534.0,-0.15722958741572104,-98.0,-14.0,640,833.0,296,0.0
34539,ES 06-26,1780072647776,1780072647788,Predator,-1,7605.25,7603.25,8.0,295,286,1,0.04081632653061224,12.0,38500.0,462.0,9.0,-426.0,18.0,444.0,-1.5876139370086102,-224.0,-202.0,267,425.0,42,0.0
34540,ES 06-26,1780072647788,1780072647992,Absorb,-1,7604.75,7603.75,4.0,275,261,1,0.7445255474452555,204.0,1705.8823529411766,348.0,4.0,236.0,292.0,56.0,1.1117751940220997,104.0,132.0,249,321.0,192,0.0
34541,ES 06-26,1780072648384,1780072648500,Absorb,-1,7604.75,7604.25,2.0,174,169,1,0.6705202312138728,116.0,1767.2413793103447,205.0,6.0,-21.0,92.0,113.0,0.06615222529115294,-34.0,13.0,165,192.0,74,0.0
34542,ES 06-26,1780072766512,1780072766556,Absorb,1,7606.75,7606.25,2.0,107,107,1,0.41509433962264153,44.0,5159.090909090909,227.0,42.0,227.0,227.0,0.0,2.58445502458904,81.0,146.0,104,223.0,54,0.0
34543,ES 06-26,1780072773536,1780072773620,Absorb,-1,7607.75,7607.25,2.0,189,183,1,0.44680851063829785,84.0,4392.857142857142,369.0,27.0,93.0,231.0,138.0,0.3108818144652411,193.0,-100.0,174,343.0,74,0.0
34544,ES 06-26,1780072783748,1780072783752,Absorb,-1,7607.75,7607.5,1.0,93,92,1,0.043478260869565216,4.0,59500.0,238.0,106.0,180.0,209.0,29.0,2.5076542030974904,68.0,112.0,90,235.0,63,0.0
34545,ES 06-26,1780072808284,1780072808312,Absorb,-1,7608.0,7607.75,1.0,145,141,1,0.19444444444444445,28.0,8000.0,224.0,18.0,216.0,220.0,4.0,1.4450401511572981,131.0,85.0,137,216.0,114,0.0
34546,ES 06-26,1780072927968,1780072927992,Absorb,-1,7606.75,7606.5,1.0,173,169,1,0.13953488372093023,24.0,12791.666666666666,307.0,50.0,-125.0,91.0,216.0,-0.8809814074008835,-137.0,12.0,164,295.0,100,0.0
34547,ES 06-26,1780073243888,1780073244180,Predator,-1,7605.0,7602.75,9.0,603,589,1,0.4850498338870432,292.0,3089.0410958904113,902.0,23.0,-344.0,279.0,623.0,-0.6450528265582824,-505.0,161.0,565,854.0,194,0.0
34548,ES 06-26,1780073358796,1780073358856,Absorb,-1,7602.75,7602.25,2.0,200,195,1,0.3015075376884422,60.0,13266.666666666668,796.0,479.0,704.0,750.0,46.0,4.892118052951324,188.0,516.0,190,308.0,106,0.0
34549,ES 06-26,1780073392344,1780073392360,Absorb,-1,7602.75,7601.75,4.0,205,199,1,0.0784313725490196,16.0,38000.0,608.0,285.0,208.0,408.0,200.0,1.40025351367163,-118.0,326.0,190,590.0,79,0.0
34550,ES 06-26,1780074264268,1780074264472,Predator,-1,7598.25,7596.75,6.0,634,628,1,0.3222748815165877,204.0,4318.6274509803925,881.0,8.0,-677.0,102.0,779.0,-1.1259349974319128,-487.0,-190.0,615,853.0,322,0.0
34551,ES 06-26,1780074316104,1780074316156,Absorb,-1,7596.0,7596.0,0.0,124,124,1,0.42276422764227645,52.0,4730.769230769231,246.0,15.0,-246.0,0.0,246.0,-2.148623131392604,-123.0,-123.0,123,245.0,124,0.0
34552,ES 06-26,1780074360000,1780074360028,Absorb,-1,7596.75,7596.0,3.0,181,178,1,0.15555555555555556,28.0,8178.571428571428,229.0,8.0,23.0,126.0,103.0,0.5286119037500253,55.0,-32.0,175,222.0,80,0.0
34553,ES 06-26,1780074664880,1780074664908,Absorb,-1,7597.0,7596.25,3.0,179,177,1,0.15730337078651685,28.0,8500.0,238.0,8.0,-16.0,111.0,127.0,-0.3801288891678698,-85.0,69.0,172,231.0,123,0.0
34554,ES 06-26,1780074765436,1780074765664,Absorb,-1,7596.5,7595.5,4.0,180,176,1,1.2737430167597765,228.0,1127.1929824561403,257.0,8.0,-77.0,90.0,167.0,-0.7423881395516323,-6.0,-71.0,169,246.0,55,0.0
34555,ES 06-26,1780074958408,1780074958412,Predator,-1,7598.5,7596.75,7.0,303,302,1,0.013245033112582781,4.0,126500.0,506.0,47.0,-412.0,47.0,459.0,-1.5558837384261257,-223.0,-189.0,294,443.0,54,0.0
34556,ES 06-26,1780075245636,1780075245664,Absorb,-1,7596.5,7596.5,0.0,170,170,1,0.16568047337278108,28.0,8571.42857142857,240.0,29.0,-240.0,0.0,240.0,-1.3897252703635177,-135.0,-105.0,169,239.0,170,0.0
34557,ES 06-26,1780075270524,1780075270572,Absorb,-1,7595.0,7594.25,3.0,153,147,1,0.3157894736842105,48.0,4666.666666666667,224.0,8.0,140.0,182.0,42.0,1.2361987857343895,46.0,94.0,143,211.0,53,0.0
34558,ES 06-26,1780075270572,1780075270712,Predator,-1,7595.5,7594.25,5.0,326,311,1,0.4307692307692308,140.0,3057.142857142857,428.0,6.0,74.0,251.0,177.0,0.3095327118988964,-3.0,77.0,294,384.0,183,0.0
34559,ES 06-26,1780075388884,1780075388944,Absorb,-1,7593.25,7592.5,3.0,162,161,1,0.37267080745341613,60.0,3866.666666666667,232.0,7.0,-230.0,1.0,231.0,-1.5311299944535475,-131.0,-99.0,156,225.0,67,0.0
34560,ES 06-26,1780075406396,1780075406460,Absorb,-1,7593.25,7593.0,1.0,104,103,1,0.6213592233009708,64.0,8375.0,536.0,358.0,536.0,536.0,0.0,2.4257761655819907,472.0,64.0,102,534.0,80,0.0
34561,ES 06-26,1780075473612,1780075473664,Predator,-1,7598.75,7595.5,13.0,652,622,1,0.07987711213517665,52.0,22807.69230769231,1186.0,56.0,492.0,839.0,347.0,0.9579263352545277,496.0,-4.0,602,1077.0,106,0.0
34562,ES 06-26,1780075474188,1780075474424,Absorb,-1,7598.0,7597.5,2.0,165,162,1,1.4390243902439024,236.0,1029.6610169491526,243.0,12.0,-3.0,120.0,123.0,0.07641920230812385,41.0,-44.0,158,233.0,110,0.0
34563,ES 06-26,1780075478312,1780075478392,Predator,1,7598.75,7597.5,5.0,256,245,1,0.3137254901960784,80.0,4125.0,330.0,8.0,154.0,242.0,88.0,0.5848907072556649,138.0,16.0,229,296.0,80,0.0
34564,ES 06-26,1780075479932,1780075480020,Absorb,-1,7599.0,7598.0,4.0,253,246,1,0.3492063492063492,88.0,3670.4545454545455,323.0,6.0,29.0,176.0,147.0,-0.08146042021427163,-85.0,114.0,236,301.0,144,0.0
34565,ES 06-26,1780075502900,1780075502980,Absorb,-1,7597.0,7596.5,2.0,172,171,1,0.4678362573099415,80.0,2750.0,220.0,7.0,-60.0,80.0,140.0,-0.5268617504239157,-59.0,-1.0,167,215.0,78,0.0
34566,ES 06-26,1780075936956,1780075937100,Absorb,-1,7595.0,7594.25,3.0,425,411,1,0.33962264150943394,144.0,3750.0000000000005,540.0,7.0,224.0,382.0,158.0,0.5187908583576933,111.0,113.0,395,497.0,254,0.0
34567,ES 06-26,1780076026192,1780076026288,Absorb,-1,7594.25,7593.5,3.0,195,193,1,0.4948453608247423,96.0,2812.5,270.0,21.0,-14.0,128.0,142.0,-0.11237598925375067,-124.0,110.0,188,261.0,132,0.0
34568,ES 06-26,1780076033016,1780076033052,Absorb,-1,7594.0,7593.75,1.0,79,78,1,0.46153846153846156,36.0,14388.88888888889,518.0,417.0,518.0,518.0,0.0,7.093330087633885,470.0,48.0,77,100.0,60,0.0
34569,ES 06-26,1780076747040,1780076747112,Absorb,-1,7590.25,7590.0,1.0,148,146,1,0.4897959183673469,72.0,3625.0000000000005,261.0,16.0,-19.0,121.0,140.0,0.5435889937328097,-98.0,79.0,143,250.0,111,0.0
34570,ES 06-26,1780076786860,1780076786900,Absorb,-1,7590.25,7590.0,1.0,118,114,1,0.3418803418803419,40.0,7750.0,310.0,27.0,-170.0,70.0,240.0,-1.3854334432599638,-206.0,36.0,110,280.0,65,0.0
34571,ES 06-26,1780076792728,1780076792732,Absorb,-1,7590.25,7590.0,1.0,76,75,1,0.05333333333333334,4.0,83500.0,334.0,51.0,-234.0,50.0,284.0,-3.3432125768967875,-280.0,46.0,74,332.0,42,0.0
34572,ES 06-26,1780077018940,1780077019048,Absorb,-1,7589.0,7588.75,1.0,212,210,1,0.5118483412322274,108.0,2574.074074074074,278.0,9.0,-224.0,27.0,251.0,-1.2453340268742923,-148.0,-76.0,207,272.0,203,0.0
34573,ES 06-26,1780077058556,1780077058608,Absorb,-1,7591.0,7590.5,2.0,150,148,1,0.348993288590604,52.0,4230.769230769231,220.0,7.0,50.0,135.0,85.0,0.509144406418063,107.0,-57.0,146,211.0,110,0.0
34574,ES 06-26,1780077296096,1780077296100,Absorb,-1,7589.0,7588.5,2.0,135,133,1,0.029850746268656716,4.0,137500.0,550.0,361.0,-460.0,45.0,505.0,-4.883069944395669,-460.0,0.0,128,541.0,73,0.0
34575,ES 06-26,1780077303308,1780077303384,Absorb,-1,7588.5,7588.0,2.0,156,154,1,0.49032258064516127,76.0,2960.5263157894738,225.0,9.0,-155.0,35.0,190.0,-1.00894880751055,-111.0,-44.0,149,218.0,63,0.0
34576,ES 06-26,1780077304132,1780077304152,Absorb,-1,7588.25,7588.0,1.0,79,78,1,0.2564102564102564,20.0,11400.0,228.0,62.0,-160.0,34.0,194.0,-1.8387293086660175,-163.0,3.0,77,226.0,53,0.0
34577,ES 06-26,1780077411300,1780077411420,Absorb,-1,7586.5,7585.75,3.0,145,144,1,0.8333333333333334,120.0,1700.0,204.0,8.0,-98.0,53.0,151.0,-0.9187686978428594,-105.0,7.0,140,199.0,85,0.0
34578,ES 06-26,1780077540360,1780077540372,Absorb,-1,7584.5,7583.75,3.0,148,146,1,0.08163265306122448,12.0,18333.333333333332,220.0,11.0,-206.0,7.0,213.0,-1.5027782199402526,-101.0,-105.0,141,212.0,52,0.0
34579,ES 06-26,1780078098792,1780078098956,Predator,-1,7588.75,7587.5,5.0,348,337,1,0.47262247838616717,164.0,2652.439024390244,435.0,8.0,11.0,223.0,212.0,-0.05352596692413725,-162.0,173.0,322,407.0,159,0.0
34580,ES 06-26,1780078234776,1780078234872,Absorb,-1,7589.5,7588.5,4.0,247,241,1,0.3902439024390244,96.0,3270.8333333333335,314.0,11.0,-128.0,93.0,221.0,-0.4785793009425458,-124.0,-4.0,231,294.0,107,0.0
34581,ES 06-26,1780078467564,1780078467568,Predator,-1,7587.0,7585.75,5.0,236,234,1,0.01702127659574468,4.0,127500.0,510.0,89.0,-250.0,130.0,380.0,-1.6681622517312056,-194.0,-56.0,228,500.0,56,0.0
34582,ES 06-26,1780078498816,1780078498876,Absorb,-1,7587.75,7587.25,2.0,176,171,1,0.34285714285714286,60.0,3833.3333333333335,230.0,6.0,156.0,193.0,37.0,0.9577129650011006,118.0,38.0,166,216.0,75,0.0
34583,ES 06-26,1780078558656,1780078558712,Absorb,-1,7588.0,7587.0,4.0,310,309,1,0.18122977346278318,56.0,11339.285714285714,635.0,89.0,-363.0,136.0,499.0,-1.6467858246989244,-232.0,-131.0,304,629.0,161,0.0
34584,ES 06-26,1780078715676,1780078715792,Predator,-1,7589.5,7588.0,6.0,551,537,1,0.2109090909090909,116.0,6137.931034482758,712.0,10.0,166.0,439.0,273.0,0.3240101719475191,360.0,-194.0,527,686.0,253,0.0
34585,ES 06-26,1780078718664,1780078718668,Absorb,-1,7589.25,7588.5,3.0,156,154,1,0.025806451612903226,4.0,57250.0,229.0,8.0,-213.0,8.0,221.0,-1.3124085283937348,-104.0,-109.0,149,217.0,49,0.0
34586,ES 06-26,1780078718668,1780078718732,Absorb,-1,7588.75,7588.25,2.0,205,198,1,0.3137254901960784,64.0,4062.5,260.0,6.0,92.0,176.0,84.0,0.520868911144851,111.0,-19.0,191,242.0,125,0.0
34587,ES 06-26,1780078808572,1780078808612,Absorb,-1,7590.5,7590.25,1.0,132,131,1,0.3053435114503817,40.0,6750.0,270.0,75.0,120.0,195.0,75.0,1.5175890802648537,115.0,5.0,129,193.0,93,0.0
34588,ES 06-26,1780078822220,1780078822224,Absorb,-1,7591.25,7590.5,3.0,147,144,1,0.0273972602739726,4.0,56750.0,227.0,8.0,197.0,212.0,15.0,1.5342390195619158,115.0,82.0,142,222.0,56,0.0
34589,ES 06-26,1780078971980,1780078972032,Absorb,-1,7592.5,7591.75,3.0,183,180,1,0.2857142857142857,52.0,5442.307692307692,283.0,12.0,223.0,253.0,30.0,1.488828883162454,143.0,80.0,177,276.0,91,0.0
34590,ES 06-26,1780078977248,1780078977252,Absorb,-1,7592.25,7592.25,0.0,59,59,1,0.06896551724137931,4.0,75250.0,301.0,121.0,-301.0,0.0,301.0,-4.118994739918176,-255.0,-46.0,58,289.0,59,0.0
34591,ES 06-26,1780079606500,1780079606596,Absorb,-1,7596.5,7596.0,2.0,227,220,1,0.4247787610619469,96.0,3125.0,300.0,9.0,-62.0,119.0,181.0,-0.11172643315434506,-93.0,31.0,213,284.0,144,0.0
34592,ES 06-26,1780080343892,1780080344016,Absorb,-1,7590.0,7589.0,4.0,259,256,1,0.4806201550387597,124.0,2475.8064516129034,307.0,8.0,-301.0,3.0,304.0,-1.1586029934867144,-146.0,-155.0,248,296.0,109,0.0
34593,ES 06-26,1780080344288,1780080344432,Predator,-1,7589.5,7587.75,7.0,290,283,1,0.4982698961937716,144.0,2597.2222222222226,374.0,10.0,-154.0,110.0,264.0,-0.8425727313990777,-1.0,-153.0,270,345.0,96,0.0
34594,ES 06-26,1780080344432,1780080344536,Absorb,-1,7588.25,7587.5,3.0,221,211,1,0.4727272727272727,104.0,2519.2307692307695,262.0,8.0,130.0,196.0,66.0,0.6547422370951783,47.0,83.0,200,240.0,109,0.0
34595,ES 06-26,1780080347652,1780080347748,Absorb,-1,7585.75,7585.25,2.0,141,138,1,0.6857142857142857,96.0,2156.25,207.0,8.0,-3.0,102.0,105.0,-0.372640095894516,-61.0,58.0,134,200.0,63,0.0
34596,ES 06-26,1780080354992,1780080355112,Predator,-1,7587.0,7585.75,5.0,224,222,1,0.5381165919282511,120.0,2391.666666666667,287.0,5.0,-175.0,56.0,231.0,-0.6131582319026265,-149.0,-26.0,214,275.0,81,0.0
34597,ES 06-26,1780080682588,1780080682636,Absorb,-1,7587.5,7587.0,2.0,148,146,1,0.32653061224489793,48.0,4437.5,213.0,8.0,-209.0,2.0,211.0,-1.4973365366462204,-102.0,-107.0,141,204.0,56,0.0
34598,ES 06-26,1780080687436,1780080687480,Absorb,-1,7587.0,7586.25,3.0,172,170,1,0.2573099415204678,44.0,4727.272727272728,208.0,5.0,-144.0,32.0,176.0,-0.9239770012475739,-107.0,-37.0,165,201.0,117,0.0
34599,ES 06-26,1780080689040,1780080689332,Absorb,-1,7586.0,7585.5,2.0,262,257,1,1.1187739463601531,292.0,1410.9589041095892,412.0,41.0,-176.0,118.0,294.0,-0.8704565373250448,-37.0,-139.0,251,399.0,152,0.0
34600,ES 06-26,1780080950716,1780080950720,Absorb,-1,7588.75,7588.5,1.0,117,116,1,0.034482758620689655,4.0,53750.0,215.0,11.0,215.0,215.0,0.0,2.0680363859791093,62.0,153.0,115,213.0,87,0.0
34601,ES 06-26,1780081414520,1780081414660,Absorb,-1,7588.75,7588.25,2.0,155,152,1,0.9090909090909091,140.0,1521.4285714285713,213.0,10.0,193.0,203.0,10.0,1.271483355354323,78.0,115.0,150,208.0,89,0.0
34602,ES 06-26,1780082366036,1780082366136,Absorb,-1,7591.0,7590.25,3.0,214,209,1,0.4694835680751174,100.0,3400.0,340.0,26.0,334.0,337.0,3.0,1.527997893905489,188.0,146.0,205,330.0,104,0.0
34603,ES 06-26,1780082953688,1780082953708,Absorb,-1,7599.0,7599.0,0.0,92,92,1,0.21978021978021978,20.0,10450.0,209.0,78.0,-209.0,0.0,209.0,-2.739600511690273,-60.0,-149.0,91,208.0,92,0.0
34604,ES 06-26,1780083115728,1780083115732,Absorb,-1,7602.0,7602.0,0.0,70,70,1,0.057971014492753624,4.0,53750.0,215.0,74.0,215.0,215.0,0.0,2.016813927040504,159.0,56.0,69,210.0,70,0.0
34605,ES 06-26,1780083260144,1780083260328,Absorb,-1,7602.5,7601.75,3.0,267,262,1,0.6917293233082706,184.0,2413.0434782608695,444.0,15.0,278.0,361.0,83.0,1.241905283080248,256.0,22.0,259,424.0,123,0.0
34606,ES 06-26,1780083260920,1780083260956,Absorb,-1,7602.25,7602.0,1.0,122,121,1,0.2975206611570248,36.0,6444.444444444445,232.0,12.0,-156.0,38.0,194.0,-1.6958439764590032,-101.0,-55.0,119,229.0,69,0.0
34607,ES 06-26,1780083269280,1780083269344,Absorb,-1,7603.0,7602.75,1.0,148,146,1,0.43537414965986393,64.0,3750.0,240.0,17.0,130.0,185.0,55.0,1.0660053972613897,94.0,36.0,143,233.0,103,0.0
34608,ES 06-26,1780083334012,1780083334028,Absorb,-1,7604.0,7604.0,0.0,114,114,1,0.1415929203539823,16.0,15687.5,251.0,32.0,251.0,251.0,0.0,2.495842530527936,173.0,78.0,113,250.0,114,0.0
34609,ES 06-26,1780083369092,1780083369172,Absorb,-1,7603.5,7603.0,2.0,118,118,1,0.6837606837606838,80.0,2687.5,215.0,19.0,-215.0,0.0,215.0,-1.8481953407177734,-129.0,-86.0,115,212.0,45,0.0
34610,ES 06-26,1780083563340,1780083563348,Absorb,-1,7604.5,7603.5,4.0,285,284,1,0.028169014084507043,8.0,63875.0,511.0,13.0,-509.0,1.0,510.0,-1.8766369286754758,-270.0,-239.0,279,503.0,86,0.0
34611,ES 06-26,1780083698668,1780083698672,Absorb,-1,7606.0,7605.75,1.0,63,59,1,0.06451612903225806,4.0,68750.0,275.0,50.0,263.0,269.0,6.0,4.8641513056835635,212.0,51.0,54,256.0,59,0.0
34612,ES 06-26,1780083739340,1780083739412,Absorb,-1,7604.75,7604.0,3.0,225,222,1,0.32142857142857145,72.0,4944.444444444445,356.0,17.0,-244.0,56.0,300.0,-1.2861599241466497,-163.0,-81.0,216,339.0,97,0.0
34613,ES 06-26,1780083900208,1780083900240,Absorb,-1,7602.75,7602.5,1.0,192,189,1,0.16753926701570682,32.0,13031.25,417.0,38.0,-143.0,137.0,280.0,-0.8133935111086997,-255.0,112.0,186,406.0,108,0.0
34614,ES 06-26,1780083973976,1780083973980,Absorb,-1,7602.5,7602.5,0.0,69,69,1,0.058823529411764705,4.0,58250.0,233.0,21.0,-233.0,0.0,233.0,-3.7014249177932044,-85.0,-148.0,68,231.0,69,0.0
34615,ES 06-26,1780083976516,1780083976520,Absorb,-1,7602.5,7602.25,1.0,80,77,1,0.05063291139240506,4.0,55250.0,221.0,51.0,-157.0,32.0,189.0,-2.6802625410220347,-163.0,6.0,73,213.0,54,0.0
34616,ES 06-26,1780084200016,1780084200064,Predator,-1,7603.5,7602.25,5.0,276,264,1,0.17454545454545456,48.0,9062.5,435.0,12.0,-225.0,105.0,330.0,-0.6108845478803099,-18.0,-207.0,247,385.0,113,0.0
34617,ES 06-26,1780084200064,1780084200112,Predator,-1,7602.75,7601.25,6.0,280,263,1,0.17204301075268819,48.0,7416.666666666666,356.0,19.0,-106.0,125.0,231.0,-0.45429834199780245,-76.0,-30.0,239,310.0,64,0.0
34618,ES 06-26,1780084200112,1780084200140,Predator,-1,7602.25,7601.0,5.0,358,338,1,0.0784313725490196,28.0,18678.571428571428,523.0,11.0,7.0,265.0,258.0,-0.26680832461211557,28.0,-21.0,319,465.0,103,0.0
34619,ES 06-26,1780084200140,1780084200428,Predator,-1,7603.5,7601.75,7.0,499,473,1,0.5783132530120482,288.0,2343.75,675.0,11.0,13.0,344.0,331.0,0.05387594466040515,-32.0,45.0,449,601.0,153,0.0
34620,ES 06-26,1780084201008,1780084201208,Absorb,-1,7603.25,7602.25,4.0,141,138,1,1.4285714285714286,200.0,1040.0,208.0,7.0,-64.0,72.0,136.0,-0.9727471210240164,-3.0,-61.0,132,199.0,44,0.0
34621,ES 06-26,1780084319932,1780084320164,Absorb,-1,7598.0,7597.0,4.0,308,304,1,0.755700325732899,232.0,1642.2413793103447,381.0,5.0,5.0,193.0,188.0,0.054246992689799683,183.0,-178.0,299,371.0,154,0.0
34622,ES 06-26,1780084370004,1780084370160,Absorb,-1,7598.0,7597.0,4.0,318,309,1,0.4921135646687697,156.0,2878.2051282051284,449.0,10.0,-9.0,220.0,229.0,0.05331952363635617,-183.0,174.0,298,412.0,104,0.0
34623,ES 06-26,1780084380004,1780084380188,Absorb,-1,7597.75,7597.25,2.0,226,218,1,0.8177777777777778,184.0,1614.1304347826087,297.0,8.0,-21.0,138.0,159.0,-0.2929679154808779,-23.0,2.0,210,278.0,149,0.0
34624,ES 06-26,1780084390004,1780084390148,Predator,-1,7599.0,7597.25,7.0,454,439,1,0.31788079470198677,144.0,4402.777777777778,634.0,20.0,316.0,475.0,159.0,0.5534007201189277,216.0,100.0,429,608.0,219,0.0
34625,ES 06-26,1780084410020,1780084410212,Absorb,-1,7598.25,7597.25,4.0,391,377,1,0.49230769230769234,192.0,2729.1666666666665,524.0,9.0,-132.0,196.0,328.0,0.03541998739295049,-1.0,-131.0,365,495.0,186,0.0
34626,ES 06-26,1780084420012,1780084420148,Absorb,-1,7598.25,7597.25,4.0,326,321,1,0.41846153846153844,136.0,3191.176470588235,434.0,9.0,52.0,243.0,191.0,0.02965792242316135,-15.0,67.0,312,417.0,148,0.0
34627,ES 06-26,1780084440028,1780084440128,Absorb,-1,7596.0,7595.25,3.0,351,341,1,0.2857142857142857,100.0,4620.0,462.0,10.0,-18.0,222.0,240.0,-0.02987040737040737,-139.0,121.0,328,430.0,205,0.0
34628,ES 06-26,1780084470008,1780084470148,Predator,-1,7597.25,7596.0,5.0,472,462,1,0.29723991507430997,140.0,4728.571428571428,662.0,22.0,-440.0,111.0,551.0,-0.9161307837975953,-297.0,-143.0,447,632.0,121,0.0
34629,ES 06-26,1780084479976,1780084480116,Absorb,-1,7596.25,7595.75,2.0,196,194,1,0.717948717948718,140.0,1735.7142857142856,243.0,5.0,73.0,158.0,85.0,0.5295595629895847,-45.0,118.0,193,240.0,94,0.0
34630,ES 06-26,1780084482644,1780084482728,Absorb,-1,7595.25,7595.0,1.0,71,70,1,1.2,84.0,3023.8095238095234,254.0,60.0,-178.0,38.0,216.0,-2.7875586854460095,-143.0,-35.0,69,251.0,43,0.0
34631,ES 06-26,1780084500992,1780084501180,Absorb,-1,7596.75,7595.75,4.0,243,236,1,0.7768595041322314,188.0,1638.2978723404256,308.0,5.0,36.0,172.0,136.0,0.2800993876503067,37.0,-1.0,230,289.0,107,0.0
34632,ES 06-26,1780084675992,1780084676144,Predator,-1,7595.75,7594.5,5.0,244,238,1,0.6255144032921811,152.0,2072.3684210526317,315.0,7.0,193.0,254.0,61.0,0.9977708387544453,147.0,46.0,234,305.0,100,0.0
34633,ES 06-26,1780084678076,1780084678212,Absorb,-1,7594.5,7594.25,1.0,147,145,1,0.9315068493150684,136.0,1558.8235294117646,212.0,9.0,-208.0,2.0,210.0,-1.3072935949648279,-107.0,-101.0,142,199.0,145,0.0
34634,ES 06-26,1780084692180,1780084692284,Absorb,-1,7595.25,7594.75,2.0,137,136,1,0.7647058823529411,104.0,2019.2307692307693,210.0,10.0,-208.0,1.0,209.0,-1.4804263819142383,-85.0,-123.0,133,206.0,79,0.0
34635,ES 06-26,1780084729784,1780084729832,Absorb,-1,7595.75,7595.75,0.0,138,138,1,0.35036496350364965,48.0,4687.5,225.0,16.0,-225.0,0.0,225.0,-1.6446097961364325,-146.0,-79.0,137,224.0,138,0.0
34636,ES 06-26,1780084738008,1780084738144,Absorb,-1,7594.75,7594.5,1.0,170,169,1,0.8047337278106509,136.0,2176.470588235294,296.0,16.0,292.0,294.0,2.0,1.612549996641447,175.0,117.0,167,293.0,168,0.0
34637,ES 06-26,1780084739004,1780084739168,Absorb,-1,7595.0,7594.75,1.0,168,165,1,0.9820359281437125,164.0,1652.4390243902437,271.0,11.0,-97.0,87.0,184.0,-0.8706994295432803,28.0,-125.0,162,259.0,162,0.0
34638,ES 06-26,1780084739968,1780084740224,Absorb,-1,7595.25,7594.5,3.0,579,570,1,0.4429065743944637,256.0,3582.03125,917.0,21.0,291.0,604.0,313.0,0.3514736948179728,141.0,150.0,562,895.0,393,0.0
34639,ES 06-26,1780084740280,1780084740548,Absorb,-1,7596.0,7595.25,3.0,263,258,1,1.0229007633587786,268.0,1287.3134328358208,345.0,7.0,323.0,334.0,11.0,1.2661557378563155,148.0,175.0,254,336.0,233,0.0
34640,ES 06-26,1780084741436,1780084741680,Absorb,-1,7596.5,7596.0,2.0,385,383,1,0.6354166666666666,244.0,2385.2459016393445,582.0,19.0,334.0,458.0,124.0,0.7075587948321109,300.0,34.0,379,571.0,231,0.0
34641,ES 06-26,1780084743712,1780084743900,Absorb,-1,7597.0,7596.75,1.0,138,135,1,1.3722627737226278,188.0,1351.063829787234,254.0,18.0,-112.0,71.0,183.0,-1.2706186685053735,-9.0,-103.0,132,247.0,134,0.0
34642,ES 06-26,1780084744008,1780084744256,Absorb,-1,7597.25,7596.75,2.0,226,224,1,1.1022222222222222,248.0,1673.3870967741937,415.0,14.0,107.0,261.0,154.0,0.5733354125245279,211.0,-104.0,222,411.0,220,0.0
34643,ES 06-26,1780084745512,1780084745640,Absorb,-1,7596.75,7596.25,2.0,89,87,1,1.4545454545454546,128.0,1867.1875,239.0,30.0,-229.0,5.0,234.0,-2.050119169220293,-153.0,-76.0,83,200.0,66,0.0
34644,ES 06-26,1780084745924,1780084745964,Absorb,-1,7596.5,7596.25,1.0,138,136,1,0.291970802919708,40.0,9025.0,361.0,34.0,-183.0,89.0,272.0,-1.7230980686729576,-195.0,12.0,134,357.0,96,0.0
34645,ES 06-26,1780084746484,1780084746604,Absorb,-1,7596.5,7596.25,1.0,89,88,1,1.3636363636363635,120.0,2508.3333333333335,301.0,61.0,-299.0,1.0,300.0,-3.3508852570650323,-227.0,-72.0,86,297.0,88,0.0
34646,ES 06-26,1780084747152,1780084747216,Absorb,-1,7596.0,7595.75,1.0,163,162,1,0.3950617283950617,64.0,5359.375,343.0,90.0,-341.0,1.0,342.0,-2.018341175231793,-210.0,-131.0,160,340.0,162,0.0
34647,ES 06-26,1780084748212,1780084748340,Absorb,1,7595.5,7595.0,2.0,115,110,1,1.1228070175438596,128.0,1875.0,240.0,28.0,-26.0,107.0,133.0,0.17642231515821036,62.0,-88.0,105,228.0,105,0.0
34648,ES 06-26,1780084749012,1780084749048,Absorb,-1,7595.5,7595.25,1.0,109,108,1,0.3333333333333333,36.0,6472.222222222223,233.0,18.0,233.0,233.0,0.0,2.1407561857103143,130.0,103.0,107,230.0,73,0.0
34649,ES 06-26,1780084750248,1780084750276,Absorb,1,7595.25,7595.0,1.0,84,83,1,0.3373493975903614,28.0,8464.285714285714,237.0,49.0,-235.0,1.0,236.0,-3.0415308291991496,-151.0,-84.0,82,231.0,83,0.0
34650,ES 06-26,1780084750744,1780084750844,Absorb,-1,7595.75,7595.25,2.0,155,153,1,0.6493506493506493,100.0,4700.0,470.0,33.0,470.0,470.0,0.0,3.147265637588218,212.0,258.0,152,467.0,109,0.0
34651,ES 06-26,1780084750932,1780084751156,Absorb,-1,7596.0,7595.5,2.0,176,171,1,1.28,224.0,1620.5357142857142,363.0,27.0,219.0,291.0,72.0,1.5837222099933965,-12.0,231.0,167,325.0,68,0.0
34652,ES 06-26,1780084752556,1780084752584,Absorb,-1,7595.0,7595.0,0.0,118,118,1,0.23931623931623933,28.0,13571.42857142857,380.0,41.0,-380.0,0.0,380.0,-3.3937710677491335,-198.0,-182.0,117,377.0,118,0.0
34653,ES 06-26,1780084753032,1780084753296,Absorb,-1,7595.5,7595.0,2.0,110,106,1,2.4220183486238533,264.0,1083.3333333333333,286.0,46.0,24.0,155.0,131.0,-0.5750783310416338,35.0,-11.0,102,264.0,94,0.0
34654,ES 06-26,1780084755000,1780084755064,Absorb,1,7595.75,7595.5,1.0,118,116,1,0.5470085470085471,64.0,5687.5,364.0,54.0,280.0,322.0,42.0,2.6071930727962633,225.0,55.0,114,357.0,106,0.0
34655,ES 06-26,1780084755312,1780084755372,Absorb,-1,7595.75,7595.5,1.0,75,74,1,0.8108108108108109,60.0,3450.0,207.0,36.0,-183.0,12.0,195.0,-2.8834139402560455,-144.0,-39.0,73,198.0,69,0.0
34656,ES 06-26,1780084755956,1780084756020,Absorb,-1,7595.75,7595.75,0.0,112,112,1,0.5765765765765766,64.0,3578.125,229.0,24.0,-229.0,0.0,229.0,-2.0009908770970717,-151.0,-78.0,111,228.0,112,0.0
34657,ES 06-26,1780084756744,1780084756860,Absorb,-1,7595.75,7595.5,1.0,79,78,1,1.4871794871794872,116.0,2241.3793103448274,260.0,76.0,-254.0,3.0,257.0,-3.5843476144109054,-158.0,-96.0,76,256.0,76,0.0
34658,ES 06-26,1780084757848,1780084758044,Absorb,-1,7596.0,7595.75,1.0,204,202,1,0.9655172413793104,196.0,1979.5918367346937,388.0,33.0,-384.0,2.0,386.0,-1.7721176611939982,-203.0,-181.0,199,383.0,202,0.0
34659,ES 06-26,1780084759532,1780084759608,Absorb,-1,7596.5,7596.25,1.0,84,83,1,0.9156626506024096,76.0,3157.8947368421054,240.0,28.0,-236.0,2.0,238.0,-3.0723802774121696,-169.0,-67.0,80,233.0,76,0.0
34660,ES 06-26,1780084759972,1780084760108,Absorb,-1,7596.5,7596.25,1.0,122,120,1,1.1239669421487604,136.0,2683.8235294117644,365.0,57.0,-329.0,18.0,347.0,-3.5370512951844058,-192.0,-137.0,116,358.0,109,0.0
34661,ES 06-26,1780084760188,1780084760292,Absorb,-1,7596.5,7596.25,1.0,94,92,1,1.118279569892473,104.0,2105.769230769231,219.0,40.0,-183.0,18.0,201.0,-2.21364014015822,-88.0,-95.0,89,213.0,83,0.0
34662,ES 06-26,1780084761024,1780084761060,Absorb,-1,7597.25,7597.0,1.0,109,108,1,0.3333333333333333,36.0,5916.666666666667,213.0,19.0,209.0,211.0,2.0,1.7972477064220183,81.0,128.0,106,209.0,65,0.0
34663,ES 06-26,1780084763004,1780084763156,Absorb,-1,7596.75,7596.0,3.0,168,168,1,0.9101796407185628,152.0,3776.315789473684,574.0,66.0,-574.0,0.0,574.0,-3.4912723158923065,-339.0,-235.0,164,547.0,48,0.0
34664,ES 06-26,1780084765952,1780084766176,Absorb,1,7596.0,7595.5,2.0,173,171,1,1.302325581395349,224.0,1808.0357142857142,405.0,30.0,317.0,361.0,44.0,1.8824902308893947,275.0,42.0,169,401.0,171,0.0
34665,ES 06-26,1780084767492,1780084767668,Absorb,-1,7596.25,7596.0,1.0,190,189,1,0.9312169312169312,176.0,2352.2727272727275,414.0,29.0,66.0,240.0,174.0,0.058873186456542756,227.0,-161.0,187,411.0,188,0.0
34666,ES 06-26,1780084767900,1780084768120,Absorb,-1,7596.0,7595.5,2.0,92,88,1,2.4175824175824174,220.0,1590.909090909091,350.0,150.0,-258.0,46.0,304.0,-3.6013285452275636,-262.0,4.0,83,333.0,64,0.0
34667,ES 06-26,1780084769024,1780084769104,Absorb,-1,7595.5,7595.25,1.0,166,163,1,0.48484848484848486,80.0,4212.5,337.0,36.0,-323.0,7.0,330.0,-1.8456112965744305,-186.0,-137.0,159,327.0,159,0.0
34668,ES 06-26,1780084769896,1780084769948,Absorb,-1,7595.5,7595.25,1.0,88,85,1,0.5977011494252874,52.0,3980.769230769231,207.0,17.0,-201.0,3.0,204.0,-2.3376422105596846,-100.0,-101.0,81,198.0,85,0.0
34669,ES 06-26,1780084770008,1780084770132,Absorb,-1,7595.5,7594.5,4.0,646,629,1,0.19224806201550387,124.0,13032.258064516129,1616.0,71.0,-562.0,527.0,1089.0,-1.1141769314068053,-193.0,-369.0,609,1528.0,321,0.0
34670,ES 06-26,1780084770920,1780084771156,Absorb,-1,7595.0,7594.5,2.0,120,113,1,1.9831932773109244,236.0,1665.2542372881358,393.0,37.0,269.0,331.0,62.0,3.038735328842281,117.0,152.0,107,360.0,67,0.0
34671,ES 06-26,1780084771232,1780084771500,Absorb,-1,7595.25,7594.5,3.0,181,175,1,1.488888888888889,268.0,1854.4776119402984,497.0,24.0,93.0,295.0,202.0,-0.5494849533523567,-2.0,95.0,169,447.0,116,0.0
34672,ES 06-26,1780084771772,1780084771864,Absorb,-1,7595.25,7595.25,0.0,100,100,1,0.9292929292929293,92.0,2847.826086956522,262.0,19.0,-262.0,0.0,262.0,-2.5393159315931593,-120.0,-142.0,99,252.0,100,0.0
34673,ES 06-26,1780084771944,1780084772040,Absorb,-1,7595.25,7594.75,2.0,223,219,1,0.43243243243243246,96.0,5114.583333333333,491.0,22.0,-291.0,100.0,391.0,-1.7568357515106394,-216.0,-75.0,213,464.0,168,0.0
34674,ES 06-26,1780084772204,1780084772304,Absorb,-1,7595.5,7594.75,3.0,460,447,1,0.2178649237472767,100.0,13480.0,1348.0,248.0,254.0,801.0,547.0,0.9450277051938069,-138.0,392.0,436,1057.0,301,0.0
34675,ES 06-26,1780084773580,1780084773628,Absorb,-1,7595.75,7595.75,0.0,116,116,1,0.41739130434782606,48.0,5083.333333333333,244.0,17.0,-244.0,0.0,244.0,-2.0095413831545765,-141.0,-103.0,115,240.0,116,0.0
34676,ES 06-26,1780084774016,1780084774120,Absorb,-1,7596.0,7595.75,1.0,122,118,1,0.859504132231405,104.0,2163.4615384615386,225.0,9.0,-125.0,50.0,175.0,-1.218177191933144,-67.0,-58.0,114,212.0,91,0.0
34677,ES 06-26,1780084774276,1780084774372,Absorb,-1,7596.0,7595.75,1.0,91,89,1,1.0666666666666667,96.0,2260.4166666666665,217.0,50.0,-195.0,11.0,206.0,-1.8740563784042046,-122.0,-73.0,87,161.0,83,0.0
34678,ES 06-26,1780084774492,1780084774612,Absorb,-1,7596.25,7595.75,2.0,162,159,1,0.7453416149068323,120.0,3041.666666666667,365.0,22.0,339.0,352.0,13.0,2.1714827657745768,154.0,185.0,156,354.0,115,0.0
34679,ES 06-26,1780084775020,1780084775116,Absorb,-1,7596.5,7596.0,2.0,106,103,1,0.9142857142857143,96.0,3052.0833333333335,293.0,22.0,-223.0,35.0,258.0,-2.5706375796659695,-143.0,-80.0,97,279.0,59,0.0
34680,ES 06-26,1780084775936,1780084776060,Absorb,-1,7596.5,7596.0,2.0,158,155,1,0.7898089171974523,124.0,3677.4193548387098,456.0,21.0,296.0,376.0,80.0,1.553595523907028,73.0,223.0,152,440.0,83,0.0
34681,ES 06-26,1780084776796,1780084776868,Absorb,-1,7597.0,7596.5,2.0,133,131,1,0.5454545454545454,72.0,4569.444444444444,329.0,35.0,31.0,180.0,149.0,0.0726221932034972,170.0,-139.0,127,306.0,127,0.0
34682,ES 06-26,1780084777436,1780084777732,Absorb,-1,7596.5,7596.25,1.0,178,175,1,1.6723163841807909,296.0,1418.918918918919,420.0,22.0,-46.0,187.0,233.0,-0.35703441430150573,150.0,-196.0,170,408.0,106,0.0
34683,ES 06-26,1780084778424,1780084778504,Absorb,-1,7596.75,7596.25,2.0,231,229,1,0.34782608695652173,80.0,11387.5,911.0,319.0,-701.0,105.0,806.0,-3.4854679802955664,-269.0,-432.0,227,903.0,182,0.0
34684,ES 06-26,1780084778568,1780084778776,Absorb,-1,7596.75,7596.25,2.0,67,65,1,3.1515151515151514,208.0,1567.3076923076924,326.0,124.0,-242.0,42.0,284.0,-4.715260595418629,-69.0,-173.0,61,176.0,58,0.0
34685,ES 06-26,1780084781800,1780084781856,Absorb,-1,7597.0,7596.5,2.0,169,167,1,0.3333333333333333,56.0,9339.285714285714,523.0,68.0,511.0,517.0,6.0,2.857863855601412,349.0,162.0,165,510.0,151,0.0
34686,ES 06-26,1780084782128,1780084782324,Absorb,1,7597.0,7596.75,1.0,88,83,1,2.2528735632183907,196.0,1428.5714285714284,280.0,28.0,-188.0,46.0,234.0,-2.569810855552816,-27.0,-161.0,78,267.0,74,0.0
34687,ES 06-26,1780084783432,1780084783512,Absorb,-1,7596.75,7596.5,1.0,98,97,1,0.8247422680412371,80.0,3875.0,310.0,47.0,-250.0,30.0,280.0,-3.0428883830945685,-156.0,-94.0,95,303.0,83,0.0
34688,ES 06-26,1780084783624,1780084783924,Absorb,-1,7597.0,7596.75,1.0,120,117,1,2.5210084033613445,300.0,1003.3333333333334,301.0,53.0,65.0,183.0,118.0,0.1943155774706577,147.0,-82.0,114,292.0,113,0.0
34689,ES 06-26,1780084786432,1780084786648,Absorb,-1,7596.0,7595.75,1.0,280,272,1,0.7741935483870968,216.0,3319.4444444444443,717.0,33.0,-643.0,37.0,680.0,-2.4664193056398314,-334.0,-309.0,264,680.0,257,0.0
34690,ES 06-26,1780084786700,1780084786828,Absorb,-1,7596.0,7595.5,2.0,81,78,1,1.6,128.0,1851.5625,237.0,24.0,-227.0,5.0,232.0,-2.8513775971093045,-89.0,-138.0,72,214.0,60,0.0
34691,ES 06-26,1780084788220,1780084788468,Absorb,-1,7596.0,7595.75,1.0,197,194,1,1.2653061224489797,248.0,1483.8709677419356,368.0,10.0,256.0,312.0,56.0,1.5189845204348467,145.0,111.0,191,361.0,123,0.0
34692,ES 06-26,1780084788528,1780084788752,Absorb,-1,7596.25,7595.75,2.0,81,79,1,2.8,224.0,1339.2857142857142,300.0,35.0,-38.0,131.0,169.0,-0.48714995483288165,105.0,-143.0,77,295.0,74,0.0
34693,ES 06-26,1780084788852,1780084789096,Absorb,-1,7596.0,7595.0,4.0,320,313,1,0.7648902821316614,244.0,4831.9672131147545,1179.0,184.0,-985.0,97.0,1082.0,-3.4112534057949784,-393.0,-592.0,303,1146.0,106,0.0
34694,ES 06-26,1780084792424,1780084792512,Absorb,-1,7596.75,7596.5,1.0,41,41,1,2.2,88.0,5113.636363636364,450.0,169.0,-450.0,0.0,450.0,-14.017247386759582,-353.0,-97.0,39,448.0,39,0.0
34695,ES 06-26,1780084792616,1780084792836,Absorb,-1,7596.75,7596.5,1.0,93,89,1,2.391304347826087,220.0,1540.909090909091,339.0,36.0,-289.0,25.0,314.0,-3.616499060010146,-168.0,-121.0,84,311.0,84,0.0
34696,ES 06-26,1780084794004,1780084794304,Absorb,-1,7598.5,7597.5,4.0,528,513,1,0.5692599620493358,300.0,4663.333333333334,1399.0,112.0,341.0,870.0,529.0,0.8474539337047095,119.0,222.0,498,1309.0,234,0.0
34697,ES 06-26,1780084796428,1780084796576,Absorb,-1,7597.0,7596.5,2.0,166,161,1,0.896969696969697,148.0,3108.1081081081084,460.0,16.0,-324.0,68.0,392.0,-1.702132208747893,-198.0,-126.0,153,425.0,126,0.0
34698,ES 06-26,1780084799532,1780084799592,Absorb,-1,7594.5,7593.5,4.0,1008,950,1,0.05958291956305859,60.0,82833.33333333334,4970.0,49.0,-254.0,2358.0,2612.0,-0.5884106513736517,-65.0,-189.0,891,4270.0,345,0.0
34699,ES 06-26,1780084799592,1780084799636,Predator,-1,7594.5,7593.0,6.0,726,704,1,0.060689655172413794,44.0,80454.54545454546,3540.0,214.0,-670.0,1435.0,2105.0,-2.0336348858094513,-343.0,-327.0,681,3086.0,139,0.0
34700,ES 06-26,1780084799636,1780084799648,Predator,-1,7595.0,7593.25,7.0,312,293,1,0.03858520900321544,12.0,112416.66666666667,1349.0,48.0,889.0,1119.0,230.0,3.194077603462459,861.0,28.0,280,1212.0,105,0.0
34701,ES 06-26,1780084800020,1780084800124,Predator,-1,7595.25,7593.5,7.0,907,845,1,0.11479028697571744,104.0,34538.46153846154,3592.0,77.0,-1036.0,1278.0,2314.0,-0.9964047527827876,-889.0,-147.0,773,3016.0,315,0.0
34702,ES 06-26,1780084800124,1780084800148,Absorb,-1,7595.0,7594.0,4.0,175,164,1,0.13793103448275862,24.0,36958.333333333336,887.0,68.0,805.0,846.0,41.0,4.161244961934617,274.0,531.0,157,812.0,60,0.0
34703,ES 06-26,1780084800148,1780084800276,Predator,-1,7595.75,7594.5,5.0,440,419,1,0.29157175398633256,128.0,11898.4375,1523.0,57.0,285.0,904.0,619.0,0.8375816178614747,48.0,237.0,400,1345.0,166,0.0
34704,ES 06-26,1780084800716,1780084800792,Absorb,-1,7595.5,7595.0,2.0,73,71,1,1.0555555555555556,76.0,4315.789473684211,328.0,50.0,-22.0,153.0,175.0,-1.0375169690238184,12.0,-34.0,66,313.0,36,0.0
34705,ES 06-26,1780084800884,1780084800968,Absorb,-1,7595.75,7595.0,3.0,140,136,1,0.60431654676259,84.0,3095.238095238095,260.0,19.0,222.0,241.0,19.0,1.86435896875205,149.0,73.0,131,232.0,88,0.0
34706,ES 06-26,1780084802208,1780084802376,Absorb,1,7596.75,7596.0,3.0,145,140,1,1.1666666666666667,168.0,2023.8095238095236,340.0,40.0,-152.0,94.0,246.0,-1.7439930719571721,-28.0,-124.0,136,325.0,65,0.0
34707,ES 06-26,1780084803968,1780084804120,Absorb,-1,7597.0,7596.0,4.0,218,211,1,0.7004608294930875,152.0,3743.421052631579,569.0,25.0,-273.0,148.0,421.0,-1.3076866498442956,-97.0,-176.0,202,539.0,75,0.0
34708,ES 06-26,1780084804424,1780084804432,Absorb,-1,7596.75,7596.0,3.0,90,88,1,0.0898876404494382,8.0,47625.0,381.0,100.0,39.0,210.0,171.0,-0.6597604642548462,195.0,-156.0,84,358.0,38,0.0
34709,ES 06-26,1780084805000,1780084805108,Absorb,-1,7597.5,7597.0,2.0,84,81,1,1.3012048192771084,108.0,2305.5555555555557,249.0,25.0,225.0,237.0,12.0,2.581715095676825,158.0,67.0,78,239.0,70,0.0
34710,ES 06-26,1780084806356,1780084806372,Absorb,-1,7597.0,7596.75,1.0,68,68,1,0.23880597014925373,16.0,14937.5,239.0,61.0,-239.0,0.0,239.0,-3.0271214261174944,-65.0,-174.0,66,234.0,40,0.0
34711,ES 06-26,1780084807432,1780084807548,Absorb,-1,7597.25,7596.25,4.0,214,211,1,0.5446009389671361,116.0,5181.0344827586205,601.0,159.0,-507.0,47.0,554.0,-2.792986215488978,-232.0,-275.0,204,586.0,107,0.0
34712,ES 06-26,1780084809444,1780084809464,Absorb,-1,7596.0,7595.75,1.0,52,51,1,0.39215686274509803,20.0,11950.0,239.0,122.0,-233.0,3.0,236.0,-5.523606249466405,-171.0,-62.0,49,235.0,49,0.0
34713,ES 06-26,1780084811444,1780084811608,Absorb,-1,7595.25,7594.75,2.0,160,160,1,1.0314465408805031,164.0,2207.3170731707314,362.0,50.0,-362.0,0.0,362.0,-1.9765440056252197,-212.0,-150.0,157,357.0,78,0.0
34714,ES 06-26,1780084811684,1780084811688,Absorb,-1,7595.25,7594.75,2.0,67,64,1,0.06060606060606061,4.0,53500.0,214.0,50.0,154.0,184.0,30.0,3.1160507622316227,82.0,72.0,62,199.0,30,0.0
34715,ES 06-26,1780084817428,1780084817476,Absorb,-1,7594.5,7594.25,1.0,100,99,1,0.48484848484848486,48.0,5791.666666666667,278.0,40.0,102.0,190.0,88.0,1.101080108010801,168.0,-66.0,96,270.0,51,0.0
34716,ES 06-26,1780084819428,1780084819584,Absorb,-1,7594.25,7593.25,4.0,141,136,1,1.1142857142857143,156.0,2243.5897435897436,350.0,28.0,220.0,285.0,65.0,1.5937839804786165,91.0,129.0,133,335.0,56,0.0
34717,ES 06-26,1780084865444,1780084865524,Absorb,-1,7597.5,7596.75,3.0,190,188,1,0.42328042328042326,80.0,3912.5,313.0,15.0,-269.0,22.0,291.0,-1.5392092797438623,-146.0,-123.0,182,300.0,95,0.0
34718,ES 06-26,1780084963740,1780084963756,Absorb,-1,7597.25,7597.0,1.0,108,108,1,0.14953271028037382,16.0,15625.0,250.0,15.0,-250.0,0.0,250.0,-2.5913239399049224,-139.0,-111.0,106,246.0,79,0.0
34719,ES 06-26,1780279116336,1780279116356,Absorb,-1,7613.75,7613.0,3.0,90,86,1,0.2247191011235955,20.0,10850.0,217.0,109.0,51.0,134.0,83.0,0.5765650080256822,-52.0,103.0,81,99.0,46,0.0
34720,ES 06-26,1780299679176,1780299679356,Predator,-1,7610.0,7607.75,9.0,402,396,1,0.4488778054862843,180.0,2611.1111111111113,470.0,7.0,-376.0,47.0,423.0,-1.0631966064616984,-236.0,-140.0,381,449.0,224,0.0
34721,ES 06-26,1780303262320,1780303262452,Absorb,-1,7608.75,7608.0,3.0,244,240,1,0.5432098765432098,132.0,4015.151515151515,530.0,201.0,324.0,427.0,103.0,1.2085159989921894,-13.0,337.0,234,305.0,175,0.0
34722,ES 06-26,1780303608412,1780303608552,Absorb,-1,7609.25,7608.5,3.0,151,146,1,0.9333333333333333,140.0,2064.285714285714,289.0,127.0,-181.0,54.0,235.0,-1.1803659811781109,-147.0,-34.0,137,148.0,61,0.0
34723,ES 06-26,1780304562724,1780304562736,Absorb,-1,7616.0,7615.5,2.0,123,120,1,0.09836065573770492,12.0,31916.666666666664,383.0,68.0,87.0,235.0,148.0,1.2751995975803228,-5.0,92.0,117,307.0,51,0.0
34724,ES 06-26,1780313996036,1780313996196,Absorb,-1,7621.75,7621.0,3.0,159,156,1,1.0126582278481013,160.0,1400.0,224.0,10.0,130.0,177.0,47.0,1.1180857415810843,130.0,0.0,154,219.0,82,0.0
34725,ES 06-26,1780314000220,1780314000264,Predator,-1,7623.0,7621.75,5.0,172,165,1,0.2573099415204678,44.0,6136.363636363637,270.0,17.0,134.0,202.0,68.0,1.051873365359898,124.0,10.0,159,256.0,40,0.0
34726,ES 06-26,1780316326696,1780316326736,Predator,-1,7609.0,7607.5,6.0,183,175,1,0.21978021978021978,40.0,6450.0,258.0,5.0,120.0,189.0,69.0,0.875854722611672,143.0,-23.0,170,244.0,80,0.0
34727,ES 06-26,1780319457100,1780319457148,Absorb,-1,7608.75,7607.75,4.0,149,147,1,0.32432432432432434,48.0,4291.666666666667,206.0,5.0,-40.0,83.0,123.0,-0.33863232359876655,-105.0,65.0,141,193.0,87,0.0
34728,ES 06-26,1780319459464,1780319459608,Predator,-1,7605.75,7604.0,7.0,329,318,1,0.43902439024390244,144.0,2958.3333333333335,426.0,6.0,-126.0,150.0,276.0,-0.2572206983468011,-176.0,50.0,302,390.0,86,0.0
34729,ES 06-26,1780319462220,1780319462292,Absorb,-1,7604.0,7603.5,2.0,112,111,1,0.6486486486486487,72.0,3444.444444444445,248.0,38.0,-132.0,58.0,190.0,-1.4692400997710733,-109.0,-23.0,108,233.0,57,0.0
34730,ES 06-26,1780319462412,1780319462504,Predator,-1,7603.75,7602.5,5.0,234,225,1,0.3948497854077253,92.0,3195.6521739130435,294.0,10.0,-8.0,143.0,151.0,-0.04820821889582733,-82.0,74.0,212,267.0,92,0.0
34731,ES 06-26,1780319477688,1780319477728,Absorb,-1,7600.25,7599.75,2.0,191,188,1,0.21052631578947367,40.0,7875.0,315.0,23.0,-79.0,118.0,197.0,-0.4578792367043263,-187.0,108.0,184,299.0,87,0.0
34732,ES 06-26,1780319481048,1780319481240,Predator,-1,7600.5,7598.75,7.0,334,321,1,0.5765765765765766,192.0,2645.8333333333335,508.0,25.0,-278.0,115.0,393.0,-0.9341360844265483,-120.0,-158.0,302,446.0,87,0.0
34733,ES 06-26,1780319481548,1780319481740,Predator,-1,7599.5,7597.5,8.0,257,250,1,0.75,192.0,1572.9166666666667,302.0,9.0,-52.0,125.0,177.0,-0.42416056804814045,-121.0,69.0,235,275.0,85,0.0
34734,ES 06-26,1780319484936,1780319485136,Absorb,-1,7597.75,7597.0,3.0,161,159,1,1.25,200.0,1165.0,233.0,25.0,-71.0,81.0,152.0,-0.6537784679089027,-136.0,65.0,154,225.0,96,0.0
34735,ES 06-26,1780319488232,1780319488496,Predator,-1,7598.25,7597.0,5.0,414,393,1,0.639225181598063,264.0,1950.7575757575758,515.0,7.0,187.0,351.0,164.0,0.47977445099906946,122.0,65.0,375,471.0,184,0.0
34736,ES 06-26,1780319514380,1780319514584,Predator,-1,7594.0,7592.75,5.0,229,218,1,0.8947368421052632,204.0,1377.450980392157,281.0,4.0,-45.0,118.0,163.0,-0.2749233059866298,56.0,-101.0,204,251.0,69,0.0
34737,ES 06-26,1780319531048,1780319531328,Predator,-1,7590.5,7589.0,6.0,239,227,1,1.1764705882352942,280.0,1007.142857142857,282.0,6.0,-118.0,82.0,200.0,-0.5659593544530783,-79.0,-39.0,210,249.0,82,0.0
34738,ES 06-26,1780319531568,1780319531752,Absorb,-1,7590.25,7589.5,3.0,209,205,1,0.8846153846153846,184.0,4722.826086956522,869.0,468.0,551.0,710.0,159.0,3.8635653819864344,167.0,384.0,199,388.0,115,0.0
34739,ES 06-26,1780319533060,1780319533176,Predator,-1,7591.25,7590.0,5.0,195,186,1,0.5979381443298969,116.0,1853.4482758620688,215.0,3.0,85.0,150.0,65.0,0.2253896324588519,107.0,-22.0,182,202.0,73,0.0
34740,ES 06-26,1780319536176,1780319536264,Predator,-1,7591.5,7590.0,6.0,210,202,1,0.42105263157894735,88.0,3318.1818181818185,292.0,22.0,162.0,227.0,65.0,0.8553877153029061,127.0,35.0,197,275.0,71,0.0
34741,ES 06-26,1780319550308,1780319550524,Predator,-1,7588.75,7586.25,10.0,157,153,1,1.3846153846153846,216.0,1138.888888888889,246.0,15.0,-224.0,11.0,235.0,-1.4991999454226335,-103.0,-121.0,139,228.0,20,0.0
34742,ES 06-26,1780319550524,1780319550668,Absorb,-1,7587.5,7586.75,3.0,192,182,1,0.7539267015706806,144.0,1701.388888888889,245.0,7.0,57.0,151.0,94.0,0.5166800043403955,55.0,2.0,171,219.0,82,0.0
34743,ES 06-26,1780319568376,1780319568480,Absorb,-1,7585.25,7584.25,4.0,151,148,1,0.6933333333333334,104.0,1961.5384615384617,204.0,12.0,-148.0,28.0,176.0,-1.1064447542697804,-100.0,-48.0,139,186.0,82,0.0
34744,ES 06-26,1780319685060,1780319685124,Predator,1,7589.5,7588.25,5.0,161,154,1,0.4,64.0,3406.25,218.0,8.0,48.0,133.0,85.0,0.35108120542903154,122.0,-74.0,145,193.0,57,0.0
34745,ES 06-26,1780319705584,1780319705668,Absorb,-1,7588.75,7588.25,2.0,100,97,1,0.8484848484848485,84.0,2595.238095238095,218.0,33.0,-46.0,86.0,132.0,-0.7876387638763876,69.0,-115.0,92,209.0,36,0.0
34746,ES 06-26,1780319789820,1780319790084,Predator,-1,7588.75,7587.5,5.0,192,185,1,1.382198952879581,264.0,1223.4848484848485,323.0,47.0,-173.0,75.0,248.0,-0.9011508829992133,-204.0,31.0,174,298.0,108,0.0
34747,ES 06-26,1780319801716,1780319802008,Predator,-1,7590.0,7588.25,7.0,192,186,1,1.5287958115183247,292.0,859.5890410958905,251.0,5.0,-123.0,64.0,187.0,-0.8690760383039905,-123.0,0.0,177,235.0,61,0.0
34748,ES 06-26,1780319827424,1780319827428,Predator,-1,7596.0,7593.75,9.0,219,209,1,0.01834862385321101,4.0,77500.0,310.0,14.0,308.0,309.0,1.0,1.4367772230283227,169.0,139.0,207,294.0,40,0.0
34749,ES 06-26,1780319827428,1780319827656,Predator,-1,7596.0,7594.5,6.0,319,304,1,0.7169811320754716,228.0,1631.578947368421,372.0,6.0,-118.0,127.0,245.0,-0.6535421718814692,-97.0,-21.0,285,331.0,154,0.0
34750,ES 06-26,1780319948912,1780319949096,Predator,-1,7593.0,7591.25,7.0,369,358,1,0.5,184.0,2619.5652173913045,482.0,9.0,-332.0,75.0,407.0,-0.7062012171238046,-138.0,-194.0,338,439.0,111,0.0
34751,ES 06-26,1780319949504,1780319949608,Predator,-1,7591.75,7590.25,6.0,251,245,1,0.416,104.0,2961.538461538462,308.0,5.0,-78.0,115.0,193.0,-0.28666059571238856,-95.0,17.0,234,286.0,73,0.0
34752,ES 06-26,1780320060820,1780320060900,Predator,-1,7586.75,7585.25,6.0,164,162,1,0.49079754601226994,80.0,3037.5,243.0,10.0,-183.0,30.0,213.0,-1.44314202930094,-117.0,-66.0,155,226.0,44,0.0
34753,ES 06-26,1780320103704,1780320103896,Absorb,-1,7583.75,7582.75,4.0,141,135,1,1.3714285714285714,192.0,1072.9166666666667,206.0,30.0,34.0,120.0,86.0,-0.030369450747035405,114.0,-80.0,130,162.0,70,0.0
34754,ES 06-26,1780320246308,1780320246348,Absorb,-1,7582.5,7581.75,3.0,73,72,1,0.5555555555555556,40.0,5700.0,228.0,77.0,92.0,160.0,68.0,1.0134826607429348,-42.0,134.0,68,218.0,44,0.0
34755,ES 06-26,1780320303504,1780320303788,Absorb,-1,7578.5,7578.0,2.0,110,106,1,2.6055045871559632,284.0,862.6760563380283,245.0,23.0,-217.0,14.0,231.0,-1.9094515700020287,-178.0,-39.0,101,234.0,70,0.0
34756,ES 06-26,1780320480016,1780320480212,Predator,1,7580.0,7578.5,6.0,232,227,1,0.8484848484848485,196.0,1448.9795918367347,284.0,4.0,186.0,235.0,49.0,0.9773097259407753,53.0,133.0,217,262.0,55,0.0
34757,ES 06-26,1780320600316,1780320600548,Predator,-1,7585.25,7583.75,6.0,262,247,1,0.8888888888888888,232.0,1875.0,435.0,35.0,251.0,343.0,92.0,1.1076262147566684,89.0,162.0,237,404.0,68,0.0
34758,ES 06-26,1780320869016,1780320869228,Predator,-1,7587.75,7586.5,5.0,158,157,1,1.3503184713375795,212.0,990.5660377358491,210.0,6.0,-208.0,1.0,209.0,-1.334658839386089,-112.0,-96.0,150,200.0,50,0.0
34759,ES 06-26,1780320900332,1780320900384,Predator,-1,7586.0,7584.5,6.0,173,164,1,0.3023255813953488,52.0,4346.153846153847,226.0,7.0,-142.0,42.0,184.0,-1.0073100296202215,-104.0,-38.0,150,194.0,54,0.0
34760,ES 06-26,1780320939320,1780320939452,Predator,-1,7590.0,7587.75,9.0,378,365,1,0.35013262599469497,132.0,8871.21212121212,1171.0,191.0,35.0,603.0,568.0,0.5996869011153426,-467.0,502.0,344,1085.0,135,0.0
34761,ES 06-26,1780320964228,1780320964336,Absorb,-1,7592.0,7591.25,3.0,130,127,1,0.8372093023255814,108.0,2166.6666666666665,234.0,25.0,172.0,203.0,31.0,1.5926941512242418,110.0,62.0,125,225.0,52,0.0
34762,ES 06-26,1780321002756,1780321002764,Predator,-1,7589.25,7587.0,9.0,285,275,1,0.028169014084507043,8.0,60625.0,485.0,19.0,-271.0,107.0,378.0,-0.9552141705588704,-199.0,-72.0,257,430.0,48,0.0
34763,ES 06-26,1780321009740,1780321009772,Predator,-1,7589.75,7586.75,12.0,233,219,1,0.13793103448275862,32.0,11187.5,358.0,8.0,332.0,345.0,13.0,1.6358581603882774,150.0,182.0,215,329.0,32,0.0
34764,ES 06-26,1780321009772,1780321009868,Predator,-1,7589.5,7587.75,7.0,232,218,1,0.4155844155844156,96.0,2739.5833333333335,263.0,4.0,-107.0,78.0,185.0,-0.5111457286238994,-28.0,-79.0,201,228.0,95,0.0
34765,ES 06-26,1780321204028,1780321204144,Predator,-1,7592.0,7590.5,6.0,160,154,1,0.7295597484276729,116.0,2017.2413793103447,234.0,8.0,-178.0,28.0,206.0,-1.1809709363647019,-87.0,-91.0,143,212.0,43,0.0
34766,ES 06-26,1780321204144,1780321204260,Predator,-1,7590.75,7589.25,6.0,490,466,1,0.23721881390593047,116.0,5206.896551724138,604.0,8.0,-2.0,301.0,303.0,0.011393565460370046,-204.0,202.0,435,542.0,161,0.0
34767,ES 06-26,1780321686624,1780321686632,Predator,-1,7595.25,7594.0,5.0,187,186,1,0.043010752688172046,8.0,62625.0,501.0,184.0,-499.0,1.0,500.0,-1.5425330049658847,-128.0,-371.0,180,491.0,47,0.0
34768,ES 06-26,1780321763112,1780321763252,Predator,-1,7592.5,7591.25,5.0,205,204,1,0.6862745098039216,140.0,1814.2857142857142,254.0,5.0,-206.0,24.0,230.0,-1.1706230586006603,-129.0,-77.0,198,246.0,80,0.0
34769,ES 06-26,1780321835000,1780321835048,Absorb,-1,7596.0,7595.5,2.0,152,148,1,0.31788079470198677,48.0,4687.5,225.0,10.0,97.0,161.0,64.0,0.8173818847859813,107.0,-10.0,145,216.0,75,0.0
34770,ES 06-26,1780321906552,1780321906672,Predator,-1,7594.0,7592.5,6.0,175,175,1,0.6896551724137931,120.0,1875.0,225.0,6.0,-225.0,0.0,225.0,-1.282536945812808,-122.0,-103.0,168,217.0,60,0.0
34771,ES 06-26,1780321916484,1780321916548,Predator,-1,7593.5,7590.75,11.0,172,160,1,0.3742690058479532,64.0,4656.25,298.0,8.0,296.0,297.0,1.0,1.824337359058353,150.0,146.0,158,280.0,22,0.0
34772,ES 06-26,1780321916548,1780321916816,Predator,1,7593.25,7591.75,6.0,375,357,1,0.7165775401069518,268.0,1690.2985074626865,453.0,5.0,-327.0,63.0,390.0,-1.0087905336215723,-161.0,-166.0,340,404.0,249,0.0
34773,ES 06-26,1780322007984,1780322008164,Predator,-1,7592.75,7591.25,6.0,245,238,1,0.7377049180327869,180.0,2027.7777777777778,365.0,61.0,235.0,300.0,65.0,0.9805147328823572,119.0,116.0,235,352.0,71,0.0
34774,ES 06-26,1780322317620,1780322317648,Predator,-1,7588.25,7585.0,13.0,388,384,1,0.07235142118863049,28.0,20535.714285714286,575.0,39.0,-535.0,20.0,555.0,-1.5415230884815525,-254.0,-281.0,367,553.0,40,0.0
34775,ES 06-26,1780322317648,1780322317776,Predator,-1,7587.75,7586.0,7.0,188,174,1,0.6844919786096256,128.0,1640.625,210.0,5.0,110.0,160.0,50.0,0.7643311354199965,32.0,78.0,161,180.0,59,0.0
34776,ES 06-26,1780322339964,1780322339996,Predator,-1,7586.5,7583.25,13.0,274,272,1,0.11721611721611722,32.0,17000.0,544.0,37.0,-534.0,5.0,539.0,-2.10507682098923,-221.0,-313.0,258,524.0,32,0.0
34777,ES 06-26,1780322339996,1780322340116,Predator,1,7586.25,7583.75,10.0,183,172,1,0.6593406593406593,120.0,1908.3333333333335,229.0,5.0,117.0,173.0,56.0,0.6545354146922215,21.0,96.0,157,195.0,52,0.0
34778,ES 06-26,1780322356372,1780322356476,Absorb,-1,7585.0,7584.5,2.0,221,213,1,0.4727272727272727,104.0,2384.6153846153848,248.0,8.0,-62.0,93.0,155.0,-0.5244922009627891,-54.0,-8.0,205,224.0,136,0.0
34779,ES 06-26,1780322484812,1780322484940,Predator,-1,7589.0,7587.75,5.0,266,251,1,0.4830188679245283,128.0,2726.5625,349.0,23.0,115.0,232.0,117.0,0.5609363667808487,130.0,-15.0,239,317.0,113,0.0
34780,ES 06-26,1780322598400,1780322598424,Predator,-1,7588.0,7585.25,11.0,359,352,1,0.0670391061452514,24.0,23041.666666666668,553.0,99.0,-497.0,28.0,525.0,-1.458011857892034,-230.0,-267.0,333,523.0,54,0.0
34781,ES 06-26,1780322633312,1780322633480,Predator,-1,7585.0,7583.75,5.0,403,377,1,0.417910447761194,168.0,3261.904761904762,548.0,17.0,-108.0,220.0,328.0,-0.2379422324292353,-157.0,49.0,347,477.0,156,0.0
34782,ES 06-26,1780322656304,1780322656456,Predator,-1,7585.5,7583.0,10.0,487,476,1,0.31275720164609055,152.0,5203.9473684210525,791.0,42.0,-287.0,252.0,539.0,-0.9154003898985441,-375.0,88.0,456,712.0,189,0.0
34783,ES 06-26,1780322676288,1780322676292,Predator,-1,7585.25,7582.5,11.0,300,296,1,0.013377926421404682,4.0,140750.0,563.0,41.0,-519.0,22.0,541.0,-1.8473274147490528,-209.0,-310.0,279,517.0,37,0.0
34784,ES 06-26,1780322684768,1780322684944,Predator,-1,7584.75,7583.5,5.0,171,170,1,1.035294117647059,176.0,1261.3636363636365,222.0,9.0,-176.0,23.0,199.0,-1.2575563395492837,-103.0,-73.0,164,213.0,51,0.0
34785,ES 06-26,1780322776488,1780322776724,Predator,1,7586.75,7583.75,12.0,545,523,1,0.4338235294117647,236.0,3004.237288135593,709.0,10.0,-625.0,42.0,667.0,-1.1683777568896296,-358.0,-267.0,509,666.0,174,0.0
34786,ES 06-26,1780322791512,1780322791512,Predator,-1,7585.25,7583.25,8.0,220,219,1,0.0,0.0,508000.0,508.0,165.0,-506.0,1.0,507.0,-2.345447783481627,-145.0,-361.0,210,493.0,30,0.0
34787,ES 06-26,1780322973596,1780322973636,Absorb,-1,7592.0,7592.0,0.0,50,50,1,0.8163265306122449,40.0,5425.0,217.0,27.0,-217.0,0.0,217.0,-3.7506842737094837,-179.0,-38.0,49,207.0,50,0.0
34788,ES 06-26,1780323025192,1780323025316,Absorb,-1,7591.5,7590.5,4.0,171,169,1,0.7294117647058823,124.0,1967.741935483871,244.0,12.0,-230.0,7.0,237.0,-1.3938008495932033,-137.0,-93.0,162,233.0,97,0.0
34789,ES 06-26,1780323026044,1780323026056,Absorb,-1,7590.75,7590.5,1.0,80,78,1,0.1518987341772152,12.0,20250.0,243.0,112.0,-17.0,113.0,130.0,-0.7355250820440694,-55.0,38.0,76,128.0,78,0.0
34790,ES 06-26,1780323033136,1780323033252,Absorb,-1,7587.75,7586.75,4.0,233,223,1,0.5,116.0,3586.2068965517237,416.0,59.0,-210.0,103.0,313.0,-0.8837321600012144,-222.0,12.0,211,391.0,97,0.0
34791,ES 06-26,1780323119468,1780323119480,Predator,-1,7588.0,7583.5,18.0,662,661,1,0.018154311649016642,12.0,89666.66666666667,1076.0,150.0,-1074.0,1.0,1075.0,-1.7100132192934967,-468.0,-606.0,642,1035.0,63,0.0
34792,ES 06-26,1780323119484,1780323119764,Absorb,-1,7586.5,7585.5,4.0,385,366,1,0.7291666666666666,280.0,1571.4285714285713,440.0,5.0,-60.0,190.0,250.0,-0.4275883604737232,-124.0,64.0,345,392.0,212,0.0
34793,ES 06-26,1780323139444,1780323139588,Predator,-1,7586.25,7585.0,5.0,168,158,1,0.8622754491017964,144.0,1472.2222222222224,212.0,4.0,156.0,184.0,28.0,0.8623627639058317,108.0,48.0,152,196.0,57,0.0
34794,ES 06-26,1780323405220,1780323405492,Absorb,-1,7594.0,7593.25,3.0,189,178,1,1.446808510638298,272.0,933.8235294117646,254.0,4.0,-2.0,126.0,128.0,0.029773014095522493,42.0,-44.0,167,226.0,116,0.0
34795,ES 06-26,1780323405852,1780323406056,Predator,-1,7594.5,7592.75,7.0,349,335,1,0.5862068965517241,204.0,2529.4117647058824,516.0,30.0,170.0,343.0,173.0,0.41904752494812764,248.0,-78.0,324,479.0,125,0.0
34796,ES 06-26,1780323407632,1780323407780,Predator,-1,7594.25,7593.0,5.0,343,328,1,0.4327485380116959,148.0,3452.702702702703,511.0,30.0,19.0,265.0,246.0,-0.23903404691129818,184.0,-165.0,314,473.0,122,0.0
34797,ES 06-26,1780323414216,1780323414360,Absorb,-1,7594.0,7593.0,4.0,292,282,1,0.4948453608247423,144.0,2701.388888888889,389.0,7.0,-195.0,97.0,292.0,-0.38361297574193887,-154.0,-41.0,267,358.0,125,0.0
34798,ES 06-26,1780323416700,1780323416888,Absorb,-1,7593.5,7592.75,3.0,200,188,1,0.9447236180904522,188.0,1303.1914893617022,245.0,6.0,19.0,132.0,113.0,0.16828170704267606,-79.0,98.0,175,213.0,87,0.0
34799,ES 06-26,1780323425912,1780323425916,Predator,-1,7592.0,7589.0,12.0,302,301,1,0.013289036544850499,4.0,101500.0,406.0,6.0,-404.0,1.0,405.0,-1.3357867062145699,-194.0,-210.0,288,387.0,37,0.0
34800,ES 06-26,1780323425916,1780323426116,Predator,1,7591.0,7589.75,5.0,360,338,1,0.5571030640668524,200.0,2220.0,444.0,5.0,184.0,314.0,130.0,0.45955395746366356,-5.0,189.0,311,383.0,78,0.0
34801,ES 06-26,1780323436664,1780323436756,Absorb,-1,7591.0,7590.5,2.0,159,156,1,0.5822784810126582,92.0,2326.086956521739,214.0,6.0,-208.0,3.0,211.0,-1.3053857176976356,-112.0,-96.0,150,204.0,114,0.0
34802,ES 06-26,1780323476236,1780323476296,Predator,-1,7591.0,7589.5,6.0,231,223,1,0.2608695652173913,60.0,6016.666666666667,361.0,21.0,-159.0,101.0,260.0,-0.6381121127747814,-136.0,-23.0,209,324.0,110,0.0
34803,ES 06-26,1780323477420,1780323477496,Absorb,-1,7590.0,7590.0,0.0,39,39,1,2.0,76.0,3802.6315789473683,289.0,103.0,289.0,289.0,0.0,9.475708502024291,250.0,39.0,38,287.0,39,0.0
34804,ES 06-26,1780323506076,1780323506148,Absorb,-1,7590.0,7589.0,4.0,178,175,1,0.4067796610169492,72.0,3388.888888888889,244.0,6.0,-90.0,77.0,167.0,-0.6744977546176361,-126.0,36.0,168,229.0,95,0.0
34805,ES 06-26,1780323531244,1780323531440,Predator,-1,7589.75,7588.5,5.0,416,401,1,0.472289156626506,196.0,3010.204081632653,590.0,8.0,-110.0,240.0,350.0,-0.23430259499536607,-213.0,103.0,381,538.0,181,0.0
34806,ES 06-26,1780323531772,1780323532000,Absorb,-1,7588.75,7588.0,3.0,323,313,1,0.7080745341614907,228.0,2521.9298245614036,575.0,23.0,-261.0,157.0,418.0,-0.7478144067187007,-344.0,83.0,300,545.0,96,0.0
34807,ES 06-26,1780323532796,1780323532956,Predator,-1,7587.75,7586.25,6.0,392,377,1,0.4092071611253197,160.0,3106.25,497.0,6.0,-71.0,213.0,284.0,-0.07177401328935158,-169.0,98.0,356,453.0,194,0.0
34808,ES 06-26,1780323535804,1780323536020,Absorb,-1,7586.5,7585.5,4.0,226,218,1,0.96,216.0,1407.4074074074074,304.0,10.0,120.0,212.0,92.0,0.4614785648382779,74.0,46.0,211,286.0,105,0.0
34809,ES 06-26,1780323613420,1780323613424,Absorb,-1,7590.5,7589.5,4.0,165,157,1,0.024390243902439025,4.0,56250.0,225.0,6.0,197.0,211.0,14.0,1.2877648064541982,111.0,86.0,152,204.0,56,0.0
34810,ES 06-26,1780323613424,1780323613608,Absorb,-1,7591.0,7590.25,3.0,298,283,1,0.6195286195286195,184.0,1923.913043478261,354.0,3.0,-180.0,87.0,267.0,-0.7640808434505546,-91.0,-89.0,266,319.0,140,0.0
34811,ES 06-26,1780323688804,1780323689084,Absorb,-1,7588.5,7587.5,4.0,183,174,1,1.5384615384615385,280.0,810.7142857142857,227.0,4.0,101.0,164.0,63.0,0.30719690145919654,103.0,-2.0,168,210.0,84,0.0
34812,ES 06-26,1780323689652,1780323689796,Absorb,-1,7590.0,7589.25,3.0,158,153,1,0.9171974522292994,144.0,1402.7777777777778,202.0,4.0,18.0,110.0,92.0,-0.13361800781612482,87.0,-69.0,149,190.0,72,0.0
34813,ES 06-26,1780323690012,1780323690232,Predator,-1,7590.75,7589.5,5.0,259,250,1,0.8527131782945736,220.0,1463.6363636363637,322.0,5.0,12.0,167.0,155.0,0.39216609914284334,73.0,-61.0,242,301.0,93,0.0
34814,ES 06-26,1780323753548,1780323753592,Absorb,-1,7592.25,7591.25,4.0,173,168,1,0.2558139534883721,44.0,6727.272727272728,296.0,66.0,-154.0,71.0,225.0,-1.1488497248888663,-157.0,3.0,159,273.0,106,0.0
34815,ES 06-26,1780323754116,1780323754196,Absorb,-1,7592.25,7591.75,2.0,212,209,1,0.3791469194312796,80.0,10400.0,832.0,458.0,494.0,663.0,169.0,3.3692299554278184,627.0,-133.0,207,369.0,105,0.0
34816,ES 06-26,1780323816696,1780323816800,Predator,-1,7593.0,7591.75,5.0,258,254,1,0.4046692607003891,104.0,5211.538461538462,542.0,40.0,-418.0,62.0,480.0,-1.7390655259626393,-194.0,-224.0,245,518.0,82,0.0
34817,ES 06-26,1780323983116,1780323983136,Absorb,-1,7588.0,7587.5,2.0,117,116,1,0.1724137931034483,20.0,17450.0,349.0,194.0,-205.0,72.0,277.0,-0.7774056257399332,-268.0,63.0,113,344.0,83,0.0
34818,ES 06-26,1780324149088,1780324149100,Predator,-1,7589.25,7585.5,15.0,535,534,1,0.02247191011235955,12.0,85250.0,1023.0,250.0,-965.0,29.0,994.0,-1.7647870591388328,-332.0,-633.0,518,990.0,40,0.0
34819,ES 06-26,1780324149104,1780324149264,Absorb,-1,7588.25,7587.25,4.0,252,234,1,0.6374501992031872,160.0,1893.75,303.0,6.0,61.0,182.0,121.0,0.3569628881425175,38.0,23.0,216,260.0,102,0.0
34820,ES 06-26,1780324151800,1780324151960,Predator,-1,7588.75,7586.75,8.0,472,452,1,0.33970276008492567,160.0,3993.75,639.0,9.0,-111.0,264.0,375.0,-0.2211951022949519,-249.0,138.0,427,586.0,174,0.0
34821,ES 06-26,1780324163792,1780324163824,Predator,-1,7587.5,7585.5,8.0,270,263,1,0.11895910780669144,32.0,12593.75,403.0,8.0,-163.0,120.0,283.0,-1.0311600067673539,-145.0,-18.0,249,372.0,75,0.0
34822,ES 06-26,1780324389500,1780324389644,Absorb,-1,7588.0,7587.25,3.0,344,334,1,0.4198250728862974,144.0,3069.444444444445,442.0,5.0,86.0,264.0,178.0,0.3852326023577133,-126.0,212.0,321,414.0,197,0.0
34823,ES 06-26,1780324464364,1780324464436,Absorb,-1,7586.25,7585.25,4.0,183,183,1,0.3956043956043956,72.0,4597.222222222223,331.0,25.0,-313.0,9.0,322.0,-1.8772136630297713,-174.0,-139.0,178,323.0,72,0.0
34824,ES 06-26,1780324464876,1780324464896,Absorb,-1,7585.0,7584.0,4.0,208,203,1,0.0966183574879227,20.0,15500.0,310.0,17.0,-240.0,35.0,275.0,-1.2715477695454813,-171.0,-69.0,193,290.0,62,0.0
34825,ES 06-26,1780324471324,1780324471400,Absorb,-1,7584.25,7583.5,3.0,136,131,1,0.562962962962963,76.0,2671.0526315789475,203.0,8.0,-157.0,23.0,180.0,-1.0991651161681217,-117.0,-40.0,123,183.0,71,0.0
34826,ES 06-26,1780324562452,1780324562456,Absorb,-1,7585.25,7585.25,0.0,140,140,1,0.02877697841726619,4.0,61000.0,244.0,14.0,244.0,244.0,0.0,1.6674640834444907,123.0,121.0,139,242.0,140,0.0
34827,ES 06-26,1780324562684,1780324562696,Absorb,-1,7585.75,7585.25,2.0,118,115,1,0.10256410256410256,12.0,53250.0,639.0,461.0,315.0,477.0,162.0,3.5064769062775043,-94.0,409.0,112,173.0,84,0.0
34828,ES 06-26,1780324678996,1780324679124,Absorb,-1,7582.0,7581.75,1.0,385,385,1,0.3333333333333333,128.0,3765.625,482.0,8.0,-482.0,0.0,482.0,-1.2041391898257183,-245.0,-237.0,383,480.0,338,0.0
34829,ES 06-26,1780325346844,1780325346960,Absorb,-1,7587.75,7586.75,4.0,287,271,1,0.40559440559440557,116.0,9844.827586206897,1142.0,700.0,560.0,851.0,291.0,3.264156575132185,539.0,21.0,250,1084.0,114,0.0
34830,ES 06-26,1780325576568,1780325576688,Absorb,-1,7583.75,7583.25,2.0,140,138,1,0.8633093525179856,120.0,1683.3333333333335,202.0,5.0,30.0,116.0,86.0,0.28298091010474297,97.0,-67.0,135,195.0,81,0.0
34831,ES 06-26,1780326075144,1780326075284,Absorb,-1,7585.25,7584.5,3.0,172,167,1,0.8187134502923976,140.0,1735.7142857142856,243.0,8.0,121.0,182.0,61.0,0.6460038724314483,68.0,53.0,163,226.0,56,0.0
34832,ES 06-26,1780326302976,1780326302988,Predator,-1,7586.5,7584.0,10.0,342,332,1,0.03519061583577713,12.0,39416.666666666664,473.0,8.0,-385.0,44.0,429.0,-1.0912263302339875,-240.0,-145.0,311,431.0,47,0.0
34833,ES 06-26,1780326499368,1780326499416,Absorb,-1,7591.0,7590.5,2.0,155,151,1,0.3116883116883117,48.0,4541.666666666667,218.0,9.0,212.0,215.0,3.0,1.3370822725661435,99.0,113.0,148,201.0,106,0.0
34834,ES 06-26,1780326579832,1780326579928,Absorb,-1,7588.0,7587.5,2.0,167,165,1,0.5783132530120482,96.0,2312.5,222.0,6.0,-76.0,73.0,149.0,-0.6435270594782896,-101.0,25.0,161,212.0,94,0.0
34835,ES 06-26,1780326850992,1780326851016,Absorb,-1,7588.5,7587.75,3.0,177,171,1,0.13636363636363635,24.0,12208.333333333334,293.0,21.0,-183.0,55.0,238.0,-0.9072947144266893,-130.0,-53.0,162,252.0,80,0.0
34836,ES 06-26,1780326852528,1780326852576,Absorb,-1,7588.25,7587.75,2.0,124,121,1,0.3902439024390244,48.0,10833.333333333334,520.0,315.0,374.0,447.0,73.0,4.061954366640441,439.0,-65.0,118,198.0,71,0.0
34837,ES 06-26,1780326932668,1780326932740,Absorb,-1,7588.75,7587.75,4.0,225,219,1,0.32142857142857145,72.0,8361.111111111111,602.0,205.0,-110.0,246.0,356.0,-0.4408101559207754,-175.0,65.0,209,576.0,102,0.0
34838,ES 06-26,1780327087356,1780327087392,Absorb,-1,7588.0,7587.0,4.0,239,236,1,0.15126050420168066,36.0,9055.555555555557,326.0,7.0,-194.0,66.0,260.0,-0.7123202419042931,-138.0,-56.0,229,312.0,137,0.0
34839,ES 06-26,1780327114464,1780327114468,Absorb,-1,7587.75,7587.75,0.0,92,92,1,0.04395604395604396,4.0,77250.0,309.0,41.0,309.0,309.0,0.0,3.316955134626944,207.0,102.0,91,308.0,92,0.0
34840,ES 06-26,1780327115808,1780327115868,Absorb,-1,7588.25,7587.75,2.0,148,142,1,0.40816326530612246,60.0,21266.666666666668,1276.0,970.0,1144.0,1210.0,66.0,10.704353716817764,1164.0,-20.0,136,294.0,62,0.0
34841,ES 06-26,1780327824668,1780327824880,Predator,-1,7592.75,7591.5,5.0,652,635,1,0.32565284178187404,212.0,5127.358490566038,1087.0,100.0,445.0,766.0,321.0,0.3735015702942812,513.0,-68.0,620,1031.0,321,0.0
34842,ES 06-26,1780327826028,1780327826296,Absorb,-1,7592.5,7591.75,3.0,192,186,1,1.4031413612565444,268.0,988.8059701492537,265.0,20.0,147.0,206.0,59.0,0.9380883270488023,80.0,67.0,182,251.0,84,0.0
34843,ES 06-26,1780327826608,1780327826900,Predator,-1,7594.5,7592.5,8.0,733,709,1,0.3989071038251366,292.0,3417.8082191780823,998.0,20.0,252.0,625.0,373.0,0.36632175623752605,252.0,0.0,691,938.0,165,0.0
34844,ES 06-26,1780327827332,1780327827552,Absorb,-1,7595.0,7594.0,4.0,263,257,1,0.8396946564885496,220.0,1663.6363636363637,366.0,9.0,14.0,190.0,176.0,0.45893219484779,87.0,-73.0,252,355.0,137,0.0
34845,ES 06-26,1780327831024,1780327831272,Predator,-1,7598.5,7596.25,9.0,402,388,1,0.6184538653366584,248.0,2556.451612903226,634.0,8.0,414.0,524.0,110.0,1.335216918630796,73.0,341.0,381,602.0,89,0.0
34846,ES 06-26,1780327831276,1780327831504,Absorb,-1,7599.5,7598.75,3.0,570,547,1,0.4007029876977153,228.0,3188.59649122807,727.0,13.0,51.0,389.0,338.0,0.08036013135094129,82.0,-31.0,524,670.0,267,0.0
34847,ES 06-26,1780327832864,1780327833064,Absorb,-1,7600.0,7599.0,4.0,155,151,1,1.2987012987012987,200.0,1030.0,206.0,6.0,106.0,156.0,50.0,1.0798105120685766,76.0,30.0,149,200.0,46,0.0
34848,ES 06-26,1780327833160,1780327833288,Absorb,-1,7600.25,7599.75,2.0,189,184,1,0.6808510638297872,128.0,2804.6875,359.0,22.0,229.0,294.0,65.0,1.2520734460264136,168.0,61.0,180,346.0,139,0.0
34849,ES 06-26,1780327839596,1780327839716,Absorb,-1,7599.0,7598.25,3.0,186,181,1,0.6486486486486487,120.0,2125.0,255.0,5.0,201.0,228.0,27.0,1.2629123171817669,85.0,116.0,178,245.0,72,0.0
34850,ES 06-26,1780327840604,1780327840744,Absorb,-1,7598.75,7598.25,2.0,125,123,1,1.1290322580645162,140.0,1614.2857142857142,226.0,30.0,126.0,176.0,50.0,1.1643072196620583,-14.0,140.0,121,222.0,55,0.0
34851,ES 06-26,1780327841608,1780327841748,Absorb,-1,7600.75,7599.75,4.0,199,193,1,0.7070707070707071,140.0,2092.8571428571427,293.0,7.0,131.0,212.0,81.0,0.6415623572407492,136.0,-5.0,188,273.0,101,0.0
34852,ES 06-26,1780327852600,1780327852756,Absorb,-1,7599.25,7598.25,4.0,410,396,1,0.38141809290953543,156.0,3391.025641025641,529.0,7.0,-121.0,204.0,325.0,-0.3942853362108479,-169.0,48.0,379,492.0,176,0.0
34853,ES 06-26,1780327853996,1780327854288,Absorb,-1,7598.25,7597.75,2.0,156,153,1,1.8838709677419354,292.0,787.6712328767123,230.0,6.0,-32.0,99.0,131.0,0.0923756539330815,-94.0,62.0,147,220.0,109,0.0
34854,ES 06-26,1780327854772,1780327854836,Predator,1,7600.0,7597.75,9.0,303,297,1,0.2119205298013245,64.0,7484.375,479.0,7.0,401.0,440.0,39.0,1.5513443467037538,198.0,203.0,283,444.0,42,0.0
34855,ES 06-26,1780327854840,1780327855072,Absorb,-1,7600.0,7599.0,4.0,362,339,1,0.6426592797783933,232.0,1918.1034482758619,445.0,8.0,-125.0,160.0,285.0,-0.39956143618329826,-5.0,-120.0,314,381.0,164,0.0
34856,ES 06-26,1780327862604,1780327862712,Predator,-1,7600.0,7597.25,11.0,491,468,1,0.22040816326530613,108.0,7750.0,837.0,60.0,-83.0,377.0,460.0,-0.21092213349499553,-220.0,137.0,440,760.0,93,0.0
34857,ES 06-26,1780327878348,1780327878400,Absorb,-1,7597.5,7596.75,3.0,141,139,1,0.37142857142857144,52.0,4076.923076923077,212.0,7.0,-178.0,17.0,195.0,-1.2193501434136735,-109.0,-69.0,133,200.0,67,0.0
34858,ES 06-26,1780327878524,1780327878624,Absorb,1,7597.25,7597.0,1.0,89,89,1,1.1363636363636365,100.0,4640.0,464.0,132.0,464.0,464.0,0.0,4.495131086142322,406.0,58.0,87,462.0,52,0.0
34859,ES 06-26,1780327880560,1780327880760,Absorb,-1,7597.5,7596.5,4.0,229,221,1,0.8771929824561403,200.0,1695.0,339.0,10.0,3.0,171.0,168.0,0.4620776832911974,3.0,0.0,211,309.0,141,0.0
34860,ES 06-26,1780327881908,1780327882032,Absorb,-1,7595.5,7594.75,3.0,155,153,1,0.8051948051948052,124.0,1620.967741935484,201.0,5.0,-175.0,13.0,188.0,-1.1005897328477974,-110.0,-65.0,148,192.0,95,0.0
34861,ES 06-26,1780327882344,1780327882556,Predator,-1,7595.75,7594.5,5.0,183,176,1,1.164835164835165,212.0,1169.811320754717,248.0,5.0,-110.0,69.0,179.0,-0.540355047660821,2.0,-112.0,165,224.0,60,0.0
34862,ES 06-26,1780328060292,1780328060360,Absorb,-1,7599.5,7598.5,4.0,154,150,1,0.4444444444444444,68.0,3161.7647058823527,215.0,6.0,-21.0,97.0,118.0,-0.15684467335321226,-107.0,86.0,144,202.0,93,0.0
34863,ES 06-26,1780328072796,1780328072912,Predator,-1,7599.0,7597.75,5.0,258,252,1,0.45136186770428016,116.0,5396.551724137931,626.0,181.0,28.0,327.0,299.0,0.21996017761106892,-117.0,145.0,242,582.0,99,0.0
34864,ES 06-26,1780328143020,1780328143120,Absorb,1,7601.5,7601.0,2.0,151,149,1,0.6666666666666666,100.0,2110.0,211.0,13.0,151.0,181.0,30.0,1.2263471592889508,117.0,34.0,145,205.0,55,0.0
34865,ES 06-26,1780328144476,1780328144568,Predator,-1,7602.5,7601.25,5.0,344,331,1,0.26822157434402333,92.0,7586.956521739131,698.0,75.0,404.0,551.0,147.0,1.0454334413239512,414.0,-10.0,317,629.0,124,0.0
34866,ES 06-26,1780328150308,1780328150368,Absorb,1,7601.75,7601.0,3.0,154,149,1,0.39215686274509803,60.0,3366.666666666667,202.0,7.0,-180.0,11.0,191.0,-1.1341054897032126,-92.0,-88.0,146,192.0,73,0.0
34867,ES 06-26,1780328150732,1780328150808,Absorb,-1,7600.75,7600.0,3.0,303,297,1,0.25165562913907286,76.0,5223.684210526316,397.0,7.0,-169.0,114.0,283.0,-0.7662754642491088,-176.0,7.0,288,377.0,129,0.0
34868,ES 06-26,1780328453776,1780328453852,Absorb,-1,7600.75,7600.0,3.0,166,165,1,0.46060606060606063,76.0,4342.105263157895,330.0,72.0,-326.0,2.0,328.0,-2.071347338182343,-183.0,-143.0,161,323.0,52,0.0
34869,ES 06-26,1780328453852,1780328453972,Absorb,1,7601.0,7600.5,2.0,166,160,1,0.7272727272727273,120.0,1966.6666666666667,236.0,5.0,178.0,207.0,29.0,1.0854405099986226,89.0,89.0,153,220.0,112,0.0
34870,ES 06-26,1780328512148,1780328512156,Predator,-1,7601.5,7600.0,6.0,317,311,1,0.02531645569620253,8.0,68750.0,550.0,57.0,-498.0,26.0,524.0,-1.6777693310901476,-251.0,-247.0,299,516.0,61,0.0
34871,ES 06-26,1780328965088,1780328965092,Predator,-1,7599.0,7597.0,8.0,361,359,1,0.011111111111111112,4.0,262500.0,1050.0,401.0,-1036.0,7.0,1043.0,-2.1696392770236144,-273.0,-763.0,350,1035.0,68,0.0
34872,ES 06-26,1780328965092,1780328965168,Absorb,-1,7598.5,7597.75,3.0,221,205,1,0.34545454545454546,76.0,3671.0526315789475,279.0,5.0,-15.0,132.0,147.0,-0.2057189233659822,-17.0,2.0,188,231.0,129,0.0
34873,ES 06-26,1780329206968,1780329207088,Predator,1,7600.25,7599.0,5.0,417,410,1,0.28846153846153844,120.0,5775.0,693.0,85.0,93.0,393.0,300.0,-0.09706752448611593,299.0,-206.0,401,669.0,186,0.0
34874,ES 06-26,1780329410440,1780329410504,Absorb,-1,7597.75,7597.0,3.0,106,102,1,0.6095238095238096,64.0,4359.375,279.0,90.0,-59.0,110.0,169.0,0.3685568178955589,44.0,-103.0,99,263.0,63,0.0
34875,ES 06-26,1780329412876,1780329412876,Absorb,-1,7597.5,7597.5,0.0,16,16,1,0.0,0.0,218000.0,218.0,138.0,-218.0,0.0,218.0,-16.180882352941175,-209.0,-9.0,15,208.0,16,0.0
34876,ES 06-26,1780329505116,1780329505188,Absorb,-1,7596.0,7595.5,2.0,143,141,1,0.5070422535211268,72.0,2791.666666666667,201.0,6.0,-87.0,57.0,144.0,-0.8430882497783906,-118.0,31.0,137,194.0,99,0.0
34877,ES 06-26,1780329506548,1780329506576,Absorb,-1,7596.0,7595.0,4.0,326,315,1,0.08615384615384615,28.0,26428.571428571428,740.0,109.0,-312.0,214.0,526.0,-0.8168398630131055,-376.0,64.0,304,712.0,121,0.0
34878,ES 06-26,1780329624448,1780329624616,Absorb,-1,7599.75,7599.0,3.0,371,352,1,0.4540540540540541,168.0,2833.333333333333,476.0,5.0,150.0,313.0,163.0,0.4672482063839337,88.0,62.0,334,435.0,185,0.0
34879,ES 06-26,1780329626272,1780329626500,Absorb,-1,7599.5,7598.5,4.0,272,258,1,0.8413284132841329,228.0,1798.2456140350876,410.0,7.0,-234.0,88.0,322.0,-0.8953944904672059,-206.0,-28.0,240,362.0,124,0.0
34880,ES 06-26,1780329653768,1780329654024,Predator,1,7600.5,7598.25,9.0,686,669,1,0.37372262773722625,256.0,3871.09375,991.0,16.0,569.0,780.0,211.0,0.7405752416215723,372.0,197.0,644,931.0,205,0.0
34881,ES 06-26,1780329661944,1780329662072,Absorb,-1,7599.0,7598.0,4.0,279,269,1,0.460431654676259,128.0,3156.25,404.0,20.0,-198.0,103.0,301.0,-0.657032346473052,-218.0,20.0,255,375.0,103,0.0
34882,ES 06-26,1780330225616,1780330225808,Absorb,-1,7594.75,7593.75,4.0,393,386,1,0.4897959183673469,192.0,2619.7916666666665,503.0,6.0,-295.0,104.0,399.0,-0.901063664897121,-252.0,-43.0,375,480.0,210,0.0
34883,ES 06-26,1780330226012,1780330226120,Absorb,-1,7594.0,7593.5,2.0,246,241,1,0.44081632653061226,108.0,2870.3703703703704,310.0,7.0,56.0,183.0,127.0,0.25487532822944525,-5.0,61.0,236,293.0,134,0.0
34884,ES 06-26,1780330227024,1780330227256,Absorb,-1,7593.0,7592.5,2.0,231,230,1,1.008695652173913,232.0,1254.310344827586,291.0,5.0,-163.0,64.0,227.0,-0.8762115695399054,-22.0,-141.0,226,286.0,133,0.0
34885,ES 06-26,1780330228020,1780330228088,Absorb,-1,7593.5,7593.0,2.0,195,191,1,0.35051546391752575,68.0,3558.8235294117644,242.0,6.0,110.0,176.0,66.0,0.3048956934082118,56.0,54.0,187,232.0,146,0.0
34886,ES 06-26,1780330249720,1780330249816,Absorb,-1,7594.25,7593.5,3.0,177,174,1,0.5454545454545454,96.0,2552.0833333333335,245.0,19.0,-11.0,117.0,128.0,-0.20055487266494693,93.0,-104.0,170,238.0,125,0.0
34887,ES 06-26,1780330278836,1780330278888,Absorb,-1,7592.5,7592.25,1.0,41,40,1,1.3,52.0,3980.769230769231,207.0,37.0,-205.0,1.0,206.0,-6.015156794425087,-107.0,-98.0,38,201.0,40,0.0
34888,ES 06-26,1780330280120,1780330280168,Absorb,-1,7592.25,7591.5,3.0,182,180,1,0.26519337016574585,48.0,5916.666666666667,284.0,25.0,-194.0,45.0,239.0,-1.274972106961963,-135.0,-59.0,175,274.0,82,0.0
34889,ES 06-26,1780330306220,1780330306260,Absorb,-1,7593.5,7592.75,3.0,166,163,1,0.24242424242424243,40.0,6050.0,242.0,23.0,182.0,212.0,30.0,1.3905857507329262,132.0,50.0,161,235.0,91,0.0
34890,ES 06-26,1780330325868,1780330325944,Predator,-1,7593.25,7592.0,5.0,274,269,1,0.2783882783882784,76.0,4539.473684210527,345.0,5.0,-71.0,137.0,208.0,-0.3453101642882665,-140.0,69.0,261,327.0,87,0.0
34891,ES 06-26,1780330329568,1780330329652,Absorb,-1,7592.75,7592.25,2.0,184,183,1,0.45901639344262296,84.0,2821.428571428571,237.0,5.0,-231.0,3.0,234.0,-1.237714549902718,-115.0,-116.0,179,229.0,146,0.0
34892,ES 06-26,1780330337088,1780330337252,Absorb,-1,7592.25,7591.75,2.0,171,166,1,0.9647058823529412,164.0,1280.4878048780488,210.0,6.0,204.0,207.0,3.0,1.2179542563659491,106.0,98.0,162,199.0,113,0.0
34893,ES 06-26,1780330638452,1780330638460,Predator,-1,7591.5,7590.0,6.0,311,310,1,0.025806451612903226,8.0,68500.0,548.0,20.0,-472.0,38.0,510.0,-1.7043260753353067,-196.0,-276.0,303,540.0,76,0.0
34894,ES 06-26,1780330653452,1780330653484,Predator,1,7589.75,7588.25,6.0,153,144,1,0.21052631578947367,32.0,7562.5,242.0,13.0,-218.0,12.0,230.0,-1.5617955316097731,-120.0,-98.0,140,224.0,35,0.0
34895,ES 06-26,1780330653484,1780330653640,Predator,-1,7588.75,7587.5,5.0,668,641,1,0.23388305847076463,156.0,6326.923076923077,987.0,27.0,191.0,589.0,398.0,0.4906206774167225,-74.0,265.0,613,915.0,263,0.0
34896,ES 06-26,1780330742696,1780330742744,Absorb,-1,7590.0,7589.5,2.0,152,147,1,0.31788079470198677,48.0,4562.5,219.0,15.0,55.0,137.0,82.0,0.429921951352866,114.0,-59.0,141,205.0,90,0.0
34897,ES 06-26,1780330826812,1780330826936,Absorb,-1,7592.75,7592.0,3.0,187,180,1,0.6666666666666666,124.0,1959.6774193548388,243.0,14.0,213.0,228.0,15.0,1.0649785839337296,79.0,134.0,175,215.0,84,0.0
34898,ES 06-26,1780331364280,1780331364344,Absorb,-1,7595.75,7595.0,3.0,302,294,1,0.21262458471760798,64.0,6000.0,384.0,6.0,112.0,248.0,136.0,0.5354426952232967,161.0,-49.0,286,365.0,149,0.0
34899,ES 06-26,1780331364804,1780331364948,Absorb,-1,7595.75,7595.5,1.0,143,142,1,1.0140845070422535,144.0,1430.5555555555557,206.0,28.0,70.0,138.0,68.0,0.7652582159624414,-45.0,115.0,141,204.0,90,0.0
34900,ES 06-26,1780331365060,1780331365228,Absorb,-1,7596.25,7595.5,3.0,269,262,1,0.6268656716417911,168.0,2011.9047619047617,338.0,5.0,-40.0,149.0,189.0,-0.13373405586688614,104.0,-144.0,256,320.0,178,0.0
34901,ES 06-26,1780331365332,1780331365576,Absorb,-1,7596.5,7595.75,3.0,284,280,1,0.8621908127208481,244.0,1778.688524590164,434.0,39.0,114.0,274.0,160.0,0.871418430613437,128.0,-14.0,275,421.0,133,0.0
34902,ES 06-26,1780331383692,1780331383736,Absorb,-1,7595.25,7594.75,2.0,160,159,1,0.27672955974842767,44.0,4590.909090909091,202.0,4.0,-194.0,4.0,198.0,-1.1779488456580336,-100.0,-94.0,155,192.0,142,0.0
34903,ES 06-26,1780331384912,1780331384988,Absorb,-1,7596.25,7595.5,3.0,202,199,1,0.3781094527363184,76.0,3328.9473684210525,253.0,4.0,253.0,253.0,0.0,1.280817295757956,120.0,133.0,198,247.0,91,0.0
34904,ES 06-26,1780331401284,1780331401564,Predator,-1,7598.75,7596.5,9.0,769,730,1,0.3645833333333333,280.0,3807.142857142857,1066.0,20.0,230.0,648.0,418.0,0.06042428394102646,297.0,-67.0,698,945.0,394,0.0
34905,ES 06-26,1780331402752,1780331402848,Absorb,-1,7598.75,7597.75,4.0,222,213,1,0.4343891402714932,96.0,3000.0,288.0,5.0,22.0,155.0,133.0,-0.20462294163164646,52.0,-30.0,203,262.0,119,0.0
34906,ES 06-26,1780331405536,1780331405792,Absorb,-1,7598.25,7597.5,3.0,320,316,1,0.8025078369905956,256.0,1574.21875,403.0,8.0,-71.0,166.0,237.0,0.20833980312307737,-28.0,-43.0,308,381.0,131,0.0
34907,ES 06-26,1780331535532,1780331535644,Absorb,-1,7598.5,7597.5,4.0,214,206,1,0.5258215962441315,112.0,2446.4285714285716,274.0,8.0,86.0,180.0,94.0,0.29077695908115503,141.0,-55.0,201,258.0,105,0.0
34908,ES 06-26,1780331536004,1780331536088,Absorb,-1,7598.75,7598.25,2.0,184,181,1,0.45901639344262296,84.0,2964.285714285714,249.0,5.0,-17.0,116.0,133.0,0.24370846256092157,-23.0,6.0,178,238.0,89,0.0
34909,ES 06-26,1780331536624,1780331536632,Absorb,-1,7599.25,7598.5,3.0,167,161,1,0.04819277108433735,8.0,27125.0,217.0,5.0,85.0,151.0,66.0,0.6943428117946551,106.0,-21.0,155,203.0,83,0.0
34910,ES 06-26,1780331536692,1780331536888,Absorb,-1,7599.75,7598.75,4.0,338,328,1,0.5816023738872403,196.0,2204.081632653061,432.0,6.0,-54.0,189.0,243.0,0.20915522797947508,5.0,-59.0,321,409.0,146,0.0
34911,ES 06-26,1780331538252,1780331538300,Absorb,-1,7599.25,7598.75,2.0,177,172,1,0.2727272727272727,48.0,4645.833333333333,223.0,5.0,103.0,163.0,60.0,0.8263620782188674,0.0,103.0,166,211.0,127,0.0
34912,ES 06-26,1780331545696,1780331545804,Absorb,-1,7598.75,7598.25,2.0,174,169,1,0.6242774566473989,108.0,1944.4444444444446,210.0,6.0,-4.0,103.0,107.0,0.3777317121785928,-42.0,38.0,163,196.0,158,0.0
34913,ES 06-26,1780331606720,1780331606944,Absorb,-1,7601.0,7600.0,4.0,422,406,1,0.5320665083135392,224.0,2428.5714285714284,544.0,8.0,246.0,395.0,149.0,0.6459380075529507,271.0,-25.0,392,504.0,235,0.0
34914,ES 06-26,1780331614084,1780331614244,Absorb,-1,7599.75,7599.0,3.0,344,331,1,0.46647230320699706,160.0,2637.5,422.0,5.0,-94.0,164.0,258.0,0.01429455792139187,-120.0,26.0,316,389.0,142,0.0
34915,ES 06-26,1780331779512,1780331779576,Absorb,-1,7600.5,7600.0,2.0,146,141,1,0.4413793103448276,64.0,3156.25,202.0,12.0,-156.0,23.0,179.0,-1.255263031050871,-90.0,-66.0,134,180.0,73,0.0
34916,ES 06-26,1780331824168,1780331824220,Absorb,-1,7598.0,7597.5,2.0,169,162,1,0.30952380952380953,52.0,3961.538461538462,206.0,4.0,20.0,113.0,93.0,0.15409477400427626,-73.0,93.0,153,186.0,124,0.0
34917,ES 06-26,1780332505016,1780332505044,Absorb,-1,7599.75,7599.25,2.0,150,147,1,0.18791946308724833,28.0,7321.428571428572,205.0,7.0,-97.0,54.0,151.0,-0.780326236721632,20.0,-117.0,142,196.0,74,0.0
34918,ES 06-26,1780332665684,1780332665724,Absorb,-1,7600.75,7600.0,3.0,212,207,1,0.1895734597156398,40.0,6975.0,279.0,7.0,31.0,155.0,124.0,0.23263618193107496,123.0,-92.0,202,268.0,87,0.0
34919,ES 06-26,1780332731888,1780332731988,Absorb,-1,7603.0,7602.25,3.0,331,324,1,0.30303030303030304,100.0,4230.0,423.0,6.0,191.0,307.0,116.0,0.618458453423692,195.0,-4.0,318,401.0,187,0.0
34920,ES 06-26,1780332732396,1780332732508,Absorb,-1,7603.75,7603.0,3.0,350,339,1,0.3209169054441261,112.0,4419.642857142857,495.0,7.0,23.0,259.0,236.0,-0.050376341264593415,160.0,-137.0,330,466.0,159,0.0
34921,ES 06-26,1780332755448,1780332755492,Absorb,-1,7603.75,7603.25,2.0,219,213,1,0.2018348623853211,44.0,6363.636363636364,280.0,4.0,30.0,155.0,125.0,0.22033543935014338,-104.0,134.0,204,265.0,162,0.0
34922,ES 06-26,1780332767344,1780332767504,Absorb,-1,7603.5,7603.25,1.0,156,156,1,1.032258064516129,160.0,1262.5,202.0,7.0,-202.0,0.0,202.0,-1.3145422073303725,-105.0,-97.0,154,199.0,143,0.0
34923,ES 06-26,1780332783140,1780332783252,Absorb,-1,7604.75,7604.0,3.0,215,212,1,0.5233644859813084,112.0,2848.214285714286,319.0,10.0,79.0,199.0,120.0,0.4907568403004178,171.0,-92.0,208,311.0,122,0.0
34924,ES 06-26,1780332791248,1780332791412,Absorb,1,7605.25,7605.0,1.0,145,143,1,1.1388888888888888,164.0,1250.0,205.0,6.0,103.0,154.0,51.0,0.9390568414422925,118.0,-15.0,140,200.0,92,0.0
34925,ES 06-26,1780332942836,1780332942960,Absorb,-1,7608.5,7607.75,3.0,255,246,1,0.4881889763779528,124.0,2822.5806451612902,350.0,17.0,290.0,320.0,30.0,1.022246265632237,202.0,88.0,239,330.0,165,0.0
34926,ES 06-26,1780332943492,1780332943616,Absorb,-1,7609.25,7608.75,2.0,204,201,1,0.6108374384236454,124.0,2169.3548387096776,269.0,7.0,243.0,256.0,13.0,1.2985165134178145,146.0,97.0,198,263.0,138,0.0
34927,ES 06-26,1780333062844,1780333062848,Absorb,-1,7607.75,7607.5,1.0,91,89,1,0.044444444444444446,4.0,55750.0,223.0,77.0,219.0,221.0,2.0,2.4526676222328394,168.0,51.0,87,214.0,50,0.0
34928,ES 06-26,1780333072380,1780333072476,Absorb,-1,7607.75,7607.25,2.0,190,186,1,0.5079365079365079,96.0,2458.3333333333335,236.0,8.0,-140.0,48.0,188.0,-0.8787649752653885,-103.0,-37.0,180,220.0,97,0.0
34929,ES 06-26,1780333119916,1780333119968,Absorb,-1,7606.75,7605.75,4.0,297,294,1,0.17567567567567569,52.0,12211.538461538463,635.0,55.0,-65.0,285.0,350.0,0.05262446705399725,-223.0,158.0,288,568.0,119,0.0
34930,ES 06-26,1780333271356,1780333271524,Absorb,-1,7606.5,7605.75,3.0,319,312,1,0.5283018867924528,168.0,2470.238095238095,415.0,7.0,-29.0,193.0,222.0,-0.20292075767433607,-38.0,9.0,302,394.0,237,0.0
34931,ES 06-26,1780333271988,1780333272072,Absorb,-1,7606.0,7605.0,4.0,328,321,1,0.25688073394495414,84.0,5369.047619047618,451.0,8.0,-321.0,65.0,386.0,-1.1447669558818228,-205.0,-116.0,310,432.0,134,0.0
34932,ES 06-26,1780333274012,1780333274088,Absorb,-1,7605.25,7604.75,2.0,219,214,1,0.3486238532110092,76.0,3592.105263157895,273.0,6.0,-115.0,79.0,194.0,-0.40882699052863686,-125.0,10.0,207,261.0,134,0.0
34933,ES 06-26,1780333278948,1780333279004,Absorb,1,7605.25,7604.75,2.0,194,191,1,0.29015544041450775,56.0,4696.428571428572,263.0,4.0,87.0,175.0,88.0,0.1912069128457142,110.0,-23.0,185,252.0,108,0.0
34934,ES 06-26,1780333410436,1780333410472,Absorb,-1,7604.0,7603.25,3.0,296,294,1,0.12203389830508475,36.0,15250.000000000002,549.0,47.0,-405.0,72.0,477.0,-1.6779251516539653,-343.0,-62.0,288,540.0,124,0.0
34935,ES 06-26,1780333410884,1780333410992,Absorb,-1,7603.5,7603.0,2.0,170,169,1,0.6390532544378699,108.0,1925.9259259259259,208.0,7.0,-202.0,3.0,205.0,-1.155442382496443,-105.0,-97.0,165,202.0,125,0.0
34936,ES 06-26,1780333455108,1780333455172,Absorb,-1,7604.25,7603.5,3.0,218,207,1,0.29493087557603687,64.0,4718.75,302.0,7.0,70.0,186.0,116.0,0.3011735312326798,139.0,-69.0,197,271.0,82,0.0
34937,ES 06-26,1780333607904,1780333608048,Absorb,-1,7603.5,7602.5,4.0,408,403,1,0.3538083538083538,144.0,4395.833333333334,633.0,26.0,-193.0,220.0,413.0,-0.1429169386166366,-196.0,3.0,394,591.0,275,0.0
34938,ES 06-26,1780333616724,1780333616728,Absorb,1,7602.75,7602.75,0.0,66,66,1,0.06153846153846154,4.0,54000.0,216.0,20.0,216.0,216.0,0.0,3.7204258428139023,108.0,108.0,65,210.0,66,0.0
34939,ES 06-26,1780333683920,1780333684168,Predator,-1,7602.5,7601.25,5.0,248,247,1,1.0040485829959513,248.0,1366.9354838709678,339.0,18.0,-293.0,23.0,316.0,-1.3765945327607938,-119.0,-174.0,240,331.0,55,0.0
34940,ES 06-26,1780333686276,1780333686280,Absorb,-1,7601.25,7601.0,1.0,101,100,1,0.04,4.0,63250.0,253.0,62.0,-183.0,35.0,218.0,-2.0736750145602794,-113.0,-70.0,98,249.0,78,0.0
34941,ES 06-26,1780333766564,1780333766644,Absorb,-1,7600.25,7600.0,1.0,125,124,1,0.6451612903225806,80.0,2887.5,231.0,14.0,-185.0,23.0,208.0,-1.687563748079877,-129.0,-56.0,123,229.0,107,0.0
34942,ES 06-26,1780334246832,1780334246852,Predator,-1,7601.0,7599.75,5.0,264,259,1,0.07604562737642585,20.0,29950.0,599.0,156.0,-49.0,275.0,324.0,-0.13350051197099047,-189.0,140.0,250,557.0,115,0.0
34943,ES 06-26,1780334680004,1780334680096,Absorb,-1,7604.5,7603.75,3.0,217,212,1,0.42592592592592593,92.0,2978.2608695652175,274.0,5.0,-238.0,18.0,256.0,-1.06097535196381,-127.0,-111.0,203,257.0,72,0.0
34944,ES 06-26,1780334681012,1780334681184,Absorb,-1,7603.75,7602.75,4.0,421,411,1,0.4095238095238095,172.0,3604.651162790698,620.0,10.0,-252.0,184.0,436.0,-0.7427199642338501,-309.0,57.0,399,586.0,181,0.0
34945,ES 06-26,1780334762684,1780334762764,Absorb,-1,7604.25,7603.75,2.0,207,204,1,0.3883495145631068,80.0,3562.5,285.0,12.0,117.0,201.0,84.0,0.709337218993192,148.0,-31.0,201,276.0,102,0.0
34946,ES 06-26,1780334981208,1780334981332,Absorb,-1,7605.0,7604.25,3.0,235,226,1,0.5299145299145299,124.0,3185.483870967742,395.0,20.0,319.0,357.0,38.0,1.276851877537056,155.0,164.0,219,375.0,97,0.0
34947,ES 06-26,1780334981660,1780334981804,Absorb,-1,7605.5,7605.25,1.0,287,284,1,0.5034965034965035,144.0,3048.6111111111113,439.0,50.0,435.0,437.0,2.0,1.4983431202943398,269.0,166.0,281,431.0,254,0.0
34948,ES 06-26,1780334992332,1780334992352,Predator,-1,7606.5,7605.25,5.0,243,234,1,0.08264462809917356,20.0,20450.0,409.0,10.0,353.0,381.0,28.0,1.7007046788467552,168.0,185.0,230,383.0,55,0.0
34949,ES 06-26,1780334992364,1780334992464,Absorb,-1,7607.25,7606.5,3.0,226,208,1,0.4444444444444444,100.0,3350.0,335.0,6.0,-97.0,119.0,216.0,-0.2812792223824932,-21.0,-76.0,188,269.0,125,0.0
34950,ES 06-26,1780334993004,1780334993032,Predator,-1,7608.5,7606.0,10.0,283,272,1,0.09929078014184398,28.0,15642.857142857143,438.0,9.0,364.0,401.0,37.0,1.5322918641084913,153.0,211.0,269,419.0,46,0.0
34951,ES 06-26,1780334993540,1780334993784,Predator,-1,7608.25,7606.75,6.0,200,190,1,1.2261306532663316,244.0,1274.5901639344263,311.0,9.0,39.0,175.0,136.0,0.30579239480987025,-68.0,107.0,182,281.0,55,0.0
34952,ES 06-26,1780334998900,1780334999184,Predator,-1,7613.75,7612.25,6.0,157,148,1,1.8205128205128205,284.0,876.7605633802817,249.0,5.0,33.0,141.0,108.0,0.5262653576368,-22.0,55.0,143,229.0,42,0.0
34953,ES 06-26,1780335003244,1780335003480,Predator,-1,7612.5,7611.25,5.0,165,157,1,1.4390243902439024,236.0,991.5254237288136,234.0,5.0,56.0,145.0,89.0,0.4525605748938103,117.0,-61.0,150,218.0,51,0.0
34954,ES 06-26,1780335006800,1780335007020,Absorb,-1,7612.5,7611.5,4.0,213,206,1,1.0377358490566038,220.0,1568.1818181818182,345.0,30.0,75.0,210.0,135.0,0.45469413199351283,124.0,-49.0,198,308.0,79,0.0
34955,ES 06-26,1780335007020,1780335007172,Absorb,-1,7612.25,7611.5,3.0,185,174,1,0.8260869565217391,152.0,1585.5263157894738,241.0,5.0,15.0,128.0,113.0,-0.07642432053371745,45.0,-30.0,162,211.0,101,0.0
34956,ES 06-26,1780335122484,1780335122656,Absorb,-1,7611.0,7610.25,3.0,168,166,1,1.029940119760479,172.0,1261.6279069767443,217.0,7.0,-49.0,84.0,133.0,-0.3552054808388295,-115.0,66.0,161,206.0,99,0.0
34957,ES 06-26,1780335166044,1780335166108,Absorb,-1,7608.0,7607.5,2.0,127,125,1,0.5079365079365079,64.0,3453.125,221.0,9.0,-61.0,80.0,141.0,-0.5546904293213348,-101.0,40.0,121,212.0,77,0.0
34958,ES 06-26,1780335308452,1780335308588,Absorb,-1,7608.5,7607.5,4.0,178,172,1,0.768361581920904,136.0,1720.5882352941176,234.0,7.0,-36.0,99.0,135.0,-0.26709357834474734,-96.0,60.0,161,215.0,82,0.0
34959,ES 06-26,1780335315524,1780335315628,Absorb,-1,7607.5,7607.0,2.0,222,212,1,0.47058823529411764,104.0,2673.0769230769233,278.0,6.0,-10.0,134.0,144.0,0.25292861800379607,-14.0,4.0,200,256.0,124,0.0
34960,ES 06-26,1780335650964,1780335650972,Predator,-1,7616.25,7614.0,9.0,477,463,1,0.01680672268907563,8.0,131125.0,1049.0,170.0,997.0,1023.0,26.0,2.197592876260001,380.0,617.0,457,1028.0,70,0.0
34961,ES 06-26,1780335726772,1780335726800,Absorb,-1,7615.5,7614.5,4.0,225,219,1,0.125,28.0,11357.142857142857,318.0,7.0,-102.0,108.0,210.0,-0.6533670459334177,-158.0,56.0,211,301.0,82,0.0
34962,ES 06-26,1780335777568,1780335777584,Predator,-1,7618.75,7616.25,10.0,423,412,1,0.037914691943127965,16.0,67375.0,1078.0,170.0,1064.0,1071.0,7.0,2.3981618185657942,371.0,693.0,408,1063.0,61,0.0
34963,ES 06-26,1780335777584,1780335777732,Absorb,-1,7617.75,7617.0,3.0,254,241,1,0.5849802371541502,148.0,2114.864864864865,313.0,6.0,-39.0,137.0,176.0,-0.1155329194638859,41.0,-80.0,227,278.0,214,0.0
34964,ES 06-26,1780335780524,1780335780536,Absorb,-1,7619.0,7618.0,4.0,142,134,1,0.0851063829787234,12.0,20500.0,246.0,24.0,128.0,187.0,59.0,1.0697603265778273,107.0,21.0,128,223.0,35,0.0
34965,ES 06-26,1780335780536,1780335780592,Absorb,-1,7619.0,7618.25,3.0,234,231,1,0.24034334763948498,56.0,5339.285714285714,299.0,11.0,-239.0,30.0,269.0,-1.1704497189110465,-95.0,-144.0,224,287.0,185,0.0
34966,ES 06-26,1780335807024,1780335807068,Predator,-1,7624.75,7618.0,27.0,970,940,1,0.04540763673890609,44.0,42068.18181818182,1851.0,250.0,1815.0,1833.0,18.0,1.9964790155780274,1123.0,692.0,934,1803.0,67,0.0
34967,ES 06-26,1780335807068,1780335807072,Predator,1,7625.5,7622.0,14.0,173,155,1,0.023255813953488372,4.0,82500.0,330.0,25.0,148.0,239.0,91.0,0.7521496678734164,179.0,-31.0,124,261.0,62,0.0
34968,ES 06-26,1780335807096,1780335807140,Predator,-1,7626.5,7624.75,7.0,311,284,1,0.14193548387096774,44.0,9977.272727272728,439.0,11.0,91.0,265.0,174.0,0.4644738416857492,13.0,78.0,256,366.0,75,0.0
34969,ES 06-26,1780335809276,1780335809560,Predator,-1,7630.0,7628.5,6.0,143,133,1,2.0,284.0,982.3943661971832,279.0,17.0,79.0,179.0,100.0,0.48402360550247875,-86.0,165.0,123,252.0,31,0.0
34970,ES 06-26,1780335813940,1780335813980,Predator,-1,7623.25,7618.25,20.0,271,270,1,0.14814814814814814,40.0,10250.0,410.0,12.0,-402.0,4.0,406.0,-1.474674408508791,-205.0,-197.0,249,377.0,21,0.0
34971,ES 06-26,1780335813988,1780335814048,Predator,-1,7622.25,7620.75,6.0,176,149,1,0.34285714285714286,60.0,3616.666666666667,217.0,4.0,35.0,126.0,91.0,0.25131521021351527,44.0,-9.0,124,151.0,68,0.0
34972,ES 06-26,1780335822832,1780335823020,Absorb,-1,7620.75,7619.75,4.0,200,183,1,0.9447236180904522,188.0,1579.787234042553,297.0,4.0,133.0,215.0,82.0,0.6431035775894397,43.0,90.0,168,246.0,70,0.0
34973,ES 06-26,1780335829276,1780335829332,Predator,-1,7621.75,7620.0,7.0,192,186,1,0.2931937172774869,56.0,4839.285714285714,271.0,10.0,-153.0,59.0,212.0,-1.0695590768521281,-139.0,-14.0,175,249.0,40,0.0
34974,ES 06-26,1780335850012,1780335850060,Predator,-1,7627.0,7621.5,22.0,475,452,1,0.10126582278481013,48.0,21354.166666666668,1025.0,131.0,429.0,727.0,298.0,1.511144503104373,440.0,-11.0,449,981.0,39,0.0
34975,ES 06-26,1780335852832,1780335853016,Predator,-1,7625.75,7624.25,6.0,264,247,1,0.6996197718631179,184.0,1842.391304347826,339.0,4.0,-7.0,166.0,173.0,-0.13585818729659752,90.0,-97.0,233,295.0,107,0.0
34976,ES 06-26,1780335853284,1780335853364,Absorb,-1,7625.25,7624.75,2.0,57,54,1,1.4285714285714286,80.0,2900.0,232.0,120.0,94.0,163.0,69.0,1.7344438682914183,148.0,-54.0,51,215.0,43,0.0
34977,ES 06-26,1780335880840,1780335880900,Predator,-1,7623.25,7621.5,7.0,174,170,1,0.3468208092485549,60.0,4116.666666666667,247.0,9.0,-153.0,47.0,200.0,-1.1612916085309946,-120.0,-33.0,160,226.0,43,0.0
34978,ES 06-26,1780335976324,1780335976328,Absorb,-1,7625.5,7625.25,1.0,61,60,1,0.06666666666666667,4.0,64250.0,257.0,131.0,257.0,257.0,0.0,5.503913273400317,42.0,215.0,59,254.0,48,0.0
34979,ES 06-26,1780336015576,1780336015584,Predator,1,7629.5,7625.5,16.0,499,498,1,0.01606425702811245,8.0,131750.0,1054.0,250.0,1052.0,1053.0,1.0,2.203038172731004,428.0,624.0,481,1027.0,40,0.0
34980,ES 06-26,1780336015596,1780336015748,Predator,-1,7628.25,7627.0,5.0,229,218,1,0.6666666666666666,152.0,1631.578947368421,248.0,4.0,-4.0,122.0,126.0,-0.3034135081390585,-27.0,23.0,203,219.0,162,0.0
34981,ES 06-26,1780336034020,1780336034208,Predator,-1,7629.75,7627.25,10.0,461,443,1,0.40869565217391307,188.0,4127.659574468085,776.0,131.0,328.0,552.0,224.0,0.7129296903228809,460.0,-132.0,430,732.0,152,0.0
34982,ES 06-26,1780336250152,1780336250296,Absorb,-1,7625.5,7624.5,4.0,229,222,1,0.631578947368421,144.0,1993.0555555555557,287.0,5.0,165.0,226.0,61.0,0.5978725530362835,148.0,17.0,218,274.0,96,0.0
34983,ES 06-26,1780336263084,1780336263224,Absorb,-1,7625.0,7624.5,2.0,173,169,1,0.813953488372093,140.0,1578.5714285714284,221.0,5.0,-27.0,97.0,124.0,-0.18206933634943517,-93.0,66.0,163,208.0,118,0.0
34984,ES 06-26,1780337238004,1780337238116,Absorb,-1,7625.75,7625.5,1.0,123,122,1,0.9180327868852459,112.0,2714.285714285714,304.0,15.0,-302.0,1.0,303.0,-2.6151990816576594,-152.0,-150.0,120,296.0,122,0.0
34985,ES 06-26,1780337244596,1780337244648,Absorb,-1,7625.5,7625.0,2.0,158,157,1,0.33121019108280253,52.0,5115.384615384615,266.0,32.0,-166.0,50.0,216.0,-1.2005007918047825,-155.0,-11.0,153,257.0,74,0.0
34986,ES 06-26,1780337428772,1780337428852,Absorb,-1,7627.0,7626.25,3.0,147,144,1,0.547945205479452,80.0,2762.5,221.0,7.0,115.0,168.0,53.0,1.2237531073147512,28.0,87.0,142,216.0,54,0.0
34987,ES 06-26,1780339261644,1780339261652,Predator,-1,7626.0,7624.75,5.0,249,246,1,0.03225806451612903,8.0,67500.0,540.0,151.0,-208.0,166.0,374.0,-1.522563544500583,-182.0,-26.0,239,519.0,48,0.0
34988,ES 06-26,1780339261652,1780339261708,Absorb,-1,7625.75,7625.25,2.0,200,195,1,0.2814070351758794,56.0,4660.714285714285,261.0,8.0,227.0,244.0,17.0,1.276014400360009,101.0,126.0,189,246.0,116,0.0
34989,ES 06-26,1780340436084,1780340436108,Absorb,-1,7623.0,7622.75,1.0,171,171,1,0.1411764705882353,24.0,9791.666666666666,235.0,5.0,-235.0,0.0,235.0,-1.381064151486788,-121.0,-114.0,169,233.0,152,0.0
34990,ES 06-26,1780340773436,1780340773440,Predator,-1,7625.0,7623.75,5.0,240,237,1,0.016736401673640166,4.0,129000.0,516.0,88.0,-230.0,143.0,373.0,-1.4830331255750968,-190.0,-40.0,229,500.0,58,0.0
34991,ES 06-26,1780340864512,1780340864740,Absorb,-1,7624.5,7623.5,4.0,456,452,1,0.5010989010989011,228.0,2793.859649122807,637.0,9.0,-581.0,28.0,609.0,-1.2582765616279379,-316.0,-265.0,443,620.0,287,0.0
34992,ES 06-26,1780340865160,1780340865364,Absorb,-1,7623.5,7623.25,1.0,177,174,1,1.1590909090909092,204.0,1117.6470588235295,228.0,9.0,220.0,224.0,4.0,1.280206367618289,122.0,98.0,171,222.0,133,0.0
34993,ES 06-26,1780340872048,1780340872188,Absorb,-1,7624.75,7624.25,2.0,193,190,1,0.7291666666666666,140.0,1835.7142857142856,257.0,8.0,-25.0,116.0,141.0,-0.22259928689706746,95.0,-120.0,187,251.0,158,0.0
34994,ES 06-26,1780340904912,1780340904952,Absorb,-1,7625.0,7624.75,1.0,147,145,1,0.273972602739726,40.0,5200.0,208.0,8.0,42.0,125.0,83.0,0.4162177273723262,79.0,-37.0,142,201.0,96,0.0
34995,ES 06-26,1780340968384,1780340968496,Absorb,-1,7625.0,7624.0,4.0,177,176,1,0.6363636363636364,112.0,2017.857142857143,226.0,7.0,-160.0,33.0,193.0,-1.1230934367479788,-119.0,-41.0,171,220.0,89,0.0
34996,ES 06-26,1780341014156,1780341014196,Absorb,-1,7624.25,7623.75,2.0,142,141,1,0.28368794326241137,40.0,8675.0,347.0,90.0,-61.0,143.0,204.0,-1.2434475922638943,-121.0,60.0,137,249.0,85,0.0
34997,ES 06-26,1780341020988,1780341021028,Absorb,1,7624.25,7624.0,1.0,69,68,1,0.5882352941176471,40.0,7025.0,281.0,150.0,279.0,280.0,1.0,2.759042747533796,210.0,69.0,65,272.0,51,0.0
34998,ES 06-26,1780342528756,1780342528844,Absorb,-1,7621.25,7620.75,2.0,284,282,1,0.31095406360424027,88.0,5034.090909090909,443.0,21.0,-173.0,135.0,308.0,-0.8867560580144433,-208.0,35.0,277,432.0,128,0.0
34999,ES 06-26,1780342551516,1780342551608,Absorb,1,7621.0,7620.75,1.0,139,138,1,0.6666666666666666,92.0,2652.1739130434785,244.0,16.0,-238.0,3.0,241.0,-1.838227802850887,-109.0,-129.0,137,242.0,136,0.0
35000,ES 06-26,1780342556844,1780342556864,Absorb,-1,7620.5,7620.5,0.0,79,79,1,0.2564102564102564,20.0,10450.0,209.0,29.0,209.0,209.0,0.0,2.0165530671859786,156.0,53.0,78,207.0,79,0.0
35001,ES 06-26,1780342566452,1780342566588,Absorb,-1,7620.25,7620.0,1.0,193,191,1,0.7083333333333334,136.0,4705.882352941177,640.0,62.0,-488.0,76.0,564.0,-2.486313832060253,-321.0,-167.0,187,604.0,158,0.0
35002,ES 06-26,1780342576296,1780342576332,Absorb,-1,7620.0,7619.5,2.0,143,142,1,0.2535211267605634,36.0,6416.666666666667,231.0,10.0,-121.0,55.0,176.0,-1.135288420499688,-108.0,-13.0,139,226.0,102,0.0
35003,ES 06-26,1780342920932,1780342920960,Absorb,-1,7619.0,7619.0,0.0,82,82,1,0.345679012345679,28.0,7214.285714285714,202.0,29.0,-202.0,0.0,202.0,-2.7584266605718266,-67.0,-135.0,81,201.0,82,0.0
35004,ES 06-26,1780343173692,1780343173864,Predator,-1,7618.75,7617.5,5.0,435,428,1,0.39631336405529954,172.0,4034.883720930233,694.0,11.0,460.0,577.0,117.0,1.2792673379625243,311.0,149.0,421,673.0,165,0.0
35005,ES 06-26,1780343376080,1780343376192,Absorb,-1,7616.5,7616.0,2.0,153,151,1,0.7368421052631579,112.0,2125.0,238.0,9.0,44.0,141.0,97.0,0.35760524305415947,123.0,-79.0,149,233.0,106,0.0
35006,ES 06-26,1780343400004,1780343400012,Predator,-1,7616.75,7615.0,7.0,199,189,1,0.04040404040404041,8.0,47625.0,381.0,20.0,143.0,262.0,119.0,1.0148393482564337,-70.0,213.0,181,350.0,34,0.0
35007,ES 06-26,1780343400016,1780343400156,Predator,-1,7616.75,7614.25,10.0,457,436,1,0.30701754385964913,140.0,4750.0,665.0,11.0,-167.0,249.0,416.0,-0.4775757679388576,11.0,-178.0,406,584.0,73,0.0
35008,ES 06-26,1780343401196,1780343401224,Absorb,-1,7614.75,7614.0,3.0,135,131,1,0.208955223880597,28.0,8892.857142857143,249.0,41.0,-117.0,66.0,183.0,-1.4999902448541607,-25.0,-92.0,125,226.0,66,0.0
35009,ES 06-26,1780343401440,1780343401624,Absorb,-1,7614.5,7613.75,3.0,120,114,1,1.546218487394958,184.0,1244.5652173913043,229.0,28.0,-123.0,53.0,176.0,-1.0639315230224322,-109.0,-14.0,107,194.0,58,0.0
35010,ES 06-26,1780343549992,1780343550136,Predator,-1,7614.0,7612.75,5.0,267,254,1,0.5413533834586466,144.0,2347.2222222222226,338.0,5.0,-64.0,137.0,201.0,-0.23835204311298117,-112.0,48.0,238,308.0,96,0.0
35011,ES 06-26,1780343570992,1780343570996,Absorb,-1,7613.0,7612.5,2.0,155,154,1,0.025974025974025976,4.0,63750.0,255.0,11.0,-245.0,5.0,250.0,-1.6459314878669717,-116.0,-129.0,151,247.0,58,0.0
35012,ES 06-26,1780343580424,1780343580436,Absorb,-1,7613.5,7613.0,2.0,160,157,1,0.07547169811320754,12.0,27083.333333333332,325.0,55.0,271.0,298.0,27.0,2.0962703621235206,75.0,196.0,155,316.0,89,0.0
35013,ES 06-26,1780343590012,1780343590076,Absorb,-1,7613.5,7613.0,2.0,169,166,1,0.38095238095238093,64.0,3781.25,242.0,16.0,154.0,198.0,44.0,1.214303117696783,39.0,115.0,164,234.0,106,0.0
35014,ES 06-26,1780343600044,1780343600064,Absorb,1,7614.0,7613.5,2.0,141,140,1,0.14285714285714285,20.0,11650.0,233.0,21.0,229.0,231.0,2.0,1.7954792585299029,93.0,136.0,136,227.0,73,0.0
35015,ES 06-26,1780343650004,1780343650280,Absorb,1,7613.75,7612.75,4.0,341,336,1,0.8117647058823529,276.0,1887.6811594202898,521.0,17.0,-3.0,259.0,262.0,-0.3352944202839339,177.0,-180.0,327,488.0,222,0.0
35016,ES 06-26,1780343680008,1780343680160,Absorb,-1,7612.25,7611.75,2.0,544,530,1,0.27992633517495397,152.0,5572.368421052632,847.0,20.0,-301.0,273.0,574.0,-0.4709807598846726,-326.0,25.0,514,792.0,279,0.0
35017,ES 06-26,1780343690008,1780343690084,Absorb,-1,7611.25,7610.75,2.0,194,191,1,0.39378238341968913,76.0,4723.684210526316,359.0,35.0,-247.0,56.0,303.0,-1.6947656477916613,-220.0,-27.0,186,350.0,127,0.0
35018,ES 06-26,1780343700000,1780343700196,Absorb,1,7611.75,7610.75,4.0,505,494,1,0.3888888888888889,196.0,4076.530612244898,799.0,21.0,-131.0,334.0,465.0,-0.7166990922694754,-135.0,4.0,484,758.0,136,0.0
35019,ES 06-26,1780343737308,1780343737372,Absorb,1,7611.0,7610.75,1.0,102,101,1,0.6336633663366337,64.0,3125.0,200.0,24.0,-80.0,60.0,140.0,-1.3332296679125366,35.0,-115.0,99,175.0,101,0.0
35020,ES 06-26,1780343814720,1780343814832,Absorb,-1,7611.25,7611.25,0.0,109,109,1,1.037037037037037,112.0,1919.642857142857,215.0,20.0,215.0,215.0,0.0,1.8436382170327124,117.0,98.0,108,210.0,109,0.0
35021,ES 06-26,1780343826744,1780343826768,Absorb,1,7611.25,7611.0,1.0,178,178,1,0.13559322033898305,24.0,11750.0,282.0,14.0,282.0,282.0,0.0,1.6564166016794886,138.0,144.0,176,277.0,137,0.0
35022,ES 06-26,1780343881832,1780343881920,Absorb,-1,7611.75,7611.5,1.0,151,148,1,0.5866666666666667,88.0,3068.1818181818185,270.0,14.0,266.0,268.0,2.0,1.787392819797839,147.0,119.0,145,262.0,85,0.0
35023,ES 06-26,1780343892704,1780343892716,Absorb,-1,7612.25,7611.75,2.0,119,118,1,0.1016949152542373,12.0,26000.0,312.0,91.0,-310.0,1.0,311.0,-3.1224469448796466,-99.0,-211.0,115,306.0,110,0.0
35024,ES 06-26,1780343911008,1780343911124,Absorb,-1,7612.0,7611.75,1.0,73,71,1,1.6111111111111112,116.0,1862.0689655172414,216.0,36.0,-206.0,5.0,211.0,-3.5025299271874615,-143.0,-63.0,68,204.0,71,0.0
35025,ES 06-26,1780343935140,1780343935192,Absorb,-1,7612.25,7612.25,0.0,109,109,1,0.48148148148148145,52.0,4865.384615384615,253.0,30.0,253.0,253.0,0.0,2.1486609211379855,144.0,109.0,108,223.0,109,0.0
35026,ES 06-26,1780343938992,1780343939164,Absorb,-1,7612.5,7612.25,1.0,109,107,1,1.5925925925925926,172.0,1622.0930232558142,279.0,29.0,-261.0,9.0,270.0,-2.285302566953943,-75.0,-186.0,104,272.0,100,0.0
35027,ES 06-26,1780343940008,1780343940188,Absorb,-1,7613.0,7612.25,3.0,244,238,1,0.7407407407407407,180.0,3166.666666666667,570.0,25.0,526.0,548.0,22.0,2.5332453564303683,222.0,304.0,233,557.0,152,0.0
35028,ES 06-26,1780343943192,1780343943228,Absorb,-1,7613.0,7612.75,1.0,92,91,1,0.3956043956043956,36.0,5694.444444444445,205.0,10.0,-203.0,1.0,204.0,-2.413328606876994,-129.0,-74.0,90,203.0,91,0.0
35029,ES 06-26,1780343945764,1780343945900,Absorb,-1,7613.0,7612.75,1.0,139,138,1,0.9855072463768116,136.0,1647.0588235294117,224.0,6.0,208.0,216.0,8.0,1.525912686000268,103.0,105.0,135,215.0,136,0.0
35030,ES 06-26,1780343946336,1780343946344,Absorb,-1,7613.25,7613.25,0.0,119,119,1,0.06779661016949153,8.0,32500.0,260.0,32.0,260.0,260.0,0.0,2.32952570858852,127.0,133.0,118,259.0,119,0.0
35031,ES 06-26,1780343947688,1780343947768,Absorb,-1,7613.25,7613.25,0.0,92,92,1,0.8791208791208791,80.0,2762.5,221.0,30.0,-221.0,0.0,221.0,-2.249556894718185,-125.0,-96.0,91,220.0,92,0.0
35032,ES 06-26,1780343948920,1780343948960,Absorb,-1,7613.5,7613.5,0.0,114,114,1,0.35398230088495575,40.0,5825.0,233.0,21.0,233.0,233.0,0.0,1.9055790688726433,118.0,115.0,113,232.0,114,0.0
35033,ES 06-26,1780343950800,1780343950864,Absorb,-1,7613.75,7613.5,1.0,115,113,1,0.5614035087719298,64.0,4015.625,257.0,25.0,237.0,247.0,10.0,2.2237749546279493,124.0,113.0,110,246.0,110,0.0
35034,ES 06-26,1780343952932,1780343953060,Absorb,-1,7614.25,7614.0,1.0,159,158,1,0.810126582278481,128.0,3023.4375,387.0,69.0,-383.0,2.0,385.0,-2.435783377119656,-226.0,-157.0,156,383.0,157,0.0
35035,ES 06-26,1780343954956,1780343955200,Absorb,-1,7614.25,7613.75,2.0,131,128,1,1.876923076923077,244.0,1143.4426229508197,279.0,12.0,-215.0,32.0,247.0,-1.8025302941333476,-161.0,-54.0,124,268.0,109,0.0
35036,ES 06-26,1780343958164,1780343958284,Absorb,-1,7613.75,7613.5,1.0,129,128,1,0.9375,120.0,2266.666666666667,272.0,10.0,106.0,189.0,83.0,1.3095986135957067,-18.0,124.0,126,269.0,128,0.0
35037,ES 06-26,1780343959452,1780343959500,Absorb,-1,7613.5,7613.0,2.0,135,135,1,0.3582089552238806,48.0,7354.166666666666,353.0,44.0,-353.0,0.0,353.0,-2.5744415179006928,-194.0,-159.0,132,348.0,76,0.0
35038,ES 06-26,1780343961816,1780343961968,Absorb,1,7613.0,7612.75,1.0,91,89,1,1.6888888888888889,152.0,1868.421052631579,284.0,85.0,280.0,282.0,2.0,2.673817486860965,194.0,86.0,87,280.0,89,0.0
35039,ES 06-26,1780343965000,1780343965084,Absorb,-1,7613.75,7613.5,1.0,141,138,1,0.6,84.0,3785.7142857142853,318.0,11.0,290.0,304.0,14.0,2.340733764287855,167.0,123.0,133,297.0,136,0.0
35040,ES 06-26,1780343966344,1780343966364,Absorb,-1,7614.0,7613.75,1.0,79,79,1,0.2564102564102564,20.0,10000.0,200.0,23.0,198.0,199.0,1.0,2.720545277507303,79.0,119.0,77,198.0,78,0.0
35041,ES 06-26,1780343969000,1780343969084,Absorb,-1,7614.25,7613.75,2.0,185,182,1,0.45652173913043476,84.0,4238.095238095238,356.0,19.0,154.0,255.0,101.0,0.790527273416474,158.0,-4.0,179,348.0,135,0.0
35042,ES 06-26,1780343969804,1780343969876,Absorb,-1,7614.25,7614.0,1.0,106,105,1,0.6857142857142857,72.0,3666.666666666667,264.0,58.0,-58.0,103.0,161.0,-0.4126206010529763,-151.0,93.0,103,247.0,104,0.0
35043,ES 06-26,1780343970004,1780343970120,Absorb,-1,7614.25,7613.75,2.0,220,213,1,0.5296803652968036,116.0,4025.862068965517,467.0,26.0,-135.0,166.0,301.0,-0.9430630610324405,5.0,-140.0,204,425.0,93,0.0
35044,ES 06-26,1780343971144,1780343971196,Absorb,-1,7613.5,7613.25,1.0,78,77,1,0.6753246753246753,52.0,4615.384615384615,240.0,43.0,-238.0,1.0,239.0,-3.3361195766259057,-107.0,-131.0,75,237.0,77,0.0
35045,ES 06-26,1780343972012,1780343972204,Absorb,1,7614.25,7613.75,2.0,174,171,1,1.1098265895953756,192.0,2260.4166666666665,434.0,36.0,368.0,401.0,33.0,2.2037518152566986,207.0,161.0,167,423.0,95,0.0
35046,ES 06-26,1780343972612,1780343972620,Absorb,-1,7614.25,7614.25,0.0,120,120,1,0.06722689075630252,8.0,34375.0,275.0,45.0,275.0,275.0,0.0,2.3723730814639907,147.0,128.0,119,274.0,120,0.0
35047,ES 06-26,1780343973020,1780343973068,Absorb,-1,7614.25,7613.75,2.0,104,103,1,0.46601941747572817,48.0,7541.666666666666,362.0,46.0,32.0,197.0,165.0,0.06835591592873146,-160.0,192.0,100,342.0,99,0.0
35048,ES 06-26,1780343973612,1780343973636,Absorb,-1,7613.75,7613.75,0.0,149,149,1,0.16216216216216217,24.0,14500.0,348.0,28.0,-348.0,0.0,348.0,-2.176361327770724,-204.0,-144.0,148,347.0,149,0.0
35049,ES 06-26,1780343974000,1780343974076,Absorb,1,7613.75,7613.75,0.0,116,116,1,0.6608695652173913,76.0,4263.1578947368425,324.0,41.0,324.0,324.0,0.0,3.038057894129858,159.0,165.0,115,323.0,116,0.0
35050,ES 06-26,1780343974576,1780343974612,Absorb,-1,7613.75,7613.75,0.0,81,81,1,0.45,36.0,6527.777777777778,235.0,50.0,-235.0,0.0,235.0,-3.1441734417344174,-93.0,-142.0,80,234.0,81,0.0
35051,ES 06-26,1780343974924,1780343975100,Absorb,-1,7614.0,7613.5,2.0,223,216,1,0.7927927927927928,176.0,3806.818181818182,670.0,54.0,220.0,445.0,225.0,1.562154803746732,172.0,48.0,209,626.0,138,0.0
35052,ES 06-26,1780343975952,1780343976012,Absorb,-1,7613.5,7613.25,1.0,108,106,1,0.5607476635514018,60.0,6966.666666666667,418.0,61.0,-414.0,2.0,416.0,-4.5299189269008355,-224.0,-190.0,103,396.0,106,0.0
35053,ES 06-26,1780343977968,1780343978060,Absorb,-1,7614.0,7613.5,2.0,101,99,1,0.92,92.0,3402.1739130434785,313.0,28.0,103.0,208.0,105.0,1.7586022131624928,111.0,-8.0,97,304.0,89,0.0
35054,ES 06-26,1780343978952,1780343979072,Absorb,-1,7613.75,7613.25,2.0,71,70,1,1.7142857142857142,120.0,1700.0,204.0,33.0,-196.0,4.0,200.0,-2.930147551978538,-79.0,-117.0,67,185.0,66,0.0
35055,ES 06-26,1780343980000,1780343980240,Absorb,-1,7613.5,7613.0,2.0,416,413,1,0.5783132530120482,240.0,3795.8333333333335,911.0,54.0,259.0,585.0,326.0,1.0199290243430834,-60.0,319.0,408,893.0,399,0.0
35056,ES 06-26,1780343980516,1780343980540,Absorb,-1,7613.25,7613.0,1.0,69,68,1,0.35294117647058826,24.0,8666.666666666666,208.0,24.0,206.0,207.0,1.0,2.883339422725612,125.0,81.0,66,203.0,68,0.0
35057,ES 06-26,1780343980944,1780343981040,Absorb,-1,7613.5,7613.0,2.0,158,155,1,0.6114649681528662,96.0,4218.75,405.0,33.0,49.0,227.0,178.0,-0.2541305435842515,95.0,-46.0,152,382.0,114,0.0
35058,ES 06-26,1780343981940,1780343982140,Absorb,-1,7613.0,7612.75,1.0,328,325,1,0.6116207951070336,200.0,4340.0,868.0,62.0,-596.0,136.0,732.0,-2.1910625783428017,-447.0,-149.0,320,850.0,168,0.0
35059,ES 06-26,1780343982716,1780343982732,Absorb,-1,7613.0,7612.75,1.0,94,92,1,0.17204301075268819,16.0,17437.5,279.0,26.0,-209.0,35.0,244.0,-2.1546653180652386,-127.0,-82.0,89,250.0,84,0.0
35060,ES 06-26,1780343983144,1780343983248,Absorb,-1,7612.75,7612.25,2.0,88,86,1,1.1954022988505748,104.0,2115.3846153846157,220.0,29.0,-62.0,79.0,141.0,-0.7253354936423515,-129.0,67.0,84,216.0,84,0.0
35061,ES 06-26,1780343984024,1780343984084,Absorb,-1,7613.0,7612.5,2.0,237,235,1,0.2542372881355932,60.0,10050.0,603.0,30.0,-189.0,207.0,396.0,-0.1268572221851624,-125.0,-64.0,231,590.0,148,0.0
35062,ES 06-26,1780343986008,1780343986264,Absorb,-1,7612.25,7611.75,2.0,94,89,1,2.752688172043011,256.0,1148.4375,294.0,38.0,-94.0,100.0,194.0,-0.7759852617129647,-160.0,66.0,82,265.0,86,0.0
35063,ES 06-26,1780343986724,1780343986744,Absorb,-1,7612.25,7612.0,1.0,74,73,1,0.273972602739726,20.0,14050.0,281.0,55.0,-123.0,79.0,202.0,-1.8805627545353574,-123.0,0.0,71,272.0,70,0.0
35064,ES 06-26,1780343986916,1780343987156,Absorb,-1,7612.75,7612.25,2.0,184,180,1,1.3114754098360655,240.0,2200.0,528.0,45.0,320.0,424.0,104.0,2.1262680356764463,243.0,77.0,176,511.0,90,0.0
35065,ES 06-26,1780343987424,1780343987656,Absorb,-1,7612.5,7612.25,1.0,114,110,1,2.0530973451327434,232.0,1387.9310344827586,322.0,21.0,38.0,180.0,142.0,1.2868633685020554,-16.0,54.0,106,296.0,65,0.0
35066,ES 06-26,1780343987820,1780343988088,Absorb,-1,7612.5,7612.0,2.0,207,202,1,1.3009708737864079,268.0,2324.6268656716416,623.0,53.0,-585.0,19.0,604.0,-2.8054017707352448,-225.0,-360.0,194,593.0,120,0.0
35067,ES 06-26,1780343989936,1780343990116,Absorb,-1,7613.25,7612.5,3.0,438,424,1,0.41189931350114417,180.0,6838.88888888889,1231.0,44.0,163.0,697.0,534.0,-0.2516426995561939,292.0,-129.0,411,1156.0,310,0.0
35068,ES 06-26,1780343993860,1780343994132,Absorb,-1,7612.25,7611.75,2.0,444,436,1,0.6139954853273137,272.0,4253.676470588235,1157.0,48.0,-223.0,467.0,690.0,-0.35411855917093443,-288.0,65.0,427,1131.0,330,0.0
35069,ES 06-26,1780343995868,1780343996040,Absorb,-1,7613.0,7612.25,3.0,223,214,1,0.7747747747747747,172.0,3680.2325581395353,633.0,30.0,379.0,506.0,127.0,2.1908350935817302,90.0,289.0,204,565.0,99,0.0
35070,ES 06-26,1780343996136,1780343996292,Absorb,-1,7612.75,7612.25,2.0,159,157,1,0.9873417721518988,156.0,3358.974358974359,524.0,40.0,-474.0,25.0,499.0,-2.9304454263195607,-159.0,-315.0,153,515.0,85,0.0
35071,ES 06-26,1780343996344,1780343996568,Absorb,-1,7612.5,7612.0,2.0,197,194,1,1.1428571428571428,224.0,2272.3214285714284,509.0,27.0,-177.0,166.0,343.0,-0.8107528198173594,36.0,-213.0,190,491.0,166,0.0
35072,ES 06-26,1780343996624,1780343996736,Absorb,-1,7612.0,7611.75,1.0,71,70,1,1.6,112.0,2348.214285714286,263.0,100.0,-255.0,4.0,259.0,-4.46747149564051,-180.0,-75.0,67,237.0,48,0.0
35073,ES 06-26,1780343997344,1780343997552,Absorb,-1,7612.75,7612.25,2.0,296,288,1,0.7050847457627119,208.0,3908.653846153846,813.0,30.0,399.0,606.0,207.0,1.1182787564143497,273.0,126.0,279,764.0,249,0.0
35074,ES 06-26,1780343997624,1780343997872,Absorb,-1,7613.25,7612.5,3.0,174,168,1,1.4335260115606936,248.0,2741.935483870968,680.0,29.0,492.0,586.0,94.0,2.750233207095874,193.0,299.0,164,618.0,95,0.0
35075,ES 06-26,1780343999348,1780343999588,Absorb,-1,7614.5,7613.75,3.0,1108,1065,1,0.21680216802168023,240.0,20166.666666666668,4840.0,58.0,-558.0,2141.0,2699.0,-0.7209366943975274,292.0,-850.0,1022,4388.0,698,0.0
35076,ES 06-26,1780344001000,1780344001120,Absorb,-1,7614.75,7614.5,1.0,82,79,1,1.4814814814814814,120.0,2783.3333333333335,334.0,63.0,-178.0,78.0,256.0,-2.013136557068382,-174.0,-4.0,75,304.0,58,0.0
35077,ES 06-26,1780344002592,1780344002812,Absorb,-1,7614.75,7614.25,2.0,84,82,1,2.6506024096385543,220.0,1390.909090909091,306.0,60.0,162.0,234.0,72.0,2.9357800951705983,173.0,-11.0,80,298.0,78,0.0
35078,ES 06-26,1780344004476,1780344004480,Absorb,-1,7614.5,7614.5,0.0,50,50,1,0.08163265306122448,4.0,58500.0,234.0,40.0,-234.0,0.0,234.0,-3.809795918367347,-156.0,-78.0,49,205.0,50,0.0
35079,ES 06-26,1780344005064,1780344005268,Absorb,-1,7615.0,7614.0,4.0,182,176,1,1.12707182320442,204.0,3480.392156862745,710.0,59.0,-342.0,184.0,526.0,-2.1342090569515624,-419.0,77.0,168,616.0,84,0.0
35080,ES 06-26,1780344010284,1780344010288,Absorb,-1,7613.5,7613.5,0.0,88,88,1,0.04597701149425287,4.0,58750.0,235.0,31.0,-235.0,0.0,235.0,-2.8602726216054384,-168.0,-67.0,87,234.0,88,0.0
35081,ES 06-26,1780344300008,1780344300184,Absorb,-1,7615.5,7614.75,3.0,125,120,1,1.4193548387096775,176.0,1312.5,231.0,13.0,195.0,213.0,18.0,1.6145007680491552,118.0,77.0,115,210.0,75,0.0
35082,ES 06-26,1780346393280,1780346393300,Absorb,-1,7613.5,7613.25,1.0,90,89,1,0.2247191011235955,20.0,12000.0,240.0,65.0,-238.0,1.0,239.0,-2.7155451290282753,-135.0,-103.0,86,234.0,68,0.0
35083,ES 06-26,1780346704348,1780346704368,Predator,-1,7614.5,7613.0,6.0,131,130,1,0.15384615384615385,20.0,25300.0,506.0,250.0,-480.0,13.0,493.0,-4.4884802220680085,-341.0,-139.0,123,486.0,26,0.0
35084,ES 06-26,1780347272640,1780347272652,Predator,-1,7608.25,7607.0,5.0,139,137,1,0.08695652173913043,12.0,23750.0,285.0,25.0,-217.0,34.0,251.0,-2.022047455203539,-171.0,-46.0,131,252.0,36,0.0
35085,ES 06-26,1780357154208,1780357154212,Predator,-1,7598.25,7595.75,10.0,162,151,1,0.024844720496894408,4.0,75750.0,303.0,30.0,301.0,302.0,1.0,1.8191136684068132,130.0,171.0,149,286.0,22,0.0
35086,ES 06-26,1780357154212,1780357154324,Predator,-1,7599.0,7597.75,5.0,255,241,1,0.4409448818897638,112.0,2544.642857142857,285.0,6.0,-139.0,73.0,212.0,-0.6129088987957387,4.0,-143.0,225,254.0,84,0.0
35087,ES 06-26,1780358756328,1780358756460,Predator,-1,7594.75,7591.5,13.0,274,255,1,0.4835164835164835,132.0,2712.121212121212,358.0,5.0,282.0,320.0,38.0,1.2558740529543448,177.0,105.0,245,324.0,35,0.0
35088,ES 06-26,1780363792920,1780363792928,Predator,-1,7583.0,7578.75,17.0,250,242,1,0.0321285140562249,8.0,40750.0,326.0,10.0,-284.0,21.0,305.0,-1.200988047808765,-150.0,-134.0,217,276.0,29,0.0
35089,ES 06-26,1780363792936,1780363793196,Absorb,-1,7579.75,7578.75,4.0,181,165,1,1.4444444444444444,260.0,915.3846153846154,238.0,8.0,20.0,129.0,109.0,0.12786108918705605,31.0,-11.0,148,192.0,96,0.0
35090,ES 06-26,1780364605388,1780364605392,Predator,-1,7584.25,7580.5,15.0,289,269,1,0.013888888888888888,4.0,153500.0,614.0,32.0,104.0,359.0,255.0,0.5173343475321163,196.0,-92.0,259,560.0,44,0.0
35091,ES 06-26,1780364605396,1780364605544,Predator,-1,7585.0,7583.75,5.0,285,268,1,0.5211267605633803,148.0,2567.5675675675675,380.0,16.0,-178.0,101.0,279.0,-0.7739791713105278,-80.0,-98.0,248,339.0,95,0.0
35092,ES 06-26,1780369795064,1780369795172,Absorb,-1,7580.25,7579.75,2.0,166,164,1,0.6545454545454545,108.0,6203.7037037037035,670.0,400.0,626.0,648.0,22.0,3.5014015780049976,147.0,479.0,162,666.0,134,0.0
35093,ES 06-26,1780372403056,1780372403180,Absorb,-1,7582.25,7581.75,2.0,112,110,1,1.117117117117117,124.0,2733.8709677419356,339.0,200.0,283.0,311.0,28.0,3.305023576041275,80.0,203.0,107,334.0,75,0.0
35094,ES 06-26,1780373182072,1780373182152,Absorb,-1,7584.25,7583.5,3.0,188,177,1,0.42780748663101603,80.0,2787.5,223.0,8.0,141.0,182.0,41.0,0.6288993998631045,91.0,50.0,167,198.0,111,0.0
35095,ES 06-26,1780375599272,1780375599280,Absorb,-1,7587.0,7586.75,1.0,94,93,1,0.08602150537634409,8.0,33500.0,268.0,150.0,268.0,268.0,0.0,2.698067405989235,59.0,209.0,92,266.0,69,0.0
35096,ES 06-26,1780380061892,1780380062000,Predator,-1,7596.25,7595.0,5.0,170,161,1,0.6390532544378699,108.0,2453.703703703704,265.0,26.0,83.0,174.0,91.0,0.22893729276201294,115.0,-32.0,155,231.0,70,0.0
35097,ES 06-26,1780380316772,1780380316796,Absorb,-1,7596.25,7596.0,1.0,53,52,1,0.46153846153846156,24.0,15166.666666666666,364.0,300.0,294.0,329.0,35.0,5.706579583938074,328.0,-34.0,50,357.0,30,0.0
35098,ES 06-26,1780380339556,1780380339604,Predator,-1,7598.0,7596.75,5.0,138,132,1,0.35036496350364965,48.0,6645.833333333333,319.0,50.0,-67.0,126.0,193.0,-0.5602332478669556,105.0,-172.0,128,300.0,48,0.0
35099,ES 06-26,1780382159652,1780382159656,Predator,-1,7599.0,7596.5,10.0,181,170,1,0.022222222222222223,4.0,108750.0,435.0,79.0,417.0,426.0,9.0,2.224042256086455,105.0,312.0,168,412.0,25,0.0
35100,ES 06-26,1780388602052,1780388602060,Predator,-1,7606.75,7605.5,5.0,136,124,1,0.05925925925925926,8.0,27625.0,221.0,38.0,75.0,148.0,73.0,0.7722031391632078,97.0,-22.0,115,151.0,54,0.0
35101,ES 06-26,1780388602060,1780388602244,Absorb,-1,7607.0,7606.0,4.0,125,118,1,1.4838709677419355,184.0,1565.2173913043478,288.0,139.0,-130.0,79.0,209.0,-0.3190291858678955,-150.0,20.0,108,124.0,60,0.0
35102,ES 06-26,1780393200772,1780393200972,Predator,-1,7599.75,7598.5,5.0,241,229,1,0.8333333333333334,200.0,1355.0,271.0,3.0,17.0,144.0,127.0,0.26448167072459794,-43.0,60.0,214,241.0,106,0.0
35103,ES 06-26,1780398266284,1780398266352,Absorb,-1,7597.0,7596.5,2.0,146,143,1,0.4689655172413793,68.0,5602.941176470587,381.0,196.0,83.0,232.0,149.0,0.20714719520306943,-82.0,165.0,139,178.0,81,0.0
35104,ES 06-26,1780398736192,1780398736196,Predator,1,7601.75,7599.0,11.0,210,209,1,0.019138755980861243,4.0,81500.0,326.0,8.0,318.0,322.0,4.0,1.6118836513947514,163.0,155.0,197,308.0,24,0.0
35105,ES 06-26,1780400028580,1780400028764,Predator,-1,7604.5,7600.0,18.0,548,519,1,0.33638025594149906,184.0,4309.782608695652,793.0,10.0,335.0,564.0,229.0,0.7751717480672987,431.0,-96.0,499,732.0,73,0.0
35106,ES 06-26,1780400077476,1780400077572,Predator,-1,7601.5,7599.0,10.0,284,277,1,0.3392226148409894,96.0,4218.75,405.0,8.0,-197.0,104.0,301.0,-0.9514460390761904,-213.0,16.0,261,377.0,81,0.0
35107,ES 06-26,1780402882796,1780402882800,Predator,1,7602.0,7600.0,8.0,170,169,1,0.023668639053254437,4.0,67000.0,268.0,10.0,266.0,267.0,1.0,1.6594854696783727,136.0,130.0,160,253.0,23,0.0
35108,ES 06-26,1780402906348,1780402906352,Predator,-1,7603.0,7601.0,8.0,152,143,1,0.026490066225165563,4.0,66750.0,267.0,38.0,233.0,250.0,17.0,1.8054114639930563,104.0,129.0,140,250.0,22,0.0
35109,ES 06-26,1780405695324,1780405695588,Absorb,-1,7593.75,7592.75,4.0,281,276,1,0.9428571428571428,264.0,1632.5757575757575,431.0,44.0,-45.0,193.0,238.0,-0.35086101526246904,-196.0,151.0,267,410.0,173,0.0
35110,ES 06-26,1780405723292,1780405723432,Predator,-1,7591.25,7588.25,12.0,369,354,1,0.3804347826086957,140.0,3435.7142857142853,481.0,11.0,-93.0,194.0,287.0,-0.36474950560316416,-177.0,84.0,328,433.0,95,0.0
35111,ES 06-26,1780405741180,1780405741288,Absorb,1,7592.25,7591.5,3.0,182,176,1,0.5966850828729282,108.0,1990.7407407407409,215.0,3.0,-31.0,92.0,123.0,-0.24457889723717094,77.0,-108.0,169,200.0,88,0.0
35112,ES 06-26,1780406700008,1780406700124,Absorb,-1,7597.75,7597.0,3.0,183,180,1,0.6373626373626373,116.0,1939.655172413793,225.0,5.0,143.0,184.0,41.0,0.7854832266806607,30.0,113.0,177,212.0,71,0.0
35113,ES 06-26,1780407002120,1780407002316,Absorb,-1,7599.5,7598.75,3.0,180,175,1,1.094972067039106,196.0,1188.7755102040817,233.0,10.0,17.0,125.0,108.0,0.15611592950399703,-93.0,110.0,171,219.0,83,0.0
35114,ES 06-26,1780407004908,1780407005068,Absorb,-1,7599.75,7599.5,1.0,121,118,1,1.3333333333333333,160.0,1450.0,232.0,19.0,198.0,215.0,17.0,1.7474461455087387,132.0,66.0,115,225.0,91,0.0
35115,ES 06-26,1780407008232,1780407008328,Predator,-1,7599.5,7597.25,9.0,228,218,1,0.42290748898678415,96.0,3572.9166666666665,343.0,12.0,-235.0,54.0,289.0,-0.8817255033781287,-82.0,-153.0,200,303.0,60,0.0
35116,ES 06-26,1780407083132,1780407083216,Absorb,-1,7601.25,7600.5,3.0,191,185,1,0.4421052631578947,84.0,3226.190476190476,271.0,10.0,21.0,146.0,125.0,0.10725750895563516,113.0,-92.0,179,255.0,88,0.0
35117,ES 06-26,1780407203148,1780407203284,Absorb,-1,7603.0,7602.0,4.0,204,197,1,0.6699507389162561,136.0,1911.7647058823527,260.0,6.0,-120.0,70.0,190.0,-0.7681089256560488,-135.0,15.0,187,242.0,91,0.0
35118,ES 06-26,1780407215972,1780407216032,Absorb,-1,7602.75,7602.5,1.0,130,129,1,0.46511627906976744,60.0,4933.333333333334,296.0,30.0,296.0,296.0,0.0,2.5640907290827406,173.0,123.0,128,294.0,117,0.0
35119,ES 06-26,1780407216100,1780407216164,Absorb,-1,7603.25,7602.75,2.0,97,92,1,0.6666666666666666,64.0,9890.625,633.0,500.0,515.0,574.0,59.0,3.5366479065853147,548.0,-33.0,87,618.0,53,0.0
35120,ES 06-26,1780407257164,1780407257268,Absorb,-1,7603.75,7602.75,4.0,184,181,1,0.5683060109289617,104.0,2682.6923076923076,279.0,10.0,-229.0,25.0,254.0,-1.2898537882144439,-125.0,-104.0,174,253.0,84,0.0
35121,ES 06-26,1780407257504,1780407257636,Absorb,-1,7603.5,7603.0,2.0,68,65,1,1.9701492537313432,132.0,3265.151515151515,431.0,341.0,403.0,417.0,14.0,1.8538763980608466,386.0,17.0,62,414.0,60,0.0
35122,ES 06-26,1780407300172,1780407300376,Absorb,-1,7602.75,7601.75,4.0,362,348,1,0.5650969529085873,204.0,2416.666666666667,493.0,10.0,-63.0,215.0,278.0,-0.19266604024329578,10.0,-73.0,334,459.0,133,0.0
35123,ES 06-26,1780407600720,1780407600900,Predator,-1,7597.5,7596.0,6.0,736,686,1,0.24489795918367346,180.0,5127.777777777778,923.0,9.0,-191.0,366.0,557.0,-0.29736580166843446,-263.0,72.0,631,795.0,313,0.0
35124,ES 06-26,1780408355620,1780408355700,Absorb,-1,7603.0,7602.5,2.0,199,196,1,0.40404040404040403,80.0,3075.0,246.0,5.0,-236.0,5.0,241.0,-1.1706730622811026,-112.0,-124.0,190,235.0,139,0.0
35125,ES 06-26,1780408367360,1780408367432,Absorb,-1,7603.25,7602.75,2.0,268,264,1,0.2696629213483146,72.0,13083.333333333334,942.0,477.0,736.0,839.0,103.0,3.692105343546667,306.0,430.0,259,456.0,220,0.0
35126,ES 06-26,1780408559856,1780408559952,Absorb,-1,7601.75,7601.5,1.0,180,179,1,0.5363128491620112,96.0,2385.4166666666665,229.0,6.0,-227.0,1.0,228.0,-1.2531909421072667,-126.0,-101.0,177,226.0,167,0.0
35127,ES 06-26,1780408832128,1780408832324,Absorb,-1,7601.25,7600.75,2.0,189,189,1,1.0425531914893618,196.0,1270.408163265306,249.0,7.0,-249.0,0.0,249.0,-1.3725163973764198,-133.0,-116.0,186,246.0,152,0.0
35128,ES 06-26,1780409525304,1780409525320,Absorb,1,7610.0,7609.5,2.0,165,164,1,0.0975609756097561,16.0,15687.5,251.0,15.0,157.0,204.0,47.0,1.2800764031736702,133.0,24.0,161,247.0,82,0.0
35129,ES 06-26,1780409626760,1780409626792,Absorb,-1,7611.25,7611.0,1.0,106,105,1,0.3047619047619048,32.0,6656.25,213.0,67.0,-187.0,13.0,200.0,-1.4566944605385796,-50.0,-137.0,102,206.0,77,0.0
35130,ES 06-26,1780409721828,1780409721856,Absorb,-1,7610.5,7610.0,2.0,144,141,1,0.1958041958041958,28.0,9250.0,259.0,50.0,181.0,220.0,39.0,1.4364741580258822,158.0,23.0,138,245.0,70,0.0
35131,ES 06-26,1780409798808,1780409798988,Predator,-1,7610.75,7609.25,6.0,280,267,1,0.6451612903225806,180.0,1961.111111111111,353.0,5.0,147.0,250.0,103.0,0.7089126501249104,139.0,8.0,258,320.0,89,0.0
35132,ES 06-26,1780409979436,1780409979536,Absorb,-1,7610.75,7610.25,2.0,194,190,1,0.5181347150259067,100.0,2400.0,240.0,7.0,230.0,235.0,5.0,1.2230921260780776,115.0,115.0,186,230.0,81,0.0
35133,ES 06-26,1780410116144,1780410116216,Absorb,-1,7610.0,7609.25,3.0,214,211,1,0.3380281690140845,72.0,3875.0000000000005,279.0,7.0,-107.0,86.0,193.0,-0.7202677923660197,-138.0,31.0,205,264.0,96,0.0
35134,ES 06-26,1780410325216,1780410325232,Predator,-1,7609.5,7607.25,9.0,292,272,1,0.054982817869415807,16.0,24125.0,386.0,10.0,294.0,340.0,46.0,1.0792280259676788,179.0,115.0,260,352.0,48,0.0
35135,ES 06-26,1780410325232,1780410325240,Absorb,-1,7610.0,7609.25,3.0,166,156,1,0.048484848484848485,8.0,30750.0,246.0,25.0,70.0,158.0,88.0,0.4520518656006716,4.0,66.0,145,191.0,71,0.0
35136,ES 06-26,1780410325240,1780410325436,Absorb,-1,7610.5,7609.5,4.0,444,426,1,0.44243792325056436,196.0,3040.816326530612,596.0,28.0,-78.0,259.0,337.0,0.14970581965027396,-70.0,-8.0,408,559.0,190,0.0
35137,ES 06-26,1780410406640,1780410406656,Absorb,-1,7605.75,7604.75,4.0,217,213,1,0.07407407407407407,16.0,36812.5,589.0,172.0,57.0,323.0,266.0,0.15024403763675737,-137.0,194.0,206,556.0,86,0.0
35138,ES 06-26,1780410425756,1780410425772,Absorb,-1,7605.0,7604.25,3.0,133,130,1,0.12121212121212122,16.0,15000.0,240.0,22.0,-66.0,87.0,153.0,-0.9439252813172687,-91.0,25.0,125,212.0,52,0.0
35139,ES 06-26,1780410443500,1780410443508,Absorb,-1,7604.5,7604.0,2.0,110,108,1,0.07339449541284404,8.0,42000.0,336.0,45.0,-176.0,80.0,256.0,-1.6053197484390145,-245.0,69.0,107,332.0,47,0.0
35140,ES 06-26,1780410631964,1780410631972,Predator,-1,7606.5,7605.25,5.0,181,180,1,0.044444444444444446,8.0,30750.0,246.0,8.0,-244.0,1.0,245.0,-1.3304859045190538,-128.0,-116.0,174,236.0,41,0.0
35141,ES 06-26,1780411359408,1780411359480,Absorb,-1,7613.75,7612.75,4.0,288,283,1,0.2508710801393728,72.0,10430.555555555557,751.0,327.0,29.0,390.0,361.0,-0.4586485598543578,-130.0,159.0,275,389.0,149,0.0
35142,ES 06-26,1780411538892,1780411538996,Absorb,-1,7616.75,7616.25,2.0,150,147,1,0.697986577181208,104.0,2125.0,221.0,15.0,-147.0,37.0,184.0,-1.2026650073336593,-98.0,-49.0,143,212.0,63,0.0
35143,ES 06-26,1780411791924,1780411791964,Absorb,-1,7620.25,7620.0,1.0,132,131,1,0.3053435114503817,40.0,7450.0,298.0,27.0,298.0,298.0,0.0,2.1091269116580484,133.0,165.0,130,294.0,70,0.0
35144,ES 06-26,1780411792100,1780411792140,Absorb,-1,7620.5,7620.25,1.0,79,78,1,0.5128205128205128,40.0,6125.0,245.0,51.0,245.0,245.0,0.0,2.6569620253164556,184.0,61.0,77,243.0,51,0.0
35145,ES 06-26,1780412007192,1780412007196,Absorb,1,7623.5,7623.5,0.0,40,40,1,0.10256410256410256,4.0,91500.0,366.0,232.0,366.0,366.0,0.0,6.321294559099437,335.0,31.0,39,356.0,40,0.0
35146,ES 06-26,1780412008296,1780412008364,Absorb,-1,7623.5,7623.0,2.0,109,108,1,0.6296296296296297,68.0,3058.8235294117644,208.0,28.0,-186.0,11.0,197.0,-1.717977944583449,-77.0,-109.0,105,199.0,51,0.0
35147,ES 06-26,1780412309936,1780412310104,Absorb,-1,7624.25,7624.0,1.0,132,130,1,1.282442748091603,168.0,1541.6666666666665,259.0,20.0,-105.0,77.0,182.0,-0.8234413236422076,-177.0,72.0,127,253.0,118,0.0
35148,ES 06-26,1780412829912,1780412829936,Absorb,-1,7628.25,7627.5,3.0,157,154,1,0.15384615384615385,24.0,9750.0,234.0,8.0,214.0,224.0,10.0,1.5369327520016869,122.0,92.0,152,218.0,57,0.0
35149,ES 06-26,1780412950160,1780412950204,Absorb,-1,7628.5,7628.25,1.0,131,131,1,0.3384615384615385,44.0,4545.454545454546,200.0,8.0,-200.0,0.0,200.0,-1.54103987615438,-99.0,-101.0,129,198.0,79,0.0
35150,ES 06-26,1780413001688,1780413001844,Absorb,-1,7630.25,7629.25,4.0,550,541,1,0.28415300546448086,156.0,12378.205128205129,1931.0,790.0,1589.0,1760.0,171.0,3.65447902607642,1420.0,169.0,531,1905.0,219,0.0
35151,ES 06-26,1780413053052,1780413053080,Absorb,-1,7628.0,7627.5,2.0,165,164,1,0.17073170731707318,28.0,8321.42857142857,233.0,8.0,-231.0,1.0,232.0,-1.432270990836962,-125.0,-106.0,160,227.0,71,0.0
35152,ES 06-26,1780413064476,1780413064600,Absorb,-1,7628.0,7628.0,0.0,151,151,1,0.8266666666666667,124.0,2693.548387096774,334.0,63.0,334.0,334.0,0.0,2.210446148483792,226.0,108.0,150,333.0,151,0.0
35153,ES 06-26,1780413365412,1780413365452,Predator,-1,7630.0,7628.5,6.0,361,354,1,0.1111111111111111,40.0,14500.0,580.0,10.0,546.0,563.0,17.0,1.5966355988838044,316.0,230.0,351,565.0,99,0.0
35154,ES 06-26,1780413955400,1780413955404,Predator,-1,7629.5,7628.0,6.0,342,341,1,0.011730205278592375,4.0,146000.0,584.0,13.0,-580.0,2.0,582.0,-1.773453323295671,-307.0,-273.0,334,567.0,59,0.0
35155,ES 06-26,1780413955404,1780413955520,Absorb,-1,7629.25,7628.75,2.0,171,169,1,0.6823529411764706,116.0,1965.5172413793102,228.0,9.0,226.0,227.0,1.0,1.314968680250558,128.0,98.0,167,222.0,126,0.0
35156,ES 06-26,1780414331832,1780414331964,Absorb,-1,7625.75,7625.5,1.0,116,115,1,1.1478260869565218,132.0,1863.6363636363635,246.0,36.0,244.0,245.0,1.0,2.100584323223004,158.0,86.0,113,243.0,115,0.0
35157,ES 06-26,1780414358764,1780414358772,Absorb,-1,7625.0,7625.0,0.0,167,167,1,0.04819277108433735,8.0,49625.0,397.0,26.0,-397.0,0.0,397.0,-2.4689184453811825,-234.0,-163.0,166,396.0,167,0.0
35158,ES 06-26,1780414360636,1780414360668,Absorb,-1,7625.0,7625.0,0.0,151,151,1,0.21333333333333335,32.0,8343.75,267.0,32.0,-267.0,0.0,267.0,-1.821467410247473,-121.0,-146.0,150,266.0,151,0.0
35159,ES 06-26,1780414360744,1780414360752,Absorb,-1,7625.0,7624.75,1.0,130,127,1,0.06201550387596899,8.0,29250.0,234.0,10.0,-206.0,14.0,220.0,-1.7452621229294405,-126.0,-80.0,123,226.0,113,0.0
35160,ES 06-26,1780414542144,1780414542240,Absorb,-1,7627.0,7626.5,2.0,209,205,1,0.46153846153846156,96.0,2718.75,261.0,8.0,77.0,169.0,92.0,0.47359745517640256,139.0,-62.0,202,253.0,153,0.0
35161,ES 06-26,1780414821320,1780414821376,Absorb,-1,7626.0,7625.0,4.0,320,316,1,0.1755485893416928,56.0,10696.42857142857,599.0,33.0,-437.0,81.0,518.0,-1.4332024726803974,-299.0,-138.0,307,534.0,148,0.0
35162,ES 06-26,1780414821448,1780414821548,Absorb,-1,7625.5,7625.0,2.0,201,198,1,0.5,100.0,9520.0,952.0,578.0,254.0,603.0,349.0,2.688287276488843,-224.0,478.0,194,368.0,102,0.0
35163,ES 06-26,1780415779172,1780415779356,Absorb,-1,7626.5,7626.0,2.0,189,187,1,0.9787234042553191,184.0,1375.0,253.0,7.0,33.0,143.0,110.0,0.22488135231696263,130.0,-97.0,184,247.0,92,0.0
35164,ES 06-26,1780415825396,1780415825460,Absorb,-1,7625.25,7624.75,2.0,273,270,1,0.23529411764705882,64.0,5421.875,347.0,11.0,-319.0,14.0,333.0,-1.127230004859889,-160.0,-159.0,265,333.0,227,0.0
35165,ES 06-26,1780416462708,1780416462872,Absorb,-1,7625.0,7624.0,4.0,229,222,1,0.7192982456140351,164.0,1707.3170731707316,280.0,5.0,244.0,262.0,18.0,1.080801015258861,134.0,110.0,218,263.0,58,0.0
35166,ES 06-26,1780416462932,1780416463012,Absorb,-1,7625.25,7624.75,2.0,181,178,1,0.4444444444444444,80.0,2762.5,221.0,5.0,-5.0,108.0,113.0,-0.3758282233420355,-53.0,48.0,173,211.0,108,0.0
35167,ES 06-26,1780416465092,1780416465260,Absorb,-1,7626.5,7626.0,2.0,162,159,1,1.0434782608695652,168.0,1380.952380952381,232.0,5.0,-14.0,109.0,123.0,0.41143811189156615,-4.0,-10.0,156,219.0,68,0.0
35168,ES 06-26,1780416542176,1780416542356,Absorb,-1,7625.0,7624.0,4.0,286,278,1,0.631578947368421,180.0,2188.888888888889,394.0,8.0,-10.0,192.0,202.0,0.010545808491893216,-183.0,173.0,268,368.0,104,0.0
35169,ES 06-26,1780416898192,1780416898228,Predator,-1,7627.0,7625.75,5.0,340,337,1,0.10619469026548672,36.0,17777.777777777777,640.0,89.0,-68.0,286.0,354.0,-0.3336299978169972,-256.0,188.0,331,603.0,132,0.0
35170,ES 06-26,1780417096168,1780417096344,Absorb,-1,7624.0,7623.5,2.0,254,252,1,0.6956521739130435,176.0,1909.0909090909092,336.0,13.0,-40.0,148.0,188.0,-0.16602474795277422,-174.0,134.0,248,329.0,186,0.0
35171,ES 06-26,1780418129256,1780418129344,Absorb,-1,7620.0,7619.5,2.0,197,195,1,0.4489795918367347,88.0,3829.545454545455,337.0,50.0,-319.0,9.0,328.0,-1.3508628185930578,-207.0,-112.0,191,328.0,145,0.0
35172,ES 06-26,1780418670044,1780418670096,Absorb,-1,7622.25,7621.5,3.0,256,244,1,0.20392156862745098,52.0,6384.615384615385,332.0,8.0,148.0,240.0,92.0,0.4536460717555505,114.0,34.0,233,306.0,99,0.0
35173,ES 06-26,1780419063868,1780419063884,Absorb,-1,7625.75,7625.0,3.0,170,167,1,0.09467455621301775,16.0,16625.0,266.0,10.0,-248.0,9.0,257.0,-1.6257191883293336,-142.0,-106.0,162,256.0,60,0.0
35174,ES 06-26,1780419640752,1780419640880,Absorb,-1,7627.0,7626.0,4.0,220,212,1,0.5844748858447488,128.0,2687.5,344.0,18.0,36.0,190.0,154.0,0.2083775209480286,143.0,-107.0,206,315.0,107,0.0
35175,ES 06-26,1780420134792,1780420135048,Predator,-1,7627.0,7624.75,9.0,1006,968,1,0.25472636815920396,256.0,5765.625,1476.0,19.0,578.0,1027.0,449.0,0.4748884451962579,507.0,71.0,939,1388.0,347,0.0
35176,ES 06-26,1780420595436,1780420595656,Absorb,-1,7622.5,7621.75,3.0,186,184,1,1.1891891891891893,220.0,1168.1818181818182,257.0,10.0,-37.0,110.0,147.0,0.16128566033689373,-55.0,18.0,179,247.0,112,0.0
35177,ES 06-26,1780420611376,1780420611408,Absorb,-1,7622.25,7622.0,1.0,71,69,1,0.45714285714285713,32.0,6531.25,209.0,96.0,207.0,208.0,1.0,1.5199865861837694,165.0,42.0,67,202.0,57,0.0
35178,ES 06-26,1780420649112,1780420649116,Absorb,-1,7622.5,7622.5,0.0,34,34,1,0.12121212121212122,4.0,56250.0,225.0,136.0,225.0,225.0,0.0,4.133384262796027,21.0,204.0,33,224.0,34,0.0
35179,ES 06-26,1780421045940,1780421045992,Absorb,-1,7619.25,7619.0,1.0,254,253,1,0.20553359683794467,52.0,6423.076923076924,334.0,12.0,-332.0,1.0,333.0,-1.2456088768955031,-190.0,-142.0,251,329.0,253,0.0
35180,ES 06-26,1780421046056,1780421046244,Absorb,-1,7619.5,7619.0,2.0,357,354,1,0.5280898876404494,188.0,2351.063829787234,442.0,40.0,-252.0,95.0,347.0,-0.9660399970671841,-197.0,-55.0,352,436.0,282,0.0
35181,ES 06-26,1780421095276,1780421095356,Absorb,-1,7619.0,7619.0,0.0,145,145,1,0.5555555555555556,80.0,4712.5,377.0,143.0,-377.0,0.0,377.0,-2.252944418201858,-261.0,-116.0,144,376.0,145,0.0
35182,ES 06-26,1780421095476,1780421095528,Absorb,-1,7619.0,7618.75,1.0,213,209,1,0.24528301886792453,52.0,5673.076923076924,295.0,7.0,-235.0,30.0,265.0,-1.228876343939142,-135.0,-100.0,204,278.0,140,0.0
35183,ES 06-26,1780422161996,1780422162076,Absorb,-1,7619.25,7618.5,3.0,249,234,1,0.3225806451612903,80.0,4350.0,348.0,8.0,-30.0,159.0,189.0,-0.10551185386708123,-129.0,99.0,215,302.0,148,0.0
35184,ES 06-26,1780422548116,1780422548128,Absorb,-1,7620.25,7619.5,3.0,227,222,1,0.05309734513274336,12.0,36083.333333333336,433.0,38.0,-197.0,118.0,315.0,-1.1007460466299661,-174.0,-23.0,214,417.0,92,0.0
35185,ES 06-26,1780422847324,1780422847332,Absorb,-1,7620.5,7620.0,2.0,161,158,1,0.05,8.0,28250.0,226.0,8.0,214.0,220.0,6.0,1.357904876926616,117.0,97.0,155,218.0,83,0.0
35186,ES 06-26,1780423937700,1780423937884,Predator,-1,7621.25,7620.0,5.0,612,594,1,0.3011456628477905,184.0,5342.391304347826,983.0,26.0,-23.0,480.0,503.0,-0.15440482160403268,268.0,-291.0,579,900.0,289,0.0
35187,ES 06-26,1780423947620,1780423947760,Absorb,-1,7620.25,7619.5,3.0,314,309,1,0.4472843450479233,140.0,3442.8571428571427,482.0,9.0,-188.0,147.0,335.0,-0.6542586396191329,-279.0,91.0,300,456.0,131,0.0
35188,ES 06-26,1780425314008,1780425314124,Absorb,-1,7617.75,7617.0,3.0,154,152,1,0.7581699346405228,116.0,1965.5172413793102,228.0,8.0,-182.0,23.0,205.0,-1.4255452327558589,-118.0,-64.0,147,216.0,64,0.0
35189,ES 06-26,1780425318840,1780425318852,Absorb,-1,7617.5,7616.75,3.0,134,130,1,0.09022556390977443,12.0,17750.0,213.0,8.0,-187.0,13.0,200.0,-1.5965111784436214,-117.0,-70.0,123,194.0,43,0.0
35190,ES 06-26,1780425500236,1780425500256,Absorb,1,7615.75,7615.75,0.0,87,87,1,0.23255813953488372,20.0,11250.0,225.0,60.0,225.0,225.0,0.0,2.8153386308959685,169.0,56.0,86,224.0,87,0.0
35191,ES 06-26,1780425521796,1780425521800,Absorb,-1,7615.25,7615.0,1.0,138,135,1,0.029197080291970802,4.0,102500.0,410.0,67.0,-254.0,78.0,332.0,-2.1430355556874714,-302.0,48.0,132,401.0,87,0.0
35192,ES 06-26,1780428344784,1780428344784,Absorb,1,7623.25,7623.25,0.0,45,45,1,0.0,0.0,204000.0,204.0,82.0,204.0,204.0,0.0,5.94729907773386,124.0,80.0,44,203.0,45,0.0
35193,ES 06-26,1780429500128,1780429500200,Absorb,-1,7620.25,7620.0,1.0,134,133,1,0.5413533834586466,72.0,4527.777777777778,326.0,57.0,-142.0,92.0,234.0,-1.3000012468983404,-234.0,92.0,132,324.0,67,0.0
35194,ES 06-26,1780429800000,1780429800020,Predator,-1,7623.0,7621.0,8.0,203,197,1,0.09900990099009901,20.0,16950.0,339.0,13.0,-289.0,25.0,314.0,-1.3950211016465308,-151.0,-138.0,184,317.0,42,0.0
35195,ES 06-26,1780429800020,1780429800104,Predator,-1,7623.0,7621.25,7.0,506,481,1,0.16633663366336635,84.0,9369.047619047618,787.0,13.0,355.0,571.0,216.0,0.7965512681960246,311.0,44.0,462,723.0,199,0.0
35196,ES 06-26,1780429849960,1780429850120,Absorb,-1,7623.75,7623.25,2.0,234,227,1,0.6866952789699571,160.0,2256.25,361.0,9.0,-309.0,26.0,335.0,-1.243420458030996,-134.0,-175.0,217,337.0,161,0.0
35197,ES 06-26,1780429930016,1780429930100,Absorb,-1,7624.75,7624.5,1.0,141,139,1,0.6,84.0,3380.9523809523807,284.0,21.0,212.0,248.0,36.0,1.1649000385290467,158.0,54.0,137,268.0,87,0.0
35198,ES 06-26,1780429990012,1780429990164,Absorb,1,7625.25,7624.5,3.0,235,234,1,0.6495726495726496,152.0,2447.3684210526317,372.0,20.0,368.0,370.0,2.0,1.5801862280044754,181.0,187.0,229,366.0,90,0.0
35199,ES 06-26,1780430040016,1780430040192,Absorb,-1,7624.0,7623.5,2.0,199,195,1,0.8888888888888888,176.0,1869.318181818182,329.0,13.0,-177.0,76.0,253.0,-0.7394137353433836,-157.0,-20.0,189,316.0,138,0.0
35200,ES 06-26,1780430050008,1780430050160,Predator,-1,7624.25,7623.0,5.0,639,616,1,0.23824451410658307,152.0,7467.105263157895,1135.0,13.0,-219.0,458.0,677.0,-0.6280539427789307,122.0,-341.0,589,1041.0,230,0.0
35201,ES 06-26,1780430080012,1780430080128,Absorb,-1,7623.25,7623.0,1.0,178,176,1,0.655367231638418,116.0,2318.965517241379,269.0,6.0,43.0,156.0,113.0,0.4883996557186766,-80.0,123.0,172,257.0,167,0.0
35202,ES 06-26,1780430089992,1780430090188,Predator,-1,7624.0,7622.5,6.0,536,524,1,0.3663551401869159,196.0,4622.448979591836,906.0,30.0,282.0,594.0,312.0,0.8416564647134505,302.0,-20.0,514,869.0,313,0.0
35203,ES 06-26,1780430100016,1780430100104,Absorb,-1,7624.25,7623.5,3.0,249,244,1,0.3548387096774194,88.0,4500.0,396.0,13.0,-8.0,194.0,202.0,0.07606607073455111,85.0,-93.0,239,383.0,114,0.0
35204,ES 06-26,1780430100172,1780430100200,Absorb,-1,7623.5,7623.25,1.0,129,129,1,0.21875,28.0,8678.571428571428,243.0,13.0,-243.0,0.0,243.0,-1.945689847942755,-129.0,-114.0,127,238.0,97,0.0
35205,ES 06-26,1780430279828,1780430279884,Absorb,-1,7622.75,7622.75,0.0,132,132,1,0.42748091603053434,56.0,3982.142857142857,223.0,11.0,223.0,223.0,0.0,1.7098114822100359,104.0,119.0,131,222.0,132,0.0
35206,ES 06-26,1780430320680,1780430320836,Absorb,-1,7623.0,7622.75,1.0,224,223,1,0.6995515695067265,156.0,2512.8205128205127,392.0,16.0,-104.0,144.0,248.0,-0.6234417040358744,-195.0,91.0,221,383.0,223,0.0
35207,ES 06-26,1780430323596,1780430323748,Absorb,-1,7623.0,7622.75,1.0,118,116,1,1.2991452991452992,152.0,1460.5263157894738,222.0,9.0,-214.0,4.0,218.0,-1.8600864074443337,-96.0,-118.0,113,207.0,116,0.0
35208,ES 06-26,1780430328496,1780430328664,Absorb,-1,7623.0,7622.75,1.0,170,169,1,0.9940828402366864,168.0,1851.1904761904761,311.0,11.0,-309.0,1.0,310.0,-1.7603067885516088,-166.0,-143.0,167,306.0,169,0.0
35209,ES 06-26,1780430329704,1780430329716,Absorb,-1,7622.75,7622.75,0.0,111,111,1,0.10909090909090909,12.0,16750.0,201.0,8.0,-201.0,0.0,201.0,-1.857871182871183,-108.0,-93.0,110,200.0,111,0.0
35210,ES 06-26,1780430332480,1780430332500,Absorb,-1,7622.5,7622.5,0.0,63,63,1,0.3225806451612903,20.0,15600.0,312.0,157.0,-312.0,0.0,312.0,-6.103494623655914,-49.0,-263.0,62,310.0,63,0.0
35211,ES 06-26,1780430339008,1780430339104,Absorb,-1,7622.75,7622.25,2.0,100,98,1,0.9696969696969697,96.0,2822.9166666666665,271.0,35.0,105.0,188.0,83.0,1.8866006600660066,133.0,-28.0,95,259.0,87,0.0
35212,ES 06-26,1780430340008,1780430340252,Predator,1,7623.75,7622.5,5.0,394,390,1,0.6208651399491094,244.0,3196.72131147541,780.0,19.0,768.0,774.0,6.0,1.9354365143791328,389.0,379.0,381,756.0,91,0.0
35213,ES 06-26,1780430340852,1780430340912,Absorb,1,7624.0,7623.5,2.0,164,160,1,0.36809815950920244,60.0,6316.666666666667,379.0,22.0,-37.0,171.0,208.0,-0.008924952049297403,-185.0,148.0,157,368.0,156,0.0
35214,ES 06-26,1780430341012,1780430341056,Absorb,-1,7624.0,7623.75,1.0,161,160,1,0.275,44.0,6204.545454545455,273.0,22.0,273.0,273.0,0.0,1.6934581320450885,122.0,151.0,159,268.0,140,0.0
35215,ES 06-26,1780430341400,1780430341484,Absorb,-1,7624.0,7623.75,1.0,153,153,1,0.5526315789473685,84.0,3464.285714285714,291.0,11.0,191.0,241.0,50.0,1.4335337005615643,148.0,43.0,151,284.0,135,0.0
35216,ES 06-26,1780430341856,1780430342040,Absorb,1,7624.5,7624.25,1.0,290,288,1,0.6366782006920415,184.0,2793.4782608695655,514.0,12.0,508.0,511.0,3.0,1.7640428706561355,267.0,241.0,284,501.0,149,0.0
35217,ES 06-26,1780430342836,1780430342892,Absorb,-1,7624.25,7624.25,0.0,112,112,1,0.5045045045045045,56.0,3678.5714285714284,206.0,10.0,-206.0,0.0,206.0,-1.8529999658318241,-103.0,-103.0,111,205.0,112,0.0
35218,ES 06-26,1780430344500,1780430344684,Absorb,-1,7624.25,7624.0,1.0,95,94,1,1.9574468085106382,184.0,1282.608695652174,236.0,18.0,232.0,234.0,2.0,2.56697928331467,129.0,103.0,93,233.0,94,0.0
35219,ES 06-26,1780430348072,1780430348212,Absorb,-1,7624.75,7624.25,2.0,190,188,1,0.7407407407407407,140.0,3471.428571428571,486.0,98.0,-92.0,197.0,289.0,0.5485248898861464,-124.0,32.0,185,475.0,187,0.0
35220,ES 06-26,1780430350024,1780430350196,Absorb,-1,7624.75,7624.5,1.0,162,160,1,1.0683229813664596,172.0,1732.5581395348838,298.0,12.0,116.0,207.0,91.0,0.6065151765338482,135.0,-19.0,157,292.0,142,0.0
35221,ES 06-26,1780430353012,1780430353016,Absorb,-1,7625.0,7625.0,0.0,116,116,1,0.034782608695652174,4.0,56250.0,225.0,11.0,225.0,225.0,0.0,1.9330527044170223,127.0,98.0,115,223.0,116,0.0
35222,ES 06-26,1780430356496,1780430356528,Absorb,-1,7624.75,7624.5,1.0,150,148,1,0.21476510067114093,32.0,11375.0,364.0,38.0,-70.0,147.0,217.0,-0.4010169340859594,-202.0,132.0,145,355.0,147,0.0
35223,ES 06-26,1780430359000,1780430359088,Absorb,-1,7624.75,7624.5,1.0,127,126,1,0.6984126984126984,88.0,3000.0,264.0,10.0,262.0,263.0,1.0,2.0868778121484812,138.0,124.0,124,261.0,126,0.0
35224,ES 06-26,1780430360088,1780430360140,Absorb,-1,7625.0,7624.75,1.0,115,114,1,0.45614035087719296,52.0,4634.615384615385,241.0,8.0,241.0,241.0,0.0,2.178229306399432,123.0,118.0,113,239.0,114,0.0
35225,ES 06-26,1780430362488,1780430362544,Absorb,-1,7625.0,7624.75,1.0,110,109,1,0.5137614678899083,56.0,4625.0,259.0,50.0,247.0,253.0,6.0,2.4981538669612062,147.0,100.0,106,254.0,106,0.0
35226,ES 06-26,1780430365392,1780430365412,Absorb,-1,7625.0,7625.0,0.0,112,112,1,0.18018018018018017,20.0,10950.0,219.0,25.0,219.0,219.0,0.0,2.06576519629617,80.0,139.0,111,217.0,112,0.0
35227,ES 06-26,1780430366408,1780430366440,Absorb,-1,7624.75,7624.75,0.0,82,82,1,0.3950617283950617,32.0,8312.5,266.0,30.0,-266.0,0.0,266.0,-3.463904398080125,-191.0,-75.0,81,262.0,82,0.0
35228,ES 06-26,1780430368004,1780430368036,Absorb,-1,7624.5,7624.25,1.0,108,108,1,0.29906542056074764,32.0,15500.0,496.0,72.0,-496.0,0.0,496.0,-4.993493193098783,-358.0,-138.0,106,494.0,107,0.0
35229,ES 06-26,1780430368524,1780430368580,Absorb,-1,7624.5,7624.5,0.0,106,106,1,0.5333333333333333,56.0,4232.142857142857,237.0,30.0,237.0,237.0,0.0,2.3303121142655616,128.0,109.0,105,236.0,106,0.0
35230,ES 06-26,1780430369008,1780430369128,Absorb,-1,7624.75,7624.5,1.0,79,77,1,1.5384615384615385,120.0,1983.3333333333335,238.0,18.0,230.0,234.0,4.0,3.070472249269718,78.0,152.0,74,230.0,76,0.0
35231,ES 06-26,1780430370004,1780430370064,Absorb,-1,7624.75,7624.5,1.0,161,158,1,0.375,60.0,7850.0,471.0,71.0,-409.0,31.0,440.0,-2.7712042788129745,-95.0,-314.0,154,442.0,145,0.0
35232,ES 06-26,1780430370124,1780430370160,Absorb,-1,7624.5,7624.25,1.0,89,88,1,0.4090909090909091,36.0,9416.666666666668,339.0,53.0,-173.0,83.0,256.0,-2.109805924412666,-218.0,45.0,86,336.0,88,0.0
35233,ES 06-26,1780430370684,1780430370712,Absorb,-1,7624.25,7624.0,1.0,93,93,1,0.30434782608695654,28.0,8428.571428571428,236.0,40.0,-236.0,0.0,236.0,-1.991584852734923,-155.0,-81.0,91,232.0,80,0.0
35234,ES 06-26,1780430371372,1780430371500,Absorb,-1,7624.5,7624.0,2.0,122,120,1,1.0578512396694215,128.0,1773.4375,227.0,15.0,151.0,189.0,38.0,1.116310500593151,136.0,15.0,117,222.0,117,0.0
35235,ES 06-26,1780430373972,1780430374272,Absorb,-1,7624.25,7623.75,2.0,142,139,1,2.127659574468085,300.0,1210.0,363.0,96.0,-215.0,74.0,289.0,-1.793453774274871,-231.0,16.0,134,353.0,131,0.0
35236,ES 06-26,1780430376916,1780430377184,Absorb,1,7624.25,7624.0,1.0,127,125,1,2.126984126984127,268.0,970.1492537313433,260.0,17.0,250.0,255.0,5.0,1.886359908136483,121.0,129.0,122,248.0,123,0.0
35237,ES 06-26,1780430378704,1780430378764,Absorb,-1,7624.5,7624.25,1.0,92,91,1,0.6593406593406593,60.0,3883.3333333333335,233.0,13.0,233.0,233.0,0.0,2.437117580876347,133.0,100.0,90,219.0,90,0.0
35238,ES 06-26,1780430380268,1780430380428,Absorb,-1,7624.5,7624.5,0.0,96,96,1,1.6842105263157894,160.0,1312.5,210.0,17.0,-210.0,0.0,210.0,-2.0522246337493217,-107.0,-103.0,95,209.0,96,0.0
35239,ES 06-26,1780430381824,1780430381832,Absorb,-1,7624.5,7624.25,1.0,128,127,1,0.06299212598425197,8.0,36375.0,291.0,16.0,213.0,252.0,39.0,1.591844442409815,67.0,146.0,125,278.0,115,0.0
35240,ES 06-26,1780430383500,1780430383588,Absorb,-1,7624.5,7624.25,1.0,103,102,1,0.8627450980392157,88.0,3079.5454545454545,271.0,29.0,-269.0,1.0,270.0,-2.2170737600492028,-144.0,-125.0,100,237.0,102,0.0
35241,ES 06-26,1780430383944,1780430384136,Absorb,1,7624.5,7624.0,2.0,101,98,1,1.92,192.0,1197.9166666666667,230.0,33.0,-70.0,80.0,150.0,-0.19404775771694815,-96.0,26.0,96,219.0,58,0.0
35242,ES 06-26,1780430385000,1780430385216,Absorb,1,7624.25,7624.0,1.0,83,81,1,2.6341463414634148,216.0,1004.6296296296297,217.0,17.0,133.0,175.0,42.0,1.784517862390328,101.0,32.0,78,205.0,74,0.0
35243,ES 06-26,1780430386352,1780430386580,Absorb,-1,7624.25,7623.75,2.0,252,250,1,0.9083665338645418,228.0,2811.40350877193,641.0,29.0,-281.0,180.0,461.0,-1.3932138939067746,-275.0,-6.0,247,631.0,228,0.0
35244,ES 06-26,1780430389000,1780430389116,Absorb,-1,7624.0,7623.75,1.0,107,105,1,1.0943396226415094,116.0,2706.8965517241377,314.0,39.0,308.0,311.0,3.0,3.106977017574796,214.0,94.0,102,266.0,105,0.0
35245,ES 06-26,1780430390908,1780430391048,Absorb,-1,7624.25,7624.0,1.0,154,151,1,0.9150326797385621,140.0,2814.285714285714,394.0,35.0,-378.0,8.0,386.0,-2.203448417490163,-155.0,-223.0,147,385.0,82,0.0
35246,ES 06-26,1780430391992,1780430392136,Absorb,-1,7624.0,7623.75,1.0,123,118,1,1.180327868852459,144.0,2604.166666666667,375.0,29.0,-233.0,71.0,304.0,-2.025247965329997,-229.0,-4.0,112,301.0,98,0.0
35247,ES 06-26,1780430392496,1780430392664,Absorb,-1,7624.0,7623.5,2.0,196,192,1,0.8615384615384616,168.0,3095.238095238095,520.0,43.0,16.0,268.0,252.0,0.40872506753579996,167.0,-151.0,186,490.0,131,0.0
35248,ES 06-26,1780430393804,1780430393900,Absorb,-1,7624.25,7623.75,2.0,133,130,1,0.7272727272727273,96.0,3281.25,315.0,20.0,307.0,311.0,4.0,2.334117178971853,161.0,146.0,127,288.0,116,0.0
35249,ES 06-26,1780430394000,1780430394224,Absorb,-1,7624.25,7623.75,2.0,196,192,1,1.1487179487179486,224.0,2553.5714285714284,572.0,48.0,-112.0,230.0,342.0,-0.6586338244786396,-182.0,70.0,186,542.0,155,0.0
35250,ES 06-26,1780430396700,1780430396844,Absorb,-1,7624.25,7623.75,2.0,138,133,1,1.051094890510949,144.0,2701.388888888889,389.0,35.0,253.0,321.0,68.0,1.0722301245008437,148.0,105.0,127,361.0,132,0.0
35251,ES 06-26,1780430397952,1780430398244,Absorb,-1,7624.25,7623.25,4.0,728,713,1,0.4016506189821183,292.0,8017.123287671234,2341.0,35.0,-407.0,967.0,1374.0,-1.3484434489325212,-189.0,-218.0,696,2209.0,228,0.0
35252,ES 06-26,1780430400352,1780430400452,Absorb,-1,7624.5,7624.25,1.0,107,103,1,0.9433962264150944,100.0,3230.0,323.0,35.0,227.0,275.0,48.0,2.7275514802406002,147.0,80.0,98,306.0,94,0.0
35253,ES 06-26,1780430401340,1780430401416,Absorb,-1,7624.75,7624.5,1.0,103,102,1,0.7450980392156863,76.0,4276.315789473684,325.0,40.0,309.0,317.0,8.0,3.0879497430039975,86.0,223.0,99,321.0,100,0.0
35254,ES 06-26,1780430401580,1780430401772,Absorb,-1,7624.75,7624.0,3.0,242,239,1,0.7966804979253111,192.0,4812.5,924.0,50.0,-798.0,63.0,861.0,-3.433146588056685,-289.0,-509.0,232,857.0,96,0.0
35255,ES 06-26,1780430406336,1780430406344,Absorb,-1,7624.75,7624.5,1.0,28,27,1,0.2962962962962963,8.0,41000.0,328.0,250.0,324.0,326.0,2.0,15.396278051450466,300.0,24.0,25,310.0,22,0.0
35256,ES 06-26,1780430415512,1780430415664,Absorb,-1,7624.5,7624.25,1.0,202,201,1,0.7562189054726368,152.0,2611.842105263158,397.0,15.0,-393.0,2.0,395.0,-2.0663463155373694,-181.0,-212.0,198,393.0,200,0.0
35257,ES 06-26,1780430601352,1780430601356,Absorb,-1,7624.0,7623.5,2.0,102,102,1,0.039603960396039604,4.0,57750.0,231.0,16.0,-231.0,0.0,231.0,-2.357046327134141,-98.0,-133.0,99,225.0,47,0.0
35258,ES 06-26,1780430618376,1780430618376,Absorb,-1,7624.5,7624.0,2.0,141,138,1,0.0,0.0,311000.0,311.0,16.0,295.0,303.0,8.0,2.29737574382465,162.0,133.0,135,301.0,55,0.0
35259,ES 06-26,1780430628188,1780430628236,Absorb,-1,7626.25,7625.25,4.0,322,315,1,0.14953271028037382,48.0,14083.333333333334,676.0,45.0,528.0,602.0,74.0,1.5960119842115508,408.0,120.0,309,656.0,140,0.0
35260,ES 06-26,1780430700080,1780430700120,Absorb,-1,7628.25,7627.5,3.0,182,177,1,0.22099447513812154,40.0,8375.0,335.0,10.0,193.0,264.0,71.0,1.4226026667834475,161.0,32.0,174,325.0,78,0.0
35261,ES 06-26,1780430701076,1780430701084,Absorb,-1,7628.0,7627.75,1.0,86,86,1,0.09411764705882353,8.0,26625.0,213.0,21.0,-213.0,0.0,213.0,-2.542752016604557,-117.0,-96.0,84,209.0,66,0.0
35262,ES 06-26,1780430821276,1780430821284,Absorb,-1,7628.75,7628.5,1.0,103,103,1,0.0784313725490196,8.0,25625.0,205.0,7.0,-205.0,0.0,205.0,-2.106532530861486,-110.0,-95.0,101,200.0,64,0.0
35263,ES 06-26,1780431285476,1780431285480,Absorb,-1,7627.25,7627.0,1.0,122,120,1,0.03305785123966942,4.0,138750.0,555.0,59.0,-387.0,84.0,471.0,-4.2579265814335425,-410.0,23.0,118,539.0,75,0.0
35264,ES 06-26,1780433677676,1780433677676,Absorb,-1,7628.75,7628.75,0.0,29,29,1,0.0,0.0,328000.0,328.0,280.0,-328.0,0.0,328.0,-15.988669950738917,-30.0,-298.0,28,327.0,29,0.0
35265,ES 06-26,1780433821404,1780433821408,Absorb,-1,7628.75,7628.75,0.0,23,23,1,0.18181818181818182,4.0,131250.0,525.0,481.0,-525.0,0.0,525.0,-23.00691699604743,-27.0,-498.0,22,515.0,23,0.0
35266,ES 06-26,1780433859116,1780433859132,Absorb,-1,7628.25,7628.0,1.0,33,33,1,0.5,16.0,60875.0,974.0,917.0,-974.0,0.0,974.0,-38.57854278074866,-945.0,-29.0,31,969.0,21,0.0
35267,ES 06-26,1780433962280,1780433962280,Absorb,-1,7628.75,7628.5,1.0,39,37,1,0.0,0.0,1051000.0,1051.0,982.0,-993.0,29.0,1022.0,-30.97085020242915,-1019.0,26.0,35,1046.0,21,0.0
35268,ES 06-26,1780437841064,1780437841128,Predator,1,7625.5,7624.25,5.0,85,84,1,0.7619047619047619,64.0,3656.25,234.0,100.0,230.0,232.0,2.0,2.7862223959351184,81.0,149.0,78,227.0,37,0.0
35269,ES 06-26,1780440709680,1780440709684,Predator,-1,7625.0,7621.75,13.0,167,164,1,0.024096385542168676,4.0,63750.0,255.0,10.0,-249.0,3.0,252.0,-1.6483195399218775,-120.0,-129.0,147,227.0,23,0.0
35270,ES 06-26,1780442262824,1780442262832,Predator,-1,7613.25,7610.0,13.0,183,181,1,0.04395604395604396,8.0,45250.0,362.0,23.0,-358.0,2.0,360.0,-1.838840240301395,-138.0,-220.0,166,332.0,30,0.0
35271,ES 06-26,1780442370512,1780442370620,Predator,-1,7611.0,7609.75,5.0,458,448,1,0.2363238512035011,108.0,6731.481481481482,727.0,71.0,-643.0,42.0,685.0,-1.1937229970517569,-454.0,-189.0,432,698.0,295,0.0
35272,ES 06-26,1780442675048,1780442675052,Predator,-1,7609.5,7605.0,18.0,253,234,1,0.015873015873015872,4.0,88500.0,354.0,5.0,350.0,352.0,2.0,1.4359274754687286,166.0,184.0,232,327.0,21,0.0
35273,ES 06-26,1780443084980,1780443085028,Absorb,-1,7609.25,7608.25,4.0,103,101,1,0.47058823529411764,48.0,12750.0,612.0,484.0,-602.0,5.0,607.0,-2.055342002372271,-541.0,-61.0,94,602.0,28,0.0
35274,ES 06-26,1780443848296,1780443848384,Absorb,-1,7621.0,7620.5,2.0,209,199,1,0.4230769230769231,88.0,14920.454545454546,1313.0,853.0,705.0,1009.0,304.0,4.338780955886219,-75.0,780.0,189,427.0,145,0.0
35275,ES 06-26,1780443856424,1780443856452,Absorb,-1,7621.75,7621.0,3.0,72,67,1,0.39436619718309857,28.0,29607.142857142855,829.0,700.0,781.0,805.0,24.0,12.7439706733552,786.0,-5.0,63,818.0,31,0.0
35276,ES 06-26,1780451157744,1780451157804,Absorb,-1,7619.75,7619.5,1.0,73,71,1,0.8333333333333334,60.0,3366.666666666667,202.0,100.0,-182.0,10.0,192.0,-2.831698136492657,-54.0,-128.0,68,196.0,57,0.0
35277,ES 06-26,1780466734176,1780466734184,Absorb,-1,7620.5,7620.0,2.0,103,102,1,0.0784313725490196,8.0,27000.0,216.0,97.0,-196.0,10.0,206.0,-2.157206870799104,-63.0,-133.0,99,116.0,77,0.0
35278,ES 06-26,1780469008624,1780469008644,Predator,-1,7620.75,7618.0,11.0,202,192,1,0.09950248756218906,20.0,15550.0,311.0,23.0,-175.0,68.0,243.0,-0.8535911381006492,-139.0,-36.0,170,250.0,29,0.0
35279,ES 06-26,1780469008644,1780469008916,Absorb,-1,7618.25,7617.25,4.0,338,318,1,0.8071216617210683,272.0,1378.6764705882351,375.0,4.0,99.0,237.0,138.0,0.4965709188246977,34.0,65.0,296,328.0,104,0.0
35280,ES 06-26,1780469273888,1780469273928,Predator,-1,7619.25,7617.75,6.0,192,183,1,0.2094240837696335,40.0,12300.0,492.0,83.0,-92.0,200.0,292.0,-0.5831957179285462,141.0,-233.0,175,397.0,45,0.0
35281,ES 06-26,1780473637768,1780473637896,Absorb,-1,7618.25,7617.5,3.0,131,129,1,0.9846153846153847,128.0,2070.3125,265.0,100.0,-239.0,13.0,252.0,-2.2880585063791172,-86.0,-153.0,124,258.0,74,0.0
35282,ES 06-26,1780473924448,1780473924592,Absorb,-1,7620.25,7619.25,4.0,200,192,1,0.7236180904522613,144.0,1750.0000000000002,252.0,9.0,-4.0,124.0,128.0,-0.29355208880222006,79.0,-83.0,184,236.0,74,0.0
35283,ES 06-26,1780474889084,1780474889096,Absorb,-1,7617.75,7617.5,1.0,65,63,1,0.1875,12.0,28583.333333333332,343.0,250.0,-303.0,20.0,323.0,-6.649519230769231,-301.0,-2.0,60,337.0,39,0.0
35284,ES 06-26,1780474912112,1780474912124,Absorb,-1,7617.25,7617.0,1.0,72,72,1,0.16901408450704225,12.0,24250.0,291.0,194.0,-291.0,0.0,291.0,-3.707231976332883,-236.0,-55.0,70,96.0,59,0.0
35285,ES 06-26,1780474936084,1780474936096,Absorb,-1,7616.25,7615.75,2.0,116,115,1,0.10434782608695652,12.0,20333.333333333332,244.0,100.0,-224.0,10.0,234.0,-1.6576980740399032,-78.0,-146.0,112,240.0,88,0.0
35286,ES 06-26,1780476535500,1780476535576,Predator,-1,7619.25,7617.25,8.0,214,211,1,0.3568075117370892,76.0,4197.368421052632,319.0,50.0,-215.0,52.0,267.0,-1.324212433916693,-135.0,-80.0,201,305.0,68,0.0
35287,ES 06-26,1780481307472,1780481307684,Predator,-1,7619.75,7616.75,12.0,277,256,1,0.7681159420289855,212.0,1608.4905660377358,341.0,4.0,147.0,244.0,97.0,0.7555182035504856,74.0,73.0,242,295.0,41,0.0
35288,ES 06-26,1780482818392,1780482818444,Absorb,-1,7617.5,7617.0,2.0,98,95,1,0.5360824742268041,52.0,4192.307692307692,218.0,90.0,214.0,216.0,2.0,2.3975479601400074,158.0,56.0,93,207.0,60,0.0
35289,ES 06-26,1780483173984,1780483173992,Absorb,-1,7614.75,7614.5,1.0,82,81,1,0.09876543209876543,8.0,26625.0,213.0,100.0,213.0,213.0,0.0,2.117118882032194,62.0,151.0,80,204.0,56,0.0
35290,ES 06-26,1780488186172,1780488186204,Absorb,-1,7618.25,7618.0,1.0,102,102,1,0.31683168316831684,32.0,7562.5,242.0,100.0,-242.0,0.0,242.0,-2.382005190810343,-84.0,-158.0,100,235.0,67,0.0
35291,ES 06-26,1780489819108,1780489819268,Absorb,-1,7610.5,7609.75,3.0,288,282,1,0.5574912891986062,160.0,4531.25,725.0,250.0,-629.0,48.0,677.0,-2.641200884945083,-260.0,-369.0,273,699.0,146,0.0
35292,ES 06-26,1780489871848,1780489871892,Absorb,-1,7609.25,7609.0,1.0,74,74,1,0.6027397260273972,44.0,5090.909090909091,224.0,100.0,-224.0,0.0,224.0,-2.3799481673454275,-54.0,-170.0,72,217.0,60,0.0
35293,ES 06-26,1780489893888,1780489893924,Absorb,-1,7608.75,7608.5,1.0,81,78,1,0.45,36.0,6111.111111111111,220.0,99.0,-146.0,37.0,183.0,-1.9576332429990966,-28.0,-118.0,73,108.0,41,0.0
35294,ES 06-26,1780490028008,1780490028016,Absorb,-1,7608.25,7608.0,1.0,56,55,1,0.14545454545454545,8.0,29250.0,234.0,68.0,-218.0,8.0,226.0,-2.9192412850307585,-187.0,-31.0,52,230.0,31,0.0
35295,ES 06-26,1780490233960,1780490233988,Absorb,-1,7606.25,7606.0,1.0,109,107,1,0.25925925925925924,28.0,8964.285714285714,251.0,23.0,-111.0,70.0,181.0,-1.1864424057084608,-164.0,53.0,105,237.0,69,0.0
35296,ES 06-26,1780490326496,1780490326508,Absorb,-1,7605.25,7605.25,0.0,124,124,1,0.0975609756097561,12.0,20166.666666666668,242.0,23.0,-242.0,0.0,242.0,-1.9377025963808026,-143.0,-99.0,123,241.0,124,0.0
35297,ES 06-26,1780490327468,1780490327496,Absorb,-1,7605.25,7604.5,3.0,123,119,1,0.22950819672131148,28.0,15392.857142857143,431.0,250.0,-303.0,64.0,367.0,-2.4302408069030452,-361.0,58.0,113,420.0,56,0.0
35298,ES 06-26,1780493141792,1780493141848,Absorb,-1,7609.25,7608.75,2.0,149,143,1,0.3783783783783784,56.0,3821.4285714285716,214.0,10.0,50.0,132.0,82.0,0.33024124795936877,103.0,-53.0,136,196.0,68,0.0
35299,ES 06-26,1780493280024,1780493280212,Absorb,-1,7608.75,7608.0,3.0,256,249,1,0.7372549019607844,188.0,1680.8510638297873,316.0,3.0,-8.0,154.0,162.0,0.08999306191348135,-43.0,35.0,240,298.0,162,0.0
35300,ES 06-26,1780493700164,1780493700236,Absorb,-1,7609.5,7608.5,4.0,153,151,1,0.47368421052631576,72.0,3208.3333333333335,231.0,27.0,-223.0,4.0,227.0,-1.4754499886078833,-86.0,-137.0,146,222.0,72,0.0
35301,ES 06-26,1780493700236,1780493700260,Absorb,-1,7609.0,7608.5,2.0,169,158,1,0.14285714285714285,24.0,9166.666666666666,220.0,6.0,-64.0,78.0,142.0,-0.2987568992093879,-35.0,-29.0,144,190.0,90,0.0
35302,ES 06-26,1780494000196,1780494000432,Predator,-1,7605.75,7604.0,7.0,547,518,1,0.43223443223443225,236.0,3076.2711864406783,726.0,9.0,-214.0,256.0,470.0,-0.5578631059488823,-110.0,-104.0,484,649.0,133,0.0
35303,ES 06-26,1780494024024,1780494024116,Absorb,-1,7602.75,7602.75,0.0,93,93,1,1.0,92.0,2195.6521739130435,202.0,30.0,-202.0,0.0,202.0,-2.0510131001760614,-101.0,-101.0,92,201.0,93,0.0
35304,ES 06-26,1780494059196,1780494059484,Predator,-1,7604.5,7603.25,5.0,197,190,1,1.469387755102041,288.0,836.8055555555557,241.0,10.0,167.0,204.0,37.0,0.6970858486449495,61.0,106.0,187,231.0,77,0.0
35305,ES 06-26,1780494060220,1780494060336,Absorb,-1,7605.0,7604.5,2.0,166,160,1,0.703030303030303,116.0,1879.310344827586,218.0,4.0,74.0,146.0,72.0,0.1464514563425176,67.0,7.0,154,204.0,86,0.0
35306,ES 06-26,1780494071596,1780494071684,Absorb,-1,7602.25,7601.75,2.0,190,185,1,0.4656084656084656,88.0,2875.0,253.0,5.0,-105.0,74.0,179.0,-0.2691685583942404,-80.0,-25.0,178,235.0,144,0.0
35307,ES 06-26,1780494220972,1780494221004,Absorb,-1,7600.25,7600.0,1.0,96,94,1,0.3368421052631579,32.0,7406.25,237.0,26.0,-89.0,74.0,163.0,-0.9861502984264786,-162.0,73.0,92,222.0,49,0.0
35308,ES 06-26,1780494242120,1780494242260,Predator,-1,7600.25,7598.75,6.0,273,261,1,0.5147058823529411,140.0,4600.0,644.0,264.0,-446.0,99.0,545.0,-0.763225503564705,-452.0,6.0,244,599.0,108,0.0
35309,ES 06-26,1780494319024,1780494319200,Absorb,-1,7591.75,7590.75,4.0,122,116,1,1.4545454545454546,176.0,1267.0454545454547,223.0,30.0,137.0,180.0,43.0,1.200002643570671,25.0,112.0,110,201.0,38,0.0
35310,ES 06-26,1780494323696,1780494323736,Absorb,-1,7590.5,7590.0,2.0,144,140,1,0.27972027972027974,40.0,6725.0,269.0,100.0,-193.0,38.0,231.0,-1.4818483240897034,-189.0,-4.0,134,258.0,74,0.0
35311,ES 06-26,1780494462636,1780494462788,Absorb,-1,7585.5,7584.5,4.0,150,148,1,1.0201342281879195,152.0,1493.421052631579,227.0,10.0,-221.0,3.0,224.0,-1.4815965154006845,-127.0,-94.0,142,215.0,60,0.0
35312,ES 06-26,1780494463508,1780494463548,Absorb,-1,7584.5,7584.0,2.0,142,139,1,0.28368794326241137,40.0,6525.0,261.0,25.0,-149.0,56.0,205.0,-0.6645976139533226,-103.0,-46.0,134,253.0,82,0.0
35313,ES 06-26,1780494554868,1780494555096,Absorb,-1,7577.5,7577.0,2.0,238,233,1,0.9620253164556962,228.0,1390.3508771929824,317.0,12.0,-39.0,139.0,178.0,-0.2981593251674909,97.0,-136.0,226,300.0,126,0.0
35314,ES 06-26,1780494628024,1780494628028,Absorb,-1,7579.0,7578.5,2.0,139,139,1,0.028985507246376812,4.0,53250.0,213.0,18.0,-213.0,0.0,213.0,-1.6556101702488941,-96.0,-117.0,136,208.0,58,0.0
35315,ES 06-26,1780494652588,1780494652592,Absorb,-1,7580.75,7580.5,1.0,57,56,1,0.07142857142857142,4.0,53000.0,212.0,57.0,-210.0,1.0,211.0,-3.826873217526575,-172.0,-38.0,54,204.0,56,0.0
35316,ES 06-26,1780494675456,1780494675584,Absorb,-1,7583.75,7582.75,4.0,197,190,1,0.6530612244897959,128.0,2687.5,344.0,66.0,234.0,289.0,55.0,1.2731557782319203,142.0,92.0,186,332.0,88,0.0
35317,ES 06-26,1780494944784,1780494944944,Predator,-1,7587.25,7585.75,6.0,259,256,1,0.6201550387596899,160.0,2181.25,349.0,10.0,-259.0,45.0,304.0,-1.0465592860941697,-180.0,-79.0,247,337.0,85,0.0
35318,ES 06-26,1780494986992,1780494987028,Absorb,-1,7587.75,7587.0,3.0,144,139,1,0.2517482517482518,36.0,10000.0,360.0,60.0,322.0,341.0,19.0,2.7746342737722047,77.0,245.0,136,350.0,57,0.0
35319,ES 06-26,1780495087128,1780495087140,Absorb,-1,7585.25,7584.75,2.0,153,152,1,0.07894736842105263,12.0,38666.666666666664,464.0,132.0,-418.0,23.0,441.0,-3.3771427231179554,-124.0,-294.0,149,460.0,81,0.0
35320,ES 06-26,1780495216804,1780495216960,Absorb,-1,7590.25,7589.25,4.0,201,189,1,0.78,156.0,1519.2307692307693,237.0,7.0,151.0,194.0,43.0,0.7379444362346682,67.0,84.0,180,211.0,70,0.0
35321,ES 06-26,1780495217872,1780495218032,Absorb,-1,7591.0,7590.25,3.0,81,77,1,2.0,160.0,1250.0,200.0,45.0,144.0,172.0,28.0,2.3494354110207767,0.0,144.0,73,164.0,27,0.0
35322,ES 06-26,1780495219320,1780495219352,Absorb,-1,7590.75,7590.5,1.0,92,90,1,0.3516483516483517,32.0,6812.5,218.0,45.0,166.0,192.0,26.0,1.7025646163093568,115.0,51.0,88,212.0,70,0.0
35323,ES 06-26,1780495219748,1780495219820,Absorb,-1,7591.25,7590.75,2.0,191,186,1,0.37894736842105264,72.0,14597.222222222223,1051.0,737.0,875.0,963.0,88.0,6.02493111049876,941.0,-66.0,180,303.0,92,0.0
35324,ES 06-26,1780495938736,1780495938744,Absorb,1,7595.0,7595.0,0.0,65,65,1,0.125,8.0,30250.0,242.0,66.0,242.0,242.0,0.0,4.401966783216783,204.0,38.0,64,241.0,65,0.0
35325,ES 06-26,1780496171668,1780496171816,Predator,-1,7596.5,7595.0,6.0,342,331,1,0.4340175953079179,148.0,2912.1621621621625,431.0,9.0,141.0,286.0,145.0,0.09888492252235712,176.0,-35.0,324,408.0,97,0.0
35326,ES 06-26,1780496336688,1780496336972,Absorb,-1,7593.5,7593.0,2.0,257,254,1,1.109375,284.0,1112.6760563380283,316.0,7.0,0.0,158.0,158.0,0.3823918649895937,-61.0,61.0,250,309.0,213,0.0
35327,ES 06-26,1780496337036,1780496337104,Absorb,-1,7593.75,7593.0,3.0,167,162,1,0.40963855421686746,68.0,5823.529411764705,396.0,170.0,-248.0,74.0,322.0,-1.3192178465787874,-189.0,-59.0,156,383.0,88,0.0
35328,ES 06-26,1780496351760,1780496351944,Absorb,-1,7592.75,7591.75,4.0,338,332,1,0.5459940652818991,184.0,2326.086956521739,428.0,8.0,-196.0,116.0,312.0,-0.5900069130127326,-197.0,1.0,321,408.0,107,0.0
35329,ES 06-26,1780496353128,1780496353344,Absorb,-1,7590.5,7589.75,3.0,210,205,1,1.0334928229665072,216.0,1148.1481481481483,248.0,3.0,36.0,142.0,106.0,-0.12385379649036421,85.0,-49.0,201,239.0,147,0.0
35330,ES 06-26,1780496401784,1780496402076,Absorb,-1,7589.0,7588.0,4.0,190,186,1,1.5449735449735449,292.0,784.2465753424658,229.0,9.0,-93.0,68.0,161.0,-0.6053064598669449,-34.0,-59.0,178,216.0,72,0.0
35331,ES 06-26,1780496402456,1780496402664,Predator,-1,7588.0,7586.5,6.0,357,341,1,0.5842696629213483,208.0,2139.423076923077,445.0,6.0,67.0,256.0,189.0,0.309349563690896,-77.0,144.0,325,406.0,112,0.0
35332,ES 06-26,1780496406652,1780496406940,Absorb,-1,7589.75,7589.0,3.0,216,210,1,1.3395348837209302,288.0,927.0833333333334,267.0,9.0,23.0,145.0,122.0,0.16304909560723513,31.0,-8.0,205,254.0,137,0.0
35333,ES 06-26,1780496431616,1780496431728,Absorb,-1,7591.0,7590.25,3.0,173,168,1,0.6511627906976745,112.0,1857.142857142857,208.0,3.0,200.0,204.0,4.0,1.1109321330731328,100.0,100.0,166,201.0,86,0.0
35334,ES 06-26,1780497023036,1780497023080,Absorb,-1,7595.75,7595.5,1.0,68,67,1,0.6567164179104478,44.0,4840.909090909091,213.0,112.0,151.0,182.0,31.0,3.2560789403366797,41.0,110.0,65,206.0,35,0.0
35335,ES 06-26,1780498118760,1780498118836,Absorb,-1,7588.75,7588.5,1.0,114,112,1,0.672566371681416,76.0,6118.421052631579,465.0,200.0,169.0,317.0,148.0,2.8122759765901866,-100.0,269.0,109,379.0,88,0.0
35336,ES 06-26,1780498138736,1780498138772,Absorb,-1,7588.0,7588.0,0.0,13,13,1,3.0,36.0,6194.444444444445,223.0,180.0,223.0,223.0,0.0,20.912087912087912,190.0,33.0,12,218.0,13,0.0
35337,ES 06-26,1780498166788,1780498166812,Absorb,-1,7588.25,7587.75,2.0,165,162,1,0.14634146341463414,24.0,36666.666666666664,880.0,500.0,-804.0,38.0,842.0,-5.803985787941121,-250.0,-554.0,157,872.0,100,0.0
35338,ES 06-26,1780498190548,1780498190636,Absorb,-1,7586.75,7586.5,1.0,131,130,1,0.676923076923077,88.0,3215.909090909091,283.0,46.0,-123.0,80.0,203.0,-1.3716596380718518,-88.0,-35.0,128,278.0,82,0.0
35339,ES 06-26,1780498434616,1780498434780,Absorb,-1,7591.5,7590.5,4.0,214,208,1,0.7699530516431925,164.0,1542.6829268292681,253.0,6.0,17.0,135.0,118.0,-0.2130669695197921,54.0,-37.0,204,241.0,130,0.0
35340,ES 06-26,1780500481568,1780500481832,Absorb,-1,7585.75,7584.75,4.0,299,284,1,0.8859060402684564,264.0,1469.6969696969695,388.0,8.0,-164.0,112.0,276.0,-0.499962290408745,-129.0,-35.0,265,349.0,126,0.0
35341,ES 06-26,1780500482536,1780500482820,Absorb,-1,7585.75,7585.0,3.0,238,233,1,1.1983122362869199,284.0,1147.887323943662,326.0,5.0,-72.0,127.0,199.0,-0.6321672358366577,-21.0,-51.0,226,306.0,119,0.0
35342,ES 06-26,1780500520980,1780500521016,Predator,1,7588.0,7586.5,6.0,406,391,1,0.08888888888888889,36.0,13944.444444444445,502.0,10.0,192.0,347.0,155.0,0.6266233990371921,246.0,-54.0,372,463.0,132,0.0
35343,ES 06-26,1780500661420,1780500661488,Absorb,-1,7589.5,7589.0,2.0,174,173,1,0.3930635838150289,68.0,3588.235294117647,244.0,14.0,-242.0,1.0,243.0,-1.4026287764457985,-132.0,-110.0,169,226.0,90,0.0
35344,ES 06-26,1780501076300,1780501076360,Predator,-1,7581.0,7579.75,5.0,451,433,1,0.13333333333333333,60.0,12766.666666666668,766.0,66.0,-350.0,208.0,558.0,-0.9281646161594359,-308.0,-42.0,409,707.0,226,0.0
35345,ES 06-26,1780501076412,1780501076640,Absorb,-1,7580.0,7579.5,2.0,235,233,1,0.9743589743589743,228.0,1214.9122807017543,277.0,4.0,-185.0,46.0,231.0,-0.9736793438560478,-132.0,-53.0,229,270.0,137,0.0
35346,ES 06-26,1780501076864,1780501076992,Absorb,-1,7579.25,7578.75,2.0,157,153,1,0.8205128205128205,128.0,1640.625,210.0,8.0,38.0,124.0,86.0,0.36952908415457797,-58.0,96.0,147,197.0,139,0.0
35347,ES 06-26,1780501089980,1780501090068,Absorb,-1,7581.25,7580.5,3.0,245,240,1,0.36065573770491804,88.0,3693.1818181818185,325.0,5.0,43.0,184.0,141.0,0.21674595467935276,157.0,-114.0,235,313.0,131,0.0
35348,ES 06-26,1780501308780,1780501308984,Absorb,-1,7580.25,7579.25,4.0,353,345,1,0.5795454545454546,204.0,2313.7254901960787,472.0,6.0,-160.0,156.0,316.0,-0.23238409931164528,-131.0,-29.0,333,439.0,150,0.0
35349,ES 06-26,1780501318472,1780501318700,Absorb,-1,7580.5,7579.5,4.0,221,215,1,1.0363636363636364,228.0,1311.4035087719299,299.0,10.0,91.0,195.0,104.0,0.37140760670172435,135.0,-44.0,211,286.0,100,0.0
35350,ES 06-26,1780501408876,1780501408956,Absorb,-1,7580.0,7579.0,4.0,243,237,1,0.3305785123966942,80.0,4287.5,343.0,27.0,265.0,304.0,39.0,1.0010830276602756,198.0,67.0,233,328.0,92,0.0
35351,ES 06-26,1780501555284,1780501555368,Absorb,-1,7577.75,7577.0,3.0,150,148,1,0.5637583892617449,84.0,2952.3809523809523,248.0,25.0,-68.0,90.0,158.0,-0.7496866527401218,-118.0,50.0,144,217.0,80,0.0
35352,ES 06-26,1780501685156,1780501685248,Absorb,-1,7578.0,7577.25,3.0,163,162,1,0.5679012345679012,92.0,2771.7391304347825,255.0,10.0,-167.0,44.0,211.0,-1.4034033285118128,-105.0,-62.0,158,247.0,81,0.0
35353,ES 06-26,1780502617700,1780502617804,Predator,-1,7579.75,7578.5,5.0,151,144,1,0.6933333333333334,104.0,2144.2307692307695,223.0,13.0,89.0,156.0,67.0,0.46891948414081563,85.0,4.0,140,205.0,60,0.0
35354,ES 06-26,1780502619092,1780502619172,Absorb,-1,7579.5,7578.75,3.0,115,112,1,0.7017543859649122,80.0,2537.5,203.0,22.0,137.0,170.0,33.0,1.528564665035903,34.0,103.0,111,197.0,47,0.0
35355,ES 06-26,1780502857552,1780502857780,Absorb,-1,7577.5,7576.75,3.0,157,154,1,1.4615384615384615,228.0,1285.0877192982455,293.0,67.0,-33.0,130.0,163.0,-0.06320121062522095,-131.0,98.0,152,287.0,94,0.0
35356,ES 06-26,1780502977280,1780502977352,Absorb,-1,7578.75,7578.5,1.0,112,111,1,0.6486486486486487,72.0,3888.888888888889,280.0,38.0,280.0,280.0,0.0,2.450930228585096,210.0,70.0,110,278.0,86,0.0
35357,ES 06-26,1780503430708,1780503430852,Absorb,-1,7578.5,7577.5,4.0,175,174,1,0.8275862068965517,144.0,1618.0555555555557,233.0,5.0,-61.0,86.0,147.0,-0.5293752798925213,-112.0,51.0,169,225.0,103,0.0
35358,ES 06-26,1780503494856,1780503494896,Absorb,-1,7574.0,7573.5,2.0,162,158,1,0.2484472049689441,40.0,5400.0,216.0,7.0,-94.0,61.0,155.0,-0.6559618720194874,-117.0,23.0,152,203.0,76,0.0
35359,ES 06-26,1780503595228,1780503595292,Absorb,-1,7576.25,7575.25,4.0,255,250,1,0.25196850393700787,64.0,5437.5,348.0,10.0,80.0,214.0,134.0,0.46004588351088466,181.0,-101.0,247,337.0,144,0.0
35360,ES 06-26,1780503849608,1780503849732,Absorb,-1,7570.0,7569.5,2.0,167,165,1,0.7469879518072289,124.0,1782.258064516129,221.0,18.0,-143.0,39.0,182.0,-0.9514387747740319,-121.0,-22.0,160,214.0,79,0.0
35361,ES 06-26,1780504035892,1780504036088,Absorb,-1,7569.0,7568.25,3.0,209,202,1,0.9423076923076923,196.0,1418.3673469387754,278.0,6.0,-122.0,78.0,200.0,-0.7345233713654766,-125.0,3.0,194,259.0,73,0.0
35362,ES 06-26,1780504163304,1780504163492,Predator,-1,7570.0,7568.75,5.0,246,238,1,0.7673469387755102,188.0,1654.2553191489362,311.0,6.0,183.0,247.0,64.0,0.697428373936718,155.0,28.0,233,294.0,78,0.0
35363,ES 06-26,1780504282084,1780504282312,Absorb,-1,7573.5,7572.5,4.0,315,309,1,0.7261146496815286,228.0,2030.701754385965,463.0,17.0,171.0,317.0,146.0,0.5779661602607664,265.0,-94.0,304,450.0,100,0.0
35364,ES 06-26,1780504326444,1780504326476,Absorb,-1,7570.5,7569.75,3.0,125,124,1,0.25806451612903225,32.0,6656.25,213.0,50.0,-211.0,1.0,212.0,-1.9090384024577574,-83.0,-128.0,119,204.0,55,0.0
35365,ES 06-26,1780504443444,1780504443616,Predator,-1,7573.25,7571.25,8.0,493,480,1,0.34959349593495936,172.0,4389.53488372093,755.0,41.0,385.0,570.0,185.0,0.7074447618690901,285.0,100.0,471,682.0,137,0.0
35366,ES 06-26,1780504883604,1780504883628,Absorb,-1,7564.5,7564.0,2.0,139,135,1,0.17391304347826086,24.0,10875.0,261.0,21.0,-109.0,76.0,185.0,-1.0057062424594485,-162.0,53.0,130,250.0,61,0.0
35367,ES 06-26,1780504916792,1780504916816,Absorb,-1,7564.0,7563.0,4.0,157,156,1,0.15384615384615385,24.0,9666.666666666666,232.0,25.0,-180.0,26.0,206.0,-1.3878000979911809,-133.0,-47.0,151,220.0,53,0.0
35368,ES 06-26,1780505258208,1780505258488,Absorb,-1,7572.5,7572.0,2.0,219,216,1,1.2844036697247707,280.0,1453.5714285714284,407.0,89.0,187.0,297.0,110.0,1.1892227541215854,143.0,44.0,212,399.0,92,0.0
35369,ES 06-26,1780505552472,1780505552580,Absorb,-1,7573.0,7572.0,4.0,369,358,1,0.29347826086956524,108.0,4629.62962962963,500.0,11.0,-234.0,133.0,367.0,-0.7630621077068585,-229.0,-5.0,343,459.0,166,0.0
35370,ES 06-26,1780505553084,1780505553212,Absorb,-1,7571.75,7571.5,1.0,176,175,1,0.7314285714285714,128.0,1742.1875,223.0,4.0,-61.0,81.0,142.0,-0.44666740039621394,-115.0,54.0,173,220.0,90,0.0
35371,ES 06-26,1780505555180,1780505555348,Predator,1,7573.75,7572.5,5.0,370,362,1,0.45528455284552843,168.0,3000.0,504.0,9.0,400.0,452.0,52.0,0.971345416812513,165.0,235.0,349,462.0,93,0.0
35372,ES 06-26,1780505616812,1780505616908,Absorb,-1,7572.5,7571.5,4.0,271,269,1,0.35555555555555557,96.0,3781.25,363.0,8.0,-163.0,100.0,263.0,-0.6821931601668958,-185.0,22.0,263,352.0,174,0.0
35373,ES 06-26,1780505617368,1780505617528,Predator,-1,7572.0,7570.5,6.0,283,275,1,0.5673758865248227,160.0,2337.5,374.0,11.0,-92.0,141.0,233.0,-0.5726811814424627,-155.0,63.0,263,349.0,83,0.0
35374,ES 06-26,1780505640196,1780505640364,Absorb,-1,7572.0,7571.0,4.0,391,379,1,0.4307692307692308,168.0,3011.904761904762,506.0,5.0,-24.0,241.0,265.0,-0.24995182019296014,46.0,-70.0,369,477.0,187,0.0
35375,ES 06-26,1780505667460,1780505667484,Absorb,-1,7574.0,7573.25,3.0,137,133,1,0.17647058823529413,24.0,10166.666666666666,244.0,60.0,146.0,195.0,49.0,1.6006683219146116,86.0,60.0,130,228.0,84,0.0
35376,ES 06-26,1780505836968,1780505837048,Absorb,-1,7575.0,7574.75,1.0,167,166,1,0.4819277108433735,80.0,2875.0,230.0,12.0,226.0,228.0,2.0,1.3404000948189678,117.0,109.0,165,225.0,165,0.0
35377,ES 06-26,1780505837676,1780505837820,Absorb,-1,7575.5,7574.75,3.0,614,608,1,0.23491027732463296,144.0,6451.38888888889,929.0,47.0,651.0,790.0,139.0,1.2125994983560422,397.0,254.0,604,914.0,350,0.0
35378,ES 06-26,1780505868604,1780505868648,Absorb,-1,7576.25,7575.5,3.0,245,239,1,0.18032786885245902,44.0,9272.727272727274,408.0,37.0,294.0,351.0,57.0,1.1761001721760276,239.0,55.0,234,394.0,90,0.0
35379,ES 06-26,1780505879972,1780505880124,Absorb,-1,7575.75,7575.25,2.0,199,191,1,0.7676767676767676,152.0,1815.7894736842106,276.0,5.0,-54.0,111.0,165.0,-0.1084376427592508,-128.0,74.0,180,245.0,129,0.0
35380,ES 06-26,1780506527216,1780506527360,Absorb,-1,7575.75,7575.0,3.0,150,148,1,0.9664429530201343,144.0,1451.388888888889,209.0,8.0,1.0,105.0,104.0,0.0019396417618560825,-98.0,99.0,144,196.0,71,0.0
35381,ES 06-26,1780506560628,1780506560672,Predator,-1,7578.0,7576.0,8.0,473,440,1,0.09322033898305085,44.0,18522.727272727272,815.0,25.0,533.0,674.0,141.0,1.1744652106249827,411.0,122.0,415,725.0,103,0.0
35382,ES 06-26,1780506560672,1780506560888,Absorb,-1,7578.75,7577.75,4.0,431,408,1,0.5023255813953489,216.0,2587.962962962963,559.0,6.0,37.0,298.0,261.0,0.3666095613230454,98.0,-61.0,384,505.0,194,0.0
35383,ES 06-26,1780506563120,1780506563316,Predator,-1,7578.25,7576.5,7.0,265,248,1,0.7424242424242424,196.0,1903.061224489796,373.0,14.0,135.0,254.0,119.0,0.38478636557087403,162.0,-27.0,234,335.0,85,0.0
35384,ES 06-26,1780506564060,1780506564224,Predator,1,7578.75,7577.25,6.0,248,236,1,0.6639676113360324,164.0,2097.560975609756,344.0,10.0,18.0,181.0,163.0,0.051986842498635,160.0,-142.0,221,302.0,91,0.0
35385,ES 06-26,1780506566624,1780506566640,Predator,-1,7577.75,7575.75,8.0,214,213,1,0.07511737089201878,16.0,20250.0,324.0,16.0,-294.0,15.0,309.0,-1.5370534880659745,-125.0,-169.0,204,311.0,34,0.0
35386,ES 06-26,1780506566640,1780506566784,Absorb,1,7577.25,7576.75,2.0,164,155,1,0.8834355828220859,144.0,1486.1111111111113,214.0,9.0,-100.0,57.0,157.0,-0.8189952797464394,-35.0,-65.0,148,197.0,98,0.0
35387,ES 06-26,1780506815956,1780506816148,Predator,-1,7572.0,7570.75,5.0,363,351,1,0.5303867403314917,192.0,2739.5833333333335,526.0,11.0,-164.0,181.0,345.0,-0.63483001177627,-204.0,40.0,338,494.0,92,0.0
35388,ES 06-26,1780506833788,1780506834048,Absorb,-1,7570.0,7569.0,4.0,329,317,1,0.7926829268292683,260.0,2553.846153846154,664.0,157.0,-398.0,133.0,531.0,-1.0070441234945646,-105.0,-293.0,303,626.0,125,0.0
35389,ES 06-26,1780507103776,1780507103892,Absorb,-1,7568.75,7568.5,1.0,120,118,1,0.9747899159663865,116.0,1758.6206896551723,204.0,22.0,-174.0,15.0,189.0,-1.2131259115216335,-130.0,-44.0,114,198.0,89,0.0
35390,ES 06-26,1780507842612,1780507842624,Absorb,-1,7570.5,7570.25,1.0,80,78,1,0.1518987341772152,12.0,24666.666666666668,296.0,120.0,-194.0,51.0,245.0,-3.5454406938584153,-242.0,48.0,76,291.0,41,0.0
35391,ES 06-26,1780507905368,1780507905508,Absorb,1,7571.25,7570.5,3.0,217,212,1,0.6481481481481481,140.0,2742.8571428571427,384.0,25.0,270.0,327.0,57.0,1.2737472812938928,195.0,75.0,203,345.0,90,0.0
35392,ES 06-26,1780507910176,1780507910212,Absorb,-1,7571.0,7570.75,1.0,48,47,1,0.7659574468085106,36.0,6055.555555555556,218.0,47.0,-216.0,1.0,217.0,-4.167878853669127,-154.0,-62.0,45,202.0,44,0.0
35393,ES 06-26,1780507982352,1780507982368,Absorb,1,7573.5,7573.25,1.0,95,93,1,0.1702127659574468,16.0,15375.0,246.0,30.0,92.0,169.0,77.0,0.8523376259798432,164.0,-72.0,91,239.0,53,0.0
35394,ES 06-26,1780507993416,1780507993452,Absorb,-1,7574.0,7573.5,2.0,148,145,1,0.24489795918367346,36.0,7805.555555555557,281.0,31.0,169.0,225.0,56.0,1.2656818577240436,163.0,6.0,142,268.0,80,0.0
35395,ES 06-26,1780509122476,1780509122536,Predator,-1,7582.5,7581.0,6.0,371,361,1,0.16216216216216217,60.0,9083.333333333334,545.0,25.0,281.0,413.0,132.0,1.0037822798017564,259.0,22.0,353,523.0,130,0.0
35396,ES 06-26,1780509189696,1780509189708,Absorb,-1,7582.25,7581.5,3.0,163,159,1,0.07407407407407407,12.0,19833.333333333332,238.0,10.0,-94.0,72.0,166.0,-1.017961549758647,-65.0,-29.0,152,223.0,66,0.0
35397,ES 06-26,1780509293428,1780509293464,Absorb,-1,7583.75,7583.0,3.0,225,219,1,0.16071428571428573,36.0,8583.333333333334,309.0,7.0,159.0,234.0,75.0,0.6175294985250738,160.0,-1.0,213,292.0,130,0.0
35398,ES 06-26,1780510442716,1780510442808,Absorb,-1,7579.25,7578.5,3.0,307,296,1,0.3006535947712418,92.0,4413.04347826087,406.0,5.0,14.0,210.0,196.0,0.07577872724452529,-146.0,160.0,283,376.0,109,0.0
35399,ES 06-26,1780510540404,1780510540468,Absorb,-1,7579.0,7578.5,2.0,243,238,1,0.2644628099173554,64.0,6328.125,405.0,33.0,209.0,307.0,98.0,1.092774909218029,237.0,-28.0,234,390.0,115,0.0
35400,ES 06-26,1780510801252,1780510801268,Predator,-1,7582.0,7579.75,9.0,343,335,1,0.04678362573099415,16.0,35437.5,567.0,54.0,-323.0,122.0,445.0,-0.9307146009304229,-246.0,-77.0,320,516.0,62,0.0
35401,ES 06-26,1780510805696,1780510805796,Absorb,-1,7581.75,7580.75,4.0,267,254,1,0.37593984962406013,100.0,3610.0,361.0,6.0,159.0,260.0,101.0,0.309563107836672,164.0,-5.0,242,327.0,108,0.0
35402,ES 06-26,1780511172192,1780511172196,Absorb,-1,7587.0,7587.0,0.0,58,58,1,0.07017543859649122,4.0,52250.0,209.0,60.0,209.0,209.0,0.0,3.885662431941924,115.0,94.0,57,208.0,58,0.0
35403,ES 06-26,1780511610524,1780511610808,Predator,-1,7586.0,7584.5,6.0,637,615,1,0.44654088050314467,284.0,3401.4084507042257,966.0,25.0,-298.0,334.0,632.0,-0.32901256193383716,-390.0,92.0,590,904.0,231,0.0
35404,ES 06-26,1780511611148,1780511611308,Absorb,-1,7586.0,7585.5,2.0,134,132,1,1.2030075187969924,160.0,1362.5,218.0,6.0,-66.0,76.0,142.0,-0.8546291100886545,27.0,-93.0,127,206.0,57,0.0
35405,ES 06-26,1780511745588,1780511745624,Absorb,-1,7584.0,7583.5,2.0,150,148,1,0.24161073825503357,36.0,5888.88888888889,212.0,7.0,-88.0,62.0,150.0,-0.7993528601271168,-114.0,26.0,144,206.0,83,0.0
35406,ES 06-26,1780511787284,1780511787308,Absorb,-1,7584.0,7583.5,2.0,131,127,1,0.18461538461538463,24.0,12625.0,303.0,97.0,-55.0,124.0,179.0,-0.642166230715849,-116.0,61.0,122,292.0,53,0.0
35407,ES 06-26,1780513903764,1780513903908,Absorb,-1,7575.25,7574.5,3.0,217,213,1,0.6666666666666666,144.0,2194.444444444445,316.0,12.0,-190.0,63.0,253.0,-1.0784290928564382,-146.0,-44.0,206,299.0,81,0.0
35408,ES 06-26,1780514249008,1780514249192,Absorb,-1,7580.5,7579.5,4.0,338,328,1,0.5459940652818991,184.0,2603.2608695652175,479.0,17.0,353.0,416.0,63.0,1.0975738572824136,241.0,112.0,321,457.0,114,0.0
35409,ES 06-26,1780514249332,1780514249524,Absorb,-1,7581.75,7580.75,4.0,440,433,1,0.43735763097949887,192.0,3369.7916666666665,647.0,16.0,87.0,367.0,280.0,0.3046622376430382,286.0,-199.0,428,620.0,294,0.0
35410,ES 06-26,1780514254192,1780514254264,Absorb,-1,7579.75,7579.25,2.0,169,168,1,0.42857142857142855,72.0,3708.3333333333335,267.0,7.0,-181.0,43.0,224.0,-1.276438267614738,-140.0,-41.0,164,257.0,87,0.0
35411,ES 06-26,1780514352512,1780514352560,Absorb,-1,7577.75,7577.0,3.0,133,130,1,0.36363636363636365,48.0,4291.666666666667,206.0,13.0,192.0,199.0,7.0,1.5553911916834149,97.0,95.0,128,197.0,66,0.0
35412,ES 06-26,1780514485888,1780514485948,Absorb,-1,7577.0,7576.25,3.0,369,362,1,0.16304347826086957,60.0,8883.333333333334,533.0,10.0,83.0,308.0,225.0,0.37013054942535323,-183.0,266.0,354,507.0,167,0.0
35413,ES 06-26,1780515906632,1780515906684,Absorb,-1,7580.25,7580.0,1.0,114,114,1,0.46017699115044247,52.0,4538.461538461539,236.0,26.0,-236.0,0.0,236.0,-2.244389542536603,-74.0,-162.0,112,234.0,62,0.0
35414,ES 06-26,1780516199920,1780516200016,Predator,-1,7581.5,7579.25,9.0,279,276,1,0.34532374100719426,96.0,5656.25,543.0,100.0,-399.0,72.0,471.0,-1.591773585739703,-81.0,-318.0,264,519.0,51,0.0
35415,ES 06-26,1780516200660,1780516200784,Predator,-1,7579.5,7577.5,8.0,290,285,1,0.4290657439446367,124.0,3798.3870967741937,471.0,13.0,-297.0,87.0,384.0,-0.8591795137996229,-84.0,-213.0,271,448.0,71,0.0
35416,ES 06-26,1780516200788,1780516201072,Predator,-1,7579.0,7575.75,13.0,761,737,1,0.3736842105263158,284.0,4598.591549295775,1306.0,47.0,-582.0,362.0,944.0,-0.856517233360907,-48.0,-534.0,694,1139.0,110,0.0
35417,ES 06-26,1780516201496,1780516201700,Predator,-1,7576.75,7575.5,5.0,164,162,1,1.2515337423312884,204.0,1656.8627450980393,338.0,59.0,-180.0,79.0,259.0,-1.4498156788595213,-18.0,-162.0,153,324.0,44,0.0
35418,ES 06-26,1780516201788,1780516201948,Predator,-1,7576.5,7575.0,6.0,157,153,1,1.0256410256410255,160.0,1993.75,319.0,107.0,-213.0,53.0,266.0,-1.8096428283479804,-120.0,-93.0,145,286.0,45,0.0
35419,ES 06-26,1780516201960,1780516202260,Predator,-1,7576.25,7574.75,6.0,149,140,1,2.027027027027027,300.0,673.3333333333334,202.0,5.0,40.0,121.0,81.0,0.31688010157808816,0.0,40.0,132,176.0,45,0.0
35420,ES 06-26,1780516202332,1780516202588,Predator,-1,7576.0,7574.25,7.0,260,254,1,0.9884169884169884,256.0,1542.96875,395.0,46.0,-165.0,115.0,280.0,-0.46199625165142405,-160.0,-5.0,240,369.0,69,0.0
35421,ES 06-26,1780516202800,1780516203004,Predator,-1,7576.25,7575.0,5.0,105,98,1,1.9615384615384615,204.0,2294.117647058824,468.0,129.0,464.0,466.0,2.0,4.021542608335062,370.0,94.0,95,441.0,43,0.0
35422,ES 06-26,1780516203996,1780516204024,Predator,-1,7577.75,7576.5,5.0,174,167,1,0.16184971098265896,28.0,13678.571428571428,383.0,101.0,-107.0,138.0,245.0,-1.2386742219311484,27.0,-134.0,158,363.0,44,0.0
35423,ES 06-26,1780516205636,1780516205656,Absorb,-1,7577.5,7576.5,4.0,109,108,1,0.18518518518518517,20.0,10450.0,209.0,10.0,-191.0,9.0,200.0,-1.8763043276804745,-91.0,-100.0,103,188.0,34,0.0
35424,ES 06-26,1780516207596,1780516207660,Absorb,-1,7576.25,7575.25,4.0,129,127,1,0.5,64.0,3843.75,246.0,22.0,-218.0,14.0,232.0,-1.7180735688729876,-133.0,-85.0,121,217.0,60,0.0
35425,ES 06-26,1780516210000,1780516210112,Predator,-1,7576.0,7574.75,5.0,216,210,1,0.5209302325581395,112.0,2830.3571428571427,317.0,5.0,-49.0,134.0,183.0,-0.6064754283809047,54.0,-103.0,202,295.0,45,0.0
35426,ES 06-26,1780516228948,1780516228964,Absorb,-1,7576.0,7575.25,3.0,127,123,1,0.12698412698412698,16.0,13312.5,213.0,11.0,171.0,192.0,21.0,1.6073889201349831,117.0,54.0,120,205.0,58,0.0
35427,ES 06-26,1780516235328,1780516235336,Absorb,-1,7576.0,7575.75,1.0,90,86,1,0.0898876404494382,8.0,39000.0,312.0,120.0,198.0,255.0,57.0,3.3736099106885624,52.0,146.0,81,290.0,48,0.0
35428,ES 06-26,1780516253964,1780516254016,Absorb,-1,7576.5,7575.75,3.0,168,165,1,0.31137724550898205,52.0,4961.538461538462,258.0,5.0,12.0,135.0,123.0,-0.4273211818121998,56.0,-44.0,161,248.0,88,0.0
35429,ES 06-26,1780516277000,1780516277148,Absorb,-1,7576.5,7576.0,2.0,150,148,1,0.9932885906040269,148.0,1750.0,259.0,31.0,-217.0,21.0,238.0,-1.503197475443353,-81.0,-136.0,143,244.0,69,0.0
35430,ES 06-26,1780516278088,1780516278128,Absorb,-1,7576.5,7576.25,1.0,49,48,1,0.8333333333333334,40.0,6300.0,252.0,169.0,252.0,252.0,0.0,2.3212244897959184,211.0,41.0,47,241.0,43,0.0
35431,ES 06-26,1780516339952,1780516340088,Absorb,-1,7575.75,7575.0,3.0,182,180,1,0.7513812154696132,136.0,1897.0588235294117,258.0,10.0,-124.0,67.0,191.0,-0.9815512808901089,-114.0,-10.0,175,250.0,103,0.0
35432,ES 06-26,1780516350000,1780516350116,Absorb,-1,7574.75,7574.25,2.0,135,134,1,0.8656716417910447,116.0,2318.965517241379,269.0,35.0,-45.0,112.0,157.0,-0.392722661203785,-152.0,107.0,131,263.0,97,0.0
35433,ES 06-26,1780516379924,1780516380104,Absorb,-1,7574.75,7574.0,3.0,231,227,1,0.782608695652174,180.0,1866.6666666666667,336.0,11.0,28.0,182.0,154.0,-0.1693218325901984,-88.0,116.0,221,318.0,101,0.0
35434,ES 06-26,1780516390000,1780516390140,Absorb,-1,7574.75,7573.75,4.0,197,195,1,0.7142857142857143,140.0,2150.0,301.0,15.0,-263.0,19.0,282.0,-1.2512863013225595,-88.0,-175.0,188,287.0,50,0.0
35435,ES 06-26,1780516397252,1780516397284,Absorb,-1,7575.0,7574.5,2.0,149,147,1,0.21621621621621623,32.0,7625.0,244.0,7.0,162.0,203.0,41.0,1.4305242154906583,118.0,44.0,145,235.0,96,0.0
35436,ES 06-26,1780516410000,1780516410168,Absorb,-1,7575.0,7574.5,2.0,160,158,1,1.0566037735849056,168.0,1482.142857142857,249.0,8.0,19.0,134.0,115.0,0.4134507207312786,-87.0,106.0,157,246.0,58,0.0
35437,ES 06-26,1780516420000,1780516420168,Absorb,-1,7574.75,7573.75,4.0,282,277,1,0.597864768683274,168.0,2577.3809523809523,433.0,22.0,47.0,240.0,193.0,0.6745124721042834,-28.0,75.0,272,416.0,106,0.0
35438,ES 06-26,1780516430000,1780516430116,Absorb,-1,7575.5,7574.75,3.0,184,180,1,0.6338797814207651,116.0,2706.8965517241377,314.0,21.0,-4.0,155.0,159.0,-0.05950280287414999,46.0,-50.0,177,298.0,90,0.0
35439,ES 06-26,1780516440000,1780516440196,Absorb,-1,7575.75,7575.0,3.0,201,198,1,0.98,196.0,1352.0408163265306,265.0,10.0,-61.0,102.0,163.0,-0.4146933648588739,-112.0,51.0,192,256.0,135,0.0
35440,ES 06-26,1780516450000,1780516450012,Absorb,-1,7575.0,7574.0,4.0,219,212,1,0.05504587155963303,12.0,29083.333333333332,349.0,12.0,87.0,218.0,131.0,0.93867149565277,68.0,19.0,206,330.0,77,0.0
35441,ES 06-26,1780516450016,1780516450168,Absorb,-1,7575.0,7574.25,3.0,294,289,1,0.5187713310580204,152.0,2723.684210526316,414.0,6.0,116.0,265.0,149.0,0.24943363126473472,-72.0,188.0,282,396.0,155,0.0
35442,ES 06-26,1780516459952,1780516460092,Predator,1,7576.0,7574.75,5.0,289,282,1,0.4861111111111111,140.0,2992.8571428571427,419.0,7.0,35.0,227.0,192.0,0.4979944716223203,100.0,-65.0,273,394.0,140,0.0
35443,ES 06-26,1780516470000,1780516470124,Predator,-1,7576.0,7574.5,6.0,371,362,1,0.33513513513513515,124.0,4314.5161290322585,535.0,8.0,-143.0,196.0,339.0,-0.30271022261283975,-244.0,101.0,350,500.0,113,0.0
35444,ES 06-26,1780516480000,1780516480184,Predator,-1,7576.25,7574.75,6.0,711,700,1,0.2591549295774648,184.0,5434.782608695652,1000.0,15.0,2.0,501.0,499.0,-0.21960816718449416,259.0,-257.0,688,966.0,195,0.0
35445,ES 06-26,1780516501140,1780516501272,Absorb,-1,7573.25,7572.75,2.0,165,162,1,0.8048780487804879,132.0,1606.060606060606,212.0,10.0,-54.0,79.0,133.0,-0.46871744182940184,-113.0,59.0,157,204.0,99,0.0
35446,ES 06-26,1780516506896,1780516507140,Absorb,-1,7573.25,7572.5,3.0,139,138,1,1.7681159420289856,244.0,827.8688524590165,202.0,6.0,-136.0,33.0,169.0,-0.7322936681710532,-30.0,-106.0,133,195.0,51,0.0
35447,ES 06-26,1780516507992,1780516508164,Absorb,1,7572.75,7572.0,3.0,146,142,1,1.186206896551724,172.0,1226.7441860465117,211.0,20.0,-27.0,92.0,119.0,-0.7551483134585908,-17.0,-10.0,137,197.0,65,0.0
35448,ES 06-26,1780516528264,1780516528348,Predator,-1,7576.0,7573.25,11.0,868,848,1,0.09688581314878893,84.0,25666.666666666664,2156.0,133.0,478.0,1317.0,839.0,1.0350191220357845,686.0,-208.0,836,2106.0,200,0.0
35449,ES 06-26,1780516633360,1780516633432,Absorb,-1,7576.25,7576.25,0.0,112,112,1,0.6486486486486487,72.0,3500.0000000000005,252.0,48.0,-252.0,0.0,252.0,-2.374214131957495,-187.0,-65.0,111,248.0,112,0.0
35450,ES 06-26,1780516679084,1780516679244,Absorb,1,7575.75,7575.5,1.0,135,131,1,1.1940298507462686,160.0,1525.0,244.0,9.0,196.0,220.0,24.0,1.6322553897180763,110.0,86.0,126,234.0,89,0.0
35451,ES 06-26,1780516679968,1780516680184,Absorb,-1,7575.5,7574.75,3.0,245,242,1,0.8852459016393442,216.0,2171.2962962962965,469.0,20.0,-347.0,61.0,408.0,-1.440160262425642,-195.0,-152.0,235,454.0,156,0.0
35452,ES 06-26,1780516681480,1780516681532,Absorb,-1,7574.0,7573.5,2.0,120,119,1,0.4369747899159664,52.0,5192.307692307692,270.0,20.0,-158.0,56.0,214.0,-1.9352906451836933,-158.0,0.0,116,265.0,64,0.0
35453,ES 06-26,1780516711864,1780516712020,Absorb,-1,7573.5,7573.25,1.0,169,167,1,0.9285714285714286,156.0,2224.358974358974,347.0,23.0,-63.0,142.0,205.0,-0.34608174630799066,-196.0,133.0,164,342.0,89,0.0
35454,ES 06-26,1780516729424,1780516729468,Absorb,1,7574.0,7574.0,0.0,117,117,1,0.3793103448275862,44.0,5681.818181818182,250.0,39.0,250.0,250.0,0.0,2.242330920589249,122.0,128.0,116,238.0,117,0.0
35455,ES 06-26,1780516731520,1780516731812,Absorb,-1,7574.0,7573.5,2.0,141,139,1,2.085714285714286,292.0,722.6027397260275,211.0,8.0,-195.0,8.0,203.0,-1.4606019093283102,-100.0,-95.0,135,203.0,121,0.0
35456,ES 06-26,1780516732056,1780516732192,Absorb,-1,7574.0,7573.5,2.0,110,108,1,1.2477064220183487,136.0,1838.2352941176468,250.0,31.0,246.0,248.0,2.0,2.073371954105899,125.0,121.0,106,228.0,59,0.0
35457,ES 06-26,1780516733440,1780516733636,Absorb,-1,7574.25,7573.75,2.0,133,131,1,1.4848484848484849,196.0,1224.4897959183672,240.0,35.0,-64.0,88.0,152.0,-0.34586976260189145,-129.0,65.0,128,234.0,131,0.0
35458,ES 06-26,1780516736748,1780516736752,Absorb,-1,7574.25,7574.25,0.0,82,82,1,0.04938271604938271,4.0,60250.0,241.0,55.0,-241.0,0.0,241.0,-3.265256146537369,-176.0,-65.0,81,238.0,82,0.0
35459,ES 06-26,1780516739012,1780516739224,Absorb,-1,7574.5,7574.0,2.0,125,122,1,1.7096774193548387,212.0,1193.3962264150944,253.0,26.0,-239.0,7.0,246.0,-1.9822427035330261,-83.0,-156.0,116,243.0,86,0.0
35460,ES 06-26,1780516740032,1780516740276,Absorb,-1,7573.5,7572.75,3.0,311,306,1,0.7870967741935484,244.0,2327.8688524590166,568.0,21.0,-300.0,134.0,434.0,-0.9485642249048535,-67.0,-233.0,298,531.0,121,0.0
35461,ES 06-26,1780516741280,1780516741400,Absorb,-1,7572.75,7572.5,1.0,183,182,1,0.6593406593406593,120.0,2625.0,315.0,16.0,-193.0,61.0,254.0,-0.7066039804813861,-110.0,-83.0,179,311.0,116,0.0
35462,ES 06-26,1780516742656,1780516742772,Absorb,1,7572.75,7572.5,1.0,123,123,1,0.9508196721311475,116.0,1793.1034482758619,208.0,9.0,208.0,208.0,0.0,1.776166952573809,96.0,112.0,121,200.0,67,0.0
35463,ES 06-26,1780516749948,1780516750200,Absorb,-1,7572.25,7572.0,1.0,158,156,1,1.605095541401274,252.0,968.2539682539682,244.0,5.0,144.0,194.0,50.0,0.9861962793542037,33.0,111.0,153,237.0,132,0.0
35464,ES 06-26,1780516760032,1780516760200,Absorb,-1,7572.0,7571.75,1.0,152,148,1,1.1125827814569536,168.0,1970.2380952380952,331.0,25.0,-275.0,28.0,303.0,-2.0745460261483473,-68.0,-207.0,142,316.0,131,0.0
35465,ES 06-26,1780516770000,1780516770264,Absorb,-1,7573.25,7572.75,2.0,232,228,1,1.1428571428571428,264.0,1515.151515151515,400.0,22.0,60.0,230.0,170.0,0.37992346561238083,-75.0,135.0,223,389.0,203,0.0
35466,ES 06-26,1780516770452,1780516770584,Absorb,1,7573.25,7573.0,1.0,193,191,1,0.6875,132.0,2704.5454545454545,357.0,16.0,65.0,211.0,146.0,0.44396666844719834,168.0,-103.0,189,351.0,119,0.0
35467,ES 06-26,1780516773020,1780516773228,Absorb,-1,7572.5,7572.0,2.0,92,92,1,2.2857142857142856,208.0,995.1923076923077,207.0,27.0,25.0,116.0,91.0,0.5133702202425905,112.0,-87.0,89,203.0,50,0.0
35468,ES 06-26,1780516773844,1780516774024,Absorb,1,7572.5,7572.25,1.0,151,149,1,1.2,180.0,1472.2222222222222,265.0,14.0,-7.0,129.0,136.0,-0.09533286859532938,123.0,-130.0,146,242.0,140,0.0
35469,ES 06-26,1780516775900,1780516776120,Absorb,-1,7571.75,7571.5,1.0,127,125,1,1.746031746031746,220.0,1304.5454545454545,287.0,39.0,281.0,284.0,3.0,2.3033429415073114,101.0,180.0,122,282.0,124,0.0
35470,ES 06-26,1780516777332,1780516777568,Absorb,-1,7571.5,7571.25,1.0,134,129,1,1.7744360902255638,236.0,1148.3050847457628,271.0,50.0,91.0,181.0,90.0,-0.031621341911993915,91.0,0.0,124,209.0,101,0.0
35471,ES 06-26,1780516777636,1780516777740,Absorb,-1,7571.5,7571.25,1.0,119,116,1,0.8813559322033898,104.0,2115.3846153846157,220.0,14.0,208.0,214.0,6.0,1.866215638797892,116.0,92.0,113,205.0,115,0.0
35472,ES 06-26,1780516779452,1780516779496,Absorb,-1,7571.25,7571.0,1.0,101,100,1,0.44,44.0,4727.272727272728,208.0,20.0,-148.0,30.0,178.0,-1.5268957483983692,-132.0,-16.0,98,195.0,78,0.0
35473,ES 06-26,1780516780000,1780516780192,Absorb,1,7571.25,7570.75,2.0,186,181,1,1.037837837837838,192.0,2302.0833333333335,442.0,48.0,258.0,350.0,92.0,1.925217610227098,107.0,151.0,175,374.0,96,0.0
35474,ES 06-26,1780516780252,1780516780504,Absorb,-1,7571.5,7571.0,2.0,130,129,1,1.9534883720930232,252.0,805.5555555555555,203.0,22.0,-149.0,27.0,176.0,-1.3295006076827487,-39.0,-110.0,126,196.0,106,0.0
35475,ES 06-26,1780516780564,1780516780816,Absorb,-1,7571.5,7571.25,1.0,122,121,1,2.0826446280991737,252.0,1063.4920634920634,268.0,30.0,-14.0,127.0,141.0,-0.5009202930398089,123.0,-137.0,119,263.0,118,0.0
35476,ES 06-26,1780516782076,1780516782280,Absorb,-1,7570.75,7570.25,2.0,115,113,1,1.7894736842105263,204.0,1196.0784313725492,244.0,20.0,-236.0,4.0,240.0,-2.3855361792787817,-128.0,-108.0,109,237.0,63,0.0
35477,ES 06-26,1780516783572,1780516783864,Absorb,1,7570.75,7570.25,2.0,162,158,1,1.813664596273292,292.0,1068.4931506849316,312.0,15.0,80.0,196.0,116.0,-0.035857180962542395,75.0,5.0,153,301.0,95,0.0
35478,ES 06-26,1780516787080,1780516787276,Absorb,-1,7569.5,7569.25,1.0,160,156,1,1.2327044025157232,196.0,1321.4285714285713,259.0,15.0,119.0,189.0,70.0,1.1195066213523965,15.0,104.0,152,245.0,115,0.0
35479,ES 06-26,1780516788416,1780516788608,Absorb,1,7569.75,7569.25,2.0,157,154,1,1.2307692307692308,192.0,1885.4166666666665,362.0,69.0,250.0,306.0,56.0,1.9563753186263868,233.0,17.0,151,353.0,136,0.0
35480,ES 06-26,1780516788908,1780516789140,Absorb,-1,7569.5,7569.25,1.0,113,109,1,2.0714285714285716,232.0,1012.9310344827586,235.0,33.0,-121.0,57.0,178.0,-1.1353383458646618,-36.0,-85.0,104,220.0,101,0.0
35481,ES 06-26,1780516790020,1780516790284,Absorb,1,7569.75,7569.25,2.0,441,432,1,0.6,264.0,3359.8484848484845,887.0,40.0,71.0,479.0,408.0,-0.38093615068404985,-80.0,151.0,422,858.0,383,0.0
35482,ES 06-26,1780516791432,1780516791624,Absorb,-1,7569.75,7569.5,1.0,220,211,1,0.8767123287671232,192.0,2557.2916666666665,491.0,17.0,355.0,423.0,68.0,1.566647132078236,183.0,172.0,201,465.0,182,0.0
35483,ES 06-26,1780516792908,1780516793176,Absorb,1,7570.25,7569.75,2.0,263,256,1,1.0229007633587786,268.0,1962.686567164179,526.0,17.0,240.0,383.0,143.0,1.017323996063148,38.0,202.0,247,492.0,134,0.0
35484,ES 06-26,1780516793232,1780516793504,Absorb,-1,7570.25,7570.0,1.0,111,108,1,2.4727272727272727,272.0,930.1470588235294,253.0,35.0,49.0,151.0,102.0,1.065198315198315,-18.0,67.0,104,241.0,73,0.0
35485,ES 06-26,1780516798260,1780516798292,Absorb,-1,7572.0,7571.75,1.0,104,102,1,0.3106796116504854,32.0,7562.5,242.0,19.0,114.0,178.0,64.0,1.1463458871225862,31.0,83.0,99,228.0,84,0.0
35486,ES 06-26,1780516799552,1780516799612,Predator,-1,7574.0,7572.25,7.0,1143,1090,1,0.05253940455341506,60.0,77416.66666666667,4645.0,50.0,-673.0,1986.0,2659.0,-0.752116094118659,-460.0,-213.0,1029,4207.0,360,0.0
35487,ES 06-26,1780516799612,1780516799612,Predator,-1,7574.0,7572.0,8.0,93,90,1,0.0,0.0,342000.0,342.0,25.0,-144.0,99.0,243.0,-2.424457640774671,-100.0,-44.0,85,313.0,41,0.0
35488,ES 06-26,1780516799616,1780516799628,Predator,-1,7573.75,7572.0,7.0,200,184,1,0.06030150753768844,12.0,56583.333333333336,679.0,50.0,-169.0,255.0,424.0,-0.7875181879546989,71.0,-240.0,163,597.0,42,0.0
35489,ES 06-26,1780516800024,1780516800028,Predator,-1,7573.25,7571.75,6.0,277,264,1,0.014492753623188406,4.0,258250.0,1033.0,30.0,-297.0,368.0,665.0,-1.11437730995552,236.0,-533.0,252,965.0,104,0.0
35490,ES 06-26,1780516801724,1780516801876,Absorb,-1,7572.25,7571.75,2.0,113,109,1,1.3571428571428572,152.0,1967.1052631578948,299.0,21.0,79.0,189.0,110.0,1.2232766651141127,138.0,-59.0,105,286.0,89,0.0
35491,ES 06-26,1780516802340,1780516802632,Absorb,-1,7571.75,7571.25,2.0,146,141,1,2.013793103448276,292.0,1910.9589041095892,558.0,45.0,268.0,413.0,145.0,2.555879035601014,369.0,-101.0,135,535.0,77,0.0
35492,ES 06-26,1780516804952,1780516805096,Absorb,-1,7571.75,7571.25,2.0,83,81,1,1.7560975609756098,144.0,1430.5555555555557,206.0,25.0,-130.0,38.0,168.0,-2.0341295495571137,-22.0,-108.0,77,197.0,76,0.0
35493,ES 06-26,1780516805176,1780516805288,Absorb,-1,7572.25,7571.75,2.0,73,69,1,1.5555555555555556,112.0,2196.4285714285716,246.0,25.0,238.0,242.0,4.0,2.8252190546711096,140.0,98.0,65,223.0,41,0.0
35494,ES 06-26,1780516805528,1780516805660,Absorb,-1,7572.5,7572.0,2.0,96,93,1,1.3894736842105264,132.0,1848.4848484848485,244.0,18.0,-70.0,87.0,157.0,-1.1794153553988063,15.0,-85.0,91,230.0,77,0.0
35495,ES 06-26,1780516805904,1780516806112,Absorb,-1,7573.0,7572.5,2.0,111,107,1,1.8909090909090909,208.0,1365.3846153846155,284.0,18.0,182.0,233.0,51.0,1.0983941733941733,115.0,67.0,104,258.0,79,0.0
35496,ES 06-26,1780516809824,1780516810024,Absorb,-1,7572.75,7572.25,2.0,80,79,1,2.5316455696202533,200.0,1195.0,239.0,23.0,-229.0,5.0,234.0,-2.9871190811064228,-93.0,-136.0,75,228.0,40,0.0
35497,ES 06-26,1780516856104,1780516856164,Absorb,-1,7573.25,7572.5,3.0,132,126,1,0.4580152671755725,60.0,5833.333333333334,350.0,51.0,296.0,323.0,27.0,2.5488669626877742,190.0,106.0,121,327.0,75,0.0
35498,ES 06-26,1780516938024,1780516938160,Absorb,-1,7571.0,7570.0,4.0,122,118,1,1.1239669421487604,136.0,1617.6470588235293,220.0,15.0,220.0,220.0,0.0,1.7142894908152442,115.0,105.0,117,204.0,52,0.0
35499,ES 06-26,1780516945736,1780516945800,Absorb,-1,7570.0,7569.0,4.0,189,188,1,0.3404255319148936,64.0,6703.125,429.0,18.0,-425.0,2.0,427.0,-2.392399438312092,-249.0,-176.0,182,414.0,60,0.0
35500,ES 06-26,1780517061196,1780517061268,Absorb,-1,7571.0,7570.0,4.0,146,141,1,0.496551724137931,72.0,3236.1111111111113,233.0,6.0,127.0,180.0,53.0,1.1412935131539625,124.0,3.0,138,223.0,65,0.0
35501,ES 06-26,1780517673980,1780517674032,Absorb,-1,7567.25,7566.75,2.0,43,43,1,1.2380952380952381,52.0,4403.846153846154,229.0,43.0,141.0,185.0,44.0,3.463002114164905,184.0,-43.0,40,226.0,20,0.0
35502,ES 06-26,1780517700056,1780517700196,Predator,-1,7567.75,7566.0,7.0,207,185,1,0.6796116504854369,140.0,1864.2857142857142,261.0,4.0,91.0,176.0,85.0,0.46063739974672857,35.0,56.0,162,202.0,74,0.0
35503,ES 06-26,1780517701112,1780517701136,Predator,-1,7565.5,7554.5,44.0,382,378,1,0.06299212598425197,24.0,37333.333333333336,896.0,50.0,-874.0,11.0,885.0,-2.2632236330047553,-486.0,-388.0,332,777.0,29,0.0
35504,ES 06-26,1780519392948,1780519393044,Predator,-1,7545.5,7543.75,7.0,136,131,1,0.7111111111111111,96.0,2718.75,261.0,30.0,-85.0,88.0,173.0,-1.2091050045322265,-22.0,-63.0,118,233.0,31,0.0
35505,ES 06-26,1780538150472,1780538150520,Predator,-1,7540.25,7539.0,5.0,135,124,1,0.3582089552238806,48.0,5145.833333333333,247.0,39.0,-19.0,114.0,133.0,-0.31022339283972294,78.0,-97.0,116,182.0,48,0.0
35506,ES 06-26,1780555800572,1780555800584,Predator,-1,7551.5,7549.5,8.0,156,137,1,0.07741935483870968,12.0,24333.333333333332,292.0,82.0,92.0,192.0,100.0,0.5062524695358063,96.0,-4.0,127,174.0,31,0.0
35507,ES 06-26,1780555800584,1780555800776,Absorb,-1,7551.75,7551.0,3.0,175,164,1,1.103448275862069,192.0,1046.875,201.0,3.0,-49.0,76.0,125.0,-0.2511934617107031,13.0,-62.0,149,173.0,61,0.0
35508,ES 06-26,1780569025256,1780569025392,Absorb,-1,7540.25,7539.5,3.0,226,215,1,0.6044444444444445,136.0,1897.0588235294117,258.0,3.0,-74.0,92.0,166.0,-0.39885696464075476,-44.0,-30.0,202,231.0,112,0.0
35509,ES 06-26,1780573030124,1780573030328,Predator,-1,7528.0,7526.5,6.0,149,141,1,1.3783783783783783,204.0,1004.9019607843138,205.0,10.0,-67.0,69.0,136.0,-0.4778958824596409,-116.0,49.0,129,181.0,44,0.0
35510,ES 06-26,1780573120708,1780573120828,Predator,-1,7530.0,7528.75,5.0,162,153,1,0.7453416149068323,120.0,2300.0,276.0,53.0,158.0,217.0,59.0,1.2778024757219208,99.0,59.0,144,257.0,50,0.0
35511,ES 06-26,1780573511760,1780573512036,Predator,-1,7535.0,7533.75,5.0,175,168,1,1.5862068965517242,276.0,1057.9710144927535,292.0,33.0,182.0,237.0,55.0,1.25602552619794,95.0,87.0,162,278.0,52,0.0
35512,ES 06-26,1780573860468,1780573860488,Absorb,-1,7540.25,7539.75,2.0,37,35,1,0.5555555555555556,20.0,15650.0,313.0,268.0,-301.0,6.0,307.0,-4.923660502607871,-287.0,-14.0,29,38.0,22,0.0
35513,ES 06-26,1780574268060,1780574268132,Predator,-1,7545.0,7542.25,11.0,187,177,1,0.3870967741935484,72.0,2986.1111111111113,215.0,5.0,-69.0,73.0,142.0,-0.6296562051538029,-92.0,23.0,157,179.0,43,0.0
35514,ES 06-26,1780574277836,1780574277876,Predator,-1,7546.0,7544.75,5.0,138,130,1,0.291970802919708,40.0,7825.0,313.0,67.0,211.0,262.0,51.0,2.0225302461933974,106.0,105.0,123,293.0,32,0.0
35515,ES 06-26,1780574949376,1780574949600,Predator,-1,7546.25,7540.75,22.0,380,365,1,0.5910290237467019,224.0,2116.0714285714284,474.0,10.0,-328.0,73.0,401.0,-0.8331659972860287,-170.0,-158.0,326,409.0,45,0.0
35516,ES 06-26,1780575153776,1780575153852,Absorb,-1,7539.75,7539.0,3.0,120,116,1,0.6386554621848739,76.0,2671.0526315789475,203.0,13.0,-11.0,96.0,107.0,0.2557677616501146,-71.0,60.0,107,177.0,66,0.0
35517,ES 06-26,1780575154112,1780575154228,Absorb,-1,7539.5,7539.25,1.0,75,73,1,1.5675675675675675,116.0,3370.6896551724135,391.0,263.0,381.0,386.0,5.0,5.601849217638692,327.0,54.0,71,125.0,48,0.0
35518,ES 06-26,1780575966408,1780575966508,Predator,-1,7543.75,7542.5,5.0,184,169,1,0.546448087431694,100.0,2040.0,204.0,3.0,104.0,154.0,50.0,0.6736260137543103,101.0,3.0,161,179.0,51,0.0
35519,ES 06-26,1780576202692,1780576202812,Predator,-1,7546.0,7543.0,12.0,183,158,1,0.6593406593406593,120.0,2583.3333333333335,310.0,10.0,-68.0,121.0,189.0,-0.5181968779616677,58.0,-126.0,141,250.0,71,0.0
35520,ES 06-26,1780576245548,1780576245620,Predator,-1,7548.25,7545.75,10.0,168,152,1,0.4311377245508982,72.0,6166.666666666667,444.0,122.0,166.0,305.0,139.0,1.9000701049296167,161.0,5.0,142,410.0,37,0.0
35521,ES 06-26,1780576656352,1780576656520,Predator,-1,7549.0,7547.5,6.0,180,166,1,0.9385474860335196,168.0,1452.3809523809523,244.0,24.0,100.0,172.0,72.0,0.6631706739919956,133.0,-33.0,154,210.0,51,0.0
35522,ES 06-26,1780579500012,1780579500272,Predator,-1,7552.25,7551.0,5.0,207,205,1,1.2621359223300972,260.0,892.3076923076923,232.0,8.0,-134.0,49.0,183.0,-0.4682409542054962,-21.0,-113.0,197,222.0,63,0.0
35523,ES 06-26,1780579680004,1780579680228,Predator,-1,7547.75,7546.0,7.0,390,375,1,0.5758354755784062,224.0,1973.2142857142858,442.0,7.0,126.0,284.0,158.0,0.12861896123324534,197.0,-71.0,364,414.0,88,0.0
35524,ES 06-26,1780579799976,1780579800220,Predator,-1,7548.75,7546.75,8.0,753,701,1,0.324468085106383,244.0,3635.2459016393445,887.0,7.0,-139.0,374.0,513.0,-0.2516196571578127,-151.0,12.0,645,763.0,164,0.0
35525,ES 06-26,1780579885400,1780579885428,Absorb,-1,7550.0,7549.5,2.0,134,130,1,0.21052631578947367,28.0,14250.0,399.0,88.0,215.0,307.0,92.0,1.3832541552887192,285.0,-70.0,123,385.0,53,0.0
35526,ES 06-26,1780579937104,1780579937256,Absorb,1,7549.75,7549.0,3.0,211,207,1,0.7238095238095238,152.0,1736.842105263158,264.0,4.0,84.0,174.0,90.0,0.47167384167294746,-54.0,138.0,203,255.0,104,0.0
35527,ES 06-26,1780579941512,1780579941636,Predator,-1,7551.25,7550.0,5.0,220,210,1,0.5662100456621004,124.0,2669.3548387096776,331.0,11.0,171.0,251.0,80.0,0.9466068983393722,198.0,-27.0,202,310.0,67,0.0
35528,ES 06-26,1780580084524,1780580084692,Predator,-1,7556.25,7554.5,7.0,338,324,1,0.49851632047477745,168.0,2994.047619047619,503.0,33.0,-315.0,94.0,409.0,-0.887992567695549,-273.0,-42.0,305,417.0,84,0.0
35529,ES 06-26,1780580116496,1780580116712,Predator,-1,7555.75,7554.0,7.0,235,224,1,0.9230769230769231,216.0,1712.962962962963,370.0,46.0,234.0,302.0,68.0,1.0275634090635895,205.0,29.0,217,348.0,75,0.0
35530,ES 06-26,1780580160608,1780580160640,Absorb,-1,7552.75,7552.25,2.0,107,104,1,0.3018867924528302,32.0,13750.0,440.0,293.0,262.0,351.0,89.0,3.7052450087188227,217.0,45.0,102,142.0,52,0.0
35531,ES 06-26,1780580248116,1780580248320,Absorb,-1,7558.75,7558.0,3.0,165,158,1,1.2439024390243902,204.0,1063.7254901960785,217.0,7.0,75.0,146.0,71.0,0.817676916090081,62.0,13.0,152,192.0,113,0.0
35532,ES 06-26,1780580248644,1780580248716,Absorb,-1,7558.5,7557.5,4.0,197,192,1,0.3673469387755102,72.0,9458.333333333334,681.0,386.0,-557.0,62.0,619.0,-3.9149032017052323,-548.0,-9.0,184,281.0,94,0.0
35533,ES 06-26,1780580270892,1780580270960,Absorb,-1,7561.5,7560.5,4.0,193,187,1,0.3541666666666667,68.0,4088.235294117647,278.0,18.0,-88.0,95.0,183.0,-0.9011938464825597,6.0,-94.0,179,256.0,56,0.0
35534,ES 06-26,1780580401616,1780580401668,Predator,-1,7556.25,7554.0,9.0,795,731,1,0.0654911838790932,52.0,18615.384615384617,968.0,20.0,-474.0,247.0,721.0,-0.46210884277382347,-301.0,-173.0,652,813.0,199,0.0
35535,ES 06-26,1780580538544,1780580538724,Absorb,-1,7550.5,7550.25,1.0,128,127,1,1.4173228346456692,180.0,1438.888888888889,259.0,26.0,-257.0,1.0,258.0,-2.366487937190991,-119.0,-138.0,124,254.0,101,0.0
35536,ES 06-26,1780580540060,1780580540132,Absorb,-1,7550.5,7549.75,3.0,205,199,1,0.35294117647058826,72.0,11166.666666666668,804.0,500.0,-716.0,44.0,760.0,-4.759910016575894,-679.0,-37.0,189,782.0,74,0.0
35537,ES 06-26,1780580617424,1780580617668,Absorb,-1,7550.25,7549.25,4.0,206,200,1,1.1902439024390243,244.0,1577.8688524590164,385.0,141.0,-241.0,72.0,313.0,-0.7120708885434148,-29.0,-212.0,190,366.0,72,0.0
35538,ES 06-26,1780580637572,1780580637732,Absorb,1,7549.5,7549.0,2.0,84,83,1,1.927710843373494,160.0,1756.25,281.0,160.0,279.0,280.0,1.0,2.500617596436165,71.0,208.0,80,275.0,58,0.0
35539,ES 06-26,1780580789040,1780580789068,Predator,-1,7548.75,7547.5,5.0,172,166,1,0.16374269005847952,28.0,8035.714285714285,225.0,8.0,177.0,201.0,24.0,0.9610705079677282,102.0,75.0,164,208.0,54,0.0
35540,ES 06-26,1780581093952,1780581093956,Absorb,-1,7556.25,7556.0,1.0,77,76,1,0.05263157894736842,4.0,55000.0,220.0,50.0,220.0,220.0,0.0,2.82039013617961,71.0,149.0,75,216.0,57,0.0
35541,ES 06-26,1780581099860,1780581099880,Predator,-1,7557.5,7556.25,5.0,237,231,1,0.0847457627118644,20.0,17150.0,343.0,20.0,187.0,265.0,78.0,0.7591655413506316,148.0,39.0,227,315.0,96,0.0
35542,ES 06-26,1780581517680,1780581517844,Absorb,1,7563.75,7562.75,4.0,249,245,1,0.6612903225806451,164.0,1939.0243902439024,318.0,10.0,94.0,206.0,112.0,0.5176649825106879,167.0,-73.0,238,305.0,135,0.0
35543,ES 06-26,1780581894420,1780581894456,Absorb,-1,7554.0,7553.25,3.0,152,149,1,0.23841059602649006,36.0,7638.88888888889,275.0,10.0,47.0,161.0,114.0,0.42749403700134636,-96.0,143.0,144,260.0,81,0.0
35544,ES 06-26,1780581911772,1780581911796,Absorb,-1,7552.75,7552.0,3.0,148,145,1,0.16326530612244897,24.0,10541.666666666666,253.0,33.0,-29.0,112.0,141.0,-0.13473718890785047,-111.0,82.0,142,247.0,49,0.0
35545,ES 06-26,1780582218636,1780582218672,Absorb,-1,7556.75,7556.0,3.0,174,167,1,0.20809248554913296,36.0,6444.444444444445,232.0,8.0,96.0,164.0,68.0,0.7092719040974971,118.0,-22.0,161,218.0,87,0.0
35546,ES 06-26,1780582281752,1780582281824,Absorb,1,7562.0,7561.25,3.0,162,157,1,0.4472049689440994,72.0,3458.3333333333335,249.0,35.0,41.0,145.0,104.0,-0.19119172520079428,72.0,-31.0,152,237.0,66,0.0
35547,ES 06-26,1780582597552,1780582597728,Absorb,-1,7564.5,7563.75,3.0,125,121,1,1.4193548387096775,176.0,1482.9545454545455,261.0,38.0,259.0,260.0,1.0,2.0071766513056835,115.0,144.0,119,243.0,53,0.0
35548,ES 06-26,1780583131724,1780583131752,Absorb,-1,7570.0,7570.0,0.0,127,127,1,0.2222222222222222,28.0,8928.571428571428,250.0,31.0,250.0,250.0,0.0,2.204220566179228,108.0,142.0,126,249.0,127,0.0
35549,ES 06-26,1780583771648,1780583771832,Absorb,-1,7563.0,7562.25,3.0,192,186,1,0.9633507853403142,184.0,1288.0434782608695,237.0,10.0,-65.0,86.0,151.0,-0.3328023695846784,-105.0,40.0,177,218.0,127,0.0
35550,ES 06-26,1780583956148,1780583956308,Predator,-1,7565.25,7563.5,7.0,262,260,1,0.6130268199233716,160.0,2300.0,368.0,33.0,-294.0,37.0,331.0,-1.0268545087744056,-133.0,-161.0,250,353.0,56,0.0
35551,ES 06-26,1780584054652,1780584054660,Absorb,-1,7567.5,7566.75,3.0,175,170,1,0.04597701149425287,8.0,96125.0,769.0,497.0,-517.0,126.0,643.0,-2.55281907747425,-99.0,-418.0,162,257.0,119,0.0
35552,ES 06-26,1780584114920,1780584114940,Absorb,-1,7569.5,7569.0,2.0,191,186,1,0.10526315789473684,20.0,12100.0,242.0,5.0,176.0,209.0,33.0,0.8013295673739322,86.0,90.0,181,229.0,132,0.0
35553,ES 06-26,1780584136152,1780584136260,Absorb,-1,7569.75,7568.75,4.0,184,180,1,0.5901639344262295,108.0,2037.037037037037,220.0,4.0,118.0,169.0,51.0,0.8643216274007436,108.0,10.0,176,211.0,62,0.0
35554,ES 06-26,1780584266372,1780584266440,Absorb,-1,7567.25,7567.25,0.0,125,125,1,0.5483870967741935,68.0,3147.0588235294117,214.0,13.0,-214.0,0.0,214.0,-1.6494562211981567,-125.0,-89.0,124,209.0,125,0.0
35555,ES 06-26,1780584266492,1780584266732,Absorb,-1,7567.0,7566.75,1.0,90,88,1,2.696629213483146,240.0,2525.0,606.0,500.0,-598.0,4.0,602.0,-6.371124007079064,-549.0,-49.0,84,599.0,63,0.0
35556,ES 06-26,1780584427156,1780584427200,Absorb,-1,7569.0,7568.25,3.0,185,175,1,0.2391304347826087,44.0,13931.818181818182,613.0,340.0,221.0,417.0,196.0,1.7485008149804784,-145.0,366.0,164,234.0,60,0.0
35557,ES 06-26,1780584433752,1780584433764,Absorb,-1,7569.25,7568.5,3.0,179,176,1,0.06741573033707865,12.0,22583.333333333332,271.0,10.0,-253.0,9.0,262.0,-1.5111689996442994,-141.0,-112.0,170,258.0,82,0.0
35558,ES 06-26,1780584433960,1780584433964,Absorb,-1,7569.0,7568.5,2.0,108,104,1,0.037383177570093455,4.0,152250.0,609.0,448.0,357.0,483.0,126.0,5.431449884249336,374.0,-17.0,100,154.0,49,0.0
35559,ES 06-26,1780585126620,1780585126696,Absorb,-1,7568.5,7567.75,3.0,185,178,1,0.41304347826086957,76.0,3052.6315789473683,232.0,5.0,100.0,166.0,66.0,0.9152136006974717,52.0,48.0,172,216.0,82,0.0
35560,ES 06-26,1780585207300,1780585207360,Absorb,-1,7571.0,7570.0,4.0,299,292,1,0.20134228187919462,60.0,7566.666666666667,454.0,22.0,302.0,378.0,76.0,0.9449502816996251,242.0,60.0,288,435.0,94,0.0
35561,ES 06-26,1780585219744,1780585219872,Absorb,1,7571.75,7571.5,1.0,219,217,1,0.5871559633027523,128.0,2250.0,288.0,5.0,284.0,286.0,2.0,1.3361431329761102,163.0,121.0,213,282.0,174,0.0
35562,ES 06-26,1780585220088,1780585220156,Absorb,1,7572.0,7571.5,2.0,201,198,1,0.34,68.0,4529.411764705882,308.0,46.0,146.0,227.0,81.0,0.36685089404462834,123.0,23.0,194,301.0,159,0.0
35563,ES 06-26,1780585597268,1780585597272,Absorb,-1,7575.0,7575.0,0.0,76,76,1,0.05333333333333334,4.0,65500.0,262.0,25.0,262.0,262.0,0.0,2.739644565960355,125.0,137.0,75,243.0,76,0.0
35564,ES 06-26,1780589174972,1780589175136,Absorb,-1,7586.0,7585.25,3.0,174,170,1,0.9479768786127167,164.0,1463.4146341463413,240.0,9.0,122.0,181.0,59.0,0.9413605170990063,124.0,-2.0,166,230.0,103,0.0
35565,ES 06-26,1780589175188,1780589175248,Absorb,-1,7586.5,7585.5,4.0,246,241,1,0.24489795918367346,60.0,9000.0,540.0,121.0,386.0,463.0,77.0,1.9941598837619376,170.0,216.0,235,523.0,89,0.0
35566,ES 06-26,1780589175248,1780589175308,Absorb,-1,7585.75,7585.0,3.0,166,159,1,0.36363636363636365,60.0,3583.3333333333335,215.0,9.0,-27.0,94.0,121.0,0.17124830295597196,-63.0,36.0,150,196.0,109,0.0
35567,ES 06-26,1780589295304,1780589295484,Absorb,-1,7588.5,7587.75,3.0,206,199,1,0.8780487804878049,180.0,1416.6666666666667,255.0,6.0,87.0,171.0,84.0,0.47460113182811864,138.0,-51.0,194,241.0,134,0.0
35568,ES 06-26,1780589357936,1780589358008,Absorb,1,7589.75,7589.25,2.0,107,107,1,0.6792452830188679,72.0,2847.2222222222226,205.0,30.0,205.0,205.0,0.0,2.1770998648092634,97.0,108.0,104,200.0,49,0.0
35569,ES 06-26,1780589790248,1780589790280,Absorb,-1,7591.0,7590.75,1.0,131,130,1,0.24615384615384617,32.0,6250.0,200.0,11.0,106.0,153.0,47.0,1.0470826883040623,4.0,102.0,128,197.0,127,0.0
35570,ES 06-26,1780590680412,1780590680660,Absorb,-1,7590.5,7589.5,4.0,385,378,1,0.6458333333333334,248.0,3056.451612903226,758.0,156.0,-482.0,138.0,620.0,-0.6646240579368817,-80.0,-402.0,367,732.0,190,0.0
35571,ES 06-26,1780590680660,1780590680708,Absorb,-1,7590.5,7590.0,2.0,179,171,1,0.2696629213483146,48.0,4875.0,234.0,4.0,184.0,209.0,25.0,0.9134245600820203,87.0,97.0,163,214.0,128,0.0
35572,ES 06-26,1780590714840,1780590714852,Absorb,-1,7589.25,7588.75,2.0,118,118,1,0.10256410256410256,12.0,17416.666666666668,209.0,21.0,-209.0,0.0,209.0,-1.8509343763581052,-81.0,-128.0,115,206.0,76,0.0
35573,ES 06-26,1780590868540,1780590868792,Absorb,-1,7592.75,7591.75,4.0,193,189,1,1.3125,252.0,928.5714285714286,234.0,4.0,210.0,222.0,12.0,1.144912464611933,100.0,110.0,187,221.0,54,0.0
35574,ES 06-26,1780591006912,1780591006980,Absorb,-1,7593.0,7592.5,2.0,85,84,1,0.8095238095238095,68.0,2941.176470588235,200.0,71.0,-70.0,65.0,135.0,-0.9755520812976354,52.0,-122.0,81,196.0,34,0.0
35575,ES 06-26,1780591176596,1780591176656,Absorb,-1,7595.75,7595.75,0.0,118,118,1,0.5128205128205128,60.0,3950.0,237.0,22.0,237.0,237.0,0.0,1.9676647712540036,107.0,130.0,117,235.0,118,0.0
35576,ES 06-26,1780591861932,1780591862192,Absorb,-1,7597.0,7596.5,2.0,301,296,1,0.8666666666666667,260.0,1573.076923076923,409.0,13.0,65.0,237.0,172.0,-0.11427559349629271,122.0,-57.0,291,391.0,230,0.0
35577,ES 06-26,1780591862264,1780591862532,Absorb,-1,7597.25,7596.25,4.0,337,324,1,0.7976190476190477,268.0,2899.2537313432836,777.0,272.0,311.0,544.0,233.0,1.4366466961479516,128.0,183.0,310,734.0,116,0.0
35578,ES 06-26,1780592433172,1780592433212,Absorb,1,7594.75,7594.5,1.0,118,117,1,0.3418803418803419,40.0,13825.0,553.0,374.0,537.0,545.0,8.0,1.33190173070532,439.0,98.0,114,176.0,98,0.0
35579,ES 06-26,1780592434904,1780592435048,Absorb,-1,7594.75,7594.5,1.0,79,79,1,1.8461538461538463,144.0,1618.0555555555557,233.0,74.0,-191.0,21.0,212.0,-3.1430136319376825,-15.0,-176.0,77,220.0,61,0.0
35580,ES 06-26,1780592952336,1780592952400,Absorb,-1,7597.75,7597.25,2.0,205,201,1,0.3137254901960784,64.0,4031.25,258.0,7.0,14.0,136.0,122.0,0.05386051176331295,132.0,-118.0,197,250.0,153,0.0
35581,ES 06-26,1780592954428,1780592954468,Absorb,-1,7597.25,7596.75,2.0,140,137,1,0.28776978417266186,40.0,18675.0,747.0,500.0,-737.0,5.0,742.0,-6.9716931621875755,-162.0,-575.0,131,736.0,68,0.0
35582,ES 06-26,1780593621460,1780593621616,Absorb,-1,7595.75,7595.25,2.0,164,159,1,0.9570552147239264,156.0,1314.1025641025642,205.0,6.0,-135.0,35.0,170.0,-0.6257233414498116,-55.0,-80.0,151,189.0,99,0.0
35583,ES 06-26,1780594150164,1780594150164,Absorb,-1,7600.0,7599.75,1.0,153,151,1,0.0,0.0,359000.0,359.0,38.0,351.0,355.0,4.0,2.3104150751209573,168.0,183.0,149,340.0,105,0.0
35584,ES 06-26,1780594222836,1780594222896,Absorb,-1,7600.0,7599.5,2.0,153,149,1,0.39473684210526316,60.0,3916.666666666667,235.0,7.0,91.0,163.0,72.0,0.7825781030115395,111.0,-20.0,146,219.0,114,0.0
35585,ES 06-26,1780594229028,1780594229136,Absorb,1,7600.25,7600.0,1.0,342,339,1,0.31671554252199413,108.0,4731.481481481482,511.0,21.0,465.0,488.0,23.0,1.514476987849359,273.0,192.0,334,500.0,302,0.0
35586,ES 06-26,1780594248508,1780594248556,Absorb,-1,7601.0,7600.75,1.0,64,61,1,0.7619047619047619,48.0,4604.166666666667,221.0,120.0,191.0,206.0,15.0,3.9289606227106226,52.0,139.0,57,209.0,52,0.0
35587,ES 06-26,1780594345512,1780594345648,Absorb,-1,7602.0,7601.25,3.0,197,192,1,0.6938775510204082,136.0,2066.176470588235,281.0,14.0,267.0,274.0,7.0,1.3979183736254077,153.0,114.0,189,271.0,83,0.0
35588,ES 06-26,1780595405460,1780595405464,Absorb,-1,7602.25,7602.25,0.0,41,41,1,0.1,4.0,52750.0,211.0,148.0,211.0,211.0,0.0,5.2682926829268295,29.0,182.0,40,209.0,41,0.0
35589,ES 06-26,1780595970936,1780595970944,Absorb,-1,7605.0,7604.75,1.0,110,109,1,0.07339449541284404,8.0,29625.0,237.0,28.0,235.0,236.0,1.0,2.254996280684354,114.0,121.0,107,232.0,109,0.0
35590,ES 06-26,1780596051968,1780596051972,Predator,-1,7605.5,7604.0,6.0,334,322,1,0.012012012012012012,4.0,123500.0,494.0,10.0,458.0,476.0,18.0,1.4196545996349375,210.0,248.0,315,472.0,63,0.0
35591,ES 06-26,1780596051972,1780596051976,Predator,-1,7607.0,7605.0,8.0,301,282,1,0.013333333333333334,4.0,100750.0,403.0,17.0,283.0,343.0,60.0,0.9969756441002399,89.0,194.0,268,338.0,51,0.0
35592,ES 06-26,1780596051976,1780596052192,Absorb,-1,7607.0,7606.0,4.0,615,599,1,0.3517915309446254,216.0,3865.740740740741,835.0,16.0,-281.0,277.0,558.0,-0.4351427312657153,39.0,-320.0,580,782.0,370,0.0
35593,ES 06-26,1780596059736,1780596059764,Absorb,-1,7605.5,7604.5,4.0,250,243,1,0.11244979919678715,28.0,14642.857142857143,410.0,11.0,-212.0,99.0,311.0,-1.0696080257284117,-209.0,-3.0,232,371.0,89,0.0
35594,ES 06-26,1780596944936,1780596945000,Absorb,-1,7604.25,7603.5,3.0,265,261,1,0.24242424242424243,64.0,7843.75,502.0,115.0,-242.0,130.0,372.0,-1.286163736958176,-211.0,-31.0,256,491.0,108,0.0
35595,ES 06-26,1780597213148,1780597213176,Absorb,-1,7606.5,7606.25,1.0,171,169,1,0.16470588235294117,28.0,8000.0,224.0,6.0,222.0,223.0,1.0,1.2510043919648643,113.0,109.0,167,220.0,122,0.0
35596,ES 06-26,1780597213948,1780597214236,Absorb,-1,7607.25,7606.5,3.0,337,330,1,0.8571428571428571,288.0,2399.3055555555557,691.0,209.0,581.0,636.0,55.0,2.039830148167286,201.0,380.0,323,657.0,224,0.0
35597,ES 06-26,1780598815248,1780598815388,Absorb,-1,7606.75,7606.5,1.0,173,172,1,0.813953488372093,140.0,2707.142857142857,379.0,31.0,271.0,325.0,54.0,1.8229299451631893,216.0,55.0,169,374.0,135,0.0
35598,ES 06-26,1780599334536,1780599334696,Absorb,-1,7605.5,7605.25,1.0,125,124,1,1.2903225806451613,160.0,1312.5,210.0,21.0,-208.0,1.0,209.0,-1.7873364055299539,-103.0,-105.0,122,206.0,66,0.0
35599,ES 06-26,1780599484220,1780599484264,Absorb,-1,7603.75,7603.5,1.0,130,129,1,0.34108527131782945,44.0,8613.636363636364,379.0,178.0,-147.0,116.0,263.0,-2.1544115036392686,-215.0,68.0,127,372.0,84,0.0
35600,ES 06-26,1780599921200,1780599921288,Absorb,-1,7607.25,7607.25,0.0,135,135,1,0.6567164179104478,88.0,2738.636363636364,241.0,19.0,241.0,241.0,0.0,1.6450541410594088,113.0,128.0,134,239.0,135,0.0
35601,ES 06-26,1780599932236,1780599932276,Absorb,-1,7608.0,7607.25,3.0,345,340,1,0.11627906976744186,40.0,14375.0,575.0,50.0,493.0,534.0,41.0,1.3945449072748206,308.0,185.0,335,534.0,182,0.0
35602,ES 06-26,1780601076460,1780601076524,Absorb,-1,7607.75,7607.75,0.0,163,163,1,0.3950617283950617,64.0,4296.875,275.0,19.0,275.0,275.0,0.0,1.8406681408327377,133.0,142.0,162,274.0,163,0.0
35603,ES 06-26,1780601291316,1780601291376,Absorb,-1,7609.25,7608.75,2.0,191,187,1,0.3157894736842105,60.0,4866.666666666667,292.0,21.0,276.0,284.0,8.0,1.5421465968586388,152.0,124.0,183,278.0,86,0.0
35604,ES 06-26,1780601309804,1780601309876,Absorb,1,7609.25,7609.25,0.0,125,125,1,0.5806451612903226,72.0,3013.888888888889,217.0,20.0,217.0,217.0,0.0,1.5796804915514593,130.0,87.0,124,216.0,125,0.0
35605,ES 06-26,1780602263176,1780602263240,Absorb,-1,7606.5,7606.0,2.0,198,197,1,0.3248730964467005,64.0,4437.5,284.0,6.0,22.0,153.0,131.0,-0.39377706869990625,30.0,-8.0,194,279.0,138,0.0
35606,ES 06-26,1780602339648,1780602339764,Absorb,-1,7606.0,7605.5,2.0,172,170,1,0.6783625730994152,116.0,1982.7586206896551,230.0,6.0,-14.0,108.0,122.0,-0.06784183876818002,-118.0,104.0,166,217.0,130,0.0
35607,ES 06-26,1780602339912,1780602340004,Absorb,-1,7606.25,7606.0,1.0,140,139,1,0.6618705035971223,92.0,2217.391304347826,204.0,5.0,204.0,204.0,0.0,1.4351162231309178,98.0,106.0,138,201.0,88,0.0
35608,ES 06-26,1780602600020,1780602600040,Predator,-1,7607.5,7606.25,5.0,287,273,1,0.06993006993006994,20.0,20700.0,414.0,10.0,116.0,265.0,149.0,0.563229453473356,82.0,34.0,261,377.0,97,0.0
35609,ES 06-26,1780602600080,1780602600304,Absorb,-1,7608.0,7607.25,3.0,213,207,1,1.0566037735849056,224.0,1776.7857142857142,398.0,22.0,-84.0,157.0,241.0,-1.0107465459304938,22.0,-106.0,198,379.0,133,0.0
35610,ES 06-26,1780602601024,1780602601056,Predator,1,7609.0,7607.5,6.0,265,261,1,0.12121212121212122,32.0,15437.5,494.0,66.0,238.0,366.0,128.0,0.889397593469093,289.0,-51.0,251,474.0,105,0.0
35611,ES 06-26,1780602601636,1780602601792,Absorb,-1,7607.0,7606.25,3.0,124,121,1,1.2682926829268293,156.0,1525.6410256410256,238.0,15.0,-42.0,98.0,140.0,-0.18652399685287174,-64.0,22.0,115,226.0,54,0.0
35612,ES 06-26,1780602606212,1780602606248,Predator,-1,7606.75,7605.5,5.0,291,288,1,0.12413793103448276,36.0,12861.111111111111,463.0,10.0,-127.0,168.0,295.0,-0.8663923369483173,-164.0,37.0,281,445.0,85,0.0
35613,ES 06-26,1780602672368,1780602672372,Absorb,-1,7603.5,7603.5,0.0,62,62,1,0.06557377049180328,4.0,56000.0,224.0,26.0,-224.0,0.0,224.0,-3.513736748004331,-183.0,-41.0,61,221.0,62,0.0
35614,ES 06-26,1780602730008,1780602730132,Absorb,-1,7604.5,7603.75,3.0,286,281,1,0.43508771929824563,124.0,3516.1290322580644,436.0,11.0,-338.0,49.0,387.0,-0.997114054110203,-146.0,-192.0,272,418.0,98,0.0
35615,ES 06-26,1780602850008,1780602850040,Absorb,1,7605.5,7605.0,2.0,177,174,1,0.18181818181818182,32.0,8156.25,261.0,6.0,83.0,172.0,89.0,0.6837550423295996,124.0,-41.0,170,252.0,76,0.0
35616,ES 06-26,1780602870032,1780602870104,Absorb,-1,7604.5,7604.25,1.0,143,139,1,0.5070422535211268,72.0,2944.444444444445,212.0,6.0,32.0,122.0,90.0,0.7730432712827079,21.0,11.0,133,195.0,107,0.0
35617,ES 06-26,1780602880008,1780602880120,Absorb,-1,7604.25,7603.75,2.0,192,189,1,0.5863874345549738,112.0,2383.9285714285716,267.0,6.0,-7.0,130.0,137.0,-0.3068973293003825,65.0,-72.0,185,259.0,122,0.0
35618,ES 06-26,1780602889972,1780602890132,Absorb,-1,7604.5,7604.0,2.0,257,250,1,0.625,160.0,2356.25,377.0,8.0,-11.0,183.0,194.0,0.2041840104967876,-132.0,121.0,240,353.0,124,0.0
35619,ES 06-26,1780602946040,1780602946128,Absorb,-1,7600.75,7600.5,1.0,139,138,1,0.6376811594202898,88.0,2420.4545454545455,213.0,17.0,213.0,213.0,0.0,1.7019348496358193,91.0,122.0,137,211.0,85,0.0
35620,ES 06-26,1780602979016,1780602979240,Absorb,-1,7599.5,7599.0,2.0,160,157,1,1.4088050314465408,224.0,1183.0357142857142,265.0,10.0,-133.0,66.0,199.0,-0.830135942810266,-92.0,-41.0,151,253.0,112,0.0
35621,ES 06-26,1780603038568,1780603038624,Absorb,-1,7600.5,7600.25,1.0,79,78,1,0.717948717948718,56.0,3696.4285714285716,207.0,28.0,205.0,206.0,1.0,2.8300876338851024,100.0,105.0,76,204.0,78,0.0
35622,ES 06-26,1780603080212,1780603080488,Absorb,-1,7601.25,7600.75,2.0,176,173,1,1.5771428571428572,276.0,999.9999999999999,276.0,5.0,156.0,216.0,60.0,1.0051893022232006,108.0,48.0,169,266.0,126,0.0
35623,ES 06-26,1780603106844,1780603106884,Absorb,-1,7602.0,7602.0,0.0,123,123,1,0.32786885245901637,40.0,5075.0,203.0,12.0,-203.0,0.0,203.0,-1.6205001870219653,-112.0,-91.0,122,199.0,123,0.0
35624,ES 06-26,1780603124452,1780603124596,Absorb,-1,7602.75,7602.5,1.0,150,147,1,0.9664429530201343,144.0,1819.4444444444446,262.0,9.0,60.0,161.0,101.0,0.41849504422418776,139.0,-79.0,143,253.0,143,0.0
35625,ES 06-26,1780603133968,1780603134024,Absorb,-1,7603.25,7603.25,0.0,136,136,1,0.4148148148148148,56.0,4107.142857142857,230.0,13.0,230.0,230.0,0.0,1.7095916225370926,119.0,111.0,135,228.0,136,0.0
35626,ES 06-26,1780603140000,1780603140108,Absorb,-1,7603.0,7602.75,1.0,129,127,1,0.84375,108.0,2231.4814814814813,241.0,18.0,3.0,122.0,119.0,0.10268336314847942,-112.0,115.0,124,232.0,126,0.0
35627,ES 06-26,1780603140864,1780603141064,Absorb,-1,7603.0,7602.5,2.0,165,162,1,1.2195121951219512,200.0,1530.0,306.0,9.0,230.0,268.0,38.0,1.3430422354606897,71.0,159.0,159,296.0,109,0.0
35628,ES 06-26,1780603145740,1780603145884,Absorb,-1,7603.0,7602.75,1.0,110,108,1,1.3211009174311927,144.0,1493.0555555555557,215.0,12.0,-75.0,70.0,145.0,-0.9705835944368054,-112.0,37.0,105,209.0,74,0.0
35629,ES 06-26,1780603148740,1780603148896,Absorb,-1,7602.5,7602.25,1.0,81,79,1,1.95,156.0,1474.3589743589744,230.0,42.0,176.0,203.0,27.0,2.6227416440831073,147.0,29.0,76,225.0,68,0.0
35630,ES 06-26,1780603150500,1780603150572,Absorb,-1,7602.5,7602.5,0.0,105,105,1,0.6923076923076923,72.0,2819.444444444445,203.0,15.0,-203.0,0.0,203.0,-2.0478955007256894,-131.0,-72.0,104,200.0,105,0.0
35631,ES 06-26,1780603156232,1780603156404,Absorb,-1,7602.75,7602.5,1.0,139,138,1,1.2463768115942029,172.0,1215.1162790697676,209.0,6.0,205.0,207.0,2.0,1.4603065373787927,112.0,93.0,136,205.0,137,0.0
35632,ES 06-26,1780603156876,1780603157104,Absorb,-1,7603.0,7602.75,1.0,81,77,1,2.85,228.0,1039.4736842105262,237.0,25.0,207.0,222.0,15.0,2.8806007226738934,96.0,111.0,73,213.0,70,0.0
35633,ES 06-26,1780603159356,1780603159376,Absorb,-1,7602.0,7601.75,1.0,97,96,1,0.20833333333333334,20.0,10150.0,203.0,23.0,-201.0,1.0,202.0,-2.220768462023985,-110.0,-91.0,94,200.0,96,0.0
35634,ES 06-26,1780603160188,1780603160476,Absorb,-1,7602.0,7601.5,2.0,170,166,1,1.7041420118343196,288.0,1402.7777777777778,404.0,19.0,172.0,288.0,116.0,1.2636171005306513,191.0,-19.0,162,389.0,161,0.0
35635,ES 06-26,1780603160584,1780603160880,Absorb,-1,7602.75,7602.0,3.0,194,189,1,1.5336787564766838,296.0,1875.0,555.0,43.0,541.0,548.0,7.0,2.6582250290706035,355.0,186.0,185,533.0,56,0.0
35636,ES 06-26,1780603162232,1780603162380,Absorb,-1,7602.75,7602.5,1.0,137,135,1,1.088235294117647,148.0,1641.8918918918919,243.0,8.0,149.0,196.0,47.0,1.4703922190901115,117.0,32.0,132,238.0,107,0.0
35637,ES 06-26,1780603167904,1780603168052,Absorb,-1,7602.5,7602.0,2.0,123,121,1,1.2131147540983607,148.0,1763.5135135135135,261.0,25.0,-255.0,3.0,258.0,-2.233848396125421,-140.0,-115.0,118,255.0,118,0.0
35638,ES 06-26,1780603169292,1780603169336,Absorb,-1,7602.5,7602.5,0.0,103,103,1,0.43137254901960786,44.0,6090.909090909091,268.0,19.0,268.0,268.0,0.0,2.6182620919913897,130.0,138.0,102,267.0,103,0.0
35639,ES 06-26,1780603169488,1780603169672,Absorb,-1,7602.25,7602.0,1.0,150,149,1,1.2348993288590604,184.0,1478.2608695652175,272.0,8.0,-270.0,1.0,271.0,-1.7231770300902263,-138.0,-132.0,146,266.0,98,0.0
35640,ES 06-26,1780603170516,1780603170796,Absorb,1,7602.25,7601.75,2.0,153,148,1,1.8421052631578947,280.0,1224.9999999999998,343.0,17.0,249.0,296.0,47.0,1.4237733370860306,160.0,89.0,142,324.0,146,0.0
35641,ES 06-26,1780603171952,1780603172112,Absorb,-1,7602.25,7602.0,1.0,87,86,1,1.8604651162790697,160.0,1275.0,204.0,14.0,42.0,123.0,81.0,0.5540934606692426,108.0,-66.0,84,200.0,86,0.0
35642,ES 06-26,1780603173172,1780603173324,Absorb,-1,7602.25,7602.0,1.0,140,138,1,1.0935251798561152,152.0,2013.157894736842,306.0,30.0,-152.0,77.0,229.0,-1.3483370142791542,-182.0,30.0,136,300.0,100,0.0
35643,ES 06-26,1780603174944,1780603175124,Absorb,-1,7602.75,7602.25,2.0,153,148,1,1.1842105263157894,180.0,1477.7777777777778,266.0,9.0,2.0,134.0,132.0,0.5508356452628899,-22.0,24.0,142,248.0,138,0.0
35644,ES 06-26,1780603178012,1780603178120,Absorb,-1,7602.75,7602.25,2.0,230,225,1,0.47161572052401746,108.0,4583.333333333333,495.0,18.0,367.0,431.0,64.0,1.6488944888413277,260.0,107.0,220,478.0,106,0.0
35645,ES 06-26,1780603178296,1780603178568,Absorb,-1,7602.75,7602.5,1.0,90,87,1,3.056179775280899,272.0,852.9411764705882,232.0,25.0,-24.0,104.0,128.0,0.448425731571799,-94.0,70.0,84,203.0,64,0.0
35646,ES 06-26,1780603178956,1780603179088,Absorb,-1,7603.5,7602.75,3.0,318,313,1,0.416403785488959,132.0,4719.696969696969,623.0,17.0,507.0,565.0,58.0,1.5537343929557859,340.0,167.0,309,608.0,171,0.0
35647,ES 06-26,1780603180972,1780603181116,Absorb,-1,7604.25,7603.75,2.0,170,168,1,0.8520710059171598,144.0,2368.0555555555557,341.0,16.0,231.0,286.0,55.0,1.665969308931919,194.0,37.0,165,330.0,145,0.0
35648,ES 06-26,1780603181636,1780603181848,Absorb,-1,7603.75,7603.5,1.0,134,130,1,1.593984962406015,212.0,1575.4716981132076,334.0,30.0,-30.0,152.0,182.0,-0.06592351525580119,-172.0,142.0,125,321.0,130,0.0
35649,ES 06-26,1780603181992,1780603182112,Absorb,-1,7604.5,7603.75,3.0,297,290,1,0.40540540540540543,120.0,5725.0,687.0,14.0,123.0,405.0,282.0,0.6603276552940982,344.0,-221.0,283,647.0,168,0.0
35650,ES 06-26,1780603182176,1780603182252,Absorb,-1,7604.0,7603.5,2.0,166,161,1,0.46060606060606063,76.0,5421.0526315789475,412.0,23.0,-230.0,91.0,321.0,-0.7447383436850287,-164.0,-66.0,155,395.0,134,0.0
35651,ES 06-26,1780603184500,1780603184704,Absorb,-1,7603.5,7603.0,2.0,148,144,1,1.3877551020408163,204.0,1377.450980392157,281.0,11.0,-219.0,31.0,250.0,-1.3116104050907502,-124.0,-95.0,138,269.0,100,0.0
35652,ES 06-26,1780603184924,1780603185128,Predator,-1,7603.25,7602.0,5.0,386,380,1,0.5298701298701298,204.0,5132.352941176471,1047.0,95.0,-301.0,373.0,674.0,-0.1262057860202215,-232.0,-69.0,370,1015.0,201,0.0
35653,ES 06-26,1780603186128,1780603186372,Absorb,-1,7602.25,7601.75,2.0,141,137,1,1.7428571428571429,244.0,1327.8688524590164,324.0,11.0,242.0,283.0,41.0,1.4901322830600625,150.0,92.0,133,314.0,125,0.0
35654,ES 06-26,1780603186652,1780603186832,Absorb,-1,7602.25,7602.0,1.0,106,104,1,1.7142857142857142,180.0,1577.7777777777778,284.0,22.0,-62.0,111.0,173.0,-1.3167191475426354,39.0,-101.0,101,274.0,64,0.0
35655,ES 06-26,1780603187768,1780603188064,Absorb,1,7602.25,7601.25,4.0,294,285,1,1.0102389078498293,296.0,2861.4864864864867,847.0,81.0,459.0,653.0,194.0,2.2667475736751577,224.0,235.0,274,813.0,145,0.0
35656,ES 06-26,1780603188484,1780603188728,Absorb,-1,7601.75,7601.5,1.0,89,87,1,2.772727272727273,244.0,1303.2786885245903,318.0,58.0,-16.0,151.0,167.0,-0.21249574395641813,137.0,-153.0,83,308.0,50,0.0
35657,ES 06-26,1780603188812,1780603188900,Absorb,-1,7601.5,7601.25,1.0,107,105,1,0.8301886792452831,88.0,2409.090909090909,212.0,9.0,-200.0,6.0,206.0,-1.9497932953231842,-97.0,-103.0,103,204.0,105,0.0
35658,ES 06-26,1780603188996,1780603189108,Absorb,-1,7601.5,7601.25,1.0,126,122,1,0.896,112.0,2678.5714285714284,300.0,25.0,292.0,296.0,4.0,2.4855103112110988,182.0,110.0,118,292.0,122,0.0
35659,ES 06-26,1780603189428,1780603189552,Absorb,-1,7601.25,7601.25,0.0,101,101,1,1.24,124.0,1951.6129032258066,242.0,16.0,242.0,242.0,0.0,2.4173907979033196,116.0,126.0,100,238.0,101,0.0
35660,ES 06-26,1780603191188,1780603191480,Absorb,-1,7601.0,7600.75,1.0,132,125,1,2.2290076335877864,292.0,842.4657534246576,246.0,18.0,52.0,149.0,97.0,0.16003141093538845,56.0,-4.0,118,213.0,99,0.0
35661,ES 06-26,1780603193300,1780603193508,Absorb,-1,7601.0,7600.75,1.0,129,126,1,1.625,208.0,1480.769230769231,308.0,16.0,300.0,304.0,4.0,2.3054394007155636,143.0,157.0,123,300.0,85,0.0
35662,ES 06-26,1780603194876,1780603195124,Absorb,-1,7600.75,7599.75,4.0,396,381,1,0.6278481012658228,248.0,4056.451612903226,1006.0,30.0,180.0,593.0,413.0,1.111283997066607,97.0,83.0,366,935.0,174,0.0
35663,ES 06-26,1780603196648,1780603196868,Absorb,-1,7600.75,7600.25,2.0,132,128,1,1.6793893129770991,220.0,1209.090909090909,266.0,17.0,26.0,146.0,120.0,0.6052788111847975,108.0,-82.0,122,250.0,86,0.0
35664,ES 06-26,1780603196996,1780603197224,Absorb,-1,7600.5,7600.0,2.0,182,173,1,1.2596685082872927,228.0,1815.7894736842104,414.0,20.0,-110.0,152.0,262.0,-0.08604392618521774,-35.0,-75.0,163,362.0,106,0.0
35665,ES 06-26,1780603202608,1780603202664,Absorb,1,7602.0,7601.25,3.0,157,154,1,0.358974358974359,56.0,8678.571428571428,486.0,50.0,190.0,338.0,148.0,1.7951953311543734,264.0,-74.0,149,462.0,72,0.0
35666,ES 06-26,1780603204404,1780603204540,Absorb,-1,7601.5,7600.75,3.0,107,103,1,1.2830188679245282,136.0,2169.1176470588234,295.0,50.0,223.0,259.0,36.0,2.839681420090519,125.0,98.0,100,277.0,40,0.0
35667,ES 06-26,1780603211008,1780603211092,Absorb,-1,7600.75,7600.5,1.0,63,62,1,1.3548387096774193,84.0,2583.333333333333,217.0,30.0,-215.0,1.0,216.0,-3.683563748079877,-98.0,-117.0,60,209.0,62,0.0
35668,ES 06-26,1780603225928,1780603225932,Absorb,-1,7600.0,7599.5,2.0,127,119,1,0.031746031746031744,4.0,72000.0,288.0,23.0,-216.0,36.0,252.0,-1.995383389576303,-175.0,-41.0,109,254.0,77,0.0
35669,ES 06-26,1780603320396,1780603320404,Absorb,-1,7598.0,7598.0,0.0,85,85,1,0.09523809523809523,8.0,27625.0,221.0,24.0,-221.0,0.0,221.0,-2.9929255423099472,-66.0,-155.0,84,220.0,85,0.0
35670,ES 06-26,1780603419576,1780603419592,Absorb,-1,7595.25,7594.75,2.0,134,129,1,0.12030075187969924,16.0,17562.5,281.0,13.0,-77.0,102.0,179.0,-0.2522999039888278,-142.0,65.0,123,267.0,77,0.0
35671,ES 06-26,1780603500980,1780603501136,Absorb,-1,7595.5,7595.0,2.0,150,147,1,1.0469798657718121,156.0,1455.128205128205,227.0,8.0,21.0,124.0,103.0,0.7328663496155384,-1.0,22.0,144,217.0,66,0.0
1,ES 06-26,1780617635940,1780617635968,Absorb,-1,7570.25,7569.75,2.0,98,97,1,0.28865979381443296,28.0,9892.857142857143,277.0,130.0,-275.0,1.0,276.0,-3.272638014906056,-79.0,-196.0,94,269.0,58,
2,ES 06-26,1780618323596,1780618323772,Absorb,-1,7565.5,7565.0,2.0,125,122,1,1.4193548387096775,176.0,1715.909090909091,302.0,119.0,-204.0,49.0,253.0,-2.182599078341014,-101.0,-103.0,119,175.0,92,
3,ES 06-26,1780621034240,1780621034244,Predator,1,7560.25,7558.0,9.0,167,165,1,0.024096385542168676,4.0,51000.0,204.0,9.0,160.0,182.0,22.0,1.1030074103084708,90.0,70.0,155,188.0,27,
4,ES 06-26,1780624542752,1780624542832,Absorb,-1,7559.75,7558.75,4.0,211,197,1,0.38095238095238093,80.0,3025.0,242.0,10.0,76.0,159.0,83.0,0.18292050433694,91.0,-15.0,186,215.0,87,
5,ES 06-26,1780625983968,1780625984096,Predator,-1,7563.5,7561.0,10.0,349,328,1,0.367816091954023,128.0,3148.4375,403.0,14.0,-119.0,142.0,261.0,-0.3356997473428656,-172.0,53.0,299,335.0,91,
6,ES 06-26,1780639485916,1780639485948,Absorb,-1,7562.0,7561.0,4.0,106,99,1,0.3047619047619048,32.0,10031.25,321.0,183.0,-113.0,104.0,217.0,-0.7862659646824697,68.0,-181.0,92,111.0,41,
7,ES 06-26,1780650784448,1780650784452,Predator,-1,7563.25,7561.5,7.0,137,128,1,0.029411764705882353,4.0,70500.0,282.0,31.0,190.0,236.0,46.0,1.7515727966845258,94.0,96.0,124,263.0,31,
8,ES 06-26,1780650784452,1780650784752,Predator,-1,7566.75,7562.75,16.0,449,427,1,0.6696428571428571,300.0,1863.3333333333335,559.0,11.0,437.0,498.0,61.0,0.9898157280729664,233.0,204.0,419,527.0,86,
9,ES 06-26,1780652087936,1780652088112,Predator,-1,7567.25,7565.5,7.0,234,223,1,0.7553648068669528,176.0,1687.5,297.0,10.0,-143.0,77.0,220.0,-0.6022248290169028,-128.0,-15.0,205,267.0,100,
10,ES 06-26,1780658364872,1780658365052,Absorb,-1,7565.5,7564.5,4.0,152,149,1,1.1920529801324504,180.0,1116.6666666666667,201.0,8.0,-111.0,45.0,156.0,-0.581235177933146,-82.0,-29.0,141,190.0,43,
11,ES 06-26,1780658654804,1780658654808,Predator,-1,7566.5,7561.5,20.0,365,362,1,0.01098901098901099,4.0,146500.0,586.0,23.0,-370.0,108.0,478.0,-1.1073421301357524,-232.0,-138.0,338,545.0,46,
12,ES 06-26,1780658654824,1780658655056,Predator,-1,7561.25,7560.0,5.0,454,433,1,0.5121412803532008,232.0,2685.344827586207,623.0,12.0,83.0,353.0,270.0,0.030694019345301547,114.0,-31.0,409,569.0,117,
13,ES 06-26,1780658911032,1780658911288,Predator,-1,7569.5,7567.5,8.0,243,226,1,1.0578512396694215,256.0,1136.71875,291.0,4.0,59.0,175.0,116.0,0.3237307668504887,141.0,-82.0,214,254.0,81,
14,ES 06-26,1780662660264,1780662660460,Predator,-1,7558.75,7556.0,11.0,240,217,1,0.8200836820083682,196.0,3663.2653061224487,718.0,346.0,-344.0,187.0,531.0,-2.174118040243754,95.0,-439.0,195,277.0,40,
15,ES 06-26,1780662703828,1780662703892,Predator,1,7555.75,7554.25,6.0,141,134,1,0.45714285714285713,64.0,3609.375,231.0,25.0,195.0,213.0,18.0,1.4090714499764545,121.0,74.0,122,193.0,66,
16,ES 06-26,1780662706140,1780662706148,Absorb,-1,7555.0,7554.25,3.0,34,32,1,0.24242424242424243,8.0,58500.0,468.0,428.0,-434.0,17.0,451.0,-2.3095492742551564,-449.0,15.0,28,35.0,18,
17,ES 06-26,1780662727276,1780662727328,Predator,-1,7556.5,7555.25,5.0,97,94,1,0.5416666666666666,52.0,4230.769230769231,220.0,100.0,-182.0,19.0,201.0,-2.451806753629287,-164.0,-18.0,85,206.0,27,
18,ES 06-26,1780663020664,1780663020676,Predator,-1,7547.5,7544.5,12.0,175,174,1,0.06896551724137931,12.0,22083.333333333332,265.0,10.0,-247.0,9.0,256.0,-1.5316726377071204,-121.0,-126.0,161,222.0,27,
19,ES 06-26,1780663505728,1780663505796,Predator,-1,7560.5,7559.25,5.0,165,157,1,0.4146341463414634,68.0,3529.411764705882,240.0,13.0,112.0,176.0,64.0,1.0020249512462265,119.0,-7.0,153,227.0,51,
20,ES 06-26,1780663603024,1780663603164,Predator,-1,7563.0,7561.25,7.0,225,213,1,0.625,140.0,2078.5714285714284,291.0,10.0,173.0,232.0,59.0,0.9734976822587442,154.0,19.0,205,268.0,58,
21,ES 06-26,1780664327548,1780664327792,Predator,-1,7552.25,7551.0,5.0,167,161,1,1.4698795180722892,244.0,860.655737704918,210.0,5.0,114.0,162.0,48.0,0.5310815546188175,37.0,77.0,158,196.0,59,
22,ES 06-26,1780664763192,1780664763348,Predator,-1,7548.0,7545.75,9.0,316,309,1,0.49523809523809526,156.0,2378.2051282051284,371.0,4.0,-147.0,112.0,259.0,-0.4529806827494804,-174.0,27.0,292,343.0,128,
23,ES 06-26,1780665362268,1780665362368,Predator,-1,7548.0,7546.75,5.0,197,188,1,0.5102040816326531,100.0,2230.0,223.0,4.0,81.0,152.0,71.0,0.5965361686899033,51.0,30.0,182,208.0,46,
24,ES 06-26,1780665674496,1780665674620,Predator,-1,7549.25,7547.0,9.0,167,155,1,0.7469879518072289,124.0,1709.6774193548388,212.0,17.0,134.0,173.0,39.0,0.6875328516804601,102.0,32.0,151,195.0,50,
25,ES 06-26,1780665900008,1780665900104,Absorb,-1,7546.75,7546.0,3.0,162,158,1,0.5962732919254659,96.0,2229.1666666666665,214.0,9.0,26.0,120.0,94.0,0.09356145765855022,107.0,-81.0,153,204.0,59,
26,ES 06-26,1780666060016,1780666060180,Predator,-1,7546.75,7545.0,7.0,225,219,1,0.7321428571428571,164.0,1621.9512195121952,266.0,13.0,-54.0,106.0,160.0,-0.3373124736620312,-129.0,75.0,208,248.0,74,
27,ES 06-26,1780666080012,1780666080268,Predator,1,7547.5,7545.0,10.0,320,316,1,0.8025078369905956,256.0,1433.59375,367.0,8.0,257.0,312.0,55.0,0.9763588389535054,174.0,83.0,303,346.0,71,
28,ES 06-26,1780666500240,1780666500244,Predator,-1,7550.0,7548.25,7.0,224,210,1,0.017937219730941704,4.0,72750.0,291.0,10.0,-205.0,43.0,248.0,-1.0534272901985906,-77.0,-128.0,188,240.0,40,
29,ES 06-26,1780666500248,1780666500336,Predator,-1,7549.0,7547.75,5.0,331,312,1,0.26666666666666666,88.0,4988.636363636364,439.0,20.0,-51.0,194.0,245.0,-0.03031406041634266,66.0,-117.0,289,392.0,81,
30,ES 06-26,1780666527748,1780666527884,Absorb,-1,7546.5,7545.75,3.0,140,137,1,0.9784172661870504,136.0,1794.1176470588234,244.0,50.0,-122.0,61.0,183.0,-0.5880890424438565,-63.0,-59.0,130,233.0,72,
31,ES 06-26,1780666680260,1780666680336,Absorb,-1,7540.5,7539.75,3.0,140,137,1,0.5467625899280576,76.0,2802.6315789473683,213.0,11.0,-141.0,36.0,177.0,-1.1044739891976996,-114.0,-27.0,130,199.0,73,
32,ES 06-26,1780666683716,1780666684016,Absorb,-1,7539.25,7538.25,4.0,173,169,1,1.744186046511628,300.0,723.3333333333334,217.0,5.0,-75.0,71.0,146.0,-0.3029513607223811,-114.0,39.0,161,203.0,73,
33,ES 06-26,1780666744132,1780666744156,Predator,-1,7537.75,7535.0,11.0,324,315,1,0.07430340557275542,24.0,21958.333333333332,527.0,50.0,-451.0,38.0,489.0,-1.359338819648417,-293.0,-158.0,290,438.0,44,
34,ES 06-26,1780666803052,1780666803068,Predator,-1,7539.0,7537.25,7.0,309,296,1,0.05194805194805195,16.0,36250.0,580.0,50.0,-510.0,35.0,545.0,-1.7052358853173135,-284.0,-226.0,272,533.0,54,
35,ES 06-26,1780666803068,1780666803120,Predator,-1,7538.25,7537.0,5.0,203,192,1,0.25742574257425743,52.0,5307.692307692308,276.0,10.0,130.0,203.0,73.0,0.7568763251288908,-3.0,133.0,183,248.0,79,
36,ES 06-26,1780666903564,1780666903600,Absorb,-1,7535.0,7534.5,2.0,159,157,1,0.22784810126582278,36.0,8638.888888888889,311.0,31.0,-187.0,62.0,249.0,-1.1957278481012659,-194.0,7.0,152,302.0,91,
37,ES 06-26,1780667046324,1780667046432,Absorb,-1,7528.5,7528.25,1.0,146,143,1,0.7448275862068966,108.0,2194.4444444444443,237.0,23.0,-231.0,3.0,234.0,-1.60724359654112,-138.0,-93.0,139,229.0,104,
38,ES 06-26,1780667104696,1780667104872,Predator,-1,7529.0,7527.75,5.0,289,281,1,0.6111111111111112,176.0,2068.1818181818185,364.0,8.0,194.0,279.0,85.0,0.8159060175794456,163.0,31.0,275,348.0,90,
39,ES 06-26,1780667142208,1780667142280,Absorb,-1,7525.25,7525.0,1.0,128,124,1,0.5669291338582677,72.0,3875.0000000000005,279.0,34.0,-189.0,45.0,234.0,-1.350734183299762,-162.0,-27.0,119,224.0,74,
40,ES 06-26,1780667220348,1780667220488,Absorb,-1,7526.0,7525.0,4.0,207,200,1,0.6796116504854369,140.0,2421.428571428571,339.0,9.0,-97.0,121.0,218.0,-0.08694840406533104,-153.0,56.0,194,320.0,76,
41,ES 06-26,1780667265300,1780667265452,Predator,-1,7522.25,7521.0,5.0,306,294,1,0.49836065573770494,152.0,2782.8947368421054,423.0,20.0,-171.0,126.0,297.0,-0.4701193725741485,-223.0,52.0,278,389.0,102,
42,ES 06-26,1780667391388,1780667391492,Absorb,-1,7518.25,7518.0,1.0,140,140,1,0.7482014388489209,104.0,1942.3076923076924,202.0,10.0,-202.0,0.0,202.0,-1.346388664144672,-116.0,-86.0,138,200.0,139,
43,ES 06-26,1780667402968,1780667403200,Predator,-1,7519.5,7518.25,5.0,177,169,1,1.3181818181818181,232.0,974.1379310344827,226.0,7.0,96.0,161.0,65.0,0.7845280552622012,80.0,16.0,163,212.0,75,
44,ES 06-26,1780667410992,1780667411132,Absorb,-1,7520.25,7519.75,2.0,184,181,1,0.7650273224043715,140.0,1999.9999999999998,280.0,31.0,276.0,278.0,2.0,1.5867658107144922,153.0,123.0,179,273.0,119,
45,ES 06-26,1780667423336,1780667423408,Absorb,-1,7519.75,7518.75,4.0,151,147,1,0.48,72.0,3236.1111111111113,233.0,10.0,85.0,159.0,74.0,0.748299058905542,110.0,-25.0,143,218.0,48,
46,ES 06-26,1780667520012,1780667520276,Predator,-1,7525.25,7523.25,8.0,480,461,1,0.5511482254697286,264.0,2912.8787878787875,769.0,46.0,157.0,463.0,306.0,0.3825682294628015,160.0,-3.0,443,715.0,152,
47,ES 06-26,1780667540760,1780667540788,Absorb,-1,7524.75,7524.0,3.0,174,173,1,0.16184971098265896,28.0,21678.571428571428,607.0,300.0,-603.0,2.0,605.0,-3.9567117514735615,-182.0,-421.0,168,599.0,107,
48,ES 06-26,1780667556608,1780667556616,Predator,-1,7524.25,7521.75,10.0,194,183,1,0.04145077720207254,8.0,34750.0,278.0,6.0,274.0,276.0,2.0,1.491859820111516,136.0,138.0,180,252.0,35,
49,ES 06-26,1780667601896,1780667601948,Absorb,-1,7525.25,7524.5,3.0,131,129,1,0.4,52.0,4134.615384615385,215.0,6.0,-209.0,3.0,212.0,-1.8388619014573213,-93.0,-116.0,124,207.0,68,
50,ES 06-26,1780667603948,1780667604200,Absorb,-1,7524.75,7524.5,1.0,84,81,1,3.036144578313253,252.0,869.047619047619,219.0,43.0,121.0,170.0,49.0,2.402217272451149,2.0,119.0,77,210.0,46,
51,ES 06-26,1780667618012,1780667618264,Absorb,-1,7522.75,7522.25,2.0,99,97,1,2.5714285714285716,252.0,908.7301587301587,229.0,40.0,93.0,161.0,68.0,0.83004329004329,138.0,-45.0,94,224.0,40,
52,ES 06-26,1780667624868,1780667625004,Absorb,-1,7524.25,7523.5,3.0,123,117,1,1.1147540983606556,136.0,1500.0,204.0,15.0,186.0,195.0,9.0,1.3032141981916912,138.0,48.0,112,192.0,44,
53,ES 06-26,1780667700000,1780667700240,Absorb,-1,7524.75,7524.25,2.0,173,170,1,1.3953488372093024,240.0,1104.1666666666667,265.0,25.0,93.0,179.0,86.0,0.44199489178653045,138.0,-45.0,167,258.0,104,
54,ES 06-26,1780667803020,1780667803096,Absorb,-1,7518.25,7518.0,1.0,106,105,1,0.7238095238095238,76.0,3013.157894736842,229.0,63.0,-137.0,46.0,183.0,-1.9067133536539285,-68.0,-69.0,103,225.0,62,
55,ES 06-26,1780667895748,1780667895872,Predator,-1,7517.0,7515.25,7.0,526,504,1,0.2361904761904762,124.0,5790.322580645161,718.0,15.0,-204.0,257.0,461.0,-0.45977755262536757,-145.0,-59.0,470,637.0,157,
56,ES 06-26,1780667937616,1780667937888,Predator,-1,7514.5,7513.25,5.0,204,201,1,1.3399014778325122,272.0,1213.235294117647,330.0,12.0,-320.0,5.0,325.0,-1.600771780537278,-146.0,-174.0,194,303.0,118,
57,ES 06-26,1780668021816,1780668022088,Absorb,-1,7510.75,7510.25,2.0,189,182,1,1.446808510638298,272.0,1386.0294117647059,377.0,137.0,-185.0,96.0,281.0,-0.18707406814909613,-46.0,-139.0,173,357.0,90,
58,ES 06-26,1780668039052,1780668039328,Absorb,-1,7513.0,7512.0,4.0,442,437,1,0.6258503401360545,276.0,2242.7536231884055,619.0,6.0,-297.0,161.0,458.0,-0.6684991760204689,-173.0,-124.0,428,597.0,160,
59,ES 06-26,1780668039904,1780668040120,Absorb,-1,7512.0,7511.0,4.0,166,164,1,1.309090909090909,216.0,1060.1851851851852,229.0,5.0,-179.0,25.0,204.0,-1.1956017865692492,-124.0,-55.0,157,220.0,62,
60,ES 06-26,1780668041552,1780668041840,Absorb,-1,7510.5,7510.0,2.0,214,206,1,1.352112676056338,288.0,982.6388888888889,283.0,10.0,-27.0,128.0,155.0,0.10168763067428697,-9.0,-18.0,196,257.0,149,
61,ES 06-26,1780668042536,1780668042580,Absorb,-1,7510.25,7510.0,1.0,103,102,1,0.43137254901960786,44.0,5204.545454545455,229.0,20.0,-227.0,1.0,228.0,-2.5380332117910642,-115.0,-112.0,100,224.0,102,
62,ES 06-26,1780668042756,1780668042936,Predator,-1,7509.75,7508.5,5.0,239,236,1,0.7563025210084033,180.0,1966.6666666666667,354.0,16.0,-266.0,44.0,310.0,-0.9830464821912028,-88.0,-178.0,228,330.0,90,
63,ES 06-26,1780668042936,1780668043148,Absorb,-1,7509.0,7508.5,2.0,210,200,1,1.014354066985646,212.0,1278.301886792453,271.0,12.0,7.0,139.0,132.0,0.15957277942810494,13.0,-6.0,188,247.0,189,
64,ES 06-26,1780668120172,1780668120356,Predator,-1,7511.25,7509.5,7.0,367,358,1,0.5027322404371585,184.0,2467.391304347826,454.0,9.0,368.0,411.0,43.0,1.0246724613080962,213.0,155.0,354,439.0,109,
65,ES 06-26,1780668151268,1780668151400,Predator,-1,7515.0,7513.5,6.0,214,206,1,0.6197183098591549,132.0,2416.6666666666665,319.0,16.0,231.0,275.0,44.0,1.2415010821285024,135.0,96.0,202,305.0,54,
66,ES 06-26,1780668152516,1780668152580,Absorb,1,7517.5,7516.75,3.0,176,165,1,0.3657142857142857,64.0,5562.5,356.0,46.0,28.0,192.0,164.0,-0.06897094430992735,105.0,-77.0,153,329.0,83,
67,ES 06-26,1780668173104,1780668173292,Absorb,1,7518.0,7517.5,2.0,156,155,1,1.2129032258064516,188.0,1090.4255319148936,205.0,4.0,55.0,130.0,75.0,0.5067266204106147,104.0,-49.0,152,200.0,76,
68,ES 06-26,1780668186172,1780668186328,Absorb,-1,7518.75,7518.0,3.0,185,180,1,0.8478260869565217,156.0,1442.3076923076924,225.0,3.0,221.0,223.0,2.0,1.1749175543004435,113.0,108.0,177,215.0,74,
69,ES 06-26,1780668222296,1780668222300,Predator,-1,7518.25,7517.0,5.0,139,133,1,0.028985507246376812,4.0,50500.0,202.0,10.0,152.0,177.0,25.0,1.276455605701774,92.0,60.0,129,182.0,33,
70,ES 06-26,1780668310000,1780668310292,Predator,-1,7517.0,7515.0,8.0,501,482,1,0.584,292.0,2174.6575342465753,635.0,11.0,311.0,473.0,162.0,0.46318391106233747,171.0,140.0,469,595.0,213,
71,ES 06-26,1780668313308,1780668313488,Predator,1,7517.5,7516.25,5.0,281,273,1,0.6428571428571429,180.0,2194.4444444444443,395.0,43.0,211.0,303.0,92.0,0.5690061547447782,136.0,75.0,260,363.0,100,
72,ES 06-26,1780668328408,1780668328484,Absorb,-1,7515.5,7514.75,3.0,191,181,1,0.4,76.0,3065.7894736842104,233.0,3.0,-71.0,81.0,152.0,-0.31782860292091486,-93.0,22.0,167,197.0,117,
73,ES 06-26,1780668333660,1780668333844,Absorb,-1,7515.25,7514.5,3.0,118,114,1,1.5726495726495726,184.0,1097.8260869565217,202.0,9.0,84.0,143.0,59.0,1.0229165981907757,107.0,-23.0,111,193.0,83,
74,ES 06-26,1780668399548,1780668399556,Predator,-1,7512.25,7511.0,5.0,223,215,1,0.036036036036036036,8.0,43250.0,346.0,14.0,-256.0,45.0,301.0,-1.2429900271828522,-162.0,-94.0,201,302.0,65,
75,ES 06-26,1780668399556,1780668399820,Absorb,-1,7511.75,7511.25,2.0,359,348,1,0.7374301675977654,264.0,1738.6363636363635,459.0,14.0,23.0,241.0,218.0,0.10173277726770515,134.0,-111.0,335,431.0,146,
76,ES 06-26,1780668406288,1780668406392,Predator,-1,7510.25,7508.5,7.0,303,293,1,0.3443708609271523,104.0,4153.846153846154,432.0,25.0,-252.0,90.0,342.0,-1.1915133261321948,-220.0,-32.0,277,400.0,124,
77,ES 06-26,1780668428828,1780668428968,Absorb,1,7513.0,7512.25,3.0,201,193,1,0.7,140.0,2050.0,287.0,12.0,107.0,197.0,90.0,0.38417910447761194,125.0,-18.0,183,253.0,89,
78,ES 06-26,1780668476988,1780668477092,Absorb,-1,7515.0,7514.0,4.0,130,124,1,0.8062015503875969,104.0,2000.0,208.0,28.0,4.0,106.0,102.0,0.3476682734982043,25.0,-21.0,119,187.0,61,
79,ES 06-26,1780668601968,1780668602152,Absorb,-1,7523.25,7522.5,3.0,106,103,1,1.7523809523809524,184.0,1880.4347826086957,346.0,83.0,-144.0,101.0,245.0,0.24399828702420837,-212.0,68.0,101,309.0,43,
80,ES 06-26,1780668609380,1780668609504,Absorb,-1,7524.0,7523.5,2.0,175,171,1,0.7126436781609196,124.0,1846.774193548387,229.0,13.0,221.0,225.0,4.0,1.2818943125839677,119.0,102.0,168,217.0,135,
81,ES 06-26,1780668659460,1780668659512,Absorb,-1,7525.0,7524.5,2.0,71,68,1,0.7428571428571429,52.0,5134.615384615385,267.0,186.0,191.0,229.0,38.0,4.034473507712945,222.0,-31.0,65,261.0,37,
82,ES 06-26,1780668672592,1780668672708,Absorb,-1,7523.5,7522.75,3.0,147,143,1,0.7945205479452054,116.0,1931.0344827586207,224.0,26.0,46.0,135.0,89.0,-0.13838034288132137,-64.0,110.0,137,209.0,71,
83,ES 06-26,1780668690656,1780668690668,Predator,-1,7520.0,7518.5,6.0,166,165,1,0.07272727272727272,12.0,18333.333333333332,220.0,6.0,-216.0,2.0,218.0,-1.3113011654675315,-123.0,-93.0,158,209.0,32,
84,ES 06-26,1780668690672,1780668690788,Absorb,-1,7519.25,7518.75,2.0,343,329,1,0.3391812865497076,116.0,3750.0,435.0,26.0,259.0,347.0,88.0,0.7846032975176431,40.0,219.0,314,400.0,194,
85,ES 06-26,1780668701208,1780668701316,Predator,-1,7519.25,7518.0,5.0,156,154,1,0.6967741935483871,108.0,3092.5925925925926,334.0,84.0,-162.0,86.0,248.0,-1.4896477059000175,-96.0,-66.0,148,241.0,65,
86,ES 06-26,1780668701316,1780668701420,Absorb,-1,7519.5,7518.5,4.0,192,184,1,0.5445026178010471,104.0,2317.3076923076924,241.0,4.0,123.0,182.0,59.0,0.5985023939994032,47.0,76.0,176,220.0,75,
87,ES 06-26,1780669014808,1780669014812,Absorb,1,7530.0,7529.75,1.0,100,99,1,0.04040404040404041,4.0,79250.0,317.0,52.0,243.0,280.0,37.0,3.109114911491149,237.0,6.0,97,305.0,69,
88,ES 06-26,1780669164336,1780669164360,Absorb,-1,7531.25,7530.75,2.0,278,272,1,0.08664259927797834,24.0,14500.0,348.0,4.0,-204.0,72.0,276.0,-0.8827660126469687,-181.0,-23.0,264,330.0,198,
89,ES 06-26,1780669197292,1780669197436,Absorb,-1,7533.5,7532.75,3.0,128,123,1,1.1338582677165354,144.0,1402.7777777777778,202.0,16.0,188.0,195.0,7.0,1.7001407709210767,86.0,102.0,120,191.0,72,
90,ES 06-26,1780669252216,1780669252464,Absorb,-1,7529.0,7528.5,2.0,176,171,1,1.417142857142857,248.0,1129.032258064516,280.0,55.0,-132.0,74.0,206.0,-1.0267741580453444,-102.0,-30.0,165,261.0,89,
91,ES 06-26,1780669805496,1780669805720,Predator,-1,7518.0,7516.5,6.0,179,172,1,1.2584269662921348,224.0,1026.7857142857142,230.0,25.0,112.0,171.0,59.0,0.8432469190048751,125.0,-13.0,168,217.0,56,
92,ES 06-26,1780669840496,1780669840572,Predator,1,7520.0,7517.0,12.0,380,378,1,0.20052770448548812,76.0,7144.736842105263,543.0,85.0,481.0,512.0,31.0,1.5005246427934877,182.0,299.0,365,519.0,42,
93,ES 06-26,1780669840584,1780669840680,Absorb,-1,7519.0,7518.0,4.0,222,209,1,0.4343891402714932,96.0,2822.9166666666665,271.0,4.0,101.0,186.0,85.0,0.3505868752505524,-38.0,139.0,193,241.0,144,
94,ES 06-26,1780669956464,1780669956564,Absorb,-1,7523.0,7523.0,0.0,220,220,1,0.45662100456621,100.0,2840.0,284.0,4.0,284.0,284.0,0.0,1.2657686390966003,152.0,132.0,219,283.0,220,
95,ES 06-26,1780670085392,1780670085576,Absorb,-1,7527.5,7527.0,2.0,78,76,1,2.3896103896103895,184.0,1532.608695652174,282.0,80.0,-168.0,57.0,225.0,-2.672454128150331,-199.0,31.0,73,256.0,40,
96,ES 06-26,1780671633812,1780671633956,Absorb,-1,7525.5,7524.75,3.0,259,255,1,0.5581395348837209,144.0,4090.2777777777783,589.0,61.0,197.0,393.0,196.0,0.4727623099716123,354.0,-157.0,251,578.0,184,
97,ES 06-26,1780671901940,1780671902068,Absorb,-1,7520.25,7519.25,4.0,227,218,1,0.5663716814159292,128.0,5164.0625,661.0,340.0,-135.0,263.0,398.0,-1.3560926115530532,-239.0,104.0,210,616.0,113,
98,ES 06-26,1780672144396,1780672144464,Predator,-1,7515.25,7514.0,5.0,272,262,1,0.25092250922509224,68.0,4985.294117647059,339.0,4.0,225.0,282.0,57.0,0.9031946727030296,169.0,56.0,255,317.0,100,
99,ES 06-26,1780672305980,1780672306100,Absorb,-1,7512.5,7511.75,3.0,159,153,1,0.759493670886076,120.0,1883.3333333333335,226.0,26.0,-90.0,68.0,158.0,-0.6883807021733939,-100.0,10.0,147,214.0,104,
100,ES 06-26,1780672343624,1780672343872,Predator,1,7511.75,7510.5,5.0,316,305,1,0.7873015873015873,248.0,1556.4516129032259,386.0,15.0,-32.0,177.0,209.0,-0.06710952399967295,-198.0,166.0,295,363.0,132,
101,ES 06-26,1780672358768,1780672358844,Absorb,-1,7511.75,7510.75,4.0,272,267,1,0.28044280442804426,76.0,4671.0526315789475,355.0,5.0,55.0,205.0,150.0,0.29625605564394364,178.0,-123.0,265,347.0,150,
102,ES 06-26,1780672805668,1780672805720,Absorb,-1,7511.75,7511.0,3.0,181,177,1,0.28888888888888886,52.0,4615.384615384615,240.0,5.0,160.0,200.0,40.0,1.1824560338372494,98.0,62.0,173,229.0,75,
103,ES 06-26,1780672954920,1780672955040,Absorb,-1,7504.5,7504.25,1.0,114,112,1,1.0619469026548674,120.0,1800.0,216.0,24.0,-212.0,2.0,214.0,-1.6428059375063284,-147.0,-65.0,109,210.0,112,
104,ES 06-26,1780672991080,1780672991336,Absorb,-1,7500.5,7499.75,3.0,301,296,1,0.8533333333333334,256.0,1792.96875,459.0,15.0,-315.0,72.0,387.0,-1.3111689511781919,-187.0,-128.0,288,444.0,133,
105,ES 06-26,1780673000324,1780673000484,Absorb,1,7502.75,7501.75,4.0,105,104,1,1.5384615384615385,160.0,1387.5,222.0,100.0,214.0,218.0,4.0,1.7980613725896746,161.0,53.0,98,214.0,36,
106,ES 06-26,1780673009640,1780673009876,Predator,-1,7508.0,7506.25,7.0,496,479,1,0.4767676767676768,236.0,2567.7966101694915,606.0,15.0,94.0,350.0,256.0,0.30951692560052396,167.0,-73.0,463,567.0,180,
107,ES 06-26,1780673010004,1780673010244,Absorb,-1,7508.0,7507.0,4.0,250,244,1,0.963855421686747,240.0,1187.5,285.0,4.0,-137.0,74.0,211.0,-0.6585133202131234,-24.0,-113.0,236,268.0,79,
108,ES 06-26,1780673019780,1780673019976,Absorb,-1,7505.0,7504.0,4.0,305,293,1,0.6447368421052632,196.0,1979.5918367346937,388.0,5.0,-132.0,128.0,260.0,-0.20760882437530664,-172.0,40.0,278,354.0,103,
109,ES 06-26,1780673545740,1780673545796,Absorb,-1,7504.25,7503.25,4.0,288,281,1,0.1951219512195122,56.0,6696.428571428572,375.0,5.0,-139.0,118.0,257.0,-0.5131983209352607,-74.0,-65.0,271,354.0,104,
110,ES 06-26,1780673557672,1780673557680,Absorb,1,7504.5,7504.25,1.0,40,40,1,0.20512820512820512,8.0,25250.0,202.0,98.0,202.0,202.0,0.0,6.554878048780488,169.0,33.0,38,200.0,26,
111,ES 06-26,1780673659988,1780673660048,Absorb,-1,7501.25,7501.0,1.0,49,48,1,1.25,60.0,4616.666666666667,277.0,65.0,-221.0,28.0,249.0,-3.962551020408163,-248.0,27.0,46,270.0,46,
112,ES 06-26,1780673743724,1780673743924,Absorb,-1,7501.5,7501.0,2.0,166,162,1,1.2121212121212122,200.0,1095.0,219.0,4.0,-121.0,49.0,170.0,-0.48243534836132773,-66.0,-55.0,156,203.0,105,
113,ES 06-26,1780673789312,1780673789316,Predator,-1,7500.25,7498.25,8.0,210,208,1,0.019138755980861243,4.0,78500.0,314.0,20.0,-304.0,5.0,309.0,-1.5216794679503585,-173.0,-131.0,199,289.0,45,
114,ES 06-26,1780673789316,1780673789520,Predator,-1,7500.25,7498.75,6.0,232,219,1,0.8831168831168831,204.0,1441.1764705882354,294.0,4.0,118.0,206.0,88.0,0.5919748447497448,15.0,103.0,206,259.0,77,
115,ES 06-26,1780673903300,1780673903568,Absorb,-1,7495.25,7494.75,2.0,160,156,1,1.6855345911949686,268.0,1171.641791044776,314.0,23.0,-254.0,30.0,284.0,-1.7928600726590882,-205.0,-49.0,152,302.0,115,
116,ES 06-26,1780673930772,1780673930776,Absorb,-1,7493.0,7492.0,4.0,164,162,1,0.024539877300613498,4.0,54750.0,219.0,5.0,-159.0,30.0,189.0,-1.2005577244841048,-111.0,-48.0,156,203.0,54,
117,ES 06-26,1780674115972,1780674116104,Absorb,-1,7490.0,7489.0,4.0,146,144,1,0.9103448275862069,132.0,1909.090909090909,252.0,10.0,14.0,133.0,119.0,-0.1358237012329731,-71.0,85.0,139,243.0,80,
118,ES 06-26,1780674184416,1780674184424,Absorb,-1,7494.0,7493.0,4.0,144,143,1,0.055944055944055944,8.0,25500.0,204.0,20.0,-134.0,35.0,169.0,-1.1179085282533558,-33.0,-101.0,138,194.0,41,
119,ES 06-26,1780674274716,1780674274796,Absorb,-1,7490.75,7490.5,1.0,91,91,1,0.8888888888888888,80.0,2825.0,226.0,70.0,-226.0,0.0,226.0,-2.386080586080586,-76.0,-150.0,89,222.0,47,
120,ES 06-26,1780674326668,1780674326780,Absorb,-1,7490.0,7489.75,1.0,132,131,1,0.8549618320610687,112.0,1794.642857142857,201.0,10.0,109.0,155.0,46.0,1.0158802627665624,117.0,-8.0,129,196.0,66,
121,ES 06-26,1780674327468,1780674327608,Absorb,-1,7490.75,7490.0,3.0,188,184,1,0.7486631016042781,140.0,2542.8571428571427,356.0,30.0,302.0,329.0,27.0,2.02625486042257,233.0,69.0,180,343.0,98,
122,ES 06-26,1780674448644,1780674448740,Predator,-1,7494.25,7493.0,5.0,229,224,1,0.42105263157894735,96.0,3979.1666666666665,382.0,23.0,-26.0,178.0,204.0,-0.011662486384938995,140.0,-166.0,220,349.0,113,
123,ES 06-26,1780674617584,1780674617656,Absorb,-1,7490.0,7489.5,2.0,136,132,1,0.5333333333333333,72.0,2791.666666666667,201.0,11.0,39.0,120.0,81.0,0.5917656600353036,25.0,14.0,129,194.0,66,
124,ES 06-26,1780675270548,1780675270604,Absorb,-1,7487.0,7486.25,3.0,138,135,1,0.40875912408759124,56.0,3964.285714285714,222.0,30.0,148.0,185.0,37.0,1.362632394877497,130.0,18.0,133,215.0,70,
125,ES 06-26,1780675336364,1780675336392,Absorb,-1,7485.5,7485.0,2.0,156,153,1,0.18064516129032257,28.0,13321.42857142857,373.0,27.0,-293.0,40.0,333.0,-1.8996665138847182,-266.0,-27.0,150,365.0,88,
126,ES 06-26,1780675338228,1780675338372,Predator,-1,7485.75,7484.25,6.0,459,448,1,0.314410480349345,144.0,5805.555555555556,836.0,56.0,-450.0,193.0,643.0,-1.4117929989539009,-301.0,-149.0,432,801.0,120,
127,ES 06-26,1780675395472,1780675395576,Absorb,-1,7488.25,7487.5,3.0,260,253,1,0.4015444015444015,104.0,3038.4615384615386,316.0,4.0,254.0,285.0,31.0,0.8660402350057522,91.0,163.0,248,303.0,99,
128,ES 06-26,1780675469040,1780675469080,Absorb,-1,7485.5,7485.0,2.0,122,116,1,0.3305785123966942,40.0,16625.0,665.0,469.0,467.0,566.0,99.0,4.027027205646667,450.0,17.0,111,183.0,49,
129,ES 06-26,1780675514244,1780675514252,Predator,-1,7483.0,7481.0,8.0,294,291,1,0.027303754266211604,8.0,51875.0,415.0,8.0,-409.0,3.0,412.0,-1.430571988152003,-225.0,-184.0,276,373.0,49,
130,ES 06-26,1780675520452,1780675520508,Absorb,-1,7480.5,7480.0,2.0,134,131,1,0.42105263157894735,56.0,3857.142857142857,216.0,13.0,-142.0,37.0,179.0,-1.4196037357074278,-101.0,-41.0,127,208.0,72,
131,ES 06-26,1780675733584,1780675733612,Absorb,-1,7475.25,7475.0,1.0,107,105,1,0.2641509433962264,28.0,7392.857142857143,207.0,25.0,-93.0,57.0,150.0,-1.1415486196829876,-141.0,48.0,103,199.0,60,
132,ES 06-26,1780675744276,1780675744376,Absorb,-1,7476.25,7475.75,2.0,125,123,1,0.8064516129032258,100.0,2050.0,205.0,31.0,205.0,205.0,0.0,1.8141628264208909,73.0,132.0,122,200.0,56,
133,ES 06-26,1780675826740,1780675826792,Absorb,-1,7475.25,7474.5,3.0,140,134,1,0.37410071942446044,52.0,3942.3076923076924,205.0,12.0,161.0,183.0,22.0,1.0446174367496883,70.0,91.0,130,192.0,85,
134,ES 06-26,1780676224728,1780676224808,Absorb,-1,7473.0,7472.25,3.0,170,163,1,0.47337278106508873,80.0,3987.5,319.0,87.0,251.0,285.0,34.0,1.3586238481689779,220.0,31.0,158,298.0,82,
135,ES 06-26,1780677030476,1780677030576,Absorb,-1,7469.75,7469.0,3.0,155,152,1,0.6493506493506493,100.0,2200.0,220.0,19.0,-148.0,36.0,184.0,-1.0038638780574265,-62.0,-86.0,146,190.0,82,
136,ES 06-26,1780677044676,1780677044968,Predator,-1,7469.0,7467.0,8.0,514,491,1,0.5692007797270955,292.0,2421.232876712329,707.0,26.0,-13.0,347.0,360.0,0.14079324588024278,-204.0,191.0,464,587.0,95,
137,ES 06-26,1780677125020,1780677125156,Absorb,-1,7465.5,7465.0,2.0,149,148,1,0.918918918918919,136.0,1647.0588235294117,224.0,46.0,-108.0,58.0,166.0,-1.0072301832033375,-92.0,-16.0,145,213.0,88,
138,ES 06-26,1780677132328,1780677132412,Absorb,-1,7465.75,7464.75,4.0,359,349,1,0.2346368715083799,84.0,6297.619047619047,529.0,30.0,309.0,419.0,110.0,0.5836865802482584,173.0,136.0,342,508.0,220,
139,ES 06-26,1780677335792,1780677335896,Absorb,1,7465.75,7465.0,3.0,194,190,1,0.538860103626943,104.0,2788.4615384615386,290.0,6.0,108.0,199.0,91.0,0.5482974693166457,157.0,-49.0,183,274.0,97,
140,ES 06-26,1780677351144,1780677351180,Absorb,-1,7467.25,7466.75,2.0,131,129,1,0.27692307692307694,36.0,6222.222222222223,224.0,50.0,224.0,224.0,0.0,1.6624192601291838,141.0,83.0,128,221.0,60,
141,ES 06-26,1780677696124,1780677696184,Absorb,-1,7460.75,7460.0,3.0,157,153,1,0.38461538461538464,60.0,4700.0,282.0,50.0,-76.0,103.0,179.0,-0.6715310811900347,-169.0,93.0,150,271.0,68,
142,ES 06-26,1780677709672,1780677709740,Absorb,-1,7460.0,7459.25,3.0,134,128,1,0.5112781954887218,68.0,3176.4705882352937,216.0,13.0,-86.0,65.0,151.0,-0.6742428209828053,-118.0,32.0,119,183.0,69,
143,ES 06-26,1780677726228,1780677726340,Predator,-1,7459.25,7457.25,8.0,377,363,1,0.2978723404255319,112.0,6812.5,763.0,37.0,-45.0,359.0,404.0,-0.06268918576328701,-320.0,275.0,344,615.0,74,
144,ES 06-26,1780677856132,1780677856392,Absorb,-1,7455.5,7454.5,4.0,350,341,1,0.7449856733524355,260.0,1688.4615384615383,439.0,5.0,355.0,397.0,42.0,1.0086644205841913,217.0,138.0,334,419.0,167,
145,ES 06-26,1780677994692,1780677994836,Predator,-1,7456.25,7455.0,5.0,251,242,1,0.576,144.0,2215.277777777778,319.0,7.0,281.0,300.0,19.0,1.1380557768924302,165.0,116.0,237,301.0,66,
146,ES 06-26,1780678157516,1780678157640,Absorb,-1,7457.0,7456.25,3.0,180,179,1,0.6927374301675978,124.0,1806.4516129032259,224.0,4.0,-176.0,24.0,200.0,-0.9964546230850746,-108.0,-68.0,174,218.0,100,
147,ES 06-26,1780678189712,1780678189912,Predator,-1,7459.25,7458.0,5.0,263,257,1,0.7633587786259542,200.0,1950.0,390.0,42.0,-80.0,155.0,235.0,-0.8127508357894682,-22.0,-58.0,248,369.0,84,
148,ES 06-26,1780678360468,1780678360660,Predator,-1,7465.5,7464.0,6.0,462,448,1,0.4164859002169197,192.0,3890.625,747.0,90.0,-39.0,354.0,393.0,-0.4693776026216069,27.0,-66.0,437,698.0,161,
149,ES 06-26,1780678362132,1780678362296,Absorb,-1,7466.0,7465.0,4.0,159,151,1,1.0379746835443038,164.0,1286.5853658536585,211.0,6.0,53.0,132.0,79.0,0.44516061619297825,112.0,-59.0,145,195.0,71,
150,ES 06-26,1780678386980,1780678387268,Absorb,-1,7468.0,7467.25,3.0,214,207,1,1.352112676056338,288.0,1399.3055555555557,403.0,129.0,211.0,307.0,96.0,1.0774283606441954,33.0,178.0,200,385.0,96,
151,ES 06-26,1780678432512,1780678432580,Absorb,-1,7466.5,7466.25,1.0,245,244,1,0.2786885245901639,68.0,4455.882352941177,303.0,10.0,229.0,266.0,37.0,1.0942063990730237,156.0,73.0,241,297.0,220,
152,ES 06-26,1780678464764,1780678464804,Absorb,-1,7467.5,7466.75,3.0,155,154,1,0.2597402597402597,40.0,5400.0,216.0,5.0,-80.0,68.0,148.0,-0.7256549901711192,-114.0,34.0,150,209.0,71,
153,ES 06-26,1780678502152,1780678502228,Absorb,-1,7470.5,7469.5,4.0,127,123,1,0.6031746031746031,76.0,2907.8947368421054,221.0,20.0,105.0,163.0,58.0,1.2161194694413198,116.0,-11.0,121,215.0,59,
154,ES 06-26,1780678627872,1780678627924,Absorb,-1,7466.5,7465.5,4.0,160,155,1,0.3270440251572327,52.0,4057.692307692308,211.0,14.0,203.0,207.0,4.0,1.2339754482596976,96.0,107.0,153,200.0,40,
155,ES 06-26,1780678627924,1780678628104,Absorb,-1,7467.25,7466.25,4.0,369,354,1,0.4891304347826087,180.0,2527.777777777778,455.0,11.0,55.0,255.0,200.0,-0.09419358382773017,85.0,-30.0,340,420.0,169,
156,ES 06-26,1780678811860,1780678811980,Predator,-1,7469.25,7468.0,5.0,253,250,1,0.47619047619047616,120.0,3525.0,423.0,26.0,-411.0,6.0,417.0,-1.7048696482109698,-149.0,-262.0,242,409.0,103,
157,ES 06-26,1780678910864,1780678910988,Absorb,-1,7463.75,7463.25,2.0,147,137,1,0.8493150684931506,124.0,2846.7741935483873,353.0,148.0,-123.0,115.0,238.0,-1.3157636249612765,28.0,-151.0,127,327.0,82,
158,ES 06-26,1780679072256,1780679072520,Predator,-1,7464.5,7463.25,5.0,169,162,1,1.5714285714285714,264.0,761.3636363636364,201.0,5.0,111.0,156.0,45.0,0.8678708169658396,78.0,33.0,158,188.0,47,
159,ES 06-26,1780679545480,1780679545652,Predator,-1,7456.25,7454.25,8.0,430,412,1,0.40093240093240096,172.0,2930.2325581395353,504.0,4.0,198.0,351.0,153.0,0.3616417360225702,87.0,111.0,400,467.0,180,
160,ES 06-26,1780679589368,1780679589472,Absorb,1,7458.25,7457.25,4.0,185,179,1,0.5652173913043478,104.0,2009.6153846153848,209.0,3.0,31.0,120.0,89.0,0.15909177059247184,19.0,12.0,170,190.0,69,
161,ES 06-26,1780679754196,1780679754196,Absorb,-1,7458.5,7458.0,2.0,56,53,1,0.0,0.0,219000.0,219.0,153.0,-203.0,8.0,211.0,-4.391045796308954,-177.0,-26.0,48,208.0,27,
162,ES 06-26,1780680670124,1780680670168,Absorb,-1,7465.75,7465.0,3.0,125,123,1,0.3548387096774194,44.0,4840.909090909091,213.0,13.0,-165.0,24.0,189.0,-1.456768049155146,-77.0,-88.0,117,192.0,52,
163,ES 06-26,1780681210608,1780681210836,Absorb,-1,7475.0,7474.25,3.0,157,150,1,1.4615384615384615,228.0,1026.3157894736842,234.0,15.0,94.0,164.0,70.0,0.32237858086443105,-3.0,97.0,144,214.0,53,
164,ES 06-26,1780681273744,1780681273876,Predator,-1,7473.75,7472.0,7.0,161,152,1,0.825,132.0,1583.3333333333333,209.0,4.0,187.0,198.0,11.0,1.1849867724867724,110.0,77.0,149,195.0,39,
165,ES 06-26,1780681328328,1780681328332,Predator,-1,7467.75,7466.0,7.0,199,198,1,0.020202020202020204,4.0,71250.0,285.0,24.0,-283.0,1.0,284.0,-1.4840749200548196,-161.0,-122.0,190,274.0,29,
166,ES 06-26,1780681328332,1780681328492,Absorb,1,7467.75,7466.75,4.0,191,179,1,0.8421052631578947,160.0,1581.25,253.0,5.0,13.0,133.0,120.0,0.1468465830807385,53.0,-40.0,162,211.0,71,
167,ES 06-26,1780681774532,1780681774676,Absorb,1,7465.25,7464.25,4.0,298,289,1,0.48484848484848486,144.0,2652.777777777778,382.0,5.0,180.0,281.0,101.0,0.7901100293863643,161.0,19.0,277,352.0,112,
168,ES 06-26,1780681866876,1780681867012,Predator,-1,7465.25,7463.5,7.0,396,382,1,0.34430379746835443,136.0,3808.8235294117644,518.0,10.0,194.0,356.0,162.0,0.4060977082626797,213.0,-19.0,374,491.0,145,
169,ES 06-26,1780682605524,1780682605632,Absorb,-1,7462.5,7461.75,3.0,140,139,1,0.7769784172661871,108.0,2861.1111111111113,309.0,99.0,-303.0,3.0,306.0,-2.4217817235573245,-200.0,-103.0,134,300.0,97,
170,ES 06-26,1780682702700,1780682702832,Predator,-1,7460.75,7459.5,5.0,449,422,1,0.29464285714285715,132.0,4015.151515151515,530.0,4.0,-160.0,185.0,345.0,-0.49683423480750877,34.0,-194.0,397,469.0,233,
171,ES 06-26,1780682741332,1780682741392,Absorb,-1,7456.75,7456.5,1.0,89,87,1,0.6818181818181818,60.0,3366.666666666667,202.0,29.0,-78.0,62.0,140.0,-0.44337759618658495,-88.0,10.0,84,195.0,67,
172,ES 06-26,1780683088940,1780683089056,Absorb,-1,7454.25,7453.5,3.0,139,137,1,0.8405797101449275,116.0,2991.3793103448274,347.0,23.0,-261.0,43.0,304.0,-1.8437776486885027,-13.0,-248.0,133,338.0,55,
173,ES 06-26,1780683154692,1780683154844,Predator,-1,7452.0,7450.25,7.0,479,467,1,0.3179916317991632,152.0,4072.3684210526317,619.0,10.0,251.0,435.0,184.0,0.5432053135454792,156.0,95.0,461,596.0,163,
174,ES 06-26,1780683162032,1780683162112,Absorb,-1,7451.75,7450.75,4.0,200,192,1,0.4020100502512563,80.0,3150.0,252.0,5.0,18.0,135.0,117.0,0.21901747543688593,-82.0,100.0,182,227.0,114,
175,ES 06-26,1780683254608,1780683254732,Absorb,-1,7450.25,7450.0,1.0,95,95,1,1.3191489361702127,124.0,2330.6451612903224,289.0,160.0,-209.0,40.0,249.0,-3.2934910414333705,17.0,-226.0,93,287.0,68,
176,ES 06-26,1780683305952,1780683306040,Predator,-1,7444.75,7443.5,5.0,180,173,1,0.49162011173184356,88.0,2818.1818181818185,248.0,5.0,-82.0,83.0,165.0,-0.6825601613218515,-95.0,13.0,162,218.0,69,
177,ES 06-26,1780683328736,1780683328780,Absorb,-1,7444.0,7443.25,3.0,95,93,1,0.46808510638297873,44.0,5181.818181818182,228.0,80.0,-186.0,21.0,207.0,-2.254857222844345,-62.0,-124.0,89,219.0,54,
178,ES 06-26,1780683338184,1780683338404,Absorb,-1,7440.25,7439.25,4.0,213,205,1,1.0377358490566038,220.0,1559.090909090909,343.0,23.0,-119.0,112.0,231.0,-0.5315218768083727,-204.0,85.0,195,309.0,90,
179,ES 06-26,1780683581436,1780683581440,Absorb,-1,7438.25,7437.5,3.0,90,89,1,0.0449438202247191,4.0,56000.0,224.0,100.0,-222.0,1.0,223.0,-2.8540313618965305,-162.0,-60.0,85,219.0,25,
180,ES 06-26,1780683670568,1780683670644,Predator,-1,7441.5,7440.0,6.0,253,241,1,0.30158730158730157,76.0,4157.894736842105,316.0,4.0,168.0,242.0,74.0,0.7137973859986869,139.0,29.0,231,290.0,74,
181,ES 06-26,1780683842460,1780683842628,Absorb,-1,7442.0,7441.25,3.0,165,159,1,1.024390243902439,168.0,1214.2857142857142,204.0,5.0,-58.0,73.0,131.0,-0.26306467555365587,-96.0,38.0,151,184.0,71,
182,ES 06-26,1780683882196,1780683882248,Absorb,-1,7441.25,7440.5,3.0,131,131,1,0.4,52.0,4192.307692307692,218.0,24.0,-218.0,0.0,218.0,-1.8289328991619067,-118.0,-100.0,127,214.0,81,
183,ES 06-26,1780683973924,1780683974068,Absorb,-1,7435.25,7434.5,3.0,102,99,1,1.4257425742574257,144.0,1479.1666666666667,213.0,58.0,-161.0,26.0,187.0,-1.8938598028849145,-119.0,-42.0,93,200.0,49,
184,ES 06-26,1780683996220,1780683996248,Absorb,-1,7433.75,7433.5,1.0,173,172,1,0.16279069767441862,28.0,7892.857142857143,221.0,9.0,169.0,195.0,26.0,1.0865244216176628,119.0,50.0,170,218.0,167,
185,ES 06-26,1780684043300,1780684043552,Predator,-1,7432.25,7430.5,7.0,766,734,1,0.32941176470588235,252.0,4722.222222222223,1190.0,105.0,496.0,843.0,347.0,0.3744084209846193,350.0,146.0,709,1112.0,301,
186,ES 06-26,1780684080576,1780684080700,Absorb,-1,7434.5,7433.5,4.0,142,139,1,0.8794326241134752,124.0,1685.483870967742,209.0,10.0,-103.0,53.0,156.0,-1.2125794493190358,-33.0,-70.0,131,194.0,70,
187,ES 06-26,1780684100256,1780684100392,Predator,-1,7436.0,7434.25,7.0,319,309,1,0.4276729559748428,136.0,2845.5882352941176,387.0,4.0,157.0,272.0,115.0,0.8302149257703909,143.0,14.0,300,363.0,65,
188,ES 06-26,1780684370716,1780684370884,Absorb,-1,7430.25,7429.75,2.0,172,168,1,0.9824561403508771,168.0,1589.2857142857142,267.0,10.0,-127.0,70.0,197.0,-0.8134287526855855,-166.0,39.0,162,257.0,131,
189,ES 06-26,1780684537424,1780684537628,Absorb,-1,7428.75,7428.25,2.0,178,169,1,1.152542372881356,204.0,1058.8235294117649,216.0,9.0,-36.0,90.0,126.0,-0.3387745244587623,-72.0,36.0,159,193.0,137,
190,ES 06-26,1780684715392,1780684715396,Predator,-1,7427.0,7425.25,7.0,193,192,1,0.020833333333333332,4.0,79000.0,316.0,50.0,-310.0,3.0,313.0,-1.8519710485550986,-137.0,-173.0,184,290.0,34,
191,ES 06-26,1780684715396,1780684715652,Predator,1,7427.0,7425.75,5.0,207,199,1,1.2427184466019416,256.0,1058.59375,271.0,4.0,193.0,232.0,39.0,1.150892673528807,107.0,86.0,187,245.0,91,
192,ES 06-26,1780684795176,1780684795252,Predator,1,7430.0,7428.75,5.0,249,245,1,0.3064516129032258,76.0,8000.0,608.0,34.0,-74.0,267.0,341.0,-1.0077761368052855,186.0,-260.0,235,560.0,102,
193,ES 06-26,1780684934564,1780684934584,Absorb,-1,7425.25,7425.0,1.0,128,127,1,0.15748031496062992,20.0,11000.0,220.0,30.0,-60.0,80.0,140.0,-0.5864739745467863,-133.0,73.0,126,218.0,69,
194,ES 06-26,1780685029788,1780685029904,Absorb,-1,7425.0,7424.75,1.0,166,162,1,0.703030303030303,116.0,1793.1034482758619,208.0,10.0,42.0,125.0,83.0,0.3923683848076028,6.0,36.0,156,194.0,137,
195,ES 06-26,1780685106884,1780685107056,Absorb,-1,7422.25,7421.75,2.0,152,149,1,1.1390728476821192,172.0,1784.8837209302328,307.0,31.0,-33.0,137.0,170.0,-0.8327233647031486,-100.0,67.0,144,297.0,83,
196,ES 06-26,1780685181028,1780685181184,Predator,-1,7419.0,7417.75,5.0,214,203,1,0.7323943661971831,156.0,1737.179487179487,271.0,8.0,119.0,195.0,76.0,0.7123509586097327,104.0,15.0,193,248.0,81,
197,ES 06-26,1780685182880,1780685183140,Absorb,-1,7420.75,7419.75,4.0,229,223,1,1.1403508771929824,260.0,1261.5384615384614,328.0,37.0,130.0,229.0,99.0,0.7615760494838768,149.0,-19.0,218,312.0,86,
198,ES 06-26,1780685197384,1780685197440,Absorb,-1,7419.0,7418.5,2.0,135,132,1,0.417910447761194,56.0,4214.285714285714,236.0,28.0,-70.0,83.0,153.0,-0.7428055799434201,-150.0,80.0,128,226.0,73,
199,ES 06-26,1780685230440,1780685230564,Predator,-1,7416.25,7415.0,5.0,268,255,1,0.46441947565543074,124.0,2790.3225806451615,346.0,7.0,236.0,291.0,55.0,0.8756878694950958,111.0,125.0,245,309.0,79,
200,ES 06-26,1780685280644,1780685280868,Absorb,-1,7413.25,7412.5,3.0,198,193,1,1.1370558375634519,224.0,1165.1785714285713,261.0,7.0,-41.0,110.0,151.0,-0.12952858431520778,3.0,-44.0,186,237.0,112,
201,ES 06-26,1780685290936,1780685291004,Predator,-1,7412.75,7411.5,5.0,155,151,1,0.44155844155844154,68.0,3455.882352941176,235.0,21.0,-159.0,38.0,197.0,-1.253024394959879,-135.0,-24.0,142,197.0,71,
202,ES 06-26,1780685344140,1780685344216,Absorb,-1,7411.75,7411.25,2.0,123,121,1,0.6229508196721312,76.0,3631.5789473684213,276.0,35.0,-78.0,99.0,177.0,0.02123666662367311,-78.0,0.0,119,237.0,61,
203,ES 06-26,1780685380076,1780685380272,Predator,-1,7420.75,7419.5,5.0,279,265,1,0.7050359712230215,196.0,1872.4489795918366,367.0,11.0,-133.0,117.0,250.0,-0.2636618815546641,-172.0,39.0,248,326.0,131,
204,ES 06-26,1780685545816,1780685545916,Predator,-1,7416.75,7415.25,6.0,245,236,1,0.4098360655737705,100.0,5050.0,505.0,42.0,271.0,388.0,117.0,1.5015642722502835,103.0,168.0,230,484.0,100,
205,ES 06-26,1780685712560,1780685712728,Predator,-1,7415.25,7414.0,5.0,205,200,1,0.8235294117647058,168.0,1553.5714285714284,261.0,22.0,-221.0,20.0,241.0,-1.0014890445877618,-144.0,-77.0,191,246.0,114,
206,ES 06-26,1780685731072,1780685731320,Predator,-1,7416.0,7414.75,5.0,241,231,1,1.0333333333333334,248.0,1209.6774193548388,300.0,9.0,44.0,172.0,128.0,-0.09512362401838072,-26.0,70.0,218,277.0,86,
207,ES 06-26,1780685810772,1780685810848,Predator,-1,7423.75,7421.25,10.0,351,325,1,0.21714285714285714,76.0,5618.421052631579,427.0,9.0,179.0,303.0,124.0,0.6398865023865024,204.0,-25.0,308,375.0,119,
208,ES 06-26,1780685825256,1780685825480,Predator,-1,7421.5,7419.0,10.0,675,639,1,0.3323442136498516,224.0,3901.785714285714,874.0,11.0,-150.0,362.0,512.0,-0.09340762461054632,-228.0,78.0,601,781.0,168,
209,ES 06-26,1780685841896,1780685842156,Predator,-1,7422.25,7421.0,5.0,253,241,1,1.0317460317460319,260.0,1276.923076923077,332.0,15.0,-156.0,88.0,244.0,-0.44180371722309414,-143.0,-13.0,224,293.0,128,
210,ES 06-26,1780685886924,1780685886928,Absorb,-1,7416.0,7415.25,3.0,113,112,1,0.03571428571428571,4.0,57500.0,230.0,39.0,-178.0,26.0,204.0,-1.9224332956284516,-67.0,-111.0,108,219.0,42,
211,ES 06-26,1780685901608,1780685901816,Absorb,-1,7416.0,7415.75,1.0,133,132,1,1.5757575757575757,208.0,1375.0,286.0,32.0,-36.0,125.0,161.0,-0.5518766386794667,-146.0,110.0,131,284.0,80,
212,ES 06-26,1780685921612,1780685921672,Predator,-1,7417.5,7416.0,6.0,312,301,1,0.19292604501607716,60.0,6083.333333333334,365.0,4.0,-81.0,142.0,223.0,-0.17126098119338518,-134.0,53.0,284,326.0,134,
213,ES 06-26,1780686230484,1780686230608,Absorb,-1,7415.25,7414.25,4.0,141,141,1,0.8857142857142857,124.0,1669.3548387096773,207.0,13.0,-207.0,0.0,207.0,-1.5803887152703455,-116.0,-91.0,136,199.0,44,
214,ES 06-26,1780686241388,1780686241460,Predator,-1,7416.25,7415.0,5.0,176,169,1,0.4114285714285714,72.0,3041.666666666667,219.0,10.0,-107.0,56.0,163.0,-0.6734371560642747,-114.0,7.0,158,198.0,89,
215,ES 06-26,1780686242164,1780686242284,Predator,-1,7415.0,7413.75,5.0,163,159,1,0.7407407407407407,120.0,1691.6666666666667,203.0,8.0,-73.0,65.0,138.0,-0.6340687537754723,-94.0,21.0,151,184.0,73,
216,ES 06-26,1780686482956,1780686483120,Predator,-1,7407.25,7405.5,7.0,252,240,1,0.6533864541832669,164.0,2036.5853658536585,334.0,6.0,-254.0,40.0,294.0,-1.0469467884156953,-171.0,-83.0,221,293.0,61,
217,ES 06-26,1780686483556,1780686483620,Predator,-1,7406.5,7404.75,7.0,205,202,1,0.3137254901960784,64.0,4750.0,304.0,11.0,-210.0,47.0,257.0,-1.325652240531543,-56.0,-154.0,193,277.0,42,
218,ES 06-26,1780686541028,1780686541080,Absorb,-1,7401.75,7401.0,3.0,170,167,1,0.3076923076923077,52.0,5615.384615384615,292.0,15.0,-122.0,85.0,207.0,-0.9105183773914424,-176.0,54.0,161,282.0,91,
219,ES 06-26,1780686654936,1780686655024,Absorb,-1,7400.75,7400.0,3.0,154,148,1,0.5751633986928104,88.0,2420.4545454545455,213.0,6.0,-65.0,74.0,139.0,-0.6072270550448918,-100.0,35.0,139,194.0,88,
220,ES 06-26,1780686703828,1780686703920,Absorb,-1,7398.75,7398.5,1.0,56,52,1,1.6727272727272726,92.0,3163.0434782608695,291.0,68.0,-247.0,22.0,269.0,-3.6594326725905675,-249.0,2.0,48,268.0,38,
221,ES 06-26,1780686851960,1780686852140,Absorb,-1,7395.25,7394.25,4.0,237,233,1,0.7627118644067796,180.0,2222.222222222222,400.0,30.0,-180.0,110.0,290.0,-0.9499530342066026,-225.0,45.0,225,379.0,85,
222,ES 06-26,1780686905832,1780686906048,Absorb,-1,7394.0,7393.0,4.0,202,198,1,1.0746268656716418,216.0,1620.3703703703704,350.0,27.0,-50.0,150.0,200.0,-0.0748670926205921,-135.0,85.0,190,324.0,86,
223,ES 06-26,1780686908384,1780686908424,Predator,-1,7392.0,7390.25,7.0,154,152,1,0.26143790849673204,40.0,5300.0,212.0,6.0,-206.0,3.0,209.0,-1.4212490861447218,-98.0,-108.0,143,177.0,24,
224,ES 06-26,1780686918892,1780686918912,Absorb,-1,7390.5,7390.25,1.0,153,152,1,0.13157894736842105,20.0,17600.0,352.0,24.0,-350.0,1.0,351.0,-2.34721496254004,-213.0,-137.0,149,322.0,141,
225,ES 06-26,1780686919040,1780686919144,Absorb,-1,7390.25,7389.75,2.0,152,151,1,0.6887417218543046,104.0,9365.384615384615,974.0,731.0,-874.0,50.0,924.0,-5.749533553400447,-883.0,9.0,147,965.0,79,
226,ES 06-26,1780687122540,1780687122684,Predator,-1,7388.0,7386.75,5.0,358,344,1,0.40336134453781514,144.0,3256.944444444445,469.0,10.0,93.0,281.0,188.0,0.20267739532282933,169.0,-76.0,333,429.0,188,
227,ES 06-26,1780687128020,1780687128156,Predator,-1,7390.0,7388.0,8.0,349,334,1,0.39080459770114945,136.0,3249.9999999999995,442.0,6.0,268.0,355.0,87.0,0.9939404632517961,184.0,84.0,323,411.0,87,
228,ES 06-26,1780687246036,1780687246336,Absorb,-1,7390.5,7389.75,3.0,179,175,1,1.6853932584269662,300.0,823.3333333333334,247.0,11.0,217.0,232.0,15.0,1.2065637227209005,117.0,100.0,173,239.0,53,
229,ES 06-26,1780687261756,1780687261984,Absorb,-1,7392.75,7392.0,3.0,196,192,1,1.1692307692307693,228.0,1438.5964912280701,328.0,23.0,222.0,275.0,53.0,0.83800811226482,63.0,159.0,190,320.0,59,
230,ES 06-26,1780687371952,1780687372024,Absorb,-1,7390.25,7389.5,3.0,198,190,1,0.36548223350253806,72.0,3222.2222222222226,232.0,6.0,-58.0,87.0,145.0,-0.15554777425042457,-95.0,37.0,180,212.0,82,
231,ES 06-26,1780687441188,1780687441208,Absorb,-1,7387.75,7387.0,3.0,171,164,1,0.11764705882352941,20.0,11900.0,238.0,11.0,30.0,134.0,104.0,0.05968272253821969,66.0,-36.0,158,211.0,87,
232,ES 06-26,1780687518512,1780687518628,Absorb,-1,7399.25,7398.5,3.0,85,83,1,1.380952380952381,116.0,1818.9655172413793,211.0,31.0,-173.0,19.0,192.0,-1.662595270666406,-114.0,-59.0,78,201.0,35,
233,ES 06-26,1780687527184,1780687527380,Absorb,-1,7397.75,7397.25,2.0,147,144,1,1.3424657534246576,196.0,1137.7551020408164,223.0,10.0,-71.0,76.0,147.0,-0.5703140937974598,-126.0,55.0,141,214.0,60,
234,ES 06-26,1780687541524,1780687541660,Absorb,-1,7398.25,7397.25,4.0,159,154,1,0.8607594936708861,136.0,1683.8235294117646,229.0,10.0,83.0,156.0,73.0,0.8832994984475758,33.0,50.0,152,222.0,55,
235,ES 06-26,1780687548696,1780687548940,Predator,-1,7397.25,7396.0,5.0,204,194,1,1.2019704433497538,244.0,1704.9180327868853,416.0,100.0,100.0,258.0,158.0,0.7346778240312105,20.0,80.0,184,379.0,79,
236,ES 06-26,1780687692192,1780687692372,Absorb,-1,7405.25,7404.75,2.0,102,100,1,1.7821782178217822,180.0,1272.2222222222222,229.0,32.0,229.0,229.0,0.0,2.2665746871660324,160.0,69.0,99,226.0,68,
237,ES 06-26,1780687795664,1780687795860,Absorb,-1,7408.5,7407.75,3.0,128,124,1,1.5433070866141732,196.0,1040.8163265306123,204.0,30.0,198.0,201.0,3.0,1.5655643426112433,119.0,79.0,122,197.0,46,
238,ES 06-26,1780687800260,1780687800484,Absorb,-1,7410.0,7409.25,3.0,148,143,1,1.5238095238095237,224.0,892.8571428571429,200.0,14.0,98.0,149.0,51.0,0.7160533358999323,94.0,4.0,137,189.0,80,
239,ES 06-26,1780687926952,1780687927004,Absorb,-1,7399.5,7399.0,2.0,87,85,1,0.6046511627906976,52.0,5057.692307692308,263.0,98.0,135.0,199.0,64.0,1.8968251075308011,-35.0,170.0,80,156.0,44,
240,ES 06-26,1780687928696,1780687928940,Predator,-1,7399.0,7397.75,5.0,317,307,1,0.7721518987341772,244.0,3073.7704918032787,750.0,108.0,406.0,578.0,172.0,1.5541947096277422,-87.0,493.0,292,600.0,123,
241,ES 06-26,1780688123116,1780688123236,Absorb,-1,7407.75,7407.0,3.0,250,243,1,0.4819277108433735,120.0,2558.3333333333335,307.0,6.0,97.0,202.0,105.0,0.49434877358037727,134.0,-37.0,237,286.0,120,
242,ES 06-26,1780688125772,1780688126028,Predator,-1,7410.0,7408.75,5.0,217,205,1,1.1851851851851851,256.0,1132.8125,290.0,5.0,248.0,269.0,21.0,1.0703563560177942,115.0,133.0,197,257.0,71,
243,ES 06-26,1780688128232,1780688128308,Absorb,-1,7408.75,7408.5,1.0,86,84,1,0.8941176470588236,76.0,6157.894736842105,468.0,118.0,-378.0,45.0,423.0,-2.0012076041322704,-407.0,29.0,81,344.0,77,
244,ES 06-26,1780688133792,1780688133888,Absorb,-1,7410.0,7409.0,4.0,196,189,1,0.49230769230769234,96.0,2614.5833333333335,251.0,7.0,153.0,202.0,49.0,1.022025038051144,127.0,26.0,184,237.0,106,
245,ES 06-26,1780688136696,1780688136776,Absorb,-1,7409.25,7409.25,0.0,44,44,1,1.8604651162790697,80.0,2650.0,212.0,59.0,-212.0,0.0,212.0,-4.87152924594785,-161.0,-51.0,43,211.0,44,
246,ES 06-26,1780688483684,1780688483912,Predator,-1,7402.0,7400.5,6.0,168,161,1,1.3652694610778444,228.0,907.8947368421052,207.0,5.0,109.0,158.0,49.0,1.0418516306356012,62.0,47.0,158,191.0,51,
247,ES 06-26,1780688526128,1780688526196,Absorb,-1,7395.0,7394.5,2.0,131,127,1,0.5230769230769231,68.0,3735.2941176470586,254.0,20.0,-124.0,65.0,189.0,-0.7170608017936262,-175.0,51.0,122,244.0,60,
248,ES 06-26,1780688648008,1780688648164,Predator,-1,7398.5,7397.25,5.0,196,194,1,0.8,156.0,2371.7948717948716,370.0,28.0,-304.0,33.0,337.0,-1.8020734885129375,-109.0,-195.0,186,357.0,60,
249,ES 06-26,1780688649460,1780688649664,Predator,-1,7397.75,7396.25,6.0,145,136,1,1.4166666666666667,204.0,1004.9019607843138,205.0,10.0,143.0,174.0,31.0,1.1700913242009132,92.0,51.0,131,187.0,45,
250,ES 06-26,1780688657552,1780688657640,Absorb,-1,7400.25,7399.75,2.0,116,112,1,0.7652173913043478,88.0,2772.727272727273,244.0,28.0,64.0,154.0,90.0,0.726471379694768,96.0,-32.0,108,230.0,57,
251,ES 06-26,1780688678076,1780688678376,Predator,-1,7401.5,7399.75,7.0,494,473,1,0.6085192697768763,300.0,1936.6666666666667,581.0,5.0,221.0,401.0,180.0,0.47353823358947733,253.0,-32.0,458,536.0,160,
252,ES 06-26,1780688678428,1780688678728,Predator,-1,7402.5,7401.25,5.0,227,217,1,1.3274336283185841,300.0,1010.0,303.0,14.0,89.0,196.0,107.0,0.46966569478157205,71.0,18.0,209,282.0,55,
253,ES 06-26,1780688682444,1780688682648,Predator,-1,7403.5,7401.5,8.0,195,185,1,1.0515463917525774,204.0,1196.0784313725492,244.0,4.0,186.0,215.0,29.0,1.1275566848468175,82.0,104.0,181,224.0,34,
254,ES 06-26,1780688889752,1780688890028,Absorb,-1,7414.0,7413.25,3.0,193,187,1,1.4375,276.0,873.1884057971014,241.0,10.0,41.0,141.0,100.0,0.25838129640510654,129.0,-88.0,181,227.0,76,
255,ES 06-26,1780688917728,1780688917808,Predator,-1,7414.5,7412.5,8.0,412,397,1,0.19464720194647203,80.0,7325.0,586.0,19.0,-106.0,240.0,346.0,-0.33080849981717075,-251.0,145.0,373,517.0,176,
256,ES 06-26,1780689000008,1780689000036,Predator,-1,7413.25,7410.0,13.0,318,293,1,0.08832807570977919,28.0,13642.857142857143,382.0,6.0,-176.0,103.0,279.0,-0.6982854244942504,-155.0,-21.0,252,308.0,47,
257,ES 06-26,1780689009828,1780689010100,Absorb,-1,7414.25,7413.25,4.0,121,115,1,2.2666666666666666,272.0,801.470588235294,218.0,28.0,202.0,210.0,8.0,1.7225104999322585,57.0,145.0,112,207.0,41,
258,ES 06-26,1780689019524,1780689019664,Absorb,-1,7415.5,7415.0,2.0,160,155,1,0.8805031446540881,140.0,2721.428571428571,381.0,50.0,223.0,302.0,79.0,1.0046891480135942,277.0,-54.0,150,368.0,77,
259,ES 06-26,1780689071872,1780689072048,Absorb,-1,7420.0,7419.5,2.0,163,160,1,1.0864197530864197,176.0,1846.5909090909092,325.0,33.0,251.0,288.0,37.0,2.070992734467222,151.0,100.0,156,316.0,102,
260,ES 06-26,1780689088828,1780689089020,Absorb,-1,7422.5,7421.75,3.0,102,99,1,1.900990099009901,192.0,1359.375,261.0,100.0,-231.0,15.0,246.0,-3.025671327840951,-196.0,-35.0,93,249.0,57,
261,ES 06-26,1780689110016,1780689110224,Absorb,-1,7418.5,7417.5,4.0,214,209,1,0.9765258215962441,208.0,1841.346153846154,383.0,24.0,109.0,246.0,137.0,0.9724499572964849,35.0,74.0,201,367.0,129,
262,ES 06-26,1780689209980,1780689210180,Predator,-1,7414.25,7412.75,6.0,198,190,1,1.015228426395939,200.0,1320.0,264.0,10.0,10.0,137.0,127.0,0.05728071212855541,-111.0,121.0,181,238.0,55,
263,ES 06-26,1780689220004,1780689220140,Absorb,-1,7416.75,7415.75,4.0,287,278,1,0.4755244755244755,136.0,2625.0,357.0,4.0,-23.0,167.0,190.0,-0.20281750769555648,121.0,-144.0,269,331.0,92,
264,ES 06-26,1780689229960,1780689230092,Absorb,-1,7415.5,7414.5,4.0,179,174,1,0.7415730337078652,132.0,1803.030303030303,238.0,10.0,-94.0,72.0,166.0,-0.3624045362291549,-34.0,-60.0,165,217.0,49,
265,ES 06-26,1780689240012,1780689240300,Predator,-1,7413.25,7412.0,5.0,260,244,1,1.111969111969112,288.0,1395.8333333333335,402.0,68.0,274.0,338.0,64.0,0.8428120807431152,199.0,75.0,231,367.0,116,
266,ES 06-26,1780689280008,1780689280076,Absorb,-1,7416.75,7416.0,3.0,199,194,1,0.3434343434343434,68.0,3735.2941176470586,254.0,10.0,-16.0,119.0,135.0,0.04481498401096391,47.0,-63.0,190,236.0,74,
267,ES 06-26,1780689290016,1780689290232,Predator,-1,7416.75,7415.0,7.0,524,508,1,0.4130019120458891,216.0,3263.888888888889,705.0,45.0,11.0,358.0,347.0,0.27729936550102063,-1.0,12.0,488,621.0,128,
268,ES 06-26,1780689299980,1780689300084,Predator,-1,7416.5,7413.5,12.0,424,396,1,0.2458628841607565,104.0,5086.538461538462,529.0,15.0,-165.0,182.0,347.0,-0.14585370077376594,-173.0,8.0,357,454.0,67,
269,ES 06-26,1780689487804,1780689488028,Absorb,-1,7407.25,7406.75,2.0,136,132,1,1.6592592592592592,224.0,892.8571428571429,200.0,8.0,94.0,147.0,53.0,0.5217880826296455,-1.0,95.0,129,193.0,59,
270,ES 06-26,1780689510804,1780689511084,Absorb,-1,7408.75,7408.0,3.0,133,129,1,2.121212121212121,280.0,828.5714285714284,232.0,19.0,40.0,136.0,96.0,0.07127044204813254,-52.0,92.0,123,214.0,68,
271,ES 06-26,1780689527712,1780689527992,Absorb,-1,7408.75,7408.25,2.0,135,133,1,2.08955223880597,280.0,724.9999999999999,203.0,7.0,-3.0,100.0,103.0,0.5014144961467174,27.0,-30.0,128,195.0,92,
272,ES 06-26,1780689537952,1780689538140,Absorb,-1,7408.5,7407.5,4.0,138,132,1,1.3722627737226278,188.0,1063.8297872340424,200.0,7.0,92.0,146.0,54.0,1.0229686133670024,-1.0,93.0,127,189.0,64,
273,ES 06-26,1780689543068,1780689543240,Absorb,-1,7405.5,7404.75,3.0,200,197,1,0.864321608040201,172.0,2034.8837209302328,350.0,25.0,18.0,184.0,166.0,0.31502587564689116,85.0,-67.0,192,341.0,79,
274,ES 06-26,1780689544996,1780689545232,Absorb,-1,7405.0,7404.5,2.0,195,190,1,1.2164948453608246,236.0,1262.7118644067798,298.0,40.0,-58.0,120.0,178.0,-0.5657139620320769,64.0,-122.0,183,283.0,74,
275,ES 06-26,1780689554500,1780689554736,Absorb,-1,7405.25,7404.25,4.0,143,138,1,1.6619718309859155,236.0,1055.084745762712,249.0,23.0,245.0,247.0,2.0,1.6890122788010111,142.0,103.0,135,229.0,77,
276,ES 06-26,1780689556024,1780689556324,Absorb,1,7405.25,7404.75,2.0,117,112,1,2.586206896551724,300.0,690.0,207.0,18.0,-65.0,71.0,136.0,-0.7915299195252439,-104.0,39.0,107,192.0,66,
277,ES 06-26,1780689558416,1780689558668,Absorb,-1,7405.0,7404.25,3.0,183,181,1,1.3846153846153846,252.0,1587.3015873015872,400.0,40.0,-152.0,124.0,276.0,-0.15315689300008617,-142.0,-10.0,176,383.0,119,
278,ES 06-26,1780689560440,1780689560664,Absorb,1,7404.75,7404.25,2.0,125,121,1,1.8064516129032258,224.0,933.0357142857142,209.0,18.0,29.0,119.0,90.0,0.16029493087557603,90.0,-61.0,116,189.0,75,
279,ES 06-26,1780689567652,1780689567896,Absorb,-1,7404.75,7404.0,3.0,129,123,1,1.90625,244.0,897.5409836065573,219.0,15.0,179.0,199.0,20.0,1.48733228980322,94.0,85.0,117,182.0,75,
280,ES 06-26,1780689570444,1780689570632,Absorb,-1,7404.25,7404.0,1.0,126,121,1,1.504,188.0,1223.404255319149,230.0,18.0,88.0,159.0,71.0,1.104020997375328,4.0,84.0,115,217.0,121,
281,ES 06-26,1780689574412,1780689574644,Absorb,-1,7403.25,7403.0,1.0,180,176,1,1.2960893854748603,232.0,1176.7241379310344,273.0,6.0,-209.0,32.0,241.0,-1.3338117431607972,-137.0,-72.0,171,259.0,99,
282,ES 06-26,1780689574700,1780689574856,Absorb,-1,7403.5,7403.0,2.0,91,89,1,1.7333333333333334,156.0,1506.4102564102564,235.0,28.0,37.0,136.0,99.0,1.2339544513457557,27.0,10.0,86,223.0,56,
283,ES 06-26,1780689574980,1780689575164,Absorb,-1,7403.25,7402.5,3.0,154,150,1,1.2026143790849673,184.0,1940.2173913043478,357.0,30.0,-315.0,21.0,336.0,-2.1609584596301863,-133.0,-182.0,142,333.0,105,
284,ES 06-26,1780689576704,1780689576904,Absorb,-1,7402.75,7402.25,2.0,206,202,1,0.975609756097561,200.0,2395.0,479.0,20.0,177.0,328.0,151.0,1.5323243658776815,11.0,166.0,199,467.0,80,
285,ES 06-26,1780689577172,1780689577336,Absorb,-1,7402.75,7402.5,1.0,122,118,1,1.3553719008264462,164.0,1554.8780487804877,255.0,20.0,-93.0,81.0,174.0,-0.15475793153812856,-113.0,20.0,113,245.0,82,
286,ES 06-26,1780689578412,1780689578572,Absorb,-1,7402.5,7402.25,1.0,114,113,1,1.415929203539823,160.0,1275.0,204.0,15.0,176.0,190.0,14.0,1.7739940462931088,90.0,86.0,110,200.0,107,
287,ES 06-26,1780689582540,1780689582836,Absorb,-1,7401.25,7400.75,2.0,181,174,1,1.6444444444444444,296.0,956.0810810810812,283.0,17.0,157.0,220.0,63.0,1.106986015825795,46.0,111.0,166,266.0,162,
288,ES 06-26,1780689587328,1780689587492,Absorb,1,7402.0,7401.25,3.0,285,282,1,0.5774647887323944,164.0,3725.609756097561,611.0,20.0,569.0,590.0,21.0,2.0355165960799764,351.0,218.0,275,598.0,103,
289,ES 06-26,1780689593416,1780689593680,Absorb,-1,7399.0,7398.25,3.0,377,370,1,0.7021276595744681,264.0,2890.151515151515,763.0,27.0,-183.0,290.0,473.0,-0.4337326894186762,30.0,-213.0,360,707.0,167,
290,ES 06-26,1780689594412,1780689594604,Absorb,1,7397.75,7397.25,2.0,115,109,1,1.6842105263157894,192.0,1213.5416666666667,233.0,21.0,-17.0,108.0,125.0,-0.1877219285094295,87.0,-104.0,103,221.0,61,
291,ES 06-26,1780689600044,1780689600052,Predator,1,7401.5,7400.0,6.0,131,122,1,0.06153846153846154,8.0,45375.0,363.0,13.0,115.0,239.0,124.0,0.4323279773661453,63.0,52.0,109,310.0,29,
292,ES 06-26,1780689600052,1780689600352,Predator,-1,7400.75,7399.5,5.0,909,865,1,0.3303964757709251,300.0,8480.0,2544.0,49.0,-404.0,1070.0,1474.0,-0.16272069768820324,-268.0,-136.0,812,2252.0,301,
293,ES 06-26,1780689601160,1780689601296,Absorb,-1,7400.5,7399.75,3.0,213,206,1,0.6415094339622641,136.0,6588.235294117647,896.0,263.0,406.0,651.0,245.0,3.3201102222575445,388.0,18.0,198,843.0,109,
294,ES 06-26,1780689601412,1780689601532,Absorb,-1,7400.0,7399.0,4.0,190,187,1,0.6349206349206349,120.0,6008.333333333334,721.0,238.0,-493.0,114.0,607.0,-2.8541090947263448,-35.0,-458.0,179,677.0,57,
295,ES 06-26,1780689602896,1780689603148,Absorb,-1,7400.5,7399.5,4.0,125,120,1,2.032258064516129,252.0,1333.3333333333333,336.0,44.0,64.0,200.0,136.0,1.1897081413210446,136.0,-72.0,116,316.0,51,
296,ES 06-26,1780689603412,1780689603488,Absorb,-1,7399.75,7399.5,1.0,105,103,1,0.7307692307692307,76.0,3000.0,228.0,42.0,-98.0,65.0,163.0,-0.9686709516898196,-144.0,46.0,100,216.0,88,
297,ES 06-26,1780689603800,1780689603920,Absorb,-1,7400.5,7399.75,3.0,114,108,1,1.0619469026548674,120.0,2866.666666666667,344.0,52.0,-246.0,49.0,295.0,-1.7682995484093071,-103.0,-143.0,102,309.0,56,
298,ES 06-26,1780689605628,1780689605764,Absorb,-1,7399.25,7399.0,1.0,82,81,1,1.6790123456790123,136.0,1492.6470588235293,203.0,30.0,-133.0,35.0,168.0,-1.7268423286642505,-130.0,-3.0,78,198.0,44,
299,ES 06-26,1780689606096,1780689606172,Absorb,-1,7399.25,7398.75,2.0,96,93,1,0.8,76.0,2868.421052631579,218.0,27.0,-40.0,89.0,129.0,-0.1069994574064026,-116.0,76.0,90,196.0,60,
300,ES 06-26,1780689613488,1780689613528,Absorb,-1,7400.0,7399.5,2.0,113,110,1,0.35714285714285715,40.0,5475.0,219.0,12.0,107.0,163.0,56.0,1.3371398629316655,-16.0,123.0,108,205.0,53,
301,ES 06-26,1780689613600,1780689613752,Absorb,-1,7400.0,7399.75,1.0,120,118,1,1.2773109243697478,152.0,1644.7368421052631,250.0,50.0,168.0,209.0,41.0,1.737780401416765,142.0,26.0,114,240.0,96,
302,ES 06-26,1780689620272,1780689620524,Absorb,-1,7398.5,7398.0,2.0,172,168,1,1.4736842105263157,252.0,1019.8412698412699,257.0,9.0,-65.0,96.0,161.0,-0.2604257316230488,26.0,-91.0,163,245.0,95,
303,ES 06-26,1780689632236,1780689632236,Absorb,-1,7399.0,7398.0,4.0,120,119,1,0.0,0.0,220000.0,220.0,35.0,-218.0,1.0,219.0,-2.003753732898118,-112.0,-106.0,114,205.0,31,
304,ES 06-26,1780689640988,1780689641152,Predator,-1,7399.75,7397.5,9.0,411,397,1,0.4,164.0,3987.80487804878,654.0,13.0,442.0,548.0,106.0,1.0113244986180994,367.0,75.0,391,618.0,153,
305,ES 06-26,1780689642220,1780689642280,Absorb,-1,7400.5,7399.75,3.0,181,175,1,0.3333333333333333,60.0,9266.666666666668,556.0,135.0,482.0,519.0,37.0,2.392103292655779,426.0,56.0,169,534.0,86,
306,ES 06-26,1780689742448,1780689742516,Predator,-1,7384.25,7382.25,8.0,151,146,1,0.4533333333333333,68.0,3455.882352941176,235.0,10.0,-191.0,22.0,213.0,-1.392418961310561,-118.0,-73.0,132,208.0,44,
307,ES 06-26,1780689755084,1780689755256,Absorb,-1,7380.0,7379.0,4.0,185,177,1,0.9347826086956522,172.0,1988.372093023256,342.0,30.0,-118.0,112.0,230.0,-0.4155661271369546,-203.0,85.0,166,311.0,58,
308,ES 06-26,1780689855472,1780689855552,Absorb,-1,7379.0,7378.5,2.0,114,109,1,0.7079646017699115,80.0,2987.5,239.0,21.0,211.0,225.0,14.0,2.1342905165954518,143.0,68.0,105,226.0,77,
309,ES 06-26,1780690232256,1780690232280,Absorb,-1,7370.5,7369.5,4.0,120,113,1,0.20168067226890757,24.0,16500.0,396.0,115.0,-280.0,58.0,338.0,-2.358118619348566,-292.0,12.0,102,144.0,51,
310,ES 06-26,1780690425584,1780690425672,Predator,-1,7365.75,7364.5,5.0,77,76,1,1.1578947368421053,88.0,2488.636363636364,219.0,90.0,-215.0,2.0,217.0,-2.9675324675324677,-151.0,-64.0,70,117.0,16,
311,ES 06-26,1780690757108,1780690757132,Absorb,-1,7361.75,7361.25,2.0,41,40,1,0.6,24.0,12958.333333333334,311.0,136.0,-305.0,3.0,308.0,-9.841811846689895,-281.0,-24.0,37,299.0,20,
312,ES 06-26,1780690801208,1780690801388,Predator,-1,7365.25,7363.5,7.0,112,104,1,1.6216216216216217,180.0,2327.777777777778,419.0,253.0,399.0,409.0,10.0,4.60784757576793,316.0,83.0,101,404.0,35,
313,ES 06-26,1780690964736,1780690964800,Absorb,-1,7365.25,7364.75,2.0,28,27,1,2.3703703703703702,64.0,4109.375,263.0,221.0,-253.0,5.0,258.0,-13.209633278598796,-28.0,-225.0,24,39.0,14,
314,ES 06-26,1780691251176,1780691251204,Predator,-1,7369.5,7368.25,5.0,115,107,1,0.24561403508771928,28.0,12857.142857142857,360.0,212.0,306.0,333.0,27.0,3.298682237828454,68.0,238.0,102,340.0,32,
315,ES 06-26,1780691645308,1780691645320,Absorb,-1,7363.5,7363.0,2.0,37,37,1,0.3333333333333333,12.0,22083.333333333332,265.0,200.0,-265.0,0.0,265.0,-9.38122332859175,-45.0,-220.0,34,262.0,17,
316,ES 06-26,1780692906676,1780692906680,Absorb,-1,7369.5,7369.25,1.0,20,20,1,0.21052631578947367,4.0,51500.0,206.0,153.0,196.0,201.0,5.0,11.589473684210526,25.0,171.0,18,204.0,16,
317,ES 06-26,1780693089488,1780693089536,Absorb,-1,7368.0,7367.75,1.0,13,13,1,4.0,48.0,4187.5,201.0,183.0,179.0,190.0,11.0,19.752747252747252,190.0,-11.0,11,199.0,7,
318,ES 06-26,1780869770620,1780869770692,Predator,-1,7375.25,7370.25,20.0,172,168,1,0.42105263157894735,72.0,3555.5555555555557,256.0,25.0,-224.0,16.0,240.0,-1.5138565596677538,-105.0,-119.0,141,223.0,18,
319,ES 06-26,1780869915188,1780869915280,Predator,1,7374.25,7371.0,13.0,179,149,1,0.5168539325842697,92.0,2217.391304347826,204.0,4.0,-134.0,35.0,169.0,-0.8812671311698366,-91.0,-43.0,137,162.0,30,
320,ES 06-26,1780872933816,1780872933920,Predator,-1,7378.5,7376.0,10.0,149,142,1,0.7027027027027027,104.0,2096.153846153846,218.0,25.0,-140.0,39.0,179.0,-1.0088481770360964,-135.0,-5.0,126,190.0,23,
321,ES 06-26,1780881308100,1780881308288,Predator,-1,7404.25,7398.0,25.0,254,227,1,0.7430830039525692,188.0,2138.2978723404253,402.0,30.0,-166.0,118.0,284.0,-0.6039295018371483,-137.0,-29.0,178,289.0,35,
322,ES 06-26,1780881308288,1780881308560,Predator,-1,7400.0,7398.0,8.0,199,172,1,1.3737373737373737,272.0,768.3823529411765,209.0,2.0,31.0,120.0,89.0,0.25079488350845136,-1.0,32.0,145,153.0,71,
323,ES 06-26,1780882097776,1780882097864,Predator,-1,7395.0,7391.25,15.0,162,154,1,0.546583850931677,88.0,2568.1818181818185,226.0,6.0,-146.0,40.0,186.0,-1.0036764653995915,-135.0,-11.0,132,194.0,22,
324,ES 06-26,1780885890544,1780885890548,Predator,-1,7404.75,7402.5,9.0,103,98,1,0.0392156862745098,4.0,80000.0,320.0,159.0,24.0,172.0,148.0,-0.6694086895400431,-70.0,94.0,86,140.0,24,
325,ES 06-26,1780885890548,1780885890840,Predator,-1,7402.75,7401.5,5.0,201,188,1,1.46,292.0,767.1232876712329,224.0,4.0,62.0,143.0,81.0,0.3846667651839811,-22.0,84.0,175,193.0,70,
326,ES 06-26,1780885932632,1780885932712,Predator,-1,7405.75,7402.75,12.0,259,230,1,0.31007751937984496,80.0,4387.5,351.0,9.0,61.0,206.0,145.0,0.1384304570351082,128.0,-67.0,209,287.0,60,
327,ES 06-26,1780889053872,1780889053952,Absorb,-1,7414.75,7414.5,1.0,83,82,1,0.975609756097561,80.0,2500.0,200.0,100.0,-184.0,8.0,192.0,-2.3624323076277234,-55.0,-129.0,80,197.0,64,
328,ES 06-26,1780898645892,1780898646080,Predator,-1,7397.0,7394.25,11.0,306,270,1,0.6163934426229508,188.0,2191.4893617021276,412.0,58.0,-58.0,177.0,235.0,-0.05714471189233957,-131.0,73.0,229,267.0,63,
329,ES 06-26,1780902933204,1780902933320,Predator,-1,7409.0,7404.0,20.0,247,235,1,0.4715447154471545,116.0,2232.758620689655,259.0,2.0,-145.0,57.0,202.0,-0.6663199941389515,-109.0,-36.0,204,214.0,36,
330,ES 06-26,1780904247316,1780904247516,Predator,-1,7417.75,7415.75,8.0,304,287,1,0.6600660066006601,200.0,1960.0,392.0,13.0,-144.0,124.0,268.0,-0.5345204127832973,-182.0,38.0,265,348.0,78,
331,ES 06-26,1780908062692,1780908062788,Predator,-1,7413.0,7411.5,6.0,142,137,1,0.6808510638297872,96.0,2364.5833333333335,227.0,12.0,-155.0,36.0,191.0,-1.458933634540467,-149.0,-6.0,128,212.0,54,
332,ES 06-26,1780911399320,1780911399432,Predator,-1,7417.75,7414.75,12.0,193,170,1,0.5833333333333334,112.0,1955.357142857143,219.0,3.0,119.0,169.0,50.0,0.45971268895892314,87.0,32.0,156,177.0,35,
333,ES 06-26,1780911401508,1780911401648,Predator,-1,7428.75,7426.5,9.0,202,177,1,0.6965174129353234,140.0,1678.5714285714284,235.0,3.0,-49.0,93.0,142.0,-0.3784571751785869,-19.0,-30.0,147,166.0,35,
334,ES 06-26,1780911431372,1780911431492,Predator,-1,7420.75,7417.75,12.0,204,194,1,0.5911330049261084,120.0,1941.6666666666667,233.0,3.0,-53.0,90.0,143.0,-0.24967171056816334,-105.0,52.0,173,198.0,33,
335,ES 06-26,1780912918980,1780912919120,Predator,-1,7424.0,7422.5,6.0,212,201,1,0.6635071090047393,140.0,1878.5714285714284,263.0,26.0,-133.0,65.0,198.0,-0.6711482343043327,-120.0,-13.0,184,232.0,56,
336,ES 06-26,1780912925472,1780912925756,Predator,-1,7418.5,7416.0,10.0,213,199,1,1.3396226415094339,284.0,841.5492957746479,239.0,3.0,-107.0,66.0,173.0,-0.38767909875049983,-112.0,5.0,174,195.0,43,
337,ES 06-26,1780912931412,1780912931528,Predator,1,7420.0,7418.5,6.0,197,183,1,0.5918367346938775,116.0,1896.551724137931,220.0,3.0,84.0,152.0,68.0,0.5123905584384192,84.0,0.0,163,180.0,67,
338,ES 06-26,1780914169168,1780914169196,Predator,-1,7417.25,7414.0,13.0,189,183,1,0.14893617021276595,28.0,9607.142857142857,269.0,9.0,-169.0,50.0,219.0,-1.135160596526778,-147.0,-22.0,166,240.0,36,
339,ES 06-26,1780914853120,1780914853264,Predator,-1,7434.5,7432.75,7.0,168,140,1,0.8622754491017964,144.0,1395.8333333333335,201.0,3.0,-17.0,92.0,109.0,-0.15987846791623853,6.0,-23.0,109,133.0,51,
340,ES 06-26,1780916171208,1780916171252,Absorb,-1,7428.5,7428.0,2.0,124,122,1,0.35772357723577236,44.0,8590.909090909092,378.0,189.0,358.0,368.0,10.0,2.721995279307632,91.0,267.0,118,183.0,108,
341,ES 06-26,1780916203716,1780916203736,Absorb,-1,7426.5,7425.75,3.0,76,72,1,0.26666666666666666,20.0,11300.0,226.0,103.0,26.0,126.0,100.0,0.7242652084757348,-73.0,99.0,65,214.0,40,
342,ES 06-26,1780917058992,1780917059000,Predator,1,7441.5,7439.5,8.0,144,136,1,0.055944055944055944,8.0,41875.0,335.0,67.0,263.0,299.0,36.0,2.2499457439112613,204.0,59.0,121,312.0,29,
343,ES 06-26,1780917210440,1780917210656,Predator,-1,7442.0,7439.25,11.0,256,249,1,0.8470588235294118,216.0,1310.1851851851852,283.0,3.0,-145.0,69.0,214.0,-0.6086439974822614,-77.0,-68.0,231,257.0,44,
344,ES 06-26,1780917298884,1780917299132,Predator,-1,7448.75,7447.0,7.0,236,224,1,1.0553191489361702,248.0,1560.483870967742,387.0,25.0,299.0,343.0,44.0,1.55271720523858,251.0,48.0,217,364.0,91,
345,ES 06-26,1780917621016,1780917621092,Absorb,1,7449.0,7448.75,1.0,77,76,1,1.0,76.0,2815.7894736842104,214.0,113.0,210.0,212.0,2.0,2.6983805668016196,52.0,158.0,74,97.0,64,
346,ES 06-26,1780917689084,1780917689216,Absorb,1,7450.25,7449.75,2.0,176,174,1,0.7542857142857143,132.0,3242.4242424242425,428.0,135.0,400.0,414.0,14.0,2.418847677745983,127.0,273.0,169,419.0,133,
347,ES 06-26,1780918325304,1780918325420,Predator,1,7456.75,7455.25,6.0,145,143,1,0.8055555555555556,116.0,1827.5862068965516,212.0,36.0,132.0,172.0,40.0,1.021630451897339,123.0,9.0,136,167.0,45,
348,ES 06-26,1780920231612,1780920231792,Predator,-1,7450.25,7448.25,8.0,196,191,1,0.9230769230769231,180.0,1227.7777777777778,221.0,5.0,-85.0,68.0,153.0,-0.5455784969200488,-98.0,13.0,178,202.0,70,
349,ES 06-26,1780920347336,1780920347444,Predator,-1,7451.25,7449.25,8.0,225,213,1,0.48214285714285715,108.0,2435.185185185185,263.0,5.0,-95.0,84.0,179.0,-0.42774230931310575,-107.0,12.0,194,228.0,67,
350,ES 06-26,1780921815324,1780921815476,Predator,-1,7460.75,7459.25,6.0,179,171,1,0.8539325842696629,152.0,1611.842105263158,245.0,20.0,155.0,200.0,45.0,0.8428849413093967,137.0,18.0,168,234.0,58,
351,ES 06-26,1780922552912,1780922552956,Predator,-1,7464.0,7460.25,15.0,303,283,1,0.1456953642384106,44.0,10295.454545454546,453.0,38.0,251.0,352.0,101.0,1.1203337831168965,161.0,90.0,276,412.0,35,
352,ES 06-26,1780922552956,1780922552972,Predator,-1,7465.75,7463.5,9.0,234,199,1,0.06866952789699571,16.0,19437.5,311.0,12.0,103.0,207.0,104.0,0.504307064803823,84.0,19.0,170,228.0,47,
353,ES 06-26,1780922559076,1780922559080,Predator,-1,7464.25,7460.5,15.0,198,197,1,0.02030456852791878,4.0,64000.0,256.0,4.0,-254.0,1.0,255.0,-1.3436556726100894,-129.0,-125.0,181,226.0,19,
354,ES 06-26,1780922559080,1780922559224,Predator,-1,7463.75,7462.0,7.0,174,154,1,0.8323699421965318,144.0,1465.2777777777778,211.0,7.0,93.0,152.0,59.0,0.5841396395113756,63.0,30.0,137,167.0,44,
355,ES 06-26,1780922855000,1780922855144,Absorb,-1,7460.0,7459.75,1.0,52,50,1,2.823529411764706,144.0,1770.8333333333335,255.0,187.0,203.0,229.0,26.0,4.390378212242807,175.0,28.0,48,65.0,38,
356,ES 06-26,1780923132104,1780923132392,Predator,-1,7458.0,7456.5,6.0,305,289,1,0.9473684210526315,288.0,1767.3611111111113,509.0,66.0,-187.0,161.0,348.0,-0.8938981373394914,-123.0,-64.0,270,459.0,93,
357,ES 06-26,1780923284856,1780923284916,Absorb,-1,7460.75,7460.0,3.0,101,100,1,0.6,60.0,3350.0,201.0,32.0,-193.0,4.0,197.0,-2.0065579499126383,-92.0,-101.0,95,194.0,55,
358,ES 06-26,1780923619932,1780923620200,Predator,-1,7463.0,7460.25,11.0,533,510,1,0.5037593984962406,268.0,2548.507462686567,683.0,15.0,79.0,381.0,302.0,-0.017846860125206032,180.0,-101.0,491,623.0,154,
359,ES 06-26,1780923622552,1780923622652,Predator,-1,7461.75,7459.75,8.0,242,236,1,0.4149377593360996,100.0,2930.0,293.0,5.0,-141.0,76.0,217.0,-0.789474441806895,-143.0,2.0,223,272.0,50,
360,ES 06-26,1780925100012,1780925100212,Absorb,-1,7466.5,7465.75,3.0,192,186,1,1.0471204188481675,200.0,1230.0,246.0,14.0,32.0,139.0,107.0,-0.2590173412364702,67.0,-35.0,179,229.0,61,
361,ES 06-26,1780925269844,1780925269888,Absorb,-1,7460.75,7460.0,3.0,164,160,1,0.26993865030674846,44.0,5000.0,220.0,23.0,78.0,149.0,71.0,0.6205079373716214,-20.0,98.0,155,211.0,65,
362,ES 06-26,1780925280020,1780925280292,Predator,-1,7461.0,7459.5,6.0,218,209,1,1.2534562211981566,272.0,1011.0294117647059,275.0,15.0,187.0,231.0,44.0,1.1893536051206108,93.0,94.0,203,255.0,62,
363,ES 06-26,1780925399996,1780925400044,Absorb,-1,7457.75,7456.75,4.0,355,334,1,0.13559322033898305,48.0,8854.166666666666,425.0,9.0,-79.0,173.0,252.0,0.02319236309113489,-8.0,-71.0,310,378.0,146,
364,ES 06-26,1780925507960,1780925508196,Absorb,-1,7464.25,7463.25,4.0,177,169,1,1.3409090909090908,236.0,932.2033898305085,220.0,11.0,14.0,117.0,103.0,0.1576950710687142,-24.0,38.0,161,202.0,71,
365,ES 06-26,1780925539984,1780925540268,Absorb,-1,7467.5,7466.75,3.0,188,177,1,1.518716577540107,284.0,1031.6901408450706,293.0,32.0,145.0,219.0,74.0,0.7044294184469404,113.0,32.0,168,272.0,115,
366,ES 06-26,1780925635612,1780925635692,Absorb,1,7455.0,7454.5,2.0,177,175,1,0.45454545454545453,80.0,4662.5,373.0,38.0,-201.0,86.0,287.0,-1.6702359723688995,-57.0,-144.0,173,336.0,174,
367,ES 06-26,1780925635904,1780925636032,Absorb,-1,7455.25,7454.75,2.0,155,150,1,0.8311688311688312,128.0,5484.375,702.0,452.0,574.0,638.0,64.0,4.754310205923109,600.0,-26.0,144,239.0,80,
368,ES 06-26,1780925682152,1780925682408,Absorb,-1,7447.0,7446.5,2.0,176,172,1,1.4628571428571429,256.0,820.3125,210.0,4.0,20.0,115.0,95.0,0.22511666299801894,-78.0,98.0,167,199.0,96,
369,ES 06-26,1780925700160,1780925700360,Predator,-1,7445.25,7443.0,9.0,800,763,1,0.2503128911138924,200.0,5405.0,1081.0,50.0,-489.0,296.0,785.0,-0.5382647785387165,-361.0,-128.0,717,988.0,141,
370,ES 06-26,1780925701324,1780925701512,Predator,-1,7444.75,7443.25,6.0,243,235,1,0.7768595041322314,188.0,1462.7659574468084,275.0,4.0,-127.0,74.0,201.0,-0.5961452578442146,-112.0,-15.0,223,253.0,71,
371,ES 06-26,1780925701984,1780925702008,Predator,-1,7444.0,7442.5,6.0,215,199,1,0.11214953271028037,24.0,10166.666666666666,244.0,15.0,-160.0,42.0,202.0,-0.675734743654761,-115.0,-45.0,177,206.0,71,
372,ES 06-26,1780925806892,1780925807172,Predator,-1,7447.25,7445.75,6.0,265,251,1,1.0606060606060606,280.0,1203.5714285714284,337.0,19.0,27.0,182.0,155.0,-0.12047485781348741,53.0,-26.0,240,301.0,107,
373,ES 06-26,1780925891928,1780925892048,Predator,-1,7447.25,7445.5,7.0,283,272,1,0.425531914893617,120.0,2641.666666666667,317.0,4.0,79.0,198.0,119.0,0.2397553503866595,158.0,-79.0,263,295.0,74,
374,ES 06-26,1780925951200,1780925951472,Absorb,-1,7445.0,7444.0,4.0,248,243,1,1.1012145748987854,272.0,996.3235294117646,271.0,5.0,-91.0,90.0,181.0,-0.2590754817624947,-81.0,-10.0,234,255.0,89,
375,ES 06-26,1780926023632,1780926023884,Predator,-1,7440.5,7439.25,5.0,357,347,1,0.7078651685393258,252.0,3619.047619047619,912.0,304.0,6.0,459.0,453.0,0.13767987893167435,-164.0,170.0,333,575.0,169,
376,ES 06-26,1780926088380,1780926088420,Predator,-1,7443.0,7441.0,8.0,248,242,1,0.16194331983805668,40.0,7625.0,305.0,7.0,-225.0,40.0,265.0,-1.1197455356229673,-122.0,-103.0,228,281.0,63,
377,ES 06-26,1780926423712,1780926423920,Predator,-1,7454.0,7452.5,6.0,194,189,1,1.077720207253886,208.0,1091.3461538461538,227.0,5.0,-149.0,39.0,188.0,-0.9473277643781356,-94.0,-55.0,178,207.0,57,
378,ES 06-26,1780926484832,1780926485056,Predator,-1,7453.25,7450.5,11.0,674,636,1,0.3328380386329866,224.0,3357.142857142857,752.0,5.0,-224.0,264.0,488.0,-0.26007114411116156,-244.0,20.0,584,656.0,127,
379,ES 06-26,1780927269992,1780927270152,Predator,-1,7437.0,7435.5,6.0,213,210,1,0.7547169811320755,160.0,1606.25,257.0,11.0,-47.0,105.0,152.0,-0.5649598525733842,-59.0,12.0,202,243.0,67,
380,ES 06-26,1780927313848,1780927313996,Predator,-1,7444.5,7442.75,7.0,328,316,1,0.4525993883792049,148.0,2520.2702702702704,373.0,3.0,89.0,231.0,142.0,0.35450564204200363,191.0,-102.0,307,349.0,127,
381,ES 06-26,1780927965664,1780927965716,Predator,-1,7441.0,7439.75,5.0,196,189,1,0.26666666666666666,52.0,4480.769230769231,233.0,6.0,13.0,123.0,110.0,0.42159312768449825,42.0,-29.0,184,214.0,85,
382,ES 06-26,1780928151596,1780928151720,Absorb,-1,7433.0,7432.25,3.0,197,185,1,0.6326530612244898,124.0,1887.0967741935483,234.0,4.0,4.0,119.0,115.0,0.15515509387880672,-68.0,72.0,170,205.0,96,
383,ES 06-26,1780928585352,1780928585556,Predator,-1,7439.25,7438.0,5.0,227,218,1,0.9026548672566371,204.0,1254.9019607843138,256.0,3.0,70.0,163.0,93.0,0.4593172729492438,112.0,-42.0,210,237.0,97,
384,ES 06-26,1780928719004,1780928719116,Predator,-1,7444.5,7442.75,7.0,175,171,1,0.6436781609195402,112.0,1919.642857142857,215.0,8.0,-81.0,67.0,148.0,-0.6049552171965965,-111.0,30.0,162,199.0,46,
385,ES 06-26,1780928779808,1780928780084,Absorb,-1,7452.25,7451.25,4.0,248,239,1,1.1174089068825912,276.0,1340.5797101449275,370.0,24.0,136.0,253.0,117.0,0.4077019846396163,192.0,-56.0,232,351.0,96,
386,ES 06-26,1780928793924,1780928793976,Predator,-1,7450.75,7448.5,9.0,254,252,1,0.20553359683794467,52.0,6250.0,325.0,20.0,-289.0,18.0,307.0,-1.1605050647441448,-165.0,-124.0,239,292.0,32,
387,ES 06-26,1780928793976,1780928794116,Absorb,-1,7449.75,7449.0,3.0,229,217,1,0.6140350877192983,140.0,1899.9999999999998,266.0,3.0,12.0,139.0,127.0,0.3028888911094901,57.0,-45.0,203,233.0,134,
388,ES 06-26,1780929313016,1780929313144,Predator,1,7452.25,7451.0,5.0,234,228,1,0.5493562231759657,128.0,2218.75,284.0,6.0,26.0,155.0,129.0,0.211001454029488,132.0,-106.0,220,267.0,77,
389,ES 06-26,1780929393160,1780929393288,Absorb,-1,7458.5,7457.75,3.0,103,98,1,1.2549019607843137,128.0,1640.625,210.0,42.0,82.0,146.0,64.0,0.6973926986776787,99.0,-17.0,95,202.0,58,
390,ES 06-26,1780929585700,1780929585732,Predator,-1,7456.25,7452.25,16.0,493,478,1,0.06504065040650407,32.0,20281.25,649.0,50.0,-197.0,226.0,423.0,-0.477414823626355,-102.0,-95.0,447,571.0,77,
391,ES 06-26,1780929585732,1780929585824,Predator,-1,7453.0,7451.0,8.0,369,342,1,0.25,92.0,5467.391304347826,503.0,40.0,-167.0,168.0,335.0,-0.3877829048560756,-154.0,-13.0,309,373.0,131,
392,ES 06-26,1780929585884,1780929585984,Predator,-1,7451.25,7450.0,5.0,243,234,1,0.4132231404958678,100.0,3300.0,330.0,35.0,-172.0,79.0,251.0,-0.8863648908358297,-98.0,-74.0,220,306.0,105,
393,ES 06-26,1780929590884,1780929590944,Predator,-1,7456.25,7452.5,15.0,368,342,1,0.16348773841961853,60.0,7333.333333333334,440.0,5.0,306.0,373.0,67.0,0.9820105938590484,224.0,82.0,327,389.0,51,
394,ES 06-26,1780929590944,1780929591232,Absorb,-1,7454.5,7453.5,4.0,256,231,1,1.1294117647058823,288.0,1034.7222222222224,298.0,4.0,-84.0,107.0,191.0,-0.3434170433737697,-116.0,32.0,204,239.0,121,
395,ES 06-26,1780929622496,1780929622676,Predator,-1,7457.25,7454.5,11.0,524,508,1,0.3441682600382409,180.0,3394.4444444444443,611.0,10.0,-153.0,229.0,382.0,-0.02624081769674577,-201.0,48.0,480,562.0,105,
396,ES 06-26,1780929659676,1780929659772,Absorb,-1,7457.0,7456.0,4.0,201,191,1,0.48,96.0,2656.25,255.0,20.0,33.0,144.0,111.0,-0.055995271168907935,103.0,-70.0,182,227.0,83,
397,ES 06-26,1780929690992,1780929691080,Absorb,-1,7453.75,7453.0,3.0,136,131,1,0.6518518518518519,88.0,2795.4545454545455,246.0,26.0,-182.0,32.0,214.0,-1.7366824101903535,-90.0,-92.0,123,232.0,62,
398,ES 06-26,1780930005576,1780930005592,Predator,-1,7463.25,7460.75,10.0,397,373,1,0.04040404040404041,16.0,31125.0,498.0,17.0,360.0,429.0,69.0,1.0514740713720498,254.0,106.0,357,458.0,73,
399,ES 06-26,1780930005592,1780930005692,Absorb,-1,7462.25,7461.25,4.0,218,206,1,0.4608294930875576,100.0,2430.0,243.0,6.0,-129.0,57.0,186.0,-0.8583920832539416,-85.0,-44.0,190,213.0,92,
400,ES 06-26,1780930006972,1780930007104,Absorb,-1,7463.0,7462.25,3.0,154,146,1,0.8627450980392157,132.0,2651.5151515151515,350.0,129.0,138.0,244.0,106.0,1.272436481924148,193.0,-55.0,138,324.0,60,
401,ES 06-26,1780930072756,1780930072920,Predator,-1,7465.0,7463.75,5.0,334,321,1,0.4924924924924925,164.0,2317.0731707317073,380.0,4.0,-166.0,107.0,273.0,-0.3339734407747635,-117.0,-49.0,302,345.0,115,
402,ES 06-26,1780930813236,1780930813336,Absorb,-1,7473.0,7472.25,3.0,169,166,1,0.5952380952380952,100.0,2300.0,230.0,22.0,70.0,150.0,80.0,0.49402814380189947,40.0,30.0,162,219.0,79,
403,ES 06-26,1780930889524,1780930889628,Predator,-1,7476.5,7474.75,7.0,390,373,1,0.26735218508997427,104.0,7230.769230769231,752.0,108.0,424.0,588.0,164.0,1.0895295422465225,487.0,-63.0,359,690.0,101,
404,ES 06-26,1780931281960,1780931282028,Predator,1,7474.5,7473.25,5.0,246,243,1,0.27755102040816326,68.0,4602.941176470588,313.0,7.0,109.0,211.0,102.0,0.6183199891984047,150.0,-41.0,235,301.0,113,
405,ES 06-26,1780931346072,1780931346284,Absorb,1,7473.5,7473.25,1.0,188,187,1,1.1336898395721926,212.0,1136.7924528301887,241.0,7.0,237.0,239.0,2.0,1.2824842380536998,131.0,106.0,184,237.0,172,
406,ES 06-26,1780931483820,1780931483880,Predator,-1,7475.25,7474.0,5.0,216,206,1,0.27906976744186046,60.0,5650.0,339.0,50.0,199.0,269.0,70.0,1.3947099870205646,156.0,43.0,201,315.0,79,
407,ES 06-26,1780931738544,1780931738592,Predator,-1,7475.5,7473.75,7.0,310,300,1,0.1553398058252427,48.0,8083.333333333333,388.0,5.0,304.0,346.0,42.0,0.9230150761865535,190.0,114.0,293,365.0,111,
408,ES 06-26,1780931841204,1780931841328,Absorb,-1,7471.75,7470.75,4.0,236,227,1,0.5276595744680851,124.0,2322.5806451612902,288.0,3.0,16.0,152.0,136.0,0.14713809017332596,68.0,-52.0,218,265.0,125,
409,ES 06-26,1780931885800,1780931885872,Absorb,-1,7469.75,7469.25,2.0,180,179,1,0.4022346368715084,72.0,3402.777777777778,245.0,23.0,-239.0,3.0,242.0,-1.3736185273208021,-130.0,-109.0,175,235.0,147,
410,ES 06-26,1780931889080,1780931889364,Absorb,-1,7467.5,7467.0,2.0,121,119,1,2.3666666666666667,284.0,834.5070422535211,237.0,78.0,-159.0,39.0,198.0,-1.9164137650724835,-50.0,-109.0,117,233.0,86,
411,ES 06-26,1780931908296,1780931908320,Predator,-1,7471.25,7469.75,6.0,208,195,1,0.11594202898550725,24.0,9791.666666666666,235.0,3.0,187.0,211.0,24.0,0.9928789745723384,110.0,77.0,187,211.0,42,
412,ES 06-26,1780931908320,1780931908480,Absorb,-1,7471.75,7470.75,4.0,299,290,1,0.5369127516778524,160.0,2225.0,356.0,5.0,-24.0,166.0,190.0,0.05528540324571839,-70.0,46.0,282,337.0,115,
413,ES 06-26,1780931908784,1780931909064,Predator,-1,7472.5,7471.25,5.0,356,341,1,0.7887323943661971,280.0,1432.142857142857,401.0,10.0,31.0,216.0,185.0,-0.002469011025837776,58.0,-27.0,328,371.0,152,
414,ES 06-26,1780931909928,1780931910208,Absorb,-1,7471.75,7470.75,4.0,166,160,1,1.696969696969697,280.0,714.2857142857142,200.0,10.0,102.0,151.0,49.0,1.0067566947157165,67.0,35.0,155,189.0,63,
415,ES 06-26,1780932028592,1780932028640,Predator,-1,7474.25,7473.0,5.0,263,251,1,0.183206106870229,48.0,6541.666666666667,314.0,3.0,18.0,166.0,148.0,0.05569840863574355,154.0,-136.0,239,287.0,115,
416,ES 06-26,1780932031700,1780932031748,Absorb,-1,7473.5,7472.75,3.0,206,201,1,0.23414634146341465,48.0,12666.666666666666,608.0,266.0,-300.0,154.0,454.0,-1.7309797623092313,89.0,-389.0,195,269.0,62,
417,ES 06-26,1780932075068,1780932075168,Absorb,-1,7470.0,7469.25,3.0,237,229,1,0.423728813559322,100.0,5440.0,544.0,247.0,264.0,404.0,140.0,1.937929430514965,-45.0,309.0,219,271.0,101,
418,ES 06-26,1780932077512,1780932077736,Absorb,-1,7468.75,7468.25,2.0,210,204,1,1.0717703349282297,224.0,1866.0714285714284,418.0,120.0,-246.0,86.0,332.0,-1.3363697913460946,-31.0,-215.0,196,399.0,140,
419,ES 06-26,1780932667928,1780932667932,Predator,-1,7450.0,7448.5,6.0,151,150,1,0.02666666666666667,4.0,50000.0,200.0,25.0,-198.0,1.0,199.0,-1.405643081212966,-111.0,-87.0,143,190.0,29,
420,ES 06-26,1780933369544,1780933369740,Predator,1,7455.5,7454.25,5.0,158,156,1,1.2484076433121019,196.0,1020.408163265306,200.0,5.0,94.0,147.0,53.0,0.6399182182034474,91.0,3.0,149,188.0,34,
421,ES 06-26,1780933926860,1780933926984,Absorb,-1,7462.25,7461.25,4.0,173,169,1,0.7209302325581395,124.0,1806.4516129032259,224.0,20.0,74.0,149.0,75.0,0.6144735805238932,103.0,-29.0,167,213.0,93,
422,ES 06-26,1780936039963,1780936040003,Predator,-1,7455.0,7453.75,5.0,172,163,1,0.23391812865497075,40.0,5275.0,211.0,6.0,95.0,153.0,58.0,0.7347726420500774,103.0,-8.0,157,193.0,69,
36093,ES 06-26,1780936039968,1780936040012,Predator,-1,7455.0,7453.75,5.0,172,163,1,0.2573099415204678,44.0,4795.454545454546,211.0,6.0,95.0,153.0,58.0,0.7347726420500774,103.0,-8.0,157,193.0,69,0.0
36094,ES 06-26,1780936386408,1780936386520,Predator,-1,7446.0,7444.25,7.0,183,180,1,0.6153846153846154,112.0,1839.2857142857142,206.0,3.0,-72.0,67.0,139.0,-0.1513769551902125,-54.0,-18.0,169,189.0,51,0.0
36095,ES 06-26,1780936599776,1780936599784,Predator,-1,7446.25,7443.0,13.0,347,343,1,0.023121387283236993,8.0,74875.0,599.0,100.0,-241.0,179.0,420.0,-1.0196071110386071,-208.0,-33.0,326,567.0,35,0.0
423,ES 06-26,1780936599777,1780936599789,Predator,-1,7446.25,7443.0,13.0,347,343,1,0.03468208092485549,12.0,49916.666666666664,599.0,100.0,-241.0,179.0,420.0,-1.0196071110386071,-208.0,-33.0,326,567.0,35,
424,ES 06-26,1780936674303,1780936674441,Predator,-1,7443.0,7441.5,6.0,175,163,1,0.7931034482758621,138.0,1579.710144927536,218.0,5.0,78.0,148.0,70.0,0.6489028213166145,101.0,-23.0,153,193.0,52,
36096,ES 06-26,1780936674312,1780936674388,Predator,-1,7443.0,7441.5,6.0,174,162,1,0.4393063583815029,76.0,2855.263157894737,217.0,5.0,79.0,148.0,69.0,0.6600552407528688,101.0,-22.0,152,192.0,52,0.0
36097,ES 06-26,1780938065380,1780938065512,Predator,-1,7435.5,7434.25,5.0,251,247,1,0.528,132.0,2325.7575757575755,307.0,6.0,-133.0,87.0,220.0,-0.6702538417757541,-154.0,21.0,238,293.0,93,0.0
36098,ES 06-26,1780938900352,1780938900488,Predator,-1,7432.75,7431.5,5.0,199,189,1,0.6868686868686869,136.0,1838.2352941176468,250.0,10.0,70.0,160.0,90.0,0.46328612760773563,122.0,-52.0,181,227.0,92,0.0
36099,ES 06-26,1780939115716,1780939115780,Absorb,-1,7425.5,7425.0,2.0,126,123,1,0.512,64.0,3796.875,243.0,15.0,191.0,217.0,26.0,2.0626771653543305,75.0,116.0,121,235.0,84,0.0
36100,ES 06-26,1780939129536,1780939129548,Predator,-1,7425.75,7424.0,7.0,179,168,1,0.06741573033707865,12.0,18583.333333333332,223.0,5.0,201.0,212.0,11.0,1.154156466428138,120.0,81.0,163,202.0,33,0.0
36101,ES 06-26,1780939129548,1780939129636,Absorb,-1,7426.5,7425.5,4.0,321,304,1,0.275,88.0,4227.272727272728,372.0,9.0,58.0,215.0,157.0,0.012394424449991294,90.0,-32.0,287,332.0,98,0.0
36102,ES 06-26,1780939396452,1780939396536,Absorb,-1,7426.0,7425.0,4.0,176,168,1,0.48,84.0,2476.190476190476,208.0,4.0,8.0,108.0,100.0,0.05137904468412943,-65.0,73.0,161,187.0,61,0.0
36103,ES 06-26,1780939464068,1780939464284,Absorb,-1,7426.5,7426.0,2.0,208,203,1,1.0434782608695652,216.0,1254.6296296296296,271.0,5.0,193.0,232.0,39.0,0.9083514692782427,143.0,50.0,199,259.0,147,0.0
36104,ES 06-26,1780939569116,1780939569288,Predator,-1,7430.5,7428.0,10.0,441,431,1,0.39090909090909093,172.0,2924.418604651163,503.0,8.0,-235.0,134.0,369.0,-0.6420280000111933,-216.0,-19.0,412,470.0,135,0.0
36105,ES 06-26,1780939580116,1780939580256,Absorb,-1,7430.5,7429.75,3.0,250,244,1,0.5622489959839357,140.0,2071.428571428571,290.0,4.0,-8.0,141.0,149.0,-0.03473604377670043,54.0,-62.0,235,270.0,99,0.0
36106,ES 06-26,1780939592196,1780939592348,Predator,-1,7430.25,7428.5,7.0,355,344,1,0.4293785310734463,152.0,2940.7894736842104,447.0,22.0,-205.0,121.0,326.0,-0.7248129799555283,-218.0,13.0,328,418.0,93,0.0
36107,ES 06-26,1780939714932,1780939715016,Absorb,-1,7437.25,7436.5,3.0,164,156,1,0.5153374233128835,84.0,2440.4761904761904,205.0,10.0,127.0,166.0,39.0,0.5575000340075905,84.0,43.0,151,192.0,79,0.0
36108,ES 06-26,1780939908868,1780939908916,Predator,-1,7442.0,7439.75,9.0,279,274,1,0.17266187050359713,48.0,9479.166666666666,455.0,46.0,-149.0,153.0,302.0,-0.661266010233288,-121.0,-28.0,259,432.0,38,0.0
36109,ES 06-26,1780939908916,1780939908944,Predator,-1,7440.25,7437.75,10.0,305,283,1,0.09210526315789473,28.0,14107.142857142857,395.0,9.0,-51.0,172.0,223.0,-0.4530118086924157,-99.0,48.0,255,321.0,78,0.0
36110,ES 06-26,1780939913872,1780939914108,Predator,-1,7442.0,7439.75,9.0,331,308,1,0.7151515151515152,236.0,1622.8813559322034,383.0,4.0,89.0,236.0,147.0,0.320182460134413,171.0,-82.0,290,329.0,78,0.0
36111,ES 06-26,1780939953416,1780939953508,Absorb,-1,7438.0,7437.0,4.0,252,240,1,0.3665338645418327,92.0,3206.521739130435,295.0,4.0,-81.0,107.0,188.0,-0.29822663046290276,-107.0,26.0,223,263.0,119,0.0
36112,ES 06-26,1780940021708,1780940021860,Absorb,-1,7434.0,7433.0,4.0,181,177,1,0.8444444444444444,152.0,1453.9473684210527,221.0,6.0,-197.0,12.0,209.0,-1.0732034080100379,-93.0,-104.0,169,204.0,118,0.0
36113,ES 06-26,1780940135084,1780940135144,Predator,-1,7433.75,7432.0,7.0,202,196,1,0.29850746268656714,60.0,3883.3333333333335,233.0,4.0,-93.0,70.0,163.0,-0.7199696294899691,-103.0,10.0,184,213.0,60,0.0
36114,ES 06-26,1780940168612,1780940168692,Predator,-1,7430.25,7429.0,5.0,175,170,1,0.45977011494252873,80.0,2712.5,217.0,6.0,-109.0,54.0,163.0,-0.45530676220331395,-90.0,-19.0,160,191.0,70,0.0
36115,ES 06-26,1780940229116,1780940229344,Absorb,-1,7434.0,7433.0,4.0,233,220,1,0.9827586206896551,228.0,1135.9649122807018,259.0,3.0,59.0,159.0,100.0,0.2367554255226299,111.0,-52.0,206,228.0,82,0.0
36116,ES 06-26,1780940662760,1780940662792,Absorb,-1,7431.0,7430.0,4.0,136,131,1,0.23703703703703705,32.0,7781.25,249.0,48.0,-35.0,107.0,142.0,-0.40718477171890655,81.0,-116.0,127,233.0,49,0.0
36117,ES 06-26,1780940734176,1780940734304,Predator,-1,7427.25,7425.75,6.0,174,169,1,0.7398843930635838,128.0,1703.125,218.0,5.0,-124.0,47.0,171.0,-0.9255001566103819,-84.0,-40.0,158,200.0,54,0.0
36118,ES 06-26,1780940839792,1780940839876,Absorb,-1,7433.25,7432.25,4.0,247,239,1,0.34146341463414637,84.0,8214.285714285714,690.0,266.0,168.0,429.0,261.0,1.2037255882549684,-77.0,245.0,227,307.0,83,0.0
36119,ES 06-26,1780941569908,1780941569976,Predator,-1,7434.25,7433.0,5.0,174,167,1,0.3930635838150289,68.0,3249.9999999999995,221.0,9.0,135.0,178.0,43.0,0.9855872889319172,102.0,33.0,161,195.0,48,0.0
36120,ES 06-26,1780942444632,1780942444672,Predator,-1,7438.0,7435.75,9.0,210,204,1,0.19138755980861244,40.0,6225.0,249.0,4.0,-215.0,17.0,232.0,-1.114456758008766,-124.0,-91.0,189,224.0,37,0.0
36121,ES 06-26,1780942444672,1780942444816,Predator,-1,7436.5,7435.0,6.0,456,429,1,0.31648351648351647,144.0,3708.3333333333335,534.0,10.0,46.0,290.0,244.0,0.047577937437433,-141.0,187.0,399,468.0,108,0.0
36122,ES 06-26,1780942481256,1780942481388,Absorb,-1,7438.0,7437.25,3.0,180,173,1,0.7374301675977654,132.0,1522.7272727272727,201.0,5.0,79.0,140.0,61.0,0.2781937714126979,95.0,-16.0,167,188.0,114,0.0
36123,ES 06-26,1780943599256,1780943599352,Predator,-1,7446.0,7444.75,5.0,163,157,1,0.5925925925925926,96.0,2083.3333333333335,200.0,3.0,-12.0,94.0,106.0,-0.39496012547037535,-56.0,44.0,148,183.0,56,0.0
36124,ES 06-26,1780944936324,1780944936548,Absorb,-1,7435.0,7434.0,4.0,336,325,1,0.6686567164179105,224.0,1790.1785714285713,401.0,17.0,-53.0,174.0,227.0,-0.04516428033634287,-189.0,136.0,310,368.0,128,0.0
36125,ES 06-26,1780946112708,1780946112748,Predator,-1,7414.25,7413.0,5.0,215,207,1,0.18691588785046728,40.0,6500.0,260.0,5.0,-54.0,103.0,157.0,-0.19731942331377236,-121.0,67.0,196,237.0,68,0.0
36126,ES 06-26,1780946119292,1780946119400,Absorb,-1,7415.5,7414.75,3.0,103,97,1,1.0588235294117647,108.0,3111.1111111111113,336.0,200.0,282.0,309.0,27.0,3.81418310416026,68.0,214.0,92,325.0,40,0.0
36127,ES 06-26,1780946305568,1780946305572,Absorb,1,7413.75,7413.75,0.0,152,152,1,0.026490066225165563,4.0,64000.0,256.0,11.0,256.0,256.0,0.0,1.7635850436375318,132.0,124.0,151,254.0,152,0.0
36128,ES 06-26,1780946305860,1780946305960,Absorb,-1,7414.25,7413.5,3.0,245,242,1,0.4098360655737705,100.0,8250.0,825.0,486.0,549.0,687.0,138.0,3.1258198761311804,685.0,-136.0,237,329.0,154,0.0
36129,ES 06-26,1780946749252,1780946749332,Absorb,-1,7405.25,7405.0,1.0,126,123,1,0.64,80.0,3387.5,271.0,26.0,-161.0,55.0,216.0,-1.2113985751781027,-155.0,-6.0,120,259.0,89,0.0
36130,ES 06-26,1780946790272,1780946790296,Absorb,-1,7407.75,7406.75,4.0,132,127,1,0.183206106870229,24.0,11625.0,279.0,60.0,-41.0,119.0,160.0,-0.0314761574303559,78.0,-119.0,123,257.0,46,0.0
36131,ES 06-26,1780946993772,1780946993820,Absorb,-1,7414.0,7413.25,3.0,273,269,1,0.17647058823529413,48.0,7104.166666666667,341.0,6.0,105.0,223.0,118.0,0.573767098080108,160.0,-55.0,264,325.0,167,0.0
36132,ES 06-26,1780946998956,1780946999032,Absorb,1,7414.5,7413.5,4.0,182,180,1,0.4198895027624309,76.0,3289.4736842105262,250.0,30.0,132.0,191.0,59.0,0.6181983038246058,141.0,-9.0,173,237.0,73,0.0
36133,ES 06-26,1780947008496,1780947008728,Absorb,-1,7416.0,7415.0,4.0,176,172,1,1.3257142857142856,232.0,1176.7241379310344,273.0,25.0,273.0,273.0,0.0,1.4877349768875192,148.0,125.0,171,268.0,67,0.0
36134,ES 06-26,1780947023932,1780947024048,Predator,-1,7418.25,7416.25,8.0,433,421,1,0.26851851851851855,116.0,4258.620689655172,494.0,3.0,-178.0,158.0,336.0,-0.3416160250884232,-249.0,71.0,402,458.0,162,0.0
36135,ES 06-26,1780947086148,1780947086304,Absorb,-1,7420.5,7419.5,4.0,314,308,1,0.4984025559105431,156.0,2833.3333333333335,442.0,22.0,142.0,292.0,150.0,0.17639813907696125,133.0,9.0,301,424.0,90,0.0
36136,ES 06-26,1780947089672,1780947089744,Absorb,-1,7419.75,7419.75,0.0,130,130,1,0.5581395348837209,72.0,4111.111111111111,296.0,36.0,-296.0,0.0,296.0,-2.1848611888732608,-168.0,-128.0,129,295.0,130,0.0
36137,ES 06-26,1780947089948,1780947089952,Absorb,-1,7419.75,7419.25,2.0,92,90,1,0.04395604395604396,4.0,171250.0,685.0,484.0,-621.0,32.0,653.0,-9.119075875036604,-125.0,-496.0,86,195.0,59,0.0
36138,ES 06-26,1780947337716,1780947337732,Absorb,-1,7416.25,7415.75,2.0,79,79,1,0.20512820512820512,16.0,14250.0,228.0,50.0,-228.0,0.0,228.0,-3.105355404089581,-45.0,-183.0,76,225.0,35,0.0
36139,ES 06-26,1780947531704,1780947531792,Absorb,-1,7421.25,7420.5,3.0,205,201,1,0.43137254901960786,88.0,2931.818181818182,258.0,5.0,-108.0,75.0,183.0,-0.8202880583917204,-80.0,-28.0,194,238.0,112,0.0
36140,ES 06-26,1780947531920,1780947531924,Absorb,-1,7420.75,7420.75,0.0,131,131,1,0.03076923076923077,4.0,58500.0,234.0,12.0,234.0,234.0,0.0,1.848443922489724,101.0,133.0,130,233.0,131,0.0
36141,ES 06-26,1780947535208,1780947535228,Absorb,-1,7421.25,7420.75,2.0,166,162,1,0.12121212121212122,20.0,35500.0,710.0,451.0,670.0,690.0,20.0,4.186779125210696,140.0,530.0,158,252.0,132,0.0
36142,ES 06-26,1780948199924,1780948200028,Predator,-1,7419.75,7415.5,17.0,461,437,1,0.22608695652173913,104.0,9076.923076923078,944.0,64.0,452.0,698.0,246.0,1.4235728432653831,385.0,67.0,429,904.0,123,0.0
36143,ES 06-26,1780948210936,1780948210980,Predator,-1,7421.75,7416.25,22.0,517,512,1,0.08527131782945736,44.0,17886.363636363636,787.0,10.0,-765.0,11.0,776.0,-1.529966416161369,-344.0,-421.0,486,752.0,32,0.0
46145,ES 06-26,1780948311996,1780948312056,Absorb,-1,7413.0,7412.5,2.0,110,105,1,0.5504587155963303,60.0,3816.666666666667,229.0,76.0,175.0,202.0,27.0,1.2733268714920092,141.0,34.0,101,217.0,56,0.0
36144,ES 06-26,1780948311997,1780948312057,Absorb,-1,7413.0,7412.5,2.0,110,105,1,0.5504587155963303,60.0,3816.666666666667,229.0,76.0,175.0,202.0,27.0,1.2733268714920092,141.0,34.0,101,217.0,56,0.0
36145,ES 06-26,1780948320000,1780948320151,Absorb,-1,7411.75,7411.5,1.0,64,64,1,2.3968253968253967,151.0,1834.4370860927154,277.0,41.0,-255.0,11.0,266.0,-4.739766483516483,-186.0,-69.0,62,266.0,54,0.0
46147,ES 06-26,1780948370000,1780948370216,Predator,-1,7412.25,7410.75,6.0,280,268,1,0.7741935483870968,216.0,1662.037037037037,359.0,7.0,11.0,185.0,174.0,0.21535906981320826,-46.0,57.0,257,326.0,65,0.0
36146,ES 06-26,1780948370002,1780948370217,Predator,-1,7412.25,7410.75,6.0,280,268,1,0.7706093189964157,215.0,1669.7674418604652,359.0,7.0,11.0,185.0,174.0,0.21535906981320826,-46.0,57.0,257,326.0,65,0.0
36147,ES 06-26,1780948390015,1780948390259,Predator,1,7415.25,7413.75,6.0,356,348,1,0.6873239436619718,244.0,1700.8196721311476,415.0,5.0,63.0,239.0,176.0,0.09695143764104787,58.0,5.0,334,390.0,86,0.0
46148,ES 06-26,1780948390016,1780948390272,Predator,1,7415.25,7413.75,6.0,356,348,1,0.7211267605633803,256.0,1621.09375,415.0,5.0,63.0,239.0,176.0,0.09695143764104787,58.0,5.0,334,390.0,86,0.0
46149,ES 06-26,1780948479992,1780948480232,Predator,-1,7416.25,7414.75,6.0,356,346,1,0.676056338028169,240.0,1866.6666666666667,448.0,14.0,52.0,250.0,198.0,-0.029820562502576597,171.0,-119.0,334,420.0,89,0.0
38077,ES 06-26,1780948479993,1780948480158,Predator,-1,7416.25,7414.75,6.0,344,334,1,0.48104956268221577,165.0,2618.181818181818,432.0,14.0,68.0,250.0,182.0,-0.005692795679589184,177.0,-109.0,323,405.0,89,0.0
38078,ES 06-26,1780948490024,1780948490237,Predator,-1,7415.75,7414.25,6.0,283,278,1,0.7553191489361702,213.0,1535.2112676056338,327.0,5.0,-51.0,138.0,189.0,-0.27700660016031836,-73.0,22.0,268,311.0,73,0.0
46151,ES 06-26,1780948499968,1780948500240,Predator,-1,7415.25,7414.0,5.0,328,318,1,0.8318042813455657,272.0,1496.3235294117646,407.0,5.0,-195.0,106.0,301.0,-0.7976541878159642,-148.0,-47.0,305,379.0,101,0.0
38079,ES 06-26,1780948499969,1780948500239,Predator,-1,7415.25,7414.0,5.0,328,318,1,0.8256880733944955,270.0,1507.4074074074074,407.0,5.0,-195.0,106.0,301.0,-0.7976541878159642,-148.0,-47.0,305,379.0,101,0.0
38080,ES 06-26,1780948698137,1780948698215,Absorb,-1,7415.25,7414.75,2.0,212,204,1,0.3696682464454976,78.0,4192.307692307692,327.0,10.0,269.0,298.0,29.0,1.348220954089016,153.0,116.0,197,309.0,101,0.0
46152,ES 06-26,1780948698144,1780948698168,Absorb,-1,7415.25,7414.75,2.0,210,202,1,0.11483253588516747,24.0,13541.666666666666,325.0,10.0,267.0,296.0,29.0,1.3538648430641447,152.0,115.0,195,307.0,99,0.0
46153,ES 06-26,1780948739992,1780948740172,Absorb,-1,7416.75,7416.0,3.0,204,197,1,0.8866995073891626,180.0,1877.7777777777778,338.0,19.0,-36.0,151.0,187.0,-0.01577344142030235,2.0,-38.0,188,317.0,103,0.0
38081,ES 06-26,1780948741912,1780948742175,Absorb,1,7417.0,7416.5,2.0,107,102,1,2.481132075471698,263.0,794.6768060836501,209.0,20.0,71.0,140.0,69.0,0.7832735751092302,122.0,-51.0,98,200.0,60,0.0
38082,ES 06-26,1780948751040,1780948751133,Absorb,1,7417.75,7417.5,1.0,117,116,1,0.8017241379310345,93.0,2204.3010752688174,205.0,25.0,185.0,195.0,10.0,1.7998771148975707,111.0,74.0,115,202.0,110,0.0
46154,ES 06-26,1780948751056,1780948751132,Absorb,1,7417.75,7417.5,1.0,117,116,1,0.6551724137931034,76.0,2697.3684210526317,205.0,25.0,185.0,195.0,10.0,1.7998771148975707,111.0,74.0,115,202.0,110,0.0
38083,ES 06-26,1780948754591,1780948754619,Absorb,1,7418.25,7418.0,1.0,106,105,1,0.26666666666666666,28.0,8535.714285714286,239.0,25.0,-1.0,119.0,120.0,0.12896692445272942,103.0,-104.0,104,237.0,64,0.0
46155,ES 06-26,1780948754592,1780948754616,Absorb,1,7418.25,7418.0,1.0,106,105,1,0.22857142857142856,24.0,9958.333333333334,239.0,25.0,-1.0,119.0,120.0,0.12896692445272942,103.0,-104.0,104,237.0,64,0.0
38084,ES 06-26,1780948759005,1780948759164,Absorb,-1,7417.75,7417.0,3.0,272,269,1,0.5867158671586716,159.0,3176.1006289308175,505.0,28.0,-299.0,103.0,402.0,-1.4623217297137419,-89.0,-210.0,262,488.0,115,0.0
46156,ES 06-26,1780948759008,1780948759168,Absorb,-1,7417.75,7417.0,3.0,272,269,1,0.5904059040590406,160.0,3156.25,505.0,28.0,-299.0,103.0,402.0,-1.4623217297137419,-89.0,-210.0,262,488.0,115,0.0
46157,ES 06-26,1780948762008,1780948762172,Absorb,-1,7416.5,7416.0,2.0,204,199,1,0.8078817733990148,164.0,2268.292682926829,372.0,35.0,-204.0,84.0,288.0,-1.2680502646811458,-215.0,11.0,193,354.0,110,0.0
38085,ES 06-26,1780948762009,1780948762173,Absorb,-1,7416.5,7416.0,2.0,204,199,1,0.8078817733990148,164.0,2268.292682926829,372.0,35.0,-204.0,84.0,288.0,-1.2680502646811458,-215.0,11.0,193,354.0,110,0.0
38086,ES 06-26,1780948764937,1780948765017,Absorb,1,7415.75,7414.75,4.0,194,190,1,0.41450777202072536,80.0,5225.0,418.0,68.0,-322.0,48.0,370.0,-2.0557588557481727,-169.0,-153.0,187,405.0,78,0.0
46158,ES 06-26,1780948764940,1780948765016,Absorb,1,7415.75,7414.75,4.0,194,190,1,0.39378238341968913,76.0,5500.0,418.0,68.0,-322.0,48.0,370.0,-2.0557588557481727,-169.0,-153.0,187,405.0,78,0.0
46159,ES 06-26,1780948765936,1780948766040,Absorb,-1,7415.75,7415.5,1.0,119,118,1,0.8813559322033898,104.0,2009.6153846153848,209.0,18.0,197.0,203.0,6.0,1.7418245264207377,92.0,105.0,116,206.0,82,0.0
38087,ES 06-26,1780948765982,1780948766039,Absorb,-1,7415.75,7415.5,1.0,115,114,1,0.5,57.0,3578.9473684210525,204.0,18.0,192.0,198.0,6.0,1.7489307977590152,91.0,101.0,112,200.0,78,0.0
38088,ES 06-26,1780948767931,1780948768154,Absorb,-1,7415.5,7415.0,2.0,226,224,1,0.9911111111111112,223.0,1883.408071748879,420.0,25.0,-192.0,114.0,306.0,-1.1421569009655244,-222.0,30.0,220,413.0,164,0.0
46160,ES 06-26,1780948767932,1780948768116,Absorb,-1,7415.5,7415.0,2.0,225,223,1,0.8214285714285714,184.0,2277.1739130434785,419.0,25.0,-193.0,113.0,306.0,-1.1556689844079224,-221.0,28.0,219,412.0,163,0.0
38089,ES 06-26,1780948770660,1780948770878,Absorb,-1,7416.5,7416.0,2.0,145,142,1,1.5138888888888888,218.0,1059.633027522936,231.0,17.0,153.0,192.0,39.0,1.0514289088332547,125.0,28.0,137,220.0,140,0.0
46162,ES 06-26,1780948770964,1780948771072,Absorb,-1,7416.0,7415.5,2.0,205,202,1,0.5294117647058824,108.0,3731.4814814814818,403.0,22.0,-175.0,114.0,289.0,-1.1206209692022677,-221.0,46.0,197,393.0,115,0.0
38090,ES 06-26,1780948770965,1780948771067,Absorb,-1,7416.0,7415.5,2.0,205,202,1,0.5,102.0,3950.980392156863,403.0,22.0,-175.0,114.0,289.0,-1.1206209692022677,-221.0,46.0,197,393.0,115,0.0
38091,ES 06-26,1780948771897,1780948772188,Absorb,-1,7416.75,7416.25,2.0,141,137,1,2.0785714285714287,291.0,831.6151202749141,242.0,18.0,220.0,231.0,11.0,1.5754099062459865,119.0,101.0,132,230.0,92,0.0
38092,ES 06-26,1780948774003,1780948774055,Absorb,-1,7416.75,7416.25,2.0,167,165,1,0.3132530120481928,52.0,5961.538461538462,310.0,16.0,-82.0,114.0,196.0,-1.0565126201985013,-103.0,21.0,161,304.0,116,0.0
46163,ES 06-26,1780948774012,1780948774052,Absorb,-1,7416.75,7416.25,2.0,167,165,1,0.24096385542168675,40.0,7750.0,310.0,16.0,-82.0,114.0,196.0,-1.0565126201985013,-103.0,21.0,161,304.0,116,0.0
38093,ES 06-26,1780948774734,1780948774940,Absorb,-1,7417.0,7416.5,2.0,154,152,1,1.34640522875817,206.0,1237.864077669903,255.0,22.0,41.0,148.0,107.0,0.15685617355446577,144.0,-103.0,150,250.0,150,0.0
38094,ES 06-26,1780948775001,1780948775183,Absorb,-1,7417.0,7416.5,2.0,134,128,1,1.368421052631579,182.0,1307.6923076923076,238.0,17.0,92.0,165.0,73.0,0.5673562014488959,113.0,-21.0,123,220.0,78,0.0
46164,ES 06-26,1780948775264,1780948775372,Absorb,-1,7417.0,7416.75,1.0,140,138,1,0.7769784172661871,108.0,2240.740740740741,242.0,14.0,228.0,235.0,7.0,1.5190745883536332,120.0,108.0,134,228.0,134,0.0
38095,ES 06-26,1780948775266,1780948775371,Absorb,-1,7417.0,7416.75,1.0,140,138,1,0.7553956834532374,105.0,2304.761904761905,242.0,14.0,228.0,235.0,7.0,1.5190745883536332,120.0,108.0,134,228.0,134,0.0
46165,ES 06-26,1780948776964,1780948777172,Absorb,-1,7416.25,7416.0,1.0,191,188,1,1.0947368421052632,208.0,1725.9615384615386,359.0,21.0,-123.0,118.0,241.0,-0.474884610085423,-205.0,82.0,183,347.0,131,0.0
38096,ES 06-26,1780948776966,1780948777172,Absorb,-1,7416.25,7416.0,1.0,191,188,1,1.0842105263157895,206.0,1742.7184466019419,359.0,21.0,-123.0,118.0,241.0,-0.474884610085423,-205.0,82.0,183,347.0,131,0.0
38097,ES 06-26,1780948779266,1780948779456,Absorb,-1,7416.5,7415.75,3.0,213,211,1,0.8962264150943396,190.0,1689.4736842105262,321.0,11.0,89.0,205.0,116.0,0.5811839827538676,153.0,-64.0,207,296.0,167,0.0
46166,ES 06-26,1780948779280,1780948779456,Absorb,-1,7416.5,7415.75,3.0,213,211,1,0.8301886792452831,176.0,1823.8636363636365,321.0,11.0,89.0,205.0,116.0,0.5811839827538676,153.0,-64.0,207,296.0,167,0.0
38098,ES 06-26,1780948779967,1780948780035,Absorb,-1,7415.25,7414.75,2.0,261,256,1,0.26153846153846155,68.0,8750.0,595.0,81.0,-303.0,146.0,449.0,-1.6142297905656684,-218.0,-85.0,250,576.0,122,0.0
46167,ES 06-26,1780948779968,1780948780204,Predator,-1,7416.0,7414.75,5.0,400,390,1,0.5914786967418546,236.0,3682.2033898305085,869.0,81.0,-51.0,409.0,460.0,-0.27467290420565127,-436.0,385.0,382,839.0,122,0.0
38099,ES 06-26,1780948780089,1780948780345,Absorb,-1,7416.25,7415.5,3.0,146,141,1,1.7655172413793103,256.0,1101.5625,282.0,34.0,260.0,271.0,11.0,1.732927805037934,113.0,147.0,138,270.0,54,0.0
38100,ES 06-26,1780948783234,1780948783467,Absorb,1,7416.75,7416.5,1.0,238,235,1,0.9831223628691983,233.0,1695.2789699570815,395.0,14.0,183.0,289.0,106.0,1.054570443187073,200.0,-17.0,232,387.0,175,0.0
46168,ES 06-26,1780948783264,1780948783468,Absorb,1,7416.75,7416.5,1.0,238,235,1,0.8607594936708861,204.0,1936.2745098039218,395.0,14.0,183.0,289.0,106.0,1.054570443187073,200.0,-17.0,232,387.0,175,0.0
38101,ES 06-26,1780948783900,1780948784022,Absorb,1,7417.0,7416.5,2.0,293,291,1,0.4178082191780822,122.0,4336.065573770492,529.0,19.0,141.0,335.0,194.0,-0.07312360635497361,163.0,-22.0,289,525.0,122,0.0
46169,ES 06-26,1780948783904,1780948784036,Absorb,1,7417.0,7416.5,2.0,293,291,1,0.4520547945205479,132.0,4007.5757575757575,529.0,19.0,141.0,335.0,194.0,-0.07312360635497361,163.0,-22.0,289,525.0,122,0.0
46170,ES 06-26,1780948785012,1780948785192,Absorb,-1,7417.25,7416.75,2.0,224,214,1,0.8071748878923767,180.0,2161.1111111111113,389.0,17.0,67.0,228.0,161.0,0.6017675635276533,-32.0,99.0,203,346.0,123,0.0
46171,ES 06-26,1780948785264,1780948785556,Absorb,-1,7417.5,7416.75,3.0,259,248,1,1.1317829457364341,292.0,1842.4657534246576,538.0,21.0,186.0,362.0,176.0,0.7267265732382011,263.0,-77.0,237,476.0,163,0.0
38102,ES 06-26,1780948786987,1780948787027,Absorb,-1,7416.75,7416.25,2.0,175,173,1,0.22988505747126436,40.0,10125.0,405.0,66.0,-67.0,169.0,236.0,-0.8893013882669055,129.0,-196.0,169,384.0,79,0.0
46172,ES 06-26,1780948787000,1780948787056,Absorb,-1,7416.75,7416.25,2.0,175,173,1,0.3218390804597701,56.0,7232.142857142857,405.0,66.0,-67.0,169.0,236.0,-0.8893013882669055,129.0,-196.0,169,384.0,79,0.0
46173,ES 06-26,1780948787848,1780948788144,Absorb,-1,7417.0,7416.0,4.0,255,248,1,1.1653543307086613,296.0,1820.945945945946,539.0,23.0,421.0,480.0,59.0,1.821762824224178,214.0,207.0,241,502.0,107,0.0
38103,ES 06-26,1780948788000,1780948788144,Absorb,-1,7417.0,7416.5,2.0,152,147,1,0.9536423841059603,144.0,2368.0555555555557,341.0,23.0,255.0,298.0,43.0,1.6979425091751583,170.0,85.0,141,307.0,107,0.0
38104,ES 06-26,1780948788257,1780948788492,Absorb,-1,7416.75,7416.5,1.0,128,125,1,1.8503937007874016,235.0,1068.085106382979,251.0,20.0,-69.0,91.0,160.0,-0.4346159128364768,-142.0,73.0,121,241.0,77,0.0
46174,ES 06-26,1780948788268,1780948788492,Absorb,-1,7416.75,7416.5,1.0,128,125,1,1.763779527559055,224.0,1120.5357142857142,251.0,20.0,-69.0,91.0,160.0,-0.4346159128364768,-142.0,73.0,121,241.0,77,0.0
46175,ES 06-26,1780948789260,1780948789336,Absorb,-1,7416.75,7416.5,1.0,142,140,1,0.5390070921985816,76.0,3723.684210526316,283.0,17.0,-75.0,104.0,179.0,-0.4718571808772588,-168.0,93.0,138,278.0,81,0.0
46176,ES 06-26,1780948790296,1780948790376,Absorb,1,7416.75,7416.5,1.0,120,117,1,0.6722689075630253,80.0,3200.0,256.0,22.0,94.0,175.0,81.0,0.6884228071393846,161.0,-67.0,114,248.0,69,0.0
46177,ES 06-26,1780948791020,1780948791200,Absorb,-1,7417.0,7416.25,3.0,331,324,1,0.5454545454545454,180.0,3716.666666666667,669.0,26.0,85.0,377.0,292.0,0.3496742256033196,-49.0,134.0,316,648.0,144,0.0
46178,ES 06-26,1780948791996,1780948792208,Absorb,-1,7416.0,7415.5,2.0,166,161,1,1.284848484848485,212.0,1655.6603773584907,351.0,25.0,-197.0,77.0,274.0,-0.7801942664506694,-86.0,-111.0,156,322.0,102,0.0
38105,ES 06-26,1780948794244,1780948794401,Absorb,-1,7416.25,7415.75,2.0,106,103,1,1.4952380952380953,157.0,1687.8980891719746,265.0,29.0,9.0,137.0,128.0,0.7847645917827544,72.0,-63.0,100,244.0,91,0.0
46179,ES 06-26,1780948794264,1780948794464,Absorb,-1,7416.25,7415.75,2.0,109,106,1,1.8518518518518519,200.0,1340.0,268.0,29.0,12.0,140.0,128.0,0.6807710128811046,73.0,-61.0,103,247.0,94,0.0
38106,ES 06-26,1780948794539,1780948794715,Absorb,-1,7415.75,7415.5,1.0,221,218,1,0.8,176.0,2164.7727272727275,381.0,15.0,-127.0,127.0,254.0,-0.9324835736600442,-152.0,25.0,214,372.0,155,0.0
46180,ES 06-26,1780948794552,1780948794716,Absorb,-1,7415.75,7415.5,1.0,221,218,1,0.7454545454545455,164.0,2323.170731707317,381.0,15.0,-127.0,127.0,254.0,-0.9324835736600442,-152.0,25.0,214,372.0,155,0.0
46181,ES 06-26,1780948796684,1780948796812,Absorb,-1,7414.75,7414.0,3.0,256,250,1,0.5019607843137255,128.0,5554.6875,711.0,66.0,-627.0,42.0,669.0,-2.414431935225452,-429.0,-198.0,242,684.0,103,0.0
38107,ES 06-26,1780948796685,1780948796812,Absorb,-1,7414.75,7414.0,3.0,256,250,1,0.4980392156862745,127.0,5598.425196850394,711.0,66.0,-627.0,42.0,669.0,-2.414431935225452,-429.0,-198.0,242,684.0,103,0.0
46182,ES 06-26,1780948796916,1780948797212,Predator,-1,7415.5,7414.25,5.0,505,485,1,0.5873015873015873,296.0,3834.4594594594596,1135.0,29.0,217.0,676.0,459.0,0.7528233568698485,122.0,95.0,466,1061.0,174,0.0
38108,ES 06-26,1780948801286,1780948801501,Absorb,-1,7416.25,7415.75,2.0,97,92,1,2.2395833333333335,215.0,1013.953488372093,218.0,17.0,182.0,200.0,18.0,1.6254470860509151,101.0,81.0,88,202.0,61,0.0
46183,ES 06-26,1780948802128,1780948802320,Absorb,-1,7416.5,7415.75,3.0,120,117,1,1.6134453781512605,192.0,1171.875,225.0,20.0,-93.0,66.0,159.0,-0.9908465865685117,12.0,-105.0,111,211.0,67,0.0
38109,ES 06-26,1780948810564,1780948810666,Predator,-1,7418.75,7417.0,7.0,318,311,1,0.3217665615141956,102.0,5294.117647058823,540.0,12.0,-316.0,112.0,428.0,-1.2841484469035374,-217.0,-99.0,298,502.0,80,0.0
38110,ES 06-26,1780948812527,1780948812575,Predator,-1,7417.25,7415.75,6.0,345,336,1,0.13953488372093023,48.0,13833.333333333334,664.0,38.0,-494.0,85.0,579.0,-1.649155742064443,-323.0,-171.0,321,631.0,81,0.0
46185,ES 06-26,1780948812548,1780948812584,Predator,-1,7417.25,7415.75,6.0,345,336,1,0.10465116279069768,36.0,18444.444444444445,664.0,38.0,-494.0,85.0,579.0,-1.649155742064443,-323.0,-171.0,321,631.0,81,0.0
46186,ES 06-26,1780948812716,1780948812724,Absorb,-1,7416.0,7415.0,4.0,128,122,1,0.06299212598425197,8.0,40500.0,324.0,100.0,-264.0,30.0,294.0,-1.510054248306171,-49.0,-215.0,114,302.0,44,0.0
38111,ES 06-26,1780948812717,1780948812724,Absorb,-1,7416.0,7415.0,4.0,128,122,1,0.05511811023622047,7.0,46285.71428571428,324.0,100.0,-264.0,30.0,294.0,-1.510054248306171,-49.0,-215.0,114,302.0,44,0.0
46187,ES 06-26,1780948827020,1780948827052,Predator,-1,7417.0,7415.75,5.0,203,196,1,0.15841584158415842,32.0,10750.0,344.0,30.0,-230.0,57.0,287.0,-1.1370301620135934,-175.0,-55.0,186,325.0,64,0.0
38112,ES 06-26,1780948827022,1780948827053,Predator,-1,7417.0,7415.75,5.0,203,196,1,0.15346534653465346,31.0,11096.774193548386,344.0,30.0,-230.0,57.0,287.0,-1.1370301620135934,-175.0,-55.0,186,325.0,64,0.0
38113,ES 06-26,1780948859598,1780948859656,Absorb,-1,7414.0,7414.0,0.0,92,92,1,0.6373626373626373,58.0,4103.448275862069,238.0,51.0,-238.0,0.0,238.0,-2.033938011497619,-159.0,-79.0,91,237.0,92,0.0
46188,ES 06-26,1780948859600,1780948859672,Absorb,-1,7414.0,7414.0,0.0,92,92,1,0.7912087912087912,72.0,3305.5555555555557,238.0,51.0,-238.0,0.0,238.0,-2.033938011497619,-159.0,-79.0,91,237.0,92,0.0
38114,ES 06-26,1780949370570,1780949370603,Predator,-1,7417.25,7413.75,14.0,348,331,1,0.09510086455331412,33.0,14818.181818181818,489.0,20.0,-295.0,97.0,392.0,-0.9916036135669067,-199.0,-96.0,302,424.0,50,0.0
46189,ES 06-26,1780949370572,1780949370592,Predator,-1,7417.25,7413.75,14.0,348,331,1,0.05763688760806916,20.0,24450.0,489.0,20.0,-295.0,97.0,392.0,-0.9916036135669067,-199.0,-96.0,302,424.0,50,0.0
46190,ES 06-26,1780949370592,1780949370716,Predator,-1,7415.0,7413.5,6.0,336,320,1,0.3701492537313433,124.0,3411.2903225806454,423.0,4.0,191.0,307.0,116.0,0.5753334324562014,39.0,152.0,306,384.0,141,0.0
38165,ES 06-26,1780950369714,1780950369727,Predator,-1,7411.5,7409.5,8.0,155,148,1,0.08441558441558442,13.0,15384.615384615385,200.0,10.0,-112.0,44.0,156.0,-0.8379330347072282,-94.0,-18.0,134,178.0,39,0.0
46191,ES 06-26,1780950369716,1780950369724,Predator,-1,7411.5,7409.5,8.0,155,148,1,0.05194805194805195,8.0,25000.0,200.0,10.0,-112.0,44.0,156.0,-0.8379330347072282,-94.0,-18.0,134,178.0,39,0.0
46192,ES 06-26,1780950369724,1780950369880,Predator,-1,7410.0,7408.0,8.0,261,244,1,0.6,156.0,1923.076923076923,300.0,4.0,-12.0,144.0,156.0,-0.2663150221718266,-91.0,79.0,226,260.0,55,0.0
46193,ES 06-26,1780950378220,1780950378248,Predator,-1,7411.5,7409.5,8.0,157,146,1,0.1794871794871795,28.0,7535.714285714285,211.0,5.0,163.0,187.0,24.0,1.0526237448756195,106.0,57.0,141,184.0,52,0.0
38166,ES 06-26,1780950378221,1780950378334,Predator,-1,7411.5,7409.5,8.0,169,158,1,0.6726190476190477,113.0,2017.6991150442477,228.0,5.0,164.0,196.0,32.0,1.014606434289692,117.0,47.0,152,199.0,57,0.0
46194,ES 06-26,1780972737772,1780972737812,Predator,-1,7419.25,7417.75,6.0,146,137,1,0.27586206896551724,40.0,5225.0,209.0,14.0,155.0,182.0,27.0,1.3728919437401792,132.0,23.0,131,194.0,39,0.0
46195,ES 06-26,1780992218184,1780992218304,Predator,-1,7436.75,7435.25,6.0,174,167,1,0.6936416184971098,120.0,1958.3333333333335,235.0,4.0,69.0,152.0,83.0,0.6314473646743928,114.0,-45.0,161,218.0,60,0.0
46196,ES 06-26,1780994364232,1780994364248,Predator,1,7448.25,7446.5,7.0,200,194,1,0.08040201005025126,16.0,43437.5,695.0,349.0,-157.0,269.0,426.0,0.6914242856071402,145.0,-302.0,181,299.0,94,0.0
46197,ES 06-26,1780999615316,1780999615412,Predator,-1,7449.75,7447.75,8.0,228,211,1,0.42290748898678415,96.0,2583.3333333333335,248.0,4.0,-32.0,108.0,140.0,-0.15744671587978662,-70.0,38.0,187,203.0,78,0.0
46198,ES 06-26,1780999618100,1780999618152,Predator,-1,7438.25,7434.5,15.0,241,218,1,0.21666666666666667,52.0,5269.2307692307695,274.0,4.0,-134.0,70.0,204.0,-0.5726826926374267,-121.0,-13.0,182,206.0,59,0.0
46199,ES 06-26,1780999622456,1780999622544,Absorb,-1,7444.0,7443.25,3.0,54,48,1,1.6603773584905661,88.0,2318.1818181818185,204.0,50.0,186.0,195.0,9.0,3.2264532113588715,174.0,12.0,44,151.0,20,0.0
46200,ES 06-26,1781002445668,1781002445900,Predator,-1,7453.0,7450.5,10.0,397,362,1,0.5858585858585859,232.0,1862.0689655172414,432.0,5.0,92.0,262.0,170.0,0.21618128041934734,79.0,13.0,333,366.0,103,0.0
46201,ES 06-26,1781002487048,1781002487232,Predator,-1,7452.0,7449.0,12.0,229,219,1,0.8070175438596491,184.0,1385.8695652173913,255.0,4.0,-103.0,76.0,179.0,-0.6227823688707244,-106.0,3.0,199,219.0,43,0.0
46202,ES 06-26,1781008278840,1781008278976,Absorb,-1,7449.75,7449.5,1.0,99,97,1,1.3877551020408163,136.0,1661.764705882353,226.0,100.0,222.0,224.0,2.0,2.5335683364254793,67.0,155.0,95,219.0,63,0.0
46203,ES 06-26,1781009983604,1781009983708,Predator,-1,7454.25,7452.0,9.0,376,365,1,0.2773333333333333,104.0,4596.153846153847,478.0,16.0,78.0,278.0,200.0,0.3082922286810768,248.0,-170.0,360,461.0,123,0.0
46204,ES 06-26,1781010131604,1781010131776,Predator,-1,7455.75,7453.0,11.0,556,532,1,0.3099099099099099,172.0,3587.2093023255816,617.0,9.0,231.0,424.0,193.0,0.4608155059726298,257.0,-26.0,516,571.0,125,0.0
46205,ES 06-26,1781010360220,1781010360320,Predator,-1,7459.75,7457.75,8.0,194,177,1,0.5181347150259067,100.0,2710.0,271.0,16.0,187.0,229.0,42.0,0.9020203555858702,155.0,32.0,166,238.0,63,0.0
46206,ES 06-26,1781011500020,1781011500184,Absorb,-1,7452.75,7451.75,4.0,177,171,1,0.9318181818181818,164.0,1371.9512195121952,225.0,12.0,29.0,127.0,98.0,0.20603651252575267,84.0,-55.0,166,208.0,64,0.0
46207,ES 06-26,1781011519244,1781011519276,Absorb,-1,7454.25,7453.25,4.0,154,147,1,0.20915032679738563,32.0,7093.75,227.0,19.0,39.0,133.0,94.0,0.2104717546842784,99.0,-60.0,140,211.0,64,0.0
46208,ES 06-26,1781011542244,1781011542280,Predator,1,7453.75,7452.0,7.0,176,175,1,0.2057142857142857,36.0,5972.222222222223,215.0,5.0,187.0,201.0,14.0,1.1730519480519481,108.0,79.0,167,203.0,34,0.0
46209,ES 06-26,1781012064992,1781012065080,Predator,-1,7457.75,7456.5,5.0,312,307,1,0.2829581993569132,88.0,4988.636363636364,439.0,27.0,-57.0,191.0,248.0,-0.21957941742877485,-210.0,153.0,297,406.0,186,0.0
46210,ES 06-26,1781012065364,1781012065436,Absorb,-1,7457.5,7457.0,2.0,55,52,1,1.3333333333333333,72.0,5333.333333333334,384.0,297.0,350.0,367.0,17.0,2.25974025974026,352.0,-2.0,49,372.0,29,0.0
46211,ES 06-26,1781012139660,1781012139848,Absorb,-1,7462.5,7461.75,3.0,100,96,1,1.898989898989899,188.0,1063.8297872340424,200.0,31.0,14.0,107.0,93.0,0.01966996699669967,104.0,-90.0,92,190.0,71,0.0
46212,ES 06-26,1781012194336,1781012194540,Absorb,-1,7465.75,7464.75,4.0,219,211,1,0.9357798165137615,204.0,1446.0784313725492,295.0,13.0,55.0,175.0,120.0,0.04340146469089538,114.0,-59.0,204,264.0,95,0.0
46213,ES 06-26,1781012270944,1781012270968,Absorb,-1,7467.75,7466.75,4.0,153,148,1,0.15789473684210525,24.0,8833.333333333334,212.0,25.0,144.0,178.0,34.0,1.0809510407033627,107.0,37.0,146,204.0,76,0.0
46214,ES 06-26,1781012272272,1781012272292,Predator,-1,7469.25,7467.5,7.0,280,268,1,0.07168458781362007,20.0,31900.0,638.0,185.0,446.0,542.0,96.0,2.076919986224314,185.0,261.0,258,597.0,76,0.0
46215,ES 06-26,1781012272292,1781012272412,Absorb,-1,7468.25,7467.25,4.0,212,197,1,0.5687203791469194,120.0,2108.3333333333335,253.0,4.0,-121.0,66.0,187.0,-0.824925408662293,-100.0,-21.0,180,220.0,150,0.0
46216,ES 06-26,1781012403892,1781012404016,Absorb,-1,7465.75,7464.75,4.0,238,228,1,0.5232067510548524,124.0,3217.741935483871,399.0,38.0,-243.0,78.0,321.0,-1.1981980017259803,-120.0,-123.0,213,361.0,101,0.0
46217,ES 06-26,1781012589280,1781012589340,Absorb,-1,7473.5,7472.75,3.0,153,149,1,0.39473684210526316,60.0,5283.333333333334,317.0,23.0,225.0,271.0,46.0,1.8202860091404982,163.0,62.0,147,311.0,71,0.0
46218,ES 06-26,1781012764504,1781012764536,Predator,-1,7480.0,7478.75,5.0,190,185,1,0.1693121693121693,32.0,8062.5,258.0,6.0,88.0,173.0,85.0,0.6705638441653873,128.0,-40.0,181,242.0,87,0.0
46219,ES 06-26,1781012849172,1781012849308,Absorb,-1,7485.0,7484.5,2.0,181,175,1,0.7555555555555555,136.0,2014.705882352941,274.0,25.0,30.0,152.0,122.0,0.157837006455791,69.0,-39.0,168,247.0,89,0.0
46220,ES 06-26,1781012936476,1781012936476,Predator,-1,7489.25,7488.0,5.0,156,150,1,0.0,0.0,310000.0,310.0,25.0,308.0,309.0,1.0,1.904199396247886,156.0,152.0,148,295.0,35,0.0
46222,ES 06-26,1781012940076,1781012940224,Absorb,1,7488.5,7487.75,3.0,171,168,1,0.8705882352941177,148.0,1391.8918918918919,206.0,5.0,-134.0,36.0,170.0,-1.0155134758921929,-28.0,-106.0,167,200.0,54,0.0
46223,ES 06-26,1781012955588,1781012955676,Absorb,-1,7490.25,7490.0,1.0,107,106,1,0.8301886792452831,88.0,2704.5454545454545,238.0,55.0,-196.0,21.0,217.0,-2.297507788161994,-178.0,-18.0,105,236.0,87,0.0
46224,ES 06-26,1781012957936,1781012958068,Absorb,-1,7490.0,7489.75,1.0,99,98,1,1.346938775510204,132.0,1590.9090909090908,210.0,34.0,-208.0,1.0,209.0,-1.5436487322201609,-152.0,-56.0,95,203.0,81,0.0
46225,ES 06-26,1781013005560,1781013005580,Absorb,-1,7490.0,7489.75,1.0,127,127,1,0.15873015873015872,20.0,13700.0,274.0,31.0,118.0,196.0,78.0,1.033868813273341,195.0,-77.0,125,272.0,65,0.0
46226,ES 06-26,1781013008584,1781013008764,Predator,-1,7489.25,7487.75,6.0,376,368,1,0.48,180.0,2600.0,468.0,10.0,-168.0,150.0,318.0,-0.44471505163948305,-196.0,28.0,353,440.0,153,0.0
46227,ES 06-26,1781013016068,1781013016312,Absorb,-1,7486.5,7486.0,2.0,193,189,1,1.2708333333333333,244.0,938.5245901639345,229.0,6.0,223.0,226.0,3.0,1.129780727525239,117.0,106.0,186,220.0,151,0.0
46228,ES 06-26,1781013100508,1781013100600,Predator,-1,7480.75,7479.5,5.0,267,264,1,0.3458646616541353,92.0,7423.913043478261,683.0,218.0,-175.0,254.0,429.0,-1.2156840617391205,-162.0,-13.0,258,662.0,135,0.0
46229,ES 06-26,1781013100600,1781013100656,Absorb,-1,7481.25,7480.25,4.0,248,238,1,0.22672064777327935,56.0,6339.285714285714,355.0,24.0,173.0,264.0,91.0,0.6574986113973984,144.0,29.0,231,332.0,91,0.0
46230,ES 06-26,1781013139632,1781013139648,Absorb,-1,7484.0,7483.25,3.0,153,151,1,0.10526315789473684,16.0,12562.5,201.0,6.0,-155.0,23.0,178.0,-1.2438415557610605,-89.0,-66.0,146,192.0,69,0.0
46231,ES 06-26,1781013351872,1781013352024,Absorb,-1,7472.25,7471.5,3.0,173,170,1,0.8837209302325582,152.0,1414.4736842105262,215.0,8.0,-147.0,34.0,181.0,-0.8004505611154632,-97.0,-50.0,164,206.0,87,0.0
46232,ES 06-26,1781013612856,1781013613124,Predator,-1,7461.5,7459.75,7.0,355,345,1,0.7570621468926554,268.0,1630.597014925373,437.0,8.0,-127.0,155.0,282.0,-0.2796991049323938,-77.0,-50.0,328,404.0,94,0.0
46233,ES 06-26,1781013637792,1781013638048,Predator,-1,7462.75,7461.5,5.0,170,168,1,1.514792899408284,256.0,960.9375,246.0,25.0,-242.0,2.0,244.0,-1.4459486690970378,-128.0,-114.0,160,236.0,71,0.0
46234,ES 06-26,1781013679936,1781013680052,Absorb,-1,7468.0,7467.25,3.0,182,180,1,0.6408839779005525,116.0,1827.5862068965516,212.0,3.0,-144.0,34.0,178.0,-0.997588409235905,-102.0,-42.0,175,205.0,109,0.0
46235,ES 06-26,1781014075080,1781014075196,Predator,-1,7462.5,7461.25,5.0,278,269,1,0.4187725631768953,116.0,2836.206896551724,329.0,5.0,-171.0,79.0,250.0,-0.7617903813667362,-164.0,-7.0,255,300.0,105,0.0
46236,ES 06-26,1781014125696,1781014125868,Predator,-1,7468.25,7467.0,5.0,178,169,1,0.9717514124293786,172.0,1174.418604651163,202.0,3.0,60.0,131.0,71.0,0.5640213250149745,24.0,36.0,161,180.0,51,0.0
46237,ES 06-26,1781014213720,1781014213968,Predator,-1,7457.5,7456.25,5.0,181,178,1,1.3777777777777778,248.0,883.0645161290323,219.0,5.0,-189.0,15.0,204.0,-1.152125958755793,-107.0,-82.0,170,208.0,63,0.0
46238,ES 06-26,1781014223976,1781014224068,Absorb,-1,7455.5,7454.5,4.0,168,164,1,0.5508982035928144,92.0,2836.9565217391305,261.0,50.0,-167.0,47.0,214.0,-1.043038605797703,-143.0,-24.0,157,250.0,59,0.0
46239,ES 06-26,1781014395896,1781014395984,Absorb,-1,7447.5,7447.0,2.0,120,117,1,0.7394957983193278,88.0,2420.4545454545455,213.0,28.0,-87.0,63.0,150.0,-0.7352455031599416,-105.0,18.0,114,186.0,52,0.0
46240,ES 06-26,1781014398588,1781014398808,Absorb,-1,7445.75,7445.0,3.0,139,135,1,1.5942028985507246,220.0,1104.5454545454545,243.0,21.0,-109.0,67.0,176.0,-0.9406944010009384,-151.0,42.0,130,232.0,64,0.0
46241,ES 06-26,1781014432204,1781014432404,Absorb,-1,7440.75,7440.0,3.0,160,155,1,1.2578616352201257,200.0,1040.0,208.0,10.0,-96.0,56.0,152.0,-0.5560236727997188,-105.0,9.0,147,194.0,78,0.0
46242,ES 06-26,1781014433944,1781014434224,Absorb,-1,7440.5,7439.5,4.0,227,221,1,1.238938053097345,280.0,999.9999999999999,280.0,25.0,10.0,145.0,135.0,0.4182662418003607,-12.0,22.0,215,264.0,92,0.0
46243,ES 06-26,1781014450752,1781014450964,Absorb,-1,7439.25,7438.25,4.0,204,197,1,1.0443349753694582,212.0,1566.0377358490566,332.0,66.0,-172.0,80.0,252.0,-1.032827529666198,-97.0,-75.0,188,310.0,72,0.0
46244,ES 06-26,1781014561060,1781014561124,Absorb,-1,7433.75,7433.5,1.0,67,67,1,0.9696969696969697,64.0,3140.625,201.0,40.0,149.0,175.0,26.0,2.4845957378880996,160.0,-11.0,65,199.0,43,0.0
46245,ES 06-26,1781014610928,1781014610948,Absorb,-1,7430.0,7429.25,3.0,172,168,1,0.11695906432748537,20.0,12050.0,241.0,31.0,-15.0,113.0,128.0,0.06336330812243675,-111.0,96.0,164,229.0,55,0.0
46246,ES 06-26,1781014631012,1781014631240,Absorb,-1,7428.0,7427.25,3.0,162,157,1,1.4161490683229814,228.0,1460.5263157894735,333.0,53.0,73.0,203.0,130.0,-0.09052572749558613,115.0,-42.0,149,320.0,66,0.0
46247,ES 06-26,1781014632916,1781014632972,Absorb,-1,7426.0,7425.0,4.0,144,142,1,0.3916083916083916,56.0,3839.285714285714,215.0,13.0,-179.0,18.0,197.0,-1.2683265010851217,-94.0,-85.0,136,202.0,53,0.0
46248,ES 06-26,1781014783956,1781014784108,Predator,-1,7421.75,7420.25,6.0,247,237,1,0.6178861788617886,152.0,1835.5263157894738,279.0,4.0,-103.0,88.0,191.0,-0.4274727094926689,-93.0,-10.0,221,252.0,112,0.0
46249,ES 06-26,1781014804244,1781014804436,Absorb,-1,7419.75,7419.0,3.0,171,165,1,1.1294117647058823,192.0,1062.5,204.0,5.0,70.0,137.0,67.0,0.7686154510763914,77.0,-7.0,159,191.0,67,0.0
46250,ES 06-26,1781014834832,1781014835016,Absorb,-1,7418.25,7417.25,4.0,111,109,1,1.6727272727272726,184.0,1342.391304347826,247.0,70.0,-201.0,23.0,224.0,-2.123797823797824,-185.0,-16.0,104,240.0,34,0.0
46251,ES 06-26,1781014942300,1781014942488,Predator,-1,7425.5,7424.0,6.0,295,285,1,0.6394557823129252,188.0,2085.1063829787236,392.0,15.0,268.0,330.0,62.0,1.0978007235876486,202.0,66.0,279,372.0,78,0.0
46252,ES 06-26,1781014958024,1781014958092,Predator,-1,7428.5,7427.25,5.0,187,181,1,0.3655913978494624,68.0,3235.2941176470586,220.0,4.0,124.0,172.0,48.0,0.7605199314392257,97.0,27.0,178,209.0,58,0.0
46253,ES 06-26,1781015493344,1781015493576,Predator,-1,7426.25,7424.75,6.0,262,247,1,0.8888888888888888,232.0,1275.8620689655172,296.0,4.0,-100.0,98.0,198.0,-0.33932150112213505,-126.0,26.0,229,260.0,120,0.0
46254,ES 06-26,1781015737328,1781015737396,Predator,1,7430.0,7428.75,5.0,247,235,1,0.2764227642276423,68.0,5294.117647058823,360.0,32.0,122.0,241.0,119.0,0.6507937898368144,181.0,-59.0,219,330.0,106,0.0
46255,ES 06-26,1781015927776,1781015927932,Predator,-1,7430.0,7428.5,6.0,174,171,1,0.9017341040462428,156.0,1326.923076923077,207.0,4.0,-149.0,29.0,178.0,-0.8310304963125373,-104.0,-45.0,163,192.0,61,0.0
46256,ES 06-26,1781016281260,1781016281312,Absorb,-1,7407.25,7406.25,4.0,156,153,1,0.33548387096774196,52.0,5153.846153846154,268.0,20.0,-190.0,39.0,229.0,-1.6163661076954687,-47.0,-143.0,146,252.0,78,0.0
46257,ES 06-26,1781016287736,1781016287868,Absorb,-1,7407.5,7406.5,4.0,191,186,1,0.6947368421052632,132.0,1863.6363636363635,246.0,7.0,34.0,140.0,106.0,0.1667763157894737,-85.0,119.0,179,230.0,100,0.0
46258,ES 06-26,1781016290088,1781016290324,Absorb,-1,7408.25,7408.0,1.0,132,131,1,1.8015267175572518,236.0,919.4915254237288,217.0,28.0,71.0,144.0,73.0,0.3859866529613416,114.0,-43.0,129,212.0,89,0.0
46259,ES 06-26,1781016307392,1781016307532,Absorb,1,7409.25,7408.25,4.0,169,165,1,0.8333333333333334,140.0,1557.1428571428569,218.0,10.0,162.0,190.0,28.0,0.9254363283775049,106.0,56.0,157,198.0,62,0.0
46260,ES 06-26,1781016346792,1781016346900,Absorb,-1,7405.25,7404.5,3.0,93,91,1,1.173913043478261,108.0,1888.888888888889,204.0,66.0,-124.0,40.0,164.0,-1.9028975560263794,-87.0,-37.0,85,193.0,40,0.0
46261,ES 06-26,1781016369100,1781016369392,Absorb,-1,7400.75,7400.0,3.0,204,198,1,1.438423645320197,292.0,962.3287671232878,281.0,10.0,-195.0,43.0,238.0,-0.9946017767914567,-131.0,-64.0,190,261.0,109,0.0
46262,ES 06-26,1781016395616,1781016395868,Predator,-1,7397.0,7393.0,16.0,730,697,1,0.345679012345679,252.0,3575.3968253968255,901.0,14.0,-419.0,241.0,660.0,-0.5652231100771183,-459.0,40.0,652,795.0,125,0.0
46263,ES 06-26,1781016417040,1781016417168,Predator,-1,7396.0,7393.75,9.0,437,413,1,0.29357798165137616,128.0,5804.6875,743.0,100.0,187.0,465.0,278.0,0.19622849820071211,265.0,-78.0,395,684.0,147,0.0
46264,ES 06-26,1781016424748,1781016424972,Absorb,-1,7391.0,7390.25,3.0,96,92,1,2.357894736842105,224.0,1321.4285714285713,296.0,132.0,242.0,269.0,27.0,2.9854042322300596,179.0,63.0,90,285.0,39,0.0
46265,ES 06-26,1781016426916,1781016427056,Absorb,-1,7393.25,7392.5,3.0,100,97,1,1.4141414141414141,140.0,2114.285714285714,296.0,83.0,262.0,279.0,17.0,3.203816381638164,22.0,240.0,96,272.0,37,0.0
46266,ES 06-26,1781016447108,1781016447300,Predator,-1,7392.0,7390.75,5.0,177,167,1,1.0909090909090908,192.0,1119.7916666666667,215.0,6.0,135.0,175.0,40.0,0.8429628122781808,48.0,87.0,161,193.0,56,0.0
46267,ES 06-26,1781016457648,1781016457816,Predator,-1,7390.25,7388.75,6.0,374,361,1,0.450402144772118,168.0,3482.142857142857,585.0,25.0,-245.0,170.0,415.0,-0.7855383865464295,-353.0,108.0,343,544.0,109,0.0
46268,ES 06-26,1781016475184,1781016475312,Absorb,-1,7386.0,7385.0,4.0,192,186,1,0.6701570680628273,128.0,3101.5625,397.0,14.0,-131.0,133.0,264.0,-0.3701195982421398,-25.0,-106.0,176,367.0,68,0.0
46269,ES 06-26,1781016483496,1781016483664,Absorb,-1,7383.75,7383.0,3.0,185,175,1,0.9130434782608695,168.0,1303.5714285714284,219.0,5.0,13.0,116.0,103.0,0.10006633562033282,-45.0,58.0,163,193.0,61,0.0
46270,ES 06-26,1781016487872,1781016488052,Absorb,-1,7382.75,7382.25,2.0,68,66,1,2.6865671641791047,180.0,1483.3333333333335,267.0,184.0,241.0,254.0,13.0,5.104821162728557,224.0,17.0,64,260.0,31,0.0
46271,ES 06-26,1781016502124,1781016502380,Predator,-1,7388.5,7386.5,8.0,199,191,1,1.292929292929293,256.0,835.9375,214.0,3.0,-78.0,68.0,146.0,-0.5378605146946855,-81.0,3.0,178,192.0,57,0.0
46272,ES 06-26,1781016547780,1781016547844,Predator,-1,7378.25,7376.75,6.0,147,144,1,0.4383561643835616,64.0,3765.625,241.0,68.0,-149.0,46.0,195.0,-1.3470445564379028,-57.0,-92.0,136,157.0,45,0.0
46273,ES 06-26,1781016661844,1781016662020,Predator,-1,7373.5,7370.5,12.0,229,211,1,0.7719298245614035,176.0,1471.5909090909092,259.0,9.0,141.0,200.0,59.0,0.6587830883455078,106.0,35.0,202,219.0,44,0.0
46274,ES 06-26,1781016755488,1781016755580,Absorb,-1,7383.5,7383.0,2.0,70,70,1,1.3333333333333333,92.0,2423.913043478261,223.0,37.0,-223.0,0.0,223.0,-3.161018283614732,-132.0,-91.0,67,220.0,30,0.0
46275,ES 06-26,1781016766100,1781016766284,Absorb,-1,7382.75,7381.75,4.0,153,150,1,1.2105263157894737,184.0,1239.1304347826087,228.0,12.0,-122.0,53.0,175.0,-0.7039088362617775,-94.0,-28.0,144,215.0,71,0.0
46276,ES 06-26,1781016769152,1781016769300,Predator,-1,7382.75,7381.0,7.0,163,155,1,0.9135802469135802,148.0,1358.1081081081081,201.0,6.0,47.0,124.0,77.0,0.38631186925366184,103.0,-56.0,152,188.0,86,0.0
46277,ES 06-26,1781016858952,1781016859104,Predator,-1,7381.25,7379.75,6.0,209,205,1,0.7307692307692307,152.0,1736.842105263158,264.0,6.0,-152.0,56.0,208.0,-0.9047176507702823,-123.0,-29.0,195,247.0,64,0.0
46278,ES 06-26,1781017207720,1781017208016,Predator,-1,7401.5,7399.5,8.0,296,283,1,1.0033898305084745,296.0,1496.6216216216217,443.0,30.0,309.0,376.0,67.0,1.1616723811639067,246.0,63.0,274,418.0,74,0.0
46279,ES 06-26,1781017641588,1781017641768,Predator,-1,7392.0,7390.75,5.0,169,164,1,1.0714285714285714,180.0,1122.2222222222222,202.0,3.0,-110.0,46.0,156.0,-0.7674009248669882,-99.0,-11.0,153,186.0,52,0.0
46280,ES 06-26,1781018227892,1781018228176,Predator,-1,7388.25,7387.0,5.0,159,151,1,1.7974683544303798,284.0,704.2253521126761,200.0,10.0,110.0,155.0,45.0,1.0312634344399332,77.0,33.0,144,180.0,62,0.0
46281,ES 06-26,1781018632696,1781018632788,Predator,-1,7368.5,7367.25,5.0,169,163,1,0.5476190476190477,92.0,2250.0,207.0,5.0,35.0,121.0,86.0,0.3026801253045597,98.0,-63.0,159,191.0,72,0.0
46282,ES 06-26,1781018701528,1781018701720,Absorb,-1,7362.75,7361.75,4.0,143,141,1,1.352112676056338,192.0,1385.4166666666667,266.0,25.0,-184.0,41.0,225.0,-1.8440978036048459,-144.0,-40.0,136,256.0,72,0.0
46283,ES 06-26,1781018716516,1781018716772,Predator,-1,7361.0,7359.5,6.0,140,139,1,1.841726618705036,256.0,914.0625,234.0,19.0,-184.0,25.0,209.0,-1.7699350549955173,-81.0,-103.0,132,226.0,48,0.0
46284,ES 06-26,1781018721696,1781018721816,Absorb,-1,7360.75,7359.75,4.0,143,139,1,0.8450704225352113,120.0,2441.666666666667,293.0,52.0,261.0,277.0,16.0,2.161151055517253,156.0,105.0,138,287.0,54,0.0
46285,ES 06-26,1781018905784,1781018906052,Absorb,-1,7340.5,7339.75,3.0,160,155,1,1.6855345911949686,268.0,854.4776119402984,229.0,23.0,-173.0,28.0,201.0,-1.2792452830188679,-121.0,-52.0,147,205.0,62,0.0
46286,ES 06-26,1781018928140,1781018928292,Absorb,-1,7338.75,7338.0,3.0,122,117,1,1.256198347107438,152.0,1703.9473684210527,259.0,18.0,-35.0,112.0,147.0,0.00829750744330367,-101.0,66.0,114,241.0,51,0.0
46287,ES 06-26,1781018939744,1781018939864,Predator,-1,7339.75,7338.0,7.0,235,224,1,0.5128205128205128,120.0,2650.0,318.0,14.0,146.0,232.0,86.0,0.7417533542308155,158.0,-12.0,216,279.0,58,0.0
46288,ES 06-26,1781018945812,1781018946072,Absorb,-1,7335.5,7335.0,2.0,128,121,1,2.047244094488189,260.0,1080.7692307692307,281.0,23.0,-157.0,62.0,219.0,-1.2184352682658854,-189.0,32.0,112,260.0,75,0.0
46289,ES 06-26,1781018966220,1781018966224,Predator,-1,7331.25,7328.5,11.0,215,214,1,0.018691588785046728,4.0,77750.0,311.0,13.0,-303.0,4.0,307.0,-1.5256212417590378,-169.0,-134.0,202,278.0,28,0.0
46290,ES 06-26,1781018966224,1781018966356,Absorb,-1,7330.5,7329.75,3.0,204,189,1,0.6502463054187192,132.0,1795.4545454545453,237.0,4.0,81.0,159.0,78.0,0.523096875419638,49.0,32.0,173,201.0,103,0.0
46291,ES 06-26,1781018991560,1781018991624,Absorb,-1,7331.25,7330.75,2.0,52,50,1,1.2549019607843137,64.0,3328.125,213.0,120.0,-147.0,33.0,180.0,-4.4806198241270385,-10.0,-137.0,47,204.0,29,0.0
46292,ES 06-26,1781019003644,1781019003812,Predator,-1,7335.75,7333.25,10.0,279,263,1,0.60431654676259,168.0,1857.142857142857,312.0,6.0,236.0,274.0,38.0,0.9573296201748279,148.0,88.0,255,286.0,73,0.0
46293,ES 06-26,1781019017024,1781019017276,Predator,-1,7337.0,7335.25,7.0,195,186,1,1.2989690721649485,252.0,956.3492063492064,241.0,20.0,139.0,190.0,51.0,1.0847302917995112,95.0,44.0,180,223.0,53,0.0
46294,ES 06-26,1781019046152,1781019046408,Predator,-1,7337.75,7335.75,8.0,317,300,1,0.810126582278481,256.0,2625.0,672.0,111.0,532.0,602.0,70.0,2.250168577970419,153.0,379.0,286,629.0,98,0.0
46295,ES 06-26,1781019054792,1781019054944,Absorb,-1,7336.75,7336.0,3.0,130,123,1,1.178294573643411,152.0,2598.684210526316,395.0,207.0,327.0,361.0,34.0,0.7539717871335126,272.0,55.0,117,369.0,49,0.0
46296,ES 06-26,1781019114516,1781019114672,Absorb,-1,7327.0,7326.0,4.0,206,194,1,0.7609756097560976,156.0,4250.0,663.0,370.0,293.0,478.0,185.0,2.2260121419280887,247.0,46.0,180,260.0,63,0.0
46297,ES 06-26,1781019239744,1781019240028,Predator,-1,7333.0,7331.5,6.0,188,178,1,1.518716577540107,284.0,855.6338028169015,243.0,10.0,163.0,203.0,40.0,0.925358537999339,126.0,37.0,170,220.0,55,0.0
46298,ES 06-26,1781019360740,1781019360932,Absorb,-1,7337.0,7336.0,4.0,157,149,1,1.2307692307692308,192.0,1072.9166666666667,206.0,14.0,38.0,122.0,84.0,0.2876041156295933,41.0,-3.0,142,174.0,63,0.0
46299,ES 06-26,1781019518824,1781019519052,Absorb,-1,7328.5,7327.5,4.0,192,179,1,1.193717277486911,228.0,1179.8245614035088,269.0,9.0,-39.0,115.0,154.0,-0.19116136098526978,-107.0,68.0,162,234.0,125,0.0
46300,ES 06-26,1781019585404,1781019585448,Predator,-1,7336.75,7334.25,10.0,222,206,1,0.19909502262443438,44.0,7113.636363636364,313.0,25.0,117.0,215.0,98.0,0.5651710391884488,131.0,-14.0,199,288.0,57,0.0
46301,ES 06-26,1781019585448,1781019585616,Predator,-1,7339.25,7336.25,12.0,470,439,1,0.3582089552238806,168.0,3607.142857142857,606.0,12.0,274.0,440.0,166.0,0.7225639174849621,115.0,159.0,413,525.0,66,0.0
46302,ES 06-26,1781019590992,1781019591188,Predator,-1,7337.0,7335.75,5.0,197,189,1,1.0,196.0,1250.0,245.0,7.0,5.0,125.0,120.0,0.003709005521913426,-71.0,76.0,179,218.0,59,0.0
46303,ES 06-26,1781019595272,1781019595404,Predator,-1,7337.75,7336.25,6.0,281,266,1,0.4714285714285714,132.0,2462.121212121212,325.0,5.0,-135.0,95.0,230.0,-0.43857586344903676,-157.0,22.0,246,281.0,71,0.0
46304,ES 06-26,1781019681496,1781019681628,Predator,-1,7335.5,7334.25,5.0,179,171,1,0.7415730337078652,132.0,1598.4848484848485,211.0,7.0,117.0,164.0,47.0,0.6764840039336304,82.0,35.0,166,192.0,71,0.0
46305,ES 06-26,1781019762008,1781019762152,Absorb,-1,7343.0,7342.25,3.0,77,75,1,1.894736842105263,144.0,1527.7777777777778,220.0,70.0,146.0,183.0,37.0,1.0775014459224985,167.0,-21.0,70,191.0,40,0.0
46306,ES 06-26,1781019848780,1781019848944,Predator,-1,7337.25,7336.0,5.0,207,201,1,0.7961165048543689,164.0,2439.0243902439024,400.0,78.0,160.0,280.0,120.0,1.1516814408329816,-55.0,215.0,192,369.0,69,0.0
46307,ES 06-26,1781020162156,1781020162208,Absorb,-1,7340.0,7339.0,4.0,140,131,1,0.37410071942446044,52.0,3942.3076923076924,205.0,20.0,77.0,141.0,64.0,0.963486475257484,98.0,-21.0,123,186.0,59,0.0
46308,ES 06-26,1781020309448,1781020309468,Predator,1,7342.5,7340.25,9.0,263,262,1,0.07633587786259542,20.0,15450.0,309.0,10.0,307.0,308.0,1.0,1.176431396658953,155.0,152.0,252,291.0,33,0.0
46309,ES 06-26,1781020309468,1781020309644,Absorb,1,7341.75,7341.25,2.0,213,201,1,0.8301886792452831,176.0,1392.0454545454547,245.0,3.0,19.0,132.0,113.0,0.22994056740371696,81.0,-62.0,187,218.0,149,0.0
46310,ES 06-26,1781020357888,1781020358012,Predator,-1,7344.5,7343.25,5.0,151,145,1,0.8266666666666667,124.0,1653.225806451613,205.0,9.0,-11.0,97.0,108.0,0.1901673056814221,60.0,-71.0,141,190.0,69,0.0
46311,ES 06-26,1781020560020,1781020560196,Predator,-1,7326.25,7324.5,7.0,358,347,1,0.49299719887955185,176.0,2903.409090909091,511.0,20.0,-193.0,159.0,352.0,-0.6543888310525654,-277.0,84.0,329,468.0,81,0.0
46312,ES 06-26,1781020565856,1781020566056,Predator,1,7331.25,7328.25,12.0,654,622,1,0.30627871362940273,200.0,4735.0,947.0,50.0,193.0,570.0,377.0,0.1635945954322881,18.0,175.0,580,798.0,160,0.0
46313,ES 06-26,1781020626584,1781020626764,Predator,-1,7319.5,7318.25,5.0,196,190,1,0.9230769230769231,180.0,1427.7777777777778,257.0,21.0,-141.0,58.0,199.0,-0.9172301954753006,-81.0,-60.0,180,234.0,57,0.0
46314,ES 06-26,1781020626988,1781020627144,Absorb,-1,7318.75,7318.25,2.0,200,195,1,0.7839195979899497,156.0,2403.846153846154,375.0,24.0,-331.0,22.0,353.0,-1.8543988599714993,-201.0,-130.0,188,358.0,153,0.0
46315,ES 06-26,1781020629740,1781020629744,Predator,-1,7317.25,7315.0,9.0,193,191,1,0.020833333333333332,4.0,81500.0,326.0,16.0,-302.0,12.0,314.0,-1.6659616874098606,-139.0,-163.0,181,299.0,27,0.0
46316,ES 06-26,1781020629744,1781020629808,Absorb,-1,7317.0,7316.0,4.0,211,192,1,0.3047619047619048,64.0,3921.875,251.0,5.0,165.0,208.0,43.0,0.7079917221292523,62.0,103.0,174,208.0,132,0.0
46317,ES 06-26,1781020657344,1781020657592,Absorb,-1,7312.5,7311.5,4.0,173,167,1,1.441860465116279,248.0,842.741935483871,209.0,6.0,-59.0,75.0,134.0,-0.48769532426957646,-68.0,9.0,158,184.0,89,0.0
46318,ES 06-26,1781020769944,1781020770192,Absorb,-1,7316.5,7315.5,4.0,192,180,1,1.2984293193717278,248.0,959.6774193548387,238.0,5.0,0.0,119.0,119.0,-0.3161494927162738,27.0,-27.0,167,202.0,74,0.0
46319,ES 06-26,1781020813532,1781020813640,Absorb,-1,7315.0,7314.5,2.0,166,163,1,0.6545454545454545,108.0,2120.3703703703704,229.0,5.0,165.0,197.0,32.0,1.2373356244794091,114.0,51.0,160,221.0,129,0.0
46320,ES 06-26,1781020822260,1781020822304,Absorb,-1,7313.0,7312.5,2.0,55,52,1,0.8148148148148148,44.0,5113.636363636364,225.0,31.0,207.0,216.0,9.0,4.209307359307359,33.0,174.0,50,188.0,26,0.0
46321,ES 06-26,1781020848504,1781020848728,Predator,1,7319.5,7318.0,6.0,148,145,1,1.5238095238095237,224.0,946.4285714285714,212.0,10.0,106.0,159.0,53.0,0.9418924471656974,107.0,-1.0,138,194.0,29,0.0
46322,ES 06-26,1781020931800,1781020932044,Predator,-1,7326.5,7325.25,5.0,177,168,1,1.3863636363636365,244.0,918.032786885246,224.0,10.0,102.0,163.0,61.0,0.43642769342636034,52.0,50.0,163,203.0,44,0.0
46323,ES 06-26,1781020944680,1781020944784,Predator,-1,7325.5,7324.0,6.0,172,160,1,0.6081871345029239,104.0,1942.3076923076924,202.0,5.0,58.0,130.0,72.0,0.45522294781179323,80.0,-22.0,151,179.0,64,0.0
46324,ES 06-26,1781020946716,1781020946812,Absorb,-1,7324.5,7324.0,2.0,166,159,1,0.5818181818181818,96.0,6343.75,609.0,241.0,-415.0,97.0,512.0,-2.7014343711263127,-344.0,-71.0,149,263.0,70,0.0
46325,ES 06-26,1781020959180,1781020959316,Predator,-1,7322.25,7319.75,10.0,532,510,1,0.256120527306968,136.0,5007.35294117647,681.0,6.0,-317.0,182.0,499.0,-0.3852758027928281,-194.0,-123.0,470,598.0,107,0.0
46326,ES 06-26,1781020959616,1781020959860,Predator,-1,7320.75,7319.25,6.0,161,153,1,1.525,244.0,840.1639344262295,205.0,7.0,-81.0,62.0,143.0,-0.6172101449275362,-37.0,-44.0,140,179.0,37,0.0
46327,ES 06-26,1781021021932,1781021021948,Absorb,-1,7321.5,7320.5,4.0,170,161,1,0.09467455621301775,16.0,14125.0,226.0,13.0,96.0,161.0,65.0,0.6344599752077723,118.0,-22.0,153,204.0,68,0.0
46328,ES 06-26,1781021155020,1781021155116,Predator,-1,7312.25,7310.75,6.0,189,181,1,0.5106382978723404,96.0,2531.25,243.0,6.0,-121.0,61.0,182.0,-0.6491334719778169,-132.0,11.0,167,214.0,55,0.0
46329,ES 06-26,1781021172248,1781021172284,Absorb,-1,7310.25,7310.0,1.0,94,91,1,0.3870967741935484,36.0,7138.88888888889,257.0,30.0,-195.0,31.0,226.0,-2.6020879239966765,-152.0,-43.0,86,247.0,60,0.0
46330,ES 06-26,1781021178116,1781021178348,Predator,-1,7311.0,7308.75,9.0,323,302,1,0.7204968944099379,232.0,1767.2413793103447,410.0,6.0,-190.0,110.0,300.0,-0.5787849846269553,-105.0,-85.0,272,341.0,65,0.0
46331,ES 06-26,1781021192760,1781021192912,Absorb,-1,7307.5,7306.5,4.0,190,184,1,0.8042328042328042,152.0,1743.421052631579,265.0,10.0,-101.0,82.0,183.0,-0.5736260371697132,-152.0,51.0,174,231.0,93,0.0
46332,ES 06-26,1781021192980,1781021193156,Absorb,-1,7307.25,7306.75,2.0,197,193,1,0.8979591836734694,176.0,4215.909090909091,742.0,415.0,636.0,689.0,53.0,4.206271248693294,601.0,35.0,188,319.0,84,0.0
46333,ES 06-26,1781021224052,1781021224156,Predator,-1,7316.0,7314.75,5.0,190,176,1,0.5502645502645502,104.0,2163.4615384615386,225.0,3.0,-101.0,62.0,163.0,-0.45186788961933627,-103.0,2.0,158,186.0,72,0.0
46334,ES 06-26,1781021230408,1781021230428,Predator,-1,7317.25,7315.25,8.0,289,272,1,0.06944444444444445,20.0,28950.0,579.0,60.0,-21.0,279.0,300.0,-0.2906410332895836,177.0,-198.0,262,535.0,80,0.0
46335,ES 06-26,1781021238976,1781021239196,Predator,-1,7318.25,7317.0,5.0,172,165,1,1.286549707602339,220.0,977.2727272727273,215.0,7.0,-37.0,89.0,126.0,0.1111920815616134,-63.0,26.0,156,193.0,61,0.0
46336,ES 06-26,1781021344460,1781021344668,Absorb,-1,7303.0,7302.25,3.0,249,239,1,0.8387096774193549,208.0,2884.6153846153848,600.0,66.0,-524.0,38.0,562.0,-1.9714154683249125,-292.0,-232.0,226,575.0,173,0.0
46337,ES 06-26,1781021375644,1781021375936,Predator,-1,7304.75,7300.75,16.0,619,593,1,0.47249190938511326,292.0,2428.082191780822,709.0,11.0,545.0,627.0,82.0,0.991290519902432,359.0,186.0,582,671.0,83,0.0
46338,ES 06-26,1781021375936,1781021376056,Predator,-1,7305.25,7303.75,6.0,248,235,1,0.48582995951417,120.0,2333.3333333333335,280.0,10.0,-12.0,134.0,146.0,-0.046867107977423605,49.0,-61.0,220,250.0,92,0.0
46339,ES 06-26,1781021377384,1781021377640,Predator,-1,7304.25,7302.75,6.0,272,253,1,0.9446494464944649,256.0,1246.09375,319.0,4.0,59.0,189.0,130.0,0.21156708496626014,138.0,-79.0,236,279.0,80,0.0
46340,ES 06-26,1781021489092,1781021489352,Predator,-1,7308.25,7306.5,7.0,147,139,1,1.7808219178082192,260.0,861.5384615384615,224.0,34.0,158.0,191.0,33.0,1.192124609932829,87.0,71.0,136,209.0,29,0.0
46341,ES 06-26,1781021548380,1781021548624,Predator,-1,7314.0,7312.0,8.0,202,193,1,1.2139303482587065,244.0,1110.655737704918,271.0,17.0,-133.0,69.0,202.0,-0.8468502243210131,-129.0,-4.0,176,228.0,46,0.0
46342,ES 06-26,1781021550424,1781021550568,Predator,1,7312.25,7310.0,9.0,177,170,1,0.8181818181818182,144.0,1423.6111111111113,205.0,5.0,105.0,155.0,50.0,0.7291230241858694,17.0,88.0,155,181.0,25,0.0
46343,ES 06-26,1781021558104,1781021558332,Predator,-1,7310.25,7309.0,5.0,175,164,1,1.3103448275862069,228.0,894.7368421052631,204.0,3.0,24.0,114.0,90.0,0.08100089565606806,-68.0,92.0,154,175.0,56,0.0
46344,ES 06-26,1781021756676,1781021756816,Predator,-1,7300.0,7298.25,7.0,172,169,1,0.8187134502923976,140.0,1592.8571428571427,223.0,10.0,-191.0,16.0,207.0,-1.1658329854748446,-103.0,-88.0,157,199.0,42,0.0
46345,ES 06-26,1781021758068,1781021758328,Absorb,-1,7298.5,7297.75,3.0,158,155,1,1.6560509554140128,260.0,811.5384615384615,211.0,14.0,-71.0,70.0,141.0,-0.5917299375227235,-104.0,33.0,148,200.0,91,0.0
46346,ES 06-26,1781021760436,1781021760552,Absorb,-1,7297.5,7297.25,1.0,161,159,1,0.725,116.0,2431.0344827586205,282.0,24.0,-278.0,2.0,280.0,-1.8913532321141018,-136.0,-142.0,155,273.0,143,0.0
46347,ES 06-26,1781021769800,1781021770008,Predator,-1,7295.5,7293.75,7.0,359,350,1,0.5810055865921788,208.0,2336.5384615384614,486.0,16.0,-294.0,96.0,390.0,-0.6603626875813738,-282.0,-12.0,332,443.0,115,0.0
46348,ES 06-26,1781021834648,1781021834716,Predator,-1,7294.75,7292.25,10.0,428,410,1,0.1592505854800937,68.0,11838.235294117647,805.0,50.0,-567.0,119.0,686.0,-1.413959642318766,-448.0,-119.0,382,752.0,114,0.0
46349,ES 06-26,1781021837224,1781021837328,Absorb,-1,7292.5,7292.25,1.0,87,85,1,1.2093023255813953,104.0,2932.6923076923076,305.0,21.0,-285.0,10.0,295.0,-3.652201647590581,-174.0,-111.0,81,298.0,57,0.0
46350,ES 06-26,1781021837580,1781021837644,Absorb,-1,7292.25,7291.5,3.0,199,194,1,0.32323232323232326,64.0,6531.25,418.0,25.0,134.0,276.0,142.0,0.9897578803106442,-6.0,140.0,188,393.0,77,0.0
46351,ES 06-26,1781021850944,1781021851012,Absorb,-1,7288.5,7287.75,3.0,263,258,1,0.2595419847328244,68.0,15749.999999999998,1071.0,421.0,-301.0,385.0,686.0,-1.6411013158901586,-381.0,80.0,251,619.0,131,0.0
46352,ES 06-26,1781021851300,1781021851408,Absorb,-1,7288.25,7288.0,1.0,180,180,1,0.6033519553072626,108.0,3314.814814814815,358.0,15.0,356.0,357.0,1.0,2.1070331388828873,227.0,129.0,178,356.0,179,0.0
46353,ES 06-26,1781021862636,1781021862732,Absorb,-1,7289.5,7288.75,3.0,130,128,1,0.7441860465116279,96.0,2979.1666666666665,286.0,19.0,-76.0,105.0,181.0,-0.8561198432315067,62.0,-138.0,122,274.0,63,0.0
46354,ES 06-26,1781021877804,1781021878020,Absorb,-1,7288.5,7288.0,2.0,243,234,1,0.8925619834710744,216.0,2250.0,486.0,47.0,122.0,304.0,182.0,0.5660504699252836,221.0,-99.0,224,463.0,130,0.0
46355,ES 06-26,1781021906080,1781021906156,Predator,-1,7292.0,7290.25,7.0,260,246,1,0.29343629343629346,76.0,4368.421052631579,332.0,25.0,146.0,239.0,93.0,0.6798162694714419,145.0,1.0,238,304.0,85,0.0
46356,ES 06-26,1781021916764,1781021917012,Predator,-1,7294.5,7292.75,7.0,170,161,1,1.467455621301775,248.0,842.741935483871,209.0,10.0,149.0,179.0,30.0,1.039966780857469,84.0,65.0,157,196.0,45,0.0
46357,ES 06-26,1781021948344,1781021948500,Absorb,-1,7286.75,7286.0,3.0,105,102,1,1.5,156.0,1698.7179487179487,265.0,44.0,9.0,137.0,128.0,-0.05664524155090193,-90.0,99.0,96,221.0,53,0.0
46358,ES 06-26,1781021950896,1781021951012,Predator,-1,7286.0,7284.0,8.0,316,304,1,0.3682539682539683,116.0,3801.7241379310344,441.0,25.0,-179.0,131.0,310.0,-0.7762830788187175,-238.0,59.0,285,387.0,70,0.0
46359,ES 06-26,1781021957448,1781021957624,Predator,-1,7283.0,7281.5,6.0,431,406,1,0.40930232558139534,176.0,3130.6818181818185,551.0,15.0,15.0,283.0,268.0,0.21360815842011546,-183.0,198.0,376,471.0,150,0.0
46360,ES 06-26,1781021959196,1781021959368,Predator,-1,7280.75,7279.25,6.0,181,172,1,0.9555555555555556,172.0,1686.0465116279072,290.0,22.0,-94.0,98.0,192.0,-0.43265132657397853,-153.0,59.0,157,257.0,99,0.0
46361,ES 06-26,1781022002712,1781022002776,Absorb,-1,7281.5,7280.75,3.0,212,204,1,0.3033175355450237,64.0,3984.375,255.0,5.0,-51.0,102.0,153.0,-0.14333816544982134,49.0,-100.0,196,236.0,99,0.0
46362,ES 06-26,1781022007176,1781022007352,Absorb,-1,7281.5,7280.75,3.0,160,155,1,1.1069182389937107,176.0,1232.9545454545455,217.0,10.0,107.0,162.0,55.0,0.9589329661314895,88.0,19.0,150,203.0,92,0.0
46363,ES 06-26,1781022078024,1781022078232,Absorb,-1,7285.5,7285.0,2.0,134,132,1,1.5639097744360901,208.0,1230.7692307692307,256.0,59.0,-210.0,23.0,233.0,-1.875055798700732,-79.0,-131.0,128,250.0,103,0.0
46364,ES 06-26,1781022103196,1781022103308,Predator,1,7286.75,7284.75,8.0,391,383,1,0.28717948717948716,112.0,4294.642857142857,481.0,4.0,233.0,357.0,124.0,0.7027105156443848,140.0,93.0,364,445.0,68,0.0
46365,ES 06-26,1781022157116,1781022157120,Predator,-1,7289.75,7287.5,9.0,182,181,1,0.022099447513812154,4.0,53750.0,215.0,4.0,-195.0,10.0,205.0,-1.1614432121632556,-88.0,-107.0,171,198.0,23,0.0
46366,ES 06-26,1781022381852,1781022381972,Predator,-1,7300.75,7299.25,6.0,215,205,1,0.5607476635514018,120.0,2833.3333333333335,340.0,20.0,78.0,209.0,131.0,0.626491825448574,102.0,-24.0,197,315.0,79,0.0
46367,ES 06-26,1781022726212,1781022726384,Absorb,-1,7295.25,7294.5,3.0,176,164,1,0.9828571428571429,172.0,1906.9767441860467,328.0,20.0,-160.0,84.0,244.0,-1.0738828967642526,-191.0,31.0,151,287.0,74,0.0
46368,ES 06-26,1781022726616,1781022726720,Absorb,-1,7295.75,7294.75,4.0,120,115,1,0.8739495798319328,104.0,3913.4615384615386,407.0,57.0,375.0,391.0,16.0,3.6122716855337176,87.0,288.0,113,396.0,52,0.0
46369,ES 06-26,1781022727248,1781022727324,Absorb,-1,7297.0,7296.25,3.0,157,150,1,0.48717948717948717,76.0,3565.7894736842104,271.0,13.0,-51.0,110.0,161.0,-0.6348836199678738,17.0,-68.0,145,255.0,76,0.0
46370,ES 06-26,1781022736552,1781022736740,Absorb,-1,7303.0,7302.25,3.0,311,305,1,0.6064516129032258,188.0,4329.787234042553,814.0,19.0,-456.0,179.0,635.0,-1.9488773906313581,-111.0,-345.0,300,797.0,258,0.0
46371,ES 06-26,1781022754624,1781022754852,Absorb,-1,7304.25,7303.5,3.0,188,177,1,1.2192513368983957,228.0,982.4561403508771,224.0,6.0,-72.0,76.0,148.0,-0.15237752096325313,-87.0,15.0,161,197.0,93,0.0
46372,ES 06-26,1781022761800,1781022761880,Absorb,-1,7306.5,7305.75,3.0,249,241,1,0.3225806451612903,80.0,8175.0,654.0,25.0,-396.0,129.0,525.0,-2.0723684415079675,-69.0,-327.0,234,617.0,184,0.0
46373,ES 06-26,1781022762440,1781022762616,Absorb,-1,7306.5,7305.5,4.0,148,140,1,1.1972789115646258,176.0,1630.6818181818182,287.0,15.0,-149.0,69.0,218.0,-0.9903363848713801,-174.0,25.0,130,262.0,51,0.0
46374,ES 06-26,1781022781352,1781022781508,Predator,-1,7306.0,7304.75,5.0,144,142,1,1.0909090909090908,156.0,1493.5897435897436,233.0,7.0,-213.0,10.0,223.0,-1.4794771320633389,-137.0,-76.0,135,222.0,79,0.0
46375,ES 06-26,1781022961692,1781022961796,Absorb,-1,7300.25,7300.0,1.0,70,67,1,1.5072463768115942,104.0,2548.0769230769233,265.0,96.0,-257.0,4.0,261.0,-4.5651649024582275,-200.0,-57.0,63,253.0,56,0.0
46376,ES 06-26,1781022978024,1781022978292,Absorb,1,7301.25,7300.25,4.0,116,112,1,2.3304347826086955,268.0,750.0,201.0,24.0,119.0,160.0,41.0,0.4651251297428209,82.0,37.0,105,190.0,38,0.0
46377,ES 06-26,1781023017264,1781023017548,Absorb,1,7303.0,7302.0,4.0,177,172,1,1.6136363636363635,284.0,721.830985915493,205.0,4.0,117.0,161.0,44.0,0.448064005124565,50.0,67.0,162,188.0,57,0.0
46378,ES 06-26,1781023087904,1781023087992,Predator,-1,7297.25,7291.75,22.0,602,579,1,0.1464226289517471,88.0,12227.272727272728,1076.0,100.0,-140.0,468.0,608.0,-0.4728856532699601,-318.0,178.0,528,975.0,94,0.0
46379,ES 06-26,1781023088000,1781023088080,Predator,-1,7291.75,7288.75,12.0,390,342,1,0.20565552699228792,80.0,6675.0,534.0,13.0,-148.0,193.0,341.0,-0.2869619837686689,-84.0,-64.0,278,372.0,75,0.0
46380,ES 06-26,1781023088080,1781023088212,Predator,-1,7289.25,7287.5,7.0,189,171,1,0.7021276595744681,132.0,1886.3636363636363,249.0,3.0,25.0,137.0,112.0,0.29170443840096694,10.0,15.0,146,192.0,60,0.0
46381,ES 06-26,1781023088212,1781023088484,Predator,-1,7288.0,7286.75,5.0,207,183,1,1.3203883495145632,272.0,838.235294117647,228.0,4.0,46.0,137.0,91.0,0.21404817568810816,28.0,18.0,158,173.0,75,0.0
46382,ES 06-26,1781023089280,1781023089536,Predator,-1,7284.75,7283.5,5.0,208,194,1,1.2367149758454106,256.0,1000.0,256.0,6.0,48.0,152.0,104.0,0.2797489505155409,65.0,-17.0,180,211.0,71,0.0
46383,ES 06-26,1781023090884,1781023091116,Predator,-1,7287.25,7283.0,17.0,256,225,1,0.9098039215686274,232.0,1517.2413793103447,352.0,15.0,-146.0,103.0,249.0,-0.5359814888990616,-114.0,-32.0,185,267.0,48,0.0
46384,ES 06-26,1781023091276,1781023091532,Predator,-1,7283.0,7275.75,29.0,524,484,1,0.4894837476099426,256.0,2855.46875,731.0,18.0,-349.0,191.0,540.0,-0.6194544935163504,-236.0,-113.0,419,579.0,67,0.0
46385,ES 06-26,1781023091564,1781023091664,Predator,-1,7275.75,7272.25,14.0,296,269,1,0.3389830508474576,100.0,4690.0,469.0,25.0,-257.0,106.0,363.0,-0.7854155388053693,-297.0,40.0,229,380.0,41,0.0
46386,ES 06-26,1781023092600,1781023092668,Predator,-1,7271.75,7268.0,15.0,151,147,1,0.4533333333333333,68.0,3529.411764705882,240.0,17.0,-224.0,8.0,232.0,-1.4813976995468805,-109.0,-115.0,131,198.0,29,0.0
46387,ES 06-26,1781023100680,1781023100968,Predator,-1,7267.0,7263.25,15.0,164,143,1,1.7668711656441718,288.0,795.1388888888889,229.0,13.0,-69.0,80.0,149.0,-0.7197461673445513,-57.0,-12.0,116,161.0,27,0.0
46388,ES 06-26,1781023115000,1781023115100,Predator,-1,7276.75,7271.0,23.0,246,240,1,0.40816326530612246,100.0,2980.0,298.0,5.0,-248.0,25.0,273.0,-1.152986056672101,-117.0,-131.0,214,261.0,16,0.0
46389,ES 06-26,1781023133868,1781023134096,Predator,-1,7270.75,7268.25,10.0,249,226,1,0.9193548387096774,228.0,1368.421052631579,312.0,5.0,136.0,224.0,88.0,0.36811348620287604,104.0,32.0,214,263.0,86,0.0
46390,ES 06-26,1781023135432,1781023135624,Predator,-1,7268.5,7267.25,5.0,136,125,1,1.4222222222222223,192.0,1723.9583333333333,331.0,42.0,-191.0,70.0,261.0,-1.031592004198273,27.0,-218.0,114,300.0,44,0.0
46391,ES 06-26,1781023192036,1781023192212,Predator,-1,7253.0,7251.5,6.0,144,133,1,1.2307692307692308,176.0,1187.5,209.0,10.0,35.0,122.0,87.0,0.5429125472228921,7.0,28.0,116,181.0,60,0.0
46392,ES 06-26,1781023194944,1781023195224,Predator,-1,7254.25,7251.0,13.0,368,334,1,0.7629427792915532,280.0,2689.285714285714,753.0,80.0,-45.0,354.0,399.0,-0.5235249599563878,-86.0,41.0,308,640.0,134,0.0
46393,ES 06-26,1781023208296,1781023208528,Predator,-1,7251.0,7249.5,6.0,128,117,1,1.8267716535433072,232.0,939.655172413793,218.0,15.0,-90.0,64.0,154.0,-0.3380190212415309,-86.0,-4.0,103,188.0,38,0.0
46394,ES 06-26,1781023223840,1781023224016,Predator,-1,7251.25,7249.25,8.0,204,183,1,0.8669950738916257,176.0,1539.7727272727273,271.0,8.0,77.0,174.0,97.0,0.2108968061572821,105.0,-28.0,168,222.0,68,0.0
46395,ES 06-26,1781023227612,1781023227912,Predator,-1,7255.25,7252.75,10.0,159,142,1,1.8987341772151898,300.0,773.3333333333334,232.0,15.0,146.0,189.0,43.0,1.1366133269644136,52.0,94.0,133,199.0,23,0.0
46396,ES 06-26,1781023231456,1781023231724,Predator,-1,7252.0,7250.0,8.0,162,150,1,1.6645962732919255,268.0,746.2686567164179,200.0,4.0,-62.0,69.0,131.0,-0.548642953817667,-79.0,17.0,134,166.0,34,0.0
46397,ES 06-26,1781023271552,1781023271800,Predator,-1,7260.75,7258.25,10.0,261,237,1,0.9538461538461539,248.0,1342.741935483871,333.0,9.0,55.0,194.0,139.0,0.033549314596958715,32.0,23.0,210,277.0,36,0.0
46398,ES 06-26,1781023277812,1781023277916,Predator,-1,7257.5,7255.25,9.0,185,165,1,0.5652173913043478,104.0,2028.846153846154,211.0,5.0,77.0,144.0,67.0,0.39198665706379593,56.0,21.0,150,163.0,39,0.0
46399,ES 06-26,1781023347892,1781023348056,Predator,-1,7261.75,7260.0,7.0,161,156,1,1.025,164.0,3146.341463414634,516.0,111.0,-446.0,35.0,481.0,-3.3341787439613526,-108.0,-338.0,144,483.0,39,0.0
46400,ES 06-26,1781023350012,1781023350268,Predator,-1,7261.0,7259.5,6.0,144,141,1,1.7902097902097902,256.0,1082.03125,277.0,12.0,169.0,223.0,54.0,1.53597781528816,136.0,33.0,132,265.0,87,0.0
46401,ES 06-26,1781023370704,1781023370924,Absorb,1,7261.0,7260.5,2.0,155,152,1,1.4285714285714286,220.0,1231.8181818181818,271.0,15.0,241.0,256.0,15.0,1.7903644742354419,135.0,106.0,148,260.0,110,0.0
46402,ES 06-26,1781023370980,1781023371044,Absorb,-1,7261.5,7260.5,4.0,154,146,1,0.41830065359477125,64.0,12375.0,792.0,516.0,704.0,748.0,44.0,5.744230595463992,105.0,599.0,141,262.0,82,0.0
46403,ES 06-26,1781023384972,1781023385176,Predator,-1,7256.5,7255.0,6.0,120,111,1,1.7142857142857142,204.0,980.3921568627452,200.0,25.0,-22.0,89.0,111.0,-0.451520938954094,-75.0,53.0,104,183.0,32,0.0
46404,ES 06-26,1781023444192,1781023444284,Absorb,-1,7265.25,7264.25,4.0,94,87,1,0.989247311827957,92.0,2423.913043478261,223.0,83.0,13.0,118.0,105.0,-0.753856157208395,-60.0,73.0,77,194.0,37,0.0
46405,ES 06-26,1781023575448,1781023575544,Predator,-1,7268.75,7267.25,6.0,178,165,1,0.5423728813559322,96.0,3729.1666666666665,358.0,43.0,200.0,279.0,79.0,1.5634510691765016,197.0,3.0,157,328.0,67,0.0
46406,ES 06-26,1781023682900,1781023683028,Absorb,-1,7269.0,7268.0,4.0,95,88,1,1.3617021276595744,128.0,2171.875,278.0,26.0,156.0,217.0,61.0,0.8141237402015677,153.0,3.0,78,250.0,31,0.0
46407,ES 06-26,1781023713276,1781023713324,Predator,-1,7270.0,7266.75,13.0,207,200,1,0.23300970873786409,48.0,7500.0,360.0,50.0,-314.0,23.0,337.0,-1.801583758158262,-124.0,-190.0,182,330.0,30,0.0
46408,ES 06-26,1781023713384,1781023713632,Predator,-1,7265.5,7263.5,8.0,297,272,1,0.8378378378378378,248.0,1495.967741935484,371.0,9.0,-99.0,136.0,235.0,-0.3802362460080581,-24.0,-75.0,239,305.0,64,0.0
46409,ES 06-26,1781023716964,1781023717196,Predator,-1,7267.75,7264.25,14.0,332,302,1,0.7009063444108762,232.0,1900.8620689655172,441.0,5.0,205.0,323.0,118.0,0.7110463573900403,208.0,-3.0,283,383.0,76,0.0
46410,ES 06-26,1781023807452,1781023807468,Absorb,-1,7270.25,7269.75,2.0,75,73,1,0.21621621621621623,16.0,19125.0,306.0,200.0,-270.0,18.0,288.0,-4.953655761024182,-61.0,-209.0,69,300.0,40,0.0
46411,ES 06-26,1781023824108,1781023824236,Predator,1,7271.75,7269.0,11.0,227,210,1,0.5663716814159292,128.0,2093.75,268.0,4.0,-94.0,87.0,181.0,-0.6799509201446953,-108.0,14.0,198,237.0,46,0.0
46412,ES 06-26,1781023903408,1781023903592,Predator,-1,7275.0,7273.0,8.0,146,138,1,1.2689655172413794,184.0,1614.1304347826087,297.0,33.0,97.0,197.0,100.0,0.5054129351315396,151.0,-54.0,123,270.0,34,0.0
46413,ES 06-26,1781023904452,1781023904748,Predator,-1,7276.0,7273.75,9.0,193,183,1,1.5416666666666667,296.0,871.6216216216217,258.0,10.0,146.0,202.0,56.0,1.0416076865552053,118.0,28.0,176,238.0,58,0.0
46414,ES 06-26,1781024010020,1781024010204,Predator,-1,7263.5,7260.5,12.0,289,265,1,0.6388888888888888,184.0,1961.9565217391305,361.0,9.0,235.0,298.0,63.0,0.7382144135544685,179.0,56.0,249,306.0,68,0.0
46415,ES 06-26,1781024020188,1781024020360,Predator,1,7266.0,7264.0,8.0,210,201,1,0.8229665071770335,172.0,1709.3023255813955,294.0,25.0,156.0,225.0,69.0,0.7712802039566818,162.0,-6.0,184,262.0,50,0.0
46416,ES 06-26,1781024077064,1781024077136,Absorb,-1,7263.75,7263.0,3.0,90,84,1,0.8089887640449438,72.0,3069.444444444445,221.0,36.0,-115.0,53.0,168.0,-1.194690702555871,-146.0,31.0,78,209.0,28,0.0
46417,ES 06-26,1781024089144,1781024089176,Absorb,-1,7260.75,7260.0,3.0,133,126,1,0.24242424242424243,32.0,9062.5,290.0,46.0,-176.0,57.0,233.0,-1.501851644035462,-201.0,25.0,121,277.0,59,0.0
46418,ES 06-26,1781024092284,1781024092392,Absorb,-1,7260.25,7259.25,4.0,93,89,1,1.173913043478261,108.0,1851.851851851852,200.0,44.0,-152.0,24.0,176.0,-1.654486586493987,-136.0,-16.0,82,176.0,43,0.0
48773,ES 06-26,1781024155112,1781024155376,Predator,-1,7268.25,7266.5,7.0,222,210,1,1.1945701357466063,264.0,1306.8181818181818,345.0,25.0,215.0,280.0,65.0,1.2036780403965843,127.0,88.0,202,321.0,89,0.0
48774,ES 06-26,1781024374784,1781024374956,Absorb,-1,7285.5,7284.75,3.0,84,81,1,2.072289156626506,172.0,1162.7906976744187,200.0,30.0,-122.0,39.0,161.0,-1.8646552596942392,-80.0,-42.0,76,191.0,43,0.0
46419,ES 06-26,1781024374786,1781024374958,Absorb,-1,7285.5,7284.75,3.0,84,81,1,2.072289156626506,172.0,1162.7906976744187,200.0,30.0,-122.0,39.0,161.0,-1.8646552596942392,-80.0,-42.0,76,191.0,43,0.0
46420,ES 06-26,1781024588965,1781024589095,Predator,1,7301.25,7299.25,8.0,231,218,1,0.5652173913043478,130.0,1930.7692307692307,251.0,5.0,59.0,155.0,96.0,0.2703343133627991,66.0,-7.0,200,218.0,53,0.0
48775,ES 06-26,1781024588972,1781024589036,Predator,1,7301.25,7299.25,8.0,229,216,1,0.2807017543859649,64.0,3875.0,248.0,5.0,56.0,152.0,96.0,0.2789863399718206,65.0,-9.0,198,215.0,51,0.0
46421,ES 06-26,1781024590918,1781024591075,Predator,1,7304.25,7302.75,6.0,180,173,1,0.8770949720670391,157.0,1554.1401273885351,244.0,12.0,78.0,161.0,83.0,0.5004732656357707,117.0,-39.0,162,219.0,53,0.0
48776,ES 06-26,1781024590928,1781024591004,Predator,1,7304.25,7302.75,6.0,180,173,1,0.4245810055865922,76.0,3210.5263157894738,244.0,12.0,78.0,161.0,83.0,0.5004732656357707,117.0,-39.0,162,219.0,53,0.0
46422,ES 06-26,1781024656987,1781024657236,Predator,-1,7305.5,7304.25,5.0,177,169,1,1.4147727272727273,249.0,823.2931726907631,205.0,10.0,-127.0,39.0,166.0,-0.647584442790118,-94.0,-33.0,154,177.0,69,0.0
48777,ES 06-26,1781024656988,1781024657240,Predator,-1,7305.5,7304.25,5.0,177,169,1,1.4318181818181819,252.0,813.4920634920635,205.0,10.0,-127.0,39.0,166.0,-0.647584442790118,-94.0,-33.0,154,177.0,69,0.0
46423,ES 06-26,1781024661815,1781024661988,Absorb,-1,7305.75,7305.25,2.0,147,143,1,1.1849315068493151,173.0,2566.4739884393066,444.0,28.0,420.0,432.0,12.0,3.042856387279088,141.0,279.0,139,432.0,118,0.0
48778,ES 06-26,1781024661816,1781024661988,Absorb,-1,7305.75,7305.25,2.0,147,143,1,1.178082191780822,172.0,2581.3953488372094,444.0,28.0,420.0,432.0,12.0,3.042856387279088,141.0,279.0,139,432.0,118,0.0
46424,ES 06-26,1781024808284,1781024808419,Absorb,1,7303.75,7303.0,3.0,126,121,1,1.08,135.0,4985.185185185185,673.0,400.0,593.0,633.0,40.0,6.278551181102362,174.0,419.0,114,660.0,63,0.0
48780,ES 06-26,1781025055652,1781025055812,Predator,-1,7297.0,7294.0,12.0,315,301,1,0.5095541401273885,160.0,2118.75,339.0,5.0,-195.0,72.0,267.0,-0.690031213646468,-142.0,-53.0,274,297.0,96,0.0
46425,ES 06-26,1781025055654,1781025055863,Predator,-1,7297.0,7294.0,12.0,315,301,1,0.6656050955414012,209.0,1622.0095693779906,339.0,5.0,-195.0,72.0,267.0,-0.690031213646468,-142.0,-53.0,274,297.0,96,0.0
46426,ES 06-26,1781025251926,1781025252065,Predator,-1,7304.75,7303.5,5.0,152,148,1,0.9205298013245033,139.0,1755.3956834532373,244.0,12.0,-222.0,11.0,233.0,-1.7973195552183927,-128.0,-94.0,139,230.0,85,0.0
48781,ES 06-26,1781025251928,1781025251964,Predator,-1,7304.75,7303.5,5.0,145,141,1,0.25,36.0,6555.555555555556,236.0,12.0,-214.0,11.0,225.0,-1.8554322153991498,-103.0,-111.0,132,222.0,78,0.0
46427,ES 06-26,1781025261735,1781025261931,Predator,1,7309.5,7308.25,5.0,89,88,1,2.227272727272727,196.0,1255.1020408163265,246.0,18.0,230.0,238.0,8.0,3.0195437521280217,189.0,41.0,82,239.0,49,0.0
48782,ES 06-26,1781025261736,1781025261932,Predator,1,7309.5,7308.25,5.0,89,88,1,2.227272727272727,196.0,1255.1020408163265,246.0,18.0,230.0,238.0,8.0,3.0195437521280217,189.0,41.0,82,239.0,49,0.0
48783,ES 06-26,1781025278516,1781025278600,Predator,-1,7310.25,7307.75,10.0,304,284,1,0.27722772277227725,84.0,5523.809523809524,464.0,124.0,-280.0,92.0,372.0,-0.818639318634193,-271.0,-9.0,252,410.0,53,0.0
48784,ES 06-26,1781025279796,1781025280068,Predator,-1,7307.5,7305.0,10.0,281,259,1,0.9714285714285714,272.0,1132.3529411764705,308.0,6.0,-16.0,146.0,162.0,-0.09824227411870329,-82.0,66.0,231,258.0,76,0.0
48785,ES 06-26,1781025320040,1781025320208,Predator,-1,7306.75,7305.0,7.0,240,219,1,0.702928870292887,168.0,1619.047619047619,272.0,11.0,38.0,155.0,117.0,0.08685176825986562,32.0,6.0,202,230.0,61,0.0
46428,ES 06-26,1781025320042,1781025320208,Predator,-1,7306.75,7305.0,7.0,240,219,1,0.694560669456067,166.0,1638.55421686747,272.0,11.0,38.0,155.0,117.0,0.08685176825986562,32.0,6.0,202,230.0,61,0.0
46429,ES 06-26,1781025439479,1781025439664,Predator,-1,7309.25,7307.0,9.0,348,324,1,0.5331412103746398,185.0,3118.9189189189187,577.0,99.0,379.0,478.0,99.0,1.089783931432548,255.0,124.0,306,532.0,113,0.0
48786,ES 06-26,1781025439480,1781025439632,Predator,-1,7309.25,7307.0,9.0,346,322,1,0.4405797101449275,152.0,3782.8947368421054,575.0,99.0,381.0,478.0,97.0,1.0942588358333702,250.0,131.0,304,530.0,113,0.0
48787,ES 06-26,1781025623456,1781025623660,Predator,-1,7323.5,7322.25,5.0,202,184,1,1.0149253731343284,204.0,1053.921568627451,215.0,4.0,-43.0,86.0,129.0,-0.07599033559704768,-13.0,-30.0,159,172.0,72,0.0
46430,ES 06-26,1781025629536,1781025629703,Predator,-1,7326.5,7323.25,13.0,214,212,1,0.784037558685446,167.0,1760.4790419161675,294.0,21.0,-224.0,35.0,259.0,-1.106226754134894,-79.0,-145.0,198,268.0,27,0.0
48788,ES 06-26,1781025629716,1781025629724,Predator,-1,7326.0,7323.25,11.0,193,191,1,0.041666666666666664,8.0,32000.0,256.0,21.0,-246.0,5.0,251.0,-1.1410531622242401,-112.0,-134.0,179,232.0,27,0.0
46431,ES 06-26,1781026056012,1781026056250,Predator,-1,7327.0,7325.25,7.0,219,210,1,1.091743119266055,238.0,978.9915966386556,233.0,4.0,-23.0,105.0,128.0,-0.26360551601220195,-28.0,5.0,195,208.0,76,0.0
48790,ES 06-26,1781026128948,1781026129092,Predator,-1,7331.0,7329.25,7.0,233,218,1,0.6206896551724138,144.0,1770.8333333333335,255.0,6.0,-19.0,118.0,137.0,-0.10900661422342642,-60.0,41.0,201,223.0,83,0.0
46432,ES 06-26,1781026128949,1781026129110,Predator,-1,7331.0,7329.25,7.0,233,218,1,0.6939655172413793,161.0,1583.8509316770185,255.0,6.0,-19.0,118.0,137.0,-0.10900661422342642,-60.0,41.0,201,223.0,83,0.0
46433,ES 06-26,1781026197963,1781026198011,Predator,-1,7330.5,7328.75,7.0,191,180,1,0.25263157894736843,48.0,4479.166666666667,215.0,5.0,133.0,174.0,41.0,0.7417332598511986,109.0,24.0,171,191.0,57,0.0
48791,ES 06-26,1781026197972,1781026198004,Predator,-1,7330.5,7328.75,7.0,191,180,1,0.16842105263157894,32.0,6718.75,215.0,5.0,133.0,174.0,41.0,0.7417332598511986,109.0,24.0,171,191.0,57,0.0
46878,ES 06-26,1781026650499,1781026650607,Absorb,-1,7345.0,7344.5,2.0,89,84,1,1.2272727272727273,108.0,1879.6296296296296,203.0,103.0,-81.0,61.0,142.0,-1.5290262172284643,-65.0,-16.0,79,89.0,41,0.0
48792,ES 06-26,1781026650500,1781026650608,Absorb,-1,7345.0,7344.5,2.0,89,84,1,1.2272727272727273,108.0,1879.6296296296296,203.0,103.0,-81.0,61.0,142.0,-1.5290262172284643,-65.0,-16.0,79,89.0,41,0.0
46879,ES 06-26,1781026892835,1781026893034,Absorb,-1,7351.0,7350.25,3.0,110,105,1,1.8256880733944953,199.0,1010.0502512562814,201.0,26.0,-53.0,74.0,127.0,-0.9489259067240718,45.0,-98.0,101,189.0,62,0.0
46880,ES 06-26,1781026929260,1781026929393,Absorb,-1,7351.75,7351.0,3.0,220,217,1,0.6073059360730594,133.0,1969.9248120300751,262.0,15.0,-44.0,109.0,153.0,-0.3383319339806044,71.0,-115.0,214,256.0,161,0.0
47342,ES 06-26,1781027209495,1781027209620,Absorb,-1,7341.25,7340.75,2.0,203,201,1,0.6188118811881188,125.0,2168.0,271.0,21.0,-193.0,39.0,232.0,-1.101432788888857,-150.0,-43.0,199,265.0,158,0.0
48794,ES 06-26,1781027209496,1781027209620,Absorb,-1,7341.25,7340.75,2.0,203,201,1,0.6138613861386139,124.0,2185.483870967742,271.0,21.0,-193.0,39.0,232.0,-1.101432788888857,-150.0,-43.0,199,265.0,158,0.0
48795,ES 06-26,1781027251408,1781027251692,Predator,-1,7342.25,7339.75,10.0,396,373,1,0.7189873417721518,284.0,1602.1126760563382,455.0,5.0,205.0,330.0,125.0,0.708779308565681,176.0,29.0,356,401.0,99,0.0
47343,ES 06-26,1781027300308,1781027300605,Absorb,-1,7336.75,7336.25,2.0,96,93,1,3.126315789473684,297.0,696.969696969697,207.0,42.0,-143.0,32.0,175.0,-1.9384088442756375,-101.0,-42.0,89,199.0,50,0.0
48797,ES 06-26,1781027308920,1781027309004,Predator,1,7340.25,7337.75,10.0,387,372,1,0.21761658031088082,84.0,5547.619047619048,466.0,18.0,208.0,337.0,129.0,0.7458061232898097,196.0,12.0,348,420.0,121,0.0
48798,ES 06-26,1781028496792,1781028496912,Predator,-1,7356.25,7355.0,5.0,195,188,1,0.6185567010309279,120.0,2116.666666666667,254.0,25.0,160.0,207.0,47.0,0.7856754438492288,132.0,28.0,183,241.0,59,0.0
47556,ES 06-26,1781028496793,1781028496914,Predator,-1,7356.25,7355.0,5.0,195,188,1,0.6237113402061856,121.0,2099.1735537190084,254.0,25.0,160.0,207.0,47.0,0.7856754438492288,132.0,28.0,183,241.0,59,0.0
47811,ES 06-26,1781028668917,1781028669117,Predator,-1,7350.25,7348.5,7.0,194,189,1,1.0362694300518134,200.0,1105.0,221.0,5.0,-93.0,64.0,157.0,-0.21285187757064258,-75.0,-18.0,177,199.0,60,0.0
48799,ES 06-26,1781029044784,1781029045072,Predator,-1,7350.75,7348.5,9.0,210,194,1,1.3779904306220097,288.0,826.3888888888889,238.0,6.0,62.0,150.0,88.0,0.3754519862776286,106.0,-44.0,181,205.0,67,0.0
47812,ES 06-26,1781029044785,1781029045072,Predator,-1,7350.75,7348.5,9.0,210,194,1,1.3732057416267942,287.0,829.2682926829269,238.0,6.0,62.0,150.0,88.0,0.3754519862776286,106.0,-44.0,181,205.0,67,0.0
47814,ES 06-26,1781029119362,1781029119478,Predator,-1,7361.0,7359.25,7.0,320,306,1,0.36363636363636365,116.0,3250.0,377.0,5.0,181.0,279.0,98.0,0.610429056924384,189.0,-8.0,294,345.0,88,0.0
48800,ES 06-26,1781029119364,1781029119480,Predator,-1,7361.0,7359.25,7.0,320,306,1,0.36363636363636365,116.0,3250.0,377.0,5.0,181.0,279.0,98.0,0.610429056924384,189.0,-8.0,294,345.0,88,0.0
48801,ES 06-26,1781029136240,1781029136376,Predator,-1,7363.0,7361.75,5.0,188,175,1,0.7272727272727273,136.0,1816.1764705882351,247.0,18.0,143.0,195.0,52.0,0.7609737641026753,134.0,9.0,165,214.0,67,0.0
47815,ES 06-26,1781029136242,1781029136530,Predator,-1,7363.0,7361.75,5.0,202,188,1,1.4328358208955223,288.0,913.1944444444445,263.0,18.0,155.0,209.0,54.0,0.6835650552776769,143.0,12.0,178,229.0,69,0.0
47817,ES 06-26,1781029805784,1781029805948,Predator,-1,7375.0,7373.75,5.0,126,119,1,1.312,164.0,1408.5365853658536,231.0,38.0,211.0,221.0,10.0,1.8220142482189727,151.0,60.0,116,213.0,37,0.0
48803,ES 06-26,1781030654680,1781030654692,Predator,-1,7371.0,7369.0,8.0,227,226,1,0.05309734513274336,12.0,22833.333333333332,274.0,10.0,-272.0,1.0,273.0,-1.2065785882975733,-141.0,-131.0,217,259.0,40,0.0
48804,ES 06-26,1781030847312,1781030847316,Absorb,-1,7375.0,7374.75,1.0,27,27,1,0.15384615384615385,4.0,58750.0,235.0,131.0,-235.0,0.0,235.0,-2.8345543345543347,-217.0,-18.0,25,103.0,17,0.0
48805,ES 06-26,1781030985260,1781030985460,Predator,-1,7374.75,7373.25,6.0,201,194,1,1.0,200.0,1115.0,223.0,6.0,-31.0,96.0,127.0,-0.35354514555933203,-38.0,7.0,181,201.0,59,0.0
48806,ES 06-26,1781031104036,1781031104108,Predator,-1,7375.5,7374.25,5.0,181,171,1,0.4,72.0,3138.888888888889,226.0,25.0,140.0,183.0,43.0,0.8612652540829336,65.0,75.0,165,207.0,48,0.0
48807,ES 06-26,1781031176244,1781031176504,Predator,-1,7382.5,7380.5,8.0,275,269,1,0.948905109489051,260.0,1373.076923076923,357.0,12.0,-249.0,54.0,303.0,-1.0062387120971696,-191.0,-58.0,255,333.0,88,0.0
48808,ES 06-26,1781031420456,1781031420608,Absorb,-1,7387.25,7386.25,4.0,163,154,1,0.9382716049382716,152.0,2322.3684210526317,353.0,100.0,269.0,311.0,42.0,2.05520363997096,201.0,68.0,149,335.0,58,0.0
48809,ES 06-26,1781031916396,1781031916508,Predator,-1,7398.0,7396.5,6.0,203,192,1,0.5544554455445545,112.0,2758.9285714285716,309.0,25.0,173.0,241.0,68.0,0.9935533107063241,178.0,-5.0,184,284.0,64,0.0
48810,ES 06-26,1781031927252,1781031927408,Predator,-1,7397.75,7396.25,6.0,189,180,1,0.8297872340425532,156.0,1557.6923076923076,243.0,19.0,77.0,160.0,83.0,0.5893403722071135,120.0,-43.0,174,225.0,56,0.0
48811,ES 06-26,1781032462852,1781032462928,Predator,-1,7377.0,7375.25,7.0,185,182,1,0.41304347826086957,76.0,3368.421052631579,256.0,15.0,-214.0,21.0,235.0,-0.9961108373450589,-116.0,-98.0,172,243.0,41,0.0
48812,ES 06-26,1781032516436,1781032516576,Predator,-1,7370.75,7369.5,5.0,444,425,1,0.3160270880361174,140.0,4171.428571428571,584.0,44.0,-164.0,210.0,374.0,-0.33627367444041295,-246.0,82.0,403,518.0,199,0.0
48813,ES 06-26,1781032543972,1781032544088,Absorb,-1,7365.0,7364.0,4.0,153,145,1,0.7631578947368421,116.0,1750.0,203.0,33.0,-27.0,88.0,115.0,-0.48968008255933954,-84.0,57.0,134,151.0,63,0.0
48814,ES 06-26,1781032660120,1781032660328,Predator,-1,7364.25,7362.25,8.0,267,255,1,0.7819548872180451,208.0,1552.8846153846155,323.0,6.0,-97.0,113.0,210.0,-0.46747108421733524,-115.0,18.0,236,280.0,76,0.0
48815,ES 06-26,1781032715712,1781032715772,Absorb,1,7365.0,7364.25,3.0,93,92,1,0.6521739130434783,60.0,3833.3333333333335,230.0,121.0,226.0,228.0,2.0,2.8174629226224224,51.0,175.0,87,222.0,45,0.0
48816,ES 06-26,1781032814236,1781032814444,Predator,-1,7357.25,7355.25,8.0,222,209,1,0.9411764705882353,208.0,1274.0384615384617,265.0,8.0,69.0,167.0,98.0,0.36122318369746487,121.0,-52.0,197,239.0,73,0.0
48817,ES 06-26,1781032831444,1781032831640,Absorb,-1,7360.25,7359.5,3.0,101,96,1,1.96,196.0,1596.938775510204,313.0,103.0,-203.0,55.0,258.0,-1.2203494467093767,-245.0,42.0,90,299.0,35,0.0
48818,ES 06-26,1781032898124,1781032898352,Absorb,-1,7365.25,7364.25,4.0,192,179,1,1.193717277486911,228.0,1149.122807017544,262.0,9.0,64.0,163.0,99.0,0.4021410357268806,134.0,-70.0,167,236.0,71,0.0
48819,ES 06-26,1781034384212,1781034384412,Predator,-1,7357.0,7355.25,7.0,221,210,1,0.9090909090909091,200.0,1290.0,258.0,5.0,58.0,158.0,100.0,0.2926790220907868,123.0,-65.0,203,238.0,81,0.0
48820,ES 06-26,1781034508504,1781034508660,Absorb,-1,7350.25,7349.5,3.0,94,92,1,1.6774193548387097,156.0,1480.7692307692307,231.0,50.0,-101.0,65.0,166.0,-1.1501354621970161,-159.0,58.0,86,222.0,60,0.0
48821,ES 06-26,1781034599992,1781034600052,Predator,-1,7355.75,7352.5,13.0,351,309,1,0.17142857142857143,60.0,6666.666666666667,400.0,8.0,128.0,264.0,136.0,0.28276085026085024,47.0,81.0,277,310.0,56,0.0
48822,ES 06-26,1781034600104,1781034600164,Predator,-1,7359.25,7357.25,8.0,184,165,1,0.32786885245901637,60.0,4850.0,291.0,30.0,127.0,209.0,82.0,1.0660283947525573,67.0,60.0,151,247.0,44,0.0
48823,ES 06-26,1781034605368,1781034605524,Predator,1,7370.0,7367.5,10.0,205,191,1,0.7647058823529411,156.0,1762.820512820513,275.0,25.0,167.0,221.0,54.0,1.0012731400871975,86.0,81.0,168,231.0,39,0.0
48824,ES 06-26,1781034690208,1781034690276,Predator,-1,7377.5,7375.25,9.0,216,200,1,0.31627906976744186,68.0,6205.882352941176,422.0,62.0,30.0,226.0,196.0,0.3069523333214256,94.0,-64.0,187,385.0,60,0.0
48825,ES 06-26,1781034750004,1781034750220,Predator,-1,7381.0,7379.25,7.0,170,157,1,1.2781065088757397,216.0,953.7037037037037,206.0,8.0,-64.0,71.0,135.0,-0.5157748181801528,-69.0,5.0,142,173.0,32,0.0
48826,ES 06-26,1781034810008,1781034810172,Predator,-1,7381.0,7379.25,7.0,195,184,1,0.845360824742268,164.0,1646.341463414634,270.0,22.0,214.0,242.0,28.0,1.3276456974542394,135.0,79.0,177,250.0,37,0.0
48827,ES 06-26,1781034840000,1781034840104,Predator,1,7379.75,7378.5,5.0,221,211,1,0.4727272727272727,104.0,2644.2307692307695,275.0,8.0,-21.0,127.0,148.0,-0.3089808442749619,-32.0,11.0,199,250.0,79,0.0
48828,ES 06-26,1781034880004,1781034880012,Predator,-1,7382.5,7380.75,7.0,199,182,1,0.04040404040404041,8.0,31625.0,253.0,5.0,161.0,207.0,46.0,0.780350236028628,59.0,102.0,172,217.0,37,0.0
48829,ES 06-26,1781034880012,1781034880244,Predator,-1,7382.75,7381.5,5.0,230,213,1,1.0131004366812226,232.0,1142.2413793103449,265.0,5.0,-133.0,66.0,199.0,-0.6837343025305812,-84.0,-49.0,191,221.0,65,0.0
48830,ES 06-26,1781034889952,1781034890188,Predator,-1,7382.75,7381.25,6.0,250,233,1,0.9477911646586346,236.0,1322.033898305085,312.0,5.0,42.0,177.0,135.0,0.09916881870109921,-38.0,80.0,215,268.0,60,0.0
48831,ES 06-26,1781034940620,1781034940684,Predator,-1,7387.25,7385.75,6.0,228,215,1,0.28193832599118945,64.0,11140.625,713.0,366.0,-263.0,225.0,488.0,-1.7756305958324432,148.0,-411.0,205,682.0,51,0.0
48832,ES 06-26,1781035016568,1781035016592,Predator,-1,7389.25,7386.25,12.0,341,337,1,0.07058823529411765,24.0,18833.333333333332,452.0,17.0,-392.0,30.0,422.0,-1.3266299265500303,-185.0,-207.0,319,429.0,45,0.0
48833,ES 06-26,1781035016592,1781035016836,Absorb,-1,7388.25,7387.5,3.0,197,187,1,1.2448979591836735,244.0,991.8032786885246,242.0,5.0,-56.0,93.0,149.0,-0.4397172805439665,20.0,-76.0,175,215.0,124,0.0
48834,ES 06-26,1781035079900,1781035080112,Absorb,-1,7391.5,7390.75,3.0,227,215,1,0.9380530973451328,212.0,1320.754716981132,280.0,10.0,74.0,177.0,103.0,0.22437106176223764,91.0,-17.0,202,251.0,100,0.0
48835,ES 06-26,1781035150896,1781035151024,Predator,-1,7394.25,7393.0,5.0,218,212,1,0.5898617511520737,128.0,2554.6875,327.0,30.0,181.0,254.0,73.0,1.3926849905801286,99.0,82.0,208,315.0,48,0.0
48836,ES 06-26,1781035172476,1781035172628,Absorb,-1,7389.75,7389.25,2.0,121,119,1,1.2666666666666666,152.0,1348.6842105263158,205.0,21.0,71.0,138.0,67.0,0.7597480016257959,-57.0,128.0,118,202.0,61,0.0
48837,ES 06-26,1781035173988,1781035174240,Absorb,-1,7391.5,7391.0,2.0,261,253,1,0.9692307692307692,252.0,1531.7460317460318,386.0,16.0,70.0,228.0,158.0,0.19540567355781885,-70.0,140.0,245,362.0,107,0.0
48838,ES 06-26,1781035175000,1781035175040,Absorb,-1,7391.75,7391.25,2.0,189,177,1,0.2127659574468085,40.0,6425.0,257.0,10.0,113.0,185.0,72.0,0.7191151637960148,21.0,92.0,166,226.0,114,0.0
48839,ES 06-26,1781035175400,1781035175452,Absorb,-1,7392.0,7391.0,4.0,213,209,1,0.24528301886792453,52.0,7500.0,390.0,70.0,-156.0,117.0,273.0,-1.1542118164816797,-72.0,-84.0,200,367.0,94,0.0
48840,ES 06-26,1781035182828,1781035182916,Absorb,-1,7391.75,7391.25,2.0,135,132,1,0.6567164179104478,88.0,2352.2727272727275,207.0,10.0,7.0,107.0,100.0,-0.08822553897180763,80.0,-73.0,127,196.0,80,0.0
48841,ES 06-26,1781035183304,1781035183472,Absorb,-1,7391.75,7390.75,4.0,164,158,1,1.030674846625767,168.0,1750.0,294.0,21.0,-72.0,111.0,183.0,-0.29946268007019167,-125.0,53.0,152,268.0,91,0.0
48842,ES 06-26,1781035184488,1781035184668,Absorb,-1,7393.25,7392.75,2.0,145,137,1,1.25,180.0,1172.2222222222222,211.0,8.0,-7.0,102.0,109.0,0.006687923161706818,78.0,-85.0,129,187.0,104,0.0
48843,ES 06-26,1781035184736,1781035184812,Absorb,-1,7393.25,7393.0,1.0,50,49,1,1.5510204081632653,76.0,3144.7368421052633,239.0,63.0,227.0,233.0,6.0,5.137094837935174,181.0,46.0,47,236.0,46,0.0
48844,ES 06-26,1781035185260,1781035185456,Absorb,-1,7393.25,7392.75,2.0,193,190,1,1.0208333333333333,196.0,1591.8367346938776,312.0,21.0,140.0,226.0,86.0,0.4264228673681961,78.0,62.0,187,304.0,116,0.0
48845,ES 06-26,1781035186668,1781035186944,Absorb,-1,7393.0,7392.25,3.0,214,209,1,1.295774647887324,276.0,1115.9420289855072,308.0,21.0,-10.0,149.0,159.0,-0.10240762112339326,5.0,-15.0,203,286.0,126,0.0
48846,ES 06-26,1781035187036,1781035187308,Predator,1,7393.5,7392.0,6.0,432,420,1,0.6310904872389791,272.0,2753.676470588235,749.0,50.0,53.0,401.0,348.0,-0.42397633791714373,90.0,-37.0,408,697.0,132,0.0
48847,ES 06-26,1781035187368,1781035187660,Absorb,-1,7392.25,7391.5,3.0,288,280,1,1.0174216027874565,292.0,1561.6438356164385,456.0,23.0,-124.0,166.0,290.0,-0.24926932753015124,-98.0,-26.0,271,438.0,119,0.0
48848,ES 06-26,1781035190000,1781035190212,Predator,-1,7392.75,7391.25,6.0,626,601,1,0.3392,212.0,4787.735849056604,1015.0,21.0,359.0,687.0,328.0,0.8026086674717581,271.0,88.0,581,933.0,186,0.0
48849,ES 06-26,1781035194732,1781035194940,Absorb,-1,7395.25,7394.25,4.0,241,234,1,0.8666666666666667,208.0,1754.8076923076924,365.0,30.0,305.0,335.0,30.0,1.2133191591509207,104.0,201.0,229,346.0,100,0.0
48850,ES 06-26,1781035197720,1781035198016,Predator,-1,7395.25,7393.0,9.0,825,784,1,0.3592233009708738,296.0,6604.72972972973,1955.0,32.0,797.0,1376.0,579.0,1.3145249172417184,159.0,638.0,753,1780.0,254,0.0
48851,ES 06-26,1781035198724,1781035198736,Absorb,-1,7393.5,7393.25,1.0,98,95,1,0.12371134020618557,12.0,18416.666666666668,221.0,18.0,-197.0,12.0,209.0,-1.9300537459594898,-106.0,-91.0,91,210.0,89,0.0
48852,ES 06-26,1781035199164,1781035199424,Predator,-1,7393.75,7391.75,8.0,1158,1134,1,0.2247191011235955,260.0,12857.692307692307,3343.0,54.0,-1423.0,960.0,2383.0,-1.078141167584618,-393.0,-1030.0,1103,3229.0,355,0.0
48853,ES 06-26,1781035199424,1781035199548,Absorb,-1,7392.75,7391.75,4.0,633,605,1,0.1962025316455696,124.0,13733.870967741936,1703.0,33.0,-105.0,799.0,904.0,-0.2692616566803676,228.0,-333.0,575,1540.0,208,0.0
48854,ES 06-26,1781035200404,1781035200616,Absorb,-1,7393.75,7392.75,4.0,270,263,1,0.7881040892193308,212.0,2617.9245283018868,555.0,15.0,225.0,390.0,165.0,1.0045908265774108,295.0,-70.0,254,523.0,118,0.0
48855,ES 06-26,1781035201872,1781035201964,Absorb,-1,7393.5,7393.25,1.0,84,83,1,1.108433734939759,92.0,2456.521739130435,226.0,70.0,226.0,226.0,0.0,2.05098714184469,67.0,159.0,82,220.0,64,0.0
48856,ES 06-26,1781035202032,1781035202204,Absorb,-1,7393.75,7393.25,2.0,102,99,1,1.702970297029703,172.0,1203.4883720930234,207.0,15.0,-7.0,100.0,107.0,-0.9468252936087441,12.0,-19.0,95,188.0,60,0.0
48857,ES 06-26,1781035205724,1781035205940,Absorb,-1,7394.75,7394.0,3.0,122,121,1,1.7851239669421488,216.0,1111.111111111111,240.0,19.0,-230.0,5.0,235.0,-2.0149328698272755,-112.0,-118.0,116,231.0,43,0.0
48858,ES 06-26,1781035205996,1781035206268,Absorb,-1,7393.75,7392.75,4.0,194,188,1,1.4093264248704662,272.0,1647.0588235294117,448.0,39.0,-290.0,79.0,369.0,-0.8841383390926685,-220.0,-70.0,177,423.0,64,0.0
48859,ES 06-26,1781035206328,1781035206492,Absorb,-1,7392.5,7391.5,4.0,152,150,1,1.086092715231788,164.0,1579.2682926829268,259.0,12.0,-171.0,44.0,215.0,-1.330831949370895,-117.0,-54.0,144,244.0,47,0.0
48860,ES 06-26,1781035209772,1781035209808,Predator,-1,7393.25,7390.75,10.0,419,403,1,0.0861244019138756,36.0,17416.666666666668,627.0,13.0,-469.0,79.0,548.0,-1.1295720859971583,-269.0,-200.0,374,558.0,55,0.0
48861,ES 06-26,1781035445704,1781035445808,Predator,-1,7393.0,7391.75,5.0,279,261,1,0.37410071942446044,104.0,3230.769230769231,336.0,5.0,-86.0,125.0,211.0,-0.6072599984528506,31.0,-117.0,242,286.0,100,0.0
48862,ES 06-26,1781052237044,1781052237192,Predator,-1,7368.25,7366.5,7.0,181,175,1,0.8222222222222222,148.0,1452.7027027027027,215.0,5.0,-165.0,25.0,190.0,-0.7730313885010017,-95.0,-70.0,158,192.0,69,0.0
