account,connection,instrument,tick_size,decision_time,submit_time,bid,ask,bid_size,ask_size,qi,dir,policy,timeout_s,crossed_after_timeout,fill_time,fill_price,exit_time,exit_price,bid_at_exit,ask_at_exit,seed,decision_n
Playback101,Playback,NQ SEP26,0.25,2026-08-20T01:01:39.5920000,2026-08-20T01:01:39.5920000,29618,29619.5,3,1,0.5000,1,P,30,1,2026-08-20T01:02:10.0000000,29622.5,2026-08-20T01:03:11.0000000,29627,29624.25,29625,20260924,1
Playback101,Playback,NQ SEP26,0.25,2026-08-20T01:03:12.6280000,2026-08-20T01:03:12.6280000,29627.75,29628.5,1,1,0.0000,-1,P,30,0,2026-08-20T01:03:14.0000000,29628.5,2026-08-20T01:04:15.0000000,29627.25,29626,29627.25,20260924,2
Playback101,Playback,NQ SEP26,0.25,2026-08-20T01:04:56.6400000,2026-08-20T01:04:56.6400000,29634.25,29635,1,6,-0.7143,-1,A,30,0,2026-08-20T01:04:57.0000000,29633,2026-08-20T01:05:58.0000000,29640,29639.25,29640.25,20260924,3
Playback101,Playback,NQ SEP26,0.25,2026-08-20T01:06:56.7480000,2026-08-20T01:06:56.7480000,29645,29646,1,1,0.0000,-1,A,30,0,2026-08-20T01:06:57.0000000,29645.5,2026-08-20T01:07:58.0000000,29647.75,29647,29648,20260924,4
Playback101,Playback,NQ SEP26,0.25,2026-08-20T01:08:42.9520000,2026-08-20T01:08:42.9520000,29647.25,29648.25,4,1,0.6000,-1,A,30,0,2026-08-20T01:08:43.0000000,29648,2026-08-20T01:09:44.0000000,29652,29650.5,29651.5,20260924,5
Playback101,Playback,NQ SEP26,0.25,2026-08-20T01:10:42.2680000,2026-08-20T01:10:42.2680000,29650,29651,1,2,-0.3333,1,P,30,0,2026-08-20T01:10:46.0000000,29650,2026-08-20T01:11:46.0000000,29651.75,29652.5,29653.5,20260924,6
Playback101,Playback,NQ SEP26,0.25,2026-08-20T01:12:13.2880000,2026-08-20T01:12:13.2880000,29650.5,29651,1,1,0.0000,-1,A,30,0,2026-08-20T01:12:14.0000000,29652,2026-08-20T01:13:15.0000000,29650,29649,29650.25,20260924,7
Playback101,Playback,NQ SEP26,0.25,2026-08-20T01:13:43.6640000,2026-08-20T01:13:43.6640000,29649.25,29650,1,1,0.0000,1,A,30,0,2026-08-20T01:13:44.0000000,29651,2026-08-20T01:14:45.0000000,29652.25,29652.25,29653.5,20260924,8
Playback101,Playback,NQ SEP26,0.25,2026-08-20T01:15:33.7200000,2026-08-20T01:15:33.7200000,29651.75,29652.75,1,1,0.0000,-1,A,30,0,2026-08-20T01:15:34.0000000,29652.25,2026-08-20T01:16:35.0000000,29649.75,29648.5,29649.75,20260924,9
Playback101,Playback,NQ SEP26,0.25,2026-08-20T01:17:24.3200000,2026-08-20T01:17:24.3200000,29650.25,29650.75,1,1,0.0000,-1,A,30,0,2026-08-20T01:17:25.0000000,29650.25,2026-08-20T01:18:26.0000000,29652.5,29652.25,29653.5,20260924,10
Playback101,Playback,NQ SEP26,0.25,2026-08-20T01:18:56.4080000,2026-08-20T01:18:56.4080000,29652.75,29653.5,1,1,0.0000,1,P,30,0,2026-08-20T01:19:16.0000000,29652.75,2026-08-20T01:20:17.0000000,29652,29652,29652.75,20260924,11
Playback101,Playback,NQ SEP26,0.25,2026-08-20T01:20:27.7800000,2026-08-20T01:20:27.7800000,29650.25,29651,1,1,0.0000,1,A,30,0,2026-08-20T01:20:28.0000000,29650.5,2026-08-20T01:21:29.0000000,29645,29645.25,29646.25,20260924,12
Playback101,Playback,NQ SEP26,0.25,2026-08-20T01:22:03.9400000,2026-08-20T01:22:03.9400000,29643,29644,1,1,0.0000,1,P,30,1,2026-08-20T01:22:35.0000000,29646.25,2026-08-20T01:23:36.0000000,29642.75,29643.25,29644.25,20260924,13
Playback101,Playback,NQ SEP26,0.25,2026-08-20T01:23:38.7840000,2026-08-20T01:23:38.7840000,29643.25,29644,1,1,0.0000,1,P,30,0,2026-08-20T01:23:39.0000000,29643.25,2026-08-20T01:24:41.0000000,29637.5,29637,29638,20260924,14
Playback101,Playback,NQ SEP26,0.25,2026-08-20T01:25:30.8320000,2026-08-20T01:25:30.8320000,29642,29643,1,1,0.0000,-1,P,30,0,2026-08-20T01:25:32.0000000,29643,2026-08-20T01:26:33.0000000,29643.5,29643,29644.25,20260924,15
Playback101,Playback,NQ SEP26,0.25,2026-08-20T01:27:15.9360000,2026-08-20T01:27:15.9360000,29639.5,29640.25,1,2,-0.3333,-1,P,30,0,2026-08-20T01:27:16.0000000,29640.5,2026-08-20T01:28:17.0000000,29638.75,29638,29638.75,20260924,16
Playback101,Playback,NQ SEP26,0.25,2026-08-20T01:29:15.1160000,2026-08-20T01:29:15.1160000,29642.75,29643.75,1,2,-0.3333,-1,A,30,0,2026-08-20T01:29:16.0000000,29643,2026-08-20T01:30:17.0000000,29636.75,29636.25,29637,20260924,17
Playback101,Playback,NQ SEP26,0.25,2026-08-20T01:31:09.3760000,2026-08-20T01:31:09.3760000,29634,29635,1,2,-0.3333,-1,A,30,0,2026-08-20T01:31:10.0000000,29634.75,2026-08-20T01:32:10.0000000,29628.25,29626.75,29628,20260924,18
Playback101,Playback,NQ SEP26,0.25,2026-08-20T01:32:59.3760000,2026-08-20T01:32:59.3760000,29620.5,29621.25,1,1,0.0000,1,P,30,0,2026-08-20T01:33:00.0000000,29620.5,2026-08-20T01:34:01.0000000,29616.5,29616.5,29617.25,20260924,19
Playback101,Playback,NQ SEP26,0.25,2026-08-20T01:34:37.3960000,2026-08-20T01:34:37.3960000,29612.75,29613.75,2,1,0.3333,-1,A,30,0,2026-08-20T01:34:38.0000000,29612.75,2026-08-20T01:35:39.0000000,29613.25,29613.5,29614.75,20260924,20
Playback101,Playback,NQ SEP26,0.25,2026-08-20T01:36:23.4320000,2026-08-20T01:36:23.4320000,29611.25,29612.25,1,1,0.0000,-1,A,30,0,2026-08-20T01:36:24.0000000,29611.25,2026-08-20T01:37:25.0000000,29616.5,29616.5,29617.5,20260924,21
Playback101,Playback,NQ SEP26,0.25,2026-08-20T01:37:57.7800000,2026-08-20T01:37:57.7800000,29617,29618.25,1,3,-0.5000,1,A,30,0,2026-08-20T01:37:58.0000000,29617.5,2026-08-20T01:38:59.0000000,29618.25,29618.25,29619.75,20260924,22
Playback101,Playback,NQ SEP26,0.25,2026-08-20T01:39:55.0440000,2026-08-20T01:39:55.0440000,29618,29619,1,1,0.0000,-1,P,30,0,2026-08-20T01:40:00.0000000,29619,2026-08-20T01:41:01.0000000,29629,29628.25,29629,20260924,23
Playback101,Playback,NQ SEP26,0.25,2026-08-20T01:41:34.2520000,2026-08-20T01:41:34.2520000,29625.75,29626.75,2,4,-0.3333,-1,P,30,0,2026-08-20T01:41:42.0000000,29626.75,2026-08-20T01:42:44.0000000,29624.75,29624,29624.75,20260924,24
Playback101,Playback,NQ SEP26,0.25,2026-08-20T01:43:06.3520000,2026-08-20T01:43:06.3520000,29626.5,29627.25,1,1,0.0000,1,A,30,0,2026-08-20T01:43:07.0000000,29626.5,2026-08-20T01:44:08.0000000,29624.25,29625.75,29626.75,20260924,25
Playback101,Playback,NQ SEP26,0.25,2026-08-20T01:44:59.1080000,2026-08-20T01:44:59.1080000,29627.5,29628.5,2,1,0.3333,1,A,30,0,2026-08-20T01:45:00.0000000,29628.5,2026-08-20T01:46:01.0000000,29625.75,29625.25,29626.25,20260924,26
Playback101,Playback,NQ SEP26,0.25,2026-08-20T01:46:33.1080000,2026-08-20T01:46:33.1080000,29628.25,29629.25,1,3,-0.5000,-1,P,30,0,2026-08-20T01:46:38.0000000,29629.25,2026-08-20T01:47:39.0000000,29631.5,29630.75,29631.5,20260924,27
Playback101,Playback,NQ SEP26,0.25,2026-08-20T01:48:15.5080000,2026-08-20T01:48:15.5080000,29629,29630,2,1,0.3333,1,P,30,0,2026-08-20T01:48:25.0000000,29629,2026-08-20T01:49:26.0000000,29629.25,29629.25,29630,20260924,28
Playback101,Playback,NQ SEP26,0.25,2026-08-20T01:50:00.9920000,2026-08-20T01:50:00.9920000,29628.5,29629.75,1,1,0.0000,1,A,30,0,2026-08-20T01:50:01.0000000,29628.75,2026-08-20T01:51:02.0000000,29631.25,29629,29630,20260924,29
Playback101,Playback,NQ SEP26,0.25,2026-08-20T01:52:01.0160000,2026-08-20T01:52:01.0160000,29628.75,29630,2,3,-0.2000,-1,P,30,0,2026-08-20T01:52:11.0000000,29630,2026-08-20T01:53:12.0000000,29633.5,29632,29633,20260924,30
Playback101,Playback,NQ SEP26,0.25,2026-08-20T01:53:55.1880000,2026-08-20T01:53:55.1880000,29637.5,29638.5,2,2,0.0000,-1,A,30,0,2026-08-20T01:53:56.0000000,29637.75,2026-08-20T01:54:57.0000000,29623.5,29622.75,29624,20260924,31
Playback101,Playback,NQ SEP26,0.25,2026-08-20T01:55:37.7640000,2026-08-20T01:55:37.7640000,29616.75,29617.75,2,1,0.3333,-1,A,30,0,2026-08-20T01:55:38.0000000,29617.25,2026-08-20T01:56:39.0000000,29617,29616.25,29617,20260924,32
Playback101,Playback,NQ SEP26,0.25,2026-08-20T01:57:34.8760000,2026-08-20T01:57:34.8760000,29616,29616.75,1,1,0.0000,-1,P,30,0,2026-08-20T01:57:38.0000000,29616.75,2026-08-20T01:58:39.0000000,29618.75,29617,29618.25,20260924,33
Playback101,Playback,NQ SEP26,0.25,2026-08-20T01:59:28.9920000,2026-08-20T01:59:28.9920000,29615.75,29617,1,1,0.0000,-1,A,30,0,2026-08-20T01:59:29.0000000,29616.25,2026-08-20T02:00:30.0000000,29612.75,29611.5,29612.5,20260924,34
Playback101,Playback,NQ SEP26,0.25,2026-08-20T02:01:15.0040000,2026-08-20T02:01:15.0040000,29617.5,29618.5,2,1,0.3333,-1,P,30,0,2026-08-20T02:01:17.0000000,29618.5,2026-08-20T02:02:18.0000000,29621.5,29620.5,29621.75,20260924,35
Playback101,Playback,NQ SEP26,0.25,2026-08-20T02:02:52.1120000,2026-08-20T02:02:52.1120000,29619.75,29621.25,1,2,-0.3333,-1,P,30,0,2026-08-20T02:02:54.0000000,29621.25,2026-08-20T02:03:55.0000000,29614.5,29613.5,29614.5,20260924,36
Playback101,Playback,NQ SEP26,0.25,2026-08-20T02:04:33.1840000,2026-08-20T02:04:33.1840000,29620.5,29621.5,1,1,0.0000,1,A,30,0,2026-08-20T02:04:34.0000000,29621,2026-08-20T02:05:35.0000000,29618.5,29618.25,29619.75,20260924,37
Playback101,Playback,NQ SEP26,0.25,2026-08-20T02:06:29.1920000,2026-08-20T02:06:29.1920000,29613,29613.75,11,2,0.6923,1,A,30,0,2026-08-20T02:06:30.0000000,29613,2026-08-20T02:07:31.0000000,29612.5,29611.75,29612.5,20260924,38
Playback101,Playback,NQ SEP26,0.25,2026-08-20T02:08:17.3040000,2026-08-20T02:08:17.3040000,29607,29608,1,2,-0.3333,-1,P,30,0,2026-08-20T02:08:22.0000000,29608,2026-08-20T02:09:23.0000000,29609.5,29609.5,29610.5,20260924,39
Playback101,Playback,NQ SEP26,0.25,2026-08-20T02:10:04.5400000,2026-08-20T02:10:04.5400000,29606,29606.5,2,1,0.3333,-1,A,30,0,2026-08-20T02:10:05.0000000,29606,2026-08-20T02:11:06.0000000,29598.75,29598,29598.75,20260924,40
Playback101,Playback,NQ SEP26,0.25,2026-08-20T02:11:42.5840000,2026-08-20T02:11:42.5840000,29595.5,29596.5,1,1,0.0000,1,P,30,0,2026-08-20T02:11:45.0000000,29595.5,2026-08-20T02:12:46.0000000,29597,29596,29596.75,20260924,41
Playback101,Playback,NQ SEP26,0.25,2026-08-20T02:13:31.9120000,2026-08-20T02:13:31.9120000,29596,29596.5,1,1,0.0000,-1,A,30,0,2026-08-20T02:13:32.0000000,29595.25,2026-08-20T02:14:33.0000000,29594.75,29593.75,29594.75,20260924,42
Playback101,Playback,NQ SEP26,0.25,2026-08-20T02:15:06.9320000,2026-08-20T02:15:06.9320000,29596,29597,1,3,-0.5000,-1,P,30,0,2026-08-20T02:15:26.0000000,29597,2026-08-20T02:16:27.0000000,29603.5,29601.75,29602.75,20260924,43
Playback101,Playback,NQ SEP26,0.25,2026-08-20T02:16:53.9400000,2026-08-20T02:16:53.9400000,29618.25,29619,1,1,0.0000,1,P,30,0,2026-08-20T02:16:54.0000000,29618,2026-08-20T02:17:55.0000000,29618.75,29619.25,29620,20260924,44
Playback101,Playback,NQ SEP26,0.25,2026-08-20T02:18:51.0920000,2026-08-20T02:18:51.0920000,29626,29627.25,1,3,-0.5000,-1,A,30,0,2026-08-20T02:18:52.0000000,29625.75,2026-08-20T02:19:53.0000000,29628.25,29626.25,29627.5,20260924,45
Playback101,Playback,NQ SEP26,0.25,2026-08-20T02:20:47.2600000,2026-08-20T02:20:47.2600000,29611,29612.25,2,1,0.3333,1,P,30,0,2026-08-20T02:20:48.0000000,29610.75,2026-08-20T02:21:49.0000000,29616.5,29616.5,29617.5,20260924,46
Playback101,Playback,NQ SEP26,0.25,2026-08-20T02:22:27.6680000,2026-08-20T02:22:27.6680000,29617,29617.75,1,1,0.0000,-1,A,30,0,2026-08-20T02:22:28.0000000,29616.25,2026-08-20T02:23:29.0000000,29623.5,29623.25,29624.25,20260924,47
Playback101,Playback,NQ SEP26,0.25,2026-08-20T02:24:27.6960000,2026-08-20T02:24:27.6960000,29630,29630.5,1,1,0.0000,-1,P,30,0,2026-08-20T02:24:30.0000000,29630.5,2026-08-20T02:25:31.0000000,29630.25,29629.5,29630.5,20260924,48
Playback101,Playback,NQ SEP26,0.25,2026-08-20T02:26:21.7120000,2026-08-20T02:26:21.7120000,29639.75,29640.5,1,1,0.0000,-1,A,30,0,2026-08-20T02:26:22.0000000,29640,2026-08-20T02:27:23.0000000,29637.75,29636.5,29637.5,20260924,49
Playback101,Playback,NQ SEP26,0.25,2026-08-20T02:27:59.8280000,2026-08-20T02:27:59.8280000,29637.5,29639,1,3,-0.5000,1,P,30,0,2026-08-20T02:28:08.0000000,29637.5,2026-08-20T02:29:09.0000000,29628.25,29627.75,29628.75,20260924,50
Playback101,Playback,NQ SEP26,0.25,2026-08-20T02:29:36.9480000,2026-08-20T02:29:36.9480000,29624.25,29625.25,2,1,0.3333,-1,P,30,1,2026-08-20T02:30:07.0000000,29617,2026-08-20T02:31:08.0000000,29613.5,29612.25,29613.5,20260924,51
Playback101,Playback,NQ SEP26,0.25,2026-08-20T02:31:30.0600000,2026-08-20T02:31:30.0600000,29613.5,29614.75,3,1,0.5000,-1,A,30,0,2026-08-20T02:31:31.0000000,29614.25,2026-08-20T02:32:32.0000000,29616.5,29615,29616.25,20260924,52
Playback101,Playback,NQ SEP26,0.25,2026-08-20T02:33:13.4680000,2026-08-20T02:33:13.4680000,29610.5,29611.25,1,1,0.0000,1,A,30,0,2026-08-20T02:33:14.0000000,29611,2026-08-20T02:34:15.0000000,29613.5,29613.25,29614,20260924,53
Playback101,Playback,NQ SEP26,0.25,2026-08-20T02:34:55.4680000,2026-08-20T02:34:55.4680000,29611.75,29612.75,1,1,0.0000,-1,A,30,0,2026-08-20T02:34:56.0000000,29612,2026-08-20T02:35:59.0000000,29614.25,29613.5,29614.75,20260924,54
Playback101,Playback,NQ SEP26,0.25,2026-08-20T02:36:41.6920000,2026-08-20T02:36:41.6920000,29605,29606.25,2,1,0.3333,-1,P,30,0,2026-08-20T02:36:54.0000000,29606.25,2026-08-20T02:37:55.0000000,29608.25,29606.25,29607.25,20260924,55
Playback101,Playback,NQ SEP26,0.25,2026-08-20T02:38:40.7560000,2026-08-20T02:38:40.7560000,29605.5,29606.75,1,2,-0.3333,-1,A,30,0,2026-08-20T02:38:41.0000000,29605.25,2026-08-20T02:39:42.0000000,29611,29609.5,29610.5,20260924,56
Playback101,Playback,NQ SEP26,0.25,2026-08-20T02:40:32.8640000,2026-08-20T02:40:32.8640000,29612.25,29613.25,1,1,0.0000,1,A,30,0,2026-08-20T02:40:33.0000000,29613.5,2026-08-20T02:41:34.0000000,29607.5,29607.75,29608.75,20260924,57
Playback101,Playback,NQ SEP26,0.25,2026-08-20T02:42:06.3360000,2026-08-20T02:42:06.3360000,29612.75,29614,3,1,0.5000,1,A,30,0,2026-08-20T02:42:07.0000000,29612.5,2026-08-20T02:43:08.0000000,29620.75,29620.5,29621.75,20260924,58
Playback101,Playback,NQ SEP26,0.25,2026-08-20T02:43:40.5560000,2026-08-20T02:43:40.5560000,29619,29620.25,2,2,0.0000,-1,P,30,0,2026-08-20T02:43:43.0000000,29620.25,2026-08-20T02:44:44.0000000,29621.75,29620.25,29621.5,20260924,59
Playback101,Playback,NQ SEP26,0.25,2026-08-20T02:45:29.6400000,2026-08-20T02:45:29.6400000,29605.5,29607,2,3,-0.2000,-1,P,30,0,2026-08-20T02:45:32.0000000,29607,2026-08-20T02:46:33.0000000,29603.75,29602,29602.75,20260924,60
Playback101,Playback,NQ SEP26,0.25,2026-08-20T02:47:01.3600000,2026-08-20T02:47:01.3600000,29609,29609.75,1,1,0.0000,1,A,30,0,2026-08-20T02:47:02.0000000,29610,2026-08-20T02:48:03.0000000,29615.25,29615.5,29616.5,20260924,61
Playback101,Playback,NQ SEP26,0.25,2026-08-20T02:48:57.3720000,2026-08-20T02:48:57.3720000,29611,29612,1,1,0.0000,1,P,30,0,2026-08-20T02:49:05.0000000,29611,2026-08-20T02:50:06.0000000,29611,29611.75,29612.75,20260924,62
Playback101,Playback,NQ SEP26,0.25,2026-08-20T02:50:50.3840000,2026-08-20T02:50:50.3840000,29614,29615,1,2,-0.3333,1,P,30,0,2026-08-20T02:50:54.0000000,29614,2026-08-20T02:51:55.0000000,29607,29606.75,29608,20260924,63
Playback101,Playback,NQ SEP26,0.25,2026-08-20T02:52:46.4120000,2026-08-20T02:52:46.4120000,29609.5,29610.25,1,1,0.0000,-1,A,30,0,2026-08-20T02:52:47.0000000,29610.5,2026-08-20T02:53:48.0000000,29605,29604,29605.25,20260924,64
Playback101,Playback,NQ SEP26,0.25,2026-08-20T02:54:44.4320000,2026-08-20T02:54:44.4320000,29599.75,29600.75,1,2,-0.3333,1,P,30,0,2026-08-20T02:54:45.0000000,29599.75,2026-08-20T02:55:46.0000000,29609.25,29609.5,29610.5,20260924,65
Playback101,Playback,NQ SEP26,0.25,2026-08-20T02:56:29.8880000,2026-08-20T02:56:29.8880000,29608.25,29609.25,1,2,-0.3333,-1,P,30,1,2026-08-20T02:57:00.0000000,29604,2026-08-20T02:58:01.0000000,29608.5,29607,29608.5,20260924,66
Playback101,Playback,NQ SEP26,0.25,2026-08-20T02:58:10.9440000,2026-08-20T02:58:10.9440000,29605,29605.75,1,1,0.0000,-1,A,30,0,2026-08-20T02:58:11.0000000,29605.25,2026-08-20T02:59:12.0000000,29604.25,29603.75,29604.25,20260924,67
Playback101,Playback,NQ SEP26,0.25,2026-08-20T03:00:10.0760000,2026-08-20T03:00:10.0760000,29608,29609,1,1,0.0000,1,A,30,0,2026-08-20T03:00:11.0000000,29609.75,2026-08-20T03:01:12.0000000,29608.75,29609.5,29610.25,20260924,68
Playback101,Playback,NQ SEP26,0.25,2026-08-20T03:01:45.0760000,2026-08-20T03:01:45.0760000,29606.5,29607.5,2,1,0.3333,-1,A,30,0,2026-08-20T03:01:46.0000000,29607.75,2026-08-20T03:02:47.0000000,29622.75,29621,29622,20260924,69
Playback101,Playback,NQ SEP26,0.25,2026-08-20T03:03:33.0880000,2026-08-20T03:03:33.0880000,29617.5,29619,2,2,0.0000,-1,A,30,0,2026-08-20T03:03:34.0000000,29617.75,2026-08-20T03:04:35.0000000,29628.75,29627.75,29628.75,20260924,70
Playback101,Playback,NQ SEP26,0.25,2026-08-20T03:05:15.1080000,2026-08-20T03:05:15.1080000,29638,29639,1,6,-0.7143,1,A,30,0,2026-08-20T03:05:16.0000000,29637.75,2026-08-20T03:06:17.0000000,29641.75,29641.25,29642,20260924,71
Playback101,Playback,NQ SEP26,0.25,2026-08-20T03:07:03.1320000,2026-08-20T03:07:03.1320000,29649.75,29650.75,1,1,0.0000,-1,A,30,0,2026-08-20T03:07:04.0000000,29649.5,2026-08-20T03:08:05.0000000,29654,29653,29654,20260924,72
Playback101,Playback,NQ SEP26,0.25,2026-08-20T03:08:37.1600000,2026-08-20T03:08:37.1600000,29653.25,29654,3,1,0.5000,1,P,30,0,2026-08-20T03:08:38.0000000,29653.25,2026-08-20T03:09:39.0000000,29654.25,29653.25,29654.75,20260924,73
Playback101,Playback,NQ SEP26,0.25,2026-08-20T03:10:26.1680000,2026-08-20T03:10:26.1680000,29661.5,29662.5,1,1,0.0000,-1,A,30,0,2026-08-20T03:10:27.0000000,29661.5,2026-08-20T03:11:28.0000000,29663.25,29661.75,29662.75,20260924,74
Playback101,Playback,NQ SEP26,0.25,2026-08-20T03:12:26.2360000,2026-08-20T03:12:26.2360000,29660.75,29661.75,1,1,0.0000,1,A,30,0,2026-08-20T03:12:27.0000000,29662.75,2026-08-20T03:13:28.0000000,29656.25,29656.25,29657.25,20260924,75
Playback101,Playback,NQ SEP26,0.25,2026-08-20T03:14:05.2400000,2026-08-20T03:14:05.2400000,29653.25,29654,1,1,0.0000,-1,P,30,0,2026-08-20T03:14:06.0000000,29654,2026-08-20T03:15:07.0000000,29659.5,29659,29659.75,20260924,76
Playback101,Playback,NQ SEP26,0.25,2026-08-20T03:15:39.4160000,2026-08-20T03:15:39.4160000,29655.25,29656.25,2,1,0.3333,1,A,30,0,2026-08-20T03:15:40.0000000,29655.75,2026-08-20T03:16:41.0000000,29649,29648.75,29650,20260924,77
Playback101,Playback,NQ SEP26,0.25,2026-08-20T03:17:25.4880000,2026-08-20T03:17:25.4880000,29653,29654,1,1,0.0000,1,A,30,0,2026-08-20T03:17:26.0000000,29654,2026-08-20T03:18:27.0000000,29644.5,29644.5,29645.25,20260924,78
Playback101,Playback,NQ SEP26,0.25,2026-08-20T03:19:14.0200000,2026-08-20T03:19:14.0200000,29640.75,29642,1,3,-0.5000,-1,A,30,0,2026-08-20T03:19:15.0000000,29641,2026-08-20T03:20:16.0000000,29648.25,29646.75,29647.5,20260924,79
Playback101,Playback,NQ SEP26,0.25,2026-08-20T03:21:11.0240000,2026-08-20T03:21:11.0240000,29647.5,29648.75,1,2,-0.3333,1,A,30,0,2026-08-20T03:21:12.0000000,29648.75,2026-08-20T03:22:13.0000000,29647.75,29647.75,29648.5,20260924,80
Playback101,Playback,NQ SEP26,0.25,2026-08-20T03:22:48.0600000,2026-08-20T03:22:48.0600000,29647.75,29648.75,2,2,0.0000,1,P,30,0,2026-08-20T03:22:49.0000000,29647.75,2026-08-20T03:23:50.0000000,29648.75,29651.25,29652,20260924,81
Playback101,Playback,NQ SEP26,0.25,2026-08-20T03:24:37.2920000,2026-08-20T03:24:37.2920000,29653.5,29654.25,1,5,-0.6667,1,P,30,0,2026-08-20T03:24:38.0000000,29653.5,2026-08-20T03:25:39.0000000,29649.5,29649.5,29650.75,20260924,82
Playback101,Playback,NQ SEP26,0.25,2026-08-20T03:26:37.0760000,2026-08-20T03:26:37.0760000,29644.25,29645.25,2,2,0.0000,1,P,30,0,2026-08-20T03:26:38.0000000,29643.5,2026-08-20T03:27:39.0000000,29641.75,29642.75,29643.75,20260924,83
Playback101,Playback,NQ SEP26,0.25,2026-08-20T03:28:08.0800000,2026-08-20T03:28:08.0800000,29644,29645.25,1,3,-0.5000,-1,P,30,0,2026-08-20T03:28:18.0000000,29645.25,2026-08-20T03:29:19.0000000,29655.75,29655,29656,20260924,84
Playback101,Playback,NQ SEP26,0.25,2026-08-20T03:29:48.1400000,2026-08-20T03:29:48.1400000,29652.25,29653.25,2,1,0.3333,-1,P,30,0,2026-08-20T03:29:49.0000000,29653.25,2026-08-20T03:30:50.0000000,29655.75,29651.75,29652.75,20260924,85
Playback101,Playback,NQ SEP26,0.25,2026-08-20T03:31:20.3760000,2026-08-20T03:31:20.3760000,29654.25,29655.25,1,2,-0.3333,-1,P,30,0,2026-08-20T03:31:21.0000000,29655.25,2026-08-20T03:32:22.0000000,29658,29656.75,29658,20260924,86
Playback101,Playback,NQ SEP26,0.25,2026-08-20T03:33:11.3920000,2026-08-20T03:33:11.3920000,29663,29664,1,1,0.0000,1,A,30,0,2026-08-20T03:33:12.0000000,29664.25,2026-08-20T03:34:13.0000000,29664.25,29663.75,29664.75,20260924,87
Playback101,Playback,NQ SEP26,0.25,2026-08-20T03:35:11.3920000,2026-08-20T03:35:11.3920000,29669,29669.75,1,1,0.0000,-1,P,30,0,2026-08-20T03:35:12.0000000,29669.75,2026-08-20T03:36:13.0000000,29672,29671.25,29672.5,20260924,88
Playback101,Playback,NQ SEP26,0.25,2026-08-20T06:17:23.1920000,2026-08-20T06:17:23.1920000,29520.25,29521.5,1,2,-0.3333,1,P,30,0,2026-08-20T06:17:26.0000000,29520.25,2026-08-20T06:18:27.0000000,29520.5,29521,29522,20260924,1
Playback101,Playback,NQ SEP26,0.25,2026-08-20T06:18:56.2120000,2026-08-20T06:18:56.2120000,29530.75,29531.75,2,1,0.3333,-1,P,30,0,2026-08-20T06:19:01.0000000,29531.75,2026-08-20T06:20:02.0000000,29523.75,29521.5,29522.5,20260924,2
Playback101,Playback,NQ SEP26,0.25,2026-08-20T06:20:40.2520000,2026-08-20T06:20:40.2520000,29521,29522,1,1,0.0000,-1,A,30,0,2026-08-20T06:20:41.0000000,29521,2026-08-20T06:21:42.0000000,29524,29524.25,29525.75,20260924,3
Playback101,Playback,NQ SEP26,0.25,2026-08-20T06:22:40.3880000,2026-08-20T06:22:40.3880000,29528.25,29529.5,1,2,-0.3333,-1,A,30,0,2026-08-20T06:22:41.0000000,29529.75,2026-08-20T06:23:42.0000000,29531.5,29530.25,29531.5,20260924,4
Playback101,Playback,NQ SEP26,0.25,2026-08-20T06:24:26.4440000,2026-08-20T06:24:26.4440000,29533.5,29534.75,1,2,-0.3333,-1,A,30,0,2026-08-20T06:24:27.0000000,29532.75,2026-08-20T06:25:28.0000000,29536.25,29535.25,29536.25,20260924,5
Playback101,Playback,NQ SEP26,0.25,2026-08-20T06:26:25.6800000,2026-08-20T06:26:25.6800000,29535.5,29536.75,3,2,0.2000,1,P,30,0,2026-08-20T06:26:26.0000000,29535.5,2026-08-20T06:27:27.0000000,29537.5,29537.5,29538.25,20260924,6
Playback101,Playback,NQ SEP26,0.25,2026-08-20T06:27:56.7240000,2026-08-20T06:27:56.7240000,29538,29539.5,3,3,0.0000,-1,A,30,0,2026-08-20T06:27:57.0000000,29539.75,2026-08-20T06:28:58.0000000,29537,29533.75,29535,20260924,7
Playback101,Playback,NQ SEP26,0.25,2026-08-20T06:29:27.2040000,2026-08-20T06:29:27.2040000,29531.75,29532.75,1,1,0.0000,1,A,30,0,2026-08-20T06:29:28.0000000,29532.25,2026-08-20T06:30:29.0000000,29526.5,29527.5,29529,20260924,8
Playback101,Playback,NQ SEP26,0.25,2026-08-20T06:31:17.7040000,2026-08-20T06:31:17.7040000,29522.25,29523.25,1,1,0.0000,-1,A,30,0,2026-08-20T06:31:18.0000000,29523,2026-08-20T06:32:19.0000000,29527,29526.25,29527.25,20260924,9
Playback101,Playback,NQ SEP26,0.25,2026-08-20T06:33:06.8040000,2026-08-20T06:33:06.8040000,29514.5,29515.5,3,1,0.5000,-1,A,30,0,2026-08-20T06:33:07.0000000,29514.75,2026-08-20T06:34:08.0000000,29514.25,29513.5,29514.5,20260924,10
Playback101,Playback,NQ SEP26,0.25,2026-08-20T06:34:38.8120000,2026-08-20T06:34:38.8120000,29514.5,29515.25,1,1,0.0000,1,P,30,0,2026-08-20T06:34:42.0000000,29514.5,2026-08-20T06:35:43.0000000,29512.75,29513.5,29514.75,20260924,11
Playback101,Playback,NQ SEP26,0.25,2026-08-20T06:36:09.8560000,2026-08-20T06:36:09.8560000,29508.5,29509.75,1,1,0.0000,1,A,30,0,2026-08-20T06:36:10.0000000,29510.25,2026-08-20T06:37:11.0000000,29514,29512,29513.25,20260924,12
Playback101,Playback,NQ SEP26,0.25,2026-08-20T06:37:46.2360000,2026-08-20T06:37:46.2360000,29513.75,29514.75,1,2,-0.3333,1,P,30,1,2026-08-20T06:38:17.0000000,29514.75,2026-08-20T06:39:18.0000000,29519.5,29521,29522.5,20260924,13
Playback101,Playback,NQ SEP26,0.25,2026-08-20T06:39:20.2360000,2026-08-20T06:39:20.2360000,29521.5,29522.75,1,2,-0.3333,1,P,30,0,2026-08-20T06:39:21.0000000,29520.5,2026-08-20T06:40:22.0000000,29521,29521.25,29522.25,20260924,14
Playback101,Playback,NQ SEP26,0.25,2026-08-20T06:41:12.2400000,2026-08-20T06:41:12.2400000,29518.5,29519.75,1,1,0.0000,-1,P,30,0,2026-08-20T06:41:14.0000000,29519.75,2026-08-20T06:42:15.0000000,29516,29516.75,29518,20260924,15
Playback101,Playback,NQ SEP26,0.25,2026-08-20T06:42:58.0040000,2026-08-20T06:42:58.0040000,29532.25,29533.75,2,1,0.3333,-1,P,30,0,2026-08-20T06:42:59.0000000,29533.75,2026-08-20T06:44:00.0000000,29532.75,29532.25,29533.25,20260924,16
Playback101,Playback,NQ SEP26,0.25,2026-08-20T06:44:57.0280000,2026-08-20T06:44:57.0280000,29534.25,29535.25,1,1,0.0000,-1,A,30,0,2026-08-20T06:44:58.0000000,29534.5,2026-08-20T06:45:59.0000000,29541.25,29540,29541.25,20260924,17
Playback101,Playback,NQ SEP26,0.25,2026-08-20T06:46:51.7360000,2026-08-20T06:46:51.7360000,29544.25,29545,1,1,0.0000,-1,A,30,0,2026-08-20T06:46:52.0000000,29542.75,2026-08-20T06:47:53.0000000,29533.75,29533.75,29534.75,20260924,18
Playback101,Playback,NQ SEP26,0.25,2026-08-20T06:48:42.5560000,2026-08-20T06:48:42.5560000,29536,29537,1,1,0.0000,1,P,30,0,2026-08-20T06:48:43.0000000,29534.25,2026-08-20T06:49:44.0000000,29531.25,29531.5,29532.75,20260924,19
Playback101,Playback,NQ SEP26,0.25,2026-08-20T06:50:20.7720000,2026-08-20T06:50:20.7720000,29529,29530.25,1,2,-0.3333,-1,A,30,0,2026-08-20T06:50:21.0000000,29529,2026-08-20T06:51:22.0000000,29526,29524.5,29525.75,20260924,20
Playback101,Playback,NQ SEP26,0.25,2026-08-20T06:52:07.1880000,2026-08-20T06:52:07.1880000,29527,29528.5,1,2,-0.3333,-1,A,30,0,2026-08-20T06:52:08.0000000,29526.5,2026-08-20T06:53:09.0000000,29519.75,29518.5,29520,20260924,21
Playback101,Playback,NQ SEP26,0.25,2026-08-20T06:53:41.1920000,2026-08-20T06:53:41.1920000,29516.25,29517.75,2,1,0.3333,1,A,30,0,2026-08-20T06:53:42.0000000,29518,2026-08-20T06:54:43.0000000,29524.5,29525.25,29527,20260924,22
Playback101,Playback,NQ SEP26,0.25,2026-08-20T06:55:38.1960000,2026-08-20T06:55:38.1960000,29529.75,29531,1,1,0.0000,-1,P,30,0,2026-08-20T06:55:41.0000000,29531,2026-08-20T06:56:42.0000000,29530.5,29529,29530,20260924,23
Playback101,Playback,NQ SEP26,0.25,2026-08-20T06:57:17.2160000,2026-08-20T06:57:17.2160000,29530.25,29531.5,1,1,0.0000,-1,P,30,1,2026-08-20T06:57:48.0000000,29528,2026-08-20T06:58:49.0000000,29531,29529.5,29531,20260924,24
Playback101,Playback,NQ SEP26,0.25,2026-08-20T06:58:49.2560000,2026-08-20T06:58:49.2560000,29528.25,29529.5,1,1,0.0000,1,A,30,0,2026-08-20T06:58:50.0000000,29531,2026-08-20T06:59:51.0000000,29528.75,29528.5,29529.75,20260924,25
Playback101,Playback,NQ SEP26,0.25,2026-08-20T07:00:41.5680000,2026-08-20T07:00:41.5680000,29523.75,29524.25,1,1,0.0000,1,A,30,0,2026-08-20T07:00:42.0000000,29523.75,2026-08-20T07:01:43.0000000,29534.5,29532,29533.25,20260924,26
Playback101,Playback,NQ SEP26,0.25,2026-08-20T07:02:15.5760000,2026-08-20T07:02:15.5760000,29522,29523.5,2,3,-0.2000,-1,P,30,0,2026-08-20T07:02:18.0000000,29523.5,2026-08-20T07:03:19.0000000,29525.5,29524.75,29526.25,20260924,27
Playback101,Playback,NQ SEP26,0.25,2026-08-20T07:03:57.6200000,2026-08-20T07:03:57.6200000,29534.75,29536,1,3,-0.5000,1,P,30,0,2026-08-20T07:03:58.0000000,29534.75,2026-08-20T07:04:59.0000000,29532.75,29532.5,29533.75,20260924,28
Playback101,Playback,NQ SEP26,0.25,2026-08-20T07:05:42.6480000,2026-08-20T07:05:42.6480000,29530.75,29531.75,1,1,0.0000,1,A,30,0,2026-08-20T07:05:43.0000000,29532.25,2026-08-20T07:06:44.0000000,29538.25,29537.75,29539,20260924,29
Playback101,Playback,NQ SEP26,0.25,2026-08-20T07:07:42.8440000,2026-08-20T07:07:42.8440000,29534.25,29535.75,1,2,-0.3333,-1,P,30,1,2026-08-20T07:08:13.0000000,29529.75,2026-08-20T07:09:14.0000000,29543,29542.75,29544,20260924,30
Playback101,Playback,NQ SEP26,0.25,2026-08-20T07:09:36.9280000,2026-08-20T07:09:36.9280000,29542.75,29544,2,1,0.3333,-1,A,30,0,2026-08-20T07:09:37.0000000,29542.25,2026-08-20T07:10:38.0000000,29548.25,29548,29549.25,20260924,31
Playback101,Playback,NQ SEP26,0.25,2026-08-20T07:11:19.0560000,2026-08-20T07:11:19.0560000,29549,29550,1,2,-0.3333,-1,A,30,0,2026-08-20T07:11:20.0000000,29549.25,2026-08-20T07:12:21.0000000,29560.5,29558.75,29559.5,20260924,32
Playback101,Playback,NQ SEP26,0.25,2026-08-20T07:13:16.0800000,2026-08-20T07:13:16.0800000,29556.75,29557.5,1,1,0.0000,-1,P,30,0,2026-08-20T07:13:17.0000000,29557.5,2026-08-20T07:14:18.0000000,29558.25,29556.5,29557.75,20260924,33
Playback101,Playback,NQ SEP26,0.25,2026-08-20T07:15:10.1960000,2026-08-20T07:15:10.1960000,29555.75,29557.25,2,2,0.0000,-1,A,30,0,2026-08-20T07:15:11.0000000,29555.5,2026-08-20T07:16:12.0000000,29555,29553.75,29554.75,20260924,34
Playback101,Playback,NQ SEP26,0.25,2026-08-20T07:16:56.2320000,2026-08-20T07:16:56.2320000,29546.75,29547.75,1,1,0.0000,-1,P,30,1,2026-08-20T07:17:27.0000000,29541.75,2026-08-20T07:18:28.0000000,29546,29545.25,29546.75,20260924,35
Playback101,Playback,NQ SEP26,0.25,2026-08-20T07:18:33.2640000,2026-08-20T07:18:33.2640000,29546.25,29547.5,2,1,0.3333,-1,P,30,0,2026-08-20T07:18:34.0000000,29547.5,2026-08-20T07:19:35.0000000,29545.5,29545.25,29546.75,20260924,36
Playback101,Playback,NQ SEP26,0.25,2026-08-20T07:20:14.3120000,2026-08-20T07:20:14.3120000,29543.75,29544.75,2,1,0.3333,1,A,30,0,2026-08-20T07:20:15.0000000,29545,2026-08-20T07:21:16.0000000,29548.5,29549.75,29550.75,20260924,37
Playback101,Playback,NQ SEP26,0.25,2026-08-20T07:22:10.3480000,2026-08-20T07:22:10.3480000,29544,29545.25,2,1,0.3333,1,A,30,0,2026-08-20T07:22:11.0000000,29545.25,2026-08-20T07:23:12.0000000,29549.25,29550,29551.25,20260924,38
Playback101,Playback,NQ SEP26,0.25,2026-08-20T07:23:58.4120000,2026-08-20T07:23:58.4120000,29547,29548.25,1,2,-0.3333,-1,P,30,0,2026-08-20T07:24:01.0000000,29548.25,2026-08-20T07:25:02.0000000,29552.5,29551.75,29553,20260924,39
Playback101,Playback,NQ SEP26,0.25,2026-08-20T07:25:44.8920000,2026-08-20T07:25:44.8920000,29547,29548.25,3,2,0.2000,-1,A,30,0,2026-08-20T07:25:45.0000000,29548.75,2026-08-20T07:26:46.0000000,29542.5,29540,29541,20260924,40
Playback101,Playback,NQ SEP26,0.25,2026-08-20T07:27:22.9360000,2026-08-20T07:27:22.9360000,29544,29545.5,3,2,0.2000,1,P,30,0,2026-08-20T07:27:23.0000000,29544,2026-08-20T07:28:24.0000000,29536.5,29535.25,29536.75,20260924,41
Playback101,Playback,NQ SEP26,0.25,2026-08-20T07:29:11.9600000,2026-08-20T07:29:11.9600000,29536.25,29537.75,3,1,0.5000,-1,A,30,0,2026-08-20T07:29:12.0000000,29536.5,2026-08-20T07:30:13.0000000,29534.75,29533.75,29535.25,20260924,42
Playback101,Playback,NQ SEP26,0.25,2026-08-20T07:30:47.1520000,2026-08-20T07:30:47.1520000,29537,29538,1,1,0.0000,-1,P,30,0,2026-08-20T07:30:48.0000000,29538,2026-08-20T07:31:49.0000000,29535.5,29534.25,29535.5,20260924,43
Playback101,Playback,NQ SEP26,0.25,2026-08-20T07:32:34.4040000,2026-08-20T07:32:34.4040000,29533.25,29534.25,2,1,0.3333,1,P,30,1,2026-08-20T07:33:05.0000000,29546.25,2026-08-20T07:34:06.0000000,29543,29543,29544.25,20260924,44
Playback101,Playback,NQ SEP26,0.25,2026-08-20T07:34:31.4400000,2026-08-20T07:34:31.4400000,29538,29539.25,2,1,0.3333,-1,A,30,0,2026-08-20T07:34:32.0000000,29538.25,2026-08-20T07:35:33.0000000,29526.5,29525.5,29526.75,20260924,45
Playback101,Playback,NQ SEP26,0.25,2026-08-20T07:36:27.4400000,2026-08-20T07:36:27.4400000,29544.5,29545.75,1,2,-0.3333,1,P,30,0,2026-08-20T07:36:28.0000000,29541.25,2026-08-20T07:37:29.0000000,29532.75,29532.75,29533,20260924,46
Playback101,Playback,NQ SEP26,0.25,2026-08-20T07:38:07.7360000,2026-08-20T07:38:07.7360000,29536.75,29538,1,1,0.0000,-1,A,30,0,2026-08-20T07:38:08.0000000,29536,2026-08-20T07:39:09.0000000,29535.75,29535.5,29536.75,20260924,47
Playback101,Playback,NQ SEP26,0.25,2026-08-20T07:40:07.7360000,2026-08-20T07:40:07.7360000,29530,29531.5,2,1,0.3333,-1,P,30,0,2026-08-20T07:40:09.0000000,29531.5,2026-08-20T07:41:10.0000000,29528.75,29526.75,29528.25,20260924,48
Playback101,Playback,NQ SEP26,0.25,2026-08-20T07:42:02.5800000,2026-08-20T07:42:02.5800000,29520.75,29521.5,1,1,0.0000,-1,A,30,0,2026-08-20T07:42:03.0000000,29521.75,2026-08-20T07:43:04.0000000,29521.75,29521.25,29522.25,20260924,49
Playback101,Playback,NQ SEP26,0.25,2026-08-20T07:43:40.8240000,2026-08-20T07:43:40.8240000,29522.75,29523.75,1,1,0.0000,1,P,30,0,2026-08-20T07:43:42.0000000,29522.75,2026-08-20T07:44:43.0000000,29521.75,29522.75,29524.25,20260924,50
Playback101,Playback,NQ SEP26,0.25,2026-08-20T07:45:17.9040000,2026-08-20T07:45:17.9040000,29529.25,29530.75,1,1,0.0000,-1,P,30,0,2026-08-20T07:45:18.0000000,29530.75,2026-08-20T07:46:19.0000000,29533.25,29532.25,29533.25,20260924,51
Playback101,Playback,NQ SEP26,0.25,2026-08-20T07:47:10.9600000,2026-08-20T07:47:10.9600000,29532.25,29533.25,1,1,0.0000,-1,A,30,0,2026-08-20T07:47:11.0000000,29530.5,2026-08-20T07:48:12.0000000,29551.75,29550.25,29551.25,20260924,52
Playback101,Playback,NQ SEP26,0.25,2026-08-20T07:48:54.1640000,2026-08-20T07:48:54.1640000,29559.5,29560.5,2,1,0.3333,1,A,30,0,2026-08-20T07:48:55.0000000,29560.5,2026-08-20T07:49:56.0000000,29554.25,29555,29556.25,20260924,53
Playback101,Playback,NQ SEP26,0.25,2026-08-20T07:50:37.3040000,2026-08-20T07:50:37.3040000,29551,29552.25,1,2,-0.3333,-1,A,30,0,2026-08-20T07:50:38.0000000,29551,2026-08-20T07:51:38.0000000,29548.5,29547.75,29548.75,20260924,54
Playback101,Playback,NQ SEP26,0.25,2026-08-20T07:52:23.9040000,2026-08-20T07:52:23.9040000,29550.5,29551.5,1,1,0.0000,-1,P,30,0,2026-08-20T07:52:28.0000000,29551.5,2026-08-20T07:53:29.0000000,29549.75,29550,29550.75,20260924,55
Playback101,Playback,NQ SEP26,0.25,2026-08-20T07:54:22.9400000,2026-08-20T07:54:22.9400000,29543.25,29544,1,1,0.0000,-1,A,30,0,2026-08-20T07:54:23.0000000,29543.5,2026-08-20T07:55:24.0000000,29544.25,29543.5,29544.5,20260924,56
Playback101,Playback,NQ SEP26,0.25,2026-08-20T07:56:15.1160000,2026-08-20T07:56:15.1160000,29543.75,29545,1,1,0.0000,1,A,30,0,2026-08-20T07:56:16.0000000,29545.5,2026-08-20T07:57:17.0000000,29546.25,29545.25,29546.25,20260924,57
Playback101,Playback,NQ SEP26,0.25,2026-08-20T07:57:48.4640000,2026-08-20T07:57:48.4640000,29545.25,29545.75,1,1,0.0000,1,A,30,0,2026-08-20T07:57:49.0000000,29546.5,2026-08-20T07:58:50.0000000,29546.75,29547.5,29548.75,20260924,58
Playback101,Playback,NQ SEP26,0.25,2026-08-20T07:59:23.2360000,2026-08-20T07:59:23.2360000,29551.25,29552,1,1,0.0000,-1,P,30,0,2026-08-20T07:59:29.0000000,29552,2026-08-20T08:00:30.0000000,29531,29529.25,29531.25,20260924,59
Playback101,Playback,NQ SEP26,0.25,2026-08-20T08:01:12.2560000,2026-08-20T08:01:12.2560000,29519,29520.5,2,1,0.3333,-1,P,30,0,2026-08-20T08:01:13.0000000,29520.5,2026-08-20T08:02:14.0000000,29512.5,29512.75,29514,20260924,60
Playback101,Playback,NQ SEP26,0.25,2026-08-20T08:02:43.2800000,2026-08-20T08:02:43.2800000,29504.25,29505.75,2,2,0.0000,1,A,30,0,2026-08-20T08:02:44.0000000,29505.75,2026-08-20T08:03:45.0000000,29502.75,29502.75,29504,20260924,61
Playback101,Playback,NQ SEP26,0.25,2026-08-20T08:04:39.2800000,2026-08-20T08:04:39.2800000,29507.5,29508.5,1,1,0.0000,1,P,30,0,2026-08-20T08:04:40.0000000,29507.5,2026-08-20T08:05:41.0000000,29499.5,29497.75,29498.75,20260924,62
Playback101,Playback,NQ SEP26,0.25,2026-08-20T08:06:32.3040000,2026-08-20T08:06:32.3040000,29493.75,29494.75,1,2,-0.3333,1,P,30,0,2026-08-20T08:06:33.0000000,29493.75,2026-08-20T08:07:34.0000000,29485.25,29486,29486.75,20260924,63
Playback101,Playback,NQ SEP26,0.25,2026-08-20T08:08:29.6600000,2026-08-20T08:08:29.6600000,29487.25,29488.25,1,1,0.0000,-1,A,30,0,2026-08-20T08:08:30.0000000,29486.75,2026-08-20T08:09:31.0000000,29488.75,29489,29490.25,20260924,64
Playback101,Playback,NQ SEP26,0.25,2026-08-20T08:10:27.8680000,2026-08-20T08:10:27.8680000,29487,29488,2,1,0.3333,1,P,30,0,2026-08-20T08:10:30.0000000,29487,2026-08-20T08:11:31.0000000,29485,29485.75,29486.5,20260924,65
Playback101,Playback,NQ SEP26,0.25,2026-08-20T08:12:13.0160000,2026-08-20T08:12:13.0160000,29485,29485.75,1,1,0.0000,-1,P,30,0,2026-08-20T08:12:14.0000000,29485.75,2026-08-20T08:13:15.0000000,29479.75,29479,29480,20260924,66
Playback101,Playback,NQ SEP26,0.25,2026-08-20T08:13:53.1480000,2026-08-20T08:13:53.1480000,29465.5,29466.25,2,1,0.3333,-1,A,30,0,2026-08-20T08:13:54.0000000,29466,2026-08-20T08:14:55.0000000,29487.5,29487,29487.5,20260924,67
Playback101,Playback,NQ SEP26,0.25,2026-08-20T08:15:52.1680000,2026-08-20T08:15:52.1680000,29484.75,29486,2,2,0.0000,1,A,30,0,2026-08-20T08:15:53.0000000,29485.5,2026-08-20T08:16:53.0000000,29492.5,29493,29493.5,20260924,68
Playback101,Playback,NQ SEP26,0.25,2026-08-20T08:17:27.1680000,2026-08-20T08:17:27.1680000,29489,29490.25,1,1,0.0000,-1,A,30,0,2026-08-20T08:17:28.0000000,29489.75,2026-08-20T08:18:28.0000000,29487.75,29487.25,29488.5,20260924,69
Playback101,Playback,NQ SEP26,0.25,2026-08-20T08:19:15.1760000,2026-08-20T08:19:15.1760000,29473.75,29474.5,1,1,0.0000,-1,A,30,0,2026-08-20T08:19:16.0000000,29472.75,2026-08-20T08:20:17.0000000,29464,29463.25,29464,20260924,70
Playback101,Playback,NQ SEP26,0.25,2026-08-20T08:20:57.1880000,2026-08-20T08:20:57.1880000,29460,29461,2,1,0.3333,1,A,30,0,2026-08-20T08:20:58.0000000,29459.75,2026-08-20T08:21:59.0000000,29448.5,29450.25,29451,20260924,71
Playback101,Playback,NQ SEP26,0.25,2026-08-20T08:22:45.1880000,2026-08-20T08:22:45.1880000,29455.25,29456,1,1,0.0000,-1,A,30,0,2026-08-20T08:22:46.0000000,29455.5,2026-08-20T08:23:47.0000000,29460.25,29458.75,29459.5,20260924,72
Playback101,Playback,NQ SEP26,0.25,2026-08-20T08:24:19.1960000,2026-08-20T08:24:19.1960000,29444.75,29445.25,1,6,-0.7143,1,P,30,0,2026-08-20T08:24:20.0000000,29444.75,2026-08-20T08:25:21.0000000,29456,29456,29457,20260924,73
Playback101,Playback,NQ SEP26,0.25,2026-08-20T08:26:08.6840000,2026-08-20T08:26:08.6840000,29453.75,29455,1,2,-0.3333,-1,A,30,0,2026-08-20T08:26:09.0000000,29453.75,2026-08-20T08:27:10.0000000,29441,29440.25,29441,20260924,74
Playback101,Playback,NQ SEP26,0.25,2026-08-20T08:28:08.8240000,2026-08-20T08:28:08.8240000,29431.5,29432.75,1,2,-0.3333,1,A,30,0,2026-08-20T08:28:09.0000000,29432.75,2026-08-20T08:29:10.0000000,29425,29425.75,29426.75,20260924,75
Playback101,Playback,NQ SEP26,0.25,2026-08-20T08:29:47.8840000,2026-08-20T08:29:47.8840000,29423,29423.75,1,1,0.0000,-1,P,30,0,2026-08-20T08:29:49.0000000,29423.75,2026-08-20T08:30:49.0000000,29435.25,29434.75,29436,20260924,76
Playback101,Playback,NQ SEP26,0.25,2026-08-20T08:31:22.0560000,2026-08-20T08:31:22.0560000,29434,29435.5,1,2,-0.3333,1,A,30,0,2026-08-20T08:31:23.0000000,29434.75,2026-08-20T08:32:24.0000000,29440.25,29441,29442,20260924,77
Playback101,Playback,NQ SEP26,0.25,2026-08-20T08:33:07.1640000,2026-08-20T08:33:07.1640000,29438.25,29439.25,1,1,0.0000,1,A,30,0,2026-08-20T08:33:08.0000000,29439.5,2026-08-20T08:34:09.0000000,29433,29432.75,29434.25,20260924,78
Playback101,Playback,NQ SEP26,0.25,2026-08-20T08:34:55.1760000,2026-08-20T08:34:55.1760000,29427.75,29428.75,1,1,0.0000,-1,A,30,0,2026-08-20T08:34:56.0000000,29427,2026-08-20T08:35:57.0000000,29426.25,29427,29428.25,20260924,79
Playback101,Playback,NQ SEP26,0.25,2026-08-20T08:36:52.4320000,2026-08-20T08:36:52.4320000,29432,29433,1,1,0.0000,1,A,30,0,2026-08-20T08:36:53.0000000,29433,2026-08-20T08:37:54.0000000,29437.75,29437.75,29438.75,20260924,80
Playback101,Playback,NQ SEP26,0.25,2026-08-20T08:38:29.4760000,2026-08-20T08:38:29.4760000,29439,29440,1,5,-0.6667,1,P,30,0,2026-08-20T08:38:30.0000000,29439,2026-08-20T08:39:31.0000000,29443.75,29444,29445.25,20260924,81
Playback101,Playback,NQ SEP26,0.25,2026-08-20T08:40:18.5200000,2026-08-20T08:40:18.5200000,29451.25,29452.25,1,2,-0.3333,1,P,30,0,2026-08-20T08:40:19.0000000,29449.75,2026-08-20T08:41:20.0000000,29444.5,29444.5,29445.5,20260924,82
Playback101,Playback,NQ SEP26,0.25,2026-08-20T08:42:17.5880000,2026-08-20T08:42:17.5880000,29441,29442,1,1,0.0000,1,P,30,0,2026-08-20T08:42:21.0000000,29441,2026-08-20T08:43:22.0000000,29443,29442.75,29444,20260924,83
Playback101,Playback,NQ SEP26,0.25,2026-08-20T08:43:48.7400000,2026-08-20T08:43:48.7400000,29435.25,29436.5,1,1,0.0000,-1,P,30,1,2026-08-20T08:44:19.0000000,29425.5,2026-08-20T08:45:20.0000000,29423.5,29421.75,29422.75,20260924,84
Playback101,Playback,NQ SEP26,0.25,2026-08-20T08:45:28.9320000,2026-08-20T08:45:28.9320000,29423,29424,1,4,-0.6000,-1,P,30,0,2026-08-20T08:45:48.0000000,29424,2026-08-20T08:46:49.0000000,29393.5,29393,29394,20260924,85
Playback101,Playback,NQ SEP26,0.25,2026-08-20T08:47:00.9480000,2026-08-20T08:47:00.9480000,29389.75,29390.5,1,1,0.0000,-1,P,30,0,2026-08-20T08:47:01.0000000,29390.5,2026-08-20T08:48:02.0000000,29402.25,29401.75,29403,20260924,86
Playback101,Playback,NQ SEP26,0.25,2026-08-20T08:48:51.9520000,2026-08-20T08:48:51.9520000,29379.25,29380.5,1,3,-0.5000,1,A,30,0,2026-08-20T08:48:52.0000000,29379.75,2026-08-20T08:49:53.0000000,29389.25,29387.25,29388.5,20260924,87
Playback101,Playback,NQ SEP26,0.25,2026-08-20T08:50:52.0200000,2026-08-20T08:50:52.0200000,29395.5,29396.25,1,1,0.0000,-1,P,30,0,2026-08-20T08:50:53.0000000,29396.25,2026-08-20T08:51:54.0000000,29393,29391.25,29392,20260924,88
Playback101,Playback,NQ SEP26,0.25,2026-08-20T08:52:32.0760000,2026-08-20T08:52:32.0760000,29377.5,29378.75,1,2,-0.3333,-1,A,30,0,2026-08-20T08:52:33.0000000,29378,2026-08-20T08:53:34.0000000,29387.25,29387,29388.75,20260924,89
Playback101,Playback,NQ SEP26,0.25,2026-08-20T08:54:32.2600000,2026-08-20T08:54:32.2600000,29381.25,29382.25,1,1,0.0000,1,A,30,0,2026-08-20T08:54:33.0000000,29382.75,2026-08-20T08:55:34.0000000,29373.5,29374,29375.25,20260924,90
Playback101,Playback,NQ SEP26,0.25,2026-08-20T08:56:25.2840000,2026-08-20T08:56:25.2840000,29363.5,29364.75,1,1,0.0000,1,A,30,0,2026-08-20T08:56:26.0000000,29364.25,2026-08-20T08:57:27.0000000,29356.75,29357,29358,20260924,91
Playback101,Playback,NQ SEP26,0.25,2026-08-20T08:58:03.3400000,2026-08-20T08:58:03.3400000,29355.75,29357,1,1,0.0000,1,A,30,0,2026-08-20T08:58:04.0000000,29357.25,2026-08-20T08:59:05.0000000,29357,29357.75,29359,20260924,92
Playback101,Playback,NQ SEP26,0.25,2026-08-20T08:59:45.3840000,2026-08-20T08:59:45.3840000,29359,29359.75,1,1,0.0000,1,P,30,0,2026-08-20T08:59:46.0000000,29359,2026-08-20T09:00:47.0000000,29355.25,29355,29356.25,20260924,93
Playback101,Playback,NQ SEP26,0.25,2026-08-20T09:01:36.5360000,2026-08-20T09:01:36.5360000,29365.25,29366,1,1,0.0000,1,A,30,0,2026-08-20T09:01:37.0000000,29366.25,2026-08-20T09:02:37.0000000,29369,29369,29370,20260924,94
Playback101,Playback,NQ SEP26,0.25,2026-08-20T09:03:24.5560000,2026-08-20T09:03:24.5560000,29331.75,29332.75,1,3,-0.5000,1,P,30,0,2026-08-20T09:03:25.0000000,29331.75,2026-08-20T09:04:26.0000000,29320.5,29318.5,29319,20260924,95
Playback101,Playback,NQ SEP26,0.25,2026-08-20T09:04:56.6520000,2026-08-20T09:04:56.6520000,29317.75,29319,1,1,0.0000,-1,A,30,0,2026-08-20T09:04:57.0000000,29316,2026-08-20T09:05:58.0000000,29313,29311.5,29312.5,20260924,96
Playback101,Playback,NQ SEP26,0.25,2026-08-20T09:06:38.6960000,2026-08-20T09:06:38.6960000,29306,29306.75,1,1,0.0000,1,P,30,0,2026-08-20T09:06:39.0000000,29306,2026-08-20T09:07:40.0000000,29311.75,29306.75,29308,20260924,97
Playback101,Playback,NQ SEP26,0.25,2026-08-20T09:08:30.6960000,2026-08-20T09:08:30.6960000,29301.5,29302.5,2,1,0.3333,1,P,30,0,2026-08-20T09:08:33.0000000,29301.5,2026-08-20T09:09:33.0000000,29291,29290.25,29291,20260924,98
Playback101,Playback,NQ SEP26,0.25,2026-08-20T09:10:08.8560000,2026-08-20T09:10:08.8560000,29297,29297.75,1,1,0.0000,1,P,30,0,2026-08-20T09:10:09.0000000,29297,2026-08-20T09:11:10.0000000,29286,29286.25,29287.25,20260924,99
Playback101,Playback,NQ SEP26,0.25,2026-08-20T09:11:52.8560000,2026-08-20T09:11:52.8560000,29293,29294.25,3,1,0.5000,-1,A,30,0,2026-08-20T09:11:53.0000000,29293.25,2026-08-20T09:12:54.0000000,29270.5,29269,29270,20260924,100
Playback101,Playback,NQ SEP26,0.25,2026-08-20T09:13:26.8880000,2026-08-20T09:13:26.8880000,29276,29277.5,1,4,-0.6000,1,A,30,0,2026-08-20T09:13:27.0000000,29278.25,2026-08-20T09:14:28.0000000,29274.75,29274.75,29275.75,20260924,101
Playback101,Playback,NQ SEP26,0.25,2026-08-20T09:15:07.8920000,2026-08-20T09:15:07.8920000,29272,29273.25,1,2,-0.3333,1,A,30,0,2026-08-20T09:15:08.0000000,29273.25,2026-08-20T09:16:09.0000000,29270.25,29272,29273,20260924,102
Playback101,Playback,NQ SEP26,0.25,2026-08-20T09:17:00.9080000,2026-08-20T09:17:00.9080000,29280.25,29281.5,1,1,0.0000,-1,P,30,0,2026-08-20T09:17:02.0000000,29281.5,2026-08-20T09:18:03.0000000,29275.75,29275.25,29276.5,20260924,103
Playback101,Playback,NQ SEP26,0.25,2026-08-20T09:18:49.9120000,2026-08-20T09:18:49.9120000,29264.25,29265.5,2,1,0.3333,1,P,30,0,2026-08-20T09:18:58.0000000,29264.25,2026-08-20T09:19:59.0000000,29271.25,29273,29274,20260924,104
Playback101,Playback,NQ SEP26,0.25,2026-08-20T09:20:25.9240000,2026-08-20T09:20:25.9240000,29283.25,29284.25,1,2,-0.3333,1,A,30,0,2026-08-20T09:20:26.0000000,29284.75,2026-08-20T09:21:27.0000000,29284.75,29284.5,29285.25,20260924,105
Playback101,Playback,NQ SEP26,0.25,2026-08-20T09:21:56.9280000,2026-08-20T09:21:56.9280000,29292,29292.75,1,1,0.0000,1,P,30,0,2026-08-20T09:21:57.0000000,29292,2026-08-20T09:22:58.0000000,29289,29286.25,29287.5,20260924,106
Playback101,Playback,NQ SEP26,0.25,2026-08-20T09:23:49.9800000,2026-08-20T09:23:49.9800000,29298.5,29299.25,2,1,0.3333,-1,A,30,0,2026-08-20T09:23:50.0000000,29298.75,2026-08-20T09:24:51.0000000,29294.5,29291.25,29292.5,20260924,107
Playback101,Playback,NQ SEP26,0.25,2026-08-20T09:25:48.0120000,2026-08-20T09:25:48.0120000,29289.25,29290,1,1,0.0000,1,A,30,0,2026-08-20T09:25:49.0000000,29292.5,2026-08-20T09:26:50.0000000,29288,29288,29289,20260924,108
Playback101,Playback,NQ SEP26,0.25,2026-08-20T09:27:22.1520000,2026-08-20T09:27:22.1520000,29287,29288.25,1,2,-0.3333,-1,A,30,0,2026-08-20T09:27:23.0000000,29287,2026-08-20T09:28:24.0000000,29285.25,29285.5,29286.75,20260924,109
Playback101,Playback,NQ SEP26,0.25,2026-08-20T09:28:59.3240000,2026-08-20T09:28:59.3240000,29280.75,29282,3,1,0.5000,-1,A,30,0,2026-08-20T09:29:00.0000000,29281.25,2026-08-20T09:30:01.0000000,29281.5,29275.25,29278,20260924,110
Playback101,Playback,NQ SEP26,0.25,2026-08-20T09:30:37.4200000,2026-08-20T09:30:37.4200000,29272,29273,4,1,0.6000,-1,A,30,0,2026-08-20T09:30:38.0000000,29271.75,2026-08-20T09:31:39.0000000,29260,29259.75,29260.75,20260924,111
Playback101,Playback,NQ SEP26,0.25,2026-08-20T09:32:35.4320000,2026-08-20T09:32:35.4320000,29266.25,29268,1,1,0.0000,1,P,30,0,2026-08-20T09:32:36.0000000,29266.25,2026-08-20T09:33:37.0000000,29265.5,29267,29267.75,20260924,112
Playback101,Playback,NQ SEP26,0.25,2026-08-20T09:34:21.4560000,2026-08-20T09:34:21.4560000,29273,29274,1,2,-0.3333,1,A,30,0,2026-08-20T09:34:22.0000000,29274,2026-08-20T09:35:23.0000000,29256.25,29257.25,29258,20260924,113
Playback101,Playback,NQ SEP26,0.25,2026-08-20T09:35:55.4560000,2026-08-20T09:35:55.4560000,29248.5,29249.5,1,1,0.0000,-1,P,30,1,2026-08-20T09:36:26.0000000,29246.25,2026-08-20T09:37:26.0000000,29255.25,29254.5,29255.5,20260924,114
Playback101,Playback,NQ SEP26,0.25,2026-08-20T09:37:32.4880000,2026-08-20T09:37:32.4880000,29247.25,29248,1,1,0.0000,-1,A,30,0,2026-08-20T09:37:33.0000000,29247,2026-08-20T09:38:34.0000000,29253,29251.75,29252.5,20260924,115
Playback101,Playback,NQ SEP26,0.25,2026-08-20T09:39:16.4880000,2026-08-20T09:39:16.4880000,29257,29258.5,1,6,-0.7143,1,P,30,0,2026-08-20T09:39:17.0000000,29257,2026-08-20T09:40:18.0000000,29262.5,29263.5,29264.25,20260924,116
Playback101,Playback,NQ SEP26,0.25,2026-08-20T09:40:53.5280000,2026-08-20T09:40:53.5280000,29271.5,29272.5,1,1,0.0000,-1,A,30,0,2026-08-20T09:40:54.0000000,29272.75,2026-08-20T09:41:54.0000000,29275,29274.75,29275.75,20260924,117
Playback101,Playback,NQ SEP26,0.25,2026-08-20T09:42:35.5640000,2026-08-20T09:42:35.5640000,29273.25,29274,2,2,0.0000,1,A,30,0,2026-08-20T09:42:36.0000000,29276.25,2026-08-20T09:43:37.0000000,29281,29281,29281.5,20260924,118
Playback101,Playback,NQ SEP26,0.25,2026-08-20T09:44:29.6240000,2026-08-20T09:44:29.6240000,29287,29287.75,2,1,0.3333,1,A,30,0,2026-08-20T09:44:30.0000000,29287.75,2026-08-20T09:45:31.0000000,29286,29286.25,29286.75,20260924,119
Playback101,Playback,NQ SEP26,0.25,2026-08-20T09:46:26.8520000,2026-08-20T09:46:26.8520000,29287,29287.5,1,1,0.0000,-1,A,30,0,2026-08-20T09:46:27.0000000,29287,2026-08-20T09:47:27.0000000,29301,29300.25,29300.75,20260924,120
Playback101,Playback,NQ SEP26,0.25,2026-08-20T09:47:58.8520000,2026-08-20T09:47:58.8520000,29298.25,29299,2,1,0.3333,1,P,30,0,2026-08-20T09:48:00.0000000,29298.25,2026-08-20T09:49:01.0000000,29302.5,29301.25,29301.5,20260924,121
Playback101,Playback,NQ SEP26,0.25,2026-08-20T09:49:35.9720000,2026-08-20T09:49:35.9720000,29305.25,29305.75,2,2,0.0000,1,A,30,0,2026-08-20T09:49:36.0000000,29305.75,2026-08-20T09:50:37.0000000,29318.75,29318.75,29319.25,20260924,122
Playback101,Playback,NQ SEP26,0.25,2026-08-20T09:51:23.1000000,2026-08-20T09:51:23.1000000,29323.5,29324,1,1,0.0000,-1,A,30,0,2026-08-20T09:51:24.0000000,29321.25,2026-08-20T09:52:24.0000000,29329.25,29329,29329.75,20260924,123
Playback101,Playback,NQ SEP26,0.25,2026-08-20T09:52:57.3040000,2026-08-20T09:52:57.3040000,29330,29330.75,1,1,0.0000,-1,P,30,0,2026-08-20T09:52:59.0000000,29330.75,2026-08-20T09:54:00.0000000,29336,29334.5,29335.5,20260924,124
Playback101,Playback,NQ SEP26,0.25,2026-08-20T09:54:44.3080000,2026-08-20T09:54:44.3080000,29342.25,29343,1,1,0.0000,-1,P,30,0,2026-08-20T09:54:45.0000000,29343,2026-08-20T09:55:46.0000000,29342.25,29341.5,29342.25,20260924,125
Playback101,Playback,NQ SEP26,0.25,2026-08-20T09:56:33.3560000,2026-08-20T09:56:33.3560000,29337.25,29338.25,2,1,0.3333,-1,P,30,0,2026-08-20T09:56:37.0000000,29338.25,2026-08-20T09:57:38.0000000,29340.75,29340,29341,20260924,126
Playback101,Playback,NQ SEP26,0.25,2026-08-20T09:58:22.9080000,2026-08-20T09:58:22.9080000,29339.75,29340.5,2,1,0.3333,-1,P,30,0,2026-08-20T09:58:23.0000000,29340.5,2026-08-20T09:59:24.0000000,29344.25,29343.5,29344.25,20260924,127
Playback101,Playback,NQ SEP26,0.25,2026-08-20T10:00:18.9200000,2026-08-20T10:00:18.9200000,29348,29348.75,1,1,0.0000,-1,A,30,0,2026-08-20T10:00:19.0000000,29347.5,2026-08-20T10:01:20.0000000,29357.5,29357,29357.5,20260924,128
Playback101,Playback,NQ SEP26,0.25,2026-08-20T10:01:53.9840000,2026-08-20T10:01:53.9840000,29353.75,29354.25,1,1,0.0000,1,A,30,0,2026-08-20T10:01:54.0000000,29354.5,2026-08-20T10:02:55.0000000,29354.25,29354.25,29354.75,20260924,129
Playback101,Playback,NQ SEP26,0.25,2026-08-20T10:03:25.0560000,2026-08-20T10:03:25.0560000,29353.5,29354,1,1,0.0000,-1,P,30,0,2026-08-20T10:03:26.0000000,29354.5,2026-08-20T10:04:27.0000000,29366.25,29365.5,29366.25,20260924,130
Playback101,Playback,NQ SEP26,0.25,2026-08-20T10:04:56.1840000,2026-08-20T10:04:56.1840000,29363.75,29364.5,2,1,0.3333,1,P,30,0,2026-08-20T10:04:58.0000000,29363.75,2026-08-20T10:05:59.0000000,29370.25,29369.75,29370.5,20260924,131
Playback101,Playback,NQ SEP26,0.25,2026-08-20T10:06:42.2400000,2026-08-20T10:06:42.2400000,29363.25,29364,2,1,0.3333,1,A,30,0,2026-08-20T10:06:43.0000000,29364,2026-08-20T10:07:44.0000000,29358,29357.75,29358.5,20260924,132
Playback101,Playback,NQ SEP26,0.25,2026-08-20T10:08:13.2720000,2026-08-20T10:08:13.2720000,29354.25,29355,2,1,0.3333,-1,A,30,0,2026-08-20T10:08:14.0000000,29354.25,2026-08-20T10:09:15.0000000,29354,29353,29353.75,20260924,133
Playback101,Playback,NQ SEP26,0.25,2026-08-20T10:09:47.3080000,2026-08-20T10:09:47.3080000,29347.5,29348,1,1,0.0000,1,P,30,0,2026-08-20T10:09:48.0000000,29347.5,2026-08-20T10:10:49.0000000,29341.25,29340.75,29341.5,20260924,134
Playback101,Playback,NQ SEP26,0.25,2026-08-20T10:11:39.7840000,2026-08-20T10:11:39.7840000,29340.75,29341.5,2,2,0.0000,-1,A,30,0,2026-08-20T10:11:40.0000000,29341,2026-08-20T10:12:40.0000000,29342.5,29341.5,29342.25,20260924,135
Playback101,Playback,NQ SEP26,0.25,2026-08-20T10:13:33.8160000,2026-08-20T10:13:33.8160000,29344.5,29345.25,1,2,-0.3333,1,P,30,0,2026-08-20T10:13:40.0000000,29344.5,2026-08-20T10:14:41.0000000,29335,29335,29335.5,20260924,136
Playback101,Playback,NQ SEP26,0.25,2026-08-20T10:15:05.9280000,2026-08-20T10:15:05.9280000,29334.75,29335.5,1,1,0.0000,1,P,30,0,2026-08-20T10:15:06.0000000,29334.75,2026-08-20T10:16:06.0000000,29337.5,29337,29337.75,20260924,137
Playback101,Playback,NQ SEP26,0.25,2026-08-20T10:16:51.9400000,2026-08-20T10:16:51.9400000,29331.5,29332,1,1,0.0000,1,P,30,0,2026-08-20T10:16:52.0000000,29331.5,2026-08-20T10:17:53.0000000,29334.75,29334,29334.75,20260924,138
Playback101,Playback,NQ SEP26,0.25,2026-08-20T10:18:43.9520000,2026-08-20T10:18:43.9520000,29336,29336.75,1,1,0.0000,1,A,30,0,2026-08-20T10:18:44.0000000,29337.25,2026-08-20T10:19:45.0000000,29337.75,29337.5,29338.25,20260924,139
Playback101,Playback,NQ SEP26,0.25,2026-08-20T10:20:22.9520000,2026-08-20T10:20:22.9520000,29326.5,29327,1,1,0.0000,-1,A,30,0,2026-08-20T10:20:23.0000000,29326.5,2026-08-20T10:21:24.0000000,29337.25,29336.75,29337.25,20260924,140
Playback101,Playback,NQ SEP26,0.25,2026-08-20T10:22:06.9600000,2026-08-20T10:22:06.9600000,29334.5,29335,1,1,0.0000,1,P,30,0,2026-08-20T10:22:07.0000000,29334.5,2026-08-20T10:23:07.0000000,29336.5,29336.75,29337.5,20260924,141
Playback101,Playback,NQ SEP26,0.25,2026-08-20T10:23:41.0920000,2026-08-20T10:23:41.0920000,29335.75,29336.25,1,1,0.0000,1,P,30,0,2026-08-20T10:23:42.0000000,29335.75,2026-08-20T10:24:43.0000000,29341.75,29343,29343.75,20260924,142
Playback101,Playback,NQ SEP26,0.25,2026-08-20T10:25:15.0920000,2026-08-20T10:25:15.0920000,29357,29357.5,1,1,0.0000,-1,P,30,0,2026-08-20T10:25:23.0000000,29357.5,2026-08-20T10:26:24.0000000,29359.5,29360.25,29361,20260924,143
Playback101,Playback,NQ SEP26,0.25,2026-08-20T10:26:49.0920000,2026-08-20T10:26:49.0920000,29356.5,29357.5,2,1,0.3333,1,P,30,0,2026-08-20T10:26:50.0000000,29356.5,2026-08-20T10:27:51.0000000,29339.25,29343.5,29344.25,20260924,144
Playback101,Playback,NQ SEP26,0.25,2026-08-20T10:28:31.1160000,2026-08-20T10:28:31.1160000,29347.75,29348.75,2,1,0.3333,1,P,30,0,2026-08-20T10:28:32.0000000,29347.75,2026-08-20T10:29:33.0000000,29353.75,29353.25,29353.75,20260924,145
Playback101,Playback,NQ SEP26,0.25,2026-08-20T10:30:12.1200000,2026-08-20T10:30:12.1200000,29381.25,29381.75,1,1,0.0000,1,A,30,0,2026-08-20T10:30:13.0000000,29385.25,2026-08-20T10:31:14.0000000,29388.75,29389.25,29390,20260924,146
Playback101,Playback,NQ SEP26,0.25,2026-08-20T10:31:44.1200000,2026-08-20T10:31:44.1200000,29421.5,29422.25,2,2,0.0000,-1,P,30,0,2026-08-20T10:31:45.0000000,29423.25,2026-08-20T10:32:45.0000000,29398.75,29398,29398.75,20260924,147
Playback101,Playback,NQ SEP26,0.25,2026-08-20T10:33:18.1360000,2026-08-20T10:33:18.1360000,29409.25,29410.25,1,1,0.0000,1,A,30,0,2026-08-20T10:33:19.0000000,29405.25,2026-08-20T10:34:19.0000000,29392,29392,29392.75,20260924,148
Playback101,Playback,NQ SEP26,0.25,2026-08-20T10:35:13.1440000,2026-08-20T10:35:13.1440000,29374.5,29375,1,1,0.0000,-1,P,30,0,2026-08-20T10:35:14.0000000,29377.75,2026-08-20T10:36:15.0000000,29460.5,29459.5,29460.25,20260924,149
Playback101,Playback,NQ SEP26,0.25,2026-08-20T10:36:55.1640000,2026-08-20T10:36:55.1640000,29447.25,29447.75,1,1,0.0000,-1,P,30,0,2026-08-20T10:36:56.0000000,29451,2026-08-20T10:37:56.0000000,29447.5,29446.75,29447.5,20260924,150
Playback101,Playback,NQ SEP26,0.25,2026-08-20T10:38:33.1640000,2026-08-20T10:38:33.1640000,29438.25,29439.25,2,3,-0.2000,-1,A,30,0,2026-08-20T10:38:34.0000000,29438,2026-08-20T10:39:35.0000000,29460,29463.5,29464,20260924,151
Playback101,Playback,NQ SEP26,0.25,2026-08-20T10:40:31.1640000,2026-08-20T10:40:31.1640000,29402.25,29403.25,3,1,0.5000,-1,A,30,0,2026-08-20T10:40:32.0000000,29402,2026-08-20T10:41:32.0000000,29443.25,29443.25,29443.75,20260924,152
Playback101,Playback,NQ SEP26,0.25,2026-08-20T10:42:31.1760000,2026-08-20T10:42:31.1760000,29425.5,29426.25,2,2,0.0000,-1,P,30,0,2026-08-20T10:42:32.0000000,29426.25,2026-08-20T10:43:32.0000000,29435.25,29435,29435.75,20260924,153
Playback101,Playback,NQ SEP26,0.25,2026-08-20T10:44:25.1760000,2026-08-20T10:44:25.1760000,29449.5,29450.25,1,3,-0.5000,-1,P,30,0,2026-08-20T10:44:29.0000000,29450.25,2026-08-20T10:45:30.0000000,29426.5,29424.5,29425.5,20260924,154
Playback101,Playback,NQ SEP26,0.25,2026-08-20T10:46:12.1760000,2026-08-20T10:46:12.1760000,29410.25,29410.75,1,1,0.0000,1,P,30,0,2026-08-20T10:46:13.0000000,29409.75,2026-08-20T10:47:13.0000000,29394.75,29395.5,29396.5,20260924,155
Playback101,Playback,NQ SEP26,0.25,2026-08-20T10:48:07.2160000,2026-08-20T10:48:07.2160000,29388,29388.5,2,1,0.3333,1,A,30,0,2026-08-20T10:48:08.0000000,29394,2026-08-20T10:49:09.0000000,29354,29353.5,29354,20260924,156
Playback101,Playback,NQ SEP26,0.25,2026-08-20T10:50:02.2160000,2026-08-20T10:50:02.2160000,29389.75,29390.25,1,1,0.0000,1,P,30,0,2026-08-20T10:50:03.0000000,29389.75,2026-08-20T10:51:03.0000000,29383.25,29383.5,29384.25,20260924,157
Playback101,Playback,NQ SEP26,0.25,2026-08-20T10:51:52.2240000,2026-08-20T10:51:52.2240000,29352.75,29353.25,1,1,0.0000,1,P,30,0,2026-08-20T10:51:53.0000000,29352.75,2026-08-20T10:52:54.0000000,29334.75,29334.25,29334.75,20260924,158
Playback101,Playback,NQ SEP26,0.25,2026-08-20T10:53:36.2360000,2026-08-20T10:53:36.2360000,29346.5,29347.25,1,2,-0.3333,1,P,30,0,2026-08-20T10:53:37.0000000,29343.25,2026-08-20T10:54:38.0000000,29339.5,29341.5,29342.25,20260924,159
Playback101,Playback,NQ SEP26,0.25,2026-08-20T10:55:12.2360000,2026-08-20T10:55:12.2360000,29361.25,29362,1,4,-0.6000,-1,A,30,0,2026-08-20T10:55:13.0000000,29371,2026-08-20T10:56:14.0000000,29401,29400.75,29401.5,20260924,160
Playback101,Playback,NQ SEP26,0.25,2026-08-20T10:56:56.2360000,2026-08-20T10:56:56.2360000,29345.25,29345.75,1,2,-0.3333,-1,P,30,0,2026-08-20T10:56:57.0000000,29345.75,2026-08-20T10:57:58.0000000,29332.5,29333.75,29334.5,20260924,161
Playback101,Playback,NQ SEP26,0.25,2026-08-20T10:58:47.2360000,2026-08-20T10:58:47.2360000,29345.75,29346.5,1,1,0.0000,1,P,30,0,2026-08-20T10:58:48.0000000,29345.75,2026-08-20T10:59:49.0000000,29345,29344.75,29345.75,20260924,162
Playback101,Playback,NQ SEP26,0.25,2026-08-20T11:00:39.2360000,2026-08-20T11:00:39.2360000,29385,29386,2,4,-0.3333,1,P,30,0,2026-08-20T11:00:40.0000000,29384,2026-08-20T11:01:40.0000000,29377.25,29376.25,29377.25,20260924,163
Playback101,Playback,NQ SEP26,0.25,2026-08-20T11:02:20.2360000,2026-08-20T11:02:20.2360000,29375,29375.75,2,2,0.0000,1,P,30,0,2026-08-20T11:02:22.0000000,29375,2026-08-20T11:03:22.0000000,29320.25,29320.5,29321.25,20260924,164
Playback101,Playback,NQ SEP26,0.25,2026-08-20T11:04:17.2360000,2026-08-20T11:04:17.2360000,29341.25,29342,2,3,-0.2000,-1,A,30,0,2026-08-20T11:04:18.0000000,29341.75,2026-08-20T11:05:18.0000000,29327.5,29326.25,29327.25,20260924,165
Playback101,Playback,NQ SEP26,0.25,2026-08-20T11:05:53.2640000,2026-08-20T11:05:53.2640000,29339.75,29340.25,1,1,0.0000,-1,A,30,0,2026-08-20T11:05:54.0000000,29342,2026-08-20T11:06:55.0000000,29371,29370,29370.5,20260924,166
Playback101,Playback,NQ SEP26,0.25,2026-08-20T11:07:37.2960000,2026-08-20T11:07:37.2960000,29350,29350.5,1,1,0.0000,-1,A,30,0,2026-08-20T11:07:38.0000000,29351,2026-08-20T11:08:39.0000000,29340.75,29338,29338.5,20260924,167
Playback101,Playback,NQ SEP26,0.25,2026-08-20T11:09:26.2960000,2026-08-20T11:09:26.2960000,29374.75,29375.25,1,1,0.0000,-1,P,30,0,2026-08-20T11:09:27.0000000,29375.25,2026-08-20T11:10:27.0000000,29388,29387,29387.5,20260924,168
Playback101,Playback,NQ SEP26,0.25,2026-08-20T11:11:20.2960000,2026-08-20T11:11:20.2960000,29388.25,29389,1,2,-0.3333,1,A,30,0,2026-08-20T11:11:21.0000000,29391,2026-08-20T11:12:22.0000000,29381.75,29382.5,29383.25,20260924,169
Playback101,Playback,NQ SEP26,0.25,2026-08-20T11:12:59.2960000,2026-08-20T11:12:59.2960000,29382,29382.5,1,1,0.0000,-1,A,30,0,2026-08-20T11:13:00.0000000,29384.25,2026-08-20T11:14:00.0000000,29384,29383.75,29384.5,20260924,170
Playback101,Playback,NQ SEP26,0.25,2026-08-20T11:14:55.3080000,2026-08-20T11:14:55.3080000,29368.25,29369,2,2,0.0000,1,P,30,0,2026-08-20T11:14:56.0000000,29368.25,2026-08-20T11:15:56.0000000,29339.25,29338.25,29339,20260924,171
Playback101,Playback,NQ SEP26,0.25,2026-08-20T11:16:37.3080000,2026-08-20T11:16:37.3080000,29345.75,29346.5,2,1,0.3333,-1,A,30,0,2026-08-20T11:16:38.0000000,29344.25,2026-08-20T11:17:38.0000000,29332,29331,29331.75,20260924,172
Playback101,Playback,NQ SEP26,0.25,2026-08-20T11:18:26.3080000,2026-08-20T11:18:26.3080000,29332.75,29333.5,2,1,0.3333,1,P,30,0,2026-08-20T11:18:55.0000000,29332.75,2026-08-20T11:19:56.0000000,29317.75,29318.25,29319,20260924,173
Playback101,Playback,NQ SEP26,0.25,2026-08-20T11:20:15.3080000,2026-08-20T11:20:15.3080000,29318,29319,3,2,0.2000,1,P,30,1,2026-08-20T11:20:46.0000000,29385,2026-08-20T11:21:47.0000000,29381,29382.25,29382.75,20260924,174
Playback101,Playback,NQ SEP26,0.25,2026-08-20T11:22:15.3080000,2026-08-20T11:22:15.3080000,29356.75,29357.5,1,1,0.0000,-1,P,30,0,2026-08-20T11:22:19.0000000,29357.5,2026-08-20T11:23:20.0000000,29377.25,29373.5,29373.75,20260924,175
Playback101,Playback,NQ SEP26,0.25,2026-08-20T11:23:59.3280000,2026-08-20T11:23:59.3280000,29406,29406.75,2,2,0.0000,1,P,30,0,2026-08-20T11:24:01.0000000,29406,2026-08-20T11:25:02.0000000,29400,29395.75,29396.75,20260924,176
Playback101,Playback,NQ SEP26,0.25,2026-08-20T11:25:56.3840000,2026-08-20T11:25:56.3840000,29382.5,29383.5,2,2,0.0000,-1,A,30,0,2026-08-20T11:25:57.0000000,29383,2026-08-20T11:26:58.0000000,29369.25,29368.5,29369,20260924,177
Playback101,Playback,NQ SEP26,0.25,2026-08-20T11:27:41.3840000,2026-08-20T11:27:41.3840000,29341.75,29342.5,2,1,0.3333,-1,A,30,0,2026-08-20T11:27:42.0000000,29343.5,2026-08-20T11:28:43.0000000,29369.5,29365.75,29366,20260924,178
Playback101,Playback,NQ SEP26,0.25,2026-08-20T11:29:18.3960000,2026-08-20T11:29:18.3960000,29338.5,29339,1,1,0.0000,-1,A,30,0,2026-08-20T11:29:19.0000000,29337.25,2026-08-20T11:30:19.0000000,29345.25,29344.5,29345.25,20260924,179
Playback101,Playback,NQ SEP26,0.25,2026-08-20T11:31:09.4200000,2026-08-20T11:31:09.4200000,29361.5,29362.5,1,4,-0.6000,1,A,30,0,2026-08-20T11:31:10.0000000,29362.5,2026-08-20T11:32:11.0000000,29376,29376.5,29377,20260924,180
Playback101,Playback,NQ SEP26,0.25,2026-08-20T11:32:49.4440000,2026-08-20T11:32:49.4440000,29354,29354.75,1,2,-0.3333,-1,P,30,0,2026-08-20T11:32:51.0000000,29354.75,2026-08-20T11:33:52.0000000,29379,29379,29379.5,20260924,181
Playback101,Playback,NQ SEP26,0.25,2026-08-20T11:34:32.4640000,2026-08-20T11:34:32.4640000,29370.5,29371.5,2,2,0.0000,1,P,30,0,2026-08-20T11:34:33.0000000,29369,2026-08-20T11:35:33.0000000,29337.75,29337.75,29338.25,20260924,182
Playback101,Playback,NQ SEP26,0.25,2026-08-20T11:36:12.4960000,2026-08-20T11:36:12.4960000,29362.75,29363.75,4,2,0.3333,-1,P,30,0,2026-08-20T11:36:26.0000000,29363.75,2026-08-20T11:37:26.0000000,29381,29380.25,29380.75,20260924,183
Playback101,Playback,NQ SEP26,0.25,2026-08-20T11:38:09.5240000,2026-08-20T11:38:09.5240000,29379.25,29380,4,1,0.6000,-1,P,30,0,2026-08-20T11:38:10.0000000,29380,2026-08-20T11:39:11.0000000,29391.25,29391,29391.5,20260924,184
Playback101,Playback,NQ SEP26,0.25,2026-08-20T11:40:09.5560000,2026-08-20T11:40:09.5560000,29409.75,29410.25,1,1,0.0000,-1,A,30,0,2026-08-20T11:40:10.0000000,29411.75,2026-08-20T11:41:11.0000000,29413.5,29410.75,29411.5,20260924,185
Playback101,Playback,NQ SEP26,0.25,2026-08-20T11:42:00.5840000,2026-08-20T11:42:00.5840000,29398.75,29399.5,1,2,-0.3333,1,P,30,0,2026-08-20T11:42:01.0000000,29398,2026-08-20T11:43:02.0000000,29418.75,29420.5,29421.25,20260924,186
Playback101,Playback,NQ SEP26,0.25,2026-08-20T11:43:45.6120000,2026-08-20T11:43:45.6120000,29421.75,29422.25,1,2,-0.3333,1,A,30,0,2026-08-20T11:43:46.0000000,29422.25,2026-08-20T11:44:47.0000000,29421.75,29420,29420.5,20260924,187
Playback101,Playback,NQ SEP26,0.25,2026-08-20T11:45:34.6440000,2026-08-20T11:45:34.6440000,29428.5,29429.25,5,1,0.6667,1,A,30,0,2026-08-20T11:45:35.0000000,29429.5,2026-08-20T11:46:36.0000000,29417.25,29418.5,29419,20260924,188
Playback101,Playback,NQ SEP26,0.25,2026-08-20T11:47:23.6760000,2026-08-20T11:47:23.6760000,29412.25,29412.75,1,1,0.0000,1,A,30,0,2026-08-20T11:47:24.0000000,29413.25,2026-08-20T11:48:24.0000000,29396.25,29396.25,29396.75,20260924,189
Playback101,Playback,NQ SEP26,0.25,2026-08-20T11:49:20.7000000,2026-08-20T11:49:20.7000000,29378.25,29379,1,2,-0.3333,-1,P,30,0,2026-08-20T11:49:22.0000000,29379,2026-08-20T11:50:22.0000000,29369.75,29369.25,29369.75,20260924,190
Playback101,Playback,NQ SEP26,0.25,2026-08-20T11:51:11.7320000,2026-08-20T11:51:11.7320000,29376,29376.75,1,1,0.0000,1,P,30,0,2026-08-20T11:51:12.0000000,29376,2026-08-20T11:52:13.0000000,29376,29375.5,29376.25,20260924,191
Playback101,Playback,NQ SEP26,0.25,2026-08-20T11:53:07.7640000,2026-08-20T11:53:07.7640000,29380.25,29381,1,1,0.0000,-1,P,30,0,2026-08-20T11:53:09.0000000,29381,2026-08-20T11:54:10.0000000,29377.5,29376.5,29377.25,20260924,192
Playback101,Playback,NQ SEP26,0.25,2026-08-20T11:54:56.7960000,2026-08-20T11:54:56.7960000,29359.5,29360,2,1,0.3333,1,A,30,0,2026-08-20T11:54:57.0000000,29360,2026-08-20T11:55:58.0000000,29372.25,29373,29373.75,20260924,193
Playback101,Playback,NQ SEP26,0.25,2026-08-20T11:56:38.8200000,2026-08-20T11:56:38.8200000,29365,29365.5,1,1,0.0000,-1,P,30,0,2026-08-20T11:56:39.0000000,29365.5,2026-08-20T11:57:40.0000000,29365.75,29366.5,29367,20260924,194
Playback101,Playback,NQ SEP26,0.25,2026-08-20T11:58:35.8520000,2026-08-20T11:58:35.8520000,29350.5,29351.25,1,2,-0.3333,-1,P,30,0,2026-08-20T11:58:36.0000000,29351.25,2026-08-20T11:59:36.0000000,29381.75,29381.25,29381.75,20260924,195
Playback101,Playback,NQ SEP26,0.25,2026-08-20T12:00:06.8800000,2026-08-20T12:00:06.8800000,29392.5,29393.25,1,3,-0.5000,-1,A,30,0,2026-08-20T12:00:07.0000000,29392.25,2026-08-20T12:01:08.0000000,29408,29407.75,29408.5,20260924,196
Playback101,Playback,NQ SEP26,0.25,2026-08-20T12:01:51.9040000,2026-08-20T12:01:51.9040000,29435.5,29436.25,1,1,0.0000,1,P,30,0,2026-08-20T12:01:53.0000000,29435.5,2026-08-20T12:02:53.0000000,29426.75,29426.75,29427.5,20260924,197
Playback101,Playback,NQ SEP26,0.25,2026-08-20T12:03:22.9200000,2026-08-20T12:03:22.9200000,29428.5,29428.75,1,2,-0.3333,-1,P,30,0,2026-08-20T12:03:23.0000000,29428.75,2026-08-20T12:04:24.0000000,29438.5,29435.5,29436,20260924,198
Playback101,Playback,NQ SEP26,0.25,2026-08-20T12:05:03.9440000,2026-08-20T12:05:03.9440000,29425.75,29426.25,1,3,-0.5000,-1,A,30,0,2026-08-20T12:05:04.0000000,29425.5,2026-08-20T12:06:04.0000000,29375.75,29374.25,29375,20260924,199
Playback101,Playback,NQ SEP26,0.25,2026-08-20T12:06:58.9640000,2026-08-20T12:06:58.9640000,29367.75,29368.5,2,2,0.0000,1,A,30,0,2026-08-20T12:06:59.0000000,29368.25,2026-08-20T12:08:00.0000000,29372.25,29370.75,29371.25,20260924,200
Playback101,Playback,NQ SEP26,0.25,2026-08-20T12:08:44.9880000,2026-08-20T12:08:44.9880000,29360.25,29361,4,2,0.3333,1,P,30,0,2026-08-20T12:08:45.0000000,29360.25,2026-08-20T12:09:46.0000000,29346,29347.5,29348.25,20260924,201
Playback101,Playback,NQ SEP26,0.25,2026-08-20T12:10:31.0160000,2026-08-20T12:10:31.0160000,29353.25,29353.75,1,1,0.0000,1,P,30,0,2026-08-20T12:10:32.0000000,29352,2026-08-20T12:11:33.0000000,29328.75,29328.75,29329.25,20260924,202
Playback101,Playback,NQ SEP26,0.25,2026-08-20T12:12:24.0400000,2026-08-20T12:12:24.0400000,29339.5,29340,2,1,0.3333,1,A,30,0,2026-08-20T12:12:25.0000000,29341.5,2026-08-20T12:13:25.0000000,29360,29360,29360.75,20260924,203
Playback101,Playback,NQ SEP26,0.25,2026-08-20T12:13:58.0600000,2026-08-20T12:13:58.0600000,29370.25,29370.75,1,1,0.0000,1,A,30,0,2026-08-20T12:13:59.0000000,29375.75,2026-08-20T12:15:00.0000000,29365.25,29364.75,29365.5,20260924,204
Playback101,Playback,NQ SEP26,0.25,2026-08-20T12:15:34.0800000,2026-08-20T12:15:34.0800000,29362,29362.5,1,1,0.0000,-1,A,30,0,2026-08-20T12:15:35.0000000,29364.75,2026-08-20T12:16:36.0000000,29345.75,29347,29347.5,20260924,205
Playback101,Playback,NQ SEP26,0.25,2026-08-20T12:17:21.1080000,2026-08-20T12:17:21.1080000,29358.75,29359.75,1,3,-0.5000,-1,P,30,0,2026-08-20T12:17:22.0000000,29361.75,2026-08-20T12:18:23.0000000,29352,29350,29350.75,20260924,206
Playback101,Playback,NQ SEP26,0.25,2026-08-20T12:19:08.1320000,2026-08-20T12:19:08.1320000,29362.25,29363,1,1,0.0000,1,P,30,0,2026-08-20T12:19:18.0000000,29362.25,2026-08-20T12:20:19.0000000,29353.5,29355.5,29356.5,20260924,207
Playback101,Playback,NQ SEP26,0.25,2026-08-20T12:20:42.1560000,2026-08-20T12:20:42.1560000,29344.5,29345.25,1,3,-0.5000,-1,P,30,0,2026-08-20T12:20:43.0000000,29345.25,2026-08-20T12:21:44.0000000,29330.25,29329.75,29330.25,20260924,208
Playback101,Playback,NQ SEP26,0.25,2026-08-20T12:22:20.2040000,2026-08-20T12:22:20.2040000,29328,29328.75,4,2,0.3333,1,P,30,0,2026-08-20T12:22:21.0000000,29328,2026-08-20T12:23:22.0000000,29321.25,29320.75,29321.5,20260924,209
Playback101,Playback,NQ SEP26,0.25,2026-08-20T12:24:01.2040000,2026-08-20T12:24:01.2040000,29314.5,29315.5,1,2,-0.3333,-1,P,30,0,2026-08-20T12:24:02.0000000,29315.5,2026-08-20T12:25:03.0000000,29319.25,29319.25,29319.75,20260924,210
Playback101,Playback,NQ SEP26,0.25,2026-08-20T12:25:54.2240000,2026-08-20T12:25:54.2240000,29304.25,29304.75,1,1,0.0000,-1,P,30,0,2026-08-20T12:25:55.0000000,29304.75,2026-08-20T12:26:56.0000000,29318.75,29316,29316.75,20260924,211
Playback101,Playback,NQ SEP26,0.25,2026-08-20T12:27:46.2760000,2026-08-20T12:27:46.2760000,29331.25,29332,3,2,0.2000,1,P,30,0,2026-08-20T12:27:47.0000000,29330.75,2026-08-20T12:28:48.0000000,29336.75,29337.25,29337.75,20260924,212
Playback101,Playback,NQ SEP26,0.25,2026-08-20T12:29:46.2840000,2026-08-20T12:29:46.2840000,29341.25,29342,1,4,-0.6000,1,A,30,0,2026-08-20T12:29:47.0000000,29341.75,2026-08-20T12:30:48.0000000,29330.5,29332.5,29333.25,20260924,213
Playback101,Playback,NQ SEP26,0.25,2026-08-20T12:31:16.3080000,2026-08-20T12:31:16.3080000,29337.25,29338,2,1,0.3333,1,A,30,0,2026-08-20T12:31:17.0000000,29337.75,2026-08-20T12:32:18.0000000,29330.75,29327.25,29327.75,20260924,214
Playback101,Playback,NQ SEP26,0.25,2026-08-20T12:32:57.3320000,2026-08-20T12:32:57.3320000,29340.5,29341,1,4,-0.6000,-1,A,30,0,2026-08-20T12:32:58.0000000,29339.25,2026-08-20T12:33:59.0000000,29305.5,29304,29304.25,20260924,215
Playback101,Playback,NQ SEP26,0.25,2026-08-20T12:34:29.3680000,2026-08-20T12:34:29.3680000,29302.5,29303.25,1,1,0.0000,-1,P,30,0,2026-08-20T12:34:30.0000000,29303.25,2026-08-20T12:35:31.0000000,29307.25,29306.75,29307.5,20260924,216
Playback101,Playback,NQ SEP26,0.25,2026-08-20T12:36:11.3920000,2026-08-20T12:36:11.3920000,29289.75,29290.5,3,1,0.5000,1,A,30,0,2026-08-20T12:36:12.0000000,29290.75,2026-08-20T12:37:13.0000000,29302,29302,29302.5,20260924,217
Playback101,Playback,NQ SEP26,0.25,2026-08-20T12:37:56.4120000,2026-08-20T12:37:56.4120000,29306.75,29307.5,1,2,-0.3333,1,A,30,0,2026-08-20T12:37:57.0000000,29307.75,2026-08-20T12:38:58.0000000,29284.5,29285,29285.5,20260924,218
Playback101,Playback,NQ SEP26,0.25,2026-08-20T12:39:36.4400000,2026-08-20T12:39:36.4400000,29280.5,29281,1,2,-0.3333,1,P,30,0,2026-08-20T12:39:37.0000000,29280.5,2026-08-20T12:40:38.0000000,29285.75,29284.25,29285,20260924,219
Playback101,Playback,NQ SEP26,0.25,2026-08-20T12:41:27.4760000,2026-08-20T12:41:27.4760000,29280.25,29280.75,1,2,-0.3333,1,P,30,0,2026-08-20T12:41:28.0000000,29280.25,2026-08-20T12:42:29.0000000,29292.5,29294.75,29295.5,20260924,220
Playback101,Playback,NQ SEP26,0.25,2026-08-20T12:43:26.5120000,2026-08-20T12:43:26.5120000,29286.25,29286.75,2,1,0.3333,1,A,30,0,2026-08-20T12:43:27.0000000,29286.25,2026-08-20T12:44:28.0000000,29285,29286.75,29287.5,20260924,221
Playback101,Playback,NQ SEP26,0.25,2026-08-20T12:45:24.5520000,2026-08-20T12:45:24.5520000,29279.25,29279.75,1,2,-0.3333,1,A,30,0,2026-08-20T12:45:25.0000000,29280.25,2026-08-20T12:46:26.0000000,29270.75,29271.5,29272,20260924,222
Playback101,Playback,NQ SEP26,0.25,2026-08-20T12:47:06.5720000,2026-08-20T12:47:06.5720000,29276.5,29277.25,1,2,-0.3333,-1,A,30,0,2026-08-20T12:47:07.0000000,29278.75,2026-08-20T12:48:08.0000000,29300.5,29300.25,29301,20260924,223
Playback101,Playback,NQ SEP26,0.25,2026-08-20T12:48:50.6200000,2026-08-20T12:48:50.6200000,29304.5,29305.25,4,1,0.6000,-1,A,30,0,2026-08-20T12:48:51.0000000,29304.75,2026-08-20T12:49:52.0000000,29295,29295,29295.75,20260924,224
Playback101,Playback,NQ SEP26,0.25,2026-08-20T12:50:40.6320000,2026-08-20T12:50:40.6320000,29302.75,29303.25,2,1,0.3333,-1,A,30,0,2026-08-20T12:50:41.0000000,29302.75,2026-08-20T12:51:42.0000000,29304.25,29298.25,29298.75,20260924,225
Playback101,Playback,NQ SEP26,0.25,2026-08-20T12:52:24.6680000,2026-08-20T12:52:24.6680000,29321.5,29322.25,1,1,0.0000,1,P,30,0,2026-08-20T12:52:25.0000000,29321.5,2026-08-20T12:53:25.0000000,29319.5,29319.25,29320,20260924,226
Playback101,Playback,NQ SEP26,0.25,2026-08-20T12:53:58.6960000,2026-08-20T12:53:58.6960000,29311,29311.5,2,2,0.0000,-1,P,30,0,2026-08-20T12:53:59.0000000,29311.5,2026-08-20T12:55:00.0000000,29323.5,29322.25,29323,20260924,227
Playback101,Playback,NQ SEP26,0.25,2026-08-20T12:55:46.7280000,2026-08-20T12:55:46.7280000,29323.25,29324,2,2,0.0000,1,P,30,0,2026-08-20T12:55:57.0000000,29323.25,2026-08-20T12:56:58.0000000,29323.75,29324,29324.5,20260924,228
Playback101,Playback,NQ SEP26,0.25,2026-08-20T12:57:35.7600000,2026-08-20T12:57:35.7600000,29323.25,29324,3,3,0.0000,1,A,30,0,2026-08-20T12:57:36.0000000,29323,2026-08-20T12:58:37.0000000,29326.5,29325,29325.75,20260924,229
Playback101,Playback,NQ SEP26,0.25,2026-08-20T12:59:19.7960000,2026-08-20T12:59:19.7960000,29325.5,29326,1,1,0.0000,1,A,30,0,2026-08-20T12:59:20.0000000,29326.5,2026-08-20T13:00:20.0000000,29323.75,29323.75,29324.5,20260924,230
Playback101,Playback,NQ SEP26,0.25,2026-08-20T13:01:09.8240000,2026-08-20T13:01:09.8240000,29327.25,29328,3,1,0.5000,1,P,30,0,2026-08-20T13:01:10.0000000,29327.25,2026-08-20T13:02:11.0000000,29322.5,29321.75,29322.25,20260924,231
Playback101,Playback,NQ SEP26,0.25,2026-08-20T13:02:47.8480000,2026-08-20T13:02:47.8480000,29339,29339.75,4,2,0.3333,1,P,30,0,2026-08-20T13:02:48.0000000,29339,2026-08-20T13:03:49.0000000,29335.25,29336.75,29337.25,20260924,232
Playback101,Playback,NQ SEP26,0.25,2026-08-20T13:04:39.9480000,2026-08-20T13:04:39.9480000,29323,29323.5,3,1,0.5000,-1,A,30,0,2026-08-20T13:04:40.0000000,29323.25,2026-08-20T13:05:41.0000000,29319.25,29317.25,29317.75,20260924,233
Playback101,Playback,NQ SEP26,0.25,2026-08-20T13:06:16.9720000,2026-08-20T13:06:16.9720000,29316.25,29317,4,2,0.3333,-1,A,30,0,2026-08-20T13:06:17.0000000,29316.75,2026-08-20T13:07:18.0000000,29309.25,29308.5,29309.25,20260924,234
Playback101,Playback,NQ SEP26,0.25,2026-08-20T13:08:13.9720000,2026-08-20T13:08:13.9720000,29304.5,29305.25,3,1,0.5000,-1,P,30,0,2026-08-20T13:08:15.0000000,29305.25,2026-08-20T13:09:15.0000000,29326.5,29324.75,29325.75,20260924,235
Playback101,Playback,NQ SEP26,0.25,2026-08-20T13:10:01.9920000,2026-08-20T13:10:01.9920000,29333.5,29334.25,1,2,-0.3333,-1,P,30,0,2026-08-20T13:10:03.0000000,29334.25,2026-08-20T13:11:04.0000000,29324.75,29325.75,29326.5,20260924,236
Playback101,Playback,NQ SEP26,0.25,2026-08-20T13:12:01.0320000,2026-08-20T13:12:01.0320000,29338,29338.75,4,3,0.1429,-1,A,30,0,2026-08-20T13:12:02.0000000,29336.5,2026-08-20T13:13:03.0000000,29328.75,29328,29328.5,20260924,237
Playback101,Playback,NQ SEP26,0.25,2026-08-20T13:14:01.0320000,2026-08-20T13:14:01.0320000,29309.25,29310,1,4,-0.6000,1,A,30,0,2026-08-20T13:14:02.0000000,29309.75,2026-08-20T13:15:03.0000000,29305.5,29306.5,29307.25,20260924,238
Playback101,Playback,NQ SEP26,0.25,2026-08-20T13:15:53.0320000,2026-08-20T13:15:53.0320000,29316,29316.5,1,1,0.0000,1,A,30,0,2026-08-20T13:15:54.0000000,29317,2026-08-20T13:16:55.0000000,29308,29308,29308.5,20260924,239
Playback101,Playback,NQ SEP26,0.25,2026-08-20T13:17:23.0800000,2026-08-20T13:17:23.0800000,29310,29310.75,2,1,0.3333,-1,A,30,0,2026-08-20T13:17:24.0000000,29309.75,2026-08-20T13:18:24.0000000,29314,29313,29313.5,20260924,240
Playback101,Playback,NQ SEP26,0.25,2026-08-20T13:19:13.0800000,2026-08-20T13:19:13.0800000,29318,29318.75,5,3,0.2500,-1,A,30,0,2026-08-20T13:19:14.0000000,29317.75,2026-08-20T13:20:15.0000000,29319,29317.25,29317.75,20260924,241
Playback101,Playback,NQ SEP26,0.25,2026-08-20T13:21:07.1160000,2026-08-20T13:21:07.1160000,29315.75,29316.5,2,3,-0.2000,1,A,30,0,2026-08-20T13:21:08.0000000,29316.25,2026-08-20T13:22:09.0000000,29327.75,29328.5,29328.75,20260924,242
Playback101,Playback,NQ SEP26,0.25,2026-08-20T13:22:44.1160000,2026-08-20T13:22:44.1160000,29327.25,29328,3,2,0.2000,-1,A,30,0,2026-08-20T13:22:45.0000000,29327.75,2026-08-20T13:23:45.0000000,29349.75,29349.25,29349.75,20260924,243
Playback101,Playback,NQ SEP26,0.25,2026-08-20T13:24:25.1160000,2026-08-20T13:24:25.1160000,29351.75,29352.5,3,2,0.2000,-1,P,30,0,2026-08-20T13:24:41.0000000,29352.5,2026-08-20T13:25:42.0000000,29343,29342.25,29343,20260924,244
Playback101,Playback,NQ SEP26,0.25,2026-08-20T13:25:59.1440000,2026-08-20T13:25:59.1440000,29352.5,29353,1,2,-0.3333,-1,A,30,0,2026-08-20T13:26:00.0000000,29353.25,2026-08-20T13:27:01.0000000,29346.5,29346,29346.75,20260924,245
Playback101,Playback,NQ SEP26,0.25,2026-08-20T13:27:42.2800000,2026-08-20T13:27:42.2800000,29344,29344.75,3,1,0.5000,1,A,30,0,2026-08-20T13:27:43.0000000,29347,2026-08-20T13:28:44.0000000,29344.75,29343.75,29344.25,20260924,246
Playback101,Playback,NQ SEP26,0.25,2026-08-20T13:29:24.4080000,2026-08-20T13:29:24.4080000,29342.75,29343.25,1,1,0.0000,-1,P,30,0,2026-08-20T13:29:25.0000000,29343.75,2026-08-20T13:30:25.0000000,29330.5,29329.75,29330.25,20260924,247
Playback101,Playback,NQ SEP26,0.25,2026-08-20T13:31:20.4320000,2026-08-20T13:31:20.4320000,29314,29314.75,3,2,0.2000,-1,P,30,0,2026-08-20T13:31:27.0000000,29314.75,2026-08-20T13:32:27.0000000,29314.5,29314.5,29315.25,20260924,248
Playback101,Playback,NQ SEP26,0.25,2026-08-20T13:33:15.4880000,2026-08-20T13:33:15.4880000,29317.25,29317.75,1,2,-0.3333,-1,P,30,0,2026-08-20T13:33:16.0000000,29317.75,2026-08-20T13:34:17.0000000,29326.75,29326.5,29327,20260924,249
Playback101,Playback,NQ SEP26,0.25,2026-08-20T13:34:46.5160000,2026-08-20T13:34:46.5160000,29343.5,29344,4,1,0.6000,-1,A,30,0,2026-08-20T13:34:47.0000000,29343.75,2026-08-20T13:35:48.0000000,29342.5,29342.25,29342.75,20260924,250
Playback101,Playback,NQ SEP26,0.25,2026-08-20T13:36:32.5520000,2026-08-20T13:36:32.5520000,29348.75,29349.25,1,1,0.0000,-1,P,30,0,2026-08-20T13:36:34.0000000,29349.25,2026-08-20T13:37:34.0000000,29358.25,29357.75,29358,20260924,251
Playback101,Playback,NQ SEP26,0.25,2026-08-20T13:38:26.6000000,2026-08-20T13:38:26.6000000,29350.75,29351.5,2,2,0.0000,1,A,30,0,2026-08-20T13:38:27.0000000,29352,2026-08-20T13:39:28.0000000,29353,29353.75,29354.5,20260924,252
Playback101,Playback,NQ SEP26,0.25,2026-08-20T13:40:05.6000000,2026-08-20T13:40:05.6000000,29358.25,29358.75,1,1,0.0000,1,A,30,0,2026-08-20T13:40:06.0000000,29359,2026-08-20T13:41:07.0000000,29362.25,29362,29362.5,20260924,253
Playback101,Playback,NQ SEP26,0.25,2026-08-20T13:42:04.7480000,2026-08-20T13:42:04.7480000,29360.5,29361,2,2,0.0000,-1,A,30,0,2026-08-20T13:42:05.0000000,29361.25,2026-08-20T13:43:06.0000000,29357.5,29357,29357.5,20260924,254
Playback101,Playback,NQ SEP26,0.25,2026-08-20T13:43:42.7960000,2026-08-20T13:43:42.7960000,29365,29365.25,1,4,-0.6000,-1,P,30,0,2026-08-20T13:43:43.0000000,29366,2026-08-20T13:44:44.0000000,29368.5,29367.75,29368.25,20260924,255
Playback101,Playback,NQ SEP26,0.25,2026-08-20T13:45:21.8120000,2026-08-20T13:45:21.8120000,29367.25,29367.75,2,2,0.0000,1,P,30,0,2026-08-20T13:45:35.0000000,29367.25,2026-08-20T13:46:36.0000000,29378.25,29378.75,29379.25,20260924,256
Playback101,Playback,NQ SEP26,0.25,2026-08-20T13:47:08.8240000,2026-08-20T13:47:08.8240000,29386.75,29387.25,1,3,-0.5000,-1,A,30,0,2026-08-20T13:47:09.0000000,29386.75,2026-08-20T13:48:10.0000000,29382.25,29382,29382.5,20260924,257
Playback101,Playback,NQ SEP26,0.25,2026-08-20T13:48:49.8560000,2026-08-20T13:48:49.8560000,29367.5,29368.25,4,3,0.1429,-1,A,30,0,2026-08-20T13:48:50.0000000,29367.5,2026-08-20T13:49:51.0000000,29370.75,29371.25,29372,20260924,258
Playback101,Playback,NQ SEP26,0.25,2026-08-20T13:50:41.8560000,2026-08-20T13:50:41.8560000,29375.5,29376.25,4,2,0.3333,-1,A,30,0,2026-08-20T13:50:42.0000000,29375.5,2026-08-20T13:51:43.0000000,29370.25,29369.75,29370.25,20260924,259
Playback101,Playback,NQ SEP26,0.25,2026-08-20T13:52:28.1920000,2026-08-20T13:52:28.1920000,29360.5,29361,2,1,0.3333,1,P,30,0,2026-08-20T13:52:29.0000000,29360.5,2026-08-20T13:53:30.0000000,29364.5,29362.75,29363.25,20260924,260
Playback101,Playback,NQ SEP26,0.25,2026-08-20T13:54:13.2840000,2026-08-20T13:54:13.2840000,29366.5,29367,2,1,0.3333,-1,A,30,0,2026-08-20T13:54:14.0000000,29367,2026-08-20T13:55:15.0000000,29371.25,29370.5,29371,20260924,261
Playback101,Playback,NQ SEP26,0.25,2026-08-20T13:56:05.3040000,2026-08-20T13:56:05.3040000,29367.25,29367.75,2,2,0.0000,1,A,30,0,2026-08-20T13:56:06.0000000,29369,2026-08-20T13:57:07.0000000,29366,29366,29366.5,20260924,262
Playback101,Playback,NQ SEP26,0.25,2026-08-20T13:57:40.3040000,2026-08-20T13:57:40.3040000,29380.75,29381.25,2,1,0.3333,1,P,30,0,2026-08-20T13:57:41.0000000,29380.75,2026-08-20T13:58:42.0000000,29369.75,29371.75,29372.25,20260924,263
Playback101,Playback,NQ SEP26,0.25,2026-08-20T13:59:32.4520000,2026-08-20T13:59:32.4520000,29380.75,29381.25,1,5,-0.6667,1,P,30,0,2026-08-20T13:59:33.0000000,29380.75,2026-08-20T14:00:34.0000000,29378,29377,29377.75,20260924,264
Playback101,Playback,NQ SEP26,0.25,2026-08-20T14:01:29.4520000,2026-08-20T14:01:29.4520000,29365.25,29366,3,1,0.5000,-1,P,30,1,2026-08-20T14:02:00.0000000,29361.25,2026-08-20T14:03:00.0000000,29356,29355.5,29356.25,20260924,265
Playback101,Playback,NQ SEP26,0.25,2026-08-20T14:03:29.4840000,2026-08-20T14:03:29.4840000,29353.75,29354.25,2,1,0.3333,-1,P,30,0,2026-08-20T14:03:31.0000000,29354.25,2026-08-20T14:04:32.0000000,29362,29361.75,29362.5,20260924,266
Playback101,Playback,NQ SEP26,0.25,2026-08-20T14:05:11.5120000,2026-08-20T14:05:11.5120000,29352.25,29353,1,4,-0.6000,1,A,30,0,2026-08-20T14:05:12.0000000,29352,2026-08-20T14:06:13.0000000,29355.5,29357,29357.75,20260924,267
Playback101,Playback,NQ SEP26,0.25,2026-08-20T14:06:45.5120000,2026-08-20T14:06:45.5120000,29341.75,29342.5,2,2,0.0000,1,A,30,0,2026-08-20T14:06:46.0000000,29342.5,2026-08-20T14:07:46.0000000,29346.75,29346.25,29347,20260924,268
Playback101,Playback,NQ SEP26,0.25,2026-08-20T14:08:17.5600000,2026-08-20T14:08:17.5600000,29336.25,29336.75,1,2,-0.3333,1,P,30,0,2026-08-20T14:08:18.0000000,29336.25,2026-08-20T14:09:19.0000000,29341.5,29340.75,29341.5,20260924,269
Playback101,Playback,NQ SEP26,0.25,2026-08-20T14:10:12.5600000,2026-08-20T14:10:12.5600000,29343,29343.5,1,3,-0.5000,-1,A,30,0,2026-08-20T14:10:13.0000000,29343,2026-08-20T14:11:14.0000000,29345.75,29346.5,29347,20260924,270
Playback101,Playback,NQ SEP26,0.25,2026-08-20T14:11:53.6920000,2026-08-20T14:11:53.6920000,29349.75,29350.25,2,1,0.3333,1,A,30,0,2026-08-20T14:11:54.0000000,29350.5,2026-08-20T14:12:55.0000000,29347,29346.5,29347,20260924,271
Playback101,Playback,NQ SEP26,0.25,2026-08-20T14:13:24.7720000,2026-08-20T14:13:24.7720000,29346.25,29346.75,2,2,0.0000,-1,P,30,0,2026-08-20T14:13:26.0000000,29346.75,2026-08-20T14:14:27.0000000,29341.75,29341.75,29342.5,20260924,272
Playback101,Playback,NQ SEP26,0.25,2026-08-20T14:15:10.7800000,2026-08-20T14:15:10.7800000,29336,29336.5,2,1,0.3333,1,P,30,0,2026-08-20T14:15:11.0000000,29336,2026-08-20T14:16:12.0000000,29317.5,29318,29318.5,20260924,273
Playback101,Playback,NQ SEP26,0.25,2026-08-20T14:16:43.7800000,2026-08-20T14:16:43.7800000,29313,29313.5,2,1,0.3333,-1,A,30,0,2026-08-20T14:16:44.0000000,29313.5,2026-08-20T14:17:45.0000000,29309.5,29310,29310.5,20260924,274
Playback101,Playback,NQ SEP26,0.25,2026-08-20T14:18:20.8200000,2026-08-20T14:18:20.8200000,29315.5,29316,1,3,-0.5000,-1,A,30,0,2026-08-20T14:18:21.0000000,29315.25,2026-08-20T14:19:22.0000000,29314.5,29312.5,29313,20260924,275
Playback101,Playback,NQ SEP26,0.25,2026-08-20T14:19:50.8960000,2026-08-20T14:19:50.8960000,29306.5,29307,1,1,0.0000,-1,A,30,0,2026-08-20T14:19:51.0000000,29307,2026-08-20T14:20:51.0000000,29315.25,29314.5,29315.25,20260924,276
Playback101,Playback,NQ SEP26,0.25,2026-08-20T14:21:40.9600000,2026-08-20T14:21:40.9600000,29315.25,29315.75,2,1,0.3333,1,A,30,0,2026-08-20T14:21:41.0000000,29315.5,2026-08-20T14:22:42.0000000,29322,29322.5,29323,20260924,277
Playback101,Playback,NQ SEP26,0.25,2026-08-20T14:23:24.0640000,2026-08-20T14:23:24.0640000,29316.75,29317.25,1,3,-0.5000,1,P,30,0,2026-08-20T14:23:27.0000000,29316.75,2026-08-20T14:24:28.0000000,29321,29320.75,29321.5,20260924,278
Playback101,Playback,NQ SEP26,0.25,2026-08-20T14:25:02.0680000,2026-08-20T14:25:02.0680000,29311.5,29312.25,2,2,0.0000,-1,P,30,0,2026-08-20T14:25:03.0000000,29312.25,2026-08-20T14:26:04.0000000,29306.25,29306.5,29307.25,20260924,279
Playback101,Playback,NQ SEP26,0.25,2026-08-20T14:26:52.1240000,2026-08-20T14:26:52.1240000,29310,29310.5,1,1,0.0000,1,A,30,0,2026-08-20T14:26:53.0000000,29311.75,2026-08-20T14:27:54.0000000,29294.75,29294.25,29294.75,20260924,280
Playback101,Playback,NQ SEP26,0.25,2026-08-20T14:28:50.1600000,2026-08-20T14:28:50.1600000,29296.25,29296.75,2,1,0.3333,1,A,30,0,2026-08-20T14:28:51.0000000,29297,2026-08-20T14:29:51.0000000,29294,29293.25,29293.75,20260924,281
Playback101,Playback,NQ SEP26,0.25,2026-08-20T14:30:39.4000000,2026-08-20T14:30:39.4000000,29291.5,29292,2,2,0.0000,-1,A,30,0,2026-08-20T14:30:40.0000000,29290.75,2026-08-20T14:31:41.0000000,29301.5,29299.25,29300,20260924,282
Playback101,Playback,NQ SEP26,0.25,2026-08-20T14:32:22.4000000,2026-08-20T14:32:22.4000000,29302.75,29303.25,4,1,0.6000,1,A,30,0,2026-08-20T14:32:23.0000000,29301.75,2026-08-20T14:33:24.0000000,29293.75,29294,29294.75,20260924,283
Playback101,Playback,NQ SEP26,0.25,2026-08-20T14:34:08.4240000,2026-08-20T14:34:08.4240000,29290,29290.5,1,2,-0.3333,1,A,30,0,2026-08-20T14:34:09.0000000,29290.5,2026-08-20T14:35:10.0000000,29289.75,29288.25,29288.75,20260924,284
Playback101,Playback,NQ SEP26,0.25,2026-08-20T14:35:44.5240000,2026-08-20T14:35:44.5240000,29294.5,29295,2,1,0.3333,-1,P,30,0,2026-08-20T14:35:45.0000000,29295,2026-08-20T14:36:46.0000000,29288.75,29287,29287.75,20260924,285
Playback101,Playback,NQ SEP26,0.25,2026-08-20T14:37:24.5360000,2026-08-20T14:37:24.5360000,29286.75,29287.25,1,2,-0.3333,1,P,30,0,2026-08-20T14:37:25.0000000,29286.75,2026-08-20T14:38:26.0000000,29290.25,29290.25,29291,20260924,286
Playback101,Playback,NQ SEP26,0.25,2026-08-20T14:38:54.6160000,2026-08-20T14:38:54.6160000,29291.5,29291.75,1,1,0.0000,1,A,30,0,2026-08-20T14:38:55.0000000,29292,2026-08-20T14:39:56.0000000,29292.75,29294.5,29295,20260924,287
Playback101,Playback,NQ SEP26,0.25,2026-08-20T14:40:54.6360000,2026-08-20T14:40:54.6360000,29283,29283.75,5,4,0.1111,-1,P,30,0,2026-08-20T14:40:55.0000000,29283.75,2026-08-20T14:41:56.0000000,29287,29286.75,29287.25,20260924,288
Playback101,Playback,NQ SEP26,0.25,2026-08-20T14:42:39.6960000,2026-08-20T14:42:39.6960000,29288.5,29289.25,3,3,0.0000,-1,A,30,0,2026-08-20T14:42:40.0000000,29288.25,2026-08-20T14:43:41.0000000,29285.75,29285.75,29286.25,20260924,289
Playback101,Playback,NQ SEP26,0.25,2026-08-20T14:44:31.7440000,2026-08-20T14:44:31.7440000,29290,29290.5,3,6,-0.3333,-1,P,30,0,2026-08-20T14:44:33.0000000,29290.5,2026-08-20T14:45:34.0000000,29293.75,29293,29293.75,20260924,290
Playback101,Playback,NQ SEP26,0.25,2026-08-20T14:46:13.7800000,2026-08-20T14:46:13.7800000,29297.25,29298,4,4,0.0000,1,P,30,0,2026-08-20T14:46:15.0000000,29297.25,2026-08-20T14:47:15.0000000,29303.75,29304.25,29304.5,20260924,291
Playback101,Playback,NQ SEP26,0.25,2026-08-20T14:47:43.8960000,2026-08-20T14:47:43.8960000,29304.25,29304.75,3,3,0.0000,-1,A,30,0,2026-08-20T14:47:44.0000000,29304.25,2026-08-20T14:48:45.0000000,29307.25,29306.25,29306.75,20260924,292
Playback101,Playback,NQ SEP26,0.25,2026-08-20T14:49:19.9440000,2026-08-20T14:49:19.9440000,29310.25,29310.75,2,2,0.0000,-1,P,30,0,2026-08-20T14:49:20.0000000,29310.75,2026-08-20T14:50:21.0000000,29313.75,29311,29311.5,20260924,293
Playback101,Playback,NQ SEP26,0.25,2026-08-20T14:51:15.0080000,2026-08-20T14:51:15.0080000,29319.5,29320,3,2,0.2000,1,A,30,0,2026-08-20T14:51:16.0000000,29320,2026-08-20T14:52:17.0000000,29313.25,29313,29313.5,20260924,294
Playback101,Playback,NQ SEP26,0.25,2026-08-20T14:52:49.1920000,2026-08-20T14:52:49.1920000,29316.5,29317,2,2,0.0000,1,P,30,0,2026-08-20T14:52:50.0000000,29316.5,2026-08-20T14:53:51.0000000,29312.5,29312.75,29313.25,20260924,295
Playback101,Playback,NQ SEP26,0.25,2026-08-20T14:54:24.1920000,2026-08-20T14:54:24.1920000,29305.25,29305.75,4,1,0.6000,-1,A,30,0,2026-08-20T14:54:25.0000000,29305.5,2026-08-20T14:55:25.0000000,29296.75,29296,29296.5,20260924,296
Playback101,Playback,NQ SEP26,0.25,2026-08-20T14:55:56.2560000,2026-08-20T14:55:56.2560000,29299.5,29300,1,4,-0.6000,-1,P,30,0,2026-08-20T14:55:57.0000000,29301.75,2026-08-20T14:56:58.0000000,29308.25,29307.25,29307.75,20260924,297
Playback101,Playback,NQ SEP26,0.25,2026-08-20T14:57:29.2920000,2026-08-20T14:57:29.2920000,29305,29305.5,4,1,0.6000,-1,A,30,0,2026-08-20T14:57:30.0000000,29305,2026-08-20T14:58:31.0000000,29300.5,29300.25,29300.75,20260924,298
Playback101,Playback,NQ SEP26,0.25,2026-08-20T14:59:00.2920000,2026-08-20T14:59:00.2920000,29295.75,29296.25,3,1,0.5000,1,A,30,0,2026-08-20T14:59:01.0000000,29295.25,2026-08-20T15:00:02.0000000,29290.25,29288.5,29289,20260924,299
Playback101,Playback,NQ SEP26,0.25,2026-08-20T15:00:59.3560000,2026-08-20T15:00:59.3560000,29281.25,29281.75,2,2,0.0000,-1,A,30,0,2026-08-20T15:01:00.0000000,29282,2026-08-20T15:02:01.0000000,29278.5,29278,29278.75,20260924,300
Playback101,Playback,NQ SEP26,0.25,2026-08-20T15:02:51.3920000,2026-08-20T15:02:51.3920000,29268,29268.75,6,4,0.2000,1,P,30,0,2026-08-20T15:02:52.0000000,29267.25,2026-08-20T15:03:53.0000000,29258.25,29257.5,29258,20260924,301
Playback101,Playback,NQ SEP26,0.25,2026-08-20T15:04:49.3960000,2026-08-20T15:04:49.3960000,29261,29261.25,1,1,0.0000,1,A,30,0,2026-08-20T15:04:50.0000000,29261.25,2026-08-20T15:05:51.0000000,29245.75,29242,29242.75,20260924,302
Playback101,Playback,NQ SEP26,0.25,2026-08-20T15:06:24.4040000,2026-08-20T15:06:24.4040000,29245,29245.75,3,1,0.5000,1,A,30,0,2026-08-20T15:06:25.0000000,29245.25,2026-08-20T15:07:26.0000000,29238.75,29239.25,29239.75,20260924,303
Playback101,Playback,NQ SEP26,0.25,2026-08-20T15:08:11.4040000,2026-08-20T15:08:11.4040000,29231,29231.5,2,2,0.0000,1,A,30,0,2026-08-20T15:08:12.0000000,29231,2026-08-20T15:09:13.0000000,29230.5,29231.5,29232,20260924,304
Playback101,Playback,NQ SEP26,0.25,2026-08-20T15:09:46.4520000,2026-08-20T15:09:46.4520000,29232,29232.5,1,3,-0.5000,-1,A,30,0,2026-08-20T15:09:47.0000000,29232.25,2026-08-20T15:10:47.0000000,29217.25,29216.75,29217.25,20260924,305
Playback101,Playback,NQ SEP26,0.25,2026-08-20T15:11:46.4880000,2026-08-20T15:11:46.4880000,29225.5,29226.25,4,2,0.3333,1,P,30,0,2026-08-20T15:11:48.0000000,29225.5,2026-08-20T15:12:49.0000000,29230,29228.75,29229.5,20260924,306
Playback101,Playback,NQ SEP26,0.25,2026-08-20T15:13:17.4960000,2026-08-20T15:13:17.4960000,29226.75,29227.25,1,1,0.0000,-1,P,30,0,2026-08-20T15:13:19.0000000,29227.25,2026-08-20T15:14:20.0000000,29227.75,29227.25,29227.75,20260924,307
Playback101,Playback,NQ SEP26,0.25,2026-08-20T15:15:12.5440000,2026-08-20T15:15:12.5440000,29228.5,29229,1,2,-0.3333,1,A,30,0,2026-08-20T15:15:13.0000000,29229,2026-08-20T15:16:14.0000000,29212.25,29214,29214.25,20260924,308
Playback101,Playback,NQ SEP26,0.25,2026-08-20T15:17:02.5480000,2026-08-20T15:17:02.5480000,29207.25,29207.75,1,3,-0.5000,-1,A,30,0,2026-08-20T15:17:03.0000000,29208.25,2026-08-20T15:18:03.0000000,29217.25,29217.5,29218.25,20260924,309
Playback101,Playback,NQ SEP26,0.25,2026-08-20T15:18:41.5480000,2026-08-20T15:18:41.5480000,29226,29226.75,2,2,0.0000,1,A,30,0,2026-08-20T15:18:42.0000000,29227,2026-08-20T15:19:43.0000000,29232.75,29232.75,29233.5,20260924,310
Playback101,Playback,NQ SEP26,0.25,2026-08-20T15:20:31.5480000,2026-08-20T15:20:31.5480000,29238,29238.75,4,4,0.0000,1,P,30,0,2026-08-20T15:20:32.0000000,29238,2026-08-20T15:21:32.0000000,29238.5,29237.75,29238.25,20260924,311
Playback101,Playback,NQ SEP26,0.25,2026-08-20T15:22:02.5840000,2026-08-20T15:22:02.5840000,29240,29240.5,1,3,-0.5000,1,A,30,0,2026-08-20T15:22:03.0000000,29240.75,2026-08-20T15:23:04.0000000,29240,29240,29240.75,20260924,312
Playback101,Playback,NQ SEP26,0.25,2026-08-20T15:23:50.8640000,2026-08-20T15:23:50.8640000,29237.25,29237.75,2,2,0.0000,1,A,30,0,2026-08-20T15:23:51.0000000,29237.75,2026-08-20T15:24:52.0000000,29233.75,29234.25,29235,20260924,313
Playback101,Playback,NQ SEP26,0.25,2026-08-20T15:25:42.8800000,2026-08-20T15:25:42.8800000,29226,29226.5,3,1,0.5000,-1,P,30,0,2026-08-20T15:25:46.0000000,29226.5,2026-08-20T15:26:47.0000000,29227.25,29226.5,29227,20260924,314
Playback101,Playback,NQ SEP26,0.25,2026-08-20T15:27:34.0000000,2026-08-20T15:27:34.0000000,29226.25,29227,4,3,0.1429,-1,A,30,0,2026-08-20T15:27:34.0000000,29226.5,2026-08-20T15:28:35.0000000,29229.75,29227.75,29228.25,20260924,315
Playback101,Playback,NQ SEP26,0.25,2026-08-20T15:29:08.0160000,2026-08-20T15:29:08.0160000,29232,29232.5,2,2,0.0000,1,A,30,0,2026-08-20T15:29:09.0000000,29232,2026-08-20T15:30:10.0000000,29234.75,29234,29234.5,20260924,316
Playback101,Playback,NQ SEP26,0.25,2026-08-20T15:30:41.0280000,2026-08-20T15:30:41.0280000,29228.5,29229,1,1,0.0000,-1,P,30,0,2026-08-20T15:30:42.0000000,29229,2026-08-20T15:31:43.0000000,29233,29233,29233.5,20260924,317
Playback101,Playback,NQ SEP26,0.25,2026-08-20T15:32:13.1280000,2026-08-20T15:32:13.1280000,29229,29229.75,2,3,-0.2000,-1,A,30,0,2026-08-20T15:32:14.0000000,29229.5,2026-08-20T15:33:15.0000000,29225.75,29226,29226.25,20260924,318
Playback101,Playback,NQ SEP26,0.25,2026-08-20T15:34:04.1960000,2026-08-20T15:34:04.1960000,29216.75,29217.5,1,4,-0.6000,1,P,30,0,2026-08-20T15:34:08.0000000,29216.75,2026-08-20T15:35:09.0000000,29217.75,29217,29217.75,20260924,319
Playback101,Playback,NQ SEP26,0.25,2026-08-20T15:35:41.2360000,2026-08-20T15:35:41.2360000,29216.25,29217,4,1,0.6000,-1,A,30,0,2026-08-20T15:35:42.0000000,29215.5,2026-08-20T15:36:43.0000000,29222.5,29221.75,29222.25,20260924,320
Playback101,Playback,NQ SEP26,0.25,2026-08-20T15:37:22.2600000,2026-08-20T15:37:22.2600000,29230.75,29231.25,1,4,-0.6000,-1,P,30,0,2026-08-20T15:37:23.0000000,29231.25,2026-08-20T15:38:23.0000000,29229,29228.25,29228.75,20260924,321
Playback101,Playback,NQ SEP26,0.25,2026-08-20T15:39:19.2760000,2026-08-20T15:39:19.2760000,29227.5,29228.25,2,2,0.0000,1,A,30,0,2026-08-20T15:39:20.0000000,29228,2026-08-20T15:40:21.0000000,29218.75,29217.5,29218.25,20260924,322
Playback101,Playback,NQ SEP26,0.25,2026-08-20T15:41:15.2840000,2026-08-20T15:41:15.2840000,29218.25,29219,4,4,0.0000,1,P,30,0,2026-08-20T15:41:16.0000000,29218,2026-08-20T15:42:17.0000000,29220.75,29220.5,29221,20260924,323
Playback101,Playback,NQ SEP26,0.25,2026-08-20T15:43:03.3520000,2026-08-20T15:43:03.3520000,29228.25,29228.75,3,1,0.5000,1,A,30,0,2026-08-20T15:43:04.0000000,29229.25,2026-08-20T15:44:05.0000000,29230.75,29230.25,29231,20260924,324
Playback101,Playback,NQ SEP26,0.25,2026-08-20T15:44:34.4520000,2026-08-20T15:44:34.4520000,29232.75,29233.25,1,3,-0.5000,1,A,30,0,2026-08-20T15:44:35.0000000,29233,2026-08-20T15:45:36.0000000,29230,29230,29230.5,20260924,325
Playback101,Playback,NQ SEP26,0.25,2026-08-20T15:46:25.6080000,2026-08-20T15:46:25.6080000,29230.75,29231.25,2,1,0.3333,-1,A,30,0,2026-08-20T15:46:26.0000000,29231,2026-08-20T15:47:27.0000000,29234,29232.75,29233.25,20260924,326
Playback101,Playback,NQ SEP26,0.25,2026-08-20T15:47:55.6080000,2026-08-20T15:47:55.6080000,29234.5,29235,2,1,0.3333,1,P,30,1,2026-08-20T15:48:26.0000000,29252.75,2026-08-20T15:49:27.0000000,29252.25,29252.25,29252.5,20260924,327
Playback101,Playback,NQ SEP26,0.25,2026-08-20T15:49:48.6640000,2026-08-20T15:49:48.6640000,29251,29251.75,4,2,0.3333,-1,A,30,0,2026-08-20T15:49:49.0000000,29250.75,2026-08-20T15:50:50.0000000,29251,29249.25,29250,20260924,328
Playback101,Playback,NQ SEP26,0.25,2026-08-20T15:51:22.7120000,2026-08-20T15:51:22.7120000,29250.25,29250.75,1,3,-0.5000,1,A,30,0,2026-08-20T15:51:23.0000000,29249.75,2026-08-20T15:52:24.0000000,29249.5,29249.75,29250.25,20260924,329
Playback101,Playback,NQ SEP26,0.25,2026-08-20T15:53:10.7560000,2026-08-20T15:53:10.7560000,29252.25,29252.75,1,3,-0.5000,1,P,30,0,2026-08-20T15:53:11.0000000,29252.25,2026-08-20T15:54:12.0000000,29248.75,29248.75,29249.25,20260924,330
Playback101,Playback,NQ SEP26,0.25,2026-08-20T15:55:05.7880000,2026-08-20T15:55:05.7880000,29247.25,29248,4,2,0.3333,1,A,30,0,2026-08-20T15:55:06.0000000,29248,2026-08-20T15:56:07.0000000,29251.75,29252.25,29252.5,20260924,331
Playback101,Playback,NQ SEP26,0.25,2026-08-20T15:56:40.9720000,2026-08-20T15:56:40.9720000,29252.5,29253.25,3,1,0.5000,-1,P,30,0,2026-08-20T15:56:41.0000000,29253.25,2026-08-20T15:57:42.0000000,29254.5,29253.5,29254,20260924,332
Playback101,Playback,NQ SEP26,0.25,2026-08-20T15:58:34.9920000,2026-08-20T15:58:34.9920000,29251,29251.75,4,4,0.0000,1,P,30,0,2026-08-20T15:58:36.0000000,29251,2026-08-20T15:59:37.0000000,29251,29251,29251.75,20260924,333
Playback101,Playback,NQ SEP26,0.25,2026-08-20T16:00:32.9960000,2026-08-20T16:00:32.9960000,29249.25,29250,3,2,0.2000,-1,P,30,0,2026-08-20T16:00:41.0000000,29250,2026-08-20T16:01:41.0000000,29260,29259.75,29260.25,20260924,334
Playback101,Playback,NQ SEP26,0.25,2026-08-20T16:02:15.0080000,2026-08-20T16:02:15.0080000,29255.75,29256.5,3,2,0.2000,1,P,30,0,2026-08-20T16:02:17.0000000,29255.75,2026-08-20T16:03:18.0000000,29270.25,29270,29270.5,20260924,335
Playback101,Playback,NQ SEP26,0.25,2026-08-20T16:03:59.0080000,2026-08-20T16:03:59.0080000,29269,29269.75,3,3,0.0000,1,P,30,0,2026-08-20T16:04:01.0000000,29269,2026-08-20T16:05:01.0000000,29269,29268.75,29269.5,20260924,336
Playback101,Playback,NQ SEP26,0.25,2026-08-20T16:05:46.0240000,2026-08-20T16:05:46.0240000,29278.25,29278.75,2,3,-0.2000,1,P,30,0,2026-08-20T16:05:47.0000000,29278.25,2026-08-20T16:06:47.0000000,29282,29282,29282.5,20260924,337
Playback101,Playback,NQ SEP26,0.25,2026-08-20T16:07:44.1040000,2026-08-20T16:07:44.1040000,29280.75,29281.5,2,2,0.0000,-1,P,30,0,2026-08-20T16:07:45.0000000,29281.5,2026-08-20T16:08:46.0000000,29291.25,29290.75,29291.25,20260924,338
Playback101,Playback,NQ SEP26,0.25,2026-08-20T16:09:28.3120000,2026-08-20T16:09:28.3120000,29289.25,29289.75,4,3,0.1429,-1,A,30,0,2026-08-20T16:09:29.0000000,29289.5,2026-08-20T16:10:30.0000000,29287.5,29285.5,29286,20260924,339
Playback101,Playback,NQ SEP26,0.25,2026-08-20T16:11:09.4800000,2026-08-20T16:11:09.4800000,29277.5,29278,2,1,0.3333,1,P,30,0,2026-08-20T16:11:11.0000000,29277.5,2026-08-20T16:12:11.0000000,29280,29280,29280.5,20260924,340
Playback101,Playback,NQ SEP26,0.25,2026-08-20T16:12:56.5120000,2026-08-20T16:12:56.5120000,29277,29277.5,2,2,0.0000,-1,A,30,0,2026-08-20T16:12:57.0000000,29276.25,2026-08-20T16:13:58.0000000,29284.5,29284.75,29285.5,20260924,341
Playback101,Playback,NQ SEP26,0.25,2026-08-20T16:14:52.5440000,2026-08-20T16:14:52.5440000,29282.25,29282.75,1,5,-0.6667,-1,P,30,0,2026-08-20T16:15:03.0000000,29282.75,2026-08-20T16:16:04.0000000,29292.5,29292.25,29292.75,20260924,342
Playback101,Playback,NQ SEP26,0.25,2026-08-20T16:16:42.7640000,2026-08-20T16:16:42.7640000,29293.25,29293.75,5,4,0.1111,-1,A,30,0,2026-08-20T16:16:43.0000000,29293.25,2026-08-20T16:17:44.0000000,29280.25,29279.75,29280.25,20260924,343
Playback101,Playback,NQ SEP26,0.25,2026-08-20T16:18:17.8120000,2026-08-20T16:18:17.8120000,29280,29280.5,1,2,-0.3333,1,A,30,0,2026-08-20T16:18:18.0000000,29280.75,2026-08-20T16:19:19.0000000,29276,29276.25,29277,20260924,344
Playback101,Playback,NQ SEP26,0.25,2026-08-20T16:20:03.8120000,2026-08-20T16:20:03.8120000,29271.25,29271.5,3,1,0.5000,1,P,30,0,2026-08-20T16:20:04.0000000,29271.25,2026-08-20T16:21:04.0000000,29271.75,29271.75,29272.25,20260924,345
Playback101,Playback,NQ SEP26,0.25,2026-08-20T16:21:50.8280000,2026-08-20T16:21:50.8280000,29268.5,29269,2,1,0.3333,-1,P,30,0,2026-08-20T16:21:51.0000000,29269,2026-08-20T16:22:52.0000000,29285.75,29283.75,29284.5,20260924,346
Playback101,Playback,NQ SEP26,0.25,2026-08-20T16:23:24.8600000,2026-08-20T16:23:24.8600000,29292.25,29292.75,2,2,0.0000,1,A,30,0,2026-08-20T16:23:25.0000000,29292.75,2026-08-20T16:24:26.0000000,29299.75,29299.75,29300.25,20260924,347
Playback101,Playback,NQ SEP26,0.25,2026-08-20T16:25:15.8920000,2026-08-20T16:25:15.8920000,29297.25,29297.75,2,3,-0.2000,-1,A,30,0,2026-08-20T16:25:16.0000000,29297.25,2026-08-20T16:26:17.0000000,29299.25,29299,29299.5,20260924,348
Playback101,Playback,NQ SEP26,0.25,2026-08-20T16:26:59.0280000,2026-08-20T16:26:59.0280000,29302.75,29303.25,2,3,-0.2000,-1,P,30,0,2026-08-20T16:27:02.0000000,29303.25,2026-08-20T16:28:03.0000000,29300.5,29301.5,29302.25,20260924,349
Playback101,Playback,NQ SEP26,0.25,2026-08-20T16:28:35.0280000,2026-08-20T16:28:35.0280000,29301,29301.75,1,5,-0.6667,1,A,30,0,2026-08-20T16:28:36.0000000,29300.75,2026-08-20T16:29:36.0000000,29303,29303.25,29303.75,20260924,350
Playback101,Playback,NQ SEP26,0.25,2026-08-20T16:30:17.0440000,2026-08-20T16:30:17.0440000,29300,29300.75,5,2,0.4286,1,A,30,0,2026-08-20T16:30:18.0000000,29300.25,2026-08-20T16:31:19.0000000,29297.75,29298.25,29299,20260924,351
Playback101,Playback,NQ SEP26,0.25,2026-08-20T16:31:55.0760000,2026-08-20T16:31:55.0760000,29298.5,29299.25,3,4,-0.1429,-1,P,30,0,2026-08-20T16:31:56.0000000,29299.25,2026-08-20T16:32:57.0000000,29306.5,29305.25,29306,20260924,352
Playback101,Playback,NQ SEP26,0.25,2026-08-20T16:33:55.1000000,2026-08-20T16:33:55.1000000,29299.75,29300.25,3,1,0.5000,-1,A,30,0,2026-08-20T16:33:56.0000000,29300.5,2026-08-20T16:34:56.0000000,29302.25,29301.75,29302.5,20260924,353
Playback101,Playback,NQ SEP26,0.25,2026-08-20T16:35:46.1720000,2026-08-20T16:35:46.1720000,29304.75,29305.25,4,1,0.6000,1,A,30,0,2026-08-20T16:35:47.0000000,29306.5,2026-08-20T16:36:48.0000000,29314,29313.75,29314.25,20260924,354
Playback101,Playback,NQ SEP26,0.25,2026-08-20T16:37:36.2240000,2026-08-20T16:37:36.2240000,29318.5,29319,2,3,-0.2000,1,A,30,0,2026-08-20T16:37:37.0000000,29319,2026-08-20T16:38:38.0000000,29318.5,29318.75,29319.25,20260924,355
Playback101,Playback,NQ SEP26,0.25,2026-08-20T16:39:21.2240000,2026-08-20T16:39:21.2240000,29335,29335.5,3,12,-0.6000,-1,A,30,0,2026-08-20T16:39:22.0000000,29333.75,2026-08-20T16:40:23.0000000,29330.5,29331,29331.5,20260924,356
Playback101,Playback,NQ SEP26,0.25,2026-08-20T16:41:07.2520000,2026-08-20T16:41:07.2520000,29323.75,29324.25,1,1,0.0000,1,A,30,0,2026-08-20T16:41:08.0000000,29324,2026-08-20T16:42:09.0000000,29323,29323,29323.5,20260924,357
Playback101,Playback,NQ SEP26,0.25,2026-08-20T16:42:37.3160000,2026-08-20T16:42:37.3160000,29315,29315.25,1,2,-0.3333,-1,A,30,0,2026-08-20T16:42:38.0000000,29315,2026-08-20T16:43:39.0000000,29315.25,29315.5,29316,20260924,358
Playback101,Playback,NQ SEP26,0.25,2026-08-20T16:44:31.3400000,2026-08-20T16:44:31.3400000,29303.5,29304.25,2,4,-0.3333,1,P,30,0,2026-08-20T16:44:32.0000000,29303.5,2026-08-20T16:45:33.0000000,29300.75,29301,29301.5,20260924,359
Playback101,Playback,NQ SEP26,0.25,2026-08-20T16:46:15.3440000,2026-08-20T16:46:15.3440000,29300.5,29301,1,2,-0.3333,1,A,30,0,2026-08-20T16:46:16.0000000,29300.75,2026-08-20T16:47:17.0000000,29302,29301.75,29302.5,20260924,360
Playback101,Playback,NQ SEP26,0.25,2026-08-20T16:48:13.3880000,2026-08-20T16:48:13.3880000,29295.75,29296.25,1,1,0.0000,-1,A,30,0,2026-08-20T16:48:14.0000000,29295.75,2026-08-20T16:49:15.0000000,29306,29304.5,29305,20260924,361
Playback101,Playback,NQ SEP26,0.25,2026-08-20T16:49:49.3880000,2026-08-20T16:49:49.3880000,29315.5,29316,3,2,0.2000,1,P,30,0,2026-08-20T16:49:50.0000000,29315.5,2026-08-20T16:50:51.0000000,29319,29317.5,29318,20260924,362
Playback101,Playback,NQ SEP26,0.25,2026-08-20T16:51:24.3880000,2026-08-20T16:51:24.3880000,29321,29321.75,3,2,0.2000,-1,P,30,0,2026-08-20T16:51:25.0000000,29322.75,2026-08-20T16:52:26.0000000,29312,29311.5,29312,20260924,363
Playback101,Playback,NQ SEP26,0.25,2026-08-20T16:53:01.4120000,2026-08-20T16:53:01.4120000,29323.25,29324,2,3,-0.2000,1,P,30,0,2026-08-20T16:53:02.0000000,29323.25,2026-08-20T16:54:03.0000000,29319.25,29318.75,29319.25,20260924,364
Playback101,Playback,NQ SEP26,0.25,2026-08-20T16:55:01.4600000,2026-08-20T16:55:01.4600000,29291,29292,2,3,-0.2000,1,P,30,0,2026-08-20T16:55:02.0000000,29291,2026-08-20T16:56:02.0000000,29295,29294.75,29295.5,20260924,365
Playback101,Playback,NQ SEP26,0.25,2026-08-20T16:56:43.4840000,2026-08-20T16:56:43.4840000,29297.5,29298.25,3,1,0.5000,-1,P,30,0,2026-08-20T16:56:55.0000000,29298.25,2026-08-20T16:57:56.0000000,29293.5,29292.5,29293,20260924,366
Playback101,Playback,NQ SEP26,0.25,2026-08-20T16:58:20.5240000,2026-08-20T16:58:20.5240000,29296,29296.5,2,4,-0.3333,-1,P,30,0,2026-08-20T16:58:21.0000000,29296.5,2026-08-20T16:59:21.0000000,29310.25,29309.5,29310,20260924,367
Playback101,Playback,NQ SEP26,0.25,2026-08-20T16:59:50.5400000,2026-08-20T16:59:50.5400000,29294.5,29295,2,3,-0.2000,1,A,30,0,2026-08-20T16:59:51.0000000,29298.25,2026-08-20T17:00:52.0000000,29311.25,29311.5,29312.25,20260924,368
Playback101,Playback,NQ SEP26,0.25,2026-08-20T17:01:35.6320000,2026-08-20T17:01:35.6320000,29313,29313.5,1,2,-0.3333,1,A,30,0,2026-08-20T17:01:36.0000000,29313.5,2026-08-20T17:02:37.0000000,29315,29314.75,29315.25,20260924,369
Playback101,Playback,NQ SEP26,0.25,2026-08-20T17:03:06.6320000,2026-08-20T17:03:06.6320000,29320.5,29321,3,1,0.5000,-1,A,30,0,2026-08-20T17:03:07.0000000,29320.5,2026-08-20T17:04:08.0000000,29315.5,29315,29315.75,20260924,370
Playback101,Playback,NQ SEP26,0.25,2026-08-20T17:04:59.6560000,2026-08-20T17:04:59.6560000,29313.75,29314.25,3,1,0.5000,-1,A,30,0,2026-08-20T17:05:00.0000000,29314,2026-08-20T17:06:00.0000000,29305.25,29303.75,29304.75,20260924,371
Playback101,Playback,NQ SEP26,0.25,2026-08-20T17:06:53.8560000,2026-08-20T17:06:53.8560000,29299,29299.5,1,1,0.0000,1,P,30,0,2026-08-20T17:06:55.0000000,29299,2026-08-20T17:07:56.0000000,29295.25,29295.5,29295.75,20260924,372
Playback101,Playback,NQ SEP26,0.25,2026-08-20T17:08:52.9240000,2026-08-20T17:08:52.9240000,29281.5,29282.25,3,4,-0.1429,1,A,30,0,2026-08-20T17:08:53.0000000,29282.25,2026-08-20T17:09:54.0000000,29283.75,29284,29284.25,20260924,373
Playback101,Playback,NQ SEP26,0.25,2026-08-20T17:10:42.0480000,2026-08-20T17:10:42.0480000,29294.5,29295,3,1,0.5000,1,A,30,0,2026-08-20T17:10:43.0000000,29295.25,2026-08-20T17:11:44.0000000,29298.5,29298.25,29299,20260924,374
Playback101,Playback,NQ SEP26,0.25,2026-08-20T17:12:23.1000000,2026-08-20T17:12:23.1000000,29295.25,29295.75,3,1,0.5000,1,P,30,0,2026-08-20T17:12:24.0000000,29295.25,2026-08-20T17:13:25.0000000,29291.25,29291,29291.5,20260924,375
Playback101,Playback,NQ SEP26,0.25,2026-08-20T17:14:06.3160000,2026-08-20T17:14:06.3160000,29287.25,29287.5,2,1,0.3333,1,P,30,0,2026-08-20T17:14:07.0000000,29286.75,2026-08-20T17:15:08.0000000,29279.75,29279.75,29280.5,20260924,376
Playback101,Playback,NQ SEP26,0.25,2026-08-20T17:15:41.8440000,2026-08-20T17:15:41.8440000,29278.25,29279,1,3,-0.5000,1,A,30,0,2026-08-20T17:15:42.0000000,29279.5,2026-08-20T17:16:43.0000000,29279,29278.25,29279,20260924,377
Playback101,Playback,NQ SEP26,0.25,2026-08-20T17:17:28.9520000,2026-08-20T17:17:28.9520000,29265.25,29265.75,1,2,-0.3333,-1,P,30,0,2026-08-20T17:17:30.0000000,29265.75,2026-08-20T17:18:31.0000000,29271,29270.5,29271.25,20260924,378
Playback101,Playback,NQ SEP26,0.25,2026-08-20T17:19:10.7560000,2026-08-20T17:19:10.7560000,29271.75,29272.25,1,1,0.0000,-1,A,30,0,2026-08-20T17:19:11.0000000,29272,2026-08-20T17:20:12.0000000,29274.5,29274,29274.75,20260924,379
Playback101,Playback,NQ SEP26,0.25,2026-08-20T17:20:51.9680000,2026-08-20T17:20:51.9680000,29275,29275.5,2,2,0.0000,1,P,30,0,2026-08-20T17:21:09.0000000,29275,2026-08-20T17:22:10.0000000,29276.25,29276.25,29277,20260924,380
Playback101,Playback,NQ SEP26,0.25,2026-08-20T17:22:29.2680000,2026-08-20T17:22:29.2680000,29281.25,29282,4,1,0.6000,1,A,30,0,2026-08-20T17:22:30.0000000,29282.25,2026-08-20T17:23:32.0000000,29283.5,29283.75,29284.25,20260924,381
Playback101,Playback,NQ SEP26,0.25,2026-08-20T17:24:07.5840000,2026-08-20T17:24:07.5840000,29287.5,29288,1,2,-0.3333,1,P,30,0,2026-08-20T17:24:08.0000000,29287.5,2026-08-20T17:25:08.0000000,29290.5,29290.5,29291.25,20260924,382
Playback101,Playback,NQ SEP26,0.25,2026-08-20T17:25:58.2000000,2026-08-20T17:25:58.2000000,29292.25,29292.75,3,2,0.2000,1,P,30,0,2026-08-20T17:26:01.0000000,29292.25,2026-08-20T17:27:02.0000000,29291,29290.75,29291.25,20260924,383
Playback101,Playback,NQ SEP26,0.25,2026-08-20T17:27:44.4760000,2026-08-20T17:27:44.4760000,29286.25,29287,2,4,-0.3333,-1,P,30,0,2026-08-20T17:27:47.0000000,29287,2026-08-20T17:28:49.0000000,29288.5,29287.75,29288.5,20260924,384
Playback101,Playback,NQ SEP26,0.25,2026-08-20T17:29:16.5120000,2026-08-20T17:29:16.5120000,29289,29289.5,2,3,-0.2000,-1,A,30,0,2026-08-20T17:29:17.0000000,29290.25,2026-08-20T17:30:18.0000000,29289,29288.25,29288.75,20260924,385
Playback101,Playback,NQ SEP26,0.25,2026-08-20T17:30:58.7920000,2026-08-20T17:30:58.7920000,29289.25,29289.75,1,1,0.0000,1,A,30,0,2026-08-20T17:30:59.0000000,29289.75,2026-08-20T17:32:00.0000000,29287.75,29287.75,29288.25,20260924,386
Playback101,Playback,NQ SEP26,0.25,2026-08-20T17:32:44.6040000,2026-08-20T17:32:44.6040000,29288.75,29289.5,4,2,0.3333,-1,A,30,0,2026-08-20T17:32:45.0000000,29288.5,2026-08-20T17:33:46.0000000,29296,29295.25,29295.75,20260924,387
Playback101,Playback,NQ SEP26,0.25,2026-08-20T17:34:29.6440000,2026-08-20T17:34:29.6440000,29294.75,29295.25,1,2,-0.3333,1,A,30,0,2026-08-20T17:34:30.0000000,29295.25,2026-08-20T17:35:31.0000000,29299.5,29299.5,29300,20260924,388
Playback101,Playback,NQ SEP26,0.25,2026-08-20T17:36:19.9880000,2026-08-20T17:36:19.9880000,29301.75,29302.5,2,2,0.0000,1,P,30,0,2026-08-20T17:36:30.0000000,29301.75,2026-08-20T17:37:31.0000000,29302.75,29303,29303.5,20260924,389
Playback101,Playback,NQ SEP26,0.25,2026-08-20T17:38:10.2080000,2026-08-20T17:38:10.2080000,29309,29309.5,1,2,-0.3333,-1,P,30,1,2026-08-20T17:38:41.0000000,29306.5,2026-08-20T17:39:42.0000000,29304,29303.75,29304.5,20260924,390
Playback101,Playback,NQ SEP26,0.25,2026-08-20T17:39:57.2160000,2026-08-20T17:39:57.2160000,29302.75,29303.25,2,1,0.3333,1,A,30,0,2026-08-20T17:39:58.0000000,29303.5,2026-08-20T17:40:59.0000000,29303,29303.25,29304,20260924,391
Playback101,Playback,NQ SEP26,0.25,2026-08-20T17:41:33.5040000,2026-08-20T17:41:33.5040000,29302.75,29303.5,3,1,0.5000,1,P,30,0,2026-08-20T17:41:38.0000000,29302.75,2026-08-20T17:42:39.0000000,29299.5,29299.75,29300.5,20260924,392
Playback101,Playback,NQ SEP26,0.25,2026-08-20T17:43:14.5160000,2026-08-20T17:43:14.5160000,29301.5,29302.25,1,2,-0.3333,-1,P,30,0,2026-08-20T17:43:32.0000000,29302.25,2026-08-20T17:44:33.0000000,29304.5,29304.25,29304.75,20260924,393
Playback101,Playback,NQ SEP26,0.25,2026-08-20T17:44:51.5920000,2026-08-20T17:44:51.5920000,29303.5,29304.25,3,1,0.5000,-1,P,30,0,2026-08-20T17:44:52.0000000,29304.25,2026-08-20T17:45:53.0000000,29303.5,29303.5,29304,20260924,394
Playback101,Playback,NQ SEP26,0.25,2026-08-20T17:46:23.1120000,2026-08-20T17:46:23.1120000,29301,29301.75,2,2,0.0000,1,P,30,0,2026-08-20T17:46:28.0000000,29301,2026-08-20T17:47:29.0000000,29302.5,29302.5,29303.25,20260924,395
Playback101,Playback,NQ SEP26,0.25,2026-08-20T17:47:58.2560000,2026-08-20T17:47:58.2560000,29304.25,29305,2,2,0.0000,-1,A,30,0,2026-08-20T17:47:59.0000000,29304.25,2026-08-20T17:49:00.0000000,29303.5,29303.25,29304,20260924,396
Playback101,Playback,NQ SEP26,0.25,2026-08-20T17:49:55.0440000,2026-08-20T17:49:55.0440000,29303,29303.75,2,2,0.0000,-1,P,30,0,2026-08-20T17:49:56.0000000,29303.75,2026-08-20T17:50:57.0000000,29303.5,29302.5,29303.5,20260924,397
Playback101,Playback,NQ SEP26,0.25,2026-08-20T19:11:18.5800000,2026-08-20T19:11:18.5800000,29288,29289.5,1,1,0.0000,-1,A,30,0,2026-08-20T19:11:19.0000000,29287.75,2026-08-20T19:12:20.0000000,29283.25,29281.25,29283,20260924,398
Playback101,Playback,NQ SEP26,0.25,2026-08-20T19:13:05.9440000,2026-08-20T19:13:05.9440000,29281,29282.5,3,1,0.5000,1,A,30,0,2026-08-20T19:13:06.0000000,29283.75,2026-08-20T19:14:07.0000000,29277.25,29277.25,29278.5,20260924,399
Playback101,Playback,NQ SEP26,0.25,2026-08-20T19:14:44.2200000,2026-08-20T19:14:44.2200000,29277.75,29279.25,1,1,0.0000,1,A,30,0,2026-08-20T19:14:45.0000000,29278.75,2026-08-20T19:15:46.0000000,29285,29283,29284.75,20260924,400
Playback101,Playback,NQ SEP26,0.25,2026-08-20T19:16:20.7200000,2026-08-20T19:16:20.7200000,29282.75,29284,1,1,0.0000,-1,P,30,0,2026-08-20T19:16:22.0000000,29284,2026-08-20T19:17:23.0000000,29286.5,29285.25,29286.75,20260924,401
Playback101,Playback,NQ SEP26,0.25,2026-08-20T19:18:13.6120000,2026-08-20T19:18:13.6120000,29290,29290.75,3,1,0.5000,-1,A,30,0,2026-08-20T19:18:14.0000000,29289,2026-08-20T19:19:16.0000000,29288.25,29286.75,29288.25,20260924,402
Playback101,Playback,NQ SEP26,0.25,2026-08-20T19:19:57.6280000,2026-08-20T19:19:57.6280000,29286,29286.75,1,2,-0.3333,1,A,30,0,2026-08-20T19:19:58.0000000,29286.5,2026-08-20T19:20:59.0000000,29284,29283.5,29284.75,20260924,403
Playback101,Playback,NQ SEP26,0.25,2026-08-20T19:21:48.6520000,2026-08-20T19:21:48.6520000,29285,29286.5,2,2,0.0000,-1,P,30,0,2026-08-20T19:21:53.0000000,29286.5,2026-08-20T19:22:54.0000000,29285.25,29283.75,29284.75,20260924,404
Playback101,Playback,NQ SEP26,0.25,2026-08-20T19:23:38.0160000,2026-08-20T19:23:38.0160000,29284.25,29285.5,2,2,0.0000,-1,P,30,0,2026-08-20T19:23:45.0000000,29285.5,2026-08-20T19:24:46.0000000,29284,29282.75,29284,20260924,405
Playback101,Playback,NQ SEP26,0.25,2026-08-20T19:25:22.1920000,2026-08-20T19:25:22.1920000,29278.75,29280.25,2,3,-0.2000,1,A,30,0,2026-08-20T19:25:23.0000000,29280.25,2026-08-20T19:26:24.0000000,29280,29280.75,29282.25,20260924,406
Playback101,Playback,NQ SEP26,0.25,2026-08-20T19:27:17.4480000,2026-08-20T19:27:17.4480000,29280.75,29282,1,1,0.0000,1,A,30,0,2026-08-20T19:27:18.0000000,29283,2026-08-20T19:28:19.0000000,29283.75,29283.25,29284.5,20260924,407
Playback101,Playback,NQ SEP26,0.25,2026-08-20T19:29:10.5000000,2026-08-20T19:29:10.5000000,29285.25,29286.25,1,2,-0.3333,1,A,30,0,2026-08-20T19:29:11.0000000,29286.5,2026-08-20T19:30:12.0000000,29285.25,29285.25,29286.5,20260924,408
Playback101,Playback,NQ SEP26,0.25,2026-08-20T19:30:59.6160000,2026-08-20T19:30:59.6160000,29285.75,29287,2,2,0.0000,-1,P,30,1,2026-08-20T19:31:32.0000000,29282.5,2026-08-20T19:32:33.0000000,29288.5,29287,29288.25,20260924,409
Playback101,Playback,NQ SEP26,0.25,2026-08-20T19:33:00.1880000,2026-08-20T19:33:00.1880000,29291.25,29292.25,1,1,0.0000,1,P,30,0,2026-08-20T19:33:01.0000000,29291.25,2026-08-20T19:34:02.0000000,29298.25,29298,29299,20260924,410
Playback101,Playback,NQ SEP26,0.25,2026-08-20T19:34:49.6000000,2026-08-20T19:34:49.6000000,29303.25,29304.75,1,1,0.0000,1,A,30,0,2026-08-20T19:34:50.0000000,29303.25,2026-08-20T19:35:51.0000000,29304.75,29304.5,29305.5,20260924,411
Playback101,Playback,NQ SEP26,0.25,2026-08-20T19:36:28.0120000,2026-08-20T19:36:28.0120000,29307,29308,1,1,0.0000,-1,A,30,0,2026-08-20T19:36:29.0000000,29307,2026-08-20T19:37:30.0000000,29306.75,29305.75,29306.75,20260924,412
Playback101,Playback,NQ SEP26,0.25,2026-08-20T19:38:01.1520000,2026-08-20T19:38:01.1520000,29303.25,29304.5,3,1,0.5000,1,A,30,0,2026-08-20T19:38:02.0000000,29304.25,2026-08-20T19:39:03.0000000,29305.75,29306,29307,20260924,413
Playback101,Playback,NQ SEP26,0.25,2026-08-20T19:39:37.4600000,2026-08-20T19:39:37.4600000,29304.5,29305.5,1,1,0.0000,1,P,30,0,2026-08-20T19:39:38.0000000,29304.5,2026-08-20T19:40:39.0000000,29288,29286.5,29287.75,20260924,414
Playback101,Playback,NQ SEP26,0.25,2026-08-20T19:41:30.6760000,2026-08-20T19:41:30.6760000,29294.75,29295.75,1,1,0.0000,-1,P,30,0,2026-08-20T19:41:31.0000000,29295.75,2026-08-20T19:42:33.0000000,29296.25,29294.5,29295.5,20260924,415
Playback101,Playback,NQ SEP26,0.25,2026-08-20T19:43:23.4360000,2026-08-20T19:43:23.4360000,29295.75,29297.25,2,3,-0.2000,1,A,30,0,2026-08-20T19:43:24.0000000,29297.75,2026-08-20T19:44:27.0000000,29302.25,29302,29303,20260924,416
Playback101,Playback,NQ SEP26,0.25,2026-08-20T19:45:03.2480000,2026-08-20T19:45:03.2480000,29300.75,29302,1,2,-0.3333,1,A,30,0,2026-08-20T19:45:04.0000000,29302,2026-08-20T19:46:05.0000000,29302.75,29302.75,29304,20260924,417
Playback101,Playback,NQ SEP26,0.25,2026-08-20T19:46:57.1680000,2026-08-20T19:46:57.1680000,29302.75,29304,1,5,-0.6667,1,A,30,0,2026-08-20T19:46:58.0000000,29303.25,2026-08-20T19:47:59.0000000,29305.75,29305.25,29306.25,20260924,418
Playback101,Playback,NQ SEP26,0.25,2026-08-20T19:48:37.4080000,2026-08-20T19:48:37.4080000,29306,29307,1,2,-0.3333,1,A,30,0,2026-08-20T19:48:38.0000000,29306.75,2026-08-20T19:49:39.0000000,29309.25,29309.25,29310,20260924,419
Playback101,Playback,NQ SEP26,0.25,2026-08-20T19:50:12.6640000,2026-08-20T19:50:12.6640000,29309.5,29310.25,1,1,0.0000,1,P,30,0,2026-08-20T19:50:13.0000000,29309.5,2026-08-20T19:51:14.0000000,29314.75,29314.25,29315.25,20260924,420
Playback101,Playback,NQ SEP26,0.25,2026-08-20T19:51:55.0280000,2026-08-20T19:51:55.0280000,29322,29322.75,1,1,0.0000,1,P,30,0,2026-08-20T19:51:56.0000000,29322,2026-08-20T19:52:57.0000000,29322.5,29322.25,29323.5,20260924,421
Playback101,Playback,NQ SEP26,0.25,2026-08-20T19:53:37.3120000,2026-08-20T19:53:37.3120000,29323.75,29324.5,1,1,0.0000,1,P,30,0,2026-08-20T19:53:38.0000000,29323.75,2026-08-20T19:54:39.0000000,29320.25,29320.5,29321.25,20260924,422
Playback101,Playback,NQ SEP26,0.25,2026-08-20T19:55:27.0160000,2026-08-20T19:55:27.0160000,29321.75,29322.75,1,1,0.0000,1,A,30,0,2026-08-20T19:55:28.0000000,29322.25,2026-08-20T19:56:30.0000000,29321,29320.75,29321.75,20260924,423
Playback101,Playback,NQ SEP26,0.25,2026-08-20T19:57:07.0000000,2026-08-20T19:57:07.0000000,29321,29321.75,2,1,0.3333,-1,P,30,0,2026-08-20T19:57:07.0000000,29321.75,2026-08-20T19:58:10.0000000,29322,29321,29322,20260924,424
Playback101,Playback,NQ SEP26,0.25,2026-08-20T19:58:51.9880000,2026-08-20T19:58:51.9880000,29322.25,29323.25,2,2,0.0000,-1,P,30,0,2026-08-20T19:58:55.0000000,29323.25,2026-08-20T19:59:56.0000000,29323.25,29321.75,29323,20260924,425
Playback101,Playback,NQ SEP26,0.25,2026-08-20T20:00:23.4480000,2026-08-20T20:00:23.4480000,29321.5,29322.5,1,1,0.0000,-1,P,30,1,2026-08-20T20:00:54.0000000,29320.5,2026-08-20T20:01:56.0000000,29321.5,29320.25,29321.5,20260924,426
Playback101,Playback,NQ SEP26,0.25,2026-08-20T20:02:06.6560000,2026-08-20T20:02:06.6560000,29319.5,29320.5,1,1,0.0000,-1,P,30,1,2026-08-20T20:02:38.0000000,29320.25,2026-08-20T20:03:40.0000000,29319.75,29318.5,29319.5,20260924,427
Playback101,Playback,NQ SEP26,0.25,2026-08-20T20:04:01.6840000,2026-08-20T20:04:01.6840000,29318,29318.75,1,1,0.0000,-1,P,30,0,2026-08-20T20:04:11.0000000,29318.75,2026-08-20T20:05:12.0000000,29319.25,29317.75,29319,20260924,428
Playback101,Playback,NQ SEP26,0.25,2026-08-20T20:05:54.9760000,2026-08-20T20:05:54.9760000,29319,29319.75,2,1,0.3333,1,P,30,0,2026-08-20T20:05:55.0000000,29319,2026-08-20T20:06:56.0000000,29320.75,29320.75,29322,20260924,429
Playback101,Playback,NQ SEP26,0.25,2026-08-20T20:07:32.2480000,2026-08-20T20:07:32.2480000,29320.75,29321.5,1,1,0.0000,-1,A,30,0,2026-08-20T20:07:33.0000000,29320.75,2026-08-20T20:08:35.0000000,29319.25,29318,29319,20260924,430
Playback101,Playback,NQ SEP26,0.25,2026-08-20T20:09:14.1480000,2026-08-20T20:09:14.1480000,29316.75,29318,3,1,0.5000,-1,P,30,0,2026-08-20T20:09:18.0000000,29318,2026-08-20T20:10:19.0000000,29318.75,29317.75,29318.75,20260924,431
Playback101,Playback,NQ SEP26,0.25,2026-08-20T20:11:08.9400000,2026-08-20T20:11:08.9400000,29317.5,29318.5,2,2,0.0000,1,A,30,0,2026-08-20T20:11:09.0000000,29319,2026-08-20T20:12:10.0000000,29316.75,29317.25,29318.25,20260924,432
Playback101,Playback,NQ SEP26,0.25,2026-08-20T20:12:43.8280000,2026-08-20T20:12:43.8280000,29316.5,29317.25,1,1,0.0000,1,A,30,0,2026-08-20T20:12:44.0000000,29318.25,2026-08-20T20:13:45.0000000,29314.25,29314.5,29315.5,20260924,433
Playback101,Playback,NQ SEP26,0.25,2026-08-20T20:14:19.8640000,2026-08-20T20:14:19.8640000,29315,29316,1,2,-0.3333,1,P,30,1,2026-08-20T20:14:51.0000000,29317,2026-08-20T20:15:53.0000000,29314.75,29314.25,29315.25,20260924,434
Playback101,Playback,NQ SEP26,0.25,2026-08-20T20:16:15.0000000,2026-08-20T20:16:15.0000000,29319.5,29320.5,2,1,0.3333,1,P,30,0,2026-08-20T20:16:15.0000000,29319.5,2026-08-20T20:17:16.0000000,29322.25,29322.5,29324,20260924,435
Playback101,Playback,NQ SEP26,0.25,2026-08-20T20:18:14.4840000,2026-08-20T20:18:14.4840000,29321.5,29322.5,1,2,-0.3333,1,P,30,0,2026-08-20T20:18:15.0000000,29321.25,2026-08-20T20:19:16.0000000,29321.75,29321.75,29322.75,20260924,436
Playback101,Playback,NQ SEP26,0.25,2026-08-20T20:19:59.7240000,2026-08-20T20:19:59.7240000,29320.75,29322,2,2,0.0000,-1,A,30,0,2026-08-20T20:20:00.0000000,29320.75,2026-08-20T20:21:01.0000000,29320.25,29319.5,29320.5,20260924,437
Playback101,Playback,NQ SEP26,0.25,2026-08-20T20:21:36.8840000,2026-08-20T20:21:36.8840000,29319.75,29320.75,2,1,0.3333,-1,P,30,0,2026-08-20T20:21:38.0000000,29320.75,2026-08-20T20:22:39.0000000,29322.75,29321.5,29322.5,20260924,438
Playback101,Playback,NQ SEP26,0.25,2026-08-20T20:23:28.0160000,2026-08-20T20:23:28.0160000,29319.5,29320.75,3,1,0.5000,-1,A,30,0,2026-08-20T20:23:29.0000000,29319.5,2026-08-20T20:24:30.0000000,29320.75,29319.5,29320.5,20260924,439
Playback101,Playback,NQ SEP26,0.25,2026-08-20T20:25:11.5680000,2026-08-20T20:25:11.5680000,29317.25,29318.5,4,2,0.3333,1,A,30,0,2026-08-20T20:25:12.0000000,29318,2026-08-20T20:26:13.0000000,29321,29319.5,29320.75,20260924,440
Playback101,Playback,NQ SEP26,0.25,2026-08-20T20:27:03.7200000,2026-08-20T20:27:03.7200000,29314.5,29315.5,2,1,0.3333,-1,A,30,0,2026-08-20T20:27:04.0000000,29314,2026-08-20T20:28:05.0000000,29314.5,29314,29315.25,20260924,441
Playback101,Playback,NQ SEP26,0.25,2026-08-20T20:28:38.0480000,2026-08-20T20:28:38.0480000,29316,29317,1,1,0.0000,-1,P,30,0,2026-08-20T20:28:47.0000000,29317,2026-08-20T20:29:48.0000000,29315.75,29315,29315.75,20260924,442
Playback101,Playback,NQ SEP26,0.25,2026-08-20T20:30:28.6840000,2026-08-20T20:30:28.6840000,29315,29316.25,2,2,0.0000,-1,P,30,0,2026-08-20T20:30:30.0000000,29316.25,2026-08-20T20:31:32.0000000,29315.5,29314.5,29315.5,20260924,443
Playback101,Playback,NQ SEP26,0.25,2026-08-20T20:32:00.0560000,2026-08-20T20:32:00.0560000,29315.25,29316,1,1,0.0000,1,P,30,1,2026-08-20T20:32:31.0000000,29316.5,2026-08-20T20:33:33.0000000,29316.75,29318,29319.25,20260924,444
Playback101,Playback,NQ SEP26,0.25,2026-08-20T20:33:53.6200000,2026-08-20T20:33:53.6200000,29317.75,29318.5,1,1,0.0000,-1,P,30,1,2026-08-20T20:34:24.0000000,29315.75,2026-08-20T20:35:25.0000000,29311.5,29310.75,29311.5,20260924,445
Playback101,Playback,NQ SEP26,0.25,2026-08-20T20:35:35.3720000,2026-08-20T20:35:35.3720000,29306.75,29307.5,1,1,0.0000,-1,P,30,1,2026-08-20T20:36:07.0000000,29298,2026-08-20T20:37:08.0000000,29299.5,29298.5,29300,20260924,446
Playback101,Playback,NQ SEP26,0.25,2026-08-20T20:37:29.6520000,2026-08-20T20:37:29.6520000,29299,29300.25,1,2,-0.3333,-1,P,30,1,2026-08-20T20:38:00.0000000,29297.25,2026-08-20T20:39:01.0000000,29299.5,29298.5,29299.5,20260924,447
Playback101,Playback,NQ SEP26,0.25,2026-08-20T20:39:00.0480000,2026-08-20T20:39:00.0480000,29298.5,29299.75,1,3,-0.5000,1,A,30,0,2026-08-20T20:39:01.0000000,29299.5,2026-08-20T20:40:02.0000000,29301.75,29301,29302.25,20260924,448
Playback101,Playback,NQ SEP26,0.25,2026-08-20T20:40:32.0760000,2026-08-20T20:40:32.0760000,29308.25,29309.25,3,1,0.5000,-1,A,30,0,2026-08-20T20:40:33.0000000,29308.25,2026-08-20T20:41:34.0000000,29321.25,29320.5,29321.75,20260924,449
Playback101,Playback,NQ SEP26,0.25,2026-08-20T20:42:08.3240000,2026-08-20T20:42:08.3240000,29318.5,29319.5,2,1,0.3333,-1,P,30,0,2026-08-20T20:42:09.0000000,29319.5,2026-08-20T20:43:09.0000000,29311.5,29311,29311.5,20260924,450
Playback101,Playback,NQ SEP26,0.25,2026-08-20T20:44:07.6440000,2026-08-20T20:44:07.6440000,29315.25,29316.25,2,1,0.3333,1,P,30,0,2026-08-20T20:44:35.0000000,29315.25,2026-08-20T20:45:36.0000000,29302.5,29302.75,29304,20260924,451
Playback101,Playback,NQ SEP26,0.25,2026-08-20T20:46:05.6720000,2026-08-20T20:46:05.6720000,29298.75,29299.75,1,1,0.0000,-1,A,30,0,2026-08-20T20:46:06.0000000,29299.25,2026-08-20T20:47:07.0000000,29300.5,29299.5,29300.75,20260924,452
Playback101,Playback,NQ SEP26,0.25,2026-08-20T20:47:36.6720000,2026-08-20T20:47:36.6720000,29299.75,29301,1,1,0.0000,1,A,30,0,2026-08-20T20:47:37.0000000,29301,2026-08-20T20:48:38.0000000,29290.25,29290.5,29291.75,20260924,453
Playback101,Playback,NQ SEP26,0.25,2026-08-20T20:49:16.8880000,2026-08-20T20:49:16.8880000,29290.5,29291.75,2,1,0.3333,1,A,30,0,2026-08-20T20:49:17.0000000,29291,2026-08-20T20:50:18.0000000,29297,29294.75,29296,20260924,454
Playback101,Playback,NQ SEP26,0.25,2026-08-20T20:50:51.1400000,2026-08-20T20:50:51.1400000,29306.5,29308,1,2,-0.3333,1,A,30,0,2026-08-20T20:50:52.0000000,29308,2026-08-20T20:51:53.0000000,29298.25,29297.25,29298.75,20260924,455
Playback101,Playback,NQ SEP26,0.25,2026-08-20T20:52:48.1840000,2026-08-20T20:52:48.1840000,29298,29299.25,1,1,0.0000,1,P,30,0,2026-08-20T20:52:49.0000000,29298,2026-08-20T20:53:50.0000000,29303,29303.75,29305,20260924,456
Playback101,Playback,NQ SEP26,0.25,2026-08-20T20:54:27.4960000,2026-08-20T20:54:27.4960000,29306,29307.25,1,1,0.0000,-1,P,30,0,2026-08-20T20:54:34.0000000,29307.25,2026-08-20T20:55:35.0000000,29300,29298.75,29300.25,20260924,457
Playback101,Playback,NQ SEP26,0.25,2026-08-20T20:56:04.5160000,2026-08-20T20:56:04.5160000,29298.25,29299.25,1,2,-0.3333,-1,P,30,0,2026-08-20T20:56:05.0000000,29299.25,2026-08-20T20:57:06.0000000,29298,29296.75,29297.75,20260924,458
Playback101,Playback,NQ SEP26,0.25,2026-08-20T20:57:53.5960000,2026-08-20T20:57:53.5960000,29295,29296.25,1,3,-0.5000,1,P,30,0,2026-08-20T20:57:55.0000000,29295,2026-08-20T20:58:56.0000000,29296.25,29296.5,29297.5,20260924,459
Playback101,Playback,NQ SEP26,0.25,2026-08-20T20:59:37.7840000,2026-08-20T20:59:37.7840000,29295.5,29296.5,1,1,0.0000,1,P,30,0,2026-08-20T20:59:38.0000000,29295.5,2026-08-20T21:00:39.0000000,29314.75,29315.5,29316.5,20260924,460
Playback101,Playback,NQ SEP26,0.25,2026-08-20T21:01:14.8400000,2026-08-20T21:01:14.8400000,29309.5,29310.75,2,1,0.3333,1,A,30,0,2026-08-20T21:01:15.0000000,29310.75,2026-08-20T21:02:16.0000000,29325.25,29325.25,29326,20260924,461
Playback101,Playback,NQ SEP26,0.25,2026-08-20T21:03:00.8400000,2026-08-20T21:03:00.8400000,29326.5,29328,1,2,-0.3333,-1,P,30,1,2026-08-20T21:03:31.0000000,29317.75,2026-08-20T21:04:32.0000000,29324.75,29323,29324.25,20260924,462
Playback101,Playback,NQ SEP26,0.25,2026-08-20T21:04:59.8520000,2026-08-20T21:04:59.8520000,29314.5,29315.75,1,1,0.0000,1,A,30,0,2026-08-20T21:05:00.0000000,29316.75,2026-08-20T21:06:01.0000000,29333.75,29333.25,29334.25,20260924,463
Playback101,Playback,NQ SEP26,0.25,2026-08-20T21:06:33.9200000,2026-08-20T21:06:33.9200000,29330.25,29332,2,2,0.0000,1,P,30,0,2026-08-20T21:06:38.0000000,29330.25,2026-08-20T21:07:39.0000000,29327,29334,29335.25,20260924,464
Playback101,Playback,NQ SEP26,0.25,2026-08-20T21:08:16.9880000,2026-08-20T21:08:16.9880000,29332.25,29333.25,1,1,0.0000,-1,A,30,0,2026-08-20T21:08:17.0000000,29332.5,2026-08-20T21:09:18.0000000,29325.75,29325,29326,20260924,465
Playback101,Playback,NQ SEP26,0.25,2026-08-20T21:09:50.0040000,2026-08-20T21:09:50.0040000,29328.5,29329.5,1,1,0.0000,1,P,30,0,2026-08-20T21:09:54.0000000,29328.5,2026-08-20T21:10:54.0000000,29332,29331,29332.5,20260924,466
Playback101,Playback,NQ SEP26,0.25,2026-08-20T21:11:36.0400000,2026-08-20T21:11:36.0400000,29336.5,29337.75,1,2,-0.3333,-1,P,30,0,2026-08-20T21:11:37.0000000,29337.75,2026-08-20T21:12:38.0000000,29346.5,29345.75,29346.75,20260924,467
Playback101,Playback,NQ SEP26,0.25,2026-08-20T21:13:27.0640000,2026-08-20T21:13:27.0640000,29353.25,29354.75,1,2,-0.3333,-1,A,30,0,2026-08-20T21:13:28.0000000,29354.25,2026-08-20T21:14:29.0000000,29357.25,29356,29357.5,20260924,468
Playback101,Playback,NQ SEP26,0.25,2026-08-20T21:15:17.0920000,2026-08-20T21:15:17.0920000,29356,29357,1,1,0.0000,1,P,30,0,2026-08-20T21:15:18.0000000,29355.75,2026-08-20T21:16:19.0000000,29349,29348.25,29349.25,20260924,469
Playback101,Playback,NQ SEP26,0.25,2026-08-20T21:17:13.0920000,2026-08-20T21:17:13.0920000,29328,29329,1,3,-0.5000,-1,P,30,0,2026-08-20T21:17:21.0000000,29329,2026-08-20T21:18:21.0000000,29330.25,29330.25,29331.5,20260924,470
Playback101,Playback,NQ SEP26,0.25,2026-08-20T21:18:46.1320000,2026-08-20T21:18:46.1320000,29333.5,29335,1,1,0.0000,1,P,30,0,2026-08-20T21:18:50.0000000,29333.5,2026-08-20T21:19:50.0000000,29328.5,29326.75,29328.25,20260924,471
Playback101,Playback,NQ SEP26,0.25,2026-08-20T21:20:30.1320000,2026-08-20T21:20:30.1320000,29333.25,29334.75,1,2,-0.3333,-1,A,30,0,2026-08-20T21:20:31.0000000,29333.5,2026-08-20T21:21:32.0000000,29335,29333,29334.25,20260924,472
Playback101,Playback,NQ SEP26,0.25,2026-08-20T21:22:18.2040000,2026-08-20T21:22:18.2040000,29332.5,29333.75,1,2,-0.3333,-1,P,30,0,2026-08-20T21:22:19.0000000,29333.75,2026-08-20T21:23:20.0000000,29341.25,29340.5,29341.75,20260924,473
Playback101,Playback,NQ SEP26,0.25,2026-08-20T21:23:51.2400000,2026-08-20T21:23:51.2400000,29342,29343.5,1,1,0.0000,1,A,30,0,2026-08-20T21:23:52.0000000,29343.25,2026-08-20T21:24:53.0000000,29323.75,29323.75,29325,20260924,474
Playback101,Playback,NQ SEP26,0.25,2026-08-20T21:25:43.3440000,2026-08-20T21:25:43.3440000,29330.25,29331,2,1,0.3333,-1,A,30,0,2026-08-20T21:25:44.0000000,29330.5,2026-08-20T21:26:45.0000000,29330,29327.75,29328.75,20260924,475
Playback101,Playback,NQ SEP26,0.25,2026-08-20T21:27:20.5200000,2026-08-20T21:27:20.5200000,29323.25,29324.5,1,2,-0.3333,-1,P,30,0,2026-08-20T21:27:23.0000000,29324.5,2026-08-20T21:28:24.0000000,29319.5,29319,29320,20260924,476
Playback101,Playback,NQ SEP26,0.25,2026-08-20T21:28:59.9680000,2026-08-20T21:28:59.9680000,29321.5,29322.25,8,2,0.6000,-1,P,30,0,2026-08-20T21:29:00.0000000,29322.25,2026-08-20T21:30:01.0000000,29326.75,29325.5,29326.75,20260924,477
Playback101,Playback,NQ SEP26,0.25,2026-08-20T21:30:39.0080000,2026-08-20T21:30:39.0080000,29322,29323,1,1,0.0000,-1,P,30,0,2026-08-20T21:30:40.0000000,29323,2026-08-20T21:31:41.0000000,29323,29320.75,29321.75,20260924,478
Playback101,Playback,NQ SEP26,0.25,2026-08-20T21:32:39.0080000,2026-08-20T21:32:39.0080000,29332,29333.25,1,3,-0.5000,-1,A,30,0,2026-08-20T21:32:40.0000000,29331,2026-08-20T21:33:41.0000000,29331.25,29333.25,29334.25,20260924,479
Playback101,Playback,NQ SEP26,0.25,2026-08-20T21:34:15.0160000,2026-08-20T21:34:15.0160000,29332.75,29334.25,1,1,0.0000,1,P,30,0,2026-08-20T21:34:17.0000000,29332.75,2026-08-20T21:35:18.0000000,29331.75,29331.25,29332.25,20260924,480
Playback101,Playback,NQ SEP26,0.25,2026-08-20T21:35:48.0560000,2026-08-20T21:35:48.0560000,29337.75,29339,2,1,0.3333,1,P,30,0,2026-08-20T21:35:50.0000000,29337.75,2026-08-20T21:36:51.0000000,29325.5,29331,29331.75,20260924,481
Playback101,Playback,NQ SEP26,0.25,2026-08-20T21:37:48.0960000,2026-08-20T21:37:48.0960000,29329.25,29330.75,2,2,0.0000,-1,A,30,0,2026-08-20T21:37:49.0000000,29329.25,2026-08-20T21:38:50.0000000,29348.25,29348,29349,20260924,482
Playback101,Playback,NQ SEP26,0.25,2026-08-20T21:39:40.1760000,2026-08-20T21:39:40.1760000,29347.25,29348.25,1,1,0.0000,-1,A,30,0,2026-08-20T21:39:41.0000000,29347.25,2026-08-20T21:40:42.0000000,29348.5,29347,29348.25,20260924,483
Playback101,Playback,NQ SEP26,0.25,2026-08-20T21:41:32.2320000,2026-08-20T21:41:32.2320000,29338,29338.5,2,1,0.3333,1,A,30,0,2026-08-20T21:41:33.0000000,29338,2026-08-20T21:42:34.0000000,29332.75,29332.75,29333.75,20260924,484
Playback101,Playback,NQ SEP26,0.25,2026-08-20T21:43:30.3240000,2026-08-20T21:43:30.3240000,29334,29335,1,1,0.0000,-1,P,30,0,2026-08-20T21:43:52.0000000,29335,2026-08-20T21:44:53.0000000,29356,29352,29353.25,20260924,485
Playback101,Playback,NQ SEP26,0.25,2026-08-20T21:45:03.3520000,2026-08-20T21:45:03.3520000,29351.25,29352.5,2,1,0.3333,1,P,30,0,2026-08-20T21:45:04.0000000,29351.25,2026-08-20T21:46:05.0000000,29355,29356,29356.5,20260924,486
Playback101,Playback,NQ SEP26,0.25,2026-08-20T21:46:52.4480000,2026-08-20T21:46:52.4480000,29349,29349.75,1,1,0.0000,-1,P,30,0,2026-08-20T21:46:53.0000000,29349.75,2026-08-20T21:47:54.0000000,29355,29355,29355.75,20260924,487
Playback101,Playback,NQ SEP26,0.25,2026-08-20T21:48:49.4640000,2026-08-20T21:48:49.4640000,29356,29357,2,2,0.0000,-1,P,30,0,2026-08-20T21:48:50.0000000,29357,2026-08-20T21:49:51.0000000,29361,29360,29361,20260924,488
Playback101,Playback,NQ SEP26,0.25,2026-08-20T21:50:49.5240000,2026-08-20T21:50:49.5240000,29355.25,29356.25,1,1,0.0000,-1,P,30,1,2026-08-20T21:51:20.0000000,29352,2026-08-20T21:52:21.0000000,29354.5,29353.75,29355,20260924,489
Playback101,Playback,NQ SEP26,0.25,2026-08-20T21:52:42.5920000,2026-08-20T21:52:42.5920000,29347.75,29348.75,1,1,0.0000,1,P,30,0,2026-08-20T21:52:43.0000000,29347.75,2026-08-20T21:53:44.0000000,29333.75,29333.25,29334,20260924,490
Playback101,Playback,NQ SEP26,0.25,2026-08-20T21:54:20.6080000,2026-08-20T21:54:20.6080000,29330.5,29332,3,2,0.2000,-1,P,30,0,2026-08-20T21:54:21.0000000,29332,2026-08-20T21:55:22.0000000,29326,29324.75,29326,20260924,491
Playback101,Playback,NQ SEP26,0.25,2026-08-20T21:55:50.6080000,2026-08-20T21:55:50.6080000,29330.75,29332,1,2,-0.3333,-1,A,30,0,2026-08-20T21:55:51.0000000,29330.25,2026-08-20T21:56:52.0000000,29327,29325.75,29327,20260924,492
Playback101,Playback,NQ SEP26,0.25,2026-08-20T21:57:22.0920000,2026-08-20T21:57:22.0920000,29324,29325.5,2,2,0.0000,-1,P,30,0,2026-08-20T21:57:29.0000000,29325.5,2026-08-20T21:58:30.0000000,29328.5,29327.25,29328.5,20260924,493
Playback101,Playback,NQ SEP26,0.25,2026-08-20T21:59:00.1480000,2026-08-20T21:59:00.1480000,29324.25,29325.75,1,2,-0.3333,-1,A,30,0,2026-08-20T21:59:01.0000000,29325.5,2026-08-20T22:00:02.0000000,29319.5,29320,29320.75,20260924,494
Playback101,Playback,NQ SEP26,0.25,2026-08-20T22:00:55.2080000,2026-08-20T22:00:55.2080000,29324.75,29326,1,2,-0.3333,1,P,30,0,2026-08-20T22:01:12.0000000,29324.75,2026-08-20T22:02:13.0000000,29329.75,29329.25,29330.5,20260924,495
Playback101,Playback,NQ SEP26,0.25,2026-08-20T22:02:41.2800000,2026-08-20T22:02:41.2800000,29331,29332.5,1,2,-0.3333,-1,P,30,1,2026-08-20T22:03:12.0000000,29328.25,2026-08-20T22:04:13.0000000,29325.75,29324.75,29326,20260924,496
Playback101,Playback,NQ SEP26,0.25,2026-08-20T22:04:27.2880000,2026-08-20T22:04:27.2880000,29318.25,29319.5,1,1,0.0000,-1,A,30,0,2026-08-20T22:04:28.0000000,29318.25,2026-08-20T22:05:29.0000000,29317.75,29316.25,29317.75,20260924,497
Playback101,Playback,NQ SEP26,0.25,2026-08-20T22:06:22.3000000,2026-08-20T22:06:22.3000000,29308.5,29310,2,3,-0.2000,1,P,30,0,2026-08-20T22:06:24.0000000,29308.5,2026-08-20T22:07:25.0000000,29308.5,29308.25,29309.75,20260924,498
Playback101,Playback,NQ SEP26,0.25,2026-08-20T22:08:05.3840000,2026-08-20T22:08:05.3840000,29301.25,29302.25,1,2,-0.3333,1,A,30,0,2026-08-20T22:08:06.0000000,29301.25,2026-08-20T22:09:07.0000000,29299.5,29299.5,29300.5,20260924,499
Playback101,Playback,NQ SEP26,0.25,2026-08-20T22:09:59.4560000,2026-08-20T22:09:59.4560000,29305.5,29306.5,2,1,0.3333,-1,A,30,0,2026-08-20T22:10:00.0000000,29305.75,2026-08-20T22:11:01.0000000,29311.5,29311,29312,20260924,500
Playback101,Playback,NQ SEP26,0.25,2026-08-20T22:11:32.4920000,2026-08-20T22:11:32.4920000,29303.25,29304.5,1,1,0.0000,1,A,30,0,2026-08-20T22:11:33.0000000,29304,2026-08-20T22:12:34.0000000,29326.5,29326.75,29327.75,20260924,501
Playback101,Playback,NQ SEP26,0.25,2026-08-20T22:13:26.5840000,2026-08-20T22:13:26.5840000,29326,29327,1,1,0.0000,-1,A,30,0,2026-08-20T22:13:27.0000000,29327,2026-08-20T22:14:28.0000000,29324.25,29323,29324.5,20260924,502
Playback101,Playback,NQ SEP26,0.25,2026-08-20T22:15:12.6680000,2026-08-20T22:15:12.6680000,29317.75,29318.75,2,1,0.3333,1,A,30,0,2026-08-20T22:15:13.0000000,29319,2026-08-20T22:16:14.0000000,29336.75,29337.75,29339,20260924,503
Playback101,Playback,NQ SEP26,0.25,2026-08-20T22:16:57.7200000,2026-08-20T22:16:57.7200000,29350.5,29351.5,2,1,0.3333,1,P,30,0,2026-08-20T22:16:58.0000000,29350.5,2026-08-20T22:17:59.0000000,29350,29349.5,29351,20260924,504
Playback101,Playback,NQ SEP26,0.25,2026-08-20T22:18:46.7760000,2026-08-20T22:18:46.7760000,29346,29347.25,1,2,-0.3333,1,P,30,1,2026-08-20T22:19:17.0000000,29353.75,2026-08-20T22:20:18.0000000,29350,29350,29351.25,20260924,505
Playback101,Playback,NQ SEP26,0.25,2026-08-20T22:20:18.8240000,2026-08-20T22:20:18.8240000,29349.5,29350.5,1,2,-0.3333,1,A,30,0,2026-08-20T22:20:19.0000000,29350,2026-08-20T22:21:20.0000000,29343.5,29343.75,29345,20260924,506
Playback101,Playback,NQ SEP26,0.25,2026-08-20T22:22:11.8680000,2026-08-20T22:22:11.8680000,29343,29344.5,2,1,0.3333,1,P,30,0,2026-08-20T22:22:12.0000000,29343,2026-08-20T22:23:13.0000000,29319.5,29319.5,29320.25,20260924,507
Playback101,Playback,NQ SEP26,0.25,2026-08-20T22:23:44.0680000,2026-08-20T22:23:44.0680000,29322.5,29324,1,1,0.0000,1,P,30,0,2026-08-20T22:23:45.0000000,29322.5,2026-08-20T22:24:46.0000000,29329,29327.25,29328.25,20260924,508
Playback101,Playback,NQ SEP26,0.25,2026-08-20T22:25:14.0920000,2026-08-20T22:25:14.0920000,29333.75,29335.25,2,3,-0.2000,-1,P,30,0,2026-08-20T22:25:15.0000000,29336.25,2026-08-20T22:26:16.0000000,29339.75,29338.5,29339.75,20260924,509
Playback101,Playback,NQ SEP26,0.25,2026-08-20T22:26:51.1280000,2026-08-20T22:26:51.1280000,29342.25,29343,1,1,0.0000,1,P,30,0,2026-08-20T22:26:52.0000000,29342.25,2026-08-20T22:27:53.0000000,29346.5,29346.75,29347.75,20260924,510
Playback101,Playback,NQ SEP26,0.25,2026-08-20T22:28:28.1480000,2026-08-20T22:28:28.1480000,29350.75,29351.5,1,1,0.0000,1,P,30,1,2026-08-20T22:28:59.0000000,29353.25,2026-08-20T22:30:00.0000000,29341.5,29339.5,29341,20260924,511
Playback101,Playback,NQ SEP26,0.25,2026-08-20T22:30:24.3240000,2026-08-20T22:30:24.3240000,29340.25,29341.5,2,3,-0.2000,1,A,30,0,2026-08-20T22:30:25.0000000,29342,2026-08-20T22:31:26.0000000,29348.5,29348.5,29350,20260924,512
Playback101,Playback,NQ SEP26,0.25,2026-08-20T22:32:05.3320000,2026-08-20T22:32:05.3320000,29343,29344,1,1,0.0000,1,P,30,0,2026-08-20T22:32:07.0000000,29343,2026-08-20T22:33:08.0000000,29338,29338.75,29339.75,20260924,513
Playback101,Playback,NQ SEP26,0.25,2026-08-20T22:34:02.4400000,2026-08-20T22:34:02.4400000,29334.75,29336,1,1,0.0000,1,P,30,1,2026-08-20T22:34:33.0000000,29342.5,2026-08-20T22:35:34.0000000,29334.25,29335.75,29337.25,20260924,514
Playback101,Playback,NQ SEP26,0.25,2026-08-20T22:35:36.4480000,2026-08-20T22:35:36.4480000,29334,29335.5,2,1,0.3333,1,A,30,0,2026-08-20T22:35:37.0000000,29336,2026-08-20T22:36:37.0000000,29332,29331,29332.25,20260924,515
Playback101,Playback,NQ SEP26,0.25,2026-08-20T22:37:14.6160000,2026-08-20T22:37:14.6160000,29328,29329,1,1,0.0000,1,A,30,0,2026-08-20T22:37:15.0000000,29328.75,2026-08-20T22:38:16.0000000,29320.25,29320.75,29321.75,20260924,516
Playback101,Playback,NQ SEP26,0.25,2026-08-20T22:39:03.6240000,2026-08-20T22:39:03.6240000,29328,29329.5,1,2,-0.3333,1,P,30,0,2026-08-20T22:39:04.0000000,29328,2026-08-20T22:40:05.0000000,29325.75,29325,29326,20260924,517
Playback101,Playback,NQ SEP26,0.25,2026-08-20T22:40:51.7640000,2026-08-20T22:40:51.7640000,29326.25,29327.75,1,2,-0.3333,1,P,30,0,2026-08-20T22:40:53.0000000,29326.25,2026-08-20T22:41:53.0000000,29330.75,29331.25,29332.5,20260924,518
Playback101,Playback,NQ SEP26,0.25,2026-08-20T22:42:48.8160000,2026-08-20T22:42:48.8160000,29336.5,29338,2,2,0.0000,-1,A,30,0,2026-08-20T22:42:49.0000000,29337,2026-08-20T22:43:50.0000000,29350,29347.25,29348.25,20260924,519
Playback101,Playback,NQ SEP26,0.25,2026-08-20T22:44:43.8240000,2026-08-20T22:44:43.8240000,29351.75,29352.75,2,1,0.3333,1,A,30,0,2026-08-20T22:44:44.0000000,29353,2026-08-20T22:45:44.0000000,29348,29347.5,29348.75,20260924,520
Playback101,Playback,NQ SEP26,0.25,2026-08-20T22:46:23.9240000,2026-08-20T22:46:23.9240000,29346,29347.25,2,2,0.0000,1,P,30,0,2026-08-20T22:46:25.0000000,29346,2026-08-20T22:47:26.0000000,29350.25,29350.25,29351.5,20260924,521
Playback101,Playback,NQ SEP26,0.25,2026-08-20T22:48:13.9240000,2026-08-20T22:48:13.9240000,29353,29354.25,1,1,0.0000,-1,A,30,0,2026-08-20T22:48:14.0000000,29352.75,2026-08-20T22:49:15.0000000,29362.25,29361.25,29362.25,20260924,522
Playback101,Playback,NQ SEP26,0.25,2026-08-20T22:50:00.9360000,2026-08-20T22:50:00.9360000,29367.5,29368.75,1,2,-0.3333,-1,P,30,0,2026-08-20T22:50:02.0000000,29368.75,2026-08-20T22:51:03.0000000,29363.25,29362.5,29363.5,20260924,523
Playback101,Playback,NQ SEP26,0.25,2026-08-20T22:51:39.9920000,2026-08-20T22:51:39.9920000,29355.25,29356.75,2,3,-0.2000,-1,A,30,0,2026-08-20T22:51:40.0000000,29354.75,2026-08-20T22:52:40.0000000,29351.5,29349.75,29351.25,20260924,524
Playback101,Playback,NQ SEP26,0.25,2026-08-20T22:53:35.3440000,2026-08-20T22:53:35.3440000,29346.25,29347.25,1,2,-0.3333,-1,A,30,0,2026-08-20T22:53:36.0000000,29345.75,2026-08-20T22:54:37.0000000,29349.75,29350,29351.5,20260924,525
Playback101,Playback,NQ SEP26,0.25,2026-08-20T22:55:30.4240000,2026-08-20T22:55:30.4240000,29338.75,29340,2,2,0.0000,-1,A,30,0,2026-08-20T22:55:31.0000000,29338.75,2026-08-20T22:56:32.0000000,29342,29342,29343,20260924,526
Playback101,Playback,NQ SEP26,0.25,2026-08-20T22:57:25.4280000,2026-08-20T22:57:25.4280000,29337.25,29338.5,1,2,-0.3333,-1,A,30,0,2026-08-20T22:57:26.0000000,29336.5,2026-08-20T22:58:27.0000000,29343.25,29342.25,29343.5,20260924,527
Playback101,Playback,NQ SEP26,0.25,2026-08-20T22:59:11.4360000,2026-08-20T22:59:11.4360000,29345.75,29346.75,1,2,-0.3333,-1,A,30,0,2026-08-20T22:59:12.0000000,29345.5,2026-08-20T23:00:13.0000000,29354,29353.5,29354.5,20260924,528
Playback101,Playback,NQ SEP26,0.25,2026-08-20T23:00:58.7520000,2026-08-20T23:00:58.7520000,29353.5,29354.25,1,1,0.0000,-1,A,30,0,2026-08-20T23:00:59.0000000,29354.25,2026-08-20T23:02:00.0000000,29360.25,29358.75,29360,20260924,529
Playback101,Playback,NQ SEP26,0.25,2026-08-20T23:02:31.7880000,2026-08-20T23:02:31.7880000,29354,29355,2,1,0.3333,-1,A,30,0,2026-08-20T23:02:32.0000000,29353.75,2026-08-20T23:03:33.0000000,29351.25,29351,29351.75,20260924,530
Playback101,Playback,NQ SEP26,0.25,2026-08-20T23:04:25.7960000,2026-08-20T23:04:25.7960000,29346.25,29347,1,1,0.0000,-1,P,30,0,2026-08-20T23:04:29.0000000,29347,2026-08-20T23:05:30.0000000,29347.75,29346.75,29348,20260924,531
Playback101,Playback,NQ SEP26,0.25,2026-08-20T23:05:58.9240000,2026-08-20T23:05:58.9240000,29356.5,29357.5,1,2,-0.3333,1,P,30,0,2026-08-20T23:06:00.0000000,29356.5,2026-08-20T23:07:01.0000000,29356,29356.5,29357.25,20260924,532
Playback101,Playback,NQ SEP26,0.25,2026-08-20T23:07:36.9480000,2026-08-20T23:07:36.9480000,29359.5,29360.5,1,1,0.0000,-1,A,30,0,2026-08-20T23:07:37.0000000,29359.75,2026-08-20T23:08:38.0000000,29361.75,29360.75,29361.75,20260924,533
Playback101,Playback,NQ SEP26,0.25,2026-08-20T23:09:07.0480000,2026-08-20T23:09:07.0480000,29362.75,29363,1,1,0.0000,1,P,30,0,2026-08-20T23:09:08.0000000,29362.75,2026-08-20T23:10:09.0000000,29362.75,29363.5,29364,20260924,534
Playback101,Playback,NQ SEP26,0.25,2026-08-20T23:10:37.3160000,2026-08-20T23:10:37.3160000,29363,29363.75,1,1,0.0000,-1,A,30,0,2026-08-20T23:10:38.0000000,29363,2026-08-20T23:11:39.0000000,29361,29360,29361.25,20260924,535
Playback101,Playback,NQ SEP26,0.25,2026-08-20T23:12:13.3960000,2026-08-20T23:12:13.3960000,29358.75,29360,1,2,-0.3333,1,A,30,0,2026-08-20T23:12:14.0000000,29359.25,2026-08-20T23:13:15.0000000,29360,29360.75,29361.25,20260924,536
Playback101,Playback,NQ SEP26,0.25,2026-08-20T23:13:49.4440000,2026-08-20T23:13:49.4440000,29362,29363.25,1,2,-0.3333,1,A,30,0,2026-08-20T23:13:50.0000000,29362,2026-08-20T23:14:51.0000000,29369,29368.75,29369.75,20260924,537
Playback101,Playback,NQ SEP26,0.25,2026-08-20T23:15:37.7160000,2026-08-20T23:15:37.7160000,29372,29372.75,1,1,0.0000,-1,P,30,0,2026-08-20T23:15:39.0000000,29372.75,2026-08-20T23:16:40.0000000,29374,29372.75,29373.75,20260924,538
Playback101,Playback,NQ SEP26,0.25,2026-08-20T23:17:31.0280000,2026-08-20T23:17:31.0280000,29370.25,29371.25,2,1,0.3333,1,P,30,0,2026-08-20T23:17:32.0000000,29370.25,2026-08-20T23:18:33.0000000,29367.5,29368.25,29368.75,20260924,539
Playback101,Playback,NQ SEP26,0.25,2026-08-20T23:19:01.1400000,2026-08-20T23:19:01.1400000,29367.25,29368.25,1,2,-0.3333,1,P,30,0,2026-08-20T23:19:06.0000000,29367.25,2026-08-20T23:20:07.0000000,29370,29370.25,29371.25,20260924,540
Playback101,Playback,NQ SEP26,0.25,2026-08-20T23:20:48.1640000,2026-08-20T23:20:48.1640000,29371.75,29372.5,1,1,0.0000,-1,A,30,0,2026-08-20T23:20:49.0000000,29371.25,2026-08-20T23:21:50.0000000,29376.25,29374.75,29375.5,20260924,541
Playback101,Playback,NQ SEP26,0.25,2026-08-20T23:22:21.2400000,2026-08-20T23:22:21.2400000,29381.75,29382.5,1,3,-0.5000,-1,A,30,0,2026-08-20T23:22:22.0000000,29381.75,2026-08-20T23:23:23.0000000,29392.75,29392,29392.75,20260924,542
Playback101,Playback,NQ SEP26,0.25,2026-08-20T23:24:12.3640000,2026-08-20T23:24:12.3640000,29385.25,29386.25,1,2,-0.3333,-1,A,30,0,2026-08-20T23:24:13.0000000,29384.75,2026-08-20T23:25:14.0000000,29385,29384.5,29385.25,20260924,543
Playback101,Playback,NQ SEP26,0.25,2026-08-20T23:26:02.6680000,2026-08-20T23:26:02.6680000,29382.75,29383.75,1,1,0.0000,-1,A,30,0,2026-08-20T23:26:03.0000000,29382.75,2026-08-20T23:27:04.0000000,29381,29381,29381.75,20260924,544
Playback101,Playback,NQ SEP26,0.25,2026-08-20T23:27:42.8400000,2026-08-20T23:27:42.8400000,29383.5,29384.25,1,2,-0.3333,-1,A,30,0,2026-08-20T23:27:43.0000000,29383.5,2026-08-20T23:28:44.0000000,29388.25,29386.75,29387.25,20260924,545
Playback101,Playback,NQ SEP26,0.25,2026-08-20T23:29:38.2600000,2026-08-20T23:29:38.2600000,29388,29389,2,1,0.3333,1,P,30,1,2026-08-20T23:30:09.0000000,29391.75,2026-08-20T23:31:10.0000000,29391,29391.5,29392,20260924,546
Playback101,Playback,NQ SEP26,0.25,2026-08-20T23:31:28.2720000,2026-08-20T23:31:28.2720000,29393,29393.75,1,1,0.0000,-1,P,30,0,2026-08-20T23:31:31.0000000,29393.75,2026-08-20T23:32:32.0000000,29391.25,29390.25,29391,20260924,547
Playback101,Playback,NQ SEP26,0.25,2026-08-20T23:33:00.3160000,2026-08-20T23:33:00.3160000,29391.5,29392.25,1,1,0.0000,1,P,30,0,2026-08-20T23:33:04.0000000,29391.5,2026-08-20T23:34:05.0000000,29388.25,29387.75,29389,20260924,548
Playback101,Playback,NQ SEP26,0.25,2026-08-20T23:34:30.3920000,2026-08-20T23:34:30.3920000,29392,29392.75,1,1,0.0000,1,P,30,0,2026-08-20T23:34:35.0000000,29392,2026-08-20T23:35:36.0000000,29390.5,29390.75,29391.5,20260924,549
Playback101,Playback,NQ SEP26,0.25,2026-08-20T23:36:09.4000000,2026-08-20T23:36:09.4000000,29392.5,29393.5,1,1,0.0000,1,A,30,0,2026-08-20T23:36:10.0000000,29393.5,2026-08-20T23:37:11.0000000,29393.75,29393.5,29394.25,20260924,550
Playback101,Playback,NQ SEP26,0.25,2026-08-20T23:37:41.5240000,2026-08-20T23:37:41.5240000,29394.75,29395.5,1,1,0.0000,1,A,30,0,2026-08-20T23:37:42.0000000,29395.75,2026-08-20T23:38:43.0000000,29390,29389.5,29390.25,20260924,551
Playback101,Playback,NQ SEP26,0.25,2026-08-20T23:39:18.6200000,2026-08-20T23:39:18.6200000,29383,29384,3,1,0.5000,-1,P,30,0,2026-08-20T23:39:21.0000000,29384,2026-08-20T23:40:22.0000000,29386.75,29386.5,29387.5,20260924,552
Playback101,Playback,NQ SEP26,0.25,2026-08-20T23:41:06.7600000,2026-08-20T23:41:06.7600000,29385.75,29386.25,1,1,0.0000,-1,A,30,0,2026-08-20T23:41:07.0000000,29385,2026-08-20T23:42:08.0000000,29384.75,29384.25,29385,20260924,553
Playback101,Playback,NQ SEP26,0.25,2026-08-20T23:42:50.8520000,2026-08-20T23:42:50.8520000,29382.75,29383.5,3,1,0.5000,-1,A,30,0,2026-08-20T23:42:51.0000000,29383.25,2026-08-20T23:43:52.0000000,29387.75,29386.25,29386.75,20260924,554
Playback101,Playback,NQ SEP26,0.25,2026-08-20T23:44:45.9040000,2026-08-20T23:44:45.9040000,29381.5,29382.5,1,3,-0.5000,1,A,30,0,2026-08-20T23:44:46.0000000,29381.75,2026-08-20T23:45:47.0000000,29378,29378,29378.75,20260924,555
Playback101,Playback,NQ SEP26,0.25,2026-08-20T23:46:34.9520000,2026-08-20T23:46:34.9520000,29380,29381,2,1,0.3333,-1,A,30,0,2026-08-20T23:46:35.0000000,29380.25,2026-08-20T23:47:36.0000000,29382.5,29381.25,29382.25,20260924,556
Playback101,Playback,NQ SEP26,0.25,2026-08-20T23:48:35.2240000,2026-08-20T23:48:35.2240000,29394.5,29395.5,1,1,0.0000,1,P,30,0,2026-08-20T23:48:42.0000000,29394.5,2026-08-20T23:49:43.0000000,29388.75,29388.75,29389.5,20260924,557
Playback101,Playback,NQ SEP26,0.25,2026-08-20T23:50:15.7200000,2026-08-20T23:50:15.7200000,29391,29391.75,2,2,0.0000,1,P,30,0,2026-08-20T23:50:17.0000000,29391,2026-08-20T23:51:18.0000000,29390.25,29389.75,29390.5,20260924,558
Playback101,Playback,NQ SEP26,0.25,2026-08-20T23:52:05.7960000,2026-08-20T23:52:05.7960000,29388.25,29389.25,2,3,-0.2000,1,A,30,0,2026-08-20T23:52:06.0000000,29389.5,2026-08-20T23:53:07.0000000,29396,29396.25,29397,20260924,559
Playback101,Playback,NQ SEP26,0.25,2026-08-20T23:54:03.8240000,2026-08-20T23:54:03.8240000,29388.75,29389.5,1,1,0.0000,1,A,30,0,2026-08-20T23:54:04.0000000,29389.5,2026-08-20T23:55:04.0000000,29387,29386,29387,20260924,560
Playback101,Playback,NQ SEP26,0.25,2026-08-20T23:55:51.8160000,2026-08-20T23:55:51.8160000,29389,29390.25,5,1,0.6667,-1,A,30,0,2026-08-20T23:55:52.0000000,29389.25,2026-08-20T23:56:53.0000000,29387.5,29387,29388,20260924,561
Playback101,Playback,NQ SEP26,0.25,2026-08-20T23:57:39.9720000,2026-08-20T23:57:39.9720000,29386.5,29387,1,1,0.0000,1,A,30,0,2026-08-20T23:57:40.0000000,29388.25,2026-08-20T23:58:41.0000000,29386.75,29386.25,29387,20260924,562
Playback101,Playback,NQ SEP26,0.25,2026-08-20T23:59:11.9800000,2026-08-20T23:59:11.9800000,29385.5,29386,1,1,0.0000,1,P,30,0,2026-08-20T23:59:13.0000000,29385.5,2026-08-21T00:00:14.0000000,29383.25,29383.25,29384.25,20260924,563
Playback101,Playback,NQ SEP26,0.25,2026-08-21T00:01:05.0720000,2026-08-21T00:01:05.0720000,29384,29385,1,1,0.0000,1,P,30,0,2026-08-21T00:01:21.0000000,29384,2026-08-21T00:02:22.0000000,29385,29385.5,29386.25,20260924,564
Playback101,Playback,NQ SEP26,0.25,2026-08-21T00:02:50.2120000,2026-08-21T00:02:50.2120000,29386.75,29387.5,1,2,-0.3333,1,A,30,0,2026-08-21T00:02:51.0000000,29387.25,2026-08-21T00:03:51.0000000,29386,29384.25,29385.25,20260924,565
Playback101,Playback,NQ SEP26,0.25,2026-08-21T00:04:46.5120000,2026-08-21T00:04:46.5120000,29382.5,29383.25,1,1,0.0000,1,P,30,0,2026-08-21T00:04:51.0000000,29382.5,2026-08-21T00:05:52.0000000,29373.5,29373.75,29374.5,20260924,566
Playback101,Playback,NQ SEP26,0.25,2026-08-21T00:06:28.6040000,2026-08-21T00:06:28.6040000,29368.25,29369.25,1,1,0.0000,1,A,30,0,2026-08-21T00:06:29.0000000,29369,2026-08-21T00:07:30.0000000,29368,29368.5,29369.25,20260924,567
Playback101,Playback,NQ SEP26,0.25,2026-08-21T00:08:08.6160000,2026-08-21T00:08:08.6160000,29365.5,29366.25,1,1,0.0000,-1,P,30,0,2026-08-21T00:08:10.0000000,29366.25,2026-08-21T00:09:11.0000000,29366,29364.25,29365,20260924,568
Playback101,Playback,NQ SEP26,0.25,2026-08-21T00:09:52.7120000,2026-08-21T00:09:52.7120000,29367.25,29368,1,1,0.0000,-1,P,30,0,2026-08-21T00:09:54.0000000,29368,2026-08-21T00:10:55.0000000,29364.25,29365,29365.75,20260924,569
Playback101,Playback,NQ SEP26,0.25,2026-08-21T00:11:42.0040000,2026-08-21T00:11:42.0040000,29363.75,29364.5,1,2,-0.3333,-1,P,30,0,2026-08-21T00:11:43.0000000,29364.5,2026-08-21T00:12:45.0000000,29363.75,29363.25,29364,20260924,570
Playback101,Playback,NQ SEP26,0.25,2026-08-21T00:13:33.1840000,2026-08-21T00:13:33.1840000,29361.75,29362.75,1,2,-0.3333,-1,A,30,0,2026-08-21T00:13:34.0000000,29361.75,2026-08-21T00:14:34.0000000,29360.75,29359.75,29360.5,20260924,571
Playback101,Playback,NQ SEP26,0.25,2026-08-21T00:15:18.2840000,2026-08-21T00:15:18.2840000,29356.25,29357.25,1,2,-0.3333,1,P,30,0,2026-08-21T00:15:19.0000000,29356,2026-08-21T00:16:20.0000000,29357.5,29357.75,29359,20260924,572
Playback101,Playback,NQ SEP26,0.25,2026-08-21T00:17:09.4120000,2026-08-21T00:17:09.4120000,29359.75,29360.5,1,1,0.0000,-1,A,30,0,2026-08-21T00:17:10.0000000,29360.25,2026-08-21T00:18:10.0000000,29357.75,29356.5,29357.5,20260924,573
Playback101,Playback,NQ SEP26,0.25,2026-08-21T00:18:44.4800000,2026-08-21T00:18:44.4800000,29366.25,29367,2,2,0.0000,1,P,30,0,2026-08-21T00:18:50.0000000,29366.25,2026-08-21T00:19:51.0000000,29354.75,29354.75,29355.25,20260924,574
Playback101,Playback,NQ SEP26,0.25,2026-08-21T00:20:42.6040000,2026-08-21T00:20:42.6040000,29358.5,29359.25,1,1,0.0000,-1,A,30,0,2026-08-21T00:20:43.0000000,29358,2026-08-21T00:21:44.0000000,29362.25,29361.5,29363,20260924,575
Playback101,Playback,NQ SEP26,0.25,2026-08-21T00:22:31.6080000,2026-08-21T00:22:31.6080000,29356.75,29358,1,2,-0.3333,-1,A,30,0,2026-08-21T00:22:32.0000000,29357,2026-08-21T00:23:33.0000000,29366.5,29365.5,29366.75,20260924,576
Playback101,Playback,NQ SEP26,0.25,2026-08-21T00:24:29.8120000,2026-08-21T00:24:29.8120000,29365.75,29367,1,4,-0.6000,-1,P,30,0,2026-08-21T00:24:30.0000000,29367,2026-08-21T00:25:31.0000000,29367,29365,29366.25,20260924,577
Playback101,Playback,NQ SEP26,0.25,2026-08-21T00:26:05.2200000,2026-08-21T00:26:05.2200000,29363.5,29364.25,1,1,0.0000,1,A,30,0,2026-08-21T00:26:06.0000000,29365.25,2026-08-21T00:27:07.0000000,29361.25,29361.75,29362.75,20260924,578
Playback101,Playback,NQ SEP26,0.25,2026-08-21T00:27:45.4880000,2026-08-21T00:27:45.4880000,29362.75,29363.75,1,1,0.0000,1,P,30,0,2026-08-21T00:27:50.0000000,29362.75,2026-08-21T00:28:51.0000000,29363,29363,29364,20260924,579
Playback101,Playback,NQ SEP26,0.25,2026-08-21T00:29:45.0600000,2026-08-21T00:29:45.0600000,29361.25,29362.25,1,2,-0.3333,1,P,30,1,2026-08-21T00:30:16.0000000,29363.75,2026-08-21T00:31:17.0000000,29373.75,29373.5,29374.25,20260924,580
Playback101,Playback,NQ SEP26,0.25,2026-08-21T00:31:27.1080000,2026-08-21T00:31:27.1080000,29371.25,29372.25,2,1,0.3333,1,P,30,0,2026-08-21T00:31:39.0000000,29371.25,2026-08-21T00:32:40.0000000,29374.5,29374.5,29375.25,20260924,581
Playback101,Playback,NQ SEP26,0.25,2026-08-21T00:33:06.2880000,2026-08-21T00:33:06.2880000,29373,29374,1,2,-0.3333,-1,A,30,0,2026-08-21T00:33:07.0000000,29374.5,2026-08-21T00:34:08.0000000,29372,29371,29372.25,20260924,582
Playback101,Playback,NQ SEP26,0.25,2026-08-21T00:35:02.1760000,2026-08-21T00:35:02.1760000,29374.25,29375,1,2,-0.3333,1,P,30,0,2026-08-21T00:35:04.0000000,29374.25,2026-08-21T00:36:05.0000000,29366.5,29367,29368,20260924,583
Playback101,Playback,NQ SEP26,0.25,2026-08-21T00:36:53.3400000,2026-08-21T00:36:53.3400000,29357.75,29358.75,1,1,0.0000,1,P,30,0,2026-08-21T00:36:56.0000000,29357.75,2026-08-21T00:37:57.0000000,29365.5,29365.5,29366.25,20260924,584
Playback101,Playback,NQ SEP26,0.25,2026-08-21T00:38:35.4280000,2026-08-21T00:38:35.4280000,29363.5,29364.25,1,1,0.0000,1,A,30,0,2026-08-21T00:38:36.0000000,29363,2026-08-21T00:39:37.0000000,29367.75,29367.25,29368,20260924,585
Playback101,Playback,NQ SEP26,0.25,2026-08-21T00:40:30.4440000,2026-08-21T00:40:30.4440000,29358.75,29359.5,1,1,0.0000,-1,P,30,1,2026-08-21T00:41:01.0000000,29355.25,2026-08-21T00:42:02.0000000,29357.25,29356.25,29357.25,20260924,586
Playback101,Playback,NQ SEP26,0.25,2026-08-21T00:42:21.5240000,2026-08-21T00:42:21.5240000,29360,29361,1,2,-0.3333,-1,P,30,1,2026-08-21T00:42:52.0000000,29358,2026-08-21T00:43:53.0000000,29357.5,29356.5,29357.25,20260924,587
Playback101,Playback,NQ SEP26,0.25,2026-08-21T00:44:13.7000000,2026-08-21T00:44:13.7000000,29357.75,29358.75,1,4,-0.6000,-1,A,30,0,2026-08-21T00:44:14.0000000,29357,2026-08-21T00:45:15.0000000,29355,29354.5,29355.5,20260924,588
Playback101,Playback,NQ SEP26,0.25,2026-08-21T00:46:06.7040000,2026-08-21T00:46:06.7040000,29351,29352.25,2,1,0.3333,1,P,30,0,2026-08-21T00:46:07.0000000,29351,2026-08-21T00:47:08.0000000,29355,29355.75,29356.75,20260924,589
Playback101,Playback,NQ SEP26,0.25,2026-08-21T00:47:40.9640000,2026-08-21T00:47:40.9640000,29354.5,29355.25,2,1,0.3333,-1,A,30,0,2026-08-21T00:47:41.0000000,29354.5,2026-08-21T00:48:42.0000000,29355.5,29354.75,29355.75,20260924,590
Playback101,Playback,NQ SEP26,0.25,2026-08-21T00:49:12.1720000,2026-08-21T00:49:12.1720000,29351.5,29352.5,2,2,0.0000,-1,A,30,0,2026-08-21T00:49:13.0000000,29351.25,2026-08-21T00:50:14.0000000,29357.25,29356.5,29357.5,20260924,591
Playback101,Playback,NQ SEP26,0.25,2026-08-21T00:50:46.2360000,2026-08-21T00:50:46.2360000,29350.75,29352,2,1,0.3333,-1,A,30,0,2026-08-21T00:50:47.0000000,29352,2026-08-21T00:51:47.0000000,29353.75,29352.75,29353.75,20260924,592
Playback101,Playback,NQ SEP26,0.25,2026-08-21T00:52:35.4560000,2026-08-21T00:52:35.4560000,29350.25,29351,1,1,0.0000,-1,P,30,0,2026-08-21T00:52:38.0000000,29351,2026-08-21T00:53:39.0000000,29351.25,29349.75,29350.5,20260924,593
Playback101,Playback,NQ SEP26,0.25,2026-08-21T00:54:08.4760000,2026-08-21T00:54:08.4760000,29346.75,29347.75,2,1,0.3333,1,P,30,1,2026-08-21T00:54:39.0000000,29349.25,2026-08-21T00:55:40.0000000,29348.5,29346.75,29347.75,20260924,594
Playback101,Playback,NQ SEP26,0.25,2026-08-21T00:56:06.5040000,2026-08-21T00:56:06.5040000,29343.25,29344.25,10,2,0.6667,-1,A,30,0,2026-08-21T00:56:07.0000000,29343.5,2026-08-21T00:57:08.0000000,29344,29343.5,29344.25,20260924,595
Playback101,Playback,NQ SEP26,0.25,2026-08-21T00:57:43.8120000,2026-08-21T00:57:43.8120000,29355.25,29356,2,1,0.3333,-1,P,30,0,2026-08-21T00:57:44.0000000,29356,2026-08-21T00:58:45.0000000,29360,29359.5,29360.25,20260924,596
