account,connection,instrument,tick_size,decision_time,submit_time,bid,ask,bid_size,ask_size,qi,dir,policy,timeout_s,crossed_after_timeout,fill_time,fill_price,exit_time,exit_price,bid_at_exit,ask_at_exit,seed,decision_n
Playback101,Playback,NQ SEP26,0.25,2026-08-20T01:01:39.5920000,2026-08-20T01:01:39.5920000,29618,29619.5,3,1,0.5000,1,P,30,1,2026-08-20T01:02:10.0000000,29622.5,2026-08-20T01:03:11.0000000,29627,29624.25,29625,20260924,1
Playback101,Playback,NQ SEP26,0.25,2026-08-20T01:03:12.6280000,2026-08-20T01:03:12.6280000,29627.75,29628.5,1,1,0.0000,-1,P,30,0,2026-08-20T01:03:14.0000000,29628.5,2026-08-20T01:04:15.0000000,29627.25,29626,29627.25,20260924,2
Playback101,Playback,NQ SEP26,0.25,2026-08-20T01:04:56.6400000,2026-08-20T01:04:56.6400000,29634.25,29635,1,6,-0.7143,-1,A,30,0,2026-08-20T01:04:57.0000000,29633,2026-08-20T01:05:58.0000000,29640,29639.25,29640.25,20260924,3
Playback101,Playback,NQ SEP26,0.25,2026-08-20T01:06:56.7480000,2026-08-20T01:06:56.7480000,29645,29646,1,1,0.0000,-1,A,30,0,2026-08-20T01:06:57.0000000,29645.5,2026-08-20T01:07:58.0000000,29647.75,29647,29648,20260924,4
Playback101,Playback,NQ SEP26,0.25,2026-08-20T01:08:42.9520000,2026-08-20T01:08:42.9520000,29647.25,29648.25,4,1,0.6000,-1,A,30,0,2026-08-20T01:08:43.0000000,29648,2026-08-20T01:09:44.0000000,29652,29650.5,29651.5,20260924,5
Playback101,Playback,NQ SEP26,0.25,2026-08-20T01:10:42.2680000,2026-08-20T01:10:42.2680000,29650,29651,1,2,-0.3333,1,P,30,0,2026-08-20T01:10:46.0000000,29650,2026-08-20T01:11:46.0000000,29651.75,29652.5,29653.5,20260924,6
Playback101,Playback,NQ SEP26,0.25,2026-08-20T01:12:13.2880000,2026-08-20T01:12:13.2880000,29650.5,29651,1,1,0.0000,-1,A,30,0,2026-08-20T01:12:14.0000000,29652,2026-08-20T01:13:15.0000000,29650,29649,29650.25,20260924,7
Playback101,Playback,NQ SEP26,0.25,2026-08-20T01:13:43.6640000,2026-08-20T01:13:43.6640000,29649.25,29650,1,1,0.0000,1,A,30,0,2026-08-20T01:13:44.0000000,29651,2026-08-20T01:14:45.0000000,29652.25,29652.25,29653.5,20260924,8
Playback101,Playback,NQ SEP26,0.25,2026-08-20T01:15:33.7200000,2026-08-20T01:15:33.7200000,29651.75,29652.75,1,1,0.0000,-1,A,30,0,2026-08-20T01:15:34.0000000,29652.25,2026-08-20T01:16:35.0000000,29649.75,29648.5,29649.75,20260924,9
Playback101,Playback,NQ SEP26,0.25,2026-08-20T01:17:24.3200000,2026-08-20T01:17:24.3200000,29650.25,29650.75,1,1,0.0000,-1,A,30,0,2026-08-20T01:17:25.0000000,29650.25,2026-08-20T01:18:26.0000000,29652.5,29652.25,29653.5,20260924,10
Playback101,Playback,NQ SEP26,0.25,2026-08-20T01:18:56.4080000,2026-08-20T01:18:56.4080000,29652.75,29653.5,1,1,0.0000,1,P,30,0,2026-08-20T01:19:16.0000000,29652.75,2026-08-20T01:20:17.0000000,29652,29652,29652.75,20260924,11
Playback101,Playback,NQ SEP26,0.25,2026-08-20T01:20:27.7800000,2026-08-20T01:20:27.7800000,29650.25,29651,1,1,0.0000,1,A,30,0,2026-08-20T01:20:28.0000000,29650.5,2026-08-20T01:21:29.0000000,29645,29645.25,29646.25,20260924,12
Playback101,Playback,NQ SEP26,0.25,2026-08-20T01:22:03.9400000,2026-08-20T01:22:03.9400000,29643,29644,1,1,0.0000,1,P,30,1,2026-08-20T01:22:35.0000000,29646.25,2026-08-20T01:23:36.0000000,29642.75,29643.25,29644.25,20260924,13
Playback101,Playback,NQ SEP26,0.25,2026-08-20T01:23:38.7840000,2026-08-20T01:23:38.7840000,29643.25,29644,1,1,0.0000,1,P,30,0,2026-08-20T01:23:39.0000000,29643.25,2026-08-20T01:24:41.0000000,29637.5,29637,29638,20260924,14
Playback101,Playback,NQ SEP26,0.25,2026-08-20T01:25:30.8320000,2026-08-20T01:25:30.8320000,29642,29643,1,1,0.0000,-1,P,30,0,2026-08-20T01:25:32.0000000,29643,2026-08-20T01:26:33.0000000,29643.5,29643,29644.25,20260924,15
Playback101,Playback,NQ SEP26,0.25,2026-08-20T01:27:15.9360000,2026-08-20T01:27:15.9360000,29639.5,29640.25,1,2,-0.3333,-1,P,30,0,2026-08-20T01:27:16.0000000,29640.5,2026-08-20T01:28:17.0000000,29638.75,29638,29638.75,20260924,16
Playback101,Playback,NQ SEP26,0.25,2026-08-20T01:29:15.1160000,2026-08-20T01:29:15.1160000,29642.75,29643.75,1,2,-0.3333,-1,A,30,0,2026-08-20T01:29:16.0000000,29643,2026-08-20T01:30:17.0000000,29636.75,29636.25,29637,20260924,17
Playback101,Playback,NQ SEP26,0.25,2026-08-20T01:31:09.3760000,2026-08-20T01:31:09.3760000,29634,29635,1,2,-0.3333,-1,A,30,0,2026-08-20T01:31:10.0000000,29634.75,2026-08-20T01:32:10.0000000,29628.25,29626.75,29628,20260924,18
Playback101,Playback,NQ SEP26,0.25,2026-08-20T01:32:59.3760000,2026-08-20T01:32:59.3760000,29620.5,29621.25,1,1,0.0000,1,P,30,0,2026-08-20T01:33:00.0000000,29620.5,2026-08-20T01:34:01.0000000,29616.5,29616.5,29617.25,20260924,19
Playback101,Playback,NQ SEP26,0.25,2026-08-20T01:34:37.3960000,2026-08-20T01:34:37.3960000,29612.75,29613.75,2,1,0.3333,-1,A,30,0,2026-08-20T01:34:38.0000000,29612.75,2026-08-20T01:35:39.0000000,29613.25,29613.5,29614.75,20260924,20
Playback101,Playback,NQ SEP26,0.25,2026-08-20T01:36:23.4320000,2026-08-20T01:36:23.4320000,29611.25,29612.25,1,1,0.0000,-1,A,30,0,2026-08-20T01:36:24.0000000,29611.25,2026-08-20T01:37:25.0000000,29616.5,29616.5,29617.5,20260924,21
Playback101,Playback,NQ SEP26,0.25,2026-08-20T01:37:57.7800000,2026-08-20T01:37:57.7800000,29617,29618.25,1,3,-0.5000,1,A,30,0,2026-08-20T01:37:58.0000000,29617.5,2026-08-20T01:38:59.0000000,29618.25,29618.25,29619.75,20260924,22
Playback101,Playback,NQ SEP26,0.25,2026-08-20T01:39:55.0440000,2026-08-20T01:39:55.0440000,29618,29619,1,1,0.0000,-1,P,30,0,2026-08-20T01:40:00.0000000,29619,2026-08-20T01:41:01.0000000,29629,29628.25,29629,20260924,23
Playback101,Playback,NQ SEP26,0.25,2026-08-20T01:41:34.2520000,2026-08-20T01:41:34.2520000,29625.75,29626.75,2,4,-0.3333,-1,P,30,0,2026-08-20T01:41:42.0000000,29626.75,2026-08-20T01:42:44.0000000,29624.75,29624,29624.75,20260924,24
Playback101,Playback,NQ SEP26,0.25,2026-08-20T01:43:06.3520000,2026-08-20T01:43:06.3520000,29626.5,29627.25,1,1,0.0000,1,A,30,0,2026-08-20T01:43:07.0000000,29626.5,2026-08-20T01:44:08.0000000,29624.25,29625.75,29626.75,20260924,25
Playback101,Playback,NQ SEP26,0.25,2026-08-20T01:44:59.1080000,2026-08-20T01:44:59.1080000,29627.5,29628.5,2,1,0.3333,1,A,30,0,2026-08-20T01:45:00.0000000,29628.5,2026-08-20T01:46:01.0000000,29625.75,29625.25,29626.25,20260924,26
Playback101,Playback,NQ SEP26,0.25,2026-08-20T01:46:33.1080000,2026-08-20T01:46:33.1080000,29628.25,29629.25,1,3,-0.5000,-1,P,30,0,2026-08-20T01:46:38.0000000,29629.25,2026-08-20T01:47:39.0000000,29631.5,29630.75,29631.5,20260924,27
Playback101,Playback,NQ SEP26,0.25,2026-08-20T01:48:15.5080000,2026-08-20T01:48:15.5080000,29629,29630,2,1,0.3333,1,P,30,0,2026-08-20T01:48:25.0000000,29629,2026-08-20T01:49:26.0000000,29629.25,29629.25,29630,20260924,28
Playback101,Playback,NQ SEP26,0.25,2026-08-20T01:50:00.9920000,2026-08-20T01:50:00.9920000,29628.5,29629.75,1,1,0.0000,1,A,30,0,2026-08-20T01:50:01.0000000,29628.75,2026-08-20T01:51:02.0000000,29631.25,29629,29630,20260924,29
Playback101,Playback,NQ SEP26,0.25,2026-08-20T01:52:01.0160000,2026-08-20T01:52:01.0160000,29628.75,29630,2,3,-0.2000,-1,P,30,0,2026-08-20T01:52:11.0000000,29630,2026-08-20T01:53:12.0000000,29633.5,29632,29633,20260924,30
Playback101,Playback,NQ SEP26,0.25,2026-08-20T01:53:55.1880000,2026-08-20T01:53:55.1880000,29637.5,29638.5,2,2,0.0000,-1,A,30,0,2026-08-20T01:53:56.0000000,29637.75,2026-08-20T01:54:57.0000000,29623.5,29622.75,29624,20260924,31
Playback101,Playback,NQ SEP26,0.25,2026-08-20T01:55:37.7640000,2026-08-20T01:55:37.7640000,29616.75,29617.75,2,1,0.3333,-1,A,30,0,2026-08-20T01:55:38.0000000,29617.25,2026-08-20T01:56:39.0000000,29617,29616.25,29617,20260924,32
Playback101,Playback,NQ SEP26,0.25,2026-08-20T01:57:34.8760000,2026-08-20T01:57:34.8760000,29616,29616.75,1,1,0.0000,-1,P,30,0,2026-08-20T01:57:38.0000000,29616.75,2026-08-20T01:58:39.0000000,29618.75,29617,29618.25,20260924,33
Playback101,Playback,NQ SEP26,0.25,2026-08-20T01:59:28.9920000,2026-08-20T01:59:28.9920000,29615.75,29617,1,1,0.0000,-1,A,30,0,2026-08-20T01:59:29.0000000,29616.25,2026-08-20T02:00:30.0000000,29612.75,29611.5,29612.5,20260924,34
Playback101,Playback,NQ SEP26,0.25,2026-08-20T02:01:15.0040000,2026-08-20T02:01:15.0040000,29617.5,29618.5,2,1,0.3333,-1,P,30,0,2026-08-20T02:01:17.0000000,29618.5,2026-08-20T02:02:18.0000000,29621.5,29620.5,29621.75,20260924,35
Playback101,Playback,NQ SEP26,0.25,2026-08-20T02:02:52.1120000,2026-08-20T02:02:52.1120000,29619.75,29621.25,1,2,-0.3333,-1,P,30,0,2026-08-20T02:02:54.0000000,29621.25,2026-08-20T02:03:55.0000000,29614.5,29613.5,29614.5,20260924,36
Playback101,Playback,NQ SEP26,0.25,2026-08-20T02:04:33.1840000,2026-08-20T02:04:33.1840000,29620.5,29621.5,1,1,0.0000,1,A,30,0,2026-08-20T02:04:34.0000000,29621,2026-08-20T02:05:35.0000000,29618.5,29618.25,29619.75,20260924,37
Playback101,Playback,NQ SEP26,0.25,2026-08-20T02:06:29.1920000,2026-08-20T02:06:29.1920000,29613,29613.75,11,2,0.6923,1,A,30,0,2026-08-20T02:06:30.0000000,29613,2026-08-20T02:07:31.0000000,29612.5,29611.75,29612.5,20260924,38
Playback101,Playback,NQ SEP26,0.25,2026-08-20T02:08:17.3040000,2026-08-20T02:08:17.3040000,29607,29608,1,2,-0.3333,-1,P,30,0,2026-08-20T02:08:22.0000000,29608,2026-08-20T02:09:23.0000000,29609.5,29609.5,29610.5,20260924,39
Playback101,Playback,NQ SEP26,0.25,2026-08-20T02:10:04.5400000,2026-08-20T02:10:04.5400000,29606,29606.5,2,1,0.3333,-1,A,30,0,2026-08-20T02:10:05.0000000,29606,2026-08-20T02:11:06.0000000,29598.75,29598,29598.75,20260924,40
Playback101,Playback,NQ SEP26,0.25,2026-08-20T02:11:42.5840000,2026-08-20T02:11:42.5840000,29595.5,29596.5,1,1,0.0000,1,P,30,0,2026-08-20T02:11:45.0000000,29595.5,2026-08-20T02:12:46.0000000,29597,29596,29596.75,20260924,41
Playback101,Playback,NQ SEP26,0.25,2026-08-20T02:13:31.9120000,2026-08-20T02:13:31.9120000,29596,29596.5,1,1,0.0000,-1,A,30,0,2026-08-20T02:13:32.0000000,29595.25,2026-08-20T02:14:33.0000000,29594.75,29593.75,29594.75,20260924,42
Playback101,Playback,NQ SEP26,0.25,2026-08-20T02:15:06.9320000,2026-08-20T02:15:06.9320000,29596,29597,1,3,-0.5000,-1,P,30,0,2026-08-20T02:15:26.0000000,29597,2026-08-20T02:16:27.0000000,29603.5,29601.75,29602.75,20260924,43
Playback101,Playback,NQ SEP26,0.25,2026-08-20T02:16:53.9400000,2026-08-20T02:16:53.9400000,29618.25,29619,1,1,0.0000,1,P,30,0,2026-08-20T02:16:54.0000000,29618,2026-08-20T02:17:55.0000000,29618.75,29619.25,29620,20260924,44
Playback101,Playback,NQ SEP26,0.25,2026-08-20T02:18:51.0920000,2026-08-20T02:18:51.0920000,29626,29627.25,1,3,-0.5000,-1,A,30,0,2026-08-20T02:18:52.0000000,29625.75,2026-08-20T02:19:53.0000000,29628.25,29626.25,29627.5,20260924,45
Playback101,Playback,NQ SEP26,0.25,2026-08-20T02:20:47.2600000,2026-08-20T02:20:47.2600000,29611,29612.25,2,1,0.3333,1,P,30,0,2026-08-20T02:20:48.0000000,29610.75,2026-08-20T02:21:49.0000000,29616.5,29616.5,29617.5,20260924,46
Playback101,Playback,NQ SEP26,0.25,2026-08-20T02:22:27.6680000,2026-08-20T02:22:27.6680000,29617,29617.75,1,1,0.0000,-1,A,30,0,2026-08-20T02:22:28.0000000,29616.25,2026-08-20T02:23:29.0000000,29623.5,29623.25,29624.25,20260924,47
Playback101,Playback,NQ SEP26,0.25,2026-08-20T02:24:27.6960000,2026-08-20T02:24:27.6960000,29630,29630.5,1,1,0.0000,-1,P,30,0,2026-08-20T02:24:30.0000000,29630.5,2026-08-20T02:25:31.0000000,29630.25,29629.5,29630.5,20260924,48
Playback101,Playback,NQ SEP26,0.25,2026-08-20T02:26:21.7120000,2026-08-20T02:26:21.7120000,29639.75,29640.5,1,1,0.0000,-1,A,30,0,2026-08-20T02:26:22.0000000,29640,2026-08-20T02:27:23.0000000,29637.75,29636.5,29637.5,20260924,49
Playback101,Playback,NQ SEP26,0.25,2026-08-20T02:27:59.8280000,2026-08-20T02:27:59.8280000,29637.5,29639,1,3,-0.5000,1,P,30,0,2026-08-20T02:28:08.0000000,29637.5,2026-08-20T02:29:09.0000000,29628.25,29627.75,29628.75,20260924,50
Playback101,Playback,NQ SEP26,0.25,2026-08-20T02:29:36.9480000,2026-08-20T02:29:36.9480000,29624.25,29625.25,2,1,0.3333,-1,P,30,1,2026-08-20T02:30:07.0000000,29617,2026-08-20T02:31:08.0000000,29613.5,29612.25,29613.5,20260924,51
Playback101,Playback,NQ SEP26,0.25,2026-08-20T02:31:30.0600000,2026-08-20T02:31:30.0600000,29613.5,29614.75,3,1,0.5000,-1,A,30,0,2026-08-20T02:31:31.0000000,29614.25,2026-08-20T02:32:32.0000000,29616.5,29615,29616.25,20260924,52
Playback101,Playback,NQ SEP26,0.25,2026-08-20T02:33:13.4680000,2026-08-20T02:33:13.4680000,29610.5,29611.25,1,1,0.0000,1,A,30,0,2026-08-20T02:33:14.0000000,29611,2026-08-20T02:34:15.0000000,29613.5,29613.25,29614,20260924,53
Playback101,Playback,NQ SEP26,0.25,2026-08-20T02:34:55.4680000,2026-08-20T02:34:55.4680000,29611.75,29612.75,1,1,0.0000,-1,A,30,0,2026-08-20T02:34:56.0000000,29612,2026-08-20T02:35:59.0000000,29614.25,29613.5,29614.75,20260924,54
Playback101,Playback,NQ SEP26,0.25,2026-08-20T02:36:41.6920000,2026-08-20T02:36:41.6920000,29605,29606.25,2,1,0.3333,-1,P,30,0,2026-08-20T02:36:54.0000000,29606.25,2026-08-20T02:37:55.0000000,29608.25,29606.25,29607.25,20260924,55
Playback101,Playback,NQ SEP26,0.25,2026-08-20T02:38:40.7560000,2026-08-20T02:38:40.7560000,29605.5,29606.75,1,2,-0.3333,-1,A,30,0,2026-08-20T02:38:41.0000000,29605.25,2026-08-20T02:39:42.0000000,29611,29609.5,29610.5,20260924,56
Playback101,Playback,NQ SEP26,0.25,2026-08-20T02:40:32.8640000,2026-08-20T02:40:32.8640000,29612.25,29613.25,1,1,0.0000,1,A,30,0,2026-08-20T02:40:33.0000000,29613.5,2026-08-20T02:41:34.0000000,29607.5,29607.75,29608.75,20260924,57
Playback101,Playback,NQ SEP26,0.25,2026-08-20T02:42:06.3360000,2026-08-20T02:42:06.3360000,29612.75,29614,3,1,0.5000,1,A,30,0,2026-08-20T02:42:07.0000000,29612.5,2026-08-20T02:43:08.0000000,29620.75,29620.5,29621.75,20260924,58
Playback101,Playback,NQ SEP26,0.25,2026-08-20T02:43:40.5560000,2026-08-20T02:43:40.5560000,29619,29620.25,2,2,0.0000,-1,P,30,0,2026-08-20T02:43:43.0000000,29620.25,2026-08-20T02:44:44.0000000,29621.75,29620.25,29621.5,20260924,59
Playback101,Playback,NQ SEP26,0.25,2026-08-20T02:45:29.6400000,2026-08-20T02:45:29.6400000,29605.5,29607,2,3,-0.2000,-1,P,30,0,2026-08-20T02:45:32.0000000,29607,2026-08-20T02:46:33.0000000,29603.75,29602,29602.75,20260924,60
Playback101,Playback,NQ SEP26,0.25,2026-08-20T02:47:01.3600000,2026-08-20T02:47:01.3600000,29609,29609.75,1,1,0.0000,1,A,30,0,2026-08-20T02:47:02.0000000,29610,2026-08-20T02:48:03.0000000,29615.25,29615.5,29616.5,20260924,61
Playback101,Playback,NQ SEP26,0.25,2026-08-20T02:48:57.3720000,2026-08-20T02:48:57.3720000,29611,29612,1,1,0.0000,1,P,30,0,2026-08-20T02:49:05.0000000,29611,2026-08-20T02:50:06.0000000,29611,29611.75,29612.75,20260924,62
Playback101,Playback,NQ SEP26,0.25,2026-08-20T02:50:50.3840000,2026-08-20T02:50:50.3840000,29614,29615,1,2,-0.3333,1,P,30,0,2026-08-20T02:50:54.0000000,29614,2026-08-20T02:51:55.0000000,29607,29606.75,29608,20260924,63
Playback101,Playback,NQ SEP26,0.25,2026-08-20T02:52:46.4120000,2026-08-20T02:52:46.4120000,29609.5,29610.25,1,1,0.0000,-1,A,30,0,2026-08-20T02:52:47.0000000,29610.5,2026-08-20T02:53:48.0000000,29605,29604,29605.25,20260924,64
Playback101,Playback,NQ SEP26,0.25,2026-08-20T02:54:44.4320000,2026-08-20T02:54:44.4320000,29599.75,29600.75,1,2,-0.3333,1,P,30,0,2026-08-20T02:54:45.0000000,29599.75,2026-08-20T02:55:46.0000000,29609.25,29609.5,29610.5,20260924,65
Playback101,Playback,NQ SEP26,0.25,2026-08-20T02:56:29.8880000,2026-08-20T02:56:29.8880000,29608.25,29609.25,1,2,-0.3333,-1,P,30,1,2026-08-20T02:57:00.0000000,29604,2026-08-20T02:58:01.0000000,29608.5,29607,29608.5,20260924,66
Playback101,Playback,NQ SEP26,0.25,2026-08-20T02:58:10.9440000,2026-08-20T02:58:10.9440000,29605,29605.75,1,1,0.0000,-1,A,30,0,2026-08-20T02:58:11.0000000,29605.25,2026-08-20T02:59:12.0000000,29604.25,29603.75,29604.25,20260924,67
Playback101,Playback,NQ SEP26,0.25,2026-08-20T03:00:10.0760000,2026-08-20T03:00:10.0760000,29608,29609,1,1,0.0000,1,A,30,0,2026-08-20T03:00:11.0000000,29609.75,2026-08-20T03:01:12.0000000,29608.75,29609.5,29610.25,20260924,68
Playback101,Playback,NQ SEP26,0.25,2026-08-20T03:01:45.0760000,2026-08-20T03:01:45.0760000,29606.5,29607.5,2,1,0.3333,-1,A,30,0,2026-08-20T03:01:46.0000000,29607.75,2026-08-20T03:02:47.0000000,29622.75,29621,29622,20260924,69
Playback101,Playback,NQ SEP26,0.25,2026-08-20T03:03:33.0880000,2026-08-20T03:03:33.0880000,29617.5,29619,2,2,0.0000,-1,A,30,0,2026-08-20T03:03:34.0000000,29617.75,2026-08-20T03:04:35.0000000,29628.75,29627.75,29628.75,20260924,70
Playback101,Playback,NQ SEP26,0.25,2026-08-20T03:05:15.1080000,2026-08-20T03:05:15.1080000,29638,29639,1,6,-0.7143,1,A,30,0,2026-08-20T03:05:16.0000000,29637.75,2026-08-20T03:06:17.0000000,29641.75,29641.25,29642,20260924,71
Playback101,Playback,NQ SEP26,0.25,2026-08-20T03:07:03.1320000,2026-08-20T03:07:03.1320000,29649.75,29650.75,1,1,0.0000,-1,A,30,0,2026-08-20T03:07:04.0000000,29649.5,2026-08-20T03:08:05.0000000,29654,29653,29654,20260924,72
Playback101,Playback,NQ SEP26,0.25,2026-08-20T03:08:37.1600000,2026-08-20T03:08:37.1600000,29653.25,29654,3,1,0.5000,1,P,30,0,2026-08-20T03:08:38.0000000,29653.25,2026-08-20T03:09:39.0000000,29654.25,29653.25,29654.75,20260924,73
Playback101,Playback,NQ SEP26,0.25,2026-08-20T03:10:26.1680000,2026-08-20T03:10:26.1680000,29661.5,29662.5,1,1,0.0000,-1,A,30,0,2026-08-20T03:10:27.0000000,29661.5,2026-08-20T03:11:28.0000000,29663.25,29661.75,29662.75,20260924,74
Playback101,Playback,NQ SEP26,0.25,2026-08-20T03:12:26.2360000,2026-08-20T03:12:26.2360000,29660.75,29661.75,1,1,0.0000,1,A,30,0,2026-08-20T03:12:27.0000000,29662.75,2026-08-20T03:13:28.0000000,29656.25,29656.25,29657.25,20260924,75
Playback101,Playback,NQ SEP26,0.25,2026-08-20T03:14:05.2400000,2026-08-20T03:14:05.2400000,29653.25,29654,1,1,0.0000,-1,P,30,0,2026-08-20T03:14:06.0000000,29654,2026-08-20T03:15:07.0000000,29659.5,29659,29659.75,20260924,76
Playback101,Playback,NQ SEP26,0.25,2026-08-20T03:15:39.4160000,2026-08-20T03:15:39.4160000,29655.25,29656.25,2,1,0.3333,1,A,30,0,2026-08-20T03:15:40.0000000,29655.75,2026-08-20T03:16:41.0000000,29649,29648.75,29650,20260924,77
Playback101,Playback,NQ SEP26,0.25,2026-08-20T03:17:25.4880000,2026-08-20T03:17:25.4880000,29653,29654,1,1,0.0000,1,A,30,0,2026-08-20T03:17:26.0000000,29654,2026-08-20T03:18:27.0000000,29644.5,29644.5,29645.25,20260924,78
Playback101,Playback,NQ SEP26,0.25,2026-08-20T03:19:14.0200000,2026-08-20T03:19:14.0200000,29640.75,29642,1,3,-0.5000,-1,A,30,0,2026-08-20T03:19:15.0000000,29641,2026-08-20T03:20:16.0000000,29648.25,29646.75,29647.5,20260924,79
Playback101,Playback,NQ SEP26,0.25,2026-08-20T03:21:11.0240000,2026-08-20T03:21:11.0240000,29647.5,29648.75,1,2,-0.3333,1,A,30,0,2026-08-20T03:21:12.0000000,29648.75,2026-08-20T03:22:13.0000000,29647.75,29647.75,29648.5,20260924,80
Playback101,Playback,NQ SEP26,0.25,2026-08-20T03:22:48.0600000,2026-08-20T03:22:48.0600000,29647.75,29648.75,2,2,0.0000,1,P,30,0,2026-08-20T03:22:49.0000000,29647.75,2026-08-20T03:23:50.0000000,29648.75,29651.25,29652,20260924,81
Playback101,Playback,NQ SEP26,0.25,2026-08-20T03:24:37.2920000,2026-08-20T03:24:37.2920000,29653.5,29654.25,1,5,-0.6667,1,P,30,0,2026-08-20T03:24:38.0000000,29653.5,2026-08-20T03:25:39.0000000,29649.5,29649.5,29650.75,20260924,82
Playback101,Playback,NQ SEP26,0.25,2026-08-20T03:26:37.0760000,2026-08-20T03:26:37.0760000,29644.25,29645.25,2,2,0.0000,1,P,30,0,2026-08-20T03:26:38.0000000,29643.5,2026-08-20T03:27:39.0000000,29641.75,29642.75,29643.75,20260924,83
Playback101,Playback,NQ SEP26,0.25,2026-08-20T03:28:08.0800000,2026-08-20T03:28:08.0800000,29644,29645.25,1,3,-0.5000,-1,P,30,0,2026-08-20T03:28:18.0000000,29645.25,2026-08-20T03:29:19.0000000,29655.75,29655,29656,20260924,84
Playback101,Playback,NQ SEP26,0.25,2026-08-20T03:29:48.1400000,2026-08-20T03:29:48.1400000,29652.25,29653.25,2,1,0.3333,-1,P,30,0,2026-08-20T03:29:49.0000000,29653.25,2026-08-20T03:30:50.0000000,29655.75,29651.75,29652.75,20260924,85
Playback101,Playback,NQ SEP26,0.25,2026-08-20T03:31:20.3760000,2026-08-20T03:31:20.3760000,29654.25,29655.25,1,2,-0.3333,-1,P,30,0,2026-08-20T03:31:21.0000000,29655.25,2026-08-20T03:32:22.0000000,29658,29656.75,29658,20260924,86
Playback101,Playback,NQ SEP26,0.25,2026-08-20T03:33:11.3920000,2026-08-20T03:33:11.3920000,29663,29664,1,1,0.0000,1,A,30,0,2026-08-20T03:33:12.0000000,29664.25,2026-08-20T03:34:13.0000000,29664.25,29663.75,29664.75,20260924,87
Playback101,Playback,NQ SEP26,0.25,2026-08-20T03:35:11.3920000,2026-08-20T03:35:11.3920000,29669,29669.75,1,1,0.0000,-1,P,30,0,2026-08-20T03:35:12.0000000,29669.75,2026-08-20T03:36:13.0000000,29672,29671.25,29672.5,20260924,88
Playback101,Playback,NQ SEP26,0.25,2026-08-20T06:17:23.1920000,2026-08-20T06:17:23.1920000,29520.25,29521.5,1,2,-0.3333,1,P,30,0,2026-08-20T06:17:26.0000000,29520.25,2026-08-20T06:18:27.0000000,29520.5,29521,29522,20260924,1
Playback101,Playback,NQ SEP26,0.25,2026-08-20T06:18:56.2120000,2026-08-20T06:18:56.2120000,29530.75,29531.75,2,1,0.3333,-1,P,30,0,2026-08-20T06:19:01.0000000,29531.75,2026-08-20T06:20:02.0000000,29523.75,29521.5,29522.5,20260924,2
Playback101,Playback,NQ SEP26,0.25,2026-08-20T06:20:40.2520000,2026-08-20T06:20:40.2520000,29521,29522,1,1,0.0000,-1,A,30,0,2026-08-20T06:20:41.0000000,29521,2026-08-20T06:21:42.0000000,29524,29524.25,29525.75,20260924,3
Playback101,Playback,NQ SEP26,0.25,2026-08-20T06:22:40.3880000,2026-08-20T06:22:40.3880000,29528.25,29529.5,1,2,-0.3333,-1,A,30,0,2026-08-20T06:22:41.0000000,29529.75,2026-08-20T06:23:42.0000000,29531.5,29530.25,29531.5,20260924,4
Playback101,Playback,NQ SEP26,0.25,2026-08-20T06:24:26.4440000,2026-08-20T06:24:26.4440000,29533.5,29534.75,1,2,-0.3333,-1,A,30,0,2026-08-20T06:24:27.0000000,29532.75,2026-08-20T06:25:28.0000000,29536.25,29535.25,29536.25,20260924,5
Playback101,Playback,NQ SEP26,0.25,2026-08-20T06:26:25.6800000,2026-08-20T06:26:25.6800000,29535.5,29536.75,3,2,0.2000,1,P,30,0,2026-08-20T06:26:26.0000000,29535.5,2026-08-20T06:27:27.0000000,29537.5,29537.5,29538.25,20260924,6
Playback101,Playback,NQ SEP26,0.25,2026-08-20T06:27:56.7240000,2026-08-20T06:27:56.7240000,29538,29539.5,3,3,0.0000,-1,A,30,0,2026-08-20T06:27:57.0000000,29539.75,2026-08-20T06:28:58.0000000,29537,29533.75,29535,20260924,7
Playback101,Playback,NQ SEP26,0.25,2026-08-20T06:29:27.2040000,2026-08-20T06:29:27.2040000,29531.75,29532.75,1,1,0.0000,1,A,30,0,2026-08-20T06:29:28.0000000,29532.25,2026-08-20T06:30:29.0000000,29526.5,29527.5,29529,20260924,8
Playback101,Playback,NQ SEP26,0.25,2026-08-20T06:31:17.7040000,2026-08-20T06:31:17.7040000,29522.25,29523.25,1,1,0.0000,-1,A,30,0,2026-08-20T06:31:18.0000000,29523,2026-08-20T06:32:19.0000000,29527,29526.25,29527.25,20260924,9
Playback101,Playback,NQ SEP26,0.25,2026-08-20T06:33:06.8040000,2026-08-20T06:33:06.8040000,29514.5,29515.5,3,1,0.5000,-1,A,30,0,2026-08-20T06:33:07.0000000,29514.75,2026-08-20T06:34:08.0000000,29514.25,29513.5,29514.5,20260924,10
Playback101,Playback,NQ SEP26,0.25,2026-08-20T06:34:38.8120000,2026-08-20T06:34:38.8120000,29514.5,29515.25,1,1,0.0000,1,P,30,0,2026-08-20T06:34:42.0000000,29514.5,2026-08-20T06:35:43.0000000,29512.75,29513.5,29514.75,20260924,11
Playback101,Playback,NQ SEP26,0.25,2026-08-20T06:36:09.8560000,2026-08-20T06:36:09.8560000,29508.5,29509.75,1,1,0.0000,1,A,30,0,2026-08-20T06:36:10.0000000,29510.25,2026-08-20T06:37:11.0000000,29514,29512,29513.25,20260924,12
Playback101,Playback,NQ SEP26,0.25,2026-08-20T06:37:46.2360000,2026-08-20T06:37:46.2360000,29513.75,29514.75,1,2,-0.3333,1,P,30,1,2026-08-20T06:38:17.0000000,29514.75,2026-08-20T06:39:18.0000000,29519.5,29521,29522.5,20260924,13
Playback101,Playback,NQ SEP26,0.25,2026-08-20T06:39:20.2360000,2026-08-20T06:39:20.2360000,29521.5,29522.75,1,2,-0.3333,1,P,30,0,2026-08-20T06:39:21.0000000,29520.5,2026-08-20T06:40:22.0000000,29521,29521.25,29522.25,20260924,14
Playback101,Playback,NQ SEP26,0.25,2026-08-20T06:41:12.2400000,2026-08-20T06:41:12.2400000,29518.5,29519.75,1,1,0.0000,-1,P,30,0,2026-08-20T06:41:14.0000000,29519.75,2026-08-20T06:42:15.0000000,29516,29516.75,29518,20260924,15
Playback101,Playback,NQ SEP26,0.25,2026-08-20T06:42:58.0040000,2026-08-20T06:42:58.0040000,29532.25,29533.75,2,1,0.3333,-1,P,30,0,2026-08-20T06:42:59.0000000,29533.75,2026-08-20T06:44:00.0000000,29532.75,29532.25,29533.25,20260924,16
Playback101,Playback,NQ SEP26,0.25,2026-08-20T06:44:57.0280000,2026-08-20T06:44:57.0280000,29534.25,29535.25,1,1,0.0000,-1,A,30,0,2026-08-20T06:44:58.0000000,29534.5,2026-08-20T06:45:59.0000000,29541.25,29540,29541.25,20260924,17
Playback101,Playback,NQ SEP26,0.25,2026-08-20T06:46:51.7360000,2026-08-20T06:46:51.7360000,29544.25,29545,1,1,0.0000,-1,A,30,0,2026-08-20T06:46:52.0000000,29542.75,2026-08-20T06:47:53.0000000,29533.75,29533.75,29534.75,20260924,18
Playback101,Playback,NQ SEP26,0.25,2026-08-20T06:48:42.5560000,2026-08-20T06:48:42.5560000,29536,29537,1,1,0.0000,1,P,30,0,2026-08-20T06:48:43.0000000,29534.25,2026-08-20T06:49:44.0000000,29531.25,29531.5,29532.75,20260924,19
Playback101,Playback,NQ SEP26,0.25,2026-08-20T06:50:20.7720000,2026-08-20T06:50:20.7720000,29529,29530.25,1,2,-0.3333,-1,A,30,0,2026-08-20T06:50:21.0000000,29529,2026-08-20T06:51:22.0000000,29526,29524.5,29525.75,20260924,20
Playback101,Playback,NQ SEP26,0.25,2026-08-20T06:52:07.1880000,2026-08-20T06:52:07.1880000,29527,29528.5,1,2,-0.3333,-1,A,30,0,2026-08-20T06:52:08.0000000,29526.5,2026-08-20T06:53:09.0000000,29519.75,29518.5,29520,20260924,21
Playback101,Playback,NQ SEP26,0.25,2026-08-20T06:53:41.1920000,2026-08-20T06:53:41.1920000,29516.25,29517.75,2,1,0.3333,1,A,30,0,2026-08-20T06:53:42.0000000,29518,2026-08-20T06:54:43.0000000,29524.5,29525.25,29527,20260924,22
Playback101,Playback,NQ SEP26,0.25,2026-08-20T06:55:38.1960000,2026-08-20T06:55:38.1960000,29529.75,29531,1,1,0.0000,-1,P,30,0,2026-08-20T06:55:41.0000000,29531,2026-08-20T06:56:42.0000000,29530.5,29529,29530,20260924,23
Playback101,Playback,NQ SEP26,0.25,2026-08-20T06:57:17.2160000,2026-08-20T06:57:17.2160000,29530.25,29531.5,1,1,0.0000,-1,P,30,1,2026-08-20T06:57:48.0000000,29528,2026-08-20T06:58:49.0000000,29531,29529.5,29531,20260924,24
Playback101,Playback,NQ SEP26,0.25,2026-08-20T06:58:49.2560000,2026-08-20T06:58:49.2560000,29528.25,29529.5,1,1,0.0000,1,A,30,0,2026-08-20T06:58:50.0000000,29531,2026-08-20T06:59:51.0000000,29528.75,29528.5,29529.75,20260924,25
Playback101,Playback,NQ SEP26,0.25,2026-08-20T07:00:41.5680000,2026-08-20T07:00:41.5680000,29523.75,29524.25,1,1,0.0000,1,A,30,0,2026-08-20T07:00:42.0000000,29523.75,2026-08-20T07:01:43.0000000,29534.5,29532,29533.25,20260924,26
Playback101,Playback,NQ SEP26,0.25,2026-08-20T07:02:15.5760000,2026-08-20T07:02:15.5760000,29522,29523.5,2,3,-0.2000,-1,P,30,0,2026-08-20T07:02:18.0000000,29523.5,2026-08-20T07:03:19.0000000,29525.5,29524.75,29526.25,20260924,27
Playback101,Playback,NQ SEP26,0.25,2026-08-20T07:03:57.6200000,2026-08-20T07:03:57.6200000,29534.75,29536,1,3,-0.5000,1,P,30,0,2026-08-20T07:03:58.0000000,29534.75,2026-08-20T07:04:59.0000000,29532.75,29532.5,29533.75,20260924,28
Playback101,Playback,NQ SEP26,0.25,2026-08-20T07:05:42.6480000,2026-08-20T07:05:42.6480000,29530.75,29531.75,1,1,0.0000,1,A,30,0,2026-08-20T07:05:43.0000000,29532.25,2026-08-20T07:06:44.0000000,29538.25,29537.75,29539,20260924,29
Playback101,Playback,NQ SEP26,0.25,2026-08-20T07:07:42.8440000,2026-08-20T07:07:42.8440000,29534.25,29535.75,1,2,-0.3333,-1,P,30,1,2026-08-20T07:08:13.0000000,29529.75,2026-08-20T07:09:14.0000000,29543,29542.75,29544,20260924,30
Playback101,Playback,NQ SEP26,0.25,2026-08-20T07:09:36.9280000,2026-08-20T07:09:36.9280000,29542.75,29544,2,1,0.3333,-1,A,30,0,2026-08-20T07:09:37.0000000,29542.25,2026-08-20T07:10:38.0000000,29548.25,29548,29549.25,20260924,31
Playback101,Playback,NQ SEP26,0.25,2026-08-20T07:11:19.0560000,2026-08-20T07:11:19.0560000,29549,29550,1,2,-0.3333,-1,A,30,0,2026-08-20T07:11:20.0000000,29549.25,2026-08-20T07:12:21.0000000,29560.5,29558.75,29559.5,20260924,32
Playback101,Playback,NQ SEP26,0.25,2026-08-20T07:13:16.0800000,2026-08-20T07:13:16.0800000,29556.75,29557.5,1,1,0.0000,-1,P,30,0,2026-08-20T07:13:17.0000000,29557.5,2026-08-20T07:14:18.0000000,29558.25,29556.5,29557.75,20260924,33
Playback101,Playback,NQ SEP26,0.25,2026-08-20T07:15:10.1960000,2026-08-20T07:15:10.1960000,29555.75,29557.25,2,2,0.0000,-1,A,30,0,2026-08-20T07:15:11.0000000,29555.5,2026-08-20T07:16:12.0000000,29555,29553.75,29554.75,20260924,34
Playback101,Playback,NQ SEP26,0.25,2026-08-20T07:16:56.2320000,2026-08-20T07:16:56.2320000,29546.75,29547.75,1,1,0.0000,-1,P,30,1,2026-08-20T07:17:27.0000000,29541.75,2026-08-20T07:18:28.0000000,29546,29545.25,29546.75,20260924,35
Playback101,Playback,NQ SEP26,0.25,2026-08-20T07:18:33.2640000,2026-08-20T07:18:33.2640000,29546.25,29547.5,2,1,0.3333,-1,P,30,0,2026-08-20T07:18:34.0000000,29547.5,2026-08-20T07:19:35.0000000,29545.5,29545.25,29546.75,20260924,36
Playback101,Playback,NQ SEP26,0.25,2026-08-20T07:20:14.3120000,2026-08-20T07:20:14.3120000,29543.75,29544.75,2,1,0.3333,1,A,30,0,2026-08-20T07:20:15.0000000,29545,2026-08-20T07:21:16.0000000,29548.5,29549.75,29550.75,20260924,37
Playback101,Playback,NQ SEP26,0.25,2026-08-20T07:22:10.3480000,2026-08-20T07:22:10.3480000,29544,29545.25,2,1,0.3333,1,A,30,0,2026-08-20T07:22:11.0000000,29545.25,2026-08-20T07:23:12.0000000,29549.25,29550,29551.25,20260924,38
Playback101,Playback,NQ SEP26,0.25,2026-08-20T07:23:58.4120000,2026-08-20T07:23:58.4120000,29547,29548.25,1,2,-0.3333,-1,P,30,0,2026-08-20T07:24:01.0000000,29548.25,2026-08-20T07:25:02.0000000,29552.5,29551.75,29553,20260924,39
Playback101,Playback,NQ SEP26,0.25,2026-08-20T07:25:44.8920000,2026-08-20T07:25:44.8920000,29547,29548.25,3,2,0.2000,-1,A,30,0,2026-08-20T07:25:45.0000000,29548.75,2026-08-20T07:26:46.0000000,29542.5,29540,29541,20260924,40
Playback101,Playback,NQ SEP26,0.25,2026-08-20T07:27:22.9360000,2026-08-20T07:27:22.9360000,29544,29545.5,3,2,0.2000,1,P,30,0,2026-08-20T07:27:23.0000000,29544,2026-08-20T07:28:24.0000000,29536.5,29535.25,29536.75,20260924,41
Playback101,Playback,NQ SEP26,0.25,2026-08-20T07:29:11.9600000,2026-08-20T07:29:11.9600000,29536.25,29537.75,3,1,0.5000,-1,A,30,0,2026-08-20T07:29:12.0000000,29536.5,2026-08-20T07:30:13.0000000,29534.75,29533.75,29535.25,20260924,42
Playback101,Playback,NQ SEP26,0.25,2026-08-20T07:30:47.1520000,2026-08-20T07:30:47.1520000,29537,29538,1,1,0.0000,-1,P,30,0,2026-08-20T07:30:48.0000000,29538,2026-08-20T07:31:49.0000000,29535.5,29534.25,29535.5,20260924,43
Playback101,Playback,NQ SEP26,0.25,2026-08-20T07:32:34.4040000,2026-08-20T07:32:34.4040000,29533.25,29534.25,2,1,0.3333,1,P,30,1,2026-08-20T07:33:05.0000000,29546.25,2026-08-20T07:34:06.0000000,29543,29543,29544.25,20260924,44
Playback101,Playback,NQ SEP26,0.25,2026-08-20T07:34:31.4400000,2026-08-20T07:34:31.4400000,29538,29539.25,2,1,0.3333,-1,A,30,0,2026-08-20T07:34:32.0000000,29538.25,2026-08-20T07:35:33.0000000,29526.5,29525.5,29526.75,20260924,45
Playback101,Playback,NQ SEP26,0.25,2026-08-20T07:36:27.4400000,2026-08-20T07:36:27.4400000,29544.5,29545.75,1,2,-0.3333,1,P,30,0,2026-08-20T07:36:28.0000000,29541.25,2026-08-20T07:37:29.0000000,29532.75,29532.75,29533,20260924,46
Playback101,Playback,NQ SEP26,0.25,2026-08-20T07:38:07.7360000,2026-08-20T07:38:07.7360000,29536.75,29538,1,1,0.0000,-1,A,30,0,2026-08-20T07:38:08.0000000,29536,2026-08-20T07:39:09.0000000,29535.75,29535.5,29536.75,20260924,47
Playback101,Playback,NQ SEP26,0.25,2026-08-20T07:40:07.7360000,2026-08-20T07:40:07.7360000,29530,29531.5,2,1,0.3333,-1,P,30,0,2026-08-20T07:40:09.0000000,29531.5,2026-08-20T07:41:10.0000000,29528.75,29526.75,29528.25,20260924,48
Playback101,Playback,NQ SEP26,0.25,2026-08-20T07:42:02.5800000,2026-08-20T07:42:02.5800000,29520.75,29521.5,1,1,0.0000,-1,A,30,0,2026-08-20T07:42:03.0000000,29521.75,2026-08-20T07:43:04.0000000,29521.75,29521.25,29522.25,20260924,49
Playback101,Playback,NQ SEP26,0.25,2026-08-20T07:43:40.8240000,2026-08-20T07:43:40.8240000,29522.75,29523.75,1,1,0.0000,1,P,30,0,2026-08-20T07:43:42.0000000,29522.75,2026-08-20T07:44:43.0000000,29521.75,29522.75,29524.25,20260924,50
Playback101,Playback,NQ SEP26,0.25,2026-08-20T07:45:17.9040000,2026-08-20T07:45:17.9040000,29529.25,29530.75,1,1,0.0000,-1,P,30,0,2026-08-20T07:45:18.0000000,29530.75,2026-08-20T07:46:19.0000000,29533.25,29532.25,29533.25,20260924,51
Playback101,Playback,NQ SEP26,0.25,2026-08-20T07:47:10.9600000,2026-08-20T07:47:10.9600000,29532.25,29533.25,1,1,0.0000,-1,A,30,0,2026-08-20T07:47:11.0000000,29530.5,2026-08-20T07:48:12.0000000,29551.75,29550.25,29551.25,20260924,52
Playback101,Playback,NQ SEP26,0.25,2026-08-20T07:48:54.1640000,2026-08-20T07:48:54.1640000,29559.5,29560.5,2,1,0.3333,1,A,30,0,2026-08-20T07:48:55.0000000,29560.5,2026-08-20T07:49:56.0000000,29554.25,29555,29556.25,20260924,53
Playback101,Playback,NQ SEP26,0.25,2026-08-20T07:50:37.3040000,2026-08-20T07:50:37.3040000,29551,29552.25,1,2,-0.3333,-1,A,30,0,2026-08-20T07:50:38.0000000,29551,2026-08-20T07:51:38.0000000,29548.5,29547.75,29548.75,20260924,54
Playback101,Playback,NQ SEP26,0.25,2026-08-20T07:52:23.9040000,2026-08-20T07:52:23.9040000,29550.5,29551.5,1,1,0.0000,-1,P,30,0,2026-08-20T07:52:28.0000000,29551.5,2026-08-20T07:53:29.0000000,29549.75,29550,29550.75,20260924,55
Playback101,Playback,NQ SEP26,0.25,2026-08-20T07:54:22.9400000,2026-08-20T07:54:22.9400000,29543.25,29544,1,1,0.0000,-1,A,30,0,2026-08-20T07:54:23.0000000,29543.5,2026-08-20T07:55:24.0000000,29544.25,29543.5,29544.5,20260924,56
Playback101,Playback,NQ SEP26,0.25,2026-08-20T07:56:15.1160000,2026-08-20T07:56:15.1160000,29543.75,29545,1,1,0.0000,1,A,30,0,2026-08-20T07:56:16.0000000,29545.5,2026-08-20T07:57:17.0000000,29546.25,29545.25,29546.25,20260924,57
Playback101,Playback,NQ SEP26,0.25,2026-08-20T07:57:48.4640000,2026-08-20T07:57:48.4640000,29545.25,29545.75,1,1,0.0000,1,A,30,0,2026-08-20T07:57:49.0000000,29546.5,2026-08-20T07:58:50.0000000,29546.75,29547.5,29548.75,20260924,58
Playback101,Playback,NQ SEP26,0.25,2026-08-20T07:59:23.2360000,2026-08-20T07:59:23.2360000,29551.25,29552,1,1,0.0000,-1,P,30,0,2026-08-20T07:59:29.0000000,29552,2026-08-20T08:00:30.0000000,29531,29529.25,29531.25,20260924,59
Playback101,Playback,NQ SEP26,0.25,2026-08-20T08:01:12.2560000,2026-08-20T08:01:12.2560000,29519,29520.5,2,1,0.3333,-1,P,30,0,2026-08-20T08:01:13.0000000,29520.5,2026-08-20T08:02:14.0000000,29512.5,29512.75,29514,20260924,60
Playback101,Playback,NQ SEP26,0.25,2026-08-20T08:02:43.2800000,2026-08-20T08:02:43.2800000,29504.25,29505.75,2,2,0.0000,1,A,30,0,2026-08-20T08:02:44.0000000,29505.75,2026-08-20T08:03:45.0000000,29502.75,29502.75,29504,20260924,61
Playback101,Playback,NQ SEP26,0.25,2026-08-20T08:04:39.2800000,2026-08-20T08:04:39.2800000,29507.5,29508.5,1,1,0.0000,1,P,30,0,2026-08-20T08:04:40.0000000,29507.5,2026-08-20T08:05:41.0000000,29499.5,29497.75,29498.75,20260924,62
Playback101,Playback,NQ SEP26,0.25,2026-08-20T08:06:32.3040000,2026-08-20T08:06:32.3040000,29493.75,29494.75,1,2,-0.3333,1,P,30,0,2026-08-20T08:06:33.0000000,29493.75,2026-08-20T08:07:34.0000000,29485.25,29486,29486.75,20260924,63
Playback101,Playback,NQ SEP26,0.25,2026-08-20T08:08:29.6600000,2026-08-20T08:08:29.6600000,29487.25,29488.25,1,1,0.0000,-1,A,30,0,2026-08-20T08:08:30.0000000,29486.75,2026-08-20T08:09:31.0000000,29488.75,29489,29490.25,20260924,64
Playback101,Playback,NQ SEP26,0.25,2026-08-20T08:10:27.8680000,2026-08-20T08:10:27.8680000,29487,29488,2,1,0.3333,1,P,30,0,2026-08-20T08:10:30.0000000,29487,2026-08-20T08:11:31.0000000,29485,29485.75,29486.5,20260924,65
Playback101,Playback,NQ SEP26,0.25,2026-08-20T08:12:13.0160000,2026-08-20T08:12:13.0160000,29485,29485.75,1,1,0.0000,-1,P,30,0,2026-08-20T08:12:14.0000000,29485.75,2026-08-20T08:13:15.0000000,29479.75,29479,29480,20260924,66
Playback101,Playback,NQ SEP26,0.25,2026-08-20T08:13:53.1480000,2026-08-20T08:13:53.1480000,29465.5,29466.25,2,1,0.3333,-1,A,30,0,2026-08-20T08:13:54.0000000,29466,2026-08-20T08:14:55.0000000,29487.5,29487,29487.5,20260924,67
Playback101,Playback,NQ SEP26,0.25,2026-08-20T08:15:52.1680000,2026-08-20T08:15:52.1680000,29484.75,29486,2,2,0.0000,1,A,30,0,2026-08-20T08:15:53.0000000,29485.5,2026-08-20T08:16:53.0000000,29492.5,29493,29493.5,20260924,68
Playback101,Playback,NQ SEP26,0.25,2026-08-20T08:17:27.1680000,2026-08-20T08:17:27.1680000,29489,29490.25,1,1,0.0000,-1,A,30,0,2026-08-20T08:17:28.0000000,29489.75,2026-08-20T08:18:28.0000000,29487.75,29487.25,29488.5,20260924,69
Playback101,Playback,NQ SEP26,0.25,2026-08-20T08:19:15.1760000,2026-08-20T08:19:15.1760000,29473.75,29474.5,1,1,0.0000,-1,A,30,0,2026-08-20T08:19:16.0000000,29472.75,2026-08-20T08:20:17.0000000,29464,29463.25,29464,20260924,70
Playback101,Playback,NQ SEP26,0.25,2026-08-20T08:20:57.1880000,2026-08-20T08:20:57.1880000,29460,29461,2,1,0.3333,1,A,30,0,2026-08-20T08:20:58.0000000,29459.75,2026-08-20T08:21:59.0000000,29448.5,29450.25,29451,20260924,71
Playback101,Playback,NQ SEP26,0.25,2026-08-20T08:22:45.1880000,2026-08-20T08:22:45.1880000,29455.25,29456,1,1,0.0000,-1,A,30,0,2026-08-20T08:22:46.0000000,29455.5,2026-08-20T08:23:47.0000000,29460.25,29458.75,29459.5,20260924,72
Playback101,Playback,NQ SEP26,0.25,2026-08-20T08:24:19.1960000,2026-08-20T08:24:19.1960000,29444.75,29445.25,1,6,-0.7143,1,P,30,0,2026-08-20T08:24:20.0000000,29444.75,2026-08-20T08:25:21.0000000,29456,29456,29457,20260924,73
Playback101,Playback,NQ SEP26,0.25,2026-08-20T08:26:08.6840000,2026-08-20T08:26:08.6840000,29453.75,29455,1,2,-0.3333,-1,A,30,0,2026-08-20T08:26:09.0000000,29453.75,2026-08-20T08:27:10.0000000,29441,29440.25,29441,20260924,74
Playback101,Playback,NQ SEP26,0.25,2026-08-20T08:28:08.8240000,2026-08-20T08:28:08.8240000,29431.5,29432.75,1,2,-0.3333,1,A,30,0,2026-08-20T08:28:09.0000000,29432.75,2026-08-20T08:29:10.0000000,29425,29425.75,29426.75,20260924,75
Playback101,Playback,NQ SEP26,0.25,2026-08-20T08:29:47.8840000,2026-08-20T08:29:47.8840000,29423,29423.75,1,1,0.0000,-1,P,30,0,2026-08-20T08:29:49.0000000,29423.75,2026-08-20T08:30:49.0000000,29435.25,29434.75,29436,20260924,76
Playback101,Playback,NQ SEP26,0.25,2026-08-20T08:31:22.0560000,2026-08-20T08:31:22.0560000,29434,29435.5,1,2,-0.3333,1,A,30,0,2026-08-20T08:31:23.0000000,29434.75,2026-08-20T08:32:24.0000000,29440.25,29441,29442,20260924,77
Playback101,Playback,NQ SEP26,0.25,2026-08-20T08:33:07.1640000,2026-08-20T08:33:07.1640000,29438.25,29439.25,1,1,0.0000,1,A,30,0,2026-08-20T08:33:08.0000000,29439.5,2026-08-20T08:34:09.0000000,29433,29432.75,29434.25,20260924,78
Playback101,Playback,NQ SEP26,0.25,2026-08-20T08:34:55.1760000,2026-08-20T08:34:55.1760000,29427.75,29428.75,1,1,0.0000,-1,A,30,0,2026-08-20T08:34:56.0000000,29427,2026-08-20T08:35:57.0000000,29426.25,29427,29428.25,20260924,79
Playback101,Playback,NQ SEP26,0.25,2026-08-20T08:36:52.4320000,2026-08-20T08:36:52.4320000,29432,29433,1,1,0.0000,1,A,30,0,2026-08-20T08:36:53.0000000,29433,2026-08-20T08:37:54.0000000,29437.75,29437.75,29438.75,20260924,80
Playback101,Playback,NQ SEP26,0.25,2026-08-20T08:38:29.4760000,2026-08-20T08:38:29.4760000,29439,29440,1,5,-0.6667,1,P,30,0,2026-08-20T08:38:30.0000000,29439,2026-08-20T08:39:31.0000000,29443.75,29444,29445.25,20260924,81
Playback101,Playback,NQ SEP26,0.25,2026-08-20T08:40:18.5200000,2026-08-20T08:40:18.5200000,29451.25,29452.25,1,2,-0.3333,1,P,30,0,2026-08-20T08:40:19.0000000,29449.75,2026-08-20T08:41:20.0000000,29444.5,29444.5,29445.5,20260924,82
Playback101,Playback,NQ SEP26,0.25,2026-08-20T08:42:17.5880000,2026-08-20T08:42:17.5880000,29441,29442,1,1,0.0000,1,P,30,0,2026-08-20T08:42:21.0000000,29441,2026-08-20T08:43:22.0000000,29443,29442.75,29444,20260924,83
Playback101,Playback,NQ SEP26,0.25,2026-08-20T08:43:48.7400000,2026-08-20T08:43:48.7400000,29435.25,29436.5,1,1,0.0000,-1,P,30,1,2026-08-20T08:44:19.0000000,29425.5,2026-08-20T08:45:20.0000000,29423.5,29421.75,29422.75,20260924,84
Playback101,Playback,NQ SEP26,0.25,2026-08-20T08:45:28.9320000,2026-08-20T08:45:28.9320000,29423,29424,1,4,-0.6000,-1,P,30,0,2026-08-20T08:45:48.0000000,29424,2026-08-20T08:46:49.0000000,29393.5,29393,29394,20260924,85
Playback101,Playback,NQ SEP26,0.25,2026-08-20T08:47:00.9480000,2026-08-20T08:47:00.9480000,29389.75,29390.5,1,1,0.0000,-1,P,30,0,2026-08-20T08:47:01.0000000,29390.5,2026-08-20T08:48:02.0000000,29402.25,29401.75,29403,20260924,86
Playback101,Playback,NQ SEP26,0.25,2026-08-20T08:48:51.9520000,2026-08-20T08:48:51.9520000,29379.25,29380.5,1,3,-0.5000,1,A,30,0,2026-08-20T08:48:52.0000000,29379.75,2026-08-20T08:49:53.0000000,29389.25,29387.25,29388.5,20260924,87
Playback101,Playback,NQ SEP26,0.25,2026-08-20T08:50:52.0200000,2026-08-20T08:50:52.0200000,29395.5,29396.25,1,1,0.0000,-1,P,30,0,2026-08-20T08:50:53.0000000,29396.25,2026-08-20T08:51:54.0000000,29393,29391.25,29392,20260924,88
Playback101,Playback,NQ SEP26,0.25,2026-08-20T08:52:32.0760000,2026-08-20T08:52:32.0760000,29377.5,29378.75,1,2,-0.3333,-1,A,30,0,2026-08-20T08:52:33.0000000,29378,2026-08-20T08:53:34.0000000,29387.25,29387,29388.75,20260924,89
Playback101,Playback,NQ SEP26,0.25,2026-08-20T08:54:32.2600000,2026-08-20T08:54:32.2600000,29381.25,29382.25,1,1,0.0000,1,A,30,0,2026-08-20T08:54:33.0000000,29382.75,2026-08-20T08:55:34.0000000,29373.5,29374,29375.25,20260924,90
Playback101,Playback,NQ SEP26,0.25,2026-08-20T08:56:25.2840000,2026-08-20T08:56:25.2840000,29363.5,29364.75,1,1,0.0000,1,A,30,0,2026-08-20T08:56:26.0000000,29364.25,2026-08-20T08:57:27.0000000,29356.75,29357,29358,20260924,91
Playback101,Playback,NQ SEP26,0.25,2026-08-20T08:58:03.3400000,2026-08-20T08:58:03.3400000,29355.75,29357,1,1,0.0000,1,A,30,0,2026-08-20T08:58:04.0000000,29357.25,2026-08-20T08:59:05.0000000,29357,29357.75,29359,20260924,92
Playback101,Playback,NQ SEP26,0.25,2026-08-20T08:59:45.3840000,2026-08-20T08:59:45.3840000,29359,29359.75,1,1,0.0000,1,P,30,0,2026-08-20T08:59:46.0000000,29359,2026-08-20T09:00:47.0000000,29355.25,29355,29356.25,20260924,93
Playback101,Playback,NQ SEP26,0.25,2026-08-20T09:01:36.5360000,2026-08-20T09:01:36.5360000,29365.25,29366,1,1,0.0000,1,A,30,0,2026-08-20T09:01:37.0000000,29366.25,2026-08-20T09:02:37.0000000,29369,29369,29370,20260924,94
Playback101,Playback,NQ SEP26,0.25,2026-08-20T09:03:24.5560000,2026-08-20T09:03:24.5560000,29331.75,29332.75,1,3,-0.5000,1,P,30,0,2026-08-20T09:03:25.0000000,29331.75,2026-08-20T09:04:26.0000000,29320.5,29318.5,29319,20260924,95
Playback101,Playback,NQ SEP26,0.25,2026-08-20T09:04:56.6520000,2026-08-20T09:04:56.6520000,29317.75,29319,1,1,0.0000,-1,A,30,0,2026-08-20T09:04:57.0000000,29316,2026-08-20T09:05:58.0000000,29313,29311.5,29312.5,20260924,96
Playback101,Playback,NQ SEP26,0.25,2026-08-20T09:06:38.6960000,2026-08-20T09:06:38.6960000,29306,29306.75,1,1,0.0000,1,P,30,0,2026-08-20T09:06:39.0000000,29306,2026-08-20T09:07:40.0000000,29311.75,29306.75,29308,20260924,97
Playback101,Playback,NQ SEP26,0.25,2026-08-20T09:08:30.6960000,2026-08-20T09:08:30.6960000,29301.5,29302.5,2,1,0.3333,1,P,30,0,2026-08-20T09:08:33.0000000,29301.5,2026-08-20T09:09:33.0000000,29291,29290.25,29291,20260924,98
Playback101,Playback,NQ SEP26,0.25,2026-08-20T09:10:08.8560000,2026-08-20T09:10:08.8560000,29297,29297.75,1,1,0.0000,1,P,30,0,2026-08-20T09:10:09.0000000,29297,2026-08-20T09:11:10.0000000,29286,29286.25,29287.25,20260924,99
Playback101,Playback,NQ SEP26,0.25,2026-08-20T09:11:52.8560000,2026-08-20T09:11:52.8560000,29293,29294.25,3,1,0.5000,-1,A,30,0,2026-08-20T09:11:53.0000000,29293.25,2026-08-20T09:12:54.0000000,29270.5,29269,29270,20260924,100
Playback101,Playback,NQ SEP26,0.25,2026-08-20T09:13:26.8880000,2026-08-20T09:13:26.8880000,29276,29277.5,1,4,-0.6000,1,A,30,0,2026-08-20T09:13:27.0000000,29278.25,2026-08-20T09:14:28.0000000,29274.75,29274.75,29275.75,20260924,101
Playback101,Playback,NQ SEP26,0.25,2026-08-20T09:15:07.8920000,2026-08-20T09:15:07.8920000,29272,29273.25,1,2,-0.3333,1,A,30,0,2026-08-20T09:15:08.0000000,29273.25,2026-08-20T09:16:09.0000000,29270.25,29272,29273,20260924,102
Playback101,Playback,NQ SEP26,0.25,2026-08-20T09:17:00.9080000,2026-08-20T09:17:00.9080000,29280.25,29281.5,1,1,0.0000,-1,P,30,0,2026-08-20T09:17:02.0000000,29281.5,2026-08-20T09:18:03.0000000,29275.75,29275.25,29276.5,20260924,103
Playback101,Playback,NQ SEP26,0.25,2026-08-20T09:18:49.9120000,2026-08-20T09:18:49.9120000,29264.25,29265.5,2,1,0.3333,1,P,30,0,2026-08-20T09:18:58.0000000,29264.25,2026-08-20T09:19:59.0000000,29271.25,29273,29274,20260924,104
Playback101,Playback,NQ SEP26,0.25,2026-08-20T09:20:25.9240000,2026-08-20T09:20:25.9240000,29283.25,29284.25,1,2,-0.3333,1,A,30,0,2026-08-20T09:20:26.0000000,29284.75,2026-08-20T09:21:27.0000000,29284.75,29284.5,29285.25,20260924,105
Playback101,Playback,NQ SEP26,0.25,2026-08-20T09:21:56.9280000,2026-08-20T09:21:56.9280000,29292,29292.75,1,1,0.0000,1,P,30,0,2026-08-20T09:21:57.0000000,29292,2026-08-20T09:22:58.0000000,29289,29286.25,29287.5,20260924,106
Playback101,Playback,NQ SEP26,0.25,2026-08-20T09:23:49.9800000,2026-08-20T09:23:49.9800000,29298.5,29299.25,2,1,0.3333,-1,A,30,0,2026-08-20T09:23:50.0000000,29298.75,2026-08-20T09:24:51.0000000,29294.5,29291.25,29292.5,20260924,107
Playback101,Playback,NQ SEP26,0.25,2026-08-20T09:25:48.0120000,2026-08-20T09:25:48.0120000,29289.25,29290,1,1,0.0000,1,A,30,0,2026-08-20T09:25:49.0000000,29292.5,2026-08-20T09:26:50.0000000,29288,29288,29289,20260924,108
Playback101,Playback,NQ SEP26,0.25,2026-08-20T09:27:22.1520000,2026-08-20T09:27:22.1520000,29287,29288.25,1,2,-0.3333,-1,A,30,0,2026-08-20T09:27:23.0000000,29287,2026-08-20T09:28:24.0000000,29285.25,29285.5,29286.75,20260924,109
Playback101,Playback,NQ SEP26,0.25,2026-08-20T09:28:59.3240000,2026-08-20T09:28:59.3240000,29280.75,29282,3,1,0.5000,-1,A,30,0,2026-08-20T09:29:00.0000000,29281.25,2026-08-20T09:30:01.0000000,29281.5,29275.25,29278,20260924,110
Playback101,Playback,NQ SEP26,0.25,2026-08-20T09:30:37.4200000,2026-08-20T09:30:37.4200000,29272,29273,4,1,0.6000,-1,A,30,0,2026-08-20T09:30:38.0000000,29271.75,2026-08-20T09:31:39.0000000,29260,29259.75,29260.75,20260924,111
Playback101,Playback,NQ SEP26,0.25,2026-08-20T09:32:35.4320000,2026-08-20T09:32:35.4320000,29266.25,29268,1,1,0.0000,1,P,30,0,2026-08-20T09:32:36.0000000,29266.25,2026-08-20T09:33:37.0000000,29265.5,29267,29267.75,20260924,112
Playback101,Playback,NQ SEP26,0.25,2026-08-20T09:34:21.4560000,2026-08-20T09:34:21.4560000,29273,29274,1,2,-0.3333,1,A,30,0,2026-08-20T09:34:22.0000000,29274,2026-08-20T09:35:23.0000000,29256.25,29257.25,29258,20260924,113
Playback101,Playback,NQ SEP26,0.25,2026-08-20T09:35:55.4560000,2026-08-20T09:35:55.4560000,29248.5,29249.5,1,1,0.0000,-1,P,30,1,2026-08-20T09:36:26.0000000,29246.25,2026-08-20T09:37:26.0000000,29255.25,29254.5,29255.5,20260924,114
Playback101,Playback,NQ SEP26,0.25,2026-08-20T09:37:32.4880000,2026-08-20T09:37:32.4880000,29247.25,29248,1,1,0.0000,-1,A,30,0,2026-08-20T09:37:33.0000000,29247,2026-08-20T09:38:34.0000000,29253,29251.75,29252.5,20260924,115
Playback101,Playback,NQ SEP26,0.25,2026-08-20T09:39:16.4880000,2026-08-20T09:39:16.4880000,29257,29258.5,1,6,-0.7143,1,P,30,0,2026-08-20T09:39:17.0000000,29257,2026-08-20T09:40:18.0000000,29262.5,29263.5,29264.25,20260924,116
Playback101,Playback,NQ SEP26,0.25,2026-08-20T09:40:53.5280000,2026-08-20T09:40:53.5280000,29271.5,29272.5,1,1,0.0000,-1,A,30,0,2026-08-20T09:40:54.0000000,29272.75,2026-08-20T09:41:54.0000000,29275,29274.75,29275.75,20260924,117
Playback101,Playback,NQ SEP26,0.25,2026-08-20T09:42:35.5640000,2026-08-20T09:42:35.5640000,29273.25,29274,2,2,0.0000,1,A,30,0,2026-08-20T09:42:36.0000000,29276.25,2026-08-20T09:43:37.0000000,29281,29281,29281.5,20260924,118
Playback101,Playback,NQ SEP26,0.25,2026-08-20T09:44:29.6240000,2026-08-20T09:44:29.6240000,29287,29287.75,2,1,0.3333,1,A,30,0,2026-08-20T09:44:30.0000000,29287.75,2026-08-20T09:45:31.0000000,29286,29286.25,29286.75,20260924,119
Playback101,Playback,NQ SEP26,0.25,2026-08-20T09:46:26.8520000,2026-08-20T09:46:26.8520000,29287,29287.5,1,1,0.0000,-1,A,30,0,2026-08-20T09:46:27.0000000,29287,2026-08-20T09:47:27.0000000,29301,29300.25,29300.75,20260924,120
Playback101,Playback,NQ SEP26,0.25,2026-08-20T09:47:58.8520000,2026-08-20T09:47:58.8520000,29298.25,29299,2,1,0.3333,1,P,30,0,2026-08-20T09:48:00.0000000,29298.25,2026-08-20T09:49:01.0000000,29302.5,29301.25,29301.5,20260924,121
Playback101,Playback,NQ SEP26,0.25,2026-08-20T09:49:35.9720000,2026-08-20T09:49:35.9720000,29305.25,29305.75,2,2,0.0000,1,A,30,0,2026-08-20T09:49:36.0000000,29305.75,2026-08-20T09:50:37.0000000,29318.75,29318.75,29319.25,20260924,122
Playback101,Playback,NQ SEP26,0.25,2026-08-20T09:51:23.1000000,2026-08-20T09:51:23.1000000,29323.5,29324,1,1,0.0000,-1,A,30,0,2026-08-20T09:51:24.0000000,29321.25,2026-08-20T09:52:24.0000000,29329.25,29329,29329.75,20260924,123
Playback101,Playback,NQ SEP26,0.25,2026-08-20T09:52:57.3040000,2026-08-20T09:52:57.3040000,29330,29330.75,1,1,0.0000,-1,P,30,0,2026-08-20T09:52:59.0000000,29330.75,2026-08-20T09:54:00.0000000,29336,29334.5,29335.5,20260924,124
Playback101,Playback,NQ SEP26,0.25,2026-08-20T09:54:44.3080000,2026-08-20T09:54:44.3080000,29342.25,29343,1,1,0.0000,-1,P,30,0,2026-08-20T09:54:45.0000000,29343,2026-08-20T09:55:46.0000000,29342.25,29341.5,29342.25,20260924,125
Playback101,Playback,NQ SEP26,0.25,2026-08-20T09:56:33.3560000,2026-08-20T09:56:33.3560000,29337.25,29338.25,2,1,0.3333,-1,P,30,0,2026-08-20T09:56:37.0000000,29338.25,2026-08-20T09:57:38.0000000,29340.75,29340,29341,20260924,126
Playback101,Playback,NQ SEP26,0.25,2026-08-20T09:58:22.9080000,2026-08-20T09:58:22.9080000,29339.75,29340.5,2,1,0.3333,-1,P,30,0,2026-08-20T09:58:23.0000000,29340.5,2026-08-20T09:59:24.0000000,29344.25,29343.5,29344.25,20260924,127
Playback101,Playback,NQ SEP26,0.25,2026-08-20T10:00:18.9200000,2026-08-20T10:00:18.9200000,29348,29348.75,1,1,0.0000,-1,A,30,0,2026-08-20T10:00:19.0000000,29347.5,2026-08-20T10:01:20.0000000,29357.5,29357,29357.5,20260924,128
Playback101,Playback,NQ SEP26,0.25,2026-08-20T10:01:53.9840000,2026-08-20T10:01:53.9840000,29353.75,29354.25,1,1,0.0000,1,A,30,0,2026-08-20T10:01:54.0000000,29354.5,2026-08-20T10:02:55.0000000,29354.25,29354.25,29354.75,20260924,129
Playback101,Playback,NQ SEP26,0.25,2026-08-20T10:03:25.0560000,2026-08-20T10:03:25.0560000,29353.5,29354,1,1,0.0000,-1,P,30,0,2026-08-20T10:03:26.0000000,29354.5,2026-08-20T10:04:27.0000000,29366.25,29365.5,29366.25,20260924,130
Playback101,Playback,NQ SEP26,0.25,2026-08-20T10:04:56.1840000,2026-08-20T10:04:56.1840000,29363.75,29364.5,2,1,0.3333,1,P,30,0,2026-08-20T10:04:58.0000000,29363.75,2026-08-20T10:05:59.0000000,29370.25,29369.75,29370.5,20260924,131
Playback101,Playback,NQ SEP26,0.25,2026-08-20T10:06:42.2400000,2026-08-20T10:06:42.2400000,29363.25,29364,2,1,0.3333,1,A,30,0,2026-08-20T10:06:43.0000000,29364,2026-08-20T10:07:44.0000000,29358,29357.75,29358.5,20260924,132
Playback101,Playback,NQ SEP26,0.25,2026-08-20T10:08:13.2720000,2026-08-20T10:08:13.2720000,29354.25,29355,2,1,0.3333,-1,A,30,0,2026-08-20T10:08:14.0000000,29354.25,2026-08-20T10:09:15.0000000,29354,29353,29353.75,20260924,133
Playback101,Playback,NQ SEP26,0.25,2026-08-20T10:09:47.3080000,2026-08-20T10:09:47.3080000,29347.5,29348,1,1,0.0000,1,P,30,0,2026-08-20T10:09:48.0000000,29347.5,2026-08-20T10:10:49.0000000,29341.25,29340.75,29341.5,20260924,134
Playback101,Playback,NQ SEP26,0.25,2026-08-20T10:11:39.7840000,2026-08-20T10:11:39.7840000,29340.75,29341.5,2,2,0.0000,-1,A,30,0,2026-08-20T10:11:40.0000000,29341,2026-08-20T10:12:40.0000000,29342.5,29341.5,29342.25,20260924,135
Playback101,Playback,NQ SEP26,0.25,2026-08-20T10:13:33.8160000,2026-08-20T10:13:33.8160000,29344.5,29345.25,1,2,-0.3333,1,P,30,0,2026-08-20T10:13:40.0000000,29344.5,2026-08-20T10:14:41.0000000,29335,29335,29335.5,20260924,136
Playback101,Playback,NQ SEP26,0.25,2026-08-20T10:15:05.9280000,2026-08-20T10:15:05.9280000,29334.75,29335.5,1,1,0.0000,1,P,30,0,2026-08-20T10:15:06.0000000,29334.75,2026-08-20T10:16:06.0000000,29337.5,29337,29337.75,20260924,137
Playback101,Playback,NQ SEP26,0.25,2026-08-20T10:16:51.9400000,2026-08-20T10:16:51.9400000,29331.5,29332,1,1,0.0000,1,P,30,0,2026-08-20T10:16:52.0000000,29331.5,2026-08-20T10:17:53.0000000,29334.75,29334,29334.75,20260924,138
Playback101,Playback,NQ SEP26,0.25,2026-08-20T10:18:43.9520000,2026-08-20T10:18:43.9520000,29336,29336.75,1,1,0.0000,1,A,30,0,2026-08-20T10:18:44.0000000,29337.25,2026-08-20T10:19:45.0000000,29337.75,29337.5,29338.25,20260924,139
Playback101,Playback,NQ SEP26,0.25,2026-08-20T10:20:22.9520000,2026-08-20T10:20:22.9520000,29326.5,29327,1,1,0.0000,-1,A,30,0,2026-08-20T10:20:23.0000000,29326.5,2026-08-20T10:21:24.0000000,29337.25,29336.75,29337.25,20260924,140
Playback101,Playback,NQ SEP26,0.25,2026-08-20T10:22:06.9600000,2026-08-20T10:22:06.9600000,29334.5,29335,1,1,0.0000,1,P,30,0,2026-08-20T10:22:07.0000000,29334.5,2026-08-20T10:23:07.0000000,29336.5,29336.75,29337.5,20260924,141
Playback101,Playback,NQ SEP26,0.25,2026-08-20T10:23:41.0920000,2026-08-20T10:23:41.0920000,29335.75,29336.25,1,1,0.0000,1,P,30,0,2026-08-20T10:23:42.0000000,29335.75,2026-08-20T10:24:43.0000000,29341.75,29343,29343.75,20260924,142
Playback101,Playback,NQ SEP26,0.25,2026-08-20T10:25:15.0920000,2026-08-20T10:25:15.0920000,29357,29357.5,1,1,0.0000,-1,P,30,0,2026-08-20T10:25:23.0000000,29357.5,2026-08-20T10:26:24.0000000,29359.5,29360.25,29361,20260924,143
Playback101,Playback,NQ SEP26,0.25,2026-08-20T10:26:49.0920000,2026-08-20T10:26:49.0920000,29356.5,29357.5,2,1,0.3333,1,P,30,0,2026-08-20T10:26:50.0000000,29356.5,2026-08-20T10:27:51.0000000,29339.25,29343.5,29344.25,20260924,144
Playback101,Playback,NQ SEP26,0.25,2026-08-20T10:28:31.1160000,2026-08-20T10:28:31.1160000,29347.75,29348.75,2,1,0.3333,1,P,30,0,2026-08-20T10:28:32.0000000,29347.75,2026-08-20T10:29:33.0000000,29353.75,29353.25,29353.75,20260924,145
Playback101,Playback,NQ SEP26,0.25,2026-08-20T10:30:12.1200000,2026-08-20T10:30:12.1200000,29381.25,29381.75,1,1,0.0000,1,A,30,0,2026-08-20T10:30:13.0000000,29385.25,2026-08-20T10:31:14.0000000,29388.75,29389.25,29390,20260924,146
Playback101,Playback,NQ SEP26,0.25,2026-08-20T10:31:44.1200000,2026-08-20T10:31:44.1200000,29421.5,29422.25,2,2,0.0000,-1,P,30,0,2026-08-20T10:31:45.0000000,29423.25,2026-08-20T10:32:45.0000000,29398.75,29398,29398.75,20260924,147
Playback101,Playback,NQ SEP26,0.25,2026-08-20T10:33:18.1360000,2026-08-20T10:33:18.1360000,29409.25,29410.25,1,1,0.0000,1,A,30,0,2026-08-20T10:33:19.0000000,29405.25,2026-08-20T10:34:19.0000000,29392,29392,29392.75,20260924,148
Playback101,Playback,NQ SEP26,0.25,2026-08-20T10:35:13.1440000,2026-08-20T10:35:13.1440000,29374.5,29375,1,1,0.0000,-1,P,30,0,2026-08-20T10:35:14.0000000,29377.75,2026-08-20T10:36:15.0000000,29460.5,29459.5,29460.25,20260924,149
Playback101,Playback,NQ SEP26,0.25,2026-08-20T10:36:55.1640000,2026-08-20T10:36:55.1640000,29447.25,29447.75,1,1,0.0000,-1,P,30,0,2026-08-20T10:36:56.0000000,29451,2026-08-20T10:37:56.0000000,29447.5,29446.75,29447.5,20260924,150
Playback101,Playback,NQ SEP26,0.25,2026-08-20T10:38:33.1640000,2026-08-20T10:38:33.1640000,29438.25,29439.25,2,3,-0.2000,-1,A,30,0,2026-08-20T10:38:34.0000000,29438,2026-08-20T10:39:35.0000000,29460,29463.5,29464,20260924,151
Playback101,Playback,NQ SEP26,0.25,2026-08-20T10:40:31.1640000,2026-08-20T10:40:31.1640000,29402.25,29403.25,3,1,0.5000,-1,A,30,0,2026-08-20T10:40:32.0000000,29402,2026-08-20T10:41:32.0000000,29443.25,29443.25,29443.75,20260924,152
Playback101,Playback,NQ SEP26,0.25,2026-08-20T10:42:31.1760000,2026-08-20T10:42:31.1760000,29425.5,29426.25,2,2,0.0000,-1,P,30,0,2026-08-20T10:42:32.0000000,29426.25,2026-08-20T10:43:32.0000000,29435.25,29435,29435.75,20260924,153
Playback101,Playback,NQ SEP26,0.25,2026-08-20T10:44:25.1760000,2026-08-20T10:44:25.1760000,29449.5,29450.25,1,3,-0.5000,-1,P,30,0,2026-08-20T10:44:29.0000000,29450.25,2026-08-20T10:45:30.0000000,29426.5,29424.5,29425.5,20260924,154
Playback101,Playback,NQ SEP26,0.25,2026-08-20T10:46:12.1760000,2026-08-20T10:46:12.1760000,29410.25,29410.75,1,1,0.0000,1,P,30,0,2026-08-20T10:46:13.0000000,29409.75,2026-08-20T10:47:13.0000000,29394.75,29395.5,29396.5,20260924,155
Playback101,Playback,NQ SEP26,0.25,2026-08-20T10:48:07.2160000,2026-08-20T10:48:07.2160000,29388,29388.5,2,1,0.3333,1,A,30,0,2026-08-20T10:48:08.0000000,29394,2026-08-20T10:49:09.0000000,29354,29353.5,29354,20260924,156
Playback101,Playback,NQ SEP26,0.25,2026-08-20T10:50:02.2160000,2026-08-20T10:50:02.2160000,29389.75,29390.25,1,1,0.0000,1,P,30,0,2026-08-20T10:50:03.0000000,29389.75,2026-08-20T10:51:03.0000000,29383.25,29383.5,29384.25,20260924,157
Playback101,Playback,NQ SEP26,0.25,2026-08-20T10:51:52.2240000,2026-08-20T10:51:52.2240000,29352.75,29353.25,1,1,0.0000,1,P,30,0,2026-08-20T10:51:53.0000000,29352.75,2026-08-20T10:52:54.0000000,29334.75,29334.25,29334.75,20260924,158
Playback101,Playback,NQ SEP26,0.25,2026-08-20T10:53:36.2360000,2026-08-20T10:53:36.2360000,29346.5,29347.25,1,2,-0.3333,1,P,30,0,2026-08-20T10:53:37.0000000,29343.25,2026-08-20T10:54:38.0000000,29339.5,29341.5,29342.25,20260924,159
Playback101,Playback,NQ SEP26,0.25,2026-08-20T10:55:12.2360000,2026-08-20T10:55:12.2360000,29361.25,29362,1,4,-0.6000,-1,A,30,0,2026-08-20T10:55:13.0000000,29371,2026-08-20T10:56:14.0000000,29401,29400.75,29401.5,20260924,160
Playback101,Playback,NQ SEP26,0.25,2026-08-20T10:56:56.2360000,2026-08-20T10:56:56.2360000,29345.25,29345.75,1,2,-0.3333,-1,P,30,0,2026-08-20T10:56:57.0000000,29345.75,2026-08-20T10:57:58.0000000,29332.5,29333.75,29334.5,20260924,161
Playback101,Playback,NQ SEP26,0.25,2026-08-20T10:58:47.2360000,2026-08-20T10:58:47.2360000,29345.75,29346.5,1,1,0.0000,1,P,30,0,2026-08-20T10:58:48.0000000,29345.75,2026-08-20T10:59:49.0000000,29345,29344.75,29345.75,20260924,162
Playback101,Playback,NQ SEP26,0.25,2026-08-20T11:00:39.2360000,2026-08-20T11:00:39.2360000,29385,29386,2,4,-0.3333,1,P,30,0,2026-08-20T11:00:40.0000000,29384,2026-08-20T11:01:40.0000000,29377.25,29376.25,29377.25,20260924,163
Playback101,Playback,NQ SEP26,0.25,2026-08-20T11:02:20.2360000,2026-08-20T11:02:20.2360000,29375,29375.75,2,2,0.0000,1,P,30,0,2026-08-20T11:02:22.0000000,29375,2026-08-20T11:03:22.0000000,29320.25,29320.5,29321.25,20260924,164
Playback101,Playback,NQ SEP26,0.25,2026-08-20T11:04:17.2360000,2026-08-20T11:04:17.2360000,29341.25,29342,2,3,-0.2000,-1,A,30,0,2026-08-20T11:04:18.0000000,29341.75,2026-08-20T11:05:18.0000000,29327.5,29326.25,29327.25,20260924,165
Playback101,Playback,NQ SEP26,0.25,2026-08-20T11:05:53.2640000,2026-08-20T11:05:53.2640000,29339.75,29340.25,1,1,0.0000,-1,A,30,0,2026-08-20T11:05:54.0000000,29342,2026-08-20T11:06:55.0000000,29371,29370,29370.5,20260924,166
Playback101,Playback,NQ SEP26,0.25,2026-08-20T11:07:37.2960000,2026-08-20T11:07:37.2960000,29350,29350.5,1,1,0.0000,-1,A,30,0,2026-08-20T11:07:38.0000000,29351,2026-08-20T11:08:39.0000000,29340.75,29338,29338.5,20260924,167
Playback101,Playback,NQ SEP26,0.25,2026-08-20T11:09:26.2960000,2026-08-20T11:09:26.2960000,29374.75,29375.25,1,1,0.0000,-1,P,30,0,2026-08-20T11:09:27.0000000,29375.25,2026-08-20T11:10:27.0000000,29388,29387,29387.5,20260924,168
Playback101,Playback,NQ SEP26,0.25,2026-08-20T11:11:20.2960000,2026-08-20T11:11:20.2960000,29388.25,29389,1,2,-0.3333,1,A,30,0,2026-08-20T11:11:21.0000000,29391,2026-08-20T11:12:22.0000000,29381.75,29382.5,29383.25,20260924,169
Playback101,Playback,NQ SEP26,0.25,2026-08-20T11:12:59.2960000,2026-08-20T11:12:59.2960000,29382,29382.5,1,1,0.0000,-1,A,30,0,2026-08-20T11:13:00.0000000,29384.25,2026-08-20T11:14:00.0000000,29384,29383.75,29384.5,20260924,170
Playback101,Playback,NQ SEP26,0.25,2026-08-20T11:14:55.3080000,2026-08-20T11:14:55.3080000,29368.25,29369,2,2,0.0000,1,P,30,0,2026-08-20T11:14:56.0000000,29368.25,2026-08-20T11:15:56.0000000,29339.25,29338.25,29339,20260924,171
Playback101,Playback,NQ SEP26,0.25,2026-08-20T11:16:37.3080000,2026-08-20T11:16:37.3080000,29345.75,29346.5,2,1,0.3333,-1,A,30,0,2026-08-20T11:16:38.0000000,29344.25,2026-08-20T11:17:38.0000000,29332,29331,29331.75,20260924,172
Playback101,Playback,NQ SEP26,0.25,2026-08-20T11:18:26.3080000,2026-08-20T11:18:26.3080000,29332.75,29333.5,2,1,0.3333,1,P,30,0,2026-08-20T11:18:55.0000000,29332.75,2026-08-20T11:19:56.0000000,29317.75,29318.25,29319,20260924,173
Playback101,Playback,NQ SEP26,0.25,2026-08-20T11:20:15.3080000,2026-08-20T11:20:15.3080000,29318,29319,3,2,0.2000,1,P,30,1,2026-08-20T11:20:46.0000000,29385,2026-08-20T11:21:47.0000000,29381,29382.25,29382.75,20260924,174
Playback101,Playback,NQ SEP26,0.25,2026-08-20T11:22:15.3080000,2026-08-20T11:22:15.3080000,29356.75,29357.5,1,1,0.0000,-1,P,30,0,2026-08-20T11:22:19.0000000,29357.5,2026-08-20T11:23:20.0000000,29377.25,29373.5,29373.75,20260924,175
Playback101,Playback,NQ SEP26,0.25,2026-08-20T11:23:59.3280000,2026-08-20T11:23:59.3280000,29406,29406.75,2,2,0.0000,1,P,30,0,2026-08-20T11:24:01.0000000,29406,2026-08-20T11:25:02.0000000,29400,29395.75,29396.75,20260924,176
Playback101,Playback,NQ SEP26,0.25,2026-08-20T11:25:56.3840000,2026-08-20T11:25:56.3840000,29382.5,29383.5,2,2,0.0000,-1,A,30,0,2026-08-20T11:25:57.0000000,29383,2026-08-20T11:26:58.0000000,29369.25,29368.5,29369,20260924,177
Playback101,Playback,NQ SEP26,0.25,2026-08-20T11:27:41.3840000,2026-08-20T11:27:41.3840000,29341.75,29342.5,2,1,0.3333,-1,A,30,0,2026-08-20T11:27:42.0000000,29343.5,2026-08-20T11:28:43.0000000,29369.5,29365.75,29366,20260924,178
Playback101,Playback,NQ SEP26,0.25,2026-08-20T11:29:18.3960000,2026-08-20T11:29:18.3960000,29338.5,29339,1,1,0.0000,-1,A,30,0,2026-08-20T11:29:19.0000000,29337.25,2026-08-20T11:30:19.0000000,29345.25,29344.5,29345.25,20260924,179
Playback101,Playback,NQ SEP26,0.25,2026-08-20T11:31:09.4200000,2026-08-20T11:31:09.4200000,29361.5,29362.5,1,4,-0.6000,1,A,30,0,2026-08-20T11:31:10.0000000,29362.5,2026-08-20T11:32:11.0000000,29376,29376.5,29377,20260924,180
Playback101,Playback,NQ SEP26,0.25,2026-08-20T11:32:49.4440000,2026-08-20T11:32:49.4440000,29354,29354.75,1,2,-0.3333,-1,P,30,0,2026-08-20T11:32:51.0000000,29354.75,2026-08-20T11:33:52.0000000,29379,29379,29379.5,20260924,181
Playback101,Playback,NQ SEP26,0.25,2026-08-20T11:34:32.4640000,2026-08-20T11:34:32.4640000,29370.5,29371.5,2,2,0.0000,1,P,30,0,2026-08-20T11:34:33.0000000,29369,2026-08-20T11:35:33.0000000,29337.75,29337.75,29338.25,20260924,182
Playback101,Playback,NQ SEP26,0.25,2026-08-20T11:36:12.4960000,2026-08-20T11:36:12.4960000,29362.75,29363.75,4,2,0.3333,-1,P,30,0,2026-08-20T11:36:26.0000000,29363.75,2026-08-20T11:37:26.0000000,29381,29380.25,29380.75,20260924,183
Playback101,Playback,NQ SEP26,0.25,2026-08-20T11:38:09.5240000,2026-08-20T11:38:09.5240000,29379.25,29380,4,1,0.6000,-1,P,30,0,2026-08-20T11:38:10.0000000,29380,2026-08-20T11:39:11.0000000,29391.25,29391,29391.5,20260924,184
Playback101,Playback,NQ SEP26,0.25,2026-08-20T11:40:09.5560000,2026-08-20T11:40:09.5560000,29409.75,29410.25,1,1,0.0000,-1,A,30,0,2026-08-20T11:40:10.0000000,29411.75,2026-08-20T11:41:11.0000000,29413.5,29410.75,29411.5,20260924,185
Playback101,Playback,NQ SEP26,0.25,2026-08-20T11:42:00.5840000,2026-08-20T11:42:00.5840000,29398.75,29399.5,1,2,-0.3333,1,P,30,0,2026-08-20T11:42:01.0000000,29398,2026-08-20T11:43:02.0000000,29418.75,29420.5,29421.25,20260924,186
Playback101,Playback,NQ SEP26,0.25,2026-08-20T11:43:45.6120000,2026-08-20T11:43:45.6120000,29421.75,29422.25,1,2,-0.3333,1,A,30,0,2026-08-20T11:43:46.0000000,29422.25,2026-08-20T11:44:47.0000000,29421.75,29420,29420.5,20260924,187
Playback101,Playback,NQ SEP26,0.25,2026-08-20T11:45:34.6440000,2026-08-20T11:45:34.6440000,29428.5,29429.25,5,1,0.6667,1,A,30,0,2026-08-20T11:45:35.0000000,29429.5,2026-08-20T11:46:36.0000000,29417.25,29418.5,29419,20260924,188
Playback101,Playback,NQ SEP26,0.25,2026-08-20T11:47:23.6760000,2026-08-20T11:47:23.6760000,29412.25,29412.75,1,1,0.0000,1,A,30,0,2026-08-20T11:47:24.0000000,29413.25,2026-08-20T11:48:24.0000000,29396.25,29396.25,29396.75,20260924,189
Playback101,Playback,NQ SEP26,0.25,2026-08-20T11:49:20.7000000,2026-08-20T11:49:20.7000000,29378.25,29379,1,2,-0.3333,-1,P,30,0,2026-08-20T11:49:22.0000000,29379,2026-08-20T11:50:22.0000000,29369.75,29369.25,29369.75,20260924,190
Playback101,Playback,NQ SEP26,0.25,2026-08-20T11:51:11.7320000,2026-08-20T11:51:11.7320000,29376,29376.75,1,1,0.0000,1,P,30,0,2026-08-20T11:51:12.0000000,29376,2026-08-20T11:52:13.0000000,29376,29375.5,29376.25,20260924,191
Playback101,Playback,NQ SEP26,0.25,2026-08-20T11:53:07.7640000,2026-08-20T11:53:07.7640000,29380.25,29381,1,1,0.0000,-1,P,30,0,2026-08-20T11:53:09.0000000,29381,2026-08-20T11:54:10.0000000,29377.5,29376.5,29377.25,20260924,192
Playback101,Playback,NQ SEP26,0.25,2026-08-20T11:54:56.7960000,2026-08-20T11:54:56.7960000,29359.5,29360,2,1,0.3333,1,A,30,0,2026-08-20T11:54:57.0000000,29360,2026-08-20T11:55:58.0000000,29372.25,29373,29373.75,20260924,193
Playback101,Playback,NQ SEP26,0.25,2026-08-20T11:56:38.8200000,2026-08-20T11:56:38.8200000,29365,29365.5,1,1,0.0000,-1,P,30,0,2026-08-20T11:56:39.0000000,29365.5,2026-08-20T11:57:40.0000000,29365.75,29366.5,29367,20260924,194
Playback101,Playback,NQ SEP26,0.25,2026-08-20T11:58:35.8520000,2026-08-20T11:58:35.8520000,29350.5,29351.25,1,2,-0.3333,-1,P,30,0,2026-08-20T11:58:36.0000000,29351.25,2026-08-20T11:59:36.0000000,29381.75,29381.25,29381.75,20260924,195
Playback101,Playback,NQ SEP26,0.25,2026-08-20T12:00:06.8800000,2026-08-20T12:00:06.8800000,29392.5,29393.25,1,3,-0.5000,-1,A,30,0,2026-08-20T12:00:07.0000000,29392.25,2026-08-20T12:01:08.0000000,29408,29407.75,29408.5,20260924,196
Playback101,Playback,NQ SEP26,0.25,2026-08-20T12:01:51.9040000,2026-08-20T12:01:51.9040000,29435.5,29436.25,1,1,0.0000,1,P,30,0,2026-08-20T12:01:53.0000000,29435.5,2026-08-20T12:02:53.0000000,29426.75,29426.75,29427.5,20260924,197
Playback101,Playback,NQ SEP26,0.25,2026-08-20T12:03:22.9200000,2026-08-20T12:03:22.9200000,29428.5,29428.75,1,2,-0.3333,-1,P,30,0,2026-08-20T12:03:23.0000000,29428.75,2026-08-20T12:04:24.0000000,29438.5,29435.5,29436,20260924,198
Playback101,Playback,NQ SEP26,0.25,2026-08-20T12:05:03.9440000,2026-08-20T12:05:03.9440000,29425.75,29426.25,1,3,-0.5000,-1,A,30,0,2026-08-20T12:05:04.0000000,29425.5,2026-08-20T12:06:04.0000000,29375.75,29374.25,29375,20260924,199
Playback101,Playback,NQ SEP26,0.25,2026-08-20T12:06:58.9640000,2026-08-20T12:06:58.9640000,29367.75,29368.5,2,2,0.0000,1,A,30,0,2026-08-20T12:06:59.0000000,29368.25,2026-08-20T12:08:00.0000000,29372.25,29370.75,29371.25,20260924,200
Playback101,Playback,NQ SEP26,0.25,2026-08-20T12:08:44.9880000,2026-08-20T12:08:44.9880000,29360.25,29361,4,2,0.3333,1,P,30,0,2026-08-20T12:08:45.0000000,29360.25,2026-08-20T12:09:46.0000000,29346,29347.5,29348.25,20260924,201
Playback101,Playback,NQ SEP26,0.25,2026-08-20T12:10:31.0160000,2026-08-20T12:10:31.0160000,29353.25,29353.75,1,1,0.0000,1,P,30,0,2026-08-20T12:10:32.0000000,29352,2026-08-20T12:11:33.0000000,29328.75,29328.75,29329.25,20260924,202
Playback101,Playback,NQ SEP26,0.25,2026-08-20T12:12:24.0400000,2026-08-20T12:12:24.0400000,29339.5,29340,2,1,0.3333,1,A,30,0,2026-08-20T12:12:25.0000000,29341.5,2026-08-20T12:13:25.0000000,29360,29360,29360.75,20260924,203
Playback101,Playback,NQ SEP26,0.25,2026-08-20T12:13:58.0600000,2026-08-20T12:13:58.0600000,29370.25,29370.75,1,1,0.0000,1,A,30,0,2026-08-20T12:13:59.0000000,29375.75,2026-08-20T12:15:00.0000000,29365.25,29364.75,29365.5,20260924,204
Playback101,Playback,NQ SEP26,0.25,2026-08-20T12:15:34.0800000,2026-08-20T12:15:34.0800000,29362,29362.5,1,1,0.0000,-1,A,30,0,2026-08-20T12:15:35.0000000,29364.75,2026-08-20T12:16:36.0000000,29345.75,29347,29347.5,20260924,205
Playback101,Playback,NQ SEP26,0.25,2026-08-20T12:17:21.1080000,2026-08-20T12:17:21.1080000,29358.75,29359.75,1,3,-0.5000,-1,P,30,0,2026-08-20T12:17:22.0000000,29361.75,2026-08-20T12:18:23.0000000,29352,29350,29350.75,20260924,206
Playback101,Playback,NQ SEP26,0.25,2026-08-20T12:19:08.1320000,2026-08-20T12:19:08.1320000,29362.25,29363,1,1,0.0000,1,P,30,0,2026-08-20T12:19:18.0000000,29362.25,2026-08-20T12:20:19.0000000,29353.5,29355.5,29356.5,20260924,207
Playback101,Playback,NQ SEP26,0.25,2026-08-20T12:20:42.1560000,2026-08-20T12:20:42.1560000,29344.5,29345.25,1,3,-0.5000,-1,P,30,0,2026-08-20T12:20:43.0000000,29345.25,2026-08-20T12:21:44.0000000,29330.25,29329.75,29330.25,20260924,208
Playback101,Playback,NQ SEP26,0.25,2026-08-20T12:22:20.2040000,2026-08-20T12:22:20.2040000,29328,29328.75,4,2,0.3333,1,P,30,0,2026-08-20T12:22:21.0000000,29328,2026-08-20T12:23:22.0000000,29321.25,29320.75,29321.5,20260924,209
Playback101,Playback,NQ SEP26,0.25,2026-08-20T12:24:01.2040000,2026-08-20T12:24:01.2040000,29314.5,29315.5,1,2,-0.3333,-1,P,30,0,2026-08-20T12:24:02.0000000,29315.5,2026-08-20T12:25:03.0000000,29319.25,29319.25,29319.75,20260924,210
Playback101,Playback,NQ SEP26,0.25,2026-08-20T12:25:54.2240000,2026-08-20T12:25:54.2240000,29304.25,29304.75,1,1,0.0000,-1,P,30,0,2026-08-20T12:25:55.0000000,29304.75,2026-08-20T12:26:56.0000000,29318.75,29316,29316.75,20260924,211
Playback101,Playback,NQ SEP26,0.25,2026-08-20T12:27:46.2760000,2026-08-20T12:27:46.2760000,29331.25,29332,3,2,0.2000,1,P,30,0,2026-08-20T12:27:47.0000000,29330.75,2026-08-20T12:28:48.0000000,29336.75,29337.25,29337.75,20260924,212
Playback101,Playback,NQ SEP26,0.25,2026-08-20T12:29:46.2840000,2026-08-20T12:29:46.2840000,29341.25,29342,1,4,-0.6000,1,A,30,0,2026-08-20T12:29:47.0000000,29341.75,2026-08-20T12:30:48.0000000,29330.5,29332.5,29333.25,20260924,213
Playback101,Playback,NQ SEP26,0.25,2026-08-20T12:31:16.3080000,2026-08-20T12:31:16.3080000,29337.25,29338,2,1,0.3333,1,A,30,0,2026-08-20T12:31:17.0000000,29337.75,2026-08-20T12:32:18.0000000,29330.75,29327.25,29327.75,20260924,214
Playback101,Playback,NQ SEP26,0.25,2026-08-20T12:32:57.3320000,2026-08-20T12:32:57.3320000,29340.5,29341,1,4,-0.6000,-1,A,30,0,2026-08-20T12:32:58.0000000,29339.25,2026-08-20T12:33:59.0000000,29305.5,29304,29304.25,20260924,215
Playback101,Playback,NQ SEP26,0.25,2026-08-20T12:34:29.3680000,2026-08-20T12:34:29.3680000,29302.5,29303.25,1,1,0.0000,-1,P,30,0,2026-08-20T12:34:30.0000000,29303.25,2026-08-20T12:35:31.0000000,29307.25,29306.75,29307.5,20260924,216
Playback101,Playback,NQ SEP26,0.25,2026-08-20T12:36:11.3920000,2026-08-20T12:36:11.3920000,29289.75,29290.5,3,1,0.5000,1,A,30,0,2026-08-20T12:36:12.0000000,29290.75,2026-08-20T12:37:13.0000000,29302,29302,29302.5,20260924,217
Playback101,Playback,NQ SEP26,0.25,2026-08-20T12:37:56.4120000,2026-08-20T12:37:56.4120000,29306.75,29307.5,1,2,-0.3333,1,A,30,0,2026-08-20T12:37:57.0000000,29307.75,2026-08-20T12:38:58.0000000,29284.5,29285,29285.5,20260924,218
Playback101,Playback,NQ SEP26,0.25,2026-08-20T12:39:36.4400000,2026-08-20T12:39:36.4400000,29280.5,29281,1,2,-0.3333,1,P,30,0,2026-08-20T12:39:37.0000000,29280.5,2026-08-20T12:40:38.0000000,29285.75,29284.25,29285,20260924,219
Playback101,Playback,NQ SEP26,0.25,2026-08-20T12:41:27.4760000,2026-08-20T12:41:27.4760000,29280.25,29280.75,1,2,-0.3333,1,P,30,0,2026-08-20T12:41:28.0000000,29280.25,2026-08-20T12:42:29.0000000,29292.5,29294.75,29295.5,20260924,220
Playback101,Playback,NQ SEP26,0.25,2026-08-20T12:43:26.5120000,2026-08-20T12:43:26.5120000,29286.25,29286.75,2,1,0.3333,1,A,30,0,2026-08-20T12:43:27.0000000,29286.25,2026-08-20T12:44:28.0000000,29285,29286.75,29287.5,20260924,221
Playback101,Playback,NQ SEP26,0.25,2026-08-20T12:45:24.5520000,2026-08-20T12:45:24.5520000,29279.25,29279.75,1,2,-0.3333,1,A,30,0,2026-08-20T12:45:25.0000000,29280.25,2026-08-20T12:46:26.0000000,29270.75,29271.5,29272,20260924,222
Playback101,Playback,NQ SEP26,0.25,2026-08-20T12:47:06.5720000,2026-08-20T12:47:06.5720000,29276.5,29277.25,1,2,-0.3333,-1,A,30,0,2026-08-20T12:47:07.0000000,29278.75,2026-08-20T12:48:08.0000000,29300.5,29300.25,29301,20260924,223
Playback101,Playback,NQ SEP26,0.25,2026-08-20T12:48:50.6200000,2026-08-20T12:48:50.6200000,29304.5,29305.25,4,1,0.6000,-1,A,30,0,2026-08-20T12:48:51.0000000,29304.75,2026-08-20T12:49:52.0000000,29295,29295,29295.75,20260924,224
Playback101,Playback,NQ SEP26,0.25,2026-08-20T12:50:40.6320000,2026-08-20T12:50:40.6320000,29302.75,29303.25,2,1,0.3333,-1,A,30,0,2026-08-20T12:50:41.0000000,29302.75,2026-08-20T12:51:42.0000000,29304.25,29298.25,29298.75,20260924,225
Playback101,Playback,NQ SEP26,0.25,2026-08-20T12:52:24.6680000,2026-08-20T12:52:24.6680000,29321.5,29322.25,1,1,0.0000,1,P,30,0,2026-08-20T12:52:25.0000000,29321.5,2026-08-20T12:53:25.0000000,29319.5,29319.25,29320,20260924,226
Playback101,Playback,NQ SEP26,0.25,2026-08-20T12:53:58.6960000,2026-08-20T12:53:58.6960000,29311,29311.5,2,2,0.0000,-1,P,30,0,2026-08-20T12:53:59.0000000,29311.5,2026-08-20T12:55:00.0000000,29323.5,29322.25,29323,20260924,227
Playback101,Playback,NQ SEP26,0.25,2026-08-20T12:55:46.7280000,2026-08-20T12:55:46.7280000,29323.25,29324,2,2,0.0000,1,P,30,0,2026-08-20T12:55:57.0000000,29323.25,2026-08-20T12:56:58.0000000,29323.75,29324,29324.5,20260924,228
Playback101,Playback,NQ SEP26,0.25,2026-08-20T12:57:35.7600000,2026-08-20T12:57:35.7600000,29323.25,29324,3,3,0.0000,1,A,30,0,2026-08-20T12:57:36.0000000,29323,2026-08-20T12:58:37.0000000,29326.5,29325,29325.75,20260924,229
Playback101,Playback,NQ SEP26,0.25,2026-08-20T12:59:19.7960000,2026-08-20T12:59:19.7960000,29325.5,29326,1,1,0.0000,1,A,30,0,2026-08-20T12:59:20.0000000,29326.5,2026-08-20T13:00:20.0000000,29323.75,29323.75,29324.5,20260924,230
Playback101,Playback,NQ SEP26,0.25,2026-08-20T13:01:09.8240000,2026-08-20T13:01:09.8240000,29327.25,29328,3,1,0.5000,1,P,30,0,2026-08-20T13:01:10.0000000,29327.25,2026-08-20T13:02:11.0000000,29322.5,29321.75,29322.25,20260924,231
Playback101,Playback,NQ SEP26,0.25,2026-08-20T13:02:47.8480000,2026-08-20T13:02:47.8480000,29339,29339.75,4,2,0.3333,1,P,30,0,2026-08-20T13:02:48.0000000,29339,2026-08-20T13:03:49.0000000,29335.25,29336.75,29337.25,20260924,232
Playback101,Playback,NQ SEP26,0.25,2026-08-20T13:04:39.9480000,2026-08-20T13:04:39.9480000,29323,29323.5,3,1,0.5000,-1,A,30,0,2026-08-20T13:04:40.0000000,29323.25,2026-08-20T13:05:41.0000000,29319.25,29317.25,29317.75,20260924,233
Playback101,Playback,NQ SEP26,0.25,2026-08-20T13:06:16.9720000,2026-08-20T13:06:16.9720000,29316.25,29317,4,2,0.3333,-1,A,30,0,2026-08-20T13:06:17.0000000,29316.75,2026-08-20T13:07:18.0000000,29309.25,29308.5,29309.25,20260924,234
Playback101,Playback,NQ SEP26,0.25,2026-08-20T13:08:13.9720000,2026-08-20T13:08:13.9720000,29304.5,29305.25,3,1,0.5000,-1,P,30,0,2026-08-20T13:08:15.0000000,29305.25,2026-08-20T13:09:15.0000000,29326.5,29324.75,29325.75,20260924,235
Playback101,Playback,NQ SEP26,0.25,2026-08-20T13:10:01.9920000,2026-08-20T13:10:01.9920000,29333.5,29334.25,1,2,-0.3333,-1,P,30,0,2026-08-20T13:10:03.0000000,29334.25,2026-08-20T13:11:04.0000000,29324.75,29325.75,29326.5,20260924,236
Playback101,Playback,NQ SEP26,0.25,2026-08-20T13:12:01.0320000,2026-08-20T13:12:01.0320000,29338,29338.75,4,3,0.1429,-1,A,30,0,2026-08-20T13:12:02.0000000,29336.5,2026-08-20T13:13:03.0000000,29328.75,29328,29328.5,20260924,237
Playback101,Playback,NQ SEP26,0.25,2026-08-20T13:14:01.0320000,2026-08-20T13:14:01.0320000,29309.25,29310,1,4,-0.6000,1,A,30,0,2026-08-20T13:14:02.0000000,29309.75,2026-08-20T13:15:03.0000000,29305.5,29306.5,29307.25,20260924,238
Playback101,Playback,NQ SEP26,0.25,2026-08-20T13:15:53.0320000,2026-08-20T13:15:53.0320000,29316,29316.5,1,1,0.0000,1,A,30,0,2026-08-20T13:15:54.0000000,29317,2026-08-20T13:16:55.0000000,29308,29308,29308.5,20260924,239
Playback101,Playback,NQ SEP26,0.25,2026-08-20T13:17:23.0800000,2026-08-20T13:17:23.0800000,29310,29310.75,2,1,0.3333,-1,A,30,0,2026-08-20T13:17:24.0000000,29309.75,2026-08-20T13:18:24.0000000,29314,29313,29313.5,20260924,240
Playback101,Playback,NQ SEP26,0.25,2026-08-20T13:19:13.0800000,2026-08-20T13:19:13.0800000,29318,29318.75,5,3,0.2500,-1,A,30,0,2026-08-20T13:19:14.0000000,29317.75,2026-08-20T13:20:15.0000000,29319,29317.25,29317.75,20260924,241
Playback101,Playback,NQ SEP26,0.25,2026-08-20T13:21:07.1160000,2026-08-20T13:21:07.1160000,29315.75,29316.5,2,3,-0.2000,1,A,30,0,2026-08-20T13:21:08.0000000,29316.25,2026-08-20T13:22:09.0000000,29327.75,29328.5,29328.75,20260924,242
Playback101,Playback,NQ SEP26,0.25,2026-08-20T13:22:44.1160000,2026-08-20T13:22:44.1160000,29327.25,29328,3,2,0.2000,-1,A,30,0,2026-08-20T13:22:45.0000000,29327.75,2026-08-20T13:23:45.0000000,29349.75,29349.25,29349.75,20260924,243
Playback101,Playback,NQ SEP26,0.25,2026-08-20T13:24:25.1160000,2026-08-20T13:24:25.1160000,29351.75,29352.5,3,2,0.2000,-1,P,30,0,2026-08-20T13:24:41.0000000,29352.5,2026-08-20T13:25:42.0000000,29343,29342.25,29343,20260924,244
Playback101,Playback,NQ SEP26,0.25,2026-08-20T13:25:59.1440000,2026-08-20T13:25:59.1440000,29352.5,29353,1,2,-0.3333,-1,A,30,0,2026-08-20T13:26:00.0000000,29353.25,2026-08-20T13:27:01.0000000,29346.5,29346,29346.75,20260924,245
Playback101,Playback,NQ SEP26,0.25,2026-08-20T13:27:42.2800000,2026-08-20T13:27:42.2800000,29344,29344.75,3,1,0.5000,1,A,30,0,2026-08-20T13:27:43.0000000,29347,2026-08-20T13:28:44.0000000,29344.75,29343.75,29344.25,20260924,246
Playback101,Playback,NQ SEP26,0.25,2026-08-20T13:29:24.4080000,2026-08-20T13:29:24.4080000,29342.75,29343.25,1,1,0.0000,-1,P,30,0,2026-08-20T13:29:25.0000000,29343.75,2026-08-20T13:30:25.0000000,29330.5,29329.75,29330.25,20260924,247
Playback101,Playback,NQ SEP26,0.25,2026-08-20T13:31:20.4320000,2026-08-20T13:31:20.4320000,29314,29314.75,3,2,0.2000,-1,P,30,0,2026-08-20T13:31:27.0000000,29314.75,2026-08-20T13:32:27.0000000,29314.5,29314.5,29315.25,20260924,248
Playback101,Playback,NQ SEP26,0.25,2026-08-20T13:33:15.4880000,2026-08-20T13:33:15.4880000,29317.25,29317.75,1,2,-0.3333,-1,P,30,0,2026-08-20T13:33:16.0000000,29317.75,2026-08-20T13:34:17.0000000,29326.75,29326.5,29327,20260924,249
Playback101,Playback,NQ SEP26,0.25,2026-08-20T13:34:46.5160000,2026-08-20T13:34:46.5160000,29343.5,29344,4,1,0.6000,-1,A,30,0,2026-08-20T13:34:47.0000000,29343.75,2026-08-20T13:35:48.0000000,29342.5,29342.25,29342.75,20260924,250
Playback101,Playback,NQ SEP26,0.25,2026-08-20T13:36:32.5520000,2026-08-20T13:36:32.5520000,29348.75,29349.25,1,1,0.0000,-1,P,30,0,2026-08-20T13:36:34.0000000,29349.25,2026-08-20T13:37:34.0000000,29358.25,29357.75,29358,20260924,251
Playback101,Playback,NQ SEP26,0.25,2026-08-20T13:38:26.6000000,2026-08-20T13:38:26.6000000,29350.75,29351.5,2,2,0.0000,1,A,30,0,2026-08-20T13:38:27.0000000,29352,2026-08-20T13:39:28.0000000,29353,29353.75,29354.5,20260924,252
Playback101,Playback,NQ SEP26,0.25,2026-08-20T13:40:05.6000000,2026-08-20T13:40:05.6000000,29358.25,29358.75,1,1,0.0000,1,A,30,0,2026-08-20T13:40:06.0000000,29359,2026-08-20T13:41:07.0000000,29362.25,29362,29362.5,20260924,253
Playback101,Playback,NQ SEP26,0.25,2026-08-20T13:42:04.7480000,2026-08-20T13:42:04.7480000,29360.5,29361,2,2,0.0000,-1,A,30,0,2026-08-20T13:42:05.0000000,29361.25,2026-08-20T13:43:06.0000000,29357.5,29357,29357.5,20260924,254
Playback101,Playback,NQ SEP26,0.25,2026-08-20T13:43:42.7960000,2026-08-20T13:43:42.7960000,29365,29365.25,1,4,-0.6000,-1,P,30,0,2026-08-20T13:43:43.0000000,29366,2026-08-20T13:44:44.0000000,29368.5,29367.75,29368.25,20260924,255
Playback101,Playback,NQ SEP26,0.25,2026-08-20T13:45:21.8120000,2026-08-20T13:45:21.8120000,29367.25,29367.75,2,2,0.0000,1,P,30,0,2026-08-20T13:45:35.0000000,29367.25,2026-08-20T13:46:36.0000000,29378.25,29378.75,29379.25,20260924,256
Playback101,Playback,NQ SEP26,0.25,2026-08-20T13:47:08.8240000,2026-08-20T13:47:08.8240000,29386.75,29387.25,1,3,-0.5000,-1,A,30,0,2026-08-20T13:47:09.0000000,29386.75,2026-08-20T13:48:10.0000000,29382.25,29382,29382.5,20260924,257
Playback101,Playback,NQ SEP26,0.25,2026-08-20T13:48:49.8560000,2026-08-20T13:48:49.8560000,29367.5,29368.25,4,3,0.1429,-1,A,30,0,2026-08-20T13:48:50.0000000,29367.5,2026-08-20T13:49:51.0000000,29370.75,29371.25,29372,20260924,258
Playback101,Playback,NQ SEP26,0.25,2026-08-20T13:50:41.8560000,2026-08-20T13:50:41.8560000,29375.5,29376.25,4,2,0.3333,-1,A,30,0,2026-08-20T13:50:42.0000000,29375.5,2026-08-20T13:51:43.0000000,29370.25,29369.75,29370.25,20260924,259
Playback101,Playback,NQ SEP26,0.25,2026-08-20T13:52:28.1920000,2026-08-20T13:52:28.1920000,29360.5,29361,2,1,0.3333,1,P,30,0,2026-08-20T13:52:29.0000000,29360.5,2026-08-20T13:53:30.0000000,29364.5,29362.75,29363.25,20260924,260
Playback101,Playback,NQ SEP26,0.25,2026-08-20T13:54:13.2840000,2026-08-20T13:54:13.2840000,29366.5,29367,2,1,0.3333,-1,A,30,0,2026-08-20T13:54:14.0000000,29367,2026-08-20T13:55:15.0000000,29371.25,29370.5,29371,20260924,261
Playback101,Playback,NQ SEP26,0.25,2026-08-20T13:56:05.3040000,2026-08-20T13:56:05.3040000,29367.25,29367.75,2,2,0.0000,1,A,30,0,2026-08-20T13:56:06.0000000,29369,2026-08-20T13:57:07.0000000,29366,29366,29366.5,20260924,262
Playback101,Playback,NQ SEP26,0.25,2026-08-20T13:57:40.3040000,2026-08-20T13:57:40.3040000,29380.75,29381.25,2,1,0.3333,1,P,30,0,2026-08-20T13:57:41.0000000,29380.75,2026-08-20T13:58:42.0000000,29369.75,29371.75,29372.25,20260924,263
Playback101,Playback,NQ SEP26,0.25,2026-08-20T13:59:32.4520000,2026-08-20T13:59:32.4520000,29380.75,29381.25,1,5,-0.6667,1,P,30,0,2026-08-20T13:59:33.0000000,29380.75,2026-08-20T14:00:34.0000000,29378,29377,29377.75,20260924,264
Playback101,Playback,NQ SEP26,0.25,2026-08-20T14:01:29.4520000,2026-08-20T14:01:29.4520000,29365.25,29366,3,1,0.5000,-1,P,30,1,2026-08-20T14:02:00.0000000,29361.25,2026-08-20T14:03:00.0000000,29356,29355.5,29356.25,20260924,265
Playback101,Playback,NQ SEP26,0.25,2026-08-20T14:03:29.4840000,2026-08-20T14:03:29.4840000,29353.75,29354.25,2,1,0.3333,-1,P,30,0,2026-08-20T14:03:31.0000000,29354.25,2026-08-20T14:04:32.0000000,29362,29361.75,29362.5,20260924,266
Playback101,Playback,NQ SEP26,0.25,2026-08-20T14:05:11.5120000,2026-08-20T14:05:11.5120000,29352.25,29353,1,4,-0.6000,1,A,30,0,2026-08-20T14:05:12.0000000,29352,2026-08-20T14:06:13.0000000,29355.5,29357,29357.75,20260924,267
Playback101,Playback,NQ SEP26,0.25,2026-08-20T14:06:45.5120000,2026-08-20T14:06:45.5120000,29341.75,29342.5,2,2,0.0000,1,A,30,0,2026-08-20T14:06:46.0000000,29342.5,2026-08-20T14:07:46.0000000,29346.75,29346.25,29347,20260924,268
Playback101,Playback,NQ SEP26,0.25,2026-08-20T14:08:17.5600000,2026-08-20T14:08:17.5600000,29336.25,29336.75,1,2,-0.3333,1,P,30,0,2026-08-20T14:08:18.0000000,29336.25,2026-08-20T14:09:19.0000000,29341.5,29340.75,29341.5,20260924,269
Playback101,Playback,NQ SEP26,0.25,2026-08-20T14:10:12.5600000,2026-08-20T14:10:12.5600000,29343,29343.5,1,3,-0.5000,-1,A,30,0,2026-08-20T14:10:13.0000000,29343,2026-08-20T14:11:14.0000000,29345.75,29346.5,29347,20260924,270
Playback101,Playback,NQ SEP26,0.25,2026-08-20T14:11:53.6920000,2026-08-20T14:11:53.6920000,29349.75,29350.25,2,1,0.3333,1,A,30,0,2026-08-20T14:11:54.0000000,29350.5,2026-08-20T14:12:55.0000000,29347,29346.5,29347,20260924,271
Playback101,Playback,NQ SEP26,0.25,2026-08-20T14:13:24.7720000,2026-08-20T14:13:24.7720000,29346.25,29346.75,2,2,0.0000,-1,P,30,0,2026-08-20T14:13:26.0000000,29346.75,2026-08-20T14:14:27.0000000,29341.75,29341.75,29342.5,20260924,272
Playback101,Playback,NQ SEP26,0.25,2026-08-20T14:15:10.7800000,2026-08-20T14:15:10.7800000,29336,29336.5,2,1,0.3333,1,P,30,0,2026-08-20T14:15:11.0000000,29336,2026-08-20T14:16:12.0000000,29317.5,29318,29318.5,20260924,273
Playback101,Playback,NQ SEP26,0.25,2026-08-20T14:16:43.7800000,2026-08-20T14:16:43.7800000,29313,29313.5,2,1,0.3333,-1,A,30,0,2026-08-20T14:16:44.0000000,29313.5,2026-08-20T14:17:45.0000000,29309.5,29310,29310.5,20260924,274
Playback101,Playback,NQ SEP26,0.25,2026-08-20T14:18:20.8200000,2026-08-20T14:18:20.8200000,29315.5,29316,1,3,-0.5000,-1,A,30,0,2026-08-20T14:18:21.0000000,29315.25,2026-08-20T14:19:22.0000000,29314.5,29312.5,29313,20260924,275
Playback101,Playback,NQ SEP26,0.25,2026-08-20T14:19:50.8960000,2026-08-20T14:19:50.8960000,29306.5,29307,1,1,0.0000,-1,A,30,0,2026-08-20T14:19:51.0000000,29307,2026-08-20T14:20:51.0000000,29315.25,29314.5,29315.25,20260924,276
Playback101,Playback,NQ SEP26,0.25,2026-08-20T14:21:40.9600000,2026-08-20T14:21:40.9600000,29315.25,29315.75,2,1,0.3333,1,A,30,0,2026-08-20T14:21:41.0000000,29315.5,2026-08-20T14:22:42.0000000,29322,29322.5,29323,20260924,277
Playback101,Playback,NQ SEP26,0.25,2026-08-20T14:23:24.0640000,2026-08-20T14:23:24.0640000,29316.75,29317.25,1,3,-0.5000,1,P,30,0,2026-08-20T14:23:27.0000000,29316.75,2026-08-20T14:24:28.0000000,29321,29320.75,29321.5,20260924,278
Playback101,Playback,NQ SEP26,0.25,2026-08-20T14:25:02.0680000,2026-08-20T14:25:02.0680000,29311.5,29312.25,2,2,0.0000,-1,P,30,0,2026-08-20T14:25:03.0000000,29312.25,2026-08-20T14:26:04.0000000,29306.25,29306.5,29307.25,20260924,279
Playback101,Playback,NQ SEP26,0.25,2026-08-20T14:26:52.1240000,2026-08-20T14:26:52.1240000,29310,29310.5,1,1,0.0000,1,A,30,0,2026-08-20T14:26:53.0000000,29311.75,2026-08-20T14:27:54.0000000,29294.75,29294.25,29294.75,20260924,280
Playback101,Playback,NQ SEP26,0.25,2026-08-20T14:28:50.1600000,2026-08-20T14:28:50.1600000,29296.25,29296.75,2,1,0.3333,1,A,30,0,2026-08-20T14:28:51.0000000,29297,2026-08-20T14:29:51.0000000,29294,29293.25,29293.75,20260924,281
Playback101,Playback,NQ SEP26,0.25,2026-08-20T14:30:39.4000000,2026-08-20T14:30:39.4000000,29291.5,29292,2,2,0.0000,-1,A,30,0,2026-08-20T14:30:40.0000000,29290.75,2026-08-20T14:31:41.0000000,29301.5,29299.25,29300,20260924,282
Playback101,Playback,NQ SEP26,0.25,2026-08-20T14:32:22.4000000,2026-08-20T14:32:22.4000000,29302.75,29303.25,4,1,0.6000,1,A,30,0,2026-08-20T14:32:23.0000000,29301.75,2026-08-20T14:33:24.0000000,29293.75,29294,29294.75,20260924,283
Playback101,Playback,NQ SEP26,0.25,2026-08-20T14:34:08.4240000,2026-08-20T14:34:08.4240000,29290,29290.5,1,2,-0.3333,1,A,30,0,2026-08-20T14:34:09.0000000,29290.5,2026-08-20T14:35:10.0000000,29289.75,29288.25,29288.75,20260924,284
Playback101,Playback,NQ SEP26,0.25,2026-08-20T14:35:44.5240000,2026-08-20T14:35:44.5240000,29294.5,29295,2,1,0.3333,-1,P,30,0,2026-08-20T14:35:45.0000000,29295,2026-08-20T14:36:46.0000000,29288.75,29287,29287.75,20260924,285
Playback101,Playback,NQ SEP26,0.25,2026-08-20T14:37:24.5360000,2026-08-20T14:37:24.5360000,29286.75,29287.25,1,2,-0.3333,1,P,30,0,2026-08-20T14:37:25.0000000,29286.75,2026-08-20T14:38:26.0000000,29290.25,29290.25,29291,20260924,286
Playback101,Playback,NQ SEP26,0.25,2026-08-20T14:38:54.6160000,2026-08-20T14:38:54.6160000,29291.5,29291.75,1,1,0.0000,1,A,30,0,2026-08-20T14:38:55.0000000,29292,2026-08-20T14:39:56.0000000,29292.75,29294.5,29295,20260924,287
Playback101,Playback,NQ SEP26,0.25,2026-08-20T14:40:54.6360000,2026-08-20T14:40:54.6360000,29283,29283.75,5,4,0.1111,-1,P,30,0,2026-08-20T14:40:55.0000000,29283.75,2026-08-20T14:41:56.0000000,29287,29286.75,29287.25,20260924,288
Playback101,Playback,NQ SEP26,0.25,2026-08-20T14:42:39.6960000,2026-08-20T14:42:39.6960000,29288.5,29289.25,3,3,0.0000,-1,A,30,0,2026-08-20T14:42:40.0000000,29288.25,2026-08-20T14:43:41.0000000,29285.75,29285.75,29286.25,20260924,289
Playback101,Playback,NQ SEP26,0.25,2026-08-20T14:44:31.7440000,2026-08-20T14:44:31.7440000,29290,29290.5,3,6,-0.3333,-1,P,30,0,2026-08-20T14:44:33.0000000,29290.5,2026-08-20T14:45:34.0000000,29293.75,29293,29293.75,20260924,290
Playback101,Playback,NQ SEP26,0.25,2026-08-20T14:46:13.7800000,2026-08-20T14:46:13.7800000,29297.25,29298,4,4,0.0000,1,P,30,0,2026-08-20T14:46:15.0000000,29297.25,2026-08-20T14:47:15.0000000,29303.75,29304.25,29304.5,20260924,291
Playback101,Playback,NQ SEP26,0.25,2026-08-20T14:47:43.8960000,2026-08-20T14:47:43.8960000,29304.25,29304.75,3,3,0.0000,-1,A,30,0,2026-08-20T14:47:44.0000000,29304.25,2026-08-20T14:48:45.0000000,29307.25,29306.25,29306.75,20260924,292
Playback101,Playback,NQ SEP26,0.25,2026-08-20T14:49:19.9440000,2026-08-20T14:49:19.9440000,29310.25,29310.75,2,2,0.0000,-1,P,30,0,2026-08-20T14:49:20.0000000,29310.75,2026-08-20T14:50:21.0000000,29313.75,29311,29311.5,20260924,293
Playback101,Playback,NQ SEP26,0.25,2026-08-20T14:51:15.0080000,2026-08-20T14:51:15.0080000,29319.5,29320,3,2,0.2000,1,A,30,0,2026-08-20T14:51:16.0000000,29320,2026-08-20T14:52:17.0000000,29313.25,29313,29313.5,20260924,294
Playback101,Playback,NQ SEP26,0.25,2026-08-20T14:52:49.1920000,2026-08-20T14:52:49.1920000,29316.5,29317,2,2,0.0000,1,P,30,0,2026-08-20T14:52:50.0000000,29316.5,2026-08-20T14:53:51.0000000,29312.5,29312.75,29313.25,20260924,295
Playback101,Playback,NQ SEP26,0.25,2026-08-20T14:54:24.1920000,2026-08-20T14:54:24.1920000,29305.25,29305.75,4,1,0.6000,-1,A,30,0,2026-08-20T14:54:25.0000000,29305.5,2026-08-20T14:55:25.0000000,29296.75,29296,29296.5,20260924,296
Playback101,Playback,NQ SEP26,0.25,2026-08-20T14:55:56.2560000,2026-08-20T14:55:56.2560000,29299.5,29300,1,4,-0.6000,-1,P,30,0,2026-08-20T14:55:57.0000000,29301.75,2026-08-20T14:56:58.0000000,29308.25,29307.25,29307.75,20260924,297
Playback101,Playback,NQ SEP26,0.25,2026-08-20T14:57:29.2920000,2026-08-20T14:57:29.2920000,29305,29305.5,4,1,0.6000,-1,A,30,0,2026-08-20T14:57:30.0000000,29305,2026-08-20T14:58:31.0000000,29300.5,29300.25,29300.75,20260924,298
Playback101,Playback,NQ SEP26,0.25,2026-08-20T14:59:00.2920000,2026-08-20T14:59:00.2920000,29295.75,29296.25,3,1,0.5000,1,A,30,0,2026-08-20T14:59:01.0000000,29295.25,2026-08-20T15:00:02.0000000,29290.25,29288.5,29289,20260924,299
Playback101,Playback,NQ SEP26,0.25,2026-08-20T15:00:59.3560000,2026-08-20T15:00:59.3560000,29281.25,29281.75,2,2,0.0000,-1,A,30,0,2026-08-20T15:01:00.0000000,29282,2026-08-20T15:02:01.0000000,29278.5,29278,29278.75,20260924,300
Playback101,Playback,NQ SEP26,0.25,2026-08-20T15:02:51.3920000,2026-08-20T15:02:51.3920000,29268,29268.75,6,4,0.2000,1,P,30,0,2026-08-20T15:02:52.0000000,29267.25,2026-08-20T15:03:53.0000000,29258.25,29257.5,29258,20260924,301
Playback101,Playback,NQ SEP26,0.25,2026-08-20T15:04:49.3960000,2026-08-20T15:04:49.3960000,29261,29261.25,1,1,0.0000,1,A,30,0,2026-08-20T15:04:50.0000000,29261.25,2026-08-20T15:05:51.0000000,29245.75,29242,29242.75,20260924,302
Playback101,Playback,NQ SEP26,0.25,2026-08-20T15:06:24.4040000,2026-08-20T15:06:24.4040000,29245,29245.75,3,1,0.5000,1,A,30,0,2026-08-20T15:06:25.0000000,29245.25,2026-08-20T15:07:26.0000000,29238.75,29239.25,29239.75,20260924,303
Playback101,Playback,NQ SEP26,0.25,2026-08-20T15:08:11.4040000,2026-08-20T15:08:11.4040000,29231,29231.5,2,2,0.0000,1,A,30,0,2026-08-20T15:08:12.0000000,29231,2026-08-20T15:09:13.0000000,29230.5,29231.5,29232,20260924,304
Playback101,Playback,NQ SEP26,0.25,2026-08-20T15:09:46.4520000,2026-08-20T15:09:46.4520000,29232,29232.5,1,3,-0.5000,-1,A,30,0,2026-08-20T15:09:47.0000000,29232.25,2026-08-20T15:10:47.0000000,29217.25,29216.75,29217.25,20260924,305
Playback101,Playback,NQ SEP26,0.25,2026-08-20T15:11:46.4880000,2026-08-20T15:11:46.4880000,29225.5,29226.25,4,2,0.3333,1,P,30,0,2026-08-20T15:11:48.0000000,29225.5,2026-08-20T15:12:49.0000000,29230,29228.75,29229.5,20260924,306
Playback101,Playback,NQ SEP26,0.25,2026-08-20T15:13:17.4960000,2026-08-20T15:13:17.4960000,29226.75,29227.25,1,1,0.0000,-1,P,30,0,2026-08-20T15:13:19.0000000,29227.25,2026-08-20T15:14:20.0000000,29227.75,29227.25,29227.75,20260924,307
Playback101,Playback,NQ SEP26,0.25,2026-08-20T15:15:12.5440000,2026-08-20T15:15:12.5440000,29228.5,29229,1,2,-0.3333,1,A,30,0,2026-08-20T15:15:13.0000000,29229,2026-08-20T15:16:14.0000000,29212.25,29214,29214.25,20260924,308
Playback101,Playback,NQ SEP26,0.25,2026-08-20T15:17:02.5480000,2026-08-20T15:17:02.5480000,29207.25,29207.75,1,3,-0.5000,-1,A,30,0,2026-08-20T15:17:03.0000000,29208.25,2026-08-20T15:18:03.0000000,29217.25,29217.5,29218.25,20260924,309
Playback101,Playback,NQ SEP26,0.25,2026-08-20T15:18:41.5480000,2026-08-20T15:18:41.5480000,29226,29226.75,2,2,0.0000,1,A,30,0,2026-08-20T15:18:42.0000000,29227,2026-08-20T15:19:43.0000000,29232.75,29232.75,29233.5,20260924,310
Playback101,Playback,NQ SEP26,0.25,2026-08-20T15:20:31.5480000,2026-08-20T15:20:31.5480000,29238,29238.75,4,4,0.0000,1,P,30,0,2026-08-20T15:20:32.0000000,29238,2026-08-20T15:21:32.0000000,29238.5,29237.75,29238.25,20260924,311
Playback101,Playback,NQ SEP26,0.25,2026-08-20T15:22:02.5840000,2026-08-20T15:22:02.5840000,29240,29240.5,1,3,-0.5000,1,A,30,0,2026-08-20T15:22:03.0000000,29240.75,2026-08-20T15:23:04.0000000,29240,29240,29240.75,20260924,312
Playback101,Playback,NQ SEP26,0.25,2026-08-20T15:23:50.8640000,2026-08-20T15:23:50.8640000,29237.25,29237.75,2,2,0.0000,1,A,30,0,2026-08-20T15:23:51.0000000,29237.75,2026-08-20T15:24:52.0000000,29233.75,29234.25,29235,20260924,313
Playback101,Playback,NQ SEP26,0.25,2026-08-20T15:25:42.8800000,2026-08-20T15:25:42.8800000,29226,29226.5,3,1,0.5000,-1,P,30,0,2026-08-20T15:25:46.0000000,29226.5,2026-08-20T15:26:47.0000000,29227.25,29226.5,29227,20260924,314
Playback101,Playback,NQ SEP26,0.25,2026-08-20T15:27:34.0000000,2026-08-20T15:27:34.0000000,29226.25,29227,4,3,0.1429,-1,A,30,0,2026-08-20T15:27:34.0000000,29226.5,2026-08-20T15:28:35.0000000,29229.75,29227.75,29228.25,20260924,315
Playback101,Playback,NQ SEP26,0.25,2026-08-20T15:29:08.0160000,2026-08-20T15:29:08.0160000,29232,29232.5,2,2,0.0000,1,A,30,0,2026-08-20T15:29:09.0000000,29232,2026-08-20T15:30:10.0000000,29234.75,29234,29234.5,20260924,316
Playback101,Playback,NQ SEP26,0.25,2026-08-20T15:30:41.0280000,2026-08-20T15:30:41.0280000,29228.5,29229,1,1,0.0000,-1,P,30,0,2026-08-20T15:30:42.0000000,29229,2026-08-20T15:31:43.0000000,29233,29233,29233.5,20260924,317
Playback101,Playback,NQ SEP26,0.25,2026-08-20T15:32:13.1280000,2026-08-20T15:32:13.1280000,29229,29229.75,2,3,-0.2000,-1,A,30,0,2026-08-20T15:32:14.0000000,29229.5,2026-08-20T15:33:15.0000000,29225.75,29226,29226.25,20260924,318
Playback101,Playback,NQ SEP26,0.25,2026-08-20T15:34:04.1960000,2026-08-20T15:34:04.1960000,29216.75,29217.5,1,4,-0.6000,1,P,30,0,2026-08-20T15:34:08.0000000,29216.75,2026-08-20T15:35:09.0000000,29217.75,29217,29217.75,20260924,319
Playback101,Playback,NQ SEP26,0.25,2026-08-20T15:35:41.2360000,2026-08-20T15:35:41.2360000,29216.25,29217,4,1,0.6000,-1,A,30,0,2026-08-20T15:35:42.0000000,29215.5,2026-08-20T15:36:43.0000000,29222.5,29221.75,29222.25,20260924,320
Playback101,Playback,NQ SEP26,0.25,2026-08-20T15:37:22.2600000,2026-08-20T15:37:22.2600000,29230.75,29231.25,1,4,-0.6000,-1,P,30,0,2026-08-20T15:37:23.0000000,29231.25,2026-08-20T15:38:23.0000000,29229,29228.25,29228.75,20260924,321
Playback101,Playback,NQ SEP26,0.25,2026-08-20T15:39:19.2760000,2026-08-20T15:39:19.2760000,29227.5,29228.25,2,2,0.0000,1,A,30,0,2026-08-20T15:39:20.0000000,29228,2026-08-20T15:40:21.0000000,29218.75,29217.5,29218.25,20260924,322
Playback101,Playback,NQ SEP26,0.25,2026-08-20T15:41:15.2840000,2026-08-20T15:41:15.2840000,29218.25,29219,4,4,0.0000,1,P,30,0,2026-08-20T15:41:16.0000000,29218,2026-08-20T15:42:17.0000000,29220.75,29220.5,29221,20260924,323
Playback101,Playback,NQ SEP26,0.25,2026-08-20T15:43:03.3520000,2026-08-20T15:43:03.3520000,29228.25,29228.75,3,1,0.5000,1,A,30,0,2026-08-20T15:43:04.0000000,29229.25,2026-08-20T15:44:05.0000000,29230.75,29230.25,29231,20260924,324
Playback101,Playback,NQ SEP26,0.25,2026-08-20T15:44:34.4520000,2026-08-20T15:44:34.4520000,29232.75,29233.25,1,3,-0.5000,1,A,30,0,2026-08-20T15:44:35.0000000,29233,2026-08-20T15:45:36.0000000,29230,29230,29230.5,20260924,325
Playback101,Playback,NQ SEP26,0.25,2026-08-20T15:46:25.6080000,2026-08-20T15:46:25.6080000,29230.75,29231.25,2,1,0.3333,-1,A,30,0,2026-08-20T15:46:26.0000000,29231,2026-08-20T15:47:27.0000000,29234,29232.75,29233.25,20260924,326
Playback101,Playback,NQ SEP26,0.25,2026-08-20T15:47:55.6080000,2026-08-20T15:47:55.6080000,29234.5,29235,2,1,0.3333,1,P,30,1,2026-08-20T15:48:26.0000000,29252.75,2026-08-20T15:49:27.0000000,29252.25,29252.25,29252.5,20260924,327
Playback101,Playback,NQ SEP26,0.25,2026-08-20T15:49:48.6640000,2026-08-20T15:49:48.6640000,29251,29251.75,4,2,0.3333,-1,A,30,0,2026-08-20T15:49:49.0000000,29250.75,2026-08-20T15:50:50.0000000,29251,29249.25,29250,20260924,328
Playback101,Playback,NQ SEP26,0.25,2026-08-20T15:51:22.7120000,2026-08-20T15:51:22.7120000,29250.25,29250.75,1,3,-0.5000,1,A,30,0,2026-08-20T15:51:23.0000000,29249.75,2026-08-20T15:52:24.0000000,29249.5,29249.75,29250.25,20260924,329
Playback101,Playback,NQ SEP26,0.25,2026-08-20T15:53:10.7560000,2026-08-20T15:53:10.7560000,29252.25,29252.75,1,3,-0.5000,1,P,30,0,2026-08-20T15:53:11.0000000,29252.25,2026-08-20T15:54:12.0000000,29248.75,29248.75,29249.25,20260924,330
Playback101,Playback,NQ SEP26,0.25,2026-08-20T15:55:05.7880000,2026-08-20T15:55:05.7880000,29247.25,29248,4,2,0.3333,1,A,30,0,2026-08-20T15:55:06.0000000,29248,2026-08-20T15:56:07.0000000,29251.75,29252.25,29252.5,20260924,331
Playback101,Playback,NQ SEP26,0.25,2026-08-20T15:56:40.9720000,2026-08-20T15:56:40.9720000,29252.5,29253.25,3,1,0.5000,-1,P,30,0,2026-08-20T15:56:41.0000000,29253.25,2026-08-20T15:57:42.0000000,29254.5,29253.5,29254,20260924,332
Playback101,Playback,NQ SEP26,0.25,2026-08-20T15:58:34.9920000,2026-08-20T15:58:34.9920000,29251,29251.75,4,4,0.0000,1,P,30,0,2026-08-20T15:58:36.0000000,29251,2026-08-20T15:59:37.0000000,29251,29251,29251.75,20260924,333
Playback101,Playback,NQ SEP26,0.25,2026-08-20T16:00:32.9960000,2026-08-20T16:00:32.9960000,29249.25,29250,3,2,0.2000,-1,P,30,0,2026-08-20T16:00:41.0000000,29250,2026-08-20T16:01:41.0000000,29260,29259.75,29260.25,20260924,334
Playback101,Playback,NQ SEP26,0.25,2026-08-20T16:02:15.0080000,2026-08-20T16:02:15.0080000,29255.75,29256.5,3,2,0.2000,1,P,30,0,2026-08-20T16:02:17.0000000,29255.75,2026-08-20T16:03:18.0000000,29270.25,29270,29270.5,20260924,335
Playback101,Playback,NQ SEP26,0.25,2026-08-20T16:03:59.0080000,2026-08-20T16:03:59.0080000,29269,29269.75,3,3,0.0000,1,P,30,0,2026-08-20T16:04:01.0000000,29269,2026-08-20T16:05:01.0000000,29269,29268.75,29269.5,20260924,336
Playback101,Playback,NQ SEP26,0.25,2026-08-20T16:05:46.0240000,2026-08-20T16:05:46.0240000,29278.25,29278.75,2,3,-0.2000,1,P,30,0,2026-08-20T16:05:47.0000000,29278.25,2026-08-20T16:06:47.0000000,29282,29282,29282.5,20260924,337
Playback101,Playback,NQ SEP26,0.25,2026-08-20T16:07:44.1040000,2026-08-20T16:07:44.1040000,29280.75,29281.5,2,2,0.0000,-1,P,30,0,2026-08-20T16:07:45.0000000,29281.5,2026-08-20T16:08:46.0000000,29291.25,29290.75,29291.25,20260924,338
Playback101,Playback,NQ SEP26,0.25,2026-08-20T16:09:28.3120000,2026-08-20T16:09:28.3120000,29289.25,29289.75,4,3,0.1429,-1,A,30,0,2026-08-20T16:09:29.0000000,29289.5,2026-08-20T16:10:30.0000000,29287.5,29285.5,29286,20260924,339
Playback101,Playback,NQ SEP26,0.25,2026-08-20T16:11:09.4800000,2026-08-20T16:11:09.4800000,29277.5,29278,2,1,0.3333,1,P,30,0,2026-08-20T16:11:11.0000000,29277.5,2026-08-20T16:12:11.0000000,29280,29280,29280.5,20260924,340
Playback101,Playback,NQ SEP26,0.25,2026-08-20T16:12:56.5120000,2026-08-20T16:12:56.5120000,29277,29277.5,2,2,0.0000,-1,A,30,0,2026-08-20T16:12:57.0000000,29276.25,2026-08-20T16:13:58.0000000,29284.5,29284.75,29285.5,20260924,341
Playback101,Playback,NQ SEP26,0.25,2026-08-20T16:14:52.5440000,2026-08-20T16:14:52.5440000,29282.25,29282.75,1,5,-0.6667,-1,P,30,0,2026-08-20T16:15:03.0000000,29282.75,2026-08-20T16:16:04.0000000,29292.5,29292.25,29292.75,20260924,342
Playback101,Playback,NQ SEP26,0.25,2026-08-20T16:16:42.7640000,2026-08-20T16:16:42.7640000,29293.25,29293.75,5,4,0.1111,-1,A,30,0,2026-08-20T16:16:43.0000000,29293.25,2026-08-20T16:17:44.0000000,29280.25,29279.75,29280.25,20260924,343
Playback101,Playback,NQ SEP26,0.25,2026-08-20T16:18:17.8120000,2026-08-20T16:18:17.8120000,29280,29280.5,1,2,-0.3333,1,A,30,0,2026-08-20T16:18:18.0000000,29280.75,2026-08-20T16:19:19.0000000,29276,29276.25,29277,20260924,344
Playback101,Playback,NQ SEP26,0.25,2026-08-20T16:20:03.8120000,2026-08-20T16:20:03.8120000,29271.25,29271.5,3,1,0.5000,1,P,30,0,2026-08-20T16:20:04.0000000,29271.25,2026-08-20T16:21:04.0000000,29271.75,29271.75,29272.25,20260924,345
Playback101,Playback,NQ SEP26,0.25,2026-08-20T16:21:50.8280000,2026-08-20T16:21:50.8280000,29268.5,29269,2,1,0.3333,-1,P,30,0,2026-08-20T16:21:51.0000000,29269,2026-08-20T16:22:52.0000000,29285.75,29283.75,29284.5,20260924,346
Playback101,Playback,NQ SEP26,0.25,2026-08-20T16:23:24.8600000,2026-08-20T16:23:24.8600000,29292.25,29292.75,2,2,0.0000,1,A,30,0,2026-08-20T16:23:25.0000000,29292.75,2026-08-20T16:24:26.0000000,29299.75,29299.75,29300.25,20260924,347
Playback101,Playback,NQ SEP26,0.25,2026-08-20T16:25:15.8920000,2026-08-20T16:25:15.8920000,29297.25,29297.75,2,3,-0.2000,-1,A,30,0,2026-08-20T16:25:16.0000000,29297.25,2026-08-20T16:26:17.0000000,29299.25,29299,29299.5,20260924,348
Playback101,Playback,NQ SEP26,0.25,2026-08-20T16:26:59.0280000,2026-08-20T16:26:59.0280000,29302.75,29303.25,2,3,-0.2000,-1,P,30,0,2026-08-20T16:27:02.0000000,29303.25,2026-08-20T16:28:03.0000000,29300.5,29301.5,29302.25,20260924,349
Playback101,Playback,NQ SEP26,0.25,2026-08-20T16:28:35.0280000,2026-08-20T16:28:35.0280000,29301,29301.75,1,5,-0.6667,1,A,30,0,2026-08-20T16:28:36.0000000,29300.75,2026-08-20T16:29:36.0000000,29303,29303.25,29303.75,20260924,350
Playback101,Playback,NQ SEP26,0.25,2026-08-20T16:30:17.0440000,2026-08-20T16:30:17.0440000,29300,29300.75,5,2,0.4286,1,A,30,0,2026-08-20T16:30:18.0000000,29300.25,2026-08-20T16:31:19.0000000,29297.75,29298.25,29299,20260924,351
Playback101,Playback,NQ SEP26,0.25,2026-08-20T16:31:55.0760000,2026-08-20T16:31:55.0760000,29298.5,29299.25,3,4,-0.1429,-1,P,30,0,2026-08-20T16:31:56.0000000,29299.25,2026-08-20T16:32:57.0000000,29306.5,29305.25,29306,20260924,352
Playback101,Playback,NQ SEP26,0.25,2026-08-20T16:33:55.1000000,2026-08-20T16:33:55.1000000,29299.75,29300.25,3,1,0.5000,-1,A,30,0,2026-08-20T16:33:56.0000000,29300.5,2026-08-20T16:34:56.0000000,29302.25,29301.75,29302.5,20260924,353
Playback101,Playback,NQ SEP26,0.25,2026-08-20T16:35:46.1720000,2026-08-20T16:35:46.1720000,29304.75,29305.25,4,1,0.6000,1,A,30,0,2026-08-20T16:35:47.0000000,29306.5,2026-08-20T16:36:48.0000000,29314,29313.75,29314.25,20260924,354
Playback101,Playback,NQ SEP26,0.25,2026-08-20T16:37:36.2240000,2026-08-20T16:37:36.2240000,29318.5,29319,2,3,-0.2000,1,A,30,0,2026-08-20T16:37:37.0000000,29319,2026-08-20T16:38:38.0000000,29318.5,29318.75,29319.25,20260924,355
Playback101,Playback,NQ SEP26,0.25,2026-08-20T16:39:21.2240000,2026-08-20T16:39:21.2240000,29335,29335.5,3,12,-0.6000,-1,A,30,0,2026-08-20T16:39:22.0000000,29333.75,2026-08-20T16:40:23.0000000,29330.5,29331,29331.5,20260924,356
Playback101,Playback,NQ SEP26,0.25,2026-08-20T16:41:07.2520000,2026-08-20T16:41:07.2520000,29323.75,29324.25,1,1,0.0000,1,A,30,0,2026-08-20T16:41:08.0000000,29324,2026-08-20T16:42:09.0000000,29323,29323,29323.5,20260924,357
Playback101,Playback,NQ SEP26,0.25,2026-08-20T16:42:37.3160000,2026-08-20T16:42:37.3160000,29315,29315.25,1,2,-0.3333,-1,A,30,0,2026-08-20T16:42:38.0000000,29315,2026-08-20T16:43:39.0000000,29315.25,29315.5,29316,20260924,358
Playback101,Playback,NQ SEP26,0.25,2026-08-20T16:44:31.3400000,2026-08-20T16:44:31.3400000,29303.5,29304.25,2,4,-0.3333,1,P,30,0,2026-08-20T16:44:32.0000000,29303.5,2026-08-20T16:45:33.0000000,29300.75,29301,29301.5,20260924,359
Playback101,Playback,NQ SEP26,0.25,2026-08-20T16:46:15.3440000,2026-08-20T16:46:15.3440000,29300.5,29301,1,2,-0.3333,1,A,30,0,2026-08-20T16:46:16.0000000,29300.75,2026-08-20T16:47:17.0000000,29302,29301.75,29302.5,20260924,360
Playback101,Playback,NQ SEP26,0.25,2026-08-20T16:48:13.3880000,2026-08-20T16:48:13.3880000,29295.75,29296.25,1,1,0.0000,-1,A,30,0,2026-08-20T16:48:14.0000000,29295.75,2026-08-20T16:49:15.0000000,29306,29304.5,29305,20260924,361
Playback101,Playback,NQ SEP26,0.25,2026-08-20T16:49:49.3880000,2026-08-20T16:49:49.3880000,29315.5,29316,3,2,0.2000,1,P,30,0,2026-08-20T16:49:50.0000000,29315.5,2026-08-20T16:50:51.0000000,29319,29317.5,29318,20260924,362
Playback101,Playback,NQ SEP26,0.25,2026-08-20T16:51:24.3880000,2026-08-20T16:51:24.3880000,29321,29321.75,3,2,0.2000,-1,P,30,0,2026-08-20T16:51:25.0000000,29322.75,2026-08-20T16:52:26.0000000,29312,29311.5,29312,20260924,363
Playback101,Playback,NQ SEP26,0.25,2026-08-20T16:53:01.4120000,2026-08-20T16:53:01.4120000,29323.25,29324,2,3,-0.2000,1,P,30,0,2026-08-20T16:53:02.0000000,29323.25,2026-08-20T16:54:03.0000000,29319.25,29318.75,29319.25,20260924,364
Playback101,Playback,NQ SEP26,0.25,2026-08-20T16:55:01.4600000,2026-08-20T16:55:01.4600000,29291,29292,2,3,-0.2000,1,P,30,0,2026-08-20T16:55:02.0000000,29291,2026-08-20T16:56:02.0000000,29295,29294.75,29295.5,20260924,365
Playback101,Playback,NQ SEP26,0.25,2026-08-20T16:56:43.4840000,2026-08-20T16:56:43.4840000,29297.5,29298.25,3,1,0.5000,-1,P,30,0,2026-08-20T16:56:55.0000000,29298.25,2026-08-20T16:57:56.0000000,29293.5,29292.5,29293,20260924,366
Playback101,Playback,NQ SEP26,0.25,2026-08-20T16:58:20.5240000,2026-08-20T16:58:20.5240000,29296,29296.5,2,4,-0.3333,-1,P,30,0,2026-08-20T16:58:21.0000000,29296.5,2026-08-20T16:59:21.0000000,29310.25,29309.5,29310,20260924,367
Playback101,Playback,NQ SEP26,0.25,2026-08-20T16:59:50.5400000,2026-08-20T16:59:50.5400000,29294.5,29295,2,3,-0.2000,1,A,30,0,2026-08-20T16:59:51.0000000,29298.25,2026-08-20T17:00:52.0000000,29311.25,29311.5,29312.25,20260924,368
Playback101,Playback,NQ SEP26,0.25,2026-08-20T17:01:35.6320000,2026-08-20T17:01:35.6320000,29313,29313.5,1,2,-0.3333,1,A,30,0,2026-08-20T17:01:36.0000000,29313.5,2026-08-20T17:02:37.0000000,29315,29314.75,29315.25,20260924,369
Playback101,Playback,NQ SEP26,0.25,2026-08-20T17:03:06.6320000,2026-08-20T17:03:06.6320000,29320.5,29321,3,1,0.5000,-1,A,30,0,2026-08-20T17:03:07.0000000,29320.5,2026-08-20T17:04:08.0000000,29315.5,29315,29315.75,20260924,370
Playback101,Playback,NQ SEP26,0.25,2026-08-20T17:04:59.6560000,2026-08-20T17:04:59.6560000,29313.75,29314.25,3,1,0.5000,-1,A,30,0,2026-08-20T17:05:00.0000000,29314,2026-08-20T17:06:00.0000000,29305.25,29303.75,29304.75,20260924,371
Playback101,Playback,NQ SEP26,0.25,2026-08-20T17:06:53.8560000,2026-08-20T17:06:53.8560000,29299,29299.5,1,1,0.0000,1,P,30,0,2026-08-20T17:06:55.0000000,29299,2026-08-20T17:07:56.0000000,29295.25,29295.5,29295.75,20260924,372
Playback101,Playback,NQ SEP26,0.25,2026-08-20T17:08:52.9240000,2026-08-20T17:08:52.9240000,29281.5,29282.25,3,4,-0.1429,1,A,30,0,2026-08-20T17:08:53.0000000,29282.25,2026-08-20T17:09:54.0000000,29283.75,29284,29284.25,20260924,373
Playback101,Playback,NQ SEP26,0.25,2026-08-20T17:10:42.0480000,2026-08-20T17:10:42.0480000,29294.5,29295,3,1,0.5000,1,A,30,0,2026-08-20T17:10:43.0000000,29295.25,2026-08-20T17:11:44.0000000,29298.5,29298.25,29299,20260924,374
Playback101,Playback,NQ SEP26,0.25,2026-08-20T17:12:23.1000000,2026-08-20T17:12:23.1000000,29295.25,29295.75,3,1,0.5000,1,P,30,0,2026-08-20T17:12:24.0000000,29295.25,2026-08-20T17:13:25.0000000,29291.25,29291,29291.5,20260924,375
Playback101,Playback,NQ SEP26,0.25,2026-08-20T17:14:06.3160000,2026-08-20T17:14:06.3160000,29287.25,29287.5,2,1,0.3333,1,P,30,0,2026-08-20T17:14:07.0000000,29286.75,2026-08-20T17:15:08.0000000,29279.75,29279.75,29280.5,20260924,376
Playback101,Playback,NQ SEP26,0.25,2026-08-20T17:15:41.8440000,2026-08-20T17:15:41.8440000,29278.25,29279,1,3,-0.5000,1,A,30,0,2026-08-20T17:15:42.0000000,29279.5,2026-08-20T17:16:43.0000000,29279,29278.25,29279,20260924,377
Playback101,Playback,NQ SEP26,0.25,2026-08-20T17:17:28.9520000,2026-08-20T17:17:28.9520000,29265.25,29265.75,1,2,-0.3333,-1,P,30,0,2026-08-20T17:17:30.0000000,29265.75,2026-08-20T17:18:31.0000000,29271,29270.5,29271.25,20260924,378
Playback101,Playback,NQ SEP26,0.25,2026-08-20T17:19:10.7560000,2026-08-20T17:19:10.7560000,29271.75,29272.25,1,1,0.0000,-1,A,30,0,2026-08-20T17:19:11.0000000,29272,2026-08-20T17:20:12.0000000,29274.5,29274,29274.75,20260924,379
Playback101,Playback,NQ SEP26,0.25,2026-08-20T17:20:51.9680000,2026-08-20T17:20:51.9680000,29275,29275.5,2,2,0.0000,1,P,30,0,2026-08-20T17:21:09.0000000,29275,2026-08-20T17:22:10.0000000,29276.25,29276.25,29277,20260924,380
Playback101,Playback,NQ SEP26,0.25,2026-08-20T17:22:29.2680000,2026-08-20T17:22:29.2680000,29281.25,29282,4,1,0.6000,1,A,30,0,2026-08-20T17:22:30.0000000,29282.25,2026-08-20T17:23:32.0000000,29283.5,29283.75,29284.25,20260924,381
Playback101,Playback,NQ SEP26,0.25,2026-08-20T17:24:07.5840000,2026-08-20T17:24:07.5840000,29287.5,29288,1,2,-0.3333,1,P,30,0,2026-08-20T17:24:08.0000000,29287.5,2026-08-20T17:25:08.0000000,29290.5,29290.5,29291.25,20260924,382
Playback101,Playback,NQ SEP26,0.25,2026-08-20T17:25:58.2000000,2026-08-20T17:25:58.2000000,29292.25,29292.75,3,2,0.2000,1,P,30,0,2026-08-20T17:26:01.0000000,29292.25,2026-08-20T17:27:02.0000000,29291,29290.75,29291.25,20260924,383
Playback101,Playback,NQ SEP26,0.25,2026-08-20T17:27:44.4760000,2026-08-20T17:27:44.4760000,29286.25,29287,2,4,-0.3333,-1,P,30,0,2026-08-20T17:27:47.0000000,29287,2026-08-20T17:28:49.0000000,29288.5,29287.75,29288.5,20260924,384
Playback101,Playback,NQ SEP26,0.25,2026-08-20T17:29:16.5120000,2026-08-20T17:29:16.5120000,29289,29289.5,2,3,-0.2000,-1,A,30,0,2026-08-20T17:29:17.0000000,29290.25,2026-08-20T17:30:18.0000000,29289,29288.25,29288.75,20260924,385
Playback101,Playback,NQ SEP26,0.25,2026-08-20T17:30:58.7920000,2026-08-20T17:30:58.7920000,29289.25,29289.75,1,1,0.0000,1,A,30,0,2026-08-20T17:30:59.0000000,29289.75,2026-08-20T17:32:00.0000000,29287.75,29287.75,29288.25,20260924,386
Playback101,Playback,NQ SEP26,0.25,2026-08-20T17:32:44.6040000,2026-08-20T17:32:44.6040000,29288.75,29289.5,4,2,0.3333,-1,A,30,0,2026-08-20T17:32:45.0000000,29288.5,2026-08-20T17:33:46.0000000,29296,29295.25,29295.75,20260924,387
Playback101,Playback,NQ SEP26,0.25,2026-08-20T17:34:29.6440000,2026-08-20T17:34:29.6440000,29294.75,29295.25,1,2,-0.3333,1,A,30,0,2026-08-20T17:34:30.0000000,29295.25,2026-08-20T17:35:31.0000000,29299.5,29299.5,29300,20260924,388
Playback101,Playback,NQ SEP26,0.25,2026-08-20T17:36:19.9880000,2026-08-20T17:36:19.9880000,29301.75,29302.5,2,2,0.0000,1,P,30,0,2026-08-20T17:36:30.0000000,29301.75,2026-08-20T17:37:31.0000000,29302.75,29303,29303.5,20260924,389
Playback101,Playback,NQ SEP26,0.25,2026-08-20T17:38:10.2080000,2026-08-20T17:38:10.2080000,29309,29309.5,1,2,-0.3333,-1,P,30,1,2026-08-20T17:38:41.0000000,29306.5,2026-08-20T17:39:42.0000000,29304,29303.75,29304.5,20260924,390
Playback101,Playback,NQ SEP26,0.25,2026-08-20T17:39:57.2160000,2026-08-20T17:39:57.2160000,29302.75,29303.25,2,1,0.3333,1,A,30,0,2026-08-20T17:39:58.0000000,29303.5,2026-08-20T17:40:59.0000000,29303,29303.25,29304,20260924,391
Playback101,Playback,NQ SEP26,0.25,2026-08-20T17:41:33.5040000,2026-08-20T17:41:33.5040000,29302.75,29303.5,3,1,0.5000,1,P,30,0,2026-08-20T17:41:38.0000000,29302.75,2026-08-20T17:42:39.0000000,29299.5,29299.75,29300.5,20260924,392
Playback101,Playback,NQ SEP26,0.25,2026-08-20T17:43:14.5160000,2026-08-20T17:43:14.5160000,29301.5,29302.25,1,2,-0.3333,-1,P,30,0,2026-08-20T17:43:32.0000000,29302.25,2026-08-20T17:44:33.0000000,29304.5,29304.25,29304.75,20260924,393
Playback101,Playback,NQ SEP26,0.25,2026-08-20T17:44:51.5920000,2026-08-20T17:44:51.5920000,29303.5,29304.25,3,1,0.5000,-1,P,30,0,2026-08-20T17:44:52.0000000,29304.25,2026-08-20T17:45:53.0000000,29303.5,29303.5,29304,20260924,394
Playback101,Playback,NQ SEP26,0.25,2026-08-20T17:46:23.1120000,2026-08-20T17:46:23.1120000,29301,29301.75,2,2,0.0000,1,P,30,0,2026-08-20T17:46:28.0000000,29301,2026-08-20T17:47:29.0000000,29302.5,29302.5,29303.25,20260924,395
Playback101,Playback,NQ SEP26,0.25,2026-08-20T17:47:58.2560000,2026-08-20T17:47:58.2560000,29304.25,29305,2,2,0.0000,-1,A,30,0,2026-08-20T17:47:59.0000000,29304.25,2026-08-20T17:49:00.0000000,29303.5,29303.25,29304,20260924,396
Playback101,Playback,NQ SEP26,0.25,2026-08-20T17:49:55.0440000,2026-08-20T17:49:55.0440000,29303,29303.75,2,2,0.0000,-1,P,30,0,2026-08-20T17:49:56.0000000,29303.75,2026-08-20T17:50:57.0000000,29303.5,29302.5,29303.5,20260924,397
Playback101,Playback,NQ SEP26,0.25,2026-08-20T19:11:18.5800000,2026-08-20T19:11:18.5800000,29288,29289.5,1,1,0.0000,-1,A,30,0,2026-08-20T19:11:19.0000000,29287.75,2026-08-20T19:12:20.0000000,29283.25,29281.25,29283,20260924,398
Playback101,Playback,NQ SEP26,0.25,2026-08-20T19:13:05.9440000,2026-08-20T19:13:05.9440000,29281,29282.5,3,1,0.5000,1,A,30,0,2026-08-20T19:13:06.0000000,29283.75,2026-08-20T19:14:07.0000000,29277.25,29277.25,29278.5,20260924,399
Playback101,Playback,NQ SEP26,0.25,2026-08-20T19:14:44.2200000,2026-08-20T19:14:44.2200000,29277.75,29279.25,1,1,0.0000,1,A,30,0,2026-08-20T19:14:45.0000000,29278.75,2026-08-20T19:15:46.0000000,29285,29283,29284.75,20260924,400
Playback101,Playback,NQ SEP26,0.25,2026-08-20T19:16:20.7200000,2026-08-20T19:16:20.7200000,29282.75,29284,1,1,0.0000,-1,P,30,0,2026-08-20T19:16:22.0000000,29284,2026-08-20T19:17:23.0000000,29286.5,29285.25,29286.75,20260924,401
Playback101,Playback,NQ SEP26,0.25,2026-08-20T19:18:13.6120000,2026-08-20T19:18:13.6120000,29290,29290.75,3,1,0.5000,-1,A,30,0,2026-08-20T19:18:14.0000000,29289,2026-08-20T19:19:16.0000000,29288.25,29286.75,29288.25,20260924,402
Playback101,Playback,NQ SEP26,0.25,2026-08-20T19:19:57.6280000,2026-08-20T19:19:57.6280000,29286,29286.75,1,2,-0.3333,1,A,30,0,2026-08-20T19:19:58.0000000,29286.5,2026-08-20T19:20:59.0000000,29284,29283.5,29284.75,20260924,403
Playback101,Playback,NQ SEP26,0.25,2026-08-20T19:21:48.6520000,2026-08-20T19:21:48.6520000,29285,29286.5,2,2,0.0000,-1,P,30,0,2026-08-20T19:21:53.0000000,29286.5,2026-08-20T19:22:54.0000000,29285.25,29283.75,29284.75,20260924,404
Playback101,Playback,NQ SEP26,0.25,2026-08-20T19:23:38.0160000,2026-08-20T19:23:38.0160000,29284.25,29285.5,2,2,0.0000,-1,P,30,0,2026-08-20T19:23:45.0000000,29285.5,2026-08-20T19:24:46.0000000,29284,29282.75,29284,20260924,405
Playback101,Playback,NQ SEP26,0.25,2026-08-20T19:25:22.1920000,2026-08-20T19:25:22.1920000,29278.75,29280.25,2,3,-0.2000,1,A,30,0,2026-08-20T19:25:23.0000000,29280.25,2026-08-20T19:26:24.0000000,29280,29280.75,29282.25,20260924,406
Playback101,Playback,NQ SEP26,0.25,2026-08-20T19:27:17.4480000,2026-08-20T19:27:17.4480000,29280.75,29282,1,1,0.0000,1,A,30,0,2026-08-20T19:27:18.0000000,29283,2026-08-20T19:28:19.0000000,29283.75,29283.25,29284.5,20260924,407
Playback101,Playback,NQ SEP26,0.25,2026-08-20T19:29:10.5000000,2026-08-20T19:29:10.5000000,29285.25,29286.25,1,2,-0.3333,1,A,30,0,2026-08-20T19:29:11.0000000,29286.5,2026-08-20T19:30:12.0000000,29285.25,29285.25,29286.5,20260924,408
Playback101,Playback,NQ SEP26,0.25,2026-08-20T19:30:59.6160000,2026-08-20T19:30:59.6160000,29285.75,29287,2,2,0.0000,-1,P,30,1,2026-08-20T19:31:32.0000000,29282.5,2026-08-20T19:32:33.0000000,29288.5,29287,29288.25,20260924,409
Playback101,Playback,NQ SEP26,0.25,2026-08-20T19:33:00.1880000,2026-08-20T19:33:00.1880000,29291.25,29292.25,1,1,0.0000,1,P,30,0,2026-08-20T19:33:01.0000000,29291.25,2026-08-20T19:34:02.0000000,29298.25,29298,29299,20260924,410
Playback101,Playback,NQ SEP26,0.25,2026-08-20T19:34:49.6000000,2026-08-20T19:34:49.6000000,29303.25,29304.75,1,1,0.0000,1,A,30,0,2026-08-20T19:34:50.0000000,29303.25,2026-08-20T19:35:51.0000000,29304.75,29304.5,29305.5,20260924,411
Playback101,Playback,NQ SEP26,0.25,2026-08-20T19:36:28.0120000,2026-08-20T19:36:28.0120000,29307,29308,1,1,0.0000,-1,A,30,0,2026-08-20T19:36:29.0000000,29307,2026-08-20T19:37:30.0000000,29306.75,29305.75,29306.75,20260924,412
Playback101,Playback,NQ SEP26,0.25,2026-08-20T19:38:01.1520000,2026-08-20T19:38:01.1520000,29303.25,29304.5,3,1,0.5000,1,A,30,0,2026-08-20T19:38:02.0000000,29304.25,2026-08-20T19:39:03.0000000,29305.75,29306,29307,20260924,413
Playback101,Playback,NQ SEP26,0.25,2026-08-20T19:39:37.4600000,2026-08-20T19:39:37.4600000,29304.5,29305.5,1,1,0.0000,1,P,30,0,2026-08-20T19:39:38.0000000,29304.5,2026-08-20T19:40:39.0000000,29288,29286.5,29287.75,20260924,414
Playback101,Playback,NQ SEP26,0.25,2026-08-20T19:41:30.6760000,2026-08-20T19:41:30.6760000,29294.75,29295.75,1,1,0.0000,-1,P,30,0,2026-08-20T19:41:31.0000000,29295.75,2026-08-20T19:42:33.0000000,29296.25,29294.5,29295.5,20260924,415
Playback101,Playback,NQ SEP26,0.25,2026-08-20T19:43:23.4360000,2026-08-20T19:43:23.4360000,29295.75,29297.25,2,3,-0.2000,1,A,30,0,2026-08-20T19:43:24.0000000,29297.75,2026-08-20T19:44:27.0000000,29302.25,29302,29303,20260924,416
Playback101,Playback,NQ SEP26,0.25,2026-08-20T19:45:03.2480000,2026-08-20T19:45:03.2480000,29300.75,29302,1,2,-0.3333,1,A,30,0,2026-08-20T19:45:04.0000000,29302,2026-08-20T19:46:05.0000000,29302.75,29302.75,29304,20260924,417
Playback101,Playback,NQ SEP26,0.25,2026-08-20T19:46:57.1680000,2026-08-20T19:46:57.1680000,29302.75,29304,1,5,-0.6667,1,A,30,0,2026-08-20T19:46:58.0000000,29303.25,2026-08-20T19:47:59.0000000,29305.75,29305.25,29306.25,20260924,418
Playback101,Playback,NQ SEP26,0.25,2026-08-20T19:48:37.4080000,2026-08-20T19:48:37.4080000,29306,29307,1,2,-0.3333,1,A,30,0,2026-08-20T19:48:38.0000000,29306.75,2026-08-20T19:49:39.0000000,29309.25,29309.25,29310,20260924,419
Playback101,Playback,NQ SEP26,0.25,2026-08-20T19:50:12.6640000,2026-08-20T19:50:12.6640000,29309.5,29310.25,1,1,0.0000,1,P,30,0,2026-08-20T19:50:13.0000000,29309.5,2026-08-20T19:51:14.0000000,29314.75,29314.25,29315.25,20260924,420
Playback101,Playback,NQ SEP26,0.25,2026-08-20T19:51:55.0280000,2026-08-20T19:51:55.0280000,29322,29322.75,1,1,0.0000,1,P,30,0,2026-08-20T19:51:56.0000000,29322,2026-08-20T19:52:57.0000000,29322.5,29322.25,29323.5,20260924,421
Playback101,Playback,NQ SEP26,0.25,2026-08-20T19:53:37.3120000,2026-08-20T19:53:37.3120000,29323.75,29324.5,1,1,0.0000,1,P,30,0,2026-08-20T19:53:38.0000000,29323.75,2026-08-20T19:54:39.0000000,29320.25,29320.5,29321.25,20260924,422
Playback101,Playback,NQ SEP26,0.25,2026-08-20T19:55:27.0160000,2026-08-20T19:55:27.0160000,29321.75,29322.75,1,1,0.0000,1,A,30,0,2026-08-20T19:55:28.0000000,29322.25,2026-08-20T19:56:30.0000000,29321,29320.75,29321.75,20260924,423
Playback101,Playback,NQ SEP26,0.25,2026-08-20T19:57:07.0000000,2026-08-20T19:57:07.0000000,29321,29321.75,2,1,0.3333,-1,P,30,0,2026-08-20T19:57:07.0000000,29321.75,2026-08-20T19:58:10.0000000,29322,29321,29322,20260924,424
Playback101,Playback,NQ SEP26,0.25,2026-08-20T19:58:51.9880000,2026-08-20T19:58:51.9880000,29322.25,29323.25,2,2,0.0000,-1,P,30,0,2026-08-20T19:58:55.0000000,29323.25,2026-08-20T19:59:56.0000000,29323.25,29321.75,29323,20260924,425
Playback101,Playback,NQ SEP26,0.25,2026-08-20T20:00:23.4480000,2026-08-20T20:00:23.4480000,29321.5,29322.5,1,1,0.0000,-1,P,30,1,2026-08-20T20:00:54.0000000,29320.5,2026-08-20T20:01:56.0000000,29321.5,29320.25,29321.5,20260924,426
Playback101,Playback,NQ SEP26,0.25,2026-08-20T20:02:06.6560000,2026-08-20T20:02:06.6560000,29319.5,29320.5,1,1,0.0000,-1,P,30,1,2026-08-20T20:02:38.0000000,29320.25,2026-08-20T20:03:40.0000000,29319.75,29318.5,29319.5,20260924,427
Playback101,Playback,NQ SEP26,0.25,2026-08-20T20:04:01.6840000,2026-08-20T20:04:01.6840000,29318,29318.75,1,1,0.0000,-1,P,30,0,2026-08-20T20:04:11.0000000,29318.75,2026-08-20T20:05:12.0000000,29319.25,29317.75,29319,20260924,428
Playback101,Playback,NQ SEP26,0.25,2026-08-20T20:05:54.9760000,2026-08-20T20:05:54.9760000,29319,29319.75,2,1,0.3333,1,P,30,0,2026-08-20T20:05:55.0000000,29319,2026-08-20T20:06:56.0000000,29320.75,29320.75,29322,20260924,429
Playback101,Playback,NQ SEP26,0.25,2026-08-20T20:07:32.2480000,2026-08-20T20:07:32.2480000,29320.75,29321.5,1,1,0.0000,-1,A,30,0,2026-08-20T20:07:33.0000000,29320.75,2026-08-20T20:08:35.0000000,29319.25,29318,29319,20260924,430
Playback101,Playback,NQ SEP26,0.25,2026-08-20T20:09:14.1480000,2026-08-20T20:09:14.1480000,29316.75,29318,3,1,0.5000,-1,P,30,0,2026-08-20T20:09:18.0000000,29318,2026-08-20T20:10:19.0000000,29318.75,29317.75,29318.75,20260924,431
Playback101,Playback,NQ SEP26,0.25,2026-08-20T20:11:08.9400000,2026-08-20T20:11:08.9400000,29317.5,29318.5,2,2,0.0000,1,A,30,0,2026-08-20T20:11:09.0000000,29319,2026-08-20T20:12:10.0000000,29316.75,29317.25,29318.25,20260924,432
Playback101,Playback,NQ SEP26,0.25,2026-08-20T20:12:43.8280000,2026-08-20T20:12:43.8280000,29316.5,29317.25,1,1,0.0000,1,A,30,0,2026-08-20T20:12:44.0000000,29318.25,2026-08-20T20:13:45.0000000,29314.25,29314.5,29315.5,20260924,433
Playback101,Playback,NQ SEP26,0.25,2026-08-20T20:14:19.8640000,2026-08-20T20:14:19.8640000,29315,29316,1,2,-0.3333,1,P,30,1,2026-08-20T20:14:51.0000000,29317,2026-08-20T20:15:53.0000000,29314.75,29314.25,29315.25,20260924,434
Playback101,Playback,NQ SEP26,0.25,2026-08-20T20:16:15.0000000,2026-08-20T20:16:15.0000000,29319.5,29320.5,2,1,0.3333,1,P,30,0,2026-08-20T20:16:15.0000000,29319.5,2026-08-20T20:17:16.0000000,29322.25,29322.5,29324,20260924,435
Playback101,Playback,NQ SEP26,0.25,2026-08-20T20:18:14.4840000,2026-08-20T20:18:14.4840000,29321.5,29322.5,1,2,-0.3333,1,P,30,0,2026-08-20T20:18:15.0000000,29321.25,2026-08-20T20:19:16.0000000,29321.75,29321.75,29322.75,20260924,436
Playback101,Playback,NQ SEP26,0.25,2026-08-20T20:19:59.7240000,2026-08-20T20:19:59.7240000,29320.75,29322,2,2,0.0000,-1,A,30,0,2026-08-20T20:20:00.0000000,29320.75,2026-08-20T20:21:01.0000000,29320.25,29319.5,29320.5,20260924,437
Playback101,Playback,NQ SEP26,0.25,2026-08-20T20:21:36.8840000,2026-08-20T20:21:36.8840000,29319.75,29320.75,2,1,0.3333,-1,P,30,0,2026-08-20T20:21:38.0000000,29320.75,2026-08-20T20:22:39.0000000,29322.75,29321.5,29322.5,20260924,438
Playback101,Playback,NQ SEP26,0.25,2026-08-20T20:23:28.0160000,2026-08-20T20:23:28.0160000,29319.5,29320.75,3,1,0.5000,-1,A,30,0,2026-08-20T20:23:29.0000000,29319.5,2026-08-20T20:24:30.0000000,29320.75,29319.5,29320.5,20260924,439
Playback101,Playback,NQ SEP26,0.25,2026-08-20T20:25:11.5680000,2026-08-20T20:25:11.5680000,29317.25,29318.5,4,2,0.3333,1,A,30,0,2026-08-20T20:25:12.0000000,29318,2026-08-20T20:26:13.0000000,29321,29319.5,29320.75,20260924,440
Playback101,Playback,NQ SEP26,0.25,2026-08-20T20:27:03.7200000,2026-08-20T20:27:03.7200000,29314.5,29315.5,2,1,0.3333,-1,A,30,0,2026-08-20T20:27:04.0000000,29314,2026-08-20T20:28:05.0000000,29314.5,29314,29315.25,20260924,441
Playback101,Playback,NQ SEP26,0.25,2026-08-20T20:28:38.0480000,2026-08-20T20:28:38.0480000,29316,29317,1,1,0.0000,-1,P,30,0,2026-08-20T20:28:47.0000000,29317,2026-08-20T20:29:48.0000000,29315.75,29315,29315.75,20260924,442
Playback101,Playback,NQ SEP26,0.25,2026-08-20T20:30:28.6840000,2026-08-20T20:30:28.6840000,29315,29316.25,2,2,0.0000,-1,P,30,0,2026-08-20T20:30:30.0000000,29316.25,2026-08-20T20:31:32.0000000,29315.5,29314.5,29315.5,20260924,443
Playback101,Playback,NQ SEP26,0.25,2026-08-20T20:32:00.0560000,2026-08-20T20:32:00.0560000,29315.25,29316,1,1,0.0000,1,P,30,1,2026-08-20T20:32:31.0000000,29316.5,2026-08-20T20:33:33.0000000,29316.75,29318,29319.25,20260924,444
Playback101,Playback,NQ SEP26,0.25,2026-08-20T20:33:53.6200000,2026-08-20T20:33:53.6200000,29317.75,29318.5,1,1,0.0000,-1,P,30,1,2026-08-20T20:34:24.0000000,29315.75,2026-08-20T20:35:25.0000000,29311.5,29310.75,29311.5,20260924,445
Playback101,Playback,NQ SEP26,0.25,2026-08-20T20:35:35.3720000,2026-08-20T20:35:35.3720000,29306.75,29307.5,1,1,0.0000,-1,P,30,1,2026-08-20T20:36:07.0000000,29298,2026-08-20T20:37:08.0000000,29299.5,29298.5,29300,20260924,446
Playback101,Playback,NQ SEP26,0.25,2026-08-20T20:37:29.6520000,2026-08-20T20:37:29.6520000,29299,29300.25,1,2,-0.3333,-1,P,30,1,2026-08-20T20:38:00.0000000,29297.25,2026-08-20T20:39:01.0000000,29299.5,29298.5,29299.5,20260924,447
Playback101,Playback,NQ SEP26,0.25,2026-08-20T20:39:00.0480000,2026-08-20T20:39:00.0480000,29298.5,29299.75,1,3,-0.5000,1,A,30,0,2026-08-20T20:39:01.0000000,29299.5,2026-08-20T20:40:02.0000000,29301.75,29301,29302.25,20260924,448
Playback101,Playback,NQ SEP26,0.25,2026-08-20T20:40:32.0760000,2026-08-20T20:40:32.0760000,29308.25,29309.25,3,1,0.5000,-1,A,30,0,2026-08-20T20:40:33.0000000,29308.25,2026-08-20T20:41:34.0000000,29321.25,29320.5,29321.75,20260924,449
Playback101,Playback,NQ SEP26,0.25,2026-08-20T20:42:08.3240000,2026-08-20T20:42:08.3240000,29318.5,29319.5,2,1,0.3333,-1,P,30,0,2026-08-20T20:42:09.0000000,29319.5,2026-08-20T20:43:09.0000000,29311.5,29311,29311.5,20260924,450
Playback101,Playback,NQ SEP26,0.25,2026-08-20T20:44:07.6440000,2026-08-20T20:44:07.6440000,29315.25,29316.25,2,1,0.3333,1,P,30,0,2026-08-20T20:44:35.0000000,29315.25,2026-08-20T20:45:36.0000000,29302.5,29302.75,29304,20260924,451
Playback101,Playback,NQ SEP26,0.25,2026-08-20T20:46:05.6720000,2026-08-20T20:46:05.6720000,29298.75,29299.75,1,1,0.0000,-1,A,30,0,2026-08-20T20:46:06.0000000,29299.25,2026-08-20T20:47:07.0000000,29300.5,29299.5,29300.75,20260924,452
Playback101,Playback,NQ SEP26,0.25,2026-08-20T20:47:36.6720000,2026-08-20T20:47:36.6720000,29299.75,29301,1,1,0.0000,1,A,30,0,2026-08-20T20:47:37.0000000,29301,2026-08-20T20:48:38.0000000,29290.25,29290.5,29291.75,20260924,453
Playback101,Playback,NQ SEP26,0.25,2026-08-20T20:49:16.8880000,2026-08-20T20:49:16.8880000,29290.5,29291.75,2,1,0.3333,1,A,30,0,2026-08-20T20:49:17.0000000,29291,2026-08-20T20:50:18.0000000,29297,29294.75,29296,20260924,454
Playback101,Playback,NQ SEP26,0.25,2026-08-20T20:50:51.1400000,2026-08-20T20:50:51.1400000,29306.5,29308,1,2,-0.3333,1,A,30,0,2026-08-20T20:50:52.0000000,29308,2026-08-20T20:51:53.0000000,29298.25,29297.25,29298.75,20260924,455
Playback101,Playback,NQ SEP26,0.25,2026-08-20T20:52:48.1840000,2026-08-20T20:52:48.1840000,29298,29299.25,1,1,0.0000,1,P,30,0,2026-08-20T20:52:49.0000000,29298,2026-08-20T20:53:50.0000000,29303,29303.75,29305,20260924,456
Playback101,Playback,NQ SEP26,0.25,2026-08-20T20:54:27.4960000,2026-08-20T20:54:27.4960000,29306,29307.25,1,1,0.0000,-1,P,30,0,2026-08-20T20:54:34.0000000,29307.25,2026-08-20T20:55:35.0000000,29300,29298.75,29300.25,20260924,457
Playback101,Playback,NQ SEP26,0.25,2026-08-20T20:56:04.5160000,2026-08-20T20:56:04.5160000,29298.25,29299.25,1,2,-0.3333,-1,P,30,0,2026-08-20T20:56:05.0000000,29299.25,2026-08-20T20:57:06.0000000,29298,29296.75,29297.75,20260924,458
Playback101,Playback,NQ SEP26,0.25,2026-08-20T20:57:53.5960000,2026-08-20T20:57:53.5960000,29295,29296.25,1,3,-0.5000,1,P,30,0,2026-08-20T20:57:55.0000000,29295,2026-08-20T20:58:56.0000000,29296.25,29296.5,29297.5,20260924,459
Playback101,Playback,NQ SEP26,0.25,2026-08-20T20:59:37.7840000,2026-08-20T20:59:37.7840000,29295.5,29296.5,1,1,0.0000,1,P,30,0,2026-08-20T20:59:38.0000000,29295.5,2026-08-20T21:00:39.0000000,29314.75,29315.5,29316.5,20260924,460
Playback101,Playback,NQ SEP26,0.25,2026-08-20T21:01:14.8400000,2026-08-20T21:01:14.8400000,29309.5,29310.75,2,1,0.3333,1,A,30,0,2026-08-20T21:01:15.0000000,29310.75,2026-08-20T21:02:16.0000000,29325.25,29325.25,29326,20260924,461
Playback101,Playback,NQ SEP26,0.25,2026-08-20T21:03:00.8400000,2026-08-20T21:03:00.8400000,29326.5,29328,1,2,-0.3333,-1,P,30,1,2026-08-20T21:03:31.0000000,29317.75,2026-08-20T21:04:32.0000000,29324.75,29323,29324.25,20260924,462
Playback101,Playback,NQ SEP26,0.25,2026-08-20T21:04:59.8520000,2026-08-20T21:04:59.8520000,29314.5,29315.75,1,1,0.0000,1,A,30,0,2026-08-20T21:05:00.0000000,29316.75,2026-08-20T21:06:01.0000000,29333.75,29333.25,29334.25,20260924,463
Playback101,Playback,NQ SEP26,0.25,2026-08-20T21:06:33.9200000,2026-08-20T21:06:33.9200000,29330.25,29332,2,2,0.0000,1,P,30,0,2026-08-20T21:06:38.0000000,29330.25,2026-08-20T21:07:39.0000000,29327,29334,29335.25,20260924,464
Playback101,Playback,NQ SEP26,0.25,2026-08-20T21:08:16.9880000,2026-08-20T21:08:16.9880000,29332.25,29333.25,1,1,0.0000,-1,A,30,0,2026-08-20T21:08:17.0000000,29332.5,2026-08-20T21:09:18.0000000,29325.75,29325,29326,20260924,465
Playback101,Playback,NQ SEP26,0.25,2026-08-20T21:09:50.0040000,2026-08-20T21:09:50.0040000,29328.5,29329.5,1,1,0.0000,1,P,30,0,2026-08-20T21:09:54.0000000,29328.5,2026-08-20T21:10:54.0000000,29332,29331,29332.5,20260924,466
Playback101,Playback,NQ SEP26,0.25,2026-08-20T21:11:36.0400000,2026-08-20T21:11:36.0400000,29336.5,29337.75,1,2,-0.3333,-1,P,30,0,2026-08-20T21:11:37.0000000,29337.75,2026-08-20T21:12:38.0000000,29346.5,29345.75,29346.75,20260924,467
Playback101,Playback,NQ SEP26,0.25,2026-08-20T21:13:27.0640000,2026-08-20T21:13:27.0640000,29353.25,29354.75,1,2,-0.3333,-1,A,30,0,2026-08-20T21:13:28.0000000,29354.25,2026-08-20T21:14:29.0000000,29357.25,29356,29357.5,20260924,468
Playback101,Playback,NQ SEP26,0.25,2026-08-20T21:15:17.0920000,2026-08-20T21:15:17.0920000,29356,29357,1,1,0.0000,1,P,30,0,2026-08-20T21:15:18.0000000,29355.75,2026-08-20T21:16:19.0000000,29349,29348.25,29349.25,20260924,469
Playback101,Playback,NQ SEP26,0.25,2026-08-20T21:17:13.0920000,2026-08-20T21:17:13.0920000,29328,29329,1,3,-0.5000,-1,P,30,0,2026-08-20T21:17:21.0000000,29329,2026-08-20T21:18:21.0000000,29330.25,29330.25,29331.5,20260924,470
Playback101,Playback,NQ SEP26,0.25,2026-08-20T21:18:46.1320000,2026-08-20T21:18:46.1320000,29333.5,29335,1,1,0.0000,1,P,30,0,2026-08-20T21:18:50.0000000,29333.5,2026-08-20T21:19:50.0000000,29328.5,29326.75,29328.25,20260924,471
Playback101,Playback,NQ SEP26,0.25,2026-08-20T21:20:30.1320000,2026-08-20T21:20:30.1320000,29333.25,29334.75,1,2,-0.3333,-1,A,30,0,2026-08-20T21:20:31.0000000,29333.5,2026-08-20T21:21:32.0000000,29335,29333,29334.25,20260924,472
Playback101,Playback,NQ SEP26,0.25,2026-08-20T21:22:18.2040000,2026-08-20T21:22:18.2040000,29332.5,29333.75,1,2,-0.3333,-1,P,30,0,2026-08-20T21:22:19.0000000,29333.75,2026-08-20T21:23:20.0000000,29341.25,29340.5,29341.75,20260924,473
Playback101,Playback,NQ SEP26,0.25,2026-08-20T21:23:51.2400000,2026-08-20T21:23:51.2400000,29342,29343.5,1,1,0.0000,1,A,30,0,2026-08-20T21:23:52.0000000,29343.25,2026-08-20T21:24:53.0000000,29323.75,29323.75,29325,20260924,474
Playback101,Playback,NQ SEP26,0.25,2026-08-20T21:25:43.3440000,2026-08-20T21:25:43.3440000,29330.25,29331,2,1,0.3333,-1,A,30,0,2026-08-20T21:25:44.0000000,29330.5,2026-08-20T21:26:45.0000000,29330,29327.75,29328.75,20260924,475
Playback101,Playback,NQ SEP26,0.25,2026-08-20T21:27:20.5200000,2026-08-20T21:27:20.5200000,29323.25,29324.5,1,2,-0.3333,-1,P,30,0,2026-08-20T21:27:23.0000000,29324.5,2026-08-20T21:28:24.0000000,29319.5,29319,29320,20260924,476
Playback101,Playback,NQ SEP26,0.25,2026-08-20T21:28:59.9680000,2026-08-20T21:28:59.9680000,29321.5,29322.25,8,2,0.6000,-1,P,30,0,2026-08-20T21:29:00.0000000,29322.25,2026-08-20T21:30:01.0000000,29326.75,29325.5,29326.75,20260924,477
Playback101,Playback,NQ SEP26,0.25,2026-08-20T21:30:39.0080000,2026-08-20T21:30:39.0080000,29322,29323,1,1,0.0000,-1,P,30,0,2026-08-20T21:30:40.0000000,29323,2026-08-20T21:31:41.0000000,29323,29320.75,29321.75,20260924,478
Playback101,Playback,NQ SEP26,0.25,2026-08-20T21:32:39.0080000,2026-08-20T21:32:39.0080000,29332,29333.25,1,3,-0.5000,-1,A,30,0,2026-08-20T21:32:40.0000000,29331,2026-08-20T21:33:41.0000000,29331.25,29333.25,29334.25,20260924,479
Playback101,Playback,NQ SEP26,0.25,2026-08-20T21:34:15.0160000,2026-08-20T21:34:15.0160000,29332.75,29334.25,1,1,0.0000,1,P,30,0,2026-08-20T21:34:17.0000000,29332.75,2026-08-20T21:35:18.0000000,29331.75,29331.25,29332.25,20260924,480
Playback101,Playback,NQ SEP26,0.25,2026-08-20T21:35:48.0560000,2026-08-20T21:35:48.0560000,29337.75,29339,2,1,0.3333,1,P,30,0,2026-08-20T21:35:50.0000000,29337.75,2026-08-20T21:36:51.0000000,29325.5,29331,29331.75,20260924,481
Playback101,Playback,NQ SEP26,0.25,2026-08-20T21:37:48.0960000,2026-08-20T21:37:48.0960000,29329.25,29330.75,2,2,0.0000,-1,A,30,0,2026-08-20T21:37:49.0000000,29329.25,2026-08-20T21:38:50.0000000,29348.25,29348,29349,20260924,482
Playback101,Playback,NQ SEP26,0.25,2026-08-20T21:39:40.1760000,2026-08-20T21:39:40.1760000,29347.25,29348.25,1,1,0.0000,-1,A,30,0,2026-08-20T21:39:41.0000000,29347.25,2026-08-20T21:40:42.0000000,29348.5,29347,29348.25,20260924,483
Playback101,Playback,NQ SEP26,0.25,2026-08-20T21:41:32.2320000,2026-08-20T21:41:32.2320000,29338,29338.5,2,1,0.3333,1,A,30,0,2026-08-20T21:41:33.0000000,29338,2026-08-20T21:42:34.0000000,29332.75,29332.75,29333.75,20260924,484
Playback101,Playback,NQ SEP26,0.25,2026-08-20T21:43:30.3240000,2026-08-20T21:43:30.3240000,29334,29335,1,1,0.0000,-1,P,30,0,2026-08-20T21:43:52.0000000,29335,2026-08-20T21:44:53.0000000,29356,29352,29353.25,20260924,485
Playback101,Playback,NQ SEP26,0.25,2026-08-20T21:45:03.3520000,2026-08-20T21:45:03.3520000,29351.25,29352.5,2,1,0.3333,1,P,30,0,2026-08-20T21:45:04.0000000,29351.25,2026-08-20T21:46:05.0000000,29355,29356,29356.5,20260924,486
Playback101,Playback,NQ SEP26,0.25,2026-08-20T21:46:52.4480000,2026-08-20T21:46:52.4480000,29349,29349.75,1,1,0.0000,-1,P,30,0,2026-08-20T21:46:53.0000000,29349.75,2026-08-20T21:47:54.0000000,29355,29355,29355.75,20260924,487
Playback101,Playback,NQ SEP26,0.25,2026-08-20T21:48:49.4640000,2026-08-20T21:48:49.4640000,29356,29357,2,2,0.0000,-1,P,30,0,2026-08-20T21:48:50.0000000,29357,2026-08-20T21:49:51.0000000,29361,29360,29361,20260924,488
Playback101,Playback,NQ SEP26,0.25,2026-08-20T21:50:49.5240000,2026-08-20T21:50:49.5240000,29355.25,29356.25,1,1,0.0000,-1,P,30,1,2026-08-20T21:51:20.0000000,29352,2026-08-20T21:52:21.0000000,29354.5,29353.75,29355,20260924,489
Playback101,Playback,NQ SEP26,0.25,2026-08-20T21:52:42.5920000,2026-08-20T21:52:42.5920000,29347.75,29348.75,1,1,0.0000,1,P,30,0,2026-08-20T21:52:43.0000000,29347.75,2026-08-20T21:53:44.0000000,29333.75,29333.25,29334,20260924,490
Playback101,Playback,NQ SEP26,0.25,2026-08-20T21:54:20.6080000,2026-08-20T21:54:20.6080000,29330.5,29332,3,2,0.2000,-1,P,30,0,2026-08-20T21:54:21.0000000,29332,2026-08-20T21:55:22.0000000,29326,29324.75,29326,20260924,491
Playback101,Playback,NQ SEP26,0.25,2026-08-20T21:55:50.6080000,2026-08-20T21:55:50.6080000,29330.75,29332,1,2,-0.3333,-1,A,30,0,2026-08-20T21:55:51.0000000,29330.25,2026-08-20T21:56:52.0000000,29327,29325.75,29327,20260924,492
Playback101,Playback,NQ SEP26,0.25,2026-08-20T21:57:22.0920000,2026-08-20T21:57:22.0920000,29324,29325.5,2,2,0.0000,-1,P,30,0,2026-08-20T21:57:29.0000000,29325.5,2026-08-20T21:58:30.0000000,29328.5,29327.25,29328.5,20260924,493
Playback101,Playback,NQ SEP26,0.25,2026-08-20T21:59:00.1480000,2026-08-20T21:59:00.1480000,29324.25,29325.75,1,2,-0.3333,-1,A,30,0,2026-08-20T21:59:01.0000000,29325.5,2026-08-20T22:00:02.0000000,29319.5,29320,29320.75,20260924,494
Playback101,Playback,NQ SEP26,0.25,2026-08-20T22:00:55.2080000,2026-08-20T22:00:55.2080000,29324.75,29326,1,2,-0.3333,1,P,30,0,2026-08-20T22:01:12.0000000,29324.75,2026-08-20T22:02:13.0000000,29329.75,29329.25,29330.5,20260924,495
Playback101,Playback,NQ SEP26,0.25,2026-08-20T22:02:41.2800000,2026-08-20T22:02:41.2800000,29331,29332.5,1,2,-0.3333,-1,P,30,1,2026-08-20T22:03:12.0000000,29328.25,2026-08-20T22:04:13.0000000,29325.75,29324.75,29326,20260924,496
Playback101,Playback,NQ SEP26,0.25,2026-08-20T22:04:27.2880000,2026-08-20T22:04:27.2880000,29318.25,29319.5,1,1,0.0000,-1,A,30,0,2026-08-20T22:04:28.0000000,29318.25,2026-08-20T22:05:29.0000000,29317.75,29316.25,29317.75,20260924,497
Playback101,Playback,NQ SEP26,0.25,2026-08-20T22:06:22.3000000,2026-08-20T22:06:22.3000000,29308.5,29310,2,3,-0.2000,1,P,30,0,2026-08-20T22:06:24.0000000,29308.5,2026-08-20T22:07:25.0000000,29308.5,29308.25,29309.75,20260924,498
Playback101,Playback,NQ SEP26,0.25,2026-08-20T22:08:05.3840000,2026-08-20T22:08:05.3840000,29301.25,29302.25,1,2,-0.3333,1,A,30,0,2026-08-20T22:08:06.0000000,29301.25,2026-08-20T22:09:07.0000000,29299.5,29299.5,29300.5,20260924,499
Playback101,Playback,NQ SEP26,0.25,2026-08-20T22:09:59.4560000,2026-08-20T22:09:59.4560000,29305.5,29306.5,2,1,0.3333,-1,A,30,0,2026-08-20T22:10:00.0000000,29305.75,2026-08-20T22:11:01.0000000,29311.5,29311,29312,20260924,500
Playback101,Playback,NQ SEP26,0.25,2026-08-20T22:11:32.4920000,2026-08-20T22:11:32.4920000,29303.25,29304.5,1,1,0.0000,1,A,30,0,2026-08-20T22:11:33.0000000,29304,2026-08-20T22:12:34.0000000,29326.5,29326.75,29327.75,20260924,501
Playback101,Playback,NQ SEP26,0.25,2026-08-20T22:13:26.5840000,2026-08-20T22:13:26.5840000,29326,29327,1,1,0.0000,-1,A,30,0,2026-08-20T22:13:27.0000000,29327,2026-08-20T22:14:28.0000000,29324.25,29323,29324.5,20260924,502
Playback101,Playback,NQ SEP26,0.25,2026-08-20T22:15:12.6680000,2026-08-20T22:15:12.6680000,29317.75,29318.75,2,1,0.3333,1,A,30,0,2026-08-20T22:15:13.0000000,29319,2026-08-20T22:16:14.0000000,29336.75,29337.75,29339,20260924,503
Playback101,Playback,NQ SEP26,0.25,2026-08-20T22:16:57.7200000,2026-08-20T22:16:57.7200000,29350.5,29351.5,2,1,0.3333,1,P,30,0,2026-08-20T22:16:58.0000000,29350.5,2026-08-20T22:17:59.0000000,29350,29349.5,29351,20260924,504
Playback101,Playback,NQ SEP26,0.25,2026-08-20T22:18:46.7760000,2026-08-20T22:18:46.7760000,29346,29347.25,1,2,-0.3333,1,P,30,1,2026-08-20T22:19:17.0000000,29353.75,2026-08-20T22:20:18.0000000,29350,29350,29351.25,20260924,505
Playback101,Playback,NQ SEP26,0.25,2026-08-20T22:20:18.8240000,2026-08-20T22:20:18.8240000,29349.5,29350.5,1,2,-0.3333,1,A,30,0,2026-08-20T22:20:19.0000000,29350,2026-08-20T22:21:20.0000000,29343.5,29343.75,29345,20260924,506
Playback101,Playback,NQ SEP26,0.25,2026-08-20T22:22:11.8680000,2026-08-20T22:22:11.8680000,29343,29344.5,2,1,0.3333,1,P,30,0,2026-08-20T22:22:12.0000000,29343,2026-08-20T22:23:13.0000000,29319.5,29319.5,29320.25,20260924,507
Playback101,Playback,NQ SEP26,0.25,2026-08-20T22:23:44.0680000,2026-08-20T22:23:44.0680000,29322.5,29324,1,1,0.0000,1,P,30,0,2026-08-20T22:23:45.0000000,29322.5,2026-08-20T22:24:46.0000000,29329,29327.25,29328.25,20260924,508
Playback101,Playback,NQ SEP26,0.25,2026-08-20T22:25:14.0920000,2026-08-20T22:25:14.0920000,29333.75,29335.25,2,3,-0.2000,-1,P,30,0,2026-08-20T22:25:15.0000000,29336.25,2026-08-20T22:26:16.0000000,29339.75,29338.5,29339.75,20260924,509
Playback101,Playback,NQ SEP26,0.25,2026-08-20T22:26:51.1280000,2026-08-20T22:26:51.1280000,29342.25,29343,1,1,0.0000,1,P,30,0,2026-08-20T22:26:52.0000000,29342.25,2026-08-20T22:27:53.0000000,29346.5,29346.75,29347.75,20260924,510
Playback101,Playback,NQ SEP26,0.25,2026-08-20T22:28:28.1480000,2026-08-20T22:28:28.1480000,29350.75,29351.5,1,1,0.0000,1,P,30,1,2026-08-20T22:28:59.0000000,29353.25,2026-08-20T22:30:00.0000000,29341.5,29339.5,29341,20260924,511
Playback101,Playback,NQ SEP26,0.25,2026-08-20T22:30:24.3240000,2026-08-20T22:30:24.3240000,29340.25,29341.5,2,3,-0.2000,1,A,30,0,2026-08-20T22:30:25.0000000,29342,2026-08-20T22:31:26.0000000,29348.5,29348.5,29350,20260924,512
Playback101,Playback,NQ SEP26,0.25,2026-08-20T22:32:05.3320000,2026-08-20T22:32:05.3320000,29343,29344,1,1,0.0000,1,P,30,0,2026-08-20T22:32:07.0000000,29343,2026-08-20T22:33:08.0000000,29338,29338.75,29339.75,20260924,513
Playback101,Playback,NQ SEP26,0.25,2026-08-20T22:34:02.4400000,2026-08-20T22:34:02.4400000,29334.75,29336,1,1,0.0000,1,P,30,1,2026-08-20T22:34:33.0000000,29342.5,2026-08-20T22:35:34.0000000,29334.25,29335.75,29337.25,20260924,514
Playback101,Playback,NQ SEP26,0.25,2026-08-20T22:35:36.4480000,2026-08-20T22:35:36.4480000,29334,29335.5,2,1,0.3333,1,A,30,0,2026-08-20T22:35:37.0000000,29336,2026-08-20T22:36:37.0000000,29332,29331,29332.25,20260924,515
Playback101,Playback,NQ SEP26,0.25,2026-08-20T22:37:14.6160000,2026-08-20T22:37:14.6160000,29328,29329,1,1,0.0000,1,A,30,0,2026-08-20T22:37:15.0000000,29328.75,2026-08-20T22:38:16.0000000,29320.25,29320.75,29321.75,20260924,516
Playback101,Playback,NQ SEP26,0.25,2026-08-20T22:39:03.6240000,2026-08-20T22:39:03.6240000,29328,29329.5,1,2,-0.3333,1,P,30,0,2026-08-20T22:39:04.0000000,29328,2026-08-20T22:40:05.0000000,29325.75,29325,29326,20260924,517
Playback101,Playback,NQ SEP26,0.25,2026-08-20T22:40:51.7640000,2026-08-20T22:40:51.7640000,29326.25,29327.75,1,2,-0.3333,1,P,30,0,2026-08-20T22:40:53.0000000,29326.25,2026-08-20T22:41:53.0000000,29330.75,29331.25,29332.5,20260924,518
Playback101,Playback,NQ SEP26,0.25,2026-08-20T22:42:48.8160000,2026-08-20T22:42:48.8160000,29336.5,29338,2,2,0.0000,-1,A,30,0,2026-08-20T22:42:49.0000000,29337,2026-08-20T22:43:50.0000000,29350,29347.25,29348.25,20260924,519
Playback101,Playback,NQ SEP26,0.25,2026-08-20T22:44:43.8240000,2026-08-20T22:44:43.8240000,29351.75,29352.75,2,1,0.3333,1,A,30,0,2026-08-20T22:44:44.0000000,29353,2026-08-20T22:45:44.0000000,29348,29347.5,29348.75,20260924,520
Playback101,Playback,NQ SEP26,0.25,2026-08-20T22:46:23.9240000,2026-08-20T22:46:23.9240000,29346,29347.25,2,2,0.0000,1,P,30,0,2026-08-20T22:46:25.0000000,29346,2026-08-20T22:47:26.0000000,29350.25,29350.25,29351.5,20260924,521
Playback101,Playback,NQ SEP26,0.25,2026-08-20T22:48:13.9240000,2026-08-20T22:48:13.9240000,29353,29354.25,1,1,0.0000,-1,A,30,0,2026-08-20T22:48:14.0000000,29352.75,2026-08-20T22:49:15.0000000,29362.25,29361.25,29362.25,20260924,522
Playback101,Playback,NQ SEP26,0.25,2026-08-20T22:50:00.9360000,2026-08-20T22:50:00.9360000,29367.5,29368.75,1,2,-0.3333,-1,P,30,0,2026-08-20T22:50:02.0000000,29368.75,2026-08-20T22:51:03.0000000,29363.25,29362.5,29363.5,20260924,523
Playback101,Playback,NQ SEP26,0.25,2026-08-20T22:51:39.9920000,2026-08-20T22:51:39.9920000,29355.25,29356.75,2,3,-0.2000,-1,A,30,0,2026-08-20T22:51:40.0000000,29354.75,2026-08-20T22:52:40.0000000,29351.5,29349.75,29351.25,20260924,524
Playback101,Playback,NQ SEP26,0.25,2026-08-20T22:53:35.3440000,2026-08-20T22:53:35.3440000,29346.25,29347.25,1,2,-0.3333,-1,A,30,0,2026-08-20T22:53:36.0000000,29345.75,2026-08-20T22:54:37.0000000,29349.75,29350,29351.5,20260924,525
Playback101,Playback,NQ SEP26,0.25,2026-08-20T22:55:30.4240000,2026-08-20T22:55:30.4240000,29338.75,29340,2,2,0.0000,-1,A,30,0,2026-08-20T22:55:31.0000000,29338.75,2026-08-20T22:56:32.0000000,29342,29342,29343,20260924,526
Playback101,Playback,NQ SEP26,0.25,2026-08-20T22:57:25.4280000,2026-08-20T22:57:25.4280000,29337.25,29338.5,1,2,-0.3333,-1,A,30,0,2026-08-20T22:57:26.0000000,29336.5,2026-08-20T22:58:27.0000000,29343.25,29342.25,29343.5,20260924,527
Playback101,Playback,NQ SEP26,0.25,2026-08-20T22:59:11.4360000,2026-08-20T22:59:11.4360000,29345.75,29346.75,1,2,-0.3333,-1,A,30,0,2026-08-20T22:59:12.0000000,29345.5,2026-08-20T23:00:13.0000000,29354,29353.5,29354.5,20260924,528
Playback101,Playback,NQ SEP26,0.25,2026-08-20T23:00:58.7520000,2026-08-20T23:00:58.7520000,29353.5,29354.25,1,1,0.0000,-1,A,30,0,2026-08-20T23:00:59.0000000,29354.25,2026-08-20T23:02:00.0000000,29360.25,29358.75,29360,20260924,529
Playback101,Playback,NQ SEP26,0.25,2026-08-20T23:02:31.7880000,2026-08-20T23:02:31.7880000,29354,29355,2,1,0.3333,-1,A,30,0,2026-08-20T23:02:32.0000000,29353.75,2026-08-20T23:03:33.0000000,29351.25,29351,29351.75,20260924,530
Playback101,Playback,NQ SEP26,0.25,2026-08-20T23:04:25.7960000,2026-08-20T23:04:25.7960000,29346.25,29347,1,1,0.0000,-1,P,30,0,2026-08-20T23:04:29.0000000,29347,2026-08-20T23:05:30.0000000,29347.75,29346.75,29348,20260924,531
Playback101,Playback,NQ SEP26,0.25,2026-08-20T23:05:58.9240000,2026-08-20T23:05:58.9240000,29356.5,29357.5,1,2,-0.3333,1,P,30,0,2026-08-20T23:06:00.0000000,29356.5,2026-08-20T23:07:01.0000000,29356,29356.5,29357.25,20260924,532
Playback101,Playback,NQ SEP26,0.25,2026-08-20T23:07:36.9480000,2026-08-20T23:07:36.9480000,29359.5,29360.5,1,1,0.0000,-1,A,30,0,2026-08-20T23:07:37.0000000,29359.75,2026-08-20T23:08:38.0000000,29361.75,29360.75,29361.75,20260924,533
Playback101,Playback,NQ SEP26,0.25,2026-08-20T23:09:07.0480000,2026-08-20T23:09:07.0480000,29362.75,29363,1,1,0.0000,1,P,30,0,2026-08-20T23:09:08.0000000,29362.75,2026-08-20T23:10:09.0000000,29362.75,29363.5,29364,20260924,534
Playback101,Playback,NQ SEP26,0.25,2026-08-20T23:10:37.3160000,2026-08-20T23:10:37.3160000,29363,29363.75,1,1,0.0000,-1,A,30,0,2026-08-20T23:10:38.0000000,29363,2026-08-20T23:11:39.0000000,29361,29360,29361.25,20260924,535
Playback101,Playback,NQ SEP26,0.25,2026-08-20T23:12:13.3960000,2026-08-20T23:12:13.3960000,29358.75,29360,1,2,-0.3333,1,A,30,0,2026-08-20T23:12:14.0000000,29359.25,2026-08-20T23:13:15.0000000,29360,29360.75,29361.25,20260924,536
Playback101,Playback,NQ SEP26,0.25,2026-08-20T23:13:49.4440000,2026-08-20T23:13:49.4440000,29362,29363.25,1,2,-0.3333,1,A,30,0,2026-08-20T23:13:50.0000000,29362,2026-08-20T23:14:51.0000000,29369,29368.75,29369.75,20260924,537
Playback101,Playback,NQ SEP26,0.25,2026-08-20T23:15:37.7160000,2026-08-20T23:15:37.7160000,29372,29372.75,1,1,0.0000,-1,P,30,0,2026-08-20T23:15:39.0000000,29372.75,2026-08-20T23:16:40.0000000,29374,29372.75,29373.75,20260924,538
Playback101,Playback,NQ SEP26,0.25,2026-08-20T23:17:31.0280000,2026-08-20T23:17:31.0280000,29370.25,29371.25,2,1,0.3333,1,P,30,0,2026-08-20T23:17:32.0000000,29370.25,2026-08-20T23:18:33.0000000,29367.5,29368.25,29368.75,20260924,539
Playback101,Playback,NQ SEP26,0.25,2026-08-20T23:19:01.1400000,2026-08-20T23:19:01.1400000,29367.25,29368.25,1,2,-0.3333,1,P,30,0,2026-08-20T23:19:06.0000000,29367.25,2026-08-20T23:20:07.0000000,29370,29370.25,29371.25,20260924,540
Playback101,Playback,NQ SEP26,0.25,2026-08-20T23:20:48.1640000,2026-08-20T23:20:48.1640000,29371.75,29372.5,1,1,0.0000,-1,A,30,0,2026-08-20T23:20:49.0000000,29371.25,2026-08-20T23:21:50.0000000,29376.25,29374.75,29375.5,20260924,541
Playback101,Playback,NQ SEP26,0.25,2026-08-20T23:22:21.2400000,2026-08-20T23:22:21.2400000,29381.75,29382.5,1,3,-0.5000,-1,A,30,0,2026-08-20T23:22:22.0000000,29381.75,2026-08-20T23:23:23.0000000,29392.75,29392,29392.75,20260924,542
Playback101,Playback,NQ SEP26,0.25,2026-08-20T23:24:12.3640000,2026-08-20T23:24:12.3640000,29385.25,29386.25,1,2,-0.3333,-1,A,30,0,2026-08-20T23:24:13.0000000,29384.75,2026-08-20T23:25:14.0000000,29385,29384.5,29385.25,20260924,543
Playback101,Playback,NQ SEP26,0.25,2026-08-20T23:26:02.6680000,2026-08-20T23:26:02.6680000,29382.75,29383.75,1,1,0.0000,-1,A,30,0,2026-08-20T23:26:03.0000000,29382.75,2026-08-20T23:27:04.0000000,29381,29381,29381.75,20260924,544
Playback101,Playback,NQ SEP26,0.25,2026-08-20T23:27:42.8400000,2026-08-20T23:27:42.8400000,29383.5,29384.25,1,2,-0.3333,-1,A,30,0,2026-08-20T23:27:43.0000000,29383.5,2026-08-20T23:28:44.0000000,29388.25,29386.75,29387.25,20260924,545
Playback101,Playback,NQ SEP26,0.25,2026-08-20T23:29:38.2600000,2026-08-20T23:29:38.2600000,29388,29389,2,1,0.3333,1,P,30,1,2026-08-20T23:30:09.0000000,29391.75,2026-08-20T23:31:10.0000000,29391,29391.5,29392,20260924,546
Playback101,Playback,NQ SEP26,0.25,2026-08-20T23:31:28.2720000,2026-08-20T23:31:28.2720000,29393,29393.75,1,1,0.0000,-1,P,30,0,2026-08-20T23:31:31.0000000,29393.75,2026-08-20T23:32:32.0000000,29391.25,29390.25,29391,20260924,547
Playback101,Playback,NQ SEP26,0.25,2026-08-20T23:33:00.3160000,2026-08-20T23:33:00.3160000,29391.5,29392.25,1,1,0.0000,1,P,30,0,2026-08-20T23:33:04.0000000,29391.5,2026-08-20T23:34:05.0000000,29388.25,29387.75,29389,20260924,548
Playback101,Playback,NQ SEP26,0.25,2026-08-20T23:34:30.3920000,2026-08-20T23:34:30.3920000,29392,29392.75,1,1,0.0000,1,P,30,0,2026-08-20T23:34:35.0000000,29392,2026-08-20T23:35:36.0000000,29390.5,29390.75,29391.5,20260924,549
Playback101,Playback,NQ SEP26,0.25,2026-08-20T23:36:09.4000000,2026-08-20T23:36:09.4000000,29392.5,29393.5,1,1,0.0000,1,A,30,0,2026-08-20T23:36:10.0000000,29393.5,2026-08-20T23:37:11.0000000,29393.75,29393.5,29394.25,20260924,550
Playback101,Playback,NQ SEP26,0.25,2026-08-20T23:37:41.5240000,2026-08-20T23:37:41.5240000,29394.75,29395.5,1,1,0.0000,1,A,30,0,2026-08-20T23:37:42.0000000,29395.75,2026-08-20T23:38:43.0000000,29390,29389.5,29390.25,20260924,551
Playback101,Playback,NQ SEP26,0.25,2026-08-20T23:39:18.6200000,2026-08-20T23:39:18.6200000,29383,29384,3,1,0.5000,-1,P,30,0,2026-08-20T23:39:21.0000000,29384,2026-08-20T23:40:22.0000000,29386.75,29386.5,29387.5,20260924,552
Playback101,Playback,NQ SEP26,0.25,2026-08-20T23:41:06.7600000,2026-08-20T23:41:06.7600000,29385.75,29386.25,1,1,0.0000,-1,A,30,0,2026-08-20T23:41:07.0000000,29385,2026-08-20T23:42:08.0000000,29384.75,29384.25,29385,20260924,553
Playback101,Playback,NQ SEP26,0.25,2026-08-20T23:42:50.8520000,2026-08-20T23:42:50.8520000,29382.75,29383.5,3,1,0.5000,-1,A,30,0,2026-08-20T23:42:51.0000000,29383.25,2026-08-20T23:43:52.0000000,29387.75,29386.25,29386.75,20260924,554
Playback101,Playback,NQ SEP26,0.25,2026-08-20T23:44:45.9040000,2026-08-20T23:44:45.9040000,29381.5,29382.5,1,3,-0.5000,1,A,30,0,2026-08-20T23:44:46.0000000,29381.75,2026-08-20T23:45:47.0000000,29378,29378,29378.75,20260924,555
Playback101,Playback,NQ SEP26,0.25,2026-08-20T23:46:34.9520000,2026-08-20T23:46:34.9520000,29380,29381,2,1,0.3333,-1,A,30,0,2026-08-20T23:46:35.0000000,29380.25,2026-08-20T23:47:36.0000000,29382.5,29381.25,29382.25,20260924,556
Playback101,Playback,NQ SEP26,0.25,2026-08-20T23:48:35.2240000,2026-08-20T23:48:35.2240000,29394.5,29395.5,1,1,0.0000,1,P,30,0,2026-08-20T23:48:42.0000000,29394.5,2026-08-20T23:49:43.0000000,29388.75,29388.75,29389.5,20260924,557
Playback101,Playback,NQ SEP26,0.25,2026-08-20T23:50:15.7200000,2026-08-20T23:50:15.7200000,29391,29391.75,2,2,0.0000,1,P,30,0,2026-08-20T23:50:17.0000000,29391,2026-08-20T23:51:18.0000000,29390.25,29389.75,29390.5,20260924,558
Playback101,Playback,NQ SEP26,0.25,2026-08-20T23:52:05.7960000,2026-08-20T23:52:05.7960000,29388.25,29389.25,2,3,-0.2000,1,A,30,0,2026-08-20T23:52:06.0000000,29389.5,2026-08-20T23:53:07.0000000,29396,29396.25,29397,20260924,559
Playback101,Playback,NQ SEP26,0.25,2026-08-20T23:54:03.8240000,2026-08-20T23:54:03.8240000,29388.75,29389.5,1,1,0.0000,1,A,30,0,2026-08-20T23:54:04.0000000,29389.5,2026-08-20T23:55:04.0000000,29387,29386,29387,20260924,560
Playback101,Playback,NQ SEP26,0.25,2026-08-20T23:55:51.8160000,2026-08-20T23:55:51.8160000,29389,29390.25,5,1,0.6667,-1,A,30,0,2026-08-20T23:55:52.0000000,29389.25,2026-08-20T23:56:53.0000000,29387.5,29387,29388,20260924,561
Playback101,Playback,NQ SEP26,0.25,2026-08-20T23:57:39.9720000,2026-08-20T23:57:39.9720000,29386.5,29387,1,1,0.0000,1,A,30,0,2026-08-20T23:57:40.0000000,29388.25,2026-08-20T23:58:41.0000000,29386.75,29386.25,29387,20260924,562
Playback101,Playback,NQ SEP26,0.25,2026-08-20T23:59:11.9800000,2026-08-20T23:59:11.9800000,29385.5,29386,1,1,0.0000,1,P,30,0,2026-08-20T23:59:13.0000000,29385.5,2026-08-21T00:00:14.0000000,29383.25,29383.25,29384.25,20260924,563
Playback101,Playback,NQ SEP26,0.25,2026-08-21T00:01:05.0720000,2026-08-21T00:01:05.0720000,29384,29385,1,1,0.0000,1,P,30,0,2026-08-21T00:01:21.0000000,29384,2026-08-21T00:02:22.0000000,29385,29385.5,29386.25,20260924,564
Playback101,Playback,NQ SEP26,0.25,2026-08-21T00:02:50.2120000,2026-08-21T00:02:50.2120000,29386.75,29387.5,1,2,-0.3333,1,A,30,0,2026-08-21T00:02:51.0000000,29387.25,2026-08-21T00:03:51.0000000,29386,29384.25,29385.25,20260924,565
Playback101,Playback,NQ SEP26,0.25,2026-08-21T00:04:46.5120000,2026-08-21T00:04:46.5120000,29382.5,29383.25,1,1,0.0000,1,P,30,0,2026-08-21T00:04:51.0000000,29382.5,2026-08-21T00:05:52.0000000,29373.5,29373.75,29374.5,20260924,566
Playback101,Playback,NQ SEP26,0.25,2026-08-21T00:06:28.6040000,2026-08-21T00:06:28.6040000,29368.25,29369.25,1,1,0.0000,1,A,30,0,2026-08-21T00:06:29.0000000,29369,2026-08-21T00:07:30.0000000,29368,29368.5,29369.25,20260924,567
Playback101,Playback,NQ SEP26,0.25,2026-08-21T00:08:08.6160000,2026-08-21T00:08:08.6160000,29365.5,29366.25,1,1,0.0000,-1,P,30,0,2026-08-21T00:08:10.0000000,29366.25,2026-08-21T00:09:11.0000000,29366,29364.25,29365,20260924,568
Playback101,Playback,NQ SEP26,0.25,2026-08-21T00:09:52.7120000,2026-08-21T00:09:52.7120000,29367.25,29368,1,1,0.0000,-1,P,30,0,2026-08-21T00:09:54.0000000,29368,2026-08-21T00:10:55.0000000,29364.25,29365,29365.75,20260924,569
Playback101,Playback,NQ SEP26,0.25,2026-08-21T00:11:42.0040000,2026-08-21T00:11:42.0040000,29363.75,29364.5,1,2,-0.3333,-1,P,30,0,2026-08-21T00:11:43.0000000,29364.5,2026-08-21T00:12:45.0000000,29363.75,29363.25,29364,20260924,570
Playback101,Playback,NQ SEP26,0.25,2026-08-21T00:13:33.1840000,2026-08-21T00:13:33.1840000,29361.75,29362.75,1,2,-0.3333,-1,A,30,0,2026-08-21T00:13:34.0000000,29361.75,2026-08-21T00:14:34.0000000,29360.75,29359.75,29360.5,20260924,571
Playback101,Playback,NQ SEP26,0.25,2026-08-21T00:15:18.2840000,2026-08-21T00:15:18.2840000,29356.25,29357.25,1,2,-0.3333,1,P,30,0,2026-08-21T00:15:19.0000000,29356,2026-08-21T00:16:20.0000000,29357.5,29357.75,29359,20260924,572
Playback101,Playback,NQ SEP26,0.25,2026-08-21T00:17:09.4120000,2026-08-21T00:17:09.4120000,29359.75,29360.5,1,1,0.0000,-1,A,30,0,2026-08-21T00:17:10.0000000,29360.25,2026-08-21T00:18:10.0000000,29357.75,29356.5,29357.5,20260924,573
Playback101,Playback,NQ SEP26,0.25,2026-08-21T00:18:44.4800000,2026-08-21T00:18:44.4800000,29366.25,29367,2,2,0.0000,1,P,30,0,2026-08-21T00:18:50.0000000,29366.25,2026-08-21T00:19:51.0000000,29354.75,29354.75,29355.25,20260924,574
Playback101,Playback,NQ SEP26,0.25,2026-08-21T00:20:42.6040000,2026-08-21T00:20:42.6040000,29358.5,29359.25,1,1,0.0000,-1,A,30,0,2026-08-21T00:20:43.0000000,29358,2026-08-21T00:21:44.0000000,29362.25,29361.5,29363,20260924,575
Playback101,Playback,NQ SEP26,0.25,2026-08-21T00:22:31.6080000,2026-08-21T00:22:31.6080000,29356.75,29358,1,2,-0.3333,-1,A,30,0,2026-08-21T00:22:32.0000000,29357,2026-08-21T00:23:33.0000000,29366.5,29365.5,29366.75,20260924,576
Playback101,Playback,NQ SEP26,0.25,2026-08-21T00:24:29.8120000,2026-08-21T00:24:29.8120000,29365.75,29367,1,4,-0.6000,-1,P,30,0,2026-08-21T00:24:30.0000000,29367,2026-08-21T00:25:31.0000000,29367,29365,29366.25,20260924,577
Playback101,Playback,NQ SEP26,0.25,2026-08-21T00:26:05.2200000,2026-08-21T00:26:05.2200000,29363.5,29364.25,1,1,0.0000,1,A,30,0,2026-08-21T00:26:06.0000000,29365.25,2026-08-21T00:27:07.0000000,29361.25,29361.75,29362.75,20260924,578
Playback101,Playback,NQ SEP26,0.25,2026-08-21T00:27:45.4880000,2026-08-21T00:27:45.4880000,29362.75,29363.75,1,1,0.0000,1,P,30,0,2026-08-21T00:27:50.0000000,29362.75,2026-08-21T00:28:51.0000000,29363,29363,29364,20260924,579
Playback101,Playback,NQ SEP26,0.25,2026-08-21T00:29:45.0600000,2026-08-21T00:29:45.0600000,29361.25,29362.25,1,2,-0.3333,1,P,30,1,2026-08-21T00:30:16.0000000,29363.75,2026-08-21T00:31:17.0000000,29373.75,29373.5,29374.25,20260924,580
Playback101,Playback,NQ SEP26,0.25,2026-08-21T00:31:27.1080000,2026-08-21T00:31:27.1080000,29371.25,29372.25,2,1,0.3333,1,P,30,0,2026-08-21T00:31:39.0000000,29371.25,2026-08-21T00:32:40.0000000,29374.5,29374.5,29375.25,20260924,581
Playback101,Playback,NQ SEP26,0.25,2026-08-21T00:33:06.2880000,2026-08-21T00:33:06.2880000,29373,29374,1,2,-0.3333,-1,A,30,0,2026-08-21T00:33:07.0000000,29374.5,2026-08-21T00:34:08.0000000,29372,29371,29372.25,20260924,582
Playback101,Playback,NQ SEP26,0.25,2026-08-21T00:35:02.1760000,2026-08-21T00:35:02.1760000,29374.25,29375,1,2,-0.3333,1,P,30,0,2026-08-21T00:35:04.0000000,29374.25,2026-08-21T00:36:05.0000000,29366.5,29367,29368,20260924,583
Playback101,Playback,NQ SEP26,0.25,2026-08-21T00:36:53.3400000,2026-08-21T00:36:53.3400000,29357.75,29358.75,1,1,0.0000,1,P,30,0,2026-08-21T00:36:56.0000000,29357.75,2026-08-21T00:37:57.0000000,29365.5,29365.5,29366.25,20260924,584
Playback101,Playback,NQ SEP26,0.25,2026-08-21T00:38:35.4280000,2026-08-21T00:38:35.4280000,29363.5,29364.25,1,1,0.0000,1,A,30,0,2026-08-21T00:38:36.0000000,29363,2026-08-21T00:39:37.0000000,29367.75,29367.25,29368,20260924,585
Playback101,Playback,NQ SEP26,0.25,2026-08-21T00:40:30.4440000,2026-08-21T00:40:30.4440000,29358.75,29359.5,1,1,0.0000,-1,P,30,1,2026-08-21T00:41:01.0000000,29355.25,2026-08-21T00:42:02.0000000,29357.25,29356.25,29357.25,20260924,586
Playback101,Playback,NQ SEP26,0.25,2026-08-21T00:42:21.5240000,2026-08-21T00:42:21.5240000,29360,29361,1,2,-0.3333,-1,P,30,1,2026-08-21T00:42:52.0000000,29358,2026-08-21T00:43:53.0000000,29357.5,29356.5,29357.25,20260924,587
Playback101,Playback,NQ SEP26,0.25,2026-08-21T00:44:13.7000000,2026-08-21T00:44:13.7000000,29357.75,29358.75,1,4,-0.6000,-1,A,30,0,2026-08-21T00:44:14.0000000,29357,2026-08-21T00:45:15.0000000,29355,29354.5,29355.5,20260924,588
Playback101,Playback,NQ SEP26,0.25,2026-08-21T00:46:06.7040000,2026-08-21T00:46:06.7040000,29351,29352.25,2,1,0.3333,1,P,30,0,2026-08-21T00:46:07.0000000,29351,2026-08-21T00:47:08.0000000,29355,29355.75,29356.75,20260924,589
Playback101,Playback,NQ SEP26,0.25,2026-08-21T00:47:40.9640000,2026-08-21T00:47:40.9640000,29354.5,29355.25,2,1,0.3333,-1,A,30,0,2026-08-21T00:47:41.0000000,29354.5,2026-08-21T00:48:42.0000000,29355.5,29354.75,29355.75,20260924,590
Playback101,Playback,NQ SEP26,0.25,2026-08-21T00:49:12.1720000,2026-08-21T00:49:12.1720000,29351.5,29352.5,2,2,0.0000,-1,A,30,0,2026-08-21T00:49:13.0000000,29351.25,2026-08-21T00:50:14.0000000,29357.25,29356.5,29357.5,20260924,591
Playback101,Playback,NQ SEP26,0.25,2026-08-21T00:50:46.2360000,2026-08-21T00:50:46.2360000,29350.75,29352,2,1,0.3333,-1,A,30,0,2026-08-21T00:50:47.0000000,29352,2026-08-21T00:51:47.0000000,29353.75,29352.75,29353.75,20260924,592
Playback101,Playback,NQ SEP26,0.25,2026-08-21T00:52:35.4560000,2026-08-21T00:52:35.4560000,29350.25,29351,1,1,0.0000,-1,P,30,0,2026-08-21T00:52:38.0000000,29351,2026-08-21T00:53:39.0000000,29351.25,29349.75,29350.5,20260924,593
Playback101,Playback,NQ SEP26,0.25,2026-08-21T00:54:08.4760000,2026-08-21T00:54:08.4760000,29346.75,29347.75,2,1,0.3333,1,P,30,1,2026-08-21T00:54:39.0000000,29349.25,2026-08-21T00:55:40.0000000,29348.5,29346.75,29347.75,20260924,594
Playback101,Playback,NQ SEP26,0.25,2026-08-21T00:56:06.5040000,2026-08-21T00:56:06.5040000,29343.25,29344.25,10,2,0.6667,-1,A,30,0,2026-08-21T00:56:07.0000000,29343.5,2026-08-21T00:57:08.0000000,29344,29343.5,29344.25,20260924,595
Playback101,Playback,NQ SEP26,0.25,2026-08-21T00:57:43.8120000,2026-08-21T00:57:43.8120000,29355.25,29356,2,1,0.3333,-1,P,30,0,2026-08-21T00:57:44.0000000,29356,2026-08-21T00:58:45.0000000,29360,29359.5,29360.25,20260924,596
Playback101,Playback,NQ SEP26,0.25,2026-07-21T01:01:39.2880000,2026-07-21T01:01:39.2880000,29067.5,29068.25,3,1,0.5000,1,P,30,1,2026-07-21T01:02:10.0000000,29075.5,2026-07-21T01:03:11.0000000,29070.25,29070.5,29072,20260924,1
Playback101,Playback,NQ SEP26,0.25,2026-07-21T01:03:12.3000000,2026-07-21T01:03:12.3000000,29070.25,29071.25,1,1,0.0000,-1,P,30,1,2026-07-21T01:03:43.0000000,29064.5,2026-07-21T01:04:44.0000000,29067.5,29066.5,29067.75,20260924,2
Playback101,Playback,NQ SEP26,0.25,2026-07-21T01:01:39.2880000,2026-07-21T01:01:39.2880000,29067.5,29068.25,3,1,0.5000,1,P,30,1,2026-07-21T01:02:10.0000000,29075.5,2026-07-21T01:03:11.0000000,29070.25,29070.5,29072,20260924,1
Playback101,Playback,NQ SEP26,0.25,2026-07-21T01:03:12.3000000,2026-07-21T01:03:12.3000000,29070.25,29071.25,1,1,0.0000,-1,P,30,1,2026-07-21T01:03:43.0000000,29064.5,2026-07-21T01:04:44.0000000,29067.5,29066.5,29067.75,20260924,2
Playback101,Playback,NQ SEP26,0.25,2026-07-21T01:04:56.3520000,2026-07-21T01:04:56.3520000,29062,29063.5,2,1,0.3333,-1,A,30,0,2026-07-21T01:04:57.0000000,29062.25,2026-07-21T01:05:58.0000000,29073.75,29074,29075,20260924,3
Playback101,Playback,NQ SEP26,0.25,2026-07-21T01:06:56.4920000,2026-07-21T01:06:56.4920000,29073.75,29075.25,3,1,0.5000,-1,A,30,0,2026-07-21T01:06:57.0000000,29073.75,2026-07-21T01:07:58.0000000,29078.25,29076.75,29078,20260924,4
Playback101,Playback,NQ SEP26,0.25,2026-07-21T01:08:42.5080000,2026-07-21T01:08:42.5080000,29079,29080.25,1,1,0.0000,-1,A,30,0,2026-07-21T01:08:43.0000000,29079,2026-07-21T01:09:44.0000000,29075,29072,29073.25,20260924,5
Playback101,Playback,NQ SEP26,0.25,2026-07-21T01:10:41.7720000,2026-07-21T01:10:41.7720000,29071.75,29073,1,1,0.0000,1,P,30,0,2026-07-21T01:11:10.0000000,29071.75,2026-07-21T01:12:11.0000000,29071.25,29069.75,29071.5,20260924,6
Playback101,Playback,NQ SEP26,0.25,2026-07-21T01:12:13.4400000,2026-07-21T01:12:13.4400000,29070,29071.5,3,1,0.5000,-1,A,30,0,2026-07-21T01:12:14.0000000,29070.25,2026-07-21T01:13:15.0000000,29075.25,29073.25,29074.75,20260924,7
Playback101,Playback,NQ SEP26,0.25,2026-07-21T01:13:43.4520000,2026-07-21T01:13:43.4520000,29068.5,29070.5,2,1,0.3333,1,A,30,0,2026-07-21T01:13:44.0000000,29069.75,2026-07-21T01:14:45.0000000,29068.25,29066,29067.25,20260924,8
Playback101,Playback,NQ SEP26,0.25,2026-07-21T01:15:33.6920000,2026-07-21T01:15:33.6920000,29063.5,29065,2,1,0.3333,-1,A,30,0,2026-07-21T01:15:34.0000000,29063.25,2026-07-21T01:16:35.0000000,29066,29065.25,29066.5,20260924,9
Playback101,Playback,NQ SEP26,0.25,2026-07-21T01:17:22.7080000,2026-07-21T01:17:22.7080000,29062.25,29063.75,4,4,0.0000,-1,A,30,0,2026-07-21T01:17:23.0000000,29062.75,2026-07-21T01:18:24.0000000,29064.5,29063.5,29064.75,20260924,10
Playback101,Playback,NQ SEP26,0.25,2026-07-21T01:18:54.7200000,2026-07-21T01:18:54.7200000,29069.25,29070.25,1,2,-0.3333,1,P,30,0,2026-07-21T01:18:56.0000000,29069.25,2026-07-21T01:19:57.0000000,29060,29060,29061,20260924,11
Playback101,Playback,NQ SEP26,0.25,2026-07-21T01:20:25.7520000,2026-07-21T01:20:25.7520000,29064.25,29065.5,1,4,-0.6000,1,A,30,0,2026-07-21T01:20:26.0000000,29065.5,2026-07-21T01:21:27.0000000,29069.5,29068.5,29069.75,20260924,12
Playback101,Playback,NQ SEP26,0.25,2026-07-21T01:22:01.8000000,2026-07-21T01:22:01.8000000,29069.5,29070.75,1,1,0.0000,1,P,30,0,2026-07-21T01:22:02.0000000,29069.5,2026-07-21T01:23:03.0000000,29061,29061,29062.5,20260924,13
Playback101,Playback,NQ SEP26,0.25,2026-07-21T01:23:36.5960000,2026-07-21T01:23:36.5960000,29063.25,29064.5,3,1,0.5000,1,P,30,0,2026-07-21T01:23:37.0000000,29063.25,2026-07-21T01:24:38.0000000,29057.75,29057.75,29058.75,20260924,14
Playback101,Playback,NQ SEP26,0.25,2026-07-21T01:25:29.2640000,2026-07-21T01:25:29.2640000,29072,29073.5,2,1,0.3333,-1,P,30,0,2026-07-21T01:25:31.0000000,29073.5,2026-07-21T01:26:32.0000000,29066.75,29067.75,29068.75,20260924,15
Playback101,Playback,NQ SEP26,0.25,2026-07-21T01:27:14.3680000,2026-07-21T01:27:14.3680000,29064.25,29065.25,1,1,0.0000,-1,P,30,0,2026-07-21T01:27:18.0000000,29065.25,2026-07-21T01:28:19.0000000,29068.25,29066.5,29067.75,20260924,16
Playback101,Playback,NQ SEP26,0.25,2026-07-21T01:29:13.4080000,2026-07-21T01:29:13.4080000,29065.5,29067,2,1,0.3333,-1,A,30,0,2026-07-21T01:29:14.0000000,29065.5,2026-07-21T01:30:15.0000000,29065,29063,29064.5,20260924,17
Playback101,Playback,NQ SEP26,0.25,2026-07-21T01:31:07.9880000,2026-07-21T01:31:07.9880000,29060.5,29061.75,3,1,0.5000,-1,A,30,0,2026-07-21T01:31:08.0000000,29060.75,2026-07-21T01:32:09.0000000,29060.5,29058.75,29060.25,20260924,18
Playback101,Playback,NQ SEP26,0.25,2026-07-21T01:32:58.2600000,2026-07-21T01:32:58.2600000,29060.25,29061.5,1,1,0.0000,1,P,30,0,2026-07-21T01:32:59.0000000,29060.25,2026-07-21T01:34:00.0000000,29061,29060.5,29061.5,20260924,19
Playback101,Playback,NQ SEP26,0.25,2026-07-21T01:34:36.4800000,2026-07-21T01:34:36.4800000,29060.75,29062.25,2,1,0.3333,-1,A,30,0,2026-07-21T01:34:37.0000000,29060,2026-07-21T01:35:38.0000000,29065.5,29063,29065,20260924,20
Playback101,Playback,NQ SEP26,0.25,2026-07-21T01:36:23.0840000,2026-07-21T01:36:23.0840000,29065,29066.25,1,1,0.0000,-1,A,30,0,2026-07-21T01:36:24.0000000,29065.25,2026-07-21T01:37:25.0000000,29068,29066.5,29068,20260924,21
Playback101,Playback,NQ SEP26,0.25,2026-07-21T01:37:57.3440000,2026-07-21T01:37:57.3440000,29068.5,29069.75,1,1,0.0000,1,A,30,0,2026-07-21T01:37:58.0000000,29069.75,2026-07-21T01:38:59.0000000,29073,29072.75,29073.75,20260924,22
Playback101,Playback,NQ SEP26,0.25,2026-07-21T01:39:55.0320000,2026-07-21T01:39:55.0320000,29071.5,29072.25,1,1,0.0000,-1,P,30,0,2026-07-21T01:40:06.0000000,29072.25,2026-07-21T01:41:07.0000000,29069.5,29069.75,29071,20260924,23
Playback101,Playback,NQ SEP26,0.25,2026-07-21T01:41:34.4080000,2026-07-21T01:41:34.4080000,29064,29065.5,1,3,-0.5000,-1,P,30,0,2026-07-21T01:41:35.0000000,29065.5,2026-07-21T01:42:36.0000000,29063,29062.25,29063.75,20260924,24
Playback101,Playback,NQ SEP26,0.25,2026-07-21T01:43:06.6000000,2026-07-21T01:43:06.6000000,29060.75,29061.75,2,1,0.3333,1,A,30,0,2026-07-21T01:43:07.0000000,29061.75,2026-07-21T01:44:08.0000000,29062.25,29062.25,29063.5,20260924,25
Playback101,Playback,NQ SEP26,0.25,2026-07-21T01:44:59.0560000,2026-07-21T01:44:59.0560000,29063.5,29065,2,1,0.3333,1,A,30,0,2026-07-21T01:45:00.0000000,29065.25,2026-07-21T01:46:01.0000000,29060.5,29061.25,29062.75,20260924,26
Playback101,Playback,NQ SEP26,0.25,2026-07-21T01:46:33.1520000,2026-07-21T01:46:33.1520000,29060.75,29061.75,1,2,-0.3333,-1,P,30,0,2026-07-21T01:46:35.0000000,29061.75,2026-07-21T01:47:36.0000000,29072.25,29071.25,29072.25,20260924,27
Playback101,Playback,NQ SEP26,0.25,2026-07-21T01:48:15.3240000,2026-07-21T01:48:15.3240000,29073.5,29075,3,2,0.2000,1,P,30,0,2026-07-21T01:48:16.0000000,29073.5,2026-07-21T01:49:17.0000000,29073.25,29073.25,29074.75,20260924,28
Playback101,Playback,NQ SEP26,0.25,2026-07-21T01:50:00.4280000,2026-07-21T01:50:00.4280000,29072,29073.25,2,1,0.3333,1,A,30,0,2026-07-21T01:50:01.0000000,29073.25,2026-07-21T01:51:02.0000000,29067.75,29067,29068.25,20260924,29
Playback101,Playback,NQ SEP26,0.25,2026-07-21T01:52:00.7760000,2026-07-21T01:52:00.7760000,29056.75,29057.75,1,1,0.0000,-1,P,30,0,2026-07-21T01:52:01.0000000,29057.75,2026-07-21T01:53:02.0000000,29058,29057,29058.25,20260924,30
Playback101,Playback,NQ SEP26,0.25,2026-07-21T01:53:54.8000000,2026-07-21T01:53:54.8000000,29052.25,29053.5,1,1,0.0000,-1,A,30,0,2026-07-21T01:53:55.0000000,29052.25,2026-07-21T01:54:56.0000000,29055.25,29054,29055,20260924,31
Playback101,Playback,NQ SEP26,0.25,2026-07-21T01:55:36.9200000,2026-07-21T01:55:36.9200000,29052,29053.25,1,3,-0.5000,-1,A,30,0,2026-07-21T01:55:37.0000000,29051.75,2026-07-21T01:56:38.0000000,29051.25,29050.5,29051.75,20260924,32
Playback101,Playback,NQ SEP26,0.25,2026-07-21T01:57:34.0760000,2026-07-21T01:57:34.0760000,29051.5,29052.25,1,1,0.0000,-1,P,30,0,2026-07-21T01:57:35.0000000,29052.25,2026-07-21T01:58:36.0000000,29060.25,29059.25,29060.25,20260924,33
Playback101,Playback,NQ SEP26,0.25,2026-07-21T01:59:28.1360000,2026-07-21T01:59:28.1360000,29055,29056,2,1,0.3333,-1,A,30,0,2026-07-21T01:59:29.0000000,29055,2026-07-21T02:00:30.0000000,29057.25,29056,29057,20260924,34
Playback101,Playback,NQ SEP26,0.25,2026-07-21T02:01:14.2040000,2026-07-21T02:01:14.2040000,29054.25,29055.75,3,1,0.5000,-1,P,30,0,2026-07-21T02:01:21.0000000,29055.75,2026-07-21T02:02:22.0000000,29053,29053.25,29054.25,20260924,35
Playback101,Playback,NQ SEP26,0.25,2026-07-21T02:02:51.2040000,2026-07-21T02:02:51.2040000,29058,29059.5,3,1,0.5000,-1,P,30,0,2026-07-21T02:03:02.0000000,29059.5,2026-07-21T02:04:03.0000000,29057.75,29056.25,29057.75,20260924,36
Playback101,Playback,NQ SEP26,0.25,2026-07-21T02:04:32.3000000,2026-07-21T02:04:32.3000000,29058.75,29059.75,1,1,0.0000,1,A,30,0,2026-07-21T02:04:33.0000000,29060,2026-07-21T02:05:34.0000000,29053.75,29051.75,29053,20260924,37
Playback101,Playback,NQ SEP26,0.25,2026-07-21T02:06:28.3680000,2026-07-21T02:06:28.3680000,29050.25,29051.75,4,1,0.6000,1,A,30,0,2026-07-21T02:06:29.0000000,29052,2026-07-21T02:07:30.0000000,29052,29051.5,29053,20260924,38
Playback101,Playback,NQ SEP26,0.25,2026-07-21T02:08:16.5040000,2026-07-21T02:08:16.5040000,29055,29056,1,1,0.0000,-1,P,30,1,2026-07-21T02:08:47.0000000,29050.5,2026-07-21T02:09:48.0000000,29052,29050,29051,20260924,39
Playback101,Playback,NQ SEP26,0.25,2026-07-21T02:10:02.7160000,2026-07-21T02:10:02.7160000,29051,29052.5,3,2,0.2000,-1,A,30,0,2026-07-21T02:10:03.0000000,29051.25,2026-07-21T02:11:04.0000000,29044.75,29043,29044,20260924,40
Playback101,Playback,NQ SEP26,0.25,2026-07-21T02:11:40.8040000,2026-07-21T02:11:40.8040000,29041.25,29042,1,1,0.0000,1,P,30,0,2026-07-21T02:11:41.0000000,29041.25,2026-07-21T02:12:42.0000000,29037,29038,29039.25,20260924,41
Playback101,Playback,NQ SEP26,0.25,2026-07-21T02:13:30.6640000,2026-07-21T02:13:30.6640000,29038.25,29039,1,2,-0.3333,-1,A,30,0,2026-07-21T02:13:31.0000000,29038.25,2026-07-21T02:14:32.0000000,29037.75,29036.75,29037.75,20260924,42
Playback101,Playback,NQ SEP26,0.25,2026-07-21T02:15:05.7160000,2026-07-21T02:15:05.7160000,29034.25,29035,1,1,0.0000,-1,P,30,0,2026-07-21T02:15:08.0000000,29035,2026-07-21T02:16:09.0000000,29032.25,29032,29032.25,20260924,43
Playback101,Playback,NQ SEP26,0.25,2026-07-21T02:16:52.9320000,2026-07-21T02:16:52.9320000,29023.5,29024.5,1,1,0.0000,1,P,30,0,2026-07-21T02:16:53.0000000,29023.5,2026-07-21T02:17:54.0000000,29023.5,29024,29025,20260924,44
Playback101,Playback,NQ SEP26,0.25,2026-07-21T02:18:49.9400000,2026-07-21T02:18:49.9400000,29025,29025.75,5,2,0.4286,-1,A,30,0,2026-07-21T02:18:50.0000000,29026.25,2026-07-21T02:19:51.0000000,29018.25,29017,29018.25,20260924,45
Playback101,Playback,NQ SEP26,0.25,2026-07-21T02:20:46.0000000,2026-07-21T02:20:46.0000000,29024,29024.75,1,1,0.0000,1,P,30,0,2026-07-21T02:20:49.0000000,29024,2026-07-21T02:21:50.0000000,29026.75,29027,29028.25,20260924,46
Playback101,Playback,NQ SEP26,0.25,2026-07-21T02:22:26.1400000,2026-07-21T02:22:26.1400000,29030.5,29031.75,1,2,-0.3333,-1,A,30,0,2026-07-21T02:22:27.0000000,29030.75,2026-07-21T02:23:28.0000000,29031.25,29029.75,29031,20260924,47
Playback101,Playback,NQ SEP26,0.25,2026-07-21T02:24:26.1560000,2026-07-21T02:24:26.1560000,29042.5,29044,1,2,-0.3333,-1,P,30,0,2026-07-21T02:24:29.0000000,29044,2026-07-21T02:25:30.0000000,29041.75,29040.75,29042,20260924,48
Playback101,Playback,NQ SEP26,0.25,2026-07-21T02:26:20.2680000,2026-07-21T02:26:20.2680000,29041.5,29042.5,1,1,0.0000,-1,A,30,0,2026-07-21T02:26:21.0000000,29042,2026-07-21T02:27:22.0000000,29055.75,29054.25,29055.5,20260924,49
Playback101,Playback,NQ SEP26,0.25,2026-07-21T02:27:58.7360000,2026-07-21T02:27:58.7360000,29063.25,29064.25,1,1,0.0000,1,P,30,0,2026-07-21T02:27:59.0000000,29063.25,2026-07-21T02:29:00.0000000,29059.25,29059.25,29060.25,20260924,50
Playback101,Playback,NQ SEP26,0.25,2026-07-21T02:29:35.8040000,2026-07-21T02:29:35.8040000,29063.75,29065.25,1,1,0.0000,-1,P,30,0,2026-07-21T02:29:38.0000000,29065.25,2026-07-21T02:30:39.0000000,29063,29061.25,29062,20260924,51
Playback101,Playback,NQ SEP26,0.25,2026-07-21T02:31:29.0000000,2026-07-21T02:31:29.0000000,29058,29059.5,2,1,0.3333,-1,A,30,0,2026-07-21T02:31:29.0000000,29058,2026-07-21T02:32:30.0000000,29051,29049.75,29050.75,20260924,52
Playback101,Playback,NQ SEP26,0.25,2026-07-21T02:33:12.1560000,2026-07-21T02:33:12.1560000,29051.75,29052.75,1,1,0.0000,1,A,30,0,2026-07-21T02:33:13.0000000,29053,2026-07-21T02:34:14.0000000,29041.25,29041.5,29042.75,20260924,53
Playback101,Playback,NQ SEP26,0.25,2026-07-21T02:34:54.1640000,2026-07-21T02:34:54.1640000,29058.25,29059.25,1,3,-0.5000,-1,A,30,0,2026-07-21T02:34:55.0000000,29057.5,2026-07-21T02:35:56.0000000,29064.25,29062.75,29064.25,20260924,54
Playback101,Playback,NQ SEP26,0.25,2026-07-21T02:36:40.2920000,2026-07-21T02:36:40.2920000,29066.25,29067.25,1,2,-0.3333,-1,P,30,0,2026-07-21T02:36:46.0000000,29067.25,2026-07-21T02:37:47.0000000,29065.75,29065.25,29066.25,20260924,55
Playback101,Playback,NQ SEP26,0.25,2026-07-21T02:38:39.3000000,2026-07-21T02:38:39.3000000,29059.25,29060.5,1,2,-0.3333,-1,A,30,0,2026-07-21T02:38:40.0000000,29059.75,2026-07-21T02:39:41.0000000,29059.5,29057.25,29058.75,20260924,56
Playback101,Playback,NQ SEP26,0.25,2026-07-21T02:40:31.4320000,2026-07-21T02:40:31.4320000,29073.25,29074.5,1,1,0.0000,1,A,30,0,2026-07-21T02:40:32.0000000,29075,2026-07-21T02:41:33.0000000,29078,29077.75,29079,20260924,57
Playback101,Playback,NQ SEP26,0.25,2026-07-21T02:42:04.5600000,2026-07-21T02:42:04.5600000,29081.5,29082.75,2,1,0.3333,1,A,30,0,2026-07-21T02:42:05.0000000,29082.5,2026-07-21T02:43:06.0000000,29083.5,29082.25,29083.5,20260924,58
Playback101,Playback,NQ SEP26,0.25,2026-07-21T02:43:38.5960000,2026-07-21T02:43:38.5960000,29085.25,29086.5,2,1,0.3333,-1,P,30,0,2026-07-21T02:43:51.0000000,29086.5,2026-07-21T02:44:52.0000000,29088.25,29087.25,29088.25,20260924,59
Playback101,Playback,NQ SEP26,0.25,2026-07-21T02:45:27.6240000,2026-07-21T02:45:27.6240000,29081.25,29082.75,1,6,-0.7143,-1,P,30,1,2026-07-21T02:45:58.0000000,29073,2026-07-21T02:46:59.0000000,29078.25,29078.25,29079.75,20260924,60
Playback101,Playback,NQ SEP26,0.25,2026-07-21T02:46:58.6680000,2026-07-21T02:46:58.6680000,29078,29079.25,1,1,0.0000,1,A,30,0,2026-07-21T02:46:59.0000000,29078.25,2026-07-21T02:48:00.0000000,29078.25,29078.25,29079.5,20260924,61
Playback101,Playback,NQ SEP26,0.25,2026-07-21T02:48:55.0160000,2026-07-21T02:48:55.0160000,29090.25,29091,3,1,0.5000,1,P,30,0,2026-07-21T02:48:56.0000000,29090.25,2026-07-21T02:49:57.0000000,29085.25,29086,29087.5,20260924,62
Playback101,Playback,NQ SEP26,0.25,2026-07-21T02:50:48.1880000,2026-07-21T02:50:48.1880000,29086.25,29087.5,1,1,0.0000,1,P,30,1,2026-07-21T02:51:19.0000000,29097,2026-07-21T02:52:20.0000000,29095,29094,29095.5,20260924,63
Playback101,Playback,NQ SEP26,0.25,2026-07-21T02:52:44.2560000,2026-07-21T02:52:44.2560000,29092.5,29093.75,1,1,0.0000,-1,A,30,0,2026-07-21T02:52:45.0000000,29092.75,2026-07-21T02:53:46.0000000,29097,29096,29097.25,20260924,64
Playback101,Playback,NQ SEP26,0.25,2026-07-21T02:54:42.6400000,2026-07-21T02:54:42.6400000,29097,29098.5,2,1,0.3333,1,P,30,0,2026-07-21T02:54:43.0000000,29097,2026-07-21T02:55:44.0000000,29098,29098.75,29100.25,20260924,65
Playback101,Playback,NQ SEP26,0.25,2026-07-21T02:56:27.6640000,2026-07-21T02:56:27.6640000,29100.25,29101.75,2,2,0.0000,-1,P,30,0,2026-07-21T02:56:34.0000000,29101.75,2026-07-21T02:57:35.0000000,29101,29099.75,29101.25,20260924,66
Playback101,Playback,NQ SEP26,0.25,2026-07-21T02:58:07.7080000,2026-07-21T02:58:07.7080000,29099.25,29100.25,2,1,0.3333,-1,A,30,0,2026-07-21T02:58:08.0000000,29099,2026-07-21T02:59:09.0000000,29100.5,29101,29102.25,20260924,67
Playback101,Playback,NQ SEP26,0.25,2026-07-21T03:00:06.7080000,2026-07-21T03:00:06.7080000,29103,29104.25,1,1,0.0000,1,A,30,0,2026-07-21T03:00:07.0000000,29104.75,2026-07-21T03:01:08.0000000,29102.75,29101,29102.25,20260924,68
Playback101,Playback,NQ SEP26,0.25,2026-07-21T03:01:41.9520000,2026-07-21T03:01:41.9520000,29109.25,29110.5,1,3,-0.5000,-1,A,30,0,2026-07-21T03:01:42.0000000,29109.25,2026-07-21T03:02:43.0000000,29110.5,29110.25,29111.75,20260924,69
Playback101,Playback,NQ SEP26,0.25,2026-07-21T03:03:30.1640000,2026-07-21T03:03:30.1640000,29113,29114.25,1,2,-0.3333,-1,A,30,0,2026-07-21T03:03:31.0000000,29112.75,2026-07-21T03:04:32.0000000,29113.75,29112.75,29113.75,20260924,70
Playback101,Playback,NQ SEP26,0.25,2026-07-21T03:05:12.1680000,2026-07-21T03:05:12.1680000,29118.25,29119.25,1,1,0.0000,1,A,30,0,2026-07-21T03:05:13.0000000,29119,2026-07-21T03:06:14.0000000,29119,29118.75,29120.25,20260924,71
Playback101,Playback,NQ SEP26,0.25,2026-07-21T03:07:00.2880000,2026-07-21T03:07:00.2880000,29123.25,29124.25,1,1,0.0000,-1,A,30,0,2026-07-21T03:07:01.0000000,29123.25,2026-07-21T03:08:02.0000000,29110.25,29115,29116.25,20260924,72
Playback101,Playback,NQ SEP26,0.25,2026-07-21T03:08:34.9360000,2026-07-21T03:08:34.9360000,29112.25,29113.5,1,1,0.0000,1,P,30,0,2026-07-21T03:08:35.0000000,29112.25,2026-07-21T03:09:36.0000000,29114.5,29113.75,29115,20260924,73
Playback101,Playback,NQ SEP26,0.25,2026-07-21T03:10:24.1160000,2026-07-21T03:10:24.1160000,29118.5,29120.5,4,3,0.1429,-1,A,30,0,2026-07-21T03:10:25.0000000,29118.25,2026-07-21T03:11:26.0000000,29117.25,29116.75,29118,20260924,74
Playback101,Playback,NQ SEP26,0.25,2026-07-21T03:12:24.1760000,2026-07-21T03:12:24.1760000,29117.75,29119,2,2,0.0000,1,A,30,0,2026-07-21T03:12:25.0000000,29118.5,2026-07-21T03:13:26.0000000,29129.25,29128.75,29130,20260924,75
Playback101,Playback,NQ SEP26,0.25,2026-07-21T03:14:03.2120000,2026-07-21T03:14:03.2120000,29136,29137.5,1,2,-0.3333,-1,P,30,0,2026-07-21T03:14:04.0000000,29137.5,2026-07-21T03:15:05.0000000,29131.5,29131.75,29133,20260924,76
Playback101,Playback,NQ SEP26,0.25,2026-07-21T03:15:37.4880000,2026-07-21T03:15:37.4880000,29130.75,29132,1,1,0.0000,1,A,30,0,2026-07-21T03:15:38.0000000,29132,2026-07-21T03:16:39.0000000,29139,29139,29140.25,20260924,77
Playback101,Playback,NQ SEP26,0.25,2026-07-21T03:17:22.8920000,2026-07-21T03:17:22.8920000,29137.75,29139,1,1,0.0000,1,A,30,0,2026-07-21T03:17:23.0000000,29138.25,2026-07-21T03:18:24.0000000,29135,29135.25,29136.5,20260924,78
Playback101,Playback,NQ SEP26,0.25,2026-07-21T03:19:11.0840000,2026-07-21T03:19:11.0840000,29136.5,29137.75,1,1,0.0000,-1,A,30,0,2026-07-21T03:19:12.0000000,29135.75,2026-07-21T03:20:13.0000000,29127.75,29126.75,29128.25,20260924,79
Playback101,Playback,NQ SEP26,0.25,2026-07-21T03:21:08.1480000,2026-07-21T03:21:08.1480000,29124.25,29125.75,1,2,-0.3333,1,A,30,0,2026-07-21T03:21:09.0000000,29126,2026-07-21T03:22:10.0000000,29116.5,29116.25,29117.5,20260924,80
Playback101,Playback,NQ SEP26,0.25,2026-07-21T03:22:45.2360000,2026-07-21T03:22:45.2360000,29122.5,29124,1,2,-0.3333,1,P,30,0,2026-07-21T03:22:53.0000000,29122.5,2026-07-21T03:23:54.0000000,29122,29122,29123,20260924,81
Playback101,Playback,NQ SEP26,0.25,2026-07-21T03:24:34.3120000,2026-07-21T03:24:34.3120000,29114.75,29116,1,1,0.0000,1,P,30,0,2026-07-21T03:24:35.0000000,29114.75,2026-07-21T03:25:35.0000000,29124,29123.5,29125,20260924,82
Playback101,Playback,NQ SEP26,0.25,2026-07-21T03:26:33.4360000,2026-07-21T03:26:33.4360000,29120.25,29121.5,1,4,-0.6000,1,P,30,0,2026-07-21T03:26:37.0000000,29120.25,2026-07-21T03:27:38.0000000,29116.75,29116.5,29117.5,20260924,83
Playback101,Playback,NQ SEP26,0.25,2026-07-21T03:28:04.5200000,2026-07-21T03:28:04.5200000,29117.75,29119.25,2,2,0.0000,-1,P,30,0,2026-07-21T03:28:16.0000000,29119.25,2026-07-21T03:29:17.0000000,29124.25,29123.5,29124.5,20260924,84
Playback101,Playback,NQ SEP26,0.25,2026-07-21T03:29:44.5400000,2026-07-21T03:29:44.5400000,29111,29112.25,1,2,-0.3333,-1,P,30,0,2026-07-21T03:29:50.0000000,29112.25,2026-07-21T03:30:51.0000000,29119.5,29118,29119.25,20260924,85
Playback101,Playback,NQ SEP26,0.25,2026-07-21T03:31:16.5560000,2026-07-21T03:31:16.5560000,29118.5,29120,2,2,0.0000,-1,P,30,0,2026-07-21T03:31:17.0000000,29120,2026-07-21T03:32:18.0000000,29125.25,29123.25,29124.5,20260924,86
Playback101,Playback,NQ SEP26,0.25,2026-07-21T03:33:07.8400000,2026-07-21T03:33:07.8400000,29124.25,29125.75,1,1,0.0000,1,A,30,0,2026-07-21T03:33:08.0000000,29126.25,2026-07-21T03:34:09.0000000,29127.75,29128,29129.5,20260924,87
Playback101,Playback,NQ SEP26,0.25,2026-07-21T03:35:07.8960000,2026-07-21T03:35:07.8960000,29136.25,29137.5,2,1,0.3333,-1,P,30,0,2026-07-21T03:35:10.0000000,29137.5,2026-07-21T03:36:11.0000000,29146,29143.75,29145.25,20260924,88
Playback101,Playback,NQ SEP26,0.25,2026-07-21T03:36:47.9680000,2026-07-21T03:36:47.9680000,29147.5,29148,1,10,-0.8182,-1,A,30,0,2026-07-21T03:36:48.0000000,29147.25,2026-07-21T03:37:49.0000000,29138.25,29137.5,29139,20260924,89
Playback101,Playback,NQ SEP26,0.25,2026-07-21T03:38:48.0320000,2026-07-21T03:38:48.0320000,29129.5,29130.75,1,2,-0.3333,1,A,30,0,2026-07-21T03:38:49.0000000,29130.75,2026-07-21T03:39:49.0000000,29134.25,29135.25,29136.75,20260924,90
Playback101,Playback,NQ SEP26,0.25,2026-07-21T03:40:41.9480000,2026-07-21T03:40:41.9480000,29138.5,29139.25,1,2,-0.3333,1,A,30,0,2026-07-21T03:40:42.0000000,29139.25,2026-07-21T03:41:43.0000000,29152.25,29153,29154.25,20260924,91
Playback101,Playback,NQ SEP26,0.25,2026-07-21T03:42:20.0680000,2026-07-21T03:42:20.0680000,29151.5,29153,1,2,-0.3333,1,A,30,0,2026-07-21T03:42:21.0000000,29153,2026-07-21T03:43:22.0000000,29151.75,29151.5,29152.5,20260924,92
Playback101,Playback,NQ SEP26,0.25,2026-07-21T03:44:02.3120000,2026-07-21T03:44:02.3120000,29149,29150.25,4,1,0.6000,1,P,30,1,2026-07-21T03:44:33.0000000,29153.75,2026-07-21T03:45:34.0000000,29147.75,29148.5,29149.75,20260924,93
Playback101,Playback,NQ SEP26,0.25,2026-07-21T03:45:54.0880000,2026-07-21T03:45:54.0880000,29146.75,29148.25,1,1,0.0000,1,A,30,0,2026-07-21T03:45:55.0000000,29150.5,2026-07-21T03:46:56.0000000,29134.75,29134.5,29136,20260924,94
Playback101,Playback,NQ SEP26,0.25,2026-07-21T03:47:42.2080000,2026-07-21T03:47:42.2080000,29133.75,29135.25,1,2,-0.3333,1,P,30,0,2026-07-21T03:47:49.0000000,29133.75,2026-07-21T03:48:50.0000000,29131.5,29131.75,29132.75,20260924,95
Playback101,Playback,NQ SEP26,0.25,2026-07-21T03:49:14.2080000,2026-07-21T03:49:14.2080000,29134,29135.25,1,2,-0.3333,-1,A,30,0,2026-07-21T03:49:15.0000000,29134.25,2026-07-21T03:50:16.0000000,29147,29146,29147.5,20260924,96
Playback101,Playback,NQ SEP26,0.25,2026-07-21T03:50:56.2720000,2026-07-21T03:50:56.2720000,29145,29146.5,1,3,-0.5000,1,P,30,0,2026-07-21T03:51:01.0000000,29145,2026-07-21T03:52:02.0000000,29138,29138,29140,20260924,97
Playback101,Playback,NQ SEP26,0.25,2026-07-21T03:52:48.8040000,2026-07-21T03:52:48.8040000,29141.75,29143.5,3,1,0.5000,1,P,30,0,2026-07-21T03:53:03.0000000,29141.75,2026-07-21T03:54:04.0000000,29138.75,29138.75,29140,20260924,98
Playback101,Playback,NQ SEP26,0.25,2026-07-21T03:54:27.2000000,2026-07-21T03:54:27.2000000,29141.75,29143.5,1,2,-0.3333,1,P,30,0,2026-07-21T03:54:28.0000000,29141.75,2026-07-21T03:55:29.0000000,29145,29145,29146.25,20260924,99
Playback101,Playback,NQ SEP26,0.25,2026-07-21T03:56:11.5640000,2026-07-21T03:56:11.5640000,29143,29144.5,3,1,0.5000,-1,A,30,0,2026-07-21T03:56:12.0000000,29143,2026-07-21T03:57:13.0000000,29146.25,29144.25,29145.5,20260924,100
Playback101,Playback,NQ SEP26,0.25,2026-07-21T03:57:46.1880000,2026-07-21T03:57:46.1880000,29145.75,29147,1,1,0.0000,1,A,30,0,2026-07-21T03:57:47.0000000,29146.5,2026-07-21T03:58:48.0000000,29141,29141.25,29142.75,20260924,101
Playback101,Playback,NQ SEP26,0.25,2026-07-21T03:59:27.2040000,2026-07-21T03:59:27.2040000,29139.5,29140.5,1,1,0.0000,1,A,30,0,2026-07-21T03:59:28.0000000,29140.75,2026-07-21T04:00:29.0000000,29150,29150,29151,20260924,102
Playback101,Playback,NQ SEP26,0.25,2026-07-21T04:01:20.2560000,2026-07-21T04:01:20.2560000,29143.25,29145,2,2,0.0000,-1,P,30,0,2026-07-21T04:01:21.0000000,29145,2026-07-21T04:02:22.0000000,29147,29147.25,29148.75,20260924,103
Playback101,Playback,NQ SEP26,0.25,2026-07-21T04:03:09.3400000,2026-07-21T04:03:09.3400000,29155.5,29157,2,1,0.3333,1,P,30,0,2026-07-21T04:03:16.0000000,29155.5,2026-07-21T04:04:17.0000000,29147.25,29148.25,29149.5,20260924,104
Playback101,Playback,NQ SEP26,0.25,2026-07-21T04:04:45.7000000,2026-07-21T04:04:45.7000000,29146.75,29148.25,2,2,0.0000,1,A,30,0,2026-07-21T04:04:46.0000000,29148.5,2026-07-21T04:05:47.0000000,29150.5,29149.75,29150.75,20260924,105
Playback101,Playback,NQ SEP26,0.25,2026-07-21T04:06:17.0800000,2026-07-21T04:06:17.0800000,29151.5,29152.75,5,1,0.6667,1,P,30,0,2026-07-21T04:06:22.0000000,29151.5,2026-07-21T04:07:23.0000000,29145.5,29145.5,29146.75,20260924,106
Playback101,Playback,NQ SEP26,0.25,2026-07-21T04:08:10.0920000,2026-07-21T04:08:10.0920000,29139.75,29141.5,4,2,0.3333,-1,A,30,0,2026-07-21T04:08:11.0000000,29140,2026-07-21T04:09:12.0000000,29138.75,29137.75,29139,20260924,107
Playback101,Playback,NQ SEP26,0.25,2026-07-21T04:10:08.1200000,2026-07-21T04:10:08.1200000,29134.75,29136.5,5,2,0.4286,1,A,30,0,2026-07-21T04:10:09.0000000,29137.5,2026-07-21T04:11:10.0000000,29143,29143,29144.5,20260924,108
Playback101,Playback,NQ SEP26,0.25,2026-07-21T04:11:42.1360000,2026-07-21T04:11:42.1360000,29139.25,29140.5,1,2,-0.3333,-1,A,30,0,2026-07-21T04:11:43.0000000,29139.25,2026-07-21T04:12:44.0000000,29136.75,29135.25,29136.75,20260924,109
Playback101,Playback,NQ SEP26,0.25,2026-07-21T04:13:19.2240000,2026-07-21T04:13:19.2240000,29126.75,29128,2,1,0.3333,-1,A,30,0,2026-07-21T04:13:20.0000000,29126.25,2026-07-21T04:14:21.0000000,29123,29122.5,29123.5,20260924,110
Playback101,Playback,NQ SEP26,0.25,2026-07-21T04:14:57.2440000,2026-07-21T04:14:57.2440000,29131.25,29132.25,1,2,-0.3333,-1,A,30,0,2026-07-21T04:14:58.0000000,29130.75,2026-07-21T04:15:59.0000000,29123,29121.25,29122.75,20260924,111
Playback101,Playback,NQ SEP26,0.25,2026-07-21T04:16:55.2880000,2026-07-21T04:16:55.2880000,29114.75,29115.75,1,1,0.0000,1,P,30,0,2026-07-21T04:17:02.0000000,29114.75,2026-07-21T04:18:03.0000000,29122.75,29122.5,29123.75,20260924,112
Playback101,Playback,NQ SEP26,0.25,2026-07-21T04:18:41.6840000,2026-07-21T04:18:41.6840000,29120.5,29121.5,3,1,0.5000,1,A,30,0,2026-07-21T04:18:42.0000000,29121.5,2026-07-21T04:19:43.0000000,29124.5,29125,29126.5,20260924,113
Playback101,Playback,NQ SEP26,0.25,2026-07-21T04:20:15.7160000,2026-07-21T04:20:15.7160000,29116,29117.25,1,2,-0.3333,-1,P,30,0,2026-07-21T04:20:16.0000000,29117.25,2026-07-21T04:21:17.0000000,29108.75,29107.75,29108.75,20260924,114
Playback101,Playback,NQ SEP26,0.25,2026-07-21T04:21:52.7920000,2026-07-21T04:21:52.7920000,29107.25,29108.75,1,2,-0.3333,-1,A,30,0,2026-07-21T04:21:53.0000000,29107.25,2026-07-21T04:22:54.0000000,29110,29109.25,29110.75,20260924,115
Playback101,Playback,NQ SEP26,0.25,2026-07-21T04:23:36.9000000,2026-07-21T04:23:36.9000000,29110,29111.25,1,1,0.0000,1,P,30,0,2026-07-21T04:23:37.0000000,29110,2026-07-21T04:24:39.0000000,29104.5,29104.25,29105.25,20260924,116
Playback101,Playback,NQ SEP26,0.25,2026-07-21T04:25:14.0040000,2026-07-21T04:25:14.0040000,29110.75,29111.75,1,1,0.0000,-1,A,30,0,2026-07-21T04:25:15.0000000,29111,2026-07-21T04:26:16.0000000,29099,29097.75,29099,20260924,117
Playback101,Playback,NQ SEP26,0.25,2026-07-21T04:26:56.0920000,2026-07-21T04:26:56.0920000,29095.5,29096.5,2,1,0.3333,1,A,30,0,2026-07-21T04:26:57.0000000,29096.25,2026-07-21T04:27:58.0000000,29100.75,29100,29101,20260924,118
Playback101,Playback,NQ SEP26,0.25,2026-07-21T04:28:50.4440000,2026-07-21T04:28:50.4440000,29107.25,29108.75,1,4,-0.6000,1,A,30,0,2026-07-21T04:28:51.0000000,29109.25,2026-07-21T04:29:51.0000000,29102.75,29102.75,29104.25,20260924,119
Playback101,Playback,NQ SEP26,0.25,2026-07-21T04:30:47.5880000,2026-07-21T04:30:47.5880000,29091,29091.5,1,1,0.0000,-1,A,30,0,2026-07-21T04:30:48.0000000,29091,2026-07-21T04:31:48.0000000,29097.5,29096.25,29097.75,20260924,120
Playback101,Playback,NQ SEP26,0.25,2026-07-21T04:32:19.6720000,2026-07-21T04:32:19.6720000,29098.75,29099.75,1,1,0.0000,1,P,30,0,2026-07-21T04:32:20.0000000,29098.75,2026-07-21T04:33:21.0000000,29106,29106,29107.25,20260924,121
Playback101,Playback,NQ SEP26,0.25,2026-07-21T04:33:56.6960000,2026-07-21T04:33:56.6960000,29115,29116.25,1,1,0.0000,1,A,30,0,2026-07-21T04:33:57.0000000,29116.25,2026-07-21T04:34:58.0000000,29118.75,29119,29120,20260924,122
Playback101,Playback,NQ SEP26,0.25,2026-07-21T04:35:43.7720000,2026-07-21T04:35:43.7720000,29117.75,29119.25,3,1,0.5000,-1,A,30,0,2026-07-21T04:35:44.0000000,29118.5,2026-07-21T04:36:45.0000000,29125,29123.25,29124.75,20260924,123
Playback101,Playback,NQ SEP26,0.25,2026-07-21T04:37:17.9360000,2026-07-21T04:37:17.9360000,29124.75,29126,1,2,-0.3333,-1,P,30,1,2026-07-21T04:37:50.0000000,29120,2026-07-21T04:38:51.0000000,29118.75,29117.75,29119,20260924,124
Playback101,Playback,NQ SEP26,0.25,2026-07-21T04:39:04.9840000,2026-07-21T04:39:04.9840000,29115.75,29116.75,1,2,-0.3333,-1,P,30,0,2026-07-21T04:39:25.0000000,29116.75,2026-07-21T04:40:26.0000000,29118.25,29117.5,29118.75,20260924,125
Playback101,Playback,NQ SEP26,0.25,2026-07-21T04:40:54.1080000,2026-07-21T04:40:54.1080000,29113.25,29114.5,2,1,0.3333,-1,P,30,0,2026-07-21T04:41:09.0000000,29114.5,2026-07-21T04:42:10.0000000,29115,29115,29116.25,20260924,126
Playback101,Playback,NQ SEP26,0.25,2026-07-21T04:42:43.1200000,2026-07-21T04:42:43.1200000,29112,29113.5,1,2,-0.3333,-1,P,30,0,2026-07-21T04:42:53.0000000,29113.5,2026-07-21T04:43:53.0000000,29113.5,29112.75,29113.75,20260924,127
Playback101,Playback,NQ SEP26,0.25,2026-07-21T04:44:39.1320000,2026-07-21T04:44:39.1320000,29109.25,29110.5,1,2,-0.3333,-1,A,30,0,2026-07-21T04:44:40.0000000,29109.5,2026-07-21T04:45:41.0000000,29113,29113,29114.25,20260924,128
Playback101,Playback,NQ SEP26,0.25,2026-07-21T04:46:14.1320000,2026-07-21T04:46:14.1320000,29110,29111.5,2,1,0.3333,1,A,30,0,2026-07-21T04:46:15.0000000,29111,2026-07-21T04:47:16.0000000,29107.25,29107,29108.5,20260924,129
Playback101,Playback,NQ SEP26,0.25,2026-07-21T04:47:45.2200000,2026-07-21T04:47:45.2200000,29107.5,29108.5,1,2,-0.3333,-1,P,30,0,2026-07-21T04:47:52.0000000,29108.5,2026-07-21T04:48:53.0000000,29112,29109.75,29111,20260924,130
Playback101,Playback,NQ SEP26,0.25,2026-07-21T04:49:16.4600000,2026-07-21T04:49:16.4600000,29107.75,29109,2,3,-0.2000,1,P,30,0,2026-07-21T04:49:17.0000000,29107.75,2026-07-21T04:50:18.0000000,29096,29096.75,29098,20260924,131
Playback101,Playback,NQ SEP26,0.25,2026-07-21T04:51:02.6200000,2026-07-21T04:51:02.6200000,29092,29093,3,2,0.2000,1,A,30,0,2026-07-21T04:51:03.0000000,29093,2026-07-21T04:52:04.0000000,29097,29096.75,29098,20260924,132
Playback101,Playback,NQ SEP26,0.25,2026-07-21T04:52:33.6680000,2026-07-21T04:52:33.6680000,29094.75,29096.25,1,2,-0.3333,-1,A,30,0,2026-07-21T04:52:34.0000000,29094.75,2026-07-21T04:53:35.0000000,29102.75,29102.5,29103.25,20260924,133
Playback101,Playback,NQ SEP26,0.25,2026-07-21T04:54:08.7920000,2026-07-21T04:54:08.7920000,29107,29108.5,1,1,0.0000,1,P,30,0,2026-07-21T04:54:09.0000000,29107,2026-07-21T04:55:10.0000000,29108,29107.5,29109,20260924,134
Playback101,Playback,NQ SEP26,0.25,2026-07-21T04:56:01.1560000,2026-07-21T04:56:01.1560000,29111.25,29112.75,2,2,0.0000,-1,A,30,0,2026-07-21T04:56:02.0000000,29112.75,2026-07-21T04:57:03.0000000,29113,29111.5,29113,20260924,135
Playback101,Playback,NQ SEP26,0.25,2026-07-21T04:57:55.1920000,2026-07-21T04:57:55.1920000,29110,29111.5,2,1,0.3333,1,P,30,0,2026-07-21T04:58:02.0000000,29110,2026-07-21T04:59:03.0000000,29118.25,29119.5,29120.25,20260924,136
Playback101,Playback,NQ SEP26,0.25,2026-07-21T04:59:27.2600000,2026-07-21T04:59:27.2600000,29116.75,29118,1,2,-0.3333,1,P,30,0,2026-07-21T04:59:28.0000000,29116.75,2026-07-21T05:00:28.0000000,29115.25,29115,29116,20260924,137
Playback101,Playback,NQ SEP26,0.25,2026-07-21T05:01:13.3320000,2026-07-21T05:01:13.3320000,29126.75,29127.75,1,1,0.0000,1,P,30,0,2026-07-21T05:01:14.0000000,29126.75,2026-07-21T05:02:15.0000000,29116.25,29118,29119.25,20260924,138
Playback101,Playback,NQ SEP26,0.25,2026-07-21T05:03:05.5320000,2026-07-21T05:03:05.5320000,29109.5,29111.25,1,1,0.0000,1,A,30,0,2026-07-21T05:03:06.0000000,29111,2026-07-21T05:04:07.0000000,29121.25,29121.25,29123,20260924,139
Playback101,Playback,NQ SEP26,0.25,2026-07-21T05:04:44.6000000,2026-07-21T05:04:44.6000000,29131.25,29132.5,1,1,0.0000,-1,A,30,0,2026-07-21T05:04:45.0000000,29131,2026-07-21T05:05:46.0000000,29132.75,29131.75,29132.75,20260924,140
Playback101,Playback,NQ SEP26,0.25,2026-07-21T05:06:28.6840000,2026-07-21T05:06:28.6840000,29129.5,29131,1,1,0.0000,1,P,30,0,2026-07-21T05:06:29.0000000,29129.5,2026-07-21T05:07:30.0000000,29130.25,29129.5,29131.25,20260924,141
Playback101,Playback,NQ SEP26,0.25,2026-07-21T05:08:02.8920000,2026-07-21T05:08:02.8920000,29129.75,29131.25,1,1,0.0000,1,P,30,1,2026-07-21T05:08:33.0000000,29131.25,2026-07-21T05:09:34.0000000,29137.25,29138.25,29139,20260924,142
Playback101,Playback,NQ SEP26,0.25,2026-07-21T05:09:37.1480000,2026-07-21T05:09:37.1480000,29135.25,29136.25,1,1,0.0000,-1,P,30,0,2026-07-21T05:09:38.0000000,29136.25,2026-07-21T05:10:39.0000000,29132,29134,29135,20260924,143
Playback101,Playback,NQ SEP26,0.25,2026-07-21T05:11:11.3720000,2026-07-21T05:11:11.3720000,29130.5,29131.75,2,1,0.3333,1,P,30,0,2026-07-21T05:11:12.0000000,29130.5,2026-07-21T05:12:13.0000000,29127.75,29128.75,29130.25,20260924,144
Playback101,Playback,NQ SEP26,0.25,2026-07-21T05:12:54.1600000,2026-07-21T05:12:54.1600000,29125.75,29127,3,1,0.5000,1,P,30,0,2026-07-21T05:13:06.0000000,29125.75,2026-07-21T05:14:07.0000000,29147.75,29147.25,29148.5,20260924,145
Playback101,Playback,NQ SEP26,0.25,2026-07-21T05:14:35.3400000,2026-07-21T05:14:35.3400000,29145.5,29147,1,1,0.0000,1,A,30,0,2026-07-21T05:14:36.0000000,29147,2026-07-21T05:15:37.0000000,29149.75,29151,29152.25,20260924,146
Playback101,Playback,NQ SEP26,0.25,2026-07-21T05:16:07.3440000,2026-07-21T05:16:07.3440000,29148,29149.5,5,2,0.4286,-1,P,30,0,2026-07-21T05:16:09.0000000,29149.5,2026-07-21T05:17:10.0000000,29144.75,29143.75,29145.75,20260924,147
Playback101,Playback,NQ SEP26,0.25,2026-07-21T05:17:41.3880000,2026-07-21T05:17:41.3880000,29143.75,29145.25,2,1,0.3333,1,A,30,0,2026-07-21T05:17:42.0000000,29146.25,2026-07-21T05:18:43.0000000,29141.75,29141.75,29143.5,20260924,148
Playback101,Playback,NQ SEP26,0.25,2026-07-21T05:19:36.4160000,2026-07-21T05:19:36.4160000,29145,29146.5,1,2,-0.3333,-1,P,30,0,2026-07-21T05:19:51.0000000,29146.5,2026-07-21T05:20:52.0000000,29147.5,29146,29147.5,20260924,149
Playback101,Playback,NQ SEP26,0.25,2026-07-21T05:21:18.6120000,2026-07-21T05:21:18.6120000,29149.5,29151,2,1,0.3333,-1,P,30,0,2026-07-21T05:21:25.0000000,29151,2026-07-21T05:22:26.0000000,29154,29153,29154,20260924,150
Playback101,Playback,NQ SEP26,0.25,2026-07-21T05:22:56.6320000,2026-07-21T05:22:56.6320000,29157,29157.75,1,1,0.0000,-1,A,30,0,2026-07-21T05:22:57.0000000,29154.75,2026-07-21T05:23:58.0000000,29155.75,29153.75,29155.25,20260924,151
Playback101,Playback,NQ SEP26,0.25,2026-07-21T05:24:54.6320000,2026-07-21T05:24:54.6320000,29162,29163,2,1,0.3333,-1,A,30,0,2026-07-21T05:24:55.0000000,29162,2026-07-21T05:25:56.0000000,29158.5,29157.5,29158.75,20260924,152
Playback101,Playback,NQ SEP26,0.25,2026-07-21T05:26:54.7440000,2026-07-21T05:26:54.7440000,29157.5,29158.5,1,1,0.0000,-1,P,30,0,2026-07-21T05:26:57.0000000,29158.5,2026-07-21T05:27:58.0000000,29157,29156,29156.75,20260924,153
Playback101,Playback,NQ SEP26,0.25,2026-07-21T05:28:49.1200000,2026-07-21T05:28:49.1200000,29162,29163,1,5,-0.6667,-1,P,30,1,2026-07-21T05:29:20.0000000,29158.25,2026-07-21T05:30:21.0000000,29169.5,29167.5,29168.5,20260924,154
Playback101,Playback,NQ SEP26,0.25,2026-07-21T05:30:36.1320000,2026-07-21T05:30:36.1320000,29172,29173,3,3,0.0000,1,P,30,0,2026-07-21T05:30:42.0000000,29172,2026-07-21T05:31:42.0000000,29163,29162,29163.25,20260924,155
Playback101,Playback,NQ SEP26,0.25,2026-07-21T05:32:31.1760000,2026-07-21T05:32:31.1760000,29166.75,29167.75,1,1,0.0000,1,A,30,0,2026-07-21T05:32:32.0000000,29167.75,2026-07-21T05:33:33.0000000,29171,29170,29171,20260924,156
Playback101,Playback,NQ SEP26,0.25,2026-07-21T05:34:26.3160000,2026-07-21T05:34:26.3160000,29164,29165.25,2,1,0.3333,1,P,30,0,2026-07-21T05:34:35.0000000,29164,2026-07-21T05:35:36.0000000,29171.5,29171.75,29173.25,20260924,157
Playback101,Playback,NQ SEP26,0.25,2026-07-21T05:36:16.3920000,2026-07-21T05:36:16.3920000,29167.25,29168.5,4,1,0.6000,1,P,30,0,2026-07-21T05:36:17.0000000,29167.25,2026-07-21T05:37:18.0000000,29166.75,29167.25,29168.5,20260924,158
Playback101,Playback,NQ SEP26,0.25,2026-07-21T05:38:00.4400000,2026-07-21T05:38:00.4400000,29168,29169.25,2,1,0.3333,1,P,30,0,2026-07-21T05:38:01.0000000,29168,2026-07-21T05:39:02.0000000,29158.75,29158.5,29159.5,20260924,159
Playback101,Playback,NQ SEP26,0.25,2026-07-21T05:39:36.6120000,2026-07-21T05:39:36.6120000,29165.25,29166.5,2,1,0.3333,-1,A,30,0,2026-07-21T05:39:37.0000000,29164.75,2026-07-21T05:40:38.0000000,29162.75,29161.25,29162.75,20260924,160
Playback101,Playback,NQ SEP26,0.25,2026-07-21T05:41:20.7000000,2026-07-21T05:41:20.7000000,29170.75,29171.5,1,1,0.0000,-1,P,30,0,2026-07-21T05:41:21.0000000,29171.5,2026-07-21T05:42:22.0000000,29172,29170.5,29171.75,20260924,161
Playback101,Playback,NQ SEP26,0.25,2026-07-21T05:43:11.7000000,2026-07-21T05:43:11.7000000,29171.75,29173.25,2,2,0.0000,1,P,30,0,2026-07-21T05:43:12.0000000,29171.75,2026-07-21T05:44:13.0000000,29170.25,29170.25,29171.75,20260924,162
Playback101,Playback,NQ SEP26,0.25,2026-07-21T05:45:04.1000000,2026-07-21T05:45:04.1000000,29167.5,29168.75,4,1,0.6000,1,P,30,0,2026-07-21T05:45:05.0000000,29167.5,2026-07-21T05:46:06.0000000,29158.75,29158.75,29159,20260924,163
Playback101,Playback,NQ SEP26,0.25,2026-07-21T05:46:45.1360000,2026-07-21T05:46:45.1360000,29158.75,29159.25,1,1,0.0000,1,P,30,0,2026-07-21T05:46:47.0000000,29158.75,2026-07-21T05:47:48.0000000,29150.75,29153.5,29154.75,20260924,164
Playback101,Playback,NQ SEP26,0.25,2026-07-21T05:48:42.1520000,2026-07-21T05:48:42.1520000,29157,29158.5,3,1,0.5000,-1,A,30,0,2026-07-21T05:48:43.0000000,29157,2026-07-21T05:49:44.0000000,29161.25,29160.25,29161,20260924,165
Playback101,Playback,NQ SEP26,0.25,2026-07-21T05:50:18.2000000,2026-07-21T05:50:18.2000000,29157.25,29158.5,2,1,0.3333,-1,A,30,0,2026-07-21T05:50:19.0000000,29156.75,2026-07-21T05:51:20.0000000,29156.5,29156.75,29158,20260924,166
Playback101,Playback,NQ SEP26,0.25,2026-07-21T05:52:02.8440000,2026-07-21T05:52:02.8440000,29160.25,29161.5,3,2,0.2000,-1,A,30,0,2026-07-21T05:52:03.0000000,29159,2026-07-21T05:53:04.0000000,29155.75,29155.75,29157.25,20260924,167
Playback101,Playback,NQ SEP26,0.25,2026-07-21T05:53:51.8920000,2026-07-21T05:53:51.8920000,29159.25,29160.5,1,2,-0.3333,-1,P,30,1,2026-07-21T05:54:22.0000000,29157.25,2026-07-21T05:55:23.0000000,29160.5,29160.25,29160.75,20260924,168
Playback101,Playback,NQ SEP26,0.25,2026-07-21T05:55:45.9000000,2026-07-21T05:55:45.9000000,29164,29165.25,1,2,-0.3333,1,A,30,0,2026-07-21T05:55:46.0000000,29165,2026-07-21T05:56:47.0000000,29165.25,29165.5,29166.25,20260924,169
Playback101,Playback,NQ SEP26,0.25,2026-07-21T05:57:24.9480000,2026-07-21T05:57:24.9480000,29158.75,29160,1,1,0.0000,-1,A,30,0,2026-07-21T05:57:25.0000000,29159,2026-07-21T05:58:26.0000000,29170.5,29169.75,29171,20260924,170
Playback101,Playback,NQ SEP26,0.25,2026-07-21T05:59:20.9560000,2026-07-21T05:59:20.9560000,29166.25,29167.5,1,3,-0.5000,1,P,30,0,2026-07-21T05:59:21.0000000,29166.25,2026-07-21T06:00:22.0000000,29167.5,29167.25,29168.5,20260924,171
Playback101,Playback,NQ SEP26,0.25,2026-07-21T06:01:02.9560000,2026-07-21T06:01:02.9560000,29169.75,29172,4,2,0.3333,-1,A,30,0,2026-07-21T06:01:03.0000000,29170.5,2026-07-21T06:02:04.0000000,29175.75,29174.75,29175.75,20260924,172
Playback101,Playback,NQ SEP26,0.25,2026-07-21T06:02:51.9760000,2026-07-21T06:02:51.9760000,29168,29169.5,1,2,-0.3333,1,P,30,0,2026-07-21T06:02:55.0000000,29168,2026-07-21T06:03:56.0000000,29171.25,29171.25,29172.25,20260924,173
Playback101,Playback,NQ SEP26,0.25,2026-07-21T06:04:41.0000000,2026-07-21T06:04:41.0000000,29167.75,29169,2,1,0.3333,1,P,30,0,2026-07-21T06:04:41.0000000,29164.5,2026-07-21T06:05:42.0000000,29169.5,29169.75,29171,20260924,174
Playback101,Playback,NQ SEP26,0.25,2026-07-21T06:06:41.4360000,2026-07-21T06:06:41.4360000,29169.75,29171,2,1,0.3333,-1,P,30,0,2026-07-21T06:06:44.0000000,29171,2026-07-21T06:07:45.0000000,29179,29178.25,29179,20260924,175
Playback101,Playback,NQ SEP26,0.25,2026-07-21T06:08:25.4760000,2026-07-21T06:08:25.4760000,29175.25,29176.5,1,3,-0.5000,1,P,30,0,2026-07-21T06:08:26.0000000,29175.25,2026-07-21T06:09:27.0000000,29171,29171.5,29172.75,20260924,176
Playback101,Playback,NQ SEP26,0.25,2026-07-21T06:10:22.7960000,2026-07-21T06:10:22.7960000,29177.25,29178.75,3,2,0.2000,-1,A,30,0,2026-07-21T06:10:23.0000000,29177.5,2026-07-21T06:11:24.0000000,29178.25,29178.5,29179.25,20260924,177
Playback101,Playback,NQ SEP26,0.25,2026-07-21T06:12:07.9520000,2026-07-21T06:12:07.9520000,29173,29173.75,1,1,0.0000,-1,A,30,0,2026-07-21T06:12:08.0000000,29173.25,2026-07-21T06:13:09.0000000,29172.25,29172,29173.5,20260924,178
Playback101,Playback,NQ SEP26,0.25,2026-07-21T06:13:45.2800000,2026-07-21T06:13:45.2800000,29175,29176,1,1,0.0000,-1,A,30,0,2026-07-21T06:13:46.0000000,29175.25,2026-07-21T06:14:47.0000000,29170.75,29169.75,29171,20260924,179
Playback101,Playback,NQ SEP26,0.25,2026-07-21T06:15:36.3040000,2026-07-21T06:15:36.3040000,29176.25,29177.5,2,1,0.3333,1,A,30,0,2026-07-21T06:15:37.0000000,29177.75,2026-07-21T06:16:38.0000000,29183,29183.75,29184.5,20260924,180
Playback101,Playback,NQ SEP26,0.25,2026-07-21T06:17:16.3440000,2026-07-21T06:17:16.3440000,29181.75,29183,2,1,0.3333,-1,P,30,0,2026-07-21T06:17:18.0000000,29183,2026-07-21T06:18:19.0000000,29185.5,29184.25,29185.5,20260924,181
Playback101,Playback,NQ SEP26,0.25,2026-07-21T06:18:59.3520000,2026-07-21T06:18:59.3520000,29188.75,29189.5,3,2,0.2000,1,P,30,1,2026-07-21T06:19:30.0000000,29195.25,2026-07-21T06:20:31.0000000,29192.5,29192.75,29193.75,20260924,182
Playback101,Playback,NQ SEP26,0.25,2026-07-21T06:20:39.5600000,2026-07-21T06:20:39.5600000,29190.25,29191.25,1,1,0.0000,-1,P,30,1,2026-07-21T06:21:11.0000000,29187.5,2026-07-21T06:22:12.0000000,29187.5,29186.25,29187.25,20260924,183
Playback101,Playback,NQ SEP26,0.25,2026-07-21T06:22:36.6320000,2026-07-21T06:22:36.6320000,29181.25,29182.25,3,2,0.2000,-1,P,30,0,2026-07-21T06:22:38.0000000,29182.25,2026-07-21T06:23:39.0000000,29182.75,29182,29182.75,20260924,184
Playback101,Playback,NQ SEP26,0.25,2026-07-21T06:24:36.6760000,2026-07-21T06:24:36.6760000,29183,29183.75,1,1,0.0000,-1,A,30,0,2026-07-21T06:24:37.0000000,29183,2026-07-21T06:25:38.0000000,29185,29184,29185.25,20260924,185
Playback101,Playback,NQ SEP26,0.25,2026-07-21T06:26:29.6640000,2026-07-21T06:26:29.6640000,29177,29177.5,2,1,0.3333,1,P,30,0,2026-07-21T06:26:31.0000000,29177,2026-07-21T06:27:32.0000000,29172.5,29172.5,29174,20260924,186
Playback101,Playback,NQ SEP26,0.25,2026-07-21T06:28:14.9160000,2026-07-21T06:28:14.9160000,29172.75,29174,1,2,-0.3333,1,A,30,0,2026-07-21T06:28:15.0000000,29173.5,2026-07-21T06:29:16.0000000,29169.25,29167.75,29168.75,20260924,187
Playback101,Playback,NQ SEP26,0.25,2026-07-21T06:30:04.3080000,2026-07-21T06:30:04.3080000,29165.5,29166.5,1,1,0.0000,1,A,30,0,2026-07-21T06:30:05.0000000,29167.25,2026-07-21T06:31:05.0000000,29161.5,29160.75,29162,20260924,188
Playback101,Playback,NQ SEP26,0.25,2026-07-21T06:31:53.7280000,2026-07-21T06:31:53.7280000,29168.75,29170.25,3,2,0.2000,1,A,30,0,2026-07-21T06:31:54.0000000,29170,2026-07-21T06:32:55.0000000,29172.25,29172,29173,20260924,189
Playback101,Playback,NQ SEP26,0.25,2026-07-21T06:33:50.7360000,2026-07-21T06:33:50.7360000,29174.5,29175.25,1,1,0.0000,-1,P,30,0,2026-07-21T06:34:00.0000000,29175.25,2026-07-21T06:35:01.0000000,29172,29170.75,29172,20260924,190
Playback101,Playback,NQ SEP26,0.25,2026-07-21T06:35:43.3560000,2026-07-21T06:35:43.3560000,29168.5,29169.5,2,1,0.3333,1,P,30,0,2026-07-21T06:35:46.0000000,29168.5,2026-07-21T06:36:47.0000000,29155.75,29156.5,29156.75,20260924,191
Playback101,Playback,NQ SEP26,0.25,2026-07-21T06:37:39.9160000,2026-07-21T06:37:39.9160000,29154.25,29155.25,1,2,-0.3333,-1,P,30,0,2026-07-21T06:37:46.0000000,29155.25,2026-07-21T06:38:47.0000000,29156.75,29156,29157,20260924,192
Playback101,Playback,NQ SEP26,0.25,2026-07-21T06:39:29.3640000,2026-07-21T06:39:29.3640000,29156,29157,2,2,0.0000,1,A,30,0,2026-07-21T06:39:30.0000000,29155.75,2026-07-21T06:40:31.0000000,29158.25,29158.25,29159.25,20260924,193
Playback101,Playback,NQ SEP26,0.25,2026-07-21T06:41:11.8760000,2026-07-21T06:41:11.8760000,29156.25,29157.25,1,2,-0.3333,-1,P,30,0,2026-07-21T06:41:12.0000000,29157.5,2026-07-21T06:42:13.0000000,29159.75,29158,29159,20260924,194
Playback101,Playback,NQ SEP26,0.25,2026-07-21T06:43:09.3360000,2026-07-21T06:43:09.3360000,29162.25,29163.25,1,1,0.0000,-1,P,30,0,2026-07-21T06:43:14.0000000,29163.25,2026-07-21T06:44:15.0000000,29169.25,29167.5,29168.75,20260924,195
Playback101,Playback,NQ SEP26,0.25,2026-07-21T06:44:41.1520000,2026-07-21T06:44:41.1520000,29167.75,29169,1,2,-0.3333,-1,A,30,0,2026-07-21T06:44:42.0000000,29167,2026-07-21T06:45:43.0000000,29169.75,29168.75,29169.75,20260924,196
Playback101,Playback,NQ SEP26,0.25,2026-07-21T06:46:26.1800000,2026-07-21T06:46:26.1800000,29173.5,29175,1,1,0.0000,1,P,30,1,2026-07-21T06:46:57.0000000,29182.5,2026-07-21T06:47:58.0000000,29178.5,29178,29179,20260924,197
Playback101,Playback,NQ SEP26,0.25,2026-07-21T06:47:57.1960000,2026-07-21T06:47:57.1960000,29178,29179.25,1,2,-0.3333,-1,P,30,0,2026-07-21T06:48:01.0000000,29179.25,2026-07-21T06:49:02.0000000,29178.75,29177.5,29179.25,20260924,198
Playback101,Playback,NQ SEP26,0.25,2026-07-21T06:49:38.2080000,2026-07-21T06:49:38.2080000,29181.75,29183.25,2,1,0.3333,-1,A,30,0,2026-07-21T06:49:39.0000000,29182,2026-07-21T06:50:40.0000000,29176.75,29176,29177.25,20260924,199
Playback101,Playback,NQ SEP26,0.25,2026-07-21T06:51:33.2080000,2026-07-21T06:51:33.2080000,29173.5,29175,1,4,-0.6000,1,A,30,0,2026-07-21T06:51:34.0000000,29173.75,2026-07-21T06:52:35.0000000,29177.5,29177.5,29178.75,20260924,200
Playback101,Playback,NQ SEP26,0.25,2026-07-21T06:53:19.3040000,2026-07-21T06:53:19.3040000,29171.5,29173.25,2,2,0.0000,1,P,30,0,2026-07-21T06:53:21.0000000,29171.5,2026-07-21T06:54:22.0000000,29177.75,29176.75,29178.75,20260924,201
Playback101,Playback,NQ SEP26,0.25,2026-07-21T06:55:05.6240000,2026-07-21T06:55:05.6240000,29176.25,29177.5,1,2,-0.3333,1,P,30,0,2026-07-21T06:55:10.0000000,29176.25,2026-07-21T06:56:11.0000000,29173.5,29174.5,29175.5,20260924,202
Playback101,Playback,NQ SEP26,0.25,2026-07-21T06:56:58.6320000,2026-07-21T06:56:58.6320000,29162.5,29163.5,2,1,0.3333,1,A,30,0,2026-07-21T06:56:59.0000000,29163.5,2026-07-21T06:58:00.0000000,29156.75,29156.25,29157.25,20260924,203
Playback101,Playback,NQ SEP26,0.25,2026-07-21T06:58:32.8120000,2026-07-21T06:58:32.8120000,29155.75,29156.75,1,1,0.0000,1,A,30,0,2026-07-21T06:58:33.0000000,29154.75,2026-07-21T06:59:34.0000000,29157.25,29157.25,29157.75,20260924,204
Playback101,Playback,NQ SEP26,0.25,2026-07-21T07:00:09.7000000,2026-07-21T07:00:09.7000000,29155.75,29156.75,1,1,0.0000,-1,A,30,0,2026-07-21T07:00:10.0000000,29156,2026-07-21T07:01:11.0000000,29159.75,29157.5,29159,20260924,205
Playback101,Playback,NQ SEP26,0.25,2026-07-21T07:01:57.0120000,2026-07-21T07:01:57.0120000,29164,29165.25,1,1,0.0000,-1,P,30,0,2026-07-21T07:02:19.0000000,29165.25,2026-07-21T07:03:20.0000000,29174,29173.75,29175.5,20260924,206
Playback101,Playback,NQ SEP26,0.25,2026-07-21T07:03:44.7720000,2026-07-21T07:03:44.7720000,29167.5,29169.25,3,3,0.0000,1,P,30,0,2026-07-21T07:03:47.0000000,29167.5,2026-07-21T07:04:48.0000000,29160.25,29161,29162.5,20260924,207
Playback101,Playback,NQ SEP26,0.25,2026-07-21T07:05:19.0080000,2026-07-21T07:05:19.0080000,29161.5,29163.25,2,3,-0.2000,-1,P,30,0,2026-07-21T07:05:36.0000000,29163.25,2026-07-21T07:06:37.0000000,29158,29156.25,29158,20260924,208
Playback101,Playback,NQ SEP26,0.25,2026-07-21T07:06:57.0120000,2026-07-21T07:06:57.0120000,29158,29159.75,2,3,-0.2000,1,P,30,0,2026-07-21T07:07:21.0000000,29158,2026-07-21T07:08:23.0000000,29160.25,29159.25,29161.25,20260924,209
Playback101,Playback,NQ SEP26,0.25,2026-07-21T07:08:38.1000000,2026-07-21T07:08:38.1000000,29158,29159.25,1,1,0.0000,-1,P,30,0,2026-07-21T07:08:39.0000000,29160,2026-07-21T07:09:40.0000000,29159.5,29160.5,29161.5,20260924,210
Playback101,Playback,NQ SEP26,0.25,2026-07-21T07:10:31.1240000,2026-07-21T07:10:31.1240000,29168.75,29170.5,2,3,-0.2000,-1,P,30,0,2026-07-21T07:10:32.0000000,29180.25,2026-07-21T07:11:33.0000000,29190,29187.75,29189.5,20260924,211
Playback101,Playback,NQ SEP26,0.25,2026-07-21T07:12:23.1880000,2026-07-21T07:12:23.1880000,29181.75,29183.75,3,1,0.5000,1,P,30,0,2026-07-21T07:12:37.0000000,29181.75,2026-07-21T07:13:38.0000000,29174,29175.25,29176.5,20260924,212
Playback101,Playback,NQ SEP26,0.25,2026-07-21T07:14:23.7800000,2026-07-21T07:14:23.7800000,29171.5,29173.25,1,1,0.0000,1,A,30,0,2026-07-21T07:14:24.0000000,29173.25,2026-07-21T07:15:25.0000000,29172,29172.5,29174,20260924,213
Playback101,Playback,NQ SEP26,0.25,2026-07-21T07:15:54.0080000,2026-07-21T07:15:54.0080000,29171.5,29172.75,1,1,0.0000,1,A,30,0,2026-07-21T07:15:55.0000000,29173,2026-07-21T07:16:56.0000000,29169.5,29169.5,29171.25,20260924,214
Playback101,Playback,NQ SEP26,0.25,2026-07-21T07:17:35.2120000,2026-07-21T07:17:35.2120000,29176,29177.25,1,1,0.0000,-1,A,30,0,2026-07-21T07:17:36.0000000,29176.75,2026-07-21T07:18:37.0000000,29178,29177,29178.5,20260924,215
Playback101,Playback,NQ SEP26,0.25,2026-07-21T07:19:07.2560000,2026-07-21T07:19:07.2560000,29176.5,29178,1,2,-0.3333,-1,P,30,0,2026-07-21T07:19:08.0000000,29178.5,2026-07-21T07:20:09.0000000,29175.25,29173,29174.25,20260924,216
Playback101,Playback,NQ SEP26,0.25,2026-07-21T07:20:49.3280000,2026-07-21T07:20:49.3280000,29177.75,29179,1,1,0.0000,1,A,30,0,2026-07-21T07:20:50.0000000,29179.25,2026-07-21T07:21:51.0000000,29175.25,29176,29177.5,20260924,217
Playback101,Playback,NQ SEP26,0.25,2026-07-21T07:22:35.1120000,2026-07-21T07:22:35.1120000,29177,29178.25,2,1,0.3333,1,A,30,0,2026-07-21T07:22:36.0000000,29178.25,2026-07-21T07:23:37.0000000,29184,29183,29184.75,20260924,218
Playback101,Playback,NQ SEP26,0.25,2026-07-21T07:24:15.7560000,2026-07-21T07:24:15.7560000,29183.75,29185,5,4,0.1111,1,P,30,0,2026-07-21T07:24:17.0000000,29183.75,2026-07-21T07:25:18.0000000,29179.25,29178.5,29179.5,20260924,219
Playback101,Playback,NQ SEP26,0.25,2026-07-21T07:26:06.8960000,2026-07-21T07:26:06.8960000,29178,29180,4,2,0.3333,1,P,30,0,2026-07-21T07:26:09.0000000,29178,2026-07-21T07:27:10.0000000,29171.75,29172.5,29174.25,20260924,220
Playback101,Playback,NQ SEP26,0.25,2026-07-21T07:28:06.9600000,2026-07-21T07:28:06.9600000,29173,29174.25,1,1,0.0000,1,A,30,0,2026-07-21T07:28:07.0000000,29173.5,2026-07-21T07:29:08.0000000,29176.25,29176,29177,20260924,221
Playback101,Playback,NQ SEP26,0.25,2026-07-21T07:30:05.3400000,2026-07-21T07:30:05.3400000,29175,29176.75,2,2,0.0000,1,A,30,0,2026-07-21T07:30:06.0000000,29175.25,2026-07-21T07:31:07.0000000,29170.25,29170.75,29172.5,20260924,222
Playback101,Playback,NQ SEP26,0.25,2026-07-21T07:31:47.3880000,2026-07-21T07:31:47.3880000,29173,29174.75,2,1,0.3333,-1,A,30,0,2026-07-21T07:31:48.0000000,29173,2026-07-21T07:32:49.0000000,29183.5,29182.75,29184,20260924,223
Playback101,Playback,NQ SEP26,0.25,2026-07-21T07:33:31.4480000,2026-07-21T07:33:31.4480000,29181.25,29183.25,2,1,0.3333,-1,A,30,0,2026-07-21T07:33:32.0000000,29180,2026-07-21T07:34:33.0000000,29184,29182.25,29184,20260924,224
Playback101,Playback,NQ SEP26,0.25,2026-07-21T07:35:21.5080000,2026-07-21T07:35:21.5080000,29183.75,29185.5,3,2,0.2000,-1,A,30,0,2026-07-21T07:35:22.0000000,29183.25,2026-07-21T07:36:23.0000000,29183.25,29182.5,29183.25,20260924,225
Playback101,Playback,NQ SEP26,0.25,2026-07-21T07:37:05.7920000,2026-07-21T07:37:05.7920000,29193.75,29194.5,1,2,-0.3333,1,P,30,0,2026-07-21T07:37:07.0000000,29193.75,2026-07-21T07:38:08.0000000,29188.5,29188.5,29189.5,20260924,226
Playback101,Playback,NQ SEP26,0.25,2026-07-21T07:38:39.8200000,2026-07-21T07:38:39.8200000,29178,29179.5,2,6,-0.5000,-1,P,30,0,2026-07-21T07:38:43.0000000,29179.5,2026-07-21T07:39:44.0000000,29178,29177,29178,20260924,227
Playback101,Playback,NQ SEP26,0.25,2026-07-21T07:40:27.8480000,2026-07-21T07:40:27.8480000,29173,29174.75,2,2,0.0000,1,P,30,0,2026-07-21T07:40:45.0000000,29173,2026-07-21T07:41:46.0000000,29166.5,29167.25,29168.5,20260924,228
Playback101,Playback,NQ SEP26,0.25,2026-07-21T07:42:16.8480000,2026-07-21T07:42:16.8480000,29166.5,29167.75,2,1,0.3333,1,A,30,0,2026-07-21T07:42:17.0000000,29167.5,2026-07-21T07:43:18.0000000,29169.75,29169.25,29170.5,20260924,229
Playback101,Playback,NQ SEP26,0.25,2026-07-21T07:44:00.8760000,2026-07-21T07:44:00.8760000,29175.5,29177.25,2,2,0.0000,1,A,30,0,2026-07-21T07:44:01.0000000,29177,2026-07-21T07:45:02.0000000,29171,29171,29172.25,20260924,230
Playback101,Playback,NQ SEP26,0.25,2026-07-21T07:45:50.9000000,2026-07-21T07:45:50.9000000,29169,29170.5,2,1,0.3333,1,P,30,0,2026-07-21T07:45:51.0000000,29169,2026-07-21T07:46:52.0000000,29164.5,29165.75,29167,20260924,231
Playback101,Playback,NQ SEP26,0.25,2026-07-21T07:47:29.5480000,2026-07-21T07:47:29.5480000,29166.5,29168,1,3,-0.5000,1,P,30,0,2026-07-21T07:47:30.0000000,29166.5,2026-07-21T07:48:31.0000000,29171.25,29171.25,29172.75,20260924,232
Playback101,Playback,NQ SEP26,0.25,2026-07-21T07:49:21.6040000,2026-07-21T07:49:21.6040000,29179.75,29180.75,1,1,0.0000,-1,A,30,0,2026-07-21T07:49:22.0000000,29180.5,2026-07-21T07:50:23.0000000,29180.5,29179.25,29180.5,20260924,233
Playback101,Playback,NQ SEP26,0.25,2026-07-21T07:50:58.7880000,2026-07-21T07:50:58.7880000,29173.25,29174.5,2,1,0.3333,-1,A,30,0,2026-07-21T07:50:59.0000000,29171.75,2026-07-21T07:52:00.0000000,29174,29172.75,29173.75,20260924,234
Playback101,Playback,NQ SEP26,0.25,2026-07-21T07:52:55.9640000,2026-07-21T07:52:55.9640000,29177.5,29179,3,2,0.2000,-1,P,30,0,2026-07-21T07:53:03.0000000,29179,2026-07-21T07:54:04.0000000,29170.5,29169.25,29170.25,20260924,235
Playback101,Playback,NQ SEP26,0.25,2026-07-21T07:54:44.0120000,2026-07-21T07:54:44.0120000,29167.75,29169,2,2,0.0000,-1,P,30,1,2026-07-21T07:55:15.0000000,29167,2026-07-21T07:56:16.0000000,29167.75,29166.75,29167.75,20260924,236
Playback101,Playback,NQ SEP26,0.25,2026-07-21T07:56:43.5480000,2026-07-21T07:56:43.5480000,29165.75,29167.25,2,2,0.0000,-1,A,30,0,2026-07-21T07:56:44.0000000,29166.25,2026-07-21T07:57:45.0000000,29165.25,29164,29165.5,20260924,237
Playback101,Playback,NQ SEP26,0.25,2026-07-21T07:58:43.6160000,2026-07-21T07:58:43.6160000,29164.5,29166.25,1,1,0.0000,1,A,30,0,2026-07-21T07:58:44.0000000,29165,2026-07-21T07:59:45.0000000,29168.25,29168.25,29169.75,20260924,238
Playback101,Playback,NQ SEP26,0.25,2026-07-21T08:00:35.7360000,2026-07-21T08:00:35.7360000,29171.75,29173.5,2,1,0.3333,1,A,30,0,2026-07-21T08:00:36.0000000,29173.75,2026-07-21T08:01:37.0000000,29166.75,29166.75,29168.5,20260924,239
Playback101,Playback,NQ SEP26,0.25,2026-07-21T08:02:05.9040000,2026-07-21T08:02:05.9040000,29160.25,29161.5,2,2,0.0000,-1,A,30,0,2026-07-21T08:02:06.0000000,29160.25,2026-07-21T08:03:07.0000000,29160,29159.5,29161,20260924,240
Playback101,Playback,NQ SEP26,0.25,2026-07-21T08:03:55.9240000,2026-07-21T08:03:55.9240000,29157,29158,1,1,0.0000,-1,A,30,0,2026-07-21T08:03:56.0000000,29156.25,2026-07-21T08:04:57.0000000,29144,29143.75,29144.75,20260924,241
Playback101,Playback,NQ SEP26,0.25,2026-07-21T08:05:50.0560000,2026-07-21T08:05:50.0560000,29140.75,29141.75,1,1,0.0000,1,A,30,0,2026-07-21T08:05:51.0000000,29141.75,2026-07-21T08:06:52.0000000,29142,29142,29143,20260924,242
Playback101,Playback,NQ SEP26,0.25,2026-07-21T08:07:27.1720000,2026-07-21T08:07:27.1720000,29139,29140,2,3,-0.2000,-1,A,30,0,2026-07-21T08:07:28.0000000,29138.25,2026-07-21T08:08:29.0000000,29136.5,29135.25,29136.5,20260924,243
Playback101,Playback,NQ SEP26,0.25,2026-07-21T08:09:08.1840000,2026-07-21T08:09:08.1840000,29138,29139.25,2,2,0.0000,-1,P,30,0,2026-07-21T08:09:12.0000000,29139.25,2026-07-21T08:10:13.0000000,29138.5,29137.25,29138.25,20260924,244
Playback101,Playback,NQ SEP26,0.25,2026-07-21T08:10:42.1960000,2026-07-21T08:10:42.1960000,29136.25,29137.25,1,1,0.0000,-1,A,30,0,2026-07-21T08:10:43.0000000,29137.25,2026-07-21T08:11:44.0000000,29136.75,29136.25,29137,20260924,245
Playback101,Playback,NQ SEP26,0.25,2026-07-21T08:12:25.2440000,2026-07-21T08:12:25.2440000,29145.25,29146.5,2,2,0.0000,1,A,30,0,2026-07-21T08:12:26.0000000,29146.25,2026-07-21T08:13:27.0000000,29157.25,29157.25,29158.25,20260924,246
Playback101,Playback,NQ SEP26,0.25,2026-07-21T08:14:07.3320000,2026-07-21T08:14:07.3320000,29157.25,29158.25,1,1,0.0000,-1,P,30,0,2026-07-21T08:14:14.0000000,29158.25,2026-07-21T08:15:15.0000000,29148,29146.5,29148.25,20260924,247
Playback101,Playback,NQ SEP26,0.25,2026-07-21T08:16:03.8280000,2026-07-21T08:16:03.8280000,29151.5,29153,1,1,0.0000,-1,P,30,0,2026-07-21T08:16:06.0000000,29153,2026-07-21T08:17:07.0000000,29150.25,29149,29150.25,20260924,248
Playback101,Playback,NQ SEP26,0.25,2026-07-21T08:17:59.0160000,2026-07-21T08:17:59.0160000,29144,29144.75,1,1,0.0000,-1,P,30,0,2026-07-21T08:18:05.0000000,29144.75,2026-07-21T08:19:06.0000000,29144,29143.75,29145.25,20260924,249
Playback101,Playback,NQ SEP26,0.25,2026-07-21T08:19:30.0960000,2026-07-21T08:19:30.0960000,29140.75,29141.75,1,1,0.0000,-1,A,30,0,2026-07-21T08:19:31.0000000,29140.75,2026-07-21T08:20:32.0000000,29129.25,29127.5,29129.25,20260924,250
Playback101,Playback,NQ SEP26,0.25,2026-07-21T08:21:16.4600000,2026-07-21T08:21:16.4600000,29123.75,29125,2,2,0.0000,-1,P,30,0,2026-07-21T08:21:29.0000000,29125,2026-07-21T08:22:30.0000000,29130.5,29130,29131,20260924,251
Playback101,Playback,NQ SEP26,0.25,2026-07-21T08:23:10.5760000,2026-07-21T08:23:10.5760000,29134.5,29135.75,1,1,0.0000,1,A,30,0,2026-07-21T08:23:11.0000000,29135.5,2026-07-21T08:24:12.0000000,29134,29134.75,29135.75,20260924,252
Playback101,Playback,NQ SEP26,0.25,2026-07-21T08:24:49.6280000,2026-07-21T08:24:49.6280000,29139,29140.5,1,2,-0.3333,1,A,30,0,2026-07-21T08:24:50.0000000,29140.5,2026-07-21T08:25:51.0000000,29134.5,29134.25,29135.5,20260924,253
Playback101,Playback,NQ SEP26,0.25,2026-07-21T08:26:48.6680000,2026-07-21T08:26:48.6680000,29124,29125.75,1,2,-0.3333,-1,A,30,0,2026-07-21T08:26:49.0000000,29122.75,2026-07-21T08:27:50.0000000,29132,29130.25,29132,20260924,254
Playback101,Playback,NQ SEP26,0.25,2026-07-21T08:28:27.6880000,2026-07-21T08:28:27.6880000,29133,29134,2,1,0.3333,-1,P,30,1,2026-07-21T08:28:59.0000000,29131.25,2026-07-21T08:30:00.0000000,29129.75,29128.25,29129.75,20260924,255
Playback101,Playback,NQ SEP26,0.25,2026-07-21T08:30:06.8320000,2026-07-21T08:30:06.8320000,29126.75,29128.25,1,1,0.0000,1,P,30,0,2026-07-21T08:30:07.0000000,29126.75,2026-07-21T08:31:08.0000000,29138.75,29138.5,29139.75,20260924,256
Playback101,Playback,NQ SEP26,0.25,2026-07-21T08:31:54.0080000,2026-07-21T08:31:54.0080000,29137.25,29138.5,1,1,0.0000,-1,A,30,0,2026-07-21T08:31:55.0000000,29137.5,2026-07-21T08:32:56.0000000,29138,29136.25,29138,20260924,257
Playback101,Playback,NQ SEP26,0.25,2026-07-21T08:33:35.6800000,2026-07-21T08:33:35.6800000,29139.25,29140.75,1,1,0.0000,-1,A,30,0,2026-07-21T08:33:36.0000000,29137.5,2026-07-21T08:34:37.0000000,29138.5,29139,29140,20260924,258
Playback101,Playback,NQ SEP26,0.25,2026-07-21T08:35:28.0960000,2026-07-21T08:35:28.0960000,29141.75,29142.75,1,1,0.0000,-1,A,30,0,2026-07-21T08:35:29.0000000,29145,2026-07-21T08:36:30.0000000,29151.75,29150.25,29151.5,20260924,259
Playback101,Playback,NQ SEP26,0.25,2026-07-21T08:37:14.1400000,2026-07-21T08:37:14.1400000,29149.75,29150.5,1,1,0.0000,1,P,30,1,2026-07-21T08:37:45.0000000,29158,2026-07-21T08:38:46.0000000,29164.75,29164.75,29165.25,20260924,260
Playback101,Playback,NQ SEP26,0.25,2026-07-21T08:38:59.1760000,2026-07-21T08:38:59.1760000,29162,29163.25,3,1,0.5000,-1,A,30,0,2026-07-21T08:39:00.0000000,29161.5,2026-07-21T08:40:01.0000000,29159,29157,29158.25,20260924,261
Playback101,Playback,NQ SEP26,0.25,2026-07-21T08:40:51.5600000,2026-07-21T08:40:51.5600000,29158.5,29159.5,1,1,0.0000,1,A,30,0,2026-07-21T08:40:52.0000000,29158.25,2026-07-21T08:41:53.0000000,29161.75,29161.5,29162.25,20260924,262
Playback101,Playback,NQ SEP26,0.25,2026-07-21T08:42:26.6320000,2026-07-21T08:42:26.6320000,29161.25,29162,1,1,0.0000,1,P,30,0,2026-07-21T08:42:32.0000000,29161.25,2026-07-21T08:43:33.0000000,29166.25,29166.25,29167.25,20260924,263
Playback101,Playback,NQ SEP26,0.25,2026-07-21T08:44:19.0440000,2026-07-21T08:44:19.0440000,29168.75,29170,3,1,0.5000,1,P,30,0,2026-07-21T08:44:20.0000000,29168.75,2026-07-21T08:45:21.0000000,29169.75,29169.75,29171,20260924,264
Playback101,Playback,NQ SEP26,0.25,2026-07-21T08:46:16.1880000,2026-07-21T08:46:16.1880000,29164,29165.25,1,1,0.0000,-1,P,30,0,2026-07-21T08:46:27.0000000,29165.25,2026-07-21T08:47:28.0000000,29173.5,29172,29173,20260924,265
Playback101,Playback,NQ SEP26,0.25,2026-07-21T08:48:16.2920000,2026-07-21T08:48:16.2920000,29173.75,29175,2,2,0.0000,-1,P,30,0,2026-07-21T08:48:21.0000000,29175,2026-07-21T08:49:22.0000000,29174.25,29174,29175,20260924,266
Playback101,Playback,NQ SEP26,0.25,2026-07-21T08:49:58.6040000,2026-07-21T08:49:58.6040000,29177.75,29179,2,1,0.3333,1,A,30,0,2026-07-21T08:49:59.0000000,29179.75,2026-07-21T08:51:00.0000000,29170.25,29169.75,29171.25,20260924,267
Playback101,Playback,NQ SEP26,0.25,2026-07-21T08:51:33.0400000,2026-07-21T08:51:33.0400000,29167.25,29168,1,1,0.0000,1,A,30,0,2026-07-21T08:51:34.0000000,29167.75,2026-07-21T08:52:35.0000000,29160,29160,29161,20260924,268
Playback101,Playback,NQ SEP26,0.25,2026-07-21T08:53:05.0440000,2026-07-21T08:53:05.0440000,29156,29157.25,2,2,0.0000,1,P,30,0,2026-07-21T08:53:06.0000000,29156,2026-07-21T08:54:07.0000000,29156,29156,29156.5,20260924,269
Playback101,Playback,NQ SEP26,0.25,2026-07-21T08:55:00.0480000,2026-07-21T08:55:00.0480000,29155.5,29156.75,1,2,-0.3333,-1,A,30,0,2026-07-21T08:55:01.0000000,29155.25,2026-07-21T08:56:02.0000000,29156,29154.75,29156,20260924,270
Playback101,Playback,NQ SEP26,0.25,2026-07-21T08:56:41.1080000,2026-07-21T08:56:41.1080000,29155.25,29156.25,1,2,-0.3333,1,A,30,0,2026-07-21T08:56:42.0000000,29156.25,2026-07-21T08:57:43.0000000,29147.25,29148,29149,20260924,271
Playback101,Playback,NQ SEP26,0.25,2026-07-21T08:58:12.4080000,2026-07-21T08:58:12.4080000,29149.5,29150.25,1,1,0.0000,-1,P,30,0,2026-07-21T08:58:18.0000000,29150.25,2026-07-21T08:59:19.0000000,29148.5,29147,29148.5,20260924,272
Playback101,Playback,NQ SEP26,0.25,2026-07-21T08:59:58.7080000,2026-07-21T08:59:58.7080000,29152,29153,1,2,-0.3333,1,P,30,0,2026-07-21T08:59:59.0000000,29152,2026-07-21T09:01:00.0000000,29161.25,29161.5,29162.5,20260924,273
Playback101,Playback,NQ SEP26,0.25,2026-07-21T09:01:31.8080000,2026-07-21T09:01:31.8080000,29150.5,29152,2,2,0.0000,-1,A,30,0,2026-07-21T09:01:32.0000000,29149.25,2026-07-21T09:02:33.0000000,29151.5,29150.75,29151.75,20260924,274
Playback101,Playback,NQ SEP26,0.25,2026-07-21T09:03:09.4640000,2026-07-21T09:03:09.4640000,29150.5,29151.75,2,1,0.3333,-1,A,30,0,2026-07-21T09:03:10.0000000,29150.5,2026-07-21T09:04:11.0000000,29157,29155,29156,20260924,275
Playback101,Playback,NQ SEP26,0.25,2026-07-21T09:04:39.5840000,2026-07-21T09:04:39.5840000,29162.75,29164.5,1,4,-0.6000,-1,A,30,0,2026-07-21T09:04:40.0000000,29162.75,2026-07-21T09:05:41.0000000,29165.25,29163.5,29164.5,20260924,276
Playback101,Playback,NQ SEP26,0.25,2026-07-21T09:06:29.6240000,2026-07-21T09:06:29.6240000,29169.75,29170.75,1,1,0.0000,1,A,30,0,2026-07-21T09:06:30.0000000,29170.75,2026-07-21T09:07:31.0000000,29174.75,29174.5,29175.75,20260924,277
Playback101,Playback,NQ SEP26,0.25,2026-07-21T09:08:12.7240000,2026-07-21T09:08:12.7240000,29182.25,29183.25,1,1,0.0000,1,P,30,0,2026-07-21T09:08:14.0000000,29182.25,2026-07-21T09:09:15.0000000,29187.75,29187.25,29188,20260924,278
Playback101,Playback,NQ SEP26,0.25,2026-07-21T09:09:50.9720000,2026-07-21T09:09:50.9720000,29183,29183.75,1,1,0.0000,-1,P,30,0,2026-07-21T09:09:52.0000000,29183.75,2026-07-21T09:10:53.0000000,29183,29181.75,29183.25,20260924,279
Playback101,Playback,NQ SEP26,0.25,2026-07-21T09:11:40.9840000,2026-07-21T09:11:40.9840000,29189.25,29190.25,2,1,0.3333,1,A,30,0,2026-07-21T09:11:41.0000000,29190.5,2026-07-21T09:12:42.0000000,29190.25,29190.25,29191.25,20260924,280
Playback101,Playback,NQ SEP26,0.25,2026-07-21T09:13:39.0440000,2026-07-21T09:13:39.0440000,29186.75,29188,1,2,-0.3333,1,A,30,0,2026-07-21T09:13:40.0000000,29186.25,2026-07-21T09:14:42.0000000,29181.75,29181.25,29182.25,20260924,281
Playback101,Playback,NQ SEP26,0.25,2026-07-21T09:15:28.0600000,2026-07-21T09:15:28.0600000,29172.5,29173.5,1,1,0.0000,-1,A,30,0,2026-07-21T09:15:29.0000000,29172.25,2026-07-21T09:16:30.0000000,29159.5,29157.25,29159.25,20260924,282
Playback101,Playback,NQ SEP26,0.25,2026-07-21T09:17:11.0800000,2026-07-21T09:17:11.0800000,29161.75,29163,1,1,0.0000,1,A,30,0,2026-07-21T09:17:12.0000000,29161.75,2026-07-21T09:18:13.0000000,29169.25,29170.25,29171.75,20260924,283
Playback101,Playback,NQ SEP26,0.25,2026-07-21T09:18:57.1200000,2026-07-21T09:18:57.1200000,29152.5,29153.75,1,2,-0.3333,1,A,30,0,2026-07-21T09:18:58.0000000,29153.25,2026-07-21T09:19:59.0000000,29150.5,29150.5,29151.5,20260924,284
Playback101,Playback,NQ SEP26,0.25,2026-07-21T09:20:33.1960000,2026-07-21T09:20:33.1960000,29146.25,29147.5,3,3,0.0000,-1,P,30,0,2026-07-21T09:20:45.0000000,29147.5,2026-07-21T09:21:46.0000000,29142.75,29143,29144.25,20260924,285
Playback101,Playback,NQ SEP26,0.25,2026-07-21T09:22:13.5800000,2026-07-21T09:22:13.5800000,29144.75,29146.25,1,3,-0.5000,1,P,30,0,2026-07-21T09:22:22.0000000,29144.75,2026-07-21T09:23:23.0000000,29138.25,29136.75,29137.75,20260924,286
Playback101,Playback,NQ SEP26,0.25,2026-07-21T09:23:43.6240000,2026-07-21T09:23:43.6240000,29137.25,29138.75,2,2,0.0000,1,A,30,0,2026-07-21T09:23:44.0000000,29138,2026-07-21T09:24:45.0000000,29153.5,29153.5,29154.25,20260924,287
Playback101,Playback,NQ SEP26,0.25,2026-07-21T09:25:43.6240000,2026-07-21T09:25:43.6240000,29149.25,29150.25,2,1,0.3333,-1,P,30,0,2026-07-21T09:25:44.0000000,29150.25,2026-07-21T09:26:45.0000000,29152.25,29150.5,29151.75,20260924,288
Playback101,Playback,NQ SEP26,0.25,2026-07-21T09:27:28.7240000,2026-07-21T09:27:28.7240000,29138.75,29139.75,3,1,0.5000,-1,A,30,0,2026-07-21T09:27:29.0000000,29140.5,2026-07-21T09:28:30.0000000,29139.5,29139,29140.5,20260924,289
Playback101,Playback,NQ SEP26,0.25,2026-07-21T09:29:21.1480000,2026-07-21T09:29:21.1480000,29137.75,29139.25,1,2,-0.3333,-1,P,30,0,2026-07-21T09:29:32.0000000,29139.25,2026-07-21T09:30:33.0000000,29139.75,29138,29139.75,20260924,290
Playback101,Playback,NQ SEP26,0.25,2026-07-21T09:31:03.1480000,2026-07-21T09:31:03.1480000,29135.25,29137,1,3,-0.5000,1,P,30,0,2026-07-21T09:31:04.0000000,29135.25,2026-07-21T09:32:05.0000000,29134,29134.75,29135.75,20260924,291
Playback101,Playback,NQ SEP26,0.25,2026-07-21T09:32:33.3840000,2026-07-21T09:32:33.3840000,29137.25,29138.75,2,4,-0.3333,-1,A,30,0,2026-07-21T09:32:34.0000000,29138.75,2026-07-21T09:33:35.0000000,29129.75,29129,29130,20260924,292
Playback101,Playback,NQ SEP26,0.25,2026-07-21T09:34:09.3960000,2026-07-21T09:34:09.3960000,29128,29129.25,1,2,-0.3333,-1,P,30,0,2026-07-21T09:34:15.0000000,29129.25,2026-07-21T09:35:16.0000000,29126.75,29127.25,29128,20260924,293
Playback101,Playback,NQ SEP26,0.25,2026-07-21T09:36:04.4520000,2026-07-21T09:36:04.4520000,29120.5,29121.25,1,3,-0.5000,1,A,30,0,2026-07-21T09:36:05.0000000,29121.25,2026-07-21T09:37:06.0000000,29124,29124.25,29125.5,20260924,294
Playback101,Playback,NQ SEP26,0.25,2026-07-21T09:37:38.9680000,2026-07-21T09:37:38.9680000,29123.25,29124.25,1,1,0.0000,1,P,30,0,2026-07-21T09:37:40.0000000,29123.25,2026-07-21T09:38:41.0000000,29128.25,29128.5,29129.5,20260924,295
Playback101,Playback,NQ SEP26,0.25,2026-07-21T09:39:14.0080000,2026-07-21T09:39:14.0080000,29130,29130.75,1,2,-0.3333,-1,A,30,0,2026-07-21T09:39:15.0000000,29129.25,2026-07-21T09:40:16.0000000,29129.5,29128.75,29129.5,20260924,296
Playback101,Playback,NQ SEP26,0.25,2026-07-21T09:40:46.0800000,2026-07-21T09:40:46.0800000,29121,29122.25,1,1,0.0000,-1,P,30,0,2026-07-21T09:40:47.0000000,29122.25,2026-07-21T09:41:48.0000000,29118.25,29116.75,29117.75,20260924,297
Playback101,Playback,NQ SEP26,0.25,2026-07-21T09:42:19.2360000,2026-07-21T09:42:19.2360000,29116.75,29117.5,1,1,0.0000,-1,A,30,0,2026-07-21T09:42:20.0000000,29117.25,2026-07-21T09:43:21.0000000,29128.25,29128.25,29129,20260924,298
Playback101,Playback,NQ SEP26,0.25,2026-07-21T09:43:50.2440000,2026-07-21T09:43:50.2440000,29115.5,29116.5,1,1,0.0000,1,A,30,0,2026-07-21T09:43:51.0000000,29116.5,2026-07-21T09:44:52.0000000,29130.75,29131.25,29132.25,20260924,299
Playback101,Playback,NQ SEP26,0.25,2026-07-21T09:45:49.2640000,2026-07-21T09:45:49.2640000,29144.25,29145.25,1,1,0.0000,-1,A,30,0,2026-07-21T09:45:50.0000000,29144.75,2026-07-21T09:46:51.0000000,29141,29140,29141,20260924,300
Playback101,Playback,NQ SEP26,0.25,2026-07-21T09:47:41.2640000,2026-07-21T09:47:41.2640000,29145.75,29146.75,2,1,0.3333,1,P,30,1,2026-07-21T09:48:12.0000000,29165.75,2026-07-21T09:49:13.0000000,29169.5,29168.75,29169.75,20260924,301
Playback101,Playback,NQ SEP26,0.25,2026-07-21T09:49:39.4480000,2026-07-21T09:49:39.4480000,29170.25,29171.25,2,1,0.3333,1,A,30,0,2026-07-21T09:49:40.0000000,29171.25,2026-07-21T09:50:41.0000000,29171,29171,29171.75,20260924,302
Playback101,Playback,NQ SEP26,0.25,2026-07-21T09:51:14.5040000,2026-07-21T09:51:14.5040000,29168.75,29169.5,1,1,0.0000,1,A,30,0,2026-07-21T09:51:15.0000000,29171.25,2026-07-21T09:52:16.0000000,29169.25,29167.5,29168.5,20260924,303
Playback101,Playback,NQ SEP26,0.25,2026-07-21T09:53:01.5280000,2026-07-21T09:53:01.5280000,29178.75,29179.75,1,2,-0.3333,1,A,30,0,2026-07-21T09:53:02.0000000,29179.75,2026-07-21T09:54:03.0000000,29181.25,29179.5,29180.5,20260924,304
Playback101,Playback,NQ SEP26,0.25,2026-07-21T09:54:36.5440000,2026-07-21T09:54:36.5440000,29178,29178.75,3,2,0.2000,-1,A,30,0,2026-07-21T09:54:37.0000000,29178.5,2026-07-21T09:55:38.0000000,29176,29175,29176,20260924,305
Playback101,Playback,NQ SEP26,0.25,2026-07-21T09:56:36.5560000,2026-07-21T09:56:36.5560000,29172,29172.75,1,1,0.0000,1,P,30,0,2026-07-21T09:56:37.0000000,29172,2026-07-21T09:57:38.0000000,29174.5,29174.25,29175,20260924,306
Playback101,Playback,NQ SEP26,0.25,2026-07-21T09:58:07.5800000,2026-07-21T09:58:07.5800000,29175,29176,1,1,0.0000,-1,P,30,0,2026-07-21T09:58:09.0000000,29176,2026-07-21T09:59:10.0000000,29176.25,29175.25,29176.25,20260924,307
Playback101,Playback,NQ SEP26,0.25,2026-07-21T10:00:02.6000000,2026-07-21T10:00:02.6000000,29175.25,29176.5,1,1,0.0000,1,A,30,0,2026-07-21T10:00:03.0000000,29175.5,2026-07-21T10:01:03.0000000,29170.5,29169.5,29170.75,20260924,308
Playback101,Playback,NQ SEP26,0.25,2026-07-21T10:01:52.6120000,2026-07-21T10:01:52.6120000,29171.25,29172,1,1,0.0000,-1,A,30,0,2026-07-21T10:01:53.0000000,29171.75,2026-07-21T10:02:54.0000000,29166.75,29166,29167.25,20260924,309
Playback101,Playback,NQ SEP26,0.25,2026-07-21T10:03:31.8240000,2026-07-21T10:03:31.8240000,29164.75,29165.75,1,1,0.0000,1,A,30,0,2026-07-21T10:03:32.0000000,29165.25,2026-07-21T10:04:33.0000000,29167.25,29167.5,29168.25,20260924,310
Playback101,Playback,NQ SEP26,0.25,2026-07-21T10:05:22.4120000,2026-07-21T10:05:22.4120000,29163,29163.5,1,1,0.0000,1,P,30,0,2026-07-21T10:05:23.0000000,29163,2026-07-21T10:06:24.0000000,29167.75,29167.5,29168.5,20260924,311
Playback101,Playback,NQ SEP26,0.25,2026-07-21T10:06:53.4760000,2026-07-21T10:06:53.4760000,29165.25,29166.25,2,2,0.0000,1,A,30,0,2026-07-21T10:06:54.0000000,29166.75,2026-07-21T10:07:55.0000000,29163.25,29163.75,29164.75,20260924,312
Playback101,Playback,NQ SEP26,0.25,2026-07-21T10:08:41.5360000,2026-07-21T10:08:41.5360000,29162.5,29163.25,2,1,0.3333,1,A,30,0,2026-07-21T10:08:42.0000000,29163.25,2026-07-21T10:09:43.0000000,29159.75,29161,29161.75,20260924,313
Playback101,Playback,NQ SEP26,0.25,2026-07-21T10:10:33.5960000,2026-07-21T10:10:33.5960000,29161.25,29162,2,1,0.3333,-1,P,30,1,2026-07-21T10:11:04.0000000,29158.5,2026-07-21T10:12:05.0000000,29159.5,29158,29158.75,20260924,314
Playback101,Playback,NQ SEP26,0.25,2026-07-21T10:12:24.6800000,2026-07-21T10:12:24.6800000,29162.5,29163.25,2,1,0.3333,-1,A,30,0,2026-07-21T10:12:25.0000000,29162.5,2026-07-21T10:13:26.0000000,29160.75,29160.25,29161.25,20260924,315
Playback101,Playback,NQ SEP26,0.25,2026-07-21T10:13:59.0000000,2026-07-21T10:13:59.0000000,29162.5,29163.5,2,2,0.0000,1,A,30,0,2026-07-21T10:13:59.0000000,29162.75,2026-07-21T10:15:00.0000000,29162.5,29162.75,29163.75,20260924,316
Playback101,Playback,NQ SEP26,0.25,2026-07-21T10:15:32.0640000,2026-07-21T10:15:32.0640000,29162.75,29163.5,1,2,-0.3333,-1,P,30,0,2026-07-21T10:15:33.0000000,29163.5,2026-07-21T10:16:34.0000000,29162.5,29161.5,29162.25,20260924,317
Playback101,Playback,NQ SEP26,0.25,2026-07-21T10:17:04.0960000,2026-07-21T10:17:04.0960000,29157.75,29158.25,1,1,0.0000,-1,A,30,0,2026-07-21T10:17:05.0000000,29157.5,2026-07-21T10:18:06.0000000,29167.75,29167.75,29168.5,20260924,318
Playback101,Playback,NQ SEP26,0.25,2026-07-21T10:18:55.1000000,2026-07-21T10:18:55.1000000,29169.25,29170.25,1,3,-0.5000,1,P,30,0,2026-07-21T10:18:56.0000000,29169.25,2026-07-21T10:19:57.0000000,29168.25,29169,29170,20260924,319
Playback101,Playback,NQ SEP26,0.25,2026-07-21T10:20:32.1360000,2026-07-21T10:20:32.1360000,29168.5,29169.25,1,1,0.0000,-1,A,30,0,2026-07-21T10:20:33.0000000,29169.25,2026-07-21T10:21:34.0000000,29178.75,29177.75,29178.5,20260924,320
Playback101,Playback,NQ SEP26,0.25,2026-07-21T10:22:13.2760000,2026-07-21T10:22:13.2760000,29176.75,29177.75,3,2,0.2000,-1,P,30,1,2026-07-21T10:22:44.0000000,29175.25,2026-07-21T10:23:45.0000000,29171,29170.25,29171,20260924,321
Playback101,Playback,NQ SEP26,0.25,2026-07-21T10:24:10.3320000,2026-07-21T10:24:10.3320000,29175,29176,3,1,0.5000,1,A,30,0,2026-07-21T10:24:11.0000000,29175.5,2026-07-21T10:25:12.0000000,29187,29186.75,29187.5,20260924,322
Playback101,Playback,NQ SEP26,0.25,2026-07-21T10:26:06.4120000,2026-07-21T10:26:06.4120000,29190,29191,2,1,0.3333,1,P,30,0,2026-07-21T10:26:08.0000000,29190,2026-07-21T10:27:09.0000000,29192.25,29190.75,29191.5,20260924,323
Playback101,Playback,NQ SEP26,0.25,2026-07-21T10:27:54.4160000,2026-07-21T10:27:54.4160000,29199,29199.5,1,1,0.0000,1,A,30,0,2026-07-21T10:27:55.0000000,29199.5,2026-07-21T10:28:56.0000000,29209.25,29209,29210,20260924,324
Playback101,Playback,NQ SEP26,0.25,2026-07-21T10:29:25.4360000,2026-07-21T10:29:25.4360000,29209.25,29210.25,1,3,-0.5000,1,A,30,0,2026-07-21T10:29:26.0000000,29210,2026-07-21T10:30:26.0000000,29220.75,29221.75,29223.5,20260924,325
Playback101,Playback,NQ SEP26,0.25,2026-07-21T10:31:16.4400000,2026-07-21T10:31:16.4400000,29181.5,29182.5,2,2,0.0000,-1,A,30,0,2026-07-21T10:31:17.0000000,29183.25,2026-07-21T10:32:17.0000000,29164.5,29162.75,29164,20260924,326
Playback101,Playback,NQ SEP26,0.25,2026-07-21T10:32:46.4440000,2026-07-21T10:32:46.4440000,29158.5,29159.5,1,2,-0.3333,1,P,30,0,2026-07-21T10:32:47.0000000,29158,2026-07-21T10:33:47.0000000,29161,29161.5,29162.25,20260924,327
Playback101,Playback,NQ SEP26,0.25,2026-07-21T10:34:39.4480000,2026-07-21T10:34:39.4480000,29138,29139,1,1,0.0000,-1,A,30,0,2026-07-21T10:34:40.0000000,29138,2026-07-21T10:35:40.0000000,29163.5,29162.25,29163,20260924,328
Playback101,Playback,NQ SEP26,0.25,2026-07-21T10:36:13.4880000,2026-07-21T10:36:13.4880000,29220.25,29220.75,1,1,0.0000,1,A,30,0,2026-07-21T10:36:14.0000000,29223.5,2026-07-21T10:37:14.0000000,29179.25,29178.75,29179.5,20260924,329
Playback101,Playback,NQ SEP26,0.25,2026-07-21T10:38:01.5040000,2026-07-21T10:38:01.5040000,29172.75,29173.75,1,2,-0.3333,1,P,30,0,2026-07-21T10:38:02.0000000,29172.75,2026-07-21T10:39:03.0000000,29202.25,29200,29200.75,20260924,330
Playback101,Playback,NQ SEP26,0.25,2026-07-21T10:39:56.5080000,2026-07-21T10:39:56.5080000,29196,29197,1,3,-0.5000,1,A,30,0,2026-07-21T10:39:57.0000000,29194.5,2026-07-21T10:40:57.0000000,29163,29163.5,29164.75,20260924,331
Playback101,Playback,NQ SEP26,0.25,2026-07-21T10:41:31.5200000,2026-07-21T10:41:31.5200000,29155.75,29156.75,2,1,0.3333,-1,P,30,0,2026-07-21T10:41:32.0000000,29156.75,2026-07-21T10:42:32.0000000,29143.75,29142,29143.25,20260924,332
Playback101,Playback,NQ SEP26,0.25,2026-07-21T10:43:25.5360000,2026-07-21T10:43:25.5360000,29173.5,29174.5,1,2,-0.3333,1,P,30,0,2026-07-21T10:43:30.0000000,29173.5,2026-07-21T10:44:30.0000000,29153,29154.75,29155.75,20260924,333
Playback101,Playback,NQ SEP26,0.25,2026-07-21T10:45:23.5520000,2026-07-21T10:45:23.5520000,29136.5,29137.5,1,1,0.0000,-1,P,30,0,2026-07-21T10:45:24.0000000,29137.5,2026-07-21T10:46:24.0000000,29131.5,29130.25,29131.25,20260924,334
Playback101,Playback,NQ SEP26,0.25,2026-07-21T10:47:05.5520000,2026-07-21T10:47:05.5520000,29114.25,29115.5,2,2,0.0000,1,P,30,0,2026-07-21T10:47:06.0000000,29114.25,2026-07-21T10:48:07.0000000,29117,29119.25,29120,20260924,335
Playback101,Playback,NQ SEP26,0.25,2026-07-21T10:48:49.5600000,2026-07-21T10:48:49.5600000,29119,29120,2,1,0.3333,1,P,30,0,2026-07-21T10:48:50.0000000,29118.75,2026-07-21T10:49:51.0000000,29132,29129.5,29130.75,20260924,336
Playback101,Playback,NQ SEP26,0.25,2026-07-21T10:50:36.5640000,2026-07-21T10:50:36.5640000,29159,29160,2,1,0.3333,1,P,30,0,2026-07-21T10:50:37.0000000,29159,2026-07-21T10:51:37.0000000,29168.75,29169,29170,20260924,337
Playback101,Playback,NQ SEP26,0.25,2026-07-21T10:52:34.5800000,2026-07-21T10:52:34.5800000,29151.75,29152.5,1,1,0.0000,-1,P,30,0,2026-07-21T10:52:35.0000000,29154.75,2026-07-21T10:53:35.0000000,29162.5,29162,29163.25,20260924,338
Playback101,Playback,NQ SEP26,0.25,2026-07-21T10:54:18.5840000,2026-07-21T10:54:18.5840000,29148.75,29150,2,4,-0.3333,-1,A,30,0,2026-07-21T10:54:19.0000000,29148.75,2026-07-21T10:55:20.0000000,29161.25,29160.25,29161,20260924,339
Playback101,Playback,NQ SEP26,0.25,2026-07-21T10:55:59.6000000,2026-07-21T10:55:59.6000000,29138.75,29139.75,1,1,0.0000,1,P,30,0,2026-07-21T10:56:00.0000000,29138.75,2026-07-21T10:57:01.0000000,29105.75,29108.25,29109,20260924,340
Playback101,Playback,NQ SEP26,0.25,2026-07-21T10:57:46.6000000,2026-07-21T10:57:46.6000000,29106.75,29108,1,3,-0.5000,-1,A,30,0,2026-07-21T10:57:47.0000000,29106.25,2026-07-21T10:58:48.0000000,29117,29116.25,29117.5,20260924,341
Playback101,Playback,NQ SEP26,0.25,2026-07-21T10:59:42.6120000,2026-07-21T10:59:42.6120000,29145.25,29146.25,2,2,0.0000,-1,P,30,0,2026-07-21T10:59:43.0000000,29148.25,2026-07-21T11:00:43.0000000,29176.75,29175.5,29176.5,20260924,342
Playback101,Playback,NQ SEP26,0.25,2026-07-21T11:01:32.6200000,2026-07-21T11:01:32.6200000,29175.5,29176.75,1,2,-0.3333,-1,A,30,0,2026-07-21T11:01:33.0000000,29175.75,2026-07-21T11:02:33.0000000,29147,29147.25,29148.25,20260924,343
Playback101,Playback,NQ SEP26,0.25,2026-07-21T11:03:07.6200000,2026-07-21T11:03:07.6200000,29108.75,29109.75,1,1,0.0000,1,A,30,0,2026-07-21T11:03:08.0000000,29107,2026-07-21T11:04:08.0000000,29105.5,29106.25,29107,20260924,344
Playback101,Playback,NQ SEP26,0.25,2026-07-21T11:04:53.6520000,2026-07-21T11:04:53.6520000,29106.75,29107.75,1,3,-0.5000,1,P,30,0,2026-07-21T11:04:54.0000000,29106.75,2026-07-21T11:05:55.0000000,29098.75,29102.75,29103.5,20260924,345
Playback101,Playback,NQ SEP26,0.25,2026-07-21T11:06:40.6640000,2026-07-21T11:06:40.6640000,29118.5,29119.5,1,1,0.0000,-1,P,30,0,2026-07-21T11:06:42.0000000,29119.5,2026-07-21T11:07:42.0000000,29104,29102.25,29103.25,20260924,346
Playback101,Playback,NQ SEP26,0.25,2026-07-21T11:08:14.6720000,2026-07-21T11:08:14.6720000,29092,29093.25,3,3,0.0000,1,A,30,0,2026-07-21T11:08:15.0000000,29092.75,2026-07-21T11:09:15.0000000,29099.25,29099,29100,20260924,347
Playback101,Playback,NQ SEP26,0.25,2026-07-21T11:10:05.6840000,2026-07-21T11:10:05.6840000,29089.75,29090.5,1,1,0.0000,-1,A,30,0,2026-07-21T11:10:06.0000000,29088.25,2026-07-21T11:11:07.0000000,29073.75,29071.5,29072.25,20260924,348
Playback101,Playback,NQ SEP26,0.25,2026-07-21T11:11:48.7000000,2026-07-21T11:11:48.7000000,29085.75,29086.5,1,1,0.0000,-1,P,30,0,2026-07-21T11:11:50.0000000,29086.5,2026-07-21T11:12:50.0000000,29097,29096.5,29097.25,20260924,349
Playback101,Playback,NQ SEP26,0.25,2026-07-21T11:13:24.7400000,2026-07-21T11:13:24.7400000,29092,29093,1,1,0.0000,1,A,30,0,2026-07-21T11:13:25.0000000,29091.5,2026-07-21T11:14:26.0000000,29118,29119.75,29120.75,20260924,350
Playback101,Playback,NQ SEP26,0.25,2026-07-21T11:15:06.7680000,2026-07-21T11:15:06.7680000,29125.5,29126.75,4,1,0.6000,1,A,30,0,2026-07-21T11:15:07.0000000,29126,2026-07-21T11:16:08.0000000,29081.25,29082.75,29083.5,20260924,351
Playback101,Playback,NQ SEP26,0.25,2026-07-21T11:16:44.7680000,2026-07-21T11:16:44.7680000,29081.75,29082.5,2,2,0.0000,-1,P,30,0,2026-07-21T11:16:47.0000000,29082.5,2026-07-21T11:17:47.0000000,29091,29090.25,29091,20260924,352
Playback101,Playback,NQ SEP26,0.25,2026-07-21T11:18:44.7680000,2026-07-21T11:18:44.7680000,29149.25,29150.25,1,1,0.0000,-1,A,30,0,2026-07-21T11:18:45.0000000,29149.5,2026-07-21T11:19:46.0000000,29154.75,29154.5,29155.25,20260924,353
Playback101,Playback,NQ SEP26,0.25,2026-07-21T11:20:35.7800000,2026-07-21T11:20:35.7800000,29155.5,29156,1,1,0.0000,1,A,30,0,2026-07-21T11:20:36.0000000,29155.5,2026-07-21T11:21:36.0000000,29133.5,29132.75,29133.75,20260924,354
Playback101,Playback,NQ SEP26,0.25,2026-07-21T11:22:25.7840000,2026-07-21T11:22:25.7840000,29143.5,29144.25,1,3,-0.5000,1,A,30,0,2026-07-21T11:22:26.0000000,29143.75,2026-07-21T11:23:26.0000000,29133,29133.5,29134.5,20260924,355
Playback101,Playback,NQ SEP26,0.25,2026-07-21T11:24:10.7840000,2026-07-21T11:24:10.7840000,29148,29149,1,2,-0.3333,-1,A,30,0,2026-07-21T11:24:11.0000000,29147.5,2026-07-21T11:25:12.0000000,29147.25,29147.25,29148,20260924,356
Playback101,Playback,NQ SEP26,0.25,2026-07-21T11:25:56.7840000,2026-07-21T11:25:56.7840000,29176,29177,2,2,0.0000,1,A,30,0,2026-07-21T11:25:57.0000000,29176.5,2026-07-21T11:26:58.0000000,29182.25,29181.5,29182.5,20260924,357
Playback101,Playback,NQ SEP26,0.25,2026-07-21T11:27:26.8240000,2026-07-21T11:27:26.8240000,29196.25,29197,1,1,0.0000,-1,A,30,0,2026-07-21T11:27:27.0000000,29196.25,2026-07-21T11:28:27.0000000,29207.5,29206.75,29207.5,20260924,358
Playback101,Playback,NQ SEP26,0.25,2026-07-21T11:29:20.8320000,2026-07-21T11:29:20.8320000,29200.5,29201.25,1,3,-0.5000,1,P,30,0,2026-07-21T11:29:21.0000000,29200.5,2026-07-21T11:30:22.0000000,29212,29212.25,29213.25,20260924,359
Playback101,Playback,NQ SEP26,0.25,2026-07-21T11:31:04.8320000,2026-07-21T11:31:04.8320000,29218.75,29219.25,1,1,0.0000,1,A,30,0,2026-07-21T11:31:05.0000000,29219.5,2026-07-21T11:32:06.0000000,29226.5,29224.5,29225.25,20260924,360
Playback101,Playback,NQ SEP26,0.25,2026-07-21T11:33:02.8320000,2026-07-21T11:33:02.8320000,29218.75,29219.5,1,1,0.0000,-1,A,30,0,2026-07-21T11:33:03.0000000,29219,2026-07-21T11:34:04.0000000,29211.75,29209.75,29210.75,20260924,361
Playback101,Playback,NQ SEP26,0.25,2026-07-21T11:34:38.8400000,2026-07-21T11:34:38.8400000,29222.25,29223.25,3,2,0.2000,1,P,30,0,2026-07-21T11:34:46.0000000,29222.25,2026-07-21T11:35:47.0000000,29221.25,29222.75,29223.5,20260924,362
Playback101,Playback,NQ SEP26,0.25,2026-07-21T11:36:13.8440000,2026-07-21T11:36:13.8440000,29229.25,29229.75,1,1,0.0000,-1,P,30,0,2026-07-21T11:36:14.0000000,29229.75,2026-07-21T11:37:15.0000000,29216.5,29215.25,29216.25,20260924,363
Playback101,Playback,NQ SEP26,0.25,2026-07-21T11:37:50.8880000,2026-07-21T11:37:50.8880000,29212.25,29213,1,1,0.0000,1,P,30,0,2026-07-21T11:37:52.0000000,29212.25,2026-07-21T11:38:53.0000000,29196.5,29196.25,29197,20260924,364
Playback101,Playback,NQ SEP26,0.25,2026-07-21T11:39:50.8880000,2026-07-21T11:39:50.8880000,29197,29197.75,1,1,0.0000,1,P,30,0,2026-07-21T11:39:52.0000000,29197,2026-07-21T11:40:53.0000000,29195,29197.25,29198,20260924,365
Playback101,Playback,NQ SEP26,0.25,2026-07-21T11:41:32.9040000,2026-07-21T11:41:32.9040000,29175.75,29176.75,1,1,0.0000,-1,P,30,0,2026-07-21T11:41:33.0000000,29176.75,2026-07-21T11:42:34.0000000,29175.75,29173.5,29174.25,20260924,366
Playback101,Playback,NQ SEP26,0.25,2026-07-21T11:43:09.9080000,2026-07-21T11:43:09.9080000,29204.25,29205,1,3,-0.5000,-1,P,30,0,2026-07-21T11:43:16.0000000,29205,2026-07-21T11:44:17.0000000,29219.75,29218.25,29219,20260924,367
Playback101,Playback,NQ SEP26,0.25,2026-07-21T11:44:39.9080000,2026-07-21T11:44:39.9080000,29220.5,29221.25,3,1,0.5000,1,A,30,0,2026-07-21T11:44:40.0000000,29222,2026-07-21T11:45:41.0000000,29243.25,29243,29244,20260924,368
Playback101,Playback,NQ SEP26,0.25,2026-07-21T11:46:24.9280000,2026-07-21T11:46:24.9280000,29238.25,29239.25,3,2,0.2000,1,A,30,0,2026-07-21T11:46:25.0000000,29239,2026-07-21T11:47:26.0000000,29225.75,29223.75,29224.5,20260924,369
Playback101,Playback,NQ SEP26,0.25,2026-07-21T11:47:55.9520000,2026-07-21T11:47:55.9520000,29220.5,29221,1,1,0.0000,-1,A,30,0,2026-07-21T11:47:56.0000000,29220,2026-07-21T11:48:57.0000000,29235.5,29235.75,29236.75,20260924,370
Playback101,Playback,NQ SEP26,0.25,2026-07-21T11:49:48.9680000,2026-07-21T11:49:48.9680000,29230.5,29231.25,2,1,0.3333,-1,A,30,0,2026-07-21T11:49:49.0000000,29230.5,2026-07-21T11:50:50.0000000,29228.75,29228.75,29229.25,20260924,371
Playback101,Playback,NQ SEP26,0.25,2026-07-21T11:51:42.9680000,2026-07-21T11:51:42.9680000,29218.75,29219.5,3,1,0.5000,1,P,30,0,2026-07-21T11:51:44.0000000,29218.75,2026-07-21T11:52:44.0000000,29229.75,29230,29231,20260924,372
Playback101,Playback,NQ SEP26,0.25,2026-07-21T11:53:42.0640000,2026-07-21T11:53:42.0640000,29216.5,29217.75,2,2,0.0000,1,A,30,0,2026-07-21T11:53:43.0000000,29219,2026-07-21T11:54:44.0000000,29219.25,29218.75,29219.25,20260924,373
Playback101,Playback,NQ SEP26,0.25,2026-07-21T11:55:31.0720000,2026-07-21T11:55:31.0720000,29230.75,29231.75,2,1,0.3333,1,A,30,0,2026-07-21T11:55:32.0000000,29232.5,2026-07-21T11:56:32.0000000,29231.5,29230.25,29231,20260924,374
Playback101,Playback,NQ SEP26,0.25,2026-07-21T11:57:12.0720000,2026-07-21T11:57:12.0720000,29221,29222,3,1,0.5000,1,P,30,0,2026-07-21T11:57:13.0000000,29221,2026-07-21T11:58:13.0000000,29222,29222,29222.75,20260924,375
Playback101,Playback,NQ SEP26,0.25,2026-07-21T11:58:55.1080000,2026-07-21T11:58:55.1080000,29235.25,29236,2,1,0.3333,1,P,30,0,2026-07-21T11:58:58.0000000,29235.25,2026-07-21T11:59:59.0000000,29237.75,29238,29238.75,20260924,376
Playback101,Playback,NQ SEP26,0.25,2026-07-21T12:00:30.1240000,2026-07-21T12:00:30.1240000,29236.5,29237.5,3,2,0.2000,1,A,30,0,2026-07-21T12:00:31.0000000,29239.25,2026-07-21T12:01:31.0000000,29233,29232.75,29233.5,20260924,377
Playback101,Playback,NQ SEP26,0.25,2026-07-21T12:02:17.1320000,2026-07-21T12:02:17.1320000,29226,29227,2,3,-0.2000,-1,P,30,0,2026-07-21T12:02:18.0000000,29227,2026-07-21T12:03:19.0000000,29198,29197,29197.75,20260924,378
Playback101,Playback,NQ SEP26,0.25,2026-07-21T12:03:58.1400000,2026-07-21T12:03:58.1400000,29204.5,29205.25,1,2,-0.3333,-1,A,30,0,2026-07-21T12:03:59.0000000,29203,2026-07-21T12:05:00.0000000,29199.75,29199,29200,20260924,379
Playback101,Playback,NQ SEP26,0.25,2026-07-21T12:05:39.2440000,2026-07-21T12:05:39.2440000,29188.5,29189.5,1,1,0.0000,1,P,30,0,2026-07-21T12:05:40.0000000,29188.5,2026-07-21T12:06:41.0000000,29225.75,29226,29226.75,20260924,380
Playback101,Playback,NQ SEP26,0.25,2026-07-21T12:07:16.2440000,2026-07-21T12:07:16.2440000,29243,29243.5,1,1,0.0000,1,A,30,0,2026-07-21T12:07:17.0000000,29242.75,2026-07-21T12:08:18.0000000,29260.25,29260,29260.75,20260924,381
Playback101,Playback,NQ SEP26,0.25,2026-07-21T12:08:54.3800000,2026-07-21T12:08:54.3800000,29260,29260.75,1,3,-0.5000,1,P,30,0,2026-07-21T12:08:55.0000000,29260,2026-07-21T12:09:56.0000000,29276.5,29276.25,29277,20260924,382
Playback101,Playback,NQ SEP26,0.25,2026-07-21T12:10:44.4000000,2026-07-21T12:10:44.4000000,29277,29277.75,2,2,0.0000,1,P,30,0,2026-07-21T12:10:45.0000000,29277,2026-07-21T12:11:46.0000000,29271,29270.5,29271.25,20260924,383
Playback101,Playback,NQ SEP26,0.25,2026-07-21T12:12:30.4000000,2026-07-21T12:12:30.4000000,29283.25,29284,1,5,-0.6667,-1,P,30,0,2026-07-21T12:12:33.0000000,29284,2026-07-21T12:13:34.0000000,29287.75,29290,29290.5,20260924,384
Playback101,Playback,NQ SEP26,0.25,2026-07-21T12:14:02.4040000,2026-07-21T12:14:02.4040000,29287,29287.75,3,2,0.2000,-1,A,30,0,2026-07-21T12:14:03.0000000,29288.5,2026-07-21T12:15:03.0000000,29296.5,29296,29296.5,20260924,385
Playback101,Playback,NQ SEP26,0.25,2026-07-21T12:15:44.4280000,2026-07-21T12:15:44.4280000,29292,29292.5,1,1,0.0000,1,A,30,0,2026-07-21T12:15:45.0000000,29292,2026-07-21T12:16:46.0000000,29282,29282,29282.5,20260924,386
Playback101,Playback,NQ SEP26,0.25,2026-07-21T12:17:29.5040000,2026-07-21T12:17:29.5040000,29289.75,29290.5,1,4,-0.6000,-1,A,30,0,2026-07-21T12:17:30.0000000,29287,2026-07-21T12:18:31.0000000,29288.75,29289.5,29290.25,20260924,387
Playback101,Playback,NQ SEP26,0.25,2026-07-21T12:19:14.5280000,2026-07-21T12:19:14.5280000,29290,29290.5,3,1,0.5000,1,A,30,0,2026-07-21T12:19:15.0000000,29289.5,2026-07-21T12:20:15.0000000,29279.75,29279.5,29280,20260924,388
Playback101,Playback,NQ SEP26,0.25,2026-07-21T12:21:04.5280000,2026-07-21T12:21:04.5280000,29276.5,29277.25,1,2,-0.3333,1,P,30,0,2026-07-21T12:21:05.0000000,29276.5,2026-07-21T12:22:06.0000000,29294.75,29295.25,29296.25,20260924,389
Playback101,Playback,NQ SEP26,0.25,2026-07-21T12:22:54.5840000,2026-07-21T12:22:54.5840000,29292.5,29293.5,3,1,0.5000,-1,P,30,0,2026-07-21T12:22:58.0000000,29293.5,2026-07-21T12:23:59.0000000,29293.5,29293,29293.75,20260924,390
Playback101,Playback,NQ SEP26,0.25,2026-07-21T12:24:41.6040000,2026-07-21T12:24:41.6040000,29301,29301.75,1,2,-0.3333,1,A,30,0,2026-07-21T12:24:42.0000000,29301.75,2026-07-21T12:25:43.0000000,29301.25,29301.75,29302.75,20260924,391
Playback101,Playback,NQ SEP26,0.25,2026-07-21T12:26:17.6880000,2026-07-21T12:26:17.6880000,29308.5,29309.25,1,1,0.0000,1,P,30,0,2026-07-21T12:26:18.0000000,29308.5,2026-07-21T12:27:19.0000000,29318,29316.5,29317.5,20260924,392
Playback101,Playback,NQ SEP26,0.25,2026-07-21T12:27:58.7080000,2026-07-21T12:27:58.7080000,29315,29315.75,3,3,0.0000,-1,P,30,0,2026-07-21T12:28:03.0000000,29315.75,2026-07-21T12:29:04.0000000,29309,29307.5,29308.25,20260924,393
Playback101,Playback,NQ SEP26,0.25,2026-07-21T12:29:35.7120000,2026-07-21T12:29:35.7120000,29298.25,29299,1,1,0.0000,-1,P,30,0,2026-07-21T12:29:36.0000000,29299,2026-07-21T12:30:37.0000000,29299.5,29299,29299.75,20260924,394
Playback101,Playback,NQ SEP26,0.25,2026-07-21T12:31:05.7400000,2026-07-21T12:31:05.7400000,29299,29299.75,3,3,0.0000,1,P,30,0,2026-07-21T12:31:07.0000000,29299,2026-07-21T12:32:07.0000000,29290.25,29290.75,29291.5,20260924,395
Playback101,Playback,NQ SEP26,0.25,2026-07-21T12:32:40.7400000,2026-07-21T12:32:40.7400000,29293.25,29293.5,1,5,-0.6667,-1,A,30,0,2026-07-21T12:32:41.0000000,29293.25,2026-07-21T12:33:41.0000000,29276.75,29276.25,29277,20260924,396
Playback101,Playback,NQ SEP26,0.25,2026-07-21T12:34:36.7680000,2026-07-21T12:34:36.7680000,29295,29295.75,1,3,-0.5000,-1,P,30,0,2026-07-21T12:34:37.0000000,29295.75,2026-07-21T12:35:38.0000000,29294.75,29301.5,29302.25,20260924,397
Playback101,Playback,NQ SEP26,0.25,2026-07-21T12:36:18.0840000,2026-07-21T12:36:18.0840000,29286,29287,1,3,-0.5000,-1,A,30,0,2026-07-21T12:36:19.0000000,29286.25,2026-07-21T12:37:20.0000000,29295,29294,29294.75,20260924,398
Playback101,Playback,NQ SEP26,0.25,2026-07-21T12:37:49.1120000,2026-07-21T12:37:49.1120000,29287.25,29288.5,1,3,-0.5000,-1,A,30,0,2026-07-21T12:37:50.0000000,29287.5,2026-07-21T12:38:51.0000000,29280.25,29280.25,29281,20260924,399
Playback101,Playback,NQ SEP26,0.25,2026-07-21T12:39:38.1600000,2026-07-21T12:39:38.1600000,29283,29283.75,2,1,0.3333,1,P,30,0,2026-07-21T12:39:39.0000000,29283,2026-07-21T12:40:40.0000000,29272,29271.5,29272.25,20260924,400
Playback101,Playback,NQ SEP26,0.25,2026-07-21T12:41:31.2360000,2026-07-21T12:41:31.2360000,29275,29276,2,1,0.3333,-1,P,30,0,2026-07-21T12:41:34.0000000,29276,2026-07-21T12:42:35.0000000,29278.5,29278.5,29279.5,20260924,401
Playback101,Playback,NQ SEP26,0.25,2026-07-21T12:43:26.4400000,2026-07-21T12:43:26.4400000,29277,29278,2,4,-0.3333,-1,A,30,0,2026-07-21T12:43:27.0000000,29278,2026-07-21T12:44:27.0000000,29270.75,29269.75,29270.75,20260924,402
Playback101,Playback,NQ SEP26,0.25,2026-07-21T12:45:23.4600000,2026-07-21T12:45:23.4600000,29259.5,29260.25,1,3,-0.5000,1,P,30,0,2026-07-21T12:45:27.0000000,29259.5,2026-07-21T12:46:28.0000000,29268.75,29265.25,29265.75,20260924,403
Playback101,Playback,NQ SEP26,0.25,2026-07-21T12:47:07.4920000,2026-07-21T12:47:07.4920000,29264.75,29265.5,1,2,-0.3333,1,A,30,0,2026-07-21T12:47:08.0000000,29267,2026-07-21T12:48:09.0000000,29283.75,29284,29284.75,20260924,404
Playback101,Playback,NQ SEP26,0.25,2026-07-21T12:48:55.5960000,2026-07-21T12:48:55.5960000,29279.75,29280.5,2,2,0.0000,1,A,30,0,2026-07-21T12:48:56.0000000,29280.75,2026-07-21T12:49:57.0000000,29290.25,29290.75,29291.25,20260924,405
Playback101,Playback,NQ SEP26,0.25,2026-07-21T12:50:39.6240000,2026-07-21T12:50:39.6240000,29294.25,29295,1,3,-0.5000,1,P,30,0,2026-07-21T12:50:40.0000000,29294.25,2026-07-21T12:51:41.0000000,29289.5,29290,29290.75,20260924,406
Playback101,Playback,NQ SEP26,0.25,2026-07-21T12:52:14.6800000,2026-07-21T12:52:14.6800000,29290.5,29291,2,1,0.3333,-1,A,30,0,2026-07-21T12:52:15.0000000,29290.25,2026-07-21T12:53:16.0000000,29281,29279.75,29280.5,20260924,407
Playback101,Playback,NQ SEP26,0.25,2026-07-21T12:54:06.7080000,2026-07-21T12:54:06.7080000,29284.5,29285.25,1,2,-0.3333,1,P,30,0,2026-07-21T12:54:09.0000000,29284.5,2026-07-21T12:55:09.0000000,29281.25,29280.75,29281.5,20260924,408
Playback101,Playback,NQ SEP26,0.25,2026-07-21T12:55:56.7200000,2026-07-21T12:55:56.7200000,29269.25,29270,4,1,0.6000,1,P,30,0,2026-07-21T12:56:01.0000000,29269.25,2026-07-21T12:57:02.0000000,29280.75,29280.5,29281.25,20260924,409
Playback101,Playback,NQ SEP26,0.25,2026-07-21T12:57:27.7320000,2026-07-21T12:57:27.7320000,29276,29276.75,5,1,0.6667,-1,A,30,0,2026-07-21T12:57:28.0000000,29276,2026-07-21T12:58:29.0000000,29279.5,29278.5,29279,20260924,410
Playback101,Playback,NQ SEP26,0.25,2026-07-21T12:59:23.7360000,2026-07-21T12:59:23.7360000,29263.75,29264.5,2,2,0.0000,-1,P,30,1,2026-07-21T12:59:54.0000000,29257.75,2026-07-21T13:00:54.0000000,29274.75,29274.25,29275,20260924,411
Playback101,Playback,NQ SEP26,0.25,2026-07-21T13:01:10.7400000,2026-07-21T13:01:10.7400000,29274,29274.75,1,1,0.0000,1,P,30,0,2026-07-21T13:01:16.0000000,29274,2026-07-21T13:02:17.0000000,29282.75,29283.25,29284.25,20260924,412
Playback101,Playback,NQ SEP26,0.25,2026-07-21T13:02:44.7400000,2026-07-21T13:02:44.7400000,29276.75,29277.5,3,2,0.2000,1,P,30,0,2026-07-21T13:02:51.0000000,29276.75,2026-07-21T13:03:52.0000000,29287.75,29287,29287.5,20260924,413
Playback101,Playback,NQ SEP26,0.25,2026-07-21T13:04:16.8040000,2026-07-21T13:04:16.8040000,29295.75,29296.25,2,1,0.3333,1,P,30,0,2026-07-21T13:04:18.0000000,29295.75,2026-07-21T13:05:19.0000000,29299.5,29300,29300.5,20260924,414
Playback101,Playback,NQ SEP26,0.25,2026-07-21T13:05:56.9280000,2026-07-21T13:05:56.9280000,29305.75,29306.5,1,4,-0.6000,-1,P,30,0,2026-07-21T13:05:58.0000000,29306.5,2026-07-21T13:06:59.0000000,29309.75,29309,29309.5,20260924,415
Playback101,Playback,NQ SEP26,0.25,2026-07-21T13:07:46.9640000,2026-07-21T13:07:46.9640000,29309,29309.75,5,2,0.4286,-1,A,30,0,2026-07-21T13:07:47.0000000,29309,2026-07-21T13:08:48.0000000,29314.75,29314,29314.5,20260924,416
Playback101,Playback,NQ SEP26,0.25,2026-07-21T13:09:28.9840000,2026-07-21T13:09:28.9840000,29309,29309.5,1,1,0.0000,1,A,30,0,2026-07-21T13:09:29.0000000,29309.75,2026-07-21T13:10:30.0000000,29309.75,29309.25,29310,20260924,417
Playback101,Playback,NQ SEP26,0.25,2026-07-21T13:11:01.9960000,2026-07-21T13:11:01.9960000,29307.25,29308,3,2,0.2000,1,A,30,0,2026-07-21T13:11:02.0000000,29308.25,2026-07-21T13:12:03.0000000,29310.75,29310.25,29311,20260924,418
Playback101,Playback,NQ SEP26,0.25,2026-07-21T13:12:47.0120000,2026-07-21T13:12:47.0120000,29304.5,29305.25,3,2,0.2000,1,P,30,0,2026-07-21T13:12:51.0000000,29304.5,2026-07-21T13:13:52.0000000,29298.5,29299.5,29300.25,20260924,419
Playback101,Playback,NQ SEP26,0.25,2026-07-21T13:14:26.0520000,2026-07-21T13:14:26.0520000,29297.5,29298.25,4,2,0.3333,-1,P,30,0,2026-07-21T13:14:27.0000000,29298.25,2026-07-21T13:15:28.0000000,29310.5,29310.5,29311,20260924,420
Playback101,Playback,NQ SEP26,0.25,2026-07-21T13:16:01.0520000,2026-07-21T13:16:01.0520000,29314,29314.5,1,2,-0.3333,-1,A,30,0,2026-07-21T13:16:02.0000000,29314.25,2026-07-21T13:17:03.0000000,29313.25,29313.5,29314.25,20260924,421
Playback101,Playback,NQ SEP26,0.25,2026-07-21T13:17:51.1280000,2026-07-21T13:17:51.1280000,29316.25,29317,2,4,-0.3333,1,P,30,0,2026-07-21T13:17:53.0000000,29316.25,2026-07-21T13:18:54.0000000,29305.75,29306,29306.75,20260924,422
Playback101,Playback,NQ SEP26,0.25,2026-07-21T13:19:24.1480000,2026-07-21T13:19:24.1480000,29305.75,29306.5,2,4,-0.3333,1,A,30,0,2026-07-21T13:19:25.0000000,29305.75,2026-07-21T13:20:26.0000000,29314.5,29314.5,29315,20260924,423
Playback101,Playback,NQ SEP26,0.25,2026-07-21T13:21:08.1480000,2026-07-21T13:21:08.1480000,29317.75,29318.5,2,4,-0.3333,1,A,30,0,2026-07-21T13:21:09.0000000,29318.5,2026-07-21T13:22:10.0000000,29321,29321.75,29322.25,20260924,424
Playback101,Playback,NQ SEP26,0.25,2026-07-21T13:22:53.1640000,2026-07-21T13:22:53.1640000,29329,29329.5,2,2,0.0000,1,A,30,0,2026-07-21T13:22:54.0000000,29329.25,2026-07-21T13:23:55.0000000,29329,29330,29330.5,20260924,425
Playback101,Playback,NQ SEP26,0.25,2026-07-21T13:24:26.1920000,2026-07-21T13:24:26.1920000,29330.5,29331,2,1,0.3333,-1,A,30,0,2026-07-21T13:24:27.0000000,29330,2026-07-21T13:25:28.0000000,29327.25,29326.5,29327,20260924,426
Playback101,Playback,NQ SEP26,0.25,2026-07-21T13:26:11.2720000,2026-07-21T13:26:11.2720000,29317.75,29318.25,1,2,-0.3333,-1,P,30,0,2026-07-21T13:26:16.0000000,29318.25,2026-07-21T13:27:17.0000000,29313.75,29313.5,29314,20260924,427
Playback101,Playback,NQ SEP26,0.25,2026-07-21T13:27:43.3440000,2026-07-21T13:27:43.3440000,29307.25,29308,1,6,-0.7143,-1,A,30,0,2026-07-21T13:27:44.0000000,29307.75,2026-07-21T13:28:45.0000000,29316.5,29315.5,29316.25,20260924,428
Playback101,Playback,NQ SEP26,0.25,2026-07-21T13:29:22.3680000,2026-07-21T13:29:22.3680000,29313,29313.5,1,1,0.0000,1,A,30,0,2026-07-21T13:29:23.0000000,29313.25,2026-07-21T13:30:24.0000000,29307.75,29306.75,29307.5,20260924,429
Playback101,Playback,NQ SEP26,0.25,2026-07-21T13:31:02.3760000,2026-07-21T13:31:02.3760000,29319.75,29320.25,1,1,0.0000,-1,A,30,0,2026-07-21T13:31:03.0000000,29318.5,2026-07-21T13:32:04.0000000,29308.25,29307.75,29308.5,20260924,430
Playback101,Playback,NQ SEP26,0.25,2026-07-21T13:32:49.4000000,2026-07-21T13:32:49.4000000,29308.5,29309,2,1,0.3333,-1,A,30,0,2026-07-21T13:32:50.0000000,29308.75,2026-07-21T13:33:51.0000000,29307.75,29306.75,29307.5,20260924,431
Playback101,Playback,NQ SEP26,0.25,2026-07-21T13:34:48.4720000,2026-07-21T13:34:48.4720000,29310,29310.75,3,1,0.5000,-1,P,30,0,2026-07-21T13:34:49.0000000,29311,2026-07-21T13:35:50.0000000,29313.75,29313.75,29314.5,20260924,432
Playback101,Playback,NQ SEP26,0.25,2026-07-21T13:36:47.5240000,2026-07-21T13:36:47.5240000,29315,29315.5,1,2,-0.3333,-1,P,30,0,2026-07-21T13:36:48.0000000,29315.5,2026-07-21T13:37:49.0000000,29325.25,29325,29325.75,20260924,433
Playback101,Playback,NQ SEP26,0.25,2026-07-21T13:38:37.6400000,2026-07-21T13:38:37.6400000,29328.75,29329.25,2,2,0.0000,-1,A,30,0,2026-07-21T13:38:38.0000000,29328,2026-07-21T13:39:39.0000000,29327.25,29326.25,29327,20260924,434
Playback101,Playback,NQ SEP26,0.25,2026-07-21T13:40:33.6440000,2026-07-21T13:40:33.6440000,29330.75,29331.5,4,4,0.0000,-1,A,30,0,2026-07-21T13:40:34.0000000,29331,2026-07-21T13:41:35.0000000,29322.25,29322.5,29323.25,20260924,435
Playback101,Playback,NQ SEP26,0.25,2026-07-21T13:42:03.6520000,2026-07-21T13:42:03.6520000,29320.75,29321.5,5,2,0.4286,1,P,30,0,2026-07-21T13:42:04.0000000,29320.75,2026-07-21T13:43:05.0000000,29315,29314.75,29315.5,20260924,436
Playback101,Playback,NQ SEP26,0.25,2026-07-21T13:44:01.8160000,2026-07-21T13:44:01.8160000,29320.5,29321.25,1,3,-0.5000,-1,A,30,0,2026-07-21T13:44:02.0000000,29320.25,2026-07-21T13:45:03.0000000,29319.5,29319,29319.5,20260924,437
Playback101,Playback,NQ SEP26,0.25,2026-07-21T13:45:56.8360000,2026-07-21T13:45:56.8360000,29319.75,29320.25,2,2,0.0000,1,A,30,0,2026-07-21T13:45:57.0000000,29320.25,2026-07-21T13:46:57.0000000,29317.75,29317.5,29318.25,20260924,438
Playback101,Playback,NQ SEP26,0.25,2026-07-21T13:47:36.8680000,2026-07-21T13:47:36.8680000,29323.5,29324,1,2,-0.3333,1,P,30,0,2026-07-21T13:47:38.0000000,29323.5,2026-07-21T13:48:39.0000000,29324,29324,29324.75,20260924,439
Playback101,Playback,NQ SEP26,0.25,2026-07-21T13:49:08.9920000,2026-07-21T13:49:08.9920000,29321.5,29322.25,3,1,0.5000,-1,P,30,0,2026-07-21T13:49:09.0000000,29322.75,2026-07-21T13:50:10.0000000,29325.5,29324.5,29325,20260924,440
Playback101,Playback,NQ SEP26,0.25,2026-07-21T13:50:40.0240000,2026-07-21T13:50:40.0240000,29329.75,29330.25,1,2,-0.3333,-1,A,30,0,2026-07-21T13:50:41.0000000,29331.5,2026-07-21T13:51:42.0000000,29342.75,29342,29342.5,20260924,441
Playback101,Playback,NQ SEP26,0.25,2026-07-21T13:52:18.0360000,2026-07-21T13:52:18.0360000,29343.5,29344,2,1,0.3333,-1,A,30,0,2026-07-21T13:52:19.0000000,29343.75,2026-07-21T13:53:19.0000000,29341,29340.25,29340.75,20260924,442
Playback101,Playback,NQ SEP26,0.25,2026-07-21T13:53:54.0640000,2026-07-21T13:53:54.0640000,29343.75,29344.25,1,3,-0.5000,1,P,30,0,2026-07-21T13:53:55.0000000,29343.5,2026-07-21T13:54:56.0000000,29346,29345.75,29346.25,20260924,443
Playback101,Playback,NQ SEP26,0.25,2026-07-21T13:55:47.0680000,2026-07-21T13:55:47.0680000,29350.25,29350.75,2,2,0.0000,-1,A,30,0,2026-07-21T13:55:48.0000000,29348.5,2026-07-21T13:56:49.0000000,29342.75,29342.25,29342.75,20260924,444
Playback101,Playback,NQ SEP26,0.25,2026-07-21T13:57:35.1080000,2026-07-21T13:57:35.1080000,29346.25,29346.75,1,1,0.0000,1,P,30,0,2026-07-21T13:57:36.0000000,29346.25,2026-07-21T13:58:37.0000000,29338.5,29338,29338.5,20260924,445
Playback101,Playback,NQ SEP26,0.25,2026-07-21T13:59:25.1160000,2026-07-21T13:59:25.1160000,29337.5,29338,3,1,0.5000,1,A,30,0,2026-07-21T13:59:26.0000000,29338,2026-07-21T14:00:27.0000000,29340.25,29340.25,29340.75,20260924,446
Playback101,Playback,NQ SEP26,0.25,2026-07-21T14:01:06.1840000,2026-07-21T14:01:06.1840000,29344.25,29344.75,2,3,-0.2000,1,P,30,0,2026-07-21T14:01:07.0000000,29344,2026-07-21T14:02:08.0000000,29345,29344.75,29345.5,20260924,447
Playback101,Playback,NQ SEP26,0.25,2026-07-21T14:03:02.2360000,2026-07-21T14:03:02.2360000,29345.75,29346.25,2,3,-0.2000,-1,A,30,0,2026-07-21T14:03:03.0000000,29345.25,2026-07-21T14:04:04.0000000,29345,29345.25,29345.75,20260924,448
Playback101,Playback,NQ SEP26,0.25,2026-07-21T14:04:57.5960000,2026-07-21T14:04:57.5960000,29348.5,29349,2,1,0.3333,-1,P,30,0,2026-07-21T14:04:58.0000000,29349,2026-07-21T14:05:59.0000000,29353.75,29353.75,29354.25,20260924,449
Playback101,Playback,NQ SEP26,0.25,2026-07-21T14:06:54.7280000,2026-07-21T14:06:54.7280000,29351.75,29352.25,2,1,0.3333,-1,A,30,0,2026-07-21T14:06:55.0000000,29351.75,2026-07-21T14:07:56.0000000,29351,29350,29350.75,20260924,450
Playback101,Playback,NQ SEP26,0.25,2026-07-21T14:08:31.7800000,2026-07-21T14:08:31.7800000,29346.5,29347,3,1,0.5000,-1,P,30,0,2026-07-21T14:08:33.0000000,29347,2026-07-21T14:09:34.0000000,29352.5,29352,29352.75,20260924,451
Playback101,Playback,NQ SEP26,0.25,2026-07-21T14:10:31.8720000,2026-07-21T14:10:31.8720000,29339.75,29340.5,2,4,-0.3333,-1,A,30,0,2026-07-21T14:10:32.0000000,29339.5,2026-07-21T14:11:33.0000000,29335.5,29334.75,29335.25,20260924,452
Playback101,Playback,NQ SEP26,0.25,2026-07-21T14:12:26.8720000,2026-07-21T14:12:26.8720000,29340.25,29340.75,4,5,-0.1111,-1,A,30,0,2026-07-21T14:12:27.0000000,29340.25,2026-07-21T14:13:28.0000000,29341.25,29340.75,29341.5,20260924,453
Playback101,Playback,NQ SEP26,0.25,2026-07-21T14:14:19.9080000,2026-07-21T14:14:19.9080000,29337.25,29338,2,3,-0.2000,1,A,30,0,2026-07-21T14:14:20.0000000,29338,2026-07-21T14:15:21.0000000,29336.25,29336.25,29337,20260924,454
Playback101,Playback,NQ SEP26,0.25,2026-07-21T14:15:54.9640000,2026-07-21T14:15:54.9640000,29333,29333.5,1,2,-0.3333,1,P,30,0,2026-07-21T14:15:55.0000000,29333,2026-07-21T14:16:56.0000000,29336.25,29337.25,29338,20260924,455
Playback101,Playback,NQ SEP26,0.25,2026-07-21T14:17:53.9640000,2026-07-21T14:17:53.9640000,29338.5,29339.25,5,1,0.6667,-1,P,30,0,2026-07-21T14:17:59.0000000,29339.25,2026-07-21T14:19:00.0000000,29341.5,29341.25,29342,20260924,456
Playback101,Playback,NQ SEP26,0.25,2026-07-21T14:19:45.9640000,2026-07-21T14:19:45.9640000,29333.5,29334,1,2,-0.3333,-1,A,30,0,2026-07-21T14:19:46.0000000,29334,2026-07-21T14:20:47.0000000,29330.75,29330,29330.75,20260924,457
Playback101,Playback,NQ SEP26,0.25,2026-07-21T14:21:29.9760000,2026-07-21T14:21:29.9760000,29326.25,29326.75,1,2,-0.3333,1,A,30,0,2026-07-21T14:21:30.0000000,29326.75,2026-07-21T14:22:31.0000000,29329.25,29329,29329.5,20260924,458
Playback101,Playback,NQ SEP26,0.25,2026-07-21T14:23:20.0160000,2026-07-21T14:23:20.0160000,29328.25,29329,2,2,0.0000,1,A,30,0,2026-07-21T14:23:21.0000000,29329.75,2026-07-21T14:24:22.0000000,29329.25,29329,29329.75,20260924,459
Playback101,Playback,NQ SEP26,0.25,2026-07-21T14:24:58.0680000,2026-07-21T14:24:58.0680000,29329.5,29330,1,2,-0.3333,1,P,30,0,2026-07-21T14:24:59.0000000,29329.25,2026-07-21T14:26:00.0000000,29331.25,29331,29331.75,20260924,460
Playback101,Playback,NQ SEP26,0.25,2026-07-21T14:26:42.0760000,2026-07-21T14:26:42.0760000,29327.25,29328,3,1,0.5000,1,A,30,0,2026-07-21T14:26:43.0000000,29328,2026-07-21T14:27:43.0000000,29327.25,29327.5,29328,20260924,461
Playback101,Playback,NQ SEP26,0.25,2026-07-21T14:28:26.1720000,2026-07-21T14:28:26.1720000,29326.5,29326.75,2,1,0.3333,-1,A,30,0,2026-07-21T14:28:27.0000000,29326.5,2026-07-21T14:29:28.0000000,29330,29329,29329.75,20260924,462
Playback101,Playback,NQ SEP26,0.25,2026-07-21T14:30:06.2320000,2026-07-21T14:30:06.2320000,29338.75,29339.5,3,2,0.2000,-1,P,30,0,2026-07-21T14:30:09.0000000,29339.5,2026-07-21T14:31:10.0000000,29343.25,29342.5,29343,20260924,463
Playback101,Playback,NQ SEP26,0.25,2026-07-21T14:31:56.2400000,2026-07-21T14:31:56.2400000,29350.75,29351.25,2,2,0.0000,-1,A,30,0,2026-07-21T14:31:57.0000000,29351.25,2026-07-21T14:32:57.0000000,29350.25,29349.25,29349.75,20260924,464
Playback101,Playback,NQ SEP26,0.25,2026-07-21T14:33:47.2840000,2026-07-21T14:33:47.2840000,29339.5,29340,1,2,-0.3333,-1,A,30,0,2026-07-21T14:33:48.0000000,29339.25,2026-07-21T14:34:49.0000000,29336.75,29336.25,29336.75,20260924,465
Playback101,Playback,NQ SEP26,0.25,2026-07-21T14:35:18.3640000,2026-07-21T14:35:18.3640000,29336.5,29337.25,2,4,-0.3333,-1,P,30,0,2026-07-21T14:35:22.0000000,29337.25,2026-07-21T14:36:23.0000000,29349.5,29348,29348.5,20260924,466
Playback101,Playback,NQ SEP26,0.25,2026-07-21T14:37:02.3640000,2026-07-21T14:37:02.3640000,29348.75,29349.25,2,1,0.3333,1,P,30,0,2026-07-21T14:37:03.0000000,29348.75,2026-07-21T14:38:04.0000000,29345.75,29346,29346.5,20260924,467
Playback101,Playback,NQ SEP26,0.25,2026-07-21T14:38:34.3800000,2026-07-21T14:38:34.3800000,29347.25,29347.75,2,1,0.3333,-1,A,30,0,2026-07-21T14:38:35.0000000,29347.5,2026-07-21T14:39:36.0000000,29345.5,29344.75,29345.25,20260924,468
Playback101,Playback,NQ SEP26,0.25,2026-07-21T14:40:30.4920000,2026-07-21T14:40:30.4920000,29343.25,29343.75,2,1,0.3333,1,A,30,0,2026-07-21T14:40:31.0000000,29343.75,2026-07-21T14:41:32.0000000,29340,29341.5,29342.5,20260924,469
Playback101,Playback,NQ SEP26,0.25,2026-07-21T14:42:09.5160000,2026-07-21T14:42:09.5160000,29336.75,29337.5,2,5,-0.4286,-1,A,30,0,2026-07-21T14:42:10.0000000,29336.75,2026-07-21T14:43:11.0000000,29335.5,29334.75,29335.25,20260924,470
Playback101,Playback,NQ SEP26,0.25,2026-07-21T14:43:53.5680000,2026-07-21T14:43:53.5680000,29337.5,29338,1,3,-0.5000,1,P,30,0,2026-07-21T14:43:55.0000000,29337.5,2026-07-21T14:44:56.0000000,29340.75,29341,29341.25,20260924,471
Playback101,Playback,NQ SEP26,0.25,2026-07-21T14:45:50.6120000,2026-07-21T14:45:50.6120000,29334.75,29335.5,3,2,0.2000,-1,P,30,0,2026-07-21T14:46:03.0000000,29335.5,2026-07-21T14:47:04.0000000,29338,29337.25,29338,20260924,472
Playback101,Playback,NQ SEP26,0.25,2026-07-21T14:47:26.6360000,2026-07-21T14:47:26.6360000,29344.75,29345.5,5,5,0.0000,-1,P,30,0,2026-07-21T14:47:27.0000000,29345.5,2026-07-21T14:48:27.0000000,29346.75,29345.75,29346.25,20260924,473
Playback101,Playback,NQ SEP26,0.25,2026-07-21T14:49:23.6840000,2026-07-21T14:49:23.6840000,29348.5,29349,2,1,0.3333,1,P,30,0,2026-07-21T14:49:24.0000000,29348.5,2026-07-21T14:50:25.0000000,29361,29361.25,29362,20260924,474
Playback101,Playback,NQ SEP26,0.25,2026-07-21T14:51:15.6840000,2026-07-21T14:51:15.6840000,29360.5,29361.25,4,1,0.6000,-1,A,30,0,2026-07-21T14:51:16.0000000,29360.5,2026-07-21T14:52:17.0000000,29353,29352.5,29353,20260924,475
Playback101,Playback,NQ SEP26,0.25,2026-07-21T14:52:53.7400000,2026-07-21T14:52:53.7400000,29349.75,29350.25,2,3,-0.2000,-1,A,30,0,2026-07-21T14:52:54.0000000,29349.75,2026-07-21T14:53:54.0000000,29349,29348.25,29348.75,20260924,476
Playback101,Playback,NQ SEP26,0.25,2026-07-21T14:54:40.7600000,2026-07-21T14:54:40.7600000,29344,29344.5,2,1,0.3333,-1,P,30,0,2026-07-21T14:54:42.0000000,29344.5,2026-07-21T14:55:42.0000000,29344.25,29343.5,29344,20260924,477
Playback101,Playback,NQ SEP26,0.25,2026-07-21T14:56:13.7600000,2026-07-21T14:56:13.7600000,29342.25,29342.75,1,1,0.0000,1,A,30,0,2026-07-21T14:56:14.0000000,29341.75,2026-07-21T14:57:15.0000000,29339.25,29339.25,29340,20260924,478
Playback101,Playback,NQ SEP26,0.25,2026-07-21T14:58:02.7760000,2026-07-21T14:58:02.7760000,29338.75,29339.25,1,1,0.0000,-1,P,30,0,2026-07-21T14:58:03.0000000,29339.25,2026-07-21T14:59:04.0000000,29339.5,29338.5,29339.25,20260924,479
Playback101,Playback,NQ SEP26,0.25,2026-07-21T15:00:00.8640000,2026-07-21T15:00:00.8640000,29341.25,29341.75,1,3,-0.5000,1,A,30,0,2026-07-21T15:00:01.0000000,29341.75,2026-07-21T15:01:02.0000000,29348.75,29348.25,29349,20260924,480
Playback101,Playback,NQ SEP26,0.25,2026-07-21T15:01:34.8920000,2026-07-21T15:01:34.8920000,29347.5,29348,3,1,0.5000,1,A,30,0,2026-07-21T15:01:35.0000000,29348,2026-07-21T15:02:36.0000000,29343.75,29343.75,29344.25,20260924,481
Playback101,Playback,NQ SEP26,0.25,2026-07-21T15:03:28.8960000,2026-07-21T15:03:28.8960000,29341.75,29342.5,2,3,-0.2000,-1,A,30,0,2026-07-21T15:03:29.0000000,29341.75,2026-07-21T15:04:30.0000000,29345.75,29345,29345.75,20260924,482
Playback101,Playback,NQ SEP26,0.25,2026-07-21T15:05:14.8960000,2026-07-21T15:05:14.8960000,29350.25,29351,2,2,0.0000,-1,P,30,0,2026-07-21T15:05:18.0000000,29351,2026-07-21T15:06:19.0000000,29349.25,29346.75,29347.5,20260924,483
Playback101,Playback,NQ SEP26,0.25,2026-07-21T15:07:13.9560000,2026-07-21T15:07:13.9560000,29355,29355.5,3,1,0.5000,-1,A,30,0,2026-07-21T15:07:14.0000000,29355.25,2026-07-21T15:08:15.0000000,29361,29359.75,29360.5,20260924,484
Playback101,Playback,NQ SEP26,0.25,2026-07-21T15:08:59.9720000,2026-07-21T15:08:59.9720000,29354.5,29355,6,1,0.7143,1,A,30,0,2026-07-21T15:09:00.0000000,29355,2026-07-21T15:10:01.0000000,29350,29350.25,29351.25,20260924,485
Playback101,Playback,NQ SEP26,0.25,2026-07-21T15:10:56.9960000,2026-07-21T15:10:56.9960000,29350.75,29351.25,3,1,0.5000,-1,P,30,0,2026-07-21T15:11:00.0000000,29351.25,2026-07-21T15:12:00.0000000,29351.5,29350.75,29351.25,20260924,486
Playback101,Playback,NQ SEP26,0.25,2026-07-21T15:12:30.0440000,2026-07-21T15:12:30.0440000,29350.25,29350.5,1,1,0.0000,-1,P,30,0,2026-07-21T15:12:31.0000000,29350.5,2026-07-21T15:13:32.0000000,29344.25,29343.5,29344,20260924,487
Playback101,Playback,NQ SEP26,0.25,2026-07-21T15:14:01.0520000,2026-07-21T15:14:01.0520000,29346.25,29347,2,3,-0.2000,1,P,30,0,2026-07-21T15:14:02.0000000,29346.25,2026-07-21T15:15:03.0000000,29339.75,29340.5,29341,20260924,488
Playback101,Playback,NQ SEP26,0.25,2026-07-21T15:16:00.2360000,2026-07-21T15:16:00.2360000,29338.5,29339.25,3,3,0.0000,1,P,30,0,2026-07-21T15:16:05.0000000,29338.5,2026-07-21T15:17:06.0000000,29339.5,29339.5,29340.25,20260924,489
Playback101,Playback,NQ SEP26,0.25,2026-07-21T15:17:45.2360000,2026-07-21T15:17:45.2360000,29341.25,29341.75,2,1,0.3333,1,A,30,0,2026-07-21T15:17:46.0000000,29341.5,2026-07-21T15:18:47.0000000,29335.75,29336.25,29336.75,20260924,490
Playback101,Playback,NQ SEP26,0.25,2026-07-21T15:19:27.2440000,2026-07-21T15:19:27.2440000,29335.5,29336,3,1,0.5000,-1,P,30,0,2026-07-21T15:19:29.0000000,29336,2026-07-21T15:20:29.0000000,29332.75,29332.5,29333,20260924,491
Playback101,Playback,NQ SEP26,0.25,2026-07-21T15:21:27.3400000,2026-07-21T15:21:27.3400000,29331.75,29332.25,2,1,0.3333,-1,P,30,0,2026-07-21T15:21:28.0000000,29332.25,2026-07-21T15:22:29.0000000,29337.75,29337.25,29337.75,20260924,492
Playback101,Playback,NQ SEP26,0.25,2026-07-21T15:23:09.5640000,2026-07-21T15:23:09.5640000,29341.5,29342,1,3,-0.5000,-1,P,30,0,2026-07-21T15:23:11.0000000,29342,2026-07-21T15:24:12.0000000,29336.25,29335,29335.75,20260924,493
Playback101,Playback,NQ SEP26,0.25,2026-07-21T15:24:56.6760000,2026-07-21T15:24:56.6760000,29341,29341.75,2,3,-0.2000,-1,P,30,1,2026-07-21T15:25:27.0000000,29334.25,2026-07-21T15:26:28.0000000,29331.5,29331,29331.75,20260924,494
Playback101,Playback,NQ SEP26,0.25,2026-07-21T15:26:50.6840000,2026-07-21T15:26:50.6840000,29328,29328.5,1,2,-0.3333,-1,A,30,0,2026-07-21T15:26:51.0000000,29328,2026-07-21T15:27:51.0000000,29321.5,29320.5,29321,20260924,495
Playback101,Playback,NQ SEP26,0.25,2026-07-21T15:28:35.7000000,2026-07-21T15:28:35.7000000,29323,29323.75,3,3,0.0000,-1,A,30,0,2026-07-21T15:28:36.0000000,29323,2026-07-21T15:29:37.0000000,29324.25,29323.75,29324.25,20260924,496
Playback101,Playback,NQ SEP26,0.25,2026-07-21T15:30:16.7200000,2026-07-21T15:30:16.7200000,29327,29327.5,2,2,0.0000,-1,A,30,0,2026-07-21T15:30:17.0000000,29326.75,2026-07-21T15:31:18.0000000,29321.75,29321.25,29321.75,20260924,497
Playback101,Playback,NQ SEP26,0.25,2026-07-21T15:32:16.7800000,2026-07-21T15:32:16.7800000,29312,29312.5,3,2,0.2000,1,A,30,0,2026-07-21T15:32:17.0000000,29312.5,2026-07-21T15:33:18.0000000,29315.75,29316.25,29317,20260924,498
Playback101,Playback,NQ SEP26,0.25,2026-07-21T15:34:08.8120000,2026-07-21T15:34:08.8120000,29322.5,29323,1,3,-0.5000,-1,P,30,0,2026-07-21T15:34:09.0000000,29323,2026-07-21T15:35:10.0000000,29318.5,29318.5,29319.25,20260924,499
Playback101,Playback,NQ SEP26,0.25,2026-07-21T15:35:54.8560000,2026-07-21T15:35:54.8560000,29330.25,29330.75,1,4,-0.6000,1,P,30,0,2026-07-21T15:35:55.0000000,29330.25,2026-07-21T15:36:56.0000000,29329.5,29329.75,29330.25,20260924,500
Playback101,Playback,NQ SEP26,0.25,2026-07-21T15:37:42.9360000,2026-07-21T15:37:42.9360000,29328,29328.75,2,4,-0.3333,-1,P,30,0,2026-07-21T15:37:43.0000000,29329,2026-07-21T15:38:43.0000000,29333.25,29332.5,29333.25,20260924,501
Playback101,Playback,NQ SEP26,0.25,2026-07-21T15:39:24.9800000,2026-07-21T15:39:24.9800000,29330,29330.75,4,5,-0.1111,-1,P,30,0,2026-07-21T15:39:27.0000000,29330.75,2026-07-21T15:40:28.0000000,29322.75,29322.5,29323.25,20260924,502
Playback101,Playback,NQ SEP26,0.25,2026-07-21T15:41:21.0280000,2026-07-21T15:41:21.0280000,29328.25,29328.75,4,1,0.6000,1,A,30,0,2026-07-21T15:41:22.0000000,29329.25,2026-07-21T15:42:23.0000000,29332.5,29332,29332.75,20260924,503
Playback101,Playback,NQ SEP26,0.25,2026-07-21T15:43:09.0760000,2026-07-21T15:43:09.0760000,29337,29337.5,2,2,0.0000,-1,P,30,0,2026-07-21T15:43:17.0000000,29337.5,2026-07-21T15:44:18.0000000,29345.5,29347.25,29347.75,20260924,504
Playback101,Playback,NQ SEP26,0.25,2026-07-21T15:44:46.1640000,2026-07-21T15:44:46.1640000,29347.25,29348,8,1,0.7778,1,A,30,0,2026-07-21T15:44:47.0000000,29347.25,2026-07-21T15:45:48.0000000,29352,29352,29352.75,20260924,505
Playback101,Playback,NQ SEP26,0.25,2026-07-21T15:46:16.1640000,2026-07-21T15:46:16.1640000,29351.5,29352,4,1,0.6000,1,P,30,0,2026-07-21T15:46:17.0000000,29351.5,2026-07-21T15:47:18.0000000,29347.25,29347,29347.75,20260924,506
Playback101,Playback,NQ SEP26,0.25,2026-07-21T15:48:16.1960000,2026-07-21T15:48:16.1960000,29341.5,29342.25,4,2,0.3333,1,P,30,0,2026-07-21T15:48:17.0000000,29341.5,2026-07-21T15:49:18.0000000,29337.5,29337.75,29338.25,20260924,507
Playback101,Playback,NQ SEP26,0.25,2026-07-21T15:49:59.1960000,2026-07-21T15:49:59.1960000,29340.25,29340.75,2,2,0.0000,1,A,30,0,2026-07-21T15:50:00.0000000,29339.75,2026-07-21T15:51:01.0000000,29337.5,29337.5,29338,20260924,508
Playback101,Playback,NQ SEP26,0.25,2026-07-21T15:51:56.2040000,2026-07-21T15:51:56.2040000,29338,29338.5,1,3,-0.5000,1,P,30,0,2026-07-21T15:51:58.0000000,29338,2026-07-21T15:52:59.0000000,29337.75,29338,29338.5,20260924,509
Playback101,Playback,NQ SEP26,0.25,2026-07-21T15:53:27.2160000,2026-07-21T15:53:27.2160000,29332.75,29333.5,2,1,0.3333,-1,A,30,0,2026-07-21T15:53:28.0000000,29333,2026-07-21T15:54:29.0000000,29329,29328.25,29328.75,20260924,510
Playback101,Playback,NQ SEP26,0.25,2026-07-21T15:55:08.4360000,2026-07-21T15:55:08.4360000,29325,29325.5,2,2,0.0000,-1,P,30,0,2026-07-21T15:55:09.0000000,29325.5,2026-07-21T15:56:10.0000000,29328,29327.25,29327.75,20260924,511
Playback101,Playback,NQ SEP26,0.25,2026-07-21T15:56:39.5080000,2026-07-21T15:56:39.5080000,29317.25,29318,2,3,-0.2000,1,A,30,0,2026-07-21T15:56:40.0000000,29318,2026-07-21T15:57:41.0000000,29318,29317.75,29318.25,20260924,512
Playback101,Playback,NQ SEP26,0.25,2026-07-21T15:58:22.5680000,2026-07-21T15:58:22.5680000,29318,29318.5,2,1,0.3333,-1,A,30,0,2026-07-21T15:58:23.0000000,29318.75,2026-07-21T15:59:24.0000000,29327.75,29326.75,29327.25,20260924,513
Playback101,Playback,NQ SEP26,0.25,2026-07-21T15:59:58.5800000,2026-07-21T15:59:58.5800000,29327.75,29328.5,3,4,-0.1429,-1,A,30,0,2026-07-21T15:59:59.0000000,29327.5,2026-07-21T16:00:59.0000000,29329.75,29329.25,29329.75,20260924,514
Playback101,Playback,NQ SEP26,0.25,2026-07-21T16:01:41.6920000,2026-07-21T16:01:41.6920000,29316.75,29317.25,3,4,-0.1429,-1,A,30,0,2026-07-21T16:01:42.0000000,29316.75,2026-07-21T16:02:43.0000000,29317.25,29316.5,29317,20260924,515
Playback101,Playback,NQ SEP26,0.25,2026-07-21T16:03:29.6960000,2026-07-21T16:03:29.6960000,29313,29313.5,1,2,-0.3333,-1,P,30,0,2026-07-21T16:03:31.0000000,29313.5,2026-07-21T16:04:32.0000000,29325.5,29325,29325.5,20260924,516
Playback101,Playback,NQ SEP26,0.25,2026-07-21T16:05:07.8280000,2026-07-21T16:05:07.8280000,29311.25,29312,3,3,0.0000,-1,A,30,0,2026-07-21T16:05:08.0000000,29311.25,2026-07-21T16:06:08.0000000,29318.75,29318.25,29319,20260924,517
Playback101,Playback,NQ SEP26,0.25,2026-07-21T16:06:41.8280000,2026-07-21T16:06:41.8280000,29324,29324.75,1,2,-0.3333,1,P,30,0,2026-07-21T16:06:45.0000000,29324,2026-07-21T16:07:45.0000000,29323,29322.75,29323.5,20260924,518
Playback101,Playback,NQ SEP26,0.25,2026-07-21T16:08:12.9720000,2026-07-21T16:08:12.9720000,29313.25,29314,2,3,-0.2000,-1,A,30,0,2026-07-21T16:08:13.0000000,29313.25,2026-07-21T16:09:14.0000000,29314.75,29315.25,29315.75,20260924,519
Playback101,Playback,NQ SEP26,0.25,2026-07-21T16:09:43.0560000,2026-07-21T16:09:43.0560000,29312,29312.75,2,3,-0.2000,-1,A,30,0,2026-07-21T16:09:44.0000000,29312.5,2026-07-21T16:10:45.0000000,29311.75,29310.25,29311,20260924,520
Playback101,Playback,NQ SEP26,0.25,2026-07-21T16:11:14.1040000,2026-07-21T16:11:14.1040000,29310.25,29311,4,3,0.1429,1,P,30,0,2026-07-21T16:11:17.0000000,29310.25,2026-07-21T16:12:17.0000000,29313.25,29312.75,29313.25,20260924,521
Playback101,Playback,NQ SEP26,0.25,2026-07-21T16:12:50.1720000,2026-07-21T16:12:50.1720000,29318.5,29319,1,2,-0.3333,1,P,30,0,2026-07-21T16:12:51.0000000,29318.5,2026-07-21T16:13:52.0000000,29310,29310.25,29310.75,20260924,522
Playback101,Playback,NQ SEP26,0.25,2026-07-21T16:14:30.3000000,2026-07-21T16:14:30.3000000,29309.5,29310.25,1,4,-0.6000,-1,P,30,0,2026-07-21T16:14:31.0000000,29310.25,2026-07-21T16:15:32.0000000,29313.5,29313.25,29313.75,20260924,523
Playback101,Playback,NQ SEP26,0.25,2026-07-21T16:16:00.3640000,2026-07-21T16:16:00.3640000,29310.25,29311,2,3,-0.2000,-1,P,30,0,2026-07-21T16:16:01.0000000,29311,2026-07-21T16:17:02.0000000,29317.75,29317.5,29318.25,20260924,524
Playback101,Playback,NQ SEP26,0.25,2026-07-21T16:17:30.3720000,2026-07-21T16:17:30.3720000,29318.25,29319,2,3,-0.2000,1,A,30,0,2026-07-21T16:17:31.0000000,29318.75,2026-07-21T16:18:32.0000000,29316.5,29316.25,29317,20260924,525
Playback101,Playback,NQ SEP26,0.25,2026-07-21T16:19:23.4040000,2026-07-21T16:19:23.4040000,29315.75,29316.5,4,2,0.3333,1,P,30,1,2026-07-21T16:19:54.0000000,29316.5,2026-07-21T16:20:55.0000000,29318.5,29316.5,29317,20260924,526
Playback101,Playback,NQ SEP26,0.25,2026-07-21T16:21:01.4280000,2026-07-21T16:21:01.4280000,29318.25,29318.75,2,2,0.0000,-1,P,30,0,2026-07-21T16:21:03.0000000,29318.75,2026-07-21T16:22:04.0000000,29308.75,29307.75,29308.25,20260924,527
Playback101,Playback,NQ SEP26,0.25,2026-07-21T16:22:38.4520000,2026-07-21T16:22:38.4520000,29307.25,29307.75,2,1,0.3333,1,A,30,0,2026-07-21T16:22:39.0000000,29307.75,2026-07-21T16:23:40.0000000,29313.25,29313,29313.5,20260924,528
Playback101,Playback,NQ SEP26,0.25,2026-07-21T16:24:32.4840000,2026-07-21T16:24:32.4840000,29312,29312.5,2,2,0.0000,-1,P,30,0,2026-07-21T16:24:33.0000000,29313.25,2026-07-21T16:25:34.0000000,29309.25,29308.25,29309,20260924,529
Playback101,Playback,NQ SEP26,0.25,2026-07-21T16:26:23.5040000,2026-07-21T16:26:23.5040000,29300,29300.75,5,1,0.6667,1,P,30,0,2026-07-21T16:26:41.0000000,29300,2026-07-21T16:27:42.0000000,29302.5,29302.25,29303,20260924,530
Playback101,Playback,NQ SEP26,0.25,2026-07-21T16:28:19.5040000,2026-07-21T16:28:19.5040000,29301,29301.5,3,1,0.5000,1,P,30,0,2026-07-21T16:28:21.0000000,29301,2026-07-21T16:29:21.0000000,29299.5,29299.5,29300.25,20260924,531
Playback101,Playback,NQ SEP26,0.25,2026-07-21T16:30:18.5960000,2026-07-21T16:30:18.5960000,29294,29294.75,3,26,-0.7931,1,P,30,0,2026-07-21T16:30:26.0000000,29294,2026-07-21T16:31:27.0000000,29300.5,29301.5,29302.25,20260924,532
Playback101,Playback,NQ SEP26,0.25,2026-07-21T16:32:11.7280000,2026-07-21T16:32:11.7280000,29308.75,29309.25,1,2,-0.3333,1,P,30,0,2026-07-21T16:32:12.0000000,29308.75,2026-07-21T16:33:13.0000000,29308.75,29308.75,29309.5,20260924,533
Playback101,Playback,NQ SEP26,0.25,2026-07-21T16:34:00.7400000,2026-07-21T16:34:00.7400000,29307,29307.75,5,1,0.6667,1,A,30,0,2026-07-21T16:34:01.0000000,29308,2026-07-21T16:35:02.0000000,29306.75,29305.5,29306.25,20260924,534
Playback101,Playback,NQ SEP26,0.25,2026-07-21T16:35:50.9160000,2026-07-21T16:35:50.9160000,29321.5,29322,1,2,-0.3333,1,P,30,0,2026-07-21T16:35:59.0000000,29321.5,2026-07-21T16:37:00.0000000,29323.25,29323.5,29324.25,20260924,535
Playback101,Playback,NQ SEP26,0.25,2026-07-21T16:37:49.9240000,2026-07-21T16:37:49.9240000,29328.75,29329.5,3,2,0.2000,1,A,30,0,2026-07-21T16:37:50.0000000,29329.5,2026-07-21T16:38:51.0000000,29326,29326.25,29327,20260924,536
Playback101,Playback,NQ SEP26,0.25,2026-07-21T16:39:37.2520000,2026-07-21T16:39:37.2520000,29324.25,29324.75,1,3,-0.5000,-1,A,30,0,2026-07-21T16:39:38.0000000,29324.25,2026-07-21T16:40:39.0000000,29326.5,29326.25,29326.75,20260924,537
Playback101,Playback,NQ SEP26,0.25,2026-07-21T16:41:23.2880000,2026-07-21T16:41:23.2880000,29325,29325.5,1,3,-0.5000,-1,A,30,0,2026-07-21T16:41:24.0000000,29324.5,2026-07-21T16:42:25.0000000,29321.75,29321.5,29322.25,20260924,538
Playback101,Playback,NQ SEP26,0.25,2026-07-21T16:43:08.3080000,2026-07-21T16:43:08.3080000,29325,29325.75,2,3,-0.2000,1,A,30,0,2026-07-21T16:43:09.0000000,29326,2026-07-21T16:44:10.0000000,29335,29335.5,29336,20260924,539
Playback101,Playback,NQ SEP26,0.25,2026-07-21T16:45:00.3080000,2026-07-21T16:45:00.3080000,29335.25,29335.75,3,6,-0.3333,-1,A,30,0,2026-07-21T16:45:01.0000000,29336.25,2026-07-21T16:46:02.0000000,29335.5,29334.75,29335.5,20260924,540
Playback101,Playback,NQ SEP26,0.25,2026-07-21T16:46:39.3080000,2026-07-21T16:46:39.3080000,29336.5,29337.25,2,4,-0.3333,1,A,30,0,2026-07-21T16:46:40.0000000,29337.25,2026-07-21T16:47:41.0000000,29331.25,29331.25,29331.75,20260924,541
Playback101,Playback,NQ SEP26,0.25,2026-07-21T16:48:32.4120000,2026-07-21T16:48:32.4120000,29332.5,29333,1,2,-0.3333,1,P,30,0,2026-07-21T16:48:43.0000000,29332.5,2026-07-21T16:49:44.0000000,29336.75,29336,29336.75,20260924,542
Playback101,Playback,NQ SEP26,0.25,2026-07-21T16:50:03.4160000,2026-07-21T16:50:03.4160000,29318,29319,3,1,0.5000,1,P,30,1,2026-07-21T16:50:34.0000000,29335,2026-07-21T16:51:35.0000000,29333,29333,29333.5,20260924,543
Playback101,Playback,NQ SEP26,0.25,2026-07-21T16:51:34.0080000,2026-07-21T16:51:34.0080000,29332.75,29333.5,2,1,0.3333,-1,A,30,0,2026-07-21T16:51:35.0000000,29333,2026-07-21T16:52:36.0000000,29338.25,29337.75,29338.25,20260924,544
Playback101,Playback,NQ SEP26,0.25,2026-07-21T16:53:28.0080000,2026-07-21T16:53:28.0080000,29337.25,29337.75,1,3,-0.5000,-1,P,30,0,2026-07-21T16:53:29.0000000,29338,2026-07-21T16:54:30.0000000,29342.25,29340.75,29341.75,20260924,545
Playback101,Playback,NQ SEP26,0.25,2026-07-21T16:55:00.0080000,2026-07-21T16:55:00.0080000,29337.75,29338.75,1,4,-0.6000,-1,A,30,0,2026-07-21T16:55:01.0000000,29337.75,2026-07-21T16:56:01.0000000,29334.5,29333.5,29334,20260924,546
Playback101,Playback,NQ SEP26,0.25,2026-07-21T16:56:44.0120000,2026-07-21T16:56:44.0120000,29343.25,29343.5,2,1,0.3333,1,P,30,0,2026-07-21T16:56:45.0000000,29343.25,2026-07-21T16:57:46.0000000,29342,29342.75,29343,20260924,547
Playback101,Playback,NQ SEP26,0.25,2026-07-21T16:58:29.0160000,2026-07-21T16:58:29.0160000,29339,29339.5,3,3,0.0000,1,P,30,0,2026-07-21T16:58:31.0000000,29339,2026-07-21T16:59:32.0000000,29326.25,29327.25,29327.75,20260924,548
Playback101,Playback,NQ SEP26,0.25,2026-07-21T17:00:20.0240000,2026-07-21T17:00:20.0240000,29306.5,29307.25,1,2,-0.3333,1,A,30,0,2026-07-21T17:00:21.0000000,29309,2026-07-21T17:01:22.0000000,29298.75,29298.25,29299,20260924,549
Playback101,Playback,NQ SEP26,0.25,2026-07-21T17:02:07.0640000,2026-07-21T17:02:07.0640000,29300,29300.75,3,2,0.2000,1,P,30,0,2026-07-21T17:02:08.0000000,29300,2026-07-21T17:03:09.0000000,29289.25,29291,29291.75,20260924,550
Playback101,Playback,NQ SEP26,0.25,2026-07-21T17:04:01.2480000,2026-07-21T17:04:01.2480000,29290.25,29290.75,2,1,0.3333,1,P,30,0,2026-07-21T17:04:02.0000000,29290.25,2026-07-21T17:05:03.0000000,29290,29290.75,29291.5,20260924,551
Playback101,Playback,NQ SEP26,0.25,2026-07-21T17:05:47.5760000,2026-07-21T17:05:47.5760000,29298,29298.5,1,2,-0.3333,-1,A,30,0,2026-07-21T17:05:48.0000000,29297.75,2026-07-21T17:06:49.0000000,29299.5,29298.5,29299,20260924,552
Playback101,Playback,NQ SEP26,0.25,2026-07-21T17:07:27.6600000,2026-07-21T17:07:27.6600000,29302,29302.5,1,3,-0.5000,-1,A,30,0,2026-07-21T17:07:28.0000000,29301.75,2026-07-21T17:08:29.0000000,29301.25,29300.25,29301,20260924,553
Playback101,Playback,NQ SEP26,0.25,2026-07-21T17:09:25.9600000,2026-07-21T17:09:25.9600000,29302.25,29302.75,1,5,-0.6667,-1,A,30,0,2026-07-21T17:09:26.0000000,29302.25,2026-07-21T17:10:27.0000000,29301,29299.75,29300.5,20260924,554
Playback101,Playback,NQ SEP26,0.25,2026-07-21T17:11:02.6800000,2026-07-21T17:11:02.6800000,29297.75,29298.5,1,4,-0.6000,-1,A,30,0,2026-07-21T17:11:03.0000000,29297.25,2026-07-21T17:12:04.0000000,29296.5,29295.75,29296.25,20260924,555
Playback101,Playback,NQ SEP26,0.25,2026-07-21T17:12:42.9560000,2026-07-21T17:12:42.9560000,29299.5,29300,1,3,-0.5000,1,A,30,0,2026-07-21T17:12:43.0000000,29299.5,2026-07-21T17:13:44.0000000,29306.5,29306.25,29307,20260924,556
Playback101,Playback,NQ SEP26,0.25,2026-07-21T17:14:20.1040000,2026-07-21T17:14:20.1040000,29303.75,29304.25,1,1,0.0000,1,P,30,1,2026-07-21T17:14:51.0000000,29306.75,2026-07-21T17:15:52.0000000,29297.25,29297.25,29298,20260924,557
Playback101,Playback,NQ SEP26,0.25,2026-07-21T17:16:04.2640000,2026-07-21T17:16:04.2640000,29295.25,29295.75,1,2,-0.3333,-1,A,30,0,2026-07-21T17:16:05.0000000,29295,2026-07-21T17:17:06.0000000,29296,29295.5,29296.25,20260924,558
Playback101,Playback,NQ SEP26,0.25,2026-07-21T17:18:01.4880000,2026-07-21T17:18:01.4880000,29294.75,29295.25,1,1,0.0000,1,P,30,0,2026-07-21T17:18:03.0000000,29294.75,2026-07-21T17:19:04.0000000,29287.25,29286.75,29287.25,20260924,559
Playback101,Playback,NQ SEP26,0.25,2026-07-21T17:19:48.3200000,2026-07-21T17:19:48.3200000,29290.75,29291.5,2,2,0.0000,1,P,30,0,2026-07-21T17:19:49.0000000,29290.75,2026-07-21T17:20:50.0000000,29289.25,29290.25,29290.75,20260924,560
Playback101,Playback,NQ SEP26,0.25,2026-07-21T17:21:35.7880000,2026-07-21T17:21:35.7880000,29291,29291.5,1,3,-0.5000,1,P,30,0,2026-07-21T17:21:36.0000000,29291,2026-07-21T17:22:37.0000000,29290,29289.75,29290.25,20260924,561
Playback101,Playback,NQ SEP26,0.25,2026-07-21T17:23:13.9720000,2026-07-21T17:23:13.9720000,29288.25,29289,4,3,0.1429,1,A,30,0,2026-07-21T17:23:14.0000000,29289,2026-07-21T17:24:15.0000000,29289.75,29289.5,29290.25,20260924,562
Playback101,Playback,NQ SEP26,0.25,2026-07-21T17:25:13.0280000,2026-07-21T17:25:13.0280000,29289.5,29290.25,2,1,0.3333,-1,P,30,0,2026-07-21T17:25:15.0000000,29290.25,2026-07-21T17:26:16.0000000,29290,29289,29289.75,20260924,563
Playback101,Playback,NQ SEP26,0.25,2026-07-21T17:26:53.2200000,2026-07-21T17:26:53.2200000,29287.25,29287.5,4,1,0.6000,-1,P,30,0,2026-07-21T17:26:54.0000000,29287.5,2026-07-21T17:27:55.0000000,29291.25,29291.25,29292,20260924,564
Playback101,Playback,NQ SEP26,0.25,2026-07-21T17:28:37.3760000,2026-07-21T17:28:37.3760000,29289.75,29290.25,2,2,0.0000,1,P,30,0,2026-07-21T17:28:38.0000000,29289.75,2026-07-21T17:29:39.0000000,29292,29292.25,29292.75,20260924,565
Playback101,Playback,NQ SEP26,0.25,2026-07-21T17:30:09.8360000,2026-07-21T17:30:09.8360000,29293.25,29294,3,2,0.2000,1,P,30,0,2026-07-21T17:30:13.0000000,29293.25,2026-07-21T17:31:14.0000000,29298,29298.25,29298.75,20260924,566
Playback101,Playback,NQ SEP26,0.25,2026-07-21T17:31:52.3600000,2026-07-21T17:31:52.3600000,29298.25,29299,3,3,0.0000,1,A,30,0,2026-07-21T17:31:53.0000000,29299,2026-07-21T17:32:54.0000000,29298.25,29297.75,29298.25,20260924,567
Playback101,Playback,NQ SEP26,0.25,2026-07-21T17:33:39.4960000,2026-07-21T17:33:39.4960000,29297.75,29298.25,1,3,-0.5000,1,P,30,1,2026-07-21T17:34:12.0000000,29299.5,2026-07-21T17:35:12.0000000,29299,29298.5,29299.25,20260924,568
Playback101,Playback,NQ SEP26,0.25,2026-07-21T17:35:12.6360000,2026-07-21T17:35:12.6360000,29298.5,29299,2,2,0.0000,-1,P,30,0,2026-07-21T17:35:16.0000000,29299,2026-07-21T17:36:17.0000000,29299,29298.25,29299.25,20260924,569
Playback101,Playback,NQ SEP26,0.25,2026-07-21T17:36:49.8280000,2026-07-21T17:36:49.8280000,29300,29300.5,1,3,-0.5000,-1,P,30,0,2026-07-21T17:36:51.0000000,29300.5,2026-07-21T17:37:52.0000000,29298.5,29298,29298.5,20260924,570
Playback101,Playback,NQ SEP26,0.25,2026-07-21T17:38:25.1960000,2026-07-21T17:38:25.1960000,29300.75,29301.5,3,3,0.0000,1,A,30,0,2026-07-21T17:38:26.0000000,29301.25,2026-07-21T17:39:27.0000000,29300.75,29300.75,29301.5,20260924,571
Playback101,Playback,NQ SEP26,0.25,2026-07-21T17:40:02.2840000,2026-07-21T17:40:02.2840000,29299.5,29300,1,1,0.0000,-1,A,30,0,2026-07-21T17:40:03.0000000,29298.75,2026-07-21T17:41:03.0000000,29300.25,29299.75,29300.25,20260924,572
Playback101,Playback,NQ SEP26,0.25,2026-07-21T17:41:45.5640000,2026-07-21T17:41:45.5640000,29298,29298.5,1,4,-0.6000,1,A,30,0,2026-07-21T17:41:46.0000000,29298.75,2026-07-21T17:42:47.0000000,29293.5,29293.5,29294,20260924,573
Playback101,Playback,NQ SEP26,0.25,2026-07-21T17:43:24.6280000,2026-07-21T17:43:24.6280000,29291,29291.5,1,3,-0.5000,-1,P,30,0,2026-07-21T17:43:47.0000000,29291.5,2026-07-21T17:44:48.0000000,29293,29292.25,29292.75,20260924,574
Playback101,Playback,NQ SEP26,0.25,2026-07-21T17:45:18.1600000,2026-07-21T17:45:18.1600000,29292.75,29293.25,1,3,-0.5000,-1,P,30,0,2026-07-21T17:45:22.0000000,29293.25,2026-07-21T17:46:23.0000000,29290.25,29290,29290.75,20260924,575
Playback101,Playback,NQ SEP26,0.25,2026-07-21T17:47:06.2080000,2026-07-21T17:47:06.2080000,29290.5,29291,1,3,-0.5000,-1,P,30,0,2026-07-21T17:47:07.0000000,29291,2026-07-21T17:48:08.0000000,29288,29288,29288.75,20260924,576
Playback101,Playback,NQ SEP26,0.25,2026-07-21T17:48:56.3840000,2026-07-21T17:48:56.3840000,29286.75,29287.25,2,1,0.3333,1,P,30,0,2026-07-21T17:48:57.0000000,29286.75,2026-07-21T17:49:58.0000000,29282.25,29282,29282.75,20260924,577
Playback101,Playback,NQ SEP26,0.25,2026-07-21T19:10:53.6280000,2026-07-21T19:10:53.6280000,29285.25,29287.25,1,1,0.0000,1,A,30,0,2026-07-21T19:10:54.0000000,29288,2026-07-21T19:11:55.0000000,29282.5,29282.5,29284,20260924,578
Playback101,Playback,NQ SEP26,0.25,2026-07-21T19:12:44.3440000,2026-07-21T19:12:44.3440000,29285,29285.5,2,1,0.3333,-1,A,30,0,2026-07-21T19:12:45.0000000,29283.5,2026-07-21T19:13:46.0000000,29292,29290.25,29291.75,20260924,579
Playback101,Playback,NQ SEP26,0.25,2026-07-21T19:14:17.1960000,2026-07-21T19:14:17.1960000,29290.5,29291.75,1,1,0.0000,1,A,30,0,2026-07-21T19:14:18.0000000,29292,2026-07-21T19:15:19.0000000,29299,29299,29300.5,20260924,580
Playback101,Playback,NQ SEP26,0.25,2026-07-21T19:16:12.2120000,2026-07-21T19:16:12.2120000,29299,29300.75,2,1,0.3333,1,A,30,0,2026-07-21T19:16:13.0000000,29299.5,2026-07-21T19:17:14.0000000,29298.25,29298.5,29299.75,20260924,581
Playback101,Playback,NQ SEP26,0.25,2026-07-21T19:17:57.3360000,2026-07-21T19:17:57.3360000,29298.5,29299.75,1,1,0.0000,-1,P,30,0,2026-07-21T19:18:26.0000000,29299.75,2026-07-21T19:19:27.0000000,29297.25,29295.25,29297,20260924,582
Playback101,Playback,NQ SEP26,0.25,2026-07-21T19:19:45.4880000,2026-07-21T19:19:45.4880000,29297.5,29299.25,1,1,0.0000,-1,A,30,0,2026-07-21T19:19:46.0000000,29296.5,2026-07-21T19:20:47.0000000,29299.25,29296,29298,20260924,583
Playback101,Playback,NQ SEP26,0.25,2026-07-21T19:21:24.9400000,2026-07-21T19:21:24.9400000,29299.5,29301.25,1,1,0.0000,1,A,30,0,2026-07-21T19:21:25.0000000,29301.75,2026-07-21T19:22:26.0000000,29298.25,29299,29300.75,20260924,584
Playback101,Playback,NQ SEP26,0.25,2026-07-21T19:23:30.9720000,2026-07-21T19:23:30.9720000,29298.25,29300,1,3,-0.5000,-1,A,30,0,2026-07-21T19:23:31.0000000,29298.25,2026-07-21T19:24:32.0000000,29290.75,29289.5,29290.75,20260924,585
Playback101,Playback,NQ SEP26,0.25,2026-07-21T19:25:27.0000000,2026-07-21T19:25:27.0000000,29274,29276.25,1,1,0.0000,-1,P,30,0,2026-07-21T19:25:53.0000000,29276.25,2026-07-21T19:26:54.0000000,29277.25,29275.25,29277.25,20260924,586
Playback101,Playback,NQ SEP26,0.25,2026-07-21T19:26:59.1400000,2026-07-21T19:26:59.1400000,29275.5,29278,1,2,-0.3333,-1,P,30,0,2026-07-21T19:27:07.0000000,29278,2026-07-21T19:28:08.0000000,29277.75,29274.5,29277.25,20260924,587
Playback101,Playback,NQ SEP26,0.25,2026-07-21T19:28:58.0920000,2026-07-21T19:28:58.0920000,29270.5,29272.5,1,1,0.0000,-1,P,30,1,2026-07-21T19:29:29.0000000,29266.25,2026-07-21T19:30:30.0000000,29271.5,29270.5,29271.25,20260924,588
Playback101,Playback,NQ SEP26,0.25,2026-07-21T19:30:53.0920000,2026-07-21T19:30:53.0920000,29258,29259.75,1,2,-0.3333,1,A,30,0,2026-07-21T19:30:54.0000000,29260.25,2026-07-21T19:31:55.0000000,29268.25,29268,29270,20260924,589
Playback101,Playback,NQ SEP26,0.25,2026-07-21T19:32:27.2000000,2026-07-21T19:32:27.2000000,29267.75,29269.5,2,1,0.3333,1,P,30,1,2026-07-21T19:32:59.0000000,29272.5,2026-07-21T19:34:00.0000000,29270,29270,29272,20260924,590
Playback101,Playback,NQ SEP26,0.25,2026-07-21T19:34:19.0520000,2026-07-21T19:34:19.0520000,29271.25,29273.25,2,2,0.0000,1,P,30,1,2026-07-21T19:34:51.0000000,29278.75,2026-07-21T19:35:52.0000000,29273.75,29273.75,29275.75,20260924,591
Playback101,Playback,NQ SEP26,0.25,2026-07-21T19:35:53.0520000,2026-07-21T19:35:53.0520000,29273.25,29275.75,4,1,0.6000,-1,P,30,0,2026-07-21T19:35:54.0000000,29275.75,2026-07-21T19:36:55.0000000,29274.5,29272.5,29274,20260924,592
Playback101,Playback,NQ SEP26,0.25,2026-07-21T19:37:26.9640000,2026-07-21T19:37:26.9640000,29276.5,29277,1,1,0.0000,1,P,30,0,2026-07-21T19:37:30.0000000,29276.5,2026-07-21T19:38:31.0000000,29277.5,29277.75,29279.5,20260924,593
Playback101,Playback,NQ SEP26,0.25,2026-07-21T19:39:02.3000000,2026-07-21T19:39:02.3000000,29278.5,29280,2,5,-0.4286,-1,A,30,0,2026-07-21T19:39:03.0000000,29278,2026-07-21T19:40:04.0000000,29275.5,29273.75,29275.25,20260924,594
Playback101,Playback,NQ SEP26,0.25,2026-07-21T19:40:59.5320000,2026-07-21T19:40:59.5320000,29278.5,29279.75,1,1,0.0000,1,P,30,0,2026-07-21T19:41:11.0000000,29278.5,2026-07-21T19:42:12.0000000,29274.25,29275.5,29277.25,20260924,595
Playback101,Playback,NQ SEP26,0.25,2026-07-21T19:42:47.8720000,2026-07-21T19:42:47.8720000,29273.25,29276,3,3,0.0000,-1,P,30,0,2026-07-21T19:42:56.0000000,29276,2026-07-21T19:43:58.0000000,29276.75,29275,29276.75,20260924,596
Playback101,Playback,NQ SEP26,0.25,2026-07-21T19:44:27.3160000,2026-07-21T19:44:27.3160000,29270,29271.75,1,2,-0.3333,-1,A,30,0,2026-07-21T19:44:28.0000000,29270.25,2026-07-21T19:45:29.0000000,29259,29256.75,29258.75,20260924,597
Playback101,Playback,NQ SEP26,0.25,2026-07-21T19:46:20.3360000,2026-07-21T19:46:20.3360000,29255.5,29256.5,1,1,0.0000,-1,P,30,0,2026-07-21T19:46:32.0000000,29256.5,2026-07-21T19:47:33.0000000,29257.5,29256,29257,20260924,598
Playback101,Playback,NQ SEP26,0.25,2026-07-21T19:47:58.3600000,2026-07-21T19:47:58.3600000,29255.5,29256.5,1,1,0.0000,-1,P,30,0,2026-07-21T19:48:03.0000000,29256.5,2026-07-21T19:49:04.0000000,29259.5,29258.25,29259.5,20260924,599
Playback101,Playback,NQ SEP26,0.25,2026-07-21T19:49:50.6520000,2026-07-21T19:49:50.6520000,29257.25,29258.75,1,1,0.0000,1,P,30,1,2026-07-21T19:50:21.0000000,29261.25,2026-07-21T19:51:22.0000000,29259.25,29259.25,29260.75,20260924,600
Playback101,Playback,NQ SEP26,0.25,2026-07-21T19:51:36.7680000,2026-07-21T19:51:36.7680000,29260,29261.25,1,1,0.0000,-1,P,30,1,2026-07-21T19:52:07.0000000,29260.25,2026-07-21T19:53:08.0000000,29263,29261.25,29262.75,20260924,601
Playback101,Playback,NQ SEP26,0.25,2026-07-21T19:53:31.8440000,2026-07-21T19:53:31.8440000,29260.5,29262.25,1,1,0.0000,-1,A,30,0,2026-07-21T19:53:32.0000000,29261.25,2026-07-21T19:54:33.0000000,29257.5,29256.75,29258.25,20260924,602
Playback101,Playback,NQ SEP26,0.25,2026-07-21T19:55:14.9520000,2026-07-21T19:55:14.9520000,29265.25,29266.75,1,3,-0.5000,-1,A,30,0,2026-07-21T19:55:15.0000000,29265.5,2026-07-21T19:56:16.0000000,29260,29258.75,29260,20260924,603
Playback101,Playback,NQ SEP26,0.25,2026-07-21T19:56:59.2600000,2026-07-21T19:56:59.2600000,29270,29271,1,1,0.0000,-1,P,30,0,2026-07-21T19:57:02.0000000,29271,2026-07-21T19:58:03.0000000,29276,29274.75,29275.75,20260924,604
Playback101,Playback,NQ SEP26,0.25,2026-07-21T19:58:55.6360000,2026-07-21T19:58:55.6360000,29272.75,29274,1,1,0.0000,1,P,30,0,2026-07-21T19:58:56.0000000,29272.75,2026-07-21T19:59:57.0000000,29273.75,29273.75,29274.5,20260924,605
Playback101,Playback,NQ SEP26,0.25,2026-07-21T20:00:27.4920000,2026-07-21T20:00:27.4920000,29270.25,29271.5,2,1,0.3333,1,P,30,0,2026-07-21T20:00:32.0000000,29270.25,2026-07-21T20:01:33.0000000,29261.5,29262.5,29264,20260924,606
Playback101,Playback,NQ SEP26,0.25,2026-07-21T20:02:13.4560000,2026-07-21T20:02:13.4560000,29267.5,29268.75,1,1,0.0000,-1,A,30,0,2026-07-21T20:02:14.0000000,29268,2026-07-21T20:03:15.0000000,29269,29267.75,29269,20260924,607
Playback101,Playback,NQ SEP26,0.25,2026-07-21T20:04:06.6520000,2026-07-21T20:04:06.6520000,29270.25,29271.75,1,2,-0.3333,-1,A,30,0,2026-07-21T20:04:07.0000000,29270,2026-07-21T20:05:08.0000000,29266.75,29265.75,29267.25,20260924,608
Playback101,Playback,NQ SEP26,0.25,2026-07-21T20:05:56.7520000,2026-07-21T20:05:56.7520000,29262.75,29264.25,2,1,0.3333,-1,A,30,0,2026-07-21T20:05:57.0000000,29263.25,2026-07-21T20:06:59.0000000,29270.75,29269.75,29271,20260924,609
Playback101,Playback,NQ SEP26,0.25,2026-07-21T20:07:42.8920000,2026-07-21T20:07:42.8920000,29266.25,29267.75,2,1,0.3333,1,P,30,0,2026-07-21T20:07:43.0000000,29266.25,2026-07-21T20:08:44.0000000,29269.25,29269.75,29271,20260924,610
Playback101,Playback,NQ SEP26,0.25,2026-07-21T20:09:16.2080000,2026-07-21T20:09:16.2080000,29270.75,29272,1,2,-0.3333,-1,P,30,1,2026-07-21T20:09:47.0000000,29269,2026-07-21T20:10:50.0000000,29270,29268.75,29270,20260924,611
Playback101,Playback,NQ SEP26,0.25,2026-07-21T20:10:49.4760000,2026-07-21T20:10:49.4760000,29268.75,29270,3,1,0.5000,1,A,30,0,2026-07-21T20:10:50.0000000,29270,2026-07-21T20:11:51.0000000,29276.75,29277.25,29278.75,20260924,612
Playback101,Playback,NQ SEP26,0.25,2026-07-21T20:12:22.5400000,2026-07-21T20:12:22.5400000,29280,29281.75,2,1,0.3333,1,A,30,0,2026-07-21T20:12:23.0000000,29282,2026-07-21T20:13:27.0000000,29279.5,29279.5,29281.5,20260924,613
Playback101,Playback,NQ SEP26,0.25,2026-07-21T20:14:09.6360000,2026-07-21T20:14:09.6360000,29276.25,29278.25,2,2,0.0000,-1,A,30,0,2026-07-21T20:14:10.0000000,29277.5,2026-07-21T20:15:11.0000000,29281.75,29281.5,29283.25,20260924,614
Playback101,Playback,NQ SEP26,0.25,2026-07-21T20:15:56.5520000,2026-07-21T20:15:56.5520000,29279,29280.5,2,1,0.3333,-1,A,30,0,2026-07-21T20:15:57.0000000,29279.25,2026-07-21T20:16:58.0000000,29283.25,29280.25,29281.75,20260924,615
Playback101,Playback,NQ SEP26,0.25,2026-07-21T20:17:37.9320000,2026-07-21T20:17:37.9320000,29278,29279.25,4,2,0.3333,1,P,30,0,2026-07-21T20:17:40.0000000,29278,2026-07-21T20:18:41.0000000,29287.25,29286.75,29288.25,20260924,616
Playback101,Playback,NQ SEP26,0.25,2026-07-21T20:19:28.4240000,2026-07-21T20:19:28.4240000,29292.75,29294.25,1,1,0.0000,1,A,30,0,2026-07-21T20:19:29.0000000,29294,2026-07-21T20:20:30.0000000,29290.5,29290,29291.5,20260924,617
Playback101,Playback,NQ SEP26,0.25,2026-07-21T20:21:24.6160000,2026-07-21T20:21:24.6160000,29290.5,29292,2,1,0.3333,-1,P,30,0,2026-07-21T20:21:32.0000000,29292,2026-07-21T20:22:33.0000000,29294,29294,29294.25,20260924,618
Playback101,Playback,NQ SEP26,0.25,2026-07-21T20:22:57.4000000,2026-07-21T20:22:57.4000000,29292.5,29293.5,1,1,0.0000,1,P,30,0,2026-07-21T20:23:01.0000000,29292.5,2026-07-21T20:24:02.0000000,29290.75,29290.25,29292,20260924,619
Playback101,Playback,NQ SEP26,0.25,2026-07-21T20:24:39.9640000,2026-07-21T20:24:39.9640000,29290.75,29292.25,2,1,0.3333,-1,P,30,0,2026-07-21T20:24:40.0000000,29292.25,2026-07-21T20:25:41.0000000,29288,29284.75,29286,20260924,620
Playback101,Playback,NQ SEP26,0.25,2026-07-21T20:26:28.1520000,2026-07-21T20:26:28.1520000,29285.75,29286.75,1,1,0.0000,1,A,30,0,2026-07-21T20:26:29.0000000,29287,2026-07-21T20:27:30.0000000,29291,29291,29292.5,20260924,621
Playback101,Playback,NQ SEP26,0.25,2026-07-21T20:27:59.0880000,2026-07-21T20:27:59.0880000,29291.25,29292.25,1,1,0.0000,-1,A,30,0,2026-07-21T20:28:00.0000000,29291.25,2026-07-21T20:29:01.0000000,29297,29295,29296.5,20260924,622
Playback101,Playback,NQ SEP26,0.25,2026-07-21T20:29:37.0520000,2026-07-21T20:29:37.0520000,29296,29297,1,1,0.0000,-1,A,30,0,2026-07-21T20:29:38.0000000,29295,2026-07-21T20:30:39.0000000,29292.75,29292.75,29294.25,20260924,623
Playback101,Playback,NQ SEP26,0.25,2026-07-21T20:31:35.2760000,2026-07-21T20:31:35.2760000,29295,29296.25,1,1,0.0000,-1,A,30,0,2026-07-21T20:31:36.0000000,29294.75,2026-07-21T20:32:37.0000000,29298.75,29297.75,29299,20260924,624
Playback101,Playback,NQ SEP26,0.25,2026-07-21T20:33:19.8840000,2026-07-21T20:33:19.8840000,29301.5,29302.75,2,1,0.3333,1,A,30,0,2026-07-21T20:33:20.0000000,29302.75,2026-07-21T20:34:21.0000000,29297.75,29299.75,29300,20260924,625
Playback101,Playback,NQ SEP26,0.25,2026-07-21T20:34:53.0480000,2026-07-21T20:34:53.0480000,29296,29297,1,1,0.0000,1,A,30,0,2026-07-21T20:34:54.0000000,29297,2026-07-21T20:35:54.0000000,29284.5,29284.5,29285.5,20260924,626
Playback101,Playback,NQ SEP26,0.25,2026-07-21T20:36:32.0960000,2026-07-21T20:36:32.0960000,29293.5,29294.75,1,1,0.0000,-1,P,30,1,2026-07-21T20:37:03.0000000,29290.25,2026-07-21T20:38:04.0000000,29289,29288,29289.5,20260924,627
Playback101,Playback,NQ SEP26,0.25,2026-07-21T20:38:32.2720000,2026-07-21T20:38:32.2720000,29289.25,29290.75,3,1,0.5000,1,A,30,0,2026-07-21T20:38:33.0000000,29291,2026-07-21T20:39:35.0000000,29285.75,29285.75,29287,20260924,628
Playback101,Playback,NQ SEP26,0.25,2026-07-21T20:40:15.3280000,2026-07-21T20:40:15.3280000,29287,29288.75,2,1,0.3333,-1,P,30,0,2026-07-21T20:40:17.0000000,29288.75,2026-07-21T20:41:18.0000000,29284,29283.5,29284.75,20260924,629
Playback101,Playback,NQ SEP26,0.25,2026-07-21T20:41:58.3400000,2026-07-21T20:41:58.3400000,29275,29275.75,2,1,0.3333,-1,P,30,0,2026-07-21T20:41:59.0000000,29275.75,2026-07-21T20:43:00.0000000,29280,29277.5,29279,20260924,630
Playback101,Playback,NQ SEP26,0.25,2026-07-21T20:43:29.7880000,2026-07-21T20:43:29.7880000,29278.5,29279.5,1,1,0.0000,-1,A,30,0,2026-07-21T20:43:30.0000000,29278,2026-07-21T20:44:31.0000000,29278.5,29277,29278.5,20260924,631
Playback101,Playback,NQ SEP26,0.25,2026-07-21T20:45:21.7920000,2026-07-21T20:45:21.7920000,29279.5,29281.25,2,2,0.0000,-1,A,30,0,2026-07-21T20:45:22.0000000,29281,2026-07-21T20:46:23.0000000,29289.25,29286.75,29288.25,20260924,632
Playback101,Playback,NQ SEP26,0.25,2026-07-21T20:47:03.7920000,2026-07-21T20:47:03.7920000,29288.25,29289.75,2,1,0.3333,1,A,30,0,2026-07-21T20:47:04.0000000,29288.75,2026-07-21T20:48:05.0000000,29286.75,29288,29289.25,20260924,633
Playback101,Playback,NQ SEP26,0.25,2026-07-21T20:48:55.8960000,2026-07-21T20:48:55.8960000,29290,29291.25,1,1,0.0000,-1,A,30,0,2026-07-21T20:48:56.0000000,29290,2026-07-21T20:49:57.0000000,29292,29292.25,29294,20260924,634
Playback101,Playback,NQ SEP26,0.25,2026-07-21T20:50:49.8960000,2026-07-21T20:50:49.8960000,29298.25,29299.5,2,1,0.3333,1,A,30,0,2026-07-21T20:50:50.0000000,29299.75,2026-07-21T20:51:51.0000000,29293.5,29294.25,29295.75,20260924,635
Playback101,Playback,NQ SEP26,0.25,2026-07-21T20:52:43.0120000,2026-07-21T20:52:43.0120000,29285.5,29287.25,1,1,0.0000,-1,P,30,0,2026-07-21T20:52:44.0000000,29287.25,2026-07-21T20:53:45.0000000,29276.75,29275.75,29276.75,20260924,636
Playback101,Playback,NQ SEP26,0.25,2026-07-21T20:54:27.0600000,2026-07-21T20:54:27.0600000,29276,29277.5,3,1,0.5000,1,P,30,0,2026-07-21T20:54:28.0000000,29276,2026-07-21T20:55:29.0000000,29286.5,29285.25,29287,20260924,637
Playback101,Playback,NQ SEP26,0.25,2026-07-21T20:56:18.7080000,2026-07-21T20:56:18.7080000,29290,29291,2,1,0.3333,-1,A,30,0,2026-07-21T20:56:19.0000000,29289,2026-07-21T20:57:20.0000000,29294.75,29291,29292.75,20260924,638
Playback101,Playback,NQ SEP26,0.25,2026-07-21T20:58:07.7720000,2026-07-21T20:58:07.7720000,29292.5,29294,1,1,0.0000,-1,A,30,0,2026-07-21T20:58:08.0000000,29289.25,2026-07-21T20:59:09.0000000,29299.75,29298,29299.5,20260924,639
Playback101,Playback,NQ SEP26,0.25,2026-07-21T20:59:48.4160000,2026-07-21T20:59:48.4160000,29297.5,29298.5,2,1,0.3333,-1,P,30,0,2026-07-21T20:59:50.0000000,29298.5,2026-07-21T21:00:51.0000000,29287.75,29286.75,29288.5,20260924,640
Playback101,Playback,NQ SEP26,0.25,2026-07-21T21:01:21.4280000,2026-07-21T21:01:21.4280000,29298.75,29301,2,3,-0.2000,-1,A,30,0,2026-07-21T21:01:22.0000000,29299.5,2026-07-21T21:02:23.0000000,29309.75,29307.5,29309,20260924,641
Playback101,Playback,NQ SEP26,0.25,2026-07-21T21:03:03.4360000,2026-07-21T21:03:03.4360000,29315.5,29317.25,1,1,0.0000,-1,P,30,0,2026-07-21T21:03:04.0000000,29317.25,2026-07-21T21:04:05.0000000,29319,29319.5,29321,20260924,642
Playback101,Playback,NQ SEP26,0.25,2026-07-21T21:04:39.7000000,2026-07-21T21:04:39.7000000,29322,29323.5,1,2,-0.3333,-1,P,30,0,2026-07-21T21:04:41.0000000,29323.5,2026-07-21T21:05:42.0000000,29322.25,29320.75,29322,20260924,643
Playback101,Playback,NQ SEP26,0.25,2026-07-21T21:06:34.7240000,2026-07-21T21:06:34.7240000,29323,29324.75,2,1,0.3333,-1,A,30,0,2026-07-21T21:06:35.0000000,29323,2026-07-21T21:07:36.0000000,29332.25,29331,29332.25,20260924,644
Playback101,Playback,NQ SEP26,0.25,2026-07-21T21:08:21.7320000,2026-07-21T21:08:21.7320000,29330.25,29331.75,3,1,0.5000,1,A,30,0,2026-07-21T21:08:22.0000000,29331,2026-07-21T21:09:23.0000000,29323.75,29320.5,29322,20260924,645
Playback101,Playback,NQ SEP26,0.25,2026-07-21T21:10:18.7360000,2026-07-21T21:10:18.7360000,29314.25,29315.75,1,1,0.0000,-1,P,30,0,2026-07-21T21:10:20.0000000,29315.75,2026-07-21T21:11:21.0000000,29330.5,29329,29330.25,20260924,646
Playback101,Playback,NQ SEP26,0.25,2026-07-21T21:11:57.8160000,2026-07-21T21:11:57.8160000,29328.75,29330,1,1,0.0000,-1,A,30,0,2026-07-21T21:11:58.0000000,29328.25,2026-07-21T21:12:59.0000000,29331.75,29329.5,29331.25,20260924,647
Playback101,Playback,NQ SEP26,0.25,2026-07-21T21:13:56.8520000,2026-07-21T21:13:56.8520000,29328,29329.75,2,1,0.3333,1,P,30,0,2026-07-21T21:14:23.0000000,29328,2026-07-21T21:15:24.0000000,29322.5,29322.75,29324.25,20260924,648
Playback101,Playback,NQ SEP26,0.25,2026-07-21T21:15:35.9040000,2026-07-21T21:15:35.9040000,29323.5,29324.75,1,1,0.0000,1,A,30,0,2026-07-21T21:15:36.0000000,29324,2026-07-21T21:16:37.0000000,29319.5,29320.75,29321.75,20260924,649
Playback101,Playback,NQ SEP26,0.25,2026-07-21T21:17:06.9480000,2026-07-21T21:17:06.9480000,29314.5,29316,1,1,0.0000,1,P,30,0,2026-07-21T21:17:10.0000000,29314.5,2026-07-21T21:18:11.0000000,29312,29312.25,29313.5,20260924,650
Playback101,Playback,NQ SEP26,0.25,2026-07-21T21:18:40.1040000,2026-07-21T21:18:40.1040000,29309.75,29311.5,1,4,-0.6000,-1,A,30,0,2026-07-21T21:18:41.0000000,29309.5,2026-07-21T21:19:42.0000000,29316.75,29315.5,29316.75,20260924,651
Playback101,Playback,NQ SEP26,0.25,2026-07-21T21:20:19.1160000,2026-07-21T21:20:19.1160000,29323.75,29325,1,2,-0.3333,1,P,30,0,2026-07-21T21:20:24.0000000,29323.75,2026-07-21T21:21:25.0000000,29322.75,29321.5,29323,20260924,652
Playback101,Playback,NQ SEP26,0.25,2026-07-21T21:21:58.4280000,2026-07-21T21:21:58.4280000,29316,29317.25,1,1,0.0000,-1,P,30,0,2026-07-21T21:22:00.0000000,29317.25,2026-07-21T21:23:01.0000000,29314.25,29314,29315.75,20260924,653
Playback101,Playback,NQ SEP26,0.25,2026-07-21T21:23:33.4280000,2026-07-21T21:23:33.4280000,29306.5,29308,2,1,0.3333,-1,A,30,0,2026-07-21T21:23:34.0000000,29306,2026-07-21T21:24:35.0000000,29322,29320.75,29322.5,20260924,654
Playback101,Playback,NQ SEP26,0.25,2026-07-21T21:25:10.7480000,2026-07-21T21:25:10.7480000,29306.75,29308.25,2,1,0.3333,1,P,30,1,2026-07-21T21:25:41.0000000,29312.5,2026-07-21T21:26:42.0000000,29301.75,29301,29302.75,20260924,655
Playback101,Playback,NQ SEP26,0.25,2026-07-21T21:27:06.7880000,2026-07-21T21:27:06.7880000,29293.75,29295,1,1,0.0000,-1,A,30,0,2026-07-21T21:27:07.0000000,29295,2026-07-21T21:28:08.0000000,29292.25,29291.25,29292.25,20260924,656
Playback101,Playback,NQ SEP26,0.25,2026-07-21T21:28:53.8040000,2026-07-21T21:28:53.8040000,29297,29298.5,1,1,0.0000,1,P,30,0,2026-07-21T21:28:54.0000000,29297,2026-07-21T21:29:55.0000000,29298,29297.75,29298.75,20260924,657
Playback101,Playback,NQ SEP26,0.25,2026-07-21T21:30:53.8600000,2026-07-21T21:30:53.8600000,29301.25,29302.75,1,3,-0.5000,1,P,30,0,2026-07-21T21:30:55.0000000,29301.25,2026-07-21T21:31:56.0000000,29290.25,29291,29292.25,20260924,658
Playback101,Playback,NQ SEP26,0.25,2026-07-21T21:32:32.9120000,2026-07-21T21:32:32.9120000,29273.5,29274.75,2,1,0.3333,1,A,30,0,2026-07-21T21:32:33.0000000,29274.5,2026-07-21T21:33:33.0000000,29286.75,29287.5,29289,20260924,659
Playback101,Playback,NQ SEP26,0.25,2026-07-21T21:34:26.9680000,2026-07-21T21:34:26.9680000,29293.25,29295,2,1,0.3333,1,P,30,0,2026-07-21T21:34:27.0000000,29293.25,2026-07-21T21:35:28.0000000,29284.75,29284.25,29286,20260924,660
Playback101,Playback,NQ SEP26,0.25,2026-07-21T21:36:11.9680000,2026-07-21T21:36:11.9680000,29283.5,29285,1,1,0.0000,-1,P,30,0,2026-07-21T21:36:14.0000000,29285,2026-07-21T21:37:14.0000000,29278.5,29280.25,29281.75,20260924,661
Playback101,Playback,NQ SEP26,0.25,2026-07-21T21:38:01.9840000,2026-07-21T21:38:01.9840000,29284.25,29285.75,1,1,0.0000,1,P,30,0,2026-07-21T21:38:02.0000000,29284.25,2026-07-21T21:39:03.0000000,29290.75,29290.5,29292,20260924,662
Playback101,Playback,NQ SEP26,0.25,2026-07-21T21:39:55.0280000,2026-07-21T21:39:55.0280000,29290.5,29292,1,1,0.0000,-1,P,30,0,2026-07-21T21:39:56.0000000,29292,2026-07-21T21:40:57.0000000,29296,29292.75,29294,20260924,663
Playback101,Playback,NQ SEP26,0.25,2026-07-21T21:41:55.0480000,2026-07-21T21:41:55.0480000,29293.5,29294.5,1,1,0.0000,1,A,30,0,2026-07-21T21:41:56.0000000,29296,2026-07-21T21:42:57.0000000,29293.5,29293.75,29295.25,20260924,664
Playback101,Playback,NQ SEP26,0.25,2026-07-21T21:43:32.0560000,2026-07-21T21:43:32.0560000,29283.5,29284.75,1,1,0.0000,-1,A,30,0,2026-07-21T21:43:33.0000000,29283.25,2026-07-21T21:44:33.0000000,29281.75,29280,29281.5,20260924,665
Playback101,Playback,NQ SEP26,0.25,2026-07-21T21:45:07.0640000,2026-07-21T21:45:07.0640000,29283.25,29285,3,1,0.5000,1,A,30,0,2026-07-21T21:45:08.0000000,29284.75,2026-07-21T21:46:09.0000000,29274.25,29276,29277.5,20260924,666
Playback101,Playback,NQ SEP26,0.25,2026-07-21T21:47:01.0640000,2026-07-21T21:47:01.0640000,29267,29268.75,1,1,0.0000,1,A,30,0,2026-07-21T21:47:02.0000000,29268.75,2026-07-21T21:48:03.0000000,29264.75,29265.25,29266.5,20260924,667
Playback101,Playback,NQ SEP26,0.25,2026-07-21T21:48:33.6200000,2026-07-21T21:48:33.6200000,29263,29264,1,2,-0.3333,1,A,30,0,2026-07-21T21:48:34.0000000,29263.75,2026-07-21T21:49:35.0000000,29274.75,29274.5,29276,20260924,668
Playback101,Playback,NQ SEP26,0.25,2026-07-21T21:50:31.6200000,2026-07-21T21:50:31.6200000,29276.5,29278.25,1,1,0.0000,1,A,30,0,2026-07-21T21:50:32.0000000,29278.5,2026-07-21T21:51:33.0000000,29274.75,29275.25,29276.75,20260924,669
Playback101,Playback,NQ SEP26,0.25,2026-07-21T21:52:02.6600000,2026-07-21T21:52:02.6600000,29276.25,29277.25,1,1,0.0000,-1,A,30,0,2026-07-21T21:52:03.0000000,29274,2026-07-21T21:53:04.0000000,29272.25,29271,29272,20260924,670
Playback101,Playback,NQ SEP26,0.25,2026-07-21T21:53:45.6680000,2026-07-21T21:53:45.6680000,29270.25,29271.75,1,2,-0.3333,-1,A,30,0,2026-07-21T21:53:46.0000000,29269.5,2026-07-21T21:54:47.0000000,29267,29265.75,29267.25,20260924,671
Playback101,Playback,NQ SEP26,0.25,2026-07-21T21:55:28.6880000,2026-07-21T21:55:28.6880000,29262.5,29264,1,1,0.0000,-1,P,30,0,2026-07-21T21:55:29.0000000,29264,2026-07-21T21:56:30.0000000,29277.5,29276.25,29277.5,20260924,672
Playback101,Playback,NQ SEP26,0.25,2026-07-21T21:56:58.7120000,2026-07-21T21:56:58.7120000,29280,29281,1,1,0.0000,1,P,30,0,2026-07-21T21:56:59.0000000,29280,2026-07-21T21:58:00.0000000,29285.75,29285,29286.25,20260924,673
Playback101,Playback,NQ SEP26,0.25,2026-07-21T21:58:46.7640000,2026-07-21T21:58:46.7640000,29287.25,29288.5,2,1,0.3333,-1,A,30,0,2026-07-21T21:58:47.0000000,29287.25,2026-07-21T21:59:48.0000000,29292.75,29291.25,29292.75,20260924,674
Playback101,Playback,NQ SEP26,0.25,2026-07-21T22:00:36.7960000,2026-07-21T22:00:36.7960000,29280.75,29282,2,1,0.3333,-1,P,30,0,2026-07-21T22:00:37.0000000,29282,2026-07-21T22:01:38.0000000,29248.5,29247.75,29249.25,20260924,675
Playback101,Playback,NQ SEP26,0.25,2026-07-21T22:02:25.9720000,2026-07-21T22:02:25.9720000,29238.25,29239.5,1,1,0.0000,1,A,30,0,2026-07-21T22:02:26.0000000,29240.5,2026-07-21T22:03:27.0000000,29241.75,29241.75,29243.25,20260924,676
Playback101,Playback,NQ SEP26,0.25,2026-07-21T22:04:21.0680000,2026-07-21T22:04:21.0680000,29244,29245,1,1,0.0000,-1,P,30,0,2026-07-21T22:04:22.0000000,29245,2026-07-21T22:05:23.0000000,29244.5,29243.5,29244.75,20260924,677
Playback101,Playback,NQ SEP26,0.25,2026-07-21T22:06:06.1760000,2026-07-21T22:06:06.1760000,29242.25,29243.75,1,1,0.0000,1,P,30,0,2026-07-21T22:06:19.0000000,29242.25,2026-07-21T22:07:20.0000000,29243.75,29243,29244.75,20260924,678
Playback101,Playback,NQ SEP26,0.25,2026-07-21T22:07:38.2840000,2026-07-21T22:07:38.2840000,29248,29249.25,1,1,0.0000,-1,P,30,0,2026-07-21T22:07:40.0000000,29249.25,2026-07-21T22:08:41.0000000,29246,29244.75,29246,20260924,679
Playback101,Playback,NQ SEP26,0.25,2026-07-21T22:09:17.3200000,2026-07-21T22:09:17.3200000,29241.5,29243,1,2,-0.3333,-1,A,30,0,2026-07-21T22:09:18.0000000,29241.5,2026-07-21T22:10:19.0000000,29244.75,29244.25,29245.75,20260924,680
Playback101,Playback,NQ SEP26,0.25,2026-07-21T22:11:06.5720000,2026-07-21T22:11:06.5720000,29242.5,29244,1,1,0.0000,-1,A,30,0,2026-07-21T22:11:07.0000000,29242.5,2026-07-21T22:12:08.0000000,29240.75,29241.5,29243.25,20260924,681
Playback101,Playback,NQ SEP26,0.25,2026-07-21T22:12:49.8440000,2026-07-21T22:12:49.8440000,29250.25,29251.5,3,1,0.5000,-1,A,30,0,2026-07-21T22:12:50.0000000,29250.5,2026-07-21T22:13:51.0000000,29259.25,29259.25,29260.5,20260924,682
Playback101,Playback,NQ SEP26,0.25,2026-07-21T22:14:34.8560000,2026-07-21T22:14:34.8560000,29253.25,29254.75,1,2,-0.3333,1,A,30,0,2026-07-21T22:14:35.0000000,29253.75,2026-07-21T22:15:36.0000000,29256,29256,29257.5,20260924,683
Playback101,Playback,NQ SEP26,0.25,2026-07-21T22:16:26.3040000,2026-07-21T22:16:26.3040000,29261.25,29262.5,1,2,-0.3333,1,A,30,0,2026-07-21T22:16:27.0000000,29263.5,2026-07-21T22:17:28.0000000,29264.25,29264.75,29266,20260924,684
Playback101,Playback,NQ SEP26,0.25,2026-07-21T22:18:06.4360000,2026-07-21T22:18:06.4360000,29266,29267.5,1,1,0.0000,1,P,30,0,2026-07-21T22:18:09.0000000,29266,2026-07-21T22:19:09.0000000,29263.75,29262.75,29264.25,20260924,685
Playback101,Playback,NQ SEP26,0.25,2026-07-21T22:19:52.8400000,2026-07-21T22:19:52.8400000,29264.5,29266,1,1,0.0000,1,A,30,0,2026-07-21T22:19:53.0000000,29267.5,2026-07-21T22:20:54.0000000,29258,29258,29259.75,20260924,686
Playback101,Playback,NQ SEP26,0.25,2026-07-21T22:21:27.8520000,2026-07-21T22:21:27.8520000,29251.75,29252.5,1,1,0.0000,1,P,30,0,2026-07-21T22:21:28.0000000,29251.75,2026-07-21T22:22:29.0000000,29261.75,29259.75,29261,20260924,687
Playback101,Playback,NQ SEP26,0.25,2026-07-21T22:23:00.8520000,2026-07-21T22:23:00.8520000,29259,29260.25,1,1,0.0000,-1,P,30,0,2026-07-21T22:23:01.0000000,29260.25,2026-07-21T22:24:01.0000000,29250.25,29249,29250.25,20260924,688
Playback101,Playback,NQ SEP26,0.25,2026-07-21T22:24:30.8920000,2026-07-21T22:24:30.8920000,29247.75,29249.25,1,2,-0.3333,1,A,30,0,2026-07-21T22:24:31.0000000,29248.25,2026-07-21T22:25:31.0000000,29243.75,29243.75,29245,20260924,689
Playback101,Playback,NQ SEP26,0.25,2026-07-21T22:26:22.0280000,2026-07-21T22:26:22.0280000,29253.5,29254.75,1,2,-0.3333,-1,P,30,0,2026-07-21T22:26:31.0000000,29254.75,2026-07-21T22:27:31.0000000,29262.25,29262.25,29263,20260924,690
Playback101,Playback,NQ SEP26,0.25,2026-07-21T22:28:14.2960000,2026-07-21T22:28:14.2960000,29255.5,29256.75,1,1,0.0000,-1,A,30,0,2026-07-21T22:28:15.0000000,29257.25,2026-07-21T22:29:15.0000000,29250.75,29249.25,29250.25,20260924,691
Playback101,Playback,NQ SEP26,0.25,2026-07-21T22:29:57.3000000,2026-07-21T22:29:57.3000000,29247.75,29249.25,1,2,-0.3333,1,A,30,0,2026-07-21T22:29:58.0000000,29249,2026-07-21T22:30:59.0000000,29236.25,29237.5,29239,20260924,692
Playback101,Playback,NQ SEP26,0.25,2026-07-21T22:31:46.3360000,2026-07-21T22:31:46.3360000,29232.25,29233.75,1,1,0.0000,1,P,30,1,2026-07-21T22:32:17.0000000,29235.75,2026-07-21T22:33:18.0000000,29245,29244.25,29245.75,20260924,693
Playback101,Playback,NQ SEP26,0.25,2026-07-21T22:33:19.4040000,2026-07-21T22:33:19.4040000,29243,29244.5,3,1,0.5000,1,P,30,0,2026-07-21T22:33:45.0000000,29243,2026-07-21T22:34:46.0000000,29243.75,29243.75,29245.25,20260924,694
Playback101,Playback,NQ SEP26,0.25,2026-07-21T22:35:02.4040000,2026-07-21T22:35:02.4040000,29243.75,29245,1,2,-0.3333,1,P,30,0,2026-07-21T22:35:03.0000000,29243.75,2026-07-21T22:36:04.0000000,29241.5,29242,29243.5,20260924,695
Playback101,Playback,NQ SEP26,0.25,2026-07-21T22:36:42.4720000,2026-07-21T22:36:42.4720000,29247.5,29248.5,1,1,0.0000,-1,P,30,0,2026-07-21T22:36:47.0000000,29248.5,2026-07-21T22:37:48.0000000,29256.75,29255.25,29256.25,20260924,696
Playback101,Playback,NQ SEP26,0.25,2026-07-21T22:38:18.6200000,2026-07-21T22:38:18.6200000,29249.25,29251,1,1,0.0000,1,A,30,0,2026-07-21T22:38:19.0000000,29249.5,2026-07-21T22:39:19.0000000,29249.25,29249.25,29251,20260924,697
Playback101,Playback,NQ SEP26,0.25,2026-07-21T22:40:12.6400000,2026-07-21T22:40:12.6400000,29253,29254.25,1,2,-0.3333,-1,P,30,0,2026-07-21T22:40:13.0000000,29254.75,2026-07-21T22:41:14.0000000,29253.25,29252,29253.5,20260924,698
Playback101,Playback,NQ SEP26,0.25,2026-07-21T22:41:46.8720000,2026-07-21T22:41:46.8720000,29250.5,29251.75,1,1,0.0000,1,P,30,0,2026-07-21T22:41:49.0000000,29250.5,2026-07-21T22:42:50.0000000,29241,29241.25,29242.25,20260924,699
Playback101,Playback,NQ SEP26,0.25,2026-07-21T22:43:25.8840000,2026-07-21T22:43:25.8840000,29243.25,29244.75,1,2,-0.3333,-1,A,30,0,2026-07-21T22:43:26.0000000,29243.5,2026-07-21T22:44:27.0000000,29247.5,29245.25,29246.5,20260924,700
Playback101,Playback,NQ SEP26,0.25,2026-07-21T22:45:11.9400000,2026-07-21T22:45:11.9400000,29251.25,29252.5,2,1,0.3333,-1,A,30,0,2026-07-21T22:45:12.0000000,29251.25,2026-07-21T22:46:13.0000000,29268.75,29266.5,29267.75,20260924,701
Playback101,Playback,NQ SEP26,0.25,2026-07-21T22:46:47.6080000,2026-07-21T22:46:47.6080000,29273.25,29275,3,1,0.5000,-1,A,30,0,2026-07-21T22:46:48.0000000,29273.5,2026-07-21T22:47:49.0000000,29279,29279,29280,20260924,702
Playback101,Playback,NQ SEP26,0.25,2026-07-21T22:48:26.6240000,2026-07-21T22:48:26.6240000,29286,29286.75,1,1,0.0000,-1,A,30,0,2026-07-21T22:48:27.0000000,29285,2026-07-21T22:49:28.0000000,29285.25,29284,29285.25,20260924,703
Playback101,Playback,NQ SEP26,0.25,2026-07-21T22:49:56.8040000,2026-07-21T22:49:56.8040000,29287,29288,1,1,0.0000,1,A,30,0,2026-07-21T22:49:57.0000000,29287.5,2026-07-21T22:50:58.0000000,29282.25,29282.5,29283.75,20260924,704
Playback101,Playback,NQ SEP26,0.25,2026-07-21T22:51:51.8120000,2026-07-21T22:51:51.8120000,29294.5,29295.5,1,1,0.0000,-1,A,30,0,2026-07-21T22:51:52.0000000,29294.5,2026-07-21T22:52:53.0000000,29305,29303.25,29304.5,20260924,705
Playback101,Playback,NQ SEP26,0.25,2026-07-21T22:53:36.9440000,2026-07-21T22:53:36.9440000,29301.5,29302.75,1,2,-0.3333,-1,P,30,0,2026-07-21T22:53:41.0000000,29302.75,2026-07-21T22:54:42.0000000,29304.25,29303,29304,20260924,706
Playback101,Playback,NQ SEP26,0.25,2026-07-21T22:55:37.1640000,2026-07-21T22:55:37.1640000,29300.75,29302.5,2,3,-0.2000,1,P,30,0,2026-07-21T22:55:38.0000000,29300.75,2026-07-21T22:56:39.0000000,29293.5,29293.75,29295.25,20260924,707
Playback101,Playback,NQ SEP26,0.25,2026-07-21T22:57:29.4160000,2026-07-21T22:57:29.4160000,29291.75,29293.25,2,1,0.3333,-1,P,30,1,2026-07-21T22:58:00.0000000,29290,2026-07-21T22:59:01.0000000,29282.5,29281.75,29283,20260924,708
Playback101,Playback,NQ SEP26,0.25,2026-07-21T22:59:07.6000000,2026-07-21T22:59:07.6000000,29281.75,29282.75,1,1,0.0000,1,A,30,0,2026-07-21T22:59:08.0000000,29282.75,2026-07-21T23:00:09.0000000,29277.25,29277.5,29278.75,20260924,709
Playback101,Playback,NQ SEP26,0.25,2026-07-21T23:00:47.6080000,2026-07-21T23:00:47.6080000,29263.25,29264.5,1,2,-0.3333,1,P,30,0,2026-07-21T23:00:48.0000000,29263.25,2026-07-21T23:01:49.0000000,29257.75,29257.25,29258.75,20260924,710
Playback101,Playback,NQ SEP26,0.25,2026-07-21T23:02:43.6560000,2026-07-21T23:02:43.6560000,29253.25,29254.5,2,1,0.3333,-1,A,30,0,2026-07-21T23:02:44.0000000,29254,2026-07-21T23:03:45.0000000,29262.25,29260.25,29262,20260924,711
Playback101,Playback,NQ SEP26,0.25,2026-07-21T23:04:27.6720000,2026-07-21T23:04:27.6720000,29267.25,29268.5,1,2,-0.3333,1,A,30,0,2026-07-21T23:04:28.0000000,29267.5,2026-07-21T23:05:29.0000000,29268.25,29267.25,29268.75,20260924,712
Playback101,Playback,NQ SEP26,0.25,2026-07-21T23:06:10.7240000,2026-07-21T23:06:10.7240000,29253.5,29254.75,1,1,0.0000,1,A,30,0,2026-07-21T23:06:11.0000000,29254.75,2026-07-21T23:07:12.0000000,29245,29244.75,29246,20260924,713
Playback101,Playback,NQ SEP26,0.25,2026-07-21T23:07:53.7320000,2026-07-21T23:07:53.7320000,29246.5,29248,1,1,0.0000,1,P,30,0,2026-07-21T23:07:54.0000000,29245,2026-07-21T23:08:55.0000000,29244.75,29244.75,29246,20260924,714
Playback101,Playback,NQ SEP26,0.25,2026-07-21T23:09:42.9800000,2026-07-21T23:09:42.9800000,29246.5,29247.5,1,3,-0.5000,-1,A,30,0,2026-07-21T23:09:43.0000000,29246.5,2026-07-21T23:10:44.0000000,29248.25,29247.5,29249.25,20260924,715
Playback101,Playback,NQ SEP26,0.25,2026-07-21T23:11:38.2360000,2026-07-21T23:11:38.2360000,29250.75,29252,1,3,-0.5000,-1,P,30,0,2026-07-21T23:11:52.0000000,29252,2026-07-21T23:12:53.0000000,29259,29256,29257.25,20260924,716
Playback101,Playback,NQ SEP26,0.25,2026-07-21T23:13:17.3080000,2026-07-21T23:13:17.3080000,29262.75,29263.5,1,1,0.0000,1,P,30,0,2026-07-21T23:13:21.0000000,29262.75,2026-07-21T23:14:22.0000000,29257.5,29257.25,29258.5,20260924,717
Playback101,Playback,NQ SEP26,0.25,2026-07-21T23:15:00.3560000,2026-07-21T23:15:00.3560000,29260.5,29261.75,1,1,0.0000,-1,A,30,0,2026-07-21T23:15:01.0000000,29260,2026-07-21T23:16:02.0000000,29256.25,29257,29258,20260924,718
Playback101,Playback,NQ SEP26,0.25,2026-07-21T23:16:54.3640000,2026-07-21T23:16:54.3640000,29261,29262.75,1,1,0.0000,-1,A,30,0,2026-07-21T23:16:55.0000000,29259,2026-07-21T23:17:56.0000000,29258.75,29257,29258.25,20260924,719
Playback101,Playback,NQ SEP26,0.25,2026-07-21T23:18:43.3720000,2026-07-21T23:18:43.3720000,29255.75,29256.75,1,1,0.0000,-1,P,30,0,2026-07-21T23:18:44.0000000,29258.25,2026-07-21T23:19:45.0000000,29259.5,29257.75,29259.25,20260924,720
Playback101,Playback,NQ SEP26,0.25,2026-07-21T23:20:41.4520000,2026-07-21T23:20:41.4520000,29257.75,29258.5,1,1,0.0000,1,P,30,0,2026-07-21T23:20:43.0000000,29257.75,2026-07-21T23:21:44.0000000,29260.25,29260.25,29261.75,20260924,721
Playback101,Playback,NQ SEP26,0.25,2026-07-21T23:22:33.5840000,2026-07-21T23:22:33.5840000,29260,29261.75,3,1,0.5000,1,A,30,0,2026-07-21T23:22:34.0000000,29260.25,2026-07-21T23:23:35.0000000,29262.5,29262.25,29263.5,20260924,722
Playback101,Playback,NQ SEP26,0.25,2026-07-21T23:24:15.8240000,2026-07-21T23:24:15.8240000,29262.75,29264.25,1,1,0.0000,1,A,30,0,2026-07-21T23:24:16.0000000,29264.25,2026-07-21T23:25:17.0000000,29263.5,29263.75,29265.25,20260924,723
Playback101,Playback,NQ SEP26,0.25,2026-07-21T23:26:11.9120000,2026-07-21T23:26:11.9120000,29256.5,29258,1,1,0.0000,-1,P,30,0,2026-07-21T23:26:16.0000000,29258,2026-07-21T23:27:17.0000000,29258.5,29257.25,29259,20260924,724
Playback101,Playback,NQ SEP26,0.25,2026-07-21T23:28:10.0280000,2026-07-21T23:28:10.0280000,29272.75,29273.75,1,2,-0.3333,1,A,30,0,2026-07-21T23:28:11.0000000,29274,2026-07-21T23:29:12.0000000,29280.25,29280,29281.25,20260924,725
Playback101,Playback,NQ SEP26,0.25,2026-07-21T23:29:57.3440000,2026-07-21T23:29:57.3440000,29276.25,29277.5,2,1,0.3333,1,P,30,0,2026-07-21T23:29:58.0000000,29276.25,2026-07-21T23:30:59.0000000,29260,29260.5,29261.75,20260924,726
Playback101,Playback,NQ SEP26,0.25,2026-07-21T23:31:34.3640000,2026-07-21T23:31:34.3640000,29265.75,29267,1,1,0.0000,1,P,30,0,2026-07-21T23:31:39.0000000,29265.75,2026-07-21T23:32:40.0000000,29271.75,29269.75,29271,20260924,727
Playback101,Playback,NQ SEP26,0.25,2026-07-21T23:33:20.3640000,2026-07-21T23:33:20.3640000,29261.75,29263.25,3,1,0.5000,1,P,30,0,2026-07-21T23:33:21.0000000,29261.5,2026-07-21T23:34:22.0000000,29255.5,29256,29257.25,20260924,728
Playback101,Playback,NQ SEP26,0.25,2026-07-21T23:35:09.5880000,2026-07-21T23:35:09.5880000,29252.75,29254.25,1,3,-0.5000,-1,P,30,0,2026-07-21T23:35:10.0000000,29254.5,2026-07-21T23:36:11.0000000,29250.5,29250.5,29252,20260924,729
Playback101,Playback,NQ SEP26,0.25,2026-07-21T23:36:39.7320000,2026-07-21T23:36:39.7320000,29247.5,29249.25,3,1,0.5000,-1,A,30,0,2026-07-21T23:36:40.0000000,29247,2026-07-21T23:37:41.0000000,29250,29248.75,29250,20260924,730
Playback101,Playback,NQ SEP26,0.25,2026-07-21T23:38:39.7680000,2026-07-21T23:38:39.7680000,29245.75,29247,2,1,0.3333,-1,A,30,0,2026-07-21T23:38:40.0000000,29249,2026-07-21T23:39:41.0000000,29245.25,29244.25,29245.25,20260924,731
Playback101,Playback,NQ SEP26,0.25,2026-07-21T23:40:12.9240000,2026-07-21T23:40:12.9240000,29245.75,29246.75,1,1,0.0000,-1,A,30,0,2026-07-21T23:40:13.0000000,29245.5,2026-07-21T23:41:14.0000000,29259.5,29258.25,29259.5,20260924,732
Playback101,Playback,NQ SEP26,0.25,2026-07-21T23:42:00.9520000,2026-07-21T23:42:00.9520000,29259.75,29261,1,1,0.0000,1,P,30,0,2026-07-21T23:42:12.0000000,29259.75,2026-07-21T23:43:13.0000000,29253.25,29253.25,29254.75,20260924,733
Playback101,Playback,NQ SEP26,0.25,2026-07-21T23:44:01.2160000,2026-07-21T23:44:01.2160000,29252.25,29253,3,2,0.2000,1,P,30,0,2026-07-21T23:44:02.0000000,29252.25,2026-07-21T23:45:03.0000000,29251.75,29251.75,29252,20260924,734
Playback101,Playback,NQ SEP26,0.25,2026-07-21T23:45:48.2840000,2026-07-21T23:45:48.2840000,29247.75,29249,1,1,0.0000,-1,P,30,0,2026-07-21T23:45:53.0000000,29249,2026-07-21T23:46:54.0000000,29257.25,29255.75,29256.75,20260924,735
Playback101,Playback,NQ SEP26,0.25,2026-07-21T23:47:31.3360000,2026-07-21T23:47:31.3360000,29258.5,29259.5,1,1,0.0000,1,P,30,1,2026-07-21T23:48:02.0000000,29263,2026-07-21T23:49:03.0000000,29255.75,29256.75,29257.75,20260924,736
Playback101,Playback,NQ SEP26,0.25,2026-07-21T23:49:04.7440000,2026-07-21T23:49:04.7440000,29256.5,29257.75,1,1,0.0000,1,A,30,0,2026-07-21T23:49:05.0000000,29257.75,2026-07-21T23:50:06.0000000,29259.75,29259.5,29260.5,20260924,737
Playback101,Playback,NQ SEP26,0.25,2026-07-21T23:50:35.7840000,2026-07-21T23:50:35.7840000,29256.75,29258,1,2,-0.3333,1,P,30,0,2026-07-21T23:50:41.0000000,29256.75,2026-07-21T23:51:42.0000000,29252.75,29252.75,29253,20260924,738
Playback101,Playback,NQ SEP26,0.25,2026-07-21T23:52:07.8480000,2026-07-21T23:52:07.8480000,29252,29253,1,1,0.0000,1,P,30,0,2026-07-21T23:52:08.0000000,29252,2026-07-21T23:53:09.0000000,29248.25,29248.25,29249.5,20260924,739
Playback101,Playback,NQ SEP26,0.25,2026-07-21T23:54:06.8680000,2026-07-21T23:54:06.8680000,29252.25,29253.25,2,1,0.3333,1,P,30,0,2026-07-21T23:54:08.0000000,29252.25,2026-07-21T23:55:09.0000000,29253.5,29251.75,29253,20260924,740
Playback101,Playback,NQ SEP26,0.25,2026-07-21T23:55:55.9200000,2026-07-21T23:55:55.9200000,29246,29247.25,2,2,0.0000,-1,A,30,0,2026-07-21T23:55:56.0000000,29246,2026-07-21T23:56:57.0000000,29238,29237.25,29238,20260924,741
Playback101,Playback,NQ SEP26,0.25,2026-07-21T23:57:46.9200000,2026-07-21T23:57:46.9200000,29234.5,29235.75,1,5,-0.6667,-1,A,30,0,2026-07-21T23:57:47.0000000,29234.75,2026-07-21T23:58:48.0000000,29233.75,29233.25,29234,20260924,742
Playback101,Playback,NQ SEP26,0.25,2026-07-21T23:59:18.9200000,2026-07-21T23:59:18.9200000,29234.25,29235,1,2,-0.3333,-1,A,30,0,2026-07-21T23:59:19.0000000,29233.25,2026-07-22T00:00:19.0000000,29230.75,29229,29230.25,20260924,743
Playback101,Playback,NQ SEP26,0.25,2026-07-22T00:01:06.1640000,2026-07-22T00:01:06.1640000,29231.75,29233,2,2,0.0000,1,A,30,0,2026-07-22T00:01:07.0000000,29232.25,2026-07-22T00:02:08.0000000,29235.25,29235,29236,20260924,744
Playback101,Playback,NQ SEP26,0.25,2026-07-22T00:02:43.2520000,2026-07-22T00:02:43.2520000,29233.5,29234.75,1,3,-0.5000,-1,P,30,0,2026-07-22T00:02:45.0000000,29234.75,2026-07-22T00:03:46.0000000,29231,29228.75,29229.75,20260924,745
Playback101,Playback,NQ SEP26,0.25,2026-07-22T00:04:24.3560000,2026-07-22T00:04:24.3560000,29234.75,29235.75,1,1,0.0000,1,P,30,0,2026-07-22T00:04:25.0000000,29234.75,2026-07-22T00:05:26.0000000,29233.25,29233.25,29234.25,20260924,746
Playback101,Playback,NQ SEP26,0.25,2026-07-22T00:05:57.4440000,2026-07-22T00:05:57.4440000,29235.75,29237,1,1,0.0000,-1,A,30,0,2026-07-22T00:05:58.0000000,29235.5,2026-07-22T00:06:59.0000000,29243,29241.5,29242.5,20260924,747
Playback101,Playback,NQ SEP26,0.25,2026-07-22T00:07:33.4840000,2026-07-22T00:07:33.4840000,29235.5,29236.25,1,1,0.0000,-1,A,30,0,2026-07-22T00:07:34.0000000,29235.5,2026-07-22T00:08:35.0000000,29229,29228.25,29230,20260924,748
Playback101,Playback,NQ SEP26,0.25,2026-07-22T00:09:05.4840000,2026-07-22T00:09:05.4840000,29227.25,29229,1,2,-0.3333,1,A,30,0,2026-07-22T00:09:06.0000000,29229,2026-07-22T00:10:06.0000000,29216.5,29216.25,29217.75,20260924,749
Playback101,Playback,NQ SEP26,0.25,2026-07-22T00:11:01.6760000,2026-07-22T00:11:01.6760000,29217,29217.75,1,1,0.0000,-1,P,30,1,2026-07-22T00:11:32.0000000,29214.25,2026-07-22T00:12:33.0000000,29213.75,29212.25,29213.5,20260924,750
Playback101,Playback,NQ SEP26,0.25,2026-07-22T00:12:36.6760000,2026-07-22T00:12:36.6760000,29215.5,29217,3,1,0.5000,1,A,30,0,2026-07-22T00:12:37.0000000,29217,2026-07-22T00:13:38.0000000,29218,29217.25,29218.25,20260924,751
Playback101,Playback,NQ SEP26,0.25,2026-07-22T00:14:15.8000000,2026-07-22T00:14:15.8000000,29215,29216.25,1,1,0.0000,-1,P,30,0,2026-07-22T00:14:16.0000000,29216.25,2026-07-22T00:15:17.0000000,29218.75,29217.5,29219,20260924,752
Playback101,Playback,NQ SEP26,0.25,2026-07-22T00:16:13.8480000,2026-07-22T00:16:13.8480000,29220.5,29221.75,2,2,0.0000,1,P,30,0,2026-07-22T00:16:14.0000000,29220.25,2026-07-22T00:17:15.0000000,29223.5,29223.5,29225,20260924,753
Playback101,Playback,NQ SEP26,0.25,2026-07-22T00:17:52.9440000,2026-07-22T00:17:52.9440000,29216.25,29217.25,1,1,0.0000,-1,A,30,0,2026-07-22T00:17:53.0000000,29216.5,2026-07-22T00:18:54.0000000,29217.5,29215.75,29217,20260924,754
Playback101,Playback,NQ SEP26,0.25,2026-07-22T00:19:46.0800000,2026-07-22T00:19:46.0800000,29218.5,29220,4,1,0.6000,-1,A,30,0,2026-07-22T00:19:47.0000000,29219.25,2026-07-22T00:20:48.0000000,29219.5,29219,29219.75,20260924,755
Playback101,Playback,NQ SEP26,0.25,2026-07-22T00:21:32.3960000,2026-07-22T00:21:32.3960000,29224.75,29226.25,1,2,-0.3333,-1,A,30,0,2026-07-22T00:21:33.0000000,29223.75,2026-07-22T00:22:34.0000000,29230.25,29228.75,29230,20260924,756
Playback101,Playback,NQ SEP26,0.25,2026-07-22T00:23:14.4120000,2026-07-22T00:23:14.4120000,29232.75,29233.75,1,1,0.0000,-1,P,30,0,2026-07-22T00:23:16.0000000,29233.75,2026-07-22T00:24:17.0000000,29247.75,29247,29247.75,20260924,757
Playback101,Playback,NQ SEP26,0.25,2026-07-22T00:24:53.4200000,2026-07-22T00:24:53.4200000,29249.25,29250.5,2,1,0.3333,1,A,30,0,2026-07-22T00:24:54.0000000,29249.5,2026-07-22T00:25:55.0000000,29253,29253,29254,20260924,758
Playback101,Playback,NQ SEP26,0.25,2026-07-22T00:26:47.5240000,2026-07-22T00:26:47.5240000,29256.5,29258,1,2,-0.3333,-1,P,30,0,2026-07-22T00:26:49.0000000,29258,2026-07-22T00:27:50.0000000,29254.75,29254,29255.25,20260924,759
Playback101,Playback,NQ SEP26,0.25,2026-07-22T00:28:23.6000000,2026-07-22T00:28:23.6000000,29257,29258,2,1,0.3333,1,P,30,0,2026-07-22T00:28:24.0000000,29257,2026-07-22T00:29:25.0000000,29256.25,29257.25,29258.25,20260924,760
Playback101,Playback,NQ SEP26,0.25,2026-07-22T00:30:19.6040000,2026-07-22T00:30:19.6040000,29265.5,29266,1,2,-0.3333,1,A,30,0,2026-07-22T00:30:20.0000000,29266,2026-07-22T00:31:21.0000000,29253.25,29252.25,29253.75,20260924,761
Playback101,Playback,NQ SEP26,0.25,2026-07-22T00:32:17.7840000,2026-07-22T00:32:17.7840000,29239.25,29240.5,1,1,0.0000,-1,P,30,0,2026-07-22T00:32:20.0000000,29240.5,2026-07-22T00:33:21.0000000,29224.5,29224,29224.75,20260924,762
Playback101,Playback,NQ SEP26,0.25,2026-07-22T00:33:58.8440000,2026-07-22T00:33:58.8440000,29224.75,29225.75,1,2,-0.3333,1,A,30,0,2026-07-22T00:33:59.0000000,29225.75,2026-07-22T00:35:00.0000000,29226.25,29224.25,29225.75,20260924,763
Playback101,Playback,NQ SEP26,0.25,2026-07-22T00:35:29.9200000,2026-07-22T00:35:29.9200000,29224,29225.25,2,1,0.3333,-1,P,30,0,2026-07-22T00:35:31.0000000,29225.25,2026-07-22T00:36:32.0000000,29227,29227.25,29229,20260924,764
Playback101,Playback,NQ SEP26,0.25,2026-07-22T00:37:30.0840000,2026-07-22T00:37:30.0840000,29219.5,29221,1,2,-0.3333,1,A,30,0,2026-07-22T00:37:31.0000000,29221.25,2026-07-22T00:38:32.0000000,29223.75,29224.5,29225.75,20260924,765
Playback101,Playback,NQ SEP26,0.25,2026-07-22T00:39:05.1360000,2026-07-22T00:39:05.1360000,29229.5,29231,2,1,0.3333,-1,A,30,0,2026-07-22T00:39:06.0000000,29226.75,2026-07-22T00:40:07.0000000,29229.25,29227.5,29229,20260924,766
Playback101,Playback,NQ SEP26,0.25,2026-07-22T00:40:40.2040000,2026-07-22T00:40:40.2040000,29228.75,29230,2,1,0.3333,1,A,30,0,2026-07-22T00:40:41.0000000,29230,2026-07-22T00:41:42.0000000,29226,29226.75,29228,20260924,767
Playback101,Playback,NQ SEP26,0.25,2026-07-22T00:42:18.2360000,2026-07-22T00:42:18.2360000,29226.5,29228,1,2,-0.3333,-1,P,30,1,2026-07-22T00:42:49.0000000,29220,2026-07-22T00:43:50.0000000,29225.75,29224.75,29226,20260924,768
Playback101,Playback,NQ SEP26,0.25,2026-07-22T00:44:08.3240000,2026-07-22T00:44:08.3240000,29224.75,29225.75,1,1,0.0000,-1,P,30,0,2026-07-22T00:44:12.0000000,29225.75,2026-07-22T00:45:13.0000000,29234.25,29233.25,29234.25,20260924,769
Playback101,Playback,NQ SEP26,0.25,2026-07-22T00:46:05.3280000,2026-07-22T00:46:05.3280000,29237,29238.5,1,2,-0.3333,-1,A,30,0,2026-07-22T00:46:06.0000000,29237.5,2026-07-22T00:47:06.0000000,29236,29235.25,29237,20260924,770
Playback101,Playback,NQ SEP26,0.25,2026-07-22T00:47:51.3880000,2026-07-22T00:47:51.3880000,29238.75,29239.75,1,1,0.0000,1,A,30,0,2026-07-22T00:47:52.0000000,29239.5,2026-07-22T00:48:53.0000000,29237.25,29238.25,29239.5,20260924,771
Playback101,Playback,NQ SEP26,0.25,2026-07-22T00:49:42.3920000,2026-07-22T00:49:42.3920000,29232.25,29234,2,3,-0.2000,-1,A,30,0,2026-07-22T00:49:43.0000000,29231.75,2026-07-22T00:50:44.0000000,29231,29229.75,29231,20260924,772
Playback101,Playback,NQ SEP26,0.25,2026-07-22T00:51:12.7600000,2026-07-22T00:51:12.7600000,29226.25,29227.25,1,1,0.0000,1,P,30,0,2026-07-22T00:51:13.0000000,29226.25,2026-07-22T00:52:14.0000000,29207.25,29207.5,29208.5,20260924,773
Playback101,Playback,NQ SEP26,0.25,2026-07-22T00:53:13.0760000,2026-07-22T00:53:13.0760000,29202.75,29203.75,1,2,-0.3333,1,A,30,0,2026-07-22T00:53:14.0000000,29202.5,2026-07-22T00:54:15.0000000,29202,29202.25,29203,20260924,774
Playback101,Playback,NQ SEP26,0.25,2026-07-22T00:54:50.4160000,2026-07-22T00:54:50.4160000,29197,29198,2,1,0.3333,1,A,30,0,2026-07-22T00:54:51.0000000,29198.25,2026-07-22T00:55:52.0000000,29199.5,29198.75,29199.75,20260924,775
Playback101,Playback,NQ SEP26,0.25,2026-07-22T00:56:31.5040000,2026-07-22T00:56:31.5040000,29192.25,29193.75,2,1,0.3333,-1,P,30,0,2026-07-22T00:56:42.0000000,29193.75,2026-07-22T00:57:43.0000000,29193,29191.75,29193,20260924,776
Playback101,Playback,NQ SEP26,0.25,2026-07-22T00:58:03.5160000,2026-07-22T00:58:03.5160000,29195,29196,2,1,0.3333,1,A,30,0,2026-07-22T00:58:04.0000000,29195,2026-07-22T00:59:05.0000000,29197,29197.5,29198.75,20260924,777
Playback101,Playback,NQ SEP26,0.25,2026-07-22T00:59:36.5440000,2026-07-22T00:59:36.5440000,29204.25,29205.25,1,2,-0.3333,-1,P,30,1,2026-07-22T01:00:07.0000000,29202.75,2026-07-22T01:01:08.0000000,29211.5,29207.75,29209,20260924,778
Playback101,Playback,NQ SEP26,0.25,2026-07-22T01:01:28.6560000,2026-07-22T01:01:28.6560000,29201.5,29202.75,1,1,0.0000,1,A,30,0,2026-07-22T01:01:29.0000000,29203,2026-07-22T01:02:30.0000000,29197.25,29197,29198,20260924,779
Playback101,Playback,NQ SEP26,0.25,2026-07-22T01:03:11.6640000,2026-07-22T01:03:11.6640000,29198.5,29199.5,1,1,0.0000,1,A,30,0,2026-07-22T01:03:12.0000000,29199.5,2026-07-22T01:04:13.0000000,29207.75,29207,29208.25,20260924,780
Playback101,Playback,NQ SEP26,0.25,2026-07-22T01:04:55.7200000,2026-07-22T01:04:55.7200000,29209.75,29211,1,1,0.0000,-1,P,30,0,2026-07-22T01:04:57.0000000,29211,2026-07-22T01:05:58.0000000,29215.75,29214.75,29215.75,20260924,781
Playback101,Playback,NQ SEP26,0.25,2026-07-22T01:06:55.7400000,2026-07-22T01:06:55.7400000,29219.75,29221,1,1,0.0000,1,A,30,0,2026-07-22T01:06:56.0000000,29220,2026-07-22T01:07:57.0000000,29221.75,29221.75,29223.25,20260924,782
Playback101,Playback,NQ SEP26,0.25,2026-07-22T01:08:50.7480000,2026-07-22T01:08:50.7480000,29222.25,29223.5,2,1,0.3333,1,P,30,0,2026-07-22T01:08:51.0000000,29222.25,2026-07-22T01:09:52.0000000,29219,29219,29220.25,20260924,783
Playback101,Playback,NQ SEP26,0.25,2026-07-22T01:10:42.8120000,2026-07-22T01:10:42.8120000,29218.5,29219.75,2,1,0.3333,1,A,30,0,2026-07-22T01:10:43.0000000,29219.75,2026-07-22T01:11:44.0000000,29217.5,29217.25,29218.75,20260924,784
Playback101,Playback,NQ SEP26,0.25,2026-07-22T01:12:17.8600000,2026-07-22T01:12:17.8600000,29217.5,29219,2,2,0.0000,1,A,30,0,2026-07-22T01:12:18.0000000,29218.5,2026-07-22T01:13:19.0000000,29209.75,29210.25,29211.25,20260924,785
Playback101,Playback,NQ SEP26,0.25,2026-07-22T01:13:58.0280000,2026-07-22T01:13:58.0280000,29211.75,29213,2,1,0.3333,1,P,30,0,2026-07-22T01:13:59.0000000,29211.75,2026-07-22T01:15:00.0000000,29213.25,29214.75,29215.75,20260924,786
Playback101,Playback,NQ SEP26,0.25,2026-07-22T01:15:28.0560000,2026-07-22T01:15:28.0560000,29220,29221.5,1,1,0.0000,-1,P,30,0,2026-07-22T01:15:32.0000000,29221.5,2026-07-22T01:16:33.0000000,29220.75,29220,29220.75,20260924,787
Playback101,Playback,NQ SEP26,0.25,2026-07-22T01:17:22.0560000,2026-07-22T01:17:22.0560000,29219.25,29220.75,2,1,0.3333,1,P,30,0,2026-07-22T01:17:24.0000000,29219.25,2026-07-22T01:18:25.0000000,29218.5,29219.75,29221,20260924,788
Playback101,Playback,NQ SEP26,0.25,2026-07-22T01:19:22.3040000,2026-07-22T01:19:22.3040000,29225,29225.75,1,1,0.0000,-1,P,30,0,2026-07-22T01:19:25.0000000,29225.75,2026-07-22T01:20:25.0000000,29227.25,29226,29227.25,20260924,789
Playback101,Playback,NQ SEP26,0.25,2026-07-22T01:20:58.3360000,2026-07-22T01:20:58.3360000,29227.75,29228.75,1,1,0.0000,-1,P,30,0,2026-07-22T01:20:59.0000000,29228.75,2026-07-22T01:22:00.0000000,29229.75,29228.75,29229.75,20260924,790
Playback101,Playback,NQ SEP26,0.25,2026-07-22T01:22:38.4120000,2026-07-22T01:22:38.4120000,29231,29232.25,1,2,-0.3333,-1,P,30,0,2026-07-22T01:22:41.0000000,29232.25,2026-07-22T01:23:42.0000000,29236,29235.25,29236.25,20260924,791
Playback101,Playback,NQ SEP26,0.25,2026-07-22T01:24:29.4120000,2026-07-22T01:24:29.4120000,29233.75,29235,3,1,0.5000,1,P,30,0,2026-07-22T01:24:32.0000000,29233.75,2026-07-22T01:25:33.0000000,29228,29228.75,29229.75,20260924,792
Playback101,Playback,NQ SEP26,0.25,2026-07-22T01:26:12.4480000,2026-07-22T01:26:12.4480000,29230,29231.5,4,2,0.3333,-1,A,30,0,2026-07-22T01:26:13.0000000,29229.75,2026-07-22T01:27:14.0000000,29227,29225.5,29226.75,20260924,793
Playback101,Playback,NQ SEP26,0.25,2026-07-22T01:27:58.4600000,2026-07-22T01:27:58.4600000,29228.75,29229.75,2,2,0.0000,1,A,30,0,2026-07-22T01:27:59.0000000,29229.75,2026-07-22T01:29:01.0000000,29236,29236,29237,20260924,794
Playback101,Playback,NQ SEP26,0.25,2026-07-22T01:29:49.5000000,2026-07-22T01:29:49.5000000,29234,29234.75,1,1,0.0000,-1,P,30,1,2026-07-22T01:30:20.0000000,29226.75,2026-07-22T01:31:21.0000000,29222.75,29221.25,29222.5,20260924,795
Playback101,Playback,NQ SEP26,0.25,2026-07-22T01:31:30.0200000,2026-07-22T01:31:30.0200000,29223,29224,2,2,0.0000,1,P,30,0,2026-07-22T01:31:31.0000000,29223,2026-07-22T01:32:32.0000000,29224,29224.5,29225.25,20260924,796
Playback101,Playback,NQ SEP26,0.25,2026-07-22T01:33:19.1560000,2026-07-22T01:33:19.1560000,29225.25,29226.5,1,3,-0.5000,1,P,30,0,2026-07-22T01:33:20.0000000,29225.25,2026-07-22T01:34:21.0000000,29223.5,29223,29224.25,20260924,797
Playback101,Playback,NQ SEP26,0.25,2026-07-22T01:35:09.2080000,2026-07-22T01:35:09.2080000,29217,29218.25,1,2,-0.3333,-1,P,30,0,2026-07-22T01:35:17.0000000,29218.25,2026-07-22T01:36:18.0000000,29219.75,29218.75,29219.75,20260924,798
Playback101,Playback,NQ SEP26,0.25,2026-07-22T01:37:08.6200000,2026-07-22T01:37:08.6200000,29217.75,29219,1,2,-0.3333,1,A,30,0,2026-07-22T01:37:09.0000000,29219.25,2026-07-22T01:38:10.0000000,29212.75,29213,29214.25,20260924,799
Playback101,Playback,NQ SEP26,0.25,2026-07-22T01:38:55.1000000,2026-07-22T01:38:55.1000000,29218,29219,1,1,0.0000,-1,A,30,0,2026-07-22T01:38:56.0000000,29218,2026-07-22T01:39:57.0000000,29214.75,29213.75,29215,20260924,800
Playback101,Playback,NQ SEP26,0.25,2026-07-22T01:40:27.1520000,2026-07-22T01:40:27.1520000,29209.5,29210.75,2,1,0.3333,1,P,30,0,2026-07-22T01:40:34.0000000,29209.5,2026-07-22T01:41:35.0000000,29213.75,29216.5,29217.75,20260924,801
Playback101,Playback,NQ SEP26,0.25,2026-07-22T01:42:11.2520000,2026-07-22T01:42:11.2520000,29214.25,29215.5,1,1,0.0000,1,P,30,0,2026-07-22T01:42:14.0000000,29214.25,2026-07-22T01:43:15.0000000,29212.75,29213.5,29214.5,20260924,802
Playback101,Playback,NQ SEP26,0.25,2026-07-22T01:43:42.3320000,2026-07-22T01:43:42.3320000,29214,29215.5,1,3,-0.5000,-1,P,30,0,2026-07-22T01:43:44.0000000,29215.5,2026-07-22T01:44:45.0000000,29218.5,29217.25,29218.5,20260924,803
Playback101,Playback,NQ SEP26,0.25,2026-07-22T01:45:35.3720000,2026-07-22T01:45:35.3720000,29214.5,29215.75,1,1,0.0000,1,P,30,0,2026-07-22T01:45:36.0000000,29214.5,2026-07-22T01:46:37.0000000,29210.5,29211,29212.25,20260924,804
Playback101,Playback,NQ SEP26,0.25,2026-07-22T01:47:13.3200000,2026-07-22T01:47:13.3200000,29206.25,29207.25,1,3,-0.5000,1,A,30,0,2026-07-22T01:47:14.0000000,29207,2026-07-22T01:48:15.0000000,29213,29213.25,29214.5,20260924,805
Playback101,Playback,NQ SEP26,0.25,2026-07-22T01:48:59.5320000,2026-07-22T01:48:59.5320000,29213,29214.25,1,3,-0.5000,-1,A,30,0,2026-07-22T01:49:00.0000000,29212.25,2026-07-22T01:50:01.0000000,29209.75,29208.25,29209.5,20260924,806
Playback101,Playback,NQ SEP26,0.25,2026-07-22T01:50:42.5560000,2026-07-22T01:50:42.5560000,29208,29209.5,1,2,-0.3333,-1,P,30,1,2026-07-22T01:51:13.0000000,29206.5,2026-07-22T01:52:14.0000000,29211.5,29210,29211.25,20260924,807
Playback101,Playback,NQ SEP26,0.25,2026-07-22T01:52:38.7480000,2026-07-22T01:52:38.7480000,29208.5,29209.75,1,1,0.0000,-1,A,30,0,2026-07-22T01:52:39.0000000,29208,2026-07-22T01:53:40.0000000,29209.75,29208.25,29209.75,20260924,808
Playback101,Playback,NQ SEP26,0.25,2026-07-22T01:54:18.9640000,2026-07-22T01:54:18.9640000,29204.5,29205.75,1,2,-0.3333,-1,P,30,0,2026-07-22T01:54:28.0000000,29205.75,2026-07-22T01:55:29.0000000,29201.75,29200.5,29201.75,20260924,809
Playback101,Playback,NQ SEP26,0.25,2026-07-22T01:56:07.3120000,2026-07-22T01:56:07.3120000,29197.75,29198.75,1,1,0.0000,-1,A,30,0,2026-07-22T01:56:08.0000000,29198.75,2026-07-22T01:57:09.0000000,29198.75,29197.25,29198.25,20260924,810
Playback101,Playback,NQ SEP26,0.25,2026-07-22T01:58:06.5760000,2026-07-22T01:58:06.5760000,29205.25,29206.25,2,1,0.3333,1,P,30,0,2026-07-22T01:58:07.0000000,29205.25,2026-07-22T01:59:08.0000000,29216,29216.25,29217.5,20260924,811
Playback101,Playback,NQ SEP26,0.25,2026-07-22T01:59:58.5960000,2026-07-22T01:59:58.5960000,29220.5,29221.75,3,1,0.5000,1,P,30,0,2026-07-22T02:00:17.0000000,29220.5,2026-07-22T02:01:18.0000000,29216.75,29217,29218.5,20260924,812
Playback101,Playback,NQ SEP26,0.25,2026-07-22T02:01:49.6840000,2026-07-22T02:01:49.6840000,29212.75,29214,4,1,0.6000,1,A,30,0,2026-07-22T02:01:50.0000000,29214.25,2026-07-22T02:02:51.0000000,29210,29209.5,29210.5,20260924,813
Playback101,Playback,NQ SEP26,0.25,2026-07-22T02:03:46.1800000,2026-07-22T02:03:46.1800000,29204,29205.5,3,1,0.5000,-1,A,30,0,2026-07-22T02:03:47.0000000,29203.75,2026-07-22T02:04:48.0000000,29206.5,29204.75,29206,20260924,814
Playback101,Playback,NQ SEP26,0.25,2026-07-22T02:05:20.1880000,2026-07-22T02:05:20.1880000,29198,29199.5,2,1,0.3333,1,P,30,0,2026-07-22T02:05:22.0000000,29198,2026-07-22T02:06:22.0000000,29198,29196.25,29197.75,20260924,815
Playback101,Playback,NQ SEP26,0.25,2026-07-22T02:07:14.4520000,2026-07-22T02:07:14.4520000,29193.5,29194.5,1,1,0.0000,1,P,30,0,2026-07-22T02:07:15.0000000,29193.5,2026-07-22T02:08:16.0000000,29192.25,29192.5,29193.25,20260924,816
Playback101,Playback,NQ SEP26,0.25,2026-07-22T02:08:52.4880000,2026-07-22T02:08:52.4880000,29188.75,29190,2,1,0.3333,1,A,30,0,2026-07-22T02:08:53.0000000,29189.25,2026-07-22T02:09:54.0000000,29187,29185.75,29187,20260924,817
Playback101,Playback,NQ SEP26,0.25,2026-07-22T02:10:28.5040000,2026-07-22T02:10:28.5040000,29183.75,29185,1,1,0.0000,1,A,30,0,2026-07-22T02:10:29.0000000,29184.5,2026-07-22T02:11:30.0000000,29189.75,29188.75,29189.75,20260924,818
Playback101,Playback,NQ SEP26,0.25,2026-07-22T02:12:18.6840000,2026-07-22T02:12:18.6840000,29182,29183,1,1,0.0000,1,P,30,0,2026-07-22T02:12:22.0000000,29182,2026-07-22T02:13:23.0000000,29188.5,29187.75,29188.75,20260924,819
Playback101,Playback,NQ SEP26,0.25,2026-07-22T02:14:11.7040000,2026-07-22T02:14:11.7040000,29183,29184.5,2,1,0.3333,1,P,30,0,2026-07-22T02:14:30.0000000,29183,2026-07-22T02:15:31.0000000,29182,29182,29183,20260924,820
Playback101,Playback,NQ SEP26,0.25,2026-07-22T02:15:53.7920000,2026-07-22T02:15:53.7920000,29184.5,29185.75,1,1,0.0000,-1,A,30,0,2026-07-22T02:15:54.0000000,29182.75,2026-07-22T02:16:55.0000000,29181.25,29179.25,29180.75,20260924,821
Playback101,Playback,NQ SEP26,0.25,2026-07-22T02:17:50.0840000,2026-07-22T02:17:50.0840000,29185.75,29187,1,2,-0.3333,-1,A,30,0,2026-07-22T02:17:51.0000000,29185.75,2026-07-22T02:18:52.0000000,29194,29192.5,29194.25,20260924,822
Playback101,Playback,NQ SEP26,0.25,2026-07-22T02:19:35.0920000,2026-07-22T02:19:35.0920000,29191,29192.5,1,1,0.0000,-1,P,30,0,2026-07-22T02:19:36.0000000,29192.5,2026-07-22T02:20:37.0000000,29178.75,29176.5,29177.75,20260924,823
Playback101,Playback,NQ SEP26,0.25,2026-07-22T02:21:28.1240000,2026-07-22T02:21:28.1240000,29175,29176.5,2,2,0.0000,-1,A,30,0,2026-07-22T02:21:29.0000000,29174.75,2026-07-22T02:22:30.0000000,29177.75,29176.25,29177.5,20260924,824
Playback101,Playback,NQ SEP26,0.25,2026-07-22T02:23:14.2240000,2026-07-22T02:23:14.2240000,29176.5,29177.5,1,1,0.0000,-1,P,30,0,2026-07-22T02:23:15.0000000,29177.5,2026-07-22T02:24:16.0000000,29169.75,29169.5,29170.25,20260924,825
Playback101,Playback,NQ SEP26,0.25,2026-07-22T02:24:44.2560000,2026-07-22T02:24:44.2560000,29168.75,29169.75,1,1,0.0000,-1,A,30,0,2026-07-22T02:24:45.0000000,29167.5,2026-07-22T02:25:46.0000000,29181.25,29180,29181,20260924,826
Playback101,Playback,NQ SEP26,0.25,2026-07-22T02:26:16.2880000,2026-07-22T02:26:16.2880000,29173.75,29175,2,1,0.3333,1,A,30,0,2026-07-22T02:26:17.0000000,29174.5,2026-07-22T02:27:17.0000000,29185.5,29184.5,29185.75,20260924,827
Playback101,Playback,NQ SEP26,0.25,2026-07-22T02:27:54.8280000,2026-07-22T02:27:54.8280000,29174,29175.25,1,1,0.0000,-1,P,30,0,2026-07-22T02:27:56.0000000,29175.25,2026-07-22T02:28:57.0000000,29173,29171,29172.5,20260924,828
Playback101,Playback,NQ SEP26,0.25,2026-07-22T02:29:30.8560000,2026-07-22T02:29:30.8560000,29168.5,29169.75,2,1,0.3333,1,A,30,0,2026-07-22T02:29:31.0000000,29170,2026-07-22T02:30:32.0000000,29169.25,29169.75,29171,20260924,829
Playback101,Playback,NQ SEP26,0.25,2026-07-22T02:31:27.8560000,2026-07-22T02:31:27.8560000,29175,29176.25,2,1,0.3333,-1,A,30,0,2026-07-22T02:31:28.0000000,29176.5,2026-07-22T02:32:29.0000000,29172,29171.5,29173,20260924,830
Playback101,Playback,NQ SEP26,0.25,2026-07-22T02:33:25.8960000,2026-07-22T02:33:25.8960000,29163,29164.5,2,1,0.3333,1,P,30,0,2026-07-22T02:33:26.0000000,29163,2026-07-22T02:34:27.0000000,29178.25,29177.5,29178.75,20260924,831
Playback101,Playback,NQ SEP26,0.25,2026-07-22T02:35:02.8960000,2026-07-22T02:35:02.8960000,29181.25,29182.75,2,1,0.3333,1,A,30,0,2026-07-22T02:35:03.0000000,29183.75,2026-07-22T02:36:04.0000000,29172.25,29171.75,29173.25,20260924,832
Playback101,Playback,NQ SEP26,0.25,2026-07-22T02:36:54.9280000,2026-07-22T02:36:54.9280000,29160.5,29161.75,1,3,-0.5000,1,P,30,0,2026-07-22T02:36:56.0000000,29160.5,2026-07-22T02:37:57.0000000,29158,29158,29159.25,20260924,833
Playback101,Playback,NQ SEP26,0.25,2026-07-22T02:38:39.0880000,2026-07-22T02:38:39.0880000,29161.75,29163.25,2,2,0.0000,-1,P,30,0,2026-07-22T02:38:40.0000000,29163.25,2026-07-22T02:39:41.0000000,29163.75,29164.5,29165.75,20260924,834
Playback101,Playback,NQ SEP26,0.25,2026-07-22T02:40:36.0880000,2026-07-22T02:40:36.0880000,29160.75,29162,1,2,-0.3333,-1,A,30,0,2026-07-22T02:40:37.0000000,29159.75,2026-07-22T02:41:38.0000000,29156,29155,29156,20260924,835
Playback101,Playback,NQ SEP26,0.25,2026-07-22T02:42:29.2960000,2026-07-22T02:42:29.2960000,29148,29148.5,4,1,0.6000,-1,P,30,0,2026-07-22T02:42:30.0000000,29148.5,2026-07-22T02:43:31.0000000,29149,29148.25,29149.5,20260924,836
Playback101,Playback,NQ SEP26,0.25,2026-07-22T02:44:00.3400000,2026-07-22T02:44:00.3400000,29149.75,29151,1,2,-0.3333,-1,P,30,0,2026-07-22T02:44:19.0000000,29151,2026-07-22T02:45:20.0000000,29148.25,29148.75,29149.75,20260924,837
Playback101,Playback,NQ SEP26,0.25,2026-07-22T02:45:40.3440000,2026-07-22T02:45:40.3440000,29149.75,29151.25,2,3,-0.2000,1,A,30,0,2026-07-22T02:45:41.0000000,29151.25,2026-07-22T02:46:42.0000000,29143.25,29143,29143.75,20260924,838
Playback101,Playback,NQ SEP26,0.25,2026-07-22T02:47:24.3560000,2026-07-22T02:47:24.3560000,29153.25,29154.75,2,2,0.0000,-1,A,30,0,2026-07-22T02:47:25.0000000,29154.5,2026-07-22T02:48:26.0000000,29149,29149.25,29150.5,20260924,839
Playback101,Playback,NQ SEP26,0.25,2026-07-22T02:49:06.4480000,2026-07-22T02:49:06.4480000,29152.5,29153.75,2,1,0.3333,-1,A,30,0,2026-07-22T02:49:07.0000000,29152.75,2026-07-22T02:50:08.0000000,29158,29157,29157.75,20260924,840
Playback101,Playback,NQ SEP26,0.25,2026-07-22T02:50:41.4600000,2026-07-22T02:50:41.4600000,29154.5,29156,3,3,0.0000,-1,P,30,0,2026-07-22T02:50:42.0000000,29156,2026-07-22T02:51:43.0000000,29173,29170.75,29172,20260924,841
Playback101,Playback,NQ SEP26,0.25,2026-07-22T02:52:34.4960000,2026-07-22T02:52:34.4960000,29175.5,29176.5,1,1,0.0000,1,A,30,0,2026-07-22T02:52:35.0000000,29177,2026-07-22T02:53:36.0000000,29169.5,29168.75,29170.25,20260924,842
Playback101,Playback,NQ SEP26,0.25,2026-07-22T02:54:27.5040000,2026-07-22T02:54:27.5040000,29163.5,29164.5,1,1,0.0000,1,A,30,0,2026-07-22T02:54:28.0000000,29164,2026-07-22T02:55:29.0000000,29162,29162,29163.5,20260924,843
Playback101,Playback,NQ SEP26,0.25,2026-07-22T02:56:10.5360000,2026-07-22T02:56:10.5360000,29160.75,29162.25,1,3,-0.5000,-1,A,30,0,2026-07-22T02:56:11.0000000,29161.5,2026-07-22T02:57:12.0000000,29163.25,29161.75,29163.5,20260924,844
Playback101,Playback,NQ SEP26,0.25,2026-07-22T02:57:59.6240000,2026-07-22T02:57:59.6240000,29163,29164.25,1,1,0.0000,1,P,30,0,2026-07-22T02:58:02.0000000,29163,2026-07-22T02:59:03.0000000,29169.25,29169.25,29170.75,20260924,845
Playback101,Playback,NQ SEP26,0.25,2026-07-22T02:59:39.6560000,2026-07-22T02:59:39.6560000,29169.5,29171.25,4,3,0.1429,1,A,30,0,2026-07-22T02:59:40.0000000,29170.5,2026-07-22T03:00:41.0000000,29161,29161.25,29162.5,20260924,846
Playback101,Playback,NQ SEP26,0.25,2026-07-22T03:01:32.4720000,2026-07-22T03:01:32.4720000,29164.5,29165.5,1,1,0.0000,-1,A,30,0,2026-07-22T03:01:33.0000000,29163.75,2026-07-22T03:02:33.0000000,29157.25,29155.75,29157.25,20260924,847
Playback101,Playback,NQ SEP26,0.25,2026-07-22T03:03:13.4840000,2026-07-22T03:03:13.4840000,29151.5,29152.75,1,3,-0.5000,-1,A,30,0,2026-07-22T03:03:14.0000000,29152.25,2026-07-22T03:04:15.0000000,29153.5,29151.75,29153.25,20260924,848
Playback101,Playback,NQ SEP26,0.25,2026-07-22T03:05:05.5200000,2026-07-22T03:05:05.5200000,29148.5,29150,2,4,-0.3333,-1,A,30,0,2026-07-22T03:05:06.0000000,29149,2026-07-22T03:06:07.0000000,29135.75,29135,29135.75,20260924,849
Playback101,Playback,NQ SEP26,0.25,2026-07-22T03:06:49.7000000,2026-07-22T03:06:49.7000000,29130.25,29131.5,2,1,0.3333,1,P,30,1,2026-07-22T03:07:20.0000000,29133.75,2026-07-22T03:08:21.0000000,29137.75,29138.25,29139.25,20260924,850
Playback101,Playback,NQ SEP26,0.25,2026-07-22T03:08:43.7520000,2026-07-22T03:08:43.7520000,29138.75,29139.75,1,1,0.0000,1,P,30,0,2026-07-22T03:08:44.0000000,29138,2026-07-22T03:09:45.0000000,29129.25,29131.5,29132.75,20260924,851
Playback101,Playback,NQ SEP26,0.25,2026-07-22T03:10:44.4080000,2026-07-22T03:10:44.4080000,29136,29137.5,1,1,0.0000,1,P,30,0,2026-07-22T03:10:48.0000000,29136,2026-07-22T03:11:48.0000000,29131.5,29131.75,29132.75,20260924,852
Playback101,Playback,NQ SEP26,0.25,2026-07-22T03:12:29.5160000,2026-07-22T03:12:29.5160000,29132.5,29133.75,2,2,0.0000,1,A,30,0,2026-07-22T03:12:30.0000000,29132.75,2026-07-22T03:13:31.0000000,29133.5,29132.75,29134.25,20260924,853
Playback101,Playback,NQ SEP26,0.25,2026-07-22T03:14:20.6120000,2026-07-22T03:14:20.6120000,29128,29129,1,1,0.0000,-1,A,30,0,2026-07-22T03:14:21.0000000,29127.5,2026-07-22T03:15:22.0000000,29125,29124.25,29125.25,20260924,854
Playback101,Playback,NQ SEP26,0.25,2026-07-22T03:15:58.7200000,2026-07-22T03:15:58.7200000,29120.75,29121.5,1,1,0.0000,-1,A,30,0,2026-07-22T03:15:59.0000000,29120.25,2026-07-22T03:17:00.0000000,29115,29113.25,29114.25,20260924,855
Playback101,Playback,NQ SEP26,0.25,2026-07-22T03:17:30.7240000,2026-07-22T03:17:30.7240000,29111.5,29112.75,1,2,-0.3333,1,P,30,0,2026-07-22T03:17:33.0000000,29111.5,2026-07-22T03:18:34.0000000,29097.5,29097.5,29098.5,20260924,856
Playback101,Playback,NQ SEP26,0.25,2026-07-22T03:19:10.7480000,2026-07-22T03:19:10.7480000,29096,29097.25,1,3,-0.5000,-1,A,30,0,2026-07-22T03:19:11.0000000,29096.25,2026-07-22T03:20:12.0000000,29098.75,29097.25,29098.25,20260924,857
Playback101,Playback,NQ SEP26,0.25,2026-07-22T03:20:47.7480000,2026-07-22T03:20:47.7480000,29083.25,29083.75,2,1,0.3333,-1,P,30,0,2026-07-22T03:20:48.0000000,29083.75,2026-07-22T03:21:49.0000000,29082.25,29080.75,29081.5,20260924,858
Playback101,Playback,NQ SEP26,0.25,2026-07-22T03:22:17.7760000,2026-07-22T03:22:17.7760000,29075.75,29076.75,3,1,0.5000,1,A,30,0,2026-07-22T03:22:18.0000000,29076.75,2026-07-22T03:23:19.0000000,29070,29070,29070.5,20260924,859
Playback101,Playback,NQ SEP26,0.25,2026-07-22T03:24:18.0200000,2026-07-22T03:24:18.0200000,29066,29066.75,3,1,0.5000,1,P,30,0,2026-07-22T03:24:19.0000000,29066,2026-07-22T03:25:20.0000000,29080,29076,29077,20260924,860
Playback101,Playback,NQ SEP26,0.25,2026-07-22T03:26:09.0320000,2026-07-22T03:26:09.0320000,29080,29081,2,1,0.3333,-1,P,30,0,2026-07-22T03:26:37.0000000,29081,2026-07-22T03:27:38.0000000,29085.75,29084.75,29085.75,20260924,861
Playback101,Playback,NQ SEP26,0.25,2026-07-22T03:28:06.0800000,2026-07-22T03:28:06.0800000,29081,29082,1,1,0.0000,-1,A,30,0,2026-07-22T03:28:07.0000000,29082,2026-07-22T03:29:08.0000000,29075,29074,29074.75,20260924,862
Playback101,Playback,NQ SEP26,0.25,2026-07-22T03:30:01.0880000,2026-07-22T03:30:01.0880000,29077.25,29078.5,2,1,0.3333,-1,A,30,0,2026-07-22T03:30:02.0000000,29078.5,2026-07-22T03:31:03.0000000,29079.25,29078,29079.75,20260924,863
Playback101,Playback,NQ SEP26,0.25,2026-07-22T03:31:49.2360000,2026-07-22T03:31:49.2360000,29080.75,29082.25,1,3,-0.5000,1,A,30,0,2026-07-22T03:31:50.0000000,29082.25,2026-07-22T03:32:51.0000000,29085.5,29085.5,29087,20260924,864
Playback101,Playback,NQ SEP26,0.25,2026-07-22T03:33:24.2400000,2026-07-22T03:33:24.2400000,29085,29086.25,1,1,0.0000,1,A,30,0,2026-07-22T03:33:25.0000000,29085.25,2026-07-22T03:34:25.0000000,29091.25,29091,29092,20260924,865
Playback101,Playback,NQ SEP26,0.25,2026-07-22T03:35:14.2800000,2026-07-22T03:35:14.2800000,29096.5,29097.5,1,1,0.0000,-1,P,30,0,2026-07-22T03:35:16.0000000,29097.5,2026-07-22T03:36:17.0000000,29103.75,29103.25,29104,20260924,866
Playback101,Playback,NQ SEP26,0.25,2026-07-22T03:36:46.6240000,2026-07-22T03:36:46.6240000,29109.5,29110.5,1,1,0.0000,1,P,30,0,2026-07-22T03:36:47.0000000,29109.5,2026-07-22T03:37:48.0000000,29111.75,29112.25,29113.75,20260924,867
Playback101,Playback,NQ SEP26,0.25,2026-07-22T03:38:19.6680000,2026-07-22T03:38:19.6680000,29109,29110,1,1,0.0000,-1,P,30,1,2026-07-22T03:38:50.0000000,29105,2026-07-22T03:39:50.0000000,29108.75,29107.5,29108.75,20260924,868
Playback101,Playback,NQ SEP26,0.25,2026-07-22T03:40:05.8800000,2026-07-22T03:40:05.8800000,29110.75,29111.5,1,1,0.0000,-1,A,30,0,2026-07-22T03:40:06.0000000,29110.75,2026-07-22T03:41:07.0000000,29110,29108.5,29109.5,20260924,869
Playback101,Playback,NQ SEP26,0.25,2026-07-22T03:41:48.0520000,2026-07-22T03:41:48.0520000,29110,29111,1,1,0.0000,-1,A,30,0,2026-07-22T03:41:49.0000000,29110,2026-07-22T03:42:50.0000000,29114,29112.5,29114,20260924,870
Playback101,Playback,NQ SEP26,0.25,2026-07-22T03:43:45.4960000,2026-07-22T03:43:45.4960000,29110,29111.5,3,3,0.0000,1,P,30,1,2026-07-22T03:44:16.0000000,29111,2026-07-22T03:45:17.0000000,29090.75,29091.25,29092.5,20260924,871
Playback101,Playback,NQ SEP26,0.25,2026-07-22T03:45:27.6000000,2026-07-22T03:45:27.6000000,29089.5,29090.5,1,1,0.0000,1,P,30,0,2026-07-22T03:45:32.0000000,29089.5,2026-07-22T03:46:33.0000000,29082.5,29082.5,29083.75,20260924,872
Playback101,Playback,NQ SEP26,0.25,2026-07-22T03:47:23.6120000,2026-07-22T03:47:23.6120000,29072,29072.75,1,1,0.0000,1,A,30,0,2026-07-22T03:47:24.0000000,29072.75,2026-07-22T03:48:25.0000000,29077.25,29077.25,29078,20260924,873
Playback101,Playback,NQ SEP26,0.25,2026-07-22T03:49:04.9120000,2026-07-22T03:49:04.9120000,29070.25,29071,1,2,-0.3333,-1,A,30,0,2026-07-22T03:49:05.0000000,29069.25,2026-07-22T03:50:06.0000000,29070.5,29069.75,29071,20260924,874
Playback101,Playback,NQ SEP26,0.25,2026-07-22T03:50:59.0200000,2026-07-22T03:50:59.0200000,29075.5,29076.5,1,1,0.0000,1,P,30,1,2026-07-22T03:51:30.0000000,29088,2026-07-22T03:52:31.0000000,29097,29096,29097.25,20260924,875
Playback101,Playback,NQ SEP26,0.25,2026-07-22T03:52:43.2560000,2026-07-22T03:52:43.2560000,29094.75,29096,1,3,-0.5000,1,P,30,0,2026-07-22T03:52:44.0000000,29094.75,2026-07-22T03:53:45.0000000,29097,29097.5,29099,20260924,876
Playback101,Playback,NQ SEP26,0.25,2026-07-22T03:54:37.8680000,2026-07-22T03:54:37.8680000,29100,29101.25,1,1,0.0000,-1,A,30,0,2026-07-22T03:54:38.0000000,29100,2026-07-22T03:55:39.0000000,29086,29084.5,29085.5,20260924,877
Playback101,Playback,NQ SEP26,0.25,2026-07-22T03:56:25.0240000,2026-07-22T03:56:25.0240000,29091.5,29092.75,1,1,0.0000,-1,A,30,0,2026-07-22T03:56:26.0000000,29091.5,2026-07-22T03:57:27.0000000,29089.25,29089.25,29090.25,20260924,878
Playback101,Playback,NQ SEP26,0.25,2026-07-22T03:58:08.0400000,2026-07-22T03:58:08.0400000,29091.5,29092.75,1,1,0.0000,1,A,30,0,2026-07-22T03:58:09.0000000,29092.75,2026-07-22T03:59:10.0000000,29093,29093,29094,20260924,879
Playback101,Playback,NQ SEP26,0.25,2026-07-22T04:00:05.0480000,2026-07-22T04:00:05.0480000,29085,29086.5,1,3,-0.5000,1,P,30,0,2026-07-22T04:00:06.0000000,29084.5,2026-07-22T04:01:07.0000000,29094.25,29094.25,29095.75,20260924,880
Playback101,Playback,NQ SEP26,0.25,2026-07-22T04:01:46.0480000,2026-07-22T04:01:46.0480000,29082.25,29083.25,2,1,0.3333,-1,A,30,0,2026-07-22T04:01:47.0000000,29086.75,2026-07-22T04:02:48.0000000,29075.5,29073.25,29074.75,20260924,881
Playback101,Playback,NQ SEP26,0.25,2026-07-22T04:03:41.0680000,2026-07-22T04:03:41.0680000,29085.25,29087,1,3,-0.5000,-1,A,30,0,2026-07-22T04:03:42.0000000,29085.5,2026-07-22T04:04:43.0000000,29087.5,29086,29087.5,20260924,882
Playback101,Playback,NQ SEP26,0.25,2026-07-22T04:05:17.1000000,2026-07-22T04:05:17.1000000,29081,29082.75,1,1,0.0000,-1,P,30,0,2026-07-22T04:05:31.0000000,29082.75,2026-07-22T04:06:32.0000000,29074,29072.25,29073.5,20260924,883
Playback101,Playback,NQ SEP26,0.25,2026-07-22T04:07:09.1200000,2026-07-22T04:07:09.1200000,29060.75,29062,1,1,0.0000,-1,A,30,0,2026-07-22T04:07:10.0000000,29062.5,2026-07-22T04:08:11.0000000,29070,29068.75,29069.75,20260924,884
Playback101,Playback,NQ SEP26,0.25,2026-07-22T04:08:45.1200000,2026-07-22T04:08:45.1200000,29066.75,29068.5,1,1,0.0000,1,A,30,0,2026-07-22T04:08:46.0000000,29068,2026-07-22T04:09:47.0000000,29064.5,29063.5,29065,20260924,885
Playback101,Playback,NQ SEP26,0.25,2026-07-22T04:10:39.2320000,2026-07-22T04:10:39.2320000,29067.25,29069,2,2,0.0000,1,P,30,0,2026-07-22T04:10:40.0000000,29067.25,2026-07-22T04:11:41.0000000,29081,29081,29082.75,20260924,886
Playback101,Playback,NQ SEP26,0.25,2026-07-22T04:12:20.3040000,2026-07-22T04:12:20.3040000,29083.5,29085,1,1,0.0000,-1,P,30,0,2026-07-22T04:12:21.0000000,29085,2026-07-22T04:13:22.0000000,29096.25,29095.75,29097.25,20260924,887
Playback101,Playback,NQ SEP26,0.25,2026-07-22T04:14:20.3800000,2026-07-22T04:14:20.3800000,29094.75,29095.75,1,1,0.0000,1,P,30,0,2026-07-22T04:14:22.0000000,29094.75,2026-07-22T04:15:23.0000000,29096.25,29096.25,29097.5,20260924,888
Playback101,Playback,NQ SEP26,0.25,2026-07-22T04:16:12.4480000,2026-07-22T04:16:12.4480000,29094.5,29096,1,2,-0.3333,-1,A,30,0,2026-07-22T04:16:13.0000000,29094,2026-07-22T04:17:14.0000000,29093.5,29091.25,29092.75,20260924,889
Playback101,Playback,NQ SEP26,0.25,2026-07-22T04:18:03.5920000,2026-07-22T04:18:03.5920000,29100.25,29101,1,11,-0.8333,-1,A,30,0,2026-07-22T04:18:04.0000000,29100.25,2026-07-22T04:19:05.0000000,29114,29113,29114.25,20260924,890
Playback101,Playback,NQ SEP26,0.25,2026-07-22T04:19:50.5960000,2026-07-22T04:19:50.5960000,29105,29106.5,3,2,0.2000,-1,P,30,0,2026-07-22T04:19:52.0000000,29106.5,2026-07-22T04:20:53.0000000,29109,29108.25,29109,20260924,891
Playback101,Playback,NQ SEP26,0.25,2026-07-22T04:21:49.6640000,2026-07-22T04:21:49.6640000,29106,29107,1,1,0.0000,-1,P,30,0,2026-07-22T04:21:50.0000000,29107,2026-07-22T04:22:51.0000000,29107.5,29107.25,29108.5,20260924,892
Playback101,Playback,NQ SEP26,0.25,2026-07-22T04:23:29.6920000,2026-07-22T04:23:29.6920000,29107,29108.25,2,1,0.3333,1,A,30,0,2026-07-22T04:23:30.0000000,29110,2026-07-22T04:24:31.0000000,29092.5,29095.5,29097.25,20260924,893
Playback101,Playback,NQ SEP26,0.25,2026-07-22T04:25:27.7440000,2026-07-22T04:25:27.7440000,29090.5,29091.75,2,1,0.3333,1,P,30,0,2026-07-22T04:25:28.0000000,29090.5,2026-07-22T04:26:29.0000000,29100.75,29099.5,29101,20260924,894
Playback101,Playback,NQ SEP26,0.25,2026-07-22T04:27:15.8160000,2026-07-22T04:27:15.8160000,29118.25,29119.75,3,2,0.2000,1,A,30,0,2026-07-22T04:27:16.0000000,29119,2026-07-22T04:28:16.0000000,29116.75,29115.5,29117,20260924,895
Playback101,Playback,NQ SEP26,0.25,2026-07-22T04:28:47.9000000,2026-07-22T04:28:47.9000000,29120,29121.25,1,2,-0.3333,-1,A,30,0,2026-07-22T04:28:48.0000000,29120.25,2026-07-22T04:29:49.0000000,29117.5,29117.25,29118.5,20260924,896
Playback101,Playback,NQ SEP26,0.25,2026-07-22T04:30:46.9920000,2026-07-22T04:30:46.9920000,29090,29091.75,2,3,-0.2000,-1,A,30,0,2026-07-22T04:30:47.0000000,29090,2026-07-22T04:31:48.0000000,29088,29086,29087.25,20260924,897
Playback101,Playback,NQ SEP26,0.25,2026-07-22T04:32:39.1480000,2026-07-22T04:32:39.1480000,29084.5,29086.25,1,2,-0.3333,1,P,30,0,2026-07-22T04:32:58.0000000,29084.5,2026-07-22T04:33:59.0000000,29077,29078.25,29079.75,20260924,898
Playback101,Playback,NQ SEP26,0.25,2026-07-22T04:34:25.2280000,2026-07-22T04:34:25.2280000,29077.25,29078.75,1,4,-0.6000,1,A,30,0,2026-07-22T04:34:26.0000000,29078.25,2026-07-22T04:35:27.0000000,29067,29068,29069,20260924,899
Playback101,Playback,NQ SEP26,0.25,2026-07-22T04:35:59.3360000,2026-07-22T04:35:59.3360000,29073.25,29074.75,1,2,-0.3333,1,P,30,0,2026-07-22T04:36:01.0000000,29073.25,2026-07-22T04:37:02.0000000,29066,29064.75,29066.25,20260924,900
Playback101,Playback,NQ SEP26,0.25,2026-07-22T04:37:51.3640000,2026-07-22T04:37:51.3640000,29062,29063.5,1,3,-0.5000,1,P,30,1,2026-07-22T04:38:22.0000000,29073.25,2026-07-22T04:39:23.0000000,29061,29060.5,29061.75,20260924,901
Playback101,Playback,NQ SEP26,0.25,2026-07-22T04:39:39.4720000,2026-07-22T04:39:39.4720000,29055.75,29057,2,1,0.3333,1,P,30,0,2026-07-22T04:39:42.0000000,29055.75,2026-07-22T04:40:43.0000000,29051.75,29051,29052.25,20260924,902
Playback101,Playback,NQ SEP26,0.25,2026-07-22T04:41:28.6480000,2026-07-22T04:41:28.6480000,29047,29048.25,1,1,0.0000,1,A,30,0,2026-07-22T04:41:29.0000000,29049,2026-07-22T04:42:30.0000000,29039.5,29039.75,29041.25,20260924,903
Playback101,Playback,NQ SEP26,0.25,2026-07-22T04:43:18.6600000,2026-07-22T04:43:18.6600000,29043,29044,1,2,-0.3333,1,P,30,0,2026-07-22T04:43:19.0000000,29043,2026-07-22T04:44:20.0000000,29062,29061.25,29062,20260924,904
Playback101,Playback,NQ SEP26,0.25,2026-07-22T04:45:00.7120000,2026-07-22T04:45:00.7120000,29065.25,29066.5,2,1,0.3333,1,P,30,0,2026-07-22T04:45:02.0000000,29065.25,2026-07-22T04:46:03.0000000,29065.75,29066.75,29068.25,20260924,905
Playback101,Playback,NQ SEP26,0.25,2026-07-22T04:46:38.8560000,2026-07-22T04:46:38.8560000,29066.5,29067.75,1,1,0.0000,-1,P,30,0,2026-07-22T04:46:40.0000000,29067.75,2026-07-22T04:47:41.0000000,29065.25,29062,29063.5,20260924,906
Playback101,Playback,NQ SEP26,0.25,2026-07-22T04:48:09.1320000,2026-07-22T04:48:09.1320000,29063.75,29065,1,1,0.0000,-1,A,30,0,2026-07-22T04:48:10.0000000,29063,2026-07-22T04:49:11.0000000,29059.5,29057.5,29058.75,20260924,907
Playback101,Playback,NQ SEP26,0.25,2026-07-22T04:49:53.1560000,2026-07-22T04:49:53.1560000,29048,29049.25,2,1,0.3333,-1,A,30,0,2026-07-22T04:49:54.0000000,29047,2026-07-22T04:50:55.0000000,29045.25,29044,29045.75,20260924,908
Playback101,Playback,NQ SEP26,0.25,2026-07-22T04:51:30.1880000,2026-07-22T04:51:30.1880000,29048.25,29049.75,1,2,-0.3333,1,P,30,0,2026-07-22T04:51:31.0000000,29048.25,2026-07-22T04:52:32.0000000,29049,29048.25,29050.25,20260924,909
Playback101,Playback,NQ SEP26,0.25,2026-07-22T04:53:23.2760000,2026-07-22T04:53:23.2760000,29042.25,29044.25,1,3,-0.5000,1,P,30,1,2026-07-22T04:53:54.0000000,29050.5,2026-07-22T04:54:55.0000000,29058.75,29058.25,29060,20260924,910
Playback101,Playback,NQ SEP26,0.25,2026-07-22T04:55:22.2800000,2026-07-22T04:55:22.2800000,29064.5,29066,1,3,-0.5000,1,P,30,0,2026-07-22T04:55:23.0000000,29064.5,2026-07-22T04:56:24.0000000,29059.5,29059.5,29060.5,20260924,911
Playback101,Playback,NQ SEP26,0.25,2026-07-22T04:57:09.2840000,2026-07-22T04:57:09.2840000,29059.25,29060.5,1,1,0.0000,-1,P,30,1,2026-07-22T04:57:40.0000000,29057.5,2026-07-22T04:58:41.0000000,29058.75,29055,29057,20260924,912
Playback101,Playback,NQ SEP26,0.25,2026-07-22T04:58:52.3880000,2026-07-22T04:58:52.3880000,29059,29060.25,1,1,0.0000,1,A,30,0,2026-07-22T04:58:53.0000000,29060.75,2026-07-22T04:59:54.0000000,29054,29052,29053.75,20260924,913
Playback101,Playback,NQ SEP26,0.25,2026-07-22T05:00:43.3920000,2026-07-22T05:00:43.3920000,29058.25,29059.5,1,1,0.0000,1,A,30,0,2026-07-22T05:00:44.0000000,29060,2026-07-22T05:01:45.0000000,29059.25,29058,29059.75,20260924,914
Playback101,Playback,NQ SEP26,0.25,2026-07-22T05:02:26.4160000,2026-07-22T05:02:26.4160000,29060.75,29062.5,2,1,0.3333,1,A,30,0,2026-07-22T05:02:27.0000000,29063,2026-07-22T05:03:28.0000000,29056,29056.25,29058,20260924,915
Playback101,Playback,NQ SEP26,0.25,2026-07-22T05:04:23.4520000,2026-07-22T05:04:23.4520000,29070,29071.75,1,3,-0.5000,1,P,30,0,2026-07-22T05:04:24.0000000,29070,2026-07-22T05:05:25.0000000,29087.25,29086.25,29087.75,20260924,916
Playback101,Playback,NQ SEP26,0.25,2026-07-22T05:06:09.5000000,2026-07-22T05:06:09.5000000,29080.75,29082.25,1,1,0.0000,1,A,30,0,2026-07-22T05:06:10.0000000,29082.75,2026-07-22T05:07:11.0000000,29072.5,29071.25,29073,20260924,917
Playback101,Playback,NQ SEP26,0.25,2026-07-22T05:07:47.5680000,2026-07-22T05:07:47.5680000,29084.25,29085.5,1,1,0.0000,1,P,30,0,2026-07-22T05:07:48.0000000,29084.25,2026-07-22T05:08:49.0000000,29097,29097,29098.75,20260924,918
Playback101,Playback,NQ SEP26,0.25,2026-07-22T05:09:32.6200000,2026-07-22T05:09:32.6200000,29093.5,29095.25,2,1,0.3333,1,A,30,0,2026-07-22T05:09:33.0000000,29095,2026-07-22T05:10:34.0000000,29088,29087.25,29089,20260924,919
Playback101,Playback,NQ SEP26,0.25,2026-07-22T05:11:16.6280000,2026-07-22T05:11:16.6280000,29083.25,29085,2,1,0.3333,-1,P,30,0,2026-07-22T05:11:18.0000000,29085,2026-07-22T05:12:19.0000000,29070.25,29069.75,29071.25,20260924,920
Playback101,Playback,NQ SEP26,0.25,2026-07-22T05:12:59.9040000,2026-07-22T05:12:59.9040000,29070,29071.5,2,1,0.3333,-1,A,30,0,2026-07-22T05:13:00.0000000,29070.5,2026-07-22T05:14:01.0000000,29075,29072,29073.25,20260924,921
Playback101,Playback,NQ SEP26,0.25,2026-07-22T05:14:33.0240000,2026-07-22T05:14:33.0240000,29073.5,29075.25,1,1,0.0000,-1,A,30,0,2026-07-22T05:14:34.0000000,29071.75,2026-07-22T05:15:34.0000000,29072.5,29070.25,29071.75,20260924,922
Playback101,Playback,NQ SEP26,0.25,2026-07-22T05:16:16.1400000,2026-07-22T05:16:16.1400000,29072.5,29074.75,3,4,-0.1429,-1,A,30,0,2026-07-22T05:16:17.0000000,29075.5,2026-07-22T05:17:18.0000000,29071.5,29069.25,29071,20260924,923
Playback101,Playback,NQ SEP26,0.25,2026-07-22T05:18:16.2080000,2026-07-22T05:18:16.2080000,29071.75,29073.5,1,1,0.0000,1,A,30,0,2026-07-22T05:18:17.0000000,29075.5,2026-07-22T05:19:18.0000000,29074,29074.25,29076,20260924,924
Playback101,Playback,NQ SEP26,0.25,2026-07-22T05:20:05.2240000,2026-07-22T05:20:05.2240000,29069,29070.75,2,2,0.0000,1,A,30,0,2026-07-22T05:20:06.0000000,29070.5,2026-07-22T05:21:06.0000000,29080.25,29080.75,29082.5,20260924,925
Playback101,Playback,NQ SEP26,0.25,2026-07-22T05:22:00.2480000,2026-07-22T05:22:00.2480000,29081.5,29083.5,2,1,0.3333,1,P,30,1,2026-07-22T05:22:31.0000000,29095.75,2026-07-22T05:23:32.0000000,29100.75,29100.75,29102,20260924,926
Playback101,Playback,NQ SEP26,0.25,2026-07-22T05:23:36.5440000,2026-07-22T05:23:36.5440000,29099.5,29101,5,3,0.2500,1,A,30,0,2026-07-22T05:23:37.0000000,29102.25,2026-07-22T05:24:38.0000000,29092,29091.25,29093,20260924,927
Playback101,Playback,NQ SEP26,0.25,2026-07-22T05:25:17.5440000,2026-07-22T05:25:17.5440000,29099,29100.75,1,1,0.0000,-1,A,30,0,2026-07-22T05:25:18.0000000,29099,2026-07-22T05:26:19.0000000,29104.5,29103,29104.5,20260924,928
Playback101,Playback,NQ SEP26,0.25,2026-07-22T05:27:06.5840000,2026-07-22T05:27:06.5840000,29095,29097,3,2,0.2000,1,P,30,0,2026-07-22T05:27:24.0000000,29095,2026-07-22T05:28:24.0000000,29092.5,29091.5,29093.75,20260924,929
Playback101,Playback,NQ SEP26,0.25,2026-07-22T05:28:49.5960000,2026-07-22T05:28:49.5960000,29091.5,29093.25,1,1,0.0000,-1,P,30,0,2026-07-22T05:28:52.0000000,29093.25,2026-07-22T05:29:53.0000000,29096.5,29094.5,29097.25,20260924,930
Playback101,Playback,NQ SEP26,0.25,2026-07-22T05:30:20.6360000,2026-07-22T05:30:20.6360000,29102.5,29104.25,1,1,0.0000,1,P,30,0,2026-07-22T05:30:21.0000000,29102.5,2026-07-22T05:31:22.0000000,29114.75,29114.75,29115.5,20260924,931
Playback101,Playback,NQ SEP26,0.25,2026-07-22T05:32:08.6520000,2026-07-22T05:32:08.6520000,29108,29110,4,1,0.6000,1,P,30,0,2026-07-22T05:32:13.0000000,29108,2026-07-22T05:33:14.0000000,29108,29107.75,29109.25,20260924,932
Playback101,Playback,NQ SEP26,0.25,2026-07-22T05:33:44.8280000,2026-07-22T05:33:44.8280000,29110.25,29112.25,1,1,0.0000,1,A,30,0,2026-07-22T05:33:45.0000000,29111.25,2026-07-22T05:34:46.0000000,29106.5,29106.5,29108,20260924,933
Playback101,Playback,NQ SEP26,0.25,2026-07-22T05:35:41.9280000,2026-07-22T05:35:41.9280000,29105.75,29107.75,1,1,0.0000,-1,A,30,0,2026-07-22T05:35:42.0000000,29105.5,2026-07-22T05:36:43.0000000,29106.75,29104.5,29106.75,20260924,934
Playback101,Playback,NQ SEP26,0.25,2026-07-22T05:37:36.0320000,2026-07-22T05:37:36.0320000,29099,29101,2,2,0.0000,-1,P,30,0,2026-07-22T05:37:41.0000000,29101,2026-07-22T05:38:42.0000000,29095.5,29094,29096,20260924,935
Playback101,Playback,NQ SEP26,0.25,2026-07-22T05:39:23.0440000,2026-07-22T05:39:23.0440000,29094.5,29096.5,1,3,-0.5000,-1,A,30,0,2026-07-22T05:39:24.0000000,29095,2026-07-22T05:40:25.0000000,29089.75,29087.75,29089.5,20260924,936
Playback101,Playback,NQ SEP26,0.25,2026-07-22T05:41:01.2720000,2026-07-22T05:41:01.2720000,29087.5,29089.25,1,1,0.0000,1,A,30,0,2026-07-22T05:41:02.0000000,29089.25,2026-07-22T05:42:03.0000000,29088,29085.75,29087.75,20260924,937
Playback101,Playback,NQ SEP26,0.25,2026-07-22T05:42:39.3760000,2026-07-22T05:42:39.3760000,29089.75,29091.5,2,1,0.3333,1,P,30,0,2026-07-22T05:42:40.0000000,29089.75,2026-07-22T05:43:41.0000000,29091.75,29091.5,29093,20260924,938
Playback101,Playback,NQ SEP26,0.25,2026-07-22T05:44:34.3920000,2026-07-22T05:44:34.3920000,29084,29086,1,2,-0.3333,-1,P,30,0,2026-07-22T05:44:35.0000000,29086.5,2026-07-22T05:45:36.0000000,29097.25,29095.75,29097.5,20260924,939
Playback101,Playback,NQ SEP26,0.25,2026-07-22T05:46:27.3960000,2026-07-22T05:46:27.3960000,29105.5,29107,1,1,0.0000,1,P,30,0,2026-07-22T05:46:30.0000000,29105.5,2026-07-22T05:47:31.0000000,29102.25,29102,29104,20260924,940
Playback101,Playback,NQ SEP26,0.25,2026-07-22T05:48:04.4440000,2026-07-22T05:48:04.4440000,29097.5,29099.25,1,1,0.0000,-1,P,30,0,2026-07-22T05:48:09.0000000,29099.25,2026-07-22T05:49:10.0000000,29093.5,29091.25,29093,20260924,941
Playback101,Playback,NQ SEP26,0.25,2026-07-22T05:49:44.7080000,2026-07-22T05:49:44.7080000,29091.25,29093.25,1,1,0.0000,1,A,30,0,2026-07-22T05:49:45.0000000,29092.75,2026-07-22T05:50:46.0000000,29091,29090.25,29091.5,20260924,942
Playback101,Playback,NQ SEP26,0.25,2026-07-22T05:51:39.3480000,2026-07-22T05:51:39.3480000,29091.25,29093.25,1,2,-0.3333,-1,P,30,0,2026-07-22T05:51:40.0000000,29093.25,2026-07-22T05:52:41.0000000,29102,29100,29102,20260924,943
Playback101,Playback,NQ SEP26,0.25,2026-07-22T05:53:27.5800000,2026-07-22T05:53:27.5800000,29102.25,29104,2,1,0.3333,1,P,30,0,2026-07-22T05:53:39.0000000,29102.25,2026-07-22T05:54:40.0000000,29101.5,29102,29103.5,20260924,944
Playback101,Playback,NQ SEP26,0.25,2026-07-22T05:55:23.5880000,2026-07-22T05:55:23.5880000,29101,29102.5,1,1,0.0000,-1,P,30,0,2026-07-22T05:55:24.0000000,29103.25,2026-07-22T05:56:25.0000000,29101.75,29100.25,29101.75,20260924,945
Playback101,Playback,NQ SEP26,0.25,2026-07-22T05:56:53.8080000,2026-07-22T05:56:53.8080000,29105.5,29106.75,2,1,0.3333,1,A,30,0,2026-07-22T05:56:54.0000000,29106.75,2026-07-22T05:57:55.0000000,29112.75,29112.5,29113.75,20260924,946
Playback101,Playback,NQ SEP26,0.25,2026-07-22T05:58:44.9560000,2026-07-22T05:58:44.9560000,29116.25,29117.5,2,1,0.3333,1,A,30,0,2026-07-22T05:58:45.0000000,29117.5,2026-07-22T05:59:46.0000000,29110.25,29110,29111.25,20260924,947
Playback101,Playback,NQ SEP26,0.25,2026-07-22T06:00:20.0960000,2026-07-22T06:00:20.0960000,29112,29113.5,4,1,0.6000,-1,P,30,1,2026-07-22T06:00:51.0000000,29108.75,2026-07-22T06:01:52.0000000,29115.5,29114.5,29116,20260924,948
Playback101,Playback,NQ SEP26,0.25,2026-07-22T06:02:12.1280000,2026-07-22T06:02:12.1280000,29113,29114.25,1,1,0.0000,-1,A,30,0,2026-07-22T06:02:13.0000000,29114.75,2026-07-22T06:03:14.0000000,29114.25,29112.25,29113.75,20260924,949
Playback101,Playback,NQ SEP26,0.25,2026-07-22T06:04:00.1480000,2026-07-22T06:04:00.1480000,29129.75,29131.25,1,2,-0.3333,1,P,30,0,2026-07-22T06:04:01.0000000,29129.75,2026-07-22T06:05:02.0000000,29132,29132.5,29134,20260924,950
Playback101,Playback,NQ SEP26,0.25,2026-07-22T06:05:57.1640000,2026-07-22T06:05:57.1640000,29131.5,29133.25,2,1,0.3333,-1,A,30,0,2026-07-22T06:05:58.0000000,29131.5,2026-07-22T06:06:59.0000000,29127.25,29126.75,29128.25,20260924,951
Playback101,Playback,NQ SEP26,0.25,2026-07-22T06:07:45.1720000,2026-07-22T06:07:45.1720000,29147,29147.75,1,1,0.0000,1,P,30,0,2026-07-22T06:07:46.0000000,29147,2026-07-22T06:08:47.0000000,29141.5,29141.75,29143,20260924,952
Playback101,Playback,NQ SEP26,0.25,2026-07-22T06:09:35.4080000,2026-07-22T06:09:35.4080000,29137,29138.75,3,1,0.5000,-1,P,30,0,2026-07-22T06:09:46.0000000,29138.75,2026-07-22T06:10:47.0000000,29135.5,29135.25,29136.25,20260924,953
Playback101,Playback,NQ SEP26,0.25,2026-07-22T06:11:22.5640000,2026-07-22T06:11:22.5640000,29142,29143.75,1,2,-0.3333,-1,A,30,0,2026-07-22T06:11:23.0000000,29142.25,2026-07-22T06:12:24.0000000,29141,29141.25,29142.75,20260924,954
Playback101,Playback,NQ SEP26,0.25,2026-07-22T06:13:18.2120000,2026-07-22T06:13:18.2120000,29132.25,29133.75,1,1,0.0000,1,P,30,0,2026-07-22T06:13:19.0000000,29132.25,2026-07-22T06:14:20.0000000,29131.25,29130.75,29132.25,20260924,955
Playback101,Playback,NQ SEP26,0.25,2026-07-22T06:15:03.3360000,2026-07-22T06:15:03.3360000,29130.75,29132.25,2,1,0.3333,-1,A,30,0,2026-07-22T06:15:04.0000000,29130.75,2026-07-22T06:16:05.0000000,29132.75,29132.5,29134,20260924,956
Playback101,Playback,NQ SEP26,0.25,2026-07-22T06:16:36.9840000,2026-07-22T06:16:36.9840000,29130.5,29131.75,1,1,0.0000,1,A,30,0,2026-07-22T06:16:37.0000000,29132.5,2026-07-22T06:17:38.0000000,29132.75,29133,29134.75,20260924,957
Playback101,Playback,NQ SEP26,0.25,2026-07-22T06:18:08.0120000,2026-07-22T06:18:08.0120000,29134,29135.25,1,1,0.0000,1,P,30,0,2026-07-22T06:18:09.0000000,29134,2026-07-22T06:19:10.0000000,29133.5,29132,29134.25,20260924,958
Playback101,Playback,NQ SEP26,0.25,2026-07-22T06:20:06.0480000,2026-07-22T06:20:06.0480000,29130.75,29132.25,3,1,0.5000,-1,A,30,0,2026-07-22T06:20:07.0000000,29130.75,2026-07-22T06:21:08.0000000,29145.25,29144.5,29145.5,20260924,959
Playback101,Playback,NQ SEP26,0.25,2026-07-22T06:21:50.2360000,2026-07-22T06:21:50.2360000,29141.75,29142.75,1,1,0.0000,1,A,30,0,2026-07-22T06:21:51.0000000,29143.25,2026-07-22T06:22:52.0000000,29141.25,29141.5,29142.75,20260924,960
Playback101,Playback,NQ SEP26,0.25,2026-07-22T06:23:26.9480000,2026-07-22T06:23:26.9480000,29135.75,29137.5,4,1,0.6000,-1,A,30,0,2026-07-22T06:23:27.0000000,29135.75,2026-07-22T06:24:27.0000000,29137.75,29136,29137.5,20260924,961
Playback101,Playback,NQ SEP26,0.25,2026-07-22T06:25:21.9960000,2026-07-22T06:25:21.9960000,29137.75,29139.25,1,1,0.0000,1,P,30,0,2026-07-22T06:25:23.0000000,29137.75,2026-07-22T06:26:24.0000000,29137,29137.25,29138.5,20260924,962
Playback101,Playback,NQ SEP26,0.25,2026-07-22T06:27:20.6080000,2026-07-22T06:27:20.6080000,29134,29135.25,1,1,0.0000,1,A,30,0,2026-07-22T06:27:21.0000000,29136,2026-07-22T06:28:22.0000000,29126.5,29126,29127.25,20260924,963
Playback101,Playback,NQ SEP26,0.25,2026-07-22T06:29:04.8720000,2026-07-22T06:29:04.8720000,29132.75,29134,1,1,0.0000,1,A,30,0,2026-07-22T06:29:05.0000000,29136.5,2026-07-22T06:30:06.0000000,29124.75,29125.75,29126.5,20260924,964
Playback101,Playback,NQ SEP26,0.25,2026-07-22T06:31:05.0760000,2026-07-22T06:31:05.0760000,29117.5,29119,1,2,-0.3333,1,P,30,1,2026-07-22T06:31:36.0000000,29124,2026-07-22T06:32:38.0000000,29117,29117.75,29118.5,20260924,965
Playback101,Playback,NQ SEP26,0.25,2026-07-22T06:32:49.6960000,2026-07-22T06:32:49.6960000,29115.75,29117.5,1,4,-0.6000,1,A,30,0,2026-07-22T06:32:50.0000000,29117.5,2026-07-22T06:33:51.0000000,29104.5,29104.25,29105.75,20260924,966
Playback101,Playback,NQ SEP26,0.25,2026-07-22T06:34:27.8480000,2026-07-22T06:34:27.8480000,29103.25,29104.75,1,1,0.0000,1,P,30,0,2026-07-22T06:34:31.0000000,29103.25,2026-07-22T06:35:32.0000000,29103.75,29104.5,29106.25,20260924,967
Playback101,Playback,NQ SEP26,0.25,2026-07-22T06:36:20.0960000,2026-07-22T06:36:20.0960000,29107.25,29108.25,1,3,-0.5000,-1,A,30,0,2026-07-22T06:36:21.0000000,29106.75,2026-07-22T06:37:21.0000000,29110,29107.75,29109.25,20260924,968
Playback101,Playback,NQ SEP26,0.25,2026-07-22T06:38:12.2440000,2026-07-22T06:38:12.2440000,29108.75,29110.25,1,2,-0.3333,-1,P,30,0,2026-07-22T06:38:24.0000000,29110.25,2026-07-22T06:39:25.0000000,29110.5,29109,29110.25,20260924,969
Playback101,Playback,NQ SEP26,0.25,2026-07-22T06:39:52.2560000,2026-07-22T06:39:52.2560000,29113,29114.25,1,1,0.0000,1,P,30,0,2026-07-22T06:39:55.0000000,29113,2026-07-22T06:40:56.0000000,29103,29104,29105.25,20260924,970
Playback101,Playback,NQ SEP26,0.25,2026-07-22T06:41:40.2720000,2026-07-22T06:41:40.2720000,29108.75,29110.5,2,1,0.3333,1,P,30,0,2026-07-22T06:41:41.0000000,29108.75,2026-07-22T06:42:42.0000000,29104.75,29104.25,29105.25,20260924,971
Playback101,Playback,NQ SEP26,0.25,2026-07-22T06:43:25.2800000,2026-07-22T06:43:25.2800000,29113.5,29115,2,1,0.3333,1,P,30,1,2026-07-22T06:43:56.0000000,29118,2026-07-22T06:44:57.0000000,29116,29115,29117,20260924,972
Playback101,Playback,NQ SEP26,0.25,2026-07-22T06:45:05.4920000,2026-07-22T06:45:05.4920000,29116.75,29118.5,1,2,-0.3333,-1,A,30,0,2026-07-22T06:45:06.0000000,29116.5,2026-07-22T06:46:07.0000000,29116.25,29115.25,29116.5,20260924,973
Playback101,Playback,NQ SEP26,0.25,2026-07-22T06:47:04.8200000,2026-07-22T06:47:04.8200000,29115.5,29116.5,2,1,0.3333,-1,A,30,0,2026-07-22T06:47:05.0000000,29115.75,2026-07-22T06:48:06.0000000,29121.25,29120.75,29121.75,20260924,974
Playback101,Playback,NQ SEP26,0.25,2026-07-22T06:48:42.8320000,2026-07-22T06:48:42.8320000,29121.5,29123,2,1,0.3333,1,P,30,0,2026-07-22T06:48:45.0000000,29121.5,2026-07-22T06:49:46.0000000,29114.5,29115.75,29117.5,20260924,975
Playback101,Playback,NQ SEP26,0.25,2026-07-22T06:50:23.9800000,2026-07-22T06:50:23.9800000,29109.25,29110.75,2,2,0.0000,1,P,30,0,2026-07-22T06:50:24.0000000,29109.25,2026-07-22T06:51:25.0000000,29106,29105.75,29107.25,20260924,976
Playback101,Playback,NQ SEP26,0.25,2026-07-22T06:51:59.0160000,2026-07-22T06:51:59.0160000,29104,29105.75,1,3,-0.5000,1,A,30,0,2026-07-22T06:52:00.0000000,29105.25,2026-07-22T06:53:01.0000000,29098.25,29098.25,29099.75,20260924,977
Playback101,Playback,NQ SEP26,0.25,2026-07-22T06:53:38.3400000,2026-07-22T06:53:38.3400000,29090.5,29091.75,1,2,-0.3333,1,P,30,0,2026-07-22T06:53:42.0000000,29090.5,2026-07-22T06:54:43.0000000,29090.5,29091.25,29092.5,20260924,978
Playback101,Playback,NQ SEP26,0.25,2026-07-22T06:55:32.4840000,2026-07-22T06:55:32.4840000,29102.25,29103.75,2,2,0.0000,1,P,30,0,2026-07-22T06:55:33.0000000,29102.25,2026-07-22T06:56:34.0000000,29116.25,29116,29117,20260924,979
Playback101,Playback,NQ SEP26,0.25,2026-07-22T06:57:10.5360000,2026-07-22T06:57:10.5360000,29123,29124,1,3,-0.5000,-1,P,30,0,2026-07-22T06:57:12.0000000,29124,2026-07-22T06:58:13.0000000,29128,29126,29127,20260924,980
Playback101,Playback,NQ SEP26,0.25,2026-07-22T06:59:01.6440000,2026-07-22T06:59:01.6440000,29126.75,29128.25,3,1,0.5000,-1,A,30,0,2026-07-22T06:59:02.0000000,29124.75,2026-07-22T07:00:03.0000000,29132.5,29127.75,29128.75,20260924,981
Playback101,Playback,NQ SEP26,0.25,2026-07-22T07:00:34.6720000,2026-07-22T07:00:34.6720000,29135,29136.25,1,3,-0.5000,1,P,30,0,2026-07-22T07:00:35.0000000,29135,2026-07-22T07:01:36.0000000,29134.5,29135,29136,20260924,982
Playback101,Playback,NQ SEP26,0.25,2026-07-22T07:02:13.0080000,2026-07-22T07:02:13.0080000,29143.75,29144.75,3,1,0.5000,1,A,30,0,2026-07-22T07:02:14.0000000,29145,2026-07-22T07:03:15.0000000,29153.5,29153.5,29154.75,20260924,983
Playback101,Playback,NQ SEP26,0.25,2026-07-22T07:04:04.2240000,2026-07-22T07:04:04.2240000,29142.75,29144.25,2,1,0.3333,1,P,30,0,2026-07-22T07:04:05.0000000,29142.75,2026-07-22T07:05:06.0000000,29143.5,29144.25,29145.25,20260924,984
Playback101,Playback,NQ SEP26,0.25,2026-07-22T07:05:51.7360000,2026-07-22T07:05:51.7360000,29136.75,29138,2,1,0.3333,1,P,30,0,2026-07-22T07:05:52.0000000,29136.75,2026-07-22T07:06:53.0000000,29131.5,29132,29133,20260924,985
Playback101,Playback,NQ SEP26,0.25,2026-07-22T07:07:27.7360000,2026-07-22T07:07:27.7360000,29133,29134.25,1,2,-0.3333,1,P,30,0,2026-07-22T07:07:28.0000000,29133,2026-07-22T07:08:30.0000000,29132.25,29133,29134.25,20260924,986
Playback101,Playback,NQ SEP26,0.25,2026-07-22T07:09:13.8480000,2026-07-22T07:09:13.8480000,29134.5,29135.75,3,2,0.2000,1,A,30,0,2026-07-22T07:09:14.0000000,29135.5,2026-07-22T07:10:15.0000000,29138.75,29137.75,29139,20260924,987
Playback101,Playback,NQ SEP26,0.25,2026-07-22T07:10:57.8560000,2026-07-22T07:10:57.8560000,29130.75,29132,2,2,0.0000,1,A,30,0,2026-07-22T07:10:58.0000000,29132,2026-07-22T07:11:59.0000000,29124.5,29124.25,29125.5,20260924,988
Playback101,Playback,NQ SEP26,0.25,2026-07-22T07:12:55.0280000,2026-07-22T07:12:55.0280000,29123.75,29124.75,1,2,-0.3333,-1,P,30,1,2026-07-22T07:13:26.0000000,29121.5,2026-07-22T07:14:27.0000000,29121.5,29120.75,29122,20260924,989
Playback101,Playback,NQ SEP26,0.25,2026-07-22T07:14:38.1520000,2026-07-22T07:14:38.1520000,29121.75,29123,1,1,0.0000,1,P,30,0,2026-07-22T07:14:39.0000000,29121.75,2026-07-22T07:15:40.0000000,29124.5,29124.5,29125.75,20260924,990
Playback101,Playback,NQ SEP26,0.25,2026-07-22T07:16:35.7280000,2026-07-22T07:16:35.7280000,29117.75,29119,1,1,0.0000,1,P,30,0,2026-07-22T07:16:36.0000000,29117.75,2026-07-22T07:17:37.0000000,29120.25,29120.5,29121.75,20260924,991
Playback101,Playback,NQ SEP26,0.25,2026-07-22T07:18:08.8160000,2026-07-22T07:18:08.8160000,29122.75,29124,1,1,0.0000,1,P,30,0,2026-07-22T07:18:10.0000000,29122.75,2026-07-22T07:19:11.0000000,29133.25,29132.5,29134.5,20260924,992
Playback101,Playback,NQ SEP26,0.25,2026-07-22T07:19:57.2800000,2026-07-22T07:19:57.2800000,29131.25,29132.75,3,1,0.5000,1,P,30,0,2026-07-22T07:19:59.0000000,29131.25,2026-07-22T07:20:59.0000000,29149,29149,29150.25,20260924,993
Playback101,Playback,NQ SEP26,0.25,2026-07-22T07:21:37.2800000,2026-07-22T07:21:37.2800000,29157.5,29158.75,1,3,-0.5000,1,A,30,0,2026-07-22T07:21:38.0000000,29162.5,2026-07-22T07:22:39.0000000,29154,29153.5,29154.75,20260924,994
Playback101,Playback,NQ SEP26,0.25,2026-07-22T07:23:13.4720000,2026-07-22T07:23:13.4720000,29153.75,29155,1,1,0.0000,-1,P,30,0,2026-07-22T07:23:14.0000000,29155,2026-07-22T07:24:15.0000000,29153,29151.75,29153,20260924,995
Playback101,Playback,NQ SEP26,0.25,2026-07-22T07:24:54.5280000,2026-07-22T07:24:54.5280000,29161,29163.25,2,2,0.0000,-1,A,30,0,2026-07-22T07:24:55.0000000,29161.25,2026-07-22T07:25:56.0000000,29161.25,29159,29161,20260924,996
Playback101,Playback,NQ SEP26,0.25,2026-07-22T07:26:47.6600000,2026-07-22T07:26:47.6600000,29157,29158.75,3,1,0.5000,-1,P,30,0,2026-07-22T07:26:56.0000000,29158.75,2026-07-22T07:27:57.0000000,29163.25,29162.25,29163.5,20260924,997
Playback101,Playback,NQ SEP26,0.25,2026-07-22T07:28:42.9400000,2026-07-22T07:28:42.9400000,29161.25,29162.75,1,1,0.0000,1,A,30,0,2026-07-22T07:28:43.0000000,29161.5,2026-07-22T07:29:44.0000000,29161.75,29161.75,29163,20260924,998
Playback101,Playback,NQ SEP26,0.25,2026-07-22T07:30:13.9440000,2026-07-22T07:30:13.9440000,29158.75,29160.25,2,1,0.3333,1,P,30,0,2026-07-22T07:30:16.0000000,29158.75,2026-07-22T07:31:17.0000000,29159.25,29159.25,29160.5,20260924,999
Playback101,Playback,NQ SEP26,0.25,2026-07-22T07:31:54.0880000,2026-07-22T07:31:54.0880000,29155.5,29157,1,3,-0.5000,-1,P,30,0,2026-07-22T07:32:10.0000000,29157,2026-07-22T07:33:11.0000000,29154,29150.75,29152.75,20260924,1000
Playback101,Playback,NQ SEP26,0.25,2026-07-22T07:33:26.1400000,2026-07-22T07:33:26.1400000,29152.75,29154.25,1,2,-0.3333,-1,A,30,0,2026-07-22T07:33:27.0000000,29153.25,2026-07-22T07:34:28.0000000,29151.5,29149.5,29151,20260924,1001
Playback101,Playback,NQ SEP26,0.25,2026-07-22T07:35:21.4240000,2026-07-22T07:35:21.4240000,29143.75,29145.25,1,1,0.0000,1,A,30,0,2026-07-22T07:35:22.0000000,29145.25,2026-07-22T07:36:23.0000000,29144.75,29145.75,29147,20260924,1002
Playback101,Playback,NQ SEP26,0.25,2026-07-22T07:37:03.5760000,2026-07-22T07:37:03.5760000,29148.5,29149.5,1,2,-0.3333,-1,A,30,0,2026-07-22T07:37:04.0000000,29149.25,2026-07-22T07:38:05.0000000,29150.75,29149,29150.5,20260924,1003
Playback101,Playback,NQ SEP26,0.25,2026-07-22T07:38:53.8240000,2026-07-22T07:38:53.8240000,29142.25,29143.5,2,1,0.3333,1,A,30,0,2026-07-22T07:38:54.0000000,29143.75,2026-07-22T07:39:55.0000000,29140.25,29138.75,29140.25,20260924,1004
Playback101,Playback,NQ SEP26,0.25,2026-07-22T07:40:26.0840000,2026-07-22T07:40:26.0840000,29136.5,29138,1,1,0.0000,1,P,30,0,2026-07-22T07:40:27.0000000,29136.5,2026-07-22T07:41:28.0000000,29137.25,29137.25,29138.75,20260924,1005
Playback101,Playback,NQ SEP26,0.25,2026-07-22T07:42:01.0880000,2026-07-22T07:42:01.0880000,29136.5,29137.75,1,1,0.0000,-1,P,30,0,2026-07-22T07:42:18.0000000,29137.75,2026-07-22T07:43:19.0000000,29137.75,29136.5,29138,20260924,1006
Playback101,Playback,NQ SEP26,0.25,2026-07-22T07:43:59.3600000,2026-07-22T07:43:59.3600000,29136.5,29138.25,1,1,0.0000,-1,A,30,0,2026-07-22T07:44:00.0000000,29136.25,2026-07-22T07:45:01.0000000,29136.25,29134.25,29136,20260924,1007
Playback101,Playback,NQ SEP26,0.25,2026-07-22T07:45:34.4080000,2026-07-22T07:45:34.4080000,29136.25,29137.75,1,1,0.0000,1,A,30,0,2026-07-22T07:45:35.0000000,29136.5,2026-07-22T07:46:36.0000000,29143,29141.75,29143.25,20260924,1008
Playback101,Playback,NQ SEP26,0.25,2026-07-22T07:47:32.4720000,2026-07-22T07:47:32.4720000,29144.25,29145.75,1,2,-0.3333,1,A,30,0,2026-07-22T07:47:33.0000000,29145.5,2026-07-22T07:48:34.0000000,29153.25,29153,29153.75,20260924,1009
Playback101,Playback,NQ SEP26,0.25,2026-07-22T07:49:07.5960000,2026-07-22T07:49:07.5960000,29157.75,29158.5,1,1,0.0000,1,P,30,0,2026-07-22T07:49:08.0000000,29157.75,2026-07-22T07:50:09.0000000,29169.5,29171,29171.5,20260924,1010
Playback101,Playback,NQ SEP26,0.25,2026-07-22T07:50:54.8920000,2026-07-22T07:50:54.8920000,29167.5,29168.75,2,2,0.0000,1,A,30,0,2026-07-22T07:50:55.0000000,29168.75,2026-07-22T07:51:56.0000000,29161.5,29161.5,29162.75,20260924,1011
Playback101,Playback,NQ SEP26,0.25,2026-07-22T07:52:30.9640000,2026-07-22T07:52:30.9640000,29161,29162.25,2,1,0.3333,1,P,30,0,2026-07-22T07:52:38.0000000,29161,2026-07-22T07:53:39.0000000,29158.25,29158.75,29159.75,20260924,1012
Playback101,Playback,NQ SEP26,0.25,2026-07-22T07:54:26.9960000,2026-07-22T07:54:26.9960000,29157.5,29158.75,1,2,-0.3333,-1,A,30,0,2026-07-22T07:54:27.0000000,29157.5,2026-07-22T07:55:28.0000000,29157,29155.75,29156.75,20260924,1013
Playback101,Playback,NQ SEP26,0.25,2026-07-22T07:56:03.9960000,2026-07-22T07:56:03.9960000,29156,29157.5,4,1,0.6000,1,P,30,0,2026-07-22T07:56:26.0000000,29156,2026-07-22T07:57:27.0000000,29156.5,29156.5,29157.5,20260924,1014
Playback101,Playback,NQ SEP26,0.25,2026-07-22T07:57:58.3080000,2026-07-22T07:57:58.3080000,29154.25,29155.5,1,2,-0.3333,-1,P,30,0,2026-07-22T07:58:00.0000000,29155.5,2026-07-22T07:59:00.0000000,29156,29154.75,29156,20260924,1015
Playback101,Playback,NQ SEP26,0.25,2026-07-22T07:59:50.4960000,2026-07-22T07:59:50.4960000,29153.5,29154.25,1,1,0.0000,-1,P,30,0,2026-07-22T07:59:51.0000000,29154.25,2026-07-22T08:00:52.0000000,29157.25,29156.25,29157.25,20260924,1016
Playback101,Playback,NQ SEP26,0.25,2026-07-22T08:01:35.5400000,2026-07-22T08:01:35.5400000,29153,29154.5,1,1,0.0000,1,P,30,0,2026-07-22T08:01:44.0000000,29153,2026-07-22T08:02:45.0000000,29148.5,29148.75,29149.75,20260924,1017
Playback101,Playback,NQ SEP26,0.25,2026-07-22T08:03:27.6760000,2026-07-22T08:03:27.6760000,29156.5,29158,2,2,0.0000,-1,A,30,0,2026-07-22T08:03:28.0000000,29156.25,2026-07-22T08:04:29.0000000,29145,29143.75,29144.75,20260924,1018
Playback101,Playback,NQ SEP26,0.25,2026-07-22T08:04:57.8400000,2026-07-22T08:04:57.8400000,29135.75,29137,1,2,-0.3333,-1,P,30,0,2026-07-22T08:05:03.0000000,29137,2026-07-22T08:06:04.0000000,29143,29141.75,29143.25,20260924,1019
Playback101,Playback,NQ SEP26,0.25,2026-07-22T08:06:46.0760000,2026-07-22T08:06:46.0760000,29144,29145.5,1,1,0.0000,1,A,30,0,2026-07-22T08:06:47.0000000,29145,2026-07-22T08:07:48.0000000,29139.25,29139.25,29140.5,20260924,1020
Playback101,Playback,NQ SEP26,0.25,2026-07-22T08:08:38.2960000,2026-07-22T08:08:38.2960000,29137.5,29139.25,4,1,0.6000,1,A,30,0,2026-07-22T08:08:39.0000000,29139.25,2026-07-22T08:09:40.0000000,29134.25,29134,29135.25,20260924,1021
Playback101,Playback,NQ SEP26,0.25,2026-07-22T08:10:09.7800000,2026-07-22T08:10:09.7800000,29133,29134.5,1,3,-0.5000,-1,P,30,0,2026-07-22T08:10:26.0000000,29134.5,2026-07-22T08:11:27.0000000,29137.75,29135,29136.75,20260924,1022
Playback101,Playback,NQ SEP26,0.25,2026-07-22T08:11:48.8240000,2026-07-22T08:11:48.8240000,29129.5,29130.75,1,2,-0.3333,1,P,30,0,2026-07-22T08:11:49.0000000,29129.5,2026-07-22T08:12:50.0000000,29131.75,29132.25,29134,20260924,1023
Playback101,Playback,NQ SEP26,0.25,2026-07-22T08:13:48.8960000,2026-07-22T08:13:48.8960000,29130,29131,1,1,0.0000,-1,P,30,1,2026-07-22T08:14:20.0000000,29123,2026-07-22T08:15:20.0000000,29119,29118.25,29119.25,20260924,1024
Playback101,Playback,NQ SEP26,0.25,2026-07-22T08:15:48.9760000,2026-07-22T08:15:48.9760000,29118.5,29119.75,1,1,0.0000,1,P,30,0,2026-07-22T08:15:49.0000000,29118.5,2026-07-22T08:16:50.0000000,29120,29119.5,29120.75,20260924,1025
Playback101,Playback,NQ SEP26,0.25,2026-07-22T08:17:26.0920000,2026-07-22T08:17:26.0920000,29118.5,29119.75,1,2,-0.3333,1,A,30,0,2026-07-22T08:17:27.0000000,29119.75,2026-07-22T08:18:28.0000000,29116.25,29116.25,29117.75,20260924,1026
Playback101,Playback,NQ SEP26,0.25,2026-07-22T08:19:01.1840000,2026-07-22T08:19:01.1840000,29120,29121,1,2,-0.3333,-1,A,30,0,2026-07-22T08:19:02.0000000,29120,2026-07-22T08:20:03.0000000,29114.25,29113.75,29114.75,20260924,1027
Playback101,Playback,NQ SEP26,0.25,2026-07-22T08:20:57.3840000,2026-07-22T08:20:57.3840000,29129.25,29130,1,3,-0.5000,-1,P,30,0,2026-07-22T08:21:09.0000000,29130,2026-07-22T08:22:09.0000000,29129,29127.5,29128.75,20260924,1028
Playback101,Playback,NQ SEP26,0.25,2026-07-22T08:22:28.4120000,2026-07-22T08:22:28.4120000,29127.5,29128.25,1,1,0.0000,1,A,30,0,2026-07-22T08:22:29.0000000,29129.5,2026-07-22T08:23:30.0000000,29125.5,29125.5,29126,20260924,1029
Playback101,Playback,NQ SEP26,0.25,2026-07-22T08:24:06.6440000,2026-07-22T08:24:06.6440000,29124.75,29126,1,1,0.0000,1,P,30,0,2026-07-22T08:24:18.0000000,29124.75,2026-07-22T08:25:19.0000000,29118.75,29119,29120,20260924,1030
Playback101,Playback,NQ SEP26,0.25,2026-07-22T08:25:40.6600000,2026-07-22T08:25:40.6600000,29113,29114.25,1,2,-0.3333,-1,P,30,0,2026-07-22T08:25:43.0000000,29114.25,2026-07-22T08:26:44.0000000,29105.25,29104,29105,20260924,1031
Playback101,Playback,NQ SEP26,0.25,2026-07-22T08:27:41.2000000,2026-07-22T08:27:41.2000000,29104.5,29105.5,1,1,0.0000,-1,P,30,1,2026-07-22T08:28:12.0000000,29102.25,2026-07-22T08:29:13.0000000,29103.5,29102.5,29103.75,20260924,1032
Playback101,Playback,NQ SEP26,0.25,2026-07-22T08:29:39.5160000,2026-07-22T08:29:39.5160000,29102,29103.25,1,1,0.0000,1,P,30,0,2026-07-22T08:29:43.0000000,29102,2026-07-22T08:30:44.0000000,29097,29097,29098.25,20260924,1033
Playback101,Playback,NQ SEP26,0.25,2026-07-22T08:31:28.9400000,2026-07-22T08:31:28.9400000,29101.75,29103.25,1,1,0.0000,-1,P,30,0,2026-07-22T08:31:31.0000000,29103.25,2026-07-22T08:32:32.0000000,29104.75,29104.25,29105.75,20260924,1034
Playback101,Playback,NQ SEP26,0.25,2026-07-22T08:33:15.2760000,2026-07-22T08:33:15.2760000,29107,29108.25,1,1,0.0000,-1,P,30,0,2026-07-22T08:33:18.0000000,29108.25,2026-07-22T08:34:19.0000000,29108.25,29105.25,29106.75,20260924,1035
Playback101,Playback,NQ SEP26,0.25,2026-07-22T08:34:47.4160000,2026-07-22T08:34:47.4160000,29103.25,29104.5,1,1,0.0000,-1,P,30,0,2026-07-22T08:34:49.0000000,29104.5,2026-07-22T08:35:50.0000000,29110.25,29109.25,29110.25,20260924,1036
Playback101,Playback,NQ SEP26,0.25,2026-07-22T08:36:20.5440000,2026-07-22T08:36:20.5440000,29111.5,29112.5,1,1,0.0000,1,P,30,0,2026-07-22T08:36:24.0000000,29111.5,2026-07-22T08:37:24.0000000,29098,29097,29098,20260924,1037
Playback101,Playback,NQ SEP26,0.25,2026-07-22T08:38:05.7400000,2026-07-22T08:38:05.7400000,29094.5,29095.5,1,1,0.0000,-1,P,30,0,2026-07-22T08:38:06.0000000,29095.75,2026-07-22T08:39:07.0000000,29090.75,29090.5,29091.5,20260924,1038
Playback101,Playback,NQ SEP26,0.25,2026-07-22T08:39:48.0560000,2026-07-22T08:39:48.0560000,29087.5,29089,1,4,-0.6000,-1,A,30,0,2026-07-22T08:39:49.0000000,29087.5,2026-07-22T08:40:50.0000000,29085.75,29085.25,29086.25,20260924,1039
Playback101,Playback,NQ SEP26,0.25,2026-07-22T08:41:24.0640000,2026-07-22T08:41:24.0640000,29056.25,29057.75,1,1,0.0000,1,P,30,1,2026-07-22T08:41:55.0000000,29066.5,2026-07-22T08:42:56.0000000,29049.5,29048,29049.5,20260924,1040
Playback101,Playback,NQ SEP26,0.25,2026-07-22T08:43:10.0640000,2026-07-22T08:43:10.0640000,29034.75,29036.25,3,1,0.5000,-1,A,30,0,2026-07-22T08:43:11.0000000,29036.5,2026-07-22T08:44:12.0000000,29030,29025.25,29027,20260924,1041
Playback101,Playback,NQ SEP26,0.25,2026-07-22T08:45:00.1320000,2026-07-22T08:45:00.1320000,29041.75,29043,2,1,0.3333,-1,A,30,0,2026-07-22T08:45:01.0000000,29041.5,2026-07-22T08:46:02.0000000,29045.5,29043.75,29045,20260924,1042
Playback101,Playback,NQ SEP26,0.25,2026-07-22T08:46:41.4640000,2026-07-22T08:46:41.4640000,29045.25,29046.75,2,1,0.3333,1,P,30,1,2026-07-22T08:47:12.0000000,29052.25,2026-07-22T08:48:13.0000000,29073.75,29073.75,29075,20260924,1043
Playback101,Playback,NQ SEP26,0.25,2026-07-22T08:48:37.5400000,2026-07-22T08:48:37.5400000,29075.25,29076.5,1,1,0.0000,-1,P,30,0,2026-07-22T08:48:38.0000000,29076.5,2026-07-22T08:49:39.0000000,29072.5,29072.25,29073.25,20260924,1044
Playback101,Playback,NQ SEP26,0.25,2026-07-22T08:50:27.7440000,2026-07-22T08:50:27.7440000,29067.75,29069,1,1,0.0000,1,A,30,0,2026-07-22T08:50:28.0000000,29070.25,2026-07-22T08:51:29.0000000,29070.25,29070.25,29071.75,20260924,1045
Playback101,Playback,NQ SEP26,0.25,2026-07-22T08:52:10.7960000,2026-07-22T08:52:10.7960000,29066.5,29068,1,1,0.0000,-1,A,30,0,2026-07-22T08:52:11.0000000,29068.75,2026-07-22T08:53:12.0000000,29064,29063.5,29064.75,20260924,1046
Playback101,Playback,NQ SEP26,0.25,2026-07-22T08:54:00.0240000,2026-07-22T08:54:00.0240000,29062.75,29064.25,1,1,0.0000,1,A,30,0,2026-07-22T08:54:01.0000000,29066,2026-07-22T08:55:02.0000000,29066.5,29065.5,29066.5,20260924,1047
Playback101,Playback,NQ SEP26,0.25,2026-07-22T08:55:30.2600000,2026-07-22T08:55:30.2600000,29061.5,29062.75,2,2,0.0000,-1,P,30,0,2026-07-22T08:55:31.0000000,29062.75,2026-07-22T08:56:32.0000000,29047.25,29046.75,29047.75,20260924,1048
Playback101,Playback,NQ SEP26,0.25,2026-07-22T08:57:23.2600000,2026-07-22T08:57:23.2600000,29053.25,29054.75,1,2,-0.3333,-1,P,30,0,2026-07-22T08:57:24.0000000,29054.75,2026-07-22T08:58:25.0000000,29057.25,29055.5,29057,20260924,1049
Playback101,Playback,NQ SEP26,0.25,2026-07-22T08:59:17.5280000,2026-07-22T08:59:17.5280000,29050.5,29051.5,2,1,0.3333,-1,P,30,0,2026-07-22T08:59:19.0000000,29051.5,2026-07-22T09:00:20.0000000,29068,29066.75,29068,20260924,1050
Playback101,Playback,NQ SEP26,0.25,2026-07-22T09:00:51.5840000,2026-07-22T09:00:51.5840000,29060.75,29062.25,2,3,-0.2000,1,A,30,0,2026-07-22T09:00:52.0000000,29063.75,2026-07-22T09:01:53.0000000,29054,29053,29054,20260924,1051
Playback101,Playback,NQ SEP26,0.25,2026-07-22T09:02:43.5880000,2026-07-22T09:02:43.5880000,29053.75,29055,1,1,0.0000,-1,P,30,1,2026-07-22T09:03:14.0000000,29037.25,2026-07-22T09:04:15.0000000,29038.75,29038,29039.25,20260924,1052
Playback101,Playback,NQ SEP26,0.25,2026-07-22T09:04:20.6360000,2026-07-22T09:04:20.6360000,29037.75,29039.25,1,2,-0.3333,-1,P,30,0,2026-07-22T09:04:21.0000000,29039.25,2026-07-22T09:05:22.0000000,29043.75,29041.75,29043.25,20260924,1053
Playback101,Playback,NQ SEP26,0.25,2026-07-22T09:06:05.7160000,2026-07-22T09:06:05.7160000,29051,29052.5,1,1,0.0000,1,A,30,0,2026-07-22T09:06:06.0000000,29052.25,2026-07-22T09:07:07.0000000,29037,29037,29038.25,20260924,1054
Playback101,Playback,NQ SEP26,0.25,2026-07-22T09:07:55.1120000,2026-07-22T09:07:55.1120000,29026.75,29027.75,1,1,0.0000,-1,P,30,0,2026-07-22T09:07:57.0000000,29027.75,2026-07-22T09:08:58.0000000,29034.25,29032.5,29034,20260924,1055
Playback101,Playback,NQ SEP26,0.25,2026-07-22T09:09:54.2040000,2026-07-22T09:09:54.2040000,29034.5,29035.5,1,1,0.0000,-1,P,30,0,2026-07-22T09:09:57.0000000,29035.5,2026-07-22T09:10:58.0000000,29037.25,29036.5,29037.75,20260924,1056
Playback101,Playback,NQ SEP26,0.25,2026-07-22T09:11:53.5760000,2026-07-22T09:11:53.5760000,29041.5,29043,1,2,-0.3333,-1,A,30,0,2026-07-22T09:11:54.0000000,29041.75,2026-07-22T09:12:55.0000000,29043.25,29041.5,29043,20260924,1057
Playback101,Playback,NQ SEP26,0.25,2026-07-22T09:13:37.6560000,2026-07-22T09:13:37.6560000,29045.5,29046.25,1,1,0.0000,-1,P,30,0,2026-07-22T09:13:39.0000000,29046.25,2026-07-22T09:14:40.0000000,29049,29047.75,29048.75,20260924,1058
Playback101,Playback,NQ SEP26,0.25,2026-07-22T09:15:11.6800000,2026-07-22T09:15:11.6800000,29044.5,29046,2,1,0.3333,-1,A,30,0,2026-07-22T09:15:12.0000000,29045,2026-07-22T09:16:13.0000000,29032.25,29031.5,29032.25,20260924,1059
Playback101,Playback,NQ SEP26,0.25,2026-07-22T09:16:47.8280000,2026-07-22T09:16:47.8280000,29033.25,29034.5,1,1,0.0000,-1,A,30,0,2026-07-22T09:16:48.0000000,29033,2026-07-22T09:17:49.0000000,29026,29024,29025,20260924,1060
Playback101,Playback,NQ SEP26,0.25,2026-07-22T09:18:22.8320000,2026-07-22T09:18:22.8320000,29026.25,29027.5,1,2,-0.3333,-1,P,30,0,2026-07-22T09:18:26.0000000,29027.5,2026-07-22T09:19:27.0000000,29028,29027,29028.25,20260924,1061
Playback101,Playback,NQ SEP26,0.25,2026-07-22T09:20:07.2000000,2026-07-22T09:20:07.2000000,29022.5,29023.75,1,1,0.0000,-1,A,30,0,2026-07-22T09:20:08.0000000,29023.5,2026-07-22T09:21:09.0000000,29021.5,29019.75,29021,20260924,1062
Playback101,Playback,NQ SEP26,0.25,2026-07-22T09:22:03.2160000,2026-07-22T09:22:03.2160000,29008.5,29009.75,1,1,0.0000,1,A,30,0,2026-07-22T09:22:04.0000000,29008.75,2026-07-22T09:23:05.0000000,29009.75,29009,29010.75,20260924,1063
Playback101,Playback,NQ SEP26,0.25,2026-07-22T09:23:45.2160000,2026-07-22T09:23:45.2160000,29007.75,29008.75,4,1,0.6000,1,A,30,0,2026-07-22T09:23:46.0000000,29009.5,2026-07-22T09:24:47.0000000,28999.75,29000,29001,20260924,1064
Playback101,Playback,NQ SEP26,0.25,2026-07-22T09:25:28.3920000,2026-07-22T09:25:28.3920000,29002.25,29003.5,2,1,0.3333,1,P,30,1,2026-07-22T09:25:59.0000000,29008.25,2026-07-22T09:27:00.0000000,29012.75,29012.25,29013.5,20260924,1065
Playback101,Playback,NQ SEP26,0.25,2026-07-22T09:27:09.9400000,2026-07-22T09:27:09.9400000,29011.25,29012.5,2,1,0.3333,-1,P,30,0,2026-07-22T09:27:16.0000000,29012.5,2026-07-22T09:28:17.0000000,29019.25,29018.25,29019.25,20260924,1066
Playback101,Playback,NQ SEP26,0.25,2026-07-22T09:28:40.0000000,2026-07-22T09:28:40.0000000,29020.75,29021.75,1,2,-0.3333,-1,P,30,0,2026-07-22T09:28:41.0000000,29021.75,2026-07-22T09:29:42.0000000,29026.5,29025.5,29026.5,20260924,1067
Playback101,Playback,NQ SEP26,0.25,2026-07-22T09:30:39.0160000,2026-07-22T09:30:39.0160000,29049.5,29051.5,1,3,-0.5000,-1,A,30,0,2026-07-22T09:30:40.0000000,29049.5,2026-07-22T09:31:41.0000000,29057.5,29056.25,29057.5,20260924,1068
Playback101,Playback,NQ SEP26,0.25,2026-07-22T09:32:12.1480000,2026-07-22T09:32:12.1480000,29056,29057.5,4,2,0.3333,-1,P,30,0,2026-07-22T09:32:31.0000000,29057.5,2026-07-22T09:33:32.0000000,29057.5,29057,29058.25,20260924,1069
Playback101,Playback,NQ SEP26,0.25,2026-07-22T09:34:05.1520000,2026-07-22T09:34:05.1520000,29055.5,29057,1,2,-0.3333,1,P,30,1,2026-07-22T09:34:36.0000000,29065.5,2026-07-22T09:35:37.0000000,29056.75,29058.25,29059.5,20260924,1070
Playback101,Playback,NQ SEP26,0.25,2026-07-22T09:35:49.2800000,2026-07-22T09:35:49.2800000,29060,29061.25,1,1,0.0000,1,A,30,0,2026-07-22T09:35:50.0000000,29063,2026-07-22T09:36:51.0000000,29065,29061,29062.25,20260924,1071
Playback101,Playback,NQ SEP26,0.25,2026-07-22T09:37:33.3000000,2026-07-22T09:37:33.3000000,29057.75,29059.25,2,1,0.3333,1,P,30,0,2026-07-22T09:37:34.0000000,29057.75,2026-07-22T09:38:35.0000000,29046.75,29045.75,29046.75,20260924,1072
Playback101,Playback,NQ SEP26,0.25,2026-07-22T09:39:13.3120000,2026-07-22T09:39:13.3120000,29053.5,29054.75,2,2,0.0000,1,P,30,0,2026-07-22T09:39:15.0000000,29053.5,2026-07-22T09:40:16.0000000,29060.5,29060.25,29061.5,20260924,1073
Playback101,Playback,NQ SEP26,0.25,2026-07-22T09:41:08.3120000,2026-07-22T09:41:08.3120000,29062.25,29063.5,3,1,0.5000,-1,P,30,0,2026-07-22T09:41:11.0000000,29063.5,2026-07-22T09:42:12.0000000,29065,29064,29065.75,20260924,1074
Playback101,Playback,NQ SEP26,0.25,2026-07-22T09:42:52.3800000,2026-07-22T09:42:52.3800000,29063,29064.5,4,1,0.6000,1,A,30,0,2026-07-22T09:42:53.0000000,29064,2026-07-22T09:43:54.0000000,29056.75,29056.5,29057.75,20260924,1075
Playback101,Playback,NQ SEP26,0.25,2026-07-22T09:44:24.5480000,2026-07-22T09:44:24.5480000,29059.75,29061,1,1,0.0000,-1,A,30,0,2026-07-22T09:44:25.0000000,29059.75,2026-07-22T09:45:26.0000000,29054.75,29053.75,29054.5,20260924,1076
Playback101,Playback,NQ SEP26,0.25,2026-07-22T09:46:18.5480000,2026-07-22T09:46:18.5480000,29039.5,29040.5,2,1,0.3333,1,A,30,0,2026-07-22T09:46:19.0000000,29040.75,2026-07-22T09:47:20.0000000,29039.5,29038.75,29039.75,20260924,1077
Playback101,Playback,NQ SEP26,0.25,2026-07-22T09:47:49.5840000,2026-07-22T09:47:49.5840000,29034.75,29035.75,1,1,0.0000,1,P,30,0,2026-07-22T09:47:50.0000000,29033.25,2026-07-22T09:48:51.0000000,29012.75,29011.25,29011.75,20260924,1078
Playback101,Playback,NQ SEP26,0.25,2026-07-22T09:49:32.6680000,2026-07-22T09:49:32.6680000,29017.25,29018.25,1,1,0.0000,1,P,30,0,2026-07-22T09:49:33.0000000,29017.25,2026-07-22T09:50:34.0000000,29020,29020,29021.25,20260924,1079
Playback101,Playback,NQ SEP26,0.25,2026-07-22T09:51:27.7600000,2026-07-22T09:51:27.7600000,29031.25,29032,2,2,0.0000,1,A,30,0,2026-07-22T09:51:28.0000000,29031.75,2026-07-22T09:52:28.0000000,29038.75,29038,29038.75,20260924,1080
Playback101,Playback,NQ SEP26,0.25,2026-07-22T09:53:10.8000000,2026-07-22T09:53:10.8000000,29038.75,29039.75,1,1,0.0000,-1,A,30,0,2026-07-22T09:53:11.0000000,29039.75,2026-07-22T09:54:12.0000000,29043.25,29041.75,29042.5,20260924,1081
Playback101,Playback,NQ SEP26,0.25,2026-07-22T09:55:08.0760000,2026-07-22T09:55:08.0760000,29042,29042.75,2,1,0.3333,-1,P,30,0,2026-07-22T09:55:09.0000000,29042.75,2026-07-22T09:56:10.0000000,29042,29039.75,29040.5,20260924,1082
Playback101,Playback,NQ SEP26,0.25,2026-07-22T09:56:52.2440000,2026-07-22T09:56:52.2440000,29039.75,29040.5,1,1,0.0000,1,A,30,0,2026-07-22T09:56:53.0000000,28995.5,2026-07-22T09:57:54.0000000,29018.5,29017,29019.75,20260924,1083
Playback101,Playback,NQ SEP26,0.25,2026-07-22T09:58:24.3000000,2026-07-22T09:58:24.3000000,29011.5,29013.75,3,2,0.2000,1,P,30,1,2026-07-22T09:58:55.0000000,29017.5,2026-07-22T09:59:56.0000000,29017.25,29017,29018.75,20260924,1084
Playback101,Playback,NQ SEP26,0.25,2026-07-22T10:00:02.3080000,2026-07-22T10:00:02.3080000,29026.25,29028,1,1,0.0000,-1,A,30,0,2026-07-22T10:00:03.0000000,29025,2026-07-22T10:01:04.0000000,29027,29025.75,29027,20260924,1085
Playback101,Playback,NQ SEP26,0.25,2026-07-22T10:01:58.6040000,2026-07-22T10:01:58.6040000,29028.5,29030.25,2,1,0.3333,1,P,30,0,2026-07-22T10:01:59.0000000,29028.5,2026-07-22T10:03:00.0000000,29034,29034.25,29035.75,20260924,1086
Playback101,Playback,NQ SEP26,0.25,2026-07-22T10:03:53.8640000,2026-07-22T10:03:53.8640000,29035,29036.5,1,2,-0.3333,-1,P,30,0,2026-07-22T10:03:59.0000000,29036.5,2026-07-22T10:05:00.0000000,29045.5,29045,29046.5,20260924,1087
Playback101,Playback,NQ SEP26,0.25,2026-07-22T10:05:47.0000000,2026-07-22T10:05:47.0000000,29043.75,29045,1,1,0.0000,1,P,30,0,2026-07-22T10:05:47.0000000,29043.75,2026-07-22T10:06:48.0000000,29041.25,29041.5,29042.75,20260924,1088
Playback101,Playback,NQ SEP26,0.25,2026-07-22T10:07:30.0280000,2026-07-22T10:07:30.0280000,29042,29043,1,7,-0.7500,1,A,30,0,2026-07-22T10:07:31.0000000,29042.75,2026-07-22T10:08:32.0000000,29044,29043.75,29045,20260924,1089
Playback101,Playback,NQ SEP26,0.25,2026-07-22T10:09:28.0360000,2026-07-22T10:09:28.0360000,29059.5,29059.75,1,1,0.0000,-1,P,30,0,2026-07-22T10:09:30.0000000,29059.75,2026-07-22T10:10:31.0000000,29059.5,29056.5,29057.75,20260924,1090
Playback101,Playback,NQ SEP26,0.25,2026-07-22T10:11:11.0640000,2026-07-22T10:11:11.0640000,29053.5,29054.25,1,1,0.0000,1,A,30,0,2026-07-22T10:11:12.0000000,29055.5,2026-07-22T10:12:12.0000000,29054.75,29055.5,29056.25,20260924,1091
Playback101,Playback,NQ SEP26,0.25,2026-07-22T10:12:59.1680000,2026-07-22T10:12:59.1680000,29051,29052,3,1,0.5000,-1,P,30,0,2026-07-22T10:13:02.0000000,29052,2026-07-22T10:14:03.0000000,29058.25,29058.5,29059.25,20260924,1092
Playback101,Playback,NQ SEP26,0.25,2026-07-22T10:14:47.4600000,2026-07-22T10:14:47.4600000,29054,29055,1,1,0.0000,-1,A,30,0,2026-07-22T10:14:48.0000000,29055,2026-07-22T10:15:49.0000000,29058.5,29058,29058.75,20260924,1093
Playback101,Playback,NQ SEP26,0.25,2026-07-22T10:16:36.5520000,2026-07-22T10:16:36.5520000,29061.5,29062.25,1,1,0.0000,-1,P,30,0,2026-07-22T10:16:39.0000000,29062.25,2026-07-22T10:17:40.0000000,29071.75,29071,29071.75,20260924,1094
Playback101,Playback,NQ SEP26,0.25,2026-07-22T10:18:24.5640000,2026-07-22T10:18:24.5640000,29070.75,29071.25,1,1,0.0000,-1,P,30,0,2026-07-22T10:18:26.0000000,29071.25,2026-07-22T10:19:27.0000000,29077,29074,29074.75,20260924,1095
Playback101,Playback,NQ SEP26,0.25,2026-07-22T10:20:22.6680000,2026-07-22T10:20:22.6680000,29075.25,29076,1,2,-0.3333,-1,P,30,0,2026-07-22T10:20:27.0000000,29076,2026-07-22T10:21:28.0000000,29073.75,29072.25,29073.25,20260924,1096
Playback101,Playback,NQ SEP26,0.25,2026-07-22T10:22:01.8920000,2026-07-22T10:22:01.8920000,29071.25,29072,1,1,0.0000,-1,A,30,0,2026-07-22T10:22:02.0000000,29071.5,2026-07-22T10:23:03.0000000,29076.25,29075.5,29076.5,20260924,1097
Playback101,Playback,NQ SEP26,0.25,2026-07-22T10:23:44.8960000,2026-07-22T10:23:44.8960000,29081.5,29082.5,1,3,-0.5000,-1,A,30,0,2026-07-22T10:23:45.0000000,29081.25,2026-07-22T10:24:46.0000000,29084.5,29083.25,29084.25,20260924,1098
Playback101,Playback,NQ SEP26,0.25,2026-07-22T10:25:24.9920000,2026-07-22T10:25:24.9920000,29083.75,29084.75,3,2,0.2000,1,A,30,0,2026-07-22T10:25:25.0000000,29084.75,2026-07-22T10:26:26.0000000,29092.5,29093.75,29094.5,20260924,1099
Playback101,Playback,NQ SEP26,0.25,2026-07-22T10:27:10.9960000,2026-07-22T10:27:10.9960000,29087.75,29088.75,2,1,0.3333,-1,P,30,0,2026-07-22T10:27:11.0000000,29089,2026-07-22T10:28:12.0000000,29082.5,29081.75,29082.25,20260924,1100
Playback101,Playback,NQ SEP26,0.25,2026-07-22T10:28:51.2000000,2026-07-22T10:28:51.2000000,29086.25,29087.25,1,2,-0.3333,-1,P,30,0,2026-07-22T10:28:52.0000000,29087.25,2026-07-22T10:29:53.0000000,29091.5,29089.25,29090.25,20260924,1101
Playback101,Playback,NQ SEP26,0.25,2026-07-22T10:30:43.2000000,2026-07-22T10:30:43.2000000,29123,29124,2,2,0.0000,-1,P,30,0,2026-07-22T10:31:01.0000000,29124,2026-07-22T10:32:02.0000000,29121.25,29122.5,29123.5,20260924,1102
Playback101,Playback,NQ SEP26,0.25,2026-07-22T10:32:26.2200000,2026-07-22T10:32:26.2200000,29125,29126,3,1,0.5000,1,P,30,1,2026-07-22T10:32:57.0000000,29146.25,2026-07-22T10:33:58.0000000,29143.75,29142.5,29143.25,20260924,1103
Playback101,Playback,NQ SEP26,0.25,2026-07-22T10:34:18.2200000,2026-07-22T10:34:18.2200000,29134.5,29135.5,1,2,-0.3333,1,A,30,0,2026-07-22T10:34:19.0000000,29133.75,2026-07-22T10:35:19.0000000,29146.25,29146,29147,20260924,1104
Playback101,Playback,NQ SEP26,0.25,2026-07-22T10:36:07.2200000,2026-07-22T10:36:07.2200000,29147,29148,1,3,-0.5000,1,A,30,0,2026-07-22T10:36:08.0000000,29146,2026-07-22T10:37:08.0000000,29138,29136.75,29137.75,20260924,1105
Playback101,Playback,NQ SEP26,0.25,2026-07-22T10:37:54.2280000,2026-07-22T10:37:54.2280000,29155.5,29156.5,2,2,0.0000,-1,P,30,0,2026-07-22T10:37:55.0000000,29156.5,2026-07-22T10:38:56.0000000,29125.25,29122,29122.75,20260924,1106
Playback101,Playback,NQ SEP26,0.25,2026-07-22T10:39:26.2280000,2026-07-22T10:39:26.2280000,29136.75,29137.5,1,1,0.0000,-1,A,30,0,2026-07-22T10:39:27.0000000,29136.5,2026-07-22T10:40:27.0000000,29137.25,29136,29136.75,20260924,1107
Playback101,Playback,NQ SEP26,0.25,2026-07-22T10:41:22.2320000,2026-07-22T10:41:22.2320000,29162.25,29163.25,2,1,0.3333,-1,P,30,0,2026-07-22T10:41:23.0000000,29163.25,2026-07-22T10:42:24.0000000,29176.5,29173.25,29174,20260924,1108
Playback101,Playback,NQ SEP26,0.25,2026-07-22T10:43:03.2480000,2026-07-22T10:43:03.2480000,29162.25,29163,2,1,0.3333,1,P,30,0,2026-07-22T10:43:04.0000000,29162.25,2026-07-22T10:44:05.0000000,29174.25,29177.75,29178.5,20260924,1109
Playback101,Playback,NQ SEP26,0.25,2026-07-22T10:44:46.2520000,2026-07-22T10:44:46.2520000,29177.75,29178.5,1,2,-0.3333,1,A,30,0,2026-07-22T10:44:47.0000000,29178.25,2026-07-22T10:45:48.0000000,29213.5,29212.75,29213.5,20260924,1110
Playback101,Playback,NQ SEP26,0.25,2026-07-22T10:46:44.2560000,2026-07-22T10:46:44.2560000,29195.5,29196.25,1,3,-0.5000,1,A,30,0,2026-07-22T10:46:45.0000000,29198.75,2026-07-22T10:47:46.0000000,29182.75,29187.5,29188.25,20260924,1111
Playback101,Playback,NQ SEP26,0.25,2026-07-22T10:48:19.2560000,2026-07-22T10:48:19.2560000,29179.75,29180.5,1,4,-0.6000,-1,A,30,0,2026-07-22T10:48:20.0000000,29180.75,2026-07-22T10:49:21.0000000,29169.25,29170,29170.75,20260924,1112
Playback101,Playback,NQ SEP26,0.25,2026-07-22T10:49:54.2960000,2026-07-22T10:49:54.2960000,29173.75,29174.75,2,2,0.0000,1,A,30,0,2026-07-22T10:49:55.0000000,29173,2026-07-22T10:50:55.0000000,29161.75,29162,29163,20260924,1113
Playback101,Playback,NQ SEP26,0.25,2026-07-22T10:51:30.3520000,2026-07-22T10:51:30.3520000,29193.25,29194,2,1,0.3333,-1,A,30,0,2026-07-22T10:51:31.0000000,29190.75,2026-07-22T10:52:32.0000000,29193.75,29193.75,29195,20260924,1114
Playback101,Playback,NQ SEP26,0.25,2026-07-22T10:53:04.3520000,2026-07-22T10:53:04.3520000,29204.5,29205.5,2,3,-0.2000,-1,P,30,0,2026-07-22T10:53:05.0000000,29205.5,2026-07-22T10:54:05.0000000,29227.75,29226.75,29227.5,20260924,1115
Playback101,Playback,NQ SEP26,0.25,2026-07-22T10:54:59.3560000,2026-07-22T10:54:59.3560000,29237.25,29238,2,2,0.0000,-1,P,30,0,2026-07-22T10:55:01.0000000,29238,2026-07-22T10:56:01.0000000,29239.75,29239.5,29240,20260924,1116
Playback101,Playback,NQ SEP26,0.25,2026-07-22T10:56:57.4360000,2026-07-22T10:56:57.4360000,29252.25,29252.75,1,1,0.0000,1,P,30,0,2026-07-22T10:56:58.0000000,29252.25,2026-07-22T10:57:58.0000000,29256.5,29256.5,29257,20260924,1117
Playback101,Playback,NQ SEP26,0.25,2026-07-22T10:58:52.4360000,2026-07-22T10:58:52.4360000,29249.25,29250,2,1,0.3333,-1,P,30,0,2026-07-22T10:58:53.0000000,29250,2026-07-22T10:59:54.0000000,29268,29267.75,29268.5,20260924,1118
Playback101,Playback,NQ SEP26,0.25,2026-07-22T11:00:47.4480000,2026-07-22T11:00:47.4480000,29277.5,29278.25,1,2,-0.3333,1,P,30,0,2026-07-22T11:00:49.0000000,29277.5,2026-07-22T11:01:50.0000000,29263.25,29263.75,29264.25,20260924,1119
Playback101,Playback,NQ SEP26,0.25,2026-07-22T11:02:31.4680000,2026-07-22T11:02:31.4680000,29254,29254.75,3,1,0.5000,-1,A,30,0,2026-07-22T11:02:32.0000000,29254.5,2026-07-22T11:03:33.0000000,29246.75,29247.75,29248.5,20260924,1120
Playback101,Playback,NQ SEP26,0.25,2026-07-22T11:04:31.4680000,2026-07-22T11:04:31.4680000,29250,29250.75,1,1,0.0000,-1,A,30,0,2026-07-22T11:04:32.0000000,29250.75,2026-07-22T11:05:32.0000000,29265.25,29264.75,29265.25,20260924,1121
Playback101,Playback,NQ SEP26,0.25,2026-07-22T11:06:05.4760000,2026-07-22T11:06:05.4760000,29266,29266.75,2,2,0.0000,1,P,30,0,2026-07-22T11:06:06.0000000,29266,2026-07-22T11:07:06.0000000,29254.5,29254.5,29255,20260924,1122
Playback101,Playback,NQ SEP26,0.25,2026-07-22T11:07:59.4800000,2026-07-22T11:07:59.4800000,29238.25,29239.25,3,1,0.5000,1,A,30,0,2026-07-22T11:08:00.0000000,29239.25,2026-07-22T11:09:01.0000000,29235.25,29232.75,29233.5,20260924,1123
Playback101,Playback,NQ SEP26,0.25,2026-07-22T11:09:40.4920000,2026-07-22T11:09:40.4920000,29232,29233,2,2,0.0000,-1,A,30,0,2026-07-22T11:09:41.0000000,29232,2026-07-22T11:10:41.0000000,29228.25,29227,29227.75,20260924,1124
Playback101,Playback,NQ SEP26,0.25,2026-07-22T11:11:15.5000000,2026-07-22T11:11:15.5000000,29251.25,29251.75,1,1,0.0000,-1,A,30,0,2026-07-22T11:11:16.0000000,29250.25,2026-07-22T11:12:16.0000000,29260.75,29260,29261,20260924,1125
Playback101,Playback,NQ SEP26,0.25,2026-07-22T11:13:01.5080000,2026-07-22T11:13:01.5080000,29239.5,29240.25,1,2,-0.3333,-1,A,30,0,2026-07-22T11:13:02.0000000,29236.75,2026-07-22T11:14:02.0000000,29229.75,29229.25,29230,20260924,1126
Playback101,Playback,NQ SEP26,0.25,2026-07-22T11:14:33.5200000,2026-07-22T11:14:33.5200000,29233.25,29234.25,3,1,0.5000,-1,A,30,0,2026-07-22T11:14:34.0000000,29231.5,2026-07-22T11:15:35.0000000,29210,29208.75,29209.5,20260924,1127
Playback101,Playback,NQ SEP26,0.25,2026-07-22T11:16:25.5240000,2026-07-22T11:16:25.5240000,29204.25,29205,1,2,-0.3333,1,P,30,0,2026-07-22T11:16:28.0000000,29204.25,2026-07-22T11:17:28.0000000,29207.75,29208.25,29209,20260924,1128
Playback101,Playback,NQ SEP26,0.25,2026-07-22T11:17:59.5240000,2026-07-22T11:17:59.5240000,29228.5,29229,1,1,0.0000,1,P,30,0,2026-07-22T11:18:00.0000000,29228.5,2026-07-22T11:19:01.0000000,29209.5,29212,29213,20260924,1129
Playback101,Playback,NQ SEP26,0.25,2026-07-22T11:19:35.5240000,2026-07-22T11:19:35.5240000,29225.75,29226.25,2,1,0.3333,-1,A,30,0,2026-07-22T11:19:36.0000000,29228.5,2026-07-22T11:20:36.0000000,29258.5,29258.75,29259.25,20260924,1130
Playback101,Playback,NQ SEP26,0.25,2026-07-22T11:21:09.5600000,2026-07-22T11:21:09.5600000,29268,29268.5,1,1,0.0000,1,A,30,0,2026-07-22T11:21:10.0000000,29268,2026-07-22T11:22:10.0000000,29260.75,29260.25,29261,20260924,1131
Playback101,Playback,NQ SEP26,0.25,2026-07-22T11:22:52.6000000,2026-07-22T11:22:52.6000000,29248.75,29249.5,2,3,-0.2000,1,P,30,0,2026-07-22T11:22:53.0000000,29248.75,2026-07-22T11:23:54.0000000,29214.25,29211,29212,20260924,1132
Playback101,Playback,NQ SEP26,0.25,2026-07-22T11:24:44.6000000,2026-07-22T11:24:44.6000000,29202.75,29203.5,1,1,0.0000,1,A,30,0,2026-07-22T11:24:45.0000000,29203.75,2026-07-22T11:25:46.0000000,29226.25,29224.5,29225.5,20260924,1133
Playback101,Playback,NQ SEP26,0.25,2026-07-22T11:26:18.6000000,2026-07-22T11:26:18.6000000,29221,29221.75,1,2,-0.3333,-1,A,30,0,2026-07-22T11:26:19.0000000,29220.75,2026-07-22T11:27:20.0000000,29214.25,29219.25,29220.25,20260924,1134
Playback101,Playback,NQ SEP26,0.25,2026-07-22T11:28:15.6240000,2026-07-22T11:28:15.6240000,29216,29216.5,1,2,-0.3333,-1,P,30,0,2026-07-22T11:28:17.0000000,29216.5,2026-07-22T11:29:18.0000000,29226,29222,29222.75,20260924,1135
Playback101,Playback,NQ SEP26,0.25,2026-07-22T11:29:52.6240000,2026-07-22T11:29:52.6240000,29217.25,29218.25,1,2,-0.3333,1,P,30,0,2026-07-22T11:29:54.0000000,29217.25,2026-07-22T11:30:55.0000000,29230.75,29229,29229.75,20260924,1136
Playback101,Playback,NQ SEP26,0.25,2026-07-22T11:31:48.6480000,2026-07-22T11:31:48.6480000,29230.5,29231.25,3,7,-0.4000,1,P,30,0,2026-07-22T11:31:49.0000000,29230.5,2026-07-22T11:32:50.0000000,29256.25,29256.75,29257.25,20260924,1137
Playback101,Playback,NQ SEP26,0.25,2026-07-22T11:33:44.6680000,2026-07-22T11:33:44.6680000,29248.5,29249.25,3,1,0.5000,1,A,30,0,2026-07-22T11:33:45.0000000,29250.25,2026-07-22T11:34:46.0000000,29225,29225,29226,20260924,1138
Playback101,Playback,NQ SEP26,0.25,2026-07-22T11:35:28.6760000,2026-07-22T11:35:28.6760000,29208.25,29209,1,2,-0.3333,1,P,30,0,2026-07-22T11:35:29.0000000,29208.25,2026-07-22T11:36:30.0000000,29238.5,29238,29238.75,20260924,1139
Playback101,Playback,NQ SEP26,0.25,2026-07-22T11:37:26.7120000,2026-07-22T11:37:26.7120000,29237.5,29238.25,1,3,-0.5000,-1,A,30,0,2026-07-22T11:37:27.0000000,29236,2026-07-22T11:38:28.0000000,29224.5,29221.75,29222.75,20260924,1140
Playback101,Playback,NQ SEP26,0.25,2026-07-22T11:39:14.7400000,2026-07-22T11:39:14.7400000,29211.5,29212.25,2,1,0.3333,1,P,30,0,2026-07-22T11:39:15.0000000,29211.5,2026-07-22T11:40:15.0000000,29218,29218,29218.75,20260924,1141
Playback101,Playback,NQ SEP26,0.25,2026-07-22T11:40:48.7400000,2026-07-22T11:40:48.7400000,29223.5,29224.25,2,2,0.0000,-1,P,30,0,2026-07-22T11:40:49.0000000,29224.25,2026-07-22T11:41:49.0000000,29192.25,29191.25,29192,20260924,1142
Playback101,Playback,NQ SEP26,0.25,2026-07-22T11:42:42.7400000,2026-07-22T11:42:42.7400000,29201.25,29202.25,3,2,0.2000,-1,P,30,0,2026-07-22T11:42:43.0000000,29202.25,2026-07-22T11:43:43.0000000,29189.5,29188.5,29189.25,20260924,1143
Playback101,Playback,NQ SEP26,0.25,2026-07-22T11:44:30.7600000,2026-07-22T11:44:30.7600000,29196.75,29197.75,3,1,0.5000,-1,P,30,0,2026-07-22T11:44:32.0000000,29197.75,2026-07-22T11:45:33.0000000,29181.75,29180.75,29181.5,20260924,1144
Playback101,Playback,NQ SEP26,0.25,2026-07-22T11:46:09.7960000,2026-07-22T11:46:09.7960000,29200.25,29201,2,2,0.0000,-1,P,30,0,2026-07-22T11:46:10.0000000,29202.25,2026-07-22T11:47:11.0000000,29209.25,29212.5,29213.5,20260924,1145
Playback101,Playback,NQ SEP26,0.25,2026-07-22T11:48:03.8120000,2026-07-22T11:48:03.8120000,29214,29214.75,1,3,-0.5000,-1,A,30,0,2026-07-22T11:48:04.0000000,29213,2026-07-22T11:49:05.0000000,29222,29223.25,29224,20260924,1146
Playback101,Playback,NQ SEP26,0.25,2026-07-22T11:49:36.8360000,2026-07-22T11:49:36.8360000,29209.75,29210.5,1,2,-0.3333,1,A,30,0,2026-07-22T11:49:37.0000000,29210.5,2026-07-22T11:50:37.0000000,29209,29209.25,29210,20260924,1147
Playback101,Playback,NQ SEP26,0.25,2026-07-22T11:51:06.8600000,2026-07-22T11:51:06.8600000,29199.75,29200.75,3,2,0.2000,1,A,30,0,2026-07-22T11:51:07.0000000,29202,2026-07-22T11:52:08.0000000,29208.75,29210.5,29211.25,20260924,1148
Playback101,Playback,NQ SEP26,0.25,2026-07-22T11:53:05.8920000,2026-07-22T11:53:05.8920000,29202.25,29203,2,1,0.3333,-1,P,30,0,2026-07-22T11:53:07.0000000,29203,2026-07-22T11:54:08.0000000,29213.25,29213,29214,20260924,1149
Playback101,Playback,NQ SEP26,0.25,2026-07-22T11:54:55.9240000,2026-07-22T11:54:55.9240000,29203.25,29204,2,1,0.3333,-1,P,30,0,2026-07-22T11:54:56.0000000,29204,2026-07-22T11:55:57.0000000,29195.75,29192.5,29193,20260924,1150
Playback101,Playback,NQ SEP26,0.25,2026-07-22T11:56:25.9480000,2026-07-22T11:56:25.9480000,29202.75,29203.5,2,1,0.3333,-1,A,30,0,2026-07-22T11:56:26.0000000,29202.75,2026-07-22T11:57:27.0000000,29220.75,29223.25,29224,20260924,1151
Playback101,Playback,NQ SEP26,0.25,2026-07-22T11:58:25.9800000,2026-07-22T11:58:25.9800000,29236,29236.75,1,3,-0.5000,-1,A,30,0,2026-07-22T11:58:26.0000000,29236.25,2026-07-22T11:59:26.0000000,29234.25,29233.5,29234.25,20260924,1152
Playback101,Playback,NQ SEP26,0.25,2026-07-22T12:00:03.0080000,2026-07-22T12:00:03.0080000,29245,29246,3,2,0.2000,1,P,30,0,2026-07-22T12:00:04.0000000,29245,2026-07-22T12:01:05.0000000,29264.5,29263.5,29264,20260924,1153
Playback101,Playback,NQ SEP26,0.25,2026-07-22T12:01:54.0480000,2026-07-22T12:01:54.0480000,29253.5,29254,1,2,-0.3333,1,A,30,0,2026-07-22T12:01:55.0000000,29252.75,2026-07-22T12:02:55.0000000,29257.5,29257.25,29258,20260924,1154
Playback101,Playback,NQ SEP26,0.25,2026-07-22T12:03:54.0760000,2026-07-22T12:03:54.0760000,29261.5,29262.25,1,1,0.0000,-1,A,30,0,2026-07-22T12:03:55.0000000,29263.5,2026-07-22T12:04:55.0000000,29270.25,29269.5,29270.25,20260924,1155
Playback101,Playback,NQ SEP26,0.25,2026-07-22T12:05:27.1040000,2026-07-22T12:05:27.1040000,29268.5,29268.75,1,1,0.0000,-1,A,30,0,2026-07-22T12:05:28.0000000,29268,2026-07-22T12:06:29.0000000,29293.5,29293.25,29294,20260924,1156
Playback101,Playback,NQ SEP26,0.25,2026-07-22T12:07:06.1400000,2026-07-22T12:07:06.1400000,29292,29292.75,1,2,-0.3333,-1,A,30,0,2026-07-22T12:07:07.0000000,29292.25,2026-07-22T12:08:08.0000000,29294.5,29294,29295,20260924,1157
Playback101,Playback,NQ SEP26,0.25,2026-07-22T12:08:51.3840000,2026-07-22T12:08:51.3840000,29294.25,29294.75,2,2,0.0000,-1,A,30,0,2026-07-22T12:08:52.0000000,29294.25,2026-07-22T12:09:52.0000000,29294.25,29293.25,29294,20260924,1158
Playback101,Playback,NQ SEP26,0.25,2026-07-22T12:10:30.3840000,2026-07-22T12:10:30.3840000,29304.25,29305,3,1,0.5000,1,P,30,0,2026-07-22T12:10:33.0000000,29304.25,2026-07-22T12:11:34.0000000,29309.75,29308.5,29309,20260924,1159
Playback101,Playback,NQ SEP26,0.25,2026-07-22T12:12:03.3840000,2026-07-22T12:12:03.3840000,29298,29298.5,1,3,-0.5000,1,P,30,0,2026-07-22T12:12:04.0000000,29298,2026-07-22T12:13:05.0000000,29304.75,29303.25,29303.75,20260924,1160
Playback101,Playback,NQ SEP26,0.25,2026-07-22T12:13:44.3880000,2026-07-22T12:13:44.3880000,29298.25,29299,2,3,-0.2000,-1,A,30,0,2026-07-22T12:13:45.0000000,29298.5,2026-07-22T12:14:46.0000000,29300.75,29300.75,29301.5,20260924,1161
Playback101,Playback,NQ SEP26,0.25,2026-07-22T12:15:35.3920000,2026-07-22T12:15:35.3920000,29308.5,29309.25,4,2,0.3333,1,A,30,0,2026-07-22T12:15:36.0000000,29310.5,2026-07-22T12:16:37.0000000,29304,29302.25,29303,20260924,1162
Playback101,Playback,NQ SEP26,0.25,2026-07-22T12:17:26.4920000,2026-07-22T12:17:26.4920000,29309.75,29310.5,2,3,-0.2000,-1,A,30,0,2026-07-22T12:17:27.0000000,29308,2026-07-22T12:18:28.0000000,29297.75,29295.5,29296.25,20260924,1163
Playback101,Playback,NQ SEP26,0.25,2026-07-22T12:18:58.4960000,2026-07-22T12:18:58.4960000,29292.75,29293.5,2,2,0.0000,1,A,30,0,2026-07-22T12:18:59.0000000,29293.75,2026-07-22T12:20:00.0000000,29309.5,29307,29307.75,20260924,1164
Playback101,Playback,NQ SEP26,0.25,2026-07-22T12:20:48.5120000,2026-07-22T12:20:48.5120000,29319.5,29320,2,2,0.0000,1,A,30,0,2026-07-22T12:20:49.0000000,29321,2026-07-22T12:21:49.0000000,29310.5,29310.5,29311.25,20260924,1165
Playback101,Playback,NQ SEP26,0.25,2026-07-22T12:22:34.5880000,2026-07-22T12:22:34.5880000,29298.25,29299,3,2,0.2000,-1,P,30,0,2026-07-22T12:22:36.0000000,29299,2026-07-22T12:23:37.0000000,29308.5,29307.5,29308.25,20260924,1166
Playback101,Playback,NQ SEP26,0.25,2026-07-22T12:24:20.6640000,2026-07-22T12:24:20.6640000,29324.75,29325.25,2,2,0.0000,1,A,30,0,2026-07-22T12:24:21.0000000,29325.25,2026-07-22T12:25:22.0000000,29324.25,29324.75,29325.25,20260924,1167
Playback101,Playback,NQ SEP26,0.25,2026-07-22T12:26:17.6680000,2026-07-22T12:26:17.6680000,29329.25,29329.75,1,2,-0.3333,-1,A,30,0,2026-07-22T12:26:18.0000000,29329,2026-07-22T12:27:18.0000000,29337.5,29337,29337.5,20260924,1168
Playback101,Playback,NQ SEP26,0.25,2026-07-22T12:28:02.6720000,2026-07-22T12:28:02.6720000,29330.5,29331.25,1,4,-0.6000,-1,P,30,0,2026-07-22T12:28:04.0000000,29331.25,2026-07-22T12:29:05.0000000,29328.75,29330.25,29331,20260924,1169
Playback101,Playback,NQ SEP26,0.25,2026-07-22T12:29:59.7040000,2026-07-22T12:29:59.7040000,29324.25,29325.25,2,3,-0.2000,1,P,30,0,2026-07-22T12:30:01.0000000,29324.25,2026-07-22T12:31:02.0000000,29333.25,29332.5,29333.25,20260924,1170
Playback101,Playback,NQ SEP26,0.25,2026-07-22T12:31:35.7080000,2026-07-22T12:31:35.7080000,29330,29330.5,2,1,0.3333,1,A,30,0,2026-07-22T12:31:36.0000000,29331,2026-07-22T12:32:37.0000000,29309.75,29309.5,29310.25,20260924,1171
Playback101,Playback,NQ SEP26,0.25,2026-07-22T12:33:15.7080000,2026-07-22T12:33:15.7080000,29307.75,29308.5,4,1,0.6000,1,P,30,0,2026-07-22T12:33:23.0000000,29307.75,2026-07-22T12:34:24.0000000,29290.25,29288.75,29289.25,20260924,1172
Playback101,Playback,NQ SEP26,0.25,2026-07-22T12:34:49.7520000,2026-07-22T12:34:49.7520000,29296,29296.5,3,1,0.5000,1,A,30,0,2026-07-22T12:34:50.0000000,29296.75,2026-07-22T12:35:51.0000000,29302.25,29301,29301.75,20260924,1173
Playback101,Playback,NQ SEP26,0.25,2026-07-22T12:36:33.7520000,2026-07-22T12:36:33.7520000,29305,29305.75,2,3,-0.2000,1,A,30,0,2026-07-22T12:36:34.0000000,29305.25,2026-07-22T12:37:35.0000000,29284.25,29283.5,29284.25,20260924,1174
Playback101,Playback,NQ SEP26,0.25,2026-07-22T12:38:03.7800000,2026-07-22T12:38:03.7800000,29293.75,29294.5,2,2,0.0000,-1,A,30,0,2026-07-22T12:38:04.0000000,29293.75,2026-07-22T12:39:05.0000000,29286.75,29285.75,29286.25,20260924,1175
Playback101,Playback,NQ SEP26,0.25,2026-07-22T12:39:44.8080000,2026-07-22T12:39:44.8080000,29282.25,29283,1,2,-0.3333,-1,P,30,0,2026-07-22T12:39:45.0000000,29283,2026-07-22T12:40:46.0000000,29293,29292.25,29292.75,20260924,1176
Playback101,Playback,NQ SEP26,0.25,2026-07-22T12:41:34.8920000,2026-07-22T12:41:34.8920000,29300,29300.75,2,3,-0.2000,-1,A,30,0,2026-07-22T12:41:35.0000000,29300.75,2026-07-22T12:42:36.0000000,29300.5,29299.25,29300.25,20260924,1177
Playback101,Playback,NQ SEP26,0.25,2026-07-22T12:43:08.8960000,2026-07-22T12:43:08.8960000,29289.25,29290,2,2,0.0000,1,P,30,0,2026-07-22T12:43:10.0000000,29289.25,2026-07-22T12:44:11.0000000,29288.5,29289.25,29290,20260924,1178
Playback101,Playback,NQ SEP26,0.25,2026-07-22T12:44:45.9320000,2026-07-22T12:44:45.9320000,29287.25,29287.75,5,1,0.6667,1,A,30,0,2026-07-22T12:44:46.0000000,29287.75,2026-07-22T12:45:47.0000000,29302.25,29302,29302.75,20260924,1179
Playback101,Playback,NQ SEP26,0.25,2026-07-22T12:46:28.9520000,2026-07-22T12:46:28.9520000,29303.75,29304.5,4,3,0.1429,-1,P,30,0,2026-07-22T12:46:29.0000000,29304.5,2026-07-22T12:47:29.0000000,29298.25,29297.25,29298.25,20260924,1180
Playback101,Playback,NQ SEP26,0.25,2026-07-22T12:48:29.0000000,2026-07-22T12:48:29.0000000,29301,29301.5,1,1,0.0000,-1,A,30,0,2026-07-22T12:48:29.0000000,29301,2026-07-22T12:49:30.0000000,29303.25,29303,29303.75,20260924,1181
Playback101,Playback,NQ SEP26,0.25,2026-07-22T12:50:13.0720000,2026-07-22T12:50:13.0720000,29311.75,29312.25,2,2,0.0000,1,A,30,0,2026-07-22T12:50:14.0000000,29310.5,2026-07-22T12:51:15.0000000,29314.25,29314.5,29315,20260924,1182
Playback101,Playback,NQ SEP26,0.25,2026-07-22T12:51:58.1640000,2026-07-22T12:51:58.1640000,29321.25,29321.75,1,3,-0.5000,1,P,30,0,2026-07-22T12:51:59.0000000,29321,2026-07-22T12:53:00.0000000,29331,29330.75,29331.25,20260924,1183
Playback101,Playback,NQ SEP26,0.25,2026-07-22T12:53:31.1720000,2026-07-22T12:53:31.1720000,29327.5,29327.75,1,1,0.0000,1,A,30,0,2026-07-22T12:53:32.0000000,29326.75,2026-07-22T12:54:33.0000000,29309,29307,29307.75,20260924,1184
Playback101,Playback,NQ SEP26,0.25,2026-07-22T12:55:12.1720000,2026-07-22T12:55:12.1720000,29304.5,29305,2,1,0.3333,-1,A,30,0,2026-07-22T12:55:13.0000000,29305.75,2026-07-22T12:56:14.0000000,29307.25,29308.25,29308.75,20260924,1185
Playback101,Playback,NQ SEP26,0.25,2026-07-22T12:56:58.2040000,2026-07-22T12:56:58.2040000,29309,29309.75,2,2,0.0000,1,P,30,0,2026-07-22T12:57:03.0000000,29309,2026-07-22T12:58:04.0000000,29312.5,29312.75,29313.5,20260924,1186
Playback101,Playback,NQ SEP26,0.25,2026-07-22T12:58:33.2320000,2026-07-22T12:58:33.2320000,29320,29320.75,1,4,-0.6000,1,P,30,0,2026-07-22T12:58:34.0000000,29320,2026-07-22T12:59:35.0000000,29327,29326.75,29327.5,20260924,1187
Playback101,Playback,NQ SEP26,0.25,2026-07-22T13:00:22.2640000,2026-07-22T13:00:22.2640000,29326,29326.5,2,2,0.0000,1,P,30,0,2026-07-22T13:00:23.0000000,29326,2026-07-22T13:01:24.0000000,29323,29322.75,29323.5,20260924,1188
Playback101,Playback,NQ SEP26,0.25,2026-07-22T13:02:03.2880000,2026-07-22T13:02:03.2880000,29314.25,29315,3,3,0.0000,1,P,30,0,2026-07-22T13:02:04.0000000,29314.25,2026-07-22T13:03:05.0000000,29321,29321,29321.5,20260924,1189
Playback101,Playback,NQ SEP26,0.25,2026-07-22T13:03:39.3000000,2026-07-22T13:03:39.3000000,29316.25,29316.75,5,2,0.4286,-1,A,30,0,2026-07-22T13:03:40.0000000,29316.25,2026-07-22T13:04:41.0000000,29317.5,29316.25,29316.75,20260924,1190
Playback101,Playback,NQ SEP26,0.25,2026-07-22T13:05:25.3360000,2026-07-22T13:05:25.3360000,29317.5,29318.25,2,4,-0.3333,1,P,30,0,2026-07-22T13:05:26.0000000,29317.5,2026-07-22T13:06:27.0000000,29332.5,29332.5,29333,20260924,1191
Playback101,Playback,NQ SEP26,0.25,2026-07-22T13:07:14.3880000,2026-07-22T13:07:14.3880000,29323.5,29324.25,1,2,-0.3333,-1,A,30,0,2026-07-22T13:07:15.0000000,29322.5,2026-07-22T13:08:16.0000000,29326.75,29326,29326.75,20260924,1192
Playback101,Playback,NQ SEP26,0.25,2026-07-22T13:09:00.4520000,2026-07-22T13:09:00.4520000,29323.5,29324,1,3,-0.5000,-1,P,30,0,2026-07-22T13:09:01.0000000,29324,2026-07-22T13:10:02.0000000,29328.5,29327.75,29328.5,20260924,1193
Playback101,Playback,NQ SEP26,0.25,2026-07-22T13:10:52.5880000,2026-07-22T13:10:52.5880000,29326.25,29326.75,2,2,0.0000,-1,A,30,0,2026-07-22T13:10:53.0000000,29325.75,2026-07-22T13:11:54.0000000,29319,29318.25,29319,20260924,1194
Playback101,Playback,NQ SEP26,0.25,2026-07-22T13:12:31.7080000,2026-07-22T13:12:31.7080000,29326.25,29327,4,3,0.1429,-1,P,30,0,2026-07-22T13:12:32.0000000,29327,2026-07-22T13:13:33.0000000,29325,29325,29325.5,20260924,1195
Playback101,Playback,NQ SEP26,0.25,2026-07-22T13:14:26.8440000,2026-07-22T13:14:26.8440000,29330.5,29331.25,4,1,0.6000,-1,P,30,0,2026-07-22T13:14:29.0000000,29331.25,2026-07-22T13:15:30.0000000,29333.5,29332.75,29333.25,20260924,1196
Playback101,Playback,NQ SEP26,0.25,2026-07-22T13:16:25.8840000,2026-07-22T13:16:25.8840000,29328.25,29329,3,2,0.2000,1,A,30,0,2026-07-22T13:16:26.0000000,29329.75,2026-07-22T13:17:27.0000000,29325.25,29324.75,29325.25,20260924,1197
Playback101,Playback,NQ SEP26,0.25,2026-07-22T13:18:15.9720000,2026-07-22T13:18:15.9720000,29322.25,29322.75,1,2,-0.3333,1,P,30,0,2026-07-22T13:18:16.0000000,29322.25,2026-07-22T13:19:17.0000000,29330,29330,29330.75,20260924,1198
Playback101,Playback,NQ SEP26,0.25,2026-07-22T13:19:57.1000000,2026-07-22T13:19:57.1000000,29329.25,29330,3,2,0.2000,1,P,30,0,2026-07-22T13:20:01.0000000,29329.25,2026-07-22T13:21:02.0000000,29319,29319,29319.5,20260924,1199
Playback101,Playback,NQ SEP26,0.25,2026-07-22T13:21:50.1000000,2026-07-22T13:21:50.1000000,29319,29319.5,1,2,-0.3333,1,A,30,0,2026-07-22T13:21:51.0000000,29319.75,2026-07-22T13:22:52.0000000,29319,29319.25,29319.75,20260924,1200
Playback101,Playback,NQ SEP26,0.25,2026-07-22T13:23:45.1120000,2026-07-22T13:23:45.1120000,29316,29316.75,6,3,0.3333,-1,P,30,0,2026-07-22T13:23:46.0000000,29316.75,2026-07-22T13:24:47.0000000,29312.5,29310.75,29311.5,20260924,1201
Playback101,Playback,NQ SEP26,0.25,2026-07-22T13:25:21.2440000,2026-07-22T13:25:21.2440000,29312.75,29313.25,2,3,-0.2000,-1,P,30,0,2026-07-22T13:25:22.0000000,29313.25,2026-07-22T13:26:23.0000000,29303.25,29302.75,29303.5,20260924,1202
Playback101,Playback,NQ SEP26,0.25,2026-07-22T13:27:10.2520000,2026-07-22T13:27:10.2520000,29309.5,29310.25,2,3,-0.2000,-1,A,30,0,2026-07-22T13:27:11.0000000,29309.5,2026-07-22T13:28:12.0000000,29307.5,29307,29307.5,20260924,1203
Playback101,Playback,NQ SEP26,0.25,2026-07-22T13:29:03.2640000,2026-07-22T13:29:03.2640000,29312.25,29312.75,1,1,0.0000,1,A,30,0,2026-07-22T13:29:04.0000000,29313,2026-07-22T13:30:05.0000000,29310.25,29310,29310.75,20260924,1204
Playback101,Playback,NQ SEP26,0.25,2026-07-22T13:30:57.2640000,2026-07-22T13:30:57.2640000,29313.75,29314.5,2,4,-0.3333,1,P,30,0,2026-07-22T13:31:02.0000000,29313.75,2026-07-22T13:32:03.0000000,29322.5,29322,29322.75,20260924,1205
Playback101,Playback,NQ SEP26,0.25,2026-07-22T13:32:32.3040000,2026-07-22T13:32:32.3040000,29319.75,29320.25,2,2,0.0000,-1,A,30,0,2026-07-22T13:32:33.0000000,29319.75,2026-07-22T13:33:33.0000000,29319,29318.5,29319.25,20260924,1206
Playback101,Playback,NQ SEP26,0.25,2026-07-22T13:34:18.3120000,2026-07-22T13:34:18.3120000,29319,29319.5,1,1,0.0000,1,A,30,0,2026-07-22T13:34:19.0000000,29320.25,2026-07-22T13:35:20.0000000,29320.5,29321.25,29322,20260924,1207
Playback101,Playback,NQ SEP26,0.25,2026-07-22T13:35:50.3480000,2026-07-22T13:35:50.3480000,29316.5,29317.25,3,3,0.0000,-1,A,30,0,2026-07-22T13:35:51.0000000,29316.75,2026-07-22T13:36:52.0000000,29313.5,29313.5,29314,20260924,1208
Playback101,Playback,NQ SEP26,0.25,2026-07-22T13:37:28.3600000,2026-07-22T13:37:28.3600000,29308.75,29309.25,1,1,0.0000,1,A,30,0,2026-07-22T13:37:29.0000000,29309.75,2026-07-22T13:38:30.0000000,29311.25,29310,29310.75,20260924,1209
Playback101,Playback,NQ SEP26,0.25,2026-07-22T13:38:58.4360000,2026-07-22T13:38:58.4360000,29314,29314.75,3,2,0.2000,-1,A,30,0,2026-07-22T13:38:59.0000000,29314.25,2026-07-22T13:40:00.0000000,29305.5,29303.75,29304.5,20260924,1210
Playback101,Playback,NQ SEP26,0.25,2026-07-22T13:40:30.4400000,2026-07-22T13:40:30.4400000,29301.25,29301.75,2,1,0.3333,-1,P,30,0,2026-07-22T13:40:32.0000000,29301.75,2026-07-22T13:41:33.0000000,29294,29293.5,29294,20260924,1211
Playback101,Playback,NQ SEP26,0.25,2026-07-22T13:42:16.4400000,2026-07-22T13:42:16.4400000,29292.5,29293.25,2,5,-0.4286,1,P,30,0,2026-07-22T13:42:23.0000000,29292.5,2026-07-22T13:43:24.0000000,29287.75,29287.25,29287.75,20260924,1212
Playback101,Playback,NQ SEP26,0.25,2026-07-22T13:43:56.4760000,2026-07-22T13:43:56.4760000,29283.75,29284.5,4,1,0.6000,1,A,30,0,2026-07-22T13:43:57.0000000,29284.25,2026-07-22T13:44:58.0000000,29289.75,29289.75,29290.25,20260924,1213
Playback101,Playback,NQ SEP26,0.25,2026-07-22T13:45:46.5160000,2026-07-22T13:45:46.5160000,29288.5,29289,1,1,0.0000,1,P,30,0,2026-07-22T13:45:47.0000000,29288,2026-07-22T13:46:47.0000000,29281.25,29281.5,29282.25,20260924,1214
Playback101,Playback,NQ SEP26,0.25,2026-07-22T13:47:44.5160000,2026-07-22T13:47:44.5160000,29281,29281.5,2,2,0.0000,-1,P,30,0,2026-07-22T13:47:45.0000000,29282.75,2026-07-22T13:48:46.0000000,29289.5,29287.75,29288.25,20260924,1215
Playback101,Playback,NQ SEP26,0.25,2026-07-22T13:49:22.5680000,2026-07-22T13:49:22.5680000,29291,29291.75,4,2,0.3333,1,A,30,0,2026-07-22T13:49:23.0000000,29291.75,2026-07-22T13:50:23.0000000,29283.5,29284,29284.5,20260924,1216
Playback101,Playback,NQ SEP26,0.25,2026-07-22T13:51:19.6000000,2026-07-22T13:51:19.6000000,29293,29293.5,2,1,0.3333,1,P,30,0,2026-07-22T13:51:21.0000000,29293,2026-07-22T13:52:22.0000000,29290,29289.5,29290.25,20260924,1217
Playback101,Playback,NQ SEP26,0.25,2026-07-22T13:53:16.7400000,2026-07-22T13:53:16.7400000,29292,29292.75,3,4,-0.1429,-1,A,30,0,2026-07-22T13:53:17.0000000,29292.25,2026-07-22T13:54:18.0000000,29291,29290,29290.75,20260924,1218
Playback101,Playback,NQ SEP26,0.25,2026-07-22T13:55:03.7880000,2026-07-22T13:55:03.7880000,29289.75,29290.5,3,3,0.0000,-1,P,30,0,2026-07-22T13:55:05.0000000,29290.5,2026-07-22T13:56:05.0000000,29315.5,29315.25,29315.75,20260924,1219
Playback101,Playback,NQ SEP26,0.25,2026-07-22T13:56:57.8360000,2026-07-22T13:56:57.8360000,29313.25,29314,4,2,0.3333,-1,A,30,0,2026-07-22T13:56:58.0000000,29313.25,2026-07-22T13:57:59.0000000,29318,29316.75,29317.5,20260924,1220
Playback101,Playback,NQ SEP26,0.25,2026-07-22T13:58:34.8840000,2026-07-22T13:58:34.8840000,29314.25,29314.75,1,1,0.0000,-1,A,30,0,2026-07-22T13:58:35.0000000,29314,2026-07-22T13:59:36.0000000,29309.5,29308,29308.5,20260924,1221
Playback101,Playback,NQ SEP26,0.25,2026-07-22T14:00:18.8840000,2026-07-22T14:00:18.8840000,29308.75,29309.25,2,1,0.3333,1,P,30,1,2026-07-22T14:00:49.0000000,29323,2026-07-22T14:01:50.0000000,29315.25,29317.75,29318.25,20260924,1222
Playback101,Playback,NQ SEP26,0.25,2026-07-22T14:02:16.2240000,2026-07-22T14:02:16.2240000,29312.5,29313.25,1,3,-0.5000,-1,A,30,0,2026-07-22T14:02:17.0000000,29314,2026-07-22T14:03:18.0000000,29311,29312,29312.75,20260924,1223
Playback101,Playback,NQ SEP26,0.25,2026-07-22T14:04:05.3040000,2026-07-22T14:04:05.3040000,29306.75,29307.25,1,1,0.0000,-1,A,30,0,2026-07-22T14:04:06.0000000,29304.25,2026-07-22T14:05:07.0000000,29309,29309,29309.5,20260924,1224
Playback101,Playback,NQ SEP26,0.25,2026-07-22T14:05:57.5600000,2026-07-22T14:05:57.5600000,29315.5,29316,3,1,0.5000,1,A,30,0,2026-07-22T14:05:58.0000000,29315.75,2026-07-22T14:06:59.0000000,29321,29321.25,29322,20260924,1225
Playback101,Playback,NQ SEP26,0.25,2026-07-22T14:07:33.7120000,2026-07-22T14:07:33.7120000,29320,29320.5,1,2,-0.3333,1,A,30,0,2026-07-22T14:07:34.0000000,29320.5,2026-07-22T14:08:34.0000000,29325,29325.25,29326,20260924,1226
Playback101,Playback,NQ SEP26,0.25,2026-07-22T14:09:22.7320000,2026-07-22T14:09:22.7320000,29322.5,29322.75,1,1,0.0000,1,A,30,0,2026-07-22T14:09:23.0000000,29322.75,2026-07-22T14:10:24.0000000,29324.25,29324.25,29325,20260924,1227
Playback101,Playback,NQ SEP26,0.25,2026-07-22T14:11:12.7880000,2026-07-22T14:11:12.7880000,29324,29324.5,2,2,0.0000,1,P,30,0,2026-07-22T14:11:15.0000000,29324,2026-07-22T14:12:16.0000000,29321.75,29321.75,29322.5,20260924,1228
Playback101,Playback,NQ SEP26,0.25,2026-07-22T14:12:44.0440000,2026-07-22T14:12:44.0440000,29320.25,29321,3,4,-0.1429,-1,A,30,0,2026-07-22T14:12:45.0000000,29320.25,2026-07-22T14:13:46.0000000,29315.25,29314.75,29315.25,20260924,1229
Playback101,Playback,NQ SEP26,0.25,2026-07-22T14:14:40.0560000,2026-07-22T14:14:40.0560000,29312.25,29313,2,3,-0.2000,-1,A,30,0,2026-07-22T14:14:41.0000000,29313.5,2026-07-22T14:15:42.0000000,29303.25,29303,29303.5,20260924,1230
Playback101,Playback,NQ SEP26,0.25,2026-07-22T14:16:27.0920000,2026-07-22T14:16:27.0920000,29304.25,29304.75,3,3,0.0000,1,P,30,0,2026-07-22T14:16:46.0000000,29304.25,2026-07-22T14:17:47.0000000,29312.75,29311.25,29311.75,20260924,1231
Playback101,Playback,NQ SEP26,0.25,2026-07-22T14:18:05.0920000,2026-07-22T14:18:05.0920000,29316.25,29317,3,3,0.0000,1,P,30,0,2026-07-22T14:18:06.0000000,29316.25,2026-07-22T14:19:07.0000000,29313.75,29313.5,29314.25,20260924,1232
Playback101,Playback,NQ SEP26,0.25,2026-07-22T14:19:54.1360000,2026-07-22T14:19:54.1360000,29311.25,29312,3,2,0.2000,1,P,30,0,2026-07-22T14:19:55.0000000,29311.25,2026-07-22T14:20:56.0000000,29301.75,29301.5,29302.25,20260924,1233
Playback101,Playback,NQ SEP26,0.25,2026-07-22T14:21:41.1680000,2026-07-22T14:21:41.1680000,29300.25,29301,2,3,-0.2000,1,A,30,0,2026-07-22T14:21:42.0000000,29300.25,2026-07-22T14:22:42.0000000,29303.5,29303.5,29304,20260924,1234
Playback101,Playback,NQ SEP26,0.25,2026-07-22T14:23:16.1720000,2026-07-22T14:23:16.1720000,29310.75,29311.25,2,2,0.0000,1,A,30,0,2026-07-22T14:23:17.0000000,29311.25,2026-07-22T14:24:18.0000000,29311.25,29311.5,29312.25,20260924,1235
Playback101,Playback,NQ SEP26,0.25,2026-07-22T14:25:12.1880000,2026-07-22T14:25:12.1880000,29308,29308.5,2,1,0.3333,1,P,30,0,2026-07-22T14:25:13.0000000,29306.75,2026-07-22T14:26:14.0000000,29301.75,29301.5,29302,20260924,1236
Playback101,Playback,NQ SEP26,0.25,2026-07-22T14:26:49.2040000,2026-07-22T14:26:49.2040000,29301.75,29302.5,1,8,-0.7778,1,P,30,0,2026-07-22T14:27:02.0000000,29301.75,2026-07-22T14:28:02.0000000,29304.75,29304.75,29305.25,20260924,1237
Playback101,Playback,NQ SEP26,0.25,2026-07-22T14:28:49.2320000,2026-07-22T14:28:49.2320000,29316.25,29316.75,1,3,-0.5000,-1,P,30,0,2026-07-22T14:28:51.0000000,29316.75,2026-07-22T14:29:52.0000000,29309.25,29310.5,29311.25,20260924,1238
Playback101,Playback,NQ SEP26,0.25,2026-07-22T14:30:40.5360000,2026-07-22T14:30:40.5360000,29306.75,29307.5,4,2,0.3333,1,A,30,0,2026-07-22T14:30:41.0000000,29307.5,2026-07-22T14:31:42.0000000,29316.5,29316,29316.75,20260924,1239
Playback101,Playback,NQ SEP26,0.25,2026-07-22T14:32:21.6720000,2026-07-22T14:32:21.6720000,29308.5,29309.25,1,2,-0.3333,1,A,30,0,2026-07-22T14:32:22.0000000,29309,2026-07-22T14:33:23.0000000,29292,29292,29292.75,20260924,1240
Playback101,Playback,NQ SEP26,0.25,2026-07-22T14:34:11.6720000,2026-07-22T14:34:11.6720000,29286.5,29287.25,4,1,0.6000,1,A,30,0,2026-07-22T14:34:12.0000000,29287,2026-07-22T14:35:12.0000000,29283,29283.5,29284.25,20260924,1241
Playback101,Playback,NQ SEP26,0.25,2026-07-22T14:35:54.6720000,2026-07-22T14:35:54.6720000,29289,29289.75,2,3,-0.2000,1,A,30,0,2026-07-22T14:35:55.0000000,29289.5,2026-07-22T14:36:55.0000000,29295.25,29295.5,29296,20260924,1242
Playback101,Playback,NQ SEP26,0.25,2026-07-22T14:37:24.8480000,2026-07-22T14:37:24.8480000,29298,29298.5,2,3,-0.2000,-1,P,30,0,2026-07-22T14:37:26.0000000,29298.5,2026-07-22T14:38:27.0000000,29305.75,29305,29305.5,20260924,1243
Playback101,Playback,NQ SEP26,0.25,2026-07-22T14:39:17.8880000,2026-07-22T14:39:17.8880000,29304.75,29305.25,2,2,0.0000,1,P,30,0,2026-07-22T14:39:19.0000000,29304.75,2026-07-22T14:40:19.0000000,29309.5,29309,29309.75,20260924,1244
Playback101,Playback,NQ SEP26,0.25,2026-07-22T14:41:03.9920000,2026-07-22T14:41:03.9920000,29304.75,29305.25,3,1,0.5000,1,P,30,0,2026-07-22T14:41:05.0000000,29304.75,2026-07-22T14:42:06.0000000,29296.25,29296.75,29297.25,20260924,1245
Playback101,Playback,NQ SEP26,0.25,2026-07-22T14:42:46.0400000,2026-07-22T14:42:46.0400000,29295,29295.75,2,5,-0.4286,1,A,30,0,2026-07-22T14:42:47.0000000,29295,2026-07-22T14:43:48.0000000,29294,29294,29294.5,20260924,1246
Playback101,Playback,NQ SEP26,0.25,2026-07-22T14:44:39.1480000,2026-07-22T14:44:39.1480000,29295,29295.5,1,1,0.0000,-1,P,30,0,2026-07-22T14:44:41.0000000,29295.5,2026-07-22T14:45:42.0000000,29296.75,29296.5,29297,20260924,1247
Playback101,Playback,NQ SEP26,0.25,2026-07-22T14:46:12.2560000,2026-07-22T14:46:12.2560000,29294,29294.5,2,2,0.0000,-1,A,30,0,2026-07-22T14:46:13.0000000,29294,2026-07-22T14:47:14.0000000,29293.5,29293,29293.75,20260924,1248
Playback101,Playback,NQ SEP26,0.25,2026-07-22T14:47:59.4160000,2026-07-22T14:47:59.4160000,29286.75,29287.25,1,4,-0.6000,-1,P,30,0,2026-07-22T14:48:00.0000000,29287.25,2026-07-22T14:49:00.0000000,29282.75,29282.75,29283.25,20260924,1249
Playback101,Playback,NQ SEP26,0.25,2026-07-22T14:49:37.4160000,2026-07-22T14:49:37.4160000,29285,29285.5,1,3,-0.5000,1,A,30,0,2026-07-22T14:49:38.0000000,29284.25,2026-07-22T14:50:39.0000000,29281.5,29281,29281.75,20260924,1250
Playback101,Playback,NQ SEP26,0.25,2026-07-22T14:51:08.4480000,2026-07-22T14:51:08.4480000,29285.5,29286.25,3,2,0.2000,-1,A,30,0,2026-07-22T14:51:09.0000000,29285.25,2026-07-22T14:52:10.0000000,29284.25,29282.75,29283.5,20260924,1251
Playback101,Playback,NQ SEP26,0.25,2026-07-22T14:52:39.4640000,2026-07-22T14:52:39.4640000,29270.5,29271.25,3,6,-0.3333,-1,A,30,0,2026-07-22T14:52:40.0000000,29271.25,2026-07-22T14:53:40.0000000,29265.25,29264.5,29265,20260924,1252
Playback101,Playback,NQ SEP26,0.25,2026-07-22T14:54:19.4680000,2026-07-22T14:54:19.4680000,29257.5,29258,1,3,-0.5000,-1,P,30,0,2026-07-22T14:54:21.0000000,29258,2026-07-22T14:55:22.0000000,29243.75,29243.5,29244,20260924,1253
Playback101,Playback,NQ SEP26,0.25,2026-07-22T14:55:49.4880000,2026-07-22T14:55:49.4880000,29251.25,29252,1,5,-0.6667,1,P,30,0,2026-07-22T14:55:50.0000000,29251.25,2026-07-22T14:56:51.0000000,29251,29251.5,29252,20260924,1254
Playback101,Playback,NQ SEP26,0.25,2026-07-22T14:57:49.5400000,2026-07-22T14:57:49.5400000,29247,29247.5,3,1,0.5000,1,A,30,0,2026-07-22T14:57:50.0000000,29248,2026-07-22T14:58:51.0000000,29244.75,29245,29245.5,20260924,1255
Playback101,Playback,NQ SEP26,0.25,2026-07-22T14:59:46.5400000,2026-07-22T14:59:46.5400000,29244,29244.5,1,1,0.0000,1,A,30,0,2026-07-22T14:59:47.0000000,29244.25,2026-07-22T15:00:48.0000000,29260.5,29261,29261.75,20260924,1256
Playback101,Playback,NQ SEP26,0.25,2026-07-22T15:01:25.5440000,2026-07-22T15:01:25.5440000,29248,29248.5,1,1,0.0000,-1,A,30,0,2026-07-22T15:01:26.0000000,29247.5,2026-07-22T15:02:26.0000000,29240.25,29239.5,29240.25,20260924,1257
Playback101,Playback,NQ SEP26,0.25,2026-07-22T15:03:14.5640000,2026-07-22T15:03:14.5640000,29245.75,29246.25,2,1,0.3333,-1,A,30,0,2026-07-22T15:03:15.0000000,29245.5,2026-07-22T15:04:16.0000000,29246.25,29245.75,29246.5,20260924,1258
Playback101,Playback,NQ SEP26,0.25,2026-07-22T15:04:58.6320000,2026-07-22T15:04:58.6320000,29252,29252.75,2,1,0.3333,-1,P,30,0,2026-07-22T15:04:59.0000000,29252.75,2026-07-22T15:06:00.0000000,29254,29254.75,29255.25,20260924,1259
Playback101,Playback,NQ SEP26,0.25,2026-07-22T15:06:48.6640000,2026-07-22T15:06:48.6640000,29257,29257.5,3,1,0.5000,-1,P,30,0,2026-07-22T15:06:50.0000000,29257.5,2026-07-22T15:07:51.0000000,29266.5,29264.75,29265.5,20260924,1260
Playback101,Playback,NQ SEP26,0.25,2026-07-22T15:08:47.6880000,2026-07-22T15:08:47.6880000,29263.5,29264,3,1,0.5000,-1,A,30,0,2026-07-22T15:08:48.0000000,29263.5,2026-07-22T15:09:48.0000000,29246.75,29246.25,29246.75,20260924,1261
Playback101,Playback,NQ SEP26,0.25,2026-07-22T15:10:34.7640000,2026-07-22T15:10:34.7640000,29246.5,29247.25,3,2,0.2000,1,A,30,0,2026-07-22T15:10:35.0000000,29247.75,2026-07-22T15:11:36.0000000,29247.75,29247.5,29248.25,20260924,1262
Playback101,Playback,NQ SEP26,0.25,2026-07-22T15:12:24.8480000,2026-07-22T15:12:24.8480000,29243,29243.5,1,2,-0.3333,1,P,30,0,2026-07-22T15:12:25.0000000,29243,2026-07-22T15:13:26.0000000,29237.25,29237,29237.75,20260924,1263
Playback101,Playback,NQ SEP26,0.25,2026-07-22T15:14:01.8480000,2026-07-22T15:14:01.8480000,29233,29233.75,1,6,-0.7143,-1,A,30,0,2026-07-22T15:14:02.0000000,29234,2026-07-22T15:15:03.0000000,29225.75,29224.75,29225.25,20260924,1264
Playback101,Playback,NQ SEP26,0.25,2026-07-22T15:15:53.9400000,2026-07-22T15:15:53.9400000,29227.5,29228,1,4,-0.6000,1,A,30,0,2026-07-22T15:15:54.0000000,29228.25,2026-07-22T15:16:55.0000000,29229.5,29228.5,29229,20260924,1265
Playback101,Playback,NQ SEP26,0.25,2026-07-22T15:17:32.9400000,2026-07-22T15:17:32.9400000,29225.75,29226.5,4,3,0.1429,-1,A,30,0,2026-07-22T15:17:33.0000000,29225.5,2026-07-22T15:18:34.0000000,29233.75,29232.75,29233.5,20260924,1266
Playback101,Playback,NQ SEP26,0.25,2026-07-22T15:19:28.9600000,2026-07-22T15:19:28.9600000,29237.5,29238.25,2,3,-0.2000,-1,A,30,0,2026-07-22T15:19:29.0000000,29237.5,2026-07-22T15:20:30.0000000,29227.75,29227.5,29228.25,20260924,1267
Playback101,Playback,NQ SEP26,0.25,2026-07-22T15:21:07.9920000,2026-07-22T15:21:07.9920000,29247.5,29248,2,1,0.3333,1,P,30,0,2026-07-22T15:21:08.0000000,29247.5,2026-07-22T15:22:09.0000000,29235,29235.75,29236.25,20260924,1268
Playback101,Playback,NQ SEP26,0.25,2026-07-22T15:23:01.0960000,2026-07-22T15:23:01.0960000,29236.25,29237,3,1,0.5000,-1,A,30,0,2026-07-22T15:23:02.0000000,29236.25,2026-07-22T15:24:03.0000000,29227,29227,29227.75,20260924,1269
Playback101,Playback,NQ SEP26,0.25,2026-07-22T15:24:57.2200000,2026-07-22T15:24:57.2200000,29229.5,29230.25,2,3,-0.2000,-1,P,30,0,2026-07-22T15:25:00.0000000,29230.25,2026-07-22T15:26:01.0000000,29232.25,29231.75,29232.5,20260924,1270
Playback101,Playback,NQ SEP26,0.25,2026-07-22T15:26:57.3440000,2026-07-22T15:26:57.3440000,29231.5,29232,2,1,0.3333,1,A,30,0,2026-07-22T15:26:58.0000000,29231.5,2026-07-22T15:27:59.0000000,29232.25,29231.25,29231.75,20260924,1271
Playback101,Playback,NQ SEP26,0.25,2026-07-22T15:28:47.3680000,2026-07-22T15:28:47.3680000,29244.75,29245.5,2,3,-0.2000,1,P,30,0,2026-07-22T15:28:48.0000000,29244.75,2026-07-22T15:29:49.0000000,29242.25,29242.5,29243,20260924,1272
Playback101,Playback,NQ SEP26,0.25,2026-07-22T15:30:43.4120000,2026-07-22T15:30:43.4120000,29230.5,29231.25,2,2,0.0000,1,P,30,0,2026-07-22T15:30:44.0000000,29230.5,2026-07-22T15:31:44.0000000,29213.75,29213.5,29214,20260924,1273
Playback101,Playback,NQ SEP26,0.25,2026-07-22T15:32:27.4760000,2026-07-22T15:32:27.4760000,29212.5,29213.25,3,2,0.2000,1,A,30,0,2026-07-22T15:32:28.0000000,29213.25,2026-07-22T15:33:29.0000000,29213,29213.5,29214.25,20260924,1274
Playback101,Playback,NQ SEP26,0.25,2026-07-22T15:34:23.4840000,2026-07-22T15:34:23.4840000,29218,29218.75,3,3,0.0000,-1,P,30,0,2026-07-22T15:34:24.0000000,29218.75,2026-07-22T15:35:24.0000000,29217.25,29216.5,29217.25,20260924,1275
Playback101,Playback,NQ SEP26,0.25,2026-07-22T15:36:04.5520000,2026-07-22T15:36:04.5520000,29232.25,29232.75,1,1,0.0000,1,A,30,0,2026-07-22T15:36:05.0000000,29232.75,2026-07-22T15:37:05.0000000,29233,29232.5,29233.25,20260924,1276
Playback101,Playback,NQ SEP26,0.25,2026-07-22T15:38:00.5800000,2026-07-22T15:38:00.5800000,29233.25,29234,2,2,0.0000,-1,A,30,0,2026-07-22T15:38:01.0000000,29233.25,2026-07-22T15:39:02.0000000,29233,29233,29233.5,20260924,1277
Playback101,Playback,NQ SEP26,0.25,2026-07-22T15:39:38.5880000,2026-07-22T15:39:38.5880000,29224.5,29225.25,3,5,-0.2500,-1,P,30,0,2026-07-22T15:39:40.0000000,29225.25,2026-07-22T15:40:41.0000000,29231.75,29231,29231.75,20260924,1278
Playback101,Playback,NQ SEP26,0.25,2026-07-22T15:41:19.5960000,2026-07-22T15:41:19.5960000,29226,29226.5,3,2,0.2000,-1,A,30,0,2026-07-22T15:41:20.0000000,29226,2026-07-22T15:42:21.0000000,29228.25,29228,29228.5,20260924,1279
Playback101,Playback,NQ SEP26,0.25,2026-07-22T15:43:07.7240000,2026-07-22T15:43:07.7240000,29223.75,29224.5,4,1,0.6000,-1,P,30,0,2026-07-22T15:43:08.0000000,29224.5,2026-07-22T15:44:08.0000000,29230.25,29229.5,29230.25,20260924,1280
Playback101,Playback,NQ SEP26,0.25,2026-07-22T15:44:57.7480000,2026-07-22T15:44:57.7480000,29228.5,29229.25,1,3,-0.5000,1,A,30,0,2026-07-22T15:44:58.0000000,29229.25,2026-07-22T15:45:58.0000000,29243.5,29243.25,29244,20260924,1281
Playback101,Playback,NQ SEP26,0.25,2026-07-22T15:46:54.7520000,2026-07-22T15:46:54.7520000,29242.75,29243.5,2,4,-0.3333,1,P,30,0,2026-07-22T15:46:55.0000000,29242.75,2026-07-22T15:47:56.0000000,29242.25,29242.25,29242.75,20260924,1282
Playback101,Playback,NQ SEP26,0.25,2026-07-22T15:48:50.8120000,2026-07-22T15:48:50.8120000,29244.5,29245.25,4,3,0.1429,1,P,30,0,2026-07-22T15:48:51.0000000,29244.5,2026-07-22T15:49:51.0000000,29231.5,29231.5,29232.25,20260924,1283
Playback101,Playback,NQ SEP26,0.25,2026-07-22T15:50:28.8320000,2026-07-22T15:50:28.8320000,29229.5,29230,1,2,-0.3333,1,A,30,0,2026-07-22T15:50:29.0000000,29229.75,2026-07-22T15:51:30.0000000,29236,29236,29236.5,20260924,1284
Playback101,Playback,NQ SEP26,0.25,2026-07-22T15:52:08.8360000,2026-07-22T15:52:08.8360000,29235.5,29236,1,3,-0.5000,1,P,30,0,2026-07-22T15:52:09.0000000,29234.5,2026-07-22T15:53:10.0000000,29230.75,29231,29231.5,20260924,1285
Playback101,Playback,NQ SEP26,0.25,2026-07-22T15:53:43.9000000,2026-07-22T15:53:43.9000000,29237.5,29238,1,1,0.0000,1,P,30,0,2026-07-22T15:53:44.0000000,29237.5,2026-07-22T15:54:45.0000000,29253,29250.75,29251.25,20260924,1286
Playback101,Playback,NQ SEP26,0.25,2026-07-22T15:55:13.9320000,2026-07-22T15:55:13.9320000,29254.25,29255,2,2,0.0000,-1,A,30,0,2026-07-22T15:55:14.0000000,29254.25,2026-07-22T15:56:15.0000000,29256.25,29256,29256.5,20260924,1287
Playback101,Playback,NQ SEP26,0.25,2026-07-22T15:57:06.9320000,2026-07-22T15:57:06.9320000,29249.5,29250,1,1,0.0000,-1,P,30,0,2026-07-22T15:57:17.0000000,29250,2026-07-22T15:58:18.0000000,29254.5,29253.75,29254.25,20260924,1288
Playback101,Playback,NQ SEP26,0.25,2026-07-22T15:59:04.9520000,2026-07-22T15:59:04.9520000,29255.5,29256.25,2,4,-0.3333,1,A,30,0,2026-07-22T15:59:05.0000000,29256.25,2026-07-22T16:00:06.0000000,29245,29244.75,29245.5,20260924,1289
Playback101,Playback,NQ SEP26,0.25,2026-07-22T16:00:57.0120000,2026-07-22T16:00:57.0120000,29248.5,29249,1,1,0.0000,1,P,30,0,2026-07-22T16:01:00.0000000,29248.5,2026-07-22T16:02:01.0000000,29239.25,29240.5,29241,20260924,1290
Playback101,Playback,NQ SEP26,0.25,2026-07-22T16:02:36.0160000,2026-07-22T16:02:36.0160000,29240,29240.5,3,1,0.5000,-1,A,30,0,2026-07-22T16:02:37.0000000,29240,2026-07-22T16:03:38.0000000,29244.5,29243.5,29244,20260924,1291
Playback101,Playback,NQ SEP26,0.25,2026-07-22T16:04:22.0640000,2026-07-22T16:04:22.0640000,29253.75,29254.5,3,2,0.2000,-1,P,30,1,2026-07-22T16:04:53.0000000,29251,2026-07-22T16:05:54.0000000,29250.75,29251,29251.5,20260924,1292
Playback101,Playback,NQ SEP26,0.25,2026-07-22T16:05:53.0240000,2026-07-22T16:05:53.0240000,29251,29251.5,1,1,0.0000,-1,P,30,0,2026-07-22T16:05:54.0000000,29251.5,2026-07-22T16:06:55.0000000,29250.25,29249.5,29250,20260924,1293
Playback101,Playback,NQ SEP26,0.25,2026-07-22T16:07:51.0240000,2026-07-22T16:07:51.0240000,29244.75,29245.5,3,3,0.0000,-1,P,30,1,2026-07-22T16:08:22.0000000,29241,2026-07-22T16:09:23.0000000,29247,29246.25,29247,20260924,1294
Playback101,Playback,NQ SEP26,0.25,2026-07-22T16:09:28.0240000,2026-07-22T16:09:28.0240000,29247.75,29248.5,2,3,-0.2000,-1,A,30,0,2026-07-22T16:09:29.0000000,29246,2026-07-22T16:10:30.0000000,29244.5,29243.5,29244.25,20260924,1295
Playback101,Playback,NQ SEP26,0.25,2026-07-22T16:11:19.0320000,2026-07-22T16:11:19.0320000,29234.75,29235.5,2,4,-0.3333,1,A,30,0,2026-07-22T16:11:20.0000000,29232.25,2026-07-22T16:12:21.0000000,29234,29233.25,29233.75,20260924,1296
Playback101,Playback,NQ SEP26,0.25,2026-07-22T16:13:10.0880000,2026-07-22T16:13:10.0880000,29225.5,29226,1,1,0.0000,-1,A,30,0,2026-07-22T16:13:11.0000000,29225.25,2026-07-22T16:14:12.0000000,29218,29217,29217.75,20260924,1297
Playback101,Playback,NQ SEP26,0.25,2026-07-22T16:15:06.1480000,2026-07-22T16:15:06.1480000,29217.75,29218.5,1,4,-0.6000,-1,P,30,0,2026-07-22T16:15:07.0000000,29218.5,2026-07-22T16:16:07.0000000,29227,29226.5,29227.25,20260924,1298
Playback101,Playback,NQ SEP26,0.25,2026-07-22T16:16:58.1480000,2026-07-22T16:16:58.1480000,29240,29240.75,2,5,-0.4286,-1,P,30,0,2026-07-22T16:17:11.0000000,29240.75,2026-07-22T16:18:12.0000000,29239,29237.5,29238.25,20260924,1299
Playback101,Playback,NQ SEP26,0.25,2026-07-22T16:18:45.3120000,2026-07-22T16:18:45.3120000,29237.25,29238,3,2,0.2000,1,P,30,1,2026-07-22T16:19:16.0000000,29245.25,2026-07-22T16:20:17.0000000,29239,29238.25,29239,20260924,1300
Playback101,Playback,NQ SEP26,0.25,2026-07-22T16:20:29.3200000,2026-07-22T16:20:29.3200000,29234.25,29234.75,1,1,0.0000,-1,A,30,0,2026-07-22T16:20:30.0000000,29234,2026-07-22T16:21:31.0000000,29228,29229.75,29230.25,20260924,1301
Playback101,Playback,NQ SEP26,0.25,2026-07-22T16:22:06.3240000,2026-07-22T16:22:06.3240000,29227.75,29228.5,1,5,-0.6667,-1,P,30,0,2026-07-22T16:22:07.0000000,29230.25,2026-07-22T16:23:08.0000000,29244.75,29244.25,29244.75,20260924,1302
Playback101,Playback,NQ SEP26,0.25,2026-07-22T16:23:39.3280000,2026-07-22T16:23:39.3280000,29244,29244.5,1,2,-0.3333,1,A,30,0,2026-07-22T16:23:40.0000000,29244.75,2026-07-22T16:24:41.0000000,29243.75,29242.5,29243.25,20260924,1303
Playback101,Playback,NQ SEP26,0.25,2026-07-22T16:25:10.3720000,2026-07-22T16:25:10.3720000,29237.75,29238.5,3,2,0.2000,1,P,30,0,2026-07-22T16:25:12.0000000,29237.75,2026-07-22T16:26:12.0000000,29238.75,29239.25,29239.75,20260924,1304
Playback101,Playback,NQ SEP26,0.25,2026-07-22T16:26:44.3720000,2026-07-22T16:26:44.3720000,29231.75,29232.25,1,2,-0.3333,-1,A,30,0,2026-07-22T16:26:45.0000000,29231.75,2026-07-22T16:27:46.0000000,29244.25,29243.5,29244.25,20260924,1305
Playback101,Playback,NQ SEP26,0.25,2026-07-22T16:28:35.4400000,2026-07-22T16:28:35.4400000,29254.25,29254.5,1,2,-0.3333,1,P,30,0,2026-07-22T16:28:36.0000000,29254.25,2026-07-22T16:29:37.0000000,29257,29256.75,29257.25,20260924,1306
Playback101,Playback,NQ SEP26,0.25,2026-07-22T16:30:25.5120000,2026-07-22T16:30:25.5120000,29243.25,29244,5,2,0.4286,1,A,30,0,2026-07-22T16:30:26.0000000,29243.75,2026-07-22T16:31:27.0000000,29238.25,29239,29239.5,20260924,1307
Playback101,Playback,NQ SEP26,0.25,2026-07-22T16:32:08.5200000,2026-07-22T16:32:08.5200000,29235.5,29236.25,2,1,0.3333,1,P,30,0,2026-07-22T16:32:09.0000000,29235.5,2026-07-22T16:33:10.0000000,29239.25,29239.5,29240,20260924,1308
Playback101,Playback,NQ SEP26,0.25,2026-07-22T16:33:44.5600000,2026-07-22T16:33:44.5600000,29232.25,29233,3,3,0.0000,-1,P,30,0,2026-07-22T16:33:49.0000000,29233,2026-07-22T16:34:50.0000000,29230.5,29230.5,29231,20260924,1309
Playback101,Playback,NQ SEP26,0.25,2026-07-22T16:35:19.7440000,2026-07-22T16:35:19.7440000,29233.25,29233.75,2,1,0.3333,1,A,30,0,2026-07-22T16:35:20.0000000,29234.5,2026-07-22T16:36:21.0000000,29218.75,29219.75,29220.5,20260924,1310
Playback101,Playback,NQ SEP26,0.25,2026-07-22T16:37:07.7480000,2026-07-22T16:37:07.7480000,29216,29216.75,2,3,-0.2000,1,A,30,0,2026-07-22T16:37:08.0000000,29216.75,2026-07-22T16:38:09.0000000,29208.75,29210,29210.75,20260924,1311
Playback101,Playback,NQ SEP26,0.25,2026-07-22T16:38:43.7600000,2026-07-22T16:38:43.7600000,29203,29203.75,1,4,-0.6000,1,P,30,0,2026-07-22T16:38:46.0000000,29203,2026-07-22T16:39:47.0000000,29193,29193.5,29194,20260924,1312
Playback101,Playback,NQ SEP26,0.25,2026-07-22T16:40:15.7920000,2026-07-22T16:40:15.7920000,29203.5,29204,1,3,-0.5000,-1,A,30,0,2026-07-22T16:40:16.0000000,29203.75,2026-07-22T16:41:17.0000000,29196.75,29196.75,29197.5,20260924,1313
Playback101,Playback,NQ SEP26,0.25,2026-07-22T16:42:01.8280000,2026-07-22T16:42:01.8280000,29209.25,29210,3,2,0.2000,-1,A,30,0,2026-07-22T16:42:02.0000000,29209.5,2026-07-22T16:43:03.0000000,29218.75,29218.5,29219.25,20260924,1314
Playback101,Playback,NQ SEP26,0.25,2026-07-22T16:43:57.9080000,2026-07-22T16:43:57.9080000,29218,29218.5,3,1,0.5000,-1,A,30,0,2026-07-22T16:43:58.0000000,29218.5,2026-07-22T16:44:59.0000000,29212.25,29211.5,29212,20260924,1315
Playback101,Playback,NQ SEP26,0.25,2026-07-22T16:45:50.9120000,2026-07-22T16:45:50.9120000,29213.5,29214.25,5,2,0.4286,1,A,30,0,2026-07-22T16:45:51.0000000,29214,2026-07-22T16:46:51.0000000,29210,29210,29210.25,20260924,1316
Playback101,Playback,NQ SEP26,0.25,2026-07-22T16:47:36.9440000,2026-07-22T16:47:36.9440000,29213.5,29214.25,2,1,0.3333,-1,P,30,0,2026-07-22T16:47:39.0000000,29214.25,2026-07-22T16:48:39.0000000,29213.75,29213,29213.5,20260924,1317
Playback101,Playback,NQ SEP26,0.25,2026-07-22T16:49:17.9440000,2026-07-22T16:49:17.9440000,29225,29226,3,4,-0.1429,1,A,30,0,2026-07-22T16:49:18.0000000,29225.5,2026-07-22T16:50:19.0000000,29211.75,29209.5,29210.5,20260924,1318
Playback101,Playback,NQ SEP26,0.25,2026-07-22T16:51:11.9440000,2026-07-22T16:51:11.9440000,29208.25,29208.5,1,1,0.0000,1,A,30,0,2026-07-22T16:51:12.0000000,29207.5,2026-07-22T16:52:13.0000000,29216.75,29216,29216.5,20260924,1319
Playback101,Playback,NQ SEP26,0.25,2026-07-22T16:53:02.0000000,2026-07-22T16:53:02.0000000,29213.5,29214.25,6,1,0.7143,-1,A,30,0,2026-07-22T16:53:02.0000000,29214,2026-07-22T16:54:03.0000000,29215,29214,29214.5,20260924,1320
Playback101,Playback,NQ SEP26,0.25,2026-07-22T16:54:48.0400000,2026-07-22T16:54:48.0400000,29200.75,29201.75,3,2,0.2000,1,P,30,0,2026-07-22T16:54:49.0000000,29200.75,2026-07-22T16:55:50.0000000,29184.75,29185.5,29186,20260924,1321
Playback101,Playback,NQ SEP26,0.25,2026-07-22T16:56:38.0720000,2026-07-22T16:56:38.0720000,29179.25,29180,2,2,0.0000,-1,P,30,0,2026-07-22T16:56:39.0000000,29180.25,2026-07-22T16:57:40.0000000,29187.25,29187.75,29188.5,20260924,1322
Playback101,Playback,NQ SEP26,0.25,2026-07-22T16:58:20.1000000,2026-07-22T16:58:20.1000000,29192.25,29192.75,1,5,-0.6667,-1,P,30,0,2026-07-22T16:58:21.0000000,29193.25,2026-07-22T16:59:22.0000000,29194.75,29195.75,29196,20260924,1323
Playback101,Playback,NQ SEP26,0.25,2026-07-22T17:00:05.1280000,2026-07-22T17:00:05.1280000,29178.25,29179.75,3,1,0.5000,1,P,30,0,2026-07-22T17:00:06.0000000,29178.25,2026-07-22T17:01:07.0000000,29208.25,29209.75,29212.25,20260924,1324
Playback101,Playback,NQ SEP26,0.25,2026-07-22T17:08:49.6080000,2026-07-22T17:08:49.6080000,29157,29159.75,2,1,0.3333,-1,A,30,0,2026-07-22T17:08:50.0000000,29157,2026-07-22T17:09:51.0000000,29168.5,29164.5,29167.5,20260924,1325
Playback101,Playback,NQ SEP26,0.25,2026-07-22T17:10:33.6600000,2026-07-22T17:10:33.6600000,29150,29152.75,2,2,0.0000,-1,P,30,0,2026-07-22T17:10:34.0000000,29152.75,2026-07-22T17:11:36.0000000,29168.25,29162,29164.5,20260924,1326
Playback101,Playback,NQ SEP26,0.25,2026-07-22T17:12:22.7560000,2026-07-22T17:12:22.7560000,29181.5,29183.75,1,4,-0.6000,-1,A,30,0,2026-07-22T17:12:23.0000000,29179.5,2026-07-22T17:13:24.0000000,29203.75,29199.25,29202.25,20260924,1327
Playback101,Playback,NQ SEP26,0.25,2026-07-22T17:13:58.7800000,2026-07-22T17:13:58.7800000,29210,29212.25,4,1,0.6000,1,A,30,0,2026-07-22T17:13:59.0000000,29212.75,2026-07-22T17:15:00.0000000,29249,29249,29249.75,20260924,1328
Playback101,Playback,NQ SEP26,0.25,2026-07-22T17:15:40.7920000,2026-07-22T17:15:40.7920000,29250.25,29252.5,4,1,0.6000,1,A,30,0,2026-07-22T17:15:41.0000000,29253,2026-07-22T17:16:42.0000000,29234.5,29235.5,29238.25,20260924,1329
Playback101,Playback,NQ SEP26,0.25,2026-07-22T17:17:23.9760000,2026-07-22T17:17:23.9760000,29233.75,29236.25,7,2,0.5556,-1,A,30,0,2026-07-22T17:17:24.0000000,29232.5,2026-07-22T17:18:25.0000000,29238.75,29237,29238.75,20260924,1330
Playback101,Playback,NQ SEP26,0.25,2026-07-22T17:19:24.3840000,2026-07-22T17:19:24.3840000,29252.25,29254.5,2,3,-0.2000,1,A,30,0,2026-07-22T17:19:25.0000000,29254.5,2026-07-22T17:20:26.0000000,29236.25,29238,29239.5,20260924,1331
Playback101,Playback,NQ SEP26,0.25,2026-07-22T17:20:59.4240000,2026-07-22T17:20:59.4240000,29232.25,29234.5,1,4,-0.6000,-1,P,30,1,2026-07-22T17:21:30.0000000,29225.75,2026-07-22T17:22:31.0000000,29225.5,29223.5,29225,20260924,1332
Playback101,Playback,NQ SEP26,0.25,2026-07-22T17:22:39.4640000,2026-07-22T17:22:39.4640000,29223,29225.25,6,2,0.5000,1,P,30,1,2026-07-22T17:23:10.0000000,29240.25,2026-07-22T17:24:11.0000000,29235.75,29233.75,29235.75,20260924,1333
Playback101,Playback,NQ SEP26,0.25,2026-07-22T17:24:10.9400000,2026-07-22T17:24:10.9400000,29233.25,29235.25,2,2,0.0000,-1,A,30,0,2026-07-22T17:24:11.0000000,29235.75,2026-07-22T17:25:12.0000000,29239.5,29237.25,29238,20260924,1334
Playback101,Playback,NQ SEP26,0.25,2026-07-22T17:25:57.9760000,2026-07-22T17:25:57.9760000,29228,29229.75,5,3,0.2500,1,P,30,0,2026-07-22T17:25:58.0000000,29228,2026-07-22T17:26:59.0000000,29209.25,29209.75,29210.75,20260924,1335
Playback101,Playback,NQ SEP26,0.25,2026-07-22T17:27:31.9840000,2026-07-22T17:27:31.9840000,29213.25,29215,1,1,0.0000,-1,P,30,1,2026-07-22T17:28:03.0000000,29210,2026-07-22T17:29:04.0000000,29208.5,29208.75,29211.25,20260924,1336
Playback101,Playback,NQ SEP26,0.25,2026-07-22T17:29:19.0000000,2026-07-22T17:29:19.0000000,29211.25,29212.75,3,1,0.5000,1,A,30,0,2026-07-22T17:29:19.0000000,29212.75,2026-07-22T17:30:20.0000000,29208.5,29208.5,29210.75,20260924,1337
Playback101,Playback,NQ SEP26,0.25,2026-07-22T17:30:59.4960000,2026-07-22T17:30:59.4960000,29208,29209.75,2,1,0.3333,1,A,30,0,2026-07-22T17:31:00.0000000,29210.75,2026-07-22T17:32:02.0000000,29210,29210.5,29212.5,20260924,1338
Playback101,Playback,NQ SEP26,0.25,2026-07-22T17:32:33.5120000,2026-07-22T17:32:33.5120000,29212.5,29214.25,2,1,0.3333,-1,A,30,0,2026-07-22T17:32:34.0000000,29212.25,2026-07-22T17:33:35.0000000,29225.25,29223.25,29225.5,20260924,1339
Playback101,Playback,NQ SEP26,0.25,2026-07-22T17:34:05.5960000,2026-07-22T17:34:05.5960000,29219.75,29221.75,1,1,0.0000,1,A,30,0,2026-07-22T17:34:06.0000000,29220.75,2026-07-22T17:35:07.0000000,29214,29214,29215.5,20260924,1340
Playback101,Playback,NQ SEP26,0.25,2026-07-22T17:35:41.6000000,2026-07-22T17:35:41.6000000,29213,29215.5,3,1,0.5000,1,A,30,0,2026-07-22T17:35:42.0000000,29216,2026-07-22T17:36:43.0000000,29212.25,29212.25,29213.75,20260924,1341
Playback101,Playback,NQ SEP26,0.25,2026-07-22T17:37:32.6680000,2026-07-22T17:37:32.6680000,29202,29204.25,1,3,-0.5000,1,A,30,0,2026-07-22T17:37:33.0000000,29204.75,2026-07-22T17:38:33.0000000,29183.75,29184.5,29185.75,20260924,1342
Playback101,Playback,NQ SEP26,0.25,2026-07-22T17:39:20.6760000,2026-07-22T17:39:20.6760000,29193.5,29196,2,4,-0.3333,1,P,30,0,2026-07-22T17:39:22.0000000,29193.5,2026-07-22T17:40:23.0000000,29189.75,29189.75,29191.5,20260924,1343
Playback101,Playback,NQ SEP26,0.25,2026-07-22T17:41:15.2240000,2026-07-22T17:41:15.2240000,29194.5,29196.25,1,1,0.0000,-1,A,30,0,2026-07-22T17:41:16.0000000,29193.5,2026-07-22T17:42:17.0000000,29199.25,29197.25,29199,20260924,1344
Playback101,Playback,NQ SEP26,0.25,2026-07-22T17:42:56.2600000,2026-07-22T17:42:56.2600000,29192.5,29194.25,1,2,-0.3333,-1,P,30,0,2026-07-22T17:42:59.0000000,29194.25,2026-07-22T17:44:00.0000000,29190.5,29187.5,29190.25,20260924,1345
Playback101,Playback,NQ SEP26,0.25,2026-07-22T17:44:47.0120000,2026-07-22T17:44:47.0120000,29188.75,29190.5,2,1,0.3333,1,P,30,0,2026-07-22T17:44:54.0000000,29188.75,2026-07-22T17:45:55.0000000,29184.25,29184,29186.25,20260924,1346
Playback101,Playback,NQ SEP26,0.25,2026-07-22T17:46:26.7120000,2026-07-22T17:46:26.7120000,29185,29187.75,3,3,0.0000,-1,A,30,0,2026-07-22T17:46:27.0000000,29184.75,2026-07-22T17:47:28.0000000,29195,29194.25,29195.5,20260924,1347
Playback101,Playback,NQ SEP26,0.25,2026-07-22T17:48:12.7120000,2026-07-22T17:48:12.7120000,29193,29195,1,2,-0.3333,-1,A,30,0,2026-07-22T17:48:13.0000000,29192.5,2026-07-22T17:49:14.0000000,29191.75,29187.5,29190.25,20260924,1348
Playback101,Playback,NQ SEP26,0.25,2026-07-22T17:49:54.9080000,2026-07-22T17:49:54.9080000,29187,29188.25,1,1,0.0000,1,P,30,0,2026-07-22T17:49:55.0000000,29187,2026-07-22T17:50:56.0000000,29200,29200,29201.25,20260924,1349
Playback101,Playback,NQ SEP26,0.25,2026-07-22T19:10:37.0800000,2026-07-22T19:10:37.0800000,29080,29082.75,1,1,0.0000,-1,P,30,0,2026-07-22T19:10:39.0000000,29082.75,2026-07-22T19:11:41.0000000,29073.5,29070.75,29073,20260924,1350
Playback101,Playback,NQ SEP26,0.25,2026-07-22T19:12:37.2240000,2026-07-22T19:12:37.2240000,29083.25,29085.25,1,1,0.0000,-1,A,30,0,2026-07-22T19:12:38.0000000,29083.25,2026-07-22T19:13:39.0000000,29083,29081,29083,20260924,1351
Playback101,Playback,NQ SEP26,0.25,2026-07-22T19:14:22.2280000,2026-07-22T19:14:22.2280000,29090,29091.5,1,2,-0.3333,1,A,30,0,2026-07-22T19:14:23.0000000,29091.5,2026-07-22T19:15:24.0000000,29087.5,29087.25,29088.75,20260924,1352
Playback101,Playback,NQ SEP26,0.25,2026-07-22T19:16:16.2440000,2026-07-22T19:16:16.2440000,29086.5,29087.75,1,1,0.0000,1,A,30,0,2026-07-22T19:16:17.0000000,29088.25,2026-07-22T19:17:20.0000000,29085.25,29085,29086.5,20260924,1353
Playback101,Playback,NQ SEP26,0.25,2026-07-22T19:18:07.9240000,2026-07-22T19:18:07.9240000,29081.75,29083.5,2,1,0.3333,1,P,30,0,2026-07-22T19:18:16.0000000,29081.75,2026-07-22T19:19:18.0000000,29085.5,29084.5,29085.75,20260924,1354
Playback101,Playback,NQ SEP26,0.25,2026-07-22T19:19:47.3320000,2026-07-22T19:19:47.3320000,29083.75,29085.5,1,2,-0.3333,1,A,30,0,2026-07-22T19:19:48.0000000,29085.25,2026-07-22T19:20:50.0000000,29089,29088.5,29089.75,20260924,1355
Playback101,Playback,NQ SEP26,0.25,2026-07-22T19:21:42.3880000,2026-07-22T19:21:42.3880000,29093,29094.75,2,1,0.3333,-1,P,30,1,2026-07-22T19:22:13.0000000,29083.75,2026-07-22T19:23:15.0000000,29085,29083.5,29085,20260924,1356
Playback101,Playback,NQ SEP26,0.25,2026-07-22T19:23:33.0200000,2026-07-22T19:23:33.0200000,29083.5,29085,1,2,-0.3333,-1,A,30,0,2026-07-22T19:23:34.0000000,29083.25,2026-07-22T19:24:35.0000000,29080.75,29080.5,29081.75,20260924,1357
Playback101,Playback,NQ SEP26,0.25,2026-07-22T19:25:26.0280000,2026-07-22T19:25:26.0280000,29094.75,29096,1,1,0.0000,-1,A,30,0,2026-07-22T19:25:27.0000000,29092.75,2026-07-22T19:26:28.0000000,29099.5,29098.25,29100,20260924,1358
Playback101,Playback,NQ SEP26,0.25,2026-07-22T19:27:04.4720000,2026-07-22T19:27:04.4720000,29104.25,29106,1,2,-0.3333,-1,P,30,1,2026-07-22T19:27:35.0000000,29101.75,2026-07-22T19:28:36.0000000,29087.5,29085.75,29087.5,20260924,1359
Playback101,Playback,NQ SEP26,0.25,2026-07-22T19:28:45.4840000,2026-07-22T19:28:45.4840000,29092.25,29094,2,2,0.0000,1,A,30,0,2026-07-22T19:28:46.0000000,29095.75,2026-07-22T19:29:47.0000000,29081.25,29082,29083.5,20260924,1360
Playback101,Playback,NQ SEP26,0.25,2026-07-22T19:30:43.7120000,2026-07-22T19:30:43.7120000,29080.5,29082,1,1,0.0000,-1,P,30,0,2026-07-22T19:30:44.0000000,29082.75,2026-07-22T19:31:45.0000000,29087.5,29085.5,29087.5,20260924,1361
Playback101,Playback,NQ SEP26,0.25,2026-07-22T19:32:32.3240000,2026-07-22T19:32:32.3240000,29081.5,29083.75,1,1,0.0000,-1,A,30,0,2026-07-22T19:32:33.0000000,29081.5,2026-07-22T19:33:34.0000000,29084,29082.75,29084,20260924,1362
Playback101,Playback,NQ SEP26,0.25,2026-07-22T19:34:27.5720000,2026-07-22T19:34:27.5720000,29079,29080.5,4,2,0.3333,1,P,30,0,2026-07-22T19:34:29.0000000,29079,2026-07-22T19:35:29.0000000,29079.75,29077.75,29079.5,20260924,1363
Playback101,Playback,NQ SEP26,0.25,2026-07-22T19:36:18.5880000,2026-07-22T19:36:18.5880000,29077.5,29080.25,1,1,0.0000,1,P,30,0,2026-07-22T19:36:47.0000000,29077.5,2026-07-22T19:37:48.0000000,29061.25,29061.25,29063,20260924,1364
Playback101,Playback,NQ SEP26,0.25,2026-07-22T19:37:57.6720000,2026-07-22T19:37:57.6720000,29060.75,29062,1,1,0.0000,-1,A,30,0,2026-07-22T19:37:58.0000000,29060.5,2026-07-22T19:38:59.0000000,29060.75,29058.25,29059.75,20260924,1365
Playback101,Playback,NQ SEP26,0.25,2026-07-22T19:39:38.2160000,2026-07-22T19:39:38.2160000,29054.5,29055.75,1,1,0.0000,-1,P,30,0,2026-07-22T19:39:39.0000000,29055.75,2026-07-22T19:40:40.0000000,29044,29042.25,29043.75,20260924,1366
Playback101,Playback,NQ SEP26,0.25,2026-07-22T19:41:13.7080000,2026-07-22T19:41:13.7080000,29042.25,29043.25,3,1,0.5000,1,P,30,0,2026-07-22T19:41:21.0000000,29042.25,2026-07-22T19:42:22.0000000,29045.5,29044.75,29046.25,20260924,1367
Playback101,Playback,NQ SEP26,0.25,2026-07-22T19:42:57.8680000,2026-07-22T19:42:57.8680000,29046.75,29048.25,1,2,-0.3333,1,P,30,0,2026-07-22T19:42:58.0000000,29046,2026-07-22T19:43:59.0000000,29047.75,29047.5,29049.5,20260924,1368
Playback101,Playback,NQ SEP26,0.25,2026-07-22T19:44:28.9480000,2026-07-22T19:44:28.9480000,29046.5,29048.25,1,2,-0.3333,1,P,30,0,2026-07-22T19:44:58.0000000,29046.5,2026-07-22T19:45:59.0000000,29040.75,29040.25,29041.5,20260924,1369
Playback101,Playback,NQ SEP26,0.25,2026-07-22T19:46:26.9640000,2026-07-22T19:46:26.9640000,29041.25,29042.75,1,1,0.0000,1,P,30,1,2026-07-22T19:46:58.0000000,29043.25,2026-07-22T19:47:59.0000000,29042,29042,29043,20260924,1370
Playback101,Playback,NQ SEP26,0.25,2026-07-22T19:48:07.0280000,2026-07-22T19:48:07.0280000,29041,29042.75,3,1,0.5000,-1,A,30,0,2026-07-22T19:48:08.0000000,29041,2026-07-22T19:49:09.0000000,29047.75,29047.25,29048.75,20260924,1371
Playback101,Playback,NQ SEP26,0.25,2026-07-22T19:49:49.3240000,2026-07-22T19:49:49.3240000,29063.75,29065,1,2,-0.3333,-1,P,30,1,2026-07-22T19:50:20.0000000,29058.75,2026-07-22T19:51:21.0000000,29061,29060.5,29061.75,20260924,1372
Playback101,Playback,NQ SEP26,0.25,2026-07-22T19:51:50.8840000,2026-07-22T19:51:50.8840000,29065,29066.25,1,2,-0.3333,-1,P,30,0,2026-07-22T19:51:51.0000000,29066.25,2026-07-22T19:52:52.0000000,29072.75,29071.5,29073.25,20260924,1373
Playback101,Playback,NQ SEP26,0.25,2026-07-22T19:53:27.3360000,2026-07-22T19:53:27.3360000,29071.75,29073,1,1,0.0000,-1,A,30,0,2026-07-22T19:53:28.0000000,29070.5,2026-07-22T19:54:29.0000000,29078,29076.25,29077.75,20260924,1374
Playback101,Playback,NQ SEP26,0.25,2026-07-22T19:55:20.3720000,2026-07-22T19:55:20.3720000,29077.25,29078.5,2,1,0.3333,1,P,30,0,2026-07-22T19:55:21.0000000,29077.25,2026-07-22T19:56:22.0000000,29082.5,29082,29083.5,20260924,1375
Playback101,Playback,NQ SEP26,0.25,2026-07-22T19:57:15.4800000,2026-07-22T19:57:15.4800000,29080.25,29081.25,1,2,-0.3333,-1,A,30,0,2026-07-22T19:57:16.0000000,29080.75,2026-07-22T19:58:17.0000000,29075,29073.25,29074.75,20260924,1376
Playback101,Playback,NQ SEP26,0.25,2026-07-22T19:58:49.2000000,2026-07-22T19:58:49.2000000,29073.25,29074.75,3,2,0.2000,1,A,30,0,2026-07-22T19:58:50.0000000,29075.25,2026-07-22T19:59:50.0000000,29072.25,29072.5,29073.5,20260924,1377
Playback101,Playback,NQ SEP26,0.25,2026-07-22T20:00:48.5120000,2026-07-22T20:00:48.5120000,29068,29069.5,5,1,0.6667,1,P,30,0,2026-07-22T20:01:06.0000000,29068,2026-07-22T20:02:07.0000000,29074.25,29074.5,29076,20260924,1378
Playback101,Playback,NQ SEP26,0.25,2026-07-22T20:02:22.1320000,2026-07-22T20:02:22.1320000,29071.5,29072.75,1,1,0.0000,-1,A,30,0,2026-07-22T20:02:23.0000000,29071.5,2026-07-22T20:03:23.0000000,29070.5,29069.25,29071,20260924,1379
Playback101,Playback,NQ SEP26,0.25,2026-07-22T20:04:08.1960000,2026-07-22T20:04:08.1960000,29066.5,29068,1,3,-0.5000,-1,A,30,0,2026-07-22T20:04:09.0000000,29066.5,2026-07-22T20:05:10.0000000,29038,29035.75,29037.75,20260924,1380
Playback101,Playback,NQ SEP26,0.25,2026-07-22T20:05:55.2240000,2026-07-22T20:05:55.2240000,29032.25,29033.75,1,1,0.0000,1,A,30,0,2026-07-22T20:05:56.0000000,29034.5,2026-07-22T20:06:57.0000000,29035.25,29033.75,29036,20260924,1381
Playback101,Playback,NQ SEP26,0.25,2026-07-22T20:07:42.3600000,2026-07-22T20:07:42.3600000,29038.5,29040.25,1,1,0.0000,-1,A,30,0,2026-07-22T20:07:43.0000000,29038.5,2026-07-22T20:08:44.0000000,29040.25,29038.25,29040,20260924,1382
Playback101,Playback,NQ SEP26,0.25,2026-07-22T20:09:24.0400000,2026-07-22T20:09:24.0400000,29038.75,29040.75,1,2,-0.3333,1,P,30,0,2026-07-22T20:09:40.0000000,29038.75,2026-07-22T20:10:41.0000000,29039.5,29038,29039.75,20260924,1383
Playback101,Playback,NQ SEP26,0.25,2026-07-22T20:11:15.1200000,2026-07-22T20:11:15.1200000,29040.75,29043,2,1,0.3333,-1,P,30,0,2026-07-22T20:11:22.0000000,29043,2026-07-22T20:12:23.0000000,29045.5,29043.5,29045.5,20260924,1384
Playback101,Playback,NQ SEP26,0.25,2026-07-22T20:12:54.2000000,2026-07-22T20:12:54.2000000,29060,29061.75,1,1,0.0000,-1,A,30,0,2026-07-22T20:12:55.0000000,29060.25,2026-07-22T20:13:56.0000000,29063.75,29062.75,29063.75,20260924,1385
Playback101,Playback,NQ SEP26,0.25,2026-07-22T20:14:53.3320000,2026-07-22T20:14:53.3320000,29062.75,29064.25,1,1,0.0000,1,P,30,0,2026-07-22T20:15:02.0000000,29062.75,2026-07-22T20:16:04.0000000,29065,29064.25,29066.5,20260924,1386
Playback101,Playback,NQ SEP26,0.25,2026-07-22T20:16:25.6240000,2026-07-22T20:16:25.6240000,29061,29062.75,1,2,-0.3333,-1,A,30,0,2026-07-22T20:16:26.0000000,29059.75,2026-07-22T20:17:29.0000000,29053,29052,29053.25,20260924,1387
Playback101,Playback,NQ SEP26,0.25,2026-07-22T20:18:06.8800000,2026-07-22T20:18:06.8800000,29041.5,29042.75,1,1,0.0000,1,A,30,0,2026-07-22T20:18:07.0000000,29042,2026-07-22T20:19:08.0000000,29043.75,29043.75,29045.5,20260924,1388
Playback101,Playback,NQ SEP26,0.25,2026-07-22T20:19:58.2200000,2026-07-22T20:19:58.2200000,29041.75,29043.75,1,1,0.0000,1,A,30,0,2026-07-22T20:19:59.0000000,29042.5,2026-07-22T20:21:00.0000000,29047.5,29046.25,29047.75,20260924,1389
Playback101,Playback,NQ SEP26,0.25,2026-07-22T20:21:45.7360000,2026-07-22T20:21:45.7360000,29046,29047.75,2,2,0.0000,1,A,30,0,2026-07-22T20:21:46.0000000,29046.5,2026-07-22T20:22:49.0000000,29046,29047,29048.75,20260924,1390
Playback101,Playback,NQ SEP26,0.25,2026-07-22T20:23:25.7640000,2026-07-22T20:23:25.7640000,29050,29051.5,4,1,0.6000,-1,A,30,0,2026-07-22T20:23:26.0000000,29049.75,2026-07-22T20:24:27.0000000,29052.25,29050.75,29052.5,20260924,1391
Playback101,Playback,NQ SEP26,0.25,2026-07-22T20:25:07.9040000,2026-07-22T20:25:07.9040000,29058.75,29059.75,1,2,-0.3333,1,P,30,0,2026-07-22T20:25:08.0000000,29058.75,2026-07-22T20:26:09.0000000,29057.5,29057.25,29058.25,20260924,1392
Playback101,Playback,NQ SEP26,0.25,2026-07-22T20:26:54.1560000,2026-07-22T20:26:54.1560000,29059.25,29060.75,2,4,-0.3333,1,P,30,0,2026-07-22T20:26:58.0000000,29059.25,2026-07-22T20:27:59.0000000,29057.25,29057.25,29059,20260924,1393
Playback101,Playback,NQ SEP26,0.25,2026-07-22T20:28:35.2280000,2026-07-22T20:28:35.2280000,29049.25,29050.75,2,1,0.3333,1,P,30,0,2026-07-22T20:28:36.0000000,29049.25,2026-07-22T20:29:37.0000000,29052.75,29055.75,29057.5,20260924,1394
Playback101,Playback,NQ SEP26,0.25,2026-07-22T20:30:12.5240000,2026-07-22T20:30:12.5240000,29058.5,29060.25,2,4,-0.3333,-1,A,30,0,2026-07-22T20:30:13.0000000,29058.5,2026-07-22T20:31:14.0000000,29065.5,29064.5,29065.75,20260924,1395
Playback101,Playback,NQ SEP26,0.25,2026-07-22T20:31:51.5440000,2026-07-22T20:31:51.5440000,29068.25,29069.5,1,1,0.0000,1,P,30,0,2026-07-22T20:31:52.0000000,29068.25,2026-07-22T20:32:53.0000000,29068,29067.5,29069.25,20260924,1396
Playback101,Playback,NQ SEP26,0.25,2026-07-22T20:33:29.6560000,2026-07-22T20:33:29.6560000,29073.5,29074.75,1,5,-0.6667,1,A,30,0,2026-07-22T20:33:30.0000000,29075,2026-07-22T20:34:31.0000000,29072,29071,29072.25,20260924,1397
Playback101,Playback,NQ SEP26,0.25,2026-07-22T20:35:23.8480000,2026-07-22T20:35:23.8480000,29071.25,29073,2,2,0.0000,1,A,30,0,2026-07-22T20:35:24.0000000,29072.75,2026-07-22T20:36:25.0000000,29076.25,29075.5,29077.75,20260924,1398
Playback101,Playback,NQ SEP26,0.25,2026-07-22T20:37:13.0040000,2026-07-22T20:37:13.0040000,29081.25,29082.75,2,1,0.3333,-1,P,30,0,2026-07-22T20:37:14.0000000,29082.75,2026-07-22T20:38:15.0000000,29076.5,29075,29076.5,20260924,1399
Playback101,Playback,NQ SEP26,0.25,2026-07-22T20:39:12.5800000,2026-07-22T20:39:12.5800000,29077.75,29079,1,1,0.0000,-1,P,30,0,2026-07-22T20:39:13.0000000,29079,2026-07-22T20:40:14.0000000,29083.5,29082.5,29083.75,20260924,1400
Playback101,Playback,NQ SEP26,0.25,2026-07-22T20:41:07.6480000,2026-07-22T20:41:07.6480000,29093,29094,1,1,0.0000,1,P,30,0,2026-07-22T20:41:09.0000000,29093,2026-07-22T20:42:10.0000000,29088.25,29088.5,29089.75,20260924,1401
Playback101,Playback,NQ SEP26,0.25,2026-07-22T20:42:37.6800000,2026-07-22T20:42:37.6800000,29091.5,29092.75,2,1,0.3333,-1,A,30,0,2026-07-22T20:42:38.0000000,29092.25,2026-07-22T20:43:39.0000000,29095.5,29094.25,29095.5,20260924,1402
Playback101,Playback,NQ SEP26,0.25,2026-07-22T20:44:28.0560000,2026-07-22T20:44:28.0560000,29092.5,29093.75,3,1,0.5000,1,P,30,1,2026-07-22T20:44:59.0000000,29097.75,2026-07-22T20:46:00.0000000,29117.25,29118,29119.25,20260924,1403
Playback101,Playback,NQ SEP26,0.25,2026-07-22T20:46:19.0560000,2026-07-22T20:46:19.0560000,29123,29124.5,2,1,0.3333,-1,P,30,0,2026-07-22T20:46:22.0000000,29124.75,2026-07-22T20:47:23.0000000,29130.75,29129.5,29130.5,20260924,1404
Playback101,Playback,NQ SEP26,0.25,2026-07-22T20:48:04.9520000,2026-07-22T20:48:04.9520000,29128.5,29129.5,1,2,-0.3333,1,A,30,0,2026-07-22T20:48:05.0000000,29129.5,2026-07-22T20:49:06.0000000,29137.25,29136.75,29137.5,20260924,1405
Playback101,Playback,NQ SEP26,0.25,2026-07-22T20:49:43.1040000,2026-07-22T20:49:43.1040000,29128.25,29130,3,3,0.0000,1,P,30,0,2026-07-22T20:49:44.0000000,29128.25,2026-07-22T20:50:44.0000000,29128.75,29129.75,29131.25,20260924,1406
Playback101,Playback,NQ SEP26,0.25,2026-07-22T20:51:37.1320000,2026-07-22T20:51:37.1320000,29134.25,29135.75,1,3,-0.5000,1,A,30,0,2026-07-22T20:51:38.0000000,29135.25,2026-07-22T20:52:39.0000000,29129.5,29129.5,29130.5,20260924,1407
Playback101,Playback,NQ SEP26,0.25,2026-07-22T20:53:37.3920000,2026-07-22T20:53:37.3920000,29122.75,29123.75,1,1,0.0000,-1,P,30,0,2026-07-22T20:53:38.0000000,29123.75,2026-07-22T20:54:39.0000000,29125.25,29123.5,29124.75,20260924,1408
Playback101,Playback,NQ SEP26,0.25,2026-07-22T20:55:24.5920000,2026-07-22T20:55:24.5920000,29120.25,29121.75,1,1,0.0000,-1,A,30,0,2026-07-22T20:55:25.0000000,29120.5,2026-07-22T20:56:26.0000000,29120.5,29120.5,29122.25,20260924,1409
Playback101,Playback,NQ SEP26,0.25,2026-07-22T20:57:22.9960000,2026-07-22T20:57:22.9960000,29124.5,29125.5,1,3,-0.5000,-1,A,30,0,2026-07-22T20:57:23.0000000,29123.25,2026-07-22T20:58:24.0000000,29135.25,29134.75,29136.25,20260924,1410
Playback101,Playback,NQ SEP26,0.25,2026-07-22T20:59:21.2320000,2026-07-22T20:59:21.2320000,29133,29134.25,1,2,-0.3333,-1,P,30,0,2026-07-22T20:59:31.0000000,29134.25,2026-07-22T21:00:32.0000000,29143,29141,29142.75,20260924,1411
Playback101,Playback,NQ SEP26,0.25,2026-07-22T21:01:12.2440000,2026-07-22T21:01:12.2440000,29144,29145.5,1,1,0.0000,1,A,30,0,2026-07-22T21:01:13.0000000,29143.75,2026-07-22T21:02:13.0000000,29153.75,29154.25,29155.75,20260924,1412
Playback101,Playback,NQ SEP26,0.25,2026-07-22T21:03:11.3440000,2026-07-22T21:03:11.3440000,29139.25,29141.25,2,2,0.0000,-1,P,30,0,2026-07-22T21:03:12.0000000,29141.25,2026-07-22T21:04:13.0000000,29153.5,29152.5,29154,20260924,1413
Playback101,Playback,NQ SEP26,0.25,2026-07-22T21:04:59.5160000,2026-07-22T21:04:59.5160000,29155.5,29156.75,1,1,0.0000,-1,P,30,0,2026-07-22T21:05:01.0000000,29156.75,2026-07-22T21:06:02.0000000,29166.25,29164.5,29166.25,20260924,1414
Playback101,Playback,NQ SEP26,0.25,2026-07-22T21:06:58.7160000,2026-07-22T21:06:58.7160000,29167,29168,1,3,-0.5000,1,P,30,0,2026-07-22T21:06:59.0000000,29167,2026-07-22T21:08:00.0000000,29165.5,29166,29167.5,20260924,1415
Playback101,Playback,NQ SEP26,0.25,2026-07-22T21:08:37.2880000,2026-07-22T21:08:37.2880000,29163.25,29164.25,1,1,0.0000,1,A,30,0,2026-07-22T21:08:38.0000000,29165,2026-07-22T21:09:39.0000000,29165,29166.25,29167.5,20260924,1416
Playback101,Playback,NQ SEP26,0.25,2026-07-22T21:10:23.7200000,2026-07-22T21:10:23.7200000,29162.25,29164.25,2,1,0.3333,1,P,30,0,2026-07-22T21:10:50.0000000,29162.25,2026-07-22T21:11:51.0000000,29163.25,29161.25,29163.25,20260924,1417
Playback101,Playback,NQ SEP26,0.25,2026-07-22T21:12:17.7560000,2026-07-22T21:12:17.7560000,29159,29160.75,3,1,0.5000,-1,P,30,1,2026-07-22T21:12:48.0000000,29155.25,2026-07-22T21:13:49.0000000,29149,29147.5,29149,20260924,1418
Playback101,Playback,NQ SEP26,0.25,2026-07-22T21:13:53.1720000,2026-07-22T21:13:53.1720000,29148,29149.25,2,1,0.3333,1,P,30,0,2026-07-22T21:14:00.0000000,29148,2026-07-22T21:15:01.0000000,29166.5,29166.5,29168,20260924,1419
Playback101,Playback,NQ SEP26,0.25,2026-07-22T21:15:37.2800000,2026-07-22T21:15:37.2800000,29164.25,29165.75,1,1,0.0000,-1,A,30,0,2026-07-22T21:15:38.0000000,29164.25,2026-07-22T21:16:39.0000000,29182.5,29178.25,29179.5,20260924,1420
Playback101,Playback,NQ SEP26,0.25,2026-07-22T21:17:37.3560000,2026-07-22T21:17:37.3560000,29208.5,29209.75,1,1,0.0000,-1,P,30,0,2026-07-22T21:17:39.0000000,29209.75,2026-07-22T21:18:40.0000000,29198.25,29197.25,29198.5,20260924,1421
Playback101,Playback,NQ SEP26,0.25,2026-07-22T21:19:33.4720000,2026-07-22T21:19:33.4720000,29201.25,29202.5,1,2,-0.3333,-1,A,30,0,2026-07-22T21:19:34.0000000,29201.25,2026-07-22T21:20:35.0000000,29207.5,29205.25,29207.25,20260924,1422
Playback101,Playback,NQ SEP26,0.25,2026-07-22T21:21:08.5800000,2026-07-22T21:21:08.5800000,29214,29215.25,1,2,-0.3333,1,P,30,0,2026-07-22T21:21:09.0000000,29214,2026-07-22T21:22:10.0000000,29207,29206.5,29208,20260924,1423
Playback101,Playback,NQ SEP26,0.25,2026-07-22T21:22:43.5920000,2026-07-22T21:22:43.5920000,29231.5,29232.75,1,1,0.0000,1,P,30,0,2026-07-22T21:22:44.0000000,29231.5,2026-07-22T21:23:45.0000000,29227.75,29226,29227.5,20260924,1424
Playback101,Playback,NQ SEP26,0.25,2026-07-22T21:24:21.6720000,2026-07-22T21:24:21.6720000,29230,29231.5,1,2,-0.3333,1,P,30,0,2026-07-22T21:24:23.0000000,29230,2026-07-22T21:25:24.0000000,29231.5,29232,29233.25,20260924,1425
Playback101,Playback,NQ SEP26,0.25,2026-07-22T21:25:52.6960000,2026-07-22T21:25:52.6960000,29239.25,29240.25,2,1,0.3333,1,A,30,0,2026-07-22T21:25:53.0000000,29240,2026-07-22T21:26:54.0000000,29235.5,29235.5,29237.25,20260924,1426
Playback101,Playback,NQ SEP26,0.25,2026-07-22T21:27:34.7840000,2026-07-22T21:27:34.7840000,29247.25,29248.25,1,1,0.0000,1,A,30,0,2026-07-22T21:27:35.0000000,29248.25,2026-07-22T21:28:35.0000000,29240.25,29242,29243.5,20260924,1427
Playback101,Playback,NQ SEP26,0.25,2026-07-22T21:29:12.8040000,2026-07-22T21:29:12.8040000,29237,29238.5,1,2,-0.3333,1,A,30,0,2026-07-22T21:29:13.0000000,29238.5,2026-07-22T21:30:14.0000000,29229,29230.75,29231.75,20260924,1428
Playback101,Playback,NQ SEP26,0.25,2026-07-22T21:30:52.9440000,2026-07-22T21:30:52.9440000,29218.75,29220.25,1,1,0.0000,-1,P,30,0,2026-07-22T21:30:54.0000000,29220.25,2026-07-22T21:31:55.0000000,29225,29223.75,29224.75,20260924,1429
Playback101,Playback,NQ SEP26,0.25,2026-07-22T21:32:48.1040000,2026-07-22T21:32:48.1040000,29238.5,29240.25,2,1,0.3333,1,P,30,0,2026-07-22T21:32:49.0000000,29238.5,2026-07-22T21:33:51.0000000,29231.25,29232.25,29233.5,20260924,1430
Playback101,Playback,NQ SEP26,0.25,2026-07-22T21:34:19.1960000,2026-07-22T21:34:19.1960000,29238.5,29240,1,3,-0.5000,-1,P,30,0,2026-07-22T21:34:21.0000000,29240,2026-07-22T21:35:22.0000000,29243.75,29242,29243.25,20260924,1431
Playback101,Playback,NQ SEP26,0.25,2026-07-22T21:35:58.1960000,2026-07-22T21:35:58.1960000,29241.25,29242.5,1,1,0.0000,1,P,30,0,2026-07-22T21:35:59.0000000,29241.25,2026-07-22T21:37:00.0000000,29238.25,29238.5,29239.75,20260924,1432
Playback101,Playback,NQ SEP26,0.25,2026-07-22T21:37:47.9800000,2026-07-22T21:37:47.9800000,29234.75,29236.75,3,1,0.5000,1,A,30,0,2026-07-22T21:37:48.0000000,29237.25,2026-07-22T21:38:49.0000000,29244.75,29245,29246.25,20260924,1433
Playback101,Playback,NQ SEP26,0.25,2026-07-22T21:39:43.9800000,2026-07-22T21:39:43.9800000,29234.75,29236,1,1,0.0000,1,A,30,0,2026-07-22T21:39:44.0000000,29234.75,2026-07-22T21:40:45.0000000,29241.5,29241.25,29242.5,20260924,1434
Playback101,Playback,NQ SEP26,0.25,2026-07-22T21:41:30.0480000,2026-07-22T21:41:30.0480000,29238,29239,1,1,0.0000,-1,P,30,0,2026-07-22T21:41:31.0000000,29239,2026-07-22T21:42:32.0000000,29243,29241.75,29243,20260924,1435
Playback101,Playback,NQ SEP26,0.25,2026-07-22T21:43:05.6120000,2026-07-22T21:43:05.6120000,29232.5,29233.75,1,1,0.0000,1,P,30,0,2026-07-22T21:43:06.0000000,29232.5,2026-07-22T21:44:07.0000000,29233.25,29234,29235.25,20260924,1436
Playback101,Playback,NQ SEP26,0.25,2026-07-22T21:44:59.7040000,2026-07-22T21:44:59.7040000,29233.5,29235,1,1,0.0000,1,A,30,0,2026-07-22T21:45:00.0000000,29235.5,2026-07-22T21:46:01.0000000,29243,29243.5,29244.75,20260924,1437
Playback101,Playback,NQ SEP26,0.25,2026-07-22T21:46:55.9040000,2026-07-22T21:46:55.9040000,29234.25,29236,1,1,0.0000,-1,A,30,0,2026-07-22T21:46:56.0000000,29235.5,2026-07-22T21:47:57.0000000,29238.5,29236,29237.5,20260924,1438
Playback101,Playback,NQ SEP26,0.25,2026-07-22T21:48:40.9320000,2026-07-22T21:48:40.9320000,29238,29239.25,1,1,0.0000,-1,P,30,0,2026-07-22T21:48:42.0000000,29239.25,2026-07-22T21:49:43.0000000,29241.75,29241,29242.25,20260924,1439
Playback101,Playback,NQ SEP26,0.25,2026-07-22T21:50:30.9480000,2026-07-22T21:50:30.9480000,29243.5,29244.5,1,1,0.0000,1,A,30,0,2026-07-22T21:50:31.0000000,29245.25,2026-07-22T21:51:32.0000000,29268.25,29266,29267.5,20260924,1440
Playback101,Playback,NQ SEP26,0.25,2026-07-22T21:52:16.2200000,2026-07-22T21:52:16.2200000,29270,29271.25,2,2,0.0000,1,P,30,0,2026-07-22T21:52:17.0000000,29270,2026-07-22T21:53:18.0000000,29253.25,29252.25,29253.75,20260924,1441
Playback101,Playback,NQ SEP26,0.25,2026-07-22T21:53:59.2840000,2026-07-22T21:53:59.2840000,29266.5,29267,1,1,0.0000,-1,P,30,0,2026-07-22T21:54:00.0000000,29267,2026-07-22T21:55:01.0000000,29268.75,29268,29269.25,20260924,1442
Playback101,Playback,NQ SEP26,0.25,2026-07-22T21:55:33.5800000,2026-07-22T21:55:33.5800000,29265.25,29267.25,2,1,0.3333,1,P,30,0,2026-07-22T21:55:35.0000000,29265.25,2026-07-22T21:56:36.0000000,29267.5,29267.75,29269.75,20260924,1443
Playback101,Playback,NQ SEP26,0.25,2026-07-22T21:57:28.6160000,2026-07-22T21:57:28.6160000,29268.25,29269.75,1,1,0.0000,-1,A,30,0,2026-07-22T21:57:29.0000000,29268.25,2026-07-22T21:58:30.0000000,29273.75,29272.5,29273.75,20260924,1444
Playback101,Playback,NQ SEP26,0.25,2026-07-22T21:59:25.6200000,2026-07-22T21:59:25.6200000,29261.5,29263,1,1,0.0000,-1,A,30,0,2026-07-22T21:59:26.0000000,29261,2026-07-22T22:00:27.0000000,29243,29240.5,29242,20260924,1445
Playback101,Playback,NQ SEP26,0.25,2026-07-22T22:01:19.6200000,2026-07-22T22:01:19.6200000,29249.25,29251.25,2,2,0.0000,1,P,30,0,2026-07-22T22:01:20.0000000,29249.25,2026-07-22T22:02:20.0000000,29259.5,29258,29259.5,20260924,1446
Playback101,Playback,NQ SEP26,0.25,2026-07-22T22:03:01.6720000,2026-07-22T22:03:01.6720000,29260.75,29262,1,1,0.0000,1,A,30,0,2026-07-22T22:03:02.0000000,29261.25,2026-07-22T22:04:03.0000000,29263.75,29265.25,29266.5,20260924,1447
Playback101,Playback,NQ SEP26,0.25,2026-07-22T22:04:43.7040000,2026-07-22T22:04:43.7040000,29261.75,29263.25,1,1,0.0000,1,A,30,0,2026-07-22T22:04:44.0000000,29264,2026-07-22T22:05:45.0000000,29263,29264.75,29266.25,20260924,1448
Playback101,Playback,NQ SEP26,0.25,2026-07-22T22:06:43.7520000,2026-07-22T22:06:43.7520000,29255.5,29256.75,1,1,0.0000,-1,P,30,0,2026-07-22T22:06:45.0000000,29256.75,2026-07-22T22:07:46.0000000,29258.25,29256.25,29257.75,20260924,1449
Playback101,Playback,NQ SEP26,0.25,2026-07-22T22:08:31.7520000,2026-07-22T22:08:31.7520000,29258.75,29260,1,4,-0.6000,-1,P,30,0,2026-07-22T22:08:32.0000000,29260,2026-07-22T22:09:33.0000000,29256.5,29254.75,29256.5,20260924,1450
Playback101,Playback,NQ SEP26,0.25,2026-07-22T22:10:15.8560000,2026-07-22T22:10:15.8560000,29264.25,29266,1,1,0.0000,1,P,30,0,2026-07-22T22:10:19.0000000,29264.25,2026-07-22T22:11:20.0000000,29264.5,29263.25,29264.75,20260924,1451
Playback101,Playback,NQ SEP26,0.25,2026-07-22T22:11:49.8760000,2026-07-22T22:11:49.8760000,29262,29264,1,2,-0.3333,1,A,30,0,2026-07-22T22:11:50.0000000,29265.25,2026-07-22T22:12:51.0000000,29265.25,29265,29266.75,20260924,1452
Playback101,Playback,NQ SEP26,0.25,2026-07-22T22:13:26.8800000,2026-07-22T22:13:26.8800000,29267,29268.75,1,2,-0.3333,1,P,30,0,2026-07-22T22:13:27.0000000,29267,2026-07-22T22:14:28.0000000,29267.75,29267.75,29269.25,20260924,1453
Playback101,Playback,NQ SEP26,0.25,2026-07-22T22:15:02.9160000,2026-07-22T22:15:02.9160000,29268.25,29269.75,1,1,0.0000,-1,P,30,0,2026-07-22T22:15:17.0000000,29269.75,2026-07-22T22:16:18.0000000,29266.75,29266.25,29267.75,20260924,1454
Playback101,Playback,NQ SEP26,0.25,2026-07-22T22:16:45.0880000,2026-07-22T22:16:45.0880000,29262,29263.75,1,2,-0.3333,-1,P,30,1,2026-07-22T22:17:16.0000000,29255.5,2026-07-22T22:18:17.0000000,29252.25,29250.75,29252.25,20260924,1455
Playback101,Playback,NQ SEP26,0.25,2026-07-22T22:18:38.1080000,2026-07-22T22:18:38.1080000,29252.5,29254,1,3,-0.5000,-1,P,30,1,2026-07-22T22:19:09.0000000,29249.25,2026-07-22T22:20:09.0000000,29240,29238.25,29239.75,20260924,1456
Playback101,Playback,NQ SEP26,0.25,2026-07-22T22:20:37.1240000,2026-07-22T22:20:37.1240000,29237.5,29239,2,2,0.0000,1,A,30,0,2026-07-22T22:20:38.0000000,29239.75,2026-07-22T22:21:39.0000000,29252.5,29252,29253,20260924,1457
Playback101,Playback,NQ SEP26,0.25,2026-07-22T22:22:18.3480000,2026-07-22T22:22:18.3480000,29247.25,29249,3,1,0.5000,1,A,30,0,2026-07-22T22:22:19.0000000,29249,2026-07-22T22:23:20.0000000,29245.5,29244.75,29246,20260924,1458
Playback101,Playback,NQ SEP26,0.25,2026-07-22T22:23:48.5320000,2026-07-22T22:23:48.5320000,29242.75,29244.5,2,2,0.0000,1,P,30,0,2026-07-22T22:24:01.0000000,29242.75,2026-07-22T22:25:01.0000000,29242.25,29240.75,29242.5,20260924,1459
Playback101,Playback,NQ SEP26,0.25,2026-07-22T22:25:44.7080000,2026-07-22T22:25:44.7080000,29235.75,29237.75,1,3,-0.5000,-1,A,30,0,2026-07-22T22:25:45.0000000,29235.25,2026-07-22T22:26:46.0000000,29242,29240.25,29241.5,20260924,1460
Playback101,Playback,NQ SEP26,0.25,2026-07-22T22:27:27.0160000,2026-07-22T22:27:27.0160000,29245.75,29247.25,2,1,0.3333,1,A,30,0,2026-07-22T22:27:28.0000000,29246.75,2026-07-22T22:28:29.0000000,29248,29248,29249.75,20260924,1461
Playback101,Playback,NQ SEP26,0.25,2026-07-22T22:29:17.0680000,2026-07-22T22:29:17.0680000,29240.75,29242.5,2,1,0.3333,-1,A,30,0,2026-07-22T22:29:18.0000000,29241,2026-07-22T22:30:19.0000000,29231.5,29229.75,29231.5,20260924,1462
Playback101,Playback,NQ SEP26,0.25,2026-07-22T22:31:00.2120000,2026-07-22T22:31:00.2120000,29219.25,29220,1,1,0.0000,-1,P,30,0,2026-07-22T22:31:02.0000000,29220,2026-07-22T22:32:02.0000000,29212.75,29212.75,29213.75,20260924,1463
Playback101,Playback,NQ SEP26,0.25,2026-07-22T22:32:46.2640000,2026-07-22T22:32:46.2640000,29225.5,29226.75,1,1,0.0000,1,A,30,0,2026-07-22T22:32:47.0000000,29226.75,2026-07-22T22:33:48.0000000,29229.75,29229.25,29230.75,20260924,1464
Playback101,Playback,NQ SEP26,0.25,2026-07-22T22:34:41.2880000,2026-07-22T22:34:41.2880000,29239.25,29240.75,2,1,0.3333,1,A,30,0,2026-07-22T22:34:42.0000000,29241.25,2026-07-22T22:35:43.0000000,29243,29243,29245,20260924,1465
Playback101,Playback,NQ SEP26,0.25,2026-07-22T22:36:13.3480000,2026-07-22T22:36:13.3480000,29241,29242.5,1,1,0.0000,1,A,30,0,2026-07-22T22:36:14.0000000,29242.5,2026-07-22T22:37:14.0000000,29255.75,29256.25,29257.75,20260924,1466
Playback101,Playback,NQ SEP26,0.25,2026-07-22T22:38:03.3640000,2026-07-22T22:38:03.3640000,29242.75,29244.25,1,2,-0.3333,-1,A,30,0,2026-07-22T22:38:04.0000000,29240,2026-07-22T22:39:05.0000000,29235.75,29234,29235.75,20260924,1467
Playback101,Playback,NQ SEP26,0.25,2026-07-22T22:40:01.3680000,2026-07-22T22:40:01.3680000,29206,29207.5,2,1,0.3333,1,P,30,0,2026-07-22T22:40:02.0000000,29206,2026-07-22T22:41:02.0000000,29198.5,29199.25,29201,20260924,1468
Playback101,Playback,NQ SEP26,0.25,2026-07-22T22:41:59.4960000,2026-07-22T22:41:59.4960000,29202,29203.25,1,1,0.0000,1,A,30,0,2026-07-22T22:42:00.0000000,29204,2026-07-22T22:43:01.0000000,29204.5,29205,29206.5,20260924,1469
Playback101,Playback,NQ SEP26,0.25,2026-07-22T22:43:34.5240000,2026-07-22T22:43:34.5240000,29205,29206.5,1,1,0.0000,1,P,30,0,2026-07-22T22:43:36.0000000,29205,2026-07-22T22:44:37.0000000,29194.5,29197.5,29198.5,20260924,1470
Playback101,Playback,NQ SEP26,0.25,2026-07-22T22:45:14.5880000,2026-07-22T22:45:14.5880000,29184,29185.25,1,1,0.0000,-1,A,30,0,2026-07-22T22:45:15.0000000,29183.25,2026-07-22T22:46:16.0000000,29187.5,29186.75,29188.5,20260924,1471
Playback101,Playback,NQ SEP26,0.25,2026-07-22T22:46:51.5880000,2026-07-22T22:46:51.5880000,29193,29194,2,1,0.3333,-1,P,30,0,2026-07-22T22:46:55.0000000,29194,2026-07-22T22:47:56.0000000,29189.75,29190.5,29192,20260924,1472
Playback101,Playback,NQ SEP26,0.25,2026-07-22T22:48:33.6000000,2026-07-22T22:48:33.6000000,29180,29181,1,1,0.0000,1,A,30,0,2026-07-22T22:48:34.0000000,29180,2026-07-22T22:49:35.0000000,29183.25,29183,29184,20260924,1473
Playback101,Playback,NQ SEP26,0.25,2026-07-22T22:50:11.6400000,2026-07-22T22:50:11.6400000,29177.75,29179.25,1,1,0.0000,1,A,30,0,2026-07-22T22:50:12.0000000,29178.5,2026-07-22T22:51:13.0000000,29196,29195.75,29196.75,20260924,1474
Playback101,Playback,NQ SEP26,0.25,2026-07-22T22:51:52.9840000,2026-07-22T22:51:52.9840000,29201.75,29203.25,1,1,0.0000,-1,A,30,0,2026-07-22T22:51:53.0000000,29201.25,2026-07-22T22:52:54.0000000,29203.5,29202.75,29204,20260924,1475
Playback101,Playback,NQ SEP26,0.25,2026-07-22T22:53:34.0520000,2026-07-22T22:53:34.0520000,29191,29192,1,1,0.0000,-1,A,30,0,2026-07-22T22:53:35.0000000,29190.75,2026-07-22T22:54:35.0000000,29194.25,29194.5,29196,20260924,1476
Playback101,Playback,NQ SEP26,0.25,2026-07-22T22:55:11.0800000,2026-07-22T22:55:11.0800000,29211.75,29213.5,1,1,0.0000,1,A,30,0,2026-07-22T22:55:12.0000000,29208.75,2026-07-22T22:56:13.0000000,29209.25,29208.5,29209.75,20260924,1477
Playback101,Playback,NQ SEP26,0.25,2026-07-22T22:56:49.1800000,2026-07-22T22:56:49.1800000,29212.75,29214,1,1,0.0000,1,P,30,0,2026-07-22T22:57:00.0000000,29212.75,2026-07-22T22:58:01.0000000,29196.5,29196.5,29197.75,20260924,1478
Playback101,Playback,NQ SEP26,0.25,2026-07-22T22:58:42.2240000,2026-07-22T22:58:42.2240000,29183.75,29184.75,1,1,0.0000,-1,A,30,0,2026-07-22T22:58:43.0000000,29181.5,2026-07-22T22:59:44.0000000,29177,29176,29177.5,20260924,1479
Playback101,Playback,NQ SEP26,0.25,2026-07-22T23:00:14.4360000,2026-07-22T23:00:14.4360000,29178,29179.25,1,1,0.0000,1,P,30,0,2026-07-22T23:00:15.0000000,29177.25,2026-07-22T23:01:16.0000000,29172.25,29170,29171.25,20260924,1480
Playback101,Playback,NQ SEP26,0.25,2026-07-22T23:02:08.4360000,2026-07-22T23:02:08.4360000,29186.75,29188,1,1,0.0000,1,A,30,0,2026-07-22T23:02:09.0000000,29188,2026-07-22T23:03:10.0000000,29183.75,29181.75,29183.25,20260924,1481
Playback101,Playback,NQ SEP26,0.25,2026-07-22T23:04:05.4520000,2026-07-22T23:04:05.4520000,29169.5,29170.75,1,1,0.0000,-1,A,30,0,2026-07-22T23:04:06.0000000,29169.25,2026-07-22T23:05:06.0000000,29190.75,29188.25,29189.5,20260924,1482
Playback101,Playback,NQ SEP26,0.25,2026-07-22T23:06:05.4800000,2026-07-22T23:06:05.4800000,29198.75,29199.75,1,1,0.0000,-1,A,30,0,2026-07-22T23:06:06.0000000,29199.75,2026-07-22T23:07:07.0000000,29188.5,29187.5,29189,20260924,1483
Playback101,Playback,NQ SEP26,0.25,2026-07-22T23:07:54.4960000,2026-07-22T23:07:54.4960000,29185,29186.75,1,2,-0.3333,1,P,30,0,2026-07-22T23:07:55.0000000,29185,2026-07-22T23:08:56.0000000,29188.5,29188,29189.75,20260924,1484
Playback101,Playback,NQ SEP26,0.25,2026-07-22T23:09:39.5880000,2026-07-22T23:09:39.5880000,29179.5,29181.25,1,2,-0.3333,-1,A,30,0,2026-07-22T23:09:40.0000000,29179.75,2026-07-22T23:10:41.0000000,29169,29167.75,29169,20260924,1485
Playback101,Playback,NQ SEP26,0.25,2026-07-22T23:11:38.7760000,2026-07-22T23:11:38.7760000,29164.75,29165.75,1,1,0.0000,-1,P,30,0,2026-07-22T23:11:40.0000000,29165.75,2026-07-22T23:12:40.0000000,29152.5,29150.75,29151.75,20260924,1486
Playback101,Playback,NQ SEP26,0.25,2026-07-22T23:13:36.7800000,2026-07-22T23:13:36.7800000,29159.25,29160.5,1,2,-0.3333,-1,A,30,0,2026-07-22T23:13:37.0000000,29160,2026-07-22T23:14:38.0000000,29155.75,29152.75,29154.25,20260924,1487
Playback101,Playback,NQ SEP26,0.25,2026-07-22T23:15:23.8120000,2026-07-22T23:15:23.8120000,29152,29153.25,1,1,0.0000,1,A,30,0,2026-07-22T23:15:24.0000000,29151.5,2026-07-22T23:16:25.0000000,29153.75,29153,29154.25,20260924,1488
Playback101,Playback,NQ SEP26,0.25,2026-07-22T23:17:00.0280000,2026-07-22T23:17:00.0280000,29151,29152.75,1,1,0.0000,1,A,30,0,2026-07-22T23:17:01.0000000,29152.5,2026-07-22T23:18:02.0000000,29138.25,29138.25,29138.75,20260924,1489
Playback101,Playback,NQ SEP26,0.25,2026-07-22T23:18:41.0400000,2026-07-22T23:18:41.0400000,29127,29127.75,1,1,0.0000,1,P,30,0,2026-07-22T23:18:42.0000000,29127,2026-07-22T23:19:43.0000000,29129,29131.75,29133,20260924,1490
Playback101,Playback,NQ SEP26,0.25,2026-07-22T23:20:28.1920000,2026-07-22T23:20:28.1920000,29128.75,29130.25,1,2,-0.3333,1,A,30,0,2026-07-22T23:20:29.0000000,29129.75,2026-07-22T23:21:29.0000000,29129.75,29129.25,29130.75,20260924,1491
Playback101,Playback,NQ SEP26,0.25,2026-07-22T23:22:07.4120000,2026-07-22T23:22:07.4120000,29115,29116.25,1,2,-0.3333,1,A,30,0,2026-07-22T23:22:08.0000000,29115.5,2026-07-22T23:23:09.0000000,29110.25,29110.5,29111.75,20260924,1492
Playback101,Playback,NQ SEP26,0.25,2026-07-22T23:23:57.6440000,2026-07-22T23:23:57.6440000,29108.5,29109.75,1,1,0.0000,1,P,30,0,2026-07-22T23:23:58.0000000,29108.5,2026-07-22T23:24:58.0000000,29107.5,29108.25,29109.5,20260924,1493
Playback101,Playback,NQ SEP26,0.25,2026-07-22T23:25:56.7720000,2026-07-22T23:25:56.7720000,29100.25,29101.5,1,3,-0.5000,-1,A,30,0,2026-07-22T23:25:57.0000000,29100.25,2026-07-22T23:26:58.0000000,29101.5,29100.5,29102,20260924,1494
Playback101,Playback,NQ SEP26,0.25,2026-07-22T23:27:48.8000000,2026-07-22T23:27:48.8000000,29096.75,29097.75,1,1,0.0000,-1,P,30,0,2026-07-22T23:27:51.0000000,29097.75,2026-07-22T23:28:52.0000000,29099.75,29098.5,29099.5,20260924,1495
Playback101,Playback,NQ SEP26,0.25,2026-07-22T23:29:42.9480000,2026-07-22T23:29:42.9480000,29101.5,29102.75,1,1,0.0000,-1,P,30,0,2026-07-22T23:29:44.0000000,29102.75,2026-07-22T23:30:44.0000000,29111.75,29110.25,29111.25,20260924,1496
Playback101,Playback,NQ SEP26,0.25,2026-07-22T23:31:25.0400000,2026-07-22T23:31:25.0400000,29111.75,29112.75,1,1,0.0000,1,A,30,0,2026-07-22T23:31:26.0000000,29112.25,2026-07-22T23:32:27.0000000,29114.5,29114,29115.5,20260924,1497
Playback101,Playback,NQ SEP26,0.25,2026-07-22T23:33:15.0960000,2026-07-22T23:33:15.0960000,29117,29118,1,2,-0.3333,1,A,30,0,2026-07-22T23:33:16.0000000,29118.25,2026-07-22T23:34:17.0000000,29121.75,29121.75,29123.25,20260924,1498
Playback101,Playback,NQ SEP26,0.25,2026-07-22T23:35:07.1000000,2026-07-22T23:35:07.1000000,29120.25,29121.5,1,1,0.0000,-1,A,30,0,2026-07-22T23:35:08.0000000,29120,2026-07-22T23:36:09.0000000,29099,29098.25,29099.5,20260924,1499
Playback101,Playback,NQ SEP26,0.25,2026-07-22T23:36:49.4440000,2026-07-22T23:36:49.4440000,29098.75,29100,1,1,0.0000,-1,A,30,0,2026-07-22T23:36:50.0000000,29098.5,2026-07-22T23:37:51.0000000,29082.75,29080.25,29081.25,20260924,1500
Playback101,Playback,NQ SEP26,0.25,2026-07-22T23:38:20.4680000,2026-07-22T23:38:20.4680000,29073.25,29074.5,1,1,0.0000,1,A,30,0,2026-07-22T23:38:21.0000000,29075,2026-07-22T23:39:22.0000000,29075.25,29075.25,29076.25,20260924,1501
Playback101,Playback,NQ SEP26,0.25,2026-07-22T23:39:52.5480000,2026-07-22T23:39:52.5480000,29075.75,29077,1,2,-0.3333,1,P,30,0,2026-07-22T23:39:58.0000000,29075.75,2026-07-22T23:40:59.0000000,29066,29067,29067.75,20260924,1502
Playback101,Playback,NQ SEP26,0.25,2026-07-22T23:41:31.7320000,2026-07-22T23:41:31.7320000,29069.25,29070.75,1,1,0.0000,1,A,30,0,2026-07-22T23:41:32.0000000,29071.25,2026-07-22T23:42:33.0000000,29072.25,29073.25,29074.5,20260924,1503
Playback101,Playback,NQ SEP26,0.25,2026-07-22T23:43:25.8000000,2026-07-22T23:43:25.8000000,29063.25,29064.75,1,1,0.0000,-1,A,30,0,2026-07-22T23:43:26.0000000,29063.5,2026-07-22T23:44:27.0000000,29064.25,29063.5,29065,20260924,1504
Playback101,Playback,NQ SEP26,0.25,2026-07-22T23:44:55.8480000,2026-07-22T23:44:55.8480000,29070,29071.25,1,1,0.0000,-1,A,30,0,2026-07-22T23:44:56.0000000,29068.75,2026-07-22T23:45:57.0000000,29079.5,29079.25,29080,20260924,1505
Playback101,Playback,NQ SEP26,0.25,2026-07-22T23:46:43.8720000,2026-07-22T23:46:43.8720000,29077.25,29078.25,1,1,0.0000,1,A,30,0,2026-07-22T23:46:44.0000000,29078.75,2026-07-22T23:47:45.0000000,29083.25,29083.75,29084.75,20260924,1506
Playback101,Playback,NQ SEP26,0.25,2026-07-22T23:48:41.0040000,2026-07-22T23:48:41.0040000,29085.75,29087.25,3,2,0.2000,-1,P,30,0,2026-07-22T23:48:48.0000000,29087.25,2026-07-22T23:49:50.0000000,29077.5,29076.5,29077.5,20260924,1507
Playback101,Playback,NQ SEP26,0.25,2026-07-22T23:50:20.0840000,2026-07-22T23:50:20.0840000,29073,29074.25,1,1,0.0000,-1,A,30,0,2026-07-22T23:50:21.0000000,29073.25,2026-07-22T23:51:22.0000000,29065,29065,29066.25,20260924,1508
Playback101,Playback,NQ SEP26,0.25,2026-07-22T23:52:00.0840000,2026-07-22T23:52:00.0840000,29082.5,29083.75,2,1,0.3333,-1,A,30,0,2026-07-22T23:52:01.0000000,29081.5,2026-07-22T23:53:02.0000000,29086.75,29084.5,29086,20260924,1509
Playback101,Playback,NQ SEP26,0.25,2026-07-22T23:53:53.1480000,2026-07-22T23:53:53.1480000,29086.5,29088,2,1,0.3333,1,P,30,0,2026-07-22T23:53:54.0000000,29086.5,2026-07-22T23:54:55.0000000,29092.25,29093,29094,20260924,1510
Playback101,Playback,NQ SEP26,0.25,2026-07-22T23:55:47.2600000,2026-07-22T23:55:47.2600000,29091,29092.5,2,4,-0.3333,-1,P,30,0,2026-07-22T23:55:48.0000000,29092.5,2026-07-22T23:56:49.0000000,29088.75,29087.5,29089,20260924,1511
Playback101,Playback,NQ SEP26,0.25,2026-07-22T23:57:21.4200000,2026-07-22T23:57:21.4200000,29085.25,29086.25,1,1,0.0000,-1,P,30,0,2026-07-22T23:57:26.0000000,29086.25,2026-07-22T23:58:27.0000000,29095.25,29093.75,29095.25,20260924,1512
Playback101,Playback,NQ SEP26,0.25,2026-07-22T23:59:17.5120000,2026-07-22T23:59:17.5120000,29091,29092.5,2,1,0.3333,1,P,30,0,2026-07-22T23:59:18.0000000,29090.75,2026-07-23T00:00:19.0000000,29091.75,29089,29090.5,20260924,1513
Playback101,Playback,NQ SEP26,0.25,2026-07-23T00:01:17.7120000,2026-07-23T00:01:17.7120000,29082,29083.5,3,2,0.2000,-1,P,30,0,2026-07-23T00:01:19.0000000,29083.5,2026-07-23T00:02:20.0000000,29089.75,29088.5,29089.75,20260924,1514
Playback101,Playback,NQ SEP26,0.25,2026-07-23T00:03:17.0360000,2026-07-23T00:03:17.0360000,29087.5,29089,1,2,-0.3333,-1,A,30,0,2026-07-23T00:03:18.0000000,29089,2026-07-23T00:04:19.0000000,29074.5,29073.5,29074.75,20260924,1515
Playback101,Playback,NQ SEP26,0.25,2026-07-23T00:05:14.1600000,2026-07-23T00:05:14.1600000,29073.75,29074.75,1,1,0.0000,1,A,30,0,2026-07-23T00:05:15.0000000,29074.75,2026-07-23T00:06:16.0000000,29069,29069,29070,20260924,1516
Playback101,Playback,NQ SEP26,0.25,2026-07-23T00:06:47.1200000,2026-07-23T00:06:47.1200000,29071,29072.5,1,1,0.0000,-1,A,30,0,2026-07-23T00:06:48.0000000,29070.25,2026-07-23T00:07:49.0000000,29067,29065,29067,20260924,1517
Playback101,Playback,NQ SEP26,0.25,2026-07-23T00:08:47.1360000,2026-07-23T00:08:47.1360000,29049.75,29051,1,1,0.0000,-1,P,30,0,2026-07-23T00:08:48.0000000,29051,2026-07-23T00:09:49.0000000,29051.5,29050,29051.75,20260924,1518
Playback101,Playback,NQ SEP26,0.25,2026-07-23T00:10:42.2720000,2026-07-23T00:10:42.2720000,29044,29046,1,3,-0.5000,-1,A,30,0,2026-07-23T00:10:43.0000000,29044.25,2026-07-23T00:11:44.0000000,29037.25,29035.75,29037,20260924,1519
Playback101,Playback,NQ SEP26,0.25,2026-07-23T00:12:25.2760000,2026-07-23T00:12:25.2760000,29039.25,29041,1,3,-0.5000,-1,P,30,0,2026-07-23T00:12:27.0000000,29041,2026-07-23T00:13:28.0000000,29035.75,29035.25,29036.75,20260924,1520
Playback101,Playback,NQ SEP26,0.25,2026-07-23T00:13:58.3120000,2026-07-23T00:13:58.3120000,29050,29051.25,1,2,-0.3333,-1,P,30,0,2026-07-23T00:14:03.0000000,29051.25,2026-07-23T00:15:03.0000000,29055.75,29055.75,29057,20260924,1521
Playback101,Playback,NQ SEP26,0.25,2026-07-23T00:15:46.3400000,2026-07-23T00:15:46.3400000,29052.75,29053.75,1,1,0.0000,-1,A,30,0,2026-07-23T00:15:47.0000000,29052.75,2026-07-23T00:16:48.0000000,29043,29042,29042.75,20260924,1522
Playback101,Playback,NQ SEP26,0.25,2026-07-23T00:17:23.4200000,2026-07-23T00:17:23.4200000,29046.25,29047.5,1,1,0.0000,-1,A,30,0,2026-07-23T00:17:24.0000000,29046.75,2026-07-23T00:18:25.0000000,29049.75,29050.75,29052.25,20260924,1523
Playback101,Playback,NQ SEP26,0.25,2026-07-23T00:19:02.4400000,2026-07-23T00:19:02.4400000,29044.75,29046.5,2,3,-0.2000,-1,P,30,0,2026-07-23T00:19:03.0000000,29046.5,2026-07-23T00:20:04.0000000,29056.25,29053.75,29055,20260924,1524
Playback101,Playback,NQ SEP26,0.25,2026-07-23T00:20:55.4520000,2026-07-23T00:20:55.4520000,29056,29058.25,2,1,0.3333,1,A,30,0,2026-07-23T00:20:56.0000000,29058.5,2026-07-23T00:21:57.0000000,29056.75,29056.75,29058.25,20260924,1525
Playback101,Playback,NQ SEP26,0.25,2026-07-23T00:22:45.6800000,2026-07-23T00:22:45.6800000,29059.75,29060.75,1,1,0.0000,1,A,30,0,2026-07-23T00:22:46.0000000,29061.25,2026-07-23T00:23:47.0000000,29067.5,29068,29069.5,20260924,1526
Playback101,Playback,NQ SEP26,0.25,2026-07-23T00:24:18.7000000,2026-07-23T00:24:18.7000000,29068,29069.25,1,1,0.0000,-1,A,30,0,2026-07-23T00:24:19.0000000,29069.5,2026-07-23T00:25:20.0000000,29065.25,29063.75,29065,20260924,1527
Playback101,Playback,NQ SEP26,0.25,2026-07-23T00:25:48.7000000,2026-07-23T00:25:48.7000000,29056.5,29057.25,2,1,0.3333,-1,P,30,1,2026-07-23T00:26:20.0000000,29053.5,2026-07-23T00:27:21.0000000,29059.75,29058.5,29060,20260924,1528
Playback101,Playback,NQ SEP26,0.25,2026-07-23T00:27:47.0760000,2026-07-23T00:27:47.0760000,29060.75,29062,1,2,-0.3333,1,A,30,0,2026-07-23T00:27:48.0000000,29060.75,2026-07-23T00:28:49.0000000,29068.5,29069.25,29071.25,20260924,1529
Playback101,Playback,NQ SEP26,0.25,2026-07-23T00:29:34.5560000,2026-07-23T00:29:34.5560000,29080.25,29081,1,1,0.0000,1,P,30,0,2026-07-23T00:29:35.0000000,29080.25,2026-07-23T00:30:36.0000000,29105,29103.25,29104.75,20260924,1530
Playback101,Playback,NQ SEP26,0.25,2026-07-23T00:31:11.5720000,2026-07-23T00:31:11.5720000,29092.75,29094.5,1,2,-0.3333,-1,P,30,0,2026-07-23T00:31:12.0000000,29094.5,2026-07-23T00:32:13.0000000,29083.5,29083.5,29084.75,20260924,1531
Playback101,Playback,NQ SEP26,0.25,2026-07-23T00:32:55.0560000,2026-07-23T00:32:55.0560000,29079.5,29081.5,1,2,-0.3333,1,P,30,0,2026-07-23T00:32:56.0000000,29079.5,2026-07-23T00:33:57.0000000,29080.25,29080.25,29081.5,20260924,1532
Playback101,Playback,NQ SEP26,0.25,2026-07-23T00:34:26.2040000,2026-07-23T00:34:26.2040000,29076.75,29078.25,2,1,0.3333,-1,P,30,0,2026-07-23T00:34:32.0000000,29078.25,2026-07-23T00:35:33.0000000,29078.25,29076.5,29078,20260924,1533
Playback101,Playback,NQ SEP26,0.25,2026-07-23T00:36:13.2080000,2026-07-23T00:36:13.2080000,29085.25,29086.75,1,1,0.0000,-1,A,30,0,2026-07-23T00:36:14.0000000,29085.75,2026-07-23T00:37:15.0000000,29095,29093,29094.5,20260924,1534
Playback101,Playback,NQ SEP26,0.25,2026-07-23T00:37:47.2120000,2026-07-23T00:37:47.2120000,29083.5,29085.25,1,1,0.0000,1,P,30,0,2026-07-23T00:37:48.0000000,29083.5,2026-07-23T00:38:49.0000000,29087.5,29085.25,29087,20260924,1535
Playback101,Playback,NQ SEP26,0.25,2026-07-23T00:39:21.2200000,2026-07-23T00:39:21.2200000,29094.5,29095.75,1,1,0.0000,1,A,30,0,2026-07-23T00:39:22.0000000,29095.75,2026-07-23T00:40:23.0000000,29095.5,29095.5,29096.75,20260924,1536
Playback101,Playback,NQ SEP26,0.25,2026-07-23T00:41:00.2480000,2026-07-23T00:41:00.2480000,29098.75,29100,1,1,0.0000,1,A,30,0,2026-07-23T00:41:01.0000000,29100.5,2026-07-23T00:42:02.0000000,29105.75,29103.5,29105,20260924,1537
Playback101,Playback,NQ SEP26,0.25,2026-07-23T00:42:36.4120000,2026-07-23T00:42:36.4120000,29099.25,29100.5,1,1,0.0000,1,P,30,0,2026-07-23T00:42:37.0000000,29099.25,2026-07-23T00:43:38.0000000,29101.25,29100.75,29102,20260924,1538
Playback101,Playback,NQ SEP26,0.25,2026-07-23T00:44:33.4240000,2026-07-23T00:44:33.4240000,29111.5,29112.5,1,1,0.0000,-1,A,30,0,2026-07-23T00:44:34.0000000,29111.75,2026-07-23T00:45:35.0000000,29118.25,29117.25,29118.5,20260924,1539
Playback101,Playback,NQ SEP26,0.25,2026-07-23T00:46:07.9240000,2026-07-23T00:46:07.9240000,29117.5,29119,1,1,0.0000,-1,P,30,1,2026-07-23T00:46:38.0000000,29111.75,2026-07-23T00:47:39.0000000,29109.25,29108,29109,20260924,1540
Playback101,Playback,NQ SEP26,0.25,2026-07-23T00:47:44.2360000,2026-07-23T00:47:44.2360000,29111.25,29112.5,3,1,0.5000,1,A,30,0,2026-07-23T00:47:45.0000000,29113.25,2026-07-23T00:48:46.0000000,29114.5,29114,29115.5,20260924,1541
Playback101,Playback,NQ SEP26,0.25,2026-07-23T00:49:41.2960000,2026-07-23T00:49:41.2960000,29119,29120.25,1,6,-0.7143,1,A,30,0,2026-07-23T00:49:42.0000000,29121,2026-07-23T00:50:43.0000000,29118.75,29117.5,29119,20260924,1542
Playback101,Playback,NQ SEP26,0.25,2026-07-23T00:51:20.7640000,2026-07-23T00:51:20.7640000,29116,29117.25,1,1,0.0000,-1,A,30,0,2026-07-23T00:51:21.0000000,29116,2026-07-23T00:52:21.0000000,29117.75,29116,29117.75,20260924,1543
Playback101,Playback,NQ SEP26,0.25,2026-07-23T00:52:51.5880000,2026-07-23T00:52:51.5880000,29123.25,29124.25,1,1,0.0000,-1,P,30,0,2026-07-23T00:52:52.0000000,29124.25,2026-07-23T00:53:53.0000000,29126.5,29125.25,29126.5,20260924,1544
Playback101,Playback,NQ SEP26,0.25,2026-07-23T00:54:45.0080000,2026-07-23T00:54:45.0080000,29127.75,29128.5,1,2,-0.3333,-1,P,30,1,2026-07-23T00:55:16.0000000,29124,2026-07-23T00:56:17.0000000,29122.5,29122,29123.5,20260924,1545
Playback101,Playback,NQ SEP26,0.25,2026-07-23T00:56:29.3720000,2026-07-23T00:56:29.3720000,29119.25,29120.5,1,1,0.0000,-1,P,30,0,2026-07-23T00:56:41.0000000,29120.5,2026-07-23T00:57:42.0000000,29119.25,29118.5,29120,20260924,1546
Playback101,Playback,NQ SEP26,0.25,2026-07-23T00:57:59.5120000,2026-07-23T00:57:59.5120000,29116.75,29118.25,1,1,0.0000,1,A,30,0,2026-07-23T00:58:00.0000000,29119,2026-07-23T00:59:01.0000000,29123.5,29124,29124.75,20260924,1547
Playback101,Playback,NQ SEP26,0.25,2026-07-23T00:59:34.5120000,2026-07-23T00:59:34.5120000,29112.25,29113.25,3,1,0.5000,1,A,30,0,2026-07-23T00:59:35.0000000,29113.75,2026-07-23T01:00:36.0000000,29094.5,29094.75,29096.5,20260924,1548
Playback101,Playback,NQ SEP26,0.25,2026-07-23T01:01:28.7440000,2026-07-23T01:01:28.7440000,29096.5,29098,1,1,0.0000,-1,P,30,0,2026-07-23T01:01:29.0000000,29098,2026-07-23T01:02:30.0000000,29092.75,29091.25,29092.5,20260924,1549
Playback101,Playback,NQ SEP26,0.25,2026-07-23T01:03:17.7520000,2026-07-23T01:03:17.7520000,29099.5,29100.75,1,1,0.0000,-1,P,30,0,2026-07-23T01:03:21.0000000,29100.75,2026-07-23T01:04:22.0000000,29092.5,29091.25,29092.5,20260924,1550
Playback101,Playback,NQ SEP26,0.25,2026-07-23T01:04:49.2200000,2026-07-23T01:04:49.2200000,29092.25,29093,2,1,0.3333,1,P,30,0,2026-07-23T01:05:02.0000000,29092.25,2026-07-23T01:06:03.0000000,29081.5,29081.25,29082.5,20260924,1551
Playback101,Playback,NQ SEP26,0.25,2026-07-23T01:06:32.5160000,2026-07-23T01:06:32.5160000,29075.75,29076.75,1,1,0.0000,1,P,30,0,2026-07-23T01:06:36.0000000,29075.75,2026-07-23T01:07:37.0000000,29072.25,29072.25,29073.25,20260924,1552
Playback101,Playback,NQ SEP26,0.25,2026-07-23T01:08:09.9480000,2026-07-23T01:08:09.9480000,29073.5,29074.75,1,1,0.0000,-1,P,30,0,2026-07-23T01:08:11.0000000,29074.75,2026-07-23T01:09:12.0000000,29098,29097,29098.75,20260924,1553
Playback101,Playback,NQ SEP26,0.25,2026-07-23T01:09:43.1120000,2026-07-23T01:09:43.1120000,29096.25,29097.5,1,2,-0.3333,1,P,30,0,2026-07-23T01:09:51.0000000,29096.25,2026-07-23T01:10:52.0000000,29095,29094.75,29096.25,20260924,1554
