# meta indicator=BigTrap2,version=2.2,footprint=reconstructed_1tick_subseries,classifier=bidask_then_tickrule,row_anchor=absolute_grid,ratio_floor=max(opposite,1),poc_tiebreak=lowest_row,close_cmp=integer_half_ticks,tie_excluded_both_sides,imbalance_mode=Diagonal,trap_volume=AggressiveSide,ticks_per_row=1,imbalance_ratio=3,wick_filter=True,wick_zone_pct=30,min_delta=0,invalidation=CloseThrough,max_age_bars=2000,max_touches=0,tick_size=5E-05,instrument=6E 09-26
0|2026-06-14T19:00:01.5400000|FOOTPRINT_MISMATCH|bar=1;n_eventos=25;k=25;residual=False;open_blk=23299;open_bar=23300;close_blk=23297;close_bar=23296;low_blk=23297;low_bar=23296;high_blk=23305;high_bar=23305
1|2026-06-14T19:00:07.5320000|FOOTPRINT_MISMATCH|bar=4;n_eventos=25;k=25;residual=False;open_blk=23292;open_bar=23291;close_blk=23292;close_bar=23291;low_blk=23290;low_bar=23290;high_blk=23292;high_bar=23292
2|2026-06-14T19:00:29.6200000|FOOTPRINT_MISMATCH|bar=8;n_eventos=25;k=25;residual=False;open_blk=23294;open_bar=23295;close_blk=23295;close_bar=23295;low_blk=23294;low_bar=23294;high_blk=23295;high_bar=23295
3|2026-06-14T19:00:31.0160000|FOOTPRINT_MISMATCH|bar=9;n_eventos=25;k=25;residual=False;open_blk=23295;open_bar=23294;close_blk=23297;close_bar=23297;low_blk=23294;low_bar=23294;high_blk=23297;high_bar=23297
4|2026-06-14T19:00:42.1400000|FOOTPRINT_MISMATCH|bar=11;n_eventos=25;k=25;residual=False;open_blk=23301;open_bar=23295;close_blk=23298;close_bar=23298;low_blk=23294;low_bar=23294;high_blk=23301;high_bar=23298
5|2026-06-14T19:01:37.9760000|FOOTPRINT_MISMATCH|bar=18;n_eventos=25;k=25;residual=False;open_blk=23302;open_bar=23301;close_blk=23301;close_bar=23301;low_blk=23300;low_bar=23300;high_blk=23302;high_bar=23301
6|2026-06-14T19:01:37.9760000|FOOTPRINT_MISMATCH|bar=19;n_eventos=25;k=25;residual=False;open_blk=23301;open_bar=23301;close_blk=23303;close_bar=23301;low_blk=23300;low_bar=23300;high_blk=23303;high_bar=23303
7|2026-06-14T19:01:49.4480000|FOOTPRINT_MISMATCH|bar=20;n_eventos=25;k=25;residual=False;open_blk=23301;open_bar=23302;close_blk=23302;close_bar=23301;low_blk=23300;low_bar=23300;high_blk=23302;high_bar=23302
8|2026-06-14T19:02:10.4640000|FOOTPRINT_MISMATCH|bar=21;n_eventos=25;k=25;residual=False;open_blk=23301;open_bar=23302;close_blk=23300;close_bar=23300;low_blk=23300;low_bar=23300;high_blk=23303;high_bar=23303
9|2026-06-14T19:03:13.5960000|FOOTPRINT_MISMATCH|bar=24;n_eventos=25;k=25;residual=False;open_blk=23301;open_bar=23302;close_blk=23303;close_bar=23303;low_blk=23301;low_bar=23301;high_blk=23303;high_bar=23303
10|2026-06-14T19:03:51.9760000|FOOTPRINT_MISMATCH|bar=28;n_eventos=25;k=25;residual=False;open_blk=23303;open_bar=23305;close_blk=23305;close_bar=23305;low_blk=23303;low_bar=23303;high_blk=23305;high_bar=23305
11|2026-06-14T19:04:07.9880000|FOOTPRINT_MISMATCH|bar=29;n_eventos=25;k=25;residual=False;open_blk=23305;open_bar=23305;close_blk=23309;close_bar=23308;low_blk=23305;low_bar=23305;high_blk=23309;high_bar=23309
12|2026-06-14T19:04:28.4600000|FOOTPRINT_MISMATCH|bar=33;n_eventos=25;k=25;residual=False;open_blk=23309;open_bar=23310;close_blk=23308;close_bar=23308;low_blk=23308;low_bar=23308;high_blk=23310;high_bar=23310
13|2026-06-14T19:04:47.1840000|FOOTPRINT_MISMATCH|bar=37;n_eventos=25;k=25;residual=False;open_blk=23311;open_bar=23311;close_blk=23310;close_bar=23311;low_blk=23310;low_bar=23310;high_blk=23312;high_bar=23312
14|2026-06-14T19:05:41.2400000|FOOTPRINT_MISMATCH|bar=42;n_eventos=25;k=25;residual=False;open_blk=23310;open_bar=23310;close_blk=23309;close_bar=23308;low_blk=23308;low_bar=23308;high_blk=23310;high_bar=23310
15|2026-06-14T19:06:23.0920000|FOOTPRINT_MISMATCH|bar=45;n_eventos=25;k=25;residual=False;open_blk=23308;open_bar=23309;close_blk=23309;close_bar=23309;low_blk=23308;low_bar=23309;high_blk=23312;high_bar=23312
16|2026-06-14T19:06:55.7440000|FOOTPRINT_MISMATCH|bar=48;n_eventos=25;k=25;residual=False;open_blk=23310;open_bar=23311;close_blk=23311;close_bar=23311;low_blk=23310;low_bar=23310;high_blk=23311;high_bar=23311
17|2026-06-14T19:07:11.2680000|FOOTPRINT_MISMATCH|bar=50;n_eventos=25;k=25;residual=False;open_blk=23309;open_bar=23310;close_blk=23308;close_bar=23308;low_blk=23308;low_bar=23308;high_blk=23311;high_bar=23311
18|2026-06-14T19:07:32.2200000|FOOTPRINT_MISMATCH|bar=52;n_eventos=25;k=25;residual=False;open_blk=23309;open_bar=23310;close_blk=23311;close_bar=23311;low_blk=23309;low_bar=23310;high_blk=23311;high_bar=23311
19|2026-06-14T19:08:01.3240000|FOOTPRINT_MISMATCH|bar=56;n_eventos=25;k=25;residual=False;open_blk=23313;open_bar=23314;close_blk=23315;close_bar=23315;low_blk=23313;low_bar=23313;high_blk=23315;high_bar=23315
20|2026-06-14T19:09:06.5400000|FOOTPRINT_MISMATCH|bar=62;n_eventos=25;k=25;residual=False;open_blk=23317;open_bar=23318;close_blk=23318;close_bar=23318;low_blk=23317;low_bar=23317;high_blk=23319;high_bar=23319
21|2026-06-14T19:09:06.5400000|FOOTPRINT_MISMATCH|bar=63;n_eventos=25;k=25;residual=False;open_blk=23318;open_bar=23318;close_blk=23319;close_bar=23318;low_blk=23318;low_bar=23318;high_blk=23320;high_bar=23320
22|2026-06-14T19:09:37.5560000|FOOTPRINT_MISMATCH|bar=65;n_eventos=25;k=25;residual=False;open_blk=23319;open_bar=23319;close_blk=23315;close_bar=23316;low_blk=23315;low_bar=23315;high_blk=23319;high_bar=23319
23|2026-06-14T19:10:00.0200000|FOOTPRINT_MISMATCH|bar=68;n_eventos=25;k=25;residual=False;open_blk=23318;open_bar=23318;close_blk=23316;close_bar=23317;low_blk=23316;low_bar=23316;high_blk=23318;high_bar=23318
24|2026-06-14T19:10:19.2520000|FOOTPRINT_MISMATCH|bar=69;n_eventos=25;k=25;residual=False;open_blk=23317;open_bar=23316;close_blk=23314;close_bar=23314;low_blk=23313;low_bar=23313;high_blk=23317;high_bar=23316
25|2026-06-14T19:13:09.1320000|FOOTPRINT_MISMATCH|bar=78;n_eventos=25;k=25;residual=False;open_blk=23316;open_bar=23316;close_blk=23315;close_bar=23314;low_blk=23315;low_bar=23314;high_blk=23317;high_bar=23317
26|2026-06-14T19:14:21.2320000|FOOTPRINT_MISMATCH|bar=81;n_eventos=25;k=25;residual=False;open_blk=23309;open_bar=23309;close_blk=23309;close_bar=23308;low_blk=23308;low_bar=23308;high_blk=23309;high_bar=23309
27|2026-06-14T19:14:41.5600000|FOOTPRINT_MISMATCH|bar=82;n_eventos=25;k=25;residual=False;open_blk=23308;open_bar=23308;close_blk=23308;close_bar=23307;low_blk=23308;low_bar=23307;high_blk=23308;high_bar=23308
28|2026-06-14T19:15:00.5520000|FOOTPRINT_MISMATCH|bar=83;n_eventos=25;k=25;residual=False;open_blk=23307;open_bar=23308;close_blk=23308;close_bar=23307;low_blk=23307;low_bar=23307;high_blk=23309;high_bar=23309
29|2026-06-14T19:15:43.5040000|FOOTPRINT_MISMATCH|bar=85;n_eventos=25;k=25;residual=False;open_blk=23310;open_bar=23309;close_blk=23305;close_bar=23305;low_blk=23305;low_bar=23305;high_blk=23310;high_bar=23309
30|2026-06-14T19:16:32.5640000|FOOTPRINT_MISMATCH|bar=87;n_eventos=25;k=25;residual=False;open_blk=23304;open_bar=23303;close_blk=23302;close_bar=23302;low_blk=23301;low_bar=23301;high_blk=23304;high_bar=23303
31|2026-06-14T19:19:00.1800000|FOOTPRINT_MISMATCH|bar=91;n_eventos=25;k=25;residual=False;open_blk=23307;open_bar=23308;close_blk=23309;close_bar=23309;low_blk=23307;low_bar=23307;high_blk=23309;high_bar=23309
32|2026-06-14T19:20:18.5800000|FOOTPRINT_MISMATCH|bar=94;n_eventos=25;k=25;residual=False;open_blk=23313;open_bar=23314;close_blk=23314;close_bar=23314;low_blk=23313;low_bar=23313;high_blk=23314;high_bar=23314
33|2026-06-14T19:22:01.0960000|FOOTPRINT_MISMATCH|bar=95;n_eventos=25;k=25;residual=False;open_blk=23314;open_bar=23313;close_blk=23313;close_bar=23313;low_blk=23312;low_bar=23312;high_blk=23314;high_bar=23314
34|2026-06-14T19:24:30.2400000|FOOTPRINT_MISMATCH|bar=98;n_eventos=25;k=25;residual=False;open_blk=23309;open_bar=23309;close_blk=23309;close_bar=23310;low_blk=23308;low_bar=23308;high_blk=23309;high_bar=23310
35|2026-06-14T19:26:28.9320000|FOOTPRINT_MISMATCH|bar=99;n_eventos=25;k=25;residual=False;open_blk=23310;open_bar=23309;close_blk=23307;close_bar=23307;low_blk=23307;low_bar=23307;high_blk=23310;high_bar=23309
36|2026-06-14T19:29:07.2640000|FOOTPRINT_MISMATCH|bar=102;n_eventos=25;k=25;residual=False;open_blk=23302;open_bar=23302;close_blk=23300;close_bar=23299;low_blk=23300;low_bar=23299;high_blk=23302;high_bar=23302
37|2026-06-14T19:30:47.1760000|FOOTPRINT_MISMATCH|bar=103;n_eventos=25;k=25;residual=False;open_blk=23299;open_bar=23300;close_blk=23301;close_bar=23301;low_blk=23299;low_bar=23300;high_blk=23301;high_bar=23301
38|2026-06-14T19:37:59.1320000|FOOTPRINT_MISMATCH|bar=116;n_eventos=25;k=25;residual=False;open_blk=23295;open_bar=23296;close_blk=23294;close_bar=23294;low_blk=23294;low_bar=23294;high_blk=23296;high_bar=23296
39|2026-06-14T19:43:21.3040000|FOOTPRINT_MISMATCH|bar=127;n_eventos=25;k=25;residual=False;open_blk=23301;open_bar=23300;close_blk=23302;close_bar=23302;low_blk=23300;low_bar=23300;high_blk=23302;high_bar=23302
40|2026-06-14T19:47:22.8440000|FOOTPRINT_MISMATCH|bar=133;n_eventos=25;k=25;residual=False;open_blk=23302;open_bar=23303;close_blk=23305;close_bar=23305;low_blk=23302;low_bar=23303;high_blk=23305;high_bar=23305
41|2026-06-14T19:47:22.8440000|FOOTPRINT_MISMATCH|bar=134;n_eventos=25;k=25;residual=False;open_blk=23305;open_bar=23305;close_blk=23301;close_bar=23302;low_blk=23301;low_bar=23301;high_blk=23305;high_bar=23305
42|2026-06-14T19:54:56.3600000|FOOTPRINT_MISMATCH|bar=140;n_eventos=25;k=25;residual=False;open_blk=23303;open_bar=23304;close_blk=23305;close_bar=23305;low_blk=23303;low_bar=23303;high_blk=23305;high_bar=23305
43|2026-06-14T19:57:43.1280000|FOOTPRINT_MISMATCH|bar=142;n_eventos=25;k=25;residual=False;open_blk=23306;open_bar=23306;close_blk=23303;close_bar=23304;low_blk=23303;low_bar=23303;high_blk=23306;high_bar=23306
44|2026-06-14T20:00:16.7400000|FOOTPRINT_MISMATCH|bar=144;n_eventos=25;k=25;residual=False;open_blk=23305;open_bar=23304;close_blk=23301;close_bar=23301;low_blk=23301;low_bar=23301;high_blk=23305;high_bar=23304
45|2026-06-14T20:11:27.2880000|FOOTPRINT_MISMATCH|bar=157;n_eventos=25;k=25;residual=False;open_blk=23296;open_bar=23295;close_blk=23297;close_bar=23297;low_blk=23295;low_bar=23295;high_blk=23297;high_bar=23297
46|2026-06-14T20:26:12.6000000|FOOTPRINT_MISMATCH|bar=168;n_eventos=25;k=25;residual=False;open_blk=23295;open_bar=23294;close_blk=23295;close_bar=23295;low_blk=23294;low_bar=23294;high_blk=23295;high_bar=23295
47|2026-06-14T20:30:03.6160000|FOOTPRINT_MISMATCH|bar=172;n_eventos=25;k=25;residual=False;open_blk=23293;open_bar=23293;close_blk=23292;close_bar=23293;low_blk=23292;low_bar=23292;high_blk=23293;high_bar=23293
48|2026-06-14T20:50:26.0480000|FOOTPRINT_MISMATCH|bar=189;n_eventos=25;k=25;residual=False;open_blk=23297;open_bar=23297;close_blk=23298;close_bar=23299;low_blk=23297;low_bar=23297;high_blk=23298;high_bar=23299
49|2026-06-14T20:51:07.7560000|FOOTPRINT_MISMATCH|bar=191;n_eventos=25;k=25;residual=False;open_blk=23299;open_bar=23300;close_blk=23301;close_bar=23302;low_blk=23299;low_bar=23300;high_blk=23301;high_bar=23302
50|2026-06-14T20:55:01.1160000|FOOTPRINT_MISMATCH|bar=194;n_eventos=25;k=25;residual=False;open_blk=23299;open_bar=23300;close_blk=23300;close_bar=23300;low_blk=23299;low_bar=23299;high_blk=23300;high_bar=23300
51|2026-06-14T20:56:07.1720000|FOOTPRINT_MISMATCH|bar=198;n_eventos=25;k=25;residual=False;open_blk=23296;open_bar=23295;close_blk=23295;close_bar=23294;low_blk=23295;low_bar=23294;high_blk=23296;high_bar=23296
52|2026-06-14T20:57:21.9120000|FOOTPRINT_MISMATCH|bar=202;n_eventos=25;k=25;residual=False;open_blk=23293;open_bar=23293;close_blk=23293;close_bar=23292;low_blk=23292;low_bar=23292;high_blk=23293;high_bar=23293
53|2026-06-14T20:57:54.3440000|FOOTPRINT_MISMATCH|bar=203;n_eventos=25;k=25;residual=False;open_blk=23292;open_bar=23293;close_blk=23293;close_bar=23293;low_blk=23292;low_bar=23292;high_blk=23293;high_bar=23293
54|2026-06-14T20:59:30.9040000|FOOTPRINT_MISMATCH|bar=208;n_eventos=25;k=25;residual=False;open_blk=23289;open_bar=23289;close_blk=23292;close_bar=23291;low_blk=23288;low_bar=23288;high_blk=23292;high_bar=23292
55|2026-06-14T21:00:00.9200000|FOOTPRINT_MISMATCH|bar=209;n_eventos=25;k=25;residual=False;open_blk=23291;open_bar=23291;close_blk=23290;close_bar=23291;low_blk=23290;low_bar=23290;high_blk=23292;high_bar=23292
56|2026-06-14T21:01:01.7640000|FOOTPRINT_MISMATCH|bar=212;n_eventos=25;k=25;residual=False;open_blk=23292;open_bar=23293;close_blk=23295;close_bar=23295;low_blk=23292;low_bar=23293;high_blk=23295;high_bar=23295
57|2026-06-14T21:04:04.3200000|FOOTPRINT_MISMATCH|bar=215;n_eventos=25;k=25;residual=False;open_blk=23295;open_bar=23296;close_blk=23298;close_bar=23298;low_blk=23295;low_bar=23296;high_blk=23299;high_bar=23299
58|2026-06-14T21:06:04.1400000|FOOTPRINT_MISMATCH|bar=217;n_eventos=25;k=25;residual=False;open_blk=23296;open_bar=23297;close_blk=23297;close_bar=23297;low_blk=23296;low_bar=23297;high_blk=23298;high_bar=23298
59|2026-06-14T21:06:04.1400000|FOOTPRINT_MISMATCH|bar=218;n_eventos=25;k=25;residual=False;open_blk=23297;open_bar=23298;close_blk=23297;close_bar=23297;low_blk=23297;low_bar=23297;high_blk=23298;high_bar=23298
60|2026-06-14T21:06:50.3080000|FOOTPRINT_MISMATCH|bar=219;n_eventos=25;k=25;residual=False;open_blk=23297;open_bar=23297;close_blk=23298;close_bar=23299;low_blk=23297;low_bar=23297;high_blk=23298;high_bar=23299
61|2026-06-14T21:10:10.8000000|FOOTPRINT_MISMATCH|bar=223;n_eventos=25;k=25;residual=False;open_blk=23301;open_bar=23301;close_blk=23301;close_bar=23303;low_blk=23301;low_bar=23301;high_blk=23302;high_bar=23303
62|2026-06-14T21:14:23.7320000|FOOTPRINT_MISMATCH|bar=229;n_eventos=25;k=25;residual=False;open_blk=23300;open_bar=23301;close_blk=23303;close_bar=23303;low_blk=23300;low_bar=23301;high_blk=23303;high_bar=23303
63|2026-06-14T21:15:56.0360000|FOOTPRINT_MISMATCH|bar=232;n_eventos=25;k=25;residual=False;open_blk=23307;open_bar=23306;close_blk=23305;close_bar=23305;low_blk=23304;low_bar=23304;high_blk=23307;high_bar=23307
64|2026-06-14T21:20:09.1040000|FOOTPRINT_MISMATCH|bar=239;n_eventos=25;k=25;residual=False;open_blk=23304;open_bar=23305;close_blk=23306;close_bar=23306;low_blk=23304;low_bar=23304;high_blk=23306;high_bar=23306
65|2026-06-14T21:20:45.9680000|FOOTPRINT_MISMATCH|bar=241;n_eventos=25;k=25;residual=False;open_blk=23307;open_bar=23307;close_blk=23307;close_bar=23306;low_blk=23306;low_bar=23306;high_blk=23307;high_bar=23307
66|2026-06-14T21:21:01.3880000|FOOTPRINT_MISMATCH|bar=242;n_eventos=25;k=25;residual=False;open_blk=23306;open_bar=23308;close_blk=23308;close_bar=23308;low_blk=23306;low_bar=23306;high_blk=23308;high_bar=23308
67|2026-06-14T21:22:51.9080000|FOOTPRINT_MISMATCH|bar=247;n_eventos=25;k=25;residual=False;open_blk=23306;open_bar=23306;close_blk=23305;close_bar=23306;low_blk=23305;low_bar=23305;high_blk=23306;high_bar=23306
68|2026-06-14T21:26:26.5960000|FOOTPRINT_MISMATCH|bar=250;n_eventos=25;k=25;residual=False;open_blk=23307;open_bar=23306;close_blk=23307;close_bar=23307;low_blk=23306;low_bar=23306;high_blk=23307;high_bar=23307
69|2026-06-14T21:30:50.3880000|FOOTPRINT_MISMATCH|bar=256;n_eventos=25;k=25;residual=False;open_blk=23298;open_bar=23298;close_blk=23297;close_bar=23298;low_blk=23296;low_bar=23296;high_blk=23298;high_bar=23298
70|2026-06-14T21:35:12.9800000|FOOTPRINT_MISMATCH|bar=258;n_eventos=25;k=25;residual=False;open_blk=23300;open_bar=23300;close_blk=23298;close_bar=23299;low_blk=23298;low_bar=23298;high_blk=23300;high_bar=23300
71|2026-06-14T21:37:19.6080000|FOOTPRINT_MISMATCH|bar=260;n_eventos=25;k=25;residual=False;open_blk=23299;open_bar=23298;close_blk=23298;close_bar=23298;low_blk=23298;low_bar=23298;high_blk=23299;high_bar=23298
72|2026-06-14T21:57:43.5920000|FOOTPRINT_MISMATCH|bar=280;n_eventos=25;k=25;residual=False;open_blk=23285;open_bar=23286;close_blk=23285;close_bar=23285;low_blk=23285;low_bar=23285;high_blk=23286;high_bar=23286
73|2026-06-14T22:06:29.6040000|FOOTPRINT_MISMATCH|bar=290;n_eventos=25;k=25;residual=False;open_blk=23277;open_bar=23278;close_blk=23276;close_bar=23276;low_blk=23276;low_bar=23276;high_blk=23278;high_bar=23278
74|2026-06-14T22:11:06.4600000|FOOTPRINT_MISMATCH|bar=298;n_eventos=25;k=25;residual=False;open_blk=23276;open_bar=23275;close_blk=23279;close_bar=23278;low_blk=23275;low_bar=23275;high_blk=23279;high_bar=23279
75|2026-06-14T22:12:23.9640000|FOOTPRINT_MISMATCH|bar=299;n_eventos=25;k=25;residual=False;open_blk=23278;open_bar=23279;close_blk=23280;close_bar=23280;low_blk=23278;low_bar=23278;high_blk=23280;high_bar=23280
76|2026-06-14T22:13:15.6920000|FOOTPRINT_MISMATCH|bar=301;n_eventos=25;k=25;residual=False;open_blk=23280;open_bar=23280;close_blk=23280;close_bar=23281;low_blk=23280;low_bar=23280;high_blk=23280;high_bar=23281
77|2026-06-14T22:20:40.4080000|FOOTPRINT_MISMATCH|bar=305;n_eventos=25;k=25;residual=False;open_blk=23281;open_bar=23280;close_blk=23281;close_bar=23281;low_blk=23279;low_bar=23279;high_blk=23281;high_bar=23281
78|2026-06-14T22:24:49.4160000|FOOTPRINT_MISMATCH|bar=307;n_eventos=25;k=25;residual=False;open_blk=23282;open_bar=23283;close_blk=23282;close_bar=23282;low_blk=23282;low_bar=23282;high_blk=23283;high_bar=23283
79|2026-06-14T22:24:49.4160000|FOOTPRINT_MISMATCH|bar=308;n_eventos=25;k=25;residual=False;open_blk=23282;open_bar=23282;close_blk=23283;close_bar=23282;low_blk=23282;low_bar=23282;high_blk=23283;high_bar=23283
80|2026-06-14T22:33:16.4720000|FOOTPRINT_MISMATCH|bar=312;n_eventos=25;k=25;residual=False;open_blk=23282;open_bar=23281;close_blk=23281;close_bar=23281;low_blk=23281;low_bar=23281;high_blk=23282;high_bar=23282
81|2026-06-14T22:37:58.1440000|FOOTPRINT_MISMATCH|bar=314;n_eventos=25;k=25;residual=False;open_blk=23281;open_bar=23280;close_blk=23280;close_bar=23280;low_blk=23280;low_bar=23280;high_blk=23281;high_bar=23281
82|2026-06-14T22:37:58.1440000|FOOTPRINT_MISMATCH|bar=315;n_eventos=25;k=25;residual=False;open_blk=23280;open_bar=23280;close_blk=23279;close_bar=23280;low_blk=23279;low_bar=23279;high_blk=23281;high_bar=23281
83|2026-06-14T22:48:52.3760000|FOOTPRINT_MISMATCH|bar=320;n_eventos=25;k=25;residual=False;open_blk=23278;open_bar=23277;close_blk=23280;close_bar=23280;low_blk=23277;low_bar=23277;high_blk=23280;high_bar=23280
84|2026-06-14T22:52:54.8000000|FOOTPRINT_MISMATCH|bar=323;n_eventos=25;k=25;residual=False;open_blk=23284;open_bar=23284;close_blk=23285;close_bar=23286;low_blk=23284;low_bar=23284;high_blk=23285;high_bar=23286
85|2026-06-14T23:00:00.1880000|FOOTPRINT_MISMATCH|bar=328;n_eventos=25;k=25;residual=False;open_blk=23285;open_bar=23285;close_blk=23281;close_bar=23280;low_blk=23279;low_bar=23279;high_blk=23285;high_bar=23285
86|2026-06-14T23:02:01.7080000|FOOTPRINT_MISMATCH|bar=329;n_eventos=25;k=25;residual=False;open_blk=23280;open_bar=23282;close_blk=23281;close_bar=23281;low_blk=23280;low_bar=23281;high_blk=23282;high_bar=23282
87|2026-06-14T23:03:54.5360000|FOOTPRINT_MISMATCH|bar=330;n_eventos=25;k=25;residual=False;open_blk=23281;open_bar=23280;close_blk=23281;close_bar=23281;low_blk=23280;low_bar=23280;high_blk=23281;high_bar=23281
88|2026-06-14T23:06:35.3400000|FOOTPRINT_MISMATCH|bar=333;n_eventos=25;k=25;residual=False;open_blk=23283;open_bar=23282;close_blk=23282;close_bar=23282;low_blk=23282;low_bar=23282;high_blk=23283;high_bar=23282
89|2026-06-14T23:06:51.3000000|FOOTPRINT_MISMATCH|bar=335;n_eventos=25;k=25;residual=False;open_blk=23282;open_bar=23282;close_blk=23280;close_bar=23281;low_blk=23280;low_bar=23280;high_blk=23282;high_bar=23282
90|2026-06-14T23:11:12.4400000|FOOTPRINT_MISMATCH|bar=338;n_eventos=25;k=25;residual=False;open_blk=23283;open_bar=23284;close_blk=23278;close_bar=23278;low_blk=23278;low_bar=23278;high_blk=23284;high_bar=23284
91|2026-06-14T23:16:11.4560000|FOOTPRINT_MISMATCH|bar=342;n_eventos=25;k=25;residual=False;open_blk=23276;open_bar=23275;close_blk=23275;close_bar=23274;low_blk=23274;low_bar=23274;high_blk=23277;high_bar=23277
92|2026-06-14T23:16:44.1560000|FOOTPRINT_MISMATCH|bar=344;n_eventos=25;k=25;residual=False;open_blk=23273;open_bar=23273;close_blk=23275;close_bar=23276;low_blk=23273;low_bar=23273;high_blk=23275;high_bar=23276
93|2026-06-14T23:21:14.9040000|FOOTPRINT_MISMATCH|bar=345;n_eventos=25;k=25;residual=False;open_blk=23276;open_bar=23275;close_blk=23274;close_bar=23274;low_blk=23274;low_bar=23274;high_blk=23276;high_bar=23275
94|2026-06-14T23:36:05.1160000|FOOTPRINT_MISMATCH|bar=351;n_eventos=25;k=25;residual=False;open_blk=23282;open_bar=23281;close_blk=23282;close_bar=23282;low_blk=23281;low_bar=23281;high_blk=23283;high_bar=23283
95|2026-06-14T23:45:32.9840000|FOOTPRINT_MISMATCH|bar=353;n_eventos=25;k=25;residual=False;open_blk=23284;open_bar=23285;close_blk=23283;close_bar=23283;low_blk=23283;low_bar=23283;high_blk=23288;high_bar=23288
96|2026-06-14T23:58:33.6040000|FOOTPRINT_MISMATCH|bar=357;n_eventos=25;k=25;residual=False;open_blk=23280;open_bar=23281;close_blk=23282;close_bar=23282;low_blk=23280;low_bar=23281;high_blk=23282;high_bar=23282
97|2026-06-15T00:24:42.3960000|FOOTPRINT_MISMATCH|bar=367;n_eventos=25;k=25;residual=False;open_blk=23284;open_bar=23285;close_blk=23285;close_bar=23285;low_blk=23284;low_bar=23285;high_blk=23285;high_bar=23285
98|2026-06-15T00:26:13.3400000|FOOTPRINT_MISMATCH|bar=368;n_eventos=25;k=25;residual=False;open_blk=23285;open_bar=23286;close_blk=23287;close_bar=23287;low_blk=23285;low_bar=23286;high_blk=23287;high_bar=23287
99|2026-06-15T00:27:50.3840000|FOOTPRINT_MISMATCH|bar=371;n_eventos=25;k=25;residual=False;open_blk=23288;open_bar=23288;close_blk=23289;close_bar=23288;low_blk=23288;low_bar=23288;high_blk=23289;high_bar=23289
100|2026-06-15T00:28:55.5640000|FOOTPRINT_MISMATCH|bar=372;n_eventos=25;k=25;residual=False;open_blk=23288;open_bar=23288;close_blk=23288;close_bar=23289;low_blk=23288;low_bar=23288;high_blk=23289;high_bar=23289
101|2026-06-15T00:31:22.0960000|FOOTPRINT_MISMATCH|bar=373;n_eventos=25;k=25;residual=False;open_blk=23289;open_bar=23288;close_blk=23289;close_bar=23289;low_blk=23288;low_bar=23288;high_blk=23289;high_bar=23289
102|2026-06-15T00:35:45.0000000|FOOTPRINT_MISMATCH|bar=377;n_eventos=25;k=25;residual=False;open_blk=23289;open_bar=23289;close_blk=23290;close_bar=23291;low_blk=23289;low_bar=23289;high_blk=23290;high_bar=23291
103|2026-06-15T01:18:26.5600000|FOOTPRINT_MISMATCH|bar=399;n_eventos=25;k=25;residual=False;open_blk=23295;open_bar=23295;close_blk=23296;close_bar=23295;low_blk=23295;low_bar=23295;high_blk=23296;high_bar=23296
104|2026-06-15T01:28:56.2000000|FOOTPRINT_MISMATCH|bar=405;n_eventos=25;k=25;residual=False;open_blk=23299;open_bar=23300;close_blk=23300;close_bar=23300;low_blk=23299;low_bar=23300;high_blk=23300;high_bar=23300
105|2026-06-15T01:30:22.1440000|FOOTPRINT_MISMATCH|bar=408;n_eventos=25;k=25;residual=False;open_blk=23302;open_bar=23302;close_blk=23304;close_bar=23303;low_blk=23302;low_bar=23302;high_blk=23304;high_bar=23304
106|2026-06-15T01:31:58.3040000|FOOTPRINT_MISMATCH|bar=409;n_eventos=25;k=25;residual=False;open_blk=23303;open_bar=23303;close_blk=23302;close_bar=23303;low_blk=23302;low_bar=23302;high_blk=23303;high_bar=23303
107|2026-06-15T01:44:02.9320000|FOOTPRINT_MISMATCH|bar=417;n_eventos=25;k=25;residual=False;open_blk=23306;open_bar=23306;close_blk=23306;close_bar=23307;low_blk=23306;low_bar=23306;high_blk=23306;high_bar=23307
108|2026-06-15T01:55:00.9040000|FOOTPRINT_MISMATCH|bar=425;n_eventos=25;k=25;residual=False;open_blk=23310;open_bar=23309;close_blk=23308;close_bar=23308;low_blk=23308;low_bar=23308;high_blk=23310;high_bar=23309
109|2026-06-15T02:00:01.3840000|FOOTPRINT_MISMATCH|bar=428;n_eventos=25;k=25;residual=False;open_blk=23310;open_bar=23309;close_blk=23310;close_bar=23311;low_blk=23309;low_bar=23309;high_blk=23311;high_bar=23311
110|2026-06-15T02:01:03.1520000|FOOTPRINT_MISMATCH|bar=431;n_eventos=25;k=25;residual=False;open_blk=23314;open_bar=23313;close_blk=23313;close_bar=23313;low_blk=23313;low_bar=23313;high_blk=23314;high_bar=23313
111|2026-06-15T02:12:30.4520000|FOOTPRINT_MISMATCH|bar=445;n_eventos=25;k=25;residual=False;open_blk=23321;open_bar=23321;close_blk=23321;close_bar=23320;low_blk=23320;low_bar=23320;high_blk=23321;high_bar=23321
112|2026-06-15T02:12:41.1280000|FOOTPRINT_MISMATCH|bar=446;n_eventos=25;k=25;residual=False;open_blk=23320;open_bar=23321;close_blk=23323;close_bar=23323;low_blk=23320;low_bar=23321;high_blk=23323;high_bar=23323
113|2026-06-15T02:12:42.4440000|FOOTPRINT_MISMATCH|bar=450;n_eventos=25;k=25;residual=False;open_blk=23324;open_bar=23324;close_blk=23325;close_bar=23326;low_blk=23324;low_bar=23324;high_blk=23326;high_bar=23326
114|2026-06-15T02:12:43.4720000|FOOTPRINT_MISMATCH|bar=451;n_eventos=25;k=25;residual=False;open_blk=23326;open_bar=23326;close_blk=23325;close_bar=23326;low_blk=23325;low_bar=23325;high_blk=23327;high_bar=23327
115|2026-06-15T02:12:51.1400000|FOOTPRINT_MISMATCH|bar=454;n_eventos=25;k=25;residual=False;open_blk=23327;open_bar=23327;close_blk=23327;close_bar=23326;low_blk=23327;low_bar=23326;high_blk=23327;high_bar=23327
116|2026-06-15T02:16:03.8200000|FOOTPRINT_MISMATCH|bar=463;n_eventos=25;k=25;residual=False;open_blk=23326;open_bar=23325;close_blk=23323;close_bar=23323;low_blk=23323;low_bar=23323;high_blk=23326;high_bar=23325
117|2026-06-15T02:17:29.3840000|FOOTPRINT_MISMATCH|bar=464;n_eventos=25;k=25;residual=False;open_blk=23323;open_bar=23322;close_blk=23322;close_bar=23322;low_blk=23321;low_bar=23321;high_blk=23323;high_bar=23322
118|2026-06-15T02:19:46.7920000|FOOTPRINT_MISMATCH|bar=467;n_eventos=25;k=25;residual=False;open_blk=23324;open_bar=23324;close_blk=23326;close_bar=23325;low_blk=23324;low_bar=23324;high_blk=23326;high_bar=23326
119|2026-06-15T02:21:33.3320000|FOOTPRINT_MISMATCH|bar=468;n_eventos=25;k=25;residual=False;open_blk=23325;open_bar=23325;close_blk=23324;close_bar=23323;low_blk=23324;low_bar=23323;high_blk=23325;high_bar=23325
120|2026-06-15T02:33:32.8880000|FOOTPRINT_MISMATCH|bar=478;n_eventos=25;k=25;residual=False;open_blk=23322;open_bar=23321;close_blk=23319;close_bar=23319;low_blk=23319;low_bar=23319;high_blk=23322;high_bar=23321
121|2026-06-15T02:35:30.4880000|FOOTPRINT_MISMATCH|bar=479;n_eventos=25;k=25;residual=False;open_blk=23319;open_bar=23318;close_blk=23318;close_bar=23318;low_blk=23317;low_bar=23317;high_blk=23319;high_bar=23318
122|2026-06-15T02:40:53.5680000|FOOTPRINT_MISMATCH|bar=488;n_eventos=25;k=25;residual=False;open_blk=23318;open_bar=23317;close_blk=23316;close_bar=23316;low_blk=23316;low_bar=23316;high_blk=23318;high_bar=23317
123|2026-06-15T02:46:53.2800000|FOOTPRINT_MISMATCH|bar=495;n_eventos=25;k=25;residual=False;open_blk=23315;open_bar=23315;close_blk=23316;close_bar=23315;low_blk=23315;low_bar=23315;high_blk=23316;high_bar=23316
124|2026-06-15T02:54:24.5840000|FOOTPRINT_MISMATCH|bar=501;n_eventos=25;k=25;residual=False;open_blk=23317;open_bar=23317;close_blk=23316;close_bar=23315;low_blk=23316;low_bar=23315;high_blk=23317;high_bar=23317
125|2026-06-15T02:57:16.2320000|FOOTPRINT_MISMATCH|bar=505;n_eventos=25;k=25;residual=False;open_blk=23314;open_bar=23314;close_blk=23313;close_bar=23314;low_blk=23313;low_bar=23313;high_blk=23315;high_bar=23315
126|2026-06-15T02:58:00.9440000|FOOTPRINT_MISMATCH|bar=506;n_eventos=25;k=25;residual=False;open_blk=23314;open_bar=23314;close_blk=23315;close_bar=23316;low_blk=23314;low_bar=23314;high_blk=23315;high_bar=23316
127|2026-06-15T02:59:35.5760000|FOOTPRINT_MISMATCH|bar=508;n_eventos=25;k=25;residual=False;open_blk=23318;open_bar=23318;close_blk=23320;close_bar=23319;low_blk=23318;low_bar=23318;high_blk=23320;high_bar=23320
128|2026-06-15T03:00:11.6600000|FOOTPRINT_MISMATCH|bar=510;n_eventos=25;k=25;residual=False;open_blk=23319;open_bar=23319;close_blk=23320;close_bar=23319;low_blk=23319;low_bar=23319;high_blk=23320;high_bar=23320
129|2026-06-15T03:00:30.0440000|FOOTPRINT_MISMATCH|bar=511;n_eventos=25;k=25;residual=False;open_blk=23319;open_bar=23320;close_blk=23320;close_bar=23320;low_blk=23319;low_bar=23319;high_blk=23320;high_bar=23320
130|2026-06-15T03:01:31.5280000|FOOTPRINT_MISMATCH|bar=515;n_eventos=25;k=25;residual=False;open_blk=23319;open_bar=23320;close_blk=23318;close_bar=23318;low_blk=23318;low_bar=23318;high_blk=23321;high_bar=23321
131|2026-06-15T03:02:58.2000000|FOOTPRINT_MISMATCH|bar=519;n_eventos=25;k=25;residual=False;open_blk=23313;open_bar=23313;close_blk=23313;close_bar=23314;low_blk=23312;low_bar=23312;high_blk=23314;high_bar=23314
132|2026-06-15T03:04:20.1520000|FOOTPRINT_MISMATCH|bar=520;n_eventos=25;k=25;residual=False;open_blk=23314;open_bar=23313;close_blk=23314;close_bar=23314;low_blk=23312;low_bar=23312;high_blk=23314;high_bar=23314
133|2026-06-15T03:05:23.7800000|FOOTPRINT_MISMATCH|bar=522;n_eventos=25;k=25;residual=False;open_blk=23315;open_bar=23315;close_blk=23313;close_bar=23312;low_blk=23313;low_bar=23312;high_blk=23316;high_bar=23316
134|2026-06-15T03:07:02.5120000|FOOTPRINT_MISMATCH|bar=525;n_eventos=25;k=25;residual=False;open_blk=23310;open_bar=23309;close_blk=23306;close_bar=23306;low_blk=23306;low_bar=23306;high_blk=23310;high_bar=23309
135|2026-06-15T03:09:24.5840000|FOOTPRINT_MISMATCH|bar=531;n_eventos=25;k=25;residual=False;open_blk=23304;open_bar=23305;close_blk=23305;close_bar=23305;low_blk=23304;low_bar=23304;high_blk=23306;high_bar=23306
136|2026-06-15T03:12:58.0080000|FOOTPRINT_MISMATCH|bar=538;n_eventos=25;k=25;residual=False;open_blk=23305;open_bar=23305;close_blk=23306;close_bar=23305;low_blk=23304;low_bar=23304;high_blk=23306;high_bar=23306
137|2026-06-15T03:18:25.7320000|FOOTPRINT_MISMATCH|bar=543;n_eventos=25;k=25;residual=False;open_blk=23307;open_bar=23306;close_blk=23306;close_bar=23307;low_blk=23305;low_bar=23305;high_blk=23307;high_bar=23307
138|2026-06-15T03:19:53.1680000|FOOTPRINT_MISMATCH|bar=545;n_eventos=25;k=25;residual=False;open_blk=23307;open_bar=23306;close_blk=23305;close_bar=23305;low_blk=23305;low_bar=23305;high_blk=23307;high_bar=23306
139|2026-06-15T03:22:10.3360000|FOOTPRINT_MISMATCH|bar=546;n_eventos=25;k=25;residual=False;open_blk=23305;open_bar=23304;close_blk=23303;close_bar=23303;low_blk=23302;low_bar=23302;high_blk=23305;high_bar=23304
140|2026-06-15T03:24:58.9520000|FOOTPRINT_MISMATCH|bar=550;n_eventos=25;k=25;residual=False;open_blk=23301;open_bar=23300;close_blk=23300;close_bar=23300;low_blk=23298;low_bar=23298;high_blk=23301;high_bar=23300
141|2026-06-15T03:25:50.6640000|FOOTPRINT_MISMATCH|bar=552;n_eventos=25;k=25;residual=False;open_blk=23301;open_bar=23301;close_blk=23300;close_bar=23301;low_blk=23299;low_bar=23299;high_blk=23301;high_bar=23301
142|2026-06-15T03:25:50.6640000|FOOTPRINT_MISMATCH|bar=553;n_eventos=25;k=25;residual=False;open_blk=23301;open_bar=23301;close_blk=23301;close_bar=23300;low_blk=23300;low_bar=23300;high_blk=23301;high_bar=23301
143|2026-06-15T03:29:40.5080000|FOOTPRINT_MISMATCH|bar=558;n_eventos=25;k=25;residual=False;open_blk=23302;open_bar=23301;close_blk=23301;close_bar=23301;low_blk=23300;low_bar=23300;high_blk=23302;high_bar=23301
144|2026-06-15T03:30:00.0880000|FOOTPRINT_MISMATCH|bar=560;n_eventos=25;k=25;residual=False;open_blk=23301;open_bar=23302;close_blk=23301;close_bar=23301;low_blk=23301;low_bar=23301;high_blk=23302;high_bar=23302
145|2026-06-15T03:30:59.4120000|FOOTPRINT_MISMATCH|bar=562;n_eventos=25;k=25;residual=False;open_blk=23300;open_bar=23299;close_blk=23300;close_bar=23300;low_blk=23299;low_bar=23299;high_blk=23300;high_bar=23300
146|2026-06-15T03:31:22.9520000|FOOTPRINT_MISMATCH|bar=563;n_eventos=25;k=25;residual=False;open_blk=23300;open_bar=23301;close_blk=23297;close_bar=23297;low_blk=23297;low_bar=23297;high_blk=23301;high_bar=23301
147|2026-06-15T03:32:27.4360000|FOOTPRINT_MISMATCH|bar=566;n_eventos=25;k=25;residual=False;open_blk=23295;open_bar=23295;close_blk=23293;close_bar=23292;low_blk=23293;low_bar=23292;high_blk=23295;high_bar=23295
148|2026-06-15T03:36:36.2880000|FOOTPRINT_MISMATCH|bar=576;n_eventos=25;k=25;residual=False;open_blk=23289;open_bar=23289;close_blk=23291;close_bar=23290;low_blk=23289;low_bar=23289;high_blk=23292;high_bar=23292
149|2026-06-15T03:37:02.4720000|FOOTPRINT_MISMATCH|bar=577;n_eventos=25;k=25;residual=False;open_blk=23290;open_bar=23290;close_blk=23292;close_bar=23293;low_blk=23290;low_bar=23290;high_blk=23293;high_bar=23293
150|2026-06-15T03:40:55.7800000|FOOTPRINT_MISMATCH|bar=583;n_eventos=25;k=25;residual=False;open_blk=23299;open_bar=23298;close_blk=23298;close_bar=23298;low_blk=23298;low_bar=23298;high_blk=23299;high_bar=23299
151|2026-06-15T03:47:24.4720000|FOOTPRINT_MISMATCH|bar=591;n_eventos=25;k=25;residual=False;open_blk=23300;open_bar=23300;close_blk=23301;close_bar=23300;low_blk=23300;low_bar=23300;high_blk=23301;high_bar=23301
152|2026-06-15T03:50:49.1720000|FOOTPRINT_MISMATCH|bar=596;n_eventos=25;k=25;residual=False;open_blk=23301;open_bar=23300;close_blk=23299;close_bar=23300;low_blk=23299;low_bar=23299;high_blk=23301;high_bar=23301
153|2026-06-15T03:58:31.6120000|FOOTPRINT_MISMATCH|bar=601;n_eventos=25;k=25;residual=False;open_blk=23298;open_bar=23299;close_blk=23297;close_bar=23297;low_blk=23297;low_bar=23297;high_blk=23299;high_bar=23299
154|2026-06-15T03:58:31.6120000|FOOTPRINT_MISMATCH|bar=602;n_eventos=25;k=25;residual=False;open_blk=23297;open_bar=23297;close_blk=23293;close_bar=23294;low_blk=23293;low_bar=23293;high_blk=23297;high_bar=23297
155|2026-06-15T03:59:54.5320000|FOOTPRINT_MISMATCH|bar=607;n_eventos=25;k=25;residual=False;open_blk=23295;open_bar=23296;close_blk=23296;close_bar=23296;low_blk=23295;low_bar=23296;high_blk=23296;high_bar=23296
156|2026-06-15T04:00:15.8920000|FOOTPRINT_MISMATCH|bar=612;n_eventos=25;k=25;residual=False;open_blk=23299;open_bar=23299;close_blk=23298;close_bar=23297;low_blk=23297;low_bar=23297;high_blk=23300;high_bar=23300
157|2026-06-15T04:01:31.9520000|FOOTPRINT_MISMATCH|bar=616;n_eventos=25;k=25;residual=False;open_blk=23295;open_bar=23296;close_blk=23297;close_bar=23297;low_blk=23295;low_bar=23296;high_blk=23298;high_bar=23298
158|2026-06-15T04:03:10.1280000|FOOTPRINT_MISMATCH|bar=623;n_eventos=25;k=25;residual=False;open_blk=23293;open_bar=23292;close_blk=23290;close_bar=23290;low_blk=23290;low_bar=23290;high_blk=23293;high_bar=23292
159|2026-06-15T04:04:52.7920000|FOOTPRINT_MISMATCH|bar=631;n_eventos=25;k=25;residual=False;open_blk=23294;open_bar=23294;close_blk=23294;close_bar=23293;low_blk=23294;low_bar=23293;high_blk=23295;high_bar=23295
160|2026-06-15T04:05:21.3320000|FOOTPRINT_MISMATCH|bar=633;n_eventos=25;k=25;residual=False;open_blk=23293;open_bar=23293;close_blk=23295;close_bar=23296;low_blk=23293;low_bar=23293;high_blk=23295;high_bar=23296
161|2026-06-15T04:07:02.5040000|FOOTPRINT_MISMATCH|bar=636;n_eventos=25;k=25;residual=False;open_blk=23295;open_bar=23294;close_blk=23295;close_bar=23295;low_blk=23294;low_bar=23294;high_blk=23295;high_bar=23295
162|2026-06-15T04:10:02.8400000|FOOTPRINT_MISMATCH|bar=648;n_eventos=25;k=25;residual=False;open_blk=23303;open_bar=23303;close_blk=23303;close_bar=23304;low_blk=23302;low_bar=23302;high_blk=23303;high_bar=23304
163|2026-06-15T04:10:55.0080000|FOOTPRINT_MISMATCH|bar=652;n_eventos=25;k=25;residual=False;open_blk=23300;open_bar=23299;close_blk=23299;close_bar=23298;low_blk=23299;low_bar=23298;high_blk=23300;high_bar=23299
164|2026-06-15T04:13:48.9080000|FOOTPRINT_MISMATCH|bar=664;n_eventos=25;k=25;residual=False;open_blk=23296;open_bar=23297;close_blk=23300;close_bar=23300;low_blk=23296;low_bar=23297;high_blk=23300;high_bar=23300
165|2026-06-15T04:14:25.6560000|FOOTPRINT_MISMATCH|bar=667;n_eventos=25;k=25;residual=False;open_blk=23300;open_bar=23301;close_blk=23301;close_bar=23301;low_blk=23300;low_bar=23301;high_blk=23302;high_bar=23302
166|2026-06-15T04:21:48.8120000|FOOTPRINT_MISMATCH|bar=686;n_eventos=25;k=25;residual=False;open_blk=23297;open_bar=23298;close_blk=23298;close_bar=23299;low_blk=23297;low_bar=23298;high_blk=23299;high_bar=23299
167|2026-06-15T04:23:54.9240000|FOOTPRINT_MISMATCH|bar=691;n_eventos=25;k=25;residual=False;open_blk=23305;open_bar=23306;close_blk=23306;close_bar=23307;low_blk=23305;low_bar=23306;high_blk=23306;high_bar=23307
168|2026-06-15T04:29:09.0320000|FOOTPRINT_MISMATCH|bar=702;n_eventos=25;k=25;residual=False;open_blk=23300;open_bar=23300;close_blk=23300;close_bar=23301;low_blk=23300;low_bar=23300;high_blk=23302;high_bar=23302
169|2026-06-15T04:30:11.2400000|FOOTPRINT_MISMATCH|bar=706;n_eventos=25;k=25;residual=False;open_blk=23303;open_bar=23304;close_blk=23303;close_bar=23302;low_blk=23302;low_bar=23302;high_blk=23304;high_bar=23304
170|2026-06-15T04:31:08.3520000|FOOTPRINT_MISMATCH|bar=709;n_eventos=25;k=25;residual=False;open_blk=23300;open_bar=23300;close_blk=23300;close_bar=23301;low_blk=23300;low_bar=23300;high_blk=23300;high_bar=23301
171|2026-06-15T04:32:32.0240000|FOOTPRINT_MISMATCH|bar=711;n_eventos=25;k=25;residual=False;open_blk=23300;open_bar=23301;close_blk=23300;close_bar=23300;low_blk=23299;low_bar=23299;high_blk=23301;high_bar=23301
172|2026-06-15T04:38:04.7080000|FOOTPRINT_MISMATCH|bar=723;n_eventos=25;k=25;residual=False;open_blk=23299;open_bar=23298;close_blk=23299;close_bar=23299;low_blk=23298;low_bar=23298;high_blk=23299;high_bar=23299
173|2026-06-15T04:39:05.1840000|FOOTPRINT_MISMATCH|bar=726;n_eventos=25;k=25;residual=False;open_blk=23296;open_bar=23295;close_blk=23295;close_bar=23296;low_blk=23294;low_bar=23294;high_blk=23296;high_bar=23296
174|2026-06-15T04:39:25.9240000|FOOTPRINT_MISMATCH|bar=727;n_eventos=25;k=25;residual=False;open_blk=23296;open_bar=23296;close_blk=23296;close_bar=23297;low_blk=23296;low_bar=23296;high_blk=23297;high_bar=23297
175|2026-06-15T04:42:13.0960000|FOOTPRINT_MISMATCH|bar=732;n_eventos=25;k=25;residual=False;open_blk=23300;open_bar=23300;close_blk=23300;close_bar=23301;low_blk=23300;low_bar=23300;high_blk=23301;high_bar=23301
176|2026-06-15T04:42:41.2520000|FOOTPRINT_MISMATCH|bar=733;n_eventos=25;k=25;residual=False;open_blk=23301;open_bar=23300;close_blk=23302;close_bar=23302;low_blk=23300;low_bar=23300;high_blk=23302;high_bar=23302
177|2026-06-15T04:44:22.1560000|FOOTPRINT_MISMATCH|bar=734;n_eventos=25;k=25;residual=False;open_blk=23302;open_bar=23303;close_blk=23303;close_bar=23303;low_blk=23302;low_bar=23303;high_blk=23303;high_bar=23303
178|2026-06-15T04:51:41.9840000|FOOTPRINT_MISMATCH|bar=745;n_eventos=25;k=25;residual=False;open_blk=23298;open_bar=23297;close_blk=23297;close_bar=23297;low_blk=23296;low_bar=23296;high_blk=23298;high_bar=23297
179|2026-06-15T04:53:12.8800000|FOOTPRINT_MISMATCH|bar=748;n_eventos=25;k=25;residual=False;open_blk=23299;open_bar=23298;close_blk=23296;close_bar=23296;low_blk=23296;low_bar=23296;high_blk=23299;high_bar=23298
180|2026-06-15T04:54:50.7360000|FOOTPRINT_MISMATCH|bar=751;n_eventos=25;k=25;residual=False;open_blk=23294;open_bar=23293;close_blk=23295;close_bar=23295;low_blk=23293;low_bar=23293;high_blk=23295;high_bar=23295
181|2026-06-15T04:54:50.7360000|FOOTPRINT_MISMATCH|bar=752;n_eventos=25;k=25;residual=False;open_blk=23295;open_bar=23295;close_blk=23297;close_bar=23298;low_blk=23295;low_bar=23295;high_blk=23297;high_bar=23298
182|2026-06-15T04:57:14.8080000|FOOTPRINT_MISMATCH|bar=756;n_eventos=25;k=25;residual=False;open_blk=23297;open_bar=23297;close_blk=23297;close_bar=23296;low_blk=23295;low_bar=23295;high_blk=23298;high_bar=23298
183|2026-06-15T04:57:28.9920000|FOOTPRINT_MISMATCH|bar=757;n_eventos=25;k=25;residual=False;open_blk=23296;open_bar=23296;close_blk=23298;close_bar=23299;low_blk=23296;low_bar=23296;high_blk=23299;high_bar=23299
184|2026-06-15T04:58:25.1920000|FOOTPRINT_MISMATCH|bar=758;n_eventos=25;k=25;residual=False;open_blk=23299;open_bar=23298;close_blk=23297;close_bar=23297;low_blk=23296;low_bar=23296;high_blk=23299;high_bar=23298
185|2026-06-15T05:03:11.5000000|FOOTPRINT_MISMATCH|bar=765;n_eventos=25;k=25;residual=False;open_blk=23299;open_bar=23299;close_blk=23301;close_bar=23300;low_blk=23299;low_bar=23299;high_blk=23301;high_bar=23301
186|2026-06-15T05:08:20.7640000|FOOTPRINT_MISMATCH|bar=771;n_eventos=25;k=25;residual=False;open_blk=23297;open_bar=23298;close_blk=23297;close_bar=23297;low_blk=23296;low_bar=23296;high_blk=23298;high_bar=23298
187|2026-06-15T05:13:02.5280000|FOOTPRINT_MISMATCH|bar=778;n_eventos=25;k=25;residual=False;open_blk=23295;open_bar=23294;close_blk=23298;close_bar=23298;low_blk=23294;low_bar=23294;high_blk=23298;high_bar=23298
188|2026-06-15T05:14:10.8320000|FOOTPRINT_MISMATCH|bar=780;n_eventos=25;k=25;residual=False;open_blk=23296;open_bar=23296;close_blk=23295;close_bar=23296;low_blk=23295;low_bar=23295;high_blk=23297;high_bar=23297
189|2026-06-15T05:15:20.1600000|FOOTPRINT_MISMATCH|bar=781;n_eventos=25;k=25;residual=False;open_blk=23296;open_bar=23297;close_blk=23297;close_bar=23297;low_blk=23296;low_bar=23296;high_blk=23297;high_bar=23297
190|2026-06-15T05:19:13.8880000|FOOTPRINT_MISMATCH|bar=786;n_eventos=25;k=25;residual=False;open_blk=23299;open_bar=23299;close_blk=23300;close_bar=23301;low_blk=23298;low_bar=23298;high_blk=23300;high_bar=23301
191|2026-06-15T05:21:34.6480000|FOOTPRINT_MISMATCH|bar=790;n_eventos=25;k=25;residual=False;open_blk=23300;open_bar=23300;close_blk=23298;close_bar=23299;low_blk=23298;low_bar=23298;high_blk=23300;high_bar=23300
192|2026-06-15T05:25:53.9160000|FOOTPRINT_MISMATCH|bar=796;n_eventos=25;k=25;residual=False;open_blk=23300;open_bar=23300;close_blk=23300;close_bar=23301;low_blk=23299;low_bar=23299;high_blk=23300;high_bar=23301
193|2026-06-15T05:31:21.0520000|FOOTPRINT_MISMATCH|bar=804;n_eventos=25;k=25;residual=False;open_blk=23299;open_bar=23299;close_blk=23300;close_bar=23301;low_blk=23299;low_bar=23299;high_blk=23300;high_bar=23301
194|2026-06-15T05:32:23.9880000|FOOTPRINT_MISMATCH|bar=806;n_eventos=25;k=25;residual=False;open_blk=23300;open_bar=23300;close_blk=23301;close_bar=23302;low_blk=23300;low_bar=23300;high_blk=23302;high_bar=23302
195|2026-06-15T05:32:53.6080000|FOOTPRINT_MISMATCH|bar=807;n_eventos=25;k=25;residual=False;open_blk=23302;open_bar=23302;close_blk=23302;close_bar=23301;low_blk=23301;low_bar=23301;high_blk=23302;high_bar=23302
196|2026-06-15T05:34:25.5000000|FOOTPRINT_MISMATCH|bar=809;n_eventos=25;k=25;residual=False;open_blk=23303;open_bar=23303;close_blk=23303;close_bar=23304;low_blk=23303;low_bar=23303;high_blk=23303;high_bar=23304
197|2026-06-15T05:41:20.2040000|FOOTPRINT_MISMATCH|bar=828;n_eventos=25;k=25;residual=False;open_blk=23294;open_bar=23293;close_blk=23292;close_bar=23292;low_blk=23292;low_bar=23292;high_blk=23294;high_bar=23293
198|2026-06-15T05:41:30.0880000|FOOTPRINT_MISMATCH|bar=829;n_eventos=25;k=25;residual=False;open_blk=23292;open_bar=23291;close_blk=23290;close_bar=23290;low_blk=23290;low_bar=23290;high_blk=23292;high_bar=23291
199|2026-06-15T05:41:41.4480000|FOOTPRINT_MISMATCH|bar=832;n_eventos=25;k=25;residual=False;open_blk=23289;open_bar=23289;close_blk=23289;close_bar=23290;low_blk=23289;low_bar=23289;high_blk=23290;high_bar=23290
200|2026-06-15T05:43:19.5240000|FOOTPRINT_MISMATCH|bar=837;n_eventos=25;k=25;residual=False;open_blk=23286;open_bar=23285;close_blk=23288;close_bar=23288;low_blk=23285;low_bar=23285;high_blk=23288;high_bar=23288
201|2026-06-15T05:50:58.0640000|FOOTPRINT_MISMATCH|bar=859;n_eventos=25;k=25;residual=False;open_blk=23283;open_bar=23283;close_blk=23281;close_bar=23282;low_blk=23281;low_bar=23281;high_blk=23283;high_bar=23283
202|2026-06-15T05:51:41.6200000|FOOTPRINT_MISMATCH|bar=863;n_eventos=25;k=25;residual=False;open_blk=23282;open_bar=23282;close_blk=23283;close_bar=23282;low_blk=23282;low_bar=23282;high_blk=23283;high_bar=23283
203|2026-06-15T05:54:51.9880000|FOOTPRINT_MISMATCH|bar=868;n_eventos=25;k=25;residual=False;open_blk=23281;open_bar=23281;close_blk=23283;close_bar=23284;low_blk=23280;low_bar=23280;high_blk=23283;high_bar=23284
204|2026-06-15T05:56:00.4120000|FOOTPRINT_MISMATCH|bar=869;n_eventos=25;k=25;residual=False;open_blk=23284;open_bar=23283;close_blk=23283;close_bar=23283;low_blk=23282;low_bar=23282;high_blk=23284;high_bar=23284
205|2026-06-15T05:56:00.4120000|FOOTPRINT_MISMATCH|bar=870;n_eventos=25;k=25;residual=False;open_blk=23283;open_bar=23283;close_blk=23282;close_bar=23283;low_blk=23282;low_bar=23282;high_blk=23283;high_bar=23283
206|2026-06-15T05:56:56.4000000|FOOTPRINT_MISMATCH|bar=873;n_eventos=25;k=25;residual=False;open_blk=23285;open_bar=23286;close_blk=23285;close_bar=23285;low_blk=23285;low_bar=23285;high_blk=23286;high_bar=23286
207|2026-06-15T06:01:20.8000000|FOOTPRINT_MISMATCH|bar=884;n_eventos=25;k=25;residual=False;open_blk=23287;open_bar=23287;close_blk=23288;close_bar=23289;low_blk=23286;low_bar=23286;high_blk=23288;high_bar=23289
208|2026-06-15T06:08:52.8440000|FOOTPRINT_MISMATCH|bar=905;n_eventos=25;k=25;residual=False;open_blk=23303;open_bar=23304;close_blk=23303;close_bar=23303;low_blk=23303;low_bar=23303;high_blk=23304;high_bar=23304
209|2026-06-15T06:10:06.0120000|FOOTPRINT_MISMATCH|bar=906;n_eventos=25;k=25;residual=False;open_blk=23303;open_bar=23302;close_blk=23302;close_bar=23302;low_blk=23301;low_bar=23301;high_blk=23303;high_bar=23302
210|2026-06-15T06:11:26.2040000|FOOTPRINT_MISMATCH|bar=909;n_eventos=25;k=25;residual=False;open_blk=23305;open_bar=23305;close_blk=23305;close_bar=23304;low_blk=23304;low_bar=23304;high_blk=23307;high_bar=23307
211|2026-06-15T06:12:49.2040000|FOOTPRINT_MISMATCH|bar=911;n_eventos=25;k=25;residual=False;open_blk=23306;open_bar=23305;close_blk=23304;close_bar=23304;low_blk=23304;low_bar=23304;high_blk=23306;high_bar=23305
212|2026-06-15T06:16:39.0680000|FOOTPRINT_MISMATCH|bar=918;n_eventos=25;k=25;residual=False;open_blk=23296;open_bar=23295;close_blk=23295;close_bar=23295;low_blk=23294;low_bar=23294;high_blk=23296;high_bar=23295
213|2026-06-15T06:20:46.5400000|FOOTPRINT_MISMATCH|bar=922;n_eventos=25;k=25;residual=False;open_blk=23298;open_bar=23297;close_blk=23298;close_bar=23298;low_blk=23297;low_bar=23297;high_blk=23298;high_bar=23298
214|2026-06-15T06:27:19.9760000|FOOTPRINT_MISMATCH|bar=930;n_eventos=25;k=25;residual=False;open_blk=23293;open_bar=23294;close_blk=23292;close_bar=23292;low_blk=23292;low_bar=23292;high_blk=23295;high_bar=23295
215|2026-06-15T06:31:20.6680000|FOOTPRINT_MISMATCH|bar=934;n_eventos=25;k=25;residual=False;open_blk=23296;open_bar=23297;close_blk=23296;close_bar=23296;low_blk=23296;low_bar=23296;high_blk=23297;high_bar=23297
216|2026-06-15T06:32:44.2000000|FOOTPRINT_MISMATCH|bar=935;n_eventos=25;k=25;residual=False;open_blk=23296;open_bar=23295;close_blk=23297;close_bar=23297;low_blk=23295;low_bar=23295;high_blk=23297;high_bar=23297
217|2026-06-15T06:34:41.6160000|FOOTPRINT_MISMATCH|bar=937;n_eventos=25;k=25;residual=False;open_blk=23298;open_bar=23299;close_blk=23300;close_bar=23300;low_blk=23298;low_bar=23298;high_blk=23300;high_bar=23300
218|2026-06-15T06:35:39.9360000|FOOTPRINT_MISMATCH|bar=939;n_eventos=25;k=25;residual=False;open_blk=23299;open_bar=23298;close_blk=23299;close_bar=23300;low_blk=23298;low_bar=23298;high_blk=23300;high_bar=23300
219|2026-06-15T06:40:47.0600000|FOOTPRINT_MISMATCH|bar=949;n_eventos=25;k=25;residual=False;open_blk=23303;open_bar=23302;close_blk=23305;close_bar=23304;low_blk=23302;low_bar=23302;high_blk=23305;high_bar=23305
220|2026-06-15T06:40:47.0600000|FOOTPRINT_MISMATCH|bar=950;n_eventos=25;k=25;residual=False;open_blk=23304;open_bar=23305;close_blk=23303;close_bar=23303;low_blk=23303;low_bar=23303;high_blk=23305;high_bar=23305
221|2026-06-15T06:42:09.2360000|FOOTPRINT_MISMATCH|bar=951;n_eventos=25;k=25;residual=False;open_blk=23303;open_bar=23302;close_blk=23302;close_bar=23302;low_blk=23302;low_bar=23302;high_blk=23303;high_bar=23303
222|2026-06-15T06:44:36.9800000|FOOTPRINT_MISMATCH|bar=954;n_eventos=25;k=25;residual=False;open_blk=23305;open_bar=23304;close_blk=23301;close_bar=23301;low_blk=23301;low_bar=23301;high_blk=23305;high_bar=23304
223|2026-06-15T06:58:02.8320000|FOOTPRINT_MISMATCH|bar=970;n_eventos=25;k=25;residual=False;open_blk=23296;open_bar=23297;close_blk=23297;close_bar=23297;low_blk=23296;low_bar=23296;high_blk=23297;high_bar=23297
224|2026-06-15T06:59:17.3760000|FOOTPRINT_MISMATCH|bar=974;n_eventos=25;k=25;residual=False;open_blk=23298;open_bar=23299;close_blk=23299;close_bar=23299;low_blk=23298;low_bar=23298;high_blk=23300;high_bar=23300
225|2026-06-15T07:00:41.2160000|FOOTPRINT_MISMATCH|bar=975;n_eventos=25;k=25;residual=False;open_blk=23299;open_bar=23298;close_blk=23298;close_bar=23298;low_blk=23297;low_bar=23297;high_blk=23299;high_bar=23298
226|2026-06-15T07:00:41.2160000|FOOTPRINT_MISMATCH|bar=976;n_eventos=25;k=25;residual=False;open_blk=23298;open_bar=23298;close_blk=23298;close_bar=23297;low_blk=23298;low_bar=23297;high_blk=23300;high_bar=23300
227|2026-06-15T07:01:53.7200000|FOOTPRINT_MISMATCH|bar=977;n_eventos=25;k=25;residual=False;open_blk=23297;open_bar=23297;close_blk=23297;close_bar=23298;low_blk=23296;low_bar=23296;high_blk=23297;high_bar=23298
228|2026-06-15T07:05:01.1960000|FOOTPRINT_MISMATCH|bar=980;n_eventos=25;k=25;residual=False;open_blk=23296;open_bar=23295;close_blk=23295;close_bar=23295;low_blk=23295;low_bar=23295;high_blk=23297;high_bar=23297
229|2026-06-15T07:06:39.5560000|FOOTPRINT_MISMATCH|bar=982;n_eventos=25;k=25;residual=False;open_blk=23295;open_bar=23295;close_blk=23295;close_bar=23294;low_blk=23294;low_bar=23294;high_blk=23295;high_bar=23295
230|2026-06-15T07:13:30.9920000|FOOTPRINT_MISMATCH|bar=989;n_eventos=25;k=25;residual=False;open_blk=23293;open_bar=23293;close_blk=23294;close_bar=23295;low_blk=23293;low_bar=23293;high_blk=23294;high_bar=23295
231|2026-06-15T07:15:07.1680000|FOOTPRINT_MISMATCH|bar=990;n_eventos=25;k=25;residual=False;open_blk=23295;open_bar=23294;close_blk=23297;close_bar=23297;low_blk=23294;low_bar=23294;high_blk=23297;high_bar=23297
232|2026-06-15T07:15:42.3360000|FOOTPRINT_MISMATCH|bar=992;n_eventos=25;k=25;residual=False;open_blk=23299;open_bar=23299;close_blk=23300;close_bar=23299;low_blk=23298;low_bar=23298;high_blk=23300;high_bar=23300
233|2026-06-15T07:19:12.0760000|FOOTPRINT_MISMATCH|bar=997;n_eventos=25;k=25;residual=False;open_blk=23302;open_bar=23302;close_blk=23304;close_bar=23303;low_blk=23302;low_bar=23302;high_blk=23304;high_bar=23304
234|2026-06-15T07:20:21.0360000|FOOTPRINT_MISMATCH|bar=999;n_eventos=25;k=25;residual=False;open_blk=23304;open_bar=23305;close_blk=23306;close_bar=23306;low_blk=23304;low_bar=23305;high_blk=23306;high_bar=23306
235|2026-06-15T07:21:31.9200000|FOOTPRINT_MISMATCH|bar=1001;n_eventos=25;k=25;residual=False;open_blk=23305;open_bar=23304;close_blk=23306;close_bar=23306;low_blk=23304;low_bar=23304;high_blk=23306;high_bar=23306
236|2026-06-15T07:33:52.7480000|FOOTPRINT_MISMATCH|bar=1018;n_eventos=25;k=25;residual=False;open_blk=23308;open_bar=23307;close_blk=23307;close_bar=23307;low_blk=23307;low_bar=23307;high_blk=23308;high_bar=23308
237|2026-06-15T07:33:52.7480000|FOOTPRINT_MISMATCH|bar=1019;n_eventos=25;k=25;residual=False;open_blk=23307;open_bar=23307;close_blk=23308;close_bar=23307;low_blk=23306;low_bar=23306;high_blk=23308;high_bar=23308
238|2026-06-15T07:34:36.1240000|FOOTPRINT_MISMATCH|bar=1020;n_eventos=25;k=25;residual=False;open_blk=23307;open_bar=23308;close_blk=23307;close_bar=23309;low_blk=23307;low_bar=23307;high_blk=23308;high_bar=23309
239|2026-06-15T07:37:10.7560000|FOOTPRINT_MISMATCH|bar=1024;n_eventos=25;k=25;residual=False;open_blk=23313;open_bar=23314;close_blk=23312;close_bar=23312;low_blk=23311;low_bar=23311;high_blk=23314;high_bar=23314
240|2026-06-15T07:37:57.5440000|FOOTPRINT_MISMATCH|bar=1026;n_eventos=25;k=25;residual=False;open_blk=23312;open_bar=23313;close_blk=23312;close_bar=23312;low_blk=23312;low_bar=23312;high_blk=23313;high_bar=23313
241|2026-06-15T07:53:07.0800000|FOOTPRINT_MISMATCH|bar=1042;n_eventos=25;k=25;residual=False;open_blk=23307;open_bar=23307;close_blk=23311;close_bar=23310;low_blk=23307;low_bar=23307;high_blk=23312;high_bar=23312
242|2026-06-15T07:59:10.2720000|FOOTPRINT_MISMATCH|bar=1048;n_eventos=25;k=25;residual=False;open_blk=23308;open_bar=23308;close_blk=23308;close_bar=23307;low_blk=23307;low_bar=23307;high_blk=23308;high_bar=23308
243|2026-06-15T07:59:57.1080000|FOOTPRINT_MISMATCH|bar=1049;n_eventos=25;k=25;residual=False;open_blk=23307;open_bar=23306;close_blk=23305;close_bar=23306;low_blk=23305;low_bar=23305;high_blk=23307;high_bar=23307
244|2026-06-15T08:03:00.0640000|FOOTPRINT_MISMATCH|bar=1054;n_eventos=25;k=25;residual=False;open_blk=23310;open_bar=23310;close_blk=23309;close_bar=23308;low_blk=23309;low_bar=23308;high_blk=23310;high_bar=23310
245|2026-06-15T08:18:00.2640000|FOOTPRINT_MISMATCH|bar=1067;n_eventos=25;k=25;residual=False;open_blk=23305;open_bar=23305;close_blk=23305;close_bar=23304;low_blk=23304;low_bar=23304;high_blk=23305;high_bar=23305
246|2026-06-15T08:25:18.5880000|FOOTPRINT_MISMATCH|bar=1077;n_eventos=25;k=25;residual=False;open_blk=23301;open_bar=23301;close_blk=23300;close_bar=23299;low_blk=23300;low_bar=23299;high_blk=23301;high_bar=23301
247|2026-06-15T08:29:22.2480000|FOOTPRINT_MISMATCH|bar=1084;n_eventos=25;k=25;residual=False;open_blk=23301;open_bar=23301;close_blk=23301;close_bar=23300;low_blk=23300;low_bar=23300;high_blk=23302;high_bar=23302
248|2026-06-15T08:31:29.7480000|FOOTPRINT_MISMATCH|bar=1086;n_eventos=25;k=25;residual=False;open_blk=23300;open_bar=23300;close_blk=23302;close_bar=23304;low_blk=23299;low_bar=23299;high_blk=23302;high_bar=23304
249|2026-06-15T08:34:14.7520000|FOOTPRINT_MISMATCH|bar=1089;n_eventos=25;k=25;residual=False;open_blk=23305;open_bar=23305;close_blk=23304;close_bar=23305;low_blk=23304;low_bar=23304;high_blk=23306;high_bar=23306
250|2026-06-15T08:40:34.2080000|FOOTPRINT_MISMATCH|bar=1096;n_eventos=25;k=25;residual=False;open_blk=23301;open_bar=23302;close_blk=23302;close_bar=23302;low_blk=23301;low_bar=23302;high_blk=23303;high_bar=23303
251|2026-06-15T08:43:54.5720000|FOOTPRINT_MISMATCH|bar=1104;n_eventos=25;k=25;residual=False;open_blk=23298;open_bar=23299;close_blk=23297;close_bar=23297;low_blk=23297;low_bar=23297;high_blk=23299;high_bar=23299
252|2026-06-15T08:45:34.3160000|FOOTPRINT_MISMATCH|bar=1108;n_eventos=25;k=25;residual=False;open_blk=23299;open_bar=23298;close_blk=23297;close_bar=23297;low_blk=23297;low_bar=23297;high_blk=23299;high_bar=23299
253|2026-06-15T08:45:59.7000000|FOOTPRINT_MISMATCH|bar=1110;n_eventos=25;k=25;residual=False;open_blk=23300;open_bar=23301;close_blk=23301;close_bar=23301;low_blk=23300;low_bar=23301;high_blk=23302;high_bar=23302
254|2026-06-15T08:50:27.4080000|FOOTPRINT_MISMATCH|bar=1119;n_eventos=25;k=25;residual=False;open_blk=23307;open_bar=23307;close_blk=23307;close_bar=23308;low_blk=23307;low_bar=23307;high_blk=23307;high_bar=23308
255|2026-06-15T08:54:42.2800000|FOOTPRINT_MISMATCH|bar=1127;n_eventos=25;k=25;residual=False;open_blk=23310;open_bar=23310;close_blk=23312;close_bar=23313;low_blk=23310;low_bar=23310;high_blk=23312;high_bar=23313
256|2026-06-15T08:57:30.1600000|FOOTPRINT_MISMATCH|bar=1130;n_eventos=25;k=25;residual=False;open_blk=23308;open_bar=23308;close_blk=23307;close_bar=23306;low_blk=23307;low_bar=23306;high_blk=23308;high_bar=23308
257|2026-06-15T08:57:52.4840000|FOOTPRINT_MISMATCH|bar=1131;n_eventos=25;k=25;residual=False;open_blk=23306;open_bar=23306;close_blk=23306;close_bar=23307;low_blk=23306;low_bar=23306;high_blk=23306;high_bar=23307
258|2026-06-15T09:02:28.0240000|FOOTPRINT_MISMATCH|bar=1142;n_eventos=25;k=25;residual=False;open_blk=23304;open_bar=23304;close_blk=23305;close_bar=23304;low_blk=23304;low_bar=23304;high_blk=23307;high_bar=23307
259|2026-06-15T09:05:06.6440000|FOOTPRINT_MISMATCH|bar=1145;n_eventos=25;k=25;residual=False;open_blk=23308;open_bar=23308;close_blk=23307;close_bar=23306;low_blk=23307;low_bar=23306;high_blk=23309;high_bar=23309
260|2026-06-15T09:06:08.2880000|FOOTPRINT_MISMATCH|bar=1146;n_eventos=25;k=25;residual=False;open_blk=23306;open_bar=23306;close_blk=23310;close_bar=23309;low_blk=23305;low_bar=23305;high_blk=23310;high_bar=23310
261|2026-06-15T09:08:08.7480000|FOOTPRINT_MISMATCH|bar=1148;n_eventos=25;k=25;residual=False;open_blk=23308;open_bar=23308;close_blk=23307;close_bar=23308;low_blk=23307;low_bar=23307;high_blk=23308;high_bar=23308
262|2026-06-15T09:09:36.1880000|FOOTPRINT_MISMATCH|bar=1152;n_eventos=25;k=25;residual=False;open_blk=23302;open_bar=23301;close_blk=23302;close_bar=23302;low_blk=23301;low_bar=23301;high_blk=23302;high_bar=23302
263|2026-06-15T09:10:18.7720000|FOOTPRINT_MISMATCH|bar=1154;n_eventos=25;k=25;residual=False;open_blk=23300;open_bar=23299;close_blk=23301;close_bar=23301;low_blk=23299;low_bar=23299;high_blk=23301;high_bar=23301
264|2026-06-15T09:13:53.8840000|FOOTPRINT_MISMATCH|bar=1164;n_eventos=25;k=25;residual=False;open_blk=23299;open_bar=23299;close_blk=23299;close_bar=23300;low_blk=23299;low_bar=23299;high_blk=23300;high_bar=23300
265|2026-06-15T09:14:23.3120000|FOOTPRINT_MISMATCH|bar=1165;n_eventos=25;k=25;residual=False;open_blk=23300;open_bar=23299;close_blk=23299;close_bar=23299;low_blk=23298;low_bar=23298;high_blk=23300;high_bar=23299
266|2026-06-15T09:14:23.3120000|FOOTPRINT_MISMATCH|bar=1166;n_eventos=25;k=25;residual=False;open_blk=23299;open_bar=23299;close_blk=23301;close_bar=23300;low_blk=23299;low_bar=23299;high_blk=23301;high_bar=23301
267|2026-06-15T09:20:20.8240000|FOOTPRINT_MISMATCH|bar=1179;n_eventos=25;k=25;residual=False;open_blk=23297;open_bar=23298;close_blk=23296;close_bar=23296;low_blk=23296;low_bar=23296;high_blk=23298;high_bar=23298
268|2026-06-15T09:22:33.0240000|FOOTPRINT_MISMATCH|bar=1190;n_eventos=25;k=25;residual=False;open_blk=23297;open_bar=23298;close_blk=23297;close_bar=23297;low_blk=23296;low_bar=23296;high_blk=23298;high_bar=23298
269|2026-06-15T09:22:33.0240000|FOOTPRINT_MISMATCH|bar=1191;n_eventos=25;k=25;residual=False;open_blk=23297;open_bar=23297;close_blk=23298;close_bar=23299;low_blk=23297;low_bar=23297;high_blk=23298;high_bar=23299
270|2026-06-15T09:23:51.2320000|FOOTPRINT_MISMATCH|bar=1193;n_eventos=25;k=25;residual=False;open_blk=23298;open_bar=23298;close_blk=23298;close_bar=23297;low_blk=23297;low_bar=23297;high_blk=23298;high_bar=23298
271|2026-06-15T09:25:01.1520000|FOOTPRINT_MISMATCH|bar=1195;n_eventos=25;k=25;residual=False;open_blk=23296;open_bar=23297;close_blk=23299;close_bar=23299;low_blk=23296;low_bar=23297;high_blk=23300;high_bar=23300
272|2026-06-15T09:25:01.1520000|FOOTPRINT_MISMATCH|bar=1196;n_eventos=25;k=25;residual=False;open_blk=23299;open_bar=23299;close_blk=23299;close_bar=23298;low_blk=23298;low_bar=23298;high_blk=23299;high_bar=23299
273|2026-06-15T09:25:34.6240000|FOOTPRINT_MISMATCH|bar=1197;n_eventos=25;k=25;residual=False;open_blk=23298;open_bar=23299;close_blk=23300;close_bar=23300;low_blk=23298;low_bar=23298;high_blk=23300;high_bar=23300
274|2026-06-15T09:25:35.7160000|FOOTPRINT_MISMATCH|bar=1198;n_eventos=25;k=25;residual=False;open_blk=23300;open_bar=23299;close_blk=23300;close_bar=23300;low_blk=23299;low_bar=23299;high_blk=23300;high_bar=23300
275|2026-06-15T09:30:28.5520000|FOOTPRINT_MISMATCH|bar=1210;n_eventos=25;k=25;residual=False;open_blk=23304;open_bar=23304;close_blk=23304;close_bar=23305;low_blk=23303;low_bar=23303;high_blk=23304;high_bar=23305
276|2026-06-15T09:31:11.3360000|FOOTPRINT_MISMATCH|bar=1212;n_eventos=25;k=25;residual=False;open_blk=23306;open_bar=23306;close_blk=23308;close_bar=23309;low_blk=23306;low_bar=23306;high_blk=23308;high_bar=23309
277|2026-06-15T09:31:46.7880000|FOOTPRINT_MISMATCH|bar=1213;n_eventos=25;k=25;residual=False;open_blk=23309;open_bar=23309;close_blk=23310;close_bar=23309;low_blk=23309;low_bar=23309;high_blk=23310;high_bar=23310
278|2026-06-15T09:33:33.6440000|FOOTPRINT_MISMATCH|bar=1225;n_eventos=25;k=25;residual=False;open_blk=23308;open_bar=23308;close_blk=23307;close_bar=23308;low_blk=23307;low_bar=23307;high_blk=23308;high_bar=23308
279|2026-06-15T09:34:38.4680000|FOOTPRINT_MISMATCH|bar=1227;n_eventos=25;k=25;residual=False;open_blk=23309;open_bar=23308;close_blk=23308;close_bar=23308;low_blk=23308;low_bar=23308;high_blk=23309;high_bar=23308
280|2026-06-15T09:36:09.4640000|FOOTPRINT_MISMATCH|bar=1230;n_eventos=25;k=25;residual=False;open_blk=23309;open_bar=23310;close_blk=23310;close_bar=23310;low_blk=23309;low_bar=23310;high_blk=23310;high_bar=23310
281|2026-06-15T09:44:24.2080000|FOOTPRINT_MISMATCH|bar=1244;n_eventos=25;k=25;residual=False;open_blk=23311;open_bar=23312;close_blk=23309;close_bar=23309;low_blk=23309;low_bar=23309;high_blk=23312;high_bar=23312
282|2026-06-15T09:48:21.8440000|FOOTPRINT_MISMATCH|bar=1261;n_eventos=25;k=25;residual=False;open_blk=23319;open_bar=23319;close_blk=23316;close_bar=23317;low_blk=23316;low_bar=23316;high_blk=23319;high_bar=23319
283|2026-06-15T09:49:02.2960000|FOOTPRINT_MISMATCH|bar=1262;n_eventos=25;k=25;residual=False;open_blk=23317;open_bar=23318;close_blk=23319;close_bar=23319;low_blk=23317;low_bar=23317;high_blk=23319;high_bar=23319
284|2026-06-15T09:52:50.1840000|FOOTPRINT_MISMATCH|bar=1275;n_eventos=25;k=25;residual=False;open_blk=23319;open_bar=23320;close_blk=23319;close_bar=23319;low_blk=23318;low_bar=23318;high_blk=23320;high_bar=23320
285|2026-06-15T09:54:57.3720000|FOOTPRINT_MISMATCH|bar=1282;n_eventos=25;k=25;residual=False;open_blk=23318;open_bar=23318;close_blk=23319;close_bar=23318;low_blk=23317;low_bar=23317;high_blk=23319;high_bar=23319
286|2026-06-15T09:56:01.4000000|FOOTPRINT_MISMATCH|bar=1290;n_eventos=25;k=25;residual=False;open_blk=23322;open_bar=23322;close_blk=23323;close_bar=23322;low_blk=23322;low_bar=23322;high_blk=23323;high_bar=23323
287|2026-06-15T09:56:18.4400000|FOOTPRINT_MISMATCH|bar=1291;n_eventos=25;k=25;residual=False;open_blk=23322;open_bar=23324;close_blk=23322;close_bar=23322;low_blk=23322;low_bar=23322;high_blk=23324;high_bar=23324
288|2026-06-15T09:57:35.2840000|FOOTPRINT_MISMATCH|bar=1299;n_eventos=25;k=25;residual=False;open_blk=23318;open_bar=23319;close_blk=23318;close_bar=23318;low_blk=23318;low_bar=23318;high_blk=23320;high_bar=23320
289|2026-06-15T09:58:34.4200000|FOOTPRINT_MISMATCH|bar=1306;n_eventos=25;k=25;residual=False;open_blk=23315;open_bar=23314;close_blk=23312;close_bar=23313;low_blk=23312;low_bar=23312;high_blk=23315;high_bar=23314
290|2026-06-15T10:00:39.2640000|FOOTPRINT_MISMATCH|bar=1313;n_eventos=25;k=25;residual=False;open_blk=23315;open_bar=23316;close_blk=23317;close_bar=23317;low_blk=23315;low_bar=23316;high_blk=23317;high_bar=23317
291|2026-06-15T10:01:45.0600000|FOOTPRINT_MISMATCH|bar=1315;n_eventos=25;k=25;residual=False;open_blk=23314;open_bar=23313;close_blk=23312;close_bar=23312;low_blk=23312;low_bar=23312;high_blk=23314;high_bar=23313
292|2026-06-15T10:02:15.8600000|FOOTPRINT_MISMATCH|bar=1316;n_eventos=25;k=25;residual=False;open_blk=23312;open_bar=23313;close_blk=23314;close_bar=23314;low_blk=23312;low_bar=23313;high_blk=23314;high_bar=23314
293|2026-06-15T10:02:36.2720000|FOOTPRINT_MISMATCH|bar=1318;n_eventos=25;k=25;residual=False;open_blk=23313;open_bar=23313;close_blk=23311;close_bar=23312;low_blk=23311;low_bar=23311;high_blk=23313;high_bar=23313
294|2026-06-15T10:04:28.5480000|FOOTPRINT_MISMATCH|bar=1324;n_eventos=25;k=25;residual=False;open_blk=23315;open_bar=23316;close_blk=23318;close_bar=23318;low_blk=23315;low_bar=23316;high_blk=23318;high_bar=23318
295|2026-06-15T10:06:11.7120000|FOOTPRINT_MISMATCH|bar=1328;n_eventos=25;k=25;residual=False;open_blk=23313;open_bar=23313;close_blk=23313;close_bar=23314;low_blk=23313;low_bar=23313;high_blk=23313;high_bar=23314
296|2026-06-15T10:11:50.5640000|FOOTPRINT_MISMATCH|bar=1338;n_eventos=25;k=25;residual=False;open_blk=23314;open_bar=23315;close_blk=23316;close_bar=23317;low_blk=23314;low_bar=23315;high_blk=23316;high_bar=23317
297|2026-06-15T10:25:05.0840000|FOOTPRINT_MISMATCH|bar=1364;n_eventos=25;k=25;residual=False;open_blk=23320;open_bar=23320;close_blk=23319;close_bar=23320;low_blk=23319;low_bar=23319;high_blk=23320;high_bar=23320
298|2026-06-15T10:26:26.3040000|FOOTPRINT_MISMATCH|bar=1369;n_eventos=25;k=25;residual=False;open_blk=23318;open_bar=23318;close_blk=23318;close_bar=23319;low_blk=23318;low_bar=23318;high_blk=23318;high_bar=23319
299|2026-06-15T10:31:04.5320000|FOOTPRINT_MISMATCH|bar=1383;n_eventos=25;k=25;residual=False;open_blk=23314;open_bar=23314;close_blk=23316;close_bar=23315;low_blk=23314;low_bar=23314;high_blk=23316;high_bar=23316
300|2026-06-15T10:31:29.0040000|FOOTPRINT_MISMATCH|bar=1385;n_eventos=25;k=25;residual=False;open_blk=23317;open_bar=23317;close_blk=23317;close_bar=23318;low_blk=23317;low_bar=23317;high_blk=23317;high_bar=23318
301|2026-06-15T10:33:29.6960000|FOOTPRINT_MISMATCH|bar=1395;n_eventos=25;k=25;residual=False;open_blk=23313;open_bar=23313;close_blk=23314;close_bar=23313;low_blk=23313;low_bar=23313;high_blk=23314;high_bar=23314
302|2026-06-15T10:34:13.8480000|FOOTPRINT_MISMATCH|bar=1400;n_eventos=25;k=25;residual=False;open_blk=23314;open_bar=23314;close_blk=23316;close_bar=23317;low_blk=23314;low_bar=23314;high_blk=23317;high_bar=23317
303|2026-06-15T10:38:03.8040000|FOOTPRINT_MISMATCH|bar=1417;n_eventos=25;k=25;residual=False;open_blk=23319;open_bar=23320;close_blk=23321;close_bar=23321;low_blk=23319;low_bar=23319;high_blk=23321;high_bar=23321
304|2026-06-15T10:38:36.8280000|FOOTPRINT_MISMATCH|bar=1418;n_eventos=25;k=25;residual=False;open_blk=23321;open_bar=23322;close_blk=23321;close_bar=23321;low_blk=23321;low_bar=23321;high_blk=23322;high_bar=23322
305|2026-06-15T10:38:36.8280000|FOOTPRINT_MISMATCH|bar=1419;n_eventos=25;k=25;residual=False;open_blk=23321;open_bar=23321;close_blk=23322;close_bar=23323;low_blk=23321;low_bar=23321;high_blk=23322;high_bar=23323
306|2026-06-15T10:38:46.9920000|FOOTPRINT_MISMATCH|bar=1420;n_eventos=25;k=25;residual=False;open_blk=23323;open_bar=23322;close_blk=23323;close_bar=23324;low_blk=23322;low_bar=23322;high_blk=23323;high_bar=23324
307|2026-06-15T10:40:24.6360000|FOOTPRINT_MISMATCH|bar=1430;n_eventos=25;k=25;residual=False;open_blk=23326;open_bar=23325;close_blk=23326;close_bar=23326;low_blk=23325;low_bar=23325;high_blk=23326;high_bar=23326
308|2026-06-15T10:42:12.2680000|FOOTPRINT_MISMATCH|bar=1440;n_eventos=25;k=25;residual=False;open_blk=23322;open_bar=23322;close_blk=23322;close_bar=23321;low_blk=23321;low_bar=23321;high_blk=23322;high_bar=23322
309|2026-06-15T10:43:16.5040000|FOOTPRINT_MISMATCH|bar=1444;n_eventos=25;k=25;residual=False;open_blk=23321;open_bar=23322;close_blk=23320;close_bar=23320;low_blk=23320;low_bar=23320;high_blk=23322;high_bar=23322
310|2026-06-15T10:43:54.8040000|FOOTPRINT_MISMATCH|bar=1449;n_eventos=25;k=25;residual=False;open_blk=23316;open_bar=23317;close_blk=23318;close_bar=23318;low_blk=23316;low_bar=23317;high_blk=23318;high_bar=23318
311|2026-06-15T10:44:38.9960000|FOOTPRINT_MISMATCH|bar=1451;n_eventos=25;k=25;residual=False;open_blk=23317;open_bar=23318;close_blk=23317;close_bar=23317;low_blk=23317;low_bar=23317;high_blk=23318;high_bar=23318
312|2026-06-15T10:44:41.6200000|FOOTPRINT_MISMATCH|bar=1452;n_eventos=25;k=25;residual=False;open_blk=23317;open_bar=23318;close_blk=23318;close_bar=23318;low_blk=23317;low_bar=23318;high_blk=23318;high_bar=23318
313|2026-06-15T10:47:06.5840000|FOOTPRINT_MISMATCH|bar=1462;n_eventos=25;k=25;residual=False;open_blk=23317;open_bar=23317;close_blk=23318;close_bar=23319;low_blk=23317;low_bar=23317;high_blk=23318;high_bar=23319
314|2026-06-15T10:51:29.3800000|FOOTPRINT_MISMATCH|bar=1472;n_eventos=25;k=25;residual=False;open_blk=23318;open_bar=23317;close_blk=23318;close_bar=23318;low_blk=23317;low_bar=23317;high_blk=23319;high_bar=23319
315|2026-06-15T10:52:25.5680000|FOOTPRINT_MISMATCH|bar=1478;n_eventos=25;k=25;residual=False;open_blk=23318;open_bar=23318;close_blk=23317;close_bar=23318;low_blk=23317;low_bar=23317;high_blk=23318;high_bar=23318
316|2026-06-15T10:57:30.3800000|FOOTPRINT_MISMATCH|bar=1501;n_eventos=25;k=25;residual=False;open_blk=23315;open_bar=23316;close_blk=23315;close_bar=23315;low_blk=23314;low_bar=23314;high_blk=23316;high_bar=23316
317|2026-06-15T10:58:19.6200000|FOOTPRINT_MISMATCH|bar=1503;n_eventos=25;k=25;residual=False;open_blk=23315;open_bar=23316;close_blk=23317;close_bar=23317;low_blk=23315;low_bar=23316;high_blk=23317;high_bar=23317
318|2026-06-15T11:01:39.0120000|FOOTPRINT_MISMATCH|bar=1515;n_eventos=25;k=25;residual=False;open_blk=23318;open_bar=23317;close_blk=23317;close_bar=23317;low_blk=23316;low_bar=23316;high_blk=23318;high_bar=23317
319|2026-06-15T11:02:02.5920000|FOOTPRINT_MISMATCH|bar=1517;n_eventos=25;k=25;residual=False;open_blk=23317;open_bar=23317;close_blk=23318;close_bar=23317;low_blk=23317;low_bar=23317;high_blk=23318;high_bar=23318
320|2026-06-15T11:02:50.7000000|FOOTPRINT_MISMATCH|bar=1521;n_eventos=25;k=25;residual=False;open_blk=23317;open_bar=23316;close_blk=23316;close_bar=23316;low_blk=23316;low_bar=23316;high_blk=23317;high_bar=23316
321|2026-06-15T11:04:33.0080000|FOOTPRINT_MISMATCH|bar=1524;n_eventos=25;k=25;residual=False;open_blk=23316;open_bar=23316;close_blk=23316;close_bar=23317;low_blk=23316;low_bar=23316;high_blk=23316;high_bar=23317
322|2026-06-15T11:07:15.1760000|FOOTPRINT_MISMATCH|bar=1530;n_eventos=25;k=25;residual=False;open_blk=23319;open_bar=23320;close_blk=23319;close_bar=23319;low_blk=23319;low_bar=23319;high_blk=23320;high_bar=23320
323|2026-06-15T11:10:32.9840000|FOOTPRINT_MISMATCH|bar=1541;n_eventos=25;k=25;residual=False;open_blk=23315;open_bar=23315;close_blk=23316;close_bar=23317;low_blk=23315;low_bar=23315;high_blk=23316;high_bar=23317
324|2026-06-15T11:13:04.5160000|FOOTPRINT_MISMATCH|bar=1547;n_eventos=25;k=25;residual=False;open_blk=23315;open_bar=23314;close_blk=23314;close_bar=23314;low_blk=23314;low_bar=23314;high_blk=23315;high_bar=23314
325|2026-06-15T11:17:01.4400000|FOOTPRINT_MISMATCH|bar=1565;n_eventos=25;k=25;residual=False;open_blk=23313;open_bar=23313;close_blk=23312;close_bar=23311;low_blk=23312;low_bar=23311;high_blk=23313;high_bar=23313
326|2026-06-15T11:17:43.7760000|FOOTPRINT_MISMATCH|bar=1567;n_eventos=25;k=25;residual=False;open_blk=23313;open_bar=23312;close_blk=23311;close_bar=23311;low_blk=23311;low_bar=23311;high_blk=23313;high_bar=23312
327|2026-06-15T11:21:21.6080000|FOOTPRINT_MISMATCH|bar=1584;n_eventos=25;k=25;residual=False;open_blk=23307;open_bar=23307;close_blk=23307;close_bar=23308;low_blk=23307;low_bar=23307;high_blk=23307;high_bar=23308
328|2026-06-15T11:23:51.4840000|FOOTPRINT_MISMATCH|bar=1596;n_eventos=25;k=25;residual=False;open_blk=23303;open_bar=23303;close_blk=23304;close_bar=23305;low_blk=23303;low_bar=23303;high_blk=23304;high_bar=23305
329|2026-06-15T11:28:31.0800000|FOOTPRINT_MISMATCH|bar=1606;n_eventos=25;k=25;residual=False;open_blk=23308;open_bar=23308;close_blk=23307;close_bar=23306;low_blk=23307;low_bar=23306;high_blk=23308;high_bar=23308
330|2026-06-15T11:29:22.0080000|FOOTPRINT_MISMATCH|bar=1608;n_eventos=25;k=25;residual=False;open_blk=23308;open_bar=23307;close_blk=23309;close_bar=23309;low_blk=23307;low_bar=23307;high_blk=23309;high_bar=23309
331|2026-06-15T11:30:40.5960000|FOOTPRINT_MISMATCH|bar=1616;n_eventos=25;k=25;residual=False;open_blk=23311;open_bar=23310;close_blk=23309;close_bar=23309;low_blk=23309;low_bar=23309;high_blk=23311;high_bar=23310
332|2026-06-15T11:33:08.8480000|FOOTPRINT_MISMATCH|bar=1623;n_eventos=25;k=25;residual=False;open_blk=23307;open_bar=23307;close_blk=23306;close_bar=23307;low_blk=23306;low_bar=23306;high_blk=23307;high_bar=23307
333|2026-06-15T11:33:33.3800000|FOOTPRINT_MISMATCH|bar=1624;n_eventos=25;k=25;residual=False;open_blk=23307;open_bar=23306;close_blk=23304;close_bar=23304;low_blk=23304;low_bar=23304;high_blk=23307;high_bar=23306
334|2026-06-15T11:34:01.9040000|FOOTPRINT_MISMATCH|bar=1625;n_eventos=25;k=25;residual=False;open_blk=23304;open_bar=23305;close_blk=23304;close_bar=23304;low_blk=23304;low_bar=23304;high_blk=23305;high_bar=23305
335|2026-06-15T11:34:15.9080000|FOOTPRINT_MISMATCH|bar=1627;n_eventos=25;k=25;residual=False;open_blk=23305;open_bar=23306;close_blk=23304;close_bar=23304;low_blk=23304;low_bar=23304;high_blk=23306;high_bar=23306
336|2026-06-15T11:40:39.7520000|FOOTPRINT_MISMATCH|bar=1647;n_eventos=25;k=25;residual=False;open_blk=23300;open_bar=23300;close_blk=23299;close_bar=23300;low_blk=23299;low_bar=23299;high_blk=23300;high_bar=23300
337|2026-06-15T11:42:52.3280000|FOOTPRINT_MISMATCH|bar=1653;n_eventos=25;k=25;residual=False;open_blk=23296;open_bar=23296;close_blk=23297;close_bar=23298;low_blk=23296;low_bar=23296;high_blk=23297;high_bar=23298
338|2026-06-15T11:43:53.4040000|FOOTPRINT_MISMATCH|bar=1657;n_eventos=25;k=25;residual=False;open_blk=23297;open_bar=23297;close_blk=23298;close_bar=23299;low_blk=23297;low_bar=23297;high_blk=23298;high_bar=23299
339|2026-06-15T11:45:34.4040000|FOOTPRINT_MISMATCH|bar=1661;n_eventos=25;k=25;residual=False;open_blk=23301;open_bar=23302;close_blk=23301;close_bar=23301;low_blk=23301;low_bar=23301;high_blk=23303;high_bar=23303
340|2026-06-15T11:46:54.5960000|FOOTPRINT_MISMATCH|bar=1666;n_eventos=25;k=25;residual=False;open_blk=23296;open_bar=23296;close_blk=23296;close_bar=23297;low_blk=23296;low_bar=23296;high_blk=23297;high_bar=23297
341|2026-06-15T11:49:00.8880000|FOOTPRINT_MISMATCH|bar=1671;n_eventos=25;k=25;residual=False;open_blk=23302;open_bar=23302;close_blk=23302;close_bar=23303;low_blk=23302;low_bar=23302;high_blk=23302;high_bar=23303
342|2026-06-15T11:49:07.7840000|FOOTPRINT_MISMATCH|bar=1672;n_eventos=25;k=25;residual=False;open_blk=23303;open_bar=23303;close_blk=23303;close_bar=23302;low_blk=23302;low_bar=23302;high_blk=23303;high_bar=23303
343|2026-06-15T11:50:58.4440000|FOOTPRINT_MISMATCH|bar=1681;n_eventos=25;k=25;residual=False;open_blk=23305;open_bar=23304;close_blk=23304;close_bar=23304;low_blk=23304;low_bar=23304;high_blk=23305;high_bar=23304
344|2026-06-15T11:52:24.2040000|FOOTPRINT_MISMATCH|bar=1686;n_eventos=25;k=25;residual=False;open_blk=23303;open_bar=23302;close_blk=23302;close_bar=23302;low_blk=23302;low_bar=23302;high_blk=23303;high_bar=23302
345|2026-06-15T11:53:49.4480000|FOOTPRINT_MISMATCH|bar=1697;n_eventos=25;k=25;residual=False;open_blk=23301;open_bar=23300;close_blk=23299;close_bar=23299;low_blk=23299;low_bar=23299;high_blk=23301;high_bar=23300
346|2026-06-15T11:53:49.4480000|FOOTPRINT_MISMATCH|bar=1698;n_eventos=25;k=25;residual=False;open_blk=23299;open_bar=23299;close_blk=23300;close_bar=23299;low_blk=23299;low_bar=23299;high_blk=23300;high_bar=23300
347|2026-06-15T11:54:40.9320000|FOOTPRINT_MISMATCH|bar=1703;n_eventos=25;k=25;residual=False;open_blk=23299;open_bar=23300;close_blk=23300;close_bar=23300;low_blk=23299;low_bar=23300;high_blk=23302;high_bar=23302
348|2026-06-15T11:55:19.0800000|FOOTPRINT_MISMATCH|bar=1708;n_eventos=25;k=25;residual=False;open_blk=23300;open_bar=23301;close_blk=23303;close_bar=23303;low_blk=23300;low_bar=23301;high_blk=23303;high_bar=23303
349|2026-06-15T11:57:30.1600000|FOOTPRINT_MISMATCH|bar=1730;n_eventos=25;k=25;residual=False;open_blk=23305;open_bar=23305;close_blk=23304;close_bar=23305;low_blk=23304;low_bar=23304;high_blk=23305;high_bar=23305
350|2026-06-15T11:57:50.9440000|FOOTPRINT_MISMATCH|bar=1740;n_eventos=25;k=25;residual=False;open_blk=23300;open_bar=23300;close_blk=23303;close_bar=23302;low_blk=23300;low_bar=23300;high_blk=23303;high_bar=23303
351|2026-06-15T11:58:17.3320000|FOOTPRINT_MISMATCH|bar=1741;n_eventos=25;k=25;residual=False;open_blk=23302;open_bar=23301;close_blk=23300;close_bar=23300;low_blk=23300;low_bar=23300;high_blk=23302;high_bar=23301
352|2026-06-15T11:58:48.9760000|FOOTPRINT_MISMATCH|bar=1743;n_eventos=25;k=25;residual=False;open_blk=23301;open_bar=23300;close_blk=23301;close_bar=23301;low_blk=23300;low_bar=23300;high_blk=23301;high_bar=23301
353|2026-06-15T11:59:18.8080000|FOOTPRINT_MISMATCH|bar=1749;n_eventos=25;k=25;residual=False;open_blk=23299;open_bar=23299;close_blk=23300;close_bar=23301;low_blk=23299;low_bar=23299;high_blk=23300;high_bar=23301
354|2026-06-15T11:59:33.0080000|FOOTPRINT_MISMATCH|bar=1750;n_eventos=25;k=25;residual=False;open_blk=23301;open_bar=23300;close_blk=23302;close_bar=23301;low_blk=23300;low_bar=23300;high_blk=23302;high_bar=23302
355|2026-06-15T11:59:46.0080000|FOOTPRINT_MISMATCH|bar=1751;n_eventos=25;k=25;residual=False;open_blk=23301;open_bar=23302;close_blk=23304;close_bar=23304;low_blk=23301;low_bar=23302;high_blk=23304;high_bar=23304
356|2026-06-15T11:59:58.8320000|FOOTPRINT_MISMATCH|bar=1752;n_eventos=25;k=25;residual=False;open_blk=23304;open_bar=23303;close_blk=23302;close_bar=23302;low_blk=23302;low_bar=23302;high_blk=23304;high_bar=23303
357|2026-06-15T12:01:00.8120000|FOOTPRINT_MISMATCH|bar=1760;n_eventos=25;k=25;residual=False;open_blk=23295;open_bar=23295;close_blk=23295;close_bar=23296;low_blk=23295;low_bar=23295;high_blk=23296;high_bar=23296
358|2026-06-15T12:01:06.7960000|FOOTPRINT_MISMATCH|bar=1761;n_eventos=25;k=25;residual=False;open_blk=23296;open_bar=23295;close_blk=23295;close_bar=23295;low_blk=23295;low_bar=23295;high_blk=23296;high_bar=23295
359|2026-06-15T12:03:58.1400000|FOOTPRINT_MISMATCH|bar=1779;n_eventos=25;k=25;residual=False;open_blk=23297;open_bar=23297;close_blk=23298;close_bar=23297;low_blk=23296;low_bar=23296;high_blk=23298;high_bar=23298
360|2026-06-15T12:08:10.5080000|FOOTPRINT_MISMATCH|bar=1788;n_eventos=25;k=25;residual=False;open_blk=23295;open_bar=23295;close_blk=23294;close_bar=23295;low_blk=23294;low_bar=23294;high_blk=23295;high_bar=23295
361|2026-06-15T12:13:03.5960000|FOOTPRINT_MISMATCH|bar=1800;n_eventos=25;k=25;residual=False;open_blk=23294;open_bar=23295;close_blk=23295;close_bar=23295;low_blk=23294;low_bar=23295;high_blk=23295;high_bar=23295
362|2026-06-15T12:18:05.5880000|FOOTPRINT_MISMATCH|bar=1809;n_eventos=25;k=25;residual=False;open_blk=23295;open_bar=23296;close_blk=23296;close_bar=23296;low_blk=23295;low_bar=23295;high_blk=23296;high_bar=23296
363|2026-06-15T12:24:08.2960000|FOOTPRINT_MISMATCH|bar=1826;n_eventos=25;k=25;residual=False;open_blk=23291;open_bar=23291;close_blk=23289;close_bar=23290;low_blk=23289;low_bar=23289;high_blk=23291;high_bar=23291
364|2026-06-15T12:26:52.8440000|FOOTPRINT_MISMATCH|bar=1837;n_eventos=25;k=25;residual=False;open_blk=23289;open_bar=23288;close_blk=23288;close_bar=23288;low_blk=23288;low_bar=23288;high_blk=23289;high_bar=23289
365|2026-06-15T12:27:05.3320000|FOOTPRINT_MISMATCH|bar=1839;n_eventos=25;k=25;residual=False;open_blk=23289;open_bar=23289;close_blk=23291;close_bar=23290;low_blk=23289;low_bar=23289;high_blk=23291;high_bar=23291
366|2026-06-15T12:31:13.0200000|FOOTPRINT_MISMATCH|bar=1851;n_eventos=25;k=25;residual=False;open_blk=23291;open_bar=23289;close_blk=23289;close_bar=23289;low_blk=23289;low_bar=23289;high_blk=23291;high_bar=23290
367|2026-06-15T12:32:44.6240000|FOOTPRINT_MISMATCH|bar=1858;n_eventos=25;k=25;residual=False;open_blk=23287;open_bar=23287;close_blk=23286;close_bar=23285;low_blk=23286;low_bar=23285;high_blk=23287;high_bar=23287
368|2026-06-15T12:36:03.6160000|FOOTPRINT_MISMATCH|bar=1879;n_eventos=25;k=25;residual=False;open_blk=23286;open_bar=23285;close_blk=23286;close_bar=23286;low_blk=23285;low_bar=23285;high_blk=23286;high_bar=23286
369|2026-06-15T12:39:56.8840000|FOOTPRINT_MISMATCH|bar=1888;n_eventos=25;k=25;residual=False;open_blk=23284;open_bar=23285;close_blk=23285;close_bar=23285;low_blk=23284;low_bar=23285;high_blk=23285;high_bar=23285
370|2026-06-15T12:40:40.1080000|FOOTPRINT_MISMATCH|bar=1891;n_eventos=25;k=25;residual=False;open_blk=23284;open_bar=23285;close_blk=23285;close_bar=23285;low_blk=23284;low_bar=23285;high_blk=23285;high_bar=23285
371|2026-06-15T12:46:05.6920000|FOOTPRINT_MISMATCH|bar=1906;n_eventos=25;k=25;residual=False;open_blk=23280;open_bar=23279;close_blk=23279;close_bar=23279;low_blk=23279;low_bar=23279;high_blk=23280;high_bar=23280
372|2026-06-15T12:49:58.0800000|FOOTPRINT_MISMATCH|bar=1915;n_eventos=25;k=25;residual=False;open_blk=23280;open_bar=23279;close_blk=23280;close_bar=23280;low_blk=23278;low_bar=23278;high_blk=23280;high_bar=23280
373|2026-06-15T12:50:27.1880000|FOOTPRINT_MISMATCH|bar=1918;n_eventos=25;k=25;residual=False;open_blk=23279;open_bar=23278;close_blk=23279;close_bar=23279;low_blk=23278;low_bar=23278;high_blk=23279;high_bar=23279
374|2026-06-15T12:54:09.0480000|FOOTPRINT_MISMATCH|bar=1924;n_eventos=25;k=25;residual=False;open_blk=23280;open_bar=23280;close_blk=23280;close_bar=23279;low_blk=23280;low_bar=23279;high_blk=23280;high_bar=23280
375|2026-06-15T12:54:32.5520000|FOOTPRINT_MISMATCH|bar=1925;n_eventos=25;k=25;residual=False;open_blk=23279;open_bar=23280;close_blk=23281;close_bar=23281;low_blk=23279;low_bar=23280;high_blk=23281;high_bar=23281
376|2026-06-15T13:03:17.9920000|FOOTPRINT_MISMATCH|bar=1951;n_eventos=25;k=25;residual=False;open_blk=23282;open_bar=23281;close_blk=23282;close_bar=23282;low_blk=23281;low_bar=23281;high_blk=23282;high_bar=23282
377|2026-06-15T13:05:03.8160000|FOOTPRINT_MISMATCH|bar=1958;n_eventos=25;k=25;residual=False;open_blk=23283;open_bar=23283;close_blk=23283;close_bar=23284;low_blk=23283;low_bar=23283;high_blk=23284;high_bar=23284
378|2026-06-15T13:17:05.5840000|FOOTPRINT_MISMATCH|bar=1983;n_eventos=25;k=25;residual=False;open_blk=23291;open_bar=23291;close_blk=23291;close_bar=23292;low_blk=23291;low_bar=23291;high_blk=23291;high_bar=23292
379|2026-06-15T13:20:49.6600000|FOOTPRINT_MISMATCH|bar=1997;n_eventos=25;k=25;residual=False;open_blk=23288;open_bar=23288;close_blk=23287;close_bar=23288;low_blk=23287;low_bar=23287;high_blk=23288;high_bar=23288
380|2026-06-15T13:24:00.1840000|FOOTPRINT_MISMATCH|bar=2006;n_eventos=25;k=25;residual=False;open_blk=23292;open_bar=23291;close_blk=23291;close_bar=23291;low_blk=23291;low_bar=23291;high_blk=23292;high_bar=23291
381|2026-06-15T13:25:53.0200000|FOOTPRINT_MISMATCH|bar=2010;n_eventos=25;k=25;residual=False;open_blk=23292;open_bar=23292;close_blk=23293;close_bar=23292;low_blk=23291;low_bar=23291;high_blk=23293;high_bar=23293
382|2026-06-15T13:28:00.6360000|FOOTPRINT_MISMATCH|bar=2013;n_eventos=25;k=25;residual=False;open_blk=23292;open_bar=23292;close_blk=23292;close_bar=23293;low_blk=23292;low_bar=23292;high_blk=23292;high_bar=23293
383|2026-06-15T13:32:43.2480000|FOOTPRINT_MISMATCH|bar=2023;n_eventos=25;k=25;residual=False;open_blk=23291;open_bar=23290;close_blk=23290;close_bar=23290;low_blk=23290;low_bar=23290;high_blk=23291;high_bar=23291
384|2026-06-15T13:40:26.0000000|FOOTPRINT_MISMATCH|bar=2041;n_eventos=25;k=25;residual=False;open_blk=23285;open_bar=23286;close_blk=23284;close_bar=23284;low_blk=23284;low_bar=23284;high_blk=23286;high_bar=23286
385|2026-06-15T13:58:36.4960000|FOOTPRINT_MISMATCH|bar=2071;n_eventos=25;k=25;residual=False;open_blk=23293;open_bar=23294;close_blk=23294;close_bar=23294;low_blk=23293;low_bar=23294;high_blk=23294;high_bar=23294
386|2026-06-15T14:00:52.3480000|FOOTPRINT_MISMATCH|bar=2076;n_eventos=25;k=25;residual=False;open_blk=23292;open_bar=23292;close_blk=23292;close_bar=23291;low_blk=23292;low_bar=23291;high_blk=23292;high_bar=23292
387|2026-06-15T14:01:46.5320000|FOOTPRINT_MISMATCH|bar=2078;n_eventos=25;k=25;residual=False;open_blk=23292;open_bar=23292;close_blk=23291;close_bar=23290;low_blk=23291;low_bar=23290;high_blk=23292;high_bar=23292
388|2026-06-15T14:07:39.6920000|FOOTPRINT_MISMATCH|bar=2087;n_eventos=25;k=25;residual=False;open_blk=23288;open_bar=23287;close_blk=23287;close_bar=23287;low_blk=23287;low_bar=23287;high_blk=23288;high_bar=23287
389|2026-06-15T14:07:39.6920000|FOOTPRINT_MISMATCH|bar=2088;n_eventos=25;k=25;residual=False;open_blk=23287;open_bar=23286;close_blk=23286;close_bar=23286;low_blk=23286;low_bar=23286;high_blk=23287;high_bar=23286
390|2026-06-15T14:07:39.7240000|FOOTPRINT_MISMATCH|bar=2090;n_eventos=25;k=25;residual=False;open_blk=23285;open_bar=23286;close_blk=23285;close_bar=23285;low_blk=23284;low_bar=23284;high_blk=23286;high_bar=23286
391|2026-06-15T14:07:41.1760000|FOOTPRINT_MISMATCH|bar=2092;n_eventos=25;k=25;residual=False;open_blk=23284;open_bar=23285;close_blk=23287;close_bar=23287;low_blk=23284;low_bar=23285;high_blk=23287;high_bar=23287
392|2026-06-15T14:11:01.3280000|FOOTPRINT_MISMATCH|bar=2096;n_eventos=25;k=25;residual=False;open_blk=23288;open_bar=23288;close_blk=23286;close_bar=23287;low_blk=23286;low_bar=23286;high_blk=23288;high_bar=23288
393|2026-06-15T14:12:12.0080000|FOOTPRINT_MISMATCH|bar=2097;n_eventos=25;k=25;residual=False;open_blk=23287;open_bar=23287;close_blk=23288;close_bar=23289;low_blk=23287;low_bar=23287;high_blk=23288;high_bar=23289
394|2026-06-15T14:16:40.1680000|FOOTPRINT_MISMATCH|bar=2101;n_eventos=25;k=25;residual=False;open_blk=23289;open_bar=23290;close_blk=23289;close_bar=23289;low_blk=23288;low_bar=23288;high_blk=23290;high_bar=23290
395|2026-06-15T14:23:58.5000000|FOOTPRINT_MISMATCH|bar=2109;n_eventos=25;k=25;residual=False;open_blk=23284;open_bar=23285;close_blk=23285;close_bar=23286;low_blk=23283;low_bar=23283;high_blk=23285;high_bar=23286
396|2026-06-15T14:24:20.7360000|FOOTPRINT_MISMATCH|bar=2110;n_eventos=25;k=25;residual=False;open_blk=23286;open_bar=23286;close_blk=23286;close_bar=23287;low_blk=23286;low_bar=23286;high_blk=23287;high_bar=23287
397|2026-06-15T14:25:24.4280000|FOOTPRINT_MISMATCH|bar=2111;n_eventos=25;k=25;residual=False;open_blk=23287;open_bar=23287;close_blk=23287;close_bar=23288;low_blk=23287;low_bar=23287;high_blk=23287;high_bar=23288
398|2026-06-15T14:28:10.6520000|FOOTPRINT_MISMATCH|bar=2113;n_eventos=25;k=25;residual=False;open_blk=23289;open_bar=23290;close_blk=23288;close_bar=23288;low_blk=23288;low_bar=23288;high_blk=23290;high_bar=23290
399|2026-06-15T14:28:34.2960000|FOOTPRINT_MISMATCH|bar=2114;n_eventos=25;k=25;residual=False;open_blk=23288;open_bar=23289;close_blk=23287;close_bar=23287;low_blk=23287;low_bar=23287;high_blk=23289;high_bar=23289
400|2026-06-15T14:29:59.7760000|FOOTPRINT_MISMATCH|bar=2116;n_eventos=25;k=25;residual=False;open_blk=23288;open_bar=23288;close_blk=23287;close_bar=23286;low_blk=23286;low_bar=23286;high_blk=23288;high_bar=23288
401|2026-06-15T14:34:32.2320000|FOOTPRINT_MISMATCH|bar=2126;n_eventos=25;k=25;residual=False;open_blk=23282;open_bar=23281;close_blk=23281;close_bar=23281;low_blk=23280;low_bar=23280;high_blk=23282;high_bar=23282
402|2026-06-15T14:35:03.0880000|FOOTPRINT_MISMATCH|bar=2128;n_eventos=25;k=25;residual=False;open_blk=23283;open_bar=23283;close_blk=23284;close_bar=23282;low_blk=23283;low_bar=23282;high_blk=23284;high_bar=23284
403|2026-06-15T14:35:50.1480000|FOOTPRINT_MISMATCH|bar=2129;n_eventos=25;k=25;residual=False;open_blk=23282;open_bar=23283;close_blk=23284;close_bar=23284;low_blk=23282;low_bar=23283;high_blk=23284;high_bar=23284
404|2026-06-15T14:40:17.0720000|FOOTPRINT_MISMATCH|bar=2135;n_eventos=25;k=25;residual=False;open_blk=23285;open_bar=23286;close_blk=23285;close_bar=23285;low_blk=23285;low_bar=23285;high_blk=23286;high_bar=23286
405|2026-06-15T14:41:21.7440000|FOOTPRINT_MISMATCH|bar=2136;n_eventos=25;k=25;residual=False;open_blk=23285;open_bar=23284;close_blk=23284;close_bar=23284;low_blk=23284;low_bar=23284;high_blk=23285;high_bar=23285
406|2026-06-15T14:44:05.6720000|FOOTPRINT_MISMATCH|bar=2137;n_eventos=25;k=25;residual=False;open_blk=23284;open_bar=23284;close_blk=23284;close_bar=23285;low_blk=23284;low_bar=23284;high_blk=23285;high_bar=23285
407|2026-06-15T14:44:49.3520000|FOOTPRINT_MISMATCH|bar=2138;n_eventos=25;k=25;residual=False;open_blk=23285;open_bar=23284;close_blk=23284;close_bar=23284;low_blk=23283;low_bar=23283;high_blk=23285;high_bar=23285
408|2026-06-15T14:49:30.3600000|FOOTPRINT_MISMATCH|bar=2143;n_eventos=25;k=25;residual=False;open_blk=23285;open_bar=23286;close_blk=23285;close_bar=23285;low_blk=23284;low_bar=23284;high_blk=23286;high_bar=23286
409|2026-06-15T14:49:34.9040000|FOOTPRINT_MISMATCH|bar=2145;n_eventos=25;k=25;residual=False;open_blk=23286;open_bar=23286;close_blk=23287;close_bar=23286;low_blk=23286;low_bar=23286;high_blk=23287;high_bar=23287
410|2026-06-15T14:59:05.1000000|FOOTPRINT_MISMATCH|bar=2159;n_eventos=25;k=25;residual=False;open_blk=23284;open_bar=23283;close_blk=23282;close_bar=23282;low_blk=23282;low_bar=23282;high_blk=23284;high_bar=23284
411|2026-06-15T15:00:00.8320000|FOOTPRINT_MISMATCH|bar=2160;n_eventos=25;k=25;residual=False;open_blk=23282;open_bar=23283;close_blk=23284;close_bar=23284;low_blk=23282;low_bar=23283;high_blk=23284;high_bar=23284
412|2026-06-15T15:02:59.0800000|FOOTPRINT_MISMATCH|bar=2163;n_eventos=25;k=25;residual=False;open_blk=23282;open_bar=23283;close_blk=23284;close_bar=23284;low_blk=23282;low_bar=23282;high_blk=23284;high_bar=23284
413|2026-06-15T15:02:59.0800000|FOOTPRINT_MISMATCH|bar=2164;n_eventos=25;k=25;residual=False;open_blk=23284;open_bar=23284;close_blk=23283;close_bar=23284;low_blk=23283;low_bar=23283;high_blk=23285;high_bar=23285
414|2026-06-15T15:03:34.3280000|FOOTPRINT_MISMATCH|bar=2166;n_eventos=25;k=25;residual=False;open_blk=23285;open_bar=23285;close_blk=23285;close_bar=23286;low_blk=23285;low_bar=23285;high_blk=23286;high_bar=23286
415|2026-06-15T15:06:01.1160000|FOOTPRINT_MISMATCH|bar=2172;n_eventos=25;k=25;residual=False;open_blk=23290;open_bar=23290;close_blk=23290;close_bar=23291;low_blk=23289;low_bar=23289;high_blk=23290;high_bar=23291
416|2026-06-15T15:06:53.5880000|FOOTPRINT_MISMATCH|bar=2178;n_eventos=25;k=25;residual=False;open_blk=23290;open_bar=23290;close_blk=23289;close_bar=23287;low_blk=23287;low_bar=23287;high_blk=23290;high_bar=23290
417|2026-06-15T15:07:29.2840000|FOOTPRINT_MISMATCH|bar=2179;n_eventos=25;k=25;residual=False;open_blk=23287;open_bar=23288;close_blk=23286;close_bar=23286;low_blk=23286;low_bar=23286;high_blk=23288;high_bar=23288
418|2026-06-15T15:09:14.9720000|FOOTPRINT_MISMATCH|bar=2180;n_eventos=25;k=25;residual=False;open_blk=23286;open_bar=23287;close_blk=23288;close_bar=23288;low_blk=23286;low_bar=23287;high_blk=23288;high_bar=23288
419|2026-06-15T15:13:24.2880000|FOOTPRINT_MISMATCH|bar=2186;n_eventos=25;k=25;residual=False;open_blk=23288;open_bar=23288;close_blk=23289;close_bar=23288;low_blk=23287;low_bar=23287;high_blk=23289;high_bar=23289
420|2026-06-15T15:13:45.5800000|FOOTPRINT_MISMATCH|bar=2188;n_eventos=25;k=25;residual=False;open_blk=23288;open_bar=23287;close_blk=23288;close_bar=23288;low_blk=23287;low_bar=23287;high_blk=23289;high_bar=23289
421|2026-06-15T15:15:46.3080000|FOOTPRINT_MISMATCH|bar=2192;n_eventos=25;k=25;residual=False;open_blk=23287;open_bar=23288;close_blk=23288;close_bar=23288;low_blk=23287;low_bar=23287;high_blk=23288;high_bar=23288
422|2026-06-15T15:17:07.3680000|FOOTPRINT_MISMATCH|bar=2195;n_eventos=25;k=25;residual=False;open_blk=23287;open_bar=23287;close_blk=23288;close_bar=23287;low_blk=23286;low_bar=23286;high_blk=23288;high_bar=23288
423|2026-06-15T15:19:02.1080000|FOOTPRINT_MISMATCH|bar=2199;n_eventos=25;k=25;residual=False;open_blk=23285;open_bar=23286;close_blk=23285;close_bar=23285;low_blk=23285;low_bar=23285;high_blk=23287;high_bar=23287
424|2026-06-15T15:19:34.1960000|FOOTPRINT_MISMATCH|bar=2200;n_eventos=25;k=25;residual=False;open_blk=23285;open_bar=23285;close_blk=23284;close_bar=23285;low_blk=23284;low_bar=23284;high_blk=23285;high_bar=23285
425|2026-06-15T15:23:55.7680000|FOOTPRINT_MISMATCH|bar=2208;n_eventos=25;k=25;residual=False;open_blk=23286;open_bar=23285;close_blk=23284;close_bar=23284;low_blk=23284;low_bar=23284;high_blk=23286;high_bar=23286
426|2026-06-15T15:29:47.1520000|FOOTPRINT_MISMATCH|bar=2221;n_eventos=25;k=25;residual=False;open_blk=23281;open_bar=23281;close_blk=23281;close_bar=23280;low_blk=23281;low_bar=23280;high_blk=23281;high_bar=23281
427|2026-06-15T15:30:43.3880000|FOOTPRINT_MISMATCH|bar=2223;n_eventos=25;k=25;residual=False;open_blk=23280;open_bar=23280;close_blk=23280;close_bar=23279;low_blk=23279;low_bar=23279;high_blk=23280;high_bar=23280
428|2026-06-15T15:35:38.1680000|FOOTPRINT_MISMATCH|bar=2243;n_eventos=25;k=25;residual=False;open_blk=23277;open_bar=23277;close_blk=23277;close_bar=23276;low_blk=23277;low_bar=23276;high_blk=23277;high_bar=23277
429|2026-06-15T15:35:44.3680000|FOOTPRINT_MISMATCH|bar=2244;n_eventos=25;k=25;residual=False;open_blk=23276;open_bar=23277;close_blk=23277;close_bar=23277;low_blk=23276;low_bar=23277;high_blk=23278;high_bar=23278
430|2026-06-15T15:36:42.2680000|FOOTPRINT_MISMATCH|bar=2246;n_eventos=25;k=25;residual=False;open_blk=23277;open_bar=23276;close_blk=23276;close_bar=23276;low_blk=23276;low_bar=23276;high_blk=23277;high_bar=23276
431|2026-06-15T15:38:40.3440000|FOOTPRINT_MISMATCH|bar=2252;n_eventos=25;k=25;residual=False;open_blk=23276;open_bar=23277;close_blk=23277;close_bar=23277;low_blk=23276;low_bar=23277;high_blk=23277;high_bar=23277
432|2026-06-15T15:41:00.4120000|FOOTPRINT_MISMATCH|bar=2259;n_eventos=25;k=25;residual=False;open_blk=23276;open_bar=23277;close_blk=23276;close_bar=23276;low_blk=23276;low_bar=23276;high_blk=23277;high_bar=23277
433|2026-06-15T15:41:51.0480000|FOOTPRINT_MISMATCH|bar=2262;n_eventos=25;k=25;residual=False;open_blk=23276;open_bar=23276;close_blk=23276;close_bar=23277;low_blk=23276;low_bar=23276;high_blk=23276;high_bar=23277
434|2026-06-15T15:45:13.6480000|FOOTPRINT_MISMATCH|bar=2272;n_eventos=25;k=25;residual=False;open_blk=23277;open_bar=23277;close_blk=23278;close_bar=23277;low_blk=23277;low_bar=23277;high_blk=23278;high_bar=23278
435|2026-06-15T15:49:39.7640000|FOOTPRINT_MISMATCH|bar=2285;n_eventos=25;k=25;residual=False;open_blk=23278;open_bar=23277;close_blk=23279;close_bar=23279;low_blk=23277;low_bar=23277;high_blk=23279;high_bar=23279
436|2026-06-15T15:49:54.5640000|FOOTPRINT_MISMATCH|bar=2288;n_eventos=25;k=25;residual=False;open_blk=23279;open_bar=23279;close_blk=23278;close_bar=23279;low_blk=23278;low_bar=23278;high_blk=23279;high_bar=23279
437|2026-06-15T15:49:57.6320000|FOOTPRINT_MISMATCH|bar=2289;n_eventos=25;k=25;residual=False;open_blk=23279;open_bar=23278;close_blk=23279;close_bar=23279;low_blk=23278;low_bar=23278;high_blk=23279;high_bar=23279
438|2026-06-15T15:50:30.8080000|FOOTPRINT_MISMATCH|bar=2293;n_eventos=25;k=25;residual=False;open_blk=23279;open_bar=23279;close_blk=23278;close_bar=23279;low_blk=23278;low_bar=23278;high_blk=23279;high_bar=23279
439|2026-06-15T15:53:37.2880000|FOOTPRINT_MISMATCH|bar=2322;n_eventos=25;k=25;residual=False;open_blk=23278;open_bar=23279;close_blk=23279;close_bar=23279;low_blk=23278;low_bar=23279;high_blk=23279;high_bar=23279
440|2026-06-15T15:53:41.4920000|FOOTPRINT_MISMATCH|bar=2324;n_eventos=25;k=25;residual=False;open_blk=23279;open_bar=23279;close_blk=23280;close_bar=23279;low_blk=23279;low_bar=23279;high_blk=23280;high_bar=23280
441|2026-06-15T15:55:07.2920000|FOOTPRINT_MISMATCH|bar=2332;n_eventos=25;k=25;residual=False;open_blk=23277;open_bar=23276;close_blk=23276;close_bar=23276;low_blk=23276;low_bar=23276;high_blk=23277;high_bar=23277
442|2026-06-15T15:57:32.7840000|FOOTPRINT_MISMATCH|bar=2345;n_eventos=25;k=25;residual=False;open_blk=23275;open_bar=23276;close_blk=23276;close_bar=23276;low_blk=23275;low_bar=23276;high_blk=23276;high_bar=23276
443|2026-06-15T15:59:11.1000000|FOOTPRINT_MISMATCH|bar=2363;n_eventos=25;k=25;residual=False;open_blk=23273;open_bar=23273;close_blk=23273;close_bar=23272;low_blk=23272;low_bar=23272;high_blk=23273;high_bar=23273
444|2026-06-15T15:59:16.0080000|FOOTPRINT_MISMATCH|bar=2364;n_eventos=25;k=25;residual=False;open_blk=23272;open_bar=23272;close_blk=23272;close_bar=23273;low_blk=23272;low_bar=23272;high_blk=23273;high_bar=23273
445|2026-06-15T15:59:24.2640000|FOOTPRINT_MISMATCH|bar=2367;n_eventos=25;k=25;residual=False;open_blk=23272;open_bar=23272;close_blk=23273;close_bar=23272;low_blk=23272;low_bar=23272;high_blk=23273;high_bar=23273
446|2026-06-15T15:59:58.0120000|FOOTPRINT_MISMATCH|bar=2385;n_eventos=25;k=25;residual=False;open_blk=23272;open_bar=23273;close_blk=23272;close_bar=23272;low_blk=23272;low_bar=23272;high_blk=23273;high_bar=23273
447|2026-06-15T16:00:15.4120000|FOOTPRINT_MISMATCH|bar=2391;n_eventos=25;k=25;residual=False;open_blk=23276;open_bar=23276;close_blk=23275;close_bar=23276;low_blk=23275;low_bar=23275;high_blk=23276;high_bar=23276
448|2026-06-15T16:00:44.7640000|FOOTPRINT_MISMATCH|bar=2393;n_eventos=25;k=25;residual=False;open_blk=23275;open_bar=23276;close_blk=23276;close_bar=23276;low_blk=23275;low_bar=23276;high_blk=23276;high_bar=23276
449|2026-06-15T16:01:26.4840000|FOOTPRINT_MISMATCH|bar=2395;n_eventos=25;k=25;residual=False;open_blk=23276;open_bar=23276;close_blk=23275;close_bar=23274;low_blk=23275;low_bar=23274;high_blk=23276;high_bar=23276
450|2026-06-15T16:01:46.6880000|FOOTPRINT_MISMATCH|bar=2396;n_eventos=25;k=25;residual=False;open_blk=23274;open_bar=23275;close_blk=23273;close_bar=23273;low_blk=23273;low_bar=23273;high_blk=23275;high_bar=23275
451|2026-06-15T16:02:37.5640000|FOOTPRINT_MISMATCH|bar=2397;n_eventos=25;k=25;residual=False;open_blk=23273;open_bar=23272;close_blk=23274;close_bar=23273;low_blk=23272;low_bar=23272;high_blk=23274;high_bar=23274
452|2026-06-15T16:02:37.5640000|FOOTPRINT_MISMATCH|bar=2398;n_eventos=25;k=25;residual=False;open_blk=23273;open_bar=23274;close_blk=23274;close_bar=23274;low_blk=23273;low_bar=23274;high_blk=23275;high_bar=23275
453|2026-06-15T16:02:53.7600000|FOOTPRINT_MISMATCH|bar=2399;n_eventos=25;k=25;residual=False;open_blk=23274;open_bar=23274;close_blk=23272;close_bar=23273;low_blk=23272;low_bar=23272;high_blk=23274;high_bar=23274
454|2026-06-15T16:03:15.1960000|FOOTPRINT_MISMATCH|bar=2400;n_eventos=25;k=25;residual=False;open_blk=23273;open_bar=23272;close_blk=23273;close_bar=23273;low_blk=23272;low_bar=23272;high_blk=23273;high_bar=23273
455|2026-06-15T16:03:15.1960000|FOOTPRINT_MISMATCH|bar=2401;n_eventos=25;k=25;residual=False;open_blk=23273;open_bar=23274;close_blk=23273;close_bar=23273;low_blk=23273;low_bar=23273;high_blk=23274;high_bar=23274
456|2026-06-15T16:04:25.5440000|FOOTPRINT_MISMATCH|bar=2405;n_eventos=25;k=25;residual=False;open_blk=23268;open_bar=23267;close_blk=23266;close_bar=23266;low_blk=23266;low_bar=23266;high_blk=23268;high_bar=23267
457|2026-06-15T16:09:21.0440000|FOOTPRINT_MISMATCH|bar=2424;n_eventos=25;k=25;residual=False;open_blk=23272;open_bar=23271;close_blk=23272;close_bar=23272;low_blk=23271;low_bar=23271;high_blk=23272;high_bar=23272
458|2026-06-15T16:11:56.2400000|FOOTPRINT_MISMATCH|bar=2431;n_eventos=25;k=25;residual=False;open_blk=23268;open_bar=23268;close_blk=23269;close_bar=23268;low_blk=23268;low_bar=23268;high_blk=23270;high_bar=23270
459|2026-06-15T16:13:15.6800000|FOOTPRINT_MISMATCH|bar=2432;n_eventos=25;k=25;residual=False;open_blk=23268;open_bar=23270;close_blk=23268;close_bar=23268;low_blk=23267;low_bar=23267;high_blk=23270;high_bar=23270
460|2026-06-15T16:13:15.6800000|FOOTPRINT_MISMATCH|bar=2433;n_eventos=25;k=25;residual=False;open_blk=23268;open_bar=23268;close_blk=23269;close_bar=23270;low_blk=23268;low_bar=23268;high_blk=23270;high_bar=23270
461|2026-06-15T16:24:32.9240000|FOOTPRINT_MISMATCH|bar=2446;n_eventos=25;k=25;residual=False;open_blk=23270;open_bar=23270;close_blk=23270;close_bar=23271;low_blk=23269;low_bar=23269;high_blk=23270;high_bar=23271
462|2026-06-15T16:25:17.4760000|FOOTPRINT_MISMATCH|bar=2447;n_eventos=25;k=25;residual=False;open_blk=23271;open_bar=23271;close_blk=23269;close_bar=23268;low_blk=23268;low_bar=23268;high_blk=23271;high_bar=23271
463|2026-06-15T16:25:27.6880000|FOOTPRINT_MISMATCH|bar=2448;n_eventos=25;k=25;residual=False;open_blk=23268;open_bar=23268;close_blk=23269;close_bar=23268;low_blk=23268;low_bar=23268;high_blk=23269;high_bar=23269
464|2026-06-15T16:27:01.1480000|FOOTPRINT_MISMATCH|bar=2449;n_eventos=25;k=25;residual=False;open_blk=23268;open_bar=23269;close_blk=23269;close_bar=23269;low_blk=23268;low_bar=23268;high_blk=23269;high_bar=23269
465|2026-06-15T16:33:45.5120000|FOOTPRINT_MISMATCH|bar=2461;n_eventos=25;k=25;residual=False;open_blk=23272;open_bar=23272;close_blk=23272;close_bar=23271;low_blk=23272;low_bar=23271;high_blk=23273;high_bar=23273
466|2026-06-15T16:38:17.3080000|FOOTPRINT_MISMATCH|bar=2465;n_eventos=25;k=25;residual=False;open_blk=23269;open_bar=23270;close_blk=23271;close_bar=23271;low_blk=23269;low_bar=23270;high_blk=23271;high_bar=23271
467|2026-06-15T16:45:18.0040000|FOOTPRINT_MISMATCH|bar=2471;n_eventos=25;k=25;residual=False;open_blk=23270;open_bar=23270;close_blk=23271;close_bar=23272;low_blk=23270;low_bar=23270;high_blk=23271;high_bar=23272
468|2026-06-15T16:54:34.7320000|FOOTPRINT_MISMATCH|bar=2482;n_eventos=25;k=25;residual=False;open_blk=23268;open_bar=23268;close_blk=23268;close_bar=23269;low_blk=23267;low_bar=23267;high_blk=23268;high_bar=23269
469|2026-06-15T16:55:02.2400000|FOOTPRINT_MISMATCH|bar=2483;n_eventos=25;k=25;residual=False;open_blk=23269;open_bar=23267;close_blk=23266;close_bar=23267;low_blk=23266;low_bar=23266;high_blk=23269;high_bar=23267
470|2026-06-15T16:55:19.4000000|FOOTPRINT_MISMATCH|bar=2484;n_eventos=25;k=25;residual=False;open_blk=23267;open_bar=23266;close_blk=23266;close_bar=23266;low_blk=23265;low_bar=23265;high_blk=23267;high_bar=23267
471|2026-06-15T16:55:45.6440000|FOOTPRINT_MISMATCH|bar=2485;n_eventos=25;k=25;residual=False;open_blk=23266;open_bar=23266;close_blk=23265;close_bar=23264;low_blk=23265;low_bar=23264;high_blk=23266;high_bar=23266
472|2026-06-15T16:56:30.5480000|FOOTPRINT_MISMATCH|bar=2493;n_eventos=25;k=25;residual=False;open_blk=23262;open_bar=23262;close_blk=23261;close_bar=23262;low_blk=23261;low_bar=23261;high_blk=23262;high_bar=23262
473|2026-06-15T16:59:01.9800000|FOOTPRINT_MISMATCH|bar=2509;n_eventos=25;k=25;residual=False;open_blk=23257;open_bar=23257;close_blk=23258;close_bar=23257;low_blk=23257;low_bar=23257;high_blk=23258;high_bar=23258
474|2026-06-15T17:00:56.4680000|FOOTPRINT_MISMATCH|bar=2526;n_eventos=25;k=25;residual=False;open_blk=23252;open_bar=23253;close_blk=23253;close_bar=23253;low_blk=23252;low_bar=23252;high_blk=23253;high_bar=23253
475|2026-06-15T17:04:19.6000000|FOOTPRINT_MISMATCH|bar=2536;n_eventos=25;k=25;residual=False;open_blk=23258;open_bar=23259;close_blk=23258;close_bar=23258;low_blk=23258;low_bar=23258;high_blk=23259;high_bar=23259
476|2026-06-15T17:04:26.3960000|FOOTPRINT_MISMATCH|bar=2538;n_eventos=25;k=25;residual=False;open_blk=23256;open_bar=23257;close_blk=23258;close_bar=23258;low_blk=23256;low_bar=23257;high_blk=23258;high_bar=23258
477|2026-06-15T17:10:08.7000000|FOOTPRINT_MISMATCH|bar=2543;n_eventos=25;k=25;residual=False;open_blk=23260;open_bar=23260;close_blk=23259;close_bar=23260;low_blk=23259;low_bar=23259;high_blk=23260;high_bar=23260
478|2026-06-15T17:15:05.6560000|FOOTPRINT_MISMATCH|bar=2544;n_eventos=25;k=25;residual=False;open_blk=23260;open_bar=23259;close_blk=23260;close_bar=23260;low_blk=23259;low_bar=23259;high_blk=23260;high_bar=23260
479|2026-06-15T17:38:40.7840000|FOOTPRINT_MISMATCH|bar=2559;n_eventos=25;k=25;residual=False;open_blk=23261;open_bar=23261;close_blk=23259;close_bar=23260;low_blk=23259;low_bar=23259;high_blk=23261;high_bar=23261
480|2026-06-15T17:51:34.4960000|FOOTPRINT_MISMATCH|bar=2566;n_eventos=25;k=25;residual=False;open_blk=23259;open_bar=23259;close_blk=23262;close_bar=23261;low_blk=23259;low_bar=23259;high_blk=23262;high_bar=23262
481|2026-06-15T17:55:01.1000000|FOOTPRINT_MISMATCH|bar=2567;n_eventos=25;k=25;residual=False;open_blk=23261;open_bar=23261;close_blk=23261;close_bar=23260;low_blk=23260;low_bar=23260;high_blk=23262;high_bar=23262
482|2026-06-15T17:59:42.0040000|FOOTPRINT_MISMATCH|bar=2568;n_eventos=25;k=25;residual=False;open_blk=23260;open_bar=23263;close_blk=23264;close_bar=23264;low_blk=23260;low_bar=23261;high_blk=23264;high_bar=23264
483|2026-06-15T17:59:42.0040000|FOOTPRINT_MISMATCH|bar=2569;n_eventos=25;k=25;residual=False;open_blk=23264;open_bar=23263;close_blk=23262;close_bar=23263;low_blk=23262;low_bar=23262;high_blk=23264;high_bar=23263
484|2026-06-15T19:00:00.0400000|SESION_RESINCRONIZADA|zonas_suprimidas=2086;mismatch_acumulado=484
485|2026-06-15T19:00:01.6680000|FOOTPRINT_MISMATCH|bar=2571;n_eventos=15;k=25;residual=True;open_blk=23264;open_bar=23265;close_blk=23263;close_bar=23263;low_blk=23263;low_bar=23263;high_blk=23266;high_bar=23266
486|2026-06-15T19:10:20.9320000|TRAP|bar=2579;side=trapped_sellers;vol=7;centroid=1.16305;zone_lo=1.163025;zone_hi=1.163075;n_rows=1;max_ratio=7;close=1.1631;bar_vol=44;fp_vol=44;n_quote=25;n_rule=0
487|2026-06-15T20:18:00.7560000|TRAP|bar=2596;side=trapped_buyers;vol=31;centroid=1.16325;zone_lo=1.163225;zone_hi=1.163275;n_rows=1;max_ratio=31;close=1.1632;bar_vol=51;fp_vol=51;n_quote=25;n_rule=0
488|2026-06-15T20:18:00.7560000|ZONE_CREATED|zone_id=2596_B;created_bar=2596;side=trapped_buyers;lo=1.163225;hi=1.163275;vol=31
489|2026-06-15T20:29:55.7440000|ZONE_TOUCHED|zone_id=2596_B;created_bar=2596;side=trapped_buyers;lo=1.163225;hi=1.163275;vol=31;bar=2598;touches=1
490|2026-06-15T20:29:55.7440000|ZONE_INVALIDATED|zone_id=2596_B;created_bar=2596;side=trapped_buyers;lo=1.163225;hi=1.163275;vol=31;reason=close_through;bar=2598
491|2026-06-15T20:46:25.6440000|TRAP|bar=2601;side=trapped_sellers;vol=9;centroid=1.1634;zone_lo=1.163375;zone_hi=1.163425;n_rows=1;max_ratio=3;close=1.16355;bar_vol=33;fp_vol=33;n_quote=25;n_rule=0
492|2026-06-15T20:55:06.4200000|TRAP|bar=2604;side=trapped_buyers;vol=16;centroid=1.16335;zone_lo=1.163325;zone_hi=1.163375;n_rows=1;max_ratio=16;close=1.1633;bar_vol=38;fp_vol=38;n_quote=25;n_rule=0
493|2026-06-15T21:54:41.1680000|TRAP|bar=2621;side=trapped_buyers;vol=6;centroid=1.1633;zone_lo=1.163275;zone_hi=1.163325;n_rows=1;max_ratio=3;close=1.1632;bar_vol=57;fp_vol=57;n_quote=25;n_rule=0
494|2026-06-15T21:58:30.6920000|TRAP|bar=2624;side=trapped_sellers;vol=24;centroid=1.16315;zone_lo=1.163125;zone_hi=1.163175;n_rows=1;max_ratio=24;close=1.1633;bar_vol=60;fp_vol=60;n_quote=25;n_rule=0
495|2026-06-15T22:01:57.0920000|TRAP|bar=2629;side=trapped_buyers;vol=10;centroid=1.1636;zone_lo=1.163575;zone_hi=1.163625;n_rows=1;max_ratio=10;close=1.1635;bar_vol=35;fp_vol=35;n_quote=25;n_rule=0
496|2026-06-15T22:01:57.0920000|TRAP|bar=2629;side=trapped_sellers;vol=12;centroid=1.16345;zone_lo=1.163425;zone_hi=1.163475;n_rows=1;max_ratio=12;close=1.1635;bar_vol=35;fp_vol=35;n_quote=25;n_rule=0
497|2026-06-15T22:03:07.4440000|TRAP|bar=2632;side=trapped_buyers;vol=23;centroid=1.1637;zone_lo=1.163675;zone_hi=1.163725;n_rows=1;max_ratio=3.28571428571429;close=1.1636;bar_vol=45;fp_vol=45;n_quote=25;n_rule=0
498|2026-06-15T22:05:00.0640000|TRAP|bar=2633;side=trapped_sellers;vol=29;centroid=1.16355;zone_lo=1.163525;zone_hi=1.163575;n_rows=1;max_ratio=9.66666666666667;close=1.1636;bar_vol=39;fp_vol=39;n_quote=25;n_rule=0
499|2026-06-15T22:42:17.1240000|TRAP|bar=2651;side=trapped_buyers;vol=3;centroid=1.16315;zone_lo=1.163125;zone_hi=1.163175;n_rows=1;max_ratio=3;close=1.163;bar_vol=36;fp_vol=36;n_quote=25;n_rule=0
500|2026-06-15T22:42:51.5560000|TRAP|bar=2654;side=trapped_buyers;vol=57;centroid=1.16315;zone_lo=1.163125;zone_hi=1.163175;n_rows=1;max_ratio=5.7;close=1.1631;bar_vol=69;fp_vol=69;n_quote=25;n_rule=0
501|2026-06-15T22:42:51.5560000|ZONE_CREATED|zone_id=2654_B;created_bar=2654;side=trapped_buyers;lo=1.163125;hi=1.163175;vol=57
502|2026-06-15T22:43:20.9280000|ZONE_TOUCHED|zone_id=2654_B;created_bar=2654;side=trapped_buyers;lo=1.163125;hi=1.163175;vol=57;bar=2655;touches=1
503|2026-06-15T22:43:20.9280000|ZONE_INVALIDATED|zone_id=2654_B;created_bar=2654;side=trapped_buyers;lo=1.163125;hi=1.163175;vol=57;reason=close_through;bar=2655
504|2026-06-15T23:07:56.0440000|TRAP|bar=2666;side=trapped_sellers;vol=13;centroid=1.1627;zone_lo=1.162675;zone_hi=1.162725;n_rows=1;max_ratio=3.25;close=1.1628;bar_vol=33;fp_vol=33;n_quote=25;n_rule=0
505|2026-06-15T23:17:08.9360000|TRAP|bar=2671;side=trapped_sellers;vol=20;centroid=1.1627;zone_lo=1.162675;zone_hi=1.162725;n_rows=1;max_ratio=20;close=1.16275;bar_vol=42;fp_vol=42;n_quote=25;n_rule=0
506|2026-06-15T23:36:10.8000000|TRAP|bar=2681;side=trapped_buyers;vol=36;centroid=1.163;zone_lo=1.162975;zone_hi=1.163025;n_rows=1;max_ratio=18;close=1.16295;bar_vol=48;fp_vol=48;n_quote=25;n_rule=0
507|2026-06-15T23:36:10.8000000|ZONE_CREATED|zone_id=2681_B;created_bar=2681;side=trapped_buyers;lo=1.162975;hi=1.163025;vol=36
508|2026-06-15T23:37:58.6880000|ZONE_TOUCHED|zone_id=2681_B;created_bar=2681;side=trapped_buyers;lo=1.162975;hi=1.163025;vol=36;bar=2682;touches=1
509|2026-06-15T23:45:49.7520000|ZONE_TOUCHED|zone_id=2681_B;created_bar=2681;side=trapped_buyers;lo=1.162975;hi=1.163025;vol=36;bar=2683;touches=2
510|2026-06-15T23:45:49.7520000|ZONE_INVALIDATED|zone_id=2681_B;created_bar=2681;side=trapped_buyers;lo=1.162975;hi=1.163025;vol=36;reason=close_through;bar=2683
511|2026-06-15T23:45:49.7520000|TRAP|bar=2683;side=trapped_sellers;vol=9;centroid=1.16295;zone_lo=1.162925;zone_hi=1.162975;n_rows=1;max_ratio=3;close=1.1631;bar_vol=39;fp_vol=39;n_quote=25;n_rule=0
512|2026-06-16T00:02:07.8160000|TRAP|bar=2688;side=trapped_sellers;vol=16;centroid=1.16285;zone_lo=1.162825;zone_hi=1.162875;n_rows=1;max_ratio=16;close=1.163;bar_vol=39;fp_vol=39;n_quote=25;n_rule=0
513|2026-06-16T00:04:52.6720000|TRAP|bar=2689;side=trapped_buyers;vol=8;centroid=1.163;zone_lo=1.162975;zone_hi=1.163025;n_rows=1;max_ratio=8;close=1.1629;bar_vol=32;fp_vol=32;n_quote=25;n_rule=0
514|2026-06-16T00:56:32.8560000|TRAP|bar=2702;side=trapped_sellers;vol=9;centroid=1.16285;zone_lo=1.162825;zone_hi=1.162875;n_rows=1;max_ratio=4.5;close=1.16305;bar_vol=51;fp_vol=51;n_quote=25;n_rule=0
515|2026-06-16T01:19:37.7040000|TRAP|bar=2716;side=trapped_sellers;vol=11;centroid=1.16225;zone_lo=1.162225;zone_hi=1.162275;n_rows=1;max_ratio=5.5;close=1.1623;bar_vol=51;fp_vol=51;n_quote=25;n_rule=0
516|2026-06-16T01:26:39.3840000|TRAP|bar=2723;side=trapped_sellers;vol=35;centroid=1.1618;zone_lo=1.161775;zone_hi=1.161825;n_rows=1;max_ratio=11.6666666666667;close=1.16185;bar_vol=45;fp_vol=45;n_quote=25;n_rule=0
517|2026-06-16T01:26:39.3840000|ZONE_CREATED|zone_id=2723_S;created_bar=2723;side=trapped_sellers;lo=1.161775;hi=1.161825;vol=35
518|2026-06-16T01:29:17.6560000|ZONE_TOUCHED|zone_id=2723_S;created_bar=2723;side=trapped_sellers;lo=1.161775;hi=1.161825;vol=35;bar=2724;touches=1
519|2026-06-16T01:31:09.2560000|ZONE_TOUCHED|zone_id=2723_S;created_bar=2723;side=trapped_sellers;lo=1.161775;hi=1.161825;vol=35;bar=2725;touches=2
520|2026-06-16T01:35:57.9840000|TRAP|bar=2728;side=trapped_buyers;vol=10;centroid=1.1622;zone_lo=1.162175;zone_hi=1.162225;n_rows=1;max_ratio=10;close=1.16195;bar_vol=48;fp_vol=48;n_quote=25;n_rule=0
521|2026-06-16T01:37:56.9040000|TRAP|bar=2729;side=trapped_sellers;vol=28;centroid=1.16195;zone_lo=1.161925;zone_hi=1.161975;n_rows=1;max_ratio=28;close=1.16205;bar_vol=43;fp_vol=43;n_quote=25;n_rule=0
522|2026-06-16T01:56:47.4920000|TRAP|bar=2736;side=trapped_sellers;vol=38;centroid=1.16185;zone_lo=1.161825;zone_hi=1.161875;n_rows=1;max_ratio=3.16666666666667;close=1.1619;bar_vol=67;fp_vol=67;n_quote=25;n_rule=0
523|2026-06-16T01:56:47.4920000|ZONE_CREATED|zone_id=2736_S;created_bar=2736;side=trapped_sellers;lo=1.161825;hi=1.161875;vol=38
524|2026-06-16T02:10:10.3720000|TRAP|bar=2744;side=trapped_buyers;vol=6;centroid=1.1623;zone_lo=1.162275;zone_hi=1.162325;n_rows=1;max_ratio=6;close=1.16215;bar_vol=42;fp_vol=42;n_quote=25;n_rule=0
525|2026-06-16T02:19:52.4200000|TRAP|bar=2747;side=trapped_sellers;vol=23;centroid=1.16195;zone_lo=1.161925;zone_hi=1.161975;n_rows=1;max_ratio=7.66666666666667;close=1.162;bar_vol=62;fp_vol=62;n_quote=25;n_rule=0
526|2026-06-16T02:33:27.1680000|TRAP|bar=2751;side=trapped_sellers;vol=10;centroid=1.1621;zone_lo=1.162075;zone_hi=1.162125;n_rows=1;max_ratio=5;close=1.1622;bar_vol=46;fp_vol=46;n_quote=25;n_rule=0
527|2026-06-16T02:49:08.3320000|ZONE_TOUCHED|zone_id=2736_S;created_bar=2736;side=trapped_sellers;lo=1.161825;hi=1.161875;vol=38;bar=2757;touches=1
528|2026-06-16T02:49:08.3320000|ZONE_INVALIDATED|zone_id=2736_S;created_bar=2736;side=trapped_sellers;lo=1.161825;hi=1.161875;vol=38;reason=close_through;bar=2757
529|2026-06-16T02:49:08.3320000|ZONE_TOUCHED|zone_id=2723_S;created_bar=2723;side=trapped_sellers;lo=1.161775;hi=1.161825;vol=35;bar=2757;touches=3
530|2026-06-16T02:49:08.3320000|TRAP|bar=2757;side=trapped_buyers;vol=22;centroid=1.16195;zone_lo=1.161925;zone_hi=1.161975;n_rows=1;max_ratio=4.4;close=1.1618;bar_vol=39;fp_vol=39;n_quote=25;n_rule=0
531|2026-06-16T02:49:49.1880000|ZONE_TOUCHED|zone_id=2723_S;created_bar=2723;side=trapped_sellers;lo=1.161775;hi=1.161825;vol=35;bar=2758;touches=4
532|2026-06-16T02:51:35.6760000|ZONE_TOUCHED|zone_id=2723_S;created_bar=2723;side=trapped_sellers;lo=1.161775;hi=1.161825;vol=35;bar=2759;touches=5
533|2026-06-16T02:51:35.6760000|ZONE_INVALIDATED|zone_id=2723_S;created_bar=2723;side=trapped_sellers;lo=1.161775;hi=1.161825;vol=35;reason=close_through;bar=2759
534|2026-06-16T02:57:17.4560000|TRAP|bar=2761;side=trapped_buyers;vol=11;centroid=1.1619;zone_lo=1.161875;zone_hi=1.161925;n_rows=1;max_ratio=11;close=1.16175;bar_vol=41;fp_vol=41;n_quote=25;n_rule=0
535|2026-06-16T03:03:46.3160000|TRAP|bar=2769;side=trapped_buyers;vol=17;centroid=1.1619;zone_lo=1.161875;zone_hi=1.161925;n_rows=1;max_ratio=4.25;close=1.16185;bar_vol=42;fp_vol=42;n_quote=25;n_rule=0
536|2026-06-16T03:23:20.7520000|TRAP|bar=2788;side=trapped_buyers;vol=17;centroid=1.1618;zone_lo=1.161775;zone_hi=1.161825;n_rows=1;max_ratio=8.5;close=1.16175;bar_vol=49;fp_vol=49;n_quote=25;n_rule=0
537|2026-06-16T03:30:26.3520000|TRAP|bar=2796;side=trapped_buyers;vol=25;centroid=1.16205;zone_lo=1.162025;zone_hi=1.162075;n_rows=1;max_ratio=4.16666666666667;close=1.162;bar_vol=40;fp_vol=40;n_quote=25;n_rule=0
538|2026-06-16T03:37:13.9840000|TRAP|bar=2817;side=trapped_buyers;vol=39;centroid=1.16255;zone_lo=1.162525;zone_hi=1.162575;n_rows=1;max_ratio=39;close=1.1625;bar_vol=60;fp_vol=60;n_quote=25;n_rule=0
539|2026-06-16T03:37:13.9840000|ZONE_CREATED|zone_id=2817_B;created_bar=2817;side=trapped_buyers;lo=1.162525;hi=1.162575;vol=39
540|2026-06-16T03:37:26.7600000|ZONE_TOUCHED|zone_id=2817_B;created_bar=2817;side=trapped_buyers;lo=1.162525;hi=1.162575;vol=39;bar=2818;touches=1
541|2026-06-16T03:37:26.7600000|ZONE_INVALIDATED|zone_id=2817_B;created_bar=2817;side=trapped_buyers;lo=1.162525;hi=1.162575;vol=39;reason=close_through;bar=2818
542|2026-06-16T03:39:00.8520000|TRAP|bar=2820;side=trapped_sellers;vol=4;centroid=1.1626;zone_lo=1.162575;zone_hi=1.162625;n_rows=1;max_ratio=4;close=1.16265;bar_vol=62;fp_vol=62;n_quote=25;n_rule=0
543|2026-06-16T03:40:45.3760000|TRAP|bar=2823;side=trapped_buyers;vol=24;centroid=1.1627;zone_lo=1.162675;zone_hi=1.162725;n_rows=1;max_ratio=3.42857142857143;close=1.16265;bar_vol=49;fp_vol=49;n_quote=25;n_rule=0
544|2026-06-16T03:47:13.2040000|TRAP|bar=2827;side=trapped_buyers;vol=15;centroid=1.16255;zone_lo=1.162525;zone_hi=1.162575;n_rows=1;max_ratio=3;close=1.1624;bar_vol=47;fp_vol=47;n_quote=25;n_rule=0
545|2026-06-16T03:48:41.9720000|TRAP|bar=2828;side=trapped_buyers;vol=6;centroid=1.16255;zone_lo=1.162525;zone_hi=1.162575;n_rows=1;max_ratio=6;close=1.1625;bar_vol=41;fp_vol=41;n_quote=25;n_rule=0
546|2026-06-16T03:50:24.9840000|TRAP|bar=2829;side=trapped_buyers;vol=3;centroid=1.1625;zone_lo=1.162475;zone_hi=1.162525;n_rows=1;max_ratio=3;close=1.1624;bar_vol=37;fp_vol=37;n_quote=25;n_rule=0
547|2026-06-16T03:55:43.2960000|TRAP|bar=2836;side=trapped_sellers;vol=18;centroid=1.1625;zone_lo=1.162475;zone_hi=1.162525;n_rows=1;max_ratio=9;close=1.1626;bar_vol=51;fp_vol=51;n_quote=25;n_rule=0
548|2026-06-16T03:59:46.0120000|TRAP|bar=2843;side=trapped_buyers;vol=23;centroid=1.16295;zone_lo=1.162925;zone_hi=1.162975;n_rows=1;max_ratio=4.6;close=1.1629;bar_vol=62;fp_vol=62;n_quote=25;n_rule=0
549|2026-06-16T04:03:19.2560000|TRAP|bar=2853;side=trapped_buyers;vol=11;centroid=1.16305;zone_lo=1.163025;zone_hi=1.163075;n_rows=1;max_ratio=3.66666666666667;close=1.16295;bar_vol=45;fp_vol=45;n_quote=25;n_rule=0
550|2026-06-16T04:08:29.1320000|TRAP|bar=2863;side=trapped_sellers;vol=24;centroid=1.1629;zone_lo=1.162875;zone_hi=1.162925;n_rows=1;max_ratio=4;close=1.16295;bar_vol=55;fp_vol=55;n_quote=25;n_rule=0
551|2026-06-16T04:12:15.4280000|TRAP|bar=2867;side=trapped_sellers;vol=6;centroid=1.163;zone_lo=1.162975;zone_hi=1.163025;n_rows=1;max_ratio=6;close=1.1631;bar_vol=32;fp_vol=32;n_quote=25;n_rule=0
552|2026-06-16T04:21:18.2080000|TRAP|bar=2879;side=trapped_sellers;vol=17;centroid=1.1631;zone_lo=1.163075;zone_hi=1.163125;n_rows=1;max_ratio=8.5;close=1.16315;bar_vol=68;fp_vol=68;n_quote=25;n_rule=0
553|2026-06-16T04:22:28.3400000|TRAP|bar=2881;side=trapped_buyers;vol=18;centroid=1.1631;zone_lo=1.163075;zone_hi=1.163125;n_rows=1;max_ratio=3;close=1.16305;bar_vol=41;fp_vol=41;n_quote=25;n_rule=0
554|2026-06-16T04:27:22.5640000|TRAP|bar=2885;side=trapped_sellers;vol=9;centroid=1.16295;zone_lo=1.162925;zone_hi=1.162975;n_rows=1;max_ratio=4.5;close=1.16305;bar_vol=38;fp_vol=38;n_quote=25;n_rule=0
555|2026-06-16T04:30:06.0800000|TRAP|bar=2894;side=trapped_buyers;vol=38;centroid=1.1633;zone_lo=1.163275;zone_hi=1.163325;n_rows=1;max_ratio=12.6666666666667;close=1.16325;bar_vol=67;fp_vol=67;n_quote=25;n_rule=0
556|2026-06-16T04:30:06.0800000|ZONE_CREATED|zone_id=2894_B;created_bar=2894;side=trapped_buyers;lo=1.163275;hi=1.163325;vol=38
557|2026-06-16T04:30:39.5280000|ZONE_TOUCHED|zone_id=2894_B;created_bar=2894;side=trapped_buyers;lo=1.163275;hi=1.163325;vol=38;bar=2895;touches=1
558|2026-06-16T04:30:39.5280000|ZONE_INVALIDATED|zone_id=2894_B;created_bar=2894;side=trapped_buyers;lo=1.163275;hi=1.163325;vol=38;reason=close_through;bar=2895
559|2026-06-16T04:32:26.1360000|TRAP|bar=2897;side=trapped_sellers;vol=4;centroid=1.16325;zone_lo=1.163225;zone_hi=1.163275;n_rows=1;max_ratio=4;close=1.16335;bar_vol=34;fp_vol=34;n_quote=25;n_rule=0
560|2026-06-16T04:42:03.1520000|TRAP|bar=2912;side=trapped_buyers;vol=8;centroid=1.16355;zone_lo=1.163525;zone_hi=1.163575;n_rows=1;max_ratio=8;close=1.16345;bar_vol=71;fp_vol=71;n_quote=25;n_rule=0
561|2026-06-16T04:45:41.7880000|TRAP|bar=2917;side=trapped_buyers;vol=22;centroid=1.1635;zone_lo=1.163475;zone_hi=1.163525;n_rows=1;max_ratio=3.66666666666667;close=1.16345;bar_vol=46;fp_vol=46;n_quote=25;n_rule=0
562|2026-06-16T04:50:56.2720000|TRAP|bar=2921;side=trapped_buyers;vol=13;centroid=1.1635;zone_lo=1.163475;zone_hi=1.163525;n_rows=1;max_ratio=4.33333333333333;close=1.1634;bar_vol=42;fp_vol=42;n_quote=25;n_rule=0
563|2026-06-16T04:57:13.8400000|TRAP|bar=2929;side=trapped_buyers;vol=8;centroid=1.1636;zone_lo=1.163575;zone_hi=1.163625;n_rows=1;max_ratio=4;close=1.16355;bar_vol=35;fp_vol=35;n_quote=25;n_rule=0
564|2026-06-16T05:02:11.6800000|TRAP|bar=2940;side=trapped_sellers;vol=14;centroid=1.16355;zone_lo=1.163525;zone_hi=1.163575;n_rows=1;max_ratio=14;close=1.1636;bar_vol=76;fp_vol=76;n_quote=25;n_rule=0
565|2026-06-16T05:09:43.7080000|TRAP|bar=2954;side=trapped_buyers;vol=21;centroid=1.164;zone_lo=1.163975;zone_hi=1.164025;n_rows=1;max_ratio=21;close=1.16385;bar_vol=61;fp_vol=61;n_quote=25;n_rule=0
566|2026-06-16T05:09:43.7080000|TRAP|bar=2954;side=trapped_sellers;vol=7;centroid=1.1638;zone_lo=1.163775;zone_hi=1.163825;n_rows=1;max_ratio=3.5;close=1.16385;bar_vol=61;fp_vol=61;n_quote=25;n_rule=0
567|2026-06-16T05:16:53.5840000|TRAP|bar=2965;side=trapped_buyers;vol=34;centroid=1.1641;zone_lo=1.164075;zone_hi=1.164125;n_rows=1;max_ratio=5.66666666666667;close=1.16395;bar_vol=53;fp_vol=53;n_quote=25;n_rule=0
568|2026-06-16T05:16:53.5840000|ZONE_CREATED|zone_id=2965_B;created_bar=2965;side=trapped_buyers;lo=1.164075;hi=1.164125;vol=34
569|2026-06-16T05:17:58.8400000|ZONE_TOUCHED|zone_id=2965_B;created_bar=2965;side=trapped_buyers;lo=1.164075;hi=1.164125;vol=34;bar=2968;touches=1
570|2026-06-16T05:17:58.8920000|ZONE_INVALIDATED|zone_id=2965_B;created_bar=2965;side=trapped_buyers;lo=1.164075;hi=1.164125;vol=34;reason=close_through_gap;bar=2969
571|2026-06-16T05:24:25.5000000|TRAP|bar=2976;side=trapped_sellers;vol=22;centroid=1.16395;zone_lo=1.163925;zone_hi=1.163975;n_rows=1;max_ratio=22;close=1.164;bar_vol=47;fp_vol=47;n_quote=25;n_rule=0
572|2026-06-16T05:25:23.0640000|TRAP|bar=2978;side=trapped_buyers;vol=30;centroid=1.1641;zone_lo=1.164075;zone_hi=1.164125;n_rows=1;max_ratio=6;close=1.164;bar_vol=59;fp_vol=59;n_quote=25;n_rule=0
573|2026-06-16T05:25:23.0640000|ZONE_CREATED|zone_id=2978_B;created_bar=2978;side=trapped_buyers;lo=1.164075;hi=1.164125;vol=30
574|2026-06-16T05:26:29.4600000|ZONE_TOUCHED|zone_id=2978_B;created_bar=2978;side=trapped_buyers;lo=1.164075;hi=1.164125;vol=30;bar=2980;touches=1
575|2026-06-16T05:26:29.4600000|ZONE_INVALIDATED|zone_id=2978_B;created_bar=2978;side=trapped_buyers;lo=1.164075;hi=1.164125;vol=30;reason=close_through;bar=2980
576|2026-06-16T05:29:00.9880000|TRAP|bar=2988;side=trapped_sellers;vol=68;centroid=1.16425;zone_lo=1.164225;zone_hi=1.164275;n_rows=1;max_ratio=5.66666666666667;close=1.1643;bar_vol=91;fp_vol=91;n_quote=25;n_rule=0
577|2026-06-16T05:29:00.9880000|ZONE_CREATED|zone_id=2988_S;created_bar=2988;side=trapped_sellers;lo=1.164225;hi=1.164275;vol=68
578|2026-06-16T05:29:01.2320000|ZONE_INVALIDATED|zone_id=2988_S;created_bar=2988;side=trapped_sellers;lo=1.164225;hi=1.164275;vol=68;reason=close_through_gap;bar=2989
579|2026-06-16T05:30:17.0600000|TRAP|bar=2994;side=trapped_buyers;vol=13;centroid=1.1644;zone_lo=1.164375;zone_hi=1.164425;n_rows=1;max_ratio=13;close=1.1643;bar_vol=42;fp_vol=42;n_quote=25;n_rule=0
580|2026-06-16T05:30:26.1960000|TRAP|bar=2995;side=trapped_sellers;vol=35;centroid=1.1642;zone_lo=1.164175;zone_hi=1.164225;n_rows=1;max_ratio=35;close=1.16425;bar_vol=53;fp_vol=53;n_quote=25;n_rule=0
581|2026-06-16T05:30:26.1960000|ZONE_CREATED|zone_id=2995_S;created_bar=2995;side=trapped_sellers;lo=1.164175;hi=1.164225;vol=35
582|2026-06-16T05:34:02.9160000|TRAP|bar=3002;side=trapped_buyers;vol=17;centroid=1.1643;zone_lo=1.164275;zone_hi=1.164325;n_rows=1;max_ratio=5.66666666666667;close=1.16425;bar_vol=32;fp_vol=32;n_quote=25;n_rule=0
583|2026-06-16T05:35:05.9800000|ZONE_TOUCHED|zone_id=2995_S;created_bar=2995;side=trapped_sellers;lo=1.164175;hi=1.164225;vol=35;bar=3003;touches=1
584|2026-06-16T05:35:37.8720000|TRAP|bar=3005;side=trapped_sellers;vol=22;centroid=1.16425;zone_lo=1.164225;zone_hi=1.164275;n_rows=1;max_ratio=11;close=1.16435;bar_vol=41;fp_vol=41;n_quote=25;n_rule=0
585|2026-06-16T05:36:56.7200000|ZONE_TOUCHED|zone_id=2995_S;created_bar=2995;side=trapped_sellers;lo=1.164175;hi=1.164225;vol=35;bar=3008;touches=2
586|2026-06-16T05:36:56.7200000|TRAP|bar=3008;side=trapped_buyers;vol=23;centroid=1.16425;zone_lo=1.164225;zone_hi=1.164275;n_rows=1;max_ratio=23;close=1.1642;bar_vol=50;fp_vol=50;n_quote=25;n_rule=0
587|2026-06-16T05:37:14.8360000|ZONE_TOUCHED|zone_id=2995_S;created_bar=2995;side=trapped_sellers;lo=1.164175;hi=1.164225;vol=35;bar=3009;touches=3
588|2026-06-16T05:37:14.8360000|ZONE_INVALIDATED|zone_id=2995_S;created_bar=2995;side=trapped_sellers;lo=1.164175;hi=1.164225;vol=35;reason=close_through;bar=3009
589|2026-06-16T05:37:31.0440000|TRAP|bar=3010;side=trapped_sellers;vol=61;centroid=1.16415;zone_lo=1.164125;zone_hi=1.164175;n_rows=1;max_ratio=4.35714285714286;close=1.1642;bar_vol=75;fp_vol=75;n_quote=25;n_rule=0
590|2026-06-16T05:37:31.0440000|ZONE_CREATED|zone_id=3010_S;created_bar=3010;side=trapped_sellers;lo=1.164125;hi=1.164175;vol=61
591|2026-06-16T05:38:18.8240000|ZONE_TOUCHED|zone_id=3010_S;created_bar=3010;side=trapped_sellers;lo=1.164125;hi=1.164175;vol=61;bar=3012;touches=1
592|2026-06-16T05:39:41.5760000|ZONE_TOUCHED|zone_id=3010_S;created_bar=3010;side=trapped_sellers;lo=1.164125;hi=1.164175;vol=61;bar=3013;touches=2
593|2026-06-16T05:39:41.5760000|TRAP|bar=3013;side=trapped_buyers;vol=51;centroid=1.1642;zone_lo=1.164175;zone_hi=1.164225;n_rows=1;max_ratio=4.25;close=1.16415;bar_vol=68;fp_vol=68;n_quote=25;n_rule=0
594|2026-06-16T05:39:41.5760000|ZONE_CREATED|zone_id=3013_B;created_bar=3013;side=trapped_buyers;lo=1.164175;hi=1.164225;vol=51
595|2026-06-16T05:40:15.9600000|ZONE_TOUCHED|zone_id=3010_S;created_bar=3010;side=trapped_sellers;lo=1.164125;hi=1.164175;vol=61;bar=3014;touches=3
596|2026-06-16T05:40:34.7720000|ZONE_TOUCHED|zone_id=3013_B;created_bar=3013;side=trapped_buyers;lo=1.164175;hi=1.164225;vol=51;bar=3015;touches=1
597|2026-06-16T05:40:34.7720000|ZONE_TOUCHED|zone_id=3010_S;created_bar=3010;side=trapped_sellers;lo=1.164125;hi=1.164175;vol=61;bar=3015;touches=4
598|2026-06-16T05:41:02.8920000|ZONE_TOUCHED|zone_id=3013_B;created_bar=3013;side=trapped_buyers;lo=1.164175;hi=1.164225;vol=51;bar=3016;touches=2
599|2026-06-16T05:41:02.8920000|ZONE_INVALIDATED|zone_id=3013_B;created_bar=3013;side=trapped_buyers;lo=1.164175;hi=1.164225;vol=51;reason=close_through;bar=3016
600|2026-06-16T05:42:40.1640000|ZONE_TOUCHED|zone_id=3010_S;created_bar=3010;side=trapped_sellers;lo=1.164125;hi=1.164175;vol=61;bar=3020;touches=5
601|2026-06-16T05:49:44.2520000|ZONE_TOUCHED|zone_id=3010_S;created_bar=3010;side=trapped_sellers;lo=1.164125;hi=1.164175;vol=61;bar=3027;touches=6
602|2026-06-16T05:57:50.1200000|TRAP|bar=3042;side=trapped_buyers;vol=17;centroid=1.16475;zone_lo=1.164725;zone_hi=1.164775;n_rows=1;max_ratio=8.5;close=1.1647;bar_vol=44;fp_vol=44;n_quote=25;n_rule=0
603|2026-06-16T06:00:07.4160000|TRAP|bar=3049;side=trapped_sellers;vol=14;centroid=1.1647;zone_lo=1.164675;zone_hi=1.164725;n_rows=1;max_ratio=14;close=1.16485;bar_vol=45;fp_vol=45;n_quote=25;n_rule=0
604|2026-06-16T06:01:19.2600000|TRAP|bar=3052;side=trapped_buyers;vol=5;centroid=1.1649;zone_lo=1.164875;zone_hi=1.164925;n_rows=1;max_ratio=5;close=1.1648;bar_vol=31;fp_vol=31;n_quote=25;n_rule=0
605|2026-06-16T06:03:39.9160000|TRAP|bar=3058;side=trapped_sellers;vol=43;centroid=1.1646;zone_lo=1.164575;zone_hi=1.164625;n_rows=1;max_ratio=3.90909090909091;close=1.16465;bar_vol=218;fp_vol=218;n_quote=25;n_rule=0
606|2026-06-16T06:03:39.9160000|ZONE_CREATED|zone_id=3058_S;created_bar=3058;side=trapped_sellers;lo=1.164575;hi=1.164625;vol=43
607|2026-06-16T06:05:17.5480000|ZONE_TOUCHED|zone_id=3058_S;created_bar=3058;side=trapped_sellers;lo=1.164575;hi=1.164625;vol=43;bar=3061;touches=1
608|2026-06-16T06:06:05.1160000|ZONE_TOUCHED|zone_id=3058_S;created_bar=3058;side=trapped_sellers;lo=1.164575;hi=1.164625;vol=43;bar=3062;touches=2
609|2026-06-16T06:06:17.3560000|ZONE_TOUCHED|zone_id=3058_S;created_bar=3058;side=trapped_sellers;lo=1.164575;hi=1.164625;vol=43;bar=3063;touches=3
610|2026-06-16T06:06:49.2400000|ZONE_TOUCHED|zone_id=3058_S;created_bar=3058;side=trapped_sellers;lo=1.164575;hi=1.164625;vol=43;bar=3064;touches=4
611|2026-06-16T06:06:49.2400000|ZONE_INVALIDATED|zone_id=3058_S;created_bar=3058;side=trapped_sellers;lo=1.164575;hi=1.164625;vol=43;reason=close_through;bar=3064
612|2026-06-16T06:07:05.2280000|TRAP|bar=3065;side=trapped_buyers;vol=7;centroid=1.1647;zone_lo=1.164675;zone_hi=1.164725;n_rows=1;max_ratio=3.5;close=1.16465;bar_vol=32;fp_vol=32;n_quote=25;n_rule=0
613|2026-06-16T06:07:38.0880000|TRAP|bar=3067;side=trapped_buyers;vol=16;centroid=1.1648;zone_lo=1.164775;zone_hi=1.164825;n_rows=1;max_ratio=5.33333333333333;close=1.16475;bar_vol=43;fp_vol=43;n_quote=25;n_rule=0
614|2026-06-16T06:09:45.0080000|TRAP|bar=3077;side=trapped_buyers;vol=30;centroid=1.1651;zone_lo=1.165075;zone_hi=1.165125;n_rows=1;max_ratio=10;close=1.16505;bar_vol=40;fp_vol=40;n_quote=25;n_rule=0
615|2026-06-16T06:09:45.0080000|ZONE_CREATED|zone_id=3077_B;created_bar=3077;side=trapped_buyers;lo=1.165075;hi=1.165125;vol=30
616|2026-06-16T06:12:13.3440000|ZONE_TOUCHED|zone_id=3077_B;created_bar=3077;side=trapped_buyers;lo=1.165075;hi=1.165125;vol=30;bar=3081;touches=1
617|2026-06-16T06:13:00.7400000|ZONE_TOUCHED|zone_id=3077_B;created_bar=3077;side=trapped_buyers;lo=1.165075;hi=1.165125;vol=30;bar=3082;touches=2
618|2026-06-16T06:13:06.7800000|TRAP|bar=3083;side=trapped_buyers;vol=7;centroid=1.16505;zone_lo=1.165025;zone_hi=1.165075;n_rows=1;max_ratio=3.5;close=1.1649;bar_vol=58;fp_vol=58;n_quote=25;n_rule=0
619|2026-06-16T06:18:15.8280000|TRAP|bar=3090;side=trapped_buyers;vol=15;centroid=1.16485;zone_lo=1.164825;zone_hi=1.164875;n_rows=1;max_ratio=5;close=1.1648;bar_vol=40;fp_vol=40;n_quote=25;n_rule=0
620|2026-06-16T06:37:57.2600000|TRAP|bar=3120;side=trapped_buyers;vol=3;centroid=1.1643;zone_lo=1.164275;zone_hi=1.164325;n_rows=1;max_ratio=3;close=1.16425;bar_vol=36;fp_vol=36;n_quote=25;n_rule=0
621|2026-06-16T06:41:14.4680000|TRAP|bar=3123;side=trapped_buyers;vol=21;centroid=1.1644;zone_lo=1.164375;zone_hi=1.164425;n_rows=1;max_ratio=4.2;close=1.16435;bar_vol=44;fp_vol=44;n_quote=25;n_rule=0
622|2026-06-16T07:10:15.8440000|TRAP|bar=3158;side=trapped_sellers;vol=14;centroid=1.16455;zone_lo=1.164525;zone_hi=1.164575;n_rows=1;max_ratio=4.66666666666667;close=1.1646;bar_vol=45;fp_vol=45;n_quote=25;n_rule=0
623|2026-06-16T07:17:32.6040000|ZONE_TOUCHED|zone_id=3077_B;created_bar=3077;side=trapped_buyers;lo=1.165075;hi=1.165125;vol=30;bar=3178;touches=3
624|2026-06-16T07:18:16.5480000|ZONE_TOUCHED|zone_id=3077_B;created_bar=3077;side=trapped_buyers;lo=1.165075;hi=1.165125;vol=30;bar=3179;touches=4
625|2026-06-16T07:18:16.5480000|ZONE_INVALIDATED|zone_id=3077_B;created_bar=3077;side=trapped_buyers;lo=1.165075;hi=1.165125;vol=30;reason=close_through;bar=3179
626|2026-06-16T07:19:46.7440000|TRAP|bar=3181;side=trapped_buyers;vol=6;centroid=1.1652;zone_lo=1.165175;zone_hi=1.165225;n_rows=1;max_ratio=3;close=1.16515;bar_vol=29;fp_vol=29;n_quote=25;n_rule=0
627|2026-06-16T07:21:45.2680000|TRAP|bar=3189;side=trapped_sellers;vol=49;centroid=1.1654;zone_lo=1.165375;zone_hi=1.165425;n_rows=1;max_ratio=12.25;close=1.16545;bar_vol=78;fp_vol=78;n_quote=25;n_rule=0
628|2026-06-16T07:21:45.2680000|ZONE_CREATED|zone_id=3189_S;created_bar=3189;side=trapped_sellers;lo=1.165375;hi=1.165425;vol=49
629|2026-06-16T07:21:51.5000000|ZONE_TOUCHED|zone_id=3189_S;created_bar=3189;side=trapped_sellers;lo=1.165375;hi=1.165425;vol=49;bar=3190;touches=1
630|2026-06-16T07:21:51.5000000|ZONE_INVALIDATED|zone_id=3189_S;created_bar=3189;side=trapped_sellers;lo=1.165375;hi=1.165425;vol=49;reason=close_through;bar=3190
631|2026-06-16T07:53:54.9840000|TRAP|bar=3235;side=trapped_buyers;vol=47;centroid=1.1653;zone_lo=1.165275;zone_hi=1.165325;n_rows=1;max_ratio=5.875;close=1.1652;bar_vol=82;fp_vol=82;n_quote=25;n_rule=0
632|2026-06-16T07:53:54.9840000|ZONE_CREATED|zone_id=3235_B;created_bar=3235;side=trapped_buyers;lo=1.165275;hi=1.165325;vol=47
633|2026-06-16T07:55:21.0680000|ZONE_TOUCHED|zone_id=3235_B;created_bar=3235;side=trapped_buyers;lo=1.165275;hi=1.165325;vol=47;bar=3237;touches=1
634|2026-06-16T07:56:40.8360000|ZONE_TOUCHED|zone_id=3235_B;created_bar=3235;side=trapped_buyers;lo=1.165275;hi=1.165325;vol=47;bar=3239;touches=2
635|2026-06-16T07:56:40.8360000|TRAP|bar=3239;side=trapped_sellers;vol=4;centroid=1.1651;zone_lo=1.165075;zone_hi=1.165125;n_rows=1;max_ratio=4;close=1.1653;bar_vol=44;fp_vol=44;n_quote=25;n_rule=0
636|2026-06-16T07:57:32.9120000|ZONE_TOUCHED|zone_id=3235_B;created_bar=3235;side=trapped_buyers;lo=1.165275;hi=1.165325;vol=47;bar=3240;touches=3
637|2026-06-16T07:57:46.0360000|ZONE_TOUCHED|zone_id=3235_B;created_bar=3235;side=trapped_buyers;lo=1.165275;hi=1.165325;vol=47;bar=3241;touches=4
638|2026-06-16T07:58:02.6240000|ZONE_TOUCHED|zone_id=3235_B;created_bar=3235;side=trapped_buyers;lo=1.165275;hi=1.165325;vol=47;bar=3242;touches=5
639|2026-06-16T07:58:27.3200000|ZONE_TOUCHED|zone_id=3235_B;created_bar=3235;side=trapped_buyers;lo=1.165275;hi=1.165325;vol=47;bar=3243;touches=6
640|2026-06-16T07:59:07.4000000|ZONE_TOUCHED|zone_id=3235_B;created_bar=3235;side=trapped_buyers;lo=1.165275;hi=1.165325;vol=47;bar=3245;touches=7
641|2026-06-16T07:59:07.4000000|TRAP|bar=3245;side=trapped_sellers;vol=29;centroid=1.16525;zone_lo=1.165225;zone_hi=1.165275;n_rows=1;max_ratio=9.66666666666667;close=1.1653;bar_vol=52;fp_vol=52;n_quote=25;n_rule=0
642|2026-06-16T07:59:38.7000000|ZONE_TOUCHED|zone_id=3235_B;created_bar=3235;side=trapped_buyers;lo=1.165275;hi=1.165325;vol=47;bar=3246;touches=8
643|2026-06-16T07:59:38.7000000|ZONE_INVALIDATED|zone_id=3235_B;created_bar=3235;side=trapped_buyers;lo=1.165275;hi=1.165325;vol=47;reason=close_through;bar=3246
644|2026-06-16T07:59:38.7000000|TRAP|bar=3246;side=trapped_sellers;vol=16;centroid=1.1653;zone_lo=1.165275;zone_hi=1.165325;n_rows=1;max_ratio=3.2;close=1.1654;bar_vol=43;fp_vol=43;n_quote=25;n_rule=0
645|2026-06-16T08:02:08.8760000|TRAP|bar=3253;side=trapped_sellers;vol=41;centroid=1.1652;zone_lo=1.165175;zone_hi=1.165225;n_rows=1;max_ratio=5.85714285714286;close=1.16525;bar_vol=52;fp_vol=52;n_quote=25;n_rule=0
646|2026-06-16T08:02:08.8760000|ZONE_CREATED|zone_id=3253_S;created_bar=3253;side=trapped_sellers;lo=1.165175;hi=1.165225;vol=41
647|2026-06-16T08:02:44.9120000|ZONE_TOUCHED|zone_id=3253_S;created_bar=3253;side=trapped_sellers;lo=1.165175;hi=1.165225;vol=41;bar=3254;touches=1
648|2026-06-16T08:03:29.4080000|ZONE_TOUCHED|zone_id=3253_S;created_bar=3253;side=trapped_sellers;lo=1.165175;hi=1.165225;vol=41;bar=3255;touches=2
649|2026-06-16T08:03:29.4080000|ZONE_INVALIDATED|zone_id=3253_S;created_bar=3253;side=trapped_sellers;lo=1.165175;hi=1.165225;vol=41;reason=close_through;bar=3255
650|2026-06-16T08:22:13.6560000|TRAP|bar=3275;side=trapped_sellers;vol=28;centroid=1.16475;zone_lo=1.164725;zone_hi=1.164775;n_rows=1;max_ratio=4;close=1.1648;bar_vol=54;fp_vol=54;n_quote=25;n_rule=0
651|2026-06-16T08:34:04.1480000|TRAP|bar=3289;side=trapped_buyers;vol=31;centroid=1.16475;zone_lo=1.164725;zone_hi=1.164775;n_rows=1;max_ratio=3.44444444444444;close=1.1647;bar_vol=69;fp_vol=69;n_quote=25;n_rule=0
652|2026-06-16T08:34:04.1480000|ZONE_CREATED|zone_id=3289_B;created_bar=3289;side=trapped_buyers;lo=1.164725;hi=1.164775;vol=31
653|2026-06-16T08:34:37.6840000|ZONE_TOUCHED|zone_id=3289_B;created_bar=3289;side=trapped_buyers;lo=1.164725;hi=1.164775;vol=31;bar=3290;touches=1
654|2026-06-16T08:34:37.6840000|ZONE_INVALIDATED|zone_id=3289_B;created_bar=3289;side=trapped_buyers;lo=1.164725;hi=1.164775;vol=31;reason=close_through;bar=3290
655|2026-06-16T08:34:56.4960000|TRAP|bar=3291;side=trapped_buyers;vol=21;centroid=1.16485;zone_lo=1.164825;zone_hi=1.164875;n_rows=1;max_ratio=4.2;close=1.1647;bar_vol=45;fp_vol=45;n_quote=25;n_rule=0
656|2026-06-16T08:41:53.2600000|TRAP|bar=3302;side=trapped_buyers;vol=14;centroid=1.16435;zone_lo=1.164325;zone_hi=1.164375;n_rows=1;max_ratio=14;close=1.1643;bar_vol=65;fp_vol=65;n_quote=25;n_rule=0
657|2026-06-16T08:43:09.1920000|ZONE_TOUCHED|zone_id=3010_S;created_bar=3010;side=trapped_sellers;lo=1.164125;hi=1.164175;vol=61;bar=3307;touches=7
658|2026-06-16T08:43:17.5840000|ZONE_TOUCHED|zone_id=3010_S;created_bar=3010;side=trapped_sellers;lo=1.164125;hi=1.164175;vol=61;bar=3308;touches=8
659|2026-06-16T08:43:17.5840000|ZONE_INVALIDATED|zone_id=3010_S;created_bar=3010;side=trapped_sellers;lo=1.164125;hi=1.164175;vol=61;reason=close_through;bar=3308
660|2026-06-16T08:43:22.5840000|TRAP|bar=3309;side=trapped_sellers;vol=36;centroid=1.164;zone_lo=1.163975;zone_hi=1.164025;n_rows=1;max_ratio=36;close=1.16405;bar_vol=59;fp_vol=59;n_quote=25;n_rule=0
661|2026-06-16T08:43:22.5840000|ZONE_CREATED|zone_id=3309_S;created_bar=3309;side=trapped_sellers;lo=1.163975;hi=1.164025;vol=36
662|2026-06-16T08:43:39.3760000|ZONE_TOUCHED|zone_id=3309_S;created_bar=3309;side=trapped_sellers;lo=1.163975;hi=1.164025;vol=36;bar=3311;touches=1
663|2026-06-16T08:43:48.6000000|ZONE_TOUCHED|zone_id=3309_S;created_bar=3309;side=trapped_sellers;lo=1.163975;hi=1.164025;vol=36;bar=3312;touches=2
664|2026-06-16T08:43:58.8040000|ZONE_TOUCHED|zone_id=3309_S;created_bar=3309;side=trapped_sellers;lo=1.163975;hi=1.164025;vol=36;bar=3313;touches=3
665|2026-06-16T08:44:10.3160000|ZONE_TOUCHED|zone_id=3309_S;created_bar=3309;side=trapped_sellers;lo=1.163975;hi=1.164025;vol=36;bar=3314;touches=4
666|2026-06-16T08:46:02.9200000|TRAP|bar=3318;side=trapped_buyers;vol=13;centroid=1.16415;zone_lo=1.164125;zone_hi=1.164175;n_rows=1;max_ratio=3.25;close=1.1641;bar_vol=63;fp_vol=63;n_quote=25;n_rule=0
667|2026-06-16T08:53:23.9960000|ZONE_TOUCHED|zone_id=3309_S;created_bar=3309;side=trapped_sellers;lo=1.163975;hi=1.164025;vol=36;bar=3330;touches=5
668|2026-06-16T08:53:48.0120000|ZONE_TOUCHED|zone_id=3309_S;created_bar=3309;side=trapped_sellers;lo=1.163975;hi=1.164025;vol=36;bar=3331;touches=6
669|2026-06-16T08:53:48.0120000|ZONE_INVALIDATED|zone_id=3309_S;created_bar=3309;side=trapped_sellers;lo=1.163975;hi=1.164025;vol=36;reason=close_through;bar=3331
670|2026-06-16T09:01:15.9520000|TRAP|bar=3348;side=trapped_buyers;vol=123;centroid=1.1641;zone_lo=1.164075;zone_hi=1.164125;n_rows=1;max_ratio=6.83333333333333;close=1.16405;bar_vol=245;fp_vol=245;n_quote=25;n_rule=0
671|2026-06-16T09:01:15.9520000|ZONE_CREATED|zone_id=3348_B;created_bar=3348;side=trapped_buyers;lo=1.164075;hi=1.164125;vol=123
672|2026-06-16T09:01:39.5640000|ZONE_TOUCHED|zone_id=3348_B;created_bar=3348;side=trapped_buyers;lo=1.164075;hi=1.164125;vol=123;bar=3349;touches=1
673|2026-06-16T09:02:09.4800000|ZONE_TOUCHED|zone_id=3348_B;created_bar=3348;side=trapped_buyers;lo=1.164075;hi=1.164125;vol=123;bar=3350;touches=2
674|2026-06-16T09:03:40.6440000|ZONE_TOUCHED|zone_id=3348_B;created_bar=3348;side=trapped_buyers;lo=1.164075;hi=1.164125;vol=123;bar=3352;touches=3
675|2026-06-16T09:04:21.0840000|ZONE_TOUCHED|zone_id=3348_B;created_bar=3348;side=trapped_buyers;lo=1.164075;hi=1.164125;vol=123;bar=3353;touches=4
676|2026-06-16T09:06:26.1240000|TRAP|bar=3362;side=trapped_sellers;vol=18;centroid=1.1637;zone_lo=1.163675;zone_hi=1.163725;n_rows=1;max_ratio=3.6;close=1.16375;bar_vol=44;fp_vol=44;n_quote=25;n_rule=0
677|2026-06-16T09:08:17.3280000|TRAP|bar=3367;side=trapped_buyers;vol=25;centroid=1.16385;zone_lo=1.163825;zone_hi=1.163875;n_rows=1;max_ratio=25;close=1.1638;bar_vol=72;fp_vol=72;n_quote=25;n_rule=0
678|2026-06-16T09:09:10.7440000|TRAP|bar=3369;side=trapped_sellers;vol=31;centroid=1.16375;zone_lo=1.163725;zone_hi=1.163775;n_rows=1;max_ratio=10.3333333333333;close=1.1638;bar_vol=64;fp_vol=64;n_quote=25;n_rule=0
679|2026-06-16T09:09:10.7440000|ZONE_CREATED|zone_id=3369_S;created_bar=3369;side=trapped_sellers;lo=1.163725;hi=1.163775;vol=31
680|2026-06-16T09:09:30.4000000|ZONE_TOUCHED|zone_id=3369_S;created_bar=3369;side=trapped_sellers;lo=1.163725;hi=1.163775;vol=31;bar=3370;touches=1
681|2026-06-16T09:09:38.8360000|ZONE_TOUCHED|zone_id=3369_S;created_bar=3369;side=trapped_sellers;lo=1.163725;hi=1.163775;vol=31;bar=3371;touches=2
682|2026-06-16T09:09:38.8360000|ZONE_INVALIDATED|zone_id=3369_S;created_bar=3369;side=trapped_sellers;lo=1.163725;hi=1.163775;vol=31;reason=close_through;bar=3371
683|2026-06-16T09:13:56.4040000|TRAP|bar=3382;side=trapped_sellers;vol=17;centroid=1.1638;zone_lo=1.163775;zone_hi=1.163825;n_rows=1;max_ratio=5.66666666666667;close=1.16385;bar_vol=41;fp_vol=41;n_quote=25;n_rule=0
684|2026-06-16T09:17:24.6680000|TRAP|bar=3389;side=trapped_sellers;vol=79;centroid=1.16385;zone_lo=1.163825;zone_hi=1.163875;n_rows=1;max_ratio=15.8;close=1.1639;bar_vol=103;fp_vol=103;n_quote=25;n_rule=0
685|2026-06-16T09:17:24.6680000|ZONE_CREATED|zone_id=3389_S;created_bar=3389;side=trapped_sellers;lo=1.163825;hi=1.163875;vol=79
686|2026-06-16T09:17:47.4440000|ZONE_TOUCHED|zone_id=3389_S;created_bar=3389;side=trapped_sellers;lo=1.163825;hi=1.163875;vol=79;bar=3390;touches=1
687|2026-06-16T09:17:47.4440000|ZONE_INVALIDATED|zone_id=3389_S;created_bar=3389;side=trapped_sellers;lo=1.163825;hi=1.163875;vol=79;reason=close_through;bar=3390
688|2026-06-16T09:21:40.3040000|TRAP|bar=3399;side=trapped_sellers;vol=25;centroid=1.1635;zone_lo=1.163475;zone_hi=1.163525;n_rows=1;max_ratio=4.16666666666667;close=1.16355;bar_vol=42;fp_vol=42;n_quote=25;n_rule=0
689|2026-06-16T09:29:45.4480000|TRAP|bar=3420;side=trapped_sellers;vol=10;centroid=1.16355;zone_lo=1.163525;zone_hi=1.163575;n_rows=1;max_ratio=10;close=1.16365;bar_vol=54;fp_vol=54;n_quote=25;n_rule=0
690|2026-06-16T09:31:30.8800000|TRAP|bar=3429;side=trapped_sellers;vol=19;centroid=1.1637;zone_lo=1.163675;zone_hi=1.163725;n_rows=1;max_ratio=19;close=1.16375;bar_vol=67;fp_vol=67;n_quote=25;n_rule=0
691|2026-06-16T09:32:07.7520000|TRAP|bar=3433;side=trapped_buyers;vol=38;centroid=1.164;zone_lo=1.163975;zone_hi=1.164025;n_rows=1;max_ratio=3.16666666666667;close=1.16395;bar_vol=56;fp_vol=56;n_quote=25;n_rule=0
692|2026-06-16T09:32:07.7520000|ZONE_CREATED|zone_id=3433_B;created_bar=3433;side=trapped_buyers;lo=1.163975;hi=1.164025;vol=38
693|2026-06-16T09:37:57.6240000|ZONE_TOUCHED|zone_id=3433_B;created_bar=3433;side=trapped_buyers;lo=1.163975;hi=1.164025;vol=38;bar=3446;touches=1
694|2026-06-16T09:38:38.7920000|ZONE_TOUCHED|zone_id=3433_B;created_bar=3433;side=trapped_buyers;lo=1.163975;hi=1.164025;vol=38;bar=3447;touches=2
695|2026-06-16T09:38:38.7920000|TRAP|bar=3447;side=trapped_buyers;vol=3;centroid=1.16405;zone_lo=1.164025;zone_hi=1.164075;n_rows=1;max_ratio=3;close=1.164;bar_vol=33;fp_vol=33;n_quote=25;n_rule=0
696|2026-06-16T09:38:44.4240000|ZONE_TOUCHED|zone_id=3433_B;created_bar=3433;side=trapped_buyers;lo=1.163975;hi=1.164025;vol=38;bar=3448;touches=3
697|2026-06-16T09:39:10.6360000|ZONE_TOUCHED|zone_id=3433_B;created_bar=3433;side=trapped_buyers;lo=1.163975;hi=1.164025;vol=38;bar=3449;touches=4
698|2026-06-16T09:40:01.0760000|ZONE_TOUCHED|zone_id=3433_B;created_bar=3433;side=trapped_buyers;lo=1.163975;hi=1.164025;vol=38;bar=3450;touches=5
699|2026-06-16T09:40:01.0760000|ZONE_INVALIDATED|zone_id=3433_B;created_bar=3433;side=trapped_buyers;lo=1.163975;hi=1.164025;vol=38;reason=close_through;bar=3450
700|2026-06-16T09:40:09.5960000|ZONE_TOUCHED|zone_id=3348_B;created_bar=3348;side=trapped_buyers;lo=1.164075;hi=1.164125;vol=123;bar=3451;touches=5
701|2026-06-16T09:40:48.7760000|ZONE_TOUCHED|zone_id=3348_B;created_bar=3348;side=trapped_buyers;lo=1.164075;hi=1.164125;vol=123;bar=3453;touches=6
702|2026-06-16T09:41:08.2640000|ZONE_TOUCHED|zone_id=3348_B;created_bar=3348;side=trapped_buyers;lo=1.164075;hi=1.164125;vol=123;bar=3454;touches=7
703|2026-06-16T09:41:42.2400000|ZONE_TOUCHED|zone_id=3348_B;created_bar=3348;side=trapped_buyers;lo=1.164075;hi=1.164125;vol=123;bar=3455;touches=8
704|2026-06-16T09:41:50.4480000|ZONE_TOUCHED|zone_id=3348_B;created_bar=3348;side=trapped_buyers;lo=1.164075;hi=1.164125;vol=123;bar=3456;touches=9
705|2026-06-16T09:41:50.4480000|ZONE_INVALIDATED|zone_id=3348_B;created_bar=3348;side=trapped_buyers;lo=1.164075;hi=1.164125;vol=123;reason=close_through;bar=3456
706|2026-06-16T09:47:07.5920000|TRAP|bar=3471;side=trapped_sellers;vol=39;centroid=1.16425;zone_lo=1.164225;zone_hi=1.164275;n_rows=1;max_ratio=9.75;close=1.1643;bar_vol=58;fp_vol=58;n_quote=25;n_rule=0
707|2026-06-16T09:47:07.5920000|ZONE_CREATED|zone_id=3471_S;created_bar=3471;side=trapped_sellers;lo=1.164225;hi=1.164275;vol=39
708|2026-06-16T09:47:17.2440000|ZONE_TOUCHED|zone_id=3471_S;created_bar=3471;side=trapped_sellers;lo=1.164225;hi=1.164275;vol=39;bar=3472;touches=1
709|2026-06-16T09:47:17.2440000|ZONE_INVALIDATED|zone_id=3471_S;created_bar=3471;side=trapped_sellers;lo=1.164225;hi=1.164275;vol=39;reason=close_through;bar=3472
710|2026-06-16T09:49:50.9000000|TRAP|bar=3491;side=trapped_sellers;vol=18;centroid=1.16395;zone_lo=1.163925;zone_hi=1.163975;n_rows=1;max_ratio=3;close=1.164;bar_vol=34;fp_vol=34;n_quote=25;n_rule=0
711|2026-06-16T09:49:50.9360000|TRAP|bar=3492;side=trapped_buyers;vol=4;centroid=1.16405;zone_lo=1.164025;zone_hi=1.164075;n_rows=1;max_ratio=4;close=1.16395;bar_vol=64;fp_vol=64;n_quote=25;n_rule=0
712|2026-06-16T09:50:33.7000000|TRAP|bar=3497;side=trapped_sellers;vol=28;centroid=1.1639;zone_lo=1.163875;zone_hi=1.163925;n_rows=1;max_ratio=4.66666666666667;close=1.16395;bar_vol=48;fp_vol=48;n_quote=25;n_rule=0
713|2026-06-16T09:52:59.1640000|TRAP|bar=3504;side=trapped_buyers;vol=7;centroid=1.1643;zone_lo=1.164275;zone_hi=1.164325;n_rows=1;max_ratio=7;close=1.1642;bar_vol=41;fp_vol=41;n_quote=25;n_rule=0
714|2026-06-16T09:53:24.4720000|TRAP|bar=3506;side=trapped_buyers;vol=29;centroid=1.1641;zone_lo=1.164075;zone_hi=1.164125;n_rows=1;max_ratio=3.22222222222222;close=1.16405;bar_vol=52;fp_vol=52;n_quote=25;n_rule=0
715|2026-06-16T09:55:07.2880000|TRAP|bar=3512;side=trapped_buyers;vol=18;centroid=1.164;zone_lo=1.163975;zone_hi=1.164025;n_rows=1;max_ratio=3;close=1.16395;bar_vol=65;fp_vol=65;n_quote=25;n_rule=0
716|2026-06-16T10:00:38.7600000|TRAP|bar=3524;side=trapped_sellers;vol=21;centroid=1.1642;zone_lo=1.164175;zone_hi=1.164225;n_rows=1;max_ratio=4.2;close=1.16425;bar_vol=74;fp_vol=74;n_quote=25;n_rule=0
717|2026-06-16T10:00:38.7640000|TRAP|bar=3525;side=trapped_sellers;vol=39;centroid=1.1642;zone_lo=1.164175;zone_hi=1.164225;n_rows=1;max_ratio=13;close=1.16425;bar_vol=62;fp_vol=62;n_quote=25;n_rule=0
718|2026-06-16T10:00:38.7640000|ZONE_CREATED|zone_id=3525_S;created_bar=3525;side=trapped_sellers;lo=1.164175;hi=1.164225;vol=39
719|2026-06-16T10:00:43.6600000|TRAP|bar=3527;side=trapped_buyers;vol=55;centroid=1.1643;zone_lo=1.164275;zone_hi=1.164325;n_rows=1;max_ratio=9.16666666666667;close=1.16425;bar_vol=66;fp_vol=66;n_quote=25;n_rule=0
720|2026-06-16T10:00:43.6600000|ZONE_CREATED|zone_id=3527_B;created_bar=3527;side=trapped_buyers;lo=1.164275;hi=1.164325;vol=55
721|2026-06-16T10:00:43.8400000|ZONE_TOUCHED|zone_id=3525_S;created_bar=3525;side=trapped_sellers;lo=1.164175;hi=1.164225;vol=39;bar=3528;touches=1
722|2026-06-16T10:00:43.8400000|TRAP|bar=3528;side=trapped_buyers;vol=49;centroid=1.16425;zone_lo=1.164225;zone_hi=1.164275;n_rows=1;max_ratio=49;close=1.1642;bar_vol=54;fp_vol=54;n_quote=25;n_rule=0
723|2026-06-16T10:00:43.8400000|ZONE_CREATED|zone_id=3528_B;created_bar=3528;side=trapped_buyers;lo=1.164225;hi=1.164275;vol=49
724|2026-06-16T10:00:45.4960000|ZONE_TOUCHED|zone_id=3525_S;created_bar=3525;side=trapped_sellers;lo=1.164175;hi=1.164225;vol=39;bar=3529;touches=2
725|2026-06-16T10:00:45.4960000|ZONE_TOUCHED|zone_id=3528_B;created_bar=3528;side=trapped_buyers;lo=1.164225;hi=1.164275;vol=49;bar=3530;touches=1
726|2026-06-16T10:00:45.4960000|ZONE_TOUCHED|zone_id=3525_S;created_bar=3525;side=trapped_sellers;lo=1.164175;hi=1.164225;vol=39;bar=3530;touches=3
727|2026-06-16T10:00:47.7680000|ZONE_TOUCHED|zone_id=3528_B;created_bar=3528;side=trapped_buyers;lo=1.164225;hi=1.164275;vol=49;bar=3531;touches=2
728|2026-06-16T10:00:47.7680000|ZONE_TOUCHED|zone_id=3525_S;created_bar=3525;side=trapped_sellers;lo=1.164175;hi=1.164225;vol=39;bar=3531;touches=4
729|2026-06-16T10:00:47.7680000|ZONE_INVALIDATED|zone_id=3525_S;created_bar=3525;side=trapped_sellers;lo=1.164175;hi=1.164225;vol=39;reason=close_through;bar=3531
730|2026-06-16T10:01:03.1160000|ZONE_TOUCHED|zone_id=3528_B;created_bar=3528;side=trapped_buyers;lo=1.164225;hi=1.164275;vol=49;bar=3533;touches=3
731|2026-06-16T10:01:05.6680000|ZONE_TOUCHED|zone_id=3528_B;created_bar=3528;side=trapped_buyers;lo=1.164225;hi=1.164275;vol=49;bar=3534;touches=4
732|2026-06-16T10:01:05.6680000|ZONE_INVALIDATED|zone_id=3528_B;created_bar=3528;side=trapped_buyers;lo=1.164225;hi=1.164275;vol=49;reason=close_through;bar=3534
733|2026-06-16T10:01:05.6680000|ZONE_TOUCHED|zone_id=3527_B;created_bar=3527;side=trapped_buyers;lo=1.164275;hi=1.164325;vol=55;bar=3534;touches=1
734|2026-06-16T10:01:05.6680000|TRAP|bar=3534;side=trapped_sellers;vol=37;centroid=1.16425;zone_lo=1.164225;zone_hi=1.164275;n_rows=1;max_ratio=12.3333333333333;close=1.1643;bar_vol=47;fp_vol=47;n_quote=25;n_rule=0
735|2026-06-16T10:01:05.6680000|ZONE_CREATED|zone_id=3534_S;created_bar=3534;side=trapped_sellers;lo=1.164225;hi=1.164275;vol=37
736|2026-06-16T10:01:05.6680000|ZONE_TOUCHED|zone_id=3534_S;created_bar=3534;side=trapped_sellers;lo=1.164225;hi=1.164275;vol=37;bar=3535;touches=1
737|2026-06-16T10:01:05.6680000|ZONE_TOUCHED|zone_id=3527_B;created_bar=3527;side=trapped_buyers;lo=1.164275;hi=1.164325;vol=55;bar=3535;touches=2
738|2026-06-16T10:01:11.0440000|ZONE_TOUCHED|zone_id=3527_B;created_bar=3527;side=trapped_buyers;lo=1.164275;hi=1.164325;vol=55;bar=3536;touches=3
739|2026-06-16T10:01:38.3240000|ZONE_TOUCHED|zone_id=3527_B;created_bar=3527;side=trapped_buyers;lo=1.164275;hi=1.164325;vol=55;bar=3537;touches=4
740|2026-06-16T10:01:41.9200000|ZONE_TOUCHED|zone_id=3527_B;created_bar=3527;side=trapped_buyers;lo=1.164275;hi=1.164325;vol=55;bar=3538;touches=5
741|2026-06-16T10:01:44.2720000|ZONE_TOUCHED|zone_id=3534_S;created_bar=3534;side=trapped_sellers;lo=1.164225;hi=1.164275;vol=37;bar=3539;touches=2
742|2026-06-16T10:01:44.2720000|ZONE_TOUCHED|zone_id=3527_B;created_bar=3527;side=trapped_buyers;lo=1.164275;hi=1.164325;vol=55;bar=3539;touches=6
743|2026-06-16T10:01:45.2400000|ZONE_TOUCHED|zone_id=3534_S;created_bar=3534;side=trapped_sellers;lo=1.164225;hi=1.164275;vol=37;bar=3540;touches=3
744|2026-06-16T10:01:45.2400000|ZONE_TOUCHED|zone_id=3527_B;created_bar=3527;side=trapped_buyers;lo=1.164275;hi=1.164325;vol=55;bar=3540;touches=7
745|2026-06-16T10:01:45.2400000|ZONE_INVALIDATED|zone_id=3527_B;created_bar=3527;side=trapped_buyers;lo=1.164275;hi=1.164325;vol=55;reason=close_through;bar=3540
746|2026-06-16T10:01:45.2400000|TRAP|bar=3540;side=trapped_sellers;vol=3;centroid=1.16425;zone_lo=1.164225;zone_hi=1.164275;n_rows=1;max_ratio=3;close=1.16435;bar_vol=59;fp_vol=59;n_quote=25;n_rule=0
747|2026-06-16T10:02:00.5480000|ZONE_TOUCHED|zone_id=3534_S;created_bar=3534;side=trapped_sellers;lo=1.164225;hi=1.164275;vol=37;bar=3543;touches=4
748|2026-06-16T10:02:31.2760000|ZONE_TOUCHED|zone_id=3534_S;created_bar=3534;side=trapped_sellers;lo=1.164225;hi=1.164275;vol=37;bar=3545;touches=5
749|2026-06-16T10:02:45.8880000|ZONE_TOUCHED|zone_id=3534_S;created_bar=3534;side=trapped_sellers;lo=1.164225;hi=1.164275;vol=37;bar=3546;touches=6
750|2026-06-16T10:05:05.7560000|ZONE_TOUCHED|zone_id=3534_S;created_bar=3534;side=trapped_sellers;lo=1.164225;hi=1.164275;vol=37;bar=3551;touches=7
751|2026-06-16T10:05:31.8360000|ZONE_TOUCHED|zone_id=3534_S;created_bar=3534;side=trapped_sellers;lo=1.164225;hi=1.164275;vol=37;bar=3552;touches=8
752|2026-06-16T10:05:31.8360000|ZONE_INVALIDATED|zone_id=3534_S;created_bar=3534;side=trapped_sellers;lo=1.164225;hi=1.164275;vol=37;reason=close_through;bar=3552
753|2026-06-16T10:06:14.6280000|TRAP|bar=3554;side=trapped_sellers;vol=29;centroid=1.16415;zone_lo=1.164125;zone_hi=1.164175;n_rows=1;max_ratio=14.5;close=1.16425;bar_vol=53;fp_vol=53;n_quote=25;n_rule=0
754|2026-06-16T10:06:31.9160000|TRAP|bar=3555;side=trapped_sellers;vol=43;centroid=1.16415;zone_lo=1.164125;zone_hi=1.164175;n_rows=1;max_ratio=4.3;close=1.1642;bar_vol=59;fp_vol=59;n_quote=25;n_rule=0
755|2026-06-16T10:06:31.9160000|ZONE_CREATED|zone_id=3555_S;created_bar=3555;side=trapped_sellers;lo=1.164125;hi=1.164175;vol=43
756|2026-06-16T10:11:14.4960000|TRAP|bar=3565;side=trapped_sellers;vol=22;centroid=1.1642;zone_lo=1.164175;zone_hi=1.164225;n_rows=1;max_ratio=22;close=1.16425;bar_vol=63;fp_vol=63;n_quote=25;n_rule=0
757|2026-06-16T10:13:15.8320000|ZONE_TOUCHED|zone_id=3555_S;created_bar=3555;side=trapped_sellers;lo=1.164125;hi=1.164175;vol=43;bar=3570;touches=1
758|2026-06-16T10:13:59.2200000|ZONE_TOUCHED|zone_id=3555_S;created_bar=3555;side=trapped_sellers;lo=1.164125;hi=1.164175;vol=43;bar=3572;touches=2
759|2026-06-16T10:14:17.2720000|ZONE_TOUCHED|zone_id=3555_S;created_bar=3555;side=trapped_sellers;lo=1.164125;hi=1.164175;vol=43;bar=3573;touches=3
760|2026-06-16T10:14:17.2720000|TRAP|bar=3573;side=trapped_sellers;vol=18;centroid=1.1641;zone_lo=1.164075;zone_hi=1.164125;n_rows=1;max_ratio=3.6;close=1.16415;bar_vol=49;fp_vol=49;n_quote=25;n_rule=0
761|2026-06-16T10:15:02.4440000|ZONE_TOUCHED|zone_id=3555_S;created_bar=3555;side=trapped_sellers;lo=1.164125;hi=1.164175;vol=43;bar=3574;touches=4
762|2026-06-16T10:15:47.3080000|ZONE_TOUCHED|zone_id=3555_S;created_bar=3555;side=trapped_sellers;lo=1.164125;hi=1.164175;vol=43;bar=3577;touches=5
763|2026-06-16T10:15:47.3080000|ZONE_INVALIDATED|zone_id=3555_S;created_bar=3555;side=trapped_sellers;lo=1.164125;hi=1.164175;vol=43;reason=close_through;bar=3577
764|2026-06-16T10:19:16.1880000|TRAP|bar=3585;side=trapped_sellers;vol=12;centroid=1.1641;zone_lo=1.164075;zone_hi=1.164125;n_rows=1;max_ratio=12;close=1.16415;bar_vol=48;fp_vol=48;n_quote=25;n_rule=0
765|2026-06-16T10:21:37.1880000|TRAP|bar=3591;side=trapped_buyers;vol=22;centroid=1.164;zone_lo=1.163975;zone_hi=1.164025;n_rows=1;max_ratio=11;close=1.16395;bar_vol=35;fp_vol=35;n_quote=25;n_rule=0
766|2026-06-16T10:27:17.8720000|TRAP|bar=3605;side=trapped_sellers;vol=18;centroid=1.16375;zone_lo=1.163725;zone_hi=1.163775;n_rows=1;max_ratio=6;close=1.1638;bar_vol=42;fp_vol=42;n_quote=25;n_rule=0
767|2026-06-16T10:29:28.6320000|TRAP|bar=3611;side=trapped_sellers;vol=42;centroid=1.1638;zone_lo=1.163775;zone_hi=1.163825;n_rows=1;max_ratio=4.66666666666667;close=1.16385;bar_vol=52;fp_vol=52;n_quote=25;n_rule=0
768|2026-06-16T10:29:28.6320000|ZONE_CREATED|zone_id=3611_S;created_bar=3611;side=trapped_sellers;lo=1.163775;hi=1.163825;vol=42
769|2026-06-16T10:31:12.6880000|TRAP|bar=3621;side=trapped_sellers;vol=34;centroid=1.16395;zone_lo=1.163925;zone_hi=1.163975;n_rows=1;max_ratio=4.85714285714286;close=1.164;bar_vol=47;fp_vol=47;n_quote=25;n_rule=0
770|2026-06-16T10:31:12.6880000|ZONE_CREATED|zone_id=3621_S;created_bar=3621;side=trapped_sellers;lo=1.163925;hi=1.163975;vol=34
771|2026-06-16T10:31:48.4640000|TRAP|bar=3624;side=trapped_buyers;vol=36;centroid=1.16425;zone_lo=1.164225;zone_hi=1.164275;n_rows=1;max_ratio=6;close=1.1642;bar_vol=51;fp_vol=51;n_quote=25;n_rule=0
772|2026-06-16T10:31:48.4640000|ZONE_CREATED|zone_id=3624_B;created_bar=3624;side=trapped_buyers;lo=1.164225;hi=1.164275;vol=36
773|2026-06-16T10:32:01.5000000|ZONE_TOUCHED|zone_id=3624_B;created_bar=3624;side=trapped_buyers;lo=1.164225;hi=1.164275;vol=36;bar=3625;touches=1
774|2026-06-16T10:32:01.5000000|TRAP|bar=3625;side=trapped_sellers;vol=38;centroid=1.1642;zone_lo=1.164175;zone_hi=1.164225;n_rows=1;max_ratio=12.6666666666667;close=1.16425;bar_vol=52;fp_vol=52;n_quote=25;n_rule=0
775|2026-06-16T10:32:01.5000000|ZONE_CREATED|zone_id=3625_S;created_bar=3625;side=trapped_sellers;lo=1.164175;hi=1.164225;vol=38
776|2026-06-16T10:32:11.5280000|ZONE_TOUCHED|zone_id=3625_S;created_bar=3625;side=trapped_sellers;lo=1.164175;hi=1.164225;vol=38;bar=3626;touches=1
777|2026-06-16T10:32:11.5280000|ZONE_TOUCHED|zone_id=3624_B;created_bar=3624;side=trapped_buyers;lo=1.164225;hi=1.164275;vol=36;bar=3626;touches=2
778|2026-06-16T10:32:30.2760000|ZONE_TOUCHED|zone_id=3625_S;created_bar=3625;side=trapped_sellers;lo=1.164175;hi=1.164225;vol=38;bar=3627;touches=2
779|2026-06-16T10:32:30.2760000|ZONE_TOUCHED|zone_id=3624_B;created_bar=3624;side=trapped_buyers;lo=1.164225;hi=1.164275;vol=36;bar=3627;touches=3
780|2026-06-16T10:32:30.2760000|TRAP|bar=3627;side=trapped_sellers;vol=65;centroid=1.16415;zone_lo=1.164125;zone_hi=1.164175;n_rows=1;max_ratio=16.25;close=1.1642;bar_vol=73;fp_vol=73;n_quote=25;n_rule=0
781|2026-06-16T10:32:30.2760000|ZONE_CREATED|zone_id=3627_S;created_bar=3627;side=trapped_sellers;lo=1.164125;hi=1.164175;vol=65
782|2026-06-16T10:32:34.4080000|ZONE_TOUCHED|zone_id=3627_S;created_bar=3627;side=trapped_sellers;lo=1.164125;hi=1.164175;vol=65;bar=3628;touches=1
783|2026-06-16T10:32:34.4080000|ZONE_TOUCHED|zone_id=3625_S;created_bar=3625;side=trapped_sellers;lo=1.164175;hi=1.164225;vol=38;bar=3628;touches=3
784|2026-06-16T10:32:34.4080000|ZONE_TOUCHED|zone_id=3624_B;created_bar=3624;side=trapped_buyers;lo=1.164225;hi=1.164275;vol=36;bar=3628;touches=4
785|2026-06-16T10:32:42.6680000|ZONE_TOUCHED|zone_id=3624_B;created_bar=3624;side=trapped_buyers;lo=1.164225;hi=1.164275;vol=36;bar=3629;touches=5
786|2026-06-16T10:32:42.6680000|ZONE_INVALIDATED|zone_id=3624_B;created_bar=3624;side=trapped_buyers;lo=1.164225;hi=1.164275;vol=36;reason=close_through;bar=3629
787|2026-06-16T10:33:19.6120000|TRAP|bar=3631;side=trapped_sellers;vol=22;centroid=1.16425;zone_lo=1.164225;zone_hi=1.164275;n_rows=1;max_ratio=5.5;close=1.1643;bar_vol=47;fp_vol=47;n_quote=25;n_rule=0
788|2026-06-16T10:33:46.4200000|ZONE_TOUCHED|zone_id=3625_S;created_bar=3625;side=trapped_sellers;lo=1.164175;hi=1.164225;vol=38;bar=3633;touches=4
789|2026-06-16T10:38:08.5800000|TRAP|bar=3649;side=trapped_sellers;vol=35;centroid=1.1643;zone_lo=1.164275;zone_hi=1.164325;n_rows=1;max_ratio=35;close=1.16435;bar_vol=76;fp_vol=76;n_quote=25;n_rule=0
790|2026-06-16T10:38:08.5800000|ZONE_CREATED|zone_id=3649_S;created_bar=3649;side=trapped_sellers;lo=1.164275;hi=1.164325;vol=35
791|2026-06-16T10:38:49.0080000|ZONE_TOUCHED|zone_id=3649_S;created_bar=3649;side=trapped_sellers;lo=1.164275;hi=1.164325;vol=35;bar=3651;touches=1
792|2026-06-16T10:39:16.8440000|ZONE_TOUCHED|zone_id=3649_S;created_bar=3649;side=trapped_sellers;lo=1.164275;hi=1.164325;vol=35;bar=3652;touches=2
793|2026-06-16T10:39:47.6560000|ZONE_TOUCHED|zone_id=3649_S;created_bar=3649;side=trapped_sellers;lo=1.164275;hi=1.164325;vol=35;bar=3653;touches=3
794|2026-06-16T10:40:00.6800000|ZONE_TOUCHED|zone_id=3649_S;created_bar=3649;side=trapped_sellers;lo=1.164275;hi=1.164325;vol=35;bar=3654;touches=4
795|2026-06-16T10:40:00.6800000|TRAP|bar=3654;side=trapped_sellers;vol=46;centroid=1.1643;zone_lo=1.164275;zone_hi=1.164325;n_rows=1;max_ratio=3.83333333333333;close=1.16435;bar_vol=83;fp_vol=83;n_quote=25;n_rule=0
796|2026-06-16T10:40:00.6800000|ZONE_CREATED|zone_id=3654_S;created_bar=3654;side=trapped_sellers;lo=1.164275;hi=1.164325;vol=46
797|2026-06-16T10:40:17.7640000|ZONE_TOUCHED|zone_id=3654_S;created_bar=3654;side=trapped_sellers;lo=1.164275;hi=1.164325;vol=46;bar=3655;touches=1
798|2026-06-16T10:40:17.7640000|ZONE_INVALIDATED|zone_id=3654_S;created_bar=3654;side=trapped_sellers;lo=1.164275;hi=1.164325;vol=46;reason=close_through;bar=3655
799|2026-06-16T10:40:17.7640000|ZONE_TOUCHED|zone_id=3649_S;created_bar=3649;side=trapped_sellers;lo=1.164275;hi=1.164325;vol=35;bar=3655;touches=5
800|2026-06-16T10:40:17.7640000|ZONE_INVALIDATED|zone_id=3649_S;created_bar=3649;side=trapped_sellers;lo=1.164275;hi=1.164325;vol=35;reason=close_through;bar=3655
801|2026-06-16T10:40:27.8280000|ZONE_TOUCHED|zone_id=3627_S;created_bar=3627;side=trapped_sellers;lo=1.164125;hi=1.164175;vol=65;bar=3656;touches=2
802|2026-06-16T10:40:27.8280000|ZONE_TOUCHED|zone_id=3625_S;created_bar=3625;side=trapped_sellers;lo=1.164175;hi=1.164225;vol=38;bar=3656;touches=5
803|2026-06-16T10:41:00.7800000|ZONE_TOUCHED|zone_id=3627_S;created_bar=3627;side=trapped_sellers;lo=1.164125;hi=1.164175;vol=65;bar=3657;touches=3
804|2026-06-16T10:41:00.7800000|ZONE_INVALIDATED|zone_id=3627_S;created_bar=3627;side=trapped_sellers;lo=1.164125;hi=1.164175;vol=65;reason=close_through;bar=3657
805|2026-06-16T10:41:00.7800000|ZONE_INVALIDATED|zone_id=3625_S;created_bar=3625;side=trapped_sellers;lo=1.164175;hi=1.164225;vol=38;reason=close_through_gap;bar=3657
806|2026-06-16T10:41:00.7800000|TRAP|bar=3657;side=trapped_buyers;vol=13;centroid=1.16415;zone_lo=1.164125;zone_hi=1.164175;n_rows=1;max_ratio=6.5;close=1.1641;bar_vol=49;fp_vol=49;n_quote=25;n_rule=0
807|2026-06-16T10:41:30.4720000|TRAP|bar=3658;side=trapped_buyers;vol=4;centroid=1.16425;zone_lo=1.164225;zone_hi=1.164275;n_rows=1;max_ratio=4;close=1.1642;bar_vol=42;fp_vol=42;n_quote=25;n_rule=0
808|2026-06-16T10:42:36.2520000|TRAP|bar=3661;side=trapped_buyers;vol=15;centroid=1.16425;zone_lo=1.164225;zone_hi=1.164275;n_rows=1;max_ratio=5;close=1.1642;bar_vol=82;fp_vol=82;n_quote=25;n_rule=0
809|2026-06-16T10:43:41.4760000|TRAP|bar=3664;side=trapped_sellers;vol=42;centroid=1.16415;zone_lo=1.164125;zone_hi=1.164175;n_rows=1;max_ratio=6;close=1.1643;bar_vol=96;fp_vol=96;n_quote=25;n_rule=0
810|2026-06-16T10:43:41.4760000|ZONE_CREATED|zone_id=3664_S;created_bar=3664;side=trapped_sellers;lo=1.164125;hi=1.164175;vol=42
811|2026-06-16T10:44:49.8440000|ZONE_TOUCHED|zone_id=3664_S;created_bar=3664;side=trapped_sellers;lo=1.164125;hi=1.164175;vol=42;bar=3667;touches=1
812|2026-06-16T10:45:13.7560000|ZONE_TOUCHED|zone_id=3664_S;created_bar=3664;side=trapped_sellers;lo=1.164125;hi=1.164175;vol=42;bar=3668;touches=2
813|2026-06-16T10:45:33.9400000|ZONE_TOUCHED|zone_id=3664_S;created_bar=3664;side=trapped_sellers;lo=1.164125;hi=1.164175;vol=42;bar=3669;touches=3
814|2026-06-16T10:45:33.9400000|ZONE_INVALIDATED|zone_id=3664_S;created_bar=3664;side=trapped_sellers;lo=1.164125;hi=1.164175;vol=42;reason=close_through;bar=3669
815|2026-06-16T10:46:21.3440000|ZONE_TOUCHED|zone_id=3621_S;created_bar=3621;side=trapped_sellers;lo=1.163925;hi=1.163975;vol=34;bar=3672;touches=1
816|2026-06-16T10:46:43.9520000|ZONE_TOUCHED|zone_id=3621_S;created_bar=3621;side=trapped_sellers;lo=1.163925;hi=1.163975;vol=34;bar=3673;touches=2
817|2026-06-16T10:47:13.0440000|ZONE_TOUCHED|zone_id=3621_S;created_bar=3621;side=trapped_sellers;lo=1.163925;hi=1.163975;vol=34;bar=3675;touches=3
818|2026-06-16T10:47:13.0440000|TRAP|bar=3675;side=trapped_sellers;vol=34;centroid=1.16395;zone_lo=1.163925;zone_hi=1.163975;n_rows=1;max_ratio=4.25;close=1.164;bar_vol=64;fp_vol=64;n_quote=25;n_rule=0
819|2026-06-16T10:47:13.0440000|ZONE_CREATED|zone_id=3675_S;created_bar=3675;side=trapped_sellers;lo=1.163925;hi=1.163975;vol=34
820|2026-06-16T10:47:49.7240000|ZONE_TOUCHED|zone_id=3675_S;created_bar=3675;side=trapped_sellers;lo=1.163925;hi=1.163975;vol=34;bar=3676;touches=1
821|2026-06-16T10:47:49.7240000|ZONE_INVALIDATED|zone_id=3675_S;created_bar=3675;side=trapped_sellers;lo=1.163925;hi=1.163975;vol=34;reason=close_through;bar=3676
822|2026-06-16T10:47:49.7240000|ZONE_TOUCHED|zone_id=3621_S;created_bar=3621;side=trapped_sellers;lo=1.163925;hi=1.163975;vol=34;bar=3676;touches=4
823|2026-06-16T10:47:49.7240000|ZONE_INVALIDATED|zone_id=3621_S;created_bar=3621;side=trapped_sellers;lo=1.163925;hi=1.163975;vol=34;reason=close_through;bar=3676
824|2026-06-16T10:48:34.4040000|ZONE_TOUCHED|zone_id=3611_S;created_bar=3611;side=trapped_sellers;lo=1.163775;hi=1.163825;vol=42;bar=3679;touches=1
825|2026-06-16T10:49:17.9800000|ZONE_TOUCHED|zone_id=3611_S;created_bar=3611;side=trapped_sellers;lo=1.163775;hi=1.163825;vol=42;bar=3680;touches=2
826|2026-06-16T10:49:30.7880000|ZONE_TOUCHED|zone_id=3611_S;created_bar=3611;side=trapped_sellers;lo=1.163775;hi=1.163825;vol=42;bar=3681;touches=3
827|2026-06-16T10:49:49.3200000|ZONE_TOUCHED|zone_id=3611_S;created_bar=3611;side=trapped_sellers;lo=1.163775;hi=1.163825;vol=42;bar=3682;touches=4
828|2026-06-16T10:50:05.5240000|ZONE_TOUCHED|zone_id=3611_S;created_bar=3611;side=trapped_sellers;lo=1.163775;hi=1.163825;vol=42;bar=3683;touches=5
829|2026-06-16T10:50:05.5240000|TRAP|bar=3683;side=trapped_sellers;vol=40;centroid=1.1638;zone_lo=1.163775;zone_hi=1.163825;n_rows=1;max_ratio=40;close=1.16385;bar_vol=54;fp_vol=54;n_quote=25;n_rule=0
830|2026-06-16T10:50:05.5240000|ZONE_CREATED|zone_id=3683_S;created_bar=3683;side=trapped_sellers;lo=1.163775;hi=1.163825;vol=40
831|2026-06-16T10:50:15.7720000|ZONE_TOUCHED|zone_id=3683_S;created_bar=3683;side=trapped_sellers;lo=1.163775;hi=1.163825;vol=40;bar=3684;touches=1
832|2026-06-16T10:50:15.7720000|ZONE_INVALIDATED|zone_id=3683_S;created_bar=3683;side=trapped_sellers;lo=1.163775;hi=1.163825;vol=40;reason=close_through;bar=3684
833|2026-06-16T10:50:15.7720000|ZONE_TOUCHED|zone_id=3611_S;created_bar=3611;side=trapped_sellers;lo=1.163775;hi=1.163825;vol=42;bar=3684;touches=6
834|2026-06-16T10:50:15.7720000|ZONE_INVALIDATED|zone_id=3611_S;created_bar=3611;side=trapped_sellers;lo=1.163775;hi=1.163825;vol=42;reason=close_through;bar=3684
835|2026-06-16T10:50:30.1880000|TRAP|bar=3685;side=trapped_sellers;vol=35;centroid=1.16375;zone_lo=1.163725;zone_hi=1.163775;n_rows=1;max_ratio=17.5;close=1.1638;bar_vol=55;fp_vol=55;n_quote=25;n_rule=0
836|2026-06-16T10:50:30.1880000|ZONE_CREATED|zone_id=3685_S;created_bar=3685;side=trapped_sellers;lo=1.163725;hi=1.163775;vol=35
837|2026-06-16T10:51:13.2560000|ZONE_TOUCHED|zone_id=3685_S;created_bar=3685;side=trapped_sellers;lo=1.163725;hi=1.163775;vol=35;bar=3687;touches=1
838|2026-06-16T10:51:55.7400000|ZONE_TOUCHED|zone_id=3685_S;created_bar=3685;side=trapped_sellers;lo=1.163725;hi=1.163775;vol=35;bar=3691;touches=2
839|2026-06-16T10:52:21.3040000|ZONE_TOUCHED|zone_id=3685_S;created_bar=3685;side=trapped_sellers;lo=1.163725;hi=1.163775;vol=35;bar=3692;touches=3
840|2026-06-16T10:52:21.3040000|ZONE_INVALIDATED|zone_id=3685_S;created_bar=3685;side=trapped_sellers;lo=1.163725;hi=1.163775;vol=35;reason=close_through;bar=3692
841|2026-06-16T10:52:36.6240000|TRAP|bar=3693;side=trapped_buyers;vol=36;centroid=1.16375;zone_lo=1.163725;zone_hi=1.163775;n_rows=1;max_ratio=6;close=1.1637;bar_vol=51;fp_vol=51;n_quote=25;n_rule=0
842|2026-06-16T10:52:36.6240000|ZONE_CREATED|zone_id=3693_B;created_bar=3693;side=trapped_buyers;lo=1.163725;hi=1.163775;vol=36
843|2026-06-16T10:52:56.4360000|ZONE_TOUCHED|zone_id=3693_B;created_bar=3693;side=trapped_buyers;lo=1.163725;hi=1.163775;vol=36;bar=3694;touches=1
844|2026-06-16T10:52:56.4360000|ZONE_INVALIDATED|zone_id=3693_B;created_bar=3693;side=trapped_buyers;lo=1.163725;hi=1.163775;vol=36;reason=close_through;bar=3694
845|2026-06-16T10:54:28.4240000|TRAP|bar=3700;side=trapped_sellers;vol=26;centroid=1.16355;zone_lo=1.163525;zone_hi=1.163575;n_rows=1;max_ratio=3.71428571428571;close=1.1636;bar_vol=48;fp_vol=48;n_quote=25;n_rule=0
846|2026-06-16T10:56:11.6920000|TRAP|bar=3706;side=trapped_sellers;vol=13;centroid=1.16355;zone_lo=1.163525;zone_hi=1.163575;n_rows=1;max_ratio=6.5;close=1.1636;bar_vol=37;fp_vol=37;n_quote=25;n_rule=0
847|2026-06-16T10:57:19.6920000|TRAP|bar=3708;side=trapped_buyers;vol=13;centroid=1.1636;zone_lo=1.163575;zone_hi=1.163625;n_rows=1;max_ratio=3.25;close=1.1635;bar_vol=56;fp_vol=56;n_quote=25;n_rule=0
848|2026-06-16T10:58:16.7040000|TRAP|bar=3712;side=trapped_buyers;vol=18;centroid=1.16345;zone_lo=1.163425;zone_hi=1.163475;n_rows=1;max_ratio=18;close=1.1634;bar_vol=78;fp_vol=78;n_quote=25;n_rule=0
849|2026-06-16T11:00:01.3400000|TRAP|bar=3716;side=trapped_buyers;vol=63;centroid=1.16345;zone_lo=1.163425;zone_hi=1.163475;n_rows=1;max_ratio=3.9375;close=1.1634;bar_vol=89;fp_vol=89;n_quote=25;n_rule=0
850|2026-06-16T11:00:01.3400000|ZONE_CREATED|zone_id=3716_B;created_bar=3716;side=trapped_buyers;lo=1.163425;hi=1.163475;vol=63
851|2026-06-16T11:00:06.2160000|ZONE_TOUCHED|zone_id=3716_B;created_bar=3716;side=trapped_buyers;lo=1.163425;hi=1.163475;vol=63;bar=3717;touches=1
852|2026-06-16T11:00:07.8520000|ZONE_TOUCHED|zone_id=3716_B;created_bar=3716;side=trapped_buyers;lo=1.163425;hi=1.163475;vol=63;bar=3718;touches=2
853|2026-06-16T11:00:07.8520000|ZONE_INVALIDATED|zone_id=3716_B;created_bar=3716;side=trapped_buyers;lo=1.163425;hi=1.163475;vol=63;reason=close_through;bar=3718
854|2026-06-16T11:00:25.0640000|TRAP|bar=3725;side=trapped_buyers;vol=107;centroid=1.1638;zone_lo=1.163775;zone_hi=1.163825;n_rows=1;max_ratio=53.5;close=1.16375;bar_vol=109;fp_vol=109;n_quote=25;n_rule=0
855|2026-06-16T11:00:25.0640000|ZONE_CREATED|zone_id=3725_B;created_bar=3725;side=trapped_buyers;lo=1.163775;hi=1.163825;vol=107
856|2026-06-16T11:00:28.9480000|ZONE_TOUCHED|zone_id=3725_B;created_bar=3725;side=trapped_buyers;lo=1.163775;hi=1.163825;vol=107;bar=3726;touches=1
857|2026-06-16T11:00:56.8120000|ZONE_TOUCHED|zone_id=3725_B;created_bar=3725;side=trapped_buyers;lo=1.163775;hi=1.163825;vol=107;bar=3728;touches=2
858|2026-06-16T11:01:12.9800000|ZONE_TOUCHED|zone_id=3725_B;created_bar=3725;side=trapped_buyers;lo=1.163775;hi=1.163825;vol=107;bar=3729;touches=3
859|2026-06-16T11:01:30.8520000|ZONE_TOUCHED|zone_id=3725_B;created_bar=3725;side=trapped_buyers;lo=1.163775;hi=1.163825;vol=107;bar=3730;touches=4
860|2026-06-16T11:01:37.7800000|ZONE_TOUCHED|zone_id=3725_B;created_bar=3725;side=trapped_buyers;lo=1.163775;hi=1.163825;vol=107;bar=3731;touches=5
861|2026-06-16T11:01:37.7800000|TRAP|bar=3731;side=trapped_buyers;vol=17;centroid=1.16385;zone_lo=1.163825;zone_hi=1.163875;n_rows=1;max_ratio=4.25;close=1.1638;bar_vol=32;fp_vol=32;n_quote=25;n_rule=0
862|2026-06-16T11:02:08.5560000|ZONE_TOUCHED|zone_id=3725_B;created_bar=3725;side=trapped_buyers;lo=1.163775;hi=1.163825;vol=107;bar=3732;touches=6
863|2026-06-16T11:05:02.1240000|TRAP|bar=3744;side=trapped_sellers;vol=45;centroid=1.1634;zone_lo=1.163375;zone_hi=1.163425;n_rows=1;max_ratio=9;close=1.16345;bar_vol=70;fp_vol=70;n_quote=25;n_rule=0
864|2026-06-16T11:05:02.1240000|ZONE_CREATED|zone_id=3744_S;created_bar=3744;side=trapped_sellers;lo=1.163375;hi=1.163425;vol=45
865|2026-06-16T11:05:20.7440000|ZONE_TOUCHED|zone_id=3744_S;created_bar=3744;side=trapped_sellers;lo=1.163375;hi=1.163425;vol=45;bar=3745;touches=1
866|2026-06-16T11:05:22.5480000|ZONE_TOUCHED|zone_id=3744_S;created_bar=3744;side=trapped_sellers;lo=1.163375;hi=1.163425;vol=45;bar=3746;touches=2
867|2026-06-16T11:05:22.5480000|ZONE_INVALIDATED|zone_id=3744_S;created_bar=3744;side=trapped_sellers;lo=1.163375;hi=1.163425;vol=45;reason=close_through;bar=3746
868|2026-06-16T11:09:30.8000000|TRAP|bar=3762;side=trapped_sellers;vol=28;centroid=1.16325;zone_lo=1.163225;zone_hi=1.163275;n_rows=1;max_ratio=5.6;close=1.16335;bar_vol=60;fp_vol=60;n_quote=25;n_rule=0
869|2026-06-16T11:13:04.0400000|ZONE_TOUCHED|zone_id=3725_B;created_bar=3725;side=trapped_buyers;lo=1.163775;hi=1.163825;vol=107;bar=3775;touches=7
870|2026-06-16T11:13:40.8960000|ZONE_TOUCHED|zone_id=3725_B;created_bar=3725;side=trapped_buyers;lo=1.163775;hi=1.163825;vol=107;bar=3776;touches=8
871|2026-06-16T11:17:15.1320000|TRAP|bar=3788;side=trapped_sellers;vol=67;centroid=1.1635;zone_lo=1.163475;zone_hi=1.163525;n_rows=1;max_ratio=13.4;close=1.16355;bar_vol=106;fp_vol=106;n_quote=25;n_rule=0
872|2026-06-16T11:17:15.1320000|ZONE_CREATED|zone_id=3788_S;created_bar=3788;side=trapped_sellers;lo=1.163475;hi=1.163525;vol=67
873|2026-06-16T11:18:49.5120000|ZONE_TOUCHED|zone_id=3788_S;created_bar=3788;side=trapped_sellers;lo=1.163475;hi=1.163525;vol=67;bar=3793;touches=1
874|2026-06-16T11:19:45.9480000|ZONE_TOUCHED|zone_id=3788_S;created_bar=3788;side=trapped_sellers;lo=1.163475;hi=1.163525;vol=67;bar=3794;touches=2
875|2026-06-16T11:19:46.4080000|ZONE_TOUCHED|zone_id=3788_S;created_bar=3788;side=trapped_sellers;lo=1.163475;hi=1.163525;vol=67;bar=3795;touches=3
876|2026-06-16T11:20:03.1640000|ZONE_TOUCHED|zone_id=3788_S;created_bar=3788;side=trapped_sellers;lo=1.163475;hi=1.163525;vol=67;bar=3796;touches=4
877|2026-06-16T11:20:03.1640000|TRAP|bar=3796;side=trapped_buyers;vol=40;centroid=1.16355;zone_lo=1.163525;zone_hi=1.163575;n_rows=1;max_ratio=10;close=1.1635;bar_vol=55;fp_vol=55;n_quote=25;n_rule=0
878|2026-06-16T11:20:03.1640000|ZONE_CREATED|zone_id=3796_B;created_bar=3796;side=trapped_buyers;lo=1.163525;hi=1.163575;vol=40
879|2026-06-16T11:20:03.2600000|ZONE_TOUCHED|zone_id=3796_B;created_bar=3796;side=trapped_buyers;lo=1.163525;hi=1.163575;vol=40;bar=3797;touches=1
880|2026-06-16T11:20:03.2600000|ZONE_TOUCHED|zone_id=3788_S;created_bar=3788;side=trapped_sellers;lo=1.163475;hi=1.163525;vol=67;bar=3797;touches=5
881|2026-06-16T11:20:25.2440000|ZONE_TOUCHED|zone_id=3796_B;created_bar=3796;side=trapped_buyers;lo=1.163525;hi=1.163575;vol=40;bar=3798;touches=2
882|2026-06-16T11:20:51.1520000|ZONE_TOUCHED|zone_id=3796_B;created_bar=3796;side=trapped_buyers;lo=1.163525;hi=1.163575;vol=40;bar=3799;touches=3
883|2026-06-16T11:20:51.1520000|ZONE_INVALIDATED|zone_id=3796_B;created_bar=3796;side=trapped_buyers;lo=1.163525;hi=1.163575;vol=40;reason=close_through;bar=3799
884|2026-06-16T11:21:37.7760000|TRAP|bar=3802;side=trapped_sellers;vol=33;centroid=1.1636;zone_lo=1.163575;zone_hi=1.163625;n_rows=1;max_ratio=8.25;close=1.16365;bar_vol=57;fp_vol=57;n_quote=25;n_rule=0
885|2026-06-16T11:21:37.7760000|ZONE_CREATED|zone_id=3802_S;created_bar=3802;side=trapped_sellers;lo=1.163575;hi=1.163625;vol=33
886|2026-06-16T11:21:50.4000000|ZONE_TOUCHED|zone_id=3725_B;created_bar=3725;side=trapped_buyers;lo=1.163775;hi=1.163825;vol=107;bar=3804;touches=9
887|2026-06-16T11:22:09.1240000|ZONE_TOUCHED|zone_id=3725_B;created_bar=3725;side=trapped_buyers;lo=1.163775;hi=1.163825;vol=107;bar=3805;touches=10
888|2026-06-16T11:22:21.9520000|ZONE_TOUCHED|zone_id=3725_B;created_bar=3725;side=trapped_buyers;lo=1.163775;hi=1.163825;vol=107;bar=3806;touches=11
889|2026-06-16T11:22:59.4240000|ZONE_TOUCHED|zone_id=3725_B;created_bar=3725;side=trapped_buyers;lo=1.163775;hi=1.163825;vol=107;bar=3807;touches=12
890|2026-06-16T11:23:01.0320000|ZONE_TOUCHED|zone_id=3725_B;created_bar=3725;side=trapped_buyers;lo=1.163775;hi=1.163825;vol=107;bar=3808;touches=13
891|2026-06-16T11:23:01.0320000|ZONE_INVALIDATED|zone_id=3725_B;created_bar=3725;side=trapped_buyers;lo=1.163775;hi=1.163825;vol=107;reason=close_through;bar=3808
892|2026-06-16T11:23:01.0320000|TRAP|bar=3808;side=trapped_sellers;vol=27;centroid=1.1638;zone_lo=1.163775;zone_hi=1.163825;n_rows=1;max_ratio=13.5;close=1.16385;bar_vol=63;fp_vol=63;n_quote=25;n_rule=0
893|2026-06-16T11:23:15.4720000|TRAP|bar=3810;side=trapped_buyers;vol=27;centroid=1.1639;zone_lo=1.163875;zone_hi=1.163925;n_rows=1;max_ratio=4.5;close=1.16385;bar_vol=47;fp_vol=47;n_quote=25;n_rule=0
894|2026-06-16T11:23:42.4800000|TRAP|bar=3813;side=trapped_buyers;vol=19;centroid=1.1639;zone_lo=1.163875;zone_hi=1.163925;n_rows=1;max_ratio=6.33333333333333;close=1.16385;bar_vol=43;fp_vol=43;n_quote=25;n_rule=0
895|2026-06-16T11:28:14.2480000|ZONE_TOUCHED|zone_id=3802_S;created_bar=3802;side=trapped_sellers;lo=1.163575;hi=1.163625;vol=33;bar=3826;touches=1
896|2026-06-16T11:28:14.2480000|ZONE_INVALIDATED|zone_id=3802_S;created_bar=3802;side=trapped_sellers;lo=1.163575;hi=1.163625;vol=33;reason=close_through;bar=3826
897|2026-06-16T11:28:53.0840000|TRAP|bar=3828;side=trapped_sellers;vol=35;centroid=1.16365;zone_lo=1.163625;zone_hi=1.163675;n_rows=1;max_ratio=7;close=1.1637;bar_vol=45;fp_vol=45;n_quote=25;n_rule=0
898|2026-06-16T11:28:53.0840000|ZONE_CREATED|zone_id=3828_S;created_bar=3828;side=trapped_sellers;lo=1.163625;hi=1.163675;vol=35
899|2026-06-16T11:29:32.4800000|ZONE_TOUCHED|zone_id=3828_S;created_bar=3828;side=trapped_sellers;lo=1.163625;hi=1.163675;vol=35;bar=3831;touches=1
900|2026-06-16T11:29:32.4800000|ZONE_INVALIDATED|zone_id=3828_S;created_bar=3828;side=trapped_sellers;lo=1.163625;hi=1.163675;vol=35;reason=close_through;bar=3831
901|2026-06-16T11:29:38.7600000|ZONE_TOUCHED|zone_id=3788_S;created_bar=3788;side=trapped_sellers;lo=1.163475;hi=1.163525;vol=67;bar=3832;touches=6
902|2026-06-16T11:29:38.7600000|ZONE_INVALIDATED|zone_id=3788_S;created_bar=3788;side=trapped_sellers;lo=1.163475;hi=1.163525;vol=67;reason=close_through;bar=3832
903|2026-06-16T11:31:39.4520000|TRAP|bar=3842;side=trapped_buyers;vol=11;centroid=1.16335;zone_lo=1.163325;zone_hi=1.163375;n_rows=1;max_ratio=5.5;close=1.16325;bar_vol=47;fp_vol=47;n_quote=25;n_rule=0
904|2026-06-16T11:33:22.0920000|TRAP|bar=3848;side=trapped_buyers;vol=35;centroid=1.1633;zone_lo=1.163275;zone_hi=1.163325;n_rows=1;max_ratio=11.6666666666667;close=1.1632;bar_vol=46;fp_vol=46;n_quote=25;n_rule=0
905|2026-06-16T11:33:22.0920000|ZONE_CREATED|zone_id=3848_B;created_bar=3848;side=trapped_buyers;lo=1.163275;hi=1.163325;vol=35
906|2026-06-16T11:35:27.5200000|ZONE_TOUCHED|zone_id=3848_B;created_bar=3848;side=trapped_buyers;lo=1.163275;hi=1.163325;vol=35;bar=3860;touches=1
907|2026-06-16T11:35:36.0440000|ZONE_TOUCHED|zone_id=3848_B;created_bar=3848;side=trapped_buyers;lo=1.163275;hi=1.163325;vol=35;bar=3861;touches=2
908|2026-06-16T11:35:47.7480000|ZONE_TOUCHED|zone_id=3848_B;created_bar=3848;side=trapped_buyers;lo=1.163275;hi=1.163325;vol=35;bar=3862;touches=3
909|2026-06-16T11:36:11.7400000|ZONE_TOUCHED|zone_id=3848_B;created_bar=3848;side=trapped_buyers;lo=1.163275;hi=1.163325;vol=35;bar=3863;touches=4
910|2026-06-16T11:36:36.7440000|ZONE_TOUCHED|zone_id=3848_B;created_bar=3848;side=trapped_buyers;lo=1.163275;hi=1.163325;vol=35;bar=3864;touches=5
911|2026-06-16T11:37:14.0200000|ZONE_TOUCHED|zone_id=3848_B;created_bar=3848;side=trapped_buyers;lo=1.163275;hi=1.163325;vol=35;bar=3865;touches=6
912|2026-06-16T11:37:40.4480000|ZONE_TOUCHED|zone_id=3848_B;created_bar=3848;side=trapped_buyers;lo=1.163275;hi=1.163325;vol=35;bar=3866;touches=7
913|2026-06-16T11:37:40.4480000|ZONE_INVALIDATED|zone_id=3848_B;created_bar=3848;side=trapped_buyers;lo=1.163275;hi=1.163325;vol=35;reason=close_through;bar=3866
914|2026-06-16T11:37:40.4480000|TRAP|bar=3866;side=trapped_buyers;vol=13;centroid=1.1634;zone_lo=1.163375;zone_hi=1.163425;n_rows=1;max_ratio=4.33333333333333;close=1.16335;bar_vol=37;fp_vol=37;n_quote=25;n_rule=0
915|2026-06-16T11:40:20.7480000|TRAP|bar=3872;side=trapped_sellers;vol=8;centroid=1.1635;zone_lo=1.163475;zone_hi=1.163525;n_rows=1;max_ratio=8;close=1.1636;bar_vol=60;fp_vol=60;n_quote=25;n_rule=0
916|2026-06-16T11:48:58.7960000|TRAP|bar=3903;side=trapped_sellers;vol=23;centroid=1.16405;zone_lo=1.164025;zone_hi=1.164075;n_rows=1;max_ratio=7.66666666666667;close=1.1641;bar_vol=44;fp_vol=44;n_quote=25;n_rule=0
917|2026-06-16T11:51:11.6920000|TRAP|bar=3917;side=trapped_buyers;vol=28;centroid=1.1643;zone_lo=1.164275;zone_hi=1.164325;n_rows=1;max_ratio=14;close=1.16425;bar_vol=47;fp_vol=47;n_quote=25;n_rule=0
918|2026-06-16T11:52:16.0400000|TRAP|bar=3922;side=trapped_sellers;vol=32;centroid=1.16435;zone_lo=1.164325;zone_hi=1.164375;n_rows=1;max_ratio=32;close=1.1644;bar_vol=58;fp_vol=58;n_quote=25;n_rule=0
919|2026-06-16T11:52:16.0400000|ZONE_CREATED|zone_id=3922_S;created_bar=3922;side=trapped_sellers;lo=1.164325;hi=1.164375;vol=32
920|2026-06-16T11:52:35.4240000|ZONE_TOUCHED|zone_id=3922_S;created_bar=3922;side=trapped_sellers;lo=1.164325;hi=1.164375;vol=32;bar=3923;touches=1
921|2026-06-16T11:52:35.4240000|ZONE_INVALIDATED|zone_id=3922_S;created_bar=3922;side=trapped_sellers;lo=1.164325;hi=1.164375;vol=32;reason=close_through;bar=3923
922|2026-06-16T11:57:31.0840000|TRAP|bar=3954;side=trapped_buyers;vol=36;centroid=1.16485;zone_lo=1.164825;zone_hi=1.164875;n_rows=1;max_ratio=4.5;close=1.1648;bar_vol=50;fp_vol=50;n_quote=25;n_rule=0
923|2026-06-16T11:57:31.0840000|ZONE_CREATED|zone_id=3954_B;created_bar=3954;side=trapped_buyers;lo=1.164825;hi=1.164875;vol=36
924|2026-06-16T11:57:33.7200000|TRAP|bar=3955;side=trapped_buyers;vol=18;centroid=1.1648;zone_lo=1.164775;zone_hi=1.164825;n_rows=1;max_ratio=3.6;close=1.16475;bar_vol=55;fp_vol=55;n_quote=25;n_rule=0
925|2026-06-16T11:57:45.4280000|ZONE_TOUCHED|zone_id=3954_B;created_bar=3954;side=trapped_buyers;lo=1.164825;hi=1.164875;vol=36;bar=3957;touches=1
926|2026-06-16T11:57:47.9280000|ZONE_TOUCHED|zone_id=3954_B;created_bar=3954;side=trapped_buyers;lo=1.164825;hi=1.164875;vol=36;bar=3958;touches=2
927|2026-06-16T11:57:55.9720000|ZONE_TOUCHED|zone_id=3954_B;created_bar=3954;side=trapped_buyers;lo=1.164825;hi=1.164875;vol=36;bar=3959;touches=3
928|2026-06-16T11:58:01.9760000|ZONE_TOUCHED|zone_id=3954_B;created_bar=3954;side=trapped_buyers;lo=1.164825;hi=1.164875;vol=36;bar=3960;touches=4
929|2026-06-16T11:58:02.8760000|ZONE_TOUCHED|zone_id=3954_B;created_bar=3954;side=trapped_buyers;lo=1.164825;hi=1.164875;vol=36;bar=3961;touches=5
930|2026-06-16T11:58:02.8760000|ZONE_INVALIDATED|zone_id=3954_B;created_bar=3954;side=trapped_buyers;lo=1.164825;hi=1.164875;vol=36;reason=close_through;bar=3961
931|2026-06-16T11:58:32.2080000|TRAP|bar=3965;side=trapped_buyers;vol=49;centroid=1.16495;zone_lo=1.164925;zone_hi=1.164975;n_rows=1;max_ratio=16.3333333333333;close=1.1649;bar_vol=52;fp_vol=52;n_quote=25;n_rule=0
932|2026-06-16T11:58:32.2080000|ZONE_CREATED|zone_id=3965_B;created_bar=3965;side=trapped_buyers;lo=1.164925;hi=1.164975;vol=49
933|2026-06-16T11:58:36.6920000|ZONE_TOUCHED|zone_id=3965_B;created_bar=3965;side=trapped_buyers;lo=1.164925;hi=1.164975;vol=49;bar=3966;touches=1
934|2026-06-16T11:58:36.6920000|ZONE_INVALIDATED|zone_id=3965_B;created_bar=3965;side=trapped_buyers;lo=1.164925;hi=1.164975;vol=49;reason=close_through;bar=3966
935|2026-06-16T11:59:30.1720000|TRAP|bar=3974;side=trapped_sellers;vol=27;centroid=1.1648;zone_lo=1.164775;zone_hi=1.164825;n_rows=1;max_ratio=3;close=1.16485;bar_vol=44;fp_vol=44;n_quote=25;n_rule=0
936|2026-06-16T12:01:44.1160000|TRAP|bar=3992;side=trapped_buyers;vol=35;centroid=1.1649;zone_lo=1.164875;zone_hi=1.164925;n_rows=1;max_ratio=7;close=1.16485;bar_vol=43;fp_vol=43;n_quote=25;n_rule=0
937|2026-06-16T12:01:44.1160000|ZONE_CREATED|zone_id=3992_B;created_bar=3992;side=trapped_buyers;lo=1.164875;hi=1.164925;vol=35
938|2026-06-16T12:01:49.8280000|ZONE_TOUCHED|zone_id=3992_B;created_bar=3992;side=trapped_buyers;lo=1.164875;hi=1.164925;vol=35;bar=3993;touches=1
939|2026-06-16T12:02:00.3480000|ZONE_TOUCHED|zone_id=3992_B;created_bar=3992;side=trapped_buyers;lo=1.164875;hi=1.164925;vol=35;bar=3994;touches=2
940|2026-06-16T12:02:12.0080000|ZONE_TOUCHED|zone_id=3992_B;created_bar=3992;side=trapped_buyers;lo=1.164875;hi=1.164925;vol=35;bar=3996;touches=3
941|2026-06-16T12:02:20.3200000|TRAP|bar=3997;side=trapped_sellers;vol=3;centroid=1.16475;zone_lo=1.164725;zone_hi=1.164775;n_rows=1;max_ratio=3;close=1.16485;bar_vol=51;fp_vol=51;n_quote=25;n_rule=0
942|2026-06-16T12:02:29.4960000|ZONE_TOUCHED|zone_id=3992_B;created_bar=3992;side=trapped_buyers;lo=1.164875;hi=1.164925;vol=35;bar=3998;touches=4
943|2026-06-16T12:02:38.1920000|ZONE_TOUCHED|zone_id=3992_B;created_bar=3992;side=trapped_buyers;lo=1.164875;hi=1.164925;vol=35;bar=3999;touches=5
944|2026-06-16T12:02:38.1920000|TRAP|bar=3999;side=trapped_sellers;vol=40;centroid=1.16485;zone_lo=1.164825;zone_hi=1.164875;n_rows=1;max_ratio=3.07692307692308;close=1.1649;bar_vol=57;fp_vol=57;n_quote=25;n_rule=0
945|2026-06-16T12:02:38.1920000|ZONE_CREATED|zone_id=3999_S;created_bar=3999;side=trapped_sellers;lo=1.164825;hi=1.164875;vol=40
946|2026-06-16T12:03:03.9720000|ZONE_TOUCHED|zone_id=3992_B;created_bar=3992;side=trapped_buyers;lo=1.164875;hi=1.164925;vol=35;bar=4000;touches=6
947|2026-06-16T12:03:20.6800000|ZONE_TOUCHED|zone_id=3999_S;created_bar=3999;side=trapped_sellers;lo=1.164825;hi=1.164875;vol=40;bar=4001;touches=1
948|2026-06-16T12:03:20.6800000|ZONE_TOUCHED|zone_id=3992_B;created_bar=3992;side=trapped_buyers;lo=1.164875;hi=1.164925;vol=35;bar=4001;touches=7
949|2026-06-16T12:03:51.4240000|ZONE_TOUCHED|zone_id=3999_S;created_bar=3999;side=trapped_sellers;lo=1.164825;hi=1.164875;vol=40;bar=4002;touches=2
950|2026-06-16T12:03:51.4240000|ZONE_TOUCHED|zone_id=3992_B;created_bar=3992;side=trapped_buyers;lo=1.164875;hi=1.164925;vol=35;bar=4002;touches=8
951|2026-06-16T12:03:57.5840000|ZONE_TOUCHED|zone_id=3999_S;created_bar=3999;side=trapped_sellers;lo=1.164825;hi=1.164875;vol=40;bar=4003;touches=3
952|2026-06-16T12:03:57.5840000|ZONE_INVALIDATED|zone_id=3999_S;created_bar=3999;side=trapped_sellers;lo=1.164825;hi=1.164875;vol=40;reason=close_through;bar=4003
953|2026-06-16T12:07:49.0520000|TRAP|bar=4015;side=trapped_sellers;vol=20;centroid=1.1646;zone_lo=1.164575;zone_hi=1.164625;n_rows=1;max_ratio=3.33333333333333;close=1.16465;bar_vol=60;fp_vol=60;n_quote=25;n_rule=0
954|2026-06-16T12:08:08.0840000|TRAP|bar=4017;side=trapped_buyers;vol=19;centroid=1.1647;zone_lo=1.164675;zone_hi=1.164725;n_rows=1;max_ratio=3.16666666666667;close=1.16465;bar_vol=54;fp_vol=54;n_quote=25;n_rule=0
955|2026-06-16T12:12:34.7320000|TRAP|bar=4029;side=trapped_buyers;vol=67;centroid=1.16435;zone_lo=1.164325;zone_hi=1.164375;n_rows=1;max_ratio=3.35;close=1.1643;bar_vol=107;fp_vol=107;n_quote=25;n_rule=0
956|2026-06-16T12:12:34.7320000|ZONE_CREATED|zone_id=4029_B;created_bar=4029;side=trapped_buyers;lo=1.164325;hi=1.164375;vol=67
957|2026-06-16T12:13:32.2080000|ZONE_TOUCHED|zone_id=4029_B;created_bar=4029;side=trapped_buyers;lo=1.164325;hi=1.164375;vol=67;bar=4033;touches=1
958|2026-06-16T12:13:32.2080000|TRAP|bar=4033;side=trapped_sellers;vol=29;centroid=1.1643;zone_lo=1.164275;zone_hi=1.164325;n_rows=1;max_ratio=4.83333333333333;close=1.16435;bar_vol=52;fp_vol=52;n_quote=25;n_rule=0
959|2026-06-16T12:14:30.0480000|ZONE_TOUCHED|zone_id=4029_B;created_bar=4029;side=trapped_buyers;lo=1.164325;hi=1.164375;vol=67;bar=4034;touches=2
960|2026-06-16T12:15:21.1200000|ZONE_TOUCHED|zone_id=4029_B;created_bar=4029;side=trapped_buyers;lo=1.164325;hi=1.164375;vol=67;bar=4035;touches=3
961|2026-06-16T12:15:21.1200000|ZONE_INVALIDATED|zone_id=4029_B;created_bar=4029;side=trapped_buyers;lo=1.164325;hi=1.164375;vol=67;reason=close_through;bar=4035
962|2026-06-16T12:17:24.2040000|TRAP|bar=4038;side=trapped_sellers;vol=20;centroid=1.16435;zone_lo=1.164325;zone_hi=1.164375;n_rows=1;max_ratio=6.66666666666667;close=1.1644;bar_vol=58;fp_vol=58;n_quote=25;n_rule=0
963|2026-06-16T12:24:15.2120000|TRAP|bar=4049;side=trapped_sellers;vol=75;centroid=1.1644;zone_lo=1.164375;zone_hi=1.164425;n_rows=1;max_ratio=9.375;close=1.1645;bar_vol=99;fp_vol=99;n_quote=25;n_rule=0
964|2026-06-16T12:24:15.2120000|ZONE_CREATED|zone_id=4049_S;created_bar=4049;side=trapped_sellers;lo=1.164375;hi=1.164425;vol=75
965|2026-06-16T12:28:48.8960000|TRAP|bar=4059;side=trapped_sellers;vol=18;centroid=1.16455;zone_lo=1.164525;zone_hi=1.164575;n_rows=1;max_ratio=3;close=1.1646;bar_vol=55;fp_vol=55;n_quote=25;n_rule=0
966|2026-06-16T12:30:09.5480000|ZONE_TOUCHED|zone_id=4049_S;created_bar=4049;side=trapped_sellers;lo=1.164375;hi=1.164425;vol=75;bar=4063;touches=1
967|2026-06-16T12:30:09.5480000|TRAP|bar=4063;side=trapped_buyers;vol=37;centroid=1.16445;zone_lo=1.164425;zone_hi=1.164475;n_rows=1;max_ratio=18.5;close=1.1644;bar_vol=64;fp_vol=64;n_quote=25;n_rule=0
968|2026-06-16T12:30:09.5480000|ZONE_CREATED|zone_id=4063_B;created_bar=4063;side=trapped_buyers;lo=1.164425;hi=1.164475;vol=37
969|2026-06-16T12:30:38.0640000|ZONE_TOUCHED|zone_id=4063_B;created_bar=4063;side=trapped_buyers;lo=1.164425;hi=1.164475;vol=37;bar=4064;touches=1
970|2026-06-16T12:30:38.0640000|ZONE_TOUCHED|zone_id=4049_S;created_bar=4049;side=trapped_sellers;lo=1.164375;hi=1.164425;vol=75;bar=4064;touches=2
971|2026-06-16T12:30:38.0640000|ZONE_INVALIDATED|zone_id=4049_S;created_bar=4049;side=trapped_sellers;lo=1.164375;hi=1.164425;vol=75;reason=close_through;bar=4064
972|2026-06-16T12:31:36.0600000|ZONE_TOUCHED|zone_id=4063_B;created_bar=4063;side=trapped_buyers;lo=1.164425;hi=1.164475;vol=37;bar=4067;touches=2
973|2026-06-16T12:31:36.0600000|ZONE_INVALIDATED|zone_id=4063_B;created_bar=4063;side=trapped_buyers;lo=1.164425;hi=1.164475;vol=37;reason=close_through;bar=4067
974|2026-06-16T12:33:32.7320000|TRAP|bar=4071;side=trapped_sellers;vol=31;centroid=1.1647;zone_lo=1.164675;zone_hi=1.164725;n_rows=1;max_ratio=31;close=1.16475;bar_vol=51;fp_vol=51;n_quote=25;n_rule=0
975|2026-06-16T12:33:32.7320000|ZONE_CREATED|zone_id=4071_S;created_bar=4071;side=trapped_sellers;lo=1.164675;hi=1.164725;vol=31
976|2026-06-16T12:35:11.4440000|ZONE_TOUCHED|zone_id=3992_B;created_bar=3992;side=trapped_buyers;lo=1.164875;hi=1.164925;vol=35;bar=4075;touches=9
977|2026-06-16T12:35:11.4440000|ZONE_INVALIDATED|zone_id=3992_B;created_bar=3992;side=trapped_buyers;lo=1.164875;hi=1.164925;vol=35;reason=close_through;bar=4075
978|2026-06-16T12:42:59.1800000|ZONE_TOUCHED|zone_id=4071_S;created_bar=4071;side=trapped_sellers;lo=1.164675;hi=1.164725;vol=31;bar=4092;touches=1
979|2026-06-16T12:43:09.2280000|ZONE_TOUCHED|zone_id=4071_S;created_bar=4071;side=trapped_sellers;lo=1.164675;hi=1.164725;vol=31;bar=4093;touches=2
980|2026-06-16T12:43:09.2280000|ZONE_INVALIDATED|zone_id=4071_S;created_bar=4071;side=trapped_sellers;lo=1.164675;hi=1.164725;vol=31;reason=close_through;bar=4093
981|2026-06-16T12:44:53.1120000|TRAP|bar=4098;side=trapped_sellers;vol=8;centroid=1.1647;zone_lo=1.164675;zone_hi=1.164725;n_rows=1;max_ratio=4;close=1.16475;bar_vol=30;fp_vol=30;n_quote=25;n_rule=0
982|2026-06-16T12:46:05.5520000|TRAP|bar=4100;side=trapped_buyers;vol=15;centroid=1.16485;zone_lo=1.164825;zone_hi=1.164875;n_rows=1;max_ratio=15;close=1.1647;bar_vol=52;fp_vol=52;n_quote=25;n_rule=0
983|2026-06-16T12:46:05.5600000|TRAP|bar=4101;side=trapped_sellers;vol=6;centroid=1.1646;zone_lo=1.164575;zone_hi=1.164625;n_rows=1;max_ratio=6;close=1.1647;bar_vol=44;fp_vol=44;n_quote=25;n_rule=0
984|2026-06-16T12:54:15.8760000|TRAP|bar=4139;side=trapped_buyers;vol=45;centroid=1.16585;zone_lo=1.165825;zone_hi=1.165875;n_rows=1;max_ratio=11.25;close=1.16575;bar_vol=64;fp_vol=64;n_quote=25;n_rule=0
985|2026-06-16T12:54:15.8760000|ZONE_CREATED|zone_id=4139_B;created_bar=4139;side=trapped_buyers;lo=1.165825;hi=1.165875;vol=45
986|2026-06-16T12:55:36.1240000|ZONE_TOUCHED|zone_id=4139_B;created_bar=4139;side=trapped_buyers;lo=1.165825;hi=1.165875;vol=45;bar=4147;touches=1
987|2026-06-16T12:56:10.8680000|ZONE_TOUCHED|zone_id=4139_B;created_bar=4139;side=trapped_buyers;lo=1.165825;hi=1.165875;vol=45;bar=4148;touches=2
988|2026-06-16T12:56:10.8680000|TRAP|bar=4148;side=trapped_buyers;vol=3;centroid=1.1658;zone_lo=1.165775;zone_hi=1.165825;n_rows=1;max_ratio=3;close=1.16565;bar_vol=54;fp_vol=54;n_quote=25;n_rule=0
989|2026-06-16T12:57:05.5040000|ZONE_TOUCHED|zone_id=4139_B;created_bar=4139;side=trapped_buyers;lo=1.165825;hi=1.165875;vol=45;bar=4153;touches=3
990|2026-06-16T12:57:10.7120000|ZONE_TOUCHED|zone_id=4139_B;created_bar=4139;side=trapped_buyers;lo=1.165825;hi=1.165875;vol=45;bar=4154;touches=4
991|2026-06-16T12:57:10.7120000|TRAP|bar=4154;side=trapped_buyers;vol=21;centroid=1.1659;zone_lo=1.165875;zone_hi=1.165925;n_rows=1;max_ratio=21;close=1.16585;bar_vol=59;fp_vol=59;n_quote=25;n_rule=0
992|2026-06-16T12:57:25.6560000|ZONE_TOUCHED|zone_id=4139_B;created_bar=4139;side=trapped_buyers;lo=1.165825;hi=1.165875;vol=45;bar=4155;touches=5
993|2026-06-16T12:57:25.6560000|ZONE_INVALIDATED|zone_id=4139_B;created_bar=4139;side=trapped_buyers;lo=1.165825;hi=1.165875;vol=45;reason=close_through;bar=4155
994|2026-06-16T12:57:25.6560000|TRAP|bar=4155;side=trapped_buyers;vol=10;centroid=1.16595;zone_lo=1.165925;zone_hi=1.165975;n_rows=1;max_ratio=10;close=1.1659;bar_vol=43;fp_vol=43;n_quote=25;n_rule=0
995|2026-06-16T12:57:25.6560000|TRAP|bar=4155;side=trapped_sellers;vol=19;centroid=1.16585;zone_lo=1.165825;zone_hi=1.165875;n_rows=1;max_ratio=19;close=1.1659;bar_vol=43;fp_vol=43;n_quote=25;n_rule=0
996|2026-06-16T12:58:31.5400000|TRAP|bar=4161;side=trapped_buyers;vol=20;centroid=1.166;zone_lo=1.165975;zone_hi=1.166025;n_rows=1;max_ratio=6.66666666666667;close=1.1659;bar_vol=67;fp_vol=67;n_quote=25;n_rule=0
997|2026-06-16T12:59:05.3920000|TRAP|bar=4164;side=trapped_buyers;vol=18;centroid=1.16585;zone_lo=1.165825;zone_hi=1.165875;n_rows=1;max_ratio=6;close=1.16575;bar_vol=46;fp_vol=46;n_quote=25;n_rule=0
998|2026-06-16T13:04:35.0080000|TRAP|bar=4182;side=trapped_buyers;vol=6;centroid=1.16565;zone_lo=1.165625;zone_hi=1.165675;n_rows=1;max_ratio=3;close=1.1655;bar_vol=70;fp_vol=70;n_quote=25;n_rule=0
999|2026-06-16T13:06:44.7120000|TRAP|bar=4188;side=trapped_buyers;vol=9;centroid=1.16565;zone_lo=1.165625;zone_hi=1.165675;n_rows=1;max_ratio=3;close=1.1656;bar_vol=73;fp_vol=73;n_quote=25;n_rule=0
1000|2026-06-16T13:19:55.8880000|TRAP|bar=4214;side=trapped_buyers;vol=30;centroid=1.16605;zone_lo=1.166025;zone_hi=1.166075;n_rows=1;max_ratio=3.33333333333333;close=1.166;bar_vol=64;fp_vol=64;n_quote=25;n_rule=0
1001|2026-06-16T13:19:55.8880000|ZONE_CREATED|zone_id=4214_B;created_bar=4214;side=trapped_buyers;lo=1.166025;hi=1.166075;vol=30
1002|2026-06-16T13:20:45.3560000|ZONE_TOUCHED|zone_id=4214_B;created_bar=4214;side=trapped_buyers;lo=1.166025;hi=1.166075;vol=30;bar=4215;touches=1
1003|2026-06-16T13:20:45.3560000|ZONE_INVALIDATED|zone_id=4214_B;created_bar=4214;side=trapped_buyers;lo=1.166025;hi=1.166075;vol=30;reason=close_through;bar=4215
1004|2026-06-16T13:23:32.3360000|TRAP|bar=4225;side=trapped_buyers;vol=39;centroid=1.16595;zone_lo=1.165925;zone_hi=1.165975;n_rows=1;max_ratio=3.54545454545455;close=1.1659;bar_vol=94;fp_vol=94;n_quote=25;n_rule=0
1005|2026-06-16T13:23:32.3360000|ZONE_CREATED|zone_id=4225_B;created_bar=4225;side=trapped_buyers;lo=1.165925;hi=1.165975;vol=39
1006|2026-06-16T13:24:57.2600000|TRAP|bar=4228;side=trapped_buyers;vol=21;centroid=1.1659;zone_lo=1.165875;zone_hi=1.165925;n_rows=1;max_ratio=3;close=1.16585;bar_vol=63;fp_vol=63;n_quote=25;n_rule=0
1007|2026-06-16T13:27:18.5280000|ZONE_TOUCHED|zone_id=4225_B;created_bar=4225;side=trapped_buyers;lo=1.165925;hi=1.165975;vol=39;bar=4232;touches=1
1008|2026-06-16T13:27:18.5280000|ZONE_INVALIDATED|zone_id=4225_B;created_bar=4225;side=trapped_buyers;lo=1.165925;hi=1.165975;vol=39;reason=close_through;bar=4232
1009|2026-06-16T13:31:42.6920000|TRAP|bar=4237;side=trapped_sellers;vol=10;centroid=1.16585;zone_lo=1.165825;zone_hi=1.165875;n_rows=1;max_ratio=3.33333333333333;close=1.1659;bar_vol=30;fp_vol=30;n_quote=25;n_rule=0
1010|2026-06-16T13:32:39.8600000|TRAP|bar=4239;side=trapped_buyers;vol=15;centroid=1.16595;zone_lo=1.165925;zone_hi=1.165975;n_rows=1;max_ratio=3.75;close=1.1659;bar_vol=46;fp_vol=46;n_quote=25;n_rule=0
1011|2026-06-16T13:34:14.0560000|TRAP|bar=4241;side=trapped_buyers;vol=23;centroid=1.1659;zone_lo=1.165875;zone_hi=1.165925;n_rows=1;max_ratio=3.83333333333333;close=1.16585;bar_vol=49;fp_vol=49;n_quote=25;n_rule=0
1012|2026-06-16T13:44:56.7200000|TRAP|bar=4255;side=trapped_buyers;vol=13;centroid=1.16575;zone_lo=1.165725;zone_hi=1.165775;n_rows=1;max_ratio=3.25;close=1.1657;bar_vol=48;fp_vol=48;n_quote=25;n_rule=0
1013|2026-06-16T13:49:09.2240000|TRAP|bar=4259;side=trapped_sellers;vol=16;centroid=1.16565;zone_lo=1.165625;zone_hi=1.165675;n_rows=1;max_ratio=16;close=1.1657;bar_vol=44;fp_vol=44;n_quote=25;n_rule=0
1014|2026-06-16T13:57:17.6440000|TRAP|bar=4272;side=trapped_sellers;vol=11;centroid=1.16555;zone_lo=1.165525;zone_hi=1.165575;n_rows=1;max_ratio=3.66666666666667;close=1.16565;bar_vol=36;fp_vol=36;n_quote=25;n_rule=0
1015|2026-06-16T14:08:16.9120000|TRAP|bar=4283;side=trapped_buyers;vol=36;centroid=1.1654;zone_lo=1.165375;zone_hi=1.165425;n_rows=1;max_ratio=3.6;close=1.16535;bar_vol=77;fp_vol=77;n_quote=25;n_rule=0
1016|2026-06-16T14:08:16.9120000|ZONE_CREATED|zone_id=4283_B;created_bar=4283;side=trapped_buyers;lo=1.165375;hi=1.165425;vol=36
1017|2026-06-16T14:09:50.6600000|ZONE_TOUCHED|zone_id=4283_B;created_bar=4283;side=trapped_buyers;lo=1.165375;hi=1.165425;vol=36;bar=4284;touches=1
1018|2026-06-16T14:11:30.3200000|ZONE_TOUCHED|zone_id=4283_B;created_bar=4283;side=trapped_buyers;lo=1.165375;hi=1.165425;vol=36;bar=4285;touches=2
1019|2026-06-16T14:11:30.3200000|ZONE_INVALIDATED|zone_id=4283_B;created_bar=4283;side=trapped_buyers;lo=1.165375;hi=1.165425;vol=36;reason=close_through;bar=4285
1020|2026-06-16T14:13:05.9560000|TRAP|bar=4287;side=trapped_sellers;vol=30;centroid=1.1655;zone_lo=1.165475;zone_hi=1.165525;n_rows=1;max_ratio=7.5;close=1.16555;bar_vol=41;fp_vol=41;n_quote=25;n_rule=0
1021|2026-06-16T14:13:05.9560000|ZONE_CREATED|zone_id=4287_S;created_bar=4287;side=trapped_sellers;lo=1.165475;hi=1.165525;vol=30
1022|2026-06-16T14:14:40.5800000|ZONE_TOUCHED|zone_id=4287_S;created_bar=4287;side=trapped_sellers;lo=1.165475;hi=1.165525;vol=30;bar=4288;touches=1
1023|2026-06-16T14:14:40.5800000|ZONE_INVALIDATED|zone_id=4287_S;created_bar=4287;side=trapped_sellers;lo=1.165475;hi=1.165525;vol=30;reason=close_through;bar=4288
1024|2026-06-16T14:43:31.9360000|TRAP|bar=4312;side=trapped_sellers;vol=20;centroid=1.16535;zone_lo=1.165325;zone_hi=1.165375;n_rows=1;max_ratio=5;close=1.1654;bar_vol=48;fp_vol=48;n_quote=25;n_rule=0
1025|2026-06-16T14:45:26.3120000|TRAP|bar=4314;side=trapped_buyers;vol=3;centroid=1.16555;zone_lo=1.165525;zone_hi=1.165575;n_rows=1;max_ratio=3;close=1.16545;bar_vol=48;fp_vol=48;n_quote=25;n_rule=0
1026|2026-06-16T14:59:07.6800000|TRAP|bar=4325;side=trapped_buyers;vol=35;centroid=1.1653;zone_lo=1.165275;zone_hi=1.165325;n_rows=1;max_ratio=5.83333333333333;close=1.16525;bar_vol=48;fp_vol=48;n_quote=25;n_rule=0
1027|2026-06-16T14:59:07.6800000|ZONE_CREATED|zone_id=4325_B;created_bar=4325;side=trapped_buyers;lo=1.165275;hi=1.165325;vol=35
1028|2026-06-16T15:00:00.3680000|ZONE_TOUCHED|zone_id=4325_B;created_bar=4325;side=trapped_buyers;lo=1.165275;hi=1.165325;vol=35;bar=4326;touches=1
1029|2026-06-16T15:00:00.3680000|ZONE_INVALIDATED|zone_id=4325_B;created_bar=4325;side=trapped_buyers;lo=1.165275;hi=1.165325;vol=35;reason=close_through;bar=4326
1030|2026-06-16T15:13:28.1520000|TRAP|bar=4337;side=trapped_sellers;vol=20;centroid=1.1653;zone_lo=1.165275;zone_hi=1.165325;n_rows=1;max_ratio=5;close=1.1654;bar_vol=68;fp_vol=68;n_quote=25;n_rule=0
1031|2026-06-16T15:27:48.0920000|TRAP|bar=4351;side=trapped_sellers;vol=59;centroid=1.1653;zone_lo=1.165275;zone_hi=1.165325;n_rows=1;max_ratio=3.93333333333333;close=1.16535;bar_vol=78;fp_vol=78;n_quote=25;n_rule=0
1032|2026-06-16T15:27:48.0920000|ZONE_CREATED|zone_id=4351_S;created_bar=4351;side=trapped_sellers;lo=1.165275;hi=1.165325;vol=59
1033|2026-06-16T15:28:14.6080000|ZONE_TOUCHED|zone_id=4351_S;created_bar=4351;side=trapped_sellers;lo=1.165275;hi=1.165325;vol=59;bar=4352;touches=1
1034|2026-06-16T15:28:55.0080000|ZONE_TOUCHED|zone_id=4351_S;created_bar=4351;side=trapped_sellers;lo=1.165275;hi=1.165325;vol=59;bar=4353;touches=2
1035|2026-06-16T15:28:55.0080000|ZONE_INVALIDATED|zone_id=4351_S;created_bar=4351;side=trapped_sellers;lo=1.165275;hi=1.165325;vol=59;reason=close_through;bar=4353
1036|2026-06-16T15:42:36.3120000|TRAP|bar=4372;side=trapped_buyers;vol=31;centroid=1.16495;zone_lo=1.164925;zone_hi=1.164975;n_rows=1;max_ratio=5.16666666666667;close=1.1649;bar_vol=47;fp_vol=47;n_quote=25;n_rule=0
1037|2026-06-16T15:42:36.3120000|ZONE_CREATED|zone_id=4372_B;created_bar=4372;side=trapped_buyers;lo=1.164925;hi=1.164975;vol=31
1038|2026-06-16T15:43:12.7040000|ZONE_TOUCHED|zone_id=4372_B;created_bar=4372;side=trapped_buyers;lo=1.164925;hi=1.164975;vol=31;bar=4373;touches=1
1039|2026-06-16T15:43:35.0960000|ZONE_TOUCHED|zone_id=4372_B;created_bar=4372;side=trapped_buyers;lo=1.164925;hi=1.164975;vol=31;bar=4374;touches=2
1040|2026-06-16T15:44:43.1520000|ZONE_TOUCHED|zone_id=4372_B;created_bar=4372;side=trapped_buyers;lo=1.164925;hi=1.164975;vol=31;bar=4375;touches=3
1041|2026-06-16T15:45:14.2120000|ZONE_TOUCHED|zone_id=4372_B;created_bar=4372;side=trapped_buyers;lo=1.164925;hi=1.164975;vol=31;bar=4376;touches=4
1042|2026-06-16T15:46:13.6040000|ZONE_TOUCHED|zone_id=4372_B;created_bar=4372;side=trapped_buyers;lo=1.164925;hi=1.164975;vol=31;bar=4377;touches=5
1043|2026-06-16T15:47:32.0960000|ZONE_TOUCHED|zone_id=4372_B;created_bar=4372;side=trapped_buyers;lo=1.164925;hi=1.164975;vol=31;bar=4378;touches=6
1044|2026-06-16T15:49:20.2960000|ZONE_TOUCHED|zone_id=4372_B;created_bar=4372;side=trapped_buyers;lo=1.164925;hi=1.164975;vol=31;bar=4379;touches=7
1045|2026-06-16T15:50:11.0400000|ZONE_TOUCHED|zone_id=4372_B;created_bar=4372;side=trapped_buyers;lo=1.164925;hi=1.164975;vol=31;bar=4380;touches=8
1046|2026-06-16T15:51:46.2680000|ZONE_TOUCHED|zone_id=4372_B;created_bar=4372;side=trapped_buyers;lo=1.164925;hi=1.164975;vol=31;bar=4381;touches=9
1047|2026-06-16T15:52:57.1040000|ZONE_TOUCHED|zone_id=4372_B;created_bar=4372;side=trapped_buyers;lo=1.164925;hi=1.164975;vol=31;bar=4382;touches=10
1048|2026-06-16T15:55:18.0800000|ZONE_TOUCHED|zone_id=4372_B;created_bar=4372;side=trapped_buyers;lo=1.164925;hi=1.164975;vol=31;bar=4383;touches=11
1049|2026-06-16T15:55:18.0800000|ZONE_INVALIDATED|zone_id=4372_B;created_bar=4372;side=trapped_buyers;lo=1.164925;hi=1.164975;vol=31;reason=close_through;bar=4383
1050|2026-06-16T15:57:30.4200000|TRAP|bar=4390;side=trapped_sellers;vol=20;centroid=1.1652;zone_lo=1.165175;zone_hi=1.165225;n_rows=1;max_ratio=6.66666666666667;close=1.16525;bar_vol=39;fp_vol=39;n_quote=25;n_rule=0
1051|2026-06-16T15:58:10.1440000|TRAP|bar=4393;side=trapped_buyers;vol=41;centroid=1.1653;zone_lo=1.165275;zone_hi=1.165325;n_rows=1;max_ratio=13.6666666666667;close=1.16525;bar_vol=54;fp_vol=54;n_quote=25;n_rule=0
1052|2026-06-16T15:58:10.1440000|ZONE_CREATED|zone_id=4393_B;created_bar=4393;side=trapped_buyers;lo=1.165275;hi=1.165325;vol=41
1053|2026-06-16T15:59:00.0760000|ZONE_TOUCHED|zone_id=4393_B;created_bar=4393;side=trapped_buyers;lo=1.165275;hi=1.165325;vol=41;bar=4394;touches=1
1054|2026-06-16T15:59:14.0000000|ZONE_TOUCHED|zone_id=4393_B;created_bar=4393;side=trapped_buyers;lo=1.165275;hi=1.165325;vol=41;bar=4395;touches=2
1055|2026-06-16T15:59:14.6280000|ZONE_TOUCHED|zone_id=4393_B;created_bar=4393;side=trapped_buyers;lo=1.165275;hi=1.165325;vol=41;bar=4396;touches=3
1056|2026-06-16T15:59:16.0800000|ZONE_TOUCHED|zone_id=4393_B;created_bar=4393;side=trapped_buyers;lo=1.165275;hi=1.165325;vol=41;bar=4398;touches=4
1057|2026-06-16T15:59:17.0120000|TRAP|bar=4399;side=trapped_buyers;vol=14;centroid=1.1652;zone_lo=1.165175;zone_hi=1.165225;n_rows=1;max_ratio=14;close=1.16515;bar_vol=93;fp_vol=93;n_quote=25;n_rule=0
1058|2026-06-16T15:59:24.0120000|TRAP|bar=4400;side=trapped_buyers;vol=60;centroid=1.1652;zone_lo=1.165175;zone_hi=1.165225;n_rows=1;max_ratio=20;close=1.16515;bar_vol=66;fp_vol=66;n_quote=25;n_rule=0
1059|2026-06-16T15:59:24.0120000|ZONE_CREATED|zone_id=4400_B;created_bar=4400;side=trapped_buyers;lo=1.165175;hi=1.165225;vol=60
1060|2026-06-16T15:59:37.4680000|ZONE_TOUCHED|zone_id=4400_B;created_bar=4400;side=trapped_buyers;lo=1.165175;hi=1.165225;vol=60;bar=4401;touches=1
1061|2026-06-16T15:59:41.1440000|ZONE_TOUCHED|zone_id=4400_B;created_bar=4400;side=trapped_buyers;lo=1.165175;hi=1.165225;vol=60;bar=4402;touches=2
1062|2026-06-16T15:59:48.0040000|ZONE_TOUCHED|zone_id=4400_B;created_bar=4400;side=trapped_buyers;lo=1.165175;hi=1.165225;vol=60;bar=4403;touches=3
1063|2026-06-16T15:59:49.9040000|ZONE_TOUCHED|zone_id=4400_B;created_bar=4400;side=trapped_buyers;lo=1.165175;hi=1.165225;vol=60;bar=4404;touches=4
1064|2026-06-16T15:59:55.1720000|ZONE_TOUCHED|zone_id=4400_B;created_bar=4400;side=trapped_buyers;lo=1.165175;hi=1.165225;vol=60;bar=4405;touches=5
1065|2026-06-16T15:59:55.1720000|ZONE_INVALIDATED|zone_id=4400_B;created_bar=4400;side=trapped_buyers;lo=1.165175;hi=1.165225;vol=60;reason=close_through;bar=4405
1066|2026-06-16T16:00:04.0120000|ZONE_TOUCHED|zone_id=4393_B;created_bar=4393;side=trapped_buyers;lo=1.165275;hi=1.165325;vol=41;bar=4410;touches=5
1067|2026-06-16T16:00:12.9360000|ZONE_TOUCHED|zone_id=4393_B;created_bar=4393;side=trapped_buyers;lo=1.165275;hi=1.165325;vol=41;bar=4411;touches=6
1068|2026-06-16T16:00:19.1200000|ZONE_TOUCHED|zone_id=4393_B;created_bar=4393;side=trapped_buyers;lo=1.165275;hi=1.165325;vol=41;bar=4412;touches=7
1069|2026-06-16T16:00:19.1200000|ZONE_INVALIDATED|zone_id=4393_B;created_bar=4393;side=trapped_buyers;lo=1.165275;hi=1.165325;vol=41;reason=close_through;bar=4412
1070|2026-06-16T16:00:19.1200000|TRAP|bar=4412;side=trapped_sellers;vol=15;centroid=1.1653;zone_lo=1.165275;zone_hi=1.165325;n_rows=1;max_ratio=5;close=1.16535;bar_vol=54;fp_vol=54;n_quote=25;n_rule=0
1071|2026-06-16T16:18:03.0440000|TRAP|bar=4440;side=trapped_sellers;vol=35;centroid=1.1653;zone_lo=1.165275;zone_hi=1.165325;n_rows=1;max_ratio=35;close=1.16535;bar_vol=56;fp_vol=56;n_quote=25;n_rule=0
1072|2026-06-16T16:18:03.0440000|ZONE_CREATED|zone_id=4440_S;created_bar=4440;side=trapped_sellers;lo=1.165275;hi=1.165325;vol=35
1073|2026-06-16T16:20:35.5520000|ZONE_TOUCHED|zone_id=4440_S;created_bar=4440;side=trapped_sellers;lo=1.165275;hi=1.165325;vol=35;bar=4444;touches=1
1074|2026-06-16T16:21:08.0120000|ZONE_TOUCHED|zone_id=4440_S;created_bar=4440;side=trapped_sellers;lo=1.165275;hi=1.165325;vol=35;bar=4445;touches=2
1075|2026-06-16T16:22:26.2640000|ZONE_TOUCHED|zone_id=4440_S;created_bar=4440;side=trapped_sellers;lo=1.165275;hi=1.165325;vol=35;bar=4446;touches=3
1076|2026-06-16T16:23:10.0120000|ZONE_TOUCHED|zone_id=4440_S;created_bar=4440;side=trapped_sellers;lo=1.165275;hi=1.165325;vol=35;bar=4447;touches=4
1077|2026-06-16T16:24:48.0120000|ZONE_TOUCHED|zone_id=4440_S;created_bar=4440;side=trapped_sellers;lo=1.165275;hi=1.165325;vol=35;bar=4448;touches=5
1078|2026-06-16T16:26:07.1040000|ZONE_TOUCHED|zone_id=4440_S;created_bar=4440;side=trapped_sellers;lo=1.165275;hi=1.165325;vol=35;bar=4449;touches=6
1079|2026-06-16T16:27:20.3840000|ZONE_TOUCHED|zone_id=4440_S;created_bar=4440;side=trapped_sellers;lo=1.165275;hi=1.165325;vol=35;bar=4450;touches=7
1080|2026-06-16T16:31:22.0120000|ZONE_TOUCHED|zone_id=4440_S;created_bar=4440;side=trapped_sellers;lo=1.165275;hi=1.165325;vol=35;bar=4453;touches=8
1081|2026-06-16T16:31:35.2000000|ZONE_TOUCHED|zone_id=4440_S;created_bar=4440;side=trapped_sellers;lo=1.165275;hi=1.165325;vol=35;bar=4454;touches=9
1082|2026-06-16T16:32:12.5240000|ZONE_TOUCHED|zone_id=4440_S;created_bar=4440;side=trapped_sellers;lo=1.165275;hi=1.165325;vol=35;bar=4455;touches=10
1083|2026-06-16T16:32:12.5240000|ZONE_INVALIDATED|zone_id=4440_S;created_bar=4440;side=trapped_sellers;lo=1.165275;hi=1.165325;vol=35;reason=close_through;bar=4455
1084|2026-06-16T16:40:45.7760000|TRAP|bar=4465;side=trapped_buyers;vol=14;centroid=1.1651;zone_lo=1.165075;zone_hi=1.165125;n_rows=1;max_ratio=4.66666666666667;close=1.16505;bar_vol=43;fp_vol=43;n_quote=25;n_rule=0
1085|2026-06-16T16:43:33.8200000|TRAP|bar=4472;side=trapped_sellers;vol=41;centroid=1.165;zone_lo=1.164975;zone_hi=1.165025;n_rows=1;max_ratio=20.5;close=1.16505;bar_vol=90;fp_vol=90;n_quote=25;n_rule=0
1086|2026-06-16T16:43:33.8200000|ZONE_CREATED|zone_id=4472_S;created_bar=4472;side=trapped_sellers;lo=1.164975;hi=1.165025;vol=41
1087|2026-06-16T16:43:48.0080000|ZONE_TOUCHED|zone_id=4472_S;created_bar=4472;side=trapped_sellers;lo=1.164975;hi=1.165025;vol=41;bar=4473;touches=1
1088|2026-06-16T16:44:23.7160000|ZONE_TOUCHED|zone_id=4472_S;created_bar=4472;side=trapped_sellers;lo=1.164975;hi=1.165025;vol=41;bar=4474;touches=2
1089|2026-06-16T16:45:33.6520000|ZONE_TOUCHED|zone_id=4472_S;created_bar=4472;side=trapped_sellers;lo=1.164975;hi=1.165025;vol=41;bar=4475;touches=3
1090|2026-06-16T16:46:35.1640000|ZONE_TOUCHED|zone_id=4472_S;created_bar=4472;side=trapped_sellers;lo=1.164975;hi=1.165025;vol=41;bar=4476;touches=4
1091|2026-06-16T16:47:54.3240000|ZONE_TOUCHED|zone_id=4472_S;created_bar=4472;side=trapped_sellers;lo=1.164975;hi=1.165025;vol=41;bar=4477;touches=5
1092|2026-06-16T16:48:25.6160000|ZONE_TOUCHED|zone_id=4472_S;created_bar=4472;side=trapped_sellers;lo=1.164975;hi=1.165025;vol=41;bar=4478;touches=6
1093|2026-06-16T16:50:00.1920000|TRAP|bar=4480;side=trapped_sellers;vol=10;centroid=1.16505;zone_lo=1.165025;zone_hi=1.165075;n_rows=1;max_ratio=3.33333333333333;close=1.1651;bar_vol=40;fp_vol=40;n_quote=25;n_rule=0
1094|2026-06-16T16:50:25.6640000|ZONE_TOUCHED|zone_id=4472_S;created_bar=4472;side=trapped_sellers;lo=1.164975;hi=1.165025;vol=41;bar=4483;touches=7
1095|2026-06-16T16:50:48.1720000|ZONE_TOUCHED|zone_id=4472_S;created_bar=4472;side=trapped_sellers;lo=1.164975;hi=1.165025;vol=41;bar=4484;touches=8
1096|2026-06-16T16:50:48.1720000|ZONE_INVALIDATED|zone_id=4472_S;created_bar=4472;side=trapped_sellers;lo=1.164975;hi=1.165025;vol=41;reason=close_through;bar=4484
1097|2026-06-16T16:56:55.6200000|TRAP|bar=4492;side=trapped_sellers;vol=21;centroid=1.1648;zone_lo=1.164775;zone_hi=1.164825;n_rows=1;max_ratio=4.2;close=1.1649;bar_vol=31;fp_vol=31;n_quote=25;n_rule=0
1098|2026-06-16T16:59:49.4520000|TRAP|bar=4504;side=trapped_buyers;vol=32;centroid=1.16505;zone_lo=1.165025;zone_hi=1.165075;n_rows=1;max_ratio=4;close=1.165;bar_vol=44;fp_vol=44;n_quote=25;n_rule=0
1099|2026-06-16T16:59:49.4520000|ZONE_CREATED|zone_id=4504_B;created_bar=4504;side=trapped_buyers;lo=1.165025;hi=1.165075;vol=32
1100|2026-06-16T16:59:56.0480000|ZONE_TOUCHED|zone_id=4504_B;created_bar=4504;side=trapped_buyers;lo=1.165025;hi=1.165075;vol=32;bar=4505;touches=1
1101|2026-06-16T16:59:59.2840000|ZONE_TOUCHED|zone_id=4504_B;created_bar=4504;side=trapped_buyers;lo=1.165025;hi=1.165075;vol=32;bar=4506;touches=2
1102|2026-06-16T17:00:00.6200000|ZONE_TOUCHED|zone_id=4504_B;created_bar=4504;side=trapped_buyers;lo=1.165025;hi=1.165075;vol=32;bar=4507;touches=3
1103|2026-06-16T17:00:00.6200000|ZONE_TOUCHED|zone_id=4504_B;created_bar=4504;side=trapped_buyers;lo=1.165025;hi=1.165075;vol=32;bar=4508;touches=4
1104|2026-06-16T17:00:11.0440000|ZONE_TOUCHED|zone_id=4504_B;created_bar=4504;side=trapped_buyers;lo=1.165025;hi=1.165075;vol=32;bar=4509;touches=5
1105|2026-06-16T17:00:11.0440000|ZONE_INVALIDATED|zone_id=4504_B;created_bar=4504;side=trapped_buyers;lo=1.165025;hi=1.165075;vol=32;reason=close_through;bar=4509
1106|2026-06-16T17:00:42.1160000|TRAP|bar=4510;side=trapped_buyers;vol=10;centroid=1.1651;zone_lo=1.165075;zone_hi=1.165125;n_rows=1;max_ratio=10;close=1.165;bar_vol=41;fp_vol=41;n_quote=25;n_rule=0
1107|2026-06-16T17:13:34.8960000|TRAP|bar=4517;side=trapped_buyers;vol=31;centroid=1.165;zone_lo=1.164975;zone_hi=1.165025;n_rows=1;max_ratio=15.5;close=1.16495;bar_vol=44;fp_vol=44;n_quote=25;n_rule=0
1108|2026-06-16T17:13:34.8960000|ZONE_CREATED|zone_id=4517_B;created_bar=4517;side=trapped_buyers;lo=1.164975;hi=1.165025;vol=31
1109|2026-06-16T17:22:38.7040000|ZONE_TOUCHED|zone_id=4517_B;created_bar=4517;side=trapped_buyers;lo=1.164975;hi=1.165025;vol=31;bar=4519;touches=1
1110|2026-06-16T17:22:38.7040000|ZONE_INVALIDATED|zone_id=4517_B;created_bar=4517;side=trapped_buyers;lo=1.164975;hi=1.165025;vol=31;reason=close_through;bar=4519
1111|2026-06-16T17:34:12.0680000|TRAP|bar=4524;side=trapped_buyers;vol=37;centroid=1.16505;zone_lo=1.165025;zone_hi=1.165075;n_rows=1;max_ratio=12.3333333333333;close=1.16495;bar_vol=73;fp_vol=73;n_quote=25;n_rule=0
1112|2026-06-16T17:34:12.0680000|ZONE_CREATED|zone_id=4524_B;created_bar=4524;side=trapped_buyers;lo=1.165025;hi=1.165075;vol=37
1113|2026-06-16T17:44:09.9520000|ZONE_TOUCHED|zone_id=4524_B;created_bar=4524;side=trapped_buyers;lo=1.165025;hi=1.165075;vol=37;bar=4528;touches=1
1114|2026-06-16T17:48:41.4560000|TRAP|bar=4531;side=trapped_buyers;vol=20;centroid=1.1649;zone_lo=1.164875;zone_hi=1.164925;n_rows=1;max_ratio=4;close=1.16485;bar_vol=48;fp_vol=48;n_quote=25;n_rule=0
1115|2026-06-16T17:55:25.7160000|ZONE_TOUCHED|zone_id=4524_B;created_bar=4524;side=trapped_buyers;lo=1.165025;hi=1.165075;vol=37;bar=4533;touches=2
1116|2026-06-16T17:55:25.7160000|TRAP|bar=4533;side=trapped_sellers;vol=7;centroid=1.1649;zone_lo=1.164875;zone_hi=1.164925;n_rows=1;max_ratio=7;close=1.16505;bar_vol=50;fp_vol=50;n_quote=25;n_rule=0
1117|2026-06-16T17:58:18.3640000|ZONE_TOUCHED|zone_id=4524_B;created_bar=4524;side=trapped_buyers;lo=1.165025;hi=1.165075;vol=37;bar=4534;touches=3
1118|2026-06-16T19:01:30.0040000|ZONE_TOUCHED|zone_id=4524_B;created_bar=4524;side=trapped_buyers;lo=1.165025;hi=1.165075;vol=37;bar=4537;touches=4
1119|2026-06-16T19:01:30.0040000|ZONE_INVALIDATED|zone_id=4524_B;created_bar=4524;side=trapped_buyers;lo=1.165025;hi=1.165075;vol=37;reason=close_through;bar=4537
1120|2026-06-16T19:01:30.0040000|TRAP|bar=4537;side=trapped_sellers;vol=3;centroid=1.1649;zone_lo=1.164875;zone_hi=1.164925;n_rows=1;max_ratio=3;close=1.16515;bar_vol=27;fp_vol=27;n_quote=25;n_rule=0
1121|2026-06-16T19:04:13.7040000|TRAP|bar=4539;side=trapped_buyers;vol=20;centroid=1.1652;zone_lo=1.165175;zone_hi=1.165225;n_rows=1;max_ratio=3.33333333333333;close=1.1651;bar_vol=33;fp_vol=33;n_quote=25;n_rule=0
1122|2026-06-16T19:08:00.6440000|TRAP|bar=4542;side=trapped_sellers;vol=20;centroid=1.16505;zone_lo=1.165025;zone_hi=1.165075;n_rows=1;max_ratio=3.33333333333333;close=1.1651;bar_vol=28;fp_vol=28;n_quote=25;n_rule=0
1123|2026-06-16T19:42:41.6680000|TRAP|bar=4548;side=trapped_sellers;vol=22;centroid=1.16515;zone_lo=1.165125;zone_hi=1.165175;n_rows=1;max_ratio=22;close=1.16525;bar_vol=41;fp_vol=41;n_quote=25;n_rule=0
1124|2026-06-16T19:42:45.7600000|TRAP|bar=4549;side=trapped_buyers;vol=35;centroid=1.16525;zone_lo=1.165225;zone_hi=1.165275;n_rows=1;max_ratio=7;close=1.1652;bar_vol=43;fp_vol=43;n_quote=25;n_rule=0
1125|2026-06-16T19:42:45.7600000|ZONE_CREATED|zone_id=4549_B;created_bar=4549;side=trapped_buyers;lo=1.165225;hi=1.165275;vol=35
1126|2026-06-16T19:46:03.8280000|ZONE_TOUCHED|zone_id=4549_B;created_bar=4549;side=trapped_buyers;lo=1.165225;hi=1.165275;vol=35;bar=4550;touches=1
1127|2026-06-16T19:47:10.9360000|ZONE_TOUCHED|zone_id=4549_B;created_bar=4549;side=trapped_buyers;lo=1.165225;hi=1.165275;vol=35;bar=4551;touches=2
1128|2026-06-16T19:47:10.9360000|ZONE_INVALIDATED|zone_id=4549_B;created_bar=4549;side=trapped_buyers;lo=1.165225;hi=1.165275;vol=35;reason=close_through;bar=4551
1129|2026-06-16T20:11:56.6880000|TRAP|bar=4554;side=trapped_sellers;vol=27;centroid=1.1653;zone_lo=1.165275;zone_hi=1.165325;n_rows=1;max_ratio=6.75;close=1.16545;bar_vol=50;fp_vol=50;n_quote=25;n_rule=0
1130|2026-06-16T20:19:37.0280000|TRAP|bar=4555;side=trapped_buyers;vol=40;centroid=1.16545;zone_lo=1.165425;zone_hi=1.165475;n_rows=1;max_ratio=5.71428571428571;close=1.1654;bar_vol=57;fp_vol=57;n_quote=25;n_rule=0
1131|2026-06-16T20:19:37.0280000|ZONE_CREATED|zone_id=4555_B;created_bar=4555;side=trapped_buyers;lo=1.165425;hi=1.165475;vol=40
1132|2026-06-16T20:25:19.0160000|ZONE_TOUCHED|zone_id=4555_B;created_bar=4555;side=trapped_buyers;lo=1.165425;hi=1.165475;vol=40;bar=4556;touches=1
1133|2026-06-16T20:33:00.0000000|ZONE_TOUCHED|zone_id=4555_B;created_bar=4555;side=trapped_buyers;lo=1.165425;hi=1.165475;vol=40;bar=4557;touches=2
1134|2026-06-16T20:34:50.0640000|ZONE_TOUCHED|zone_id=4555_B;created_bar=4555;side=trapped_buyers;lo=1.165425;hi=1.165475;vol=40;bar=4558;touches=3
1135|2026-06-16T20:34:50.0640000|ZONE_INVALIDATED|zone_id=4555_B;created_bar=4555;side=trapped_buyers;lo=1.165425;hi=1.165475;vol=40;reason=close_through;bar=4558
1136|2026-06-16T20:36:52.6840000|TRAP|bar=4559;side=trapped_sellers;vol=9;centroid=1.1653;zone_lo=1.165275;zone_hi=1.165325;n_rows=1;max_ratio=9;close=1.16535;bar_vol=43;fp_vol=43;n_quote=25;n_rule=0
1137|2026-06-16T20:50:38.3400000|TRAP|bar=4562;side=trapped_buyers;vol=23;centroid=1.1654;zone_lo=1.165375;zone_hi=1.165425;n_rows=1;max_ratio=23;close=1.1653;bar_vol=56;fp_vol=56;n_quote=25;n_rule=0
1138|2026-06-16T21:06:41.5520000|TRAP|bar=4572;side=trapped_sellers;vol=4;centroid=1.16495;zone_lo=1.164925;zone_hi=1.164975;n_rows=1;max_ratio=4;close=1.1652;bar_vol=31;fp_vol=31;n_quote=25;n_rule=0
1139|2026-06-16T21:18:19.8200000|TRAP|bar=4576;side=trapped_sellers;vol=12;centroid=1.1654;zone_lo=1.165375;zone_hi=1.165425;n_rows=1;max_ratio=3;close=1.16545;bar_vol=35;fp_vol=35;n_quote=25;n_rule=0
1140|2026-06-16T21:22:45.7760000|TRAP|bar=4579;side=trapped_buyers;vol=19;centroid=1.16555;zone_lo=1.165525;zone_hi=1.165575;n_rows=1;max_ratio=19;close=1.1655;bar_vol=33;fp_vol=33;n_quote=25;n_rule=0
1141|2026-06-16T21:22:45.7760000|TRAP|bar=4579;side=trapped_sellers;vol=6;centroid=1.16545;zone_lo=1.165425;zone_hi=1.165475;n_rows=1;max_ratio=6;close=1.1655;bar_vol=33;fp_vol=33;n_quote=25;n_rule=0
1142|2026-06-16T21:29:34.9680000|TRAP|bar=4592;side=trapped_buyers;vol=30;centroid=1.1657;zone_lo=1.165675;zone_hi=1.165725;n_rows=1;max_ratio=15;close=1.16565;bar_vol=164;fp_vol=164;n_quote=25;n_rule=0
1143|2026-06-16T21:29:34.9680000|ZONE_CREATED|zone_id=4592_B;created_bar=4592;side=trapped_buyers;lo=1.165675;hi=1.165725;vol=30
1144|2026-06-16T21:29:38.0440000|ZONE_TOUCHED|zone_id=4592_B;created_bar=4592;side=trapped_buyers;lo=1.165675;hi=1.165725;vol=30;bar=4593;touches=1
1145|2026-06-16T21:29:38.0440000|TRAP|bar=4593;side=trapped_sellers;vol=31;centroid=1.16565;zone_lo=1.165625;zone_hi=1.165675;n_rows=1;max_ratio=3.44444444444444;close=1.1657;bar_vol=55;fp_vol=55;n_quote=25;n_rule=0
1146|2026-06-16T21:29:38.0440000|ZONE_CREATED|zone_id=4593_S;created_bar=4593;side=trapped_sellers;lo=1.165625;hi=1.165675;vol=31
1147|2026-06-16T21:29:45.8760000|ZONE_TOUCHED|zone_id=4593_S;created_bar=4593;side=trapped_sellers;lo=1.165625;hi=1.165675;vol=31;bar=4594;touches=1
1148|2026-06-16T21:29:45.8760000|ZONE_TOUCHED|zone_id=4592_B;created_bar=4592;side=trapped_buyers;lo=1.165675;hi=1.165725;vol=30;bar=4594;touches=2
1149|2026-06-16T21:31:40.4560000|ZONE_TOUCHED|zone_id=4593_S;created_bar=4593;side=trapped_sellers;lo=1.165625;hi=1.165675;vol=31;bar=4595;touches=2
1150|2026-06-16T21:31:40.4560000|ZONE_INVALIDATED|zone_id=4593_S;created_bar=4593;side=trapped_sellers;lo=1.165625;hi=1.165675;vol=31;reason=close_through;bar=4595
1151|2026-06-16T21:54:43.3640000|TRAP|bar=4607;side=trapped_sellers;vol=5;centroid=1.1653;zone_lo=1.165275;zone_hi=1.165325;n_rows=1;max_ratio=5;close=1.1654;bar_vol=37;fp_vol=37;n_quote=25;n_rule=0
1152|2026-06-16T21:59:53.6000000|TRAP|bar=4613;side=trapped_sellers;vol=27;centroid=1.1653;zone_lo=1.165275;zone_hi=1.165325;n_rows=1;max_ratio=3.85714285714286;close=1.16535;bar_vol=38;fp_vol=38;n_quote=25;n_rule=0
1153|2026-06-16T22:22:46.5960000|TRAP|bar=4627;side=trapped_buyers;vol=3;centroid=1.1656;zone_lo=1.165575;zone_hi=1.165625;n_rows=1;max_ratio=3;close=1.1654;bar_vol=33;fp_vol=33;n_quote=25;n_rule=0
1154|2026-06-16T22:57:04.9880000|TRAP|bar=4634;side=trapped_buyers;vol=3;centroid=1.16535;zone_lo=1.165325;zone_hi=1.165375;n_rows=1;max_ratio=3;close=1.1652;bar_vol=32;fp_vol=32;n_quote=25;n_rule=0
1155|2026-06-16T23:12:44.4400000|TRAP|bar=4638;side=trapped_sellers;vol=14;centroid=1.16515;zone_lo=1.165125;zone_hi=1.165175;n_rows=1;max_ratio=14;close=1.1653;bar_vol=45;fp_vol=45;n_quote=25;n_rule=0
1156|2026-06-16T23:32:16.7080000|TRAP|bar=4641;side=trapped_sellers;vol=6;centroid=1.16535;zone_lo=1.165325;zone_hi=1.165375;n_rows=1;max_ratio=6;close=1.16545;bar_vol=45;fp_vol=45;n_quote=25;n_rule=0
1157|2026-06-17T00:45:56.9600000|TRAP|bar=4651;side=trapped_sellers;vol=16;centroid=1.16505;zone_lo=1.165025;zone_hi=1.165075;n_rows=1;max_ratio=5.33333333333333;close=1.1651;bar_vol=32;fp_vol=32;n_quote=25;n_rule=0
1158|2026-06-17T00:54:43.2400000|TRAP|bar=4652;side=trapped_buyers;vol=11;centroid=1.1652;zone_lo=1.165175;zone_hi=1.165225;n_rows=1;max_ratio=11;close=1.1651;bar_vol=38;fp_vol=38;n_quote=25;n_rule=0
1159|2026-06-17T02:23:28.9640000|TRAP|bar=4669;side=trapped_sellers;vol=14;centroid=1.1652;zone_lo=1.165175;zone_hi=1.165225;n_rows=1;max_ratio=7;close=1.16535;bar_vol=31;fp_vol=31;n_quote=25;n_rule=0
1160|2026-06-17T02:35:19.5440000|TRAP|bar=4673;side=trapped_sellers;vol=17;centroid=1.16515;zone_lo=1.165125;zone_hi=1.165175;n_rows=1;max_ratio=4.25;close=1.16525;bar_vol=51;fp_vol=51;n_quote=25;n_rule=0
1161|2026-06-17T02:40:23.6520000|TRAP|bar=4675;side=trapped_sellers;vol=25;centroid=1.1653;zone_lo=1.165275;zone_hi=1.165325;n_rows=1;max_ratio=6.25;close=1.16535;bar_vol=44;fp_vol=44;n_quote=25;n_rule=0
1162|2026-06-17T02:56:12.7120000|TRAP|bar=4683;side=trapped_buyers;vol=40;centroid=1.16535;zone_lo=1.165325;zone_hi=1.165375;n_rows=1;max_ratio=40;close=1.1653;bar_vol=83;fp_vol=83;n_quote=25;n_rule=0
1163|2026-06-17T02:56:12.7120000|ZONE_CREATED|zone_id=4683_B;created_bar=4683;side=trapped_buyers;lo=1.165325;hi=1.165375;vol=40
1164|2026-06-17T03:00:00.1480000|ZONE_TOUCHED|zone_id=4683_B;created_bar=4683;side=trapped_buyers;lo=1.165325;hi=1.165375;vol=40;bar=4690;touches=1
1165|2026-06-17T03:00:00.2000000|ZONE_TOUCHED|zone_id=4683_B;created_bar=4683;side=trapped_buyers;lo=1.165325;hi=1.165375;vol=40;bar=4691;touches=2
1166|2026-06-17T03:00:00.5680000|ZONE_TOUCHED|zone_id=4683_B;created_bar=4683;side=trapped_buyers;lo=1.165325;hi=1.165375;vol=40;bar=4692;touches=3
1167|2026-06-17T03:00:01.6520000|TRAP|bar=4696;side=trapped_sellers;vol=40;centroid=1.1651;zone_lo=1.165075;zone_hi=1.165125;n_rows=1;max_ratio=3.07692307692308;close=1.1652;bar_vol=95;fp_vol=95;n_quote=25;n_rule=0
1168|2026-06-17T03:00:01.6520000|ZONE_CREATED|zone_id=4696_S;created_bar=4696;side=trapped_sellers;lo=1.165075;hi=1.165125;vol=40
1169|2026-06-17T03:00:01.9760000|ZONE_TOUCHED|zone_id=4696_S;created_bar=4696;side=trapped_sellers;lo=1.165075;hi=1.165125;vol=40;bar=4697;touches=1
1170|2026-06-17T03:00:01.9760000|TRAP|bar=4697;side=trapped_buyers;vol=5;centroid=1.1652;zone_lo=1.165175;zone_hi=1.165225;n_rows=1;max_ratio=5;close=1.1651;bar_vol=66;fp_vol=66;n_quote=25;n_rule=0
1171|2026-06-17T03:00:02.9840000|ZONE_TOUCHED|zone_id=4696_S;created_bar=4696;side=trapped_sellers;lo=1.165075;hi=1.165125;vol=40;bar=4698;touches=2
1172|2026-06-17T03:00:03.0240000|ZONE_TOUCHED|zone_id=4696_S;created_bar=4696;side=trapped_sellers;lo=1.165075;hi=1.165125;vol=40;bar=4700;touches=3
1173|2026-06-17T03:00:03.0240000|TRAP|bar=4700;side=trapped_sellers;vol=24;centroid=1.16505;zone_lo=1.165025;zone_hi=1.165075;n_rows=1;max_ratio=24;close=1.1651;bar_vol=70;fp_vol=70;n_quote=25;n_rule=0
1174|2026-06-17T03:00:04.7480000|ZONE_TOUCHED|zone_id=4696_S;created_bar=4696;side=trapped_sellers;lo=1.165075;hi=1.165125;vol=40;bar=4701;touches=4
1175|2026-06-17T03:00:10.3480000|ZONE_TOUCHED|zone_id=4696_S;created_bar=4696;side=trapped_sellers;lo=1.165075;hi=1.165125;vol=40;bar=4702;touches=5
1176|2026-06-17T03:00:19.3320000|TRAP|bar=4703;side=trapped_buyers;vol=43;centroid=1.1652;zone_lo=1.165175;zone_hi=1.165225;n_rows=1;max_ratio=5.375;close=1.16515;bar_vol=82;fp_vol=82;n_quote=25;n_rule=0
1177|2026-06-17T03:00:19.3320000|ZONE_CREATED|zone_id=4703_B;created_bar=4703;side=trapped_buyers;lo=1.165175;hi=1.165225;vol=43
1178|2026-06-17T03:00:30.1400000|ZONE_TOUCHED|zone_id=4703_B;created_bar=4703;side=trapped_buyers;lo=1.165175;hi=1.165225;vol=43;bar=4704;touches=1
1179|2026-06-17T03:00:51.4200000|ZONE_TOUCHED|zone_id=4703_B;created_bar=4703;side=trapped_buyers;lo=1.165175;hi=1.165225;vol=43;bar=4705;touches=2
1180|2026-06-17T03:01:02.3440000|ZONE_TOUCHED|zone_id=4703_B;created_bar=4703;side=trapped_buyers;lo=1.165175;hi=1.165225;vol=43;bar=4706;touches=3
1181|2026-06-17T03:01:02.3440000|ZONE_TOUCHED|zone_id=4696_S;created_bar=4696;side=trapped_sellers;lo=1.165075;hi=1.165125;vol=40;bar=4706;touches=6
1182|2026-06-17T03:01:02.3440000|ZONE_INVALIDATED|zone_id=4696_S;created_bar=4696;side=trapped_sellers;lo=1.165075;hi=1.165125;vol=40;reason=close_through;bar=4706
1183|2026-06-17T03:03:35.2720000|ZONE_TOUCHED|zone_id=4703_B;created_bar=4703;side=trapped_buyers;lo=1.165175;hi=1.165225;vol=43;bar=4709;touches=4
1184|2026-06-17T03:05:00.1480000|ZONE_TOUCHED|zone_id=4703_B;created_bar=4703;side=trapped_buyers;lo=1.165175;hi=1.165225;vol=43;bar=4712;touches=5
1185|2026-06-17T03:05:00.1480000|ZONE_INVALIDATED|zone_id=4703_B;created_bar=4703;side=trapped_buyers;lo=1.165175;hi=1.165225;vol=43;reason=close_through;bar=4712
1186|2026-06-17T03:05:58.3800000|ZONE_TOUCHED|zone_id=4683_B;created_bar=4683;side=trapped_buyers;lo=1.165325;hi=1.165375;vol=40;bar=4714;touches=4
1187|2026-06-17T03:05:58.3800000|ZONE_INVALIDATED|zone_id=4683_B;created_bar=4683;side=trapped_buyers;lo=1.165325;hi=1.165375;vol=40;reason=close_through;bar=4714
1188|2026-06-17T03:10:43.0080000|TRAP|bar=4718;side=trapped_buyers;vol=24;centroid=1.16545;zone_lo=1.165425;zone_hi=1.165475;n_rows=1;max_ratio=8;close=1.1654;bar_vol=40;fp_vol=40;n_quote=25;n_rule=0
1189|2026-06-17T03:11:46.1720000|TRAP|bar=4720;side=trapped_sellers;vol=10;centroid=1.16515;zone_lo=1.165125;zone_hi=1.165175;n_rows=1;max_ratio=10;close=1.1652;bar_vol=38;fp_vol=38;n_quote=25;n_rule=0
1190|2026-06-17T03:17:21.8040000|TRAP|bar=4724;side=trapped_buyers;vol=16;centroid=1.16515;zone_lo=1.165125;zone_hi=1.165175;n_rows=1;max_ratio=5.33333333333333;close=1.1651;bar_vol=51;fp_vol=51;n_quote=25;n_rule=0
1191|2026-06-17T03:21:15.9840000|TRAP|bar=4726;side=trapped_sellers;vol=9;centroid=1.1649;zone_lo=1.164875;zone_hi=1.164925;n_rows=1;max_ratio=3;close=1.165;bar_vol=41;fp_vol=41;n_quote=25;n_rule=0
1192|2026-06-17T03:21:34.4080000|TRAP|bar=4727;side=trapped_buyers;vol=30;centroid=1.165;zone_lo=1.164975;zone_hi=1.165025;n_rows=1;max_ratio=10;close=1.1648;bar_vol=44;fp_vol=44;n_quote=25;n_rule=0
1193|2026-06-17T03:21:34.4080000|ZONE_CREATED|zone_id=4727_B;created_bar=4727;side=trapped_buyers;lo=1.164975;hi=1.165025;vol=30
1194|2026-06-17T03:23:05.5760000|TRAP|bar=4729;side=trapped_sellers;vol=17;centroid=1.16475;zone_lo=1.164725;zone_hi=1.164775;n_rows=1;max_ratio=3.4;close=1.1648;bar_vol=53;fp_vol=53;n_quote=25;n_rule=0
1195|2026-06-17T03:36:38.1680000|TRAP|bar=4744;side=trapped_sellers;vol=25;centroid=1.16445;zone_lo=1.164425;zone_hi=1.164475;n_rows=1;max_ratio=6.25;close=1.1645;bar_vol=49;fp_vol=49;n_quote=25;n_rule=0
1196|2026-06-17T03:37:32.1840000|TRAP|bar=4746;side=trapped_buyers;vol=19;centroid=1.1646;zone_lo=1.164575;zone_hi=1.164625;n_rows=1;max_ratio=19;close=1.16455;bar_vol=38;fp_vol=38;n_quote=25;n_rule=0
1197|2026-06-17T03:40:35.2520000|TRAP|bar=4749;side=trapped_buyers;vol=6;centroid=1.16465;zone_lo=1.164625;zone_hi=1.164675;n_rows=1;max_ratio=3;close=1.1646;bar_vol=31;fp_vol=31;n_quote=25;n_rule=0
1198|2026-06-17T03:47:26.4800000|TRAP|bar=4759;side=trapped_buyers;vol=3;centroid=1.1648;zone_lo=1.164775;zone_hi=1.164825;n_rows=1;max_ratio=3;close=1.1647;bar_vol=39;fp_vol=39;n_quote=25;n_rule=0
1199|2026-06-17T03:53:10.5760000|TRAP|bar=4764;side=trapped_buyers;vol=7;centroid=1.1649;zone_lo=1.164875;zone_hi=1.164925;n_rows=1;max_ratio=7;close=1.1648;bar_vol=63;fp_vol=63;n_quote=25;n_rule=0
1200|2026-06-17T03:56:45.9000000|TRAP|bar=4767;side=trapped_buyers;vol=10;centroid=1.16475;zone_lo=1.164725;zone_hi=1.164775;n_rows=1;max_ratio=5;close=1.16455;bar_vol=40;fp_vol=40;n_quote=25;n_rule=0
1201|2026-06-17T03:58:15.2480000|TRAP|bar=4769;side=trapped_sellers;vol=5;centroid=1.16455;zone_lo=1.164525;zone_hi=1.164575;n_rows=1;max_ratio=5;close=1.1646;bar_vol=53;fp_vol=53;n_quote=25;n_rule=0
1202|2026-06-17T03:59:48.7000000|TRAP|bar=4770;side=trapped_sellers;vol=19;centroid=1.1646;zone_lo=1.164575;zone_hi=1.164625;n_rows=1;max_ratio=9.5;close=1.16465;bar_vol=42;fp_vol=42;n_quote=25;n_rule=0
1203|2026-06-17T04:02:09.4120000|TRAP|bar=4780;side=trapped_sellers;vol=3;centroid=1.16475;zone_lo=1.164725;zone_hi=1.164775;n_rows=1;max_ratio=3;close=1.1648;bar_vol=33;fp_vol=33;n_quote=25;n_rule=0
1204|2026-06-17T04:02:23.3320000|TRAP|bar=4781;side=trapped_sellers;vol=16;centroid=1.1648;zone_lo=1.164775;zone_hi=1.164825;n_rows=1;max_ratio=3.2;close=1.1649;bar_vol=57;fp_vol=57;n_quote=25;n_rule=0
1205|2026-06-17T04:02:56.9120000|ZONE_TOUCHED|zone_id=4727_B;created_bar=4727;side=trapped_buyers;lo=1.164975;hi=1.165025;vol=30;bar=4783;touches=1
1206|2026-06-17T04:03:11.0480000|ZONE_TOUCHED|zone_id=4727_B;created_bar=4727;side=trapped_buyers;lo=1.164975;hi=1.165025;vol=30;bar=4784;touches=2
1207|2026-06-17T04:03:30.1520000|ZONE_TOUCHED|zone_id=4727_B;created_bar=4727;side=trapped_buyers;lo=1.164975;hi=1.165025;vol=30;bar=4785;touches=3
1208|2026-06-17T04:05:17.5240000|ZONE_TOUCHED|zone_id=4727_B;created_bar=4727;side=trapped_buyers;lo=1.164975;hi=1.165025;vol=30;bar=4787;touches=4
1209|2026-06-17T04:05:34.0360000|ZONE_TOUCHED|zone_id=4727_B;created_bar=4727;side=trapped_buyers;lo=1.164975;hi=1.165025;vol=30;bar=4788;touches=5
1210|2026-06-17T04:05:53.9760000|ZONE_TOUCHED|zone_id=4727_B;created_bar=4727;side=trapped_buyers;lo=1.164975;hi=1.165025;vol=30;bar=4789;touches=6
1211|2026-06-17T04:05:53.9760000|TRAP|bar=4789;side=trapped_buyers;vol=10;centroid=1.165;zone_lo=1.164975;zone_hi=1.165025;n_rows=1;max_ratio=5;close=1.16495;bar_vol=31;fp_vol=31;n_quote=25;n_rule=0
1212|2026-06-17T04:05:53.9760000|TRAP|bar=4789;side=trapped_sellers;vol=7;centroid=1.16485;zone_lo=1.164825;zone_hi=1.164875;n_rows=1;max_ratio=3.5;close=1.16495;bar_vol=31;fp_vol=31;n_quote=25;n_rule=0
1213|2026-06-17T04:06:27.0440000|ZONE_TOUCHED|zone_id=4727_B;created_bar=4727;side=trapped_buyers;lo=1.164975;hi=1.165025;vol=30;bar=4790;touches=7
1214|2026-06-17T04:06:40.3680000|ZONE_TOUCHED|zone_id=4727_B;created_bar=4727;side=trapped_buyers;lo=1.164975;hi=1.165025;vol=30;bar=4791;touches=8
1215|2026-06-17T04:07:10.0120000|ZONE_TOUCHED|zone_id=4727_B;created_bar=4727;side=trapped_buyers;lo=1.164975;hi=1.165025;vol=30;bar=4792;touches=9
1216|2026-06-17T04:07:10.0120000|ZONE_INVALIDATED|zone_id=4727_B;created_bar=4727;side=trapped_buyers;lo=1.164975;hi=1.165025;vol=30;reason=close_through;bar=4792
1217|2026-06-17T04:07:10.0120000|TRAP|bar=4792;side=trapped_sellers;vol=51;centroid=1.165;zone_lo=1.164975;zone_hi=1.165025;n_rows=1;max_ratio=3.64285714285714;close=1.1651;bar_vol=100;fp_vol=100;n_quote=25;n_rule=0
1218|2026-06-17T04:07:10.0120000|ZONE_CREATED|zone_id=4792_S;created_bar=4792;side=trapped_sellers;lo=1.164975;hi=1.165025;vol=51
1219|2026-06-17T04:08:00.1520000|ZONE_TOUCHED|zone_id=4792_S;created_bar=4792;side=trapped_sellers;lo=1.164975;hi=1.165025;vol=51;bar=4793;touches=1
1220|2026-06-17T04:08:00.1520000|TRAP|bar=4793;side=trapped_buyers;vol=3;centroid=1.16515;zone_lo=1.165125;zone_hi=1.165175;n_rows=1;max_ratio=3;close=1.16505;bar_vol=70;fp_vol=70;n_quote=25;n_rule=0
1221|2026-06-17T04:14:35.7000000|TRAP|bar=4803;side=trapped_buyers;vol=26;centroid=1.1654;zone_lo=1.165375;zone_hi=1.165425;n_rows=1;max_ratio=4.33333333333333;close=1.16535;bar_vol=35;fp_vol=35;n_quote=25;n_rule=0
1222|2026-06-17T04:17:49.0480000|TRAP|bar=4807;side=trapped_sellers;vol=27;centroid=1.1654;zone_lo=1.165375;zone_hi=1.165425;n_rows=1;max_ratio=3;close=1.16545;bar_vol=42;fp_vol=42;n_quote=25;n_rule=0
1223|2026-06-17T04:26:10.9920000|TRAP|bar=4822;side=trapped_buyers;vol=27;centroid=1.16515;zone_lo=1.165125;zone_hi=1.165175;n_rows=1;max_ratio=3.375;close=1.16505;bar_vol=38;fp_vol=38;n_quote=25;n_rule=0
1224|2026-06-17T04:26:31.2520000|ZONE_TOUCHED|zone_id=4792_S;created_bar=4792;side=trapped_sellers;lo=1.164975;hi=1.165025;vol=51;bar=4824;touches=2
1225|2026-06-17T04:26:40.5200000|ZONE_TOUCHED|zone_id=4792_S;created_bar=4792;side=trapped_sellers;lo=1.164975;hi=1.165025;vol=51;bar=4825;touches=3
1226|2026-06-17T04:26:44.4160000|ZONE_TOUCHED|zone_id=4792_S;created_bar=4792;side=trapped_sellers;lo=1.164975;hi=1.165025;vol=51;bar=4826;touches=4
1227|2026-06-17T04:26:44.4160000|ZONE_INVALIDATED|zone_id=4792_S;created_bar=4792;side=trapped_sellers;lo=1.164975;hi=1.165025;vol=51;reason=close_through;bar=4826
1228|2026-06-17T04:28:14.5040000|TRAP|bar=4835;side=trapped_buyers;vol=27;centroid=1.16485;zone_lo=1.164825;zone_hi=1.164875;n_rows=1;max_ratio=27;close=1.1648;bar_vol=62;fp_vol=62;n_quote=25;n_rule=0
1229|2026-06-17T04:30:34.1000000|TRAP|bar=4843;side=trapped_sellers;vol=10;centroid=1.16465;zone_lo=1.164625;zone_hi=1.164675;n_rows=1;max_ratio=10;close=1.16475;bar_vol=53;fp_vol=53;n_quote=25;n_rule=0
1230|2026-06-17T04:46:32.9120000|TRAP|bar=4862;side=trapped_buyers;vol=22;centroid=1.1646;zone_lo=1.164575;zone_hi=1.164625;n_rows=1;max_ratio=7.33333333333333;close=1.16455;bar_vol=43;fp_vol=43;n_quote=25;n_rule=0
1231|2026-06-17T04:49:24.1600000|TRAP|bar=4865;side=trapped_buyers;vol=23;centroid=1.1646;zone_lo=1.164575;zone_hi=1.164625;n_rows=1;max_ratio=3.83333333333333;close=1.1645;bar_vol=69;fp_vol=69;n_quote=25;n_rule=0
1232|2026-06-17T04:51:16.5280000|TRAP|bar=4867;side=trapped_buyers;vol=61;centroid=1.16465;zone_lo=1.164625;zone_hi=1.164675;n_rows=1;max_ratio=4.69230769230769;close=1.1646;bar_vol=77;fp_vol=77;n_quote=25;n_rule=0
1233|2026-06-17T04:51:16.5280000|ZONE_CREATED|zone_id=4867_B;created_bar=4867;side=trapped_buyers;lo=1.164625;hi=1.164675;vol=61
1234|2026-06-17T04:51:57.9240000|ZONE_TOUCHED|zone_id=4867_B;created_bar=4867;side=trapped_buyers;lo=1.164625;hi=1.164675;vol=61;bar=4868;touches=1
1235|2026-06-17T04:51:57.9240000|ZONE_INVALIDATED|zone_id=4867_B;created_bar=4867;side=trapped_buyers;lo=1.164625;hi=1.164675;vol=61;reason=close_through;bar=4868
1236|2026-06-17T04:56:26.2560000|TRAP|bar=4873;side=trapped_sellers;vol=15;centroid=1.1648;zone_lo=1.164775;zone_hi=1.164825;n_rows=1;max_ratio=3;close=1.16485;bar_vol=35;fp_vol=35;n_quote=25;n_rule=0
1237|2026-06-17T05:01:40.2920000|TRAP|bar=4880;side=trapped_buyers;vol=29;centroid=1.1647;zone_lo=1.164675;zone_hi=1.164725;n_rows=1;max_ratio=7.25;close=1.16465;bar_vol=52;fp_vol=52;n_quote=25;n_rule=0
1238|2026-06-17T05:07:31.4440000|TRAP|bar=4889;side=trapped_sellers;vol=8;centroid=1.1645;zone_lo=1.164475;zone_hi=1.164525;n_rows=1;max_ratio=8;close=1.16455;bar_vol=86;fp_vol=86;n_quote=25;n_rule=0
1239|2026-06-17T05:10:56.0000000|TRAP|bar=4893;side=trapped_buyers;vol=9;centroid=1.1646;zone_lo=1.164575;zone_hi=1.164625;n_rows=1;max_ratio=3;close=1.1645;bar_vol=40;fp_vol=40;n_quote=25;n_rule=0
1240|2026-06-17T05:11:03.4960000|TRAP|bar=4896;side=trapped_buyers;vol=15;centroid=1.16425;zone_lo=1.164225;zone_hi=1.164275;n_rows=1;max_ratio=3.75;close=1.1642;bar_vol=121;fp_vol=121;n_quote=25;n_rule=0
1241|2026-06-17T05:12:56.5920000|TRAP|bar=4900;side=trapped_buyers;vol=22;centroid=1.1643;zone_lo=1.164275;zone_hi=1.164325;n_rows=1;max_ratio=11;close=1.1642;bar_vol=53;fp_vol=53;n_quote=25;n_rule=0
1242|2026-06-17T05:17:21.1920000|TRAP|bar=4908;side=trapped_buyers;vol=9;centroid=1.1645;zone_lo=1.164475;zone_hi=1.164525;n_rows=1;max_ratio=4.5;close=1.1643;bar_vol=49;fp_vol=49;n_quote=25;n_rule=0
1243|2026-06-17T05:21:32.2520000|TRAP|bar=4914;side=trapped_buyers;vol=23;centroid=1.16405;zone_lo=1.164025;zone_hi=1.164075;n_rows=1;max_ratio=4.6;close=1.164;bar_vol=38;fp_vol=38;n_quote=25;n_rule=0
1244|2026-06-17T05:22:33.9920000|TRAP|bar=4915;side=trapped_buyers;vol=18;centroid=1.164;zone_lo=1.163975;zone_hi=1.164025;n_rows=1;max_ratio=18;close=1.16395;bar_vol=42;fp_vol=42;n_quote=25;n_rule=0
1245|2026-06-17T05:29:06.3640000|TRAP|bar=4923;side=trapped_buyers;vol=41;centroid=1.16425;zone_lo=1.164225;zone_hi=1.164275;n_rows=1;max_ratio=13.6666666666667;close=1.1642;bar_vol=64;fp_vol=64;n_quote=25;n_rule=0
1246|2026-06-17T05:29:06.3640000|ZONE_CREATED|zone_id=4923_B;created_bar=4923;side=trapped_buyers;lo=1.164225;hi=1.164275;vol=41
1247|2026-06-17T05:29:41.3960000|ZONE_TOUCHED|zone_id=4923_B;created_bar=4923;side=trapped_buyers;lo=1.164225;hi=1.164275;vol=41;bar=4924;touches=1
1248|2026-06-17T05:30:07.6720000|ZONE_TOUCHED|zone_id=4923_B;created_bar=4923;side=trapped_buyers;lo=1.164225;hi=1.164275;vol=41;bar=4925;touches=2
1249|2026-06-17T05:30:14.1280000|ZONE_TOUCHED|zone_id=4923_B;created_bar=4923;side=trapped_buyers;lo=1.164225;hi=1.164275;vol=41;bar=4926;touches=3
1250|2026-06-17T05:30:36.8400000|ZONE_TOUCHED|zone_id=4923_B;created_bar=4923;side=trapped_buyers;lo=1.164225;hi=1.164275;vol=41;bar=4927;touches=4
1251|2026-06-17T05:30:36.8400000|TRAP|bar=4927;side=trapped_buyers;vol=62;centroid=1.16425;zone_lo=1.164225;zone_hi=1.164275;n_rows=1;max_ratio=12.4;close=1.1642;bar_vol=67;fp_vol=67;n_quote=25;n_rule=0
1252|2026-06-17T05:30:36.8400000|ZONE_CREATED|zone_id=4927_B;created_bar=4927;side=trapped_buyers;lo=1.164225;hi=1.164275;vol=62
1253|2026-06-17T05:31:17.8440000|TRAP|bar=4929;side=trapped_sellers;vol=4;centroid=1.16405;zone_lo=1.164025;zone_hi=1.164075;n_rows=1;max_ratio=4;close=1.16415;bar_vol=39;fp_vol=39;n_quote=25;n_rule=0
1254|2026-06-17T05:32:02.4600000|ZONE_TOUCHED|zone_id=4927_B;created_bar=4927;side=trapped_buyers;lo=1.164225;hi=1.164275;vol=62;bar=4931;touches=1
1255|2026-06-17T05:32:02.4600000|ZONE_TOUCHED|zone_id=4923_B;created_bar=4923;side=trapped_buyers;lo=1.164225;hi=1.164275;vol=41;bar=4931;touches=5
1256|2026-06-17T05:32:02.4600000|TRAP|bar=4931;side=trapped_buyers;vol=19;centroid=1.16425;zone_lo=1.164225;zone_hi=1.164275;n_rows=1;max_ratio=9.5;close=1.1642;bar_vol=63;fp_vol=63;n_quote=25;n_rule=0
1257|2026-06-17T05:32:49.0960000|ZONE_TOUCHED|zone_id=4927_B;created_bar=4927;side=trapped_buyers;lo=1.164225;hi=1.164275;vol=62;bar=4932;touches=2
1258|2026-06-17T05:32:49.0960000|ZONE_INVALIDATED|zone_id=4927_B;created_bar=4927;side=trapped_buyers;lo=1.164225;hi=1.164275;vol=62;reason=close_through;bar=4932
1259|2026-06-17T05:32:49.0960000|ZONE_TOUCHED|zone_id=4923_B;created_bar=4923;side=trapped_buyers;lo=1.164225;hi=1.164275;vol=41;bar=4932;touches=6
1260|2026-06-17T05:32:49.0960000|ZONE_INVALIDATED|zone_id=4923_B;created_bar=4923;side=trapped_buyers;lo=1.164225;hi=1.164275;vol=41;reason=close_through;bar=4932
1261|2026-06-17T05:38:41.9080000|TRAP|bar=4938;side=trapped_buyers;vol=28;centroid=1.16425;zone_lo=1.164225;zone_hi=1.164275;n_rows=1;max_ratio=4;close=1.16415;bar_vol=50;fp_vol=50;n_quote=25;n_rule=0
1262|2026-06-17T05:40:48.6200000|TRAP|bar=4940;side=trapped_buyers;vol=17;centroid=1.1643;zone_lo=1.164275;zone_hi=1.164325;n_rows=1;max_ratio=17;close=1.16425;bar_vol=40;fp_vol=40;n_quote=25;n_rule=0
1263|2026-06-17T05:45:18.2120000|TRAP|bar=4944;side=trapped_buyers;vol=18;centroid=1.1643;zone_lo=1.164275;zone_hi=1.164325;n_rows=1;max_ratio=9;close=1.1642;bar_vol=40;fp_vol=40;n_quote=25;n_rule=0
1264|2026-06-17T05:52:11.0920000|TRAP|bar=4949;side=trapped_buyers;vol=15;centroid=1.16415;zone_lo=1.164125;zone_hi=1.164175;n_rows=1;max_ratio=3;close=1.1641;bar_vol=32;fp_vol=32;n_quote=25;n_rule=0
1265|2026-06-17T05:57:37.8880000|TRAP|bar=4956;side=trapped_buyers;vol=3;centroid=1.1643;zone_lo=1.164275;zone_hi=1.164325;n_rows=1;max_ratio=3;close=1.16425;bar_vol=43;fp_vol=43;n_quote=25;n_rule=0
1266|2026-06-17T05:57:37.8880000|TRAP|bar=4956;side=trapped_sellers;vol=20;centroid=1.1642;zone_lo=1.164175;zone_hi=1.164225;n_rows=1;max_ratio=5;close=1.16425;bar_vol=43;fp_vol=43;n_quote=25;n_rule=0
1267|2026-06-17T06:00:01.6680000|TRAP|bar=4958;side=trapped_buyers;vol=25;centroid=1.16425;zone_lo=1.164225;zone_hi=1.164275;n_rows=1;max_ratio=6.25;close=1.1642;bar_vol=41;fp_vol=41;n_quote=25;n_rule=0
1268|2026-06-17T06:00:02.2080000|TRAP|bar=4959;side=trapped_buyers;vol=27;centroid=1.16425;zone_lo=1.164225;zone_hi=1.164275;n_rows=1;max_ratio=3;close=1.16415;bar_vol=44;fp_vol=44;n_quote=25;n_rule=0
1269|2026-06-17T06:09:45.9240000|TRAP|bar=4971;side=trapped_buyers;vol=10;centroid=1.16435;zone_lo=1.164325;zone_hi=1.164375;n_rows=1;max_ratio=10;close=1.1643;bar_vol=38;fp_vol=38;n_quote=25;n_rule=0
1270|2026-06-17T06:31:44.2760000|TRAP|bar=4987;side=trapped_buyers;vol=11;centroid=1.16455;zone_lo=1.164525;zone_hi=1.164575;n_rows=1;max_ratio=11;close=1.16445;bar_vol=50;fp_vol=50;n_quote=25;n_rule=0
1271|2026-06-17T06:38:58.9640000|TRAP|bar=4994;side=trapped_buyers;vol=32;centroid=1.1644;zone_lo=1.164375;zone_hi=1.164425;n_rows=1;max_ratio=16;close=1.1643;bar_vol=56;fp_vol=56;n_quote=25;n_rule=0
1272|2026-06-17T06:38:58.9640000|ZONE_CREATED|zone_id=4994_B;created_bar=4994;side=trapped_buyers;lo=1.164375;hi=1.164425;vol=32
1273|2026-06-17T06:38:58.9960000|ZONE_TOUCHED|zone_id=4994_B;created_bar=4994;side=trapped_buyers;lo=1.164375;hi=1.164425;vol=32;bar=4995;touches=1
1274|2026-06-17T06:39:09.9360000|TRAP|bar=4996;side=trapped_sellers;vol=58;centroid=1.16425;zone_lo=1.164225;zone_hi=1.164275;n_rows=1;max_ratio=6.44444444444444;close=1.1643;bar_vol=71;fp_vol=71;n_quote=25;n_rule=0
1275|2026-06-17T06:39:09.9360000|ZONE_CREATED|zone_id=4996_S;created_bar=4996;side=trapped_sellers;lo=1.164225;hi=1.164275;vol=58
1276|2026-06-17T06:39:10.0240000|ZONE_TOUCHED|zone_id=4996_S;created_bar=4996;side=trapped_sellers;lo=1.164225;hi=1.164275;vol=58;bar=4997;touches=1
1277|2026-06-17T06:42:17.4960000|ZONE_TOUCHED|zone_id=4996_S;created_bar=4996;side=trapped_sellers;lo=1.164225;hi=1.164275;vol=58;bar=4998;touches=2
1278|2026-06-17T06:42:17.4960000|TRAP|bar=4998;side=trapped_sellers;vol=67;centroid=1.16425;zone_lo=1.164225;zone_hi=1.164275;n_rows=1;max_ratio=4.46666666666667;close=1.1643;bar_vol=82;fp_vol=82;n_quote=25;n_rule=0
1279|2026-06-17T06:42:17.4960000|ZONE_CREATED|zone_id=4998_S;created_bar=4998;side=trapped_sellers;lo=1.164225;hi=1.164275;vol=67
1280|2026-06-17T06:43:49.9040000|ZONE_TOUCHED|zone_id=4998_S;created_bar=4998;side=trapped_sellers;lo=1.164225;hi=1.164275;vol=67;bar=4999;touches=1
1281|2026-06-17T06:43:49.9040000|ZONE_TOUCHED|zone_id=4996_S;created_bar=4996;side=trapped_sellers;lo=1.164225;hi=1.164275;vol=58;bar=4999;touches=3
1282|2026-06-17T06:45:09.4840000|ZONE_TOUCHED|zone_id=4998_S;created_bar=4998;side=trapped_sellers;lo=1.164225;hi=1.164275;vol=67;bar=5000;touches=2
1283|2026-06-17T06:45:09.4840000|ZONE_INVALIDATED|zone_id=4998_S;created_bar=4998;side=trapped_sellers;lo=1.164225;hi=1.164275;vol=67;reason=close_through;bar=5000
1284|2026-06-17T06:45:09.4840000|ZONE_TOUCHED|zone_id=4996_S;created_bar=4996;side=trapped_sellers;lo=1.164225;hi=1.164275;vol=58;bar=5000;touches=4
1285|2026-06-17T06:45:09.4840000|ZONE_INVALIDATED|zone_id=4996_S;created_bar=4996;side=trapped_sellers;lo=1.164225;hi=1.164275;vol=58;reason=close_through;bar=5000
1286|2026-06-17T06:51:21.0320000|TRAP|bar=5002;side=trapped_sellers;vol=4;centroid=1.16415;zone_lo=1.164125;zone_hi=1.164175;n_rows=1;max_ratio=4;close=1.1642;bar_vol=33;fp_vol=33;n_quote=25;n_rule=0
1287|2026-06-17T06:54:33.1920000|ZONE_TOUCHED|zone_id=4994_B;created_bar=4994;side=trapped_buyers;lo=1.164375;hi=1.164425;vol=32;bar=5003;touches=2
1288|2026-06-17T06:55:52.5320000|TRAP|bar=5005;side=trapped_buyers;vol=11;centroid=1.1643;zone_lo=1.164275;zone_hi=1.164325;n_rows=1;max_ratio=3.66666666666667;close=1.1642;bar_vol=133;fp_vol=133;n_quote=25;n_rule=0
1289|2026-06-17T06:58:20.1240000|ZONE_TOUCHED|zone_id=4994_B;created_bar=4994;side=trapped_buyers;lo=1.164375;hi=1.164425;vol=32;bar=5012;touches=3
1290|2026-06-17T06:59:12.7560000|ZONE_TOUCHED|zone_id=4994_B;created_bar=4994;side=trapped_buyers;lo=1.164375;hi=1.164425;vol=32;bar=5013;touches=4
1291|2026-06-17T07:00:00.4760000|ZONE_TOUCHED|zone_id=4994_B;created_bar=4994;side=trapped_buyers;lo=1.164375;hi=1.164425;vol=32;bar=5014;touches=5
1292|2026-06-17T07:00:00.4760000|ZONE_INVALIDATED|zone_id=4994_B;created_bar=4994;side=trapped_buyers;lo=1.164375;hi=1.164425;vol=32;reason=close_through;bar=5014
1293|2026-06-17T07:20:04.3560000|TRAP|bar=5031;side=trapped_buyers;vol=5;centroid=1.16425;zone_lo=1.164225;zone_hi=1.164275;n_rows=1;max_ratio=5;close=1.1641;bar_vol=38;fp_vol=38;n_quote=25;n_rule=0
1294|2026-06-17T07:22:48.3880000|TRAP|bar=5036;side=trapped_sellers;vol=50;centroid=1.16385;zone_lo=1.163825;zone_hi=1.163875;n_rows=1;max_ratio=10;close=1.1639;bar_vol=55;fp_vol=55;n_quote=25;n_rule=0
1295|2026-06-17T07:22:48.3880000|ZONE_CREATED|zone_id=5036_S;created_bar=5036;side=trapped_sellers;lo=1.163825;hi=1.163875;vol=50
1296|2026-06-17T07:22:48.4000000|ZONE_TOUCHED|zone_id=5036_S;created_bar=5036;side=trapped_sellers;lo=1.163825;hi=1.163875;vol=50;bar=5037;touches=1
1297|2026-06-17T07:22:48.4000000|ZONE_INVALIDATED|zone_id=5036_S;created_bar=5036;side=trapped_sellers;lo=1.163825;hi=1.163875;vol=50;reason=close_through;bar=5037
1298|2026-06-17T07:24:09.3680000|TRAP|bar=5041;side=trapped_sellers;vol=28;centroid=1.1637;zone_lo=1.163675;zone_hi=1.163725;n_rows=1;max_ratio=4;close=1.16375;bar_vol=71;fp_vol=71;n_quote=25;n_rule=0
1299|2026-06-17T07:28:21.4920000|TRAP|bar=5050;side=trapped_buyers;vol=26;centroid=1.1637;zone_lo=1.163675;zone_hi=1.163725;n_rows=1;max_ratio=26;close=1.16365;bar_vol=52;fp_vol=52;n_quote=25;n_rule=0
1300|2026-06-17T07:30:23.4480000|TRAP|bar=5056;side=trapped_buyers;vol=22;centroid=1.16365;zone_lo=1.163625;zone_hi=1.163675;n_rows=1;max_ratio=7.33333333333333;close=1.1636;bar_vol=25;fp_vol=25;n_quote=25;n_rule=0
1301|2026-06-17T07:30:57.0120000|TRAP|bar=5061;side=trapped_sellers;vol=27;centroid=1.1637;zone_lo=1.163675;zone_hi=1.163725;n_rows=1;max_ratio=5.4;close=1.1638;bar_vol=45;fp_vol=45;n_quote=25;n_rule=0
1302|2026-06-17T07:32:14.6640000|TRAP|bar=5066;side=trapped_buyers;vol=5;centroid=1.1639;zone_lo=1.163875;zone_hi=1.163925;n_rows=1;max_ratio=5;close=1.1638;bar_vol=26;fp_vol=26;n_quote=25;n_rule=0
1303|2026-06-17T07:38:37.9680000|TRAP|bar=5075;side=trapped_buyers;vol=34;centroid=1.164;zone_lo=1.163975;zone_hi=1.164025;n_rows=1;max_ratio=3.77777777777778;close=1.1639;bar_vol=65;fp_vol=65;n_quote=25;n_rule=0
1304|2026-06-17T07:38:37.9680000|ZONE_CREATED|zone_id=5075_B;created_bar=5075;side=trapped_buyers;lo=1.163975;hi=1.164025;vol=34
1305|2026-06-17T07:41:19.9920000|ZONE_TOUCHED|zone_id=5075_B;created_bar=5075;side=trapped_buyers;lo=1.163975;hi=1.164025;vol=34;bar=5077;touches=1
1306|2026-06-17T07:41:19.9920000|ZONE_INVALIDATED|zone_id=5075_B;created_bar=5075;side=trapped_buyers;lo=1.163975;hi=1.164025;vol=34;reason=close_through;bar=5077
1307|2026-06-17T07:47:16.6400000|TRAP|bar=5081;side=trapped_sellers;vol=7;centroid=1.1639;zone_lo=1.163875;zone_hi=1.163925;n_rows=1;max_ratio=3.5;close=1.164;bar_vol=35;fp_vol=35;n_quote=25;n_rule=0
1308|2026-06-17T07:52:51.8960000|TRAP|bar=5086;side=trapped_sellers;vol=55;centroid=1.16405;zone_lo=1.164025;zone_hi=1.164075;n_rows=1;max_ratio=55;close=1.1641;bar_vol=60;fp_vol=60;n_quote=25;n_rule=0
1309|2026-06-17T07:52:51.8960000|ZONE_CREATED|zone_id=5086_S;created_bar=5086;side=trapped_sellers;lo=1.164025;hi=1.164075;vol=55
1310|2026-06-17T07:53:27.2880000|ZONE_TOUCHED|zone_id=5086_S;created_bar=5086;side=trapped_sellers;lo=1.164025;hi=1.164075;vol=55;bar=5087;touches=1
1311|2026-06-17T07:53:27.2880000|ZONE_INVALIDATED|zone_id=5086_S;created_bar=5086;side=trapped_sellers;lo=1.164025;hi=1.164075;vol=55;reason=close_through;bar=5087
1312|2026-06-17T07:54:03.8600000|TRAP|bar=5088;side=trapped_buyers;vol=26;centroid=1.16395;zone_lo=1.163925;zone_hi=1.163975;n_rows=1;max_ratio=4.33333333333333;close=1.16385;bar_vol=41;fp_vol=41;n_quote=25;n_rule=0
1313|2026-06-17T07:54:46.7120000|TRAP|bar=5090;side=trapped_buyers;vol=3;centroid=1.1639;zone_lo=1.163875;zone_hi=1.163925;n_rows=1;max_ratio=3;close=1.16365;bar_vol=35;fp_vol=35;n_quote=25;n_rule=0
1314|2026-06-17T08:13:47.8880000|TRAP|bar=5108;side=trapped_buyers;vol=23;centroid=1.16325;zone_lo=1.163225;zone_hi=1.163275;n_rows=1;max_ratio=4.6;close=1.1632;bar_vol=39;fp_vol=39;n_quote=25;n_rule=0
1315|2026-06-17T08:15:41.8640000|TRAP|bar=5112;side=trapped_sellers;vol=5;centroid=1.1631;zone_lo=1.163075;zone_hi=1.163125;n_rows=1;max_ratio=5;close=1.16315;bar_vol=65;fp_vol=65;n_quote=25;n_rule=0
1316|2026-06-17T08:16:43.9200000|TRAP|bar=5113;side=trapped_sellers;vol=7;centroid=1.1632;zone_lo=1.163175;zone_hi=1.163225;n_rows=1;max_ratio=7;close=1.16335;bar_vol=49;fp_vol=49;n_quote=25;n_rule=0
1317|2026-06-17T08:22:22.7240000|TRAP|bar=5118;side=trapped_buyers;vol=31;centroid=1.1633;zone_lo=1.163275;zone_hi=1.163325;n_rows=1;max_ratio=7.75;close=1.16325;bar_vol=46;fp_vol=46;n_quote=25;n_rule=0
1318|2026-06-17T08:22:22.7240000|ZONE_CREATED|zone_id=5118_B;created_bar=5118;side=trapped_buyers;lo=1.163275;hi=1.163325;vol=31
1319|2026-06-17T08:36:26.2560000|TRAP|bar=5145;side=trapped_sellers;vol=24;centroid=1.1629;zone_lo=1.162875;zone_hi=1.162925;n_rows=1;max_ratio=8;close=1.16295;bar_vol=47;fp_vol=47;n_quote=25;n_rule=0
1320|2026-06-17T08:40:58.5400000|TRAP|bar=5150;side=trapped_sellers;vol=3;centroid=1.1627;zone_lo=1.162675;zone_hi=1.162725;n_rows=1;max_ratio=3;close=1.16285;bar_vol=53;fp_vol=53;n_quote=25;n_rule=0
1321|2026-06-17T08:41:51.3240000|TRAP|bar=5151;side=trapped_buyers;vol=29;centroid=1.1629;zone_lo=1.162875;zone_hi=1.162925;n_rows=1;max_ratio=29;close=1.16275;bar_vol=60;fp_vol=60;n_quote=25;n_rule=0
1322|2026-06-17T08:45:13.6720000|TRAP|bar=5157;side=trapped_sellers;vol=35;centroid=1.1626;zone_lo=1.162575;zone_hi=1.162625;n_rows=1;max_ratio=11.6666666666667;close=1.16265;bar_vol=60;fp_vol=60;n_quote=25;n_rule=0
1323|2026-06-17T08:45:13.6720000|ZONE_CREATED|zone_id=5157_S;created_bar=5157;side=trapped_sellers;lo=1.162575;hi=1.162625;vol=35
1324|2026-06-17T08:45:35.7960000|ZONE_TOUCHED|zone_id=5157_S;created_bar=5157;side=trapped_sellers;lo=1.162575;hi=1.162625;vol=35;bar=5158;touches=1
1325|2026-06-17T08:51:00.4800000|TRAP|bar=5168;side=trapped_sellers;vol=32;centroid=1.1628;zone_lo=1.162775;zone_hi=1.162825;n_rows=1;max_ratio=5.33333333333333;close=1.16285;bar_vol=53;fp_vol=53;n_quote=25;n_rule=0
1326|2026-06-17T08:51:00.4800000|ZONE_CREATED|zone_id=5168_S;created_bar=5168;side=trapped_sellers;lo=1.162775;hi=1.162825;vol=32
1327|2026-06-17T08:52:02.3840000|ZONE_TOUCHED|zone_id=5168_S;created_bar=5168;side=trapped_sellers;lo=1.162775;hi=1.162825;vol=32;bar=5169;touches=1
1328|2026-06-17T08:52:42.1440000|ZONE_TOUCHED|zone_id=5168_S;created_bar=5168;side=trapped_sellers;lo=1.162775;hi=1.162825;vol=32;bar=5170;touches=2
1329|2026-06-17T08:52:42.1440000|ZONE_INVALIDATED|zone_id=5168_S;created_bar=5168;side=trapped_sellers;lo=1.162775;hi=1.162825;vol=32;reason=close_through;bar=5170
1330|2026-06-17T08:55:24.0200000|TRAP|bar=5173;side=trapped_buyers;vol=27;centroid=1.163;zone_lo=1.162975;zone_hi=1.163025;n_rows=1;max_ratio=13.5;close=1.16295;bar_vol=56;fp_vol=56;n_quote=25;n_rule=0
1331|2026-06-17T08:56:37.0080000|TRAP|bar=5178;side=trapped_sellers;vol=46;centroid=1.1629;zone_lo=1.162875;zone_hi=1.162925;n_rows=1;max_ratio=46;close=1.16295;bar_vol=52;fp_vol=52;n_quote=25;n_rule=0
1332|2026-06-17T08:56:37.0080000|ZONE_CREATED|zone_id=5178_S;created_bar=5178;side=trapped_sellers;lo=1.162875;hi=1.162925;vol=46
1333|2026-06-17T08:56:39.0520000|ZONE_TOUCHED|zone_id=5178_S;created_bar=5178;side=trapped_sellers;lo=1.162875;hi=1.162925;vol=46;bar=5179;touches=1
1334|2026-06-17T08:57:07.0600000|ZONE_TOUCHED|zone_id=5178_S;created_bar=5178;side=trapped_sellers;lo=1.162875;hi=1.162925;vol=46;bar=5180;touches=2
1335|2026-06-17T08:57:07.0600000|ZONE_INVALIDATED|zone_id=5178_S;created_bar=5178;side=trapped_sellers;lo=1.162875;hi=1.162925;vol=46;reason=close_through;bar=5180
1336|2026-06-17T08:59:04.9880000|TRAP|bar=5183;side=trapped_sellers;vol=36;centroid=1.16295;zone_lo=1.162925;zone_hi=1.162975;n_rows=1;max_ratio=3.6;close=1.163;bar_vol=64;fp_vol=64;n_quote=25;n_rule=0
1337|2026-06-17T08:59:04.9880000|ZONE_CREATED|zone_id=5183_S;created_bar=5183;side=trapped_sellers;lo=1.162925;hi=1.162975;vol=36
1338|2026-06-17T08:59:25.5840000|ZONE_TOUCHED|zone_id=5183_S;created_bar=5183;side=trapped_sellers;lo=1.162925;hi=1.162975;vol=36;bar=5184;touches=1
1339|2026-06-17T09:01:05.0800000|TRAP|bar=5193;side=trapped_buyers;vol=22;centroid=1.1632;zone_lo=1.163175;zone_hi=1.163225;n_rows=1;max_ratio=22;close=1.16315;bar_vol=53;fp_vol=53;n_quote=25;n_rule=0
1340|2026-06-17T09:02:00.6400000|ZONE_TOUCHED|zone_id=5118_B;created_bar=5118;side=trapped_buyers;lo=1.163275;hi=1.163325;vol=31;bar=5195;touches=1
1341|2026-06-17T09:02:55.4560000|ZONE_TOUCHED|zone_id=5118_B;created_bar=5118;side=trapped_buyers;lo=1.163275;hi=1.163325;vol=31;bar=5196;touches=2
1342|2026-06-17T09:03:59.9200000|ZONE_TOUCHED|zone_id=5118_B;created_bar=5118;side=trapped_buyers;lo=1.163275;hi=1.163325;vol=31;bar=5197;touches=3
1343|2026-06-17T09:03:59.9200000|TRAP|bar=5197;side=trapped_sellers;vol=27;centroid=1.16325;zone_lo=1.163225;zone_hi=1.163275;n_rows=1;max_ratio=3.85714285714286;close=1.1633;bar_vol=41;fp_vol=41;n_quote=25;n_rule=0
1344|2026-06-17T09:04:26.1960000|ZONE_TOUCHED|zone_id=5118_B;created_bar=5118;side=trapped_buyers;lo=1.163275;hi=1.163325;vol=31;bar=5198;touches=4
1345|2026-06-17T09:04:26.1960000|ZONE_INVALIDATED|zone_id=5118_B;created_bar=5118;side=trapped_buyers;lo=1.163275;hi=1.163325;vol=31;reason=close_through;bar=5198
1346|2026-06-17T09:08:13.1840000|TRAP|bar=5202;side=trapped_buyers;vol=12;centroid=1.1633;zone_lo=1.163275;zone_hi=1.163325;n_rows=1;max_ratio=4;close=1.16325;bar_vol=35;fp_vol=35;n_quote=25;n_rule=0
1347|2026-06-17T09:12:08.5120000|TRAP|bar=5218;side=trapped_sellers;vol=49;centroid=1.16305;zone_lo=1.163025;zone_hi=1.163075;n_rows=1;max_ratio=4.45454545454545;close=1.16315;bar_vol=92;fp_vol=92;n_quote=25;n_rule=0
1348|2026-06-17T09:12:08.5120000|ZONE_CREATED|zone_id=5218_S;created_bar=5218;side=trapped_sellers;lo=1.163025;hi=1.163075;vol=49
1349|2026-06-17T09:12:51.2840000|TRAP|bar=5221;side=trapped_sellers;vol=18;centroid=1.1631;zone_lo=1.163075;zone_hi=1.163125;n_rows=1;max_ratio=18;close=1.16315;bar_vol=46;fp_vol=46;n_quote=25;n_rule=0
1350|2026-06-17T09:12:57.3400000|ZONE_TOUCHED|zone_id=5218_S;created_bar=5218;side=trapped_sellers;lo=1.163025;hi=1.163075;vol=49;bar=5222;touches=1
1351|2026-06-17T09:13:36.1720000|ZONE_TOUCHED|zone_id=5218_S;created_bar=5218;side=trapped_sellers;lo=1.163025;hi=1.163075;vol=49;bar=5223;touches=2
1352|2026-06-17T09:13:36.1720000|TRAP|bar=5223;side=trapped_sellers;vol=69;centroid=1.16305;zone_lo=1.163025;zone_hi=1.163075;n_rows=1;max_ratio=3.63157894736842;close=1.16315;bar_vol=155;fp_vol=155;n_quote=25;n_rule=0
1353|2026-06-17T09:13:36.1720000|ZONE_CREATED|zone_id=5223_S;created_bar=5223;side=trapped_sellers;lo=1.163025;hi=1.163075;vol=69
1354|2026-06-17T09:20:03.3560000|TRAP|bar=5239;side=trapped_sellers;vol=23;centroid=1.1634;zone_lo=1.163375;zone_hi=1.163425;n_rows=1;max_ratio=4.6;close=1.16345;bar_vol=43;fp_vol=43;n_quote=25;n_rule=0
1355|2026-06-17T09:25:00.0160000|TRAP|bar=5255;side=trapped_buyers;vol=46;centroid=1.1638;zone_lo=1.163775;zone_hi=1.163825;n_rows=1;max_ratio=46;close=1.1637;bar_vol=65;fp_vol=65;n_quote=25;n_rule=0
1356|2026-06-17T09:25:00.0160000|ZONE_CREATED|zone_id=5255_B;created_bar=5255;side=trapped_buyers;lo=1.163775;hi=1.163825;vol=46
1357|2026-06-17T09:27:17.3600000|ZONE_TOUCHED|zone_id=5255_B;created_bar=5255;side=trapped_buyers;lo=1.163775;hi=1.163825;vol=46;bar=5261;touches=1
1358|2026-06-17T09:29:07.7400000|ZONE_TOUCHED|zone_id=5255_B;created_bar=5255;side=trapped_buyers;lo=1.163775;hi=1.163825;vol=46;bar=5263;touches=2
1359|2026-06-17T09:29:33.8480000|ZONE_TOUCHED|zone_id=5255_B;created_bar=5255;side=trapped_buyers;lo=1.163775;hi=1.163825;vol=46;bar=5264;touches=3
1360|2026-06-17T09:29:59.9720000|ZONE_TOUCHED|zone_id=5255_B;created_bar=5255;side=trapped_buyers;lo=1.163775;hi=1.163825;vol=46;bar=5265;touches=4
1361|2026-06-17T09:30:06.0680000|TRAP|bar=5267;side=trapped_buyers;vol=22;centroid=1.1636;zone_lo=1.163575;zone_hi=1.163625;n_rows=1;max_ratio=7.33333333333333;close=1.16355;bar_vol=59;fp_vol=59;n_quote=25;n_rule=0
1362|2026-06-17T09:30:09.1840000|TRAP|bar=5269;side=trapped_buyers;vol=6;centroid=1.16355;zone_lo=1.163525;zone_hi=1.163575;n_rows=1;max_ratio=6;close=1.16335;bar_vol=41;fp_vol=41;n_quote=25;n_rule=0
1363|2026-06-17T09:32:22.5640000|TRAP|bar=5277;side=trapped_sellers;vol=51;centroid=1.16345;zone_lo=1.163425;zone_hi=1.163475;n_rows=1;max_ratio=5.1;close=1.1635;bar_vol=61;fp_vol=61;n_quote=25;n_rule=0
1364|2026-06-17T09:32:22.5640000|ZONE_CREATED|zone_id=5277_S;created_bar=5277;side=trapped_sellers;lo=1.163425;hi=1.163475;vol=51
1365|2026-06-17T09:32:46.6800000|TRAP|bar=5278;side=trapped_buyers;vol=3;centroid=1.16365;zone_lo=1.163625;zone_hi=1.163675;n_rows=1;max_ratio=3;close=1.1635;bar_vol=40;fp_vol=40;n_quote=25;n_rule=0
1366|2026-06-17T09:35:49.3800000|ZONE_TOUCHED|zone_id=5255_B;created_bar=5255;side=trapped_buyers;lo=1.163775;hi=1.163825;vol=46;bar=5285;touches=5
1367|2026-06-17T09:37:24.7040000|ZONE_TOUCHED|zone_id=5255_B;created_bar=5255;side=trapped_buyers;lo=1.163775;hi=1.163825;vol=46;bar=5289;touches=6
1368|2026-06-17T09:37:44.6720000|ZONE_TOUCHED|zone_id=5255_B;created_bar=5255;side=trapped_buyers;lo=1.163775;hi=1.163825;vol=46;bar=5290;touches=7
1369|2026-06-17T09:38:01.8160000|ZONE_TOUCHED|zone_id=5255_B;created_bar=5255;side=trapped_buyers;lo=1.163775;hi=1.163825;vol=46;bar=5291;touches=8
1370|2026-06-17T09:38:21.6160000|ZONE_TOUCHED|zone_id=5255_B;created_bar=5255;side=trapped_buyers;lo=1.163775;hi=1.163825;vol=46;bar=5292;touches=9
1371|2026-06-17T09:38:21.6160000|TRAP|bar=5292;side=trapped_sellers;vol=8;centroid=1.1637;zone_lo=1.163675;zone_hi=1.163725;n_rows=1;max_ratio=8;close=1.16375;bar_vol=44;fp_vol=44;n_quote=25;n_rule=0
1372|2026-06-17T09:38:54.3000000|ZONE_TOUCHED|zone_id=5255_B;created_bar=5255;side=trapped_buyers;lo=1.163775;hi=1.163825;vol=46;bar=5293;touches=10
1373|2026-06-17T09:38:54.3000000|ZONE_INVALIDATED|zone_id=5255_B;created_bar=5255;side=trapped_buyers;lo=1.163775;hi=1.163825;vol=46;reason=close_through;bar=5293
1374|2026-06-17T09:41:04.3760000|TRAP|bar=5297;side=trapped_buyers;vol=45;centroid=1.16385;zone_lo=1.163825;zone_hi=1.163875;n_rows=1;max_ratio=3.21428571428571;close=1.1638;bar_vol=74;fp_vol=74;n_quote=25;n_rule=0
1375|2026-06-17T09:41:04.3760000|ZONE_CREATED|zone_id=5297_B;created_bar=5297;side=trapped_buyers;lo=1.163825;hi=1.163875;vol=45
1376|2026-06-17T09:42:02.7080000|ZONE_TOUCHED|zone_id=5297_B;created_bar=5297;side=trapped_buyers;lo=1.163825;hi=1.163875;vol=45;bar=5299;touches=1
1377|2026-06-17T09:42:11.5440000|ZONE_TOUCHED|zone_id=5297_B;created_bar=5297;side=trapped_buyers;lo=1.163825;hi=1.163875;vol=45;bar=5300;touches=2
1378|2026-06-17T09:42:11.5440000|ZONE_INVALIDATED|zone_id=5297_B;created_bar=5297;side=trapped_buyers;lo=1.163825;hi=1.163875;vol=45;reason=close_through;bar=5300
1379|2026-06-17T09:42:11.5440000|TRAP|bar=5300;side=trapped_buyers;vol=18;centroid=1.16395;zone_lo=1.163925;zone_hi=1.163975;n_rows=1;max_ratio=9;close=1.1639;bar_vol=47;fp_vol=47;n_quote=25;n_rule=0
1380|2026-06-17T09:51:01.8280000|TRAP|bar=5317;side=trapped_sellers;vol=22;centroid=1.16395;zone_lo=1.163925;zone_hi=1.163975;n_rows=1;max_ratio=7.33333333333333;close=1.164;bar_vol=39;fp_vol=39;n_quote=25;n_rule=0
1381|2026-06-17T09:57:27.5080000|TRAP|bar=5333;side=trapped_buyers;vol=21;centroid=1.1642;zone_lo=1.164175;zone_hi=1.164225;n_rows=1;max_ratio=3.5;close=1.1641;bar_vol=60;fp_vol=60;n_quote=25;n_rule=0
1382|2026-06-17T10:12:36.1280000|TRAP|bar=5357;side=trapped_sellers;vol=31;centroid=1.16405;zone_lo=1.164025;zone_hi=1.164075;n_rows=1;max_ratio=3.44444444444444;close=1.1641;bar_vol=51;fp_vol=51;n_quote=25;n_rule=0
1383|2026-06-17T10:12:36.1280000|ZONE_CREATED|zone_id=5357_S;created_bar=5357;side=trapped_sellers;lo=1.164025;hi=1.164075;vol=31
1384|2026-06-17T10:13:43.3520000|TRAP|bar=5360;side=trapped_buyers;vol=19;centroid=1.16415;zone_lo=1.164125;zone_hi=1.164175;n_rows=1;max_ratio=9.5;close=1.1641;bar_vol=84;fp_vol=84;n_quote=25;n_rule=0
1385|2026-06-17T10:16:01.9560000|ZONE_TOUCHED|zone_id=5357_S;created_bar=5357;side=trapped_sellers;lo=1.164025;hi=1.164075;vol=31;bar=5364;touches=1
1386|2026-06-17T10:16:08.0120000|ZONE_TOUCHED|zone_id=5357_S;created_bar=5357;side=trapped_sellers;lo=1.164025;hi=1.164075;vol=31;bar=5365;touches=2
1387|2026-06-17T10:16:08.0120000|ZONE_INVALIDATED|zone_id=5357_S;created_bar=5357;side=trapped_sellers;lo=1.164025;hi=1.164075;vol=31;reason=close_through;bar=5365
1388|2026-06-17T10:29:57.4560000|TRAP|bar=5389;side=trapped_buyers;vol=4;centroid=1.164;zone_lo=1.163975;zone_hi=1.164025;n_rows=1;max_ratio=4;close=1.1639;bar_vol=75;fp_vol=75;n_quote=25;n_rule=0
1389|2026-06-17T10:35:15.6040000|TRAP|bar=5405;side=trapped_sellers;vol=7;centroid=1.16365;zone_lo=1.163625;zone_hi=1.163675;n_rows=1;max_ratio=3.5;close=1.16375;bar_vol=58;fp_vol=58;n_quote=25;n_rule=0
1390|2026-06-17T10:35:28.1640000|TRAP|bar=5406;side=trapped_sellers;vol=6;centroid=1.1636;zone_lo=1.163575;zone_hi=1.163625;n_rows=1;max_ratio=6;close=1.16365;bar_vol=36;fp_vol=36;n_quote=25;n_rule=0
1391|2026-06-17T10:38:12.1800000|TRAP|bar=5417;side=trapped_buyers;vol=20;centroid=1.16402;zone_lo=1.163975;zone_hi=1.164075;n_rows=2;max_ratio=12;close=1.16385;bar_vol=57;fp_vol=57;n_quote=25;n_rule=0
1392|2026-06-17T10:38:40.3680000|TRAP|bar=5419;side=trapped_sellers;vol=17;centroid=1.16375;zone_lo=1.163725;zone_hi=1.163775;n_rows=1;max_ratio=4.25;close=1.1639;bar_vol=54;fp_vol=54;n_quote=25;n_rule=0
1393|2026-06-17T10:40:03.3880000|TRAP|bar=5424;side=trapped_sellers;vol=11;centroid=1.16375;zone_lo=1.163725;zone_hi=1.163775;n_rows=1;max_ratio=11;close=1.1638;bar_vol=107;fp_vol=107;n_quote=25;n_rule=0
1394|2026-06-17T10:41:49.8880000|TRAP|bar=5429;side=trapped_sellers;vol=26;centroid=1.1638;zone_lo=1.163775;zone_hi=1.163825;n_rows=1;max_ratio=6.5;close=1.16385;bar_vol=53;fp_vol=53;n_quote=25;n_rule=0
1395|2026-06-17T10:42:06.5440000|TRAP|bar=5430;side=trapped_buyers;vol=46;centroid=1.16385;zone_lo=1.163825;zone_hi=1.163875;n_rows=1;max_ratio=4.18181818181818;close=1.1638;bar_vol=83;fp_vol=83;n_quote=25;n_rule=0
1396|2026-06-17T10:42:06.5440000|ZONE_CREATED|zone_id=5430_B;created_bar=5430;side=trapped_buyers;lo=1.163825;hi=1.163875;vol=46
1397|2026-06-17T10:46:13.6480000|ZONE_TOUCHED|zone_id=5430_B;created_bar=5430;side=trapped_buyers;lo=1.163825;hi=1.163875;vol=46;bar=5442;touches=1
1398|2026-06-17T10:47:21.2400000|ZONE_TOUCHED|zone_id=5430_B;created_bar=5430;side=trapped_buyers;lo=1.163825;hi=1.163875;vol=46;bar=5444;touches=2
1399|2026-06-17T10:47:21.2400000|ZONE_INVALIDATED|zone_id=5430_B;created_bar=5430;side=trapped_buyers;lo=1.163825;hi=1.163875;vol=46;reason=close_through;bar=5444
1400|2026-06-17T10:50:21.7560000|TRAP|bar=5452;side=trapped_sellers;vol=18;centroid=1.16385;zone_lo=1.163825;zone_hi=1.163875;n_rows=1;max_ratio=9;close=1.1639;bar_vol=46;fp_vol=46;n_quote=25;n_rule=0
1401|2026-06-17T10:55:05.6000000|TRAP|bar=5473;side=trapped_buyers;vol=17;centroid=1.1637;zone_lo=1.163675;zone_hi=1.163725;n_rows=1;max_ratio=4.25;close=1.16365;bar_vol=45;fp_vol=45;n_quote=25;n_rule=0
1402|2026-06-17T10:57:43.7240000|TRAP|bar=5485;side=trapped_sellers;vol=23;centroid=1.16365;zone_lo=1.163625;zone_hi=1.163675;n_rows=1;max_ratio=3.83333333333333;close=1.16375;bar_vol=69;fp_vol=69;n_quote=25;n_rule=0
1403|2026-06-17T10:59:14.4440000|TRAP|bar=5490;side=trapped_sellers;vol=10;centroid=1.1638;zone_lo=1.163775;zone_hi=1.163825;n_rows=1;max_ratio=5;close=1.1639;bar_vol=73;fp_vol=73;n_quote=25;n_rule=0
1404|2026-06-17T10:59:59.6080000|TRAP|bar=5493;side=trapped_buyers;vol=18;centroid=1.1639;zone_lo=1.163875;zone_hi=1.163925;n_rows=1;max_ratio=3;close=1.1638;bar_vol=43;fp_vol=43;n_quote=25;n_rule=0
1405|2026-06-17T11:01:53.3480000|TRAP|bar=5507;side=trapped_sellers;vol=32;centroid=1.1637;zone_lo=1.163675;zone_hi=1.163725;n_rows=1;max_ratio=8;close=1.16375;bar_vol=49;fp_vol=49;n_quote=25;n_rule=0
1406|2026-06-17T11:01:53.3480000|ZONE_CREATED|zone_id=5507_S;created_bar=5507;side=trapped_sellers;lo=1.163675;hi=1.163725;vol=32
1407|2026-06-17T11:02:07.8760000|ZONE_TOUCHED|zone_id=5507_S;created_bar=5507;side=trapped_sellers;lo=1.163675;hi=1.163725;vol=32;bar=5508;touches=1
1408|2026-06-17T11:02:21.2440000|ZONE_TOUCHED|zone_id=5507_S;created_bar=5507;side=trapped_sellers;lo=1.163675;hi=1.163725;vol=32;bar=5509;touches=2
1409|2026-06-17T11:02:21.2440000|ZONE_INVALIDATED|zone_id=5507_S;created_bar=5507;side=trapped_sellers;lo=1.163675;hi=1.163725;vol=32;reason=close_through;bar=5509
1410|2026-06-17T11:03:01.2240000|ZONE_TOUCHED|zone_id=5277_S;created_bar=5277;side=trapped_sellers;lo=1.163425;hi=1.163475;vol=51;bar=5512;touches=1
1411|2026-06-17T11:03:09.6320000|ZONE_TOUCHED|zone_id=5277_S;created_bar=5277;side=trapped_sellers;lo=1.163425;hi=1.163475;vol=51;bar=5513;touches=2
1412|2026-06-17T11:03:09.6320000|TRAP|bar=5513;side=trapped_sellers;vol=41;centroid=1.16345;zone_lo=1.163425;zone_hi=1.163475;n_rows=1;max_ratio=4.55555555555556;close=1.1635;bar_vol=66;fp_vol=66;n_quote=25;n_rule=0
1413|2026-06-17T11:03:09.6320000|ZONE_CREATED|zone_id=5513_S;created_bar=5513;side=trapped_sellers;lo=1.163425;hi=1.163475;vol=41
1414|2026-06-17T11:03:19.3360000|ZONE_TOUCHED|zone_id=5513_S;created_bar=5513;side=trapped_sellers;lo=1.163425;hi=1.163475;vol=41;bar=5514;touches=1
1415|2026-06-17T11:03:19.3360000|ZONE_TOUCHED|zone_id=5277_S;created_bar=5277;side=trapped_sellers;lo=1.163425;hi=1.163475;vol=51;bar=5514;touches=3
1416|2026-06-17T11:03:36.3640000|ZONE_TOUCHED|zone_id=5513_S;created_bar=5513;side=trapped_sellers;lo=1.163425;hi=1.163475;vol=41;bar=5515;touches=2
1417|2026-06-17T11:03:36.3640000|ZONE_TOUCHED|zone_id=5277_S;created_bar=5277;side=trapped_sellers;lo=1.163425;hi=1.163475;vol=51;bar=5515;touches=4
1418|2026-06-17T11:04:13.6000000|ZONE_TOUCHED|zone_id=5513_S;created_bar=5513;side=trapped_sellers;lo=1.163425;hi=1.163475;vol=41;bar=5517;touches=3
1419|2026-06-17T11:04:13.6000000|ZONE_TOUCHED|zone_id=5277_S;created_bar=5277;side=trapped_sellers;lo=1.163425;hi=1.163475;vol=51;bar=5517;touches=5
1420|2026-06-17T11:04:32.1880000|ZONE_TOUCHED|zone_id=5513_S;created_bar=5513;side=trapped_sellers;lo=1.163425;hi=1.163475;vol=41;bar=5518;touches=4
1421|2026-06-17T11:04:32.1880000|ZONE_TOUCHED|zone_id=5277_S;created_bar=5277;side=trapped_sellers;lo=1.163425;hi=1.163475;vol=51;bar=5518;touches=6
1422|2026-06-17T11:04:44.2880000|ZONE_TOUCHED|zone_id=5513_S;created_bar=5513;side=trapped_sellers;lo=1.163425;hi=1.163475;vol=41;bar=5519;touches=5
1423|2026-06-17T11:04:44.2880000|ZONE_TOUCHED|zone_id=5277_S;created_bar=5277;side=trapped_sellers;lo=1.163425;hi=1.163475;vol=51;bar=5519;touches=7
1424|2026-06-17T11:04:56.5800000|ZONE_INVALIDATED|zone_id=5513_S;created_bar=5513;side=trapped_sellers;lo=1.163425;hi=1.163475;vol=41;reason=close_through_gap;bar=5520
1425|2026-06-17T11:04:56.5800000|ZONE_INVALIDATED|zone_id=5277_S;created_bar=5277;side=trapped_sellers;lo=1.163425;hi=1.163475;vol=51;reason=close_through_gap;bar=5520
1426|2026-06-17T11:08:35.8000000|TRAP|bar=5534;side=trapped_sellers;vol=26;centroid=1.1635;zone_lo=1.163475;zone_hi=1.163525;n_rows=1;max_ratio=3.71428571428571;close=1.16355;bar_vol=38;fp_vol=38;n_quote=25;n_rule=0
1427|2026-06-17T11:11:43.1120000|TRAP|bar=5542;side=trapped_sellers;vol=26;centroid=1.16335;zone_lo=1.163325;zone_hi=1.163375;n_rows=1;max_ratio=8.66666666666667;close=1.1634;bar_vol=46;fp_vol=46;n_quote=25;n_rule=0
1428|2026-06-17T11:12:34.0240000|TRAP|bar=5545;side=trapped_buyers;vol=56;centroid=1.1634;zone_lo=1.163375;zone_hi=1.163425;n_rows=1;max_ratio=5.09090909090909;close=1.16335;bar_vol=76;fp_vol=76;n_quote=25;n_rule=0
1429|2026-06-17T11:12:34.0240000|ZONE_CREATED|zone_id=5545_B;created_bar=5545;side=trapped_buyers;lo=1.163375;hi=1.163425;vol=56
1430|2026-06-17T11:15:56.1680000|TRAP|bar=5558;side=trapped_buyers;vol=32;centroid=1.1633;zone_lo=1.163275;zone_hi=1.163325;n_rows=1;max_ratio=32;close=1.16325;bar_vol=57;fp_vol=57;n_quote=25;n_rule=0
1431|2026-06-17T11:15:56.1680000|ZONE_CREATED|zone_id=5558_B;created_bar=5558;side=trapped_buyers;lo=1.163275;hi=1.163325;vol=32
1432|2026-06-17T11:16:03.1960000|ZONE_TOUCHED|zone_id=5558_B;created_bar=5558;side=trapped_buyers;lo=1.163275;hi=1.163325;vol=32;bar=5559;touches=1
1433|2026-06-17T11:16:03.1960000|ZONE_INVALIDATED|zone_id=5558_B;created_bar=5558;side=trapped_buyers;lo=1.163275;hi=1.163325;vol=32;reason=close_through;bar=5559
1434|2026-06-17T11:16:03.4480000|ZONE_TOUCHED|zone_id=5545_B;created_bar=5545;side=trapped_buyers;lo=1.163375;hi=1.163425;vol=56;bar=5561;touches=1
1435|2026-06-17T11:16:03.4480000|TRAP|bar=5561;side=trapped_sellers;vol=86;centroid=1.16335;zone_lo=1.163325;zone_hi=1.163375;n_rows=1;max_ratio=7.16666666666667;close=1.1634;bar_vol=98;fp_vol=98;n_quote=25;n_rule=0
1436|2026-06-17T11:16:03.4480000|ZONE_CREATED|zone_id=5561_S;created_bar=5561;side=trapped_sellers;lo=1.163325;hi=1.163375;vol=86
1437|2026-06-17T11:16:04.9760000|ZONE_TOUCHED|zone_id=5561_S;created_bar=5561;side=trapped_sellers;lo=1.163325;hi=1.163375;vol=86;bar=5562;touches=1
1438|2026-06-17T11:16:04.9760000|ZONE_TOUCHED|zone_id=5545_B;created_bar=5545;side=trapped_buyers;lo=1.163375;hi=1.163425;vol=56;bar=5562;touches=2
1439|2026-06-17T11:16:24.5720000|ZONE_TOUCHED|zone_id=5561_S;created_bar=5561;side=trapped_sellers;lo=1.163325;hi=1.163375;vol=86;bar=5563;touches=2
1440|2026-06-17T11:16:24.5720000|ZONE_TOUCHED|zone_id=5545_B;created_bar=5545;side=trapped_buyers;lo=1.163375;hi=1.163425;vol=56;bar=5563;touches=3
1441|2026-06-17T11:16:24.5720000|ZONE_INVALIDATED|zone_id=5545_B;created_bar=5545;side=trapped_buyers;lo=1.163375;hi=1.163425;vol=56;reason=close_through;bar=5563
1442|2026-06-17T11:16:24.5720000|TRAP|bar=5563;side=trapped_sellers;vol=54;centroid=1.16335;zone_lo=1.163325;zone_hi=1.163375;n_rows=1;max_ratio=6.75;close=1.16345;bar_vol=74;fp_vol=74;n_quote=25;n_rule=0
1443|2026-06-17T11:16:24.5720000|ZONE_CREATED|zone_id=5563_S;created_bar=5563;side=trapped_sellers;lo=1.163325;hi=1.163375;vol=54
1444|2026-06-17T11:17:27.6360000|ZONE_TOUCHED|zone_id=5563_S;created_bar=5563;side=trapped_sellers;lo=1.163325;hi=1.163375;vol=54;bar=5567;touches=1
1445|2026-06-17T11:17:27.6360000|ZONE_INVALIDATED|zone_id=5563_S;created_bar=5563;side=trapped_sellers;lo=1.163325;hi=1.163375;vol=54;reason=close_through;bar=5567
1446|2026-06-17T11:17:27.6360000|ZONE_TOUCHED|zone_id=5561_S;created_bar=5561;side=trapped_sellers;lo=1.163325;hi=1.163375;vol=86;bar=5567;touches=3
1447|2026-06-17T11:17:27.6360000|ZONE_INVALIDATED|zone_id=5561_S;created_bar=5561;side=trapped_sellers;lo=1.163325;hi=1.163375;vol=86;reason=close_through;bar=5567
1448|2026-06-17T11:18:42.9360000|TRAP|bar=5572;side=trapped_buyers;vol=20;centroid=1.16325;zone_lo=1.163225;zone_hi=1.163275;n_rows=1;max_ratio=4;close=1.1632;bar_vol=55;fp_vol=55;n_quote=25;n_rule=0
1449|2026-06-17T11:20:47.9840000|TRAP|bar=5578;side=trapped_buyers;vol=32;centroid=1.16335;zone_lo=1.163325;zone_hi=1.163375;n_rows=1;max_ratio=3.55555555555556;close=1.1633;bar_vol=51;fp_vol=51;n_quote=25;n_rule=0
1450|2026-06-17T11:20:47.9840000|ZONE_CREATED|zone_id=5578_B;created_bar=5578;side=trapped_buyers;lo=1.163325;hi=1.163375;vol=32
1451|2026-06-17T11:21:27.7040000|ZONE_TOUCHED|zone_id=5578_B;created_bar=5578;side=trapped_buyers;lo=1.163325;hi=1.163375;vol=32;bar=5579;touches=1
1452|2026-06-17T11:22:30.2720000|ZONE_TOUCHED|zone_id=5223_S;created_bar=5223;side=trapped_sellers;lo=1.163025;hi=1.163075;vol=69;bar=5583;touches=1
1453|2026-06-17T11:22:30.2720000|ZONE_TOUCHED|zone_id=5218_S;created_bar=5218;side=trapped_sellers;lo=1.163025;hi=1.163075;vol=49;bar=5583;touches=3
1454|2026-06-17T11:22:53.5840000|ZONE_TOUCHED|zone_id=5223_S;created_bar=5223;side=trapped_sellers;lo=1.163025;hi=1.163075;vol=69;bar=5584;touches=2
1455|2026-06-17T11:22:53.5840000|ZONE_TOUCHED|zone_id=5218_S;created_bar=5218;side=trapped_sellers;lo=1.163025;hi=1.163075;vol=49;bar=5584;touches=4
1456|2026-06-17T11:22:53.5840000|TRAP|bar=5584;side=trapped_sellers;vol=20;centroid=1.16305;zone_lo=1.163025;zone_hi=1.163075;n_rows=1;max_ratio=3.33333333333333;close=1.1631;bar_vol=30;fp_vol=30;n_quote=25;n_rule=0
1457|2026-06-17T11:24:21.5640000|ZONE_TOUCHED|zone_id=5223_S;created_bar=5223;side=trapped_sellers;lo=1.163025;hi=1.163075;vol=69;bar=5586;touches=3
1458|2026-06-17T11:24:21.5640000|ZONE_TOUCHED|zone_id=5218_S;created_bar=5218;side=trapped_sellers;lo=1.163025;hi=1.163075;vol=49;bar=5586;touches=5
1459|2026-06-17T11:25:16.3560000|ZONE_TOUCHED|zone_id=5578_B;created_bar=5578;side=trapped_buyers;lo=1.163325;hi=1.163375;vol=32;bar=5588;touches=2
1460|2026-06-17T11:26:42.5240000|ZONE_TOUCHED|zone_id=5578_B;created_bar=5578;side=trapped_buyers;lo=1.163325;hi=1.163375;vol=32;bar=5593;touches=3
1461|2026-06-17T11:29:50.0600000|ZONE_TOUCHED|zone_id=5578_B;created_bar=5578;side=trapped_buyers;lo=1.163325;hi=1.163375;vol=32;bar=5600;touches=4
1462|2026-06-17T11:30:18.5320000|ZONE_TOUCHED|zone_id=5578_B;created_bar=5578;side=trapped_buyers;lo=1.163325;hi=1.163375;vol=32;bar=5603;touches=5
1463|2026-06-17T11:30:22.6760000|ZONE_TOUCHED|zone_id=5578_B;created_bar=5578;side=trapped_buyers;lo=1.163325;hi=1.163375;vol=32;bar=5604;touches=6
1464|2026-06-17T11:30:22.6760000|ZONE_INVALIDATED|zone_id=5578_B;created_bar=5578;side=trapped_buyers;lo=1.163325;hi=1.163375;vol=32;reason=close_through;bar=5604
1465|2026-06-17T11:30:25.5080000|TRAP|bar=5606;side=trapped_buyers;vol=3;centroid=1.1636;zone_lo=1.163575;zone_hi=1.163625;n_rows=1;max_ratio=3;close=1.1635;bar_vol=48;fp_vol=48;n_quote=25;n_rule=0
1466|2026-06-17T11:33:11.0120000|TRAP|bar=5615;side=trapped_buyers;vol=18;centroid=1.16355;zone_lo=1.163525;zone_hi=1.163575;n_rows=1;max_ratio=3;close=1.1635;bar_vol=48;fp_vol=48;n_quote=25;n_rule=0
1467|2026-06-17T11:42:33.8920000|TRAP|bar=5635;side=trapped_sellers;vol=12;centroid=1.16315;zone_lo=1.163125;zone_hi=1.163175;n_rows=1;max_ratio=4;close=1.16325;bar_vol=54;fp_vol=54;n_quote=25;n_rule=0
1468|2026-06-17T11:45:39.2040000|TRAP|bar=5649;side=trapped_buyers;vol=5;centroid=1.16335;zone_lo=1.163325;zone_hi=1.163375;n_rows=1;max_ratio=5;close=1.16325;bar_vol=36;fp_vol=36;n_quote=25;n_rule=0
1469|2026-06-17T11:47:14.2560000|ZONE_TOUCHED|zone_id=5223_S;created_bar=5223;side=trapped_sellers;lo=1.163025;hi=1.163075;vol=69;bar=5661;touches=4
1470|2026-06-17T11:47:14.2560000|ZONE_TOUCHED|zone_id=5218_S;created_bar=5218;side=trapped_sellers;lo=1.163025;hi=1.163075;vol=49;bar=5661;touches=6
1471|2026-06-17T11:47:14.2720000|ZONE_TOUCHED|zone_id=5223_S;created_bar=5223;side=trapped_sellers;lo=1.163025;hi=1.163075;vol=69;bar=5662;touches=5
1472|2026-06-17T11:47:14.2720000|ZONE_INVALIDATED|zone_id=5223_S;created_bar=5223;side=trapped_sellers;lo=1.163025;hi=1.163075;vol=69;reason=close_through;bar=5662
1473|2026-06-17T11:47:14.2720000|ZONE_TOUCHED|zone_id=5218_S;created_bar=5218;side=trapped_sellers;lo=1.163025;hi=1.163075;vol=49;bar=5662;touches=7
1474|2026-06-17T11:47:14.2720000|ZONE_INVALIDATED|zone_id=5218_S;created_bar=5218;side=trapped_sellers;lo=1.163025;hi=1.163075;vol=49;reason=close_through;bar=5662
1475|2026-06-17T11:47:14.3240000|ZONE_TOUCHED|zone_id=5183_S;created_bar=5183;side=trapped_sellers;lo=1.162925;hi=1.162975;vol=36;bar=5663;touches=2
1476|2026-06-17T11:47:14.5920000|ZONE_TOUCHED|zone_id=5183_S;created_bar=5183;side=trapped_sellers;lo=1.162925;hi=1.162975;vol=36;bar=5664;touches=3
1477|2026-06-17T11:47:14.8000000|ZONE_TOUCHED|zone_id=5183_S;created_bar=5183;side=trapped_sellers;lo=1.162925;hi=1.162975;vol=36;bar=5665;touches=4
1478|2026-06-17T11:47:14.8000000|ZONE_INVALIDATED|zone_id=5183_S;created_bar=5183;side=trapped_sellers;lo=1.162925;hi=1.162975;vol=36;reason=close_through;bar=5665
1479|2026-06-17T11:47:16.0800000|TRAP|bar=5671;side=trapped_sellers;vol=43;centroid=1.16265;zone_lo=1.162625;zone_hi=1.162675;n_rows=1;max_ratio=3.58333333333333;close=1.1627;bar_vol=60;fp_vol=60;n_quote=25;n_rule=0
1480|2026-06-17T11:47:16.0800000|ZONE_CREATED|zone_id=5671_S;created_bar=5671;side=trapped_sellers;lo=1.162625;hi=1.162675;vol=43
1481|2026-06-17T11:47:16.3360000|ZONE_TOUCHED|zone_id=5671_S;created_bar=5671;side=trapped_sellers;lo=1.162625;hi=1.162675;vol=43;bar=5672;touches=1
1482|2026-06-17T11:47:17.6320000|ZONE_TOUCHED|zone_id=5671_S;created_bar=5671;side=trapped_sellers;lo=1.162625;hi=1.162675;vol=43;bar=5673;touches=2
1483|2026-06-17T11:47:17.6320000|ZONE_TOUCHED|zone_id=5157_S;created_bar=5157;side=trapped_sellers;lo=1.162575;hi=1.162625;vol=35;bar=5673;touches=2
1484|2026-06-17T11:47:18.0480000|ZONE_TOUCHED|zone_id=5671_S;created_bar=5671;side=trapped_sellers;lo=1.162625;hi=1.162675;vol=43;bar=5674;touches=3
1485|2026-06-17T11:47:18.0520000|ZONE_TOUCHED|zone_id=5671_S;created_bar=5671;side=trapped_sellers;lo=1.162625;hi=1.162675;vol=43;bar=5675;touches=4
1486|2026-06-17T11:47:18.0520000|TRAP|bar=5675;side=trapped_buyers;vol=63;centroid=1.1627;zone_lo=1.162675;zone_hi=1.162725;n_rows=1;max_ratio=3;close=1.16265;bar_vol=134;fp_vol=134;n_quote=25;n_rule=0
1487|2026-06-17T11:47:18.0520000|ZONE_CREATED|zone_id=5675_B;created_bar=5675;side=trapped_buyers;lo=1.162675;hi=1.162725;vol=63
1488|2026-06-17T11:47:18.0520000|ZONE_TOUCHED|zone_id=5671_S;created_bar=5671;side=trapped_sellers;lo=1.162625;hi=1.162675;vol=43;bar=5676;touches=5
1489|2026-06-17T11:47:18.0520000|ZONE_INVALIDATED|zone_id=5671_S;created_bar=5671;side=trapped_sellers;lo=1.162625;hi=1.162675;vol=43;reason=close_through;bar=5676
1490|2026-06-17T11:47:18.0520000|ZONE_TOUCHED|zone_id=5157_S;created_bar=5157;side=trapped_sellers;lo=1.162575;hi=1.162625;vol=35;bar=5676;touches=3
1491|2026-06-17T11:47:18.1240000|ZONE_TOUCHED|zone_id=5157_S;created_bar=5157;side=trapped_sellers;lo=1.162575;hi=1.162625;vol=35;bar=5677;touches=4
1492|2026-06-17T11:47:18.1240000|ZONE_INVALIDATED|zone_id=5157_S;created_bar=5157;side=trapped_sellers;lo=1.162575;hi=1.162625;vol=35;reason=close_through;bar=5677
1493|2026-06-17T11:47:18.3520000|ZONE_TOUCHED|zone_id=5675_B;created_bar=5675;side=trapped_buyers;lo=1.162675;hi=1.162725;vol=63;bar=5678;touches=1
1494|2026-06-17T11:47:21.2440000|TRAP|bar=5685;side=trapped_buyers;vol=39;centroid=1.1625;zone_lo=1.162475;zone_hi=1.162525;n_rows=1;max_ratio=7.8;close=1.1624;bar_vol=55;fp_vol=55;n_quote=25;n_rule=0
1495|2026-06-17T11:47:21.2440000|ZONE_CREATED|zone_id=5685_B;created_bar=5685;side=trapped_buyers;lo=1.162475;hi=1.162525;vol=39
1496|2026-06-17T11:47:24.0720000|ZONE_TOUCHED|zone_id=5685_B;created_bar=5685;side=trapped_buyers;lo=1.162475;hi=1.162525;vol=39;bar=5687;touches=1
1497|2026-06-17T11:47:24.0720000|TRAP|bar=5687;side=trapped_sellers;vol=18;centroid=1.16245;zone_lo=1.162425;zone_hi=1.162475;n_rows=1;max_ratio=9;close=1.1625;bar_vol=61;fp_vol=61;n_quote=25;n_rule=0
1498|2026-06-17T11:47:24.8720000|ZONE_TOUCHED|zone_id=5685_B;created_bar=5685;side=trapped_buyers;lo=1.162475;hi=1.162525;vol=39;bar=5688;touches=2
1499|2026-06-17T11:47:25.9240000|ZONE_TOUCHED|zone_id=5685_B;created_bar=5685;side=trapped_buyers;lo=1.162475;hi=1.162525;vol=39;bar=5689;touches=3
1500|2026-06-17T11:47:25.9240000|TRAP|bar=5689;side=trapped_sellers;vol=64;centroid=1.16245;zone_lo=1.162425;zone_hi=1.162475;n_rows=1;max_ratio=64;close=1.1625;bar_vol=78;fp_vol=78;n_quote=25;n_rule=0
1501|2026-06-17T11:47:25.9240000|ZONE_CREATED|zone_id=5689_S;created_bar=5689;side=trapped_sellers;lo=1.162425;hi=1.162475;vol=64
1502|2026-06-17T11:47:26.7400000|ZONE_TOUCHED|zone_id=5689_S;created_bar=5689;side=trapped_sellers;lo=1.162425;hi=1.162475;vol=64;bar=5690;touches=1
1503|2026-06-17T11:47:26.7400000|ZONE_INVALIDATED|zone_id=5689_S;created_bar=5689;side=trapped_sellers;lo=1.162425;hi=1.162475;vol=64;reason=close_through;bar=5690
1504|2026-06-17T11:47:26.7400000|ZONE_TOUCHED|zone_id=5685_B;created_bar=5685;side=trapped_buyers;lo=1.162475;hi=1.162525;vol=39;bar=5690;touches=4
1505|2026-06-17T11:47:26.7400000|TRAP|bar=5690;side=trapped_buyers;vol=30;centroid=1.1625;zone_lo=1.162475;zone_hi=1.162525;n_rows=1;max_ratio=30;close=1.16235;bar_vol=86;fp_vol=86;n_quote=25;n_rule=0
1506|2026-06-17T11:47:26.7400000|ZONE_CREATED|zone_id=5690_B;created_bar=5690;side=trapped_buyers;lo=1.162475;hi=1.162525;vol=30
1507|2026-06-17T11:47:28.3400000|TRAP|bar=5692;side=trapped_sellers;vol=39;centroid=1.16225;zone_lo=1.162225;zone_hi=1.162275;n_rows=1;max_ratio=9.75;close=1.1623;bar_vol=79;fp_vol=79;n_quote=25;n_rule=0
1508|2026-06-17T11:47:28.3400000|ZONE_CREATED|zone_id=5692_S;created_bar=5692;side=trapped_sellers;lo=1.162225;hi=1.162275;vol=39
1509|2026-06-17T11:47:29.0040000|ZONE_TOUCHED|zone_id=5692_S;created_bar=5692;side=trapped_sellers;lo=1.162225;hi=1.162275;vol=39;bar=5693;touches=1
1510|2026-06-17T11:47:30.6760000|ZONE_TOUCHED|zone_id=5692_S;created_bar=5692;side=trapped_sellers;lo=1.162225;hi=1.162275;vol=39;bar=5694;touches=2
1511|2026-06-17T11:47:30.6760000|ZONE_INVALIDATED|zone_id=5692_S;created_bar=5692;side=trapped_sellers;lo=1.162225;hi=1.162275;vol=39;reason=close_through;bar=5694
1512|2026-06-17T11:47:48.3360000|TRAP|bar=5708;side=trapped_buyers;vol=4;centroid=1.16245;zone_lo=1.162425;zone_hi=1.162475;n_rows=1;max_ratio=4;close=1.16235;bar_vol=40;fp_vol=40;n_quote=25;n_rule=0
1513|2026-06-17T11:47:58.6920000|ZONE_TOUCHED|zone_id=5690_B;created_bar=5690;side=trapped_buyers;lo=1.162475;hi=1.162525;vol=30;bar=5712;touches=1
1514|2026-06-17T11:47:58.6920000|ZONE_TOUCHED|zone_id=5685_B;created_bar=5685;side=trapped_buyers;lo=1.162475;hi=1.162525;vol=39;bar=5712;touches=5
1515|2026-06-17T11:48:10.0480000|ZONE_TOUCHED|zone_id=5690_B;created_bar=5690;side=trapped_buyers;lo=1.162475;hi=1.162525;vol=30;bar=5714;touches=2
1516|2026-06-17T11:48:10.0480000|ZONE_INVALIDATED|zone_id=5690_B;created_bar=5690;side=trapped_buyers;lo=1.162475;hi=1.162525;vol=30;reason=close_through;bar=5714
1517|2026-06-17T11:48:10.0480000|ZONE_TOUCHED|zone_id=5685_B;created_bar=5685;side=trapped_buyers;lo=1.162475;hi=1.162525;vol=39;bar=5714;touches=6
1518|2026-06-17T11:48:10.0480000|ZONE_INVALIDATED|zone_id=5685_B;created_bar=5685;side=trapped_buyers;lo=1.162475;hi=1.162525;vol=39;reason=close_through;bar=5714
1519|2026-06-17T11:48:11.6240000|ZONE_TOUCHED|zone_id=5675_B;created_bar=5675;side=trapped_buyers;lo=1.162675;hi=1.162725;vol=63;bar=5715;touches=2
1520|2026-06-17T11:48:11.6240000|ZONE_INVALIDATED|zone_id=5675_B;created_bar=5675;side=trapped_buyers;lo=1.162675;hi=1.162725;vol=63;reason=close_through;bar=5715
1521|2026-06-17T11:48:11.6240000|TRAP|bar=5715;side=trapped_sellers;vol=29;centroid=1.1627;zone_lo=1.162675;zone_hi=1.162725;n_rows=1;max_ratio=3.625;close=1.1628;bar_vol=56;fp_vol=56;n_quote=25;n_rule=0
1522|2026-06-17T11:49:12.2200000|TRAP|bar=5725;side=trapped_buyers;vol=26;centroid=1.16305;zone_lo=1.163025;zone_hi=1.163075;n_rows=1;max_ratio=3.71428571428571;close=1.163;bar_vol=49;fp_vol=49;n_quote=25;n_rule=0
1523|2026-06-17T11:50:55.2160000|TRAP|bar=5732;side=trapped_sellers;vol=18;centroid=1.1629;zone_lo=1.162875;zone_hi=1.162925;n_rows=1;max_ratio=3.6;close=1.16295;bar_vol=42;fp_vol=42;n_quote=25;n_rule=0
1524|2026-06-17T11:52:07.6040000|TRAP|bar=5737;side=trapped_sellers;vol=5;centroid=1.1629;zone_lo=1.162875;zone_hi=1.162925;n_rows=1;max_ratio=5;close=1.16295;bar_vol=37;fp_vol=37;n_quote=25;n_rule=0
1525|2026-06-17T11:54:56.0160000|TRAP|bar=5751;side=trapped_buyers;vol=24;centroid=1.1631;zone_lo=1.163075;zone_hi=1.163125;n_rows=1;max_ratio=12;close=1.163;bar_vol=67;fp_vol=67;n_quote=25;n_rule=0
1526|2026-06-17T11:55:10.9680000|TRAP|bar=5752;side=trapped_buyers;vol=7;centroid=1.163;zone_lo=1.162975;zone_hi=1.163025;n_rows=1;max_ratio=3.5;close=1.1629;bar_vol=44;fp_vol=44;n_quote=25;n_rule=0
1527|2026-06-17T11:57:50.7040000|TRAP|bar=5767;side=trapped_buyers;vol=28;centroid=1.1632;zone_lo=1.163175;zone_hi=1.163225;n_rows=1;max_ratio=14;close=1.16315;bar_vol=50;fp_vol=50;n_quote=25;n_rule=0
1528|2026-06-17T11:58:11.1120000|TRAP|bar=5769;side=trapped_sellers;vol=31;centroid=1.163;zone_lo=1.162975;zone_hi=1.163025;n_rows=1;max_ratio=31;close=1.16305;bar_vol=71;fp_vol=71;n_quote=25;n_rule=0
1529|2026-06-17T11:58:11.1120000|ZONE_CREATED|zone_id=5769_S;created_bar=5769;side=trapped_sellers;lo=1.162975;hi=1.163025;vol=31
1530|2026-06-17T11:58:19.6600000|ZONE_TOUCHED|zone_id=5769_S;created_bar=5769;side=trapped_sellers;lo=1.162975;hi=1.163025;vol=31;bar=5770;touches=1
1531|2026-06-17T11:58:39.2760000|ZONE_TOUCHED|zone_id=5769_S;created_bar=5769;side=trapped_sellers;lo=1.162975;hi=1.163025;vol=31;bar=5772;touches=2
1532|2026-06-17T11:58:47.3800000|ZONE_TOUCHED|zone_id=5769_S;created_bar=5769;side=trapped_sellers;lo=1.162975;hi=1.163025;vol=31;bar=5773;touches=3
1533|2026-06-17T11:58:47.3800000|TRAP|bar=5773;side=trapped_sellers;vol=32;centroid=1.163;zone_lo=1.162975;zone_hi=1.163025;n_rows=1;max_ratio=32;close=1.16305;bar_vol=68;fp_vol=68;n_quote=25;n_rule=0
1534|2026-06-17T11:58:47.3800000|ZONE_CREATED|zone_id=5773_S;created_bar=5773;side=trapped_sellers;lo=1.162975;hi=1.163025;vol=32
1535|2026-06-17T11:58:56.6400000|ZONE_TOUCHED|zone_id=5773_S;created_bar=5773;side=trapped_sellers;lo=1.162975;hi=1.163025;vol=32;bar=5774;touches=1
1536|2026-06-17T11:58:56.6400000|ZONE_INVALIDATED|zone_id=5773_S;created_bar=5773;side=trapped_sellers;lo=1.162975;hi=1.163025;vol=32;reason=close_through;bar=5774
1537|2026-06-17T11:58:56.6400000|ZONE_TOUCHED|zone_id=5769_S;created_bar=5769;side=trapped_sellers;lo=1.162975;hi=1.163025;vol=31;bar=5774;touches=4
1538|2026-06-17T11:58:56.6400000|ZONE_INVALIDATED|zone_id=5769_S;created_bar=5769;side=trapped_sellers;lo=1.162975;hi=1.163025;vol=31;reason=close_through;bar=5774
1539|2026-06-17T11:58:56.6400000|TRAP|bar=5774;side=trapped_buyers;vol=22;centroid=1.163;zone_lo=1.162975;zone_hi=1.163025;n_rows=1;max_ratio=7.33333333333333;close=1.16295;bar_vol=48;fp_vol=48;n_quote=25;n_rule=0
1540|2026-06-17T12:01:02.7120000|TRAP|bar=5791;side=trapped_sellers;vol=44;centroid=1.1629;zone_lo=1.162875;zone_hi=1.162925;n_rows=1;max_ratio=4.88888888888889;close=1.16295;bar_vol=84;fp_vol=84;n_quote=25;n_rule=0
1541|2026-06-17T12:01:02.7120000|ZONE_CREATED|zone_id=5791_S;created_bar=5791;side=trapped_sellers;lo=1.162875;hi=1.162925;vol=44
1542|2026-06-17T12:01:32.8560000|TRAP|bar=5795;side=trapped_buyers;vol=64;centroid=1.16305;zone_lo=1.163025;zone_hi=1.163075;n_rows=1;max_ratio=6.4;close=1.163;bar_vol=74;fp_vol=74;n_quote=25;n_rule=0
1543|2026-06-17T12:01:32.8560000|ZONE_CREATED|zone_id=5795_B;created_bar=5795;side=trapped_buyers;lo=1.163025;hi=1.163075;vol=64
1544|2026-06-17T12:01:37.1520000|ZONE_TOUCHED|zone_id=5795_B;created_bar=5795;side=trapped_buyers;lo=1.163025;hi=1.163075;vol=64;bar=5796;touches=1
1545|2026-06-17T12:01:39.5080000|ZONE_TOUCHED|zone_id=5791_S;created_bar=5791;side=trapped_sellers;lo=1.162875;hi=1.162925;vol=44;bar=5797;touches=1
1546|2026-06-17T12:01:52.5040000|ZONE_TOUCHED|zone_id=5791_S;created_bar=5791;side=trapped_sellers;lo=1.162875;hi=1.162925;vol=44;bar=5798;touches=2
1547|2026-06-17T12:02:00.8760000|ZONE_TOUCHED|zone_id=5791_S;created_bar=5791;side=trapped_sellers;lo=1.162875;hi=1.162925;vol=44;bar=5799;touches=3
1548|2026-06-17T12:02:00.8760000|TRAP|bar=5799;side=trapped_sellers;vol=42;centroid=1.16285;zone_lo=1.162825;zone_hi=1.162875;n_rows=1;max_ratio=4.66666666666667;close=1.1629;bar_vol=60;fp_vol=60;n_quote=25;n_rule=0
1549|2026-06-17T12:02:00.8760000|ZONE_CREATED|zone_id=5799_S;created_bar=5799;side=trapped_sellers;lo=1.162825;hi=1.162875;vol=42
1550|2026-06-17T12:02:16.2240000|ZONE_TOUCHED|zone_id=5799_S;created_bar=5799;side=trapped_sellers;lo=1.162825;hi=1.162875;vol=42;bar=5800;touches=1
1551|2026-06-17T12:02:16.2240000|ZONE_INVALIDATED|zone_id=5791_S;created_bar=5791;side=trapped_sellers;lo=1.162875;hi=1.162925;vol=44;reason=close_through_gap;bar=5800
1552|2026-06-17T12:02:29.5280000|ZONE_TOUCHED|zone_id=5799_S;created_bar=5799;side=trapped_sellers;lo=1.162825;hi=1.162875;vol=42;bar=5801;touches=2
1553|2026-06-17T12:02:35.2080000|ZONE_TOUCHED|zone_id=5799_S;created_bar=5799;side=trapped_sellers;lo=1.162825;hi=1.162875;vol=42;bar=5802;touches=3
1554|2026-06-17T12:02:51.6960000|ZONE_TOUCHED|zone_id=5799_S;created_bar=5799;side=trapped_sellers;lo=1.162825;hi=1.162875;vol=42;bar=5803;touches=4
1555|2026-06-17T12:02:51.6960000|ZONE_INVALIDATED|zone_id=5799_S;created_bar=5799;side=trapped_sellers;lo=1.162825;hi=1.162875;vol=42;reason=close_through;bar=5803
1556|2026-06-17T12:03:39.1960000|ZONE_TOUCHED|zone_id=5795_B;created_bar=5795;side=trapped_buyers;lo=1.163025;hi=1.163075;vol=64;bar=5808;touches=2
1557|2026-06-17T12:03:39.1960000|ZONE_INVALIDATED|zone_id=5795_B;created_bar=5795;side=trapped_buyers;lo=1.163025;hi=1.163075;vol=64;reason=close_through;bar=5808
1558|2026-06-17T12:03:59.9840000|TRAP|bar=5811;side=trapped_buyers;vol=49;centroid=1.1631;zone_lo=1.163075;zone_hi=1.163125;n_rows=1;max_ratio=4.08333333333333;close=1.16305;bar_vol=64;fp_vol=64;n_quote=25;n_rule=0
1559|2026-06-17T12:03:59.9840000|ZONE_CREATED|zone_id=5811_B;created_bar=5811;side=trapped_buyers;lo=1.163075;hi=1.163125;vol=49
1560|2026-06-17T12:04:12.9480000|ZONE_TOUCHED|zone_id=5811_B;created_bar=5811;side=trapped_buyers;lo=1.163075;hi=1.163125;vol=49;bar=5812;touches=1
1561|2026-06-17T12:04:12.9480000|ZONE_INVALIDATED|zone_id=5811_B;created_bar=5811;side=trapped_buyers;lo=1.163075;hi=1.163125;vol=49;reason=close_through;bar=5812
1562|2026-06-17T12:12:24.3360000|TRAP|bar=5835;side=trapped_buyers;vol=5;centroid=1.163;zone_lo=1.162975;zone_hi=1.163025;n_rows=1;max_ratio=5;close=1.16295;bar_vol=67;fp_vol=67;n_quote=25;n_rule=0
1563|2026-06-17T12:16:21.4360000|TRAP|bar=5848;side=trapped_buyers;vol=75;centroid=1.16335;zone_lo=1.163325;zone_hi=1.163375;n_rows=1;max_ratio=75;close=1.1633;bar_vol=76;fp_vol=76;n_quote=25;n_rule=0
1564|2026-06-17T12:16:21.4360000|ZONE_CREATED|zone_id=5848_B;created_bar=5848;side=trapped_buyers;lo=1.163325;hi=1.163375;vol=75
1565|2026-06-17T12:16:21.4400000|ZONE_TOUCHED|zone_id=5848_B;created_bar=5848;side=trapped_buyers;lo=1.163325;hi=1.163375;vol=75;bar=5849;touches=1
1566|2026-06-17T12:16:24.4000000|ZONE_TOUCHED|zone_id=5848_B;created_bar=5848;side=trapped_buyers;lo=1.163325;hi=1.163375;vol=75;bar=5850;touches=2
1567|2026-06-17T12:16:24.4000000|ZONE_INVALIDATED|zone_id=5848_B;created_bar=5848;side=trapped_buyers;lo=1.163325;hi=1.163375;vol=75;reason=close_through;bar=5850
1568|2026-06-17T12:16:24.4120000|TRAP|bar=5851;side=trapped_buyers;vol=48;centroid=1.1634;zone_lo=1.163375;zone_hi=1.163425;n_rows=1;max_ratio=48;close=1.16335;bar_vol=82;fp_vol=82;n_quote=25;n_rule=0
1569|2026-06-17T12:16:24.4120000|ZONE_CREATED|zone_id=5851_B;created_bar=5851;side=trapped_buyers;lo=1.163375;hi=1.163425;vol=48
1570|2026-06-17T12:17:02.0480000|TRAP|bar=5853;side=trapped_sellers;vol=33;centroid=1.1633;zone_lo=1.163275;zone_hi=1.163325;n_rows=1;max_ratio=11;close=1.16335;bar_vol=44;fp_vol=44;n_quote=25;n_rule=0
1571|2026-06-17T12:17:02.0480000|ZONE_CREATED|zone_id=5853_S;created_bar=5853;side=trapped_sellers;lo=1.163275;hi=1.163325;vol=33
1572|2026-06-17T12:17:23.5960000|ZONE_TOUCHED|zone_id=5853_S;created_bar=5853;side=trapped_sellers;lo=1.163275;hi=1.163325;vol=33;bar=5854;touches=1
1573|2026-06-17T12:17:23.5960000|ZONE_INVALIDATED|zone_id=5853_S;created_bar=5853;side=trapped_sellers;lo=1.163275;hi=1.163325;vol=33;reason=close_through;bar=5854
1574|2026-06-17T12:20:40.0640000|ZONE_TOUCHED|zone_id=5851_B;created_bar=5851;side=trapped_buyers;lo=1.163375;hi=1.163425;vol=48;bar=5863;touches=1
1575|2026-06-17T12:21:01.8080000|ZONE_TOUCHED|zone_id=5851_B;created_bar=5851;side=trapped_buyers;lo=1.163375;hi=1.163425;vol=48;bar=5864;touches=2
1576|2026-06-17T12:21:01.8080000|TRAP|bar=5864;side=trapped_sellers;vol=22;centroid=1.1633;zone_lo=1.163275;zone_hi=1.163325;n_rows=1;max_ratio=4.4;close=1.16335;bar_vol=49;fp_vol=49;n_quote=25;n_rule=0
1577|2026-06-17T12:28:39.9560000|TRAP|bar=5880;side=trapped_sellers;vol=73;centroid=1.16315;zone_lo=1.163125;zone_hi=1.163175;n_rows=1;max_ratio=36.5;close=1.1632;bar_vol=75;fp_vol=75;n_quote=25;n_rule=0
1578|2026-06-17T12:28:39.9560000|ZONE_CREATED|zone_id=5880_S;created_bar=5880;side=trapped_sellers;lo=1.163125;hi=1.163175;vol=73
1579|2026-06-17T12:29:59.0440000|TRAP|bar=5883;side=trapped_sellers;vol=10;centroid=1.16325;zone_lo=1.163225;zone_hi=1.163275;n_rows=1;max_ratio=3.33333333333333;close=1.1633;bar_vol=31;fp_vol=31;n_quote=25;n_rule=0
1580|2026-06-17T12:30:50.9520000|ZONE_TOUCHED|zone_id=5880_S;created_bar=5880;side=trapped_sellers;lo=1.163125;hi=1.163175;vol=73;bar=5887;touches=1
1581|2026-06-17T12:30:50.9560000|ZONE_TOUCHED|zone_id=5880_S;created_bar=5880;side=trapped_sellers;lo=1.163125;hi=1.163175;vol=73;bar=5888;touches=2
1582|2026-06-17T12:31:24.1280000|ZONE_TOUCHED|zone_id=5880_S;created_bar=5880;side=trapped_sellers;lo=1.163125;hi=1.163175;vol=73;bar=5891;touches=3
1583|2026-06-17T12:31:24.1280000|TRAP|bar=5891;side=trapped_sellers;vol=11;centroid=1.16315;zone_lo=1.163125;zone_hi=1.163175;n_rows=1;max_ratio=11;close=1.1632;bar_vol=95;fp_vol=95;n_quote=25;n_rule=0
1584|2026-06-17T12:31:30.0800000|ZONE_TOUCHED|zone_id=5880_S;created_bar=5880;side=trapped_sellers;lo=1.163125;hi=1.163175;vol=73;bar=5892;touches=4
1585|2026-06-17T12:31:36.3720000|ZONE_TOUCHED|zone_id=5880_S;created_bar=5880;side=trapped_sellers;lo=1.163125;hi=1.163175;vol=73;bar=5893;touches=5
1586|2026-06-17T12:31:36.4120000|ZONE_TOUCHED|zone_id=5880_S;created_bar=5880;side=trapped_sellers;lo=1.163125;hi=1.163175;vol=73;bar=5894;touches=6
1587|2026-06-17T12:31:36.4240000|ZONE_TOUCHED|zone_id=5880_S;created_bar=5880;side=trapped_sellers;lo=1.163125;hi=1.163175;vol=73;bar=5895;touches=7
1588|2026-06-17T12:31:36.4240000|TRAP|bar=5895;side=trapped_sellers;vol=75;centroid=1.16315;zone_lo=1.163125;zone_hi=1.163175;n_rows=1;max_ratio=3;close=1.1632;bar_vol=100;fp_vol=100;n_quote=25;n_rule=0
1589|2026-06-17T12:31:36.4240000|ZONE_CREATED|zone_id=5895_S;created_bar=5895;side=trapped_sellers;lo=1.163125;hi=1.163175;vol=75
1590|2026-06-17T12:31:36.4320000|ZONE_TOUCHED|zone_id=5895_S;created_bar=5895;side=trapped_sellers;lo=1.163125;hi=1.163175;vol=75;bar=5896;touches=1
1591|2026-06-17T12:31:36.4320000|ZONE_TOUCHED|zone_id=5880_S;created_bar=5880;side=trapped_sellers;lo=1.163125;hi=1.163175;vol=73;bar=5896;touches=8
1592|2026-06-17T12:31:36.4760000|ZONE_TOUCHED|zone_id=5895_S;created_bar=5895;side=trapped_sellers;lo=1.163125;hi=1.163175;vol=75;bar=5897;touches=2
1593|2026-06-17T12:31:36.4760000|ZONE_TOUCHED|zone_id=5880_S;created_bar=5880;side=trapped_sellers;lo=1.163125;hi=1.163175;vol=73;bar=5897;touches=9
1594|2026-06-17T12:31:36.5280000|ZONE_TOUCHED|zone_id=5895_S;created_bar=5895;side=trapped_sellers;lo=1.163125;hi=1.163175;vol=75;bar=5898;touches=3
1595|2026-06-17T12:31:36.5280000|ZONE_TOUCHED|zone_id=5880_S;created_bar=5880;side=trapped_sellers;lo=1.163125;hi=1.163175;vol=73;bar=5898;touches=10
1596|2026-06-17T12:31:38.8800000|ZONE_TOUCHED|zone_id=5895_S;created_bar=5895;side=trapped_sellers;lo=1.163125;hi=1.163175;vol=75;bar=5899;touches=4
1597|2026-06-17T12:31:38.8800000|ZONE_TOUCHED|zone_id=5880_S;created_bar=5880;side=trapped_sellers;lo=1.163125;hi=1.163175;vol=73;bar=5899;touches=11
1598|2026-06-17T12:32:13.4400000|ZONE_TOUCHED|zone_id=5895_S;created_bar=5895;side=trapped_sellers;lo=1.163125;hi=1.163175;vol=75;bar=5901;touches=5
1599|2026-06-17T12:32:13.4400000|ZONE_TOUCHED|zone_id=5880_S;created_bar=5880;side=trapped_sellers;lo=1.163125;hi=1.163175;vol=73;bar=5901;touches=12
1600|2026-06-17T12:32:13.4400000|TRAP|bar=5901;side=trapped_buyers;vol=51;centroid=1.1632;zone_lo=1.163175;zone_hi=1.163225;n_rows=1;max_ratio=3.92307692307692;close=1.16315;bar_vol=87;fp_vol=87;n_quote=25;n_rule=0
1601|2026-06-17T12:32:13.4400000|ZONE_CREATED|zone_id=5901_B;created_bar=5901;side=trapped_buyers;lo=1.163175;hi=1.163225;vol=51
1602|2026-06-17T12:32:58.2080000|ZONE_TOUCHED|zone_id=5901_B;created_bar=5901;side=trapped_buyers;lo=1.163175;hi=1.163225;vol=51;bar=5902;touches=1
1603|2026-06-17T12:32:58.2080000|ZONE_INVALIDATED|zone_id=5901_B;created_bar=5901;side=trapped_buyers;lo=1.163175;hi=1.163225;vol=51;reason=close_through;bar=5902
1604|2026-06-17T12:32:58.2080000|ZONE_TOUCHED|zone_id=5895_S;created_bar=5895;side=trapped_sellers;lo=1.163125;hi=1.163175;vol=75;bar=5902;touches=6
1605|2026-06-17T12:32:58.2080000|ZONE_TOUCHED|zone_id=5880_S;created_bar=5880;side=trapped_sellers;lo=1.163125;hi=1.163175;vol=73;bar=5902;touches=13
1606|2026-06-17T12:36:13.2720000|ZONE_TOUCHED|zone_id=5851_B;created_bar=5851;side=trapped_buyers;lo=1.163375;hi=1.163425;vol=48;bar=5908;touches=3
1607|2026-06-17T12:36:32.7640000|ZONE_TOUCHED|zone_id=5851_B;created_bar=5851;side=trapped_buyers;lo=1.163375;hi=1.163425;vol=48;bar=5909;touches=4
1608|2026-06-17T12:39:34.7360000|ZONE_TOUCHED|zone_id=5895_S;created_bar=5895;side=trapped_sellers;lo=1.163125;hi=1.163175;vol=75;bar=5913;touches=7
1609|2026-06-17T12:39:34.7360000|ZONE_TOUCHED|zone_id=5880_S;created_bar=5880;side=trapped_sellers;lo=1.163125;hi=1.163175;vol=73;bar=5913;touches=14
1610|2026-06-17T12:40:09.7120000|ZONE_TOUCHED|zone_id=5895_S;created_bar=5895;side=trapped_sellers;lo=1.163125;hi=1.163175;vol=75;bar=5914;touches=8
1611|2026-06-17T12:40:09.7120000|ZONE_TOUCHED|zone_id=5880_S;created_bar=5880;side=trapped_sellers;lo=1.163125;hi=1.163175;vol=73;bar=5914;touches=15
1612|2026-06-17T12:40:09.7120000|TRAP|bar=5914;side=trapped_sellers;vol=32;centroid=1.16315;zone_lo=1.163125;zone_hi=1.163175;n_rows=1;max_ratio=16;close=1.1632;bar_vol=51;fp_vol=51;n_quote=25;n_rule=0
1613|2026-06-17T12:40:09.7120000|ZONE_CREATED|zone_id=5914_S;created_bar=5914;side=trapped_sellers;lo=1.163125;hi=1.163175;vol=32
1614|2026-06-17T12:40:16.5640000|ZONE_TOUCHED|zone_id=5914_S;created_bar=5914;side=trapped_sellers;lo=1.163125;hi=1.163175;vol=32;bar=5915;touches=1
1615|2026-06-17T12:40:16.5640000|ZONE_INVALIDATED|zone_id=5914_S;created_bar=5914;side=trapped_sellers;lo=1.163125;hi=1.163175;vol=32;reason=close_through;bar=5915
1616|2026-06-17T12:40:16.5640000|ZONE_TOUCHED|zone_id=5895_S;created_bar=5895;side=trapped_sellers;lo=1.163125;hi=1.163175;vol=75;bar=5915;touches=9
1617|2026-06-17T12:40:16.5640000|ZONE_INVALIDATED|zone_id=5895_S;created_bar=5895;side=trapped_sellers;lo=1.163125;hi=1.163175;vol=75;reason=close_through;bar=5915
1618|2026-06-17T12:40:16.5640000|ZONE_TOUCHED|zone_id=5880_S;created_bar=5880;side=trapped_sellers;lo=1.163125;hi=1.163175;vol=73;bar=5915;touches=16
1619|2026-06-17T12:40:16.5640000|ZONE_INVALIDATED|zone_id=5880_S;created_bar=5880;side=trapped_sellers;lo=1.163125;hi=1.163175;vol=73;reason=close_through;bar=5915
1620|2026-06-17T12:41:02.5160000|TRAP|bar=5918;side=trapped_sellers;vol=19;centroid=1.16295;zone_lo=1.162925;zone_hi=1.162975;n_rows=1;max_ratio=4.75;close=1.163;bar_vol=42;fp_vol=42;n_quote=25;n_rule=0
1621|2026-06-17T12:42:01.9000000|TRAP|bar=5920;side=trapped_sellers;vol=14;centroid=1.16305;zone_lo=1.163025;zone_hi=1.163075;n_rows=1;max_ratio=4.66666666666667;close=1.1631;bar_vol=46;fp_vol=46;n_quote=25;n_rule=0
1622|2026-06-17T12:43:59.1120000|TRAP|bar=5924;side=trapped_sellers;vol=7;centroid=1.1632;zone_lo=1.163175;zone_hi=1.163225;n_rows=1;max_ratio=7;close=1.16325;bar_vol=32;fp_vol=32;n_quote=25;n_rule=0
1623|2026-06-17T12:44:21.1560000|TRAP|bar=5925;side=trapped_sellers;vol=23;centroid=1.1632;zone_lo=1.163175;zone_hi=1.163225;n_rows=1;max_ratio=23;close=1.16325;bar_vol=67;fp_vol=67;n_quote=25;n_rule=0
1624|2026-06-17T12:44:28.0480000|TRAP|bar=5926;side=trapped_sellers;vol=14;centroid=1.16325;zone_lo=1.163225;zone_hi=1.163275;n_rows=1;max_ratio=3.5;close=1.1633;bar_vol=34;fp_vol=34;n_quote=25;n_rule=0
1625|2026-06-17T12:44:56.1800000|ZONE_TOUCHED|zone_id=5851_B;created_bar=5851;side=trapped_buyers;lo=1.163375;hi=1.163425;vol=48;bar=5928;touches=5
1626|2026-06-17T12:45:47.6160000|ZONE_TOUCHED|zone_id=5851_B;created_bar=5851;side=trapped_buyers;lo=1.163375;hi=1.163425;vol=48;bar=5931;touches=6
1627|2026-06-17T12:49:16.6000000|ZONE_TOUCHED|zone_id=5851_B;created_bar=5851;side=trapped_buyers;lo=1.163375;hi=1.163425;vol=48;bar=5939;touches=7
1628|2026-06-17T12:50:05.0760000|ZONE_TOUCHED|zone_id=5851_B;created_bar=5851;side=trapped_buyers;lo=1.163375;hi=1.163425;vol=48;bar=5940;touches=8
1629|2026-06-17T12:50:29.0840000|ZONE_TOUCHED|zone_id=5851_B;created_bar=5851;side=trapped_buyers;lo=1.163375;hi=1.163425;vol=48;bar=5941;touches=9
1630|2026-06-17T12:50:29.0840000|TRAP|bar=5941;side=trapped_buyers;vol=47;centroid=1.1634;zone_lo=1.163375;zone_hi=1.163425;n_rows=1;max_ratio=15.6666666666667;close=1.16335;bar_vol=60;fp_vol=60;n_quote=25;n_rule=0
1631|2026-06-17T12:50:29.0840000|ZONE_CREATED|zone_id=5941_B;created_bar=5941;side=trapped_buyers;lo=1.163375;hi=1.163425;vol=47
1632|2026-06-17T12:55:58.0280000|TRAP|bar=5949;side=trapped_buyers;vol=23;centroid=1.1633;zone_lo=1.163275;zone_hi=1.163325;n_rows=1;max_ratio=11.5;close=1.16325;bar_vol=84;fp_vol=84;n_quote=25;n_rule=0
1633|2026-06-17T13:09:59.0080000|TRAP|bar=5967;side=trapped_sellers;vol=13;centroid=1.16295;zone_lo=1.162925;zone_hi=1.162975;n_rows=1;max_ratio=13;close=1.1631;bar_vol=58;fp_vol=58;n_quote=25;n_rule=0
1634|2026-06-17T13:16:19.5640000|TRAP|bar=5973;side=trapped_sellers;vol=5;centroid=1.1629;zone_lo=1.162875;zone_hi=1.162925;n_rows=1;max_ratio=5;close=1.163;bar_vol=46;fp_vol=46;n_quote=25;n_rule=0
1635|2026-06-17T13:27:19.1680000|TRAP|bar=5994;side=trapped_sellers;vol=31;centroid=1.1633;zone_lo=1.163275;zone_hi=1.163325;n_rows=1;max_ratio=10.3333333333333;close=1.16335;bar_vol=89;fp_vol=89;n_quote=25;n_rule=0
1636|2026-06-17T13:27:19.1680000|ZONE_CREATED|zone_id=5994_S;created_bar=5994;side=trapped_sellers;lo=1.163275;hi=1.163325;vol=31
1637|2026-06-17T13:27:39.8600000|ZONE_TOUCHED|zone_id=5994_S;created_bar=5994;side=trapped_sellers;lo=1.163275;hi=1.163325;vol=31;bar=5995;touches=1
1638|2026-06-17T13:27:39.8600000|ZONE_INVALIDATED|zone_id=5994_S;created_bar=5994;side=trapped_sellers;lo=1.163275;hi=1.163325;vol=31;reason=close_through;bar=5995
1639|2026-06-17T13:39:15.0480000|TRAP|bar=6010;side=trapped_buyers;vol=30;centroid=1.163;zone_lo=1.162975;zone_hi=1.163025;n_rows=1;max_ratio=5;close=1.16295;bar_vol=56;fp_vol=56;n_quote=25;n_rule=0
1640|2026-06-17T13:39:15.0480000|ZONE_CREATED|zone_id=6010_B;created_bar=6010;side=trapped_buyers;lo=1.162975;hi=1.163025;vol=30
1641|2026-06-17T13:42:43.3240000|ZONE_TOUCHED|zone_id=6010_B;created_bar=6010;side=trapped_buyers;lo=1.162975;hi=1.163025;vol=30;bar=6011;touches=1
1642|2026-06-17T13:42:43.3240000|ZONE_INVALIDATED|zone_id=6010_B;created_bar=6010;side=trapped_buyers;lo=1.162975;hi=1.163025;vol=30;reason=close_through;bar=6011
1643|2026-06-17T13:47:34.1440000|TRAP|bar=6016;side=trapped_buyers;vol=26;centroid=1.16305;zone_lo=1.163025;zone_hi=1.163075;n_rows=1;max_ratio=26;close=1.163;bar_vol=30;fp_vol=30;n_quote=25;n_rule=0
1644|2026-06-17T13:50:27.7120000|TRAP|bar=6018;side=trapped_sellers;vol=19;centroid=1.163;zone_lo=1.162975;zone_hi=1.163025;n_rows=1;max_ratio=19;close=1.1631;bar_vol=41;fp_vol=41;n_quote=25;n_rule=0
1645|2026-06-17T13:57:58.0440000|TRAP|bar=6025;side=trapped_buyers;vol=14;centroid=1.16325;zone_lo=1.163225;zone_hi=1.163275;n_rows=1;max_ratio=4.66666666666667;close=1.16315;bar_vol=53;fp_vol=53;n_quote=25;n_rule=0
1646|2026-06-17T14:04:34.1160000|TRAP|bar=6030;side=trapped_buyers;vol=13;centroid=1.16315;zone_lo=1.163125;zone_hi=1.163175;n_rows=1;max_ratio=13;close=1.1631;bar_vol=57;fp_vol=57;n_quote=25;n_rule=0
1647|2026-06-17T14:06:41.9720000|TRAP|bar=6031;side=trapped_sellers;vol=67;centroid=1.1631;zone_lo=1.163075;zone_hi=1.163125;n_rows=1;max_ratio=67;close=1.16315;bar_vol=91;fp_vol=91;n_quote=25;n_rule=0
1648|2026-06-17T14:06:41.9720000|ZONE_CREATED|zone_id=6031_S;created_bar=6031;side=trapped_sellers;lo=1.163075;hi=1.163125;vol=67
1649|2026-06-17T14:07:20.1720000|ZONE_TOUCHED|zone_id=6031_S;created_bar=6031;side=trapped_sellers;lo=1.163075;hi=1.163125;vol=67;bar=6032;touches=1
1650|2026-06-17T14:08:14.0760000|ZONE_TOUCHED|zone_id=6031_S;created_bar=6031;side=trapped_sellers;lo=1.163075;hi=1.163125;vol=67;bar=6033;touches=2
1651|2026-06-17T14:08:14.0760000|ZONE_INVALIDATED|zone_id=6031_S;created_bar=6031;side=trapped_sellers;lo=1.163075;hi=1.163125;vol=67;reason=close_through;bar=6033
1652|2026-06-17T14:08:14.0760000|TRAP|bar=6033;side=trapped_buyers;vol=18;centroid=1.1631;zone_lo=1.163075;zone_hi=1.163125;n_rows=1;max_ratio=3.6;close=1.16305;bar_vol=41;fp_vol=41;n_quote=25;n_rule=0
1653|2026-06-17T14:08:14.2200000|TRAP|bar=6038;side=trapped_buyers;vol=218;centroid=1.16285;zone_lo=1.162825;zone_hi=1.162875;n_rows=1;max_ratio=4.95454545454545;close=1.1628;bar_vol=262;fp_vol=262;n_quote=25;n_rule=0
1654|2026-06-17T14:08:14.2200000|ZONE_CREATED|zone_id=6038_B;created_bar=6038;side=trapped_buyers;lo=1.162825;hi=1.162875;vol=218
1655|2026-06-17T14:08:14.2600000|ZONE_TOUCHED|zone_id=6038_B;created_bar=6038;side=trapped_buyers;lo=1.162825;hi=1.162875;vol=218;bar=6039;touches=1
1656|2026-06-17T14:08:14.2600000|TRAP|bar=6039;side=trapped_buyers;vol=14;centroid=1.16285;zone_lo=1.162825;zone_hi=1.162875;n_rows=1;max_ratio=3.5;close=1.16275;bar_vol=41;fp_vol=41;n_quote=25;n_rule=0
1657|2026-06-17T14:08:14.3240000|ZONE_TOUCHED|zone_id=6038_B;created_bar=6038;side=trapped_buyers;lo=1.162825;hi=1.162875;vol=218;bar=6040;touches=2
1658|2026-06-17T14:08:14.3240000|TRAP|bar=6040;side=trapped_buyers;vol=11;centroid=1.16293181818182;zone_lo=1.162875;zone_hi=1.162975;n_rows=2;max_ratio=7;close=1.16275;bar_vol=59;fp_vol=59;n_quote=25;n_rule=0
1659|2026-06-17T14:08:14.4560000|ZONE_TOUCHED|zone_id=6038_B;created_bar=6038;side=trapped_buyers;lo=1.162825;hi=1.162875;vol=218;bar=6041;touches=3
1660|2026-06-17T14:08:14.4560000|TRAP|bar=6041;side=trapped_buyers;vol=3;centroid=1.16285;zone_lo=1.162825;zone_hi=1.162875;n_rows=1;max_ratio=3;close=1.16275;bar_vol=35;fp_vol=35;n_quote=25;n_rule=0
1661|2026-06-17T14:08:14.5920000|TRAP|bar=6044;side=trapped_buyers;vol=7;centroid=1.1628;zone_lo=1.162775;zone_hi=1.162825;n_rows=1;max_ratio=7;close=1.16275;bar_vol=64;fp_vol=64;n_quote=25;n_rule=0
1662|2026-06-17T14:08:14.7640000|ZONE_TOUCHED|zone_id=6038_B;created_bar=6038;side=trapped_buyers;lo=1.162825;hi=1.162875;vol=218;bar=6046;touches=4
1663|2026-06-17T14:08:15.4080000|ZONE_TOUCHED|zone_id=6038_B;created_bar=6038;side=trapped_buyers;lo=1.162825;hi=1.162875;vol=218;bar=6047;touches=5
1664|2026-06-17T14:08:15.8880000|ZONE_TOUCHED|zone_id=6038_B;created_bar=6038;side=trapped_buyers;lo=1.162825;hi=1.162875;vol=218;bar=6048;touches=6
1665|2026-06-17T14:08:17.5080000|ZONE_TOUCHED|zone_id=6038_B;created_bar=6038;side=trapped_buyers;lo=1.162825;hi=1.162875;vol=218;bar=6049;touches=7
1666|2026-06-17T14:08:17.5080000|ZONE_INVALIDATED|zone_id=6038_B;created_bar=6038;side=trapped_buyers;lo=1.162825;hi=1.162875;vol=218;reason=close_through;bar=6049
1667|2026-06-17T14:08:21.4400000|TRAP|bar=6050;side=trapped_sellers;vol=19;centroid=1.16285;zone_lo=1.162825;zone_hi=1.162875;n_rows=1;max_ratio=3.16666666666667;close=1.1629;bar_vol=42;fp_vol=42;n_quote=25;n_rule=0
1668|2026-06-17T14:09:40.2080000|TRAP|bar=6054;side=trapped_sellers;vol=29;centroid=1.16305;zone_lo=1.163025;zone_hi=1.163075;n_rows=1;max_ratio=3.625;close=1.1631;bar_vol=46;fp_vol=46;n_quote=25;n_rule=0
1669|2026-06-17T14:19:00.1640000|TRAP|bar=6060;side=trapped_sellers;vol=9;centroid=1.16305;zone_lo=1.163025;zone_hi=1.163075;n_rows=1;max_ratio=4.5;close=1.1631;bar_vol=40;fp_vol=40;n_quote=25;n_rule=0
1670|2026-06-17T14:19:01.9560000|TRAP|bar=6061;side=trapped_sellers;vol=41;centroid=1.163;zone_lo=1.162975;zone_hi=1.163025;n_rows=1;max_ratio=5.85714285714286;close=1.16305;bar_vol=52;fp_vol=52;n_quote=25;n_rule=0
1671|2026-06-17T14:19:01.9560000|ZONE_CREATED|zone_id=6061_S;created_bar=6061;side=trapped_sellers;lo=1.162975;hi=1.163025;vol=41
1672|2026-06-17T14:19:13.5680000|TRAP|bar=6062;side=trapped_buyers;vol=75;centroid=1.1631;zone_lo=1.163075;zone_hi=1.163125;n_rows=1;max_ratio=6.81818181818182;close=1.16305;bar_vol=87;fp_vol=87;n_quote=25;n_rule=0
1673|2026-06-17T14:19:13.5680000|ZONE_CREATED|zone_id=6062_B;created_bar=6062;side=trapped_buyers;lo=1.163075;hi=1.163125;vol=75
1674|2026-06-17T14:19:18.8880000|ZONE_TOUCHED|zone_id=6062_B;created_bar=6062;side=trapped_buyers;lo=1.163075;hi=1.163125;vol=75;bar=6063;touches=1
1675|2026-06-17T14:19:41.5040000|ZONE_TOUCHED|zone_id=6062_B;created_bar=6062;side=trapped_buyers;lo=1.163075;hi=1.163125;vol=75;bar=6064;touches=2
1676|2026-06-17T14:19:41.5040000|ZONE_INVALIDATED|zone_id=6062_B;created_bar=6062;side=trapped_buyers;lo=1.163075;hi=1.163125;vol=75;reason=close_through;bar=6064
1677|2026-06-17T14:26:03.3840000|TRAP|bar=6069;side=trapped_buyers;vol=16;centroid=1.16315;zone_lo=1.163125;zone_hi=1.163175;n_rows=1;max_ratio=16;close=1.16305;bar_vol=46;fp_vol=46;n_quote=25;n_rule=0
1678|2026-06-17T14:27:43.2200000|TRAP|bar=6071;side=trapped_buyers;vol=16;centroid=1.16315;zone_lo=1.163125;zone_hi=1.163175;n_rows=1;max_ratio=4;close=1.1631;bar_vol=42;fp_vol=42;n_quote=25;n_rule=0
1679|2026-06-17T14:28:52.5440000|ZONE_TOUCHED|zone_id=6061_S;created_bar=6061;side=trapped_sellers;lo=1.162975;hi=1.163025;vol=41;bar=6073;touches=1
1680|2026-06-17T14:29:43.2800000|ZONE_TOUCHED|zone_id=6061_S;created_bar=6061;side=trapped_sellers;lo=1.162975;hi=1.163025;vol=41;bar=6074;touches=2
1681|2026-06-17T14:39:39.7800000|TRAP|bar=6091;side=trapped_buyers;vol=13;centroid=1.16325;zone_lo=1.163225;zone_hi=1.163275;n_rows=1;max_ratio=6.5;close=1.1632;bar_vol=49;fp_vol=49;n_quote=25;n_rule=0
1682|2026-06-17T14:41:01.1960000|TRAP|bar=6093;side=trapped_sellers;vol=38;centroid=1.1632;zone_lo=1.163175;zone_hi=1.163225;n_rows=1;max_ratio=9.5;close=1.16325;bar_vol=59;fp_vol=59;n_quote=25;n_rule=0
1683|2026-06-17T14:41:01.1960000|ZONE_CREATED|zone_id=6093_S;created_bar=6093;side=trapped_sellers;lo=1.163175;hi=1.163225;vol=38
1684|2026-06-17T14:42:22.7800000|ZONE_TOUCHED|zone_id=6093_S;created_bar=6093;side=trapped_sellers;lo=1.163175;hi=1.163225;vol=38;bar=6095;touches=1
1685|2026-06-17T14:42:22.7800000|TRAP|bar=6095;side=trapped_sellers;vol=32;centroid=1.1632;zone_lo=1.163175;zone_hi=1.163225;n_rows=1;max_ratio=4;close=1.16325;bar_vol=40;fp_vol=40;n_quote=25;n_rule=0
1686|2026-06-17T14:42:22.7800000|ZONE_CREATED|zone_id=6095_S;created_bar=6095;side=trapped_sellers;lo=1.163175;hi=1.163225;vol=32
1687|2026-06-17T14:42:42.2000000|ZONE_TOUCHED|zone_id=6095_S;created_bar=6095;side=trapped_sellers;lo=1.163175;hi=1.163225;vol=32;bar=6097;touches=1
1688|2026-06-17T14:42:42.2000000|ZONE_TOUCHED|zone_id=6093_S;created_bar=6093;side=trapped_sellers;lo=1.163175;hi=1.163225;vol=38;bar=6097;touches=2
1689|2026-06-17T14:42:42.2000000|TRAP|bar=6097;side=trapped_sellers;vol=24;centroid=1.1632;zone_lo=1.163175;zone_hi=1.163225;n_rows=1;max_ratio=12;close=1.16325;bar_vol=52;fp_vol=52;n_quote=25;n_rule=0
1690|2026-06-17T14:42:42.4080000|ZONE_TOUCHED|zone_id=6095_S;created_bar=6095;side=trapped_sellers;lo=1.163175;hi=1.163225;vol=32;bar=6098;touches=2
1691|2026-06-17T14:42:42.4080000|ZONE_TOUCHED|zone_id=6093_S;created_bar=6093;side=trapped_sellers;lo=1.163175;hi=1.163225;vol=38;bar=6098;touches=3
1692|2026-06-17T14:42:48.7200000|ZONE_TOUCHED|zone_id=6095_S;created_bar=6095;side=trapped_sellers;lo=1.163175;hi=1.163225;vol=32;bar=6099;touches=3
1693|2026-06-17T14:42:48.7200000|ZONE_TOUCHED|zone_id=6093_S;created_bar=6093;side=trapped_sellers;lo=1.163175;hi=1.163225;vol=38;bar=6099;touches=4
1694|2026-06-17T14:42:48.7200000|TRAP|bar=6099;side=trapped_sellers;vol=12;centroid=1.16315;zone_lo=1.163125;zone_hi=1.163175;n_rows=1;max_ratio=12;close=1.1632;bar_vol=74;fp_vol=74;n_quote=25;n_rule=0
1695|2026-06-17T14:43:05.7080000|ZONE_TOUCHED|zone_id=6095_S;created_bar=6095;side=trapped_sellers;lo=1.163175;hi=1.163225;vol=32;bar=6100;touches=4
1696|2026-06-17T14:43:05.7080000|ZONE_TOUCHED|zone_id=6093_S;created_bar=6093;side=trapped_sellers;lo=1.163175;hi=1.163225;vol=38;bar=6100;touches=5
1697|2026-06-17T14:43:47.8480000|ZONE_TOUCHED|zone_id=5941_B;created_bar=5941;side=trapped_buyers;lo=1.163375;hi=1.163425;vol=47;bar=6101;touches=1
1698|2026-06-17T14:43:47.8480000|ZONE_TOUCHED|zone_id=5851_B;created_bar=5851;side=trapped_buyers;lo=1.163375;hi=1.163425;vol=48;bar=6101;touches=10
1699|2026-06-17T14:44:56.5920000|ZONE_TOUCHED|zone_id=5941_B;created_bar=5941;side=trapped_buyers;lo=1.163375;hi=1.163425;vol=47;bar=6102;touches=2
1700|2026-06-17T14:44:56.5920000|ZONE_TOUCHED|zone_id=5851_B;created_bar=5851;side=trapped_buyers;lo=1.163375;hi=1.163425;vol=48;bar=6102;touches=11
1701|2026-06-17T14:46:21.1320000|ZONE_TOUCHED|zone_id=5941_B;created_bar=5941;side=trapped_buyers;lo=1.163375;hi=1.163425;vol=47;bar=6104;touches=3
1702|2026-06-17T14:46:21.1320000|ZONE_TOUCHED|zone_id=5851_B;created_bar=5851;side=trapped_buyers;lo=1.163375;hi=1.163425;vol=48;bar=6104;touches=12
1703|2026-06-17T14:46:41.5080000|ZONE_TOUCHED|zone_id=5941_B;created_bar=5941;side=trapped_buyers;lo=1.163375;hi=1.163425;vol=47;bar=6105;touches=4
1704|2026-06-17T14:46:41.5080000|ZONE_TOUCHED|zone_id=5851_B;created_bar=5851;side=trapped_buyers;lo=1.163375;hi=1.163425;vol=48;bar=6105;touches=13
1705|2026-06-17T14:47:11.8880000|ZONE_TOUCHED|zone_id=5941_B;created_bar=5941;side=trapped_buyers;lo=1.163375;hi=1.163425;vol=47;bar=6106;touches=5
1706|2026-06-17T14:47:11.8880000|ZONE_TOUCHED|zone_id=5851_B;created_bar=5851;side=trapped_buyers;lo=1.163375;hi=1.163425;vol=48;bar=6106;touches=14
1707|2026-06-17T14:47:33.9200000|ZONE_TOUCHED|zone_id=5941_B;created_bar=5941;side=trapped_buyers;lo=1.163375;hi=1.163425;vol=47;bar=6107;touches=6
1708|2026-06-17T14:47:33.9200000|ZONE_TOUCHED|zone_id=5851_B;created_bar=5851;side=trapped_buyers;lo=1.163375;hi=1.163425;vol=48;bar=6107;touches=15
1709|2026-06-17T14:48:39.2920000|ZONE_TOUCHED|zone_id=5941_B;created_bar=5941;side=trapped_buyers;lo=1.163375;hi=1.163425;vol=47;bar=6110;touches=7
1710|2026-06-17T14:48:39.2920000|ZONE_TOUCHED|zone_id=5851_B;created_bar=5851;side=trapped_buyers;lo=1.163375;hi=1.163425;vol=48;bar=6110;touches=16
1711|2026-06-17T14:49:53.5600000|ZONE_TOUCHED|zone_id=5941_B;created_bar=5941;side=trapped_buyers;lo=1.163375;hi=1.163425;vol=47;bar=6112;touches=8
1712|2026-06-17T14:49:53.5600000|ZONE_INVALIDATED|zone_id=5941_B;created_bar=5941;side=trapped_buyers;lo=1.163375;hi=1.163425;vol=47;reason=close_through;bar=6112
1713|2026-06-17T14:49:53.5600000|ZONE_TOUCHED|zone_id=5851_B;created_bar=5851;side=trapped_buyers;lo=1.163375;hi=1.163425;vol=48;bar=6112;touches=17
1714|2026-06-17T14:49:53.5600000|ZONE_INVALIDATED|zone_id=5851_B;created_bar=5851;side=trapped_buyers;lo=1.163375;hi=1.163425;vol=48;reason=close_through;bar=6112
1715|2026-06-17T14:51:31.7000000|TRAP|bar=6115;side=trapped_sellers;vol=15;centroid=1.1634;zone_lo=1.163375;zone_hi=1.163425;n_rows=1;max_ratio=7.5;close=1.16345;bar_vol=47;fp_vol=47;n_quote=25;n_rule=0
1716|2026-06-17T14:58:27.1960000|TRAP|bar=6130;side=trapped_buyers;vol=4;centroid=1.16365;zone_lo=1.163625;zone_hi=1.163675;n_rows=1;max_ratio=4;close=1.16355;bar_vol=37;fp_vol=37;n_quote=25;n_rule=0
1717|2026-06-17T15:00:01.0240000|ZONE_TOUCHED|zone_id=6095_S;created_bar=6095;side=trapped_sellers;lo=1.163175;hi=1.163225;vol=32;bar=6135;touches=5
1718|2026-06-17T15:00:01.0240000|ZONE_INVALIDATED|zone_id=6095_S;created_bar=6095;side=trapped_sellers;lo=1.163175;hi=1.163225;vol=32;reason=close_through;bar=6135
1719|2026-06-17T15:00:01.0240000|ZONE_TOUCHED|zone_id=6093_S;created_bar=6093;side=trapped_sellers;lo=1.163175;hi=1.163225;vol=38;bar=6135;touches=6
1720|2026-06-17T15:00:01.0240000|ZONE_INVALIDATED|zone_id=6093_S;created_bar=6093;side=trapped_sellers;lo=1.163175;hi=1.163225;vol=38;reason=close_through;bar=6135
1721|2026-06-17T15:00:01.0240000|ZONE_TOUCHED|zone_id=6061_S;created_bar=6061;side=trapped_sellers;lo=1.162975;hi=1.163025;vol=41;bar=6135;touches=3
1722|2026-06-17T15:00:01.0240000|ZONE_INVALIDATED|zone_id=6061_S;created_bar=6061;side=trapped_sellers;lo=1.162975;hi=1.163025;vol=41;reason=close_through;bar=6135
1723|2026-06-17T15:00:01.0240000|TRAP|bar=6135;side=trapped_sellers;vol=3;centroid=1.1622;zone_lo=1.162175;zone_hi=1.162225;n_rows=1;max_ratio=3;close=1.16265;bar_vol=33;fp_vol=33;n_quote=25;n_rule=0
1724|2026-06-17T15:00:01.0440000|TRAP|bar=6136;side=trapped_buyers;vol=10;centroid=1.16265;zone_lo=1.162625;zone_hi=1.162675;n_rows=1;max_ratio=10;close=1.16175;bar_vol=124;fp_vol=124;n_quote=25;n_rule=0
1725|2026-06-17T15:00:01.0600000|TRAP|bar=6139;side=trapped_buyers;vol=14;centroid=1.1616;zone_lo=1.161575;zone_hi=1.161625;n_rows=1;max_ratio=14;close=1.161;bar_vol=35;fp_vol=35;n_quote=25;n_rule=0
1726|2026-06-17T15:00:01.0600000|TRAP|bar=6139;side=trapped_sellers;vol=14;centroid=1.1608;zone_lo=1.160775;zone_hi=1.160825;n_rows=1;max_ratio=14;close=1.161;bar_vol=35;fp_vol=35;n_quote=25;n_rule=0
1727|2026-06-17T15:00:01.1400000|TRAP|bar=6140;side=trapped_sellers;vol=18;centroid=1.161;zone_lo=1.160975;zone_hi=1.161025;n_rows=1;max_ratio=18;close=1.1616;bar_vol=127;fp_vol=127;n_quote=25;n_rule=0
1728|2026-06-17T15:00:01.3000000|TRAP|bar=6143;side=trapped_buyers;vol=7;centroid=1.1617;zone_lo=1.161675;zone_hi=1.161725;n_rows=1;max_ratio=3.5;close=1.16165;bar_vol=32;fp_vol=32;n_quote=25;n_rule=0
1729|2026-06-17T15:00:01.7240000|TRAP|bar=6144;side=trapped_sellers;vol=3;centroid=1.1616;zone_lo=1.161575;zone_hi=1.161625;n_rows=1;max_ratio=3;close=1.16165;bar_vol=34;fp_vol=34;n_quote=25;n_rule=0
1730|2026-06-17T15:00:02.4120000|TRAP|bar=6146;side=trapped_sellers;vol=24;centroid=1.16123541666667;zone_lo=1.161075;zone_hi=1.161375;n_rows=6;max_ratio=5;close=1.16175;bar_vol=52;fp_vol=52;n_quote=25;n_rule=0
1731|2026-06-17T15:00:03.7680000|TRAP|bar=6148;side=trapped_sellers;vol=17;centroid=1.16175;zone_lo=1.161725;zone_hi=1.161775;n_rows=1;max_ratio=8.5;close=1.16195;bar_vol=39;fp_vol=39;n_quote=25;n_rule=0
1732|2026-06-17T15:00:04.3200000|TRAP|bar=6151;side=trapped_buyers;vol=9;centroid=1.1616;zone_lo=1.161575;zone_hi=1.161625;n_rows=1;max_ratio=9;close=1.16155;bar_vol=40;fp_vol=40;n_quote=25;n_rule=0
1733|2026-06-17T15:00:04.3200000|TRAP|bar=6151;side=trapped_sellers;vol=9;centroid=1.1614;zone_lo=1.161375;zone_hi=1.161425;n_rows=1;max_ratio=9;close=1.16155;bar_vol=40;fp_vol=40;n_quote=25;n_rule=0
1734|2026-06-17T15:00:05.4240000|TRAP|bar=6155;side=trapped_sellers;vol=7;centroid=1.16135;zone_lo=1.161325;zone_hi=1.161375;n_rows=1;max_ratio=7;close=1.16165;bar_vol=60;fp_vol=60;n_quote=25;n_rule=0
1735|2026-06-17T15:00:07.1600000|TRAP|bar=6157;side=trapped_sellers;vol=10;centroid=1.16135;zone_lo=1.161325;zone_hi=1.161375;n_rows=1;max_ratio=10;close=1.16155;bar_vol=54;fp_vol=54;n_quote=25;n_rule=0
1736|2026-06-17T15:00:07.6680000|TRAP|bar=6158;side=trapped_sellers;vol=20;centroid=1.1614025;zone_lo=1.161325;zone_hi=1.161475;n_rows=3;max_ratio=11;close=1.16175;bar_vol=35;fp_vol=35;n_quote=25;n_rule=0
1737|2026-06-17T15:00:08.2400000|TRAP|bar=6160;side=trapped_buyers;vol=6;centroid=1.16195;zone_lo=1.161925;zone_hi=1.161975;n_rows=1;max_ratio=6;close=1.1618;bar_vol=36;fp_vol=36;n_quote=25;n_rule=0
1738|2026-06-17T15:00:09.1000000|TRAP|bar=6161;side=trapped_sellers;vol=11;centroid=1.1617;zone_lo=1.161675;zone_hi=1.161725;n_rows=1;max_ratio=11;close=1.16195;bar_vol=63;fp_vol=63;n_quote=25;n_rule=0
1739|2026-06-17T15:00:09.2520000|TRAP|bar=6162;side=trapped_buyers;vol=12;centroid=1.1619;zone_lo=1.161875;zone_hi=1.161925;n_rows=1;max_ratio=12;close=1.16185;bar_vol=58;fp_vol=58;n_quote=25;n_rule=0
1740|2026-06-17T15:00:11.0560000|TRAP|bar=6165;side=trapped_buyers;vol=11;centroid=1.1619;zone_lo=1.161875;zone_hi=1.161925;n_rows=1;max_ratio=11;close=1.16165;bar_vol=34;fp_vol=34;n_quote=25;n_rule=0
1741|2026-06-17T15:00:12.3880000|TRAP|bar=6172;side=trapped_sellers;vol=6;centroid=1.1612;zone_lo=1.161175;zone_hi=1.161225;n_rows=1;max_ratio=6;close=1.16125;bar_vol=51;fp_vol=51;n_quote=25;n_rule=0
1742|2026-06-17T15:00:12.4360000|TRAP|bar=6173;side=trapped_sellers;vol=11;centroid=1.16115;zone_lo=1.161125;zone_hi=1.161175;n_rows=1;max_ratio=3.66666666666667;close=1.1613;bar_vol=39;fp_vol=39;n_quote=25;n_rule=0
1743|2026-06-17T15:00:12.6920000|TRAP|bar=6175;side=trapped_sellers;vol=17;centroid=1.1611;zone_lo=1.161075;zone_hi=1.161125;n_rows=1;max_ratio=17;close=1.1612;bar_vol=57;fp_vol=57;n_quote=25;n_rule=0
1744|2026-06-17T15:00:13.2400000|TRAP|bar=6177;side=trapped_buyers;vol=4;centroid=1.16125;zone_lo=1.161225;zone_hi=1.161275;n_rows=1;max_ratio=4;close=1.1612;bar_vol=36;fp_vol=36;n_quote=25;n_rule=0
1745|2026-06-17T15:00:13.9760000|TRAP|bar=6179;side=trapped_sellers;vol=17;centroid=1.16082941176471;zone_lo=1.160775;zone_hi=1.160875;n_rows=2;max_ratio=10;close=1.1609;bar_vol=61;fp_vol=61;n_quote=25;n_rule=0
1746|2026-06-17T15:00:14.6440000|TRAP|bar=6180;side=trapped_sellers;vol=8;centroid=1.1608;zone_lo=1.160775;zone_hi=1.160825;n_rows=1;max_ratio=8;close=1.16095;bar_vol=44;fp_vol=44;n_quote=25;n_rule=0
1747|2026-06-17T15:00:15.9840000|TRAP|bar=6186;side=trapped_sellers;vol=26;centroid=1.16014615384615;zone_lo=1.160075;zone_hi=1.160225;n_rows=3;max_ratio=12;close=1.16055;bar_vol=59;fp_vol=59;n_quote=25;n_rule=0
1748|2026-06-17T15:00:17.1720000|TRAP|bar=6188;side=trapped_sellers;vol=9;centroid=1.16045;zone_lo=1.160425;zone_hi=1.160475;n_rows=1;max_ratio=9;close=1.1605;bar_vol=49;fp_vol=49;n_quote=25;n_rule=0
1749|2026-06-17T15:00:18.0840000|TRAP|bar=6190;side=trapped_buyers;vol=4;centroid=1.16065;zone_lo=1.160625;zone_hi=1.160675;n_rows=1;max_ratio=4;close=1.1605;bar_vol=50;fp_vol=50;n_quote=25;n_rule=0
1750|2026-06-17T15:00:18.2640000|TRAP|bar=6191;side=trapped_sellers;vol=6;centroid=1.160475;zone_lo=1.160425;zone_hi=1.160525;n_rows=2;max_ratio=3;close=1.1608;bar_vol=40;fp_vol=40;n_quote=25;n_rule=0
1751|2026-06-17T15:00:20.4760000|TRAP|bar=6192;side=trapped_buyers;vol=17;centroid=1.16086470588235;zone_lo=1.160825;zone_hi=1.160925;n_rows=2;max_ratio=5;close=1.1608;bar_vol=46;fp_vol=46;n_quote=25;n_rule=0
1752|2026-06-17T15:00:20.4760000|TRAP|bar=6192;side=trapped_sellers;vol=3;centroid=1.1607;zone_lo=1.160675;zone_hi=1.160725;n_rows=1;max_ratio=3;close=1.1608;bar_vol=46;fp_vol=46;n_quote=25;n_rule=0
1753|2026-06-17T15:00:22.6520000|TRAP|bar=6195;side=trapped_sellers;vol=8;centroid=1.16055;zone_lo=1.160525;zone_hi=1.160575;n_rows=1;max_ratio=8;close=1.1606;bar_vol=39;fp_vol=39;n_quote=25;n_rule=0
1754|2026-06-17T15:00:24.7640000|TRAP|bar=6198;side=trapped_sellers;vol=27;centroid=1.1604;zone_lo=1.160375;zone_hi=1.160425;n_rows=1;max_ratio=27;close=1.16045;bar_vol=100;fp_vol=100;n_quote=25;n_rule=0
1755|2026-06-17T15:00:25.9480000|TRAP|bar=6201;side=trapped_buyers;vol=76;centroid=1.1603;zone_lo=1.160275;zone_hi=1.160325;n_rows=1;max_ratio=3.45454545454545;close=1.16025;bar_vol=119;fp_vol=119;n_quote=25;n_rule=0
1756|2026-06-17T15:00:25.9480000|ZONE_CREATED|zone_id=6201_B;created_bar=6201;side=trapped_buyers;lo=1.160275;hi=1.160325;vol=76
1757|2026-06-17T15:00:26.0040000|ZONE_TOUCHED|zone_id=6201_B;created_bar=6201;side=trapped_buyers;lo=1.160275;hi=1.160325;vol=76;bar=6202;touches=1
1758|2026-06-17T15:00:29.6960000|TRAP|bar=6210;side=trapped_sellers;vol=20;centroid=1.15964;zone_lo=1.159575;zone_hi=1.159675;n_rows=2;max_ratio=8;close=1.1598;bar_vol=41;fp_vol=41;n_quote=25;n_rule=0
1759|2026-06-17T15:00:30.0160000|TRAP|bar=6213;side=trapped_sellers;vol=24;centroid=1.15943333333333;zone_lo=1.159375;zone_hi=1.159475;n_rows=2;max_ratio=16;close=1.1596;bar_vol=44;fp_vol=44;n_quote=25;n_rule=0
1760|2026-06-17T15:00:30.4120000|TRAP|bar=6214;side=trapped_sellers;vol=10;centroid=1.1595;zone_lo=1.159475;zone_hi=1.159525;n_rows=1;max_ratio=10;close=1.15955;bar_vol=30;fp_vol=30;n_quote=25;n_rule=0
1761|2026-06-17T15:00:32.6960000|TRAP|bar=6218;side=trapped_sellers;vol=6;centroid=1.15945;zone_lo=1.159425;zone_hi=1.159475;n_rows=1;max_ratio=6;close=1.1596;bar_vol=38;fp_vol=38;n_quote=25;n_rule=0
1762|2026-06-17T15:00:33.7720000|TRAP|bar=6220;side=trapped_sellers;vol=6;centroid=1.1594;zone_lo=1.159375;zone_hi=1.159425;n_rows=1;max_ratio=6;close=1.1596;bar_vol=27;fp_vol=27;n_quote=25;n_rule=0
1763|2026-06-17T15:00:36.4120000|TRAP|bar=6223;side=trapped_sellers;vol=12;centroid=1.15955;zone_lo=1.159525;zone_hi=1.159575;n_rows=1;max_ratio=12;close=1.15975;bar_vol=35;fp_vol=35;n_quote=25;n_rule=0
1764|2026-06-17T15:00:37.6080000|TRAP|bar=6224;side=trapped_buyers;vol=3;centroid=1.1598;zone_lo=1.159775;zone_hi=1.159825;n_rows=1;max_ratio=3;close=1.1596;bar_vol=51;fp_vol=51;n_quote=25;n_rule=0
1765|2026-06-17T15:00:38.3760000|TRAP|bar=6225;side=trapped_buyers;vol=17;centroid=1.15965;zone_lo=1.159625;zone_hi=1.159675;n_rows=1;max_ratio=3.4;close=1.1596;bar_vol=52;fp_vol=52;n_quote=25;n_rule=0
1766|2026-06-17T15:00:39.3160000|TRAP|bar=6226;side=trapped_sellers;vol=7;centroid=1.1595;zone_lo=1.159475;zone_hi=1.159525;n_rows=1;max_ratio=7;close=1.1596;bar_vol=29;fp_vol=29;n_quote=25;n_rule=0
1767|2026-06-17T15:00:40.3200000|TRAP|bar=6227;side=trapped_sellers;vol=11;centroid=1.15955;zone_lo=1.159525;zone_hi=1.159575;n_rows=1;max_ratio=11;close=1.1596;bar_vol=31;fp_vol=31;n_quote=25;n_rule=0
1768|2026-06-17T15:00:44.6440000|TRAP|bar=6230;side=trapped_buyers;vol=21;centroid=1.15963333333333;zone_lo=1.159575;zone_hi=1.159675;n_rows=2;max_ratio=14;close=1.15955;bar_vol=63;fp_vol=63;n_quote=25;n_rule=0
1769|2026-06-17T15:00:51.1760000|TRAP|bar=6235;side=trapped_sellers;vol=3;centroid=1.159;zone_lo=1.158975;zone_hi=1.159025;n_rows=1;max_ratio=3;close=1.1591;bar_vol=32;fp_vol=32;n_quote=25;n_rule=0
1770|2026-06-17T15:00:53.4040000|TRAP|bar=6240;side=trapped_buyers;vol=6;centroid=1.15905;zone_lo=1.159025;zone_hi=1.159075;n_rows=1;max_ratio=6;close=1.1589;bar_vol=37;fp_vol=37;n_quote=25;n_rule=0
1771|2026-06-17T15:00:58.5240000|TRAP|bar=6245;side=trapped_sellers;vol=16;centroid=1.15885;zone_lo=1.158825;zone_hi=1.158875;n_rows=1;max_ratio=16;close=1.1589;bar_vol=45;fp_vol=45;n_quote=25;n_rule=0
1772|2026-06-17T15:00:59.4200000|TRAP|bar=6247;side=trapped_sellers;vol=6;centroid=1.1587;zone_lo=1.158675;zone_hi=1.158725;n_rows=1;max_ratio=6;close=1.15895;bar_vol=32;fp_vol=32;n_quote=25;n_rule=0
1773|2026-06-17T15:01:00.4240000|TRAP|bar=6249;side=trapped_sellers;vol=4;centroid=1.1587;zone_lo=1.158675;zone_hi=1.158725;n_rows=1;max_ratio=4;close=1.1588;bar_vol=35;fp_vol=35;n_quote=25;n_rule=0
1774|2026-06-17T15:01:00.8160000|TRAP|bar=6250;side=trapped_buyers;vol=12;centroid=1.1589;zone_lo=1.158875;zone_hi=1.158925;n_rows=1;max_ratio=12;close=1.15875;bar_vol=38;fp_vol=38;n_quote=25;n_rule=0
1775|2026-06-17T15:01:02.1200000|TRAP|bar=6253;side=trapped_sellers;vol=8;centroid=1.1587;zone_lo=1.158675;zone_hi=1.158725;n_rows=1;max_ratio=8;close=1.15885;bar_vol=33;fp_vol=33;n_quote=25;n_rule=0
1776|2026-06-17T15:01:02.9560000|TRAP|bar=6254;side=trapped_buyers;vol=19;centroid=1.15885;zone_lo=1.158825;zone_hi=1.158875;n_rows=1;max_ratio=4.75;close=1.1588;bar_vol=42;fp_vol=42;n_quote=25;n_rule=0
1777|2026-06-17T15:01:06.0920000|TRAP|bar=6261;side=trapped_sellers;vol=3;centroid=1.1589;zone_lo=1.158875;zone_hi=1.158925;n_rows=1;max_ratio=3;close=1.15915;bar_vol=30;fp_vol=30;n_quote=25;n_rule=0
1778|2026-06-17T15:01:11.1680000|TRAP|bar=6266;side=trapped_buyers;vol=11;centroid=1.15965;zone_lo=1.159625;zone_hi=1.159675;n_rows=1;max_ratio=11;close=1.1596;bar_vol=36;fp_vol=36;n_quote=25;n_rule=0
1779|2026-06-17T15:01:13.3960000|TRAP|bar=6267;side=trapped_buyers;vol=13;centroid=1.15965;zone_lo=1.159625;zone_hi=1.159675;n_rows=1;max_ratio=13;close=1.1595;bar_vol=37;fp_vol=37;n_quote=25;n_rule=0
1780|2026-06-17T15:01:13.3960000|TRAP|bar=6267;side=trapped_sellers;vol=14;centroid=1.15945;zone_lo=1.159425;zone_hi=1.159475;n_rows=1;max_ratio=7;close=1.1595;bar_vol=37;fp_vol=37;n_quote=25;n_rule=0
1781|2026-06-17T15:01:20.5240000|TRAP|bar=6275;side=trapped_buyers;vol=7;centroid=1.1598;zone_lo=1.159775;zone_hi=1.159825;n_rows=1;max_ratio=3.5;close=1.1597;bar_vol=29;fp_vol=29;n_quote=25;n_rule=0
1782|2026-06-17T15:01:25.5320000|TRAP|bar=6278;side=trapped_sellers;vol=11;centroid=1.1595;zone_lo=1.159475;zone_hi=1.159525;n_rows=1;max_ratio=11;close=1.1597;bar_vol=32;fp_vol=32;n_quote=25;n_rule=0
1783|2026-06-17T15:01:27.6200000|TRAP|bar=6279;side=trapped_sellers;vol=20;centroid=1.1597;zone_lo=1.159675;zone_hi=1.159725;n_rows=1;max_ratio=3.33333333333333;close=1.15975;bar_vol=43;fp_vol=43;n_quote=25;n_rule=0
1784|2026-06-17T15:01:33.6400000|TRAP|bar=6285;side=trapped_buyers;vol=10;centroid=1.1602;zone_lo=1.160175;zone_hi=1.160225;n_rows=1;max_ratio=10;close=1.16005;bar_vol=32;fp_vol=32;n_quote=25;n_rule=0
1785|2026-06-17T15:01:45.3320000|TRAP|bar=6292;side=trapped_sellers;vol=9;centroid=1.1601;zone_lo=1.160075;zone_hi=1.160125;n_rows=1;max_ratio=3;close=1.16015;bar_vol=34;fp_vol=34;n_quote=25;n_rule=0
1786|2026-06-17T15:01:50.0480000|TRAP|bar=6296;side=trapped_sellers;vol=21;centroid=1.15990714285714;zone_lo=1.159875;zone_hi=1.159975;n_rows=2;max_ratio=18;close=1.16005;bar_vol=50;fp_vol=50;n_quote=25;n_rule=0
1787|2026-06-17T15:01:53.3880000|ZONE_TOUCHED|zone_id=6201_B;created_bar=6201;side=trapped_buyers;lo=1.160275;hi=1.160325;vol=76;bar=6298;touches=2
1788|2026-06-17T15:01:53.3880000|TRAP|bar=6298;side=trapped_sellers;vol=4;centroid=1.16015;zone_lo=1.160125;zone_hi=1.160175;n_rows=1;max_ratio=4;close=1.1602;bar_vol=44;fp_vol=44;n_quote=25;n_rule=0
1789|2026-06-17T15:01:56.1520000|ZONE_TOUCHED|zone_id=6201_B;created_bar=6201;side=trapped_buyers;lo=1.160275;hi=1.160325;vol=76;bar=6300;touches=3
1790|2026-06-17T15:01:56.1520000|ZONE_INVALIDATED|zone_id=6201_B;created_bar=6201;side=trapped_buyers;lo=1.160275;hi=1.160325;vol=76;reason=close_through;bar=6300
1791|2026-06-17T15:01:57.0280000|TRAP|bar=6302;side=trapped_sellers;vol=12;centroid=1.1602;zone_lo=1.160175;zone_hi=1.160225;n_rows=1;max_ratio=12;close=1.16025;bar_vol=35;fp_vol=35;n_quote=25;n_rule=0
1792|2026-06-17T15:02:03.0560000|TRAP|bar=6309;side=trapped_sellers;vol=4;centroid=1.1606;zone_lo=1.160575;zone_hi=1.160625;n_rows=1;max_ratio=4;close=1.16075;bar_vol=43;fp_vol=43;n_quote=25;n_rule=0
1793|2026-06-17T15:02:07.5320000|TRAP|bar=6316;side=trapped_sellers;vol=5;centroid=1.1604;zone_lo=1.160375;zone_hi=1.160425;n_rows=1;max_ratio=5;close=1.16045;bar_vol=47;fp_vol=47;n_quote=25;n_rule=0
1794|2026-06-17T15:02:10.0640000|TRAP|bar=6319;side=trapped_buyers;vol=14;centroid=1.16065;zone_lo=1.160625;zone_hi=1.160675;n_rows=1;max_ratio=14;close=1.16055;bar_vol=45;fp_vol=45;n_quote=25;n_rule=0
1795|2026-06-17T15:02:11.4640000|TRAP|bar=6321;side=trapped_buyers;vol=6;centroid=1.1605;zone_lo=1.160475;zone_hi=1.160525;n_rows=1;max_ratio=3;close=1.16035;bar_vol=36;fp_vol=36;n_quote=25;n_rule=0
1796|2026-06-17T15:02:33.9120000|TRAP|bar=6328;side=trapped_buyers;vol=13;centroid=1.16005;zone_lo=1.160025;zone_hi=1.160075;n_rows=1;max_ratio=3.25;close=1.15995;bar_vol=25;fp_vol=25;n_quote=25;n_rule=0
1797|2026-06-17T15:02:42.1640000|TRAP|bar=6332;side=trapped_sellers;vol=15;centroid=1.15965;zone_lo=1.159625;zone_hi=1.159675;n_rows=1;max_ratio=15;close=1.1598;bar_vol=34;fp_vol=34;n_quote=25;n_rule=0
1798|2026-06-17T15:03:00.3120000|TRAP|bar=6339;side=trapped_buyers;vol=6;centroid=1.15995;zone_lo=1.159925;zone_hi=1.159975;n_rows=1;max_ratio=6;close=1.1598;bar_vol=32;fp_vol=32;n_quote=25;n_rule=0
1799|2026-06-17T15:03:05.3560000|TRAP|bar=6342;side=trapped_sellers;vol=16;centroid=1.1597;zone_lo=1.159675;zone_hi=1.159725;n_rows=1;max_ratio=8;close=1.15975;bar_vol=97;fp_vol=97;n_quote=25;n_rule=0
1800|2026-06-17T15:03:09.0440000|TRAP|bar=6345;side=trapped_buyers;vol=8;centroid=1.15965;zone_lo=1.159625;zone_hi=1.159675;n_rows=1;max_ratio=8;close=1.15955;bar_vol=64;fp_vol=64;n_quote=25;n_rule=0
1801|2026-06-17T15:03:09.5120000|TRAP|bar=6347;side=trapped_sellers;vol=9;centroid=1.1594;zone_lo=1.159375;zone_hi=1.159425;n_rows=1;max_ratio=9;close=1.1596;bar_vol=43;fp_vol=43;n_quote=25;n_rule=0
1802|2026-06-17T15:03:13.2000000|TRAP|bar=6349;side=trapped_sellers;vol=9;centroid=1.1595;zone_lo=1.159475;zone_hi=1.159525;n_rows=1;max_ratio=9;close=1.15955;bar_vol=46;fp_vol=46;n_quote=25;n_rule=0
1803|2026-06-17T15:03:15.7920000|TRAP|bar=6351;side=trapped_sellers;vol=3;centroid=1.15945;zone_lo=1.159425;zone_hi=1.159475;n_rows=1;max_ratio=3;close=1.15955;bar_vol=31;fp_vol=31;n_quote=25;n_rule=0
1804|2026-06-17T15:03:16.0320000|TRAP|bar=6353;side=trapped_sellers;vol=10;centroid=1.15945;zone_lo=1.159425;zone_hi=1.159475;n_rows=1;max_ratio=3.33333333333333;close=1.1596;bar_vol=27;fp_vol=27;n_quote=25;n_rule=0
1805|2026-06-17T15:03:20.5680000|TRAP|bar=6357;side=trapped_buyers;vol=3;centroid=1.1599;zone_lo=1.159875;zone_hi=1.159925;n_rows=1;max_ratio=3;close=1.1597;bar_vol=44;fp_vol=44;n_quote=25;n_rule=0
1806|2026-06-17T15:03:21.0000000|TRAP|bar=6359;side=trapped_sellers;vol=4;centroid=1.1597;zone_lo=1.159675;zone_hi=1.159725;n_rows=1;max_ratio=4;close=1.15985;bar_vol=77;fp_vol=77;n_quote=25;n_rule=0
1807|2026-06-17T15:03:35.8800000|TRAP|bar=6365;side=trapped_buyers;vol=6;centroid=1.16035;zone_lo=1.160325;zone_hi=1.160375;n_rows=1;max_ratio=6;close=1.1603;bar_vol=37;fp_vol=37;n_quote=25;n_rule=0
1808|2026-06-17T15:03:57.5000000|TRAP|bar=6379;side=trapped_buyers;vol=3;centroid=1.1603;zone_lo=1.160275;zone_hi=1.160325;n_rows=1;max_ratio=3;close=1.16025;bar_vol=236;fp_vol=236;n_quote=25;n_rule=0
1809|2026-06-17T15:03:57.5000000|TRAP|bar=6379;side=trapped_sellers;vol=6;centroid=1.16015;zone_lo=1.160125;zone_hi=1.160175;n_rows=1;max_ratio=6;close=1.16025;bar_vol=236;fp_vol=236;n_quote=25;n_rule=0
1810|2026-06-17T15:03:59.9200000|TRAP|bar=6381;side=trapped_buyers;vol=21;centroid=1.16025;zone_lo=1.160225;zone_hi=1.160275;n_rows=1;max_ratio=21;close=1.1602;bar_vol=30;fp_vol=30;n_quote=25;n_rule=0
1811|2026-06-17T15:04:01.3120000|TRAP|bar=6384;side=trapped_buyers;vol=7;centroid=1.16035;zone_lo=1.160325;zone_hi=1.160375;n_rows=1;max_ratio=7;close=1.1602;bar_vol=40;fp_vol=40;n_quote=25;n_rule=0
1812|2026-06-17T15:04:09.1240000|TRAP|bar=6388;side=trapped_buyers;vol=10;centroid=1.16015;zone_lo=1.160125;zone_hi=1.160175;n_rows=1;max_ratio=10;close=1.1601;bar_vol=31;fp_vol=31;n_quote=25;n_rule=0
1813|2026-06-17T15:04:13.6880000|TRAP|bar=6390;side=trapped_buyers;vol=4;centroid=1.1602;zone_lo=1.160175;zone_hi=1.160225;n_rows=1;max_ratio=4;close=1.1601;bar_vol=32;fp_vol=32;n_quote=25;n_rule=0
1814|2026-06-17T15:04:41.2120000|TRAP|bar=6396;side=trapped_sellers;vol=15;centroid=1.1595;zone_lo=1.159475;zone_hi=1.159525;n_rows=1;max_ratio=5;close=1.15955;bar_vol=46;fp_vol=46;n_quote=25;n_rule=0
1815|2026-06-17T15:04:43.4960000|TRAP|bar=6400;side=trapped_buyers;vol=23;centroid=1.1595;zone_lo=1.159475;zone_hi=1.159525;n_rows=1;max_ratio=3.83333333333333;close=1.1594;bar_vol=47;fp_vol=47;n_quote=25;n_rule=0
1816|2026-06-17T15:05:00.7040000|TRAP|bar=6404;side=trapped_sellers;vol=15;centroid=1.15945;zone_lo=1.159425;zone_hi=1.159475;n_rows=1;max_ratio=7.5;close=1.1595;bar_vol=25;fp_vol=25;n_quote=25;n_rule=0
1817|2026-06-17T15:05:00.7160000|TRAP|bar=6405;side=trapped_sellers;vol=5;centroid=1.1594;zone_lo=1.159375;zone_hi=1.159425;n_rows=1;max_ratio=5;close=1.15955;bar_vol=38;fp_vol=38;n_quote=25;n_rule=0
1818|2026-06-17T15:05:02.5480000|TRAP|bar=6407;side=trapped_buyers;vol=26;centroid=1.15961538461538;zone_lo=1.159575;zone_hi=1.159675;n_rows=2;max_ratio=8;close=1.15945;bar_vol=35;fp_vol=35;n_quote=25;n_rule=0
1819|2026-06-17T15:05:10.0680000|TRAP|bar=6411;side=trapped_buyers;vol=30;centroid=1.1593;zone_lo=1.159275;zone_hi=1.159325;n_rows=1;max_ratio=15;close=1.15925;bar_vol=38;fp_vol=38;n_quote=25;n_rule=0
1820|2026-06-17T15:05:10.0680000|ZONE_CREATED|zone_id=6411_B;created_bar=6411;side=trapped_buyers;lo=1.159275;hi=1.159325;vol=30
1821|2026-06-17T15:05:11.7520000|ZONE_TOUCHED|zone_id=6411_B;created_bar=6411;side=trapped_buyers;lo=1.159275;hi=1.159325;vol=30;bar=6412;touches=1
1822|2026-06-17T15:05:21.0920000|TRAP|bar=6418;side=trapped_sellers;vol=50;centroid=1.15895;zone_lo=1.158925;zone_hi=1.158975;n_rows=1;max_ratio=50;close=1.15915;bar_vol=83;fp_vol=83;n_quote=25;n_rule=0
1823|2026-06-17T15:05:21.0920000|ZONE_CREATED|zone_id=6418_S;created_bar=6418;side=trapped_sellers;lo=1.158925;hi=1.158975;vol=50
1824|2026-06-17T15:05:22.9240000|ZONE_TOUCHED|zone_id=6418_S;created_bar=6418;side=trapped_sellers;lo=1.158925;hi=1.158975;vol=50;bar=6420;touches=1
1825|2026-06-17T15:05:26.0160000|ZONE_TOUCHED|zone_id=6418_S;created_bar=6418;side=trapped_sellers;lo=1.158925;hi=1.158975;vol=50;bar=6421;touches=2
1826|2026-06-17T15:05:26.0160000|ZONE_INVALIDATED|zone_id=6418_S;created_bar=6418;side=trapped_sellers;lo=1.158925;hi=1.158975;vol=50;reason=close_through;bar=6421
1827|2026-06-17T15:05:26.0160000|TRAP|bar=6421;side=trapped_buyers;vol=7;centroid=1.15905;zone_lo=1.159025;zone_hi=1.159075;n_rows=1;max_ratio=7;close=1.1589;bar_vol=39;fp_vol=39;n_quote=25;n_rule=0
1828|2026-06-17T15:05:39.0080000|TRAP|bar=6429;side=trapped_buyers;vol=38;centroid=1.1588;zone_lo=1.158775;zone_hi=1.158825;n_rows=1;max_ratio=4.75;close=1.15875;bar_vol=49;fp_vol=49;n_quote=25;n_rule=0
1829|2026-06-17T15:05:39.0080000|ZONE_CREATED|zone_id=6429_B;created_bar=6429;side=trapped_buyers;lo=1.158775;hi=1.158825;vol=38
1830|2026-06-17T15:05:46.6320000|TRAP|bar=6433;side=trapped_buyers;vol=4;centroid=1.1586;zone_lo=1.158575;zone_hi=1.158625;n_rows=1;max_ratio=4;close=1.15855;bar_vol=45;fp_vol=45;n_quote=25;n_rule=0
1831|2026-06-17T15:05:52.0240000|ZONE_TOUCHED|zone_id=6429_B;created_bar=6429;side=trapped_buyers;lo=1.158775;hi=1.158825;vol=38;bar=6436;touches=1
1832|2026-06-17T15:05:52.0240000|TRAP|bar=6436;side=trapped_sellers;vol=18;centroid=1.1587;zone_lo=1.158675;zone_hi=1.158725;n_rows=1;max_ratio=3;close=1.1588;bar_vol=44;fp_vol=44;n_quote=25;n_rule=0
1833|2026-06-17T15:05:53.1840000|ZONE_TOUCHED|zone_id=6429_B;created_bar=6429;side=trapped_buyers;lo=1.158775;hi=1.158825;vol=38;bar=6437;touches=2
1834|2026-06-17T15:05:53.1840000|ZONE_INVALIDATED|zone_id=6429_B;created_bar=6429;side=trapped_buyers;lo=1.158775;hi=1.158825;vol=38;reason=close_through;bar=6437
1835|2026-06-17T15:05:53.1840000|TRAP|bar=6437;side=trapped_sellers;vol=20;centroid=1.15875;zone_lo=1.158725;zone_hi=1.158775;n_rows=1;max_ratio=5;close=1.15885;bar_vol=44;fp_vol=44;n_quote=25;n_rule=0
1836|2026-06-17T15:06:05.1320000|TRAP|bar=6444;side=trapped_sellers;vol=22;centroid=1.159;zone_lo=1.158975;zone_hi=1.159025;n_rows=1;max_ratio=3.66666666666667;close=1.15905;bar_vol=40;fp_vol=40;n_quote=25;n_rule=0
1837|2026-06-17T15:06:15.4720000|ZONE_TOUCHED|zone_id=6411_B;created_bar=6411;side=trapped_buyers;lo=1.159275;hi=1.159325;vol=30;bar=6447;touches=2
1838|2026-06-17T15:06:17.2240000|ZONE_TOUCHED|zone_id=6411_B;created_bar=6411;side=trapped_buyers;lo=1.159275;hi=1.159325;vol=30;bar=6448;touches=3
1839|2026-06-17T15:06:17.2240000|ZONE_INVALIDATED|zone_id=6411_B;created_bar=6411;side=trapped_buyers;lo=1.159275;hi=1.159325;vol=30;reason=close_through;bar=6448
1840|2026-06-17T15:06:17.2240000|TRAP|bar=6448;side=trapped_sellers;vol=13;centroid=1.1593;zone_lo=1.159275;zone_hi=1.159325;n_rows=1;max_ratio=13;close=1.15935;bar_vol=45;fp_vol=45;n_quote=25;n_rule=0
1841|2026-06-17T15:06:18.6240000|TRAP|bar=6449;side=trapped_buyers;vol=25;centroid=1.1594;zone_lo=1.159375;zone_hi=1.159425;n_rows=1;max_ratio=6.25;close=1.15925;bar_vol=44;fp_vol=44;n_quote=25;n_rule=0
1842|2026-06-17T15:06:22.0120000|TRAP|bar=6450;side=trapped_sellers;vol=31;centroid=1.1592;zone_lo=1.159175;zone_hi=1.159225;n_rows=1;max_ratio=6.2;close=1.1593;bar_vol=62;fp_vol=62;n_quote=25;n_rule=0
1843|2026-06-17T15:06:22.0120000|ZONE_CREATED|zone_id=6450_S;created_bar=6450;side=trapped_sellers;lo=1.159175;hi=1.159225;vol=31
1844|2026-06-17T15:06:29.3800000|TRAP|bar=6454;side=trapped_buyers;vol=12;centroid=1.1595;zone_lo=1.159475;zone_hi=1.159525;n_rows=1;max_ratio=12;close=1.15935;bar_vol=51;fp_vol=51;n_quote=25;n_rule=0
1845|2026-06-17T15:06:43.5360000|ZONE_TOUCHED|zone_id=6450_S;created_bar=6450;side=trapped_sellers;lo=1.159175;hi=1.159225;vol=31;bar=6457;touches=1
1846|2026-06-17T15:06:43.5360000|ZONE_INVALIDATED|zone_id=6450_S;created_bar=6450;side=trapped_sellers;lo=1.159175;hi=1.159225;vol=31;reason=close_through;bar=6457
1847|2026-06-17T15:06:43.5360000|TRAP|bar=6457;side=trapped_buyers;vol=16;centroid=1.1593;zone_lo=1.159275;zone_hi=1.159325;n_rows=1;max_ratio=5.33333333333333;close=1.15915;bar_vol=36;fp_vol=36;n_quote=25;n_rule=0
1848|2026-06-17T15:07:16.1120000|TRAP|bar=6468;side=trapped_sellers;vol=5;centroid=1.159;zone_lo=1.158975;zone_hi=1.159025;n_rows=1;max_ratio=5;close=1.1591;bar_vol=63;fp_vol=63;n_quote=25;n_rule=0
1849|2026-06-17T15:07:16.9960000|TRAP|bar=6469;side=trapped_buyers;vol=25;centroid=1.1591;zone_lo=1.159075;zone_hi=1.159125;n_rows=1;max_ratio=4.16666666666667;close=1.15905;bar_vol=39;fp_vol=39;n_quote=25;n_rule=0
1850|2026-06-17T15:07:28.1400000|TRAP|bar=6477;side=trapped_sellers;vol=28;centroid=1.1592;zone_lo=1.159175;zone_hi=1.159225;n_rows=1;max_ratio=14;close=1.15925;bar_vol=32;fp_vol=32;n_quote=25;n_rule=0
1851|2026-06-17T15:07:58.0000000|TRAP|bar=6490;side=trapped_buyers;vol=9;centroid=1.1593;zone_lo=1.159275;zone_hi=1.159325;n_rows=1;max_ratio=9;close=1.15915;bar_vol=59;fp_vol=59;n_quote=25;n_rule=0
1852|2026-06-17T15:09:02.5920000|TRAP|bar=6511;side=trapped_sellers;vol=22;centroid=1.1586;zone_lo=1.158575;zone_hi=1.158625;n_rows=1;max_ratio=7.33333333333333;close=1.15865;bar_vol=56;fp_vol=56;n_quote=25;n_rule=0
1853|2026-06-17T15:09:14.8800000|TRAP|bar=6514;side=trapped_buyers;vol=8;centroid=1.1588;zone_lo=1.158775;zone_hi=1.158825;n_rows=1;max_ratio=4;close=1.1587;bar_vol=30;fp_vol=30;n_quote=25;n_rule=0
1854|2026-06-17T15:09:19.6320000|TRAP|bar=6515;side=trapped_buyers;vol=26;centroid=1.15885;zone_lo=1.158825;zone_hi=1.158875;n_rows=1;max_ratio=4.33333333333333;close=1.1588;bar_vol=46;fp_vol=46;n_quote=25;n_rule=0
1855|2026-06-17T15:09:57.0040000|TRAP|bar=6530;side=trapped_buyers;vol=7;centroid=1.1589;zone_lo=1.158875;zone_hi=1.158925;n_rows=1;max_ratio=7;close=1.15875;bar_vol=47;fp_vol=47;n_quote=25;n_rule=0
1856|2026-06-17T15:10:24.3760000|TRAP|bar=6535;side=trapped_buyers;vol=3;centroid=1.15865;zone_lo=1.158625;zone_hi=1.158675;n_rows=1;max_ratio=3;close=1.15855;bar_vol=44;fp_vol=44;n_quote=25;n_rule=0
1857|2026-06-17T15:10:25.4840000|TRAP|bar=6536;side=trapped_buyers;vol=13;centroid=1.15865;zone_lo=1.158625;zone_hi=1.158675;n_rows=1;max_ratio=3.25;close=1.15855;bar_vol=55;fp_vol=55;n_quote=25;n_rule=0
1858|2026-06-17T15:10:42.0200000|TRAP|bar=6538;side=trapped_buyers;vol=8;centroid=1.15868125;zone_lo=1.158625;zone_hi=1.158725;n_rows=2;max_ratio=5;close=1.1585;bar_vol=56;fp_vol=56;n_quote=25;n_rule=0
1859|2026-06-17T15:10:55.4800000|TRAP|bar=6540;side=trapped_buyers;vol=10;centroid=1.15865;zone_lo=1.158625;zone_hi=1.158675;n_rows=1;max_ratio=5;close=1.15855;bar_vol=34;fp_vol=34;n_quote=25;n_rule=0
1860|2026-06-17T15:11:32.6200000|TRAP|bar=6551;side=trapped_buyers;vol=21;centroid=1.1587;zone_lo=1.158675;zone_hi=1.158725;n_rows=1;max_ratio=5.25;close=1.1586;bar_vol=31;fp_vol=31;n_quote=25;n_rule=0
1861|2026-06-17T15:12:54.5120000|TRAP|bar=6570;side=trapped_sellers;vol=35;centroid=1.1587;zone_lo=1.158675;zone_hi=1.158725;n_rows=1;max_ratio=5.83333333333333;close=1.15875;bar_vol=56;fp_vol=56;n_quote=25;n_rule=0
1862|2026-06-17T15:12:54.5120000|ZONE_CREATED|zone_id=6570_S;created_bar=6570;side=trapped_sellers;lo=1.158675;hi=1.158725;vol=35
1863|2026-06-17T15:12:59.1120000|ZONE_TOUCHED|zone_id=6570_S;created_bar=6570;side=trapped_sellers;lo=1.158675;hi=1.158725;vol=35;bar=6571;touches=1
1864|2026-06-17T15:12:59.1120000|TRAP|bar=6571;side=trapped_buyers;vol=22;centroid=1.15875;zone_lo=1.158725;zone_hi=1.158775;n_rows=1;max_ratio=5.5;close=1.1587;bar_vol=51;fp_vol=51;n_quote=25;n_rule=0
1865|2026-06-17T15:13:00.2640000|ZONE_TOUCHED|zone_id=6570_S;created_bar=6570;side=trapped_sellers;lo=1.158675;hi=1.158725;vol=35;bar=6572;touches=2
1866|2026-06-17T15:13:00.6400000|ZONE_TOUCHED|zone_id=6570_S;created_bar=6570;side=trapped_sellers;lo=1.158675;hi=1.158725;vol=35;bar=6573;touches=3
1867|2026-06-17T15:13:07.2560000|ZONE_TOUCHED|zone_id=6570_S;created_bar=6570;side=trapped_sellers;lo=1.158675;hi=1.158725;vol=35;bar=6574;touches=4
1868|2026-06-17T15:13:07.2560000|ZONE_INVALIDATED|zone_id=6570_S;created_bar=6570;side=trapped_sellers;lo=1.158675;hi=1.158725;vol=35;reason=close_through;bar=6574
1869|2026-06-17T15:13:07.2560000|TRAP|bar=6574;side=trapped_buyers;vol=8;centroid=1.15875;zone_lo=1.158725;zone_hi=1.158775;n_rows=1;max_ratio=8;close=1.15865;bar_vol=43;fp_vol=43;n_quote=25;n_rule=0
1870|2026-06-17T15:13:23.6800000|TRAP|bar=6578;side=trapped_sellers;vol=7;centroid=1.1584;zone_lo=1.158375;zone_hi=1.158425;n_rows=1;max_ratio=3.5;close=1.15845;bar_vol=56;fp_vol=56;n_quote=25;n_rule=0
1871|2026-06-17T15:13:34.6480000|TRAP|bar=6580;side=trapped_sellers;vol=13;centroid=1.1583;zone_lo=1.158275;zone_hi=1.158325;n_rows=1;max_ratio=13;close=1.1585;bar_vol=45;fp_vol=45;n_quote=25;n_rule=0
1872|2026-06-17T15:13:53.6440000|TRAP|bar=6583;side=trapped_buyers;vol=8;centroid=1.1586;zone_lo=1.158575;zone_hi=1.158625;n_rows=1;max_ratio=4;close=1.1585;bar_vol=35;fp_vol=35;n_quote=25;n_rule=0
1873|2026-06-17T15:13:57.7880000|TRAP|bar=6584;side=trapped_buyers;vol=9;centroid=1.15855;zone_lo=1.158525;zone_hi=1.158575;n_rows=1;max_ratio=3;close=1.1584;bar_vol=40;fp_vol=40;n_quote=25;n_rule=0
1874|2026-06-17T15:14:18.8880000|ZONE_EXPIRED|zone_id=4592_B;created_bar=4592;side=trapped_buyers;lo=1.165675;hi=1.165725;vol=30;bar=6593
1875|2026-06-17T15:14:31.9000000|TRAP|bar=6598;side=trapped_buyers;vol=16;centroid=1.1587;zone_lo=1.158675;zone_hi=1.158725;n_rows=1;max_ratio=4;close=1.15865;bar_vol=46;fp_vol=46;n_quote=25;n_rule=0
1876|2026-06-17T15:15:27.8280000|TRAP|bar=6608;side=trapped_sellers;vol=17;centroid=1.15865;zone_lo=1.158625;zone_hi=1.158675;n_rows=1;max_ratio=8.5;close=1.1587;bar_vol=37;fp_vol=37;n_quote=25;n_rule=0
1877|2026-06-17T15:15:37.6440000|TRAP|bar=6610;side=trapped_sellers;vol=19;centroid=1.1586;zone_lo=1.158575;zone_hi=1.158625;n_rows=1;max_ratio=3.16666666666667;close=1.15865;bar_vol=28;fp_vol=28;n_quote=25;n_rule=0
1878|2026-06-17T15:16:15.9600000|TRAP|bar=6618;side=trapped_buyers;vol=19;centroid=1.1586;zone_lo=1.158575;zone_hi=1.158625;n_rows=1;max_ratio=3.16666666666667;close=1.1585;bar_vol=49;fp_vol=49;n_quote=25;n_rule=0
1879|2026-06-17T15:16:25.6120000|TRAP|bar=6622;side=trapped_sellers;vol=24;centroid=1.1586;zone_lo=1.158575;zone_hi=1.158625;n_rows=1;max_ratio=8;close=1.15865;bar_vol=34;fp_vol=34;n_quote=25;n_rule=0
1880|2026-06-17T15:16:57.3080000|TRAP|bar=6628;side=trapped_buyers;vol=32;centroid=1.1588;zone_lo=1.158775;zone_hi=1.158825;n_rows=1;max_ratio=10.6666666666667;close=1.1587;bar_vol=48;fp_vol=48;n_quote=25;n_rule=0
1881|2026-06-17T15:16:57.3080000|ZONE_CREATED|zone_id=6628_B;created_bar=6628;side=trapped_buyers;lo=1.158775;hi=1.158825;vol=32
1882|2026-06-17T15:17:00.4840000|ZONE_TOUCHED|zone_id=6628_B;created_bar=6628;side=trapped_buyers;lo=1.158775;hi=1.158825;vol=32;bar=6629;touches=1
1883|2026-06-17T15:17:06.0480000|ZONE_TOUCHED|zone_id=6628_B;created_bar=6628;side=trapped_buyers;lo=1.158775;hi=1.158825;vol=32;bar=6630;touches=2
1884|2026-06-17T15:17:06.0480000|TRAP|bar=6630;side=trapped_buyers;vol=3;centroid=1.1588;zone_lo=1.158775;zone_hi=1.158825;n_rows=1;max_ratio=3;close=1.1587;bar_vol=36;fp_vol=36;n_quote=25;n_rule=0
1885|2026-06-17T15:17:09.6440000|TRAP|bar=6631;side=trapped_buyers;vol=45;centroid=1.1587;zone_lo=1.158675;zone_hi=1.158725;n_rows=1;max_ratio=22.5;close=1.15865;bar_vol=62;fp_vol=62;n_quote=25;n_rule=0
1886|2026-06-17T15:17:09.6440000|ZONE_CREATED|zone_id=6631_B;created_bar=6631;side=trapped_buyers;lo=1.158675;hi=1.158725;vol=45
1887|2026-06-17T15:17:12.1200000|ZONE_TOUCHED|zone_id=6631_B;created_bar=6631;side=trapped_buyers;lo=1.158675;hi=1.158725;vol=45;bar=6632;touches=1
1888|2026-06-17T15:17:12.1200000|ZONE_INVALIDATED|zone_id=6631_B;created_bar=6631;side=trapped_buyers;lo=1.158675;hi=1.158725;vol=45;reason=close_through;bar=6632
1889|2026-06-17T15:17:12.1200000|ZONE_TOUCHED|zone_id=6628_B;created_bar=6628;side=trapped_buyers;lo=1.158775;hi=1.158825;vol=32;bar=6632;touches=3
1890|2026-06-17T15:17:14.7880000|ZONE_TOUCHED|zone_id=6628_B;created_bar=6628;side=trapped_buyers;lo=1.158775;hi=1.158825;vol=32;bar=6633;touches=4
1891|2026-06-17T15:17:14.7880000|ZONE_INVALIDATED|zone_id=6628_B;created_bar=6628;side=trapped_buyers;lo=1.158775;hi=1.158825;vol=32;reason=close_through;bar=6633
1892|2026-06-17T15:17:34.1480000|TRAP|bar=6643;side=trapped_buyers;vol=36;centroid=1.15895;zone_lo=1.158925;zone_hi=1.158975;n_rows=1;max_ratio=9;close=1.1589;bar_vol=65;fp_vol=65;n_quote=25;n_rule=0
1893|2026-06-17T15:17:34.1480000|ZONE_CREATED|zone_id=6643_B;created_bar=6643;side=trapped_buyers;lo=1.158925;hi=1.158975;vol=36
1894|2026-06-17T15:17:36.0600000|ZONE_TOUCHED|zone_id=6643_B;created_bar=6643;side=trapped_buyers;lo=1.158925;hi=1.158975;vol=36;bar=6644;touches=1
1895|2026-06-17T15:17:38.3720000|ZONE_TOUCHED|zone_id=6643_B;created_bar=6643;side=trapped_buyers;lo=1.158925;hi=1.158975;vol=36;bar=6645;touches=2
1896|2026-06-17T15:17:58.8800000|ZONE_TOUCHED|zone_id=6643_B;created_bar=6643;side=trapped_buyers;lo=1.158925;hi=1.158975;vol=36;bar=6649;touches=3
1897|2026-06-17T15:18:01.5600000|ZONE_TOUCHED|zone_id=6643_B;created_bar=6643;side=trapped_buyers;lo=1.158925;hi=1.158975;vol=36;bar=6650;touches=4
1898|2026-06-17T15:18:08.2200000|ZONE_TOUCHED|zone_id=6643_B;created_bar=6643;side=trapped_buyers;lo=1.158925;hi=1.158975;vol=36;bar=6652;touches=5
1899|2026-06-17T15:18:10.5040000|ZONE_TOUCHED|zone_id=6643_B;created_bar=6643;side=trapped_buyers;lo=1.158925;hi=1.158975;vol=36;bar=6653;touches=6
1900|2026-06-17T15:18:17.6160000|ZONE_TOUCHED|zone_id=6643_B;created_bar=6643;side=trapped_buyers;lo=1.158925;hi=1.158975;vol=36;bar=6654;touches=7
1901|2026-06-17T15:18:17.6160000|ZONE_INVALIDATED|zone_id=6643_B;created_bar=6643;side=trapped_buyers;lo=1.158925;hi=1.158975;vol=36;reason=close_through;bar=6654
1902|2026-06-17T15:19:01.5720000|TRAP|bar=6666;side=trapped_buyers;vol=31;centroid=1.159;zone_lo=1.158975;zone_hi=1.159025;n_rows=1;max_ratio=10.3333333333333;close=1.15895;bar_vol=50;fp_vol=50;n_quote=25;n_rule=0
1903|2026-06-17T15:19:01.5720000|ZONE_CREATED|zone_id=6666_B;created_bar=6666;side=trapped_buyers;lo=1.158975;hi=1.159025;vol=31
1904|2026-06-17T15:19:03.7000000|ZONE_TOUCHED|zone_id=6666_B;created_bar=6666;side=trapped_buyers;lo=1.158975;hi=1.159025;vol=31;bar=6667;touches=1
1905|2026-06-17T15:19:03.7000000|ZONE_INVALIDATED|zone_id=6666_B;created_bar=6666;side=trapped_buyers;lo=1.158975;hi=1.159025;vol=31;reason=close_through;bar=6667
1906|2026-06-17T15:19:20.8480000|TRAP|bar=6670;side=trapped_buyers;vol=4;centroid=1.1592;zone_lo=1.159175;zone_hi=1.159225;n_rows=1;max_ratio=4;close=1.1591;bar_vol=28;fp_vol=28;n_quote=25;n_rule=0
1907|2026-06-17T15:19:44.0600000|TRAP|bar=6677;side=trapped_buyers;vol=12;centroid=1.1593;zone_lo=1.159275;zone_hi=1.159325;n_rows=1;max_ratio=4;close=1.1592;bar_vol=39;fp_vol=39;n_quote=25;n_rule=0
1908|2026-06-17T15:20:25.5880000|TRAP|bar=6688;side=trapped_buyers;vol=24;centroid=1.15925;zone_lo=1.159225;zone_hi=1.159275;n_rows=1;max_ratio=3;close=1.1592;bar_vol=36;fp_vol=36;n_quote=25;n_rule=0
1909|2026-06-17T15:20:43.1960000|TRAP|bar=6695;side=trapped_buyers;vol=20;centroid=1.15945;zone_lo=1.159425;zone_hi=1.159475;n_rows=1;max_ratio=20;close=1.1594;bar_vol=75;fp_vol=75;n_quote=25;n_rule=0
1910|2026-06-17T15:21:13.0880000|TRAP|bar=6701;side=trapped_buyers;vol=11;centroid=1.1593;zone_lo=1.159275;zone_hi=1.159325;n_rows=1;max_ratio=3.66666666666667;close=1.15925;bar_vol=48;fp_vol=48;n_quote=25;n_rule=0
1911|2026-06-17T15:21:51.4120000|TRAP|bar=6704;side=trapped_sellers;vol=4;centroid=1.15915;zone_lo=1.159125;zone_hi=1.159175;n_rows=1;max_ratio=4;close=1.15925;bar_vol=39;fp_vol=39;n_quote=25;n_rule=0
1912|2026-06-17T15:22:01.2240000|TRAP|bar=6707;side=trapped_sellers;vol=19;centroid=1.15945;zone_lo=1.159425;zone_hi=1.159475;n_rows=1;max_ratio=4.75;close=1.1595;bar_vol=41;fp_vol=41;n_quote=25;n_rule=0
1913|2026-06-17T15:22:05.0920000|TRAP|bar=6709;side=trapped_sellers;vol=3;centroid=1.1594;zone_lo=1.159375;zone_hi=1.159425;n_rows=1;max_ratio=3;close=1.1595;bar_vol=46;fp_vol=46;n_quote=25;n_rule=0
1914|2026-06-17T15:22:53.3480000|TRAP|bar=6715;side=trapped_buyers;vol=6;centroid=1.1594;zone_lo=1.159375;zone_hi=1.159425;n_rows=1;max_ratio=6;close=1.1592;bar_vol=39;fp_vol=39;n_quote=25;n_rule=0
1915|2026-06-17T15:23:07.0120000|TRAP|bar=6717;side=trapped_sellers;vol=26;centroid=1.1592;zone_lo=1.159175;zone_hi=1.159225;n_rows=1;max_ratio=13;close=1.15925;bar_vol=44;fp_vol=44;n_quote=25;n_rule=0
1916|2026-06-17T15:23:59.7720000|TRAP|bar=6726;side=trapped_buyers;vol=19;centroid=1.15965;zone_lo=1.159625;zone_hi=1.159675;n_rows=1;max_ratio=3.16666666666667;close=1.1596;bar_vol=63;fp_vol=63;n_quote=25;n_rule=0
1917|2026-06-17T15:24:51.1280000|TRAP|bar=6735;side=trapped_buyers;vol=22;centroid=1.1595;zone_lo=1.159475;zone_hi=1.159525;n_rows=1;max_ratio=22;close=1.15945;bar_vol=49;fp_vol=49;n_quote=25;n_rule=0
1918|2026-06-17T15:28:05.7520000|TRAP|bar=6756;side=trapped_sellers;vol=20;centroid=1.15865;zone_lo=1.158625;zone_hi=1.158675;n_rows=1;max_ratio=3.33333333333333;close=1.15875;bar_vol=41;fp_vol=41;n_quote=25;n_rule=0
1919|2026-06-17T15:28:09.1000000|TRAP|bar=6757;side=trapped_sellers;vol=14;centroid=1.15875;zone_lo=1.158725;zone_hi=1.158775;n_rows=1;max_ratio=4.66666666666667;close=1.15885;bar_vol=53;fp_vol=53;n_quote=25;n_rule=0
1920|2026-06-17T15:29:34.5840000|TRAP|bar=6763;side=trapped_buyers;vol=15;centroid=1.1588;zone_lo=1.158775;zone_hi=1.158825;n_rows=1;max_ratio=15;close=1.1587;bar_vol=51;fp_vol=51;n_quote=25;n_rule=0
1921|2026-06-17T15:30:24.2240000|TRAP|bar=6769;side=trapped_sellers;vol=32;centroid=1.15875;zone_lo=1.158725;zone_hi=1.158775;n_rows=1;max_ratio=5.33333333333333;close=1.1588;bar_vol=48;fp_vol=48;n_quote=25;n_rule=0
1922|2026-06-17T15:30:24.2240000|ZONE_CREATED|zone_id=6769_S;created_bar=6769;side=trapped_sellers;lo=1.158725;hi=1.158775;vol=32
1923|2026-06-17T15:31:00.1520000|ZONE_TOUCHED|zone_id=6769_S;created_bar=6769;side=trapped_sellers;lo=1.158725;hi=1.158775;vol=32;bar=6772;touches=1
1924|2026-06-17T15:31:04.5560000|ZONE_TOUCHED|zone_id=6769_S;created_bar=6769;side=trapped_sellers;lo=1.158725;hi=1.158775;vol=32;bar=6773;touches=2
1925|2026-06-17T15:31:04.5560000|ZONE_INVALIDATED|zone_id=6769_S;created_bar=6769;side=trapped_sellers;lo=1.158725;hi=1.158775;vol=32;reason=close_through;bar=6773
1926|2026-06-17T15:31:49.0680000|TRAP|bar=6780;side=trapped_sellers;vol=22;centroid=1.15895;zone_lo=1.158925;zone_hi=1.158975;n_rows=1;max_ratio=3.66666666666667;close=1.159;bar_vol=48;fp_vol=48;n_quote=25;n_rule=0
1927|2026-06-17T15:31:54.1400000|TRAP|bar=6781;side=trapped_sellers;vol=8;centroid=1.15905;zone_lo=1.159025;zone_hi=1.159075;n_rows=1;max_ratio=8;close=1.15925;bar_vol=34;fp_vol=34;n_quote=25;n_rule=0
1928|2026-06-17T15:32:10.5240000|TRAP|bar=6788;side=trapped_buyers;vol=7;centroid=1.15975;zone_lo=1.159725;zone_hi=1.159775;n_rows=1;max_ratio=7;close=1.15965;bar_vol=42;fp_vol=42;n_quote=25;n_rule=0
1929|2026-06-17T15:32:17.9160000|TRAP|bar=6789;side=trapped_buyers;vol=24;centroid=1.15965;zone_lo=1.159625;zone_hi=1.159675;n_rows=1;max_ratio=24;close=1.1595;bar_vol=44;fp_vol=44;n_quote=25;n_rule=0
1930|2026-06-17T15:32:20.1360000|TRAP|bar=6792;side=trapped_buyers;vol=6;centroid=1.1593;zone_lo=1.159275;zone_hi=1.159325;n_rows=1;max_ratio=3;close=1.1592;bar_vol=50;fp_vol=50;n_quote=25;n_rule=0
1931|2026-06-17T15:32:20.1360000|TRAP|bar=6792;side=trapped_sellers;vol=23;centroid=1.15915;zone_lo=1.159125;zone_hi=1.159175;n_rows=1;max_ratio=11.5;close=1.1592;bar_vol=50;fp_vol=50;n_quote=25;n_rule=0
1932|2026-06-17T15:32:24.2040000|TRAP|bar=6799;side=trapped_buyers;vol=13;centroid=1.1591;zone_lo=1.159075;zone_hi=1.159125;n_rows=1;max_ratio=13;close=1.159;bar_vol=31;fp_vol=31;n_quote=25;n_rule=0
1933|2026-06-17T15:32:28.1760000|TRAP|bar=6801;side=trapped_buyers;vol=10;centroid=1.159;zone_lo=1.158975;zone_hi=1.159025;n_rows=1;max_ratio=10;close=1.1589;bar_vol=33;fp_vol=33;n_quote=25;n_rule=0
1934|2026-06-17T15:32:29.4680000|TRAP|bar=6802;side=trapped_sellers;vol=7;centroid=1.1589;zone_lo=1.158875;zone_hi=1.158925;n_rows=1;max_ratio=7;close=1.159;bar_vol=43;fp_vol=43;n_quote=25;n_rule=0
1935|2026-06-17T15:32:30.0040000|TRAP|bar=6807;side=trapped_sellers;vol=32;centroid=1.15875;zone_lo=1.158725;zone_hi=1.158775;n_rows=1;max_ratio=4;close=1.1588;bar_vol=52;fp_vol=52;n_quote=25;n_rule=0
1936|2026-06-17T15:32:30.0040000|ZONE_CREATED|zone_id=6807_S;created_bar=6807;side=trapped_sellers;lo=1.158725;hi=1.158775;vol=32
1937|2026-06-17T15:32:30.3200000|ZONE_TOUCHED|zone_id=6807_S;created_bar=6807;side=trapped_sellers;lo=1.158725;hi=1.158775;vol=32;bar=6808;touches=1
1938|2026-06-17T15:32:30.4080000|ZONE_TOUCHED|zone_id=6807_S;created_bar=6807;side=trapped_sellers;lo=1.158725;hi=1.158775;vol=32;bar=6809;touches=2
1939|2026-06-17T15:32:30.4160000|ZONE_TOUCHED|zone_id=6807_S;created_bar=6807;side=trapped_sellers;lo=1.158725;hi=1.158775;vol=32;bar=6810;touches=3
1940|2026-06-17T15:32:30.4160000|ZONE_INVALIDATED|zone_id=6807_S;created_bar=6807;side=trapped_sellers;lo=1.158725;hi=1.158775;vol=32;reason=close_through;bar=6810
1941|2026-06-17T15:32:34.1120000|TRAP|bar=6821;side=trapped_buyers;vol=12;centroid=1.15855;zone_lo=1.158525;zone_hi=1.158575;n_rows=1;max_ratio=12;close=1.1585;bar_vol=42;fp_vol=42;n_quote=25;n_rule=0
1942|2026-06-17T15:32:34.5480000|TRAP|bar=6827;side=trapped_buyers;vol=32;centroid=1.1591;zone_lo=1.159075;zone_hi=1.159125;n_rows=1;max_ratio=8;close=1.15905;bar_vol=46;fp_vol=46;n_quote=25;n_rule=0
1943|2026-06-17T15:32:34.5480000|ZONE_CREATED|zone_id=6827_B;created_bar=6827;side=trapped_buyers;lo=1.159075;hi=1.159125;vol=32
1944|2026-06-17T15:32:34.5920000|ZONE_TOUCHED|zone_id=6827_B;created_bar=6827;side=trapped_buyers;lo=1.159075;hi=1.159125;vol=32;bar=6828;touches=1
1945|2026-06-17T15:32:34.5920000|ZONE_INVALIDATED|zone_id=6827_B;created_bar=6827;side=trapped_buyers;lo=1.159075;hi=1.159125;vol=32;reason=close_through;bar=6828
1946|2026-06-17T15:32:34.8280000|TRAP|bar=6830;side=trapped_buyers;vol=8;centroid=1.1593;zone_lo=1.159275;zone_hi=1.159325;n_rows=1;max_ratio=8;close=1.1592;bar_vol=29;fp_vol=29;n_quote=25;n_rule=0
1947|2026-06-17T15:32:35.3960000|TRAP|bar=6833;side=trapped_buyers;vol=14;centroid=1.1596;zone_lo=1.159575;zone_hi=1.159625;n_rows=1;max_ratio=3.5;close=1.15955;bar_vol=43;fp_vol=43;n_quote=25;n_rule=0
1948|2026-06-17T15:32:35.4200000|TRAP|bar=6834;side=trapped_buyers;vol=9;centroid=1.1597;zone_lo=1.159675;zone_hi=1.159725;n_rows=1;max_ratio=3;close=1.15965;bar_vol=33;fp_vol=33;n_quote=25;n_rule=0
1949|2026-06-17T15:32:37.2400000|TRAP|bar=6845;side=trapped_sellers;vol=22;centroid=1.16;zone_lo=1.159975;zone_hi=1.160025;n_rows=1;max_ratio=3.66666666666667;close=1.1601;bar_vol=39;fp_vol=39;n_quote=25;n_rule=0
1950|2026-06-17T15:32:37.5240000|TRAP|bar=6848;side=trapped_sellers;vol=9;centroid=1.1603;zone_lo=1.160275;zone_hi=1.160325;n_rows=1;max_ratio=4.5;close=1.16035;bar_vol=32;fp_vol=32;n_quote=25;n_rule=0
1951|2026-06-17T15:32:37.5920000|TRAP|bar=6849;side=trapped_sellers;vol=13;centroid=1.16035;zone_lo=1.160325;zone_hi=1.160375;n_rows=1;max_ratio=3.25;close=1.1604;bar_vol=32;fp_vol=32;n_quote=25;n_rule=0
1952|2026-06-17T15:32:38.6200000|TRAP|bar=6854;side=trapped_buyers;vol=9;centroid=1.1605;zone_lo=1.160475;zone_hi=1.160525;n_rows=1;max_ratio=9;close=1.16035;bar_vol=50;fp_vol=50;n_quote=25;n_rule=0
1953|2026-06-17T15:32:39.6600000|TRAP|bar=6858;side=trapped_buyers;vol=5;centroid=1.1604;zone_lo=1.160375;zone_hi=1.160425;n_rows=1;max_ratio=5;close=1.16015;bar_vol=34;fp_vol=34;n_quote=25;n_rule=0
1954|2026-06-17T15:32:44.5480000|TRAP|bar=6873;side=trapped_sellers;vol=7;centroid=1.16;zone_lo=1.159975;zone_hi=1.160025;n_rows=1;max_ratio=7;close=1.16005;bar_vol=32;fp_vol=32;n_quote=25;n_rule=0
1955|2026-06-17T15:32:45.7360000|TRAP|bar=6875;side=trapped_buyers;vol=6;centroid=1.1602;zone_lo=1.160175;zone_hi=1.160225;n_rows=1;max_ratio=3;close=1.16015;bar_vol=37;fp_vol=37;n_quote=25;n_rule=0
1956|2026-06-17T15:32:47.1200000|TRAP|bar=6878;side=trapped_sellers;vol=3;centroid=1.16025;zone_lo=1.160225;zone_hi=1.160275;n_rows=1;max_ratio=3;close=1.16035;bar_vol=32;fp_vol=32;n_quote=25;n_rule=0
1957|2026-06-17T15:32:48.1000000|TRAP|bar=6884;side=trapped_sellers;vol=13;centroid=1.1597;zone_lo=1.159675;zone_hi=1.159725;n_rows=1;max_ratio=4.33333333333333;close=1.1598;bar_vol=37;fp_vol=37;n_quote=25;n_rule=0
1958|2026-06-17T15:32:49.3640000|TRAP|bar=6891;side=trapped_sellers;vol=8;centroid=1.15945;zone_lo=1.159425;zone_hi=1.159475;n_rows=1;max_ratio=8;close=1.1595;bar_vol=32;fp_vol=32;n_quote=25;n_rule=0
1959|2026-06-17T15:32:50.9880000|TRAP|bar=6897;side=trapped_sellers;vol=18;centroid=1.1591;zone_lo=1.159075;zone_hi=1.159125;n_rows=1;max_ratio=9;close=1.15925;bar_vol=36;fp_vol=36;n_quote=25;n_rule=0
1960|2026-06-17T15:32:53.4400000|TRAP|bar=6900;side=trapped_sellers;vol=8;centroid=1.1592;zone_lo=1.159175;zone_hi=1.159225;n_rows=1;max_ratio=8;close=1.15935;bar_vol=32;fp_vol=32;n_quote=25;n_rule=0
1961|2026-06-17T15:32:53.8480000|TRAP|bar=6902;side=trapped_buyers;vol=21;centroid=1.15945;zone_lo=1.159425;zone_hi=1.159475;n_rows=1;max_ratio=21;close=1.1594;bar_vol=37;fp_vol=37;n_quote=25;n_rule=0
1962|2026-06-17T15:32:53.8480000|TRAP|bar=6902;side=trapped_sellers;vol=8;centroid=1.15935;zone_lo=1.159325;zone_hi=1.159375;n_rows=1;max_ratio=8;close=1.1594;bar_vol=37;fp_vol=37;n_quote=25;n_rule=0
1963|2026-06-17T15:32:54.4560000|TRAP|bar=6905;side=trapped_buyers;vol=6;centroid=1.15945;zone_lo=1.159425;zone_hi=1.159475;n_rows=1;max_ratio=3;close=1.1594;bar_vol=30;fp_vol=30;n_quote=25;n_rule=0
1964|2026-06-17T15:32:55.0000000|TRAP|bar=6906;side=trapped_sellers;vol=4;centroid=1.1592;zone_lo=1.159175;zone_hi=1.159225;n_rows=1;max_ratio=4;close=1.1593;bar_vol=33;fp_vol=33;n_quote=25;n_rule=0
1965|2026-06-17T15:32:58.1720000|TRAP|bar=6909;side=trapped_buyers;vol=4;centroid=1.15945;zone_lo=1.159425;zone_hi=1.159475;n_rows=1;max_ratio=4;close=1.1593;bar_vol=27;fp_vol=27;n_quote=25;n_rule=0
1966|2026-06-17T15:33:02.7640000|TRAP|bar=6917;side=trapped_buyers;vol=6;centroid=1.1592;zone_lo=1.159175;zone_hi=1.159225;n_rows=1;max_ratio=6;close=1.15905;bar_vol=34;fp_vol=34;n_quote=25;n_rule=0
1967|2026-06-17T15:33:05.3400000|TRAP|bar=6922;side=trapped_buyers;vol=13;centroid=1.15895;zone_lo=1.158925;zone_hi=1.158975;n_rows=1;max_ratio=6.5;close=1.15885;bar_vol=39;fp_vol=39;n_quote=25;n_rule=0
1968|2026-06-17T15:33:06.4960000|TRAP|bar=6924;side=trapped_sellers;vol=7;centroid=1.15885;zone_lo=1.158825;zone_hi=1.158875;n_rows=1;max_ratio=3.5;close=1.15895;bar_vol=26;fp_vol=26;n_quote=25;n_rule=0
1969|2026-06-17T15:33:07.2400000|TRAP|bar=6926;side=trapped_buyers;vol=3;centroid=1.159;zone_lo=1.158975;zone_hi=1.159025;n_rows=1;max_ratio=3;close=1.15885;bar_vol=34;fp_vol=34;n_quote=25;n_rule=0
1970|2026-06-17T15:33:14.0760000|TRAP|bar=6936;side=trapped_buyers;vol=12;centroid=1.1587;zone_lo=1.158675;zone_hi=1.158725;n_rows=1;max_ratio=12;close=1.15855;bar_vol=31;fp_vol=31;n_quote=25;n_rule=0
1971|2026-06-17T15:33:14.5360000|TRAP|bar=6937;side=trapped_sellers;vol=8;centroid=1.15855;zone_lo=1.158525;zone_hi=1.158575;n_rows=1;max_ratio=8;close=1.1587;bar_vol=33;fp_vol=33;n_quote=25;n_rule=0
1972|2026-06-17T15:33:17.5840000|TRAP|bar=6940;side=trapped_buyers;vol=6;centroid=1.1588;zone_lo=1.158775;zone_hi=1.158825;n_rows=1;max_ratio=3;close=1.1587;bar_vol=31;fp_vol=31;n_quote=25;n_rule=0
1973|2026-06-17T15:33:22.7480000|TRAP|bar=6945;side=trapped_sellers;vol=10;centroid=1.15875;zone_lo=1.158725;zone_hi=1.158775;n_rows=1;max_ratio=5;close=1.1589;bar_vol=39;fp_vol=39;n_quote=25;n_rule=0
1974|2026-06-17T15:33:28.8840000|TRAP|bar=6947;side=trapped_buyers;vol=6;centroid=1.15905;zone_lo=1.159025;zone_hi=1.159075;n_rows=1;max_ratio=6;close=1.15885;bar_vol=36;fp_vol=36;n_quote=25;n_rule=0
1975|2026-06-17T15:33:39.1760000|TRAP|bar=6958;side=trapped_sellers;vol=33;centroid=1.15815;zone_lo=1.158125;zone_hi=1.158175;n_rows=1;max_ratio=4.125;close=1.1583;bar_vol=65;fp_vol=65;n_quote=25;n_rule=0
1976|2026-06-17T15:33:39.1760000|ZONE_CREATED|zone_id=6958_S;created_bar=6958;side=trapped_sellers;lo=1.158125;hi=1.158175;vol=33
1977|2026-06-17T15:33:42.4000000|TRAP|bar=6960;side=trapped_buyers;vol=6;centroid=1.1583;zone_lo=1.158275;zone_hi=1.158325;n_rows=1;max_ratio=3;close=1.15825;bar_vol=33;fp_vol=33;n_quote=25;n_rule=0
1978|2026-06-17T15:33:43.0480000|ZONE_TOUCHED|zone_id=6958_S;created_bar=6958;side=trapped_sellers;lo=1.158125;hi=1.158175;vol=33;bar=6961;touches=1
1979|2026-06-17T15:33:43.0480000|ZONE_INVALIDATED|zone_id=6958_S;created_bar=6958;side=trapped_sellers;lo=1.158125;hi=1.158175;vol=33;reason=close_through;bar=6961
1980|2026-06-17T15:33:46.2520000|TRAP|bar=6963;side=trapped_sellers;vol=3;centroid=1.1579;zone_lo=1.157875;zone_hi=1.157925;n_rows=1;max_ratio=3;close=1.158;bar_vol=32;fp_vol=32;n_quote=25;n_rule=0
1981|2026-06-17T15:33:50.7480000|TRAP|bar=6968;side=trapped_sellers;vol=8;centroid=1.158;zone_lo=1.157975;zone_hi=1.158025;n_rows=1;max_ratio=8;close=1.15805;bar_vol=34;fp_vol=34;n_quote=25;n_rule=0
1982|2026-06-17T15:33:57.2040000|TRAP|bar=6970;side=trapped_buyers;vol=5;centroid=1.1581;zone_lo=1.158075;zone_hi=1.158125;n_rows=1;max_ratio=5;close=1.158;bar_vol=42;fp_vol=42;n_quote=25;n_rule=0
1983|2026-06-17T15:34:23.8160000|TRAP|bar=6978;side=trapped_buyers;vol=9;centroid=1.15827777777778;zone_lo=1.158225;zone_hi=1.158325;n_rows=2;max_ratio=5;close=1.1581;bar_vol=41;fp_vol=41;n_quote=25;n_rule=0
1984|2026-06-17T15:34:24.7920000|TRAP|bar=6982;side=trapped_buyers;vol=21;centroid=1.158;zone_lo=1.157975;zone_hi=1.158025;n_rows=1;max_ratio=4.2;close=1.15795;bar_vol=55;fp_vol=55;n_quote=25;n_rule=0
1985|2026-06-17T15:34:49.8680000|TRAP|bar=7006;side=trapped_sellers;vol=9;centroid=1.15765;zone_lo=1.157625;zone_hi=1.157675;n_rows=1;max_ratio=4.5;close=1.1578;bar_vol=46;fp_vol=46;n_quote=25;n_rule=0
1986|2026-06-17T15:34:51.9000000|TRAP|bar=7007;side=trapped_buyers;vol=30;centroid=1.1578;zone_lo=1.157775;zone_hi=1.157825;n_rows=1;max_ratio=30;close=1.15765;bar_vol=37;fp_vol=37;n_quote=25;n_rule=0
1987|2026-06-17T15:34:51.9000000|ZONE_CREATED|zone_id=7007_B;created_bar=7007;side=trapped_buyers;lo=1.157775;hi=1.157825;vol=30
1988|2026-06-17T15:34:57.8400000|TRAP|bar=7009;side=trapped_sellers;vol=15;centroid=1.1576;zone_lo=1.157575;zone_hi=1.157625;n_rows=1;max_ratio=7.5;close=1.15765;bar_vol=35;fp_vol=35;n_quote=25;n_rule=0
1989|2026-06-17T15:35:04.5880000|TRAP|bar=7013;side=trapped_buyers;vol=3;centroid=1.15775;zone_lo=1.157725;zone_hi=1.157775;n_rows=1;max_ratio=3;close=1.1576;bar_vol=30;fp_vol=30;n_quote=25;n_rule=0
1990|2026-06-17T15:35:04.6160000|ZONE_TOUCHED|zone_id=7007_B;created_bar=7007;side=trapped_buyers;lo=1.157775;hi=1.157825;vol=30;bar=7014;touches=1
1991|2026-06-17T15:35:04.6160000|TRAP|bar=7014;side=trapped_sellers;vol=3;centroid=1.1576;zone_lo=1.157575;zone_hi=1.157625;n_rows=1;max_ratio=3;close=1.1578;bar_vol=33;fp_vol=33;n_quote=25;n_rule=0
1992|2026-06-17T15:35:05.0040000|ZONE_TOUCHED|zone_id=7007_B;created_bar=7007;side=trapped_buyers;lo=1.157775;hi=1.157825;vol=30;bar=7015;touches=2
1993|2026-06-17T15:35:05.0040000|ZONE_INVALIDATED|zone_id=7007_B;created_bar=7007;side=trapped_buyers;lo=1.157775;hi=1.157825;vol=30;reason=close_through;bar=7015
1994|2026-06-17T15:35:09.3720000|TRAP|bar=7018;side=trapped_sellers;vol=7;centroid=1.1581;zone_lo=1.158075;zone_hi=1.158125;n_rows=1;max_ratio=7;close=1.1582;bar_vol=41;fp_vol=41;n_quote=25;n_rule=0
1995|2026-06-17T15:35:27.3880000|TRAP|bar=7027;side=trapped_buyers;vol=18;centroid=1.1582;zone_lo=1.158175;zone_hi=1.158225;n_rows=1;max_ratio=9;close=1.1581;bar_vol=34;fp_vol=34;n_quote=25;n_rule=0
1996|2026-06-17T15:35:47.2960000|TRAP|bar=7031;side=trapped_buyers;vol=8;centroid=1.1582;zone_lo=1.158175;zone_hi=1.158225;n_rows=1;max_ratio=8;close=1.158;bar_vol=33;fp_vol=33;n_quote=25;n_rule=0
1997|2026-06-17T15:36:03.8840000|TRAP|bar=7037;side=trapped_buyers;vol=9;centroid=1.1584;zone_lo=1.158375;zone_hi=1.158425;n_rows=1;max_ratio=9;close=1.1583;bar_vol=33;fp_vol=33;n_quote=25;n_rule=0
1998|2026-06-17T15:36:09.4800000|TRAP|bar=7039;side=trapped_sellers;vol=7;centroid=1.1583;zone_lo=1.158275;zone_hi=1.158325;n_rows=1;max_ratio=7;close=1.15845;bar_vol=45;fp_vol=45;n_quote=25;n_rule=0
1999|2026-06-17T15:36:25.5440000|TRAP|bar=7044;side=trapped_buyers;vol=14;centroid=1.15855;zone_lo=1.158525;zone_hi=1.158575;n_rows=1;max_ratio=14;close=1.1585;bar_vol=53;fp_vol=53;n_quote=25;n_rule=0
2000|2026-06-17T15:36:25.8440000|TRAP|bar=7046;side=trapped_buyers;vol=42;centroid=1.15825;zone_lo=1.158225;zone_hi=1.158275;n_rows=1;max_ratio=8.4;close=1.1582;bar_vol=57;fp_vol=57;n_quote=25;n_rule=0
2001|2026-06-17T15:36:25.8440000|ZONE_CREATED|zone_id=7046_B;created_bar=7046;side=trapped_buyers;lo=1.158225;hi=1.158275;vol=42
2002|2026-06-17T15:36:28.1320000|ZONE_TOUCHED|zone_id=7046_B;created_bar=7046;side=trapped_buyers;lo=1.158225;hi=1.158275;vol=42;bar=7047;touches=1
2003|2026-06-17T15:36:28.1320000|ZONE_INVALIDATED|zone_id=7046_B;created_bar=7046;side=trapped_buyers;lo=1.158225;hi=1.158275;vol=42;reason=close_through;bar=7047
2004|2026-06-17T15:37:09.4160000|TRAP|bar=7058;side=trapped_sellers;vol=16;centroid=1.15855;zone_lo=1.158525;zone_hi=1.158575;n_rows=1;max_ratio=8;close=1.1586;bar_vol=50;fp_vol=50;n_quote=25;n_rule=0
2005|2026-06-17T15:37:14.0160000|TRAP|bar=7062;side=trapped_sellers;vol=23;centroid=1.15865;zone_lo=1.158625;zone_hi=1.158675;n_rows=1;max_ratio=3.83333333333333;close=1.15885;bar_vol=52;fp_vol=52;n_quote=25;n_rule=0
2006|2026-06-17T15:37:15.1800000|TRAP|bar=7063;side=trapped_buyers;vol=28;centroid=1.1589;zone_lo=1.158875;zone_hi=1.158925;n_rows=1;max_ratio=28;close=1.15885;bar_vol=40;fp_vol=40;n_quote=25;n_rule=0
2007|2026-06-17T15:37:21.2320000|TRAP|bar=7066;side=trapped_sellers;vol=11;centroid=1.15885;zone_lo=1.158825;zone_hi=1.158875;n_rows=1;max_ratio=3.66666666666667;close=1.159;bar_vol=33;fp_vol=33;n_quote=25;n_rule=0
2008|2026-06-17T15:37:42.5040000|TRAP|bar=7069;side=trapped_buyers;vol=19;centroid=1.15885;zone_lo=1.158825;zone_hi=1.158875;n_rows=1;max_ratio=9.5;close=1.1588;bar_vol=45;fp_vol=45;n_quote=25;n_rule=0
2009|2026-06-17T15:38:07.2320000|TRAP|bar=7071;side=trapped_sellers;vol=16;centroid=1.1585;zone_lo=1.158475;zone_hi=1.158525;n_rows=1;max_ratio=3.2;close=1.15855;bar_vol=50;fp_vol=50;n_quote=25;n_rule=0
2010|2026-06-17T15:38:32.2840000|TRAP|bar=7073;side=trapped_sellers;vol=11;centroid=1.15865;zone_lo=1.158625;zone_hi=1.158675;n_rows=1;max_ratio=3.66666666666667;close=1.1588;bar_vol=40;fp_vol=40;n_quote=25;n_rule=0
2011|2026-06-17T15:38:42.4920000|TRAP|bar=7077;side=trapped_sellers;vol=19;centroid=1.1591;zone_lo=1.159075;zone_hi=1.159125;n_rows=1;max_ratio=9.5;close=1.15915;bar_vol=36;fp_vol=36;n_quote=25;n_rule=0
2012|2026-06-17T15:38:56.5040000|TRAP|bar=7084;side=trapped_buyers;vol=6;centroid=1.15935;zone_lo=1.159325;zone_hi=1.159375;n_rows=1;max_ratio=6;close=1.15925;bar_vol=37;fp_vol=37;n_quote=25;n_rule=0
2013|2026-06-17T15:39:13.3440000|TRAP|bar=7089;side=trapped_buyers;vol=15;centroid=1.1595;zone_lo=1.159475;zone_hi=1.159525;n_rows=1;max_ratio=15;close=1.1594;bar_vol=44;fp_vol=44;n_quote=25;n_rule=0
2014|2026-06-17T15:39:13.3440000|TRAP|bar=7089;side=trapped_sellers;vol=11;centroid=1.15935;zone_lo=1.159325;zone_hi=1.159375;n_rows=1;max_ratio=11;close=1.1594;bar_vol=44;fp_vol=44;n_quote=25;n_rule=0
2015|2026-06-17T15:39:19.3960000|TRAP|bar=7092;side=trapped_buyers;vol=13;centroid=1.1597;zone_lo=1.159675;zone_hi=1.159725;n_rows=1;max_ratio=13;close=1.1596;bar_vol=46;fp_vol=46;n_quote=25;n_rule=0
2016|2026-06-17T15:39:36.0000000|TRAP|bar=7098;side=trapped_buyers;vol=15;centroid=1.15995;zone_lo=1.159925;zone_hi=1.159975;n_rows=1;max_ratio=15;close=1.15985;bar_vol=35;fp_vol=35;n_quote=25;n_rule=0
2017|2026-06-17T15:39:37.6720000|TRAP|bar=7100;side=trapped_buyers;vol=12;centroid=1.15995;zone_lo=1.159925;zone_hi=1.159975;n_rows=1;max_ratio=12;close=1.15985;bar_vol=34;fp_vol=34;n_quote=25;n_rule=0
2018|2026-06-17T15:39:52.6880000|TRAP|bar=7104;side=trapped_buyers;vol=8;centroid=1.15955;zone_lo=1.159525;zone_hi=1.159575;n_rows=1;max_ratio=8;close=1.1593;bar_vol=51;fp_vol=51;n_quote=25;n_rule=0
2019|2026-06-17T15:39:55.0920000|TRAP|bar=7105;side=trapped_buyers;vol=7;centroid=1.1593;zone_lo=1.159275;zone_hi=1.159325;n_rows=1;max_ratio=7;close=1.1592;bar_vol=33;fp_vol=33;n_quote=25;n_rule=0
2020|2026-06-17T15:40:08.4960000|TRAP|bar=7108;side=trapped_sellers;vol=3;centroid=1.1593;zone_lo=1.159275;zone_hi=1.159325;n_rows=1;max_ratio=3;close=1.1595;bar_vol=44;fp_vol=44;n_quote=25;n_rule=0
2021|2026-06-17T15:40:14.2320000|TRAP|bar=7110;side=trapped_buyers;vol=17;centroid=1.1596;zone_lo=1.159575;zone_hi=1.159625;n_rows=1;max_ratio=4.25;close=1.15955;bar_vol=33;fp_vol=33;n_quote=25;n_rule=0
2022|2026-06-17T15:40:24.4320000|TRAP|bar=7112;side=trapped_buyers;vol=6;centroid=1.1596;zone_lo=1.159575;zone_hi=1.159625;n_rows=1;max_ratio=3;close=1.15955;bar_vol=29;fp_vol=29;n_quote=25;n_rule=0
2023|2026-06-17T15:40:35.3760000|TRAP|bar=7114;side=trapped_sellers;vol=51;centroid=1.1594;zone_lo=1.159375;zone_hi=1.159425;n_rows=1;max_ratio=7.28571428571429;close=1.15945;bar_vol=71;fp_vol=71;n_quote=25;n_rule=0
2024|2026-06-17T15:40:35.3760000|ZONE_CREATED|zone_id=7114_S;created_bar=7114;side=trapped_sellers;lo=1.159375;hi=1.159425;vol=51
2025|2026-06-17T15:40:49.9680000|ZONE_TOUCHED|zone_id=7114_S;created_bar=7114;side=trapped_sellers;lo=1.159375;hi=1.159425;vol=51;bar=7118;touches=1
2026|2026-06-17T15:40:50.0280000|ZONE_TOUCHED|zone_id=7114_S;created_bar=7114;side=trapped_sellers;lo=1.159375;hi=1.159425;vol=51;bar=7119;touches=2
2027|2026-06-17T15:40:50.0280000|ZONE_INVALIDATED|zone_id=7114_S;created_bar=7114;side=trapped_sellers;lo=1.159375;hi=1.159425;vol=51;reason=close_through;bar=7119
2028|2026-06-17T15:41:10.3000000|TRAP|bar=7127;side=trapped_buyers;vol=9;centroid=1.1594;zone_lo=1.159375;zone_hi=1.159425;n_rows=1;max_ratio=3;close=1.15925;bar_vol=35;fp_vol=35;n_quote=25;n_rule=0
2029|2026-06-17T15:41:13.3840000|TRAP|bar=7128;side=trapped_sellers;vol=12;centroid=1.15915;zone_lo=1.159125;zone_hi=1.159175;n_rows=1;max_ratio=3;close=1.1592;bar_vol=34;fp_vol=34;n_quote=25;n_rule=0
2030|2026-06-17T15:41:17.8400000|TRAP|bar=7130;side=trapped_sellers;vol=8;centroid=1.15905;zone_lo=1.159025;zone_hi=1.159075;n_rows=1;max_ratio=4;close=1.15915;bar_vol=31;fp_vol=31;n_quote=25;n_rule=0
2031|2026-06-17T15:41:22.0720000|TRAP|bar=7137;side=trapped_buyers;vol=32;centroid=1.15905;zone_lo=1.159025;zone_hi=1.159075;n_rows=1;max_ratio=16;close=1.15895;bar_vol=51;fp_vol=51;n_quote=25;n_rule=0
2032|2026-06-17T15:41:22.0720000|ZONE_CREATED|zone_id=7137_B;created_bar=7137;side=trapped_buyers;lo=1.159025;hi=1.159075;vol=32
2033|2026-06-17T15:41:22.3480000|TRAP|bar=7138;side=trapped_sellers;vol=5;centroid=1.15885;zone_lo=1.158825;zone_hi=1.158875;n_rows=1;max_ratio=5;close=1.15895;bar_vol=37;fp_vol=37;n_quote=25;n_rule=0
2034|2026-06-17T15:41:24.0040000|TRAP|bar=7139;side=trapped_buyers;vol=5;centroid=1.15895;zone_lo=1.158925;zone_hi=1.158975;n_rows=1;max_ratio=5;close=1.15885;bar_vol=31;fp_vol=31;n_quote=25;n_rule=0
2035|2026-06-17T15:41:26.3640000|TRAP|bar=7141;side=trapped_buyers;vol=3;centroid=1.159;zone_lo=1.158975;zone_hi=1.159025;n_rows=1;max_ratio=3;close=1.15895;bar_vol=25;fp_vol=25;n_quote=25;n_rule=0
2036|2026-06-17T15:41:28.4560000|TRAP|bar=7142;side=trapped_buyers;vol=15;centroid=1.159;zone_lo=1.158975;zone_hi=1.159025;n_rows=1;max_ratio=7.5;close=1.15895;bar_vol=27;fp_vol=27;n_quote=25;n_rule=0
2037|2026-06-17T15:41:32.4560000|ZONE_TOUCHED|zone_id=7137_B;created_bar=7137;side=trapped_buyers;lo=1.159025;hi=1.159075;vol=32;bar=7144;touches=1
2038|2026-06-17T15:41:33.2120000|ZONE_TOUCHED|zone_id=7137_B;created_bar=7137;side=trapped_buyers;lo=1.159025;hi=1.159075;vol=32;bar=7145;touches=2
2039|2026-06-17T15:41:33.9000000|ZONE_TOUCHED|zone_id=7137_B;created_bar=7137;side=trapped_buyers;lo=1.159025;hi=1.159075;vol=32;bar=7147;touches=3
2040|2026-06-17T15:41:33.9000000|ZONE_INVALIDATED|zone_id=7137_B;created_bar=7137;side=trapped_buyers;lo=1.159025;hi=1.159075;vol=32;reason=close_through;bar=7147
2041|2026-06-17T15:41:33.9000000|TRAP|bar=7147;side=trapped_sellers;vol=6;centroid=1.15895;zone_lo=1.158925;zone_hi=1.158975;n_rows=1;max_ratio=6;close=1.15915;bar_vol=32;fp_vol=32;n_quote=25;n_rule=0
2042|2026-06-17T15:41:34.1160000|TRAP|bar=7148;side=trapped_buyers;vol=20;centroid=1.1592;zone_lo=1.159175;zone_hi=1.159225;n_rows=1;max_ratio=20;close=1.15915;bar_vol=43;fp_vol=43;n_quote=25;n_rule=0
2043|2026-06-17T15:42:02.3480000|TRAP|bar=7161;side=trapped_buyers;vol=4;centroid=1.1595;zone_lo=1.159475;zone_hi=1.159525;n_rows=1;max_ratio=4;close=1.15935;bar_vol=34;fp_vol=34;n_quote=25;n_rule=0
2044|2026-06-17T15:42:39.1560000|TRAP|bar=7173;side=trapped_sellers;vol=13;centroid=1.15935;zone_lo=1.159325;zone_hi=1.159375;n_rows=1;max_ratio=6.5;close=1.15945;bar_vol=37;fp_vol=37;n_quote=25;n_rule=0
2045|2026-06-17T15:42:41.2320000|TRAP|bar=7180;side=trapped_sellers;vol=16;centroid=1.1589;zone_lo=1.158875;zone_hi=1.158925;n_rows=1;max_ratio=5.33333333333333;close=1.159;bar_vol=31;fp_vol=31;n_quote=25;n_rule=0
2046|2026-06-17T15:42:53.5080000|TRAP|bar=7189;side=trapped_sellers;vol=8;centroid=1.1588;zone_lo=1.158775;zone_hi=1.158825;n_rows=1;max_ratio=8;close=1.15905;bar_vol=37;fp_vol=37;n_quote=25;n_rule=0
2047|2026-06-17T15:42:59.2720000|TRAP|bar=7196;side=trapped_buyers;vol=6;centroid=1.1597;zone_lo=1.159675;zone_hi=1.159725;n_rows=1;max_ratio=6;close=1.15955;bar_vol=32;fp_vol=32;n_quote=25;n_rule=0
2048|2026-06-17T15:42:59.4200000|TRAP|bar=7197;side=trapped_sellers;vol=6;centroid=1.15955;zone_lo=1.159525;zone_hi=1.159575;n_rows=1;max_ratio=6;close=1.1596;bar_vol=32;fp_vol=32;n_quote=25;n_rule=0
2049|2026-06-17T15:43:31.0560000|TRAP|bar=7203;side=trapped_buyers;vol=7;centroid=1.15945;zone_lo=1.159425;zone_hi=1.159475;n_rows=1;max_ratio=3.5;close=1.1592;bar_vol=44;fp_vol=44;n_quote=25;n_rule=0
2050|2026-06-17T15:43:50.4400000|TRAP|bar=7209;side=trapped_buyers;vol=26;centroid=1.15945;zone_lo=1.159425;zone_hi=1.159475;n_rows=1;max_ratio=4.33333333333333;close=1.1594;bar_vol=37;fp_vol=37;n_quote=25;n_rule=0
2051|2026-06-17T15:43:51.1920000|TRAP|bar=7219;side=trapped_buyers;vol=9;centroid=1.15985;zone_lo=1.159825;zone_hi=1.159875;n_rows=1;max_ratio=4.5;close=1.1598;bar_vol=33;fp_vol=33;n_quote=25;n_rule=0
2052|2026-06-17T15:44:00.2000000|TRAP|bar=7227;side=trapped_sellers;vol=17;centroid=1.16;zone_lo=1.159975;zone_hi=1.160025;n_rows=1;max_ratio=8.5;close=1.16005;bar_vol=42;fp_vol=42;n_quote=25;n_rule=0
2053|2026-06-17T15:44:03.4720000|TRAP|bar=7231;side=trapped_sellers;vol=4;centroid=1.1601;zone_lo=1.160075;zone_hi=1.160125;n_rows=1;max_ratio=4;close=1.16025;bar_vol=30;fp_vol=30;n_quote=25;n_rule=0
2054|2026-06-17T15:44:03.8560000|TRAP|bar=7233;side=trapped_sellers;vol=34;centroid=1.1602;zone_lo=1.160175;zone_hi=1.160225;n_rows=1;max_ratio=4.25;close=1.16025;bar_vol=53;fp_vol=53;n_quote=25;n_rule=0
2055|2026-06-17T15:44:03.8560000|ZONE_CREATED|zone_id=7233_S;created_bar=7233;side=trapped_sellers;lo=1.160175;hi=1.160225;vol=34
2056|2026-06-17T15:44:06.4480000|ZONE_TOUCHED|zone_id=7233_S;created_bar=7233;side=trapped_sellers;lo=1.160175;hi=1.160225;vol=34;bar=7234;touches=1
2057|2026-06-17T15:44:07.9120000|ZONE_TOUCHED|zone_id=7233_S;created_bar=7233;side=trapped_sellers;lo=1.160175;hi=1.160225;vol=34;bar=7235;touches=2
2058|2026-06-17T15:44:07.9120000|TRAP|bar=7235;side=trapped_sellers;vol=10;centroid=1.16015;zone_lo=1.160125;zone_hi=1.160175;n_rows=1;max_ratio=3.33333333333333;close=1.1602;bar_vol=25;fp_vol=25;n_quote=25;n_rule=0
2059|2026-06-17T15:44:08.9800000|ZONE_TOUCHED|zone_id=7233_S;created_bar=7233;side=trapped_sellers;lo=1.160175;hi=1.160225;vol=34;bar=7236;touches=3
2060|2026-06-17T15:44:16.6680000|ZONE_TOUCHED|zone_id=7233_S;created_bar=7233;side=trapped_sellers;lo=1.160175;hi=1.160225;vol=34;bar=7238;touches=4
2061|2026-06-17T15:44:16.6680000|ZONE_INVALIDATED|zone_id=7233_S;created_bar=7233;side=trapped_sellers;lo=1.160175;hi=1.160225;vol=34;reason=close_through;bar=7238
2062|2026-06-17T15:44:35.1760000|TRAP|bar=7251;side=trapped_buyers;vol=4;centroid=1.1606;zone_lo=1.160575;zone_hi=1.160625;n_rows=1;max_ratio=4;close=1.1605;bar_vol=40;fp_vol=40;n_quote=25;n_rule=0
2063|2026-06-17T15:44:37.0520000|TRAP|bar=7252;side=trapped_buyers;vol=3;centroid=1.16055;zone_lo=1.160525;zone_hi=1.160575;n_rows=1;max_ratio=3;close=1.1605;bar_vol=33;fp_vol=33;n_quote=25;n_rule=0
2064|2026-06-17T15:44:39.9720000|TRAP|bar=7254;side=trapped_sellers;vol=8;centroid=1.1605;zone_lo=1.160475;zone_hi=1.160525;n_rows=1;max_ratio=4;close=1.1606;bar_vol=31;fp_vol=31;n_quote=25;n_rule=0
2065|2026-06-17T15:45:00.5640000|TRAP|bar=7263;side=trapped_sellers;vol=8;centroid=1.16015;zone_lo=1.160125;zone_hi=1.160175;n_rows=1;max_ratio=4;close=1.16025;bar_vol=42;fp_vol=42;n_quote=25;n_rule=0
2066|2026-06-17T15:45:02.2080000|TRAP|bar=7265;side=trapped_sellers;vol=32;centroid=1.1602;zone_lo=1.160175;zone_hi=1.160225;n_rows=1;max_ratio=8;close=1.16025;bar_vol=50;fp_vol=50;n_quote=25;n_rule=0
2067|2026-06-17T15:45:02.2080000|ZONE_CREATED|zone_id=7265_S;created_bar=7265;side=trapped_sellers;lo=1.160175;hi=1.160225;vol=32
2068|2026-06-17T15:45:03.7400000|ZONE_TOUCHED|zone_id=7265_S;created_bar=7265;side=trapped_sellers;lo=1.160175;hi=1.160225;vol=32;bar=7266;touches=1
2069|2026-06-17T15:45:05.9320000|ZONE_TOUCHED|zone_id=7265_S;created_bar=7265;side=trapped_sellers;lo=1.160175;hi=1.160225;vol=32;bar=7267;touches=2
2070|2026-06-17T15:45:05.9320000|TRAP|bar=7267;side=trapped_buyers;vol=12;centroid=1.1603;zone_lo=1.160275;zone_hi=1.160325;n_rows=1;max_ratio=12;close=1.1602;bar_vol=33;fp_vol=33;n_quote=25;n_rule=0
2071|2026-06-17T15:45:09.4600000|ZONE_TOUCHED|zone_id=7265_S;created_bar=7265;side=trapped_sellers;lo=1.160175;hi=1.160225;vol=32;bar=7268;touches=3
2072|2026-06-17T15:45:11.6440000|ZONE_TOUCHED|zone_id=7265_S;created_bar=7265;side=trapped_sellers;lo=1.160175;hi=1.160225;vol=32;bar=7269;touches=4
2073|2026-06-17T15:45:13.3280000|ZONE_TOUCHED|zone_id=7265_S;created_bar=7265;side=trapped_sellers;lo=1.160175;hi=1.160225;vol=32;bar=7270;touches=5
2074|2026-06-17T15:45:18.8720000|ZONE_TOUCHED|zone_id=7265_S;created_bar=7265;side=trapped_sellers;lo=1.160175;hi=1.160225;vol=32;bar=7271;touches=6
2075|2026-06-17T15:45:24.7480000|ZONE_TOUCHED|zone_id=7265_S;created_bar=7265;side=trapped_sellers;lo=1.160175;hi=1.160225;vol=32;bar=7272;touches=7
2076|2026-06-17T15:45:27.4640000|ZONE_TOUCHED|zone_id=7265_S;created_bar=7265;side=trapped_sellers;lo=1.160175;hi=1.160225;vol=32;bar=7273;touches=8
2077|2026-06-17T15:45:31.2200000|ZONE_TOUCHED|zone_id=7265_S;created_bar=7265;side=trapped_sellers;lo=1.160175;hi=1.160225;vol=32;bar=7274;touches=9
2078|2026-06-17T15:45:33.0520000|ZONE_TOUCHED|zone_id=7265_S;created_bar=7265;side=trapped_sellers;lo=1.160175;hi=1.160225;vol=32;bar=7275;touches=10
2079|2026-06-17T15:45:33.0520000|ZONE_INVALIDATED|zone_id=7265_S;created_bar=7265;side=trapped_sellers;lo=1.160175;hi=1.160225;vol=32;reason=close_through;bar=7275
2080|2026-06-17T15:46:03.7920000|TRAP|bar=7285;side=trapped_sellers;vol=8;centroid=1.15995;zone_lo=1.159925;zone_hi=1.159975;n_rows=1;max_ratio=8;close=1.1601;bar_vol=49;fp_vol=49;n_quote=25;n_rule=0
2081|2026-06-17T15:47:02.9800000|TRAP|bar=7296;side=trapped_sellers;vol=9;centroid=1.1595;zone_lo=1.159475;zone_hi=1.159525;n_rows=1;max_ratio=9;close=1.15965;bar_vol=33;fp_vol=33;n_quote=25;n_rule=0
2082|2026-06-17T15:47:18.8920000|TRAP|bar=7300;side=trapped_sellers;vol=11;centroid=1.1595;zone_lo=1.159475;zone_hi=1.159525;n_rows=1;max_ratio=11;close=1.15975;bar_vol=29;fp_vol=29;n_quote=25;n_rule=0
2083|2026-06-17T15:47:58.0320000|TRAP|bar=7310;side=trapped_sellers;vol=18;centroid=1.1602;zone_lo=1.160175;zone_hi=1.160225;n_rows=1;max_ratio=6;close=1.16025;bar_vol=30;fp_vol=30;n_quote=25;n_rule=0
2084|2026-06-17T15:47:59.2760000|TRAP|bar=7311;side=trapped_sellers;vol=3;centroid=1.16025;zone_lo=1.160225;zone_hi=1.160275;n_rows=1;max_ratio=3;close=1.1603;bar_vol=37;fp_vol=37;n_quote=25;n_rule=0
2085|2026-06-17T15:48:56.5920000|TRAP|bar=7323;side=trapped_sellers;vol=14;centroid=1.15975;zone_lo=1.159725;zone_hi=1.159775;n_rows=1;max_ratio=14;close=1.15985;bar_vol=40;fp_vol=40;n_quote=25;n_rule=0
2086|2026-06-17T15:49:04.9040000|TRAP|bar=7328;side=trapped_sellers;vol=21;centroid=1.15995;zone_lo=1.159925;zone_hi=1.159975;n_rows=1;max_ratio=3.5;close=1.16;bar_vol=40;fp_vol=40;n_quote=25;n_rule=0
2087|2026-06-17T15:49:19.2600000|TRAP|bar=7330;side=trapped_buyers;vol=9;centroid=1.1601;zone_lo=1.160075;zone_hi=1.160125;n_rows=1;max_ratio=9;close=1.16;bar_vol=42;fp_vol=42;n_quote=25;n_rule=0
2088|2026-06-17T15:49:32.3800000|TRAP|bar=7332;side=trapped_sellers;vol=11;centroid=1.16005;zone_lo=1.160025;zone_hi=1.160075;n_rows=1;max_ratio=3.66666666666667;close=1.16025;bar_vol=56;fp_vol=56;n_quote=25;n_rule=0
2089|2026-06-17T15:49:53.2160000|TRAP|bar=7334;side=trapped_buyers;vol=4;centroid=1.16015;zone_lo=1.160125;zone_hi=1.160175;n_rows=1;max_ratio=4;close=1.16;bar_vol=53;fp_vol=53;n_quote=25;n_rule=0
2090|2026-06-17T15:51:08.4840000|TRAP|bar=7347;side=trapped_sellers;vol=11;centroid=1.15975;zone_lo=1.159725;zone_hi=1.159775;n_rows=1;max_ratio=3.66666666666667;close=1.1598;bar_vol=31;fp_vol=31;n_quote=25;n_rule=0
2091|2026-06-17T15:51:50.7400000|TRAP|bar=7353;side=trapped_sellers;vol=13;centroid=1.1598;zone_lo=1.159775;zone_hi=1.159825;n_rows=1;max_ratio=13;close=1.15985;bar_vol=40;fp_vol=40;n_quote=25;n_rule=0
2092|2026-06-17T15:52:10.4000000|TRAP|bar=7356;side=trapped_sellers;vol=13;centroid=1.1597;zone_lo=1.159675;zone_hi=1.159725;n_rows=1;max_ratio=4.33333333333333;close=1.15975;bar_vol=38;fp_vol=38;n_quote=25;n_rule=0
2093|2026-06-17T15:52:15.4880000|TRAP|bar=7357;side=trapped_sellers;vol=47;centroid=1.1596;zone_lo=1.159575;zone_hi=1.159625;n_rows=1;max_ratio=47;close=1.15965;bar_vol=65;fp_vol=65;n_quote=25;n_rule=0
2094|2026-06-17T15:52:15.4880000|ZONE_CREATED|zone_id=7357_S;created_bar=7357;side=trapped_sellers;lo=1.159575;hi=1.159625;vol=47
2095|2026-06-17T15:52:18.6000000|ZONE_TOUCHED|zone_id=7357_S;created_bar=7357;side=trapped_sellers;lo=1.159575;hi=1.159625;vol=47;bar=7358;touches=1
2096|2026-06-17T15:52:21.2320000|ZONE_TOUCHED|zone_id=7357_S;created_bar=7357;side=trapped_sellers;lo=1.159575;hi=1.159625;vol=47;bar=7359;touches=2
2097|2026-06-17T15:52:21.2320000|ZONE_INVALIDATED|zone_id=7357_S;created_bar=7357;side=trapped_sellers;lo=1.159575;hi=1.159625;vol=47;reason=close_through;bar=7359
2098|2026-06-17T15:52:28.3760000|TRAP|bar=7366;side=trapped_sellers;vol=24;centroid=1.15995;zone_lo=1.159925;zone_hi=1.159975;n_rows=1;max_ratio=24;close=1.16;bar_vol=31;fp_vol=31;n_quote=25;n_rule=0
2099|2026-06-17T15:52:30.0240000|TRAP|bar=7368;side=trapped_sellers;vol=25;centroid=1.15995;zone_lo=1.159925;zone_hi=1.159975;n_rows=1;max_ratio=8.33333333333333;close=1.16;bar_vol=35;fp_vol=35;n_quote=25;n_rule=0
2100|2026-06-17T15:54:48.8880000|TRAP|bar=7391;side=trapped_sellers;vol=3;centroid=1.1593;zone_lo=1.159275;zone_hi=1.159325;n_rows=1;max_ratio=3;close=1.15945;bar_vol=25;fp_vol=25;n_quote=25;n_rule=0
2101|2026-06-17T15:55:11.0240000|TRAP|bar=7397;side=trapped_sellers;vol=27;centroid=1.15905;zone_lo=1.159025;zone_hi=1.159075;n_rows=1;max_ratio=3.85714285714286;close=1.15915;bar_vol=46;fp_vol=46;n_quote=25;n_rule=0
2102|2026-06-17T15:55:13.8800000|TRAP|bar=7398;side=trapped_buyers;vol=6;centroid=1.15915;zone_lo=1.159125;zone_hi=1.159175;n_rows=1;max_ratio=3;close=1.159;bar_vol=64;fp_vol=64;n_quote=25;n_rule=0
2103|2026-06-17T15:55:20.2840000|TRAP|bar=7401;side=trapped_sellers;vol=17;centroid=1.1587;zone_lo=1.158675;zone_hi=1.158725;n_rows=1;max_ratio=17;close=1.15875;bar_vol=48;fp_vol=48;n_quote=25;n_rule=0
2104|2026-06-17T15:56:37.6080000|TRAP|bar=7420;side=trapped_sellers;vol=5;centroid=1.15865;zone_lo=1.158625;zone_hi=1.158675;n_rows=1;max_ratio=5;close=1.15875;bar_vol=41;fp_vol=41;n_quote=25;n_rule=0
2105|2026-06-17T15:57:05.8800000|TRAP|bar=7426;side=trapped_sellers;vol=17;centroid=1.15835;zone_lo=1.158325;zone_hi=1.158375;n_rows=1;max_ratio=17;close=1.1585;bar_vol=33;fp_vol=33;n_quote=25;n_rule=0
2106|2026-06-17T15:57:33.0440000|TRAP|bar=7431;side=trapped_sellers;vol=30;centroid=1.1583;zone_lo=1.158275;zone_hi=1.158325;n_rows=1;max_ratio=30;close=1.1584;bar_vol=45;fp_vol=45;n_quote=25;n_rule=0
2107|2026-06-17T15:57:33.0440000|ZONE_CREATED|zone_id=7431_S;created_bar=7431;side=trapped_sellers;lo=1.158275;hi=1.158325;vol=30
2108|2026-06-17T15:57:45.7360000|TRAP|bar=7433;side=trapped_buyers;vol=8;centroid=1.15845;zone_lo=1.158425;zone_hi=1.158475;n_rows=1;max_ratio=4;close=1.15835;bar_vol=34;fp_vol=34;n_quote=25;n_rule=0
2109|2026-06-17T15:57:50.4280000|ZONE_TOUCHED|zone_id=7431_S;created_bar=7431;side=trapped_sellers;lo=1.158275;hi=1.158325;vol=30;bar=7434;touches=1
2110|2026-06-17T15:57:52.6320000|ZONE_TOUCHED|zone_id=7431_S;created_bar=7431;side=trapped_sellers;lo=1.158275;hi=1.158325;vol=30;bar=7435;touches=2
2111|2026-06-17T15:57:52.6320000|ZONE_INVALIDATED|zone_id=7431_S;created_bar=7431;side=trapped_sellers;lo=1.158275;hi=1.158325;vol=30;reason=close_through;bar=7435
2112|2026-06-17T15:57:55.6240000|TRAP|bar=7436;side=trapped_sellers;vol=6;centroid=1.1582;zone_lo=1.158175;zone_hi=1.158225;n_rows=1;max_ratio=3;close=1.15825;bar_vol=36;fp_vol=36;n_quote=25;n_rule=0
2113|2026-06-17T15:57:58.1560000|TRAP|bar=7437;side=trapped_buyers;vol=27;centroid=1.1583;zone_lo=1.158275;zone_hi=1.158325;n_rows=1;max_ratio=6.75;close=1.15825;bar_vol=39;fp_vol=39;n_quote=25;n_rule=0
2114|2026-06-17T15:58:02.5960000|TRAP|bar=7440;side=trapped_sellers;vol=20;centroid=1.1581;zone_lo=1.158075;zone_hi=1.158125;n_rows=1;max_ratio=5;close=1.1582;bar_vol=35;fp_vol=35;n_quote=25;n_rule=0
2115|2026-06-17T15:58:17.5040000|TRAP|bar=7446;side=trapped_buyers;vol=16;centroid=1.15795;zone_lo=1.157925;zone_hi=1.157975;n_rows=1;max_ratio=16;close=1.1579;bar_vol=35;fp_vol=35;n_quote=25;n_rule=0
2116|2026-06-17T15:58:35.1160000|TRAP|bar=7452;side=trapped_buyers;vol=26;centroid=1.158;zone_lo=1.157975;zone_hi=1.158025;n_rows=1;max_ratio=8.66666666666667;close=1.15795;bar_vol=52;fp_vol=52;n_quote=25;n_rule=0
2117|2026-06-17T15:59:49.1240000|TRAP|bar=7484;side=trapped_buyers;vol=17;centroid=1.15795;zone_lo=1.157925;zone_hi=1.157975;n_rows=1;max_ratio=4.25;close=1.15785;bar_vol=50;fp_vol=50;n_quote=25;n_rule=0
2118|2026-06-17T15:59:50.0400000|TRAP|bar=7485;side=trapped_buyers;vol=20;centroid=1.15795;zone_lo=1.157925;zone_hi=1.157975;n_rows=1;max_ratio=4;close=1.1579;bar_vol=33;fp_vol=33;n_quote=25;n_rule=0
2119|2026-06-17T15:59:59.3680000|TRAP|bar=7497;side=trapped_sellers;vol=11;centroid=1.15785;zone_lo=1.157825;zone_hi=1.157875;n_rows=1;max_ratio=11;close=1.15795;bar_vol=54;fp_vol=54;n_quote=25;n_rule=0
2120|2026-06-17T16:00:28.9360000|TRAP|bar=7512;side=trapped_sellers;vol=3;centroid=1.1577;zone_lo=1.157675;zone_hi=1.157725;n_rows=1;max_ratio=3;close=1.15785;bar_vol=33;fp_vol=33;n_quote=25;n_rule=0
2121|2026-06-17T16:00:39.2040000|TRAP|bar=7517;side=trapped_buyers;vol=15;centroid=1.1579;zone_lo=1.157875;zone_hi=1.157925;n_rows=1;max_ratio=5;close=1.15785;bar_vol=41;fp_vol=41;n_quote=25;n_rule=0
2122|2026-06-17T16:01:19.1000000|TRAP|bar=7527;side=trapped_sellers;vol=20;centroid=1.158;zone_lo=1.157975;zone_hi=1.158025;n_rows=1;max_ratio=20;close=1.1581;bar_vol=42;fp_vol=42;n_quote=25;n_rule=0
2123|2026-06-17T16:02:02.8320000|TRAP|bar=7538;side=trapped_sellers;vol=13;centroid=1.1577;zone_lo=1.157675;zone_hi=1.157725;n_rows=1;max_ratio=13;close=1.15775;bar_vol=40;fp_vol=40;n_quote=25;n_rule=0
2124|2026-06-17T16:02:08.3120000|TRAP|bar=7539;side=trapped_buyers;vol=11;centroid=1.15785;zone_lo=1.157825;zone_hi=1.157875;n_rows=1;max_ratio=5.5;close=1.1578;bar_vol=36;fp_vol=36;n_quote=25;n_rule=0
2125|2026-06-17T16:02:08.6240000|TRAP|bar=7540;side=trapped_sellers;vol=18;centroid=1.1578;zone_lo=1.157775;zone_hi=1.157825;n_rows=1;max_ratio=4.5;close=1.1579;bar_vol=37;fp_vol=37;n_quote=25;n_rule=0
2126|2026-06-17T16:02:17.4120000|TRAP|bar=7542;side=trapped_sellers;vol=14;centroid=1.1578;zone_lo=1.157775;zone_hi=1.157825;n_rows=1;max_ratio=7;close=1.1579;bar_vol=31;fp_vol=31;n_quote=25;n_rule=0
2127|2026-06-17T16:02:55.0760000|TRAP|bar=7563;side=trapped_sellers;vol=7;centroid=1.15725;zone_lo=1.157225;zone_hi=1.157275;n_rows=1;max_ratio=3.5;close=1.1573;bar_vol=38;fp_vol=38;n_quote=25;n_rule=0
2128|2026-06-17T16:03:02.3000000|TRAP|bar=7581;side=trapped_sellers;vol=16;centroid=1.1567;zone_lo=1.156675;zone_hi=1.156725;n_rows=1;max_ratio=16;close=1.15675;bar_vol=37;fp_vol=37;n_quote=25;n_rule=0
2129|2026-06-17T16:03:04.1560000|TRAP|bar=7583;side=trapped_sellers;vol=14;centroid=1.15675;zone_lo=1.156725;zone_hi=1.156775;n_rows=1;max_ratio=14;close=1.1568;bar_vol=35;fp_vol=35;n_quote=25;n_rule=0
2130|2026-06-17T16:03:25.0040000|TRAP|bar=7598;side=trapped_sellers;vol=13;centroid=1.15655;zone_lo=1.156525;zone_hi=1.156575;n_rows=1;max_ratio=13;close=1.15665;bar_vol=31;fp_vol=31;n_quote=25;n_rule=0
2131|2026-06-17T16:03:31.2040000|TRAP|bar=7604;side=trapped_buyers;vol=26;centroid=1.1567;zone_lo=1.156675;zone_hi=1.156725;n_rows=1;max_ratio=3.25;close=1.1566;bar_vol=50;fp_vol=50;n_quote=25;n_rule=0
2132|2026-06-17T16:03:37.7320000|TRAP|bar=7607;side=trapped_sellers;vol=13;centroid=1.1567;zone_lo=1.156675;zone_hi=1.156725;n_rows=1;max_ratio=13;close=1.15675;bar_vol=54;fp_vol=54;n_quote=25;n_rule=0
2133|2026-06-17T16:03:40.6680000|TRAP|bar=7609;side=trapped_sellers;vol=17;centroid=1.15675;zone_lo=1.156725;zone_hi=1.156775;n_rows=1;max_ratio=5.66666666666667;close=1.15685;bar_vol=38;fp_vol=38;n_quote=25;n_rule=0
2134|2026-06-17T16:04:20.4280000|TRAP|bar=7621;side=trapped_buyers;vol=15;centroid=1.15675;zone_lo=1.156725;zone_hi=1.156775;n_rows=1;max_ratio=5;close=1.1567;bar_vol=36;fp_vol=36;n_quote=25;n_rule=0
2135|2026-06-17T16:04:25.7200000|TRAP|bar=7627;side=trapped_buyers;vol=6;centroid=1.15645;zone_lo=1.156425;zone_hi=1.156475;n_rows=1;max_ratio=6;close=1.1563;bar_vol=50;fp_vol=50;n_quote=25;n_rule=0
2136|2026-06-17T16:04:28.7640000|TRAP|bar=7630;side=trapped_sellers;vol=27;centroid=1.1564;zone_lo=1.156375;zone_hi=1.156425;n_rows=1;max_ratio=27;close=1.15645;bar_vol=40;fp_vol=40;n_quote=25;n_rule=0
2137|2026-06-17T16:04:31.9920000|TRAP|bar=7634;side=trapped_buyers;vol=12;centroid=1.15645;zone_lo=1.156425;zone_hi=1.156475;n_rows=1;max_ratio=4;close=1.1564;bar_vol=36;fp_vol=36;n_quote=25;n_rule=0
2138|2026-06-17T16:04:35.4880000|TRAP|bar=7636;side=trapped_sellers;vol=26;centroid=1.1563;zone_lo=1.156275;zone_hi=1.156325;n_rows=1;max_ratio=8.66666666666667;close=1.15635;bar_vol=45;fp_vol=45;n_quote=25;n_rule=0
2139|2026-06-17T16:04:35.4920000|TRAP|bar=7637;side=trapped_sellers;vol=12;centroid=1.15635;zone_lo=1.156325;zone_hi=1.156375;n_rows=1;max_ratio=6;close=1.15645;bar_vol=46;fp_vol=46;n_quote=25;n_rule=0
2140|2026-06-17T16:04:35.6400000|TRAP|bar=7641;side=trapped_sellers;vol=30;centroid=1.15635;zone_lo=1.156325;zone_hi=1.156375;n_rows=1;max_ratio=3.75;close=1.1564;bar_vol=43;fp_vol=43;n_quote=25;n_rule=0
2141|2026-06-17T16:04:35.6400000|ZONE_CREATED|zone_id=7641_S;created_bar=7641;side=trapped_sellers;lo=1.156325;hi=1.156375;vol=30
2142|2026-06-17T16:04:35.6640000|ZONE_TOUCHED|zone_id=7641_S;created_bar=7641;side=trapped_sellers;lo=1.156325;hi=1.156375;vol=30;bar=7642;touches=1
2143|2026-06-17T16:04:38.3960000|ZONE_TOUCHED|zone_id=7641_S;created_bar=7641;side=trapped_sellers;lo=1.156325;hi=1.156375;vol=30;bar=7643;touches=2
2144|2026-06-17T16:04:40.1640000|ZONE_TOUCHED|zone_id=7641_S;created_bar=7641;side=trapped_sellers;lo=1.156325;hi=1.156375;vol=30;bar=7644;touches=3
2145|2026-06-17T16:04:40.2560000|ZONE_TOUCHED|zone_id=7641_S;created_bar=7641;side=trapped_sellers;lo=1.156325;hi=1.156375;vol=30;bar=7645;touches=4
2146|2026-06-17T16:04:40.2560000|ZONE_TOUCHED|zone_id=7641_S;created_bar=7641;side=trapped_sellers;lo=1.156325;hi=1.156375;vol=30;bar=7646;touches=5
2147|2026-06-17T16:04:40.2560000|ZONE_INVALIDATED|zone_id=7641_S;created_bar=7641;side=trapped_sellers;lo=1.156325;hi=1.156375;vol=30;reason=close_through;bar=7646
2148|2026-06-17T16:04:43.1400000|TRAP|bar=7647;side=trapped_buyers;vol=17;centroid=1.1563;zone_lo=1.156275;zone_hi=1.156325;n_rows=1;max_ratio=17;close=1.15625;bar_vol=37;fp_vol=37;n_quote=25;n_rule=0
2149|2026-06-17T16:05:18.9600000|TRAP|bar=7673;side=trapped_buyers;vol=34;centroid=1.156;zone_lo=1.155975;zone_hi=1.156025;n_rows=1;max_ratio=8.5;close=1.1559;bar_vol=61;fp_vol=61;n_quote=25;n_rule=0
2150|2026-06-17T16:05:18.9600000|ZONE_CREATED|zone_id=7673_B;created_bar=7673;side=trapped_buyers;lo=1.155975;hi=1.156025;vol=34
2151|2026-06-17T16:05:23.0120000|ZONE_TOUCHED|zone_id=7673_B;created_bar=7673;side=trapped_buyers;lo=1.155975;hi=1.156025;vol=34;bar=7675;touches=1
2152|2026-06-17T16:05:24.4320000|ZONE_TOUCHED|zone_id=7673_B;created_bar=7673;side=trapped_buyers;lo=1.155975;hi=1.156025;vol=34;bar=7676;touches=2
2153|2026-06-17T16:05:24.4320000|ZONE_INVALIDATED|zone_id=7673_B;created_bar=7673;side=trapped_buyers;lo=1.155975;hi=1.156025;vol=34;reason=close_through;bar=7676
2154|2026-06-17T16:05:28.5720000|TRAP|bar=7678;side=trapped_sellers;vol=5;centroid=1.156;zone_lo=1.155975;zone_hi=1.156025;n_rows=1;max_ratio=5;close=1.1562;bar_vol=72;fp_vol=72;n_quote=25;n_rule=0
2155|2026-06-17T16:05:53.1000000|TRAP|bar=7686;side=trapped_sellers;vol=16;centroid=1.15625;zone_lo=1.156225;zone_hi=1.156275;n_rows=1;max_ratio=16;close=1.15635;bar_vol=39;fp_vol=39;n_quote=25;n_rule=0
2156|2026-06-17T16:06:08.3600000|TRAP|bar=7690;side=trapped_sellers;vol=15;centroid=1.15625;zone_lo=1.156225;zone_hi=1.156275;n_rows=1;max_ratio=7.5;close=1.15635;bar_vol=32;fp_vol=32;n_quote=25;n_rule=0
2157|2026-06-17T16:06:10.1160000|TRAP|bar=7691;side=trapped_sellers;vol=12;centroid=1.15635;zone_lo=1.156325;zone_hi=1.156375;n_rows=1;max_ratio=4;close=1.1565;bar_vol=31;fp_vol=31;n_quote=25;n_rule=0
2158|2026-06-17T16:06:16.9080000|TRAP|bar=7694;side=trapped_sellers;vol=16;centroid=1.1565;zone_lo=1.156475;zone_hi=1.156525;n_rows=1;max_ratio=4;close=1.15655;bar_vol=29;fp_vol=29;n_quote=25;n_rule=0
2159|2026-06-17T16:07:19.1720000|TRAP|bar=7722;side=trapped_buyers;vol=21;centroid=1.1562;zone_lo=1.156175;zone_hi=1.156225;n_rows=1;max_ratio=7;close=1.15615;bar_vol=30;fp_vol=30;n_quote=25;n_rule=0
2160|2026-06-17T16:08:10.3960000|TRAP|bar=7742;side=trapped_sellers;vol=21;centroid=1.1559;zone_lo=1.155875;zone_hi=1.155925;n_rows=1;max_ratio=21;close=1.15595;bar_vol=30;fp_vol=30;n_quote=25;n_rule=0
2161|2026-06-17T16:08:36.6760000|TRAP|bar=7752;side=trapped_buyers;vol=13;centroid=1.15625;zone_lo=1.156225;zone_hi=1.156275;n_rows=1;max_ratio=4.33333333333333;close=1.15615;bar_vol=36;fp_vol=36;n_quote=25;n_rule=0
2162|2026-06-17T16:09:06.9080000|TRAP|bar=7760;side=trapped_sellers;vol=15;centroid=1.1559;zone_lo=1.155875;zone_hi=1.155925;n_rows=1;max_ratio=3.75;close=1.156;bar_vol=39;fp_vol=39;n_quote=25;n_rule=0
2163|2026-06-17T16:09:44.6800000|TRAP|bar=7766;side=trapped_sellers;vol=22;centroid=1.15565;zone_lo=1.155625;zone_hi=1.155675;n_rows=1;max_ratio=11;close=1.1557;bar_vol=45;fp_vol=45;n_quote=25;n_rule=0
2164|2026-06-17T16:09:54.2120000|TRAP|bar=7769;side=trapped_buyers;vol=22;centroid=1.1557;zone_lo=1.155675;zone_hi=1.155725;n_rows=1;max_ratio=3.66666666666667;close=1.15565;bar_vol=50;fp_vol=50;n_quote=25;n_rule=0
2165|2026-06-17T16:10:04.3120000|TRAP|bar=7776;side=trapped_buyers;vol=15;centroid=1.15545;zone_lo=1.155425;zone_hi=1.155475;n_rows=1;max_ratio=15;close=1.15535;bar_vol=39;fp_vol=39;n_quote=25;n_rule=0
2166|2026-06-17T16:10:08.0880000|TRAP|bar=7780;side=trapped_buyers;vol=37;centroid=1.1555;zone_lo=1.155475;zone_hi=1.155525;n_rows=1;max_ratio=12.3333333333333;close=1.15545;bar_vol=50;fp_vol=50;n_quote=25;n_rule=0
2167|2026-06-17T16:10:08.0880000|ZONE_CREATED|zone_id=7780_B;created_bar=7780;side=trapped_buyers;lo=1.155475;hi=1.155525;vol=37
2168|2026-06-17T16:10:09.6800000|ZONE_TOUCHED|zone_id=7780_B;created_bar=7780;side=trapped_buyers;lo=1.155475;hi=1.155525;vol=37;bar=7781;touches=1
2169|2026-06-17T16:10:09.6800000|ZONE_INVALIDATED|zone_id=7780_B;created_bar=7780;side=trapped_buyers;lo=1.155475;hi=1.155525;vol=37;reason=close_through;bar=7781
2170|2026-06-17T16:10:13.3960000|TRAP|bar=7783;side=trapped_buyers;vol=27;centroid=1.15565;zone_lo=1.155625;zone_hi=1.155675;n_rows=1;max_ratio=3.375;close=1.1556;bar_vol=40;fp_vol=40;n_quote=25;n_rule=0
2171|2026-06-17T16:10:26.4360000|TRAP|bar=7786;side=trapped_buyers;vol=21;centroid=1.15565;zone_lo=1.155625;zone_hi=1.155675;n_rows=1;max_ratio=4.2;close=1.1556;bar_vol=42;fp_vol=42;n_quote=25;n_rule=0
2172|2026-06-17T16:10:41.7560000|TRAP|bar=7790;side=trapped_buyers;vol=8;centroid=1.15555;zone_lo=1.155525;zone_hi=1.155575;n_rows=1;max_ratio=4;close=1.1555;bar_vol=27;fp_vol=27;n_quote=25;n_rule=0
2173|2026-06-17T16:11:00.2240000|TRAP|bar=7796;side=trapped_buyers;vol=3;centroid=1.1556;zone_lo=1.155575;zone_hi=1.155625;n_rows=1;max_ratio=3;close=1.1554;bar_vol=31;fp_vol=31;n_quote=25;n_rule=0
2174|2026-06-17T16:11:09.1480000|TRAP|bar=7802;side=trapped_sellers;vol=6;centroid=1.15525;zone_lo=1.155225;zone_hi=1.155275;n_rows=1;max_ratio=3;close=1.15535;bar_vol=36;fp_vol=36;n_quote=25;n_rule=0
2175|2026-06-17T16:11:39.4480000|TRAP|bar=7814;side=trapped_sellers;vol=23;centroid=1.15515;zone_lo=1.155125;zone_hi=1.155175;n_rows=1;max_ratio=3.83333333333333;close=1.1552;bar_vol=42;fp_vol=42;n_quote=25;n_rule=0
2176|2026-06-17T16:12:09.1160000|TRAP|bar=7827;side=trapped_buyers;vol=19;centroid=1.1551;zone_lo=1.155075;zone_hi=1.155125;n_rows=1;max_ratio=19;close=1.155;bar_vol=35;fp_vol=35;n_quote=25;n_rule=0
2177|2026-06-17T16:12:21.5880000|TRAP|bar=7831;side=trapped_buyers;vol=18;centroid=1.1551;zone_lo=1.155075;zone_hi=1.155125;n_rows=1;max_ratio=3;close=1.15505;bar_vol=67;fp_vol=67;n_quote=25;n_rule=0
2178|2026-06-17T16:12:45.8320000|TRAP|bar=7842;side=trapped_sellers;vol=12;centroid=1.1549;zone_lo=1.154875;zone_hi=1.154925;n_rows=1;max_ratio=6;close=1.155;bar_vol=34;fp_vol=34;n_quote=25;n_rule=0
2179|2026-06-17T16:12:52.4000000|TRAP|bar=7856;side=trapped_buyers;vol=55;centroid=1.15531818181818;zone_lo=1.155275;zone_hi=1.155375;n_rows=2;max_ratio=35;close=1.155;bar_vol=56;fp_vol=56;n_quote=25;n_rule=0
2180|2026-06-17T16:12:52.4000000|ZONE_CREATED|zone_id=7856_B;created_bar=7856;side=trapped_buyers;lo=1.155275;hi=1.155375;vol=55
2181|2026-06-17T16:12:52.4280000|TRAP|bar=7858;side=trapped_buyers;vol=11;centroid=1.155;zone_lo=1.154975;zone_hi=1.155025;n_rows=1;max_ratio=5.5;close=1.1549;bar_vol=35;fp_vol=35;n_quote=25;n_rule=0
2182|2026-06-17T16:12:52.4280000|TRAP|bar=7858;side=trapped_sellers;vol=8;centroid=1.15485;zone_lo=1.154825;zone_hi=1.154875;n_rows=1;max_ratio=8;close=1.1549;bar_vol=35;fp_vol=35;n_quote=25;n_rule=0
2183|2026-06-17T16:12:52.4360000|TRAP|bar=7859;side=trapped_buyers;vol=12;centroid=1.155;zone_lo=1.154975;zone_hi=1.155025;n_rows=1;max_ratio=12;close=1.1549;bar_vol=32;fp_vol=32;n_quote=25;n_rule=0
2184|2026-06-17T16:13:03.4160000|TRAP|bar=7870;side=trapped_sellers;vol=42;centroid=1.15465;zone_lo=1.154625;zone_hi=1.154675;n_rows=1;max_ratio=6;close=1.1547;bar_vol=55;fp_vol=55;n_quote=25;n_rule=0
2185|2026-06-17T16:13:03.4160000|ZONE_CREATED|zone_id=7870_S;created_bar=7870;side=trapped_sellers;lo=1.154625;hi=1.154675;vol=42
2186|2026-06-17T16:13:04.7840000|ZONE_TOUCHED|zone_id=7870_S;created_bar=7870;side=trapped_sellers;lo=1.154625;hi=1.154675;vol=42;bar=7871;touches=1
2187|2026-06-17T16:13:05.7440000|ZONE_TOUCHED|zone_id=7870_S;created_bar=7870;side=trapped_sellers;lo=1.154625;hi=1.154675;vol=42;bar=7872;touches=2
2188|2026-06-17T16:13:17.4400000|TRAP|bar=7879;side=trapped_sellers;vol=22;centroid=1.1552;zone_lo=1.155175;zone_hi=1.155225;n_rows=1;max_ratio=11;close=1.15525;bar_vol=43;fp_vol=43;n_quote=25;n_rule=0
2189|2026-06-17T16:13:17.6760000|ZONE_TOUCHED|zone_id=7856_B;created_bar=7856;side=trapped_buyers;lo=1.155275;hi=1.155375;vol=55;bar=7880;touches=1
2190|2026-06-17T16:13:19.0160000|ZONE_TOUCHED|zone_id=7856_B;created_bar=7856;side=trapped_buyers;lo=1.155275;hi=1.155375;vol=55;bar=7881;touches=2
2191|2026-06-17T16:13:19.9080000|ZONE_TOUCHED|zone_id=7856_B;created_bar=7856;side=trapped_buyers;lo=1.155275;hi=1.155375;vol=55;bar=7882;touches=3
2192|2026-06-17T16:13:19.9080000|TRAP|bar=7882;side=trapped_buyers;vol=11;centroid=1.1553;zone_lo=1.155275;zone_hi=1.155325;n_rows=1;max_ratio=11;close=1.15525;bar_vol=26;fp_vol=26;n_quote=25;n_rule=0
2193|2026-06-17T16:13:21.0680000|ZONE_TOUCHED|zone_id=7856_B;created_bar=7856;side=trapped_buyers;lo=1.155275;hi=1.155375;vol=55;bar=7883;touches=4
2194|2026-06-17T16:13:21.3160000|ZONE_TOUCHED|zone_id=7856_B;created_bar=7856;side=trapped_buyers;lo=1.155275;hi=1.155375;vol=55;bar=7884;touches=5
2195|2026-06-17T16:13:21.3680000|ZONE_TOUCHED|zone_id=7856_B;created_bar=7856;side=trapped_buyers;lo=1.155275;hi=1.155375;vol=55;bar=7885;touches=6
2196|2026-06-17T16:13:21.3680000|ZONE_INVALIDATED|zone_id=7856_B;created_bar=7856;side=trapped_buyers;lo=1.155275;hi=1.155375;vol=55;reason=close_through;bar=7885
2197|2026-06-17T16:13:46.6600000|TRAP|bar=7908;side=trapped_buyers;vol=28;centroid=1.1558;zone_lo=1.155775;zone_hi=1.155825;n_rows=1;max_ratio=28;close=1.15565;bar_vol=39;fp_vol=39;n_quote=25;n_rule=0
2198|2026-06-17T16:14:23.3200000|TRAP|bar=7922;side=trapped_buyers;vol=4;centroid=1.1556;zone_lo=1.155575;zone_hi=1.155625;n_rows=1;max_ratio=4;close=1.15545;bar_vol=35;fp_vol=35;n_quote=25;n_rule=0
2199|2026-06-17T16:15:58.7920000|TRAP|bar=7950;side=trapped_sellers;vol=11;centroid=1.15535;zone_lo=1.155325;zone_hi=1.155375;n_rows=1;max_ratio=5.5;close=1.1555;bar_vol=39;fp_vol=39;n_quote=25;n_rule=0
2200|2026-06-17T16:16:41.8840000|TRAP|bar=7959;side=trapped_buyers;vol=13;centroid=1.1555;zone_lo=1.155475;zone_hi=1.155525;n_rows=1;max_ratio=3.25;close=1.1554;bar_vol=36;fp_vol=36;n_quote=25;n_rule=0
2201|2026-06-17T16:17:41.3480000|TRAP|bar=7970;side=trapped_buyers;vol=5;centroid=1.15525;zone_lo=1.155225;zone_hi=1.155275;n_rows=1;max_ratio=5;close=1.15515;bar_vol=39;fp_vol=39;n_quote=25;n_rule=0
2202|2026-06-17T16:18:25.3840000|ZONE_TOUCHED|zone_id=7870_S;created_bar=7870;side=trapped_sellers;lo=1.154625;hi=1.154675;vol=42;bar=7982;touches=3
2203|2026-06-17T16:18:32.6440000|ZONE_TOUCHED|zone_id=7870_S;created_bar=7870;side=trapped_sellers;lo=1.154625;hi=1.154675;vol=42;bar=7983;touches=4
2204|2026-06-17T16:18:37.2280000|ZONE_TOUCHED|zone_id=7870_S;created_bar=7870;side=trapped_sellers;lo=1.154625;hi=1.154675;vol=42;bar=7984;touches=5
2205|2026-06-17T16:18:58.8120000|TRAP|bar=7986;side=trapped_buyers;vol=13;centroid=1.1548;zone_lo=1.154775;zone_hi=1.154825;n_rows=1;max_ratio=3.25;close=1.15475;bar_vol=28;fp_vol=28;n_quote=25;n_rule=0
2206|2026-06-17T16:20:09.6880000|ZONE_TOUCHED|zone_id=7870_S;created_bar=7870;side=trapped_sellers;lo=1.154625;hi=1.154675;vol=42;bar=7999;touches=6
2207|2026-06-17T16:20:12.8040000|ZONE_TOUCHED|zone_id=7870_S;created_bar=7870;side=trapped_sellers;lo=1.154625;hi=1.154675;vol=42;bar=8000;touches=7
2208|2026-06-17T16:20:13.1040000|ZONE_TOUCHED|zone_id=7870_S;created_bar=7870;side=trapped_sellers;lo=1.154625;hi=1.154675;vol=42;bar=8001;touches=8
2209|2026-06-17T16:20:17.1360000|ZONE_TOUCHED|zone_id=7870_S;created_bar=7870;side=trapped_sellers;lo=1.154625;hi=1.154675;vol=42;bar=8002;touches=9
2210|2026-06-17T16:20:33.7920000|ZONE_TOUCHED|zone_id=7870_S;created_bar=7870;side=trapped_sellers;lo=1.154625;hi=1.154675;vol=42;bar=8005;touches=10
2211|2026-06-17T16:20:33.7920000|ZONE_INVALIDATED|zone_id=7870_S;created_bar=7870;side=trapped_sellers;lo=1.154625;hi=1.154675;vol=42;reason=close_through;bar=8005
2212|2026-06-17T16:20:52.3560000|TRAP|bar=8009;side=trapped_sellers;vol=4;centroid=1.1546;zone_lo=1.154575;zone_hi=1.154625;n_rows=1;max_ratio=4;close=1.15475;bar_vol=36;fp_vol=36;n_quote=25;n_rule=0
2213|2026-06-17T16:21:18.1200000|TRAP|bar=8024;side=trapped_buyers;vol=30;centroid=1.15445;zone_lo=1.154425;zone_hi=1.154475;n_rows=1;max_ratio=3.75;close=1.1544;bar_vol=53;fp_vol=53;n_quote=25;n_rule=0
2214|2026-06-17T16:21:18.1200000|ZONE_CREATED|zone_id=8024_B;created_bar=8024;side=trapped_buyers;lo=1.154425;hi=1.154475;vol=30
2215|2026-06-17T16:21:20.6840000|ZONE_TOUCHED|zone_id=8024_B;created_bar=8024;side=trapped_buyers;lo=1.154425;hi=1.154475;vol=30;bar=8025;touches=1
2216|2026-06-17T16:21:33.1120000|ZONE_TOUCHED|zone_id=8024_B;created_bar=8024;side=trapped_buyers;lo=1.154425;hi=1.154475;vol=30;bar=8028;touches=2
2217|2026-06-17T16:21:35.5400000|ZONE_TOUCHED|zone_id=8024_B;created_bar=8024;side=trapped_buyers;lo=1.154425;hi=1.154475;vol=30;bar=8029;touches=3
2218|2026-06-17T16:21:35.5400000|ZONE_INVALIDATED|zone_id=8024_B;created_bar=8024;side=trapped_buyers;lo=1.154425;hi=1.154475;vol=30;reason=close_through;bar=8029
2219|2026-06-17T16:21:57.5040000|TRAP|bar=8033;side=trapped_sellers;vol=15;centroid=1.1545;zone_lo=1.154475;zone_hi=1.154525;n_rows=1;max_ratio=15;close=1.1546;bar_vol=36;fp_vol=36;n_quote=25;n_rule=0
2220|2026-06-17T16:22:25.9760000|TRAP|bar=8040;side=trapped_buyers;vol=19;centroid=1.1547;zone_lo=1.154675;zone_hi=1.154725;n_rows=1;max_ratio=6.33333333333333;close=1.15465;bar_vol=50;fp_vol=50;n_quote=25;n_rule=0
2221|2026-06-17T16:22:29.3240000|TRAP|bar=8041;side=trapped_sellers;vol=15;centroid=1.1546;zone_lo=1.154575;zone_hi=1.154625;n_rows=1;max_ratio=15;close=1.1547;bar_vol=39;fp_vol=39;n_quote=25;n_rule=0
2222|2026-06-17T16:22:58.0080000|TRAP|bar=8046;side=trapped_buyers;vol=22;centroid=1.1545;zone_lo=1.154475;zone_hi=1.154525;n_rows=1;max_ratio=4.4;close=1.15445;bar_vol=36;fp_vol=36;n_quote=25;n_rule=0
2223|2026-06-17T16:23:10.6160000|TRAP|bar=8049;side=trapped_sellers;vol=5;centroid=1.15425;zone_lo=1.154225;zone_hi=1.154275;n_rows=1;max_ratio=5;close=1.15435;bar_vol=47;fp_vol=47;n_quote=25;n_rule=0
2224|2026-06-17T16:23:31.7200000|TRAP|bar=8060;side=trapped_buyers;vol=4;centroid=1.1543;zone_lo=1.154275;zone_hi=1.154325;n_rows=1;max_ratio=4;close=1.15425;bar_vol=36;fp_vol=36;n_quote=25;n_rule=0
2225|2026-06-17T16:24:25.5680000|TRAP|bar=8071;side=trapped_buyers;vol=13;centroid=1.15415;zone_lo=1.154125;zone_hi=1.154175;n_rows=1;max_ratio=3.25;close=1.15405;bar_vol=58;fp_vol=58;n_quote=25;n_rule=0
2226|2026-06-17T16:24:30.9840000|TRAP|bar=8073;side=trapped_buyers;vol=19;centroid=1.15405;zone_lo=1.154025;zone_hi=1.154075;n_rows=1;max_ratio=3.8;close=1.154;bar_vol=59;fp_vol=59;n_quote=25;n_rule=0
2227|2026-06-17T16:24:35.3280000|TRAP|bar=8074;side=trapped_sellers;vol=33;centroid=1.15395;zone_lo=1.153925;zone_hi=1.153975;n_rows=1;max_ratio=4.71428571428571;close=1.154;bar_vol=50;fp_vol=50;n_quote=25;n_rule=0
2228|2026-06-17T16:24:35.3280000|ZONE_CREATED|zone_id=8074_S;created_bar=8074;side=trapped_sellers;lo=1.153925;hi=1.153975;vol=33
2229|2026-06-17T16:24:47.2200000|ZONE_TOUCHED|zone_id=8074_S;created_bar=8074;side=trapped_sellers;lo=1.153925;hi=1.153975;vol=33;bar=8076;touches=1
2230|2026-06-17T16:24:51.3040000|ZONE_TOUCHED|zone_id=8074_S;created_bar=8074;side=trapped_sellers;lo=1.153925;hi=1.153975;vol=33;bar=8077;touches=2
2231|2026-06-17T16:24:51.3040000|TRAP|bar=8077;side=trapped_sellers;vol=22;centroid=1.15395;zone_lo=1.153925;zone_hi=1.153975;n_rows=1;max_ratio=22;close=1.15405;bar_vol=60;fp_vol=60;n_quote=25;n_rule=0
2232|2026-06-17T16:25:00.4120000|ZONE_TOUCHED|zone_id=8074_S;created_bar=8074;side=trapped_sellers;lo=1.153925;hi=1.153975;vol=33;bar=8080;touches=3
2233|2026-06-17T16:25:00.4120000|ZONE_INVALIDATED|zone_id=8074_S;created_bar=8074;side=trapped_sellers;lo=1.153925;hi=1.153975;vol=33;reason=close_through;bar=8080
2234|2026-06-17T16:25:11.0280000|TRAP|bar=8084;side=trapped_buyers;vol=30;centroid=1.1541;zone_lo=1.154075;zone_hi=1.154125;n_rows=1;max_ratio=4.28571428571429;close=1.15405;bar_vol=38;fp_vol=38;n_quote=25;n_rule=0
2235|2026-06-17T16:25:11.0280000|ZONE_CREATED|zone_id=8084_B;created_bar=8084;side=trapped_buyers;lo=1.154075;hi=1.154125;vol=30
2236|2026-06-17T16:25:17.5360000|ZONE_TOUCHED|zone_id=8084_B;created_bar=8084;side=trapped_buyers;lo=1.154075;hi=1.154125;vol=30;bar=8085;touches=1
2237|2026-06-17T16:25:25.5760000|ZONE_TOUCHED|zone_id=8084_B;created_bar=8084;side=trapped_buyers;lo=1.154075;hi=1.154125;vol=30;bar=8086;touches=2
2238|2026-06-17T16:25:29.7080000|ZONE_TOUCHED|zone_id=8084_B;created_bar=8084;side=trapped_buyers;lo=1.154075;hi=1.154125;vol=30;bar=8087;touches=3
2239|2026-06-17T16:25:29.7080000|TRAP|bar=8087;side=trapped_buyers;vol=4;centroid=1.1541;zone_lo=1.154075;zone_hi=1.154125;n_rows=1;max_ratio=4;close=1.15405;bar_vol=32;fp_vol=32;n_quote=25;n_rule=0
2240|2026-06-17T16:25:29.7080000|TRAP|bar=8087;side=trapped_sellers;vol=7;centroid=1.154;zone_lo=1.153975;zone_hi=1.154025;n_rows=1;max_ratio=3.5;close=1.15405;bar_vol=32;fp_vol=32;n_quote=25;n_rule=0
2241|2026-06-17T16:25:49.3160000|ZONE_TOUCHED|zone_id=8084_B;created_bar=8084;side=trapped_buyers;lo=1.154075;hi=1.154125;vol=30;bar=8091;touches=4
2242|2026-06-17T16:25:53.1920000|ZONE_TOUCHED|zone_id=8084_B;created_bar=8084;side=trapped_buyers;lo=1.154075;hi=1.154125;vol=30;bar=8092;touches=5
2243|2026-06-17T16:25:53.1920000|ZONE_INVALIDATED|zone_id=8084_B;created_bar=8084;side=trapped_buyers;lo=1.154075;hi=1.154125;vol=30;reason=close_through;bar=8092
2244|2026-06-17T16:25:53.1920000|TRAP|bar=8092;side=trapped_sellers;vol=6;centroid=1.1541;zone_lo=1.154075;zone_hi=1.154125;n_rows=1;max_ratio=6;close=1.15425;bar_vol=48;fp_vol=48;n_quote=25;n_rule=0
2245|2026-06-17T16:26:12.1320000|TRAP|bar=8094;side=trapped_sellers;vol=3;centroid=1.1541;zone_lo=1.154075;zone_hi=1.154125;n_rows=1;max_ratio=3;close=1.15425;bar_vol=45;fp_vol=45;n_quote=25;n_rule=0
2246|2026-06-17T16:26:12.6240000|TRAP|bar=8096;side=trapped_sellers;vol=23;centroid=1.15425;zone_lo=1.154225;zone_hi=1.154275;n_rows=1;max_ratio=11.5;close=1.1543;bar_vol=32;fp_vol=32;n_quote=25;n_rule=0
2247|2026-06-17T16:26:16.0680000|TRAP|bar=8097;side=trapped_buyers;vol=4;centroid=1.1543;zone_lo=1.154275;zone_hi=1.154325;n_rows=1;max_ratio=4;close=1.15425;bar_vol=39;fp_vol=39;n_quote=25;n_rule=0
2248|2026-06-17T16:26:17.5880000|TRAP|bar=8098;side=trapped_sellers;vol=7;centroid=1.15425;zone_lo=1.154225;zone_hi=1.154275;n_rows=1;max_ratio=7;close=1.1544;bar_vol=44;fp_vol=44;n_quote=25;n_rule=0
2249|2026-06-17T16:27:06.6800000|TRAP|bar=8113;side=trapped_buyers;vol=61;centroid=1.15455;zone_lo=1.154525;zone_hi=1.154575;n_rows=1;max_ratio=61;close=1.15445;bar_vol=71;fp_vol=71;n_quote=25;n_rule=0
2250|2026-06-17T16:27:06.6800000|ZONE_CREATED|zone_id=8113_B;created_bar=8113;side=trapped_buyers;lo=1.154525;hi=1.154575;vol=61
2251|2026-06-17T16:27:32.1160000|TRAP|bar=8119;side=trapped_buyers;vol=27;centroid=1.1545;zone_lo=1.154475;zone_hi=1.154525;n_rows=1;max_ratio=13.5;close=1.15435;bar_vol=39;fp_vol=39;n_quote=25;n_rule=0
2252|2026-06-17T16:27:37.9320000|TRAP|bar=8120;side=trapped_buyers;vol=7;centroid=1.1543;zone_lo=1.154275;zone_hi=1.154325;n_rows=1;max_ratio=3.5;close=1.1542;bar_vol=31;fp_vol=31;n_quote=25;n_rule=0
2253|2026-06-17T16:29:16.3720000|TRAP|bar=8135;side=trapped_buyers;vol=6;centroid=1.1541;zone_lo=1.154075;zone_hi=1.154125;n_rows=1;max_ratio=6;close=1.15395;bar_vol=42;fp_vol=42;n_quote=25;n_rule=0
2254|2026-06-17T16:29:20.9600000|TRAP|bar=8136;side=trapped_buyers;vol=5;centroid=1.15395;zone_lo=1.153925;zone_hi=1.153975;n_rows=1;max_ratio=5;close=1.1538;bar_vol=38;fp_vol=38;n_quote=25;n_rule=0
2255|2026-06-17T16:30:04.5680000|TRAP|bar=8142;side=trapped_sellers;vol=6;centroid=1.1536;zone_lo=1.153575;zone_hi=1.153625;n_rows=1;max_ratio=3;close=1.15365;bar_vol=35;fp_vol=35;n_quote=25;n_rule=0
2256|2026-06-17T16:30:22.6440000|TRAP|bar=8147;side=trapped_buyers;vol=5;centroid=1.1537;zone_lo=1.153675;zone_hi=1.153725;n_rows=1;max_ratio=5;close=1.1536;bar_vol=64;fp_vol=64;n_quote=25;n_rule=0
2257|2026-06-17T16:30:40.5840000|TRAP|bar=8157;side=trapped_buyers;vol=19;centroid=1.1533;zone_lo=1.153275;zone_hi=1.153325;n_rows=1;max_ratio=6.33333333333333;close=1.15325;bar_vol=90;fp_vol=90;n_quote=25;n_rule=0
2258|2026-06-17T16:30:40.5840000|TRAP|bar=8157;side=trapped_sellers;vol=67;centroid=1.1532;zone_lo=1.153175;zone_hi=1.153225;n_rows=1;max_ratio=67;close=1.15325;bar_vol=90;fp_vol=90;n_quote=25;n_rule=0
2259|2026-06-17T16:30:40.5840000|ZONE_CREATED|zone_id=8157_S;created_bar=8157;side=trapped_sellers;lo=1.153175;hi=1.153225;vol=67
2260|2026-06-17T16:30:40.6000000|ZONE_TOUCHED|zone_id=8157_S;created_bar=8157;side=trapped_sellers;lo=1.153175;hi=1.153225;vol=67;bar=8158;touches=1
2261|2026-06-17T16:30:41.3680000|TRAP|bar=8160;side=trapped_sellers;vol=4;centroid=1.15325;zone_lo=1.153225;zone_hi=1.153275;n_rows=1;max_ratio=4;close=1.1533;bar_vol=57;fp_vol=57;n_quote=25;n_rule=0
2262|2026-06-17T16:31:01.1640000|TRAP|bar=8164;side=trapped_buyers;vol=22;centroid=1.15355;zone_lo=1.153525;zone_hi=1.153575;n_rows=1;max_ratio=7.33333333333333;close=1.1535;bar_vol=57;fp_vol=57;n_quote=25;n_rule=0
2263|2026-06-17T16:31:29.2440000|TRAP|bar=8169;side=trapped_sellers;vol=11;centroid=1.1534;zone_lo=1.153375;zone_hi=1.153425;n_rows=1;max_ratio=3.66666666666667;close=1.15355;bar_vol=41;fp_vol=41;n_quote=25;n_rule=0
2264|2026-06-17T16:31:40.1320000|TRAP|bar=8172;side=trapped_buyers;vol=18;centroid=1.1538;zone_lo=1.153775;zone_hi=1.153825;n_rows=1;max_ratio=3.6;close=1.15375;bar_vol=33;fp_vol=33;n_quote=25;n_rule=0
2265|2026-06-17T16:31:54.1440000|TRAP|bar=8174;side=trapped_buyers;vol=5;centroid=1.15365;zone_lo=1.153625;zone_hi=1.153675;n_rows=1;max_ratio=5;close=1.1535;bar_vol=46;fp_vol=46;n_quote=25;n_rule=0
2266|2026-06-17T16:32:11.2120000|ZONE_TOUCHED|zone_id=8157_S;created_bar=8157;side=trapped_sellers;lo=1.153175;hi=1.153225;vol=67;bar=8181;touches=2
2267|2026-06-17T16:32:20.2920000|ZONE_TOUCHED|zone_id=8157_S;created_bar=8157;side=trapped_sellers;lo=1.153175;hi=1.153225;vol=67;bar=8182;touches=3
2268|2026-06-17T16:32:29.2880000|ZONE_TOUCHED|zone_id=8157_S;created_bar=8157;side=trapped_sellers;lo=1.153175;hi=1.153225;vol=67;bar=8184;touches=4
2269|2026-06-17T16:32:41.9720000|ZONE_TOUCHED|zone_id=8157_S;created_bar=8157;side=trapped_sellers;lo=1.153175;hi=1.153225;vol=67;bar=8186;touches=5
2270|2026-06-17T16:32:41.9720000|ZONE_INVALIDATED|zone_id=8157_S;created_bar=8157;side=trapped_sellers;lo=1.153175;hi=1.153225;vol=67;reason=close_through;bar=8186
2271|2026-06-17T16:32:54.7080000|TRAP|bar=8190;side=trapped_buyers;vol=51;centroid=1.15345;zone_lo=1.153425;zone_hi=1.153475;n_rows=1;max_ratio=8.5;close=1.1534;bar_vol=67;fp_vol=67;n_quote=25;n_rule=0
2272|2026-06-17T16:32:54.7080000|ZONE_CREATED|zone_id=8190_B;created_bar=8190;side=trapped_buyers;lo=1.153425;hi=1.153475;vol=51
2273|2026-06-17T16:33:02.9600000|TRAP|bar=8192;side=trapped_buyers;vol=57;centroid=1.15335;zone_lo=1.153325;zone_hi=1.153375;n_rows=1;max_ratio=5.18181818181818;close=1.1533;bar_vol=68;fp_vol=68;n_quote=25;n_rule=0
2274|2026-06-17T16:33:02.9600000|ZONE_CREATED|zone_id=8192_B;created_bar=8192;side=trapped_buyers;lo=1.153325;hi=1.153375;vol=57
2275|2026-06-17T16:33:08.8400000|ZONE_TOUCHED|zone_id=8192_B;created_bar=8192;side=trapped_buyers;lo=1.153325;hi=1.153375;vol=57;bar=8194;touches=1
2276|2026-06-17T16:33:12.6040000|ZONE_TOUCHED|zone_id=8192_B;created_bar=8192;side=trapped_buyers;lo=1.153325;hi=1.153375;vol=57;bar=8195;touches=2
2277|2026-06-17T16:33:21.8440000|ZONE_TOUCHED|zone_id=8192_B;created_bar=8192;side=trapped_buyers;lo=1.153325;hi=1.153375;vol=57;bar=8197;touches=3
2278|2026-06-17T16:33:21.8600000|ZONE_TOUCHED|zone_id=8192_B;created_bar=8192;side=trapped_buyers;lo=1.153325;hi=1.153375;vol=57;bar=8198;touches=4
2279|2026-06-17T16:33:21.8600000|TRAP|bar=8198;side=trapped_sellers;vol=13;centroid=1.15325;zone_lo=1.153225;zone_hi=1.153275;n_rows=1;max_ratio=3.25;close=1.15335;bar_vol=58;fp_vol=58;n_quote=25;n_rule=0
2280|2026-06-17T16:33:21.9360000|ZONE_TOUCHED|zone_id=8192_B;created_bar=8192;side=trapped_buyers;lo=1.153325;hi=1.153375;vol=57;bar=8199;touches=5
2281|2026-06-17T16:33:26.1080000|ZONE_TOUCHED|zone_id=8192_B;created_bar=8192;side=trapped_buyers;lo=1.153325;hi=1.153375;vol=57;bar=8200;touches=6
2282|2026-06-17T16:33:26.1080000|ZONE_INVALIDATED|zone_id=8192_B;created_bar=8192;side=trapped_buyers;lo=1.153325;hi=1.153375;vol=57;reason=close_through;bar=8200
2283|2026-06-17T16:33:26.1080000|TRAP|bar=8200;side=trapped_sellers;vol=21;centroid=1.1533;zone_lo=1.153275;zone_hi=1.153325;n_rows=1;max_ratio=5.25;close=1.1534;bar_vol=45;fp_vol=45;n_quote=25;n_rule=0
2284|2026-06-17T16:34:11.8000000|TRAP|bar=8218;side=trapped_sellers;vol=36;centroid=1.1528;zone_lo=1.152775;zone_hi=1.152825;n_rows=1;max_ratio=7.2;close=1.1529;bar_vol=57;fp_vol=57;n_quote=25;n_rule=0
2285|2026-06-17T16:34:11.8000000|ZONE_CREATED|zone_id=8218_S;created_bar=8218;side=trapped_sellers;lo=1.152775;hi=1.152825;vol=36
2286|2026-06-17T16:34:13.7040000|ZONE_TOUCHED|zone_id=8218_S;created_bar=8218;side=trapped_sellers;lo=1.152775;hi=1.152825;vol=36;bar=8219;touches=1
2287|2026-06-17T16:34:15.3560000|ZONE_TOUCHED|zone_id=8218_S;created_bar=8218;side=trapped_sellers;lo=1.152775;hi=1.152825;vol=36;bar=8220;touches=2
2288|2026-06-17T16:34:15.3560000|ZONE_INVALIDATED|zone_id=8218_S;created_bar=8218;side=trapped_sellers;lo=1.152775;hi=1.152825;vol=36;reason=close_through;bar=8220
2289|2026-06-17T16:34:22.1080000|TRAP|bar=8226;side=trapped_sellers;vol=53;centroid=1.1526;zone_lo=1.152575;zone_hi=1.152625;n_rows=1;max_ratio=3.11764705882353;close=1.1527;bar_vol=73;fp_vol=73;n_quote=25;n_rule=0
2290|2026-06-17T16:34:22.1080000|ZONE_CREATED|zone_id=8226_S;created_bar=8226;side=trapped_sellers;lo=1.152575;hi=1.152625;vol=53
2291|2026-06-17T16:34:53.6800000|TRAP|bar=8235;side=trapped_buyers;vol=14;centroid=1.15275;zone_lo=1.152725;zone_hi=1.152775;n_rows=1;max_ratio=4.66666666666667;close=1.1527;bar_vol=40;fp_vol=40;n_quote=25;n_rule=0
2292|2026-06-17T16:34:56.4160000|ZONE_TOUCHED|zone_id=8226_S;created_bar=8226;side=trapped_sellers;lo=1.152575;hi=1.152625;vol=53;bar=8236;touches=1
2293|2026-06-17T16:34:56.4160000|TRAP|bar=8236;side=trapped_buyers;vol=7;centroid=1.1527;zone_lo=1.152675;zone_hi=1.152725;n_rows=1;max_ratio=7;close=1.1526;bar_vol=34;fp_vol=34;n_quote=25;n_rule=0
2294|2026-06-17T16:34:58.5520000|ZONE_TOUCHED|zone_id=8226_S;created_bar=8226;side=trapped_sellers;lo=1.152575;hi=1.152625;vol=53;bar=8237;touches=2
2295|2026-06-17T16:34:58.5520000|ZONE_INVALIDATED|zone_id=8226_S;created_bar=8226;side=trapped_sellers;lo=1.152575;hi=1.152625;vol=53;reason=close_through;bar=8237
2296|2026-06-17T16:35:00.6560000|TRAP|bar=8238;side=trapped_sellers;vol=91;centroid=1.1525;zone_lo=1.152475;zone_hi=1.152525;n_rows=1;max_ratio=91;close=1.15255;bar_vol=119;fp_vol=119;n_quote=25;n_rule=0
2297|2026-06-17T16:35:00.6560000|ZONE_CREATED|zone_id=8238_S;created_bar=8238;side=trapped_sellers;lo=1.152475;hi=1.152525;vol=91
2298|2026-06-17T16:35:02.0800000|ZONE_TOUCHED|zone_id=8238_S;created_bar=8238;side=trapped_sellers;lo=1.152475;hi=1.152525;vol=91;bar=8239;touches=1
2299|2026-06-17T16:35:04.7440000|ZONE_TOUCHED|zone_id=8238_S;created_bar=8238;side=trapped_sellers;lo=1.152475;hi=1.152525;vol=91;bar=8240;touches=2
2300|2026-06-17T16:35:08.4200000|ZONE_TOUCHED|zone_id=8238_S;created_bar=8238;side=trapped_sellers;lo=1.152475;hi=1.152525;vol=91;bar=8241;touches=3
2301|2026-06-17T16:35:10.0880000|ZONE_TOUCHED|zone_id=8238_S;created_bar=8238;side=trapped_sellers;lo=1.152475;hi=1.152525;vol=91;bar=8242;touches=4
2302|2026-06-17T16:35:10.0880000|ZONE_INVALIDATED|zone_id=8238_S;created_bar=8238;side=trapped_sellers;lo=1.152475;hi=1.152525;vol=91;reason=close_through;bar=8242
2303|2026-06-17T16:35:20.6520000|TRAP|bar=8249;side=trapped_sellers;vol=4;centroid=1.1523;zone_lo=1.152275;zone_hi=1.152325;n_rows=1;max_ratio=4;close=1.1524;bar_vol=54;fp_vol=54;n_quote=25;n_rule=0
2304|2026-06-17T16:35:24.5120000|TRAP|bar=8252;side=trapped_buyers;vol=19;centroid=1.1524;zone_lo=1.152375;zone_hi=1.152425;n_rows=1;max_ratio=3.16666666666667;close=1.15235;bar_vol=49;fp_vol=49;n_quote=25;n_rule=0
2305|2026-06-17T16:35:30.1280000|TRAP|bar=8255;side=trapped_buyers;vol=27;centroid=1.1525;zone_lo=1.152475;zone_hi=1.152525;n_rows=1;max_ratio=5.4;close=1.15245;bar_vol=50;fp_vol=50;n_quote=25;n_rule=0
2306|2026-06-17T16:36:39.7440000|TRAP|bar=8277;side=trapped_sellers;vol=24;centroid=1.1525;zone_lo=1.152475;zone_hi=1.152525;n_rows=1;max_ratio=6;close=1.15255;bar_vol=47;fp_vol=47;n_quote=25;n_rule=0
2307|2026-06-17T16:36:53.2080000|TRAP|bar=8282;side=trapped_buyers;vol=28;centroid=1.1525;zone_lo=1.152475;zone_hi=1.152525;n_rows=1;max_ratio=3.11111111111111;close=1.15245;bar_vol=43;fp_vol=43;n_quote=25;n_rule=0
2308|2026-06-17T16:38:04.9680000|TRAP|bar=8295;side=trapped_buyers;vol=7;centroid=1.15255;zone_lo=1.152525;zone_hi=1.152575;n_rows=1;max_ratio=3.5;close=1.1524;bar_vol=44;fp_vol=44;n_quote=25;n_rule=0
2309|2026-06-17T16:38:15.2640000|TRAP|bar=8296;side=trapped_sellers;vol=35;centroid=1.1524;zone_lo=1.152375;zone_hi=1.152425;n_rows=1;max_ratio=3.5;close=1.15245;bar_vol=113;fp_vol=113;n_quote=25;n_rule=0
2310|2026-06-17T16:38:15.2640000|ZONE_CREATED|zone_id=8296_S;created_bar=8296;side=trapped_sellers;lo=1.152375;hi=1.152425;vol=35
2311|2026-06-17T16:38:25.7120000|ZONE_TOUCHED|zone_id=8296_S;created_bar=8296;side=trapped_sellers;lo=1.152375;hi=1.152425;vol=35;bar=8297;touches=1
2312|2026-06-17T16:38:30.6040000|ZONE_TOUCHED|zone_id=8296_S;created_bar=8296;side=trapped_sellers;lo=1.152375;hi=1.152425;vol=35;bar=8298;touches=2
2313|2026-06-17T16:38:30.6040000|ZONE_INVALIDATED|zone_id=8296_S;created_bar=8296;side=trapped_sellers;lo=1.152375;hi=1.152425;vol=35;reason=close_through;bar=8298
2314|2026-06-17T16:38:30.6040000|TRAP|bar=8298;side=trapped_buyers;vol=15;centroid=1.1524;zone_lo=1.152375;zone_hi=1.152425;n_rows=1;max_ratio=3;close=1.15235;bar_vol=43;fp_vol=43;n_quote=25;n_rule=0
2315|2026-06-17T16:38:35.4480000|TRAP|bar=8299;side=trapped_buyers;vol=61;centroid=1.15235;zone_lo=1.152325;zone_hi=1.152375;n_rows=1;max_ratio=3.05;close=1.1523;bar_vol=83;fp_vol=83;n_quote=25;n_rule=0
2316|2026-06-17T16:38:35.4480000|ZONE_CREATED|zone_id=8299_B;created_bar=8299;side=trapped_buyers;lo=1.152325;hi=1.152375;vol=61
2317|2026-06-17T16:38:46.9640000|TRAP|bar=8305;side=trapped_sellers;vol=36;centroid=1.15205;zone_lo=1.152025;zone_hi=1.152075;n_rows=1;max_ratio=12;close=1.1521;bar_vol=63;fp_vol=63;n_quote=25;n_rule=0
2318|2026-06-17T16:38:46.9640000|ZONE_CREATED|zone_id=8305_S;created_bar=8305;side=trapped_sellers;lo=1.152025;hi=1.152075;vol=36
2319|2026-06-17T16:38:47.9280000|ZONE_TOUCHED|zone_id=8305_S;created_bar=8305;side=trapped_sellers;lo=1.152025;hi=1.152075;vol=36;bar=8306;touches=1
2320|2026-06-17T16:38:49.5760000|ZONE_TOUCHED|zone_id=8305_S;created_bar=8305;side=trapped_sellers;lo=1.152025;hi=1.152075;vol=36;bar=8307;touches=2
2321|2026-06-17T16:38:51.0000000|ZONE_TOUCHED|zone_id=8305_S;created_bar=8305;side=trapped_sellers;lo=1.152025;hi=1.152075;vol=36;bar=8308;touches=3
2322|2026-06-17T16:38:52.6520000|ZONE_TOUCHED|zone_id=8305_S;created_bar=8305;side=trapped_sellers;lo=1.152025;hi=1.152075;vol=36;bar=8309;touches=4
2323|2026-06-17T16:38:54.9440000|ZONE_TOUCHED|zone_id=8305_S;created_bar=8305;side=trapped_sellers;lo=1.152025;hi=1.152075;vol=36;bar=8310;touches=5
2324|2026-06-17T16:38:54.9440000|ZONE_INVALIDATED|zone_id=8305_S;created_bar=8305;side=trapped_sellers;lo=1.152025;hi=1.152075;vol=36;reason=close_through;bar=8310
2325|2026-06-17T16:38:59.7080000|TRAP|bar=8312;side=trapped_buyers;vol=30;centroid=1.15195;zone_lo=1.151925;zone_hi=1.151975;n_rows=1;max_ratio=5;close=1.1519;bar_vol=49;fp_vol=49;n_quote=25;n_rule=0
2326|2026-06-17T16:38:59.7080000|ZONE_CREATED|zone_id=8312_B;created_bar=8312;side=trapped_buyers;lo=1.151925;hi=1.151975;vol=30
2327|2026-06-17T16:39:02.9800000|ZONE_TOUCHED|zone_id=8312_B;created_bar=8312;side=trapped_buyers;lo=1.151925;hi=1.151975;vol=30;bar=8313;touches=1
2328|2026-06-17T16:39:03.8920000|ZONE_TOUCHED|zone_id=8312_B;created_bar=8312;side=trapped_buyers;lo=1.151925;hi=1.151975;vol=30;bar=8314;touches=2
2329|2026-06-17T16:39:03.8920000|ZONE_INVALIDATED|zone_id=8312_B;created_bar=8312;side=trapped_buyers;lo=1.151925;hi=1.151975;vol=30;reason=close_through;bar=8314
2330|2026-06-17T16:39:03.8920000|TRAP|bar=8314;side=trapped_sellers;vol=16;centroid=1.1519;zone_lo=1.151875;zone_hi=1.151925;n_rows=1;max_ratio=8;close=1.15205;bar_vol=44;fp_vol=44;n_quote=25;n_rule=0
2331|2026-06-17T16:39:40.0360000|TRAP|bar=8320;side=trapped_sellers;vol=18;centroid=1.152;zone_lo=1.151975;zone_hi=1.152025;n_rows=1;max_ratio=4.5;close=1.15205;bar_vol=41;fp_vol=41;n_quote=25;n_rule=0
2332|2026-06-17T16:41:15.0080000|ZONE_TOUCHED|zone_id=8299_B;created_bar=8299;side=trapped_buyers;lo=1.152325;hi=1.152375;vol=61;bar=8342;touches=1
2333|2026-06-17T16:41:21.4800000|ZONE_TOUCHED|zone_id=8299_B;created_bar=8299;side=trapped_buyers;lo=1.152325;hi=1.152375;vol=61;bar=8343;touches=2
2334|2026-06-17T16:41:25.5040000|ZONE_TOUCHED|zone_id=8299_B;created_bar=8299;side=trapped_buyers;lo=1.152325;hi=1.152375;vol=61;bar=8344;touches=3
2335|2026-06-17T16:41:25.5040000|TRAP|bar=8344;side=trapped_sellers;vol=22;centroid=1.1523;zone_lo=1.152275;zone_hi=1.152325;n_rows=1;max_ratio=4.4;close=1.15235;bar_vol=37;fp_vol=37;n_quote=25;n_rule=0
2336|2026-06-17T16:41:28.2520000|ZONE_TOUCHED|zone_id=8299_B;created_bar=8299;side=trapped_buyers;lo=1.152325;hi=1.152375;vol=61;bar=8345;touches=4
2337|2026-06-17T16:41:28.2520000|ZONE_INVALIDATED|zone_id=8299_B;created_bar=8299;side=trapped_buyers;lo=1.152325;hi=1.152375;vol=61;reason=close_through;bar=8345
2338|2026-06-17T16:41:32.0400000|TRAP|bar=8347;side=trapped_sellers;vol=22;centroid=1.1526;zone_lo=1.152575;zone_hi=1.152625;n_rows=1;max_ratio=11;close=1.15265;bar_vol=46;fp_vol=46;n_quote=25;n_rule=0
2339|2026-06-17T16:43:17.7440000|TRAP|bar=8369;side=trapped_sellers;vol=27;centroid=1.1517;zone_lo=1.151675;zone_hi=1.151725;n_rows=1;max_ratio=6.75;close=1.15185;bar_vol=76;fp_vol=76;n_quote=25;n_rule=0
2340|2026-06-17T16:43:29.7120000|TRAP|bar=8376;side=trapped_sellers;vol=29;centroid=1.15215;zone_lo=1.152125;zone_hi=1.152175;n_rows=1;max_ratio=7.25;close=1.15225;bar_vol=58;fp_vol=58;n_quote=25;n_rule=0
2341|2026-06-17T16:43:31.1520000|TRAP|bar=8377;side=trapped_buyers;vol=36;centroid=1.15225;zone_lo=1.152225;zone_hi=1.152275;n_rows=1;max_ratio=6;close=1.15215;bar_vol=64;fp_vol=64;n_quote=25;n_rule=0
2342|2026-06-17T16:43:31.1520000|ZONE_CREATED|zone_id=8377_B;created_bar=8377;side=trapped_buyers;lo=1.152225;hi=1.152275;vol=36
2343|2026-06-17T16:43:32.9960000|ZONE_TOUCHED|zone_id=8377_B;created_bar=8377;side=trapped_buyers;lo=1.152225;hi=1.152275;vol=36;bar=8381;touches=1
2344|2026-06-17T16:43:33.0920000|ZONE_TOUCHED|zone_id=8377_B;created_bar=8377;side=trapped_buyers;lo=1.152225;hi=1.152275;vol=36;bar=8382;touches=2
2345|2026-06-17T16:43:33.0920000|TRAP|bar=8382;side=trapped_sellers;vol=3;centroid=1.15215;zone_lo=1.152125;zone_hi=1.152175;n_rows=1;max_ratio=3;close=1.15225;bar_vol=68;fp_vol=68;n_quote=25;n_rule=0
2346|2026-06-17T16:43:34.1600000|ZONE_TOUCHED|zone_id=8377_B;created_bar=8377;side=trapped_buyers;lo=1.152225;hi=1.152275;vol=36;bar=8383;touches=3
2347|2026-06-17T16:43:35.0720000|ZONE_TOUCHED|zone_id=8377_B;created_bar=8377;side=trapped_buyers;lo=1.152225;hi=1.152275;vol=36;bar=8384;touches=4
2348|2026-06-17T16:43:35.0720000|ZONE_INVALIDATED|zone_id=8377_B;created_bar=8377;side=trapped_buyers;lo=1.152225;hi=1.152275;vol=36;reason=close_through;bar=8384
2349|2026-06-17T16:44:08.9720000|TRAP|bar=8389;side=trapped_sellers;vol=12;centroid=1.1521;zone_lo=1.152075;zone_hi=1.152125;n_rows=1;max_ratio=12;close=1.1523;bar_vol=41;fp_vol=41;n_quote=25;n_rule=0
2350|2026-06-17T16:45:10.5240000|TRAP|bar=8396;side=trapped_buyers;vol=11;centroid=1.1526;zone_lo=1.152575;zone_hi=1.152625;n_rows=1;max_ratio=3.66666666666667;close=1.15255;bar_vol=31;fp_vol=31;n_quote=25;n_rule=0
2351|2026-06-17T16:45:36.0560000|TRAP|bar=8403;side=trapped_buyers;vol=20;centroid=1.1528;zone_lo=1.152775;zone_hi=1.152825;n_rows=1;max_ratio=3.33333333333333;close=1.15275;bar_vol=54;fp_vol=54;n_quote=25;n_rule=0
2352|2026-06-17T16:45:38.0960000|TRAP|bar=8405;side=trapped_buyers;vol=57;centroid=1.1528;zone_lo=1.152775;zone_hi=1.152825;n_rows=1;max_ratio=4.75;close=1.15275;bar_vol=69;fp_vol=69;n_quote=25;n_rule=0
2353|2026-06-17T16:45:38.0960000|ZONE_CREATED|zone_id=8405_B;created_bar=8405;side=trapped_buyers;lo=1.152775;hi=1.152825;vol=57
2354|2026-06-17T16:45:44.6880000|ZONE_TOUCHED|zone_id=8405_B;created_bar=8405;side=trapped_buyers;lo=1.152775;hi=1.152825;vol=57;bar=8409;touches=1
2355|2026-06-17T16:45:44.6880000|ZONE_TOUCHED|zone_id=8405_B;created_bar=8405;side=trapped_buyers;lo=1.152775;hi=1.152825;vol=57;bar=8410;touches=2
2356|2026-06-17T16:45:44.6880000|ZONE_INVALIDATED|zone_id=8405_B;created_bar=8405;side=trapped_buyers;lo=1.152775;hi=1.152825;vol=57;reason=close_through;bar=8410
2357|2026-06-17T16:45:51.2320000|TRAP|bar=8413;side=trapped_buyers;vol=29;centroid=1.15285;zone_lo=1.152825;zone_hi=1.152875;n_rows=1;max_ratio=29;close=1.1528;bar_vol=52;fp_vol=52;n_quote=25;n_rule=0
2358|2026-06-17T16:46:09.6400000|TRAP|bar=8424;side=trapped_sellers;vol=23;centroid=1.15275;zone_lo=1.152725;zone_hi=1.152775;n_rows=1;max_ratio=7.66666666666667;close=1.1529;bar_vol=42;fp_vol=42;n_quote=25;n_rule=0
2359|2026-06-17T16:46:09.6400000|TRAP|bar=8425;side=trapped_buyers;vol=28;centroid=1.15295;zone_lo=1.152925;zone_hi=1.152975;n_rows=1;max_ratio=5.6;close=1.1529;bar_vol=50;fp_vol=50;n_quote=25;n_rule=0
2360|2026-06-17T16:46:32.6560000|TRAP|bar=8438;side=trapped_buyers;vol=32;centroid=1.15315;zone_lo=1.153125;zone_hi=1.153175;n_rows=1;max_ratio=4;close=1.1531;bar_vol=56;fp_vol=56;n_quote=25;n_rule=0
2361|2026-06-17T16:46:32.6560000|ZONE_CREATED|zone_id=8438_B;created_bar=8438;side=trapped_buyers;lo=1.153125;hi=1.153175;vol=32
2362|2026-06-17T16:46:35.3160000|ZONE_TOUCHED|zone_id=8438_B;created_bar=8438;side=trapped_buyers;lo=1.153125;hi=1.153175;vol=32;bar=8439;touches=1
2363|2026-06-17T16:46:43.9960000|TRAP|bar=8443;side=trapped_buyers;vol=3;centroid=1.1529;zone_lo=1.152875;zone_hi=1.152925;n_rows=1;max_ratio=3;close=1.15285;bar_vol=43;fp_vol=43;n_quote=25;n_rule=0
2364|2026-06-17T16:46:53.8800000|TRAP|bar=8446;side=trapped_buyers;vol=6;centroid=1.153;zone_lo=1.152975;zone_hi=1.153025;n_rows=1;max_ratio=6;close=1.15295;bar_vol=37;fp_vol=37;n_quote=25;n_rule=0
2365|2026-06-17T16:48:06.0640000|TRAP|bar=8459;side=trapped_buyers;vol=31;centroid=1.1531;zone_lo=1.153075;zone_hi=1.153125;n_rows=1;max_ratio=10.3333333333333;close=1.15295;bar_vol=46;fp_vol=46;n_quote=25;n_rule=0
2366|2026-06-17T16:48:06.0640000|ZONE_CREATED|zone_id=8459_B;created_bar=8459;side=trapped_buyers;lo=1.153075;hi=1.153125;vol=31
2367|2026-06-17T16:48:25.2160000|TRAP|bar=8463;side=trapped_sellers;vol=3;centroid=1.15285;zone_lo=1.152825;zone_hi=1.152875;n_rows=1;max_ratio=3;close=1.15295;bar_vol=51;fp_vol=51;n_quote=25;n_rule=0
2368|2026-06-17T16:49:06.1360000|TRAP|bar=8470;side=trapped_sellers;vol=40;centroid=1.15295;zone_lo=1.152925;zone_hi=1.152975;n_rows=1;max_ratio=20;close=1.153;bar_vol=49;fp_vol=49;n_quote=25;n_rule=0
2369|2026-06-17T16:49:06.1360000|ZONE_CREATED|zone_id=8470_S;created_bar=8470;side=trapped_sellers;lo=1.152925;hi=1.152975;vol=40
2370|2026-06-17T16:49:08.6000000|ZONE_TOUCHED|zone_id=8459_B;created_bar=8459;side=trapped_buyers;lo=1.153075;hi=1.153125;vol=31;bar=8472;touches=1
2371|2026-06-17T16:49:14.6680000|ZONE_TOUCHED|zone_id=8459_B;created_bar=8459;side=trapped_buyers;lo=1.153075;hi=1.153125;vol=31;bar=8473;touches=2
2372|2026-06-17T16:49:14.6680000|ZONE_INVALIDATED|zone_id=8459_B;created_bar=8459;side=trapped_buyers;lo=1.153075;hi=1.153125;vol=31;reason=close_through;bar=8473
2373|2026-06-17T16:49:14.6680000|ZONE_TOUCHED|zone_id=8438_B;created_bar=8438;side=trapped_buyers;lo=1.153125;hi=1.153175;vol=32;bar=8473;touches=2
2374|2026-06-17T16:49:17.9360000|ZONE_TOUCHED|zone_id=8438_B;created_bar=8438;side=trapped_buyers;lo=1.153125;hi=1.153175;vol=32;bar=8474;touches=3
2375|2026-06-17T16:49:17.9360000|TRAP|bar=8474;side=trapped_buyers;vol=12;centroid=1.15315;zone_lo=1.153125;zone_hi=1.153175;n_rows=1;max_ratio=3;close=1.15305;bar_vol=45;fp_vol=45;n_quote=25;n_rule=0
2376|2026-06-17T16:49:33.0240000|ZONE_TOUCHED|zone_id=8470_S;created_bar=8470;side=trapped_sellers;lo=1.152925;hi=1.152975;vol=40;bar=8476;touches=1
2377|2026-06-17T16:49:33.0240000|TRAP|bar=8476;side=trapped_buyers;vol=10;centroid=1.1531;zone_lo=1.153075;zone_hi=1.153125;n_rows=1;max_ratio=5;close=1.15295;bar_vol=31;fp_vol=31;n_quote=25;n_rule=0
2378|2026-06-17T16:49:41.3080000|ZONE_TOUCHED|zone_id=8470_S;created_bar=8470;side=trapped_sellers;lo=1.152925;hi=1.152975;vol=40;bar=8477;touches=2
2379|2026-06-17T16:49:41.3080000|ZONE_INVALIDATED|zone_id=8470_S;created_bar=8470;side=trapped_sellers;lo=1.152925;hi=1.152975;vol=40;reason=close_through;bar=8477
2380|2026-06-17T16:49:48.7080000|TRAP|bar=8478;side=trapped_buyers;vol=10;centroid=1.1528;zone_lo=1.152775;zone_hi=1.152825;n_rows=1;max_ratio=5;close=1.15275;bar_vol=44;fp_vol=44;n_quote=25;n_rule=0
2381|2026-06-17T16:50:04.5800000|TRAP|bar=8491;side=trapped_sellers;vol=19;centroid=1.15295;zone_lo=1.152925;zone_hi=1.152975;n_rows=1;max_ratio=19;close=1.153;bar_vol=42;fp_vol=42;n_quote=25;n_rule=0
2382|2026-06-17T16:50:04.8600000|ZONE_TOUCHED|zone_id=8438_B;created_bar=8438;side=trapped_buyers;lo=1.153125;hi=1.153175;vol=32;bar=8493;touches=4
2383|2026-06-17T16:50:05.3680000|ZONE_TOUCHED|zone_id=8438_B;created_bar=8438;side=trapped_buyers;lo=1.153125;hi=1.153175;vol=32;bar=8494;touches=5
2384|2026-06-17T16:50:05.3680000|ZONE_INVALIDATED|zone_id=8438_B;created_bar=8438;side=trapped_buyers;lo=1.153125;hi=1.153175;vol=32;reason=close_through;bar=8494
2385|2026-06-17T16:50:36.2720000|TRAP|bar=8506;side=trapped_buyers;vol=29;centroid=1.1529;zone_lo=1.152875;zone_hi=1.152925;n_rows=1;max_ratio=9.66666666666667;close=1.15285;bar_vol=46;fp_vol=46;n_quote=25;n_rule=0
2386|2026-06-17T16:50:42.4000000|TRAP|bar=8507;side=trapped_sellers;vol=11;centroid=1.15285;zone_lo=1.152825;zone_hi=1.152875;n_rows=1;max_ratio=11;close=1.153;bar_vol=43;fp_vol=43;n_quote=25;n_rule=0
2387|2026-06-17T16:51:42.8160000|TRAP|bar=8513;side=trapped_sellers;vol=43;centroid=1.15285;zone_lo=1.152825;zone_hi=1.152875;n_rows=1;max_ratio=21.5;close=1.1529;bar_vol=54;fp_vol=54;n_quote=25;n_rule=0
2388|2026-06-17T16:51:42.8160000|ZONE_CREATED|zone_id=8513_S;created_bar=8513;side=trapped_sellers;lo=1.152825;hi=1.152875;vol=43
2389|2026-06-17T16:52:04.1040000|ZONE_TOUCHED|zone_id=8513_S;created_bar=8513;side=trapped_sellers;lo=1.152825;hi=1.152875;vol=43;bar=8515;touches=1
2390|2026-06-17T16:52:27.9720000|ZONE_TOUCHED|zone_id=8513_S;created_bar=8513;side=trapped_sellers;lo=1.152825;hi=1.152875;vol=43;bar=8517;touches=2
2391|2026-06-17T16:52:33.1520000|ZONE_TOUCHED|zone_id=8513_S;created_bar=8513;side=trapped_sellers;lo=1.152825;hi=1.152875;vol=43;bar=8518;touches=3
2392|2026-06-17T16:52:33.1520000|ZONE_INVALIDATED|zone_id=8513_S;created_bar=8513;side=trapped_sellers;lo=1.152825;hi=1.152875;vol=43;reason=close_through;bar=8518
2393|2026-06-17T16:54:23.8640000|TRAP|bar=8531;side=trapped_sellers;vol=28;centroid=1.1531;zone_lo=1.153075;zone_hi=1.153125;n_rows=1;max_ratio=7;close=1.15315;bar_vol=37;fp_vol=37;n_quote=25;n_rule=0
2394|2026-06-17T16:55:07.5560000|ZONE_TOUCHED|zone_id=8190_B;created_bar=8190;side=trapped_buyers;lo=1.153425;hi=1.153475;vol=51;bar=8545;touches=1
2395|2026-06-17T16:55:08.9080000|ZONE_INVALIDATED|zone_id=8190_B;created_bar=8190;side=trapped_buyers;lo=1.153425;hi=1.153475;vol=51;reason=close_through_gap;bar=8546
2396|2026-06-17T16:55:24.3000000|TRAP|bar=8548;side=trapped_sellers;vol=38;centroid=1.1535;zone_lo=1.153475;zone_hi=1.153525;n_rows=1;max_ratio=6.33333333333333;close=1.15355;bar_vol=54;fp_vol=54;n_quote=25;n_rule=0
2397|2026-06-17T16:55:24.3000000|ZONE_CREATED|zone_id=8548_S;created_bar=8548;side=trapped_sellers;lo=1.153475;hi=1.153525;vol=38
2398|2026-06-17T16:55:41.7640000|ZONE_TOUCHED|zone_id=8548_S;created_bar=8548;side=trapped_sellers;lo=1.153475;hi=1.153525;vol=38;bar=8549;touches=1
2399|2026-06-17T16:55:41.7640000|ZONE_INVALIDATED|zone_id=8548_S;created_bar=8548;side=trapped_sellers;lo=1.153475;hi=1.153525;vol=38;reason=close_through;bar=8549
2400|2026-06-17T16:55:50.5480000|TRAP|bar=8550;side=trapped_sellers;vol=5;centroid=1.15345;zone_lo=1.153425;zone_hi=1.153475;n_rows=1;max_ratio=5;close=1.1536;bar_vol=37;fp_vol=37;n_quote=25;n_rule=0
2401|2026-06-17T16:56:38.9640000|TRAP|bar=8556;side=trapped_sellers;vol=13;centroid=1.15365;zone_lo=1.153625;zone_hi=1.153675;n_rows=1;max_ratio=13;close=1.15375;bar_vol=42;fp_vol=42;n_quote=25;n_rule=0
2402|2026-06-17T16:57:09.4520000|TRAP|bar=8562;side=trapped_sellers;vol=9;centroid=1.1536;zone_lo=1.153575;zone_hi=1.153625;n_rows=1;max_ratio=4.5;close=1.15365;bar_vol=36;fp_vol=36;n_quote=25;n_rule=0
2403|2026-06-17T16:57:43.7200000|TRAP|bar=8567;side=trapped_sellers;vol=21;centroid=1.15345;zone_lo=1.153425;zone_hi=1.153475;n_rows=1;max_ratio=3.5;close=1.1536;bar_vol=59;fp_vol=59;n_quote=25;n_rule=0
2404|2026-06-17T16:57:56.3320000|TRAP|bar=8568;side=trapped_buyers;vol=57;centroid=1.1536;zone_lo=1.153575;zone_hi=1.153625;n_rows=1;max_ratio=4.07142857142857;close=1.15355;bar_vol=72;fp_vol=72;n_quote=25;n_rule=0
2405|2026-06-17T16:57:56.3320000|ZONE_CREATED|zone_id=8568_B;created_bar=8568;side=trapped_buyers;lo=1.153575;hi=1.153625;vol=57
2406|2026-06-17T16:58:01.9880000|ZONE_TOUCHED|zone_id=8568_B;created_bar=8568;side=trapped_buyers;lo=1.153575;hi=1.153625;vol=57;bar=8569;touches=1
2407|2026-06-17T16:58:05.9960000|ZONE_TOUCHED|zone_id=8568_B;created_bar=8568;side=trapped_buyers;lo=1.153575;hi=1.153625;vol=57;bar=8570;touches=2
2408|2026-06-17T16:58:13.0000000|ZONE_TOUCHED|zone_id=8568_B;created_bar=8568;side=trapped_buyers;lo=1.153575;hi=1.153625;vol=57;bar=8571;touches=3
2409|2026-06-17T16:58:15.6200000|ZONE_TOUCHED|zone_id=8568_B;created_bar=8568;side=trapped_buyers;lo=1.153575;hi=1.153625;vol=57;bar=8572;touches=4
2410|2026-06-17T16:58:34.3280000|TRAP|bar=8576;side=trapped_sellers;vol=20;centroid=1.15335;zone_lo=1.153325;zone_hi=1.153375;n_rows=1;max_ratio=3.33333333333333;close=1.1534;bar_vol=48;fp_vol=48;n_quote=25;n_rule=0
2411|2026-06-17T16:58:36.6840000|TRAP|bar=8577;side=trapped_buyers;vol=35;centroid=1.15345;zone_lo=1.153425;zone_hi=1.153475;n_rows=1;max_ratio=7;close=1.1534;bar_vol=60;fp_vol=60;n_quote=25;n_rule=0
2412|2026-06-17T16:58:36.6840000|ZONE_CREATED|zone_id=8577_B;created_bar=8577;side=trapped_buyers;lo=1.153425;hi=1.153475;vol=35
2413|2026-06-17T16:58:36.8920000|ZONE_TOUCHED|zone_id=8577_B;created_bar=8577;side=trapped_buyers;lo=1.153425;hi=1.153475;vol=35;bar=8578;touches=1
2414|2026-06-17T16:58:51.1760000|ZONE_INVALIDATED|zone_id=8577_B;created_bar=8577;side=trapped_buyers;lo=1.153425;hi=1.153475;vol=35;reason=close_through_gap;bar=8579
2415|2026-06-17T16:58:51.1760000|TRAP|bar=8579;side=trapped_buyers;vol=17;centroid=1.15355;zone_lo=1.153525;zone_hi=1.153575;n_rows=1;max_ratio=5.66666666666667;close=1.1535;bar_vol=59;fp_vol=59;n_quote=25;n_rule=0
2416|2026-06-17T16:59:09.1880000|TRAP|bar=8581;side=trapped_sellers;vol=25;centroid=1.15335;zone_lo=1.153325;zone_hi=1.153375;n_rows=1;max_ratio=25;close=1.1534;bar_vol=57;fp_vol=57;n_quote=25;n_rule=0
2417|2026-06-17T16:59:16.1400000|TRAP|bar=8582;side=trapped_sellers;vol=38;centroid=1.15335;zone_lo=1.153325;zone_hi=1.153375;n_rows=1;max_ratio=3.8;close=1.1534;bar_vol=58;fp_vol=58;n_quote=25;n_rule=0
2418|2026-06-17T16:59:16.1400000|ZONE_CREATED|zone_id=8582_S;created_bar=8582;side=trapped_sellers;lo=1.153325;hi=1.153375;vol=38
2419|2026-06-17T16:59:30.9040000|ZONE_TOUCHED|zone_id=8582_S;created_bar=8582;side=trapped_sellers;lo=1.153325;hi=1.153375;vol=38;bar=8584;touches=1
2420|2026-06-17T16:59:34.3880000|ZONE_TOUCHED|zone_id=8582_S;created_bar=8582;side=trapped_sellers;lo=1.153325;hi=1.153375;vol=38;bar=8585;touches=2
2421|2026-06-17T16:59:40.3520000|TRAP|bar=8586;side=trapped_buyers;vol=34;centroid=1.15345;zone_lo=1.153425;zone_hi=1.153475;n_rows=1;max_ratio=11.3333333333333;close=1.1534;bar_vol=56;fp_vol=56;n_quote=25;n_rule=0
2422|2026-06-17T16:59:40.3520000|ZONE_CREATED|zone_id=8586_B;created_bar=8586;side=trapped_buyers;lo=1.153425;hi=1.153475;vol=34
2423|2026-06-17T16:59:42.8960000|ZONE_TOUCHED|zone_id=8586_B;created_bar=8586;side=trapped_buyers;lo=1.153425;hi=1.153475;vol=34;bar=8587;touches=1
2424|2026-06-17T16:59:47.6960000|ZONE_TOUCHED|zone_id=8586_B;created_bar=8586;side=trapped_buyers;lo=1.153425;hi=1.153475;vol=34;bar=8588;touches=2
2425|2026-06-17T16:59:55.0200000|ZONE_TOUCHED|zone_id=8582_S;created_bar=8582;side=trapped_sellers;lo=1.153325;hi=1.153375;vol=38;bar=8589;touches=3
2426|2026-06-17T17:00:00.0240000|ZONE_TOUCHED|zone_id=8582_S;created_bar=8582;side=trapped_sellers;lo=1.153325;hi=1.153375;vol=38;bar=8590;touches=4
2427|2026-06-17T17:00:05.4400000|ZONE_TOUCHED|zone_id=8586_B;created_bar=8586;side=trapped_buyers;lo=1.153425;hi=1.153475;vol=34;bar=8591;touches=3
2428|2026-06-17T17:00:11.3760000|ZONE_TOUCHED|zone_id=8586_B;created_bar=8586;side=trapped_buyers;lo=1.153425;hi=1.153475;vol=34;bar=8592;touches=4
2429|2026-06-17T17:00:11.3760000|ZONE_INVALIDATED|zone_id=8586_B;created_bar=8586;side=trapped_buyers;lo=1.153425;hi=1.153475;vol=34;reason=close_through;bar=8592
2430|2026-06-17T17:00:22.7480000|ZONE_TOUCHED|zone_id=8568_B;created_bar=8568;side=trapped_buyers;lo=1.153575;hi=1.153625;vol=57;bar=8593;touches=5
2431|2026-06-17T17:00:40.1040000|ZONE_TOUCHED|zone_id=8568_B;created_bar=8568;side=trapped_buyers;lo=1.153575;hi=1.153625;vol=57;bar=8594;touches=6
2432|2026-06-17T17:00:40.1040000|ZONE_INVALIDATED|zone_id=8568_B;created_bar=8568;side=trapped_buyers;lo=1.153575;hi=1.153625;vol=57;reason=close_through;bar=8594
2433|2026-06-17T17:00:59.2720000|TRAP|bar=8595;side=trapped_sellers;vol=22;centroid=1.15365;zone_lo=1.153625;zone_hi=1.153675;n_rows=1;max_ratio=4.4;close=1.15375;bar_vol=62;fp_vol=62;n_quote=25;n_rule=0
2434|2026-06-17T17:01:52.5120000|TRAP|bar=8599;side=trapped_buyers;vol=24;centroid=1.15365;zone_lo=1.153625;zone_hi=1.153675;n_rows=1;max_ratio=4;close=1.1536;bar_vol=45;fp_vol=45;n_quote=25;n_rule=0
2435|2026-06-17T17:03:06.4560000|ZONE_TOUCHED|zone_id=8582_S;created_bar=8582;side=trapped_sellers;lo=1.153325;hi=1.153375;vol=38;bar=8606;touches=5
2436|2026-06-17T17:03:09.1800000|ZONE_TOUCHED|zone_id=8582_S;created_bar=8582;side=trapped_sellers;lo=1.153325;hi=1.153375;vol=38;bar=8607;touches=6
2437|2026-06-17T17:03:15.0080000|ZONE_TOUCHED|zone_id=8582_S;created_bar=8582;side=trapped_sellers;lo=1.153325;hi=1.153375;vol=38;bar=8608;touches=7
2438|2026-06-17T17:03:15.0080000|ZONE_INVALIDATED|zone_id=8582_S;created_bar=8582;side=trapped_sellers;lo=1.153325;hi=1.153375;vol=38;reason=close_through;bar=8608
2439|2026-06-17T17:04:13.2080000|TRAP|bar=8612;side=trapped_buyers;vol=31;centroid=1.1532;zone_lo=1.153175;zone_hi=1.153225;n_rows=1;max_ratio=3.1;close=1.15315;bar_vol=48;fp_vol=48;n_quote=25;n_rule=0
2440|2026-06-17T17:04:13.2080000|ZONE_CREATED|zone_id=8612_B;created_bar=8612;side=trapped_buyers;lo=1.153175;hi=1.153225;vol=31
2441|2026-06-17T17:04:30.8000000|ZONE_TOUCHED|zone_id=8612_B;created_bar=8612;side=trapped_buyers;lo=1.153175;hi=1.153225;vol=31;bar=8617;touches=1
2442|2026-06-17T17:04:30.8000000|TRAP|bar=8617;side=trapped_buyers;vol=4;centroid=1.1532;zone_lo=1.153175;zone_hi=1.153225;n_rows=1;max_ratio=4;close=1.1531;bar_vol=70;fp_vol=70;n_quote=25;n_rule=0
2443|2026-06-17T17:07:15.6240000|ZONE_TOUCHED|zone_id=8612_B;created_bar=8612;side=trapped_buyers;lo=1.153175;hi=1.153225;vol=31;bar=8628;touches=2
2444|2026-06-17T17:08:47.1280000|ZONE_TOUCHED|zone_id=8612_B;created_bar=8612;side=trapped_buyers;lo=1.153175;hi=1.153225;vol=31;bar=8629;touches=3
2445|2026-06-17T17:11:53.2600000|ZONE_TOUCHED|zone_id=8612_B;created_bar=8612;side=trapped_buyers;lo=1.153175;hi=1.153225;vol=31;bar=8633;touches=4
2446|2026-06-17T17:13:51.0440000|ZONE_TOUCHED|zone_id=8612_B;created_bar=8612;side=trapped_buyers;lo=1.153175;hi=1.153225;vol=31;bar=8634;touches=5
2447|2026-06-17T17:13:51.0440000|ZONE_INVALIDATED|zone_id=8612_B;created_bar=8612;side=trapped_buyers;lo=1.153175;hi=1.153225;vol=31;reason=close_through;bar=8634
2448|2026-06-17T17:13:51.0440000|TRAP|bar=8634;side=trapped_buyers;vol=17;centroid=1.1533;zone_lo=1.153275;zone_hi=1.153325;n_rows=1;max_ratio=8.5;close=1.15325;bar_vol=40;fp_vol=40;n_quote=25;n_rule=0
2449|2026-06-17T17:19:19.0920000|TRAP|bar=8646;side=trapped_buyers;vol=18;centroid=1.1538;zone_lo=1.153775;zone_hi=1.153825;n_rows=1;max_ratio=3.6;close=1.15375;bar_vol=48;fp_vol=48;n_quote=25;n_rule=0
2450|2026-06-17T17:19:50.0920000|TRAP|bar=8647;side=trapped_buyers;vol=28;centroid=1.15375;zone_lo=1.153725;zone_hi=1.153775;n_rows=1;max_ratio=5.6;close=1.1537;bar_vol=54;fp_vol=54;n_quote=25;n_rule=0
2451|2026-06-17T17:21:01.6440000|TRAP|bar=8649;side=trapped_buyers;vol=14;centroid=1.1538;zone_lo=1.153775;zone_hi=1.153825;n_rows=1;max_ratio=14;close=1.15375;bar_vol=47;fp_vol=47;n_quote=25;n_rule=0
2452|2026-06-17T17:23:56.9480000|TRAP|bar=8658;side=trapped_buyers;vol=23;centroid=1.1539;zone_lo=1.153875;zone_hi=1.153925;n_rows=1;max_ratio=3.83333333333333;close=1.15385;bar_vol=36;fp_vol=36;n_quote=25;n_rule=0
2453|2026-06-17T17:24:49.5240000|TRAP|bar=8661;side=trapped_sellers;vol=20;centroid=1.1536;zone_lo=1.153575;zone_hi=1.153625;n_rows=1;max_ratio=3.33333333333333;close=1.1537;bar_vol=51;fp_vol=51;n_quote=25;n_rule=0
2454|2026-06-17T17:25:49.8600000|TRAP|bar=8662;side=trapped_sellers;vol=18;centroid=1.1536;zone_lo=1.153575;zone_hi=1.153625;n_rows=1;max_ratio=3;close=1.15365;bar_vol=42;fp_vol=42;n_quote=25;n_rule=0
2455|2026-06-17T17:30:10.1280000|TRAP|bar=8669;side=trapped_sellers;vol=21;centroid=1.1539;zone_lo=1.153875;zone_hi=1.153925;n_rows=1;max_ratio=21;close=1.154;bar_vol=50;fp_vol=50;n_quote=25;n_rule=0
2456|2026-06-17T17:32:42.8000000|TRAP|bar=8673;side=trapped_sellers;vol=3;centroid=1.154;zone_lo=1.153975;zone_hi=1.154025;n_rows=1;max_ratio=3;close=1.15415;bar_vol=89;fp_vol=89;n_quote=25;n_rule=0
2457|2026-06-17T17:40:04.8440000|ZONE_TOUCHED|zone_id=8113_B;created_bar=8113;side=trapped_buyers;lo=1.154525;hi=1.154575;vol=61;bar=8684;touches=1
2458|2026-06-17T17:40:16.1520000|ZONE_TOUCHED|zone_id=8113_B;created_bar=8113;side=trapped_buyers;lo=1.154525;hi=1.154575;vol=61;bar=8685;touches=2
2459|2026-06-17T17:40:16.1520000|TRAP|bar=8685;side=trapped_buyers;vol=24;centroid=1.15455;zone_lo=1.154525;zone_hi=1.154575;n_rows=1;max_ratio=8;close=1.1544;bar_vol=69;fp_vol=69;n_quote=25;n_rule=0
2460|2026-06-17T17:42:25.7160000|ZONE_TOUCHED|zone_id=8113_B;created_bar=8113;side=trapped_buyers;lo=1.154525;hi=1.154575;vol=61;bar=8690;touches=3
2461|2026-06-17T17:42:25.7160000|ZONE_INVALIDATED|zone_id=8113_B;created_bar=8113;side=trapped_buyers;lo=1.154525;hi=1.154575;vol=61;reason=close_through;bar=8690
2462|2026-06-17T17:43:55.1680000|TRAP|bar=8699;side=trapped_buyers;vol=20;centroid=1.1546;zone_lo=1.154575;zone_hi=1.154625;n_rows=1;max_ratio=20;close=1.15445;bar_vol=72;fp_vol=72;n_quote=25;n_rule=0
2463|2026-06-17T17:59:48.5960000|TRAP|bar=8714;side=trapped_buyers;vol=26;centroid=1.1543;zone_lo=1.154275;zone_hi=1.154325;n_rows=1;max_ratio=3.25;close=1.15425;bar_vol=83;fp_vol=83;n_quote=25;n_rule=0
2464|2026-06-17T17:59:48.5960000|TRAP|bar=8714;side=trapped_sellers;vol=21;centroid=1.15415;zone_lo=1.154125;zone_hi=1.154175;n_rows=1;max_ratio=21;close=1.15425;bar_vol=83;fp_vol=83;n_quote=25;n_rule=0
2465|2026-06-17T17:59:55.0080000|TRAP|bar=8715;side=trapped_buyers;vol=26;centroid=1.1543;zone_lo=1.154275;zone_hi=1.154325;n_rows=1;max_ratio=3.25;close=1.15425;bar_vol=90;fp_vol=90;n_quote=25;n_rule=0
2466|2026-06-17T19:00:10.3360000|TRAP|bar=8717;side=trapped_sellers;vol=8;centroid=1.1543;zone_lo=1.154275;zone_hi=1.154325;n_rows=1;max_ratio=8;close=1.15455;bar_vol=39;fp_vol=39;n_quote=25;n_rule=0
2467|2026-06-17T19:02:09.9360000|TRAP|bar=8720;side=trapped_buyers;vol=28;centroid=1.15425;zone_lo=1.154225;zone_hi=1.154275;n_rows=1;max_ratio=5.6;close=1.15415;bar_vol=48;fp_vol=48;n_quote=25;n_rule=0
2468|2026-06-17T19:02:40.9560000|TRAP|bar=8723;side=trapped_buyers;vol=8;centroid=1.15415;zone_lo=1.154125;zone_hi=1.154175;n_rows=1;max_ratio=8;close=1.154;bar_vol=47;fp_vol=47;n_quote=25;n_rule=0
2469|2026-06-17T19:14:26.3800000|TRAP|bar=8741;side=trapped_buyers;vol=11;centroid=1.1545;zone_lo=1.154475;zone_hi=1.154525;n_rows=1;max_ratio=11;close=1.15445;bar_vol=37;fp_vol=37;n_quote=25;n_rule=0
2470|2026-06-17T19:33:00.5160000|TRAP|bar=8753;side=trapped_buyers;vol=20;centroid=1.1543;zone_lo=1.154275;zone_hi=1.154325;n_rows=1;max_ratio=6.66666666666667;close=1.15425;bar_vol=38;fp_vol=38;n_quote=25;n_rule=0
2471|2026-06-17T19:36:12.3840000|TRAP|bar=8756;side=trapped_buyers;vol=24;centroid=1.1544;zone_lo=1.154375;zone_hi=1.154425;n_rows=1;max_ratio=3;close=1.1543;bar_vol=38;fp_vol=38;n_quote=25;n_rule=0
2472|2026-06-17T19:36:47.5160000|TRAP|bar=8757;side=trapped_sellers;vol=10;centroid=1.1543;zone_lo=1.154275;zone_hi=1.154325;n_rows=1;max_ratio=3.33333333333333;close=1.1544;bar_vol=30;fp_vol=30;n_quote=25;n_rule=0
2473|2026-06-17T19:38:20.7680000|TRAP|bar=8759;side=trapped_buyers;vol=33;centroid=1.15445;zone_lo=1.154425;zone_hi=1.154475;n_rows=1;max_ratio=3.66666666666667;close=1.1544;bar_vol=45;fp_vol=45;n_quote=25;n_rule=0
2474|2026-06-17T19:38:20.7680000|ZONE_CREATED|zone_id=8759_B;created_bar=8759;side=trapped_buyers;lo=1.154425;hi=1.154475;vol=33
2475|2026-06-17T19:38:48.9000000|ZONE_TOUCHED|zone_id=8759_B;created_bar=8759;side=trapped_buyers;lo=1.154425;hi=1.154475;vol=33;bar=8760;touches=1
2476|2026-06-17T19:39:33.0560000|ZONE_TOUCHED|zone_id=8759_B;created_bar=8759;side=trapped_buyers;lo=1.154425;hi=1.154475;vol=33;bar=8761;touches=2
2477|2026-06-17T19:39:33.0560000|ZONE_INVALIDATED|zone_id=8759_B;created_bar=8759;side=trapped_buyers;lo=1.154425;hi=1.154475;vol=33;reason=close_through;bar=8761
2478|2026-06-17T19:48:10.0520000|TRAP|bar=8767;side=trapped_buyers;vol=74;centroid=1.15455;zone_lo=1.154525;zone_hi=1.154575;n_rows=1;max_ratio=18.5;close=1.15445;bar_vol=79;fp_vol=79;n_quote=25;n_rule=0
2479|2026-06-17T19:48:10.0520000|ZONE_CREATED|zone_id=8767_B;created_bar=8767;side=trapped_buyers;lo=1.154525;hi=1.154575;vol=74
2480|2026-06-17T19:53:45.0600000|TRAP|bar=8770;side=trapped_sellers;vol=3;centroid=1.15435;zone_lo=1.154325;zone_hi=1.154375;n_rows=1;max_ratio=3;close=1.1545;bar_vol=66;fp_vol=66;n_quote=25;n_rule=0
2481|2026-06-17T19:54:44.7040000|ZONE_TOUCHED|zone_id=8767_B;created_bar=8767;side=trapped_buyers;lo=1.154525;hi=1.154575;vol=74;bar=8771;touches=1
2482|2026-06-17T19:57:17.2320000|ZONE_TOUCHED|zone_id=8767_B;created_bar=8767;side=trapped_buyers;lo=1.154525;hi=1.154575;vol=74;bar=8772;touches=2
2483|2026-06-17T19:57:17.2320000|ZONE_INVALIDATED|zone_id=8767_B;created_bar=8767;side=trapped_buyers;lo=1.154525;hi=1.154575;vol=74;reason=close_through;bar=8772
2484|2026-06-17T19:59:05.3640000|TRAP|bar=8773;side=trapped_sellers;vol=19;centroid=1.1545;zone_lo=1.154475;zone_hi=1.154525;n_rows=1;max_ratio=9.5;close=1.15455;bar_vol=48;fp_vol=48;n_quote=25;n_rule=0
2485|2026-06-17T20:13:00.0800000|TRAP|bar=8777;side=trapped_sellers;vol=3;centroid=1.1546;zone_lo=1.154575;zone_hi=1.154625;n_rows=1;max_ratio=3;close=1.15465;bar_vol=44;fp_vol=44;n_quote=25;n_rule=0
2486|2026-06-17T20:14:42.6320000|TRAP|bar=8778;side=trapped_buyers;vol=53;centroid=1.1547;zone_lo=1.154675;zone_hi=1.154725;n_rows=1;max_ratio=3.78571428571429;close=1.15465;bar_vol=99;fp_vol=99;n_quote=25;n_rule=0
2487|2026-06-17T20:14:42.6320000|ZONE_CREATED|zone_id=8778_B;created_bar=8778;side=trapped_buyers;lo=1.154675;hi=1.154725;vol=53
2488|2026-06-17T20:14:53.3120000|ZONE_TOUCHED|zone_id=8778_B;created_bar=8778;side=trapped_buyers;lo=1.154675;hi=1.154725;vol=53;bar=8779;touches=1
2489|2026-06-17T20:14:53.3120000|ZONE_INVALIDATED|zone_id=8778_B;created_bar=8778;side=trapped_buyers;lo=1.154675;hi=1.154725;vol=53;reason=close_through;bar=8779
2490|2026-06-17T20:22:17.6440000|TRAP|bar=8786;side=trapped_sellers;vol=8;centroid=1.15475;zone_lo=1.154725;zone_hi=1.154775;n_rows=1;max_ratio=4;close=1.1548;bar_vol=34;fp_vol=34;n_quote=25;n_rule=0
2491|2026-06-17T20:36:58.0720000|TRAP|bar=8800;side=trapped_sellers;vol=28;centroid=1.1546;zone_lo=1.154575;zone_hi=1.154625;n_rows=1;max_ratio=3.5;close=1.15465;bar_vol=61;fp_vol=61;n_quote=25;n_rule=0
2492|2026-06-17T20:54:36.2320000|TRAP|bar=8814;side=trapped_sellers;vol=3;centroid=1.1547;zone_lo=1.154675;zone_hi=1.154725;n_rows=1;max_ratio=3;close=1.1548;bar_vol=31;fp_vol=31;n_quote=25;n_rule=0
2493|2026-06-17T21:03:34.0600000|TRAP|bar=8838;side=trapped_buyers;vol=16;centroid=1.15555;zone_lo=1.155525;zone_hi=1.155575;n_rows=1;max_ratio=4;close=1.15545;bar_vol=70;fp_vol=70;n_quote=25;n_rule=0
2494|2026-06-17T21:14:02.8520000|TRAP|bar=8864;side=trapped_sellers;vol=25;centroid=1.1554;zone_lo=1.155375;zone_hi=1.155425;n_rows=1;max_ratio=5;close=1.15545;bar_vol=77;fp_vol=77;n_quote=25;n_rule=0
2495|2026-06-17T21:15:27.9560000|TRAP|bar=8867;side=trapped_sellers;vol=52;centroid=1.15525;zone_lo=1.155225;zone_hi=1.155275;n_rows=1;max_ratio=6.5;close=1.1553;bar_vol=76;fp_vol=76;n_quote=25;n_rule=0
2496|2026-06-17T21:15:27.9560000|ZONE_CREATED|zone_id=8867_S;created_bar=8867;side=trapped_sellers;lo=1.155225;hi=1.155275;vol=52
2497|2026-06-17T21:16:42.9640000|ZONE_TOUCHED|zone_id=8867_S;created_bar=8867;side=trapped_sellers;lo=1.155225;hi=1.155275;vol=52;bar=8868;touches=1
2498|2026-06-17T21:16:42.9640000|TRAP|bar=8868;side=trapped_sellers;vol=32;centroid=1.15525;zone_lo=1.155225;zone_hi=1.155275;n_rows=1;max_ratio=8;close=1.15535;bar_vol=99;fp_vol=99;n_quote=25;n_rule=0
2499|2026-06-17T21:16:42.9640000|ZONE_CREATED|zone_id=8868_S;created_bar=8868;side=trapped_sellers;lo=1.155225;hi=1.155275;vol=32
2500|2026-06-17T21:19:09.5040000|ZONE_TOUCHED|zone_id=8868_S;created_bar=8868;side=trapped_sellers;lo=1.155225;hi=1.155275;vol=32;bar=8869;touches=1
2501|2026-06-17T21:19:09.5040000|ZONE_TOUCHED|zone_id=8867_S;created_bar=8867;side=trapped_sellers;lo=1.155225;hi=1.155275;vol=52;bar=8869;touches=2
2502|2026-06-17T21:22:01.6480000|ZONE_TOUCHED|zone_id=8868_S;created_bar=8868;side=trapped_sellers;lo=1.155225;hi=1.155275;vol=32;bar=8871;touches=2
2503|2026-06-17T21:22:01.6480000|ZONE_INVALIDATED|zone_id=8868_S;created_bar=8868;side=trapped_sellers;lo=1.155225;hi=1.155275;vol=32;reason=close_through;bar=8871
2504|2026-06-17T21:22:01.6480000|ZONE_TOUCHED|zone_id=8867_S;created_bar=8867;side=trapped_sellers;lo=1.155225;hi=1.155275;vol=52;bar=8871;touches=3
2505|2026-06-17T21:22:01.6480000|ZONE_INVALIDATED|zone_id=8867_S;created_bar=8867;side=trapped_sellers;lo=1.155225;hi=1.155275;vol=52;reason=close_through;bar=8871
2506|2026-06-17T21:22:57.5160000|TRAP|bar=8872;side=trapped_buyers;vol=4;centroid=1.1553;zone_lo=1.155275;zone_hi=1.155325;n_rows=1;max_ratio=4;close=1.15515;bar_vol=83;fp_vol=83;n_quote=25;n_rule=0
2507|2026-06-17T21:26:45.6240000|TRAP|bar=8874;side=trapped_buyers;vol=11;centroid=1.1552;zone_lo=1.155175;zone_hi=1.155225;n_rows=1;max_ratio=5.5;close=1.15515;bar_vol=43;fp_vol=43;n_quote=25;n_rule=0
2508|2026-06-17T21:45:55.1480000|TRAP|bar=8888;side=trapped_buyers;vol=31;centroid=1.1552;zone_lo=1.155175;zone_hi=1.155225;n_rows=1;max_ratio=7.75;close=1.15515;bar_vol=77;fp_vol=77;n_quote=25;n_rule=0
2509|2026-06-17T21:45:55.1480000|ZONE_CREATED|zone_id=8888_B;created_bar=8888;side=trapped_buyers;lo=1.155175;hi=1.155225;vol=31
2510|2026-06-17T21:47:39.5800000|ZONE_TOUCHED|zone_id=8888_B;created_bar=8888;side=trapped_buyers;lo=1.155175;hi=1.155225;vol=31;bar=8889;touches=1
2511|2026-06-17T21:51:23.4680000|TRAP|bar=8892;side=trapped_buyers;vol=42;centroid=1.15505;zone_lo=1.155025;zone_hi=1.155075;n_rows=1;max_ratio=7;close=1.155;bar_vol=65;fp_vol=65;n_quote=25;n_rule=0
2512|2026-06-17T21:51:23.4680000|ZONE_CREATED|zone_id=8892_B;created_bar=8892;side=trapped_buyers;lo=1.155025;hi=1.155075;vol=42
2513|2026-06-17T21:52:31.7080000|ZONE_TOUCHED|zone_id=8892_B;created_bar=8892;side=trapped_buyers;lo=1.155025;hi=1.155075;vol=42;bar=8893;touches=1
2514|2026-06-17T21:52:31.7080000|TRAP|bar=8893;side=trapped_buyers;vol=3;centroid=1.15515;zone_lo=1.155125;zone_hi=1.155175;n_rows=1;max_ratio=3;close=1.15505;bar_vol=72;fp_vol=72;n_quote=25;n_rule=0
2515|2026-06-17T21:52:50.1840000|ZONE_TOUCHED|zone_id=8892_B;created_bar=8892;side=trapped_buyers;lo=1.155025;hi=1.155075;vol=42;bar=8894;touches=2
2516|2026-06-17T21:52:50.1840000|ZONE_INVALIDATED|zone_id=8892_B;created_bar=8892;side=trapped_buyers;lo=1.155025;hi=1.155075;vol=42;reason=close_through;bar=8894
2517|2026-06-17T21:52:50.1840000|ZONE_TOUCHED|zone_id=8888_B;created_bar=8888;side=trapped_buyers;lo=1.155175;hi=1.155225;vol=31;bar=8894;touches=2
2518|2026-06-17T21:53:00.7880000|ZONE_INVALIDATED|zone_id=8888_B;created_bar=8888;side=trapped_buyers;lo=1.155175;hi=1.155225;vol=31;reason=close_through_gap;bar=8895
2519|2026-06-17T21:53:50.6800000|TRAP|bar=8900;side=trapped_sellers;vol=44;centroid=1.15535;zone_lo=1.155325;zone_hi=1.155375;n_rows=1;max_ratio=7.33333333333333;close=1.1554;bar_vol=54;fp_vol=54;n_quote=25;n_rule=0
2520|2026-06-17T21:53:50.6800000|ZONE_CREATED|zone_id=8900_S;created_bar=8900;side=trapped_sellers;lo=1.155325;hi=1.155375;vol=44
2521|2026-06-17T21:55:05.1400000|ZONE_TOUCHED|zone_id=8900_S;created_bar=8900;side=trapped_sellers;lo=1.155325;hi=1.155375;vol=44;bar=8909;touches=1
2522|2026-06-17T21:55:26.4040000|ZONE_TOUCHED|zone_id=8900_S;created_bar=8900;side=trapped_sellers;lo=1.155325;hi=1.155375;vol=44;bar=8910;touches=2
2523|2026-06-17T21:55:32.5480000|ZONE_TOUCHED|zone_id=8900_S;created_bar=8900;side=trapped_sellers;lo=1.155325;hi=1.155375;vol=44;bar=8911;touches=3
2524|2026-06-17T21:55:32.5600000|ZONE_TOUCHED|zone_id=8900_S;created_bar=8900;side=trapped_sellers;lo=1.155325;hi=1.155375;vol=44;bar=8912;touches=4
2525|2026-06-17T21:55:32.5800000|ZONE_TOUCHED|zone_id=8900_S;created_bar=8900;side=trapped_sellers;lo=1.155325;hi=1.155375;vol=44;bar=8913;touches=5
2526|2026-06-17T21:55:33.8400000|ZONE_TOUCHED|zone_id=8900_S;created_bar=8900;side=trapped_sellers;lo=1.155325;hi=1.155375;vol=44;bar=8914;touches=6
2527|2026-06-17T22:06:19.5880000|TRAP|bar=8931;side=trapped_buyers;vol=30;centroid=1.15585;zone_lo=1.155825;zone_hi=1.155875;n_rows=1;max_ratio=30;close=1.15575;bar_vol=62;fp_vol=62;n_quote=25;n_rule=0
2528|2026-06-17T22:06:19.5880000|ZONE_CREATED|zone_id=8931_B;created_bar=8931;side=trapped_buyers;lo=1.155825;hi=1.155875;vol=30
2529|2026-06-17T22:07:07.8120000|ZONE_TOUCHED|zone_id=8931_B;created_bar=8931;side=trapped_buyers;lo=1.155825;hi=1.155875;vol=30;bar=8932;touches=1
2530|2026-06-17T22:07:07.8120000|ZONE_INVALIDATED|zone_id=8931_B;created_bar=8931;side=trapped_buyers;lo=1.155825;hi=1.155875;vol=30;reason=close_through;bar=8932
2531|2026-06-17T22:09:01.3440000|TRAP|bar=8933;side=trapped_buyers;vol=33;centroid=1.15605;zone_lo=1.156025;zone_hi=1.156075;n_rows=1;max_ratio=11;close=1.156;bar_vol=64;fp_vol=64;n_quote=25;n_rule=0
2532|2026-06-17T22:09:01.3440000|ZONE_CREATED|zone_id=8933_B;created_bar=8933;side=trapped_buyers;lo=1.156025;hi=1.156075;vol=33
2533|2026-06-17T22:15:04.6520000|ZONE_TOUCHED|zone_id=8933_B;created_bar=8933;side=trapped_buyers;lo=1.156025;hi=1.156075;vol=33;bar=8937;touches=1
2534|2026-06-17T22:15:25.1800000|ZONE_TOUCHED|zone_id=8933_B;created_bar=8933;side=trapped_buyers;lo=1.156025;hi=1.156075;vol=33;bar=8938;touches=2
2535|2026-06-17T22:15:25.1800000|TRAP|bar=8938;side=trapped_buyers;vol=32;centroid=1.15605;zone_lo=1.156025;zone_hi=1.156075;n_rows=1;max_ratio=10.6666666666667;close=1.156;bar_vol=49;fp_vol=49;n_quote=25;n_rule=0
2536|2026-06-17T22:15:25.1800000|ZONE_CREATED|zone_id=8938_B;created_bar=8938;side=trapped_buyers;lo=1.156025;hi=1.156075;vol=32
2537|2026-06-17T22:18:08.1760000|ZONE_TOUCHED|zone_id=8938_B;created_bar=8938;side=trapped_buyers;lo=1.156025;hi=1.156075;vol=32;bar=8939;touches=1
2538|2026-06-17T22:18:08.1760000|ZONE_TOUCHED|zone_id=8933_B;created_bar=8933;side=trapped_buyers;lo=1.156025;hi=1.156075;vol=33;bar=8939;touches=3
2539|2026-06-17T22:19:28.0600000|ZONE_TOUCHED|zone_id=8938_B;created_bar=8938;side=trapped_buyers;lo=1.156025;hi=1.156075;vol=32;bar=8940;touches=2
2540|2026-06-17T22:19:28.0600000|ZONE_TOUCHED|zone_id=8933_B;created_bar=8933;side=trapped_buyers;lo=1.156025;hi=1.156075;vol=33;bar=8940;touches=4
2541|2026-06-17T22:19:28.0600000|TRAP|bar=8940;side=trapped_buyers;vol=10;centroid=1.15605;zone_lo=1.156025;zone_hi=1.156075;n_rows=1;max_ratio=10;close=1.1559;bar_vol=64;fp_vol=64;n_quote=25;n_rule=0
2542|2026-06-17T22:21:00.5480000|ZONE_TOUCHED|zone_id=8938_B;created_bar=8938;side=trapped_buyers;lo=1.156025;hi=1.156075;vol=32;bar=8942;touches=3
2543|2026-06-17T22:21:00.5480000|ZONE_TOUCHED|zone_id=8933_B;created_bar=8933;side=trapped_buyers;lo=1.156025;hi=1.156075;vol=33;bar=8942;touches=5
2544|2026-06-17T22:22:25.8240000|ZONE_TOUCHED|zone_id=8938_B;created_bar=8938;side=trapped_buyers;lo=1.156025;hi=1.156075;vol=32;bar=8943;touches=4
2545|2026-06-17T22:22:25.8240000|ZONE_INVALIDATED|zone_id=8938_B;created_bar=8938;side=trapped_buyers;lo=1.156025;hi=1.156075;vol=32;reason=close_through;bar=8943
2546|2026-06-17T22:22:25.8240000|ZONE_TOUCHED|zone_id=8933_B;created_bar=8933;side=trapped_buyers;lo=1.156025;hi=1.156075;vol=33;bar=8943;touches=6
2547|2026-06-17T22:22:25.8240000|ZONE_INVALIDATED|zone_id=8933_B;created_bar=8933;side=trapped_buyers;lo=1.156025;hi=1.156075;vol=33;reason=close_through;bar=8943
2548|2026-06-17T22:48:51.9720000|TRAP|bar=8963;side=trapped_buyers;vol=7;centroid=1.15605;zone_lo=1.156025;zone_hi=1.156075;n_rows=1;max_ratio=7;close=1.1559;bar_vol=43;fp_vol=43;n_quote=25;n_rule=0
2549|2026-06-17T22:49:57.9960000|TRAP|bar=8965;side=trapped_sellers;vol=50;centroid=1.1558;zone_lo=1.155775;zone_hi=1.155825;n_rows=1;max_ratio=12.5;close=1.1559;bar_vol=85;fp_vol=85;n_quote=25;n_rule=0
2550|2026-06-17T22:49:57.9960000|ZONE_CREATED|zone_id=8965_S;created_bar=8965;side=trapped_sellers;lo=1.155775;hi=1.155825;vol=50
2551|2026-06-17T22:54:10.0200000|ZONE_TOUCHED|zone_id=8965_S;created_bar=8965;side=trapped_sellers;lo=1.155775;hi=1.155825;vol=50;bar=8968;touches=1
2552|2026-06-17T22:59:24.3560000|ZONE_TOUCHED|zone_id=8965_S;created_bar=8965;side=trapped_sellers;lo=1.155775;hi=1.155825;vol=50;bar=8972;touches=2
2553|2026-06-17T22:59:24.3560000|ZONE_INVALIDATED|zone_id=8965_S;created_bar=8965;side=trapped_sellers;lo=1.155775;hi=1.155825;vol=50;reason=close_through;bar=8972
2554|2026-06-17T23:00:21.1840000|TRAP|bar=8973;side=trapped_buyers;vol=6;centroid=1.1558;zone_lo=1.155775;zone_hi=1.155825;n_rows=1;max_ratio=3;close=1.15565;bar_vol=36;fp_vol=36;n_quote=25;n_rule=0
2555|2026-06-17T23:07:16.7320000|TRAP|bar=8982;side=trapped_sellers;vol=63;centroid=1.15555;zone_lo=1.155525;zone_hi=1.155575;n_rows=1;max_ratio=12.6;close=1.1556;bar_vol=123;fp_vol=123;n_quote=25;n_rule=0
2556|2026-06-17T23:07:16.7320000|ZONE_CREATED|zone_id=8982_S;created_bar=8982;side=trapped_sellers;lo=1.155525;hi=1.155575;vol=63
2557|2026-06-17T23:07:50.4800000|ZONE_TOUCHED|zone_id=8982_S;created_bar=8982;side=trapped_sellers;lo=1.155525;hi=1.155575;vol=63;bar=8983;touches=1
2558|2026-06-17T23:07:50.4800000|TRAP|bar=8983;side=trapped_sellers;vol=41;centroid=1.15555;zone_lo=1.155525;zone_hi=1.155575;n_rows=1;max_ratio=3.41666666666667;close=1.1556;bar_vol=60;fp_vol=60;n_quote=25;n_rule=0
2559|2026-06-17T23:07:50.4800000|ZONE_CREATED|zone_id=8983_S;created_bar=8983;side=trapped_sellers;lo=1.155525;hi=1.155575;vol=41
2560|2026-06-17T23:12:01.5040000|ZONE_TOUCHED|zone_id=8983_S;created_bar=8983;side=trapped_sellers;lo=1.155525;hi=1.155575;vol=41;bar=8986;touches=1
2561|2026-06-17T23:12:01.5040000|ZONE_TOUCHED|zone_id=8982_S;created_bar=8982;side=trapped_sellers;lo=1.155525;hi=1.155575;vol=63;bar=8986;touches=2
2562|2026-06-17T23:13:13.9840000|ZONE_TOUCHED|zone_id=8983_S;created_bar=8983;side=trapped_sellers;lo=1.155525;hi=1.155575;vol=41;bar=8987;touches=2
2563|2026-06-17T23:13:13.9840000|ZONE_INVALIDATED|zone_id=8983_S;created_bar=8983;side=trapped_sellers;lo=1.155525;hi=1.155575;vol=41;reason=close_through;bar=8987
2564|2026-06-17T23:13:13.9840000|ZONE_TOUCHED|zone_id=8982_S;created_bar=8982;side=trapped_sellers;lo=1.155525;hi=1.155575;vol=63;bar=8987;touches=3
2565|2026-06-17T23:13:13.9840000|ZONE_INVALIDATED|zone_id=8982_S;created_bar=8982;side=trapped_sellers;lo=1.155525;hi=1.155575;vol=63;reason=close_through;bar=8987
2566|2026-06-17T23:13:13.9840000|TRAP|bar=8987;side=trapped_buyers;vol=3;centroid=1.1556;zone_lo=1.155575;zone_hi=1.155625;n_rows=1;max_ratio=3;close=1.1555;bar_vol=68;fp_vol=68;n_quote=25;n_rule=0
2567|2026-06-17T23:17:41.5280000|ZONE_TOUCHED|zone_id=8900_S;created_bar=8900;side=trapped_sellers;lo=1.155325;hi=1.155375;vol=44;bar=8990;touches=7
2568|2026-06-17T23:18:53.8600000|ZONE_TOUCHED|zone_id=8900_S;created_bar=8900;side=trapped_sellers;lo=1.155325;hi=1.155375;vol=44;bar=8991;touches=8
2569|2026-06-17T23:39:22.4800000|TRAP|bar=8999;side=trapped_buyers;vol=56;centroid=1.15585;zone_lo=1.155825;zone_hi=1.155875;n_rows=1;max_ratio=56;close=1.1558;bar_vol=86;fp_vol=86;n_quote=25;n_rule=0
2570|2026-06-17T23:39:22.4800000|ZONE_CREATED|zone_id=8999_B;created_bar=8999;side=trapped_buyers;lo=1.155825;hi=1.155875;vol=56
2571|2026-06-17T23:43:11.3360000|ZONE_TOUCHED|zone_id=8999_B;created_bar=8999;side=trapped_buyers;lo=1.155825;hi=1.155875;vol=56;bar=9001;touches=1
2572|2026-06-17T23:43:11.3360000|ZONE_INVALIDATED|zone_id=8999_B;created_bar=8999;side=trapped_buyers;lo=1.155825;hi=1.155875;vol=56;reason=close_through;bar=9001
2573|2026-06-18T00:26:32.4080000|TRAP|bar=9013;side=trapped_buyers;vol=20;centroid=1.1562;zone_lo=1.156175;zone_hi=1.156225;n_rows=1;max_ratio=20;close=1.15615;bar_vol=42;fp_vol=42;n_quote=25;n_rule=0
2574|2026-06-18T00:32:01.9920000|TRAP|bar=9018;side=trapped_buyers;vol=35;centroid=1.1563;zone_lo=1.156275;zone_hi=1.156325;n_rows=1;max_ratio=8.75;close=1.15625;bar_vol=58;fp_vol=58;n_quote=25;n_rule=0
2575|2026-06-18T00:32:01.9920000|ZONE_CREATED|zone_id=9018_B;created_bar=9018;side=trapped_buyers;lo=1.156275;hi=1.156325;vol=35
2576|2026-06-18T00:32:02.4640000|ZONE_TOUCHED|zone_id=9018_B;created_bar=9018;side=trapped_buyers;lo=1.156275;hi=1.156325;vol=35;bar=9019;touches=1
2577|2026-06-18T00:32:02.4640000|ZONE_INVALIDATED|zone_id=9018_B;created_bar=9018;side=trapped_buyers;lo=1.156275;hi=1.156325;vol=35;reason=close_through;bar=9019
2578|2026-06-18T00:35:29.7080000|TRAP|bar=9021;side=trapped_buyers;vol=17;centroid=1.1565;zone_lo=1.156475;zone_hi=1.156525;n_rows=1;max_ratio=8.5;close=1.1564;bar_vol=50;fp_vol=50;n_quote=25;n_rule=0
2579|2026-06-18T00:52:05.8040000|TRAP|bar=9027;side=trapped_sellers;vol=24;centroid=1.15625;zone_lo=1.156225;zone_hi=1.156275;n_rows=1;max_ratio=3;close=1.1563;bar_vol=40;fp_vol=40;n_quote=25;n_rule=0
2580|2026-06-18T01:07:40.5480000|TRAP|bar=9043;side=trapped_sellers;vol=40;centroid=1.1564;zone_lo=1.156375;zone_hi=1.156425;n_rows=1;max_ratio=10;close=1.1565;bar_vol=58;fp_vol=58;n_quote=25;n_rule=0
2581|2026-06-18T01:07:40.5480000|ZONE_CREATED|zone_id=9043_S;created_bar=9043;side=trapped_sellers;lo=1.156375;hi=1.156425;vol=40
2582|2026-06-18T01:08:44.5240000|ZONE_TOUCHED|zone_id=9043_S;created_bar=9043;side=trapped_sellers;lo=1.156375;hi=1.156425;vol=40;bar=9044;touches=1
2583|2026-06-18T01:09:25.1600000|ZONE_TOUCHED|zone_id=9043_S;created_bar=9043;side=trapped_sellers;lo=1.156375;hi=1.156425;vol=40;bar=9045;touches=2
2584|2026-06-18T01:09:25.1600000|TRAP|bar=9045;side=trapped_buyers;vol=3;centroid=1.1565;zone_lo=1.156475;zone_hi=1.156525;n_rows=1;max_ratio=3;close=1.15645;bar_vol=30;fp_vol=30;n_quote=25;n_rule=0
2585|2026-06-18T01:10:25.6560000|ZONE_TOUCHED|zone_id=9043_S;created_bar=9043;side=trapped_sellers;lo=1.156375;hi=1.156425;vol=40;bar=9046;touches=3
2586|2026-06-18T01:10:25.6560000|TRAP|bar=9046;side=trapped_buyers;vol=11;centroid=1.15645;zone_lo=1.156425;zone_hi=1.156475;n_rows=1;max_ratio=5.5;close=1.1564;bar_vol=25;fp_vol=25;n_quote=25;n_rule=0
2587|2026-06-18T01:11:09.0400000|ZONE_TOUCHED|zone_id=9043_S;created_bar=9043;side=trapped_sellers;lo=1.156375;hi=1.156425;vol=40;bar=9047;touches=4
2588|2026-06-18T01:11:51.8080000|ZONE_TOUCHED|zone_id=9043_S;created_bar=9043;side=trapped_sellers;lo=1.156375;hi=1.156425;vol=40;bar=9048;touches=5
2589|2026-06-18T01:11:51.8080000|ZONE_INVALIDATED|zone_id=9043_S;created_bar=9043;side=trapped_sellers;lo=1.156375;hi=1.156425;vol=40;reason=close_through;bar=9048
2590|2026-06-18T01:12:46.7280000|TRAP|bar=9049;side=trapped_buyers;vol=19;centroid=1.15625;zone_lo=1.156225;zone_hi=1.156275;n_rows=1;max_ratio=3.16666666666667;close=1.1562;bar_vol=38;fp_vol=38;n_quote=25;n_rule=0
2591|2026-06-18T01:18:51.7040000|TRAP|bar=9054;side=trapped_buyers;vol=6;centroid=1.1564;zone_lo=1.156375;zone_hi=1.156425;n_rows=1;max_ratio=3;close=1.15635;bar_vol=27;fp_vol=27;n_quote=25;n_rule=0
2592|2026-06-18T01:19:52.2200000|TRAP|bar=9055;side=trapped_buyers;vol=4;centroid=1.1564;zone_lo=1.156375;zone_hi=1.156425;n_rows=1;max_ratio=4;close=1.1563;bar_vol=29;fp_vol=29;n_quote=25;n_rule=0
2593|2026-06-18T01:20:53.4120000|TRAP|bar=9056;side=trapped_buyers;vol=3;centroid=1.15635;zone_lo=1.156325;zone_hi=1.156375;n_rows=1;max_ratio=3;close=1.1563;bar_vol=25;fp_vol=25;n_quote=25;n_rule=0
2594|2026-06-18T01:22:24.8640000|TRAP|bar=9058;side=trapped_buyers;vol=18;centroid=1.1563;zone_lo=1.156275;zone_hi=1.156325;n_rows=1;max_ratio=18;close=1.15625;bar_vol=28;fp_vol=28;n_quote=25;n_rule=0
2595|2026-06-18T01:24:13.1520000|TRAP|bar=9060;side=trapped_buyers;vol=9;centroid=1.1564;zone_lo=1.156375;zone_hi=1.156425;n_rows=1;max_ratio=4.5;close=1.15635;bar_vol=31;fp_vol=31;n_quote=25;n_rule=0
2596|2026-06-18T01:27:39.9560000|TRAP|bar=9065;side=trapped_sellers;vol=30;centroid=1.15625;zone_lo=1.156225;zone_hi=1.156275;n_rows=1;max_ratio=3.33333333333333;close=1.1563;bar_vol=48;fp_vol=48;n_quote=25;n_rule=0
2597|2026-06-18T01:27:39.9560000|ZONE_CREATED|zone_id=9065_S;created_bar=9065;side=trapped_sellers;lo=1.156225;hi=1.156275;vol=30
2598|2026-06-18T01:28:16.5920000|ZONE_TOUCHED|zone_id=9065_S;created_bar=9065;side=trapped_sellers;lo=1.156225;hi=1.156275;vol=30;bar=9066;touches=1
2599|2026-06-18T01:29:01.1840000|ZONE_TOUCHED|zone_id=9065_S;created_bar=9065;side=trapped_sellers;lo=1.156225;hi=1.156275;vol=30;bar=9067;touches=2
2600|2026-06-18T01:29:38.9120000|ZONE_TOUCHED|zone_id=9065_S;created_bar=9065;side=trapped_sellers;lo=1.156225;hi=1.156275;vol=30;bar=9068;touches=3
2601|2026-06-18T01:29:39.5880000|ZONE_TOUCHED|zone_id=9065_S;created_bar=9065;side=trapped_sellers;lo=1.156225;hi=1.156275;vol=30;bar=9069;touches=4
2602|2026-06-18T01:30:20.9840000|ZONE_TOUCHED|zone_id=9065_S;created_bar=9065;side=trapped_sellers;lo=1.156225;hi=1.156275;vol=30;bar=9070;touches=5
2603|2026-06-18T01:31:52.2560000|ZONE_TOUCHED|zone_id=9065_S;created_bar=9065;side=trapped_sellers;lo=1.156225;hi=1.156275;vol=30;bar=9072;touches=6
2604|2026-06-18T01:32:41.4600000|ZONE_TOUCHED|zone_id=9065_S;created_bar=9065;side=trapped_sellers;lo=1.156225;hi=1.156275;vol=30;bar=9073;touches=7
2605|2026-06-18T01:33:03.4000000|ZONE_TOUCHED|zone_id=9065_S;created_bar=9065;side=trapped_sellers;lo=1.156225;hi=1.156275;vol=30;bar=9074;touches=8
2606|2026-06-18T01:33:37.9200000|ZONE_TOUCHED|zone_id=9065_S;created_bar=9065;side=trapped_sellers;lo=1.156225;hi=1.156275;vol=30;bar=9075;touches=9
2607|2026-06-18T01:34:25.1760000|ZONE_TOUCHED|zone_id=9065_S;created_bar=9065;side=trapped_sellers;lo=1.156225;hi=1.156275;vol=30;bar=9076;touches=10
2608|2026-06-18T01:35:05.3360000|ZONE_TOUCHED|zone_id=9065_S;created_bar=9065;side=trapped_sellers;lo=1.156225;hi=1.156275;vol=30;bar=9077;touches=11
2609|2026-06-18T01:35:05.3360000|TRAP|bar=9077;side=trapped_buyers;vol=3;centroid=1.15635;zone_lo=1.156325;zone_hi=1.156375;n_rows=1;max_ratio=3;close=1.1563;bar_vol=28;fp_vol=28;n_quote=25;n_rule=0
2610|2026-06-18T01:37:57.7440000|TRAP|bar=9082;side=trapped_buyers;vol=8;centroid=1.15645;zone_lo=1.156425;zone_hi=1.156475;n_rows=1;max_ratio=8;close=1.15635;bar_vol=32;fp_vol=32;n_quote=25;n_rule=0
2611|2026-06-18T01:39:44.1320000|TRAP|bar=9085;side=trapped_buyers;vol=3;centroid=1.1565;zone_lo=1.156475;zone_hi=1.156525;n_rows=1;max_ratio=3;close=1.15645;bar_vol=29;fp_vol=29;n_quote=25;n_rule=0
2612|2026-06-18T01:40:45.4320000|TRAP|bar=9087;side=trapped_buyers;vol=14;centroid=1.15645;zone_lo=1.156425;zone_hi=1.156475;n_rows=1;max_ratio=7;close=1.1564;bar_vol=28;fp_vol=28;n_quote=25;n_rule=0
2613|2026-06-18T01:41:59.8240000|TRAP|bar=9089;side=trapped_buyers;vol=7;centroid=1.1565;zone_lo=1.156475;zone_hi=1.156525;n_rows=1;max_ratio=7;close=1.1564;bar_vol=26;fp_vol=26;n_quote=25;n_rule=0
2614|2026-06-18T01:53:00.2840000|TRAP|bar=9103;side=trapped_sellers;vol=12;centroid=1.1565;zone_lo=1.156475;zone_hi=1.156525;n_rows=1;max_ratio=12;close=1.15655;bar_vol=72;fp_vol=72;n_quote=25;n_rule=0
2615|2026-06-18T02:07:39.5960000|ZONE_TOUCHED|zone_id=9065_S;created_bar=9065;side=trapped_sellers;lo=1.156225;hi=1.156275;vol=30;bar=9109;touches=12
2616|2026-06-18T02:15:46.3600000|ZONE_TOUCHED|zone_id=9065_S;created_bar=9065;side=trapped_sellers;lo=1.156225;hi=1.156275;vol=30;bar=9112;touches=13
2617|2026-06-18T02:16:29.3800000|ZONE_TOUCHED|zone_id=9065_S;created_bar=9065;side=trapped_sellers;lo=1.156225;hi=1.156275;vol=30;bar=9113;touches=14
2618|2026-06-18T02:22:25.6160000|ZONE_TOUCHED|zone_id=9065_S;created_bar=9065;side=trapped_sellers;lo=1.156225;hi=1.156275;vol=30;bar=9114;touches=15
2619|2026-06-18T02:22:25.6160000|ZONE_INVALIDATED|zone_id=9065_S;created_bar=9065;side=trapped_sellers;lo=1.156225;hi=1.156275;vol=30;reason=close_through;bar=9114
2620|2026-06-18T02:27:54.7840000|TRAP|bar=9117;side=trapped_buyers;vol=24;centroid=1.156;zone_lo=1.155975;zone_hi=1.156025;n_rows=1;max_ratio=6;close=1.15595;bar_vol=40;fp_vol=40;n_quote=25;n_rule=0
2621|2026-06-18T02:33:29.6800000|TRAP|bar=9123;side=trapped_buyers;vol=76;centroid=1.15585;zone_lo=1.155825;zone_hi=1.155875;n_rows=1;max_ratio=15.2;close=1.1558;bar_vol=120;fp_vol=120;n_quote=25;n_rule=0
2622|2026-06-18T02:33:29.6800000|ZONE_CREATED|zone_id=9123_B;created_bar=9123;side=trapped_buyers;lo=1.155825;hi=1.155875;vol=76
2623|2026-06-18T02:35:33.3840000|ZONE_TOUCHED|zone_id=9123_B;created_bar=9123;side=trapped_buyers;lo=1.155825;hi=1.155875;vol=76;bar=9124;touches=1
2624|2026-06-18T02:38:04.7040000|ZONE_TOUCHED|zone_id=9123_B;created_bar=9123;side=trapped_buyers;lo=1.155825;hi=1.155875;vol=76;bar=9125;touches=2
2625|2026-06-18T02:43:18.9920000|TRAP|bar=9128;side=trapped_buyers;vol=21;centroid=1.15575;zone_lo=1.155725;zone_hi=1.155775;n_rows=1;max_ratio=5.25;close=1.15565;bar_vol=51;fp_vol=51;n_quote=25;n_rule=0
2626|2026-06-18T02:47:59.4720000|ZONE_TOUCHED|zone_id=9123_B;created_bar=9123;side=trapped_buyers;lo=1.155825;hi=1.155875;vol=76;bar=9131;touches=3
2627|2026-06-18T02:47:59.4720000|TRAP|bar=9131;side=trapped_buyers;vol=40;centroid=1.15585;zone_lo=1.155825;zone_hi=1.155875;n_rows=1;max_ratio=3.07692307692308;close=1.1558;bar_vol=62;fp_vol=62;n_quote=25;n_rule=0
2628|2026-06-18T02:47:59.4720000|ZONE_CREATED|zone_id=9131_B;created_bar=9131;side=trapped_buyers;lo=1.155825;hi=1.155875;vol=40
2629|2026-06-18T02:54:00.1760000|TRAP|bar=9133;side=trapped_sellers;vol=11;centroid=1.1556;zone_lo=1.155575;zone_hi=1.155625;n_rows=1;max_ratio=11;close=1.15565;bar_vol=60;fp_vol=60;n_quote=25;n_rule=0
2630|2026-06-18T02:56:32.0760000|TRAP|bar=9135;side=trapped_buyers;vol=5;centroid=1.15555;zone_lo=1.155525;zone_hi=1.155575;n_rows=1;max_ratio=5;close=1.15545;bar_vol=66;fp_vol=66;n_quote=25;n_rule=0
2631|2026-06-18T02:57:48.9920000|ZONE_TOUCHED|zone_id=8900_S;created_bar=8900;side=trapped_sellers;lo=1.155325;hi=1.155375;vol=44;bar=9136;touches=9
2632|2026-06-18T02:57:48.9920000|ZONE_INVALIDATED|zone_id=8900_S;created_bar=8900;side=trapped_sellers;lo=1.155325;hi=1.155375;vol=44;reason=close_through;bar=9136
2633|2026-06-18T03:00:30.0800000|TRAP|bar=9149;side=trapped_sellers;vol=55;centroid=1.1554;zone_lo=1.155375;zone_hi=1.155425;n_rows=1;max_ratio=6.11111111111111;close=1.15545;bar_vol=70;fp_vol=70;n_quote=25;n_rule=0
2634|2026-06-18T03:00:30.0800000|ZONE_CREATED|zone_id=9149_S;created_bar=9149;side=trapped_sellers;lo=1.155375;hi=1.155425;vol=55
2635|2026-06-18T03:00:33.9160000|ZONE_TOUCHED|zone_id=9149_S;created_bar=9149;side=trapped_sellers;lo=1.155375;hi=1.155425;vol=55;bar=9150;touches=1
2636|2026-06-18T03:00:38.0800000|ZONE_TOUCHED|zone_id=9149_S;created_bar=9149;side=trapped_sellers;lo=1.155375;hi=1.155425;vol=55;bar=9151;touches=2
2637|2026-06-18T03:00:38.0800000|TRAP|bar=9151;side=trapped_sellers;vol=51;centroid=1.1554;zone_lo=1.155375;zone_hi=1.155425;n_rows=1;max_ratio=5.1;close=1.15545;bar_vol=66;fp_vol=66;n_quote=25;n_rule=0
2638|2026-06-18T03:00:38.0800000|ZONE_CREATED|zone_id=9151_S;created_bar=9151;side=trapped_sellers;lo=1.155375;hi=1.155425;vol=51
2639|2026-06-18T03:01:02.0960000|ZONE_TOUCHED|zone_id=9151_S;created_bar=9151;side=trapped_sellers;lo=1.155375;hi=1.155425;vol=51;bar=9154;touches=1
2640|2026-06-18T03:01:02.0960000|ZONE_TOUCHED|zone_id=9149_S;created_bar=9149;side=trapped_sellers;lo=1.155375;hi=1.155425;vol=55;bar=9154;touches=3
2641|2026-06-18T03:01:22.2440000|ZONE_TOUCHED|zone_id=9151_S;created_bar=9151;side=trapped_sellers;lo=1.155375;hi=1.155425;vol=51;bar=9155;touches=2
2642|2026-06-18T03:01:22.2440000|ZONE_INVALIDATED|zone_id=9151_S;created_bar=9151;side=trapped_sellers;lo=1.155375;hi=1.155425;vol=51;reason=close_through;bar=9155
2643|2026-06-18T03:01:22.2440000|ZONE_TOUCHED|zone_id=9149_S;created_bar=9149;side=trapped_sellers;lo=1.155375;hi=1.155425;vol=55;bar=9155;touches=4
2644|2026-06-18T03:01:22.2440000|ZONE_INVALIDATED|zone_id=9149_S;created_bar=9149;side=trapped_sellers;lo=1.155375;hi=1.155425;vol=55;reason=close_through;bar=9155
2645|2026-06-18T03:04:44.2240000|TRAP|bar=9161;side=trapped_buyers;vol=21;centroid=1.1557;zone_lo=1.155675;zone_hi=1.155725;n_rows=1;max_ratio=21;close=1.15555;bar_vol=42;fp_vol=42;n_quote=25;n_rule=0
2646|2026-06-18T03:05:52.1480000|TRAP|bar=9162;side=trapped_sellers;vol=9;centroid=1.1555;zone_lo=1.155475;zone_hi=1.155525;n_rows=1;max_ratio=3;close=1.1556;bar_vol=52;fp_vol=52;n_quote=25;n_rule=0
2647|2026-06-18T03:07:16.9760000|ZONE_TOUCHED|zone_id=9131_B;created_bar=9131;side=trapped_buyers;lo=1.155825;hi=1.155875;vol=40;bar=9164;touches=1
2648|2026-06-18T03:07:16.9760000|ZONE_TOUCHED|zone_id=9123_B;created_bar=9123;side=trapped_buyers;lo=1.155825;hi=1.155875;vol=76;bar=9164;touches=4
2649|2026-06-18T03:07:16.9760000|TRAP|bar=9164;side=trapped_buyers;vol=36;centroid=1.1559;zone_lo=1.155875;zone_hi=1.155925;n_rows=1;max_ratio=4.5;close=1.15585;bar_vol=55;fp_vol=55;n_quote=25;n_rule=0
2650|2026-06-18T03:07:16.9760000|ZONE_CREATED|zone_id=9164_B;created_bar=9164;side=trapped_buyers;lo=1.155875;hi=1.155925;vol=36
2651|2026-06-18T03:08:29.7480000|ZONE_TOUCHED|zone_id=9131_B;created_bar=9131;side=trapped_buyers;lo=1.155825;hi=1.155875;vol=40;bar=9165;touches=2
2652|2026-06-18T03:08:29.7480000|ZONE_TOUCHED|zone_id=9123_B;created_bar=9123;side=trapped_buyers;lo=1.155825;hi=1.155875;vol=76;bar=9165;touches=5
2653|2026-06-18T03:12:32.0440000|ZONE_TOUCHED|zone_id=9131_B;created_bar=9131;side=trapped_buyers;lo=1.155825;hi=1.155875;vol=40;bar=9172;touches=3
2654|2026-06-18T03:12:32.0440000|ZONE_TOUCHED|zone_id=9123_B;created_bar=9123;side=trapped_buyers;lo=1.155825;hi=1.155875;vol=76;bar=9172;touches=6
2655|2026-06-18T03:12:32.0440000|TRAP|bar=9172;side=trapped_buyers;vol=33;centroid=1.15585;zone_lo=1.155825;zone_hi=1.155875;n_rows=1;max_ratio=5.5;close=1.1558;bar_vol=63;fp_vol=63;n_quote=25;n_rule=0
2656|2026-06-18T03:12:32.0440000|ZONE_CREATED|zone_id=9172_B;created_bar=9172;side=trapped_buyers;lo=1.155825;hi=1.155875;vol=33
2657|2026-06-18T03:12:44.5520000|ZONE_TOUCHED|zone_id=9172_B;created_bar=9172;side=trapped_buyers;lo=1.155825;hi=1.155875;vol=33;bar=9173;touches=1
2658|2026-06-18T03:12:44.5520000|ZONE_TOUCHED|zone_id=9131_B;created_bar=9131;side=trapped_buyers;lo=1.155825;hi=1.155875;vol=40;bar=9173;touches=4
2659|2026-06-18T03:12:44.5520000|ZONE_TOUCHED|zone_id=9123_B;created_bar=9123;side=trapped_buyers;lo=1.155825;hi=1.155875;vol=76;bar=9173;touches=7
2660|2026-06-18T03:12:50.2680000|ZONE_TOUCHED|zone_id=9172_B;created_bar=9172;side=trapped_buyers;lo=1.155825;hi=1.155875;vol=33;bar=9174;touches=2
2661|2026-06-18T03:12:50.2680000|ZONE_INVALIDATED|zone_id=9172_B;created_bar=9172;side=trapped_buyers;lo=1.155825;hi=1.155875;vol=33;reason=close_through;bar=9174
2662|2026-06-18T03:12:50.2680000|ZONE_TOUCHED|zone_id=9164_B;created_bar=9164;side=trapped_buyers;lo=1.155875;hi=1.155925;vol=36;bar=9174;touches=1
2663|2026-06-18T03:12:50.2680000|ZONE_INVALIDATED|zone_id=9164_B;created_bar=9164;side=trapped_buyers;lo=1.155875;hi=1.155925;vol=36;reason=close_through;bar=9174
2664|2026-06-18T03:12:50.2680000|ZONE_TOUCHED|zone_id=9131_B;created_bar=9131;side=trapped_buyers;lo=1.155825;hi=1.155875;vol=40;bar=9174;touches=5
2665|2026-06-18T03:12:50.2680000|ZONE_INVALIDATED|zone_id=9131_B;created_bar=9131;side=trapped_buyers;lo=1.155825;hi=1.155875;vol=40;reason=close_through;bar=9174
2666|2026-06-18T03:12:50.2680000|ZONE_TOUCHED|zone_id=9123_B;created_bar=9123;side=trapped_buyers;lo=1.155825;hi=1.155875;vol=76;bar=9174;touches=8
2667|2026-06-18T03:12:50.2680000|ZONE_INVALIDATED|zone_id=9123_B;created_bar=9123;side=trapped_buyers;lo=1.155825;hi=1.155875;vol=76;reason=close_through;bar=9174
2668|2026-06-18T03:16:21.8360000|TRAP|bar=9188;side=trapped_buyers;vol=12;centroid=1.1564;zone_lo=1.156375;zone_hi=1.156425;n_rows=1;max_ratio=12;close=1.15625;bar_vol=56;fp_vol=56;n_quote=25;n_rule=0
2669|2026-06-18T03:16:55.3440000|TRAP|bar=9189;side=trapped_buyers;vol=7;centroid=1.15625;zone_lo=1.156225;zone_hi=1.156275;n_rows=1;max_ratio=7;close=1.1562;bar_vol=127;fp_vol=127;n_quote=25;n_rule=0
2670|2026-06-18T03:23:12.3800000|TRAP|bar=9201;side=trapped_buyers;vol=68;centroid=1.1563;zone_lo=1.156275;zone_hi=1.156325;n_rows=1;max_ratio=34;close=1.15625;bar_vol=70;fp_vol=70;n_quote=25;n_rule=0
2671|2026-06-18T03:23:12.3800000|ZONE_CREATED|zone_id=9201_B;created_bar=9201;side=trapped_buyers;lo=1.156275;hi=1.156325;vol=68
2672|2026-06-18T03:23:19.5960000|ZONE_TOUCHED|zone_id=9201_B;created_bar=9201;side=trapped_buyers;lo=1.156275;hi=1.156325;vol=68;bar=9202;touches=1
2673|2026-06-18T03:23:19.6400000|ZONE_TOUCHED|zone_id=9201_B;created_bar=9201;side=trapped_buyers;lo=1.156275;hi=1.156325;vol=68;bar=9203;touches=2
2674|2026-06-18T03:23:19.6400000|ZONE_INVALIDATED|zone_id=9201_B;created_bar=9201;side=trapped_buyers;lo=1.156275;hi=1.156325;vol=68;reason=close_through;bar=9203
2675|2026-06-18T03:23:19.6400000|TRAP|bar=9203;side=trapped_sellers;vol=43;centroid=1.1563;zone_lo=1.156275;zone_hi=1.156325;n_rows=1;max_ratio=43;close=1.15635;bar_vol=60;fp_vol=60;n_quote=25;n_rule=0
2676|2026-06-18T03:23:19.6400000|ZONE_CREATED|zone_id=9203_S;created_bar=9203;side=trapped_sellers;lo=1.156275;hi=1.156325;vol=43
2677|2026-06-18T03:37:04.4960000|TRAP|bar=9228;side=trapped_buyers;vol=3;centroid=1.15675;zone_lo=1.156725;zone_hi=1.156775;n_rows=1;max_ratio=3;close=1.1566;bar_vol=36;fp_vol=36;n_quote=25;n_rule=0
2678|2026-06-18T03:37:35.8800000|ZONE_TOUCHED|zone_id=9203_S;created_bar=9203;side=trapped_sellers;lo=1.156275;hi=1.156325;vol=43;bar=9229;touches=1
2679|2026-06-18T03:38:11.4240000|ZONE_TOUCHED|zone_id=9203_S;created_bar=9203;side=trapped_sellers;lo=1.156275;hi=1.156325;vol=43;bar=9230;touches=2
2680|2026-06-18T03:38:54.6160000|ZONE_TOUCHED|zone_id=9203_S;created_bar=9203;side=trapped_sellers;lo=1.156275;hi=1.156325;vol=43;bar=9231;touches=3
2681|2026-06-18T03:38:54.6160000|ZONE_INVALIDATED|zone_id=9203_S;created_bar=9203;side=trapped_sellers;lo=1.156275;hi=1.156325;vol=43;reason=close_through;bar=9231
2682|2026-06-18T03:39:04.6760000|TRAP|bar=9232;side=trapped_sellers;vol=10;centroid=1.15605;zone_lo=1.156025;zone_hi=1.156075;n_rows=1;max_ratio=10;close=1.1561;bar_vol=48;fp_vol=48;n_quote=25;n_rule=0
2683|2026-06-18T03:51:43.8480000|TRAP|bar=9256;side=trapped_buyers;vol=4;centroid=1.15635;zone_lo=1.156325;zone_hi=1.156375;n_rows=1;max_ratio=4;close=1.15625;bar_vol=49;fp_vol=49;n_quote=25;n_rule=0
2684|2026-06-18T04:05:31.6520000|TRAP|bar=9303;side=trapped_buyers;vol=27;centroid=1.1558;zone_lo=1.155775;zone_hi=1.155825;n_rows=1;max_ratio=6.75;close=1.1557;bar_vol=56;fp_vol=56;n_quote=25;n_rule=0
2685|2026-06-18T04:08:21.4360000|TRAP|bar=9313;side=trapped_buyers;vol=35;centroid=1.1557;zone_lo=1.155675;zone_hi=1.155725;n_rows=1;max_ratio=7;close=1.15555;bar_vol=56;fp_vol=56;n_quote=25;n_rule=0
2686|2026-06-18T04:08:21.4360000|ZONE_CREATED|zone_id=9313_B;created_bar=9313;side=trapped_buyers;lo=1.155675;hi=1.155725;vol=35
2687|2026-06-18T04:13:41.2120000|TRAP|bar=9329;side=trapped_buyers;vol=37;centroid=1.1555;zone_lo=1.155475;zone_hi=1.155525;n_rows=1;max_ratio=6.16666666666667;close=1.15545;bar_vol=57;fp_vol=57;n_quote=25;n_rule=0
2688|2026-06-18T04:13:41.2120000|ZONE_CREATED|zone_id=9329_B;created_bar=9329;side=trapped_buyers;lo=1.155475;hi=1.155525;vol=37
2689|2026-06-18T04:14:23.2040000|ZONE_TOUCHED|zone_id=9329_B;created_bar=9329;side=trapped_buyers;lo=1.155475;hi=1.155525;vol=37;bar=9330;touches=1
2690|2026-06-18T04:15:02.0360000|TRAP|bar=9331;side=trapped_buyers;vol=29;centroid=1.1554;zone_lo=1.155375;zone_hi=1.155425;n_rows=1;max_ratio=9.66666666666667;close=1.1553;bar_vol=47;fp_vol=47;n_quote=25;n_rule=0
2691|2026-06-18T04:21:52.5840000|ZONE_TOUCHED|zone_id=9329_B;created_bar=9329;side=trapped_buyers;lo=1.155475;hi=1.155525;vol=37;bar=9347;touches=2
2692|2026-06-18T04:22:08.3880000|ZONE_TOUCHED|zone_id=9329_B;created_bar=9329;side=trapped_buyers;lo=1.155475;hi=1.155525;vol=37;bar=9348;touches=3
2693|2026-06-18T04:22:31.8520000|ZONE_TOUCHED|zone_id=9329_B;created_bar=9329;side=trapped_buyers;lo=1.155475;hi=1.155525;vol=37;bar=9349;touches=4
2694|2026-06-18T04:22:52.6600000|ZONE_TOUCHED|zone_id=9329_B;created_bar=9329;side=trapped_buyers;lo=1.155475;hi=1.155525;vol=37;bar=9350;touches=5
2695|2026-06-18T04:22:52.6600000|ZONE_INVALIDATED|zone_id=9329_B;created_bar=9329;side=trapped_buyers;lo=1.155475;hi=1.155525;vol=37;reason=close_through;bar=9350
2696|2026-06-18T04:25:38.1640000|TRAP|bar=9356;side=trapped_buyers;vol=25;centroid=1.15525;zone_lo=1.155225;zone_hi=1.155275;n_rows=1;max_ratio=6.25;close=1.1552;bar_vol=36;fp_vol=36;n_quote=25;n_rule=0
2697|2026-06-18T04:31:03.4400000|TRAP|bar=9370;side=trapped_sellers;vol=3;centroid=1.155;zone_lo=1.154975;zone_hi=1.155025;n_rows=1;max_ratio=3;close=1.1551;bar_vol=42;fp_vol=42;n_quote=25;n_rule=0
2698|2026-06-18T04:31:33.6000000|TRAP|bar=9372;side=trapped_buyers;vol=27;centroid=1.1551;zone_lo=1.155075;zone_hi=1.155125;n_rows=1;max_ratio=6.75;close=1.155;bar_vol=40;fp_vol=40;n_quote=25;n_rule=0
2699|2026-06-18T04:35:18.3000000|TRAP|bar=9387;side=trapped_buyers;vol=11;centroid=1.15495;zone_lo=1.154925;zone_hi=1.154975;n_rows=1;max_ratio=3.66666666666667;close=1.15485;bar_vol=45;fp_vol=45;n_quote=25;n_rule=0
2700|2026-06-18T04:43:02.2120000|TRAP|bar=9408;side=trapped_sellers;vol=36;centroid=1.15535;zone_lo=1.155325;zone_hi=1.155375;n_rows=1;max_ratio=36;close=1.1554;bar_vol=54;fp_vol=54;n_quote=25;n_rule=0
2701|2026-06-18T04:43:02.2120000|ZONE_CREATED|zone_id=9408_S;created_bar=9408;side=trapped_sellers;lo=1.155325;hi=1.155375;vol=36
2702|2026-06-18T04:44:52.2360000|TRAP|bar=9412;side=trapped_buyers;vol=5;centroid=1.1555;zone_lo=1.155475;zone_hi=1.155525;n_rows=1;max_ratio=5;close=1.15545;bar_vol=38;fp_vol=38;n_quote=25;n_rule=0
2703|2026-06-18T04:45:59.8240000|ZONE_TOUCHED|zone_id=9313_B;created_bar=9313;side=trapped_buyers;lo=1.155675;hi=1.155725;vol=35;bar=9415;touches=1
2704|2026-06-18T04:45:59.8240000|ZONE_INVALIDATED|zone_id=9313_B;created_bar=9313;side=trapped_buyers;lo=1.155675;hi=1.155725;vol=35;reason=close_through;bar=9415
2705|2026-06-18T04:51:48.8160000|TRAP|bar=9433;side=trapped_buyers;vol=15;centroid=1.1561;zone_lo=1.156075;zone_hi=1.156125;n_rows=1;max_ratio=15;close=1.156;bar_vol=51;fp_vol=51;n_quote=25;n_rule=0
2706|2026-06-18T04:58:00.1360000|ZONE_TOUCHED|zone_id=9408_S;created_bar=9408;side=trapped_sellers;lo=1.155325;hi=1.155375;vol=36;bar=9447;touches=1
2707|2026-06-18T04:58:00.1360000|TRAP|bar=9447;side=trapped_sellers;vol=12;centroid=1.15535;zone_lo=1.155325;zone_hi=1.155375;n_rows=1;max_ratio=12;close=1.15545;bar_vol=44;fp_vol=44;n_quote=25;n_rule=0
2708|2026-06-18T04:58:16.5680000|ZONE_TOUCHED|zone_id=9408_S;created_bar=9408;side=trapped_sellers;lo=1.155325;hi=1.155375;vol=36;bar=9448;touches=2
2709|2026-06-18T04:59:26.0720000|ZONE_TOUCHED|zone_id=9408_S;created_bar=9408;side=trapped_sellers;lo=1.155325;hi=1.155375;vol=36;bar=9449;touches=3
2710|2026-06-18T05:00:08.2000000|ZONE_TOUCHED|zone_id=9408_S;created_bar=9408;side=trapped_sellers;lo=1.155325;hi=1.155375;vol=36;bar=9450;touches=4
2711|2026-06-18T05:00:08.2000000|ZONE_INVALIDATED|zone_id=9408_S;created_bar=9408;side=trapped_sellers;lo=1.155325;hi=1.155375;vol=36;reason=close_through;bar=9450
2712|2026-06-18T05:04:38.0320000|TRAP|bar=9464;side=trapped_sellers;vol=9;centroid=1.1551;zone_lo=1.155075;zone_hi=1.155125;n_rows=1;max_ratio=4.5;close=1.1552;bar_vol=47;fp_vol=47;n_quote=25;n_rule=0
2713|2026-06-18T05:06:18.8040000|TRAP|bar=9470;side=trapped_buyers;vol=14;centroid=1.15505;zone_lo=1.155025;zone_hi=1.155075;n_rows=1;max_ratio=4.66666666666667;close=1.155;bar_vol=49;fp_vol=49;n_quote=25;n_rule=0
2714|2026-06-18T05:06:32.0200000|TRAP|bar=9472;side=trapped_sellers;vol=69;centroid=1.1548;zone_lo=1.154775;zone_hi=1.154825;n_rows=1;max_ratio=17.25;close=1.15485;bar_vol=75;fp_vol=75;n_quote=25;n_rule=0
2715|2026-06-18T05:06:32.0200000|ZONE_CREATED|zone_id=9472_S;created_bar=9472;side=trapped_sellers;lo=1.154775;hi=1.154825;vol=69
2716|2026-06-18T05:06:48.5720000|ZONE_TOUCHED|zone_id=9472_S;created_bar=9472;side=trapped_sellers;lo=1.154775;hi=1.154825;vol=69;bar=9473;touches=1
2717|2026-06-18T05:06:48.5720000|ZONE_INVALIDATED|zone_id=9472_S;created_bar=9472;side=trapped_sellers;lo=1.154775;hi=1.154825;vol=69;reason=close_through;bar=9473
2718|2026-06-18T05:08:44.8360000|TRAP|bar=9478;side=trapped_buyers;vol=11;centroid=1.15505;zone_lo=1.155025;zone_hi=1.155075;n_rows=1;max_ratio=3.66666666666667;close=1.155;bar_vol=46;fp_vol=46;n_quote=25;n_rule=0
2719|2026-06-18T05:15:10.2960000|TRAP|bar=9493;side=trapped_sellers;vol=12;centroid=1.15455;zone_lo=1.154525;zone_hi=1.154575;n_rows=1;max_ratio=6;close=1.1546;bar_vol=53;fp_vol=53;n_quote=25;n_rule=0
2720|2026-06-18T05:18:34.9520000|TRAP|bar=9506;side=trapped_buyers;vol=27;centroid=1.1545;zone_lo=1.154475;zone_hi=1.154525;n_rows=1;max_ratio=5.4;close=1.15445;bar_vol=45;fp_vol=45;n_quote=25;n_rule=0
2721|2026-06-18T05:18:34.9520000|TRAP|bar=9506;side=trapped_sellers;vol=9;centroid=1.1544;zone_lo=1.154375;zone_hi=1.154425;n_rows=1;max_ratio=4.5;close=1.15445;bar_vol=45;fp_vol=45;n_quote=25;n_rule=0
2722|2026-06-18T05:19:08.1120000|TRAP|bar=9509;side=trapped_sellers;vol=20;centroid=1.1544;zone_lo=1.154375;zone_hi=1.154425;n_rows=1;max_ratio=6.66666666666667;close=1.1545;bar_vol=59;fp_vol=59;n_quote=25;n_rule=0
2723|2026-06-18T05:23:03.7440000|TRAP|bar=9523;side=trapped_buyers;vol=8;centroid=1.15465;zone_lo=1.154625;zone_hi=1.154675;n_rows=1;max_ratio=8;close=1.1545;bar_vol=46;fp_vol=46;n_quote=25;n_rule=0
2724|2026-06-18T05:28:31.4880000|TRAP|bar=9535;side=trapped_sellers;vol=29;centroid=1.15445;zone_lo=1.154425;zone_hi=1.154475;n_rows=1;max_ratio=7.25;close=1.15455;bar_vol=76;fp_vol=76;n_quote=25;n_rule=0
2725|2026-06-18T05:30:00.1440000|TRAP|bar=9542;side=trapped_sellers;vol=50;centroid=1.15415;zone_lo=1.154125;zone_hi=1.154175;n_rows=1;max_ratio=5;close=1.1542;bar_vol=62;fp_vol=62;n_quote=25;n_rule=0
2726|2026-06-18T05:30:00.1440000|ZONE_CREATED|zone_id=9542_S;created_bar=9542;side=trapped_sellers;lo=1.154125;hi=1.154175;vol=50
2727|2026-06-18T05:30:14.5000000|ZONE_TOUCHED|zone_id=9542_S;created_bar=9542;side=trapped_sellers;lo=1.154125;hi=1.154175;vol=50;bar=9543;touches=1
2728|2026-06-18T05:31:27.9120000|TRAP|bar=9548;side=trapped_buyers;vol=35;centroid=1.1543;zone_lo=1.154275;zone_hi=1.154325;n_rows=1;max_ratio=5.83333333333333;close=1.15425;bar_vol=93;fp_vol=93;n_quote=25;n_rule=0
2729|2026-06-18T05:31:27.9120000|ZONE_CREATED|zone_id=9548_B;created_bar=9548;side=trapped_buyers;lo=1.154275;hi=1.154325;vol=35
2730|2026-06-18T05:31:46.0200000|ZONE_TOUCHED|zone_id=9548_B;created_bar=9548;side=trapped_buyers;lo=1.154275;hi=1.154325;vol=35;bar=9549;touches=1
2731|2026-06-18T05:31:46.0200000|ZONE_TOUCHED|zone_id=9542_S;created_bar=9542;side=trapped_sellers;lo=1.154125;hi=1.154175;vol=50;bar=9549;touches=2
2732|2026-06-18T05:32:05.2200000|ZONE_TOUCHED|zone_id=9548_B;created_bar=9548;side=trapped_buyers;lo=1.154275;hi=1.154325;vol=35;bar=9550;touches=2
2733|2026-06-18T05:32:05.2200000|ZONE_TOUCHED|zone_id=9542_S;created_bar=9542;side=trapped_sellers;lo=1.154125;hi=1.154175;vol=50;bar=9550;touches=3
2734|2026-06-18T05:32:19.3120000|ZONE_TOUCHED|zone_id=9542_S;created_bar=9542;side=trapped_sellers;lo=1.154125;hi=1.154175;vol=50;bar=9551;touches=4
2735|2026-06-18T05:32:19.3120000|ZONE_INVALIDATED|zone_id=9542_S;created_bar=9542;side=trapped_sellers;lo=1.154125;hi=1.154175;vol=50;reason=close_through;bar=9551
2736|2026-06-18T05:32:32.0280000|TRAP|bar=9553;side=trapped_sellers;vol=21;centroid=1.1541;zone_lo=1.154075;zone_hi=1.154125;n_rows=1;max_ratio=3;close=1.15415;bar_vol=44;fp_vol=44;n_quote=25;n_rule=0
2737|2026-06-18T05:32:32.6880000|ZONE_TOUCHED|zone_id=9548_B;created_bar=9548;side=trapped_buyers;lo=1.154275;hi=1.154325;vol=35;bar=9556;touches=3
2738|2026-06-18T05:32:33.0720000|ZONE_TOUCHED|zone_id=9548_B;created_bar=9548;side=trapped_buyers;lo=1.154275;hi=1.154325;vol=35;bar=9557;touches=4
2739|2026-06-18T05:32:33.8800000|ZONE_TOUCHED|zone_id=9548_B;created_bar=9548;side=trapped_buyers;lo=1.154275;hi=1.154325;vol=35;bar=9558;touches=5
2740|2026-06-18T05:32:33.8800000|ZONE_INVALIDATED|zone_id=9548_B;created_bar=9548;side=trapped_buyers;lo=1.154275;hi=1.154325;vol=35;reason=close_through;bar=9558
2741|2026-06-18T05:33:45.9720000|TRAP|bar=9561;side=trapped_sellers;vol=10;centroid=1.15405;zone_lo=1.154025;zone_hi=1.154075;n_rows=1;max_ratio=3.33333333333333;close=1.1541;bar_vol=51;fp_vol=51;n_quote=25;n_rule=0
2742|2026-06-18T05:33:47.7280000|TRAP|bar=9562;side=trapped_buyers;vol=20;centroid=1.15405;zone_lo=1.154025;zone_hi=1.154075;n_rows=1;max_ratio=10;close=1.154;bar_vol=100;fp_vol=100;n_quote=25;n_rule=0
2743|2026-06-18T05:34:02.5000000|TRAP|bar=9565;side=trapped_buyers;vol=157;centroid=1.15395;zone_lo=1.153925;zone_hi=1.153975;n_rows=1;max_ratio=31.4;close=1.1539;bar_vol=180;fp_vol=180;n_quote=25;n_rule=0
2744|2026-06-18T05:34:02.5000000|ZONE_CREATED|zone_id=9565_B;created_bar=9565;side=trapped_buyers;lo=1.153925;hi=1.153975;vol=157
2745|2026-06-18T05:34:10.0480000|ZONE_TOUCHED|zone_id=9565_B;created_bar=9565;side=trapped_buyers;lo=1.153925;hi=1.153975;vol=157;bar=9566;touches=1
2746|2026-06-18T05:34:21.4200000|TRAP|bar=9567;side=trapped_sellers;vol=3;centroid=1.1538;zone_lo=1.153775;zone_hi=1.153825;n_rows=1;max_ratio=3;close=1.15385;bar_vol=31;fp_vol=31;n_quote=25;n_rule=0
2747|2026-06-18T05:34:31.0840000|TRAP|bar=9568;side=trapped_sellers;vol=3;centroid=1.1537;zone_lo=1.153675;zone_hi=1.153725;n_rows=1;max_ratio=3;close=1.15375;bar_vol=47;fp_vol=47;n_quote=25;n_rule=0
2748|2026-06-18T05:36:23.6280000|TRAP|bar=9580;side=trapped_buyers;vol=10;centroid=1.1538;zone_lo=1.153775;zone_hi=1.153825;n_rows=1;max_ratio=10;close=1.15365;bar_vol=47;fp_vol=47;n_quote=25;n_rule=0
2749|2026-06-18T05:36:44.8000000|TRAP|bar=9581;side=trapped_sellers;vol=6;centroid=1.15365;zone_lo=1.153625;zone_hi=1.153675;n_rows=1;max_ratio=3;close=1.1538;bar_vol=48;fp_vol=48;n_quote=25;n_rule=0
2750|2026-06-18T05:39:50.2080000|TRAP|bar=9587;side=trapped_buyers;vol=31;centroid=1.1537;zone_lo=1.153675;zone_hi=1.153725;n_rows=1;max_ratio=31;close=1.15365;bar_vol=49;fp_vol=49;n_quote=25;n_rule=0
2751|2026-06-18T05:39:50.2080000|ZONE_CREATED|zone_id=9587_B;created_bar=9587;side=trapped_buyers;lo=1.153675;hi=1.153725;vol=31
2752|2026-06-18T05:40:11.5880000|TRAP|bar=9588;side=trapped_buyers;vol=7;centroid=1.15365;zone_lo=1.153625;zone_hi=1.153675;n_rows=1;max_ratio=3.5;close=1.1536;bar_vol=39;fp_vol=39;n_quote=25;n_rule=0
2753|2026-06-18T05:40:25.1280000|TRAP|bar=9589;side=trapped_buyers;vol=10;centroid=1.15365;zone_lo=1.153625;zone_hi=1.153675;n_rows=1;max_ratio=10;close=1.15355;bar_vol=39;fp_vol=39;n_quote=25;n_rule=0
2754|2026-06-18T05:41:15.1120000|ZONE_TOUCHED|zone_id=9587_B;created_bar=9587;side=trapped_buyers;lo=1.153675;hi=1.153725;vol=31;bar=9590;touches=1
2755|2026-06-18T05:42:00.3000000|ZONE_TOUCHED|zone_id=9587_B;created_bar=9587;side=trapped_buyers;lo=1.153675;hi=1.153725;vol=31;bar=9591;touches=2
2756|2026-06-18T05:42:19.8880000|ZONE_TOUCHED|zone_id=9587_B;created_bar=9587;side=trapped_buyers;lo=1.153675;hi=1.153725;vol=31;bar=9592;touches=3
2757|2026-06-18T05:47:03.8040000|TRAP|bar=9607;side=trapped_buyers;vol=15;centroid=1.1531;zone_lo=1.153075;zone_hi=1.153125;n_rows=1;max_ratio=3;close=1.15305;bar_vol=53;fp_vol=53;n_quote=25;n_rule=0
2758|2026-06-18T05:47:17.0160000|TRAP|bar=9608;side=trapped_sellers;vol=19;centroid=1.153;zone_lo=1.152975;zone_hi=1.153025;n_rows=1;max_ratio=3.16666666666667;close=1.15305;bar_vol=40;fp_vol=40;n_quote=25;n_rule=0
2759|2026-06-18T05:47:56.2720000|TRAP|bar=9611;side=trapped_buyers;vol=40;centroid=1.153;zone_lo=1.152975;zone_hi=1.153025;n_rows=1;max_ratio=4;close=1.15295;bar_vol=60;fp_vol=60;n_quote=25;n_rule=0
2760|2026-06-18T05:47:56.2720000|ZONE_CREATED|zone_id=9611_B;created_bar=9611;side=trapped_buyers;lo=1.152975;hi=1.153025;vol=40
2761|2026-06-18T05:48:16.1760000|ZONE_TOUCHED|zone_id=9611_B;created_bar=9611;side=trapped_buyers;lo=1.152975;hi=1.153025;vol=40;bar=9612;touches=1
2762|2026-06-18T05:48:38.0600000|ZONE_TOUCHED|zone_id=9611_B;created_bar=9611;side=trapped_buyers;lo=1.152975;hi=1.153025;vol=40;bar=9613;touches=2
2763|2026-06-18T05:48:38.0600000|ZONE_INVALIDATED|zone_id=9611_B;created_bar=9611;side=trapped_buyers;lo=1.152975;hi=1.153025;vol=40;reason=close_through;bar=9613
2764|2026-06-18T05:49:25.4520000|TRAP|bar=9614;side=trapped_buyers;vol=16;centroid=1.1531;zone_lo=1.153075;zone_hi=1.153125;n_rows=1;max_ratio=16;close=1.15305;bar_vol=109;fp_vol=109;n_quote=25;n_rule=0
2765|2026-06-18T05:49:25.4520000|TRAP|bar=9614;side=trapped_sellers;vol=78;centroid=1.153;zone_lo=1.152975;zone_hi=1.153025;n_rows=1;max_ratio=5.2;close=1.15305;bar_vol=109;fp_vol=109;n_quote=25;n_rule=0
2766|2026-06-18T05:49:25.4520000|ZONE_CREATED|zone_id=9614_S;created_bar=9614;side=trapped_sellers;lo=1.152975;hi=1.153025;vol=78
2767|2026-06-18T05:53:22.3320000|ZONE_TOUCHED|zone_id=9614_S;created_bar=9614;side=trapped_sellers;lo=1.152975;hi=1.153025;vol=78;bar=9623;touches=1
2768|2026-06-18T05:53:22.3320000|ZONE_INVALIDATED|zone_id=9614_S;created_bar=9614;side=trapped_sellers;lo=1.152975;hi=1.153025;vol=78;reason=close_through;bar=9623
2769|2026-06-18T05:54:00.8480000|TRAP|bar=9625;side=trapped_sellers;vol=47;centroid=1.1528;zone_lo=1.152775;zone_hi=1.152825;n_rows=1;max_ratio=4.7;close=1.15285;bar_vol=66;fp_vol=66;n_quote=25;n_rule=0
2770|2026-06-18T05:54:00.8480000|ZONE_CREATED|zone_id=9625_S;created_bar=9625;side=trapped_sellers;lo=1.152775;hi=1.152825;vol=47
2771|2026-06-18T05:54:40.7040000|ZONE_TOUCHED|zone_id=9625_S;created_bar=9625;side=trapped_sellers;lo=1.152775;hi=1.152825;vol=47;bar=9627;touches=1
2772|2026-06-18T05:54:51.1240000|ZONE_TOUCHED|zone_id=9625_S;created_bar=9625;side=trapped_sellers;lo=1.152775;hi=1.152825;vol=47;bar=9628;touches=2
2773|2026-06-18T05:54:51.1240000|TRAP|bar=9628;side=trapped_buyers;vol=4;centroid=1.1529;zone_lo=1.152875;zone_hi=1.152925;n_rows=1;max_ratio=4;close=1.15285;bar_vol=51;fp_vol=51;n_quote=25;n_rule=0
2774|2026-06-18T05:55:00.7120000|ZONE_TOUCHED|zone_id=9625_S;created_bar=9625;side=trapped_sellers;lo=1.152775;hi=1.152825;vol=47;bar=9629;touches=3
2775|2026-06-18T05:55:00.7120000|TRAP|bar=9629;side=trapped_buyers;vol=33;centroid=1.15285;zone_lo=1.152825;zone_hi=1.152875;n_rows=1;max_ratio=3.3;close=1.1528;bar_vol=57;fp_vol=57;n_quote=25;n_rule=0
2776|2026-06-18T05:55:00.7120000|ZONE_CREATED|zone_id=9629_B;created_bar=9629;side=trapped_buyers;lo=1.152825;hi=1.152875;vol=33
2777|2026-06-18T05:55:12.3480000|ZONE_TOUCHED|zone_id=9625_S;created_bar=9625;side=trapped_sellers;lo=1.152775;hi=1.152825;vol=47;bar=9630;touches=4
2778|2026-06-18T05:55:12.3480000|ZONE_INVALIDATED|zone_id=9625_S;created_bar=9625;side=trapped_sellers;lo=1.152775;hi=1.152825;vol=47;reason=close_through;bar=9630
2779|2026-06-18T05:56:45.4560000|TRAP|bar=9635;side=trapped_buyers;vol=3;centroid=1.1527;zone_lo=1.152675;zone_hi=1.152725;n_rows=1;max_ratio=3;close=1.15255;bar_vol=54;fp_vol=54;n_quote=25;n_rule=0
2780|2026-06-18T05:57:00.0760000|TRAP|bar=9636;side=trapped_buyers;vol=13;centroid=1.15265;zone_lo=1.152625;zone_hi=1.152675;n_rows=1;max_ratio=13;close=1.15255;bar_vol=45;fp_vol=45;n_quote=25;n_rule=0
2781|2026-06-18T05:58:18.4600000|TRAP|bar=9647;side=trapped_buyers;vol=27;centroid=1.15245;zone_lo=1.152425;zone_hi=1.152475;n_rows=1;max_ratio=9;close=1.1524;bar_vol=61;fp_vol=61;n_quote=25;n_rule=0
2782|2026-06-18T05:59:33.4600000|TRAP|bar=9653;side=trapped_sellers;vol=33;centroid=1.15235;zone_lo=1.152325;zone_hi=1.152375;n_rows=1;max_ratio=3;close=1.1524;bar_vol=45;fp_vol=45;n_quote=25;n_rule=0
2783|2026-06-18T05:59:33.4600000|ZONE_CREATED|zone_id=9653_S;created_bar=9653;side=trapped_sellers;lo=1.152325;hi=1.152375;vol=33
2784|2026-06-18T05:59:45.0560000|ZONE_TOUCHED|zone_id=9653_S;created_bar=9653;side=trapped_sellers;lo=1.152325;hi=1.152375;vol=33;bar=9654;touches=1
2785|2026-06-18T06:00:04.3600000|ZONE_TOUCHED|zone_id=9653_S;created_bar=9653;side=trapped_sellers;lo=1.152325;hi=1.152375;vol=33;bar=9656;touches=2
2786|2026-06-18T06:00:04.3600000|TRAP|bar=9656;side=trapped_buyers;vol=20;centroid=1.1524;zone_lo=1.152375;zone_hi=1.152425;n_rows=1;max_ratio=10;close=1.15235;bar_vol=52;fp_vol=52;n_quote=25;n_rule=0
2787|2026-06-18T06:00:09.3120000|ZONE_TOUCHED|zone_id=9653_S;created_bar=9653;side=trapped_sellers;lo=1.152325;hi=1.152375;vol=33;bar=9657;touches=3
2788|2026-06-18T06:00:09.3120000|ZONE_INVALIDATED|zone_id=9653_S;created_bar=9653;side=trapped_sellers;lo=1.152325;hi=1.152375;vol=33;reason=close_through;bar=9657
2789|2026-06-18T06:00:50.2600000|TRAP|bar=9665;side=trapped_sellers;vol=14;centroid=1.1521;zone_lo=1.152075;zone_hi=1.152125;n_rows=1;max_ratio=3.5;close=1.15215;bar_vol=42;fp_vol=42;n_quote=25;n_rule=0
2790|2026-06-18T06:02:58.8840000|TRAP|bar=9698;side=trapped_sellers;vol=30;centroid=1.15225;zone_lo=1.152225;zone_hi=1.152275;n_rows=1;max_ratio=3.33333333333333;close=1.1523;bar_vol=58;fp_vol=58;n_quote=25;n_rule=0
2791|2026-06-18T06:02:58.8840000|ZONE_CREATED|zone_id=9698_S;created_bar=9698;side=trapped_sellers;lo=1.152225;hi=1.152275;vol=30
2792|2026-06-18T06:02:59.1960000|ZONE_TOUCHED|zone_id=9698_S;created_bar=9698;side=trapped_sellers;lo=1.152225;hi=1.152275;vol=30;bar=9699;touches=1
2793|2026-06-18T06:02:59.1960000|TRAP|bar=9699;side=trapped_buyers;vol=38;centroid=1.1523;zone_lo=1.152275;zone_hi=1.152325;n_rows=1;max_ratio=4.22222222222222;close=1.15225;bar_vol=63;fp_vol=63;n_quote=25;n_rule=0
2794|2026-06-18T06:02:59.1960000|ZONE_CREATED|zone_id=9699_B;created_bar=9699;side=trapped_buyers;lo=1.152275;hi=1.152325;vol=38
2795|2026-06-18T06:02:59.2760000|ZONE_TOUCHED|zone_id=9698_S;created_bar=9698;side=trapped_sellers;lo=1.152225;hi=1.152275;vol=30;bar=9700;touches=2
2796|2026-06-18T06:03:12.4320000|ZONE_TOUCHED|zone_id=9699_B;created_bar=9699;side=trapped_buyers;lo=1.152275;hi=1.152325;vol=38;bar=9701;touches=1
2797|2026-06-18T06:03:12.4320000|ZONE_INVALIDATED|zone_id=9699_B;created_bar=9699;side=trapped_buyers;lo=1.152275;hi=1.152325;vol=38;reason=close_through;bar=9701
2798|2026-06-18T06:03:35.6840000|TRAP|bar=9703;side=trapped_sellers;vol=6;centroid=1.1524;zone_lo=1.152375;zone_hi=1.152425;n_rows=1;max_ratio=3;close=1.1526;bar_vol=35;fp_vol=35;n_quote=25;n_rule=0
2799|2026-06-18T06:03:52.6320000|TRAP|bar=9705;side=trapped_buyers;vol=18;centroid=1.15265;zone_lo=1.152625;zone_hi=1.152675;n_rows=1;max_ratio=6;close=1.1526;bar_vol=30;fp_vol=30;n_quote=25;n_rule=0
2800|2026-06-18T06:03:59.1320000|TRAP|bar=9707;side=trapped_buyers;vol=7;centroid=1.1526;zone_lo=1.152575;zone_hi=1.152625;n_rows=1;max_ratio=7;close=1.15245;bar_vol=60;fp_vol=60;n_quote=25;n_rule=0
2801|2026-06-18T06:05:37.0880000|TRAP|bar=9715;side=trapped_sellers;vol=12;centroid=1.15245;zone_lo=1.152425;zone_hi=1.152475;n_rows=1;max_ratio=6;close=1.15255;bar_vol=35;fp_vol=35;n_quote=25;n_rule=0
2802|2026-06-18T06:06:47.9000000|ZONE_TOUCHED|zone_id=9698_S;created_bar=9698;side=trapped_sellers;lo=1.152225;hi=1.152275;vol=30;bar=9719;touches=3
2803|2026-06-18T06:07:11.4640000|ZONE_TOUCHED|zone_id=9698_S;created_bar=9698;side=trapped_sellers;lo=1.152225;hi=1.152275;vol=30;bar=9721;touches=4
2804|2026-06-18T06:07:25.1000000|ZONE_TOUCHED|zone_id=9698_S;created_bar=9698;side=trapped_sellers;lo=1.152225;hi=1.152275;vol=30;bar=9722;touches=5
2805|2026-06-18T06:07:25.1000000|ZONE_INVALIDATED|zone_id=9698_S;created_bar=9698;side=trapped_sellers;lo=1.152225;hi=1.152275;vol=30;reason=close_through;bar=9722
2806|2026-06-18T06:07:36.0800000|TRAP|bar=9723;side=trapped_sellers;vol=20;centroid=1.1521;zone_lo=1.152075;zone_hi=1.152125;n_rows=1;max_ratio=3.33333333333333;close=1.15215;bar_vol=36;fp_vol=36;n_quote=25;n_rule=0
2807|2026-06-18T06:11:07.9280000|TRAP|bar=9739;side=trapped_buyers;vol=20;centroid=1.1518;zone_lo=1.151775;zone_hi=1.151825;n_rows=1;max_ratio=3.33333333333333;close=1.15175;bar_vol=40;fp_vol=40;n_quote=25;n_rule=0
2808|2026-06-18T06:11:07.9600000|TRAP|bar=9743;side=trapped_sellers;vol=43;centroid=1.15155;zone_lo=1.151525;zone_hi=1.151575;n_rows=1;max_ratio=6.14285714285714;close=1.1517;bar_vol=74;fp_vol=74;n_quote=25;n_rule=0
2809|2026-06-18T06:11:07.9600000|ZONE_CREATED|zone_id=9743_S;created_bar=9743;side=trapped_sellers;lo=1.151525;hi=1.151575;vol=43
2810|2026-06-18T06:11:29.6800000|ZONE_TOUCHED|zone_id=9743_S;created_bar=9743;side=trapped_sellers;lo=1.151525;hi=1.151575;vol=43;bar=9747;touches=1
2811|2026-06-18T06:11:29.6800000|TRAP|bar=9747;side=trapped_sellers;vol=21;centroid=1.15155;zone_lo=1.151525;zone_hi=1.151575;n_rows=1;max_ratio=3;close=1.1516;bar_vol=38;fp_vol=38;n_quote=25;n_rule=0
2812|2026-06-18T06:11:46.9880000|ZONE_TOUCHED|zone_id=9743_S;created_bar=9743;side=trapped_sellers;lo=1.151525;hi=1.151575;vol=43;bar=9748;touches=2
2813|2026-06-18T06:11:47.2080000|ZONE_TOUCHED|zone_id=9743_S;created_bar=9743;side=trapped_sellers;lo=1.151525;hi=1.151575;vol=43;bar=9749;touches=3
2814|2026-06-18T06:11:47.2080000|TRAP|bar=9749;side=trapped_sellers;vol=21;centroid=1.15155;zone_lo=1.151525;zone_hi=1.151575;n_rows=1;max_ratio=3;close=1.1516;bar_vol=35;fp_vol=35;n_quote=25;n_rule=0
2815|2026-06-18T06:11:47.4960000|ZONE_TOUCHED|zone_id=9743_S;created_bar=9743;side=trapped_sellers;lo=1.151525;hi=1.151575;vol=43;bar=9750;touches=4
2816|2026-06-18T06:11:47.4960000|ZONE_INVALIDATED|zone_id=9743_S;created_bar=9743;side=trapped_sellers;lo=1.151525;hi=1.151575;vol=43;reason=close_through;bar=9750
2817|2026-06-18T06:12:11.7280000|TRAP|bar=9752;side=trapped_buyers;vol=25;centroid=1.1516;zone_lo=1.151575;zone_hi=1.151625;n_rows=1;max_ratio=4.16666666666667;close=1.15155;bar_vol=31;fp_vol=31;n_quote=25;n_rule=0
2818|2026-06-18T06:13:25.2800000|TRAP|bar=9759;side=trapped_buyers;vol=27;centroid=1.15175;zone_lo=1.151725;zone_hi=1.151775;n_rows=1;max_ratio=27;close=1.1517;bar_vol=41;fp_vol=41;n_quote=25;n_rule=0
2819|2026-06-18T06:25:35.9400000|TRAP|bar=9806;side=trapped_buyers;vol=8;centroid=1.1521;zone_lo=1.152075;zone_hi=1.152125;n_rows=1;max_ratio=4;close=1.1519;bar_vol=44;fp_vol=44;n_quote=25;n_rule=0
2820|2026-06-18T06:28:44.7400000|TRAP|bar=9813;side=trapped_buyers;vol=6;centroid=1.1518;zone_lo=1.151775;zone_hi=1.151825;n_rows=1;max_ratio=3;close=1.15165;bar_vol=42;fp_vol=42;n_quote=25;n_rule=0
2821|2026-06-18T06:31:59.2160000|TRAP|bar=9820;side=trapped_buyers;vol=14;centroid=1.1517;zone_lo=1.151675;zone_hi=1.151725;n_rows=1;max_ratio=7;close=1.1516;bar_vol=33;fp_vol=33;n_quote=25;n_rule=0
2822|2026-06-18T06:34:10.4760000|TRAP|bar=9826;side=trapped_buyers;vol=26;centroid=1.1517;zone_lo=1.151675;zone_hi=1.151725;n_rows=1;max_ratio=3.71428571428571;close=1.15165;bar_vol=48;fp_vol=48;n_quote=25;n_rule=0
2823|2026-06-18T06:39:00.4200000|TRAP|bar=9842;side=trapped_sellers;vol=17;centroid=1.15195;zone_lo=1.151925;zone_hi=1.151975;n_rows=1;max_ratio=17;close=1.152;bar_vol=38;fp_vol=38;n_quote=25;n_rule=0
2824|2026-06-18T06:41:34.5680000|TRAP|bar=9859;side=trapped_buyers;vol=13;centroid=1.15235;zone_lo=1.152325;zone_hi=1.152375;n_rows=1;max_ratio=13;close=1.15225;bar_vol=72;fp_vol=72;n_quote=25;n_rule=0
2825|2026-06-18T06:43:15.5000000|TRAP|bar=9868;side=trapped_buyers;vol=16;centroid=1.15225;zone_lo=1.152225;zone_hi=1.152275;n_rows=1;max_ratio=5.33333333333333;close=1.15215;bar_vol=56;fp_vol=56;n_quote=25;n_rule=0
2826|2026-06-18T06:44:37.4000000|TRAP|bar=9872;side=trapped_sellers;vol=43;centroid=1.15215;zone_lo=1.152125;zone_hi=1.152175;n_rows=1;max_ratio=5.375;close=1.1522;bar_vol=61;fp_vol=61;n_quote=25;n_rule=0
2827|2026-06-18T06:44:37.4000000|ZONE_CREATED|zone_id=9872_S;created_bar=9872;side=trapped_sellers;lo=1.152125;hi=1.152175;vol=43
2828|2026-06-18T06:44:56.2680000|ZONE_TOUCHED|zone_id=9872_S;created_bar=9872;side=trapped_sellers;lo=1.152125;hi=1.152175;vol=43;bar=9874;touches=1
2829|2026-06-18T06:44:56.2680000|ZONE_INVALIDATED|zone_id=9872_S;created_bar=9872;side=trapped_sellers;lo=1.152125;hi=1.152175;vol=43;reason=close_through;bar=9874
2830|2026-06-18T06:45:25.5680000|TRAP|bar=9877;side=trapped_sellers;vol=7;centroid=1.1521;zone_lo=1.152075;zone_hi=1.152125;n_rows=1;max_ratio=7;close=1.15225;bar_vol=48;fp_vol=48;n_quote=25;n_rule=0
2831|2026-06-18T06:48:36.5120000|TRAP|bar=9883;side=trapped_sellers;vol=22;centroid=1.15225;zone_lo=1.152225;zone_hi=1.152275;n_rows=1;max_ratio=11;close=1.1523;bar_vol=59;fp_vol=59;n_quote=25;n_rule=0
2832|2026-06-18T06:50:44.2000000|TRAP|bar=9888;side=trapped_buyers;vol=33;centroid=1.1523;zone_lo=1.152275;zone_hi=1.152325;n_rows=1;max_ratio=5.5;close=1.15225;bar_vol=40;fp_vol=40;n_quote=25;n_rule=0
2833|2026-06-18T06:50:44.2000000|ZONE_CREATED|zone_id=9888_B;created_bar=9888;side=trapped_buyers;lo=1.152275;hi=1.152325;vol=33
2834|2026-06-18T06:51:47.5680000|ZONE_TOUCHED|zone_id=9888_B;created_bar=9888;side=trapped_buyers;lo=1.152275;hi=1.152325;vol=33;bar=9890;touches=1
2835|2026-06-18T06:52:20.6920000|ZONE_TOUCHED|zone_id=9888_B;created_bar=9888;side=trapped_buyers;lo=1.152275;hi=1.152325;vol=33;bar=9891;touches=2
2836|2026-06-18T06:53:38.2560000|ZONE_TOUCHED|zone_id=9888_B;created_bar=9888;side=trapped_buyers;lo=1.152275;hi=1.152325;vol=33;bar=9893;touches=3
2837|2026-06-18T06:57:30.5600000|TRAP|bar=9903;side=trapped_buyers;vol=7;centroid=1.1519;zone_lo=1.151875;zone_hi=1.151925;n_rows=1;max_ratio=7;close=1.1518;bar_vol=44;fp_vol=44;n_quote=25;n_rule=0
2838|2026-06-18T07:00:01.2960000|TRAP|bar=9907;side=trapped_buyers;vol=12;centroid=1.15195;zone_lo=1.151925;zone_hi=1.151975;n_rows=1;max_ratio=12;close=1.1518;bar_vol=47;fp_vol=47;n_quote=25;n_rule=0
2839|2026-06-18T07:01:09.0600000|TRAP|bar=9910;side=trapped_buyers;vol=14;centroid=1.15175;zone_lo=1.151725;zone_hi=1.151775;n_rows=1;max_ratio=4.66666666666667;close=1.1516;bar_vol=45;fp_vol=45;n_quote=25;n_rule=0
2840|2026-06-18T07:02:17.8880000|TRAP|bar=9914;side=trapped_buyers;vol=11;centroid=1.1516;zone_lo=1.151575;zone_hi=1.151625;n_rows=1;max_ratio=11;close=1.1515;bar_vol=47;fp_vol=47;n_quote=25;n_rule=0
2841|2026-06-18T07:02:49.2880000|TRAP|bar=9915;side=trapped_sellers;vol=22;centroid=1.1515;zone_lo=1.151475;zone_hi=1.151525;n_rows=1;max_ratio=22;close=1.15155;bar_vol=48;fp_vol=48;n_quote=25;n_rule=0
2842|2026-06-18T07:05:09.6800000|TRAP|bar=9921;side=trapped_sellers;vol=33;centroid=1.1511;zone_lo=1.151075;zone_hi=1.151125;n_rows=1;max_ratio=33;close=1.1512;bar_vol=107;fp_vol=107;n_quote=25;n_rule=0
2843|2026-06-18T07:05:09.6800000|ZONE_CREATED|zone_id=9921_S;created_bar=9921;side=trapped_sellers;lo=1.151075;hi=1.151125;vol=33
2844|2026-06-18T07:05:12.8720000|ZONE_TOUCHED|zone_id=9921_S;created_bar=9921;side=trapped_sellers;lo=1.151075;hi=1.151125;vol=33;bar=9923;touches=1
2845|2026-06-18T07:05:13.4280000|ZONE_TOUCHED|zone_id=9921_S;created_bar=9921;side=trapped_sellers;lo=1.151075;hi=1.151125;vol=33;bar=9924;touches=2
2846|2026-06-18T07:05:13.4280000|ZONE_INVALIDATED|zone_id=9921_S;created_bar=9921;side=trapped_sellers;lo=1.151075;hi=1.151125;vol=33;reason=close_through;bar=9924
2847|2026-06-18T07:06:06.7760000|TRAP|bar=9930;side=trapped_buyers;vol=8;centroid=1.1508;zone_lo=1.150775;zone_hi=1.150825;n_rows=1;max_ratio=8;close=1.1507;bar_vol=87;fp_vol=87;n_quote=25;n_rule=0
2848|2026-06-18T07:07:59.6880000|TRAP|bar=9947;side=trapped_sellers;vol=49;centroid=1.1503;zone_lo=1.150275;zone_hi=1.150325;n_rows=1;max_ratio=9.8;close=1.15035;bar_vol=58;fp_vol=58;n_quote=25;n_rule=0
2849|2026-06-18T07:07:59.6880000|ZONE_CREATED|zone_id=9947_S;created_bar=9947;side=trapped_sellers;lo=1.150275;hi=1.150325;vol=49
2850|2026-06-18T07:11:34.5160000|ZONE_TOUCHED|zone_id=9947_S;created_bar=9947;side=trapped_sellers;lo=1.150275;hi=1.150325;vol=49;bar=9962;touches=1
2851|2026-06-18T07:11:51.7320000|TRAP|bar=9964;side=trapped_buyers;vol=19;centroid=1.15055;zone_lo=1.150525;zone_hi=1.150575;n_rows=1;max_ratio=3.16666666666667;close=1.1505;bar_vol=52;fp_vol=52;n_quote=25;n_rule=0
2852|2026-06-18T07:11:51.7400000|ZONE_TOUCHED|zone_id=9947_S;created_bar=9947;side=trapped_sellers;lo=1.150275;hi=1.150325;vol=49;bar=9965;touches=2
2853|2026-06-18T07:12:00.1440000|ZONE_TOUCHED|zone_id=9947_S;created_bar=9947;side=trapped_sellers;lo=1.150275;hi=1.150325;vol=49;bar=9966;touches=3
2854|2026-06-18T07:12:00.1440000|ZONE_INVALIDATED|zone_id=9947_S;created_bar=9947;side=trapped_sellers;lo=1.150275;hi=1.150325;vol=49;reason=close_through;bar=9966
2855|2026-06-18T07:12:46.1920000|TRAP|bar=9973;side=trapped_sellers;vol=16;centroid=1.15015;zone_lo=1.150125;zone_hi=1.150175;n_rows=1;max_ratio=16;close=1.1503;bar_vol=61;fp_vol=61;n_quote=25;n_rule=0
2856|2026-06-18T07:13:54.3960000|TRAP|bar=9982;side=trapped_buyers;vol=44;centroid=1.1509;zone_lo=1.150875;zone_hi=1.150925;n_rows=1;max_ratio=44;close=1.15085;bar_vol=82;fp_vol=82;n_quote=25;n_rule=0
2857|2026-06-18T07:13:54.3960000|ZONE_CREATED|zone_id=9982_B;created_bar=9982;side=trapped_buyers;lo=1.150875;hi=1.150925;vol=44
2858|2026-06-18T07:13:58.6960000|ZONE_TOUCHED|zone_id=9982_B;created_bar=9982;side=trapped_buyers;lo=1.150875;hi=1.150925;vol=44;bar=9983;touches=1
2859|2026-06-18T07:14:01.1080000|ZONE_TOUCHED|zone_id=9982_B;created_bar=9982;side=trapped_buyers;lo=1.150875;hi=1.150925;vol=44;bar=9984;touches=2
2860|2026-06-18T07:14:01.1080000|ZONE_INVALIDATED|zone_id=9982_B;created_bar=9982;side=trapped_buyers;lo=1.150875;hi=1.150925;vol=44;reason=close_through;bar=9984
2861|2026-06-18T07:14:01.1080000|TRAP|bar=9984;side=trapped_sellers;vol=26;centroid=1.1509;zone_lo=1.150875;zone_hi=1.150925;n_rows=1;max_ratio=5.2;close=1.151;bar_vol=44;fp_vol=44;n_quote=25;n_rule=0
2862|2026-06-18T07:16:33.4080000|TRAP|bar=9994;side=trapped_sellers;vol=28;centroid=1.15115;zone_lo=1.151125;zone_hi=1.151175;n_rows=1;max_ratio=14;close=1.1512;bar_vol=44;fp_vol=44;n_quote=25;n_rule=0
2863|2026-06-18T07:19:02.9480000|TRAP|bar=10009;side=trapped_buyers;vol=30;centroid=1.1509;zone_lo=1.150875;zone_hi=1.150925;n_rows=1;max_ratio=10;close=1.1508;bar_vol=56;fp_vol=56;n_quote=25;n_rule=0
2864|2026-06-18T07:19:02.9480000|ZONE_CREATED|zone_id=10009_B;created_bar=10009;side=trapped_buyers;lo=1.150875;hi=1.150925;vol=30
2865|2026-06-18T07:19:15.4160000|ZONE_TOUCHED|zone_id=10009_B;created_bar=10009;side=trapped_buyers;lo=1.150875;hi=1.150925;vol=30;bar=10010;touches=1
2866|2026-06-18T07:19:15.4160000|ZONE_INVALIDATED|zone_id=10009_B;created_bar=10009;side=trapped_buyers;lo=1.150875;hi=1.150925;vol=30;reason=close_through;bar=10010
2867|2026-06-18T07:24:44.6840000|TRAP|bar=10028;side=trapped_buyers;vol=12;centroid=1.15105;zone_lo=1.151025;zone_hi=1.151075;n_rows=1;max_ratio=4;close=1.1509;bar_vol=48;fp_vol=48;n_quote=25;n_rule=0
2868|2026-06-18T07:25:36.2920000|TRAP|bar=10032;side=trapped_sellers;vol=25;centroid=1.15095;zone_lo=1.150925;zone_hi=1.150975;n_rows=1;max_ratio=5;close=1.151;bar_vol=51;fp_vol=51;n_quote=25;n_rule=0
2869|2026-06-18T07:26:01.7920000|TRAP|bar=10033;side=trapped_buyers;vol=5;centroid=1.1511;zone_lo=1.151075;zone_hi=1.151125;n_rows=1;max_ratio=5;close=1.151;bar_vol=48;fp_vol=48;n_quote=25;n_rule=0
2870|2026-06-18T07:27:21.8560000|TRAP|bar=10036;side=trapped_buyers;vol=28;centroid=1.1509;zone_lo=1.150875;zone_hi=1.150925;n_rows=1;max_ratio=4.66666666666667;close=1.1508;bar_vol=44;fp_vol=44;n_quote=25;n_rule=0
2871|2026-06-18T07:29:27.8000000|TRAP|bar=10040;side=trapped_sellers;vol=10;centroid=1.1509;zone_lo=1.150875;zone_hi=1.150925;n_rows=1;max_ratio=10;close=1.1511;bar_vol=41;fp_vol=41;n_quote=25;n_rule=0
2872|2026-06-18T07:31:56.9480000|TRAP|bar=10048;side=trapped_sellers;vol=18;centroid=1.1511;zone_lo=1.151075;zone_hi=1.151125;n_rows=1;max_ratio=9;close=1.1512;bar_vol=56;fp_vol=56;n_quote=25;n_rule=0
2873|2026-06-18T07:33:45.2000000|TRAP|bar=10053;side=trapped_buyers;vol=10;centroid=1.15105;zone_lo=1.151025;zone_hi=1.151075;n_rows=1;max_ratio=10;close=1.1509;bar_vol=49;fp_vol=49;n_quote=25;n_rule=0
2874|2026-06-18T07:34:22.4280000|TRAP|bar=10055;side=trapped_buyers;vol=53;centroid=1.1508;zone_lo=1.150775;zone_hi=1.150825;n_rows=1;max_ratio=4.41666666666667;close=1.15075;bar_vol=84;fp_vol=84;n_quote=25;n_rule=0
2875|2026-06-18T07:34:22.4280000|ZONE_CREATED|zone_id=10055_B;created_bar=10055;side=trapped_buyers;lo=1.150775;hi=1.150825;vol=53
2876|2026-06-18T07:35:00.3800000|ZONE_TOUCHED|zone_id=10055_B;created_bar=10055;side=trapped_buyers;lo=1.150775;hi=1.150825;vol=53;bar=10056;touches=1
2877|2026-06-18T07:35:00.3800000|ZONE_INVALIDATED|zone_id=10055_B;created_bar=10055;side=trapped_buyers;lo=1.150775;hi=1.150825;vol=53;reason=close_through;bar=10056
2878|2026-06-18T07:36:02.9440000|TRAP|bar=10060;side=trapped_buyers;vol=22;centroid=1.15085;zone_lo=1.150825;zone_hi=1.150875;n_rows=1;max_ratio=22;close=1.1508;bar_vol=51;fp_vol=51;n_quote=25;n_rule=0
2879|2026-06-18T07:38:53.7520000|TRAP|bar=10067;side=trapped_buyers;vol=36;centroid=1.1507;zone_lo=1.150675;zone_hi=1.150725;n_rows=1;max_ratio=6;close=1.1505;bar_vol=57;fp_vol=57;n_quote=25;n_rule=0
2880|2026-06-18T07:38:53.7520000|ZONE_CREATED|zone_id=10067_B;created_bar=10067;side=trapped_buyers;lo=1.150675;hi=1.150725;vol=36
2881|2026-06-18T07:39:35.0440000|TRAP|bar=10070;side=trapped_sellers;vol=41;centroid=1.1505;zone_lo=1.150475;zone_hi=1.150525;n_rows=1;max_ratio=8.2;close=1.1506;bar_vol=74;fp_vol=74;n_quote=25;n_rule=0
2882|2026-06-18T07:39:35.0440000|ZONE_CREATED|zone_id=10070_S;created_bar=10070;side=trapped_sellers;lo=1.150475;hi=1.150525;vol=41
2883|2026-06-18T07:39:53.8640000|ZONE_TOUCHED|zone_id=10070_S;created_bar=10070;side=trapped_sellers;lo=1.150475;hi=1.150525;vol=41;bar=10071;touches=1
2884|2026-06-18T07:41:06.1480000|ZONE_TOUCHED|zone_id=10067_B;created_bar=10067;side=trapped_buyers;lo=1.150675;hi=1.150725;vol=36;bar=10073;touches=1
2885|2026-06-18T07:42:03.7000000|ZONE_TOUCHED|zone_id=10070_S;created_bar=10070;side=trapped_sellers;lo=1.150475;hi=1.150525;vol=41;bar=10075;touches=2
2886|2026-06-18T07:42:41.4680000|ZONE_TOUCHED|zone_id=10070_S;created_bar=10070;side=trapped_sellers;lo=1.150475;hi=1.150525;vol=41;bar=10076;touches=3
2887|2026-06-18T07:42:41.4680000|ZONE_INVALIDATED|zone_id=10070_S;created_bar=10070;side=trapped_sellers;lo=1.150475;hi=1.150525;vol=41;reason=close_through;bar=10076
2888|2026-06-18T07:44:27.0040000|TRAP|bar=10080;side=trapped_buyers;vol=20;centroid=1.1505;zone_lo=1.150475;zone_hi=1.150525;n_rows=1;max_ratio=5;close=1.1504;bar_vol=53;fp_vol=53;n_quote=25;n_rule=0
2889|2026-06-18T07:48:23.5280000|TRAP|bar=10088;side=trapped_buyers;vol=34;centroid=1.15045;zone_lo=1.150425;zone_hi=1.150475;n_rows=1;max_ratio=34;close=1.15035;bar_vol=50;fp_vol=50;n_quote=25;n_rule=0
2890|2026-06-18T07:48:23.5280000|ZONE_CREATED|zone_id=10088_B;created_bar=10088;side=trapped_buyers;lo=1.150425;hi=1.150475;vol=34
2891|2026-06-18T07:49:07.6400000|ZONE_TOUCHED|zone_id=10088_B;created_bar=10088;side=trapped_buyers;lo=1.150425;hi=1.150475;vol=34;bar=10090;touches=1
2892|2026-06-18T07:49:50.8920000|ZONE_TOUCHED|zone_id=10088_B;created_bar=10088;side=trapped_buyers;lo=1.150425;hi=1.150475;vol=34;bar=10091;touches=2
2893|2026-06-18T07:50:36.2120000|TRAP|bar=10093;side=trapped_buyers;vol=18;centroid=1.1504;zone_lo=1.150375;zone_hi=1.150425;n_rows=1;max_ratio=9;close=1.15035;bar_vol=47;fp_vol=47;n_quote=25;n_rule=0
2894|2026-06-18T07:50:45.5920000|ZONE_TOUCHED|zone_id=10088_B;created_bar=10088;side=trapped_buyers;lo=1.150425;hi=1.150475;vol=34;bar=10094;touches=3
2895|2026-06-18T07:50:49.3720000|ZONE_TOUCHED|zone_id=10088_B;created_bar=10088;side=trapped_buyers;lo=1.150425;hi=1.150475;vol=34;bar=10095;touches=4
2896|2026-06-18T07:50:49.3720000|ZONE_INVALIDATED|zone_id=10088_B;created_bar=10088;side=trapped_buyers;lo=1.150425;hi=1.150475;vol=34;reason=close_through;bar=10095
2897|2026-06-18T07:53:36.7600000|TRAP|bar=10101;side=trapped_sellers;vol=6;centroid=1.15035;zone_lo=1.150325;zone_hi=1.150375;n_rows=1;max_ratio=6;close=1.15045;bar_vol=46;fp_vol=46;n_quote=25;n_rule=0
2898|2026-06-18T07:56:24.6760000|TRAP|bar=10107;side=trapped_sellers;vol=33;centroid=1.15045;zone_lo=1.150425;zone_hi=1.150475;n_rows=1;max_ratio=3.3;close=1.1505;bar_vol=63;fp_vol=63;n_quote=25;n_rule=0
2899|2026-06-18T07:56:24.6760000|ZONE_CREATED|zone_id=10107_S;created_bar=10107;side=trapped_sellers;lo=1.150425;hi=1.150475;vol=33
2900|2026-06-18T07:56:28.9720000|ZONE_TOUCHED|zone_id=10107_S;created_bar=10107;side=trapped_sellers;lo=1.150425;hi=1.150475;vol=33;bar=10108;touches=1
2901|2026-06-18T07:56:28.9720000|ZONE_INVALIDATED|zone_id=10107_S;created_bar=10107;side=trapped_sellers;lo=1.150425;hi=1.150475;vol=33;reason=close_through;bar=10108
2902|2026-06-18T07:58:24.5680000|TRAP|bar=10112;side=trapped_buyers;vol=34;centroid=1.15035;zone_lo=1.150325;zone_hi=1.150375;n_rows=1;max_ratio=5.66666666666667;close=1.1502;bar_vol=63;fp_vol=63;n_quote=25;n_rule=0
2903|2026-06-18T07:58:24.5680000|ZONE_CREATED|zone_id=10112_B;created_bar=10112;side=trapped_buyers;lo=1.150325;hi=1.150375;vol=34
2904|2026-06-18T07:58:40.1880000|TRAP|bar=10113;side=trapped_buyers;vol=49;centroid=1.15025;zone_lo=1.150225;zone_hi=1.150275;n_rows=1;max_ratio=7;close=1.15015;bar_vol=74;fp_vol=74;n_quote=25;n_rule=0
2905|2026-06-18T07:58:40.1880000|ZONE_CREATED|zone_id=10113_B;created_bar=10113;side=trapped_buyers;lo=1.150225;hi=1.150275;vol=49
2906|2026-06-18T08:00:04.4800000|ZONE_TOUCHED|zone_id=10113_B;created_bar=10113;side=trapped_buyers;lo=1.150225;hi=1.150275;vol=49;bar=10117;touches=1
2907|2026-06-18T08:00:04.4800000|ZONE_INVALIDATED|zone_id=10113_B;created_bar=10113;side=trapped_buyers;lo=1.150225;hi=1.150275;vol=49;reason=close_through;bar=10117
2908|2026-06-18T08:02:13.2280000|ZONE_TOUCHED|zone_id=10112_B;created_bar=10112;side=trapped_buyers;lo=1.150325;hi=1.150375;vol=34;bar=10127;touches=1
2909|2026-06-18T08:02:13.2280000|ZONE_INVALIDATED|zone_id=10112_B;created_bar=10112;side=trapped_buyers;lo=1.150325;hi=1.150375;vol=34;reason=close_through;bar=10127
2910|2026-06-18T08:04:58.2960000|TRAP|bar=10134;side=trapped_buyers;vol=39;centroid=1.1503;zone_lo=1.150275;zone_hi=1.150325;n_rows=1;max_ratio=9.75;close=1.15025;bar_vol=71;fp_vol=71;n_quote=25;n_rule=0
2911|2026-06-18T08:04:58.2960000|ZONE_CREATED|zone_id=10134_B;created_bar=10134;side=trapped_buyers;lo=1.150275;hi=1.150325;vol=39
2912|2026-06-18T08:05:05.4920000|ZONE_TOUCHED|zone_id=10134_B;created_bar=10134;side=trapped_buyers;lo=1.150275;hi=1.150325;vol=39;bar=10135;touches=1
2913|2026-06-18T08:05:22.3120000|ZONE_TOUCHED|zone_id=10134_B;created_bar=10134;side=trapped_buyers;lo=1.150275;hi=1.150325;vol=39;bar=10136;touches=2
2914|2026-06-18T08:05:30.3840000|ZONE_TOUCHED|zone_id=10134_B;created_bar=10134;side=trapped_buyers;lo=1.150275;hi=1.150325;vol=39;bar=10137;touches=3
2915|2026-06-18T08:05:30.3840000|ZONE_INVALIDATED|zone_id=10134_B;created_bar=10134;side=trapped_buyers;lo=1.150275;hi=1.150325;vol=39;reason=close_through;bar=10137
2916|2026-06-18T08:05:30.3840000|TRAP|bar=10137;side=trapped_buyers;vol=12;centroid=1.1504;zone_lo=1.150375;zone_hi=1.150425;n_rows=1;max_ratio=3;close=1.15035;bar_vol=49;fp_vol=49;n_quote=25;n_rule=0
2917|2026-06-18T08:08:10.1040000|ZONE_TOUCHED|zone_id=10067_B;created_bar=10067;side=trapped_buyers;lo=1.150675;hi=1.150725;vol=36;bar=10146;touches=2
2918|2026-06-18T08:08:10.1040000|ZONE_INVALIDATED|zone_id=10067_B;created_bar=10067;side=trapped_buyers;lo=1.150675;hi=1.150725;vol=36;reason=close_through;bar=10146
2919|2026-06-18T08:12:26.5880000|TRAP|bar=10164;side=trapped_buyers;vol=31;centroid=1.1501;zone_lo=1.150075;zone_hi=1.150125;n_rows=1;max_ratio=6.2;close=1.15005;bar_vol=249;fp_vol=249;n_quote=25;n_rule=0
2920|2026-06-18T08:12:26.5880000|ZONE_CREATED|zone_id=10164_B;created_bar=10164;side=trapped_buyers;lo=1.150075;hi=1.150125;vol=31
2921|2026-06-18T08:12:54.3880000|ZONE_TOUCHED|zone_id=10164_B;created_bar=10164;side=trapped_buyers;lo=1.150075;hi=1.150125;vol=31;bar=10166;touches=1
2922|2026-06-18T08:14:12.3480000|TRAP|bar=10171;side=trapped_buyers;vol=38;centroid=1.14995;zone_lo=1.149925;zone_hi=1.149975;n_rows=1;max_ratio=4.22222222222222;close=1.1499;bar_vol=47;fp_vol=47;n_quote=25;n_rule=0
2923|2026-06-18T08:14:12.3480000|ZONE_CREATED|zone_id=10171_B;created_bar=10171;side=trapped_buyers;lo=1.149925;hi=1.149975;vol=38
2924|2026-06-18T08:14:41.0000000|ZONE_TOUCHED|zone_id=10171_B;created_bar=10171;side=trapped_buyers;lo=1.149925;hi=1.149975;vol=38;bar=10172;touches=1
2925|2026-06-18T08:15:00.2080000|ZONE_TOUCHED|zone_id=10171_B;created_bar=10171;side=trapped_buyers;lo=1.149925;hi=1.149975;vol=38;bar=10173;touches=2
2926|2026-06-18T08:15:00.2080000|ZONE_INVALIDATED|zone_id=10171_B;created_bar=10171;side=trapped_buyers;lo=1.149925;hi=1.149975;vol=38;reason=close_through;bar=10173
2927|2026-06-18T08:15:00.2080000|ZONE_TOUCHED|zone_id=10164_B;created_bar=10164;side=trapped_buyers;lo=1.150075;hi=1.150125;vol=31;bar=10173;touches=2
2928|2026-06-18T08:15:00.2080000|TRAP|bar=10173;side=trapped_buyers;vol=14;centroid=1.1501;zone_lo=1.150075;zone_hi=1.150125;n_rows=1;max_ratio=4.66666666666667;close=1.15005;bar_vol=42;fp_vol=42;n_quote=25;n_rule=0
2929|2026-06-18T08:15:25.1920000|ZONE_TOUCHED|zone_id=10164_B;created_bar=10164;side=trapped_buyers;lo=1.150075;hi=1.150125;vol=31;bar=10174;touches=3
2930|2026-06-18T08:15:52.6320000|ZONE_TOUCHED|zone_id=10164_B;created_bar=10164;side=trapped_buyers;lo=1.150075;hi=1.150125;vol=31;bar=10176;touches=4
2931|2026-06-18T08:15:52.6320000|ZONE_INVALIDATED|zone_id=10164_B;created_bar=10164;side=trapped_buyers;lo=1.150075;hi=1.150125;vol=31;reason=close_through;bar=10176
2932|2026-06-18T08:18:29.8760000|TRAP|bar=10184;side=trapped_sellers;vol=55;centroid=1.14965;zone_lo=1.149625;zone_hi=1.149675;n_rows=1;max_ratio=3.92857142857143;close=1.1497;bar_vol=171;fp_vol=171;n_quote=25;n_rule=0
2933|2026-06-18T08:18:29.8760000|ZONE_CREATED|zone_id=10184_S;created_bar=10184;side=trapped_sellers;lo=1.149625;hi=1.149675;vol=55
2934|2026-06-18T08:18:45.5280000|ZONE_TOUCHED|zone_id=10184_S;created_bar=10184;side=trapped_sellers;lo=1.149625;hi=1.149675;vol=55;bar=10185;touches=1
2935|2026-06-18T08:18:54.8720000|ZONE_TOUCHED|zone_id=10184_S;created_bar=10184;side=trapped_sellers;lo=1.149625;hi=1.149675;vol=55;bar=10186;touches=2
2936|2026-06-18T08:19:22.6120000|ZONE_TOUCHED|zone_id=10184_S;created_bar=10184;side=trapped_sellers;lo=1.149625;hi=1.149675;vol=55;bar=10187;touches=3
2937|2026-06-18T08:19:38.9160000|ZONE_TOUCHED|zone_id=10184_S;created_bar=10184;side=trapped_sellers;lo=1.149625;hi=1.149675;vol=55;bar=10188;touches=4
2938|2026-06-18T08:19:59.3840000|ZONE_TOUCHED|zone_id=10184_S;created_bar=10184;side=trapped_sellers;lo=1.149625;hi=1.149675;vol=55;bar=10189;touches=5
2939|2026-06-18T08:20:10.9080000|ZONE_TOUCHED|zone_id=10184_S;created_bar=10184;side=trapped_sellers;lo=1.149625;hi=1.149675;vol=55;bar=10190;touches=6
2940|2026-06-18T08:20:22.1440000|ZONE_TOUCHED|zone_id=10184_S;created_bar=10184;side=trapped_sellers;lo=1.149625;hi=1.149675;vol=55;bar=10191;touches=7
2941|2026-06-18T08:20:43.2080000|ZONE_TOUCHED|zone_id=10184_S;created_bar=10184;side=trapped_sellers;lo=1.149625;hi=1.149675;vol=55;bar=10192;touches=8
2942|2026-06-18T08:20:43.2080000|ZONE_INVALIDATED|zone_id=10184_S;created_bar=10184;side=trapped_sellers;lo=1.149625;hi=1.149675;vol=55;reason=close_through;bar=10192
2943|2026-06-18T08:23:13.2720000|TRAP|bar=10202;side=trapped_sellers;vol=50;centroid=1.1497;zone_lo=1.149675;zone_hi=1.149725;n_rows=1;max_ratio=6.25;close=1.14975;bar_vol=62;fp_vol=62;n_quote=25;n_rule=0
2944|2026-06-18T08:23:13.2720000|ZONE_CREATED|zone_id=10202_S;created_bar=10202;side=trapped_sellers;lo=1.149675;hi=1.149725;vol=50
2945|2026-06-18T08:23:27.4880000|TRAP|bar=10203;side=trapped_buyers;vol=62;centroid=1.1498;zone_lo=1.149775;zone_hi=1.149825;n_rows=1;max_ratio=31;close=1.14975;bar_vol=69;fp_vol=69;n_quote=25;n_rule=0
2946|2026-06-18T08:23:27.4880000|ZONE_CREATED|zone_id=10203_B;created_bar=10203;side=trapped_buyers;lo=1.149775;hi=1.149825;vol=62
2947|2026-06-18T08:23:32.3640000|ZONE_TOUCHED|zone_id=10203_B;created_bar=10203;side=trapped_buyers;lo=1.149775;hi=1.149825;vol=62;bar=10204;touches=1
2948|2026-06-18T08:23:32.3640000|ZONE_INVALIDATED|zone_id=10203_B;created_bar=10203;side=trapped_buyers;lo=1.149775;hi=1.149825;vol=62;reason=close_through;bar=10204
2949|2026-06-18T08:24:58.4680000|TRAP|bar=10210;side=trapped_sellers;vol=31;centroid=1.15005;zone_lo=1.150025;zone_hi=1.150075;n_rows=1;max_ratio=15.5;close=1.1501;bar_vol=148;fp_vol=148;n_quote=25;n_rule=0
2950|2026-06-18T08:24:58.4680000|ZONE_CREATED|zone_id=10210_S;created_bar=10210;side=trapped_sellers;lo=1.150025;hi=1.150075;vol=31
2951|2026-06-18T08:25:47.8760000|TRAP|bar=10216;side=trapped_sellers;vol=17;centroid=1.15035;zone_lo=1.150325;zone_hi=1.150375;n_rows=1;max_ratio=8.5;close=1.1504;bar_vol=67;fp_vol=67;n_quote=25;n_rule=0
2952|2026-06-18T08:27:58.4600000|TRAP|bar=10226;side=trapped_sellers;vol=30;centroid=1.1502;zone_lo=1.150175;zone_hi=1.150225;n_rows=1;max_ratio=30;close=1.15025;bar_vol=91;fp_vol=91;n_quote=25;n_rule=0
2953|2026-06-18T08:27:58.4600000|ZONE_CREATED|zone_id=10226_S;created_bar=10226;side=trapped_sellers;lo=1.150175;hi=1.150225;vol=30
2954|2026-06-18T08:28:18.0720000|TRAP|bar=10228;side=trapped_buyers;vol=14;centroid=1.15035;zone_lo=1.150325;zone_hi=1.150375;n_rows=1;max_ratio=14;close=1.1503;bar_vol=55;fp_vol=55;n_quote=25;n_rule=0
2955|2026-06-18T08:29:00.2200000|TRAP|bar=10230;side=trapped_buyers;vol=12;centroid=1.1504;zone_lo=1.150375;zone_hi=1.150425;n_rows=1;max_ratio=6;close=1.15025;bar_vol=53;fp_vol=53;n_quote=25;n_rule=0
2956|2026-06-18T08:29:49.4080000|ZONE_TOUCHED|zone_id=10226_S;created_bar=10226;side=trapped_sellers;lo=1.150175;hi=1.150225;vol=30;bar=10231;touches=1
2957|2026-06-18T08:29:49.4080000|ZONE_INVALIDATED|zone_id=10226_S;created_bar=10226;side=trapped_sellers;lo=1.150175;hi=1.150225;vol=30;reason=close_through;bar=10231
2958|2026-06-18T08:30:55.4800000|TRAP|bar=10235;side=trapped_buyers;vol=12;centroid=1.15035;zone_lo=1.150325;zone_hi=1.150375;n_rows=1;max_ratio=6;close=1.1502;bar_vol=77;fp_vol=77;n_quote=25;n_rule=0
2959|2026-06-18T08:34:32.0400000|TRAP|bar=10242;side=trapped_buyers;vol=16;centroid=1.1506;zone_lo=1.150575;zone_hi=1.150625;n_rows=1;max_ratio=16;close=1.15055;bar_vol=50;fp_vol=50;n_quote=25;n_rule=0
2960|2026-06-18T08:34:52.0440000|TRAP|bar=10243;side=trapped_sellers;vol=48;centroid=1.15055;zone_lo=1.150525;zone_hi=1.150575;n_rows=1;max_ratio=6.85714285714286;close=1.1506;bar_vol=69;fp_vol=69;n_quote=25;n_rule=0
2961|2026-06-18T08:34:52.0440000|ZONE_CREATED|zone_id=10243_S;created_bar=10243;side=trapped_sellers;lo=1.150525;hi=1.150575;vol=48
2962|2026-06-18T08:35:17.7120000|ZONE_TOUCHED|zone_id=10243_S;created_bar=10243;side=trapped_sellers;lo=1.150525;hi=1.150575;vol=48;bar=10244;touches=1
2963|2026-06-18T08:35:33.6000000|ZONE_TOUCHED|zone_id=10243_S;created_bar=10243;side=trapped_sellers;lo=1.150525;hi=1.150575;vol=48;bar=10245;touches=2
2964|2026-06-18T08:35:33.6000000|ZONE_INVALIDATED|zone_id=10243_S;created_bar=10243;side=trapped_sellers;lo=1.150525;hi=1.150575;vol=48;reason=close_through;bar=10245
2965|2026-06-18T08:39:10.6960000|TRAP|bar=10253;side=trapped_sellers;vol=11;centroid=1.15035;zone_lo=1.150325;zone_hi=1.150375;n_rows=1;max_ratio=11;close=1.1504;bar_vol=53;fp_vol=53;n_quote=25;n_rule=0
2966|2026-06-18T08:39:52.5720000|TRAP|bar=10256;side=trapped_buyers;vol=12;centroid=1.15055;zone_lo=1.150525;zone_hi=1.150575;n_rows=1;max_ratio=3;close=1.1505;bar_vol=55;fp_vol=55;n_quote=25;n_rule=0
2967|2026-06-18T08:40:10.4440000|ZONE_TOUCHED|zone_id=10210_S;created_bar=10210;side=trapped_sellers;lo=1.150025;hi=1.150075;vol=31;bar=10259;touches=1
2968|2026-06-18T08:40:22.6080000|ZONE_TOUCHED|zone_id=10210_S;created_bar=10210;side=trapped_sellers;lo=1.150025;hi=1.150075;vol=31;bar=10260;touches=2
2969|2026-06-18T08:40:22.6080000|ZONE_INVALIDATED|zone_id=10210_S;created_bar=10210;side=trapped_sellers;lo=1.150025;hi=1.150075;vol=31;reason=close_through;bar=10260
2970|2026-06-18T08:41:42.2280000|TRAP|bar=10264;side=trapped_buyers;vol=6;centroid=1.1501;zone_lo=1.150075;zone_hi=1.150125;n_rows=1;max_ratio=6;close=1.15005;bar_vol=50;fp_vol=50;n_quote=25;n_rule=0
2971|2026-06-18T08:43:01.1200000|TRAP|bar=10268;side=trapped_sellers;vol=17;centroid=1.15;zone_lo=1.149975;zone_hi=1.150025;n_rows=1;max_ratio=5.66666666666667;close=1.15005;bar_vol=44;fp_vol=44;n_quote=25;n_rule=0
2972|2026-06-18T08:43:23.2040000|TRAP|bar=10269;side=trapped_buyers;vol=5;centroid=1.15005;zone_lo=1.150025;zone_hi=1.150075;n_rows=1;max_ratio=5;close=1.15;bar_vol=55;fp_vol=55;n_quote=25;n_rule=0
2973|2026-06-18T08:51:18.6240000|TRAP|bar=10283;side=trapped_sellers;vol=17;centroid=1.1498;zone_lo=1.149775;zone_hi=1.149825;n_rows=1;max_ratio=5.66666666666667;close=1.1499;bar_vol=54;fp_vol=54;n_quote=25;n_rule=0
2974|2026-06-18T08:53:54.2000000|ZONE_TOUCHED|zone_id=10202_S;created_bar=10202;side=trapped_sellers;lo=1.149675;hi=1.149725;vol=50;bar=10290;touches=1
2975|2026-06-18T08:54:05.1800000|ZONE_TOUCHED|zone_id=10202_S;created_bar=10202;side=trapped_sellers;lo=1.149675;hi=1.149725;vol=50;bar=10291;touches=2
2976|2026-06-18T08:55:18.0520000|ZONE_TOUCHED|zone_id=10202_S;created_bar=10202;side=trapped_sellers;lo=1.149675;hi=1.149725;vol=50;bar=10294;touches=3
2977|2026-06-18T08:55:44.3800000|ZONE_TOUCHED|zone_id=10202_S;created_bar=10202;side=trapped_sellers;lo=1.149675;hi=1.149725;vol=50;bar=10296;touches=4
2978|2026-06-18T08:55:44.3800000|TRAP|bar=10296;side=trapped_buyers;vol=48;centroid=1.1498;zone_lo=1.149775;zone_hi=1.149825;n_rows=1;max_ratio=12;close=1.14975;bar_vol=61;fp_vol=61;n_quote=25;n_rule=0
2979|2026-06-18T08:55:44.3800000|ZONE_CREATED|zone_id=10296_B;created_bar=10296;side=trapped_buyers;lo=1.149775;hi=1.149825;vol=48
2980|2026-06-18T08:56:05.5640000|ZONE_TOUCHED|zone_id=10202_S;created_bar=10202;side=trapped_sellers;lo=1.149675;hi=1.149725;vol=50;bar=10297;touches=5
2981|2026-06-18T08:56:05.5640000|ZONE_INVALIDATED|zone_id=10202_S;created_bar=10202;side=trapped_sellers;lo=1.149675;hi=1.149725;vol=50;reason=close_through;bar=10297
2982|2026-06-18T08:56:05.5640000|TRAP|bar=10297;side=trapped_buyers;vol=4;centroid=1.14975;zone_lo=1.149725;zone_hi=1.149775;n_rows=1;max_ratio=4;close=1.14965;bar_vol=50;fp_vol=50;n_quote=25;n_rule=0
2983|2026-06-18T08:57:13.8360000|TRAP|bar=10300;side=trapped_buyers;vol=20;centroid=1.1497;zone_lo=1.149675;zone_hi=1.149725;n_rows=1;max_ratio=10;close=1.14965;bar_vol=43;fp_vol=43;n_quote=25;n_rule=0
2984|2026-06-18T08:57:39.8160000|ZONE_TOUCHED|zone_id=10296_B;created_bar=10296;side=trapped_buyers;lo=1.149775;hi=1.149825;vol=48;bar=10301;touches=1
2985|2026-06-18T08:57:39.8160000|ZONE_INVALIDATED|zone_id=10296_B;created_bar=10296;side=trapped_buyers;lo=1.149775;hi=1.149825;vol=48;reason=close_through;bar=10301
2986|2026-06-18T08:58:11.7920000|TRAP|bar=10304;side=trapped_buyers;vol=54;centroid=1.14975;zone_lo=1.149725;zone_hi=1.149775;n_rows=1;max_ratio=6;close=1.1497;bar_vol=69;fp_vol=69;n_quote=25;n_rule=0
2987|2026-06-18T08:58:11.7920000|ZONE_CREATED|zone_id=10304_B;created_bar=10304;side=trapped_buyers;lo=1.149725;hi=1.149775;vol=54
2988|2026-06-18T08:58:23.7200000|TRAP|bar=10305;side=trapped_sellers;vol=42;centroid=1.14965;zone_lo=1.149625;zone_hi=1.149675;n_rows=1;max_ratio=7;close=1.1497;bar_vol=58;fp_vol=58;n_quote=25;n_rule=0
2989|2026-06-18T08:58:23.7200000|ZONE_CREATED|zone_id=10305_S;created_bar=10305;side=trapped_sellers;lo=1.149625;hi=1.149675;vol=42
2990|2026-06-18T08:58:47.6080000|ZONE_TOUCHED|zone_id=10305_S;created_bar=10305;side=trapped_sellers;lo=1.149625;hi=1.149675;vol=42;bar=10306;touches=1
2991|2026-06-18T08:59:00.9840000|ZONE_TOUCHED|zone_id=10305_S;created_bar=10305;side=trapped_sellers;lo=1.149625;hi=1.149675;vol=42;bar=10307;touches=2
2992|2026-06-18T08:59:00.9840000|ZONE_TOUCHED|zone_id=10304_B;created_bar=10304;side=trapped_buyers;lo=1.149725;hi=1.149775;vol=54;bar=10307;touches=1
2993|2026-06-18T08:59:04.4040000|ZONE_TOUCHED|zone_id=10305_S;created_bar=10305;side=trapped_sellers;lo=1.149625;hi=1.149675;vol=42;bar=10308;touches=3
2994|2026-06-18T08:59:04.4040000|ZONE_TOUCHED|zone_id=10304_B;created_bar=10304;side=trapped_buyers;lo=1.149725;hi=1.149775;vol=54;bar=10308;touches=2
2995|2026-06-18T08:59:04.4040000|ZONE_TOUCHED|zone_id=10305_S;created_bar=10305;side=trapped_sellers;lo=1.149625;hi=1.149675;vol=42;bar=10309;touches=4
2996|2026-06-18T08:59:04.4040000|ZONE_INVALIDATED|zone_id=10305_S;created_bar=10305;side=trapped_sellers;lo=1.149625;hi=1.149675;vol=42;reason=close_through;bar=10309
2997|2026-06-18T08:59:46.0000000|ZONE_TOUCHED|zone_id=10304_B;created_bar=10304;side=trapped_buyers;lo=1.149725;hi=1.149775;vol=54;bar=10311;touches=3
2998|2026-06-18T09:00:00.0280000|ZONE_TOUCHED|zone_id=10304_B;created_bar=10304;side=trapped_buyers;lo=1.149725;hi=1.149775;vol=54;bar=10312;touches=4
2999|2026-06-18T09:00:00.0280000|ZONE_INVALIDATED|zone_id=10304_B;created_bar=10304;side=trapped_buyers;lo=1.149725;hi=1.149775;vol=54;reason=close_through;bar=10312
3000|2026-06-18T09:00:14.5800000|TRAP|bar=10313;side=trapped_buyers;vol=13;centroid=1.14985;zone_lo=1.149825;zone_hi=1.149875;n_rows=1;max_ratio=13;close=1.14975;bar_vol=56;fp_vol=56;n_quote=25;n_rule=0
3001|2026-06-18T09:00:37.8120000|TRAP|bar=10314;side=trapped_buyers;vol=7;centroid=1.14975;zone_lo=1.149725;zone_hi=1.149775;n_rows=1;max_ratio=3.5;close=1.1497;bar_vol=40;fp_vol=40;n_quote=25;n_rule=0
3002|2026-06-18T09:00:45.6560000|TRAP|bar=10315;side=trapped_buyers;vol=33;centroid=1.1497;zone_lo=1.149675;zone_hi=1.149725;n_rows=1;max_ratio=3.66666666666667;close=1.14965;bar_vol=54;fp_vol=54;n_quote=25;n_rule=0
3003|2026-06-18T09:00:45.6560000|ZONE_CREATED|zone_id=10315_B;created_bar=10315;side=trapped_buyers;lo=1.149675;hi=1.149725;vol=33
3004|2026-06-18T09:01:05.2520000|TRAP|bar=10317;side=trapped_buyers;vol=22;centroid=1.14965;zone_lo=1.149625;zone_hi=1.149675;n_rows=1;max_ratio=7.33333333333333;close=1.1496;bar_vol=54;fp_vol=54;n_quote=25;n_rule=0
3005|2026-06-18T09:01:25.5720000|TRAP|bar=10320;side=trapped_buyers;vol=21;centroid=1.1495;zone_lo=1.149475;zone_hi=1.149525;n_rows=1;max_ratio=7;close=1.14945;bar_vol=35;fp_vol=35;n_quote=25;n_rule=0
3006|2026-06-18T09:04:25.6200000|ZONE_TOUCHED|zone_id=10315_B;created_bar=10315;side=trapped_buyers;lo=1.149675;hi=1.149725;vol=33;bar=10331;touches=1
3007|2026-06-18T09:04:34.2240000|ZONE_TOUCHED|zone_id=10315_B;created_bar=10315;side=trapped_buyers;lo=1.149675;hi=1.149725;vol=33;bar=10332;touches=2
3008|2026-06-18T09:04:45.0920000|ZONE_TOUCHED|zone_id=10315_B;created_bar=10315;side=trapped_buyers;lo=1.149675;hi=1.149725;vol=33;bar=10333;touches=3
3009|2026-06-18T09:04:45.0920000|ZONE_INVALIDATED|zone_id=10315_B;created_bar=10315;side=trapped_buyers;lo=1.149675;hi=1.149725;vol=33;reason=close_through;bar=10333
3010|2026-06-18T09:08:51.3800000|TRAP|bar=10354;side=trapped_buyers;vol=9;centroid=1.1502;zone_lo=1.150175;zone_hi=1.150225;n_rows=1;max_ratio=9;close=1.1501;bar_vol=57;fp_vol=57;n_quote=25;n_rule=0
3011|2026-06-18T09:09:01.2360000|TRAP|bar=10355;side=trapped_buyers;vol=35;centroid=1.1501;zone_lo=1.150075;zone_hi=1.150125;n_rows=1;max_ratio=4.375;close=1.15005;bar_vol=57;fp_vol=57;n_quote=25;n_rule=0
3012|2026-06-18T09:09:01.2360000|ZONE_CREATED|zone_id=10355_B;created_bar=10355;side=trapped_buyers;lo=1.150075;hi=1.150125;vol=35
3013|2026-06-18T09:09:49.6160000|ZONE_TOUCHED|zone_id=10355_B;created_bar=10355;side=trapped_buyers;lo=1.150075;hi=1.150125;vol=35;bar=10358;touches=1
3014|2026-06-18T09:09:57.1680000|ZONE_TOUCHED|zone_id=10355_B;created_bar=10355;side=trapped_buyers;lo=1.150075;hi=1.150125;vol=35;bar=10359;touches=2
3015|2026-06-18T09:09:57.1680000|ZONE_INVALIDATED|zone_id=10355_B;created_bar=10355;side=trapped_buyers;lo=1.150075;hi=1.150125;vol=35;reason=close_through;bar=10359
3016|2026-06-18T09:10:30.9440000|TRAP|bar=10362;side=trapped_sellers;vol=23;centroid=1.15015;zone_lo=1.150125;zone_hi=1.150175;n_rows=1;max_ratio=4.6;close=1.15025;bar_vol=46;fp_vol=46;n_quote=25;n_rule=0
3017|2026-06-18T09:16:31.3360000|TRAP|bar=10392;side=trapped_buyers;vol=15;centroid=1.15095;zone_lo=1.150925;zone_hi=1.150975;n_rows=1;max_ratio=7.5;close=1.15085;bar_vol=47;fp_vol=47;n_quote=25;n_rule=0
3018|2026-06-18T09:17:41.5400000|TRAP|bar=10397;side=trapped_sellers;vol=24;centroid=1.15065;zone_lo=1.150625;zone_hi=1.150675;n_rows=1;max_ratio=8;close=1.1507;bar_vol=43;fp_vol=43;n_quote=25;n_rule=0
3019|2026-06-18T09:17:52.1040000|TRAP|bar=10398;side=trapped_buyers;vol=9;centroid=1.1507;zone_lo=1.150675;zone_hi=1.150725;n_rows=1;max_ratio=9;close=1.15055;bar_vol=41;fp_vol=41;n_quote=25;n_rule=0
3020|2026-06-18T09:20:11.6320000|TRAP|bar=10406;side=trapped_buyers;vol=195;centroid=1.1509;zone_lo=1.150875;zone_hi=1.150925;n_rows=1;max_ratio=48.75;close=1.15085;bar_vol=261;fp_vol=261;n_quote=25;n_rule=0
3021|2026-06-18T09:20:11.6320000|ZONE_CREATED|zone_id=10406_B;created_bar=10406;side=trapped_buyers;lo=1.150875;hi=1.150925;vol=195
3022|2026-06-18T09:20:18.9320000|ZONE_TOUCHED|zone_id=10406_B;created_bar=10406;side=trapped_buyers;lo=1.150875;hi=1.150925;vol=195;bar=10407;touches=1
3023|2026-06-18T09:20:31.5520000|ZONE_TOUCHED|zone_id=10406_B;created_bar=10406;side=trapped_buyers;lo=1.150875;hi=1.150925;vol=195;bar=10408;touches=2
3024|2026-06-18T09:20:31.5520000|ZONE_INVALIDATED|zone_id=10406_B;created_bar=10406;side=trapped_buyers;lo=1.150875;hi=1.150925;vol=195;reason=close_through;bar=10408
3025|2026-06-18T09:21:31.4320000|TRAP|bar=10440;side=trapped_sellers;vol=42;centroid=1.152;zone_lo=1.151975;zone_hi=1.152025;n_rows=1;max_ratio=14;close=1.15205;bar_vol=53;fp_vol=53;n_quote=25;n_rule=0
3026|2026-06-18T09:21:31.4320000|ZONE_CREATED|zone_id=10440_S;created_bar=10440;side=trapped_sellers;lo=1.151975;hi=1.152025;vol=42
3027|2026-06-18T09:21:32.4040000|ZONE_TOUCHED|zone_id=10440_S;created_bar=10440;side=trapped_sellers;lo=1.151975;hi=1.152025;vol=42;bar=10441;touches=1
3028|2026-06-18T09:21:34.1880000|ZONE_TOUCHED|zone_id=10440_S;created_bar=10440;side=trapped_sellers;lo=1.151975;hi=1.152025;vol=42;bar=10442;touches=2
3029|2026-06-18T09:21:34.7760000|ZONE_TOUCHED|zone_id=10440_S;created_bar=10440;side=trapped_sellers;lo=1.151975;hi=1.152025;vol=42;bar=10443;touches=3
3030|2026-06-18T09:21:34.9640000|ZONE_TOUCHED|zone_id=10440_S;created_bar=10440;side=trapped_sellers;lo=1.151975;hi=1.152025;vol=42;bar=10444;touches=4
3031|2026-06-18T09:21:37.2600000|ZONE_TOUCHED|zone_id=10440_S;created_bar=10440;side=trapped_sellers;lo=1.151975;hi=1.152025;vol=42;bar=10445;touches=5
3032|2026-06-18T09:21:38.2160000|ZONE_TOUCHED|zone_id=10440_S;created_bar=10440;side=trapped_sellers;lo=1.151975;hi=1.152025;vol=42;bar=10447;touches=6
3033|2026-06-18T09:21:38.2360000|ZONE_TOUCHED|zone_id=10440_S;created_bar=10440;side=trapped_sellers;lo=1.151975;hi=1.152025;vol=42;bar=10448;touches=7
3034|2026-06-18T09:21:38.2360000|ZONE_INVALIDATED|zone_id=10440_S;created_bar=10440;side=trapped_sellers;lo=1.151975;hi=1.152025;vol=42;reason=close_through;bar=10448
3035|2026-06-18T09:21:38.2360000|TRAP|bar=10448;side=trapped_buyers;vol=6;centroid=1.15205;zone_lo=1.152025;zone_hi=1.152075;n_rows=1;max_ratio=6;close=1.1519;bar_vol=55;fp_vol=55;n_quote=25;n_rule=0
3036|2026-06-18T09:21:41.8360000|TRAP|bar=10455;side=trapped_buyers;vol=41;centroid=1.1522;zone_lo=1.152175;zone_hi=1.152225;n_rows=1;max_ratio=6.83333333333333;close=1.15215;bar_vol=50;fp_vol=50;n_quote=25;n_rule=0
3037|2026-06-18T09:21:41.8360000|ZONE_CREATED|zone_id=10455_B;created_bar=10455;side=trapped_buyers;lo=1.152175;hi=1.152225;vol=41
3038|2026-06-18T09:21:43.9160000|ZONE_TOUCHED|zone_id=10455_B;created_bar=10455;side=trapped_buyers;lo=1.152175;hi=1.152225;vol=41;bar=10456;touches=1
3039|2026-06-18T09:22:06.9880000|TRAP|bar=10474;side=trapped_sellers;vol=12;centroid=1.15185;zone_lo=1.151825;zone_hi=1.151875;n_rows=1;max_ratio=3;close=1.1519;bar_vol=66;fp_vol=66;n_quote=25;n_rule=0
3040|2026-06-18T09:22:14.9960000|TRAP|bar=10478;side=trapped_buyers;vol=15;centroid=1.1519;zone_lo=1.151875;zone_hi=1.151925;n_rows=1;max_ratio=3.75;close=1.15175;bar_vol=45;fp_vol=45;n_quote=25;n_rule=0
3041|2026-06-18T09:22:14.9960000|TRAP|bar=10478;side=trapped_sellers;vol=4;centroid=1.1517;zone_lo=1.151675;zone_hi=1.151725;n_rows=1;max_ratio=4;close=1.15175;bar_vol=45;fp_vol=45;n_quote=25;n_rule=0
3042|2026-06-18T09:22:15.0040000|TRAP|bar=10479;side=trapped_sellers;vol=9;centroid=1.15175;zone_lo=1.151725;zone_hi=1.151775;n_rows=1;max_ratio=9;close=1.15185;bar_vol=50;fp_vol=50;n_quote=25;n_rule=0
3043|2026-06-18T09:22:34.0560000|TRAP|bar=10483;side=trapped_buyers;vol=30;centroid=1.152;zone_lo=1.151975;zone_hi=1.152025;n_rows=1;max_ratio=30;close=1.15195;bar_vol=57;fp_vol=57;n_quote=25;n_rule=0
3044|2026-06-18T09:22:34.0560000|ZONE_CREATED|zone_id=10483_B;created_bar=10483;side=trapped_buyers;lo=1.151975;hi=1.152025;vol=30
3045|2026-06-18T09:25:41.1160000|ZONE_TOUCHED|zone_id=10483_B;created_bar=10483;side=trapped_buyers;lo=1.151975;hi=1.152025;vol=30;bar=10505;touches=1
3046|2026-06-18T09:25:43.6480000|ZONE_TOUCHED|zone_id=10483_B;created_bar=10483;side=trapped_buyers;lo=1.151975;hi=1.152025;vol=30;bar=10506;touches=2
3047|2026-06-18T09:25:50.1640000|ZONE_TOUCHED|zone_id=10483_B;created_bar=10483;side=trapped_buyers;lo=1.151975;hi=1.152025;vol=30;bar=10507;touches=3
3048|2026-06-18T09:25:50.1760000|ZONE_TOUCHED|zone_id=10483_B;created_bar=10483;side=trapped_buyers;lo=1.151975;hi=1.152025;vol=30;bar=10508;touches=4
3049|2026-06-18T09:25:55.2800000|ZONE_TOUCHED|zone_id=10483_B;created_bar=10483;side=trapped_buyers;lo=1.151975;hi=1.152025;vol=30;bar=10509;touches=5
3050|2026-06-18T09:26:00.1000000|ZONE_TOUCHED|zone_id=10483_B;created_bar=10483;side=trapped_buyers;lo=1.151975;hi=1.152025;vol=30;bar=10510;touches=6
3051|2026-06-18T09:26:08.5120000|ZONE_TOUCHED|zone_id=10483_B;created_bar=10483;side=trapped_buyers;lo=1.151975;hi=1.152025;vol=30;bar=10511;touches=7
3052|2026-06-18T09:26:08.5120000|TRAP|bar=10511;side=trapped_buyers;vol=8;centroid=1.15205;zone_lo=1.152025;zone_hi=1.152075;n_rows=1;max_ratio=8;close=1.15195;bar_vol=41;fp_vol=41;n_quote=25;n_rule=0
3053|2026-06-18T09:27:06.9520000|TRAP|bar=10517;side=trapped_buyers;vol=8;centroid=1.1518;zone_lo=1.151775;zone_hi=1.151825;n_rows=1;max_ratio=4;close=1.15165;bar_vol=41;fp_vol=41;n_quote=25;n_rule=0
3054|2026-06-18T09:27:53.6280000|TRAP|bar=10522;side=trapped_sellers;vol=24;centroid=1.1513;zone_lo=1.151275;zone_hi=1.151325;n_rows=1;max_ratio=3.42857142857143;close=1.15135;bar_vol=36;fp_vol=36;n_quote=25;n_rule=0
3055|2026-06-18T09:30:06.4840000|TRAP|bar=10537;side=trapped_sellers;vol=13;centroid=1.15115;zone_lo=1.151125;zone_hi=1.151175;n_rows=1;max_ratio=3.25;close=1.15125;bar_vol=43;fp_vol=43;n_quote=25;n_rule=0
3056|2026-06-18T09:35:15.7480000|TRAP|bar=10561;side=trapped_sellers;vol=13;centroid=1.151;zone_lo=1.150975;zone_hi=1.151025;n_rows=1;max_ratio=3.25;close=1.1511;bar_vol=51;fp_vol=51;n_quote=25;n_rule=0
3057|2026-06-18T09:38:33.7720000|TRAP|bar=10571;side=trapped_sellers;vol=16;centroid=1.15085;zone_lo=1.150825;zone_hi=1.150875;n_rows=1;max_ratio=5.33333333333333;close=1.1509;bar_vol=41;fp_vol=41;n_quote=25;n_rule=0
3058|2026-06-18T09:43:15.1840000|TRAP|bar=10590;side=trapped_sellers;vol=12;centroid=1.1509;zone_lo=1.150875;zone_hi=1.150925;n_rows=1;max_ratio=4;close=1.151;bar_vol=50;fp_vol=50;n_quote=25;n_rule=0
3059|2026-06-18T09:43:45.9720000|TRAP|bar=10592;side=trapped_sellers;vol=13;centroid=1.15085;zone_lo=1.150825;zone_hi=1.150875;n_rows=1;max_ratio=3.25;close=1.1509;bar_vol=42;fp_vol=42;n_quote=25;n_rule=0
3060|2026-06-18T09:43:46.2240000|TRAP|bar=10593;side=trapped_buyers;vol=24;centroid=1.1509;zone_lo=1.150875;zone_hi=1.150925;n_rows=1;max_ratio=4.8;close=1.15085;bar_vol=39;fp_vol=39;n_quote=25;n_rule=0
3061|2026-06-18T09:45:31.4880000|TRAP|bar=10601;side=trapped_sellers;vol=16;centroid=1.15055;zone_lo=1.150525;zone_hi=1.150575;n_rows=1;max_ratio=3.2;close=1.1506;bar_vol=45;fp_vol=45;n_quote=25;n_rule=0
3062|2026-06-18T09:45:49.1960000|TRAP|bar=10602;side=trapped_sellers;vol=19;centroid=1.1506;zone_lo=1.150575;zone_hi=1.150625;n_rows=1;max_ratio=3.8;close=1.15075;bar_vol=45;fp_vol=45;n_quote=25;n_rule=0
3063|2026-06-18T09:47:22.6560000|TRAP|bar=10607;side=trapped_sellers;vol=5;centroid=1.1506;zone_lo=1.150575;zone_hi=1.150625;n_rows=1;max_ratio=5;close=1.1507;bar_vol=35;fp_vol=35;n_quote=25;n_rule=0
3064|2026-06-18T09:47:50.6400000|TRAP|bar=10610;side=trapped_buyers;vol=8;centroid=1.15075;zone_lo=1.150725;zone_hi=1.150775;n_rows=1;max_ratio=8;close=1.1507;bar_vol=39;fp_vol=39;n_quote=25;n_rule=0
3065|2026-06-18T09:48:23.4800000|TRAP|bar=10611;side=trapped_buyers;vol=40;centroid=1.15075;zone_lo=1.150725;zone_hi=1.150775;n_rows=1;max_ratio=20;close=1.1507;bar_vol=75;fp_vol=75;n_quote=25;n_rule=0
3066|2026-06-18T09:48:23.4800000|ZONE_CREATED|zone_id=10611_B;created_bar=10611;side=trapped_buyers;lo=1.150725;hi=1.150775;vol=40
3067|2026-06-18T09:48:48.7120000|ZONE_TOUCHED|zone_id=10611_B;created_bar=10611;side=trapped_buyers;lo=1.150725;hi=1.150775;vol=40;bar=10613;touches=1
3068|2026-06-18T09:48:48.7120000|ZONE_INVALIDATED|zone_id=10611_B;created_bar=10611;side=trapped_buyers;lo=1.150725;hi=1.150775;vol=40;reason=close_through;bar=10613
3069|2026-06-18T09:49:01.7680000|TRAP|bar=10614;side=trapped_sellers;vol=27;centroid=1.15075;zone_lo=1.150725;zone_hi=1.150775;n_rows=1;max_ratio=27;close=1.1508;bar_vol=60;fp_vol=60;n_quote=25;n_rule=0
3070|2026-06-18T09:51:45.7480000|TRAP|bar=10625;side=trapped_sellers;vol=32;centroid=1.15115;zone_lo=1.151125;zone_hi=1.151175;n_rows=1;max_ratio=6.4;close=1.1512;bar_vol=51;fp_vol=51;n_quote=25;n_rule=0
3071|2026-06-18T09:51:45.7480000|ZONE_CREATED|zone_id=10625_S;created_bar=10625;side=trapped_sellers;lo=1.151125;hi=1.151175;vol=32
3072|2026-06-18T09:51:58.9960000|ZONE_TOUCHED|zone_id=10625_S;created_bar=10625;side=trapped_sellers;lo=1.151125;hi=1.151175;vol=32;bar=10626;touches=1
3073|2026-06-18T09:52:08.0000000|ZONE_TOUCHED|zone_id=10625_S;created_bar=10625;side=trapped_sellers;lo=1.151125;hi=1.151175;vol=32;bar=10627;touches=2
3074|2026-06-18T09:52:26.9280000|ZONE_TOUCHED|zone_id=10625_S;created_bar=10625;side=trapped_sellers;lo=1.151125;hi=1.151175;vol=32;bar=10628;touches=3
3075|2026-06-18T09:52:26.9280000|ZONE_INVALIDATED|zone_id=10625_S;created_bar=10625;side=trapped_sellers;lo=1.151125;hi=1.151175;vol=32;reason=close_through;bar=10628
3076|2026-06-18T09:52:48.0840000|TRAP|bar=10631;side=trapped_buyers;vol=60;centroid=1.15105;zone_lo=1.151025;zone_hi=1.151075;n_rows=1;max_ratio=20;close=1.151;bar_vol=66;fp_vol=66;n_quote=25;n_rule=0
3077|2026-06-18T09:52:48.0840000|ZONE_CREATED|zone_id=10631_B;created_bar=10631;side=trapped_buyers;lo=1.151025;hi=1.151075;vol=60
3078|2026-06-18T09:52:48.1600000|ZONE_TOUCHED|zone_id=10631_B;created_bar=10631;side=trapped_buyers;lo=1.151025;hi=1.151075;vol=60;bar=10632;touches=1
3079|2026-06-18T09:52:48.1600000|ZONE_INVALIDATED|zone_id=10631_B;created_bar=10631;side=trapped_buyers;lo=1.151025;hi=1.151075;vol=60;reason=close_through;bar=10632
3080|2026-06-18T09:52:52.6760000|TRAP|bar=10634;side=trapped_buyers;vol=33;centroid=1.15115;zone_lo=1.151125;zone_hi=1.151175;n_rows=1;max_ratio=5.5;close=1.15105;bar_vol=66;fp_vol=66;n_quote=25;n_rule=0
3081|2026-06-18T09:52:52.6760000|ZONE_CREATED|zone_id=10634_B;created_bar=10634;side=trapped_buyers;lo=1.151125;hi=1.151175;vol=33
3082|2026-06-18T09:52:56.1640000|ZONE_TOUCHED|zone_id=10634_B;created_bar=10634;side=trapped_buyers;lo=1.151125;hi=1.151175;vol=33;bar=10637;touches=1
3083|2026-06-18T09:52:57.3440000|ZONE_TOUCHED|zone_id=10634_B;created_bar=10634;side=trapped_buyers;lo=1.151125;hi=1.151175;vol=33;bar=10638;touches=2
3084|2026-06-18T09:52:57.3440000|TRAP|bar=10638;side=trapped_buyers;vol=25;centroid=1.15115;zone_lo=1.151125;zone_hi=1.151175;n_rows=1;max_ratio=3.57142857142857;close=1.1511;bar_vol=57;fp_vol=57;n_quote=25;n_rule=0
3085|2026-06-18T09:52:59.8960000|ZONE_TOUCHED|zone_id=10634_B;created_bar=10634;side=trapped_buyers;lo=1.151125;hi=1.151175;vol=33;bar=10639;touches=3
3086|2026-06-18T09:52:59.9000000|ZONE_TOUCHED|zone_id=10634_B;created_bar=10634;side=trapped_buyers;lo=1.151125;hi=1.151175;vol=33;bar=10640;touches=4
3087|2026-06-18T09:52:59.9000000|ZONE_INVALIDATED|zone_id=10634_B;created_bar=10634;side=trapped_buyers;lo=1.151125;hi=1.151175;vol=33;reason=close_through;bar=10640
3088|2026-06-18T09:52:59.9080000|TRAP|bar=10641;side=trapped_buyers;vol=61;centroid=1.15125;zone_lo=1.151225;zone_hi=1.151275;n_rows=1;max_ratio=3.38888888888889;close=1.1512;bar_vol=79;fp_vol=79;n_quote=25;n_rule=0
3089|2026-06-18T09:52:59.9080000|ZONE_CREATED|zone_id=10641_B;created_bar=10641;side=trapped_buyers;lo=1.151225;hi=1.151275;vol=61
3090|2026-06-18T09:53:00.9960000|ZONE_TOUCHED|zone_id=10641_B;created_bar=10641;side=trapped_buyers;lo=1.151225;hi=1.151275;vol=61;bar=10642;touches=1
3091|2026-06-18T09:53:06.7320000|ZONE_TOUCHED|zone_id=10641_B;created_bar=10641;side=trapped_buyers;lo=1.151225;hi=1.151275;vol=61;bar=10643;touches=2
3092|2026-06-18T09:53:06.7320000|TRAP|bar=10643;side=trapped_buyers;vol=29;centroid=1.15125;zone_lo=1.151225;zone_hi=1.151275;n_rows=1;max_ratio=29;close=1.1512;bar_vol=52;fp_vol=52;n_quote=25;n_rule=0
3093|2026-06-18T09:53:12.5040000|ZONE_TOUCHED|zone_id=10641_B;created_bar=10641;side=trapped_buyers;lo=1.151225;hi=1.151275;vol=61;bar=10645;touches=3
3094|2026-06-18T09:53:13.3680000|ZONE_TOUCHED|zone_id=10641_B;created_bar=10641;side=trapped_buyers;lo=1.151225;hi=1.151275;vol=61;bar=10646;touches=4
3095|2026-06-18T09:54:16.2160000|TRAP|bar=10656;side=trapped_sellers;vol=13;centroid=1.15105;zone_lo=1.151025;zone_hi=1.151075;n_rows=1;max_ratio=3.25;close=1.1511;bar_vol=54;fp_vol=54;n_quote=25;n_rule=0
3096|2026-06-18T09:56:45.6480000|TRAP|bar=10664;side=trapped_buyers;vol=39;centroid=1.15105;zone_lo=1.151025;zone_hi=1.151075;n_rows=1;max_ratio=3.9;close=1.15095;bar_vol=50;fp_vol=50;n_quote=25;n_rule=0
3097|2026-06-18T09:56:45.6480000|ZONE_CREATED|zone_id=10664_B;created_bar=10664;side=trapped_buyers;lo=1.151025;hi=1.151075;vol=39
3098|2026-06-18T09:57:08.8880000|TRAP|bar=10665;side=trapped_buyers;vol=18;centroid=1.151;zone_lo=1.150975;zone_hi=1.151025;n_rows=1;max_ratio=3.6;close=1.1509;bar_vol=58;fp_vol=58;n_quote=25;n_rule=0
3099|2026-06-18T09:57:08.9640000|TRAP|bar=10666;side=trapped_sellers;vol=31;centroid=1.1509;zone_lo=1.150875;zone_hi=1.150925;n_rows=1;max_ratio=3.1;close=1.15095;bar_vol=54;fp_vol=54;n_quote=25;n_rule=0
3100|2026-06-18T09:57:08.9640000|ZONE_CREATED|zone_id=10666_S;created_bar=10666;side=trapped_sellers;lo=1.150875;hi=1.150925;vol=31
3101|2026-06-18T09:57:20.1840000|ZONE_TOUCHED|zone_id=10666_S;created_bar=10666;side=trapped_sellers;lo=1.150875;hi=1.150925;vol=31;bar=10667;touches=1
3102|2026-06-18T09:57:28.6880000|ZONE_TOUCHED|zone_id=10666_S;created_bar=10666;side=trapped_sellers;lo=1.150875;hi=1.150925;vol=31;bar=10668;touches=2
3103|2026-06-18T09:57:28.6880000|ZONE_INVALIDATED|zone_id=10666_S;created_bar=10666;side=trapped_sellers;lo=1.150875;hi=1.150925;vol=31;reason=close_through;bar=10668
3104|2026-06-18T09:57:28.7680000|ZONE_TOUCHED|zone_id=10664_B;created_bar=10664;side=trapped_buyers;lo=1.151025;hi=1.151075;vol=39;bar=10671;touches=1
3105|2026-06-18T09:57:28.7680000|ZONE_INVALIDATED|zone_id=10664_B;created_bar=10664;side=trapped_buyers;lo=1.151025;hi=1.151075;vol=39;reason=close_through;bar=10671
3106|2026-06-18T09:57:28.8160000|TRAP|bar=10672;side=trapped_buyers;vol=11;centroid=1.15115;zone_lo=1.151125;zone_hi=1.151175;n_rows=1;max_ratio=5.5;close=1.15105;bar_vol=66;fp_vol=66;n_quote=25;n_rule=0
3107|2026-06-18T09:57:28.8560000|TRAP|bar=10673;side=trapped_sellers;vol=27;centroid=1.15105;zone_lo=1.151025;zone_hi=1.151075;n_rows=1;max_ratio=3.85714285714286;close=1.1511;bar_vol=47;fp_vol=47;n_quote=25;n_rule=0
3108|2026-06-18T09:58:06.5120000|TRAP|bar=10677;side=trapped_sellers;vol=39;centroid=1.15105;zone_lo=1.151025;zone_hi=1.151075;n_rows=1;max_ratio=4.875;close=1.15115;bar_vol=58;fp_vol=58;n_quote=25;n_rule=0
3109|2026-06-18T09:58:06.5120000|ZONE_CREATED|zone_id=10677_S;created_bar=10677;side=trapped_sellers;lo=1.151025;hi=1.151075;vol=39
3110|2026-06-18T09:58:14.4800000|ZONE_TOUCHED|zone_id=10641_B;created_bar=10641;side=trapped_buyers;lo=1.151225;hi=1.151275;vol=61;bar=10679;touches=5
3111|2026-06-18T09:59:06.6360000|ZONE_TOUCHED|zone_id=10677_S;created_bar=10677;side=trapped_sellers;lo=1.151025;hi=1.151075;vol=39;bar=10680;touches=1
3112|2026-06-18T09:59:06.6360000|ZONE_TOUCHED|zone_id=10641_B;created_bar=10641;side=trapped_buyers;lo=1.151225;hi=1.151275;vol=61;bar=10680;touches=6
3113|2026-06-18T09:59:59.1000000|ZONE_TOUCHED|zone_id=10677_S;created_bar=10677;side=trapped_sellers;lo=1.151025;hi=1.151075;vol=39;bar=10681;touches=2
3114|2026-06-18T10:00:10.0240000|ZONE_TOUCHED|zone_id=10677_S;created_bar=10677;side=trapped_sellers;lo=1.151025;hi=1.151075;vol=39;bar=10682;touches=3
3115|2026-06-18T10:00:10.0240000|ZONE_INVALIDATED|zone_id=10677_S;created_bar=10677;side=trapped_sellers;lo=1.151025;hi=1.151075;vol=39;reason=close_through;bar=10682
3116|2026-06-18T10:01:14.5960000|TRAP|bar=10690;side=trapped_sellers;vol=19;centroid=1.1509;zone_lo=1.150875;zone_hi=1.150925;n_rows=1;max_ratio=19;close=1.151;bar_vol=76;fp_vol=76;n_quote=25;n_rule=0
3117|2026-06-18T10:01:52.2320000|TRAP|bar=10693;side=trapped_sellers;vol=8;centroid=1.151;zone_lo=1.150975;zone_hi=1.151025;n_rows=1;max_ratio=8;close=1.15105;bar_vol=34;fp_vol=34;n_quote=25;n_rule=0
3118|2026-06-18T10:01:53.4520000|TRAP|bar=10694;side=trapped_buyers;vol=15;centroid=1.15105;zone_lo=1.151025;zone_hi=1.151075;n_rows=1;max_ratio=3.75;close=1.15095;bar_vol=41;fp_vol=41;n_quote=25;n_rule=0
3119|2026-06-18T10:02:13.5440000|TRAP|bar=10696;side=trapped_sellers;vol=18;centroid=1.15095;zone_lo=1.150925;zone_hi=1.150975;n_rows=1;max_ratio=9;close=1.151;bar_vol=49;fp_vol=49;n_quote=25;n_rule=0
3120|2026-06-18T10:03:22.3840000|TRAP|bar=10703;side=trapped_buyers;vol=31;centroid=1.15105;zone_lo=1.151025;zone_hi=1.151075;n_rows=1;max_ratio=10.3333333333333;close=1.151;bar_vol=55;fp_vol=55;n_quote=25;n_rule=0
3121|2026-06-18T10:03:22.3840000|ZONE_CREATED|zone_id=10703_B;created_bar=10703;side=trapped_buyers;lo=1.151025;hi=1.151075;vol=31
3122|2026-06-18T10:03:23.6320000|ZONE_TOUCHED|zone_id=10703_B;created_bar=10703;side=trapped_buyers;lo=1.151025;hi=1.151075;vol=31;bar=10704;touches=1
3123|2026-06-18T10:03:23.7720000|ZONE_TOUCHED|zone_id=10703_B;created_bar=10703;side=trapped_buyers;lo=1.151025;hi=1.151075;vol=31;bar=10705;touches=2
3124|2026-06-18T10:03:23.7720000|ZONE_INVALIDATED|zone_id=10703_B;created_bar=10703;side=trapped_buyers;lo=1.151025;hi=1.151075;vol=31;reason=close_through;bar=10705
3125|2026-06-18T10:03:49.6800000|TRAP|bar=10709;side=trapped_buyers;vol=36;centroid=1.151;zone_lo=1.150975;zone_hi=1.151025;n_rows=1;max_ratio=36;close=1.1509;bar_vol=43;fp_vol=43;n_quote=25;n_rule=0
3126|2026-06-18T10:03:49.6800000|ZONE_CREATED|zone_id=10709_B;created_bar=10709;side=trapped_buyers;lo=1.150975;hi=1.151025;vol=36
3127|2026-06-18T10:06:31.2240000|TRAP|bar=10727;side=trapped_sellers;vol=24;centroid=1.1506;zone_lo=1.150575;zone_hi=1.150625;n_rows=1;max_ratio=12;close=1.15065;bar_vol=45;fp_vol=45;n_quote=25;n_rule=0
3128|2026-06-18T10:07:29.9040000|TRAP|bar=10731;side=trapped_buyers;vol=9;centroid=1.1505;zone_lo=1.150475;zone_hi=1.150525;n_rows=1;max_ratio=4.5;close=1.15045;bar_vol=78;fp_vol=78;n_quote=25;n_rule=0
3129|2026-06-18T10:08:37.2040000|TRAP|bar=10735;side=trapped_buyers;vol=32;centroid=1.1505;zone_lo=1.150475;zone_hi=1.150525;n_rows=1;max_ratio=32;close=1.15045;bar_vol=48;fp_vol=48;n_quote=25;n_rule=0
3130|2026-06-18T10:08:37.2040000|ZONE_CREATED|zone_id=10735_B;created_bar=10735;side=trapped_buyers;lo=1.150475;hi=1.150525;vol=32
3131|2026-06-18T10:08:43.4960000|ZONE_TOUCHED|zone_id=10735_B;created_bar=10735;side=trapped_buyers;lo=1.150475;hi=1.150525;vol=32;bar=10736;touches=1
3132|2026-06-18T10:08:56.2360000|ZONE_TOUCHED|zone_id=10735_B;created_bar=10735;side=trapped_buyers;lo=1.150475;hi=1.150525;vol=32;bar=10737;touches=2
3133|2026-06-18T10:08:56.2360000|ZONE_INVALIDATED|zone_id=10735_B;created_bar=10735;side=trapped_buyers;lo=1.150475;hi=1.150525;vol=32;reason=close_through;bar=10737
3134|2026-06-18T10:09:17.7400000|TRAP|bar=10738;side=trapped_buyers;vol=25;centroid=1.15055;zone_lo=1.150525;zone_hi=1.150575;n_rows=1;max_ratio=12.5;close=1.1505;bar_vol=49;fp_vol=49;n_quote=25;n_rule=0
3135|2026-06-18T10:11:09.1920000|ZONE_TOUCHED|zone_id=10709_B;created_bar=10709;side=trapped_buyers;lo=1.150975;hi=1.151025;vol=36;bar=10749;touches=1
3136|2026-06-18T10:11:12.5400000|ZONE_TOUCHED|zone_id=10709_B;created_bar=10709;side=trapped_buyers;lo=1.150975;hi=1.151025;vol=36;bar=10750;touches=2
3137|2026-06-18T10:11:33.9800000|ZONE_TOUCHED|zone_id=10709_B;created_bar=10709;side=trapped_buyers;lo=1.150975;hi=1.151025;vol=36;bar=10751;touches=3
3138|2026-06-18T10:11:41.2440000|ZONE_TOUCHED|zone_id=10709_B;created_bar=10709;side=trapped_buyers;lo=1.150975;hi=1.151025;vol=36;bar=10752;touches=4
3139|2026-06-18T10:11:41.2440000|TRAP|bar=10752;side=trapped_buyers;vol=14;centroid=1.15105;zone_lo=1.151025;zone_hi=1.151075;n_rows=1;max_ratio=4.66666666666667;close=1.15095;bar_vol=54;fp_vol=54;n_quote=25;n_rule=0
3140|2026-06-18T10:11:41.2440000|ZONE_TOUCHED|zone_id=10709_B;created_bar=10709;side=trapped_buyers;lo=1.150975;hi=1.151025;vol=36;bar=10753;touches=5
3141|2026-06-18T10:11:41.2440000|ZONE_TOUCHED|zone_id=10709_B;created_bar=10709;side=trapped_buyers;lo=1.150975;hi=1.151025;vol=36;bar=10754;touches=6
3142|2026-06-18T10:11:41.2440000|ZONE_INVALIDATED|zone_id=10709_B;created_bar=10709;side=trapped_buyers;lo=1.150975;hi=1.151025;vol=36;reason=close_through;bar=10754
3143|2026-06-18T10:11:50.5280000|TRAP|bar=10756;side=trapped_sellers;vol=27;centroid=1.15095;zone_lo=1.150925;zone_hi=1.150975;n_rows=1;max_ratio=27;close=1.151;bar_vol=57;fp_vol=57;n_quote=25;n_rule=0
3144|2026-06-18T10:15:31.8280000|ZONE_TOUCHED|zone_id=10641_B;created_bar=10641;side=trapped_buyers;lo=1.151225;hi=1.151275;vol=61;bar=10773;touches=7
3145|2026-06-18T10:15:39.4520000|ZONE_TOUCHED|zone_id=10641_B;created_bar=10641;side=trapped_buyers;lo=1.151225;hi=1.151275;vol=61;bar=10774;touches=8
3146|2026-06-18T10:15:39.4520000|TRAP|bar=10774;side=trapped_buyers;vol=23;centroid=1.15125;zone_lo=1.151225;zone_hi=1.151275;n_rows=1;max_ratio=5.75;close=1.15115;bar_vol=81;fp_vol=81;n_quote=25;n_rule=0
3147|2026-06-18T10:15:52.9000000|TRAP|bar=10775;side=trapped_buyers;vol=27;centroid=1.15115;zone_lo=1.151125;zone_hi=1.151175;n_rows=1;max_ratio=3.375;close=1.1511;bar_vol=38;fp_vol=38;n_quote=25;n_rule=0
3148|2026-06-18T10:16:44.1360000|TRAP|bar=10780;side=trapped_buyers;vol=29;centroid=1.1509;zone_lo=1.150875;zone_hi=1.150925;n_rows=1;max_ratio=29;close=1.1508;bar_vol=46;fp_vol=46;n_quote=25;n_rule=0
3149|2026-06-18T10:22:04.0880000|TRAP|bar=10802;side=trapped_buyers;vol=14;centroid=1.15045;zone_lo=1.150425;zone_hi=1.150475;n_rows=1;max_ratio=4.66666666666667;close=1.1504;bar_vol=46;fp_vol=46;n_quote=25;n_rule=0
3150|2026-06-18T10:25:00.0640000|TRAP|bar=10809;side=trapped_buyers;vol=7;centroid=1.1506;zone_lo=1.150575;zone_hi=1.150625;n_rows=1;max_ratio=3.5;close=1.15055;bar_vol=33;fp_vol=33;n_quote=25;n_rule=0
3151|2026-06-18T10:25:00.1440000|TRAP|bar=10810;side=trapped_sellers;vol=4;centroid=1.15045;zone_lo=1.150425;zone_hi=1.150475;n_rows=1;max_ratio=4;close=1.15065;bar_vol=37;fp_vol=37;n_quote=25;n_rule=0
3152|2026-06-18T10:25:31.7000000|TRAP|bar=10817;side=trapped_buyers;vol=22;centroid=1.1508;zone_lo=1.150775;zone_hi=1.150825;n_rows=1;max_ratio=4.4;close=1.15075;bar_vol=35;fp_vol=35;n_quote=25;n_rule=0
3153|2026-06-18T10:25:58.2240000|TRAP|bar=10819;side=trapped_buyers;vol=29;centroid=1.1507;zone_lo=1.150675;zone_hi=1.150725;n_rows=1;max_ratio=7.25;close=1.15055;bar_vol=41;fp_vol=41;n_quote=25;n_rule=0
3154|2026-06-18T10:29:32.4240000|TRAP|bar=10834;side=trapped_buyers;vol=9;centroid=1.15105;zone_lo=1.151025;zone_hi=1.151075;n_rows=1;max_ratio=4.5;close=1.151;bar_vol=37;fp_vol=37;n_quote=25;n_rule=0
3155|2026-06-18T10:30:02.0440000|ZONE_TOUCHED|zone_id=10641_B;created_bar=10641;side=trapped_buyers;lo=1.151225;hi=1.151275;vol=61;bar=10839;touches=9
3156|2026-06-18T10:30:03.8240000|ZONE_TOUCHED|zone_id=10641_B;created_bar=10641;side=trapped_buyers;lo=1.151225;hi=1.151275;vol=61;bar=10840;touches=10
3157|2026-06-18T10:30:08.6760000|ZONE_TOUCHED|zone_id=10641_B;created_bar=10641;side=trapped_buyers;lo=1.151225;hi=1.151275;vol=61;bar=10841;touches=11
3158|2026-06-18T10:30:08.6760000|ZONE_INVALIDATED|zone_id=10641_B;created_bar=10641;side=trapped_buyers;lo=1.151225;hi=1.151275;vol=61;reason=close_through;bar=10841
3159|2026-06-18T10:30:08.6760000|TRAP|bar=10841;side=trapped_sellers;vol=41;centroid=1.15125;zone_lo=1.151225;zone_hi=1.151275;n_rows=1;max_ratio=41;close=1.1513;bar_vol=56;fp_vol=56;n_quote=25;n_rule=0
3160|2026-06-18T10:30:08.6760000|ZONE_CREATED|zone_id=10841_S;created_bar=10841;side=trapped_sellers;lo=1.151225;hi=1.151275;vol=41
3161|2026-06-18T10:30:18.9520000|ZONE_TOUCHED|zone_id=10841_S;created_bar=10841;side=trapped_sellers;lo=1.151225;hi=1.151275;vol=41;bar=10842;touches=1
3162|2026-06-18T10:30:22.5440000|ZONE_TOUCHED|zone_id=10841_S;created_bar=10841;side=trapped_sellers;lo=1.151225;hi=1.151275;vol=41;bar=10843;touches=2
3163|2026-06-18T10:30:22.5440000|ZONE_INVALIDATED|zone_id=10841_S;created_bar=10841;side=trapped_sellers;lo=1.151225;hi=1.151275;vol=41;reason=close_through;bar=10843
3164|2026-06-18T10:31:08.0560000|TRAP|bar=10849;side=trapped_sellers;vol=52;centroid=1.15135;zone_lo=1.151325;zone_hi=1.151375;n_rows=1;max_ratio=3.05882352941176;close=1.15145;bar_vol=80;fp_vol=80;n_quote=25;n_rule=0
3165|2026-06-18T10:31:08.0560000|ZONE_CREATED|zone_id=10849_S;created_bar=10849;side=trapped_sellers;lo=1.151325;hi=1.151375;vol=52
3166|2026-06-18T10:31:16.5400000|ZONE_TOUCHED|zone_id=10849_S;created_bar=10849;side=trapped_sellers;lo=1.151325;hi=1.151375;vol=52;bar=10850;touches=1
3167|2026-06-18T10:31:16.5400000|ZONE_INVALIDATED|zone_id=10849_S;created_bar=10849;side=trapped_sellers;lo=1.151325;hi=1.151375;vol=52;reason=close_through;bar=10850
3168|2026-06-18T10:31:44.1440000|TRAP|bar=10853;side=trapped_sellers;vol=19;centroid=1.1513;zone_lo=1.151275;zone_hi=1.151325;n_rows=1;max_ratio=9.5;close=1.1514;bar_vol=38;fp_vol=38;n_quote=25;n_rule=0
3169|2026-06-18T10:33:03.6080000|TRAP|bar=10863;side=trapped_buyers;vol=44;centroid=1.1516;zone_lo=1.151575;zone_hi=1.151625;n_rows=1;max_ratio=5.5;close=1.15155;bar_vol=53;fp_vol=53;n_quote=25;n_rule=0
3170|2026-06-18T10:33:03.6080000|ZONE_CREATED|zone_id=10863_B;created_bar=10863;side=trapped_buyers;lo=1.151575;hi=1.151625;vol=44
3171|2026-06-18T10:33:17.2480000|ZONE_TOUCHED|zone_id=10863_B;created_bar=10863;side=trapped_buyers;lo=1.151575;hi=1.151625;vol=44;bar=10864;touches=1
3172|2026-06-18T10:33:17.2480000|ZONE_INVALIDATED|zone_id=10863_B;created_bar=10863;side=trapped_buyers;lo=1.151575;hi=1.151625;vol=44;reason=close_through;bar=10864
3173|2026-06-18T10:34:27.7480000|TRAP|bar=10873;side=trapped_buyers;vol=12;centroid=1.15185;zone_lo=1.151825;zone_hi=1.151875;n_rows=1;max_ratio=6;close=1.1518;bar_vol=38;fp_vol=38;n_quote=25;n_rule=0
3174|2026-06-18T10:35:29.9880000|TRAP|bar=10879;side=trapped_sellers;vol=13;centroid=1.15175;zone_lo=1.151725;zone_hi=1.151775;n_rows=1;max_ratio=4.33333333333333;close=1.1519;bar_vol=36;fp_vol=36;n_quote=25;n_rule=0
3175|2026-06-18T10:36:10.2760000|ZONE_TOUCHED|zone_id=10483_B;created_bar=10483;side=trapped_buyers;lo=1.151975;hi=1.152025;vol=30;bar=10884;touches=8
3176|2026-06-18T10:36:17.2120000|ZONE_TOUCHED|zone_id=10483_B;created_bar=10483;side=trapped_buyers;lo=1.151975;hi=1.152025;vol=30;bar=10885;touches=9
3177|2026-06-18T10:36:21.1120000|ZONE_TOUCHED|zone_id=10483_B;created_bar=10483;side=trapped_buyers;lo=1.151975;hi=1.152025;vol=30;bar=10886;touches=10
3178|2026-06-18T10:36:32.0320000|ZONE_TOUCHED|zone_id=10483_B;created_bar=10483;side=trapped_buyers;lo=1.151975;hi=1.152025;vol=30;bar=10887;touches=11
3179|2026-06-18T10:36:37.9240000|ZONE_TOUCHED|zone_id=10483_B;created_bar=10483;side=trapped_buyers;lo=1.151975;hi=1.152025;vol=30;bar=10888;touches=12
3180|2026-06-18T10:36:49.3800000|ZONE_TOUCHED|zone_id=10483_B;created_bar=10483;side=trapped_buyers;lo=1.151975;hi=1.152025;vol=30;bar=10890;touches=13
3181|2026-06-18T10:36:52.9840000|ZONE_TOUCHED|zone_id=10483_B;created_bar=10483;side=trapped_buyers;lo=1.151975;hi=1.152025;vol=30;bar=10891;touches=14
3182|2026-06-18T10:36:52.9840000|ZONE_INVALIDATED|zone_id=10483_B;created_bar=10483;side=trapped_buyers;lo=1.151975;hi=1.152025;vol=30;reason=close_through;bar=10891
3183|2026-06-18T10:39:23.6240000|ZONE_TOUCHED|zone_id=10455_B;created_bar=10455;side=trapped_buyers;lo=1.152175;hi=1.152225;vol=41;bar=10910;touches=2
3184|2026-06-18T10:39:23.6240000|ZONE_INVALIDATED|zone_id=10455_B;created_bar=10455;side=trapped_buyers;lo=1.152175;hi=1.152225;vol=41;reason=close_through;bar=10910
3185|2026-06-18T10:39:26.8800000|ZONE_TOUCHED|zone_id=9888_B;created_bar=9888;side=trapped_buyers;lo=1.152275;hi=1.152325;vol=33;bar=10911;touches=4
3186|2026-06-18T10:39:30.2560000|ZONE_TOUCHED|zone_id=9888_B;created_bar=9888;side=trapped_buyers;lo=1.152275;hi=1.152325;vol=33;bar=10912;touches=5
3187|2026-06-18T10:39:40.4960000|ZONE_TOUCHED|zone_id=9888_B;created_bar=9888;side=trapped_buyers;lo=1.152275;hi=1.152325;vol=33;bar=10913;touches=6
3188|2026-06-18T10:39:40.5320000|ZONE_TOUCHED|zone_id=9888_B;created_bar=9888;side=trapped_buyers;lo=1.152275;hi=1.152325;vol=33;bar=10914;touches=7
3189|2026-06-18T10:39:40.5320000|ZONE_INVALIDATED|zone_id=9888_B;created_bar=9888;side=trapped_buyers;lo=1.152275;hi=1.152325;vol=33;reason=close_through;bar=10914
3190|2026-06-18T10:39:49.3840000|TRAP|bar=10916;side=trapped_buyers;vol=39;centroid=1.15245;zone_lo=1.152425;zone_hi=1.152475;n_rows=1;max_ratio=7.8;close=1.1524;bar_vol=44;fp_vol=44;n_quote=25;n_rule=0
3191|2026-06-18T10:39:49.3840000|ZONE_CREATED|zone_id=10916_B;created_bar=10916;side=trapped_buyers;lo=1.152425;hi=1.152475;vol=39
3192|2026-06-18T10:40:00.2080000|ZONE_TOUCHED|zone_id=10916_B;created_bar=10916;side=trapped_buyers;lo=1.152425;hi=1.152475;vol=39;bar=10917;touches=1
3193|2026-06-18T10:40:00.2080000|TRAP|bar=10917;side=trapped_buyers;vol=28;centroid=1.15245;zone_lo=1.152425;zone_hi=1.152475;n_rows=1;max_ratio=4;close=1.15235;bar_vol=36;fp_vol=36;n_quote=25;n_rule=0
3194|2026-06-18T10:40:12.9080000|TRAP|bar=10920;side=trapped_buyers;vol=17;centroid=1.1523;zone_lo=1.152275;zone_hi=1.152325;n_rows=1;max_ratio=5.66666666666667;close=1.15225;bar_vol=44;fp_vol=44;n_quote=25;n_rule=0
3195|2026-06-18T10:40:26.0720000|TRAP|bar=10922;side=trapped_buyers;vol=11;centroid=1.1522;zone_lo=1.152175;zone_hi=1.152225;n_rows=1;max_ratio=3.66666666666667;close=1.15215;bar_vol=32;fp_vol=32;n_quote=25;n_rule=0
3196|2026-06-18T10:41:22.0440000|TRAP|bar=10928;side=trapped_sellers;vol=17;centroid=1.1519;zone_lo=1.151875;zone_hi=1.151925;n_rows=1;max_ratio=8.5;close=1.15205;bar_vol=45;fp_vol=45;n_quote=25;n_rule=0
3197|2026-06-18T10:42:05.6680000|TRAP|bar=10931;side=trapped_buyers;vol=4;centroid=1.1522;zone_lo=1.152175;zone_hi=1.152225;n_rows=1;max_ratio=4;close=1.15215;bar_vol=44;fp_vol=44;n_quote=25;n_rule=0
3198|2026-06-18T10:43:40.7120000|TRAP|bar=10941;side=trapped_buyers;vol=4;centroid=1.15185;zone_lo=1.151825;zone_hi=1.151875;n_rows=1;max_ratio=4;close=1.1518;bar_vol=28;fp_vol=28;n_quote=25;n_rule=0
3199|2026-06-18T10:45:02.3040000|TRAP|bar=10953;side=trapped_sellers;vol=41;centroid=1.1516;zone_lo=1.151575;zone_hi=1.151625;n_rows=1;max_ratio=8.2;close=1.15165;bar_vol=62;fp_vol=62;n_quote=25;n_rule=0
3200|2026-06-18T10:45:02.3040000|ZONE_CREATED|zone_id=10953_S;created_bar=10953;side=trapped_sellers;lo=1.151575;hi=1.151625;vol=41
3201|2026-06-18T10:45:26.2360000|ZONE_TOUCHED|zone_id=10953_S;created_bar=10953;side=trapped_sellers;lo=1.151575;hi=1.151625;vol=41;bar=10954;touches=1
3202|2026-06-18T10:45:34.2720000|ZONE_TOUCHED|zone_id=10953_S;created_bar=10953;side=trapped_sellers;lo=1.151575;hi=1.151625;vol=41;bar=10955;touches=2
3203|2026-06-18T10:45:44.4240000|ZONE_TOUCHED|zone_id=10953_S;created_bar=10953;side=trapped_sellers;lo=1.151575;hi=1.151625;vol=41;bar=10956;touches=3
3204|2026-06-18T10:45:56.5240000|ZONE_INVALIDATED|zone_id=10953_S;created_bar=10953;side=trapped_sellers;lo=1.151575;hi=1.151625;vol=41;reason=close_through_gap;bar=10957
3205|2026-06-18T10:47:43.7640000|TRAP|bar=10969;side=trapped_buyers;vol=14;centroid=1.15155;zone_lo=1.151525;zone_hi=1.151575;n_rows=1;max_ratio=7;close=1.1515;bar_vol=41;fp_vol=41;n_quote=25;n_rule=0
3206|2026-06-18T10:49:57.0440000|TRAP|bar=10986;side=trapped_sellers;vol=46;centroid=1.1515;zone_lo=1.151475;zone_hi=1.151525;n_rows=1;max_ratio=3.83333333333333;close=1.15155;bar_vol=75;fp_vol=75;n_quote=25;n_rule=0
3207|2026-06-18T10:49:57.0440000|ZONE_CREATED|zone_id=10986_S;created_bar=10986;side=trapped_sellers;lo=1.151475;hi=1.151525;vol=46
3208|2026-06-18T10:50:18.3560000|TRAP|bar=10990;side=trapped_sellers;vol=27;centroid=1.15155;zone_lo=1.151525;zone_hi=1.151575;n_rows=1;max_ratio=3.85714285714286;close=1.1516;bar_vol=39;fp_vol=39;n_quote=25;n_rule=0
3209|2026-06-18T10:50:25.5680000|TRAP|bar=10991;side=trapped_sellers;vol=11;centroid=1.1516;zone_lo=1.151575;zone_hi=1.151625;n_rows=1;max_ratio=3.66666666666667;close=1.15165;bar_vol=43;fp_vol=43;n_quote=25;n_rule=0
3210|2026-06-18T10:51:11.5200000|ZONE_TOUCHED|zone_id=10986_S;created_bar=10986;side=trapped_sellers;lo=1.151475;hi=1.151525;vol=46;bar=10993;touches=1
3211|2026-06-18T10:51:11.5200000|TRAP|bar=10993;side=trapped_buyers;vol=5;centroid=1.1516;zone_lo=1.151575;zone_hi=1.151625;n_rows=1;max_ratio=5;close=1.1515;bar_vol=40;fp_vol=40;n_quote=25;n_rule=0
3212|2026-06-18T10:51:21.7280000|ZONE_TOUCHED|zone_id=10986_S;created_bar=10986;side=trapped_sellers;lo=1.151475;hi=1.151525;vol=46;bar=10994;touches=2
3213|2026-06-18T10:51:31.2320000|ZONE_TOUCHED|zone_id=10986_S;created_bar=10986;side=trapped_sellers;lo=1.151475;hi=1.151525;vol=46;bar=10996;touches=3
3214|2026-06-18T10:52:08.1120000|ZONE_TOUCHED|zone_id=10986_S;created_bar=10986;side=trapped_sellers;lo=1.151475;hi=1.151525;vol=46;bar=11004;touches=4
3215|2026-06-18T10:52:08.1120000|ZONE_INVALIDATED|zone_id=10986_S;created_bar=10986;side=trapped_sellers;lo=1.151475;hi=1.151525;vol=46;reason=close_through;bar=11004
3216|2026-06-18T10:52:28.4160000|TRAP|bar=11005;side=trapped_sellers;vol=18;centroid=1.15145;zone_lo=1.151425;zone_hi=1.151475;n_rows=1;max_ratio=6;close=1.1515;bar_vol=38;fp_vol=38;n_quote=25;n_rule=0
3217|2026-06-18T10:52:57.5960000|TRAP|bar=11006;side=trapped_buyers;vol=30;centroid=1.1515;zone_lo=1.151475;zone_hi=1.151525;n_rows=1;max_ratio=30;close=1.15145;bar_vol=51;fp_vol=51;n_quote=25;n_rule=0
3218|2026-06-18T10:52:57.5960000|ZONE_CREATED|zone_id=11006_B;created_bar=11006;side=trapped_buyers;lo=1.151475;hi=1.151525;vol=30
3219|2026-06-18T10:53:05.3640000|ZONE_TOUCHED|zone_id=11006_B;created_bar=11006;side=trapped_buyers;lo=1.151475;hi=1.151525;vol=30;bar=11007;touches=1
3220|2026-06-18T10:53:05.3640000|ZONE_INVALIDATED|zone_id=11006_B;created_bar=11006;side=trapped_buyers;lo=1.151475;hi=1.151525;vol=30;reason=close_through;bar=11007
3221|2026-06-18T10:54:22.3320000|TRAP|bar=11012;side=trapped_sellers;vol=16;centroid=1.1514;zone_lo=1.151375;zone_hi=1.151425;n_rows=1;max_ratio=5.33333333333333;close=1.15145;bar_vol=55;fp_vol=55;n_quote=25;n_rule=0
3222|2026-06-18T10:54:33.1120000|TRAP|bar=11014;side=trapped_buyers;vol=11;centroid=1.1515;zone_lo=1.151475;zone_hi=1.151525;n_rows=1;max_ratio=3.66666666666667;close=1.1514;bar_vol=43;fp_vol=43;n_quote=25;n_rule=0
3223|2026-06-18T10:57:28.4760000|TRAP|bar=11027;side=trapped_buyers;vol=13;centroid=1.1514;zone_lo=1.151375;zone_hi=1.151425;n_rows=1;max_ratio=13;close=1.15135;bar_vol=27;fp_vol=27;n_quote=25;n_rule=0
3224|2026-06-18T10:57:28.4760000|TRAP|bar=11027;side=trapped_sellers;vol=3;centroid=1.1513;zone_lo=1.151275;zone_hi=1.151325;n_rows=1;max_ratio=3;close=1.15135;bar_vol=27;fp_vol=27;n_quote=25;n_rule=0
3225|2026-06-18T10:59:14.3840000|TRAP|bar=11033;side=trapped_buyers;vol=10;centroid=1.1514;zone_lo=1.151375;zone_hi=1.151425;n_rows=1;max_ratio=10;close=1.1513;bar_vol=39;fp_vol=39;n_quote=25;n_rule=0
3226|2026-06-18T11:00:16.2520000|TRAP|bar=11047;side=trapped_buyers;vol=18;centroid=1.1512;zone_lo=1.151175;zone_hi=1.151225;n_rows=1;max_ratio=18;close=1.1511;bar_vol=53;fp_vol=53;n_quote=25;n_rule=0
3227|2026-06-18T11:00:18.4080000|TRAP|bar=11048;side=trapped_sellers;vol=79;centroid=1.1511;zone_lo=1.151075;zone_hi=1.151125;n_rows=1;max_ratio=79;close=1.15115;bar_vol=84;fp_vol=84;n_quote=25;n_rule=0
3228|2026-06-18T11:00:18.4080000|ZONE_CREATED|zone_id=11048_S;created_bar=11048;side=trapped_sellers;lo=1.151075;hi=1.151125;vol=79
3229|2026-06-18T11:00:35.3840000|ZONE_TOUCHED|zone_id=11048_S;created_bar=11048;side=trapped_sellers;lo=1.151075;hi=1.151125;vol=79;bar=11050;touches=1
3230|2026-06-18T11:00:35.3840000|ZONE_INVALIDATED|zone_id=11048_S;created_bar=11048;side=trapped_sellers;lo=1.151075;hi=1.151125;vol=79;reason=close_through;bar=11050
3231|2026-06-18T11:01:04.2680000|TRAP|bar=11053;side=trapped_sellers;vol=24;centroid=1.15115;zone_lo=1.151125;zone_hi=1.151175;n_rows=1;max_ratio=4;close=1.15125;bar_vol=41;fp_vol=41;n_quote=25;n_rule=0
3232|2026-06-18T11:01:16.0040000|TRAP|bar=11055;side=trapped_buyers;vol=12;centroid=1.15135;zone_lo=1.151325;zone_hi=1.151375;n_rows=1;max_ratio=3;close=1.1513;bar_vol=63;fp_vol=63;n_quote=25;n_rule=0
3233|2026-06-18T11:02:11.8000000|TRAP|bar=11059;side=trapped_buyers;vol=6;centroid=1.1513;zone_lo=1.151275;zone_hi=1.151325;n_rows=1;max_ratio=3;close=1.1512;bar_vol=30;fp_vol=30;n_quote=25;n_rule=0
3234|2026-06-18T11:03:47.9760000|TRAP|bar=11065;side=trapped_buyers;vol=20;centroid=1.15135;zone_lo=1.151325;zone_hi=1.151375;n_rows=1;max_ratio=10;close=1.1513;bar_vol=33;fp_vol=33;n_quote=25;n_rule=0
3235|2026-06-18T11:04:18.0240000|TRAP|bar=11066;side=trapped_buyers;vol=31;centroid=1.15135;zone_lo=1.151325;zone_hi=1.151375;n_rows=1;max_ratio=7.75;close=1.1513;bar_vol=55;fp_vol=55;n_quote=25;n_rule=0
3236|2026-06-18T11:04:18.0240000|ZONE_CREATED|zone_id=11066_B;created_bar=11066;side=trapped_buyers;lo=1.151325;hi=1.151375;vol=31
3237|2026-06-18T11:05:59.3400000|ZONE_TOUCHED|zone_id=11066_B;created_bar=11066;side=trapped_buyers;lo=1.151325;hi=1.151375;vol=31;bar=11072;touches=1
3238|2026-06-18T11:06:04.6920000|ZONE_TOUCHED|zone_id=11066_B;created_bar=11066;side=trapped_buyers;lo=1.151325;hi=1.151375;vol=31;bar=11073;touches=2
3239|2026-06-18T11:06:04.6920000|ZONE_INVALIDATED|zone_id=11066_B;created_bar=11066;side=trapped_buyers;lo=1.151325;hi=1.151375;vol=31;reason=close_through;bar=11073
3240|2026-06-18T11:06:30.7200000|TRAP|bar=11076;side=trapped_sellers;vol=30;centroid=1.15135;zone_lo=1.151325;zone_hi=1.151375;n_rows=1;max_ratio=3.33333333333333;close=1.1514;bar_vol=54;fp_vol=54;n_quote=25;n_rule=0
3241|2026-06-18T11:06:30.7200000|ZONE_CREATED|zone_id=11076_S;created_bar=11076;side=trapped_sellers;lo=1.151325;hi=1.151375;vol=30
3242|2026-06-18T11:07:02.9840000|TRAP|bar=11078;side=trapped_sellers;vol=14;centroid=1.1514;zone_lo=1.151375;zone_hi=1.151425;n_rows=1;max_ratio=3.5;close=1.15145;bar_vol=41;fp_vol=41;n_quote=25;n_rule=0
3243|2026-06-18T11:07:36.1680000|ZONE_TOUCHED|zone_id=11076_S;created_bar=11076;side=trapped_sellers;lo=1.151325;hi=1.151375;vol=30;bar=11081;touches=1
3244|2026-06-18T11:08:03.3240000|ZONE_TOUCHED|zone_id=11076_S;created_bar=11076;side=trapped_sellers;lo=1.151325;hi=1.151375;vol=30;bar=11082;touches=2
3245|2026-06-18T11:08:12.3040000|ZONE_TOUCHED|zone_id=11076_S;created_bar=11076;side=trapped_sellers;lo=1.151325;hi=1.151375;vol=30;bar=11083;touches=3
3246|2026-06-18T11:08:30.4440000|ZONE_TOUCHED|zone_id=11076_S;created_bar=11076;side=trapped_sellers;lo=1.151325;hi=1.151375;vol=30;bar=11084;touches=4
3247|2026-06-18T11:08:35.3920000|ZONE_TOUCHED|zone_id=11076_S;created_bar=11076;side=trapped_sellers;lo=1.151325;hi=1.151375;vol=30;bar=11085;touches=5
3248|2026-06-18T11:08:39.5120000|ZONE_TOUCHED|zone_id=11076_S;created_bar=11076;side=trapped_sellers;lo=1.151325;hi=1.151375;vol=30;bar=11086;touches=6
3249|2026-06-18T11:08:39.5120000|ZONE_INVALIDATED|zone_id=11076_S;created_bar=11076;side=trapped_sellers;lo=1.151325;hi=1.151375;vol=30;reason=close_through;bar=11086
3250|2026-06-18T11:08:42.9840000|TRAP|bar=11087;side=trapped_sellers;vol=35;centroid=1.1513;zone_lo=1.151275;zone_hi=1.151325;n_rows=1;max_ratio=3.88888888888889;close=1.15135;bar_vol=56;fp_vol=56;n_quote=25;n_rule=0
3251|2026-06-18T11:08:42.9840000|ZONE_CREATED|zone_id=11087_S;created_bar=11087;side=trapped_sellers;lo=1.151275;hi=1.151325;vol=35
3252|2026-06-18T11:08:53.4320000|ZONE_TOUCHED|zone_id=11087_S;created_bar=11087;side=trapped_sellers;lo=1.151275;hi=1.151325;vol=35;bar=11088;touches=1
3253|2026-06-18T11:09:02.4080000|ZONE_TOUCHED|zone_id=11087_S;created_bar=11087;side=trapped_sellers;lo=1.151275;hi=1.151325;vol=35;bar=11089;touches=2
3254|2026-06-18T11:09:18.3640000|ZONE_TOUCHED|zone_id=11087_S;created_bar=11087;side=trapped_sellers;lo=1.151275;hi=1.151325;vol=35;bar=11090;touches=3
3255|2026-06-18T11:09:26.8240000|ZONE_TOUCHED|zone_id=11087_S;created_bar=11087;side=trapped_sellers;lo=1.151275;hi=1.151325;vol=35;bar=11091;touches=4
3256|2026-06-18T11:09:26.8240000|TRAP|bar=11091;side=trapped_sellers;vol=12;centroid=1.1513;zone_lo=1.151275;zone_hi=1.151325;n_rows=1;max_ratio=6;close=1.15135;bar_vol=37;fp_vol=37;n_quote=25;n_rule=0
3257|2026-06-18T11:09:58.9800000|ZONE_TOUCHED|zone_id=11087_S;created_bar=11087;side=trapped_sellers;lo=1.151275;hi=1.151325;vol=35;bar=11093;touches=5
3258|2026-06-18T11:09:58.9800000|ZONE_INVALIDATED|zone_id=11087_S;created_bar=11087;side=trapped_sellers;lo=1.151275;hi=1.151325;vol=35;reason=close_through;bar=11093
3259|2026-06-18T11:10:50.0760000|TRAP|bar=11101;side=trapped_buyers;vol=11;centroid=1.15115;zone_lo=1.151125;zone_hi=1.151175;n_rows=1;max_ratio=11;close=1.1511;bar_vol=38;fp_vol=38;n_quote=25;n_rule=0
3260|2026-06-18T11:12:26.0440000|TRAP|bar=11112;side=trapped_buyers;vol=44;centroid=1.151;zone_lo=1.150975;zone_hi=1.151025;n_rows=1;max_ratio=5.5;close=1.1509;bar_vol=71;fp_vol=71;n_quote=25;n_rule=0
3261|2026-06-18T11:12:26.0440000|ZONE_CREATED|zone_id=11112_B;created_bar=11112;side=trapped_buyers;lo=1.150975;hi=1.151025;vol=44
3262|2026-06-18T11:12:52.4600000|TRAP|bar=11114;side=trapped_buyers;vol=24;centroid=1.15085;zone_lo=1.150825;zone_hi=1.150875;n_rows=1;max_ratio=8;close=1.1508;bar_vol=35;fp_vol=35;n_quote=25;n_rule=0
3263|2026-06-18T11:13:30.3240000|ZONE_TOUCHED|zone_id=11112_B;created_bar=11112;side=trapped_buyers;lo=1.150975;hi=1.151025;vol=44;bar=11117;touches=1
3264|2026-06-18T11:13:35.7280000|ZONE_TOUCHED|zone_id=11112_B;created_bar=11112;side=trapped_buyers;lo=1.150975;hi=1.151025;vol=44;bar=11118;touches=2
3265|2026-06-18T11:13:55.4160000|ZONE_TOUCHED|zone_id=11112_B;created_bar=11112;side=trapped_buyers;lo=1.150975;hi=1.151025;vol=44;bar=11119;touches=3
3266|2026-06-18T11:13:55.4160000|ZONE_INVALIDATED|zone_id=11112_B;created_bar=11112;side=trapped_buyers;lo=1.150975;hi=1.151025;vol=44;reason=close_through;bar=11119
3267|2026-06-18T11:14:59.2680000|TRAP|bar=11125;side=trapped_sellers;vol=50;centroid=1.1512;zone_lo=1.151175;zone_hi=1.151225;n_rows=1;max_ratio=50;close=1.15125;bar_vol=54;fp_vol=54;n_quote=25;n_rule=0
3268|2026-06-18T11:14:59.2680000|ZONE_CREATED|zone_id=11125_S;created_bar=11125;side=trapped_sellers;lo=1.151175;hi=1.151225;vol=50
3269|2026-06-18T11:15:43.9240000|ZONE_TOUCHED|zone_id=11125_S;created_bar=11125;side=trapped_sellers;lo=1.151175;hi=1.151225;vol=50;bar=11127;touches=1
3270|2026-06-18T11:15:43.9240000|TRAP|bar=11127;side=trapped_buyers;vol=6;centroid=1.1513;zone_lo=1.151275;zone_hi=1.151325;n_rows=1;max_ratio=6;close=1.1512;bar_vol=48;fp_vol=48;n_quote=25;n_rule=0
3271|2026-06-18T11:16:05.0920000|ZONE_TOUCHED|zone_id=11125_S;created_bar=11125;side=trapped_sellers;lo=1.151175;hi=1.151225;vol=50;bar=11128;touches=2
3272|2026-06-18T11:16:05.0920000|ZONE_INVALIDATED|zone_id=11125_S;created_bar=11125;side=trapped_sellers;lo=1.151175;hi=1.151225;vol=50;reason=close_through;bar=11128
3273|2026-06-18T11:16:05.0920000|TRAP|bar=11128;side=trapped_sellers;vol=17;centroid=1.1511;zone_lo=1.151075;zone_hi=1.151125;n_rows=1;max_ratio=8.5;close=1.15115;bar_vol=48;fp_vol=48;n_quote=25;n_rule=0
3274|2026-06-18T11:16:59.2440000|TRAP|bar=11132;side=trapped_buyers;vol=10;centroid=1.15125;zone_lo=1.151225;zone_hi=1.151275;n_rows=1;max_ratio=3.33333333333333;close=1.1512;bar_vol=33;fp_vol=33;n_quote=25;n_rule=0
3275|2026-06-18T11:17:53.0200000|TRAP|bar=11137;side=trapped_sellers;vol=9;centroid=1.1511;zone_lo=1.151075;zone_hi=1.151125;n_rows=1;max_ratio=4.5;close=1.1512;bar_vol=38;fp_vol=38;n_quote=25;n_rule=0
3276|2026-06-18T11:22:10.2280000|TRAP|bar=11155;side=trapped_sellers;vol=8;centroid=1.1515;zone_lo=1.151475;zone_hi=1.151525;n_rows=1;max_ratio=8;close=1.15165;bar_vol=43;fp_vol=43;n_quote=25;n_rule=0
3277|2026-06-18T11:25:01.3200000|TRAP|bar=11164;side=trapped_sellers;vol=22;centroid=1.15155;zone_lo=1.151525;zone_hi=1.151575;n_rows=1;max_ratio=7.33333333333333;close=1.15165;bar_vol=39;fp_vol=39;n_quote=25;n_rule=0
3278|2026-06-18T11:29:40.0280000|TRAP|bar=11180;side=trapped_sellers;vol=19;centroid=1.1514;zone_lo=1.151375;zone_hi=1.151425;n_rows=1;max_ratio=9.5;close=1.15145;bar_vol=40;fp_vol=40;n_quote=25;n_rule=0
3279|2026-06-18T11:30:48.5120000|TRAP|bar=11188;side=trapped_buyers;vol=7;centroid=1.1515;zone_lo=1.151475;zone_hi=1.151525;n_rows=1;max_ratio=7;close=1.15135;bar_vol=56;fp_vol=56;n_quote=25;n_rule=0
3280|2026-06-18T11:32:11.1280000|TRAP|bar=11194;side=trapped_buyers;vol=4;centroid=1.15135;zone_lo=1.151325;zone_hi=1.151375;n_rows=1;max_ratio=4;close=1.1513;bar_vol=37;fp_vol=37;n_quote=25;n_rule=0
3281|2026-06-18T11:33:45.7840000|TRAP|bar=11200;side=trapped_buyers;vol=35;centroid=1.1515;zone_lo=1.151475;zone_hi=1.151525;n_rows=1;max_ratio=3.5;close=1.15145;bar_vol=61;fp_vol=61;n_quote=25;n_rule=0
3282|2026-06-18T11:33:45.7840000|ZONE_CREATED|zone_id=11200_B;created_bar=11200;side=trapped_buyers;lo=1.151475;hi=1.151525;vol=35
3283|2026-06-18T11:34:10.9240000|ZONE_TOUCHED|zone_id=11200_B;created_bar=11200;side=trapped_buyers;lo=1.151475;hi=1.151525;vol=35;bar=11202;touches=1
3284|2026-06-18T11:35:11.3200000|ZONE_TOUCHED|zone_id=11200_B;created_bar=11200;side=trapped_buyers;lo=1.151475;hi=1.151525;vol=35;bar=11206;touches=2
3285|2026-06-18T11:35:11.3400000|ZONE_TOUCHED|zone_id=11200_B;created_bar=11200;side=trapped_buyers;lo=1.151475;hi=1.151525;vol=35;bar=11207;touches=3
3286|2026-06-18T11:35:31.0160000|TRAP|bar=11209;side=trapped_sellers;vol=14;centroid=1.15135;zone_lo=1.151325;zone_hi=1.151375;n_rows=1;max_ratio=4.66666666666667;close=1.1514;bar_vol=50;fp_vol=50;n_quote=25;n_rule=0
3287|2026-06-18T11:35:43.8400000|ZONE_TOUCHED|zone_id=11200_B;created_bar=11200;side=trapped_buyers;lo=1.151475;hi=1.151525;vol=35;bar=11210;touches=4
3288|2026-06-18T11:36:08.3800000|ZONE_TOUCHED|zone_id=11200_B;created_bar=11200;side=trapped_buyers;lo=1.151475;hi=1.151525;vol=35;bar=11211;touches=5
3289|2026-06-18T11:36:08.3800000|TRAP|bar=11211;side=trapped_buyers;vol=6;centroid=1.1515;zone_lo=1.151475;zone_hi=1.151525;n_rows=1;max_ratio=6;close=1.1514;bar_vol=35;fp_vol=35;n_quote=25;n_rule=0
3290|2026-06-18T11:36:53.6560000|ZONE_TOUCHED|zone_id=11200_B;created_bar=11200;side=trapped_buyers;lo=1.151475;hi=1.151525;vol=35;bar=11214;touches=6
3291|2026-06-18T11:37:03.4520000|ZONE_TOUCHED|zone_id=11200_B;created_bar=11200;side=trapped_buyers;lo=1.151475;hi=1.151525;vol=35;bar=11215;touches=7
3292|2026-06-18T11:37:23.4320000|ZONE_TOUCHED|zone_id=11200_B;created_bar=11200;side=trapped_buyers;lo=1.151475;hi=1.151525;vol=35;bar=11216;touches=8
3293|2026-06-18T11:37:56.2680000|ZONE_TOUCHED|zone_id=11200_B;created_bar=11200;side=trapped_buyers;lo=1.151475;hi=1.151525;vol=35;bar=11218;touches=9
3294|2026-06-18T11:39:24.8480000|TRAP|bar=11230;side=trapped_sellers;vol=9;centroid=1.15105;zone_lo=1.151025;zone_hi=1.151075;n_rows=1;max_ratio=3;close=1.1511;bar_vol=45;fp_vol=45;n_quote=25;n_rule=0
3295|2026-06-18T11:40:46.5360000|TRAP|bar=11234;side=trapped_buyers;vol=17;centroid=1.1513;zone_lo=1.151275;zone_hi=1.151325;n_rows=1;max_ratio=3.4;close=1.15125;bar_vol=51;fp_vol=51;n_quote=25;n_rule=0
3296|2026-06-18T11:40:53.8720000|TRAP|bar=11235;side=trapped_buyers;vol=11;centroid=1.15125;zone_lo=1.151225;zone_hi=1.151275;n_rows=1;max_ratio=3.66666666666667;close=1.15115;bar_vol=56;fp_vol=56;n_quote=25;n_rule=0
3297|2026-06-18T11:41:33.6560000|TRAP|bar=11238;side=trapped_buyers;vol=42;centroid=1.15125;zone_lo=1.151225;zone_hi=1.151275;n_rows=1;max_ratio=6;close=1.1512;bar_vol=54;fp_vol=54;n_quote=25;n_rule=0
3298|2026-06-18T11:41:33.6560000|ZONE_CREATED|zone_id=11238_B;created_bar=11238;side=trapped_buyers;lo=1.151225;hi=1.151275;vol=42
3299|2026-06-18T11:41:40.2200000|ZONE_TOUCHED|zone_id=11238_B;created_bar=11238;side=trapped_buyers;lo=1.151225;hi=1.151275;vol=42;bar=11240;touches=1
3300|2026-06-18T11:41:40.2520000|ZONE_TOUCHED|zone_id=11238_B;created_bar=11238;side=trapped_buyers;lo=1.151225;hi=1.151275;vol=42;bar=11241;touches=2
3301|2026-06-18T11:41:53.3760000|ZONE_TOUCHED|zone_id=11238_B;created_bar=11238;side=trapped_buyers;lo=1.151225;hi=1.151275;vol=42;bar=11243;touches=3
3302|2026-06-18T11:43:55.0560000|TRAP|bar=11249;side=trapped_buyers;vol=37;centroid=1.1512;zone_lo=1.151175;zone_hi=1.151225;n_rows=1;max_ratio=37;close=1.15115;bar_vol=55;fp_vol=55;n_quote=25;n_rule=0
3303|2026-06-18T11:43:55.0560000|ZONE_CREATED|zone_id=11249_B;created_bar=11249;side=trapped_buyers;lo=1.151175;hi=1.151225;vol=37
3304|2026-06-18T11:44:20.3240000|ZONE_TOUCHED|zone_id=11249_B;created_bar=11249;side=trapped_buyers;lo=1.151175;hi=1.151225;vol=37;bar=11250;touches=1
3305|2026-06-18T11:44:55.6560000|ZONE_TOUCHED|zone_id=11249_B;created_bar=11249;side=trapped_buyers;lo=1.151175;hi=1.151225;vol=37;bar=11251;touches=2
3306|2026-06-18T11:45:12.3240000|ZONE_TOUCHED|zone_id=11249_B;created_bar=11249;side=trapped_buyers;lo=1.151175;hi=1.151225;vol=37;bar=11252;touches=3
3307|2026-06-18T11:45:12.3240000|ZONE_TOUCHED|zone_id=11238_B;created_bar=11238;side=trapped_buyers;lo=1.151225;hi=1.151275;vol=42;bar=11252;touches=4
3308|2026-06-18T11:45:18.7440000|ZONE_TOUCHED|zone_id=11249_B;created_bar=11249;side=trapped_buyers;lo=1.151175;hi=1.151225;vol=37;bar=11253;touches=4
3309|2026-06-18T11:45:18.7440000|ZONE_INVALIDATED|zone_id=11249_B;created_bar=11249;side=trapped_buyers;lo=1.151175;hi=1.151225;vol=37;reason=close_through;bar=11253
3310|2026-06-18T11:45:18.7440000|ZONE_TOUCHED|zone_id=11238_B;created_bar=11238;side=trapped_buyers;lo=1.151225;hi=1.151275;vol=42;bar=11253;touches=5
3311|2026-06-18T11:45:36.5840000|ZONE_INVALIDATED|zone_id=11238_B;created_bar=11238;side=trapped_buyers;lo=1.151225;hi=1.151275;vol=42;reason=close_through_gap;bar=11254
3312|2026-06-18T11:45:56.7840000|ZONE_TOUCHED|zone_id=11200_B;created_bar=11200;side=trapped_buyers;lo=1.151475;hi=1.151525;vol=35;bar=11256;touches=10
3313|2026-06-18T11:46:48.0600000|ZONE_TOUCHED|zone_id=11200_B;created_bar=11200;side=trapped_buyers;lo=1.151475;hi=1.151525;vol=35;bar=11259;touches=11
3314|2026-06-18T11:47:05.7000000|ZONE_TOUCHED|zone_id=11200_B;created_bar=11200;side=trapped_buyers;lo=1.151475;hi=1.151525;vol=35;bar=11260;touches=12
3315|2026-06-18T11:47:22.4800000|ZONE_TOUCHED|zone_id=11200_B;created_bar=11200;side=trapped_buyers;lo=1.151475;hi=1.151525;vol=35;bar=11261;touches=13
3316|2026-06-18T11:47:22.4800000|ZONE_INVALIDATED|zone_id=11200_B;created_bar=11200;side=trapped_buyers;lo=1.151475;hi=1.151525;vol=35;reason=close_through;bar=11261
3317|2026-06-18T11:49:32.1200000|TRAP|bar=11270;side=trapped_buyers;vol=16;centroid=1.1515;zone_lo=1.151475;zone_hi=1.151525;n_rows=1;max_ratio=5.33333333333333;close=1.15145;bar_vol=52;fp_vol=52;n_quote=25;n_rule=0
3318|2026-06-18T11:50:15.6440000|TRAP|bar=11273;side=trapped_buyers;vol=19;centroid=1.1517;zone_lo=1.151675;zone_hi=1.151725;n_rows=1;max_ratio=9.5;close=1.15165;bar_vol=35;fp_vol=35;n_quote=25;n_rule=0
3319|2026-06-18T11:51:09.7160000|TRAP|bar=11278;side=trapped_buyers;vol=15;centroid=1.15185;zone_lo=1.151825;zone_hi=1.151875;n_rows=1;max_ratio=3.75;close=1.1518;bar_vol=39;fp_vol=39;n_quote=25;n_rule=0
3320|2026-06-18T11:57:30.4800000|TRAP|bar=11315;side=trapped_buyers;vol=12;centroid=1.1523;zone_lo=1.152275;zone_hi=1.152325;n_rows=1;max_ratio=3;close=1.15225;bar_vol=48;fp_vol=48;n_quote=25;n_rule=0
3321|2026-06-18T11:57:41.0840000|ZONE_TOUCHED|zone_id=10916_B;created_bar=10916;side=trapped_buyers;lo=1.152425;hi=1.152475;vol=39;bar=11321;touches=2
3322|2026-06-18T11:57:41.8200000|ZONE_TOUCHED|zone_id=10916_B;created_bar=10916;side=trapped_buyers;lo=1.152425;hi=1.152475;vol=39;bar=11322;touches=3
3323|2026-06-18T11:57:43.8360000|ZONE_TOUCHED|zone_id=10916_B;created_bar=10916;side=trapped_buyers;lo=1.152425;hi=1.152475;vol=39;bar=11323;touches=4
3324|2026-06-18T11:57:44.1520000|ZONE_TOUCHED|zone_id=10916_B;created_bar=10916;side=trapped_buyers;lo=1.152425;hi=1.152475;vol=39;bar=11324;touches=5
3325|2026-06-18T11:57:44.1520000|ZONE_INVALIDATED|zone_id=10916_B;created_bar=10916;side=trapped_buyers;lo=1.152425;hi=1.152475;vol=39;reason=close_through;bar=11324
3326|2026-06-18T11:57:52.8800000|TRAP|bar=11328;side=trapped_sellers;vol=10;centroid=1.15255;zone_lo=1.152525;zone_hi=1.152575;n_rows=1;max_ratio=10;close=1.1526;bar_vol=42;fp_vol=42;n_quote=25;n_rule=0
3327|2026-06-18T11:58:19.0720000|TRAP|bar=11340;side=trapped_sellers;vol=32;centroid=1.15255;zone_lo=1.152525;zone_hi=1.152575;n_rows=1;max_ratio=10.6666666666667;close=1.1526;bar_vol=56;fp_vol=56;n_quote=25;n_rule=0
3328|2026-06-18T11:58:19.0720000|ZONE_CREATED|zone_id=11340_S;created_bar=11340;side=trapped_sellers;lo=1.152525;hi=1.152575;vol=32
3329|2026-06-18T11:58:24.8440000|ZONE_TOUCHED|zone_id=11340_S;created_bar=11340;side=trapped_sellers;lo=1.152525;hi=1.152575;vol=32;bar=11341;touches=1
3330|2026-06-18T11:58:27.8680000|ZONE_TOUCHED|zone_id=11340_S;created_bar=11340;side=trapped_sellers;lo=1.152525;hi=1.152575;vol=32;bar=11342;touches=2
3331|2026-06-18T11:58:34.3360000|ZONE_TOUCHED|zone_id=11340_S;created_bar=11340;side=trapped_sellers;lo=1.152525;hi=1.152575;vol=32;bar=11344;touches=3
3332|2026-06-18T11:58:37.5360000|ZONE_TOUCHED|zone_id=11340_S;created_bar=11340;side=trapped_sellers;lo=1.152525;hi=1.152575;vol=32;bar=11346;touches=4
3333|2026-06-18T11:59:07.2320000|TRAP|bar=11361;side=trapped_sellers;vol=71;centroid=1.15265;zone_lo=1.152625;zone_hi=1.152675;n_rows=1;max_ratio=17.75;close=1.1527;bar_vol=80;fp_vol=80;n_quote=25;n_rule=0
3334|2026-06-18T11:59:07.2320000|ZONE_CREATED|zone_id=11361_S;created_bar=11361;side=trapped_sellers;lo=1.152625;hi=1.152675;vol=71
3335|2026-06-18T11:59:07.3880000|ZONE_TOUCHED|zone_id=11361_S;created_bar=11361;side=trapped_sellers;lo=1.152625;hi=1.152675;vol=71;bar=11362;touches=1
3336|2026-06-18T11:59:10.1440000|ZONE_INVALIDATED|zone_id=11361_S;created_bar=11361;side=trapped_sellers;lo=1.152625;hi=1.152675;vol=71;reason=close_through_gap;bar=11363
3337|2026-06-18T11:59:30.4680000|ZONE_TOUCHED|zone_id=11340_S;created_bar=11340;side=trapped_sellers;lo=1.152525;hi=1.152575;vol=32;bar=11367;touches=5
3338|2026-06-18T11:59:33.0120000|ZONE_TOUCHED|zone_id=11340_S;created_bar=11340;side=trapped_sellers;lo=1.152525;hi=1.152575;vol=32;bar=11368;touches=6
3339|2026-06-18T11:59:42.7440000|ZONE_TOUCHED|zone_id=11340_S;created_bar=11340;side=trapped_sellers;lo=1.152525;hi=1.152575;vol=32;bar=11370;touches=7
3340|2026-06-18T12:00:00.1120000|TRAP|bar=11373;side=trapped_sellers;vol=40;centroid=1.1526;zone_lo=1.152575;zone_hi=1.152625;n_rows=1;max_ratio=3.33333333333333;close=1.15265;bar_vol=53;fp_vol=53;n_quote=25;n_rule=0
3341|2026-06-18T12:00:00.1120000|ZONE_CREATED|zone_id=11373_S;created_bar=11373;side=trapped_sellers;lo=1.152575;hi=1.152625;vol=40
3342|2026-06-18T12:00:00.3560000|ZONE_TOUCHED|zone_id=11373_S;created_bar=11373;side=trapped_sellers;lo=1.152575;hi=1.152625;vol=40;bar=11374;touches=1
3343|2026-06-18T12:00:24.9920000|TRAP|bar=11380;side=trapped_buyers;vol=19;centroid=1.1527;zone_lo=1.152675;zone_hi=1.152725;n_rows=1;max_ratio=9.5;close=1.15265;bar_vol=50;fp_vol=50;n_quote=25;n_rule=0
3344|2026-06-18T12:01:15.7560000|TRAP|bar=11394;side=trapped_buyers;vol=32;centroid=1.15275;zone_lo=1.152725;zone_hi=1.152775;n_rows=1;max_ratio=8;close=1.1527;bar_vol=42;fp_vol=42;n_quote=25;n_rule=0
3345|2026-06-18T12:01:15.7560000|ZONE_CREATED|zone_id=11394_B;created_bar=11394;side=trapped_buyers;lo=1.152725;hi=1.152775;vol=32
3346|2026-06-18T12:01:23.9520000|ZONE_TOUCHED|zone_id=11373_S;created_bar=11373;side=trapped_sellers;lo=1.152575;hi=1.152625;vol=40;bar=11396;touches=2
3347|2026-06-18T12:01:31.4040000|ZONE_TOUCHED|zone_id=11373_S;created_bar=11373;side=trapped_sellers;lo=1.152575;hi=1.152625;vol=40;bar=11397;touches=3
3348|2026-06-18T12:01:39.9600000|ZONE_TOUCHED|zone_id=11373_S;created_bar=11373;side=trapped_sellers;lo=1.152575;hi=1.152625;vol=40;bar=11398;touches=4
3349|2026-06-18T12:01:39.9600000|ZONE_TOUCHED|zone_id=11340_S;created_bar=11340;side=trapped_sellers;lo=1.152525;hi=1.152575;vol=32;bar=11398;touches=8
3350|2026-06-18T12:01:40.1920000|ZONE_TOUCHED|zone_id=11373_S;created_bar=11373;side=trapped_sellers;lo=1.152575;hi=1.152625;vol=40;bar=11399;touches=5
3351|2026-06-18T12:01:52.9200000|ZONE_TOUCHED|zone_id=11373_S;created_bar=11373;side=trapped_sellers;lo=1.152575;hi=1.152625;vol=40;bar=11401;touches=6
3352|2026-06-18T12:01:52.9200000|ZONE_INVALIDATED|zone_id=11373_S;created_bar=11373;side=trapped_sellers;lo=1.152575;hi=1.152625;vol=40;reason=close_through;bar=11401
3353|2026-06-18T12:01:52.9200000|ZONE_TOUCHED|zone_id=11340_S;created_bar=11340;side=trapped_sellers;lo=1.152525;hi=1.152575;vol=32;bar=11401;touches=9
3354|2026-06-18T12:01:54.4520000|ZONE_TOUCHED|zone_id=11340_S;created_bar=11340;side=trapped_sellers;lo=1.152525;hi=1.152575;vol=32;bar=11402;touches=10
3355|2026-06-18T12:01:54.4520000|ZONE_INVALIDATED|zone_id=11340_S;created_bar=11340;side=trapped_sellers;lo=1.152525;hi=1.152575;vol=32;reason=close_through;bar=11402
3356|2026-06-18T12:02:41.1200000|TRAP|bar=11417;side=trapped_buyers;vol=25;centroid=1.15245;zone_lo=1.152425;zone_hi=1.152475;n_rows=1;max_ratio=25;close=1.1524;bar_vol=42;fp_vol=42;n_quote=25;n_rule=0
3357|2026-06-18T12:03:36.9160000|TRAP|bar=11424;side=trapped_buyers;vol=3;centroid=1.15225;zone_lo=1.152225;zone_hi=1.152275;n_rows=1;max_ratio=3;close=1.1522;bar_vol=29;fp_vol=29;n_quote=25;n_rule=0
3358|2026-06-18T12:04:59.8120000|TRAP|bar=11430;side=trapped_buyers;vol=17;centroid=1.1522;zone_lo=1.152175;zone_hi=1.152225;n_rows=1;max_ratio=17;close=1.1521;bar_vol=38;fp_vol=38;n_quote=25;n_rule=0
3359|2026-06-18T12:06:02.6280000|TRAP|bar=11435;side=trapped_buyers;vol=6;centroid=1.15225;zone_lo=1.152225;zone_hi=1.152275;n_rows=1;max_ratio=6;close=1.15215;bar_vol=50;fp_vol=50;n_quote=25;n_rule=0
3360|2026-06-18T12:06:28.8080000|TRAP|bar=11438;side=trapped_buyers;vol=36;centroid=1.15225;zone_lo=1.152225;zone_hi=1.152275;n_rows=1;max_ratio=12;close=1.1522;bar_vol=56;fp_vol=56;n_quote=25;n_rule=0
3361|2026-06-18T12:06:28.8080000|ZONE_CREATED|zone_id=11438_B;created_bar=11438;side=trapped_buyers;lo=1.152225;hi=1.152275;vol=36
3362|2026-06-18T12:06:53.7920000|TRAP|bar=11442;side=trapped_sellers;vol=12;centroid=1.15195;zone_lo=1.151925;zone_hi=1.151975;n_rows=1;max_ratio=3;close=1.152;bar_vol=35;fp_vol=35;n_quote=25;n_rule=0
3363|2026-06-18T12:08:35.8960000|TRAP|bar=11451;side=trapped_buyers;vol=23;centroid=1.15205;zone_lo=1.152025;zone_hi=1.152075;n_rows=1;max_ratio=5.75;close=1.15195;bar_vol=45;fp_vol=45;n_quote=25;n_rule=0
3364|2026-06-18T12:08:51.2200000|TRAP|bar=11453;side=trapped_buyers;vol=23;centroid=1.15205;zone_lo=1.152025;zone_hi=1.152075;n_rows=1;max_ratio=4.6;close=1.152;bar_vol=41;fp_vol=41;n_quote=25;n_rule=0
3365|2026-06-18T12:09:11.7640000|TRAP|bar=11455;side=trapped_sellers;vol=17;centroid=1.15205;zone_lo=1.152025;zone_hi=1.152075;n_rows=1;max_ratio=8.5;close=1.1521;bar_vol=48;fp_vol=48;n_quote=25;n_rule=0
3366|2026-06-18T12:09:49.4920000|TRAP|bar=11458;side=trapped_sellers;vol=10;centroid=1.15205;zone_lo=1.152025;zone_hi=1.152075;n_rows=1;max_ratio=3.33333333333333;close=1.15215;bar_vol=38;fp_vol=38;n_quote=25;n_rule=0
3367|2026-06-18T12:10:03.2680000|TRAP|bar=11460;side=trapped_buyers;vol=18;centroid=1.15205;zone_lo=1.152025;zone_hi=1.152075;n_rows=1;max_ratio=6;close=1.152;bar_vol=43;fp_vol=43;n_quote=25;n_rule=0
3368|2026-06-18T12:11:07.4600000|TRAP|bar=11464;side=trapped_buyers;vol=3;centroid=1.15215;zone_lo=1.152125;zone_hi=1.152175;n_rows=1;max_ratio=3;close=1.15205;bar_vol=44;fp_vol=44;n_quote=25;n_rule=0
3369|2026-06-18T12:13:30.4200000|ZONE_TOUCHED|zone_id=11438_B;created_bar=11438;side=trapped_buyers;lo=1.152225;hi=1.152275;vol=36;bar=11475;touches=1
3370|2026-06-18T12:13:30.4200000|TRAP|bar=11475;side=trapped_sellers;vol=21;centroid=1.1522;zone_lo=1.152175;zone_hi=1.152225;n_rows=1;max_ratio=10.5;close=1.15225;bar_vol=34;fp_vol=34;n_quote=25;n_rule=0
3371|2026-06-18T12:13:33.0680000|ZONE_TOUCHED|zone_id=11438_B;created_bar=11438;side=trapped_buyers;lo=1.152225;hi=1.152275;vol=36;bar=11476;touches=2
3372|2026-06-18T12:13:33.0680000|ZONE_INVALIDATED|zone_id=11438_B;created_bar=11438;side=trapped_buyers;lo=1.152225;hi=1.152275;vol=36;reason=close_through;bar=11476
3373|2026-06-18T12:14:04.4120000|TRAP|bar=11478;side=trapped_buyers;vol=28;centroid=1.1523;zone_lo=1.152275;zone_hi=1.152325;n_rows=1;max_ratio=4;close=1.1522;bar_vol=54;fp_vol=54;n_quote=25;n_rule=0
3374|2026-06-18T12:17:06.4240000|TRAP|bar=11490;side=trapped_buyers;vol=28;centroid=1.1519;zone_lo=1.151875;zone_hi=1.151925;n_rows=1;max_ratio=4.66666666666667;close=1.15185;bar_vol=56;fp_vol=56;n_quote=25;n_rule=0
3375|2026-06-18T12:18:18.4600000|TRAP|bar=11493;side=trapped_sellers;vol=23;centroid=1.15185;zone_lo=1.151825;zone_hi=1.151875;n_rows=1;max_ratio=5.75;close=1.1519;bar_vol=39;fp_vol=39;n_quote=25;n_rule=0
3376|2026-06-18T12:19:21.8760000|TRAP|bar=11498;side=trapped_sellers;vol=7;centroid=1.1519;zone_lo=1.151875;zone_hi=1.151925;n_rows=1;max_ratio=3.5;close=1.15195;bar_vol=39;fp_vol=39;n_quote=25;n_rule=0
3377|2026-06-18T12:23:28.7120000|TRAP|bar=11509;side=trapped_buyers;vol=32;centroid=1.15205;zone_lo=1.152025;zone_hi=1.152075;n_rows=1;max_ratio=8;close=1.152;bar_vol=55;fp_vol=55;n_quote=25;n_rule=0
3378|2026-06-18T12:23:28.7120000|ZONE_CREATED|zone_id=11509_B;created_bar=11509;side=trapped_buyers;lo=1.152025;hi=1.152075;vol=32
3379|2026-06-18T12:27:00.1120000|TRAP|bar=11522;side=trapped_buyers;vol=22;centroid=1.15175;zone_lo=1.151725;zone_hi=1.151775;n_rows=1;max_ratio=11;close=1.1517;bar_vol=49;fp_vol=49;n_quote=25;n_rule=0
3380|2026-06-18T12:28:39.4000000|TRAP|bar=11529;side=trapped_sellers;vol=17;centroid=1.1518;zone_lo=1.151775;zone_hi=1.151825;n_rows=1;max_ratio=3.4;close=1.15185;bar_vol=34;fp_vol=34;n_quote=25;n_rule=0
3381|2026-06-18T12:29:39.8880000|TRAP|bar=11535;side=trapped_buyers;vol=21;centroid=1.15185;zone_lo=1.151825;zone_hi=1.151875;n_rows=1;max_ratio=7;close=1.1518;bar_vol=48;fp_vol=48;n_quote=25;n_rule=0
3382|2026-06-18T12:32:19.9840000|TRAP|bar=11543;side=trapped_buyers;vol=18;centroid=1.15175;zone_lo=1.151725;zone_hi=1.151775;n_rows=1;max_ratio=3;close=1.15165;bar_vol=48;fp_vol=48;n_quote=25;n_rule=0
3383|2026-06-18T12:35:51.7840000|TRAP|bar=11562;side=trapped_sellers;vol=3;centroid=1.1515;zone_lo=1.151475;zone_hi=1.151525;n_rows=1;max_ratio=3;close=1.1516;bar_vol=40;fp_vol=40;n_quote=25;n_rule=0
3384|2026-06-18T12:36:34.9400000|ZONE_EXPIRED|zone_id=9565_B;created_bar=9565;side=trapped_buyers;lo=1.153925;hi=1.153975;vol=157;bar=11566
3385|2026-06-18T12:36:34.9400000|TRAP|bar=11566;side=trapped_buyers;vol=23;centroid=1.15185;zone_lo=1.151825;zone_hi=1.151875;n_rows=1;max_ratio=7.66666666666667;close=1.1518;bar_vol=43;fp_vol=43;n_quote=25;n_rule=0
3386|2026-06-18T12:38:24.0080000|TRAP|bar=11574;side=trapped_buyers;vol=6;centroid=1.15165;zone_lo=1.151625;zone_hi=1.151675;n_rows=1;max_ratio=3;close=1.1516;bar_vol=28;fp_vol=28;n_quote=25;n_rule=0
3387|2026-06-18T12:38:42.7400000|TRAP|bar=11576;side=trapped_buyers;vol=14;centroid=1.1516;zone_lo=1.151575;zone_hi=1.151625;n_rows=1;max_ratio=7;close=1.15145;bar_vol=35;fp_vol=35;n_quote=25;n_rule=0
3388|2026-06-18T12:39:02.7240000|TRAP|bar=11577;side=trapped_buyers;vol=10;centroid=1.1515;zone_lo=1.151475;zone_hi=1.151525;n_rows=1;max_ratio=5;close=1.15135;bar_vol=51;fp_vol=51;n_quote=25;n_rule=0
3389|2026-06-18T12:41:11.4240000|ZONE_EXPIRED|zone_id=9587_B;created_bar=9587;side=trapped_buyers;lo=1.153675;hi=1.153725;vol=31;bar=11588
3390|2026-06-18T12:42:36.9360000|TRAP|bar=11594;side=trapped_buyers;vol=44;centroid=1.15145;zone_lo=1.151425;zone_hi=1.151475;n_rows=1;max_ratio=4;close=1.1514;bar_vol=60;fp_vol=60;n_quote=25;n_rule=0
3391|2026-06-18T12:42:36.9360000|ZONE_CREATED|zone_id=11594_B;created_bar=11594;side=trapped_buyers;lo=1.151425;hi=1.151475;vol=44
3392|2026-06-18T12:43:04.6160000|ZONE_TOUCHED|zone_id=11594_B;created_bar=11594;side=trapped_buyers;lo=1.151425;hi=1.151475;vol=44;bar=11596;touches=1
3393|2026-06-18T12:43:19.1400000|ZONE_TOUCHED|zone_id=11594_B;created_bar=11594;side=trapped_buyers;lo=1.151425;hi=1.151475;vol=44;bar=11598;touches=2
3394|2026-06-18T12:43:49.3960000|ZONE_TOUCHED|zone_id=11594_B;created_bar=11594;side=trapped_buyers;lo=1.151425;hi=1.151475;vol=44;bar=11600;touches=3
3395|2026-06-18T12:44:03.3440000|ZONE_TOUCHED|zone_id=11594_B;created_bar=11594;side=trapped_buyers;lo=1.151425;hi=1.151475;vol=44;bar=11601;touches=4
3396|2026-06-18T12:44:07.6440000|ZONE_TOUCHED|zone_id=11594_B;created_bar=11594;side=trapped_buyers;lo=1.151425;hi=1.151475;vol=44;bar=11602;touches=5
3397|2026-06-18T12:44:07.6440000|ZONE_INVALIDATED|zone_id=11594_B;created_bar=11594;side=trapped_buyers;lo=1.151425;hi=1.151475;vol=44;reason=close_through;bar=11602
3398|2026-06-18T12:48:46.7640000|TRAP|bar=11618;side=trapped_sellers;vol=3;centroid=1.1514;zone_lo=1.151375;zone_hi=1.151425;n_rows=1;max_ratio=3;close=1.1515;bar_vol=49;fp_vol=49;n_quote=25;n_rule=0
3399|2026-06-18T12:49:20.7840000|TRAP|bar=11623;side=trapped_buyers;vol=16;centroid=1.15165;zone_lo=1.151625;zone_hi=1.151675;n_rows=1;max_ratio=5.33333333333333;close=1.1516;bar_vol=50;fp_vol=50;n_quote=25;n_rule=0
3400|2026-06-18T12:50:53.6320000|ZONE_EXPIRED|zone_id=9629_B;created_bar=9629;side=trapped_buyers;lo=1.152825;hi=1.152875;vol=33;bar=11630
3401|2026-06-18T12:50:53.6320000|TRAP|bar=11630;side=trapped_sellers;vol=37;centroid=1.15165;zone_lo=1.151625;zone_hi=1.151675;n_rows=1;max_ratio=6.16666666666667;close=1.1517;bar_vol=73;fp_vol=73;n_quote=25;n_rule=0
3402|2026-06-18T12:50:53.6320000|ZONE_CREATED|zone_id=11630_S;created_bar=11630;side=trapped_sellers;lo=1.151625;hi=1.151675;vol=37
3403|2026-06-18T12:51:18.1320000|ZONE_TOUCHED|zone_id=11630_S;created_bar=11630;side=trapped_sellers;lo=1.151625;hi=1.151675;vol=37;bar=11631;touches=1
3404|2026-06-18T12:51:35.9040000|ZONE_TOUCHED|zone_id=11630_S;created_bar=11630;side=trapped_sellers;lo=1.151625;hi=1.151675;vol=37;bar=11632;touches=2
3405|2026-06-18T12:51:35.9040000|ZONE_INVALIDATED|zone_id=11630_S;created_bar=11630;side=trapped_sellers;lo=1.151625;hi=1.151675;vol=37;reason=close_through;bar=11632
3406|2026-06-18T12:54:04.5240000|TRAP|bar=11642;side=trapped_buyers;vol=17;centroid=1.15165;zone_lo=1.151625;zone_hi=1.151675;n_rows=1;max_ratio=3.4;close=1.1516;bar_vol=37;fp_vol=37;n_quote=25;n_rule=0
3407|2026-06-18T12:55:33.2560000|TRAP|bar=11655;side=trapped_buyers;vol=22;centroid=1.1513;zone_lo=1.151275;zone_hi=1.151325;n_rows=1;max_ratio=3.66666666666667;close=1.15125;bar_vol=40;fp_vol=40;n_quote=25;n_rule=0
3408|2026-06-18T12:56:09.0520000|TRAP|bar=11658;side=trapped_sellers;vol=11;centroid=1.1512;zone_lo=1.151175;zone_hi=1.151225;n_rows=1;max_ratio=11;close=1.15125;bar_vol=47;fp_vol=47;n_quote=25;n_rule=0
3409|2026-06-18T12:59:59.7440000|TRAP|bar=11678;side=trapped_buyers;vol=9;centroid=1.15115;zone_lo=1.151125;zone_hi=1.151175;n_rows=1;max_ratio=4.5;close=1.151;bar_vol=60;fp_vol=60;n_quote=25;n_rule=0
3410|2026-06-18T13:00:41.7600000|TRAP|bar=11684;side=trapped_buyers;vol=65;centroid=1.15125;zone_lo=1.151225;zone_hi=1.151275;n_rows=1;max_ratio=8.125;close=1.1512;bar_vol=79;fp_vol=79;n_quote=25;n_rule=0
3411|2026-06-18T13:00:41.7600000|ZONE_CREATED|zone_id=11684_B;created_bar=11684;side=trapped_buyers;lo=1.151225;hi=1.151275;vol=65
3412|2026-06-18T13:02:35.9200000|TRAP|bar=11692;side=trapped_buyers;vol=15;centroid=1.15085;zone_lo=1.150825;zone_hi=1.150875;n_rows=1;max_ratio=3.75;close=1.15075;bar_vol=40;fp_vol=40;n_quote=25;n_rule=0
3413|2026-06-18T13:05:44.4400000|TRAP|bar=11706;side=trapped_sellers;vol=11;centroid=1.15075;zone_lo=1.150725;zone_hi=1.150775;n_rows=1;max_ratio=5.5;close=1.1508;bar_vol=30;fp_vol=30;n_quote=25;n_rule=0
3414|2026-06-18T13:09:51.9360000|TRAP|bar=11724;side=trapped_buyers;vol=6;centroid=1.15085;zone_lo=1.150825;zone_hi=1.150875;n_rows=1;max_ratio=6;close=1.1508;bar_vol=84;fp_vol=84;n_quote=25;n_rule=0
3415|2026-06-18T13:16:41.8200000|TRAP|bar=11747;side=trapped_buyers;vol=26;centroid=1.15065;zone_lo=1.150625;zone_hi=1.150675;n_rows=1;max_ratio=3.71428571428571;close=1.1506;bar_vol=35;fp_vol=35;n_quote=25;n_rule=0
3416|2026-06-18T13:19:53.2040000|TRAP|bar=11757;side=trapped_sellers;vol=42;centroid=1.15045;zone_lo=1.150425;zone_hi=1.150475;n_rows=1;max_ratio=42;close=1.1505;bar_vol=53;fp_vol=53;n_quote=25;n_rule=0
3417|2026-06-18T13:19:53.2040000|ZONE_CREATED|zone_id=11757_S;created_bar=11757;side=trapped_sellers;lo=1.150425;hi=1.150475;vol=42
3418|2026-06-18T13:20:14.5360000|TRAP|bar=11759;side=trapped_buyers;vol=5;centroid=1.15055;zone_lo=1.150525;zone_hi=1.150575;n_rows=1;max_ratio=5;close=1.1505;bar_vol=34;fp_vol=34;n_quote=25;n_rule=0
3419|2026-06-18T13:22:58.5080000|ZONE_TOUCHED|zone_id=11757_S;created_bar=11757;side=trapped_sellers;lo=1.150425;hi=1.150475;vol=42;bar=11766;touches=1
3420|2026-06-18T13:23:05.6840000|ZONE_TOUCHED|zone_id=11757_S;created_bar=11757;side=trapped_sellers;lo=1.150425;hi=1.150475;vol=42;bar=11767;touches=2
3421|2026-06-18T13:23:27.1040000|ZONE_TOUCHED|zone_id=11757_S;created_bar=11757;side=trapped_sellers;lo=1.150425;hi=1.150475;vol=42;bar=11768;touches=3
3422|2026-06-18T13:23:27.1040000|ZONE_INVALIDATED|zone_id=11757_S;created_bar=11757;side=trapped_sellers;lo=1.150425;hi=1.150475;vol=42;reason=close_through;bar=11768
3423|2026-06-18T13:23:57.5960000|TRAP|bar=11770;side=trapped_sellers;vol=21;centroid=1.1505;zone_lo=1.150475;zone_hi=1.150525;n_rows=1;max_ratio=3;close=1.15055;bar_vol=37;fp_vol=37;n_quote=25;n_rule=0
3424|2026-06-18T13:25:04.9080000|TRAP|bar=11775;side=trapped_buyers;vol=50;centroid=1.15075;zone_lo=1.150725;zone_hi=1.150775;n_rows=1;max_ratio=5.55555555555556;close=1.1507;bar_vol=84;fp_vol=84;n_quote=25;n_rule=0
3425|2026-06-18T13:25:04.9080000|ZONE_CREATED|zone_id=11775_B;created_bar=11775;side=trapped_buyers;lo=1.150725;hi=1.150775;vol=50
3426|2026-06-18T13:25:07.8360000|ZONE_TOUCHED|zone_id=11775_B;created_bar=11775;side=trapped_buyers;lo=1.150725;hi=1.150775;vol=50;bar=11776;touches=1
3427|2026-06-18T13:25:07.8360000|ZONE_INVALIDATED|zone_id=11775_B;created_bar=11775;side=trapped_buyers;lo=1.150725;hi=1.150775;vol=50;reason=close_through;bar=11776
3428|2026-06-18T13:25:13.0160000|TRAP|bar=11778;side=trapped_sellers;vol=9;centroid=1.15085;zone_lo=1.150825;zone_hi=1.150875;n_rows=1;max_ratio=9;close=1.151;bar_vol=49;fp_vol=49;n_quote=25;n_rule=0
3429|2026-06-18T13:36:42.2560000|TRAP|bar=11813;side=trapped_buyers;vol=51;centroid=1.15055;zone_lo=1.150525;zone_hi=1.150575;n_rows=1;max_ratio=3;close=1.1505;bar_vol=74;fp_vol=74;n_quote=25;n_rule=0
3430|2026-06-18T13:36:42.2560000|ZONE_CREATED|zone_id=11813_B;created_bar=11813;side=trapped_buyers;lo=1.150525;hi=1.150575;vol=51
3431|2026-06-18T13:37:06.3560000|ZONE_TOUCHED|zone_id=11813_B;created_bar=11813;side=trapped_buyers;lo=1.150525;hi=1.150575;vol=51;bar=11815;touches=1
3432|2026-06-18T13:37:08.0640000|ZONE_TOUCHED|zone_id=11813_B;created_bar=11813;side=trapped_buyers;lo=1.150525;hi=1.150575;vol=51;bar=11816;touches=2
3433|2026-06-18T13:37:08.0640000|ZONE_INVALIDATED|zone_id=11813_B;created_bar=11813;side=trapped_buyers;lo=1.150525;hi=1.150575;vol=51;reason=close_through;bar=11816
3434|2026-06-18T13:37:12.9960000|TRAP|bar=11818;side=trapped_sellers;vol=26;centroid=1.15065;zone_lo=1.150625;zone_hi=1.150675;n_rows=1;max_ratio=3.25;close=1.1507;bar_vol=40;fp_vol=40;n_quote=25;n_rule=0
3435|2026-06-18T13:37:30.6120000|TRAP|bar=11826;side=trapped_sellers;vol=40;centroid=1.1508;zone_lo=1.150775;zone_hi=1.150825;n_rows=1;max_ratio=3.07692307692308;close=1.15085;bar_vol=57;fp_vol=57;n_quote=25;n_rule=0
3436|2026-06-18T13:37:30.6120000|ZONE_CREATED|zone_id=11826_S;created_bar=11826;side=trapped_sellers;lo=1.150775;hi=1.150825;vol=40
3437|2026-06-18T13:38:14.2080000|ZONE_TOUCHED|zone_id=11826_S;created_bar=11826;side=trapped_sellers;lo=1.150775;hi=1.150825;vol=40;bar=11834;touches=1
3438|2026-06-18T13:38:14.2080000|ZONE_INVALIDATED|zone_id=11826_S;created_bar=11826;side=trapped_sellers;lo=1.150775;hi=1.150825;vol=40;reason=close_through;bar=11834
3439|2026-06-18T13:38:14.2080000|TRAP|bar=11834;side=trapped_buyers;vol=10;centroid=1.15095;zone_lo=1.150925;zone_hi=1.150975;n_rows=1;max_ratio=3.33333333333333;close=1.15075;bar_vol=46;fp_vol=46;n_quote=25;n_rule=0
3440|2026-06-18T13:42:57.9040000|TRAP|bar=11847;side=trapped_sellers;vol=22;centroid=1.15065;zone_lo=1.150625;zone_hi=1.150675;n_rows=1;max_ratio=4.4;close=1.1507;bar_vol=52;fp_vol=52;n_quote=25;n_rule=0
3441|2026-06-18T13:43:04.5000000|TRAP|bar=11848;side=trapped_sellers;vol=39;centroid=1.1507;zone_lo=1.150675;zone_hi=1.150725;n_rows=1;max_ratio=39;close=1.15075;bar_vol=97;fp_vol=97;n_quote=25;n_rule=0
3442|2026-06-18T13:43:04.5000000|ZONE_CREATED|zone_id=11848_S;created_bar=11848;side=trapped_sellers;lo=1.150675;hi=1.150725;vol=39
3443|2026-06-18T13:43:25.2160000|ZONE_TOUCHED|zone_id=11848_S;created_bar=11848;side=trapped_sellers;lo=1.150675;hi=1.150725;vol=39;bar=11849;touches=1
3444|2026-06-18T13:43:52.3040000|ZONE_TOUCHED|zone_id=11848_S;created_bar=11848;side=trapped_sellers;lo=1.150675;hi=1.150725;vol=39;bar=11850;touches=2
3445|2026-06-18T13:44:10.2360000|ZONE_TOUCHED|zone_id=11848_S;created_bar=11848;side=trapped_sellers;lo=1.150675;hi=1.150725;vol=39;bar=11851;touches=3
3446|2026-06-18T13:44:10.2360000|TRAP|bar=11851;side=trapped_buyers;vol=38;centroid=1.15075;zone_lo=1.150725;zone_hi=1.150775;n_rows=1;max_ratio=3.8;close=1.1507;bar_vol=52;fp_vol=52;n_quote=25;n_rule=0
3447|2026-06-18T13:44:10.2360000|ZONE_CREATED|zone_id=11851_B;created_bar=11851;side=trapped_buyers;lo=1.150725;hi=1.150775;vol=38
3448|2026-06-18T13:45:07.2600000|ZONE_TOUCHED|zone_id=11851_B;created_bar=11851;side=trapped_buyers;lo=1.150725;hi=1.150775;vol=38;bar=11852;touches=1
3449|2026-06-18T13:45:07.2600000|ZONE_TOUCHED|zone_id=11848_S;created_bar=11848;side=trapped_sellers;lo=1.150675;hi=1.150725;vol=39;bar=11852;touches=4
3450|2026-06-18T13:45:48.2000000|ZONE_TOUCHED|zone_id=11851_B;created_bar=11851;side=trapped_buyers;lo=1.150725;hi=1.150775;vol=38;bar=11853;touches=2
3451|2026-06-18T13:45:48.2000000|ZONE_TOUCHED|zone_id=11848_S;created_bar=11848;side=trapped_sellers;lo=1.150675;hi=1.150725;vol=39;bar=11853;touches=5
3452|2026-06-18T13:46:12.0600000|ZONE_TOUCHED|zone_id=11851_B;created_bar=11851;side=trapped_buyers;lo=1.150725;hi=1.150775;vol=38;bar=11854;touches=3
3453|2026-06-18T13:46:12.0600000|ZONE_INVALIDATED|zone_id=11851_B;created_bar=11851;side=trapped_buyers;lo=1.150725;hi=1.150775;vol=38;reason=close_through;bar=11854
3454|2026-06-18T13:47:18.1000000|ZONE_TOUCHED|zone_id=11848_S;created_bar=11848;side=trapped_sellers;lo=1.150675;hi=1.150725;vol=39;bar=11856;touches=6
3455|2026-06-18T13:48:05.1160000|ZONE_TOUCHED|zone_id=11848_S;created_bar=11848;side=trapped_sellers;lo=1.150675;hi=1.150725;vol=39;bar=11858;touches=7
3456|2026-06-18T13:48:59.4840000|ZONE_TOUCHED|zone_id=11848_S;created_bar=11848;side=trapped_sellers;lo=1.150675;hi=1.150725;vol=39;bar=11859;touches=8
3457|2026-06-18T13:49:23.2480000|ZONE_TOUCHED|zone_id=11848_S;created_bar=11848;side=trapped_sellers;lo=1.150675;hi=1.150725;vol=39;bar=11860;touches=9
3458|2026-06-18T13:49:23.2480000|ZONE_INVALIDATED|zone_id=11848_S;created_bar=11848;side=trapped_sellers;lo=1.150675;hi=1.150725;vol=39;reason=close_through;bar=11860
3459|2026-06-18T13:49:39.8760000|TRAP|bar=11862;side=trapped_sellers;vol=13;centroid=1.15055;zone_lo=1.150525;zone_hi=1.150575;n_rows=1;max_ratio=13;close=1.1506;bar_vol=33;fp_vol=33;n_quote=25;n_rule=0
3460|2026-06-18T13:50:10.4080000|TRAP|bar=11866;side=trapped_buyers;vol=7;centroid=1.1506;zone_lo=1.150575;zone_hi=1.150625;n_rows=1;max_ratio=7;close=1.15045;bar_vol=34;fp_vol=34;n_quote=25;n_rule=0
3461|2026-06-18T13:50:55.2760000|TRAP|bar=11869;side=trapped_buyers;vol=31;centroid=1.15045;zone_lo=1.150425;zone_hi=1.150475;n_rows=1;max_ratio=7.75;close=1.1504;bar_vol=53;fp_vol=53;n_quote=25;n_rule=0
3462|2026-06-18T13:50:55.2760000|ZONE_CREATED|zone_id=11869_B;created_bar=11869;side=trapped_buyers;lo=1.150425;hi=1.150475;vol=31
3463|2026-06-18T13:52:04.5400000|TRAP|bar=11876;side=trapped_sellers;vol=42;centroid=1.15025;zone_lo=1.150225;zone_hi=1.150275;n_rows=1;max_ratio=3.81818181818182;close=1.1503;bar_vol=56;fp_vol=56;n_quote=25;n_rule=0
3464|2026-06-18T13:52:04.5400000|ZONE_CREATED|zone_id=11876_S;created_bar=11876;side=trapped_sellers;lo=1.150225;hi=1.150275;vol=42
3465|2026-06-18T13:52:04.5520000|ZONE_TOUCHED|zone_id=11876_S;created_bar=11876;side=trapped_sellers;lo=1.150225;hi=1.150275;vol=42;bar=11877;touches=1
3466|2026-06-18T13:52:04.5520000|ZONE_TOUCHED|zone_id=11876_S;created_bar=11876;side=trapped_sellers;lo=1.150225;hi=1.150275;vol=42;bar=11878;touches=2
3467|2026-06-18T13:52:14.4680000|ZONE_TOUCHED|zone_id=11876_S;created_bar=11876;side=trapped_sellers;lo=1.150225;hi=1.150275;vol=42;bar=11879;touches=3
3468|2026-06-18T13:52:14.4680000|TRAP|bar=11879;side=trapped_sellers;vol=19;centroid=1.1502;zone_lo=1.150175;zone_hi=1.150225;n_rows=1;max_ratio=3.8;close=1.15025;bar_vol=47;fp_vol=47;n_quote=25;n_rule=0
3469|2026-06-18T13:52:23.1960000|ZONE_TOUCHED|zone_id=11876_S;created_bar=11876;side=trapped_sellers;lo=1.150225;hi=1.150275;vol=42;bar=11880;touches=4
3470|2026-06-18T13:53:02.6960000|TRAP|bar=11882;side=trapped_sellers;vol=15;centroid=1.1503;zone_lo=1.150275;zone_hi=1.150325;n_rows=1;max_ratio=3.75;close=1.15035;bar_vol=41;fp_vol=41;n_quote=25;n_rule=0
3471|2026-06-18T13:54:17.3600000|TRAP|bar=11885;side=trapped_buyers;vol=20;centroid=1.15035;zone_lo=1.150325;zone_hi=1.150375;n_rows=1;max_ratio=3.33333333333333;close=1.1503;bar_vol=39;fp_vol=39;n_quote=25;n_rule=0
3472|2026-06-18T13:58:02.7520000|ZONE_TOUCHED|zone_id=11876_S;created_bar=11876;side=trapped_sellers;lo=1.150225;hi=1.150275;vol=42;bar=11892;touches=5
3473|2026-06-18T13:59:45.2440000|ZONE_TOUCHED|zone_id=11869_B;created_bar=11869;side=trapped_buyers;lo=1.150425;hi=1.150475;vol=31;bar=11894;touches=1
3474|2026-06-18T13:59:45.2440000|ZONE_INVALIDATED|zone_id=11869_B;created_bar=11869;side=trapped_buyers;lo=1.150425;hi=1.150475;vol=31;reason=close_through;bar=11894
3475|2026-06-18T14:02:55.9520000|TRAP|bar=11901;side=trapped_sellers;vol=23;centroid=1.15065;zone_lo=1.150625;zone_hi=1.150675;n_rows=1;max_ratio=5.75;close=1.1507;bar_vol=42;fp_vol=42;n_quote=25;n_rule=0
3476|2026-06-18T14:06:06.7200000|TRAP|bar=11908;side=trapped_buyers;vol=3;centroid=1.151;zone_lo=1.150975;zone_hi=1.151025;n_rows=1;max_ratio=3;close=1.15095;bar_vol=39;fp_vol=39;n_quote=25;n_rule=0
3477|2026-06-18T14:06:58.3040000|TRAP|bar=11910;side=trapped_buyers;vol=13;centroid=1.151;zone_lo=1.150975;zone_hi=1.151025;n_rows=1;max_ratio=3.25;close=1.1509;bar_vol=43;fp_vol=43;n_quote=25;n_rule=0
3478|2026-06-18T14:12:06.9280000|TRAP|bar=11917;side=trapped_sellers;vol=31;centroid=1.15095;zone_lo=1.150925;zone_hi=1.150975;n_rows=1;max_ratio=5.16666666666667;close=1.151;bar_vol=57;fp_vol=57;n_quote=25;n_rule=0
3479|2026-06-18T14:12:06.9280000|ZONE_CREATED|zone_id=11917_S;created_bar=11917;side=trapped_sellers;lo=1.150925;hi=1.150975;vol=31
3480|2026-06-18T14:14:05.7840000|ZONE_TOUCHED|zone_id=11684_B;created_bar=11684;side=trapped_buyers;lo=1.151225;hi=1.151275;vol=65;bar=11921;touches=1
3481|2026-06-18T14:14:20.5440000|ZONE_TOUCHED|zone_id=11684_B;created_bar=11684;side=trapped_buyers;lo=1.151225;hi=1.151275;vol=65;bar=11922;touches=2
3482|2026-06-18T14:15:09.1040000|ZONE_TOUCHED|zone_id=11684_B;created_bar=11684;side=trapped_buyers;lo=1.151225;hi=1.151275;vol=65;bar=11923;touches=3
3483|2026-06-18T14:15:36.1480000|ZONE_TOUCHED|zone_id=11684_B;created_bar=11684;side=trapped_buyers;lo=1.151225;hi=1.151275;vol=65;bar=11924;touches=4
3484|2026-06-18T14:17:03.9880000|ZONE_TOUCHED|zone_id=11684_B;created_bar=11684;side=trapped_buyers;lo=1.151225;hi=1.151275;vol=65;bar=11927;touches=5
3485|2026-06-18T14:17:32.8600000|ZONE_TOUCHED|zone_id=11684_B;created_bar=11684;side=trapped_buyers;lo=1.151225;hi=1.151275;vol=65;bar=11928;touches=6
3486|2026-06-18T14:18:29.8760000|ZONE_TOUCHED|zone_id=11684_B;created_bar=11684;side=trapped_buyers;lo=1.151225;hi=1.151275;vol=65;bar=11929;touches=7
3487|2026-06-18T14:18:29.8760000|ZONE_INVALIDATED|zone_id=11684_B;created_bar=11684;side=trapped_buyers;lo=1.151225;hi=1.151275;vol=65;reason=close_through;bar=11929
3488|2026-06-18T14:25:03.3840000|TRAP|bar=11942;side=trapped_buyers;vol=20;centroid=1.1514;zone_lo=1.151375;zone_hi=1.151425;n_rows=1;max_ratio=10;close=1.15135;bar_vol=43;fp_vol=43;n_quote=25;n_rule=0
3489|2026-06-18T14:34:02.0480000|ZONE_TOUCHED|zone_id=11917_S;created_bar=11917;side=trapped_sellers;lo=1.150925;hi=1.150975;vol=31;bar=11957;touches=1
3490|2026-06-18T14:34:18.1600000|ZONE_TOUCHED|zone_id=11917_S;created_bar=11917;side=trapped_sellers;lo=1.150925;hi=1.150975;vol=31;bar=11958;touches=2
3491|2026-06-18T14:34:43.0080000|ZONE_TOUCHED|zone_id=11917_S;created_bar=11917;side=trapped_sellers;lo=1.150925;hi=1.150975;vol=31;bar=11959;touches=3
3492|2026-06-18T14:35:33.6000000|ZONE_TOUCHED|zone_id=11917_S;created_bar=11917;side=trapped_sellers;lo=1.150925;hi=1.150975;vol=31;bar=11960;touches=4
3493|2026-06-18T14:35:33.6000000|ZONE_INVALIDATED|zone_id=11917_S;created_bar=11917;side=trapped_sellers;lo=1.150925;hi=1.150975;vol=31;reason=close_through;bar=11960
3494|2026-06-18T14:40:29.9080000|TRAP|bar=11969;side=trapped_buyers;vol=48;centroid=1.1507;zone_lo=1.150675;zone_hi=1.150725;n_rows=1;max_ratio=8;close=1.15065;bar_vol=59;fp_vol=59;n_quote=25;n_rule=0
3495|2026-06-18T14:40:29.9080000|ZONE_CREATED|zone_id=11969_B;created_bar=11969;side=trapped_buyers;lo=1.150675;hi=1.150725;vol=48
3496|2026-06-18T14:40:30.2440000|ZONE_TOUCHED|zone_id=11969_B;created_bar=11969;side=trapped_buyers;lo=1.150675;hi=1.150725;vol=48;bar=11970;touches=1
3497|2026-06-18T14:40:30.2800000|ZONE_TOUCHED|zone_id=11969_B;created_bar=11969;side=trapped_buyers;lo=1.150675;hi=1.150725;vol=48;bar=11971;touches=2
3498|2026-06-18T14:40:30.2800000|ZONE_INVALIDATED|zone_id=11969_B;created_bar=11969;side=trapped_buyers;lo=1.150675;hi=1.150725;vol=48;reason=close_through;bar=11971
3499|2026-06-18T14:40:30.5000000|TRAP|bar=11973;side=trapped_sellers;vol=38;centroid=1.1508;zone_lo=1.150775;zone_hi=1.150825;n_rows=1;max_ratio=3.45454545454545;close=1.15085;bar_vol=53;fp_vol=53;n_quote=25;n_rule=0
3500|2026-06-18T14:40:30.5000000|ZONE_CREATED|zone_id=11973_S;created_bar=11973;side=trapped_sellers;lo=1.150775;hi=1.150825;vol=38
3501|2026-06-18T14:41:01.6720000|ZONE_TOUCHED|zone_id=11973_S;created_bar=11973;side=trapped_sellers;lo=1.150775;hi=1.150825;vol=38;bar=11975;touches=1
3502|2026-06-18T14:41:01.6720000|ZONE_INVALIDATED|zone_id=11973_S;created_bar=11973;side=trapped_sellers;lo=1.150775;hi=1.150825;vol=38;reason=close_through;bar=11975
3503|2026-06-18T14:41:52.2680000|TRAP|bar=11977;side=trapped_sellers;vol=60;centroid=1.15075;zone_lo=1.150725;zone_hi=1.150775;n_rows=1;max_ratio=20;close=1.1508;bar_vol=85;fp_vol=85;n_quote=25;n_rule=0
3504|2026-06-18T14:41:52.2680000|ZONE_CREATED|zone_id=11977_S;created_bar=11977;side=trapped_sellers;lo=1.150725;hi=1.150775;vol=60
3505|2026-06-18T14:42:45.8760000|ZONE_TOUCHED|zone_id=11977_S;created_bar=11977;side=trapped_sellers;lo=1.150725;hi=1.150775;vol=60;bar=11978;touches=1
3506|2026-06-18T14:42:45.8760000|ZONE_INVALIDATED|zone_id=11977_S;created_bar=11977;side=trapped_sellers;lo=1.150725;hi=1.150775;vol=60;reason=close_through;bar=11978
3507|2026-06-18T14:57:14.5280000|TRAP|bar=12004;side=trapped_buyers;vol=20;centroid=1.1505;zone_lo=1.150475;zone_hi=1.150525;n_rows=1;max_ratio=10;close=1.15045;bar_vol=44;fp_vol=44;n_quote=25;n_rule=0
3508|2026-06-18T15:00:26.1680000|ZONE_TOUCHED|zone_id=11876_S;created_bar=11876;side=trapped_sellers;lo=1.150225;hi=1.150275;vol=42;bar=12014;touches=6
3509|2026-06-18T15:00:48.6320000|ZONE_TOUCHED|zone_id=11876_S;created_bar=11876;side=trapped_sellers;lo=1.150225;hi=1.150275;vol=42;bar=12015;touches=7
3510|2026-06-18T15:00:57.5800000|ZONE_TOUCHED|zone_id=11876_S;created_bar=11876;side=trapped_sellers;lo=1.150225;hi=1.150275;vol=42;bar=12016;touches=8
3511|2026-06-18T15:01:07.0000000|ZONE_TOUCHED|zone_id=11876_S;created_bar=11876;side=trapped_sellers;lo=1.150225;hi=1.150275;vol=42;bar=12017;touches=9
3512|2026-06-18T15:01:25.1680000|ZONE_TOUCHED|zone_id=11876_S;created_bar=11876;side=trapped_sellers;lo=1.150225;hi=1.150275;vol=42;bar=12018;touches=10
3513|2026-06-18T15:01:25.1680000|ZONE_INVALIDATED|zone_id=11876_S;created_bar=11876;side=trapped_sellers;lo=1.150225;hi=1.150275;vol=42;reason=close_through;bar=12018
3514|2026-06-18T15:02:16.6440000|TRAP|bar=12020;side=trapped_buyers;vol=25;centroid=1.15025;zone_lo=1.150225;zone_hi=1.150275;n_rows=1;max_ratio=3.57142857142857;close=1.1502;bar_vol=37;fp_vol=37;n_quote=25;n_rule=0
3515|2026-06-18T15:06:31.8440000|TRAP|bar=12032;side=trapped_buyers;vol=36;centroid=1.1505;zone_lo=1.150475;zone_hi=1.150525;n_rows=1;max_ratio=36;close=1.15045;bar_vol=59;fp_vol=59;n_quote=25;n_rule=0
3516|2026-06-18T15:06:31.8440000|ZONE_CREATED|zone_id=12032_B;created_bar=12032;side=trapped_buyers;lo=1.150475;hi=1.150525;vol=36
3517|2026-06-18T15:07:26.6720000|TRAP|bar=12033;side=trapped_buyers;vol=26;centroid=1.15045;zone_lo=1.150425;zone_hi=1.150475;n_rows=1;max_ratio=13;close=1.1504;bar_vol=56;fp_vol=56;n_quote=25;n_rule=0
3518|2026-06-18T15:07:51.7280000|TRAP|bar=12034;side=trapped_buyers;vol=8;centroid=1.1504;zone_lo=1.150375;zone_hi=1.150425;n_rows=1;max_ratio=8;close=1.15035;bar_vol=46;fp_vol=46;n_quote=25;n_rule=0
3519|2026-06-18T15:09:51.9720000|ZONE_TOUCHED|zone_id=12032_B;created_bar=12032;side=trapped_buyers;lo=1.150475;hi=1.150525;vol=36;bar=12036;touches=1
3520|2026-06-18T15:10:09.9160000|ZONE_TOUCHED|zone_id=12032_B;created_bar=12032;side=trapped_buyers;lo=1.150475;hi=1.150525;vol=36;bar=12037;touches=2
3521|2026-06-18T15:10:09.9160000|ZONE_INVALIDATED|zone_id=12032_B;created_bar=12032;side=trapped_buyers;lo=1.150475;hi=1.150525;vol=36;reason=close_through;bar=12037
3522|2026-06-18T15:10:09.9160000|TRAP|bar=12037;side=trapped_sellers;vol=30;centroid=1.1505;zone_lo=1.150475;zone_hi=1.150525;n_rows=1;max_ratio=7.5;close=1.15055;bar_vol=50;fp_vol=50;n_quote=25;n_rule=0
3523|2026-06-18T15:10:09.9160000|ZONE_CREATED|zone_id=12037_S;created_bar=12037;side=trapped_sellers;lo=1.150475;hi=1.150525;vol=30
3524|2026-06-18T15:10:09.9200000|ZONE_TOUCHED|zone_id=12037_S;created_bar=12037;side=trapped_sellers;lo=1.150475;hi=1.150525;vol=30;bar=12038;touches=1
3525|2026-06-18T15:10:09.9360000|ZONE_TOUCHED|zone_id=12037_S;created_bar=12037;side=trapped_sellers;lo=1.150475;hi=1.150525;vol=30;bar=12039;touches=2
3526|2026-06-18T15:10:09.9360000|ZONE_INVALIDATED|zone_id=12037_S;created_bar=12037;side=trapped_sellers;lo=1.150475;hi=1.150525;vol=30;reason=close_through;bar=12039
3527|2026-06-18T15:10:15.0960000|TRAP|bar=12042;side=trapped_sellers;vol=43;centroid=1.1504;zone_lo=1.150375;zone_hi=1.150425;n_rows=1;max_ratio=3.90909090909091;close=1.15045;bar_vol=64;fp_vol=64;n_quote=25;n_rule=0
3528|2026-06-18T15:10:15.0960000|ZONE_CREATED|zone_id=12042_S;created_bar=12042;side=trapped_sellers;lo=1.150375;hi=1.150425;vol=43
3529|2026-06-18T15:17:08.4360000|ZONE_TOUCHED|zone_id=12042_S;created_bar=12042;side=trapped_sellers;lo=1.150375;hi=1.150425;vol=43;bar=12049;touches=1
3530|2026-06-18T15:18:44.1240000|ZONE_TOUCHED|zone_id=12042_S;created_bar=12042;side=trapped_sellers;lo=1.150375;hi=1.150425;vol=43;bar=12050;touches=2
3531|2026-06-18T15:18:44.1240000|ZONE_INVALIDATED|zone_id=12042_S;created_bar=12042;side=trapped_sellers;lo=1.150375;hi=1.150425;vol=43;reason=close_through;bar=12050
3532|2026-06-18T15:20:16.5320000|TRAP|bar=12052;side=trapped_sellers;vol=13;centroid=1.1504;zone_lo=1.150375;zone_hi=1.150425;n_rows=1;max_ratio=13;close=1.15045;bar_vol=33;fp_vol=33;n_quote=25;n_rule=0
3533|2026-06-18T15:21:30.3000000|TRAP|bar=12053;side=trapped_buyers;vol=20;centroid=1.15045;zone_lo=1.150425;zone_hi=1.150475;n_rows=1;max_ratio=3.33333333333333;close=1.1504;bar_vol=50;fp_vol=50;n_quote=25;n_rule=0
3534|2026-06-18T15:34:20.2240000|TRAP|bar=12072;side=trapped_buyers;vol=16;centroid=1.15035;zone_lo=1.150325;zone_hi=1.150375;n_rows=1;max_ratio=3.2;close=1.1503;bar_vol=40;fp_vol=40;n_quote=25;n_rule=0
3535|2026-06-18T15:35:20.1440000|TRAP|bar=12073;side=trapped_sellers;vol=7;centroid=1.1503;zone_lo=1.150275;zone_hi=1.150325;n_rows=1;max_ratio=7;close=1.15045;bar_vol=41;fp_vol=41;n_quote=25;n_rule=0
3536|2026-06-18T15:38:37.3040000|TRAP|bar=12076;side=trapped_sellers;vol=9;centroid=1.1504;zone_lo=1.150375;zone_hi=1.150425;n_rows=1;max_ratio=9;close=1.1505;bar_vol=36;fp_vol=36;n_quote=25;n_rule=0
3537|2026-06-18T15:40:44.8120000|TRAP|bar=12079;side=trapped_sellers;vol=19;centroid=1.1504;zone_lo=1.150375;zone_hi=1.150425;n_rows=1;max_ratio=19;close=1.15045;bar_vol=35;fp_vol=35;n_quote=25;n_rule=0
3538|2026-06-18T15:49:23.8480000|TRAP|bar=12095;side=trapped_buyers;vol=41;centroid=1.1501;zone_lo=1.150075;zone_hi=1.150125;n_rows=1;max_ratio=5.125;close=1.15005;bar_vol=58;fp_vol=58;n_quote=25;n_rule=0
3539|2026-06-18T15:49:23.8480000|ZONE_CREATED|zone_id=12095_B;created_bar=12095;side=trapped_buyers;lo=1.150075;hi=1.150125;vol=41
3540|2026-06-18T15:50:16.1200000|ZONE_TOUCHED|zone_id=12095_B;created_bar=12095;side=trapped_buyers;lo=1.150075;hi=1.150125;vol=41;bar=12096;touches=1
3541|2026-06-18T15:51:02.5720000|ZONE_TOUCHED|zone_id=12095_B;created_bar=12095;side=trapped_buyers;lo=1.150075;hi=1.150125;vol=41;bar=12097;touches=2
3542|2026-06-18T15:51:02.5720000|ZONE_INVALIDATED|zone_id=12095_B;created_bar=12095;side=trapped_buyers;lo=1.150075;hi=1.150125;vol=41;reason=close_through;bar=12097
3543|2026-06-18T15:57:19.9640000|TRAP|bar=12110;side=trapped_sellers;vol=12;centroid=1.1501;zone_lo=1.150075;zone_hi=1.150125;n_rows=1;max_ratio=4;close=1.15015;bar_vol=33;fp_vol=33;n_quote=25;n_rule=0
3544|2026-06-18T15:57:29.3800000|TRAP|bar=12112;side=trapped_sellers;vol=24;centroid=1.15005;zone_lo=1.150025;zone_hi=1.150075;n_rows=1;max_ratio=4;close=1.1501;bar_vol=35;fp_vol=35;n_quote=25;n_rule=0
3545|2026-06-18T15:59:56.0040000|TRAP|bar=12140;side=trapped_buyers;vol=18;centroid=1.15005;zone_lo=1.150025;zone_hi=1.150075;n_rows=1;max_ratio=3;close=1.15;bar_vol=117;fp_vol=117;n_quote=25;n_rule=0
3546|2026-06-18T16:04:49.4480000|TRAP|bar=12168;side=trapped_sellers;vol=4;centroid=1.1495;zone_lo=1.149475;zone_hi=1.149525;n_rows=1;max_ratio=4;close=1.14955;bar_vol=35;fp_vol=35;n_quote=25;n_rule=0
3547|2026-06-18T16:06:39.6440000|TRAP|bar=12172;side=trapped_buyers;vol=13;centroid=1.1496;zone_lo=1.149575;zone_hi=1.149625;n_rows=1;max_ratio=4.33333333333333;close=1.1495;bar_vol=35;fp_vol=35;n_quote=25;n_rule=0
3548|2026-06-18T16:07:22.4200000|TRAP|bar=12175;side=trapped_buyers;vol=32;centroid=1.14965;zone_lo=1.149625;zone_hi=1.149675;n_rows=1;max_ratio=4.57142857142857;close=1.1496;bar_vol=74;fp_vol=74;n_quote=25;n_rule=0
3549|2026-06-18T16:07:22.4200000|ZONE_CREATED|zone_id=12175_B;created_bar=12175;side=trapped_buyers;lo=1.149625;hi=1.149675;vol=32
3550|2026-06-18T16:08:18.4520000|TRAP|bar=12177;side=trapped_buyers;vol=12;centroid=1.1496;zone_lo=1.149575;zone_hi=1.149625;n_rows=1;max_ratio=12;close=1.14955;bar_vol=38;fp_vol=38;n_quote=25;n_rule=0
3551|2026-06-18T16:08:59.8400000|TRAP|bar=12179;side=trapped_sellers;vol=23;centroid=1.1495;zone_lo=1.149475;zone_hi=1.149525;n_rows=1;max_ratio=3.83333333333333;close=1.14955;bar_vol=40;fp_vol=40;n_quote=25;n_rule=0
3552|2026-06-18T16:09:22.9560000|TRAP|bar=12180;side=trapped_buyers;vol=27;centroid=1.14955;zone_lo=1.149525;zone_hi=1.149575;n_rows=1;max_ratio=27;close=1.1495;bar_vol=65;fp_vol=65;n_quote=25;n_rule=0
3553|2026-06-18T16:10:45.5880000|TRAP|bar=12182;side=trapped_sellers;vol=17;centroid=1.14955;zone_lo=1.149525;zone_hi=1.149575;n_rows=1;max_ratio=17;close=1.1496;bar_vol=43;fp_vol=43;n_quote=25;n_rule=0
3554|2026-06-18T16:11:07.9480000|ZONE_TOUCHED|zone_id=12175_B;created_bar=12175;side=trapped_buyers;lo=1.149625;hi=1.149675;vol=32;bar=12183;touches=1
3555|2026-06-18T16:14:24.7240000|ZONE_TOUCHED|zone_id=12175_B;created_bar=12175;side=trapped_buyers;lo=1.149625;hi=1.149675;vol=32;bar=12193;touches=2
3556|2026-06-18T16:14:45.9480000|ZONE_TOUCHED|zone_id=12175_B;created_bar=12175;side=trapped_buyers;lo=1.149625;hi=1.149675;vol=32;bar=12194;touches=3
3557|2026-06-18T16:14:45.9480000|ZONE_INVALIDATED|zone_id=12175_B;created_bar=12175;side=trapped_buyers;lo=1.149625;hi=1.149675;vol=32;reason=close_through;bar=12194
3558|2026-06-18T16:16:25.9400000|TRAP|bar=12202;side=trapped_sellers;vol=68;centroid=1.1494;zone_lo=1.149375;zone_hi=1.149425;n_rows=1;max_ratio=68;close=1.1495;bar_vol=79;fp_vol=79;n_quote=25;n_rule=0
3559|2026-06-18T16:16:25.9400000|ZONE_CREATED|zone_id=12202_S;created_bar=12202;side=trapped_sellers;lo=1.149375;hi=1.149425;vol=68
3560|2026-06-18T16:16:34.3640000|ZONE_TOUCHED|zone_id=12202_S;created_bar=12202;side=trapped_sellers;lo=1.149375;hi=1.149425;vol=68;bar=12205;touches=1
3561|2026-06-18T16:16:46.6760000|ZONE_TOUCHED|zone_id=12202_S;created_bar=12202;side=trapped_sellers;lo=1.149375;hi=1.149425;vol=68;bar=12206;touches=2
3562|2026-06-18T16:16:52.6840000|ZONE_TOUCHED|zone_id=12202_S;created_bar=12202;side=trapped_sellers;lo=1.149375;hi=1.149425;vol=68;bar=12207;touches=3
3563|2026-06-18T16:17:03.1000000|ZONE_TOUCHED|zone_id=12202_S;created_bar=12202;side=trapped_sellers;lo=1.149375;hi=1.149425;vol=68;bar=12208;touches=4
3564|2026-06-18T16:17:03.1000000|ZONE_INVALIDATED|zone_id=12202_S;created_bar=12202;side=trapped_sellers;lo=1.149375;hi=1.149425;vol=68;reason=close_through;bar=12208
3565|2026-06-18T16:17:16.1040000|TRAP|bar=12209;side=trapped_sellers;vol=11;centroid=1.1493;zone_lo=1.149275;zone_hi=1.149325;n_rows=1;max_ratio=5.5;close=1.1494;bar_vol=72;fp_vol=72;n_quote=25;n_rule=0
3566|2026-06-18T16:17:30.5360000|TRAP|bar=12210;side=trapped_sellers;vol=29;centroid=1.1494;zone_lo=1.149375;zone_hi=1.149425;n_rows=1;max_ratio=5.8;close=1.1495;bar_vol=72;fp_vol=72;n_quote=25;n_rule=0
3567|2026-06-18T16:18:21.4480000|TRAP|bar=12218;side=trapped_sellers;vol=18;centroid=1.1493;zone_lo=1.149275;zone_hi=1.149325;n_rows=1;max_ratio=3.6;close=1.14935;bar_vol=58;fp_vol=58;n_quote=25;n_rule=0
3568|2026-06-18T16:19:50.7280000|TRAP|bar=12223;side=trapped_sellers;vol=9;centroid=1.1493;zone_lo=1.149275;zone_hi=1.149325;n_rows=1;max_ratio=9;close=1.14945;bar_vol=49;fp_vol=49;n_quote=25;n_rule=0
3569|2026-06-18T16:22:52.4040000|TRAP|bar=12233;side=trapped_sellers;vol=3;centroid=1.14935;zone_lo=1.149325;zone_hi=1.149375;n_rows=1;max_ratio=3;close=1.14945;bar_vol=58;fp_vol=58;n_quote=25;n_rule=0
3570|2026-06-18T16:23:09.5640000|TRAP|bar=12234;side=trapped_buyers;vol=10;centroid=1.14945;zone_lo=1.149425;zone_hi=1.149475;n_rows=1;max_ratio=10;close=1.1494;bar_vol=38;fp_vol=38;n_quote=25;n_rule=0
3571|2026-06-18T16:25:18.1720000|TRAP|bar=12244;side=trapped_buyers;vol=39;centroid=1.1493;zone_lo=1.149275;zone_hi=1.149325;n_rows=1;max_ratio=3.25;close=1.14925;bar_vol=55;fp_vol=55;n_quote=25;n_rule=0
3572|2026-06-18T16:25:18.1720000|ZONE_CREATED|zone_id=12244_B;created_bar=12244;side=trapped_buyers;lo=1.149275;hi=1.149325;vol=39
3573|2026-06-18T16:25:18.1720000|ZONE_TOUCHED|zone_id=12244_B;created_bar=12244;side=trapped_buyers;lo=1.149275;hi=1.149325;vol=39;bar=12245;touches=1
3574|2026-06-18T16:26:05.4320000|ZONE_TOUCHED|zone_id=12244_B;created_bar=12244;side=trapped_buyers;lo=1.149275;hi=1.149325;vol=39;bar=12247;touches=2
3575|2026-06-18T16:27:11.2040000|ZONE_TOUCHED|zone_id=12244_B;created_bar=12244;side=trapped_buyers;lo=1.149275;hi=1.149325;vol=39;bar=12248;touches=3
3576|2026-06-18T16:27:11.2040000|ZONE_INVALIDATED|zone_id=12244_B;created_bar=12244;side=trapped_buyers;lo=1.149275;hi=1.149325;vol=39;reason=close_through;bar=12248
3577|2026-06-18T16:27:11.2040000|TRAP|bar=12248;side=trapped_sellers;vol=42;centroid=1.1493;zone_lo=1.149275;zone_hi=1.149325;n_rows=1;max_ratio=14;close=1.14935;bar_vol=48;fp_vol=48;n_quote=25;n_rule=0
3578|2026-06-18T16:27:11.2040000|ZONE_CREATED|zone_id=12248_S;created_bar=12248;side=trapped_sellers;lo=1.149275;hi=1.149325;vol=42
3579|2026-06-18T16:28:19.0200000|ZONE_TOUCHED|zone_id=12248_S;created_bar=12248;side=trapped_sellers;lo=1.149275;hi=1.149325;vol=42;bar=12249;touches=1
3580|2026-06-18T16:29:00.9520000|ZONE_TOUCHED|zone_id=12248_S;created_bar=12248;side=trapped_sellers;lo=1.149275;hi=1.149325;vol=42;bar=12250;touches=2
3581|2026-06-18T16:29:31.3080000|ZONE_TOUCHED|zone_id=12248_S;created_bar=12248;side=trapped_sellers;lo=1.149275;hi=1.149325;vol=42;bar=12251;touches=3
3582|2026-06-18T16:29:41.2080000|ZONE_TOUCHED|zone_id=12248_S;created_bar=12248;side=trapped_sellers;lo=1.149275;hi=1.149325;vol=42;bar=12252;touches=4
3583|2026-06-18T16:30:07.3520000|ZONE_TOUCHED|zone_id=12248_S;created_bar=12248;side=trapped_sellers;lo=1.149275;hi=1.149325;vol=42;bar=12253;touches=5
3584|2026-06-18T16:30:17.0480000|ZONE_TOUCHED|zone_id=12248_S;created_bar=12248;side=trapped_sellers;lo=1.149275;hi=1.149325;vol=42;bar=12254;touches=6
3585|2026-06-18T16:30:17.0480000|ZONE_INVALIDATED|zone_id=12248_S;created_bar=12248;side=trapped_sellers;lo=1.149275;hi=1.149325;vol=42;reason=close_through;bar=12254
3586|2026-06-18T16:31:30.9360000|TRAP|bar=12277;side=trapped_buyers;vol=25;centroid=1.1495;zone_lo=1.149475;zone_hi=1.149525;n_rows=1;max_ratio=3.125;close=1.14945;bar_vol=41;fp_vol=41;n_quote=25;n_rule=0
3587|2026-06-18T16:32:41.5920000|TRAP|bar=12280;side=trapped_buyers;vol=66;centroid=1.14955;zone_lo=1.149525;zone_hi=1.149575;n_rows=1;max_ratio=7.33333333333333;close=1.1495;bar_vol=82;fp_vol=82;n_quote=25;n_rule=0
3588|2026-06-18T16:32:41.5920000|ZONE_CREATED|zone_id=12280_B;created_bar=12280;side=trapped_buyers;lo=1.149525;hi=1.149575;vol=66
3589|2026-06-18T16:33:02.3960000|ZONE_TOUCHED|zone_id=12280_B;created_bar=12280;side=trapped_buyers;lo=1.149525;hi=1.149575;vol=66;bar=12281;touches=1
3590|2026-06-18T16:33:02.3960000|TRAP|bar=12281;side=trapped_sellers;vol=5;centroid=1.1494;zone_lo=1.149375;zone_hi=1.149425;n_rows=1;max_ratio=5;close=1.14955;bar_vol=52;fp_vol=52;n_quote=25;n_rule=0
3591|2026-06-18T16:34:18.8760000|ZONE_TOUCHED|zone_id=12280_B;created_bar=12280;side=trapped_buyers;lo=1.149525;hi=1.149575;vol=66;bar=12282;touches=2
3592|2026-06-18T16:36:24.0160000|ZONE_TOUCHED|zone_id=12280_B;created_bar=12280;side=trapped_buyers;lo=1.149525;hi=1.149575;vol=66;bar=12285;touches=3
3593|2026-06-18T16:37:00.3320000|ZONE_TOUCHED|zone_id=12280_B;created_bar=12280;side=trapped_buyers;lo=1.149525;hi=1.149575;vol=66;bar=12286;touches=4
3594|2026-06-18T16:37:00.3320000|TRAP|bar=12286;side=trapped_sellers;vol=21;centroid=1.1495;zone_lo=1.149475;zone_hi=1.149525;n_rows=1;max_ratio=3;close=1.14955;bar_vol=34;fp_vol=34;n_quote=25;n_rule=0
3595|2026-06-18T16:37:33.5400000|ZONE_TOUCHED|zone_id=12280_B;created_bar=12280;side=trapped_buyers;lo=1.149525;hi=1.149575;vol=66;bar=12287;touches=5
3596|2026-06-18T16:38:49.1480000|ZONE_TOUCHED|zone_id=12280_B;created_bar=12280;side=trapped_buyers;lo=1.149525;hi=1.149575;vol=66;bar=12288;touches=6
3597|2026-06-18T16:38:49.1480000|TRAP|bar=12288;side=trapped_sellers;vol=20;centroid=1.14945;zone_lo=1.149425;zone_hi=1.149475;n_rows=1;max_ratio=10;close=1.1495;bar_vol=26;fp_vol=26;n_quote=25;n_rule=0
3598|2026-06-18T16:39:16.5760000|ZONE_TOUCHED|zone_id=12280_B;created_bar=12280;side=trapped_buyers;lo=1.149525;hi=1.149575;vol=66;bar=12289;touches=7
3599|2026-06-18T16:40:07.2320000|ZONE_TOUCHED|zone_id=12280_B;created_bar=12280;side=trapped_buyers;lo=1.149525;hi=1.149575;vol=66;bar=12290;touches=8
3600|2026-06-18T16:40:16.7840000|ZONE_TOUCHED|zone_id=12280_B;created_bar=12280;side=trapped_buyers;lo=1.149525;hi=1.149575;vol=66;bar=12291;touches=9
3601|2026-06-18T16:40:16.7840000|ZONE_INVALIDATED|zone_id=12280_B;created_bar=12280;side=trapped_buyers;lo=1.149525;hi=1.149575;vol=66;reason=close_through;bar=12291
3602|2026-06-18T16:53:01.1480000|TRAP|bar=12328;side=trapped_sellers;vol=24;centroid=1.15025;zone_lo=1.150225;zone_hi=1.150275;n_rows=1;max_ratio=8;close=1.1503;bar_vol=37;fp_vol=37;n_quote=25;n_rule=0
3603|2026-06-18T16:55:54.2080000|TRAP|bar=12336;side=trapped_sellers;vol=20;centroid=1.1502;zone_lo=1.150175;zone_hi=1.150225;n_rows=1;max_ratio=6.66666666666667;close=1.15025;bar_vol=47;fp_vol=47;n_quote=25;n_rule=0
3604|2026-06-18T16:57:53.7160000|TRAP|bar=12345;side=trapped_sellers;vol=14;centroid=1.1499;zone_lo=1.149875;zone_hi=1.149925;n_rows=1;max_ratio=14;close=1.14995;bar_vol=48;fp_vol=48;n_quote=25;n_rule=0
3605|2026-06-18T16:59:30.4960000|TRAP|bar=12351;side=trapped_sellers;vol=27;centroid=1.1499;zone_lo=1.149875;zone_hi=1.149925;n_rows=1;max_ratio=3;close=1.14995;bar_vol=58;fp_vol=58;n_quote=25;n_rule=0
3606|2026-06-18T17:00:44.7480000|TRAP|bar=12358;side=trapped_buyers;vol=11;centroid=1.15;zone_lo=1.149975;zone_hi=1.150025;n_rows=1;max_ratio=11;close=1.14985;bar_vol=60;fp_vol=60;n_quote=25;n_rule=0
3607|2026-06-18T17:01:49.8120000|TRAP|bar=12361;side=trapped_sellers;vol=23;centroid=1.14965;zone_lo=1.149625;zone_hi=1.149675;n_rows=1;max_ratio=5.75;close=1.1498;bar_vol=57;fp_vol=57;n_quote=25;n_rule=0
3608|2026-06-18T17:07:10.7440000|TRAP|bar=12364;side=trapped_sellers;vol=4;centroid=1.15005;zone_lo=1.150025;zone_hi=1.150075;n_rows=1;max_ratio=4;close=1.15015;bar_vol=49;fp_vol=49;n_quote=25;n_rule=0
3609|2026-06-18T17:35:02.9680000|TRAP|bar=12385;side=trapped_buyers;vol=9;centroid=1.1503;zone_lo=1.150275;zone_hi=1.150325;n_rows=1;max_ratio=9;close=1.1502;bar_vol=40;fp_vol=40;n_quote=25;n_rule=0
3610|2026-06-18T17:48:34.3760000|TRAP|bar=12392;side=trapped_buyers;vol=14;centroid=1.149975;zone_lo=1.149925;zone_hi=1.150025;n_rows=2;max_ratio=3.5;close=1.1498;bar_vol=52;fp_vol=52;n_quote=25;n_rule=0
3611|2026-06-18T17:59:01.7320000|TRAP|bar=12395;side=trapped_sellers;vol=10;centroid=1.1498;zone_lo=1.149775;zone_hi=1.149825;n_rows=1;max_ratio=10;close=1.14985;bar_vol=47;fp_vol=47;n_quote=25;n_rule=0
