sesion,estado,inicio_ct,fin_ct,minutos,evaluacion
20260630,calm,2026-06-29 17:10:00-05:00,2026-06-29 17:33:00-05:00,23,False
20260630,normal,2026-06-29 17:33:00-05:00,2026-06-29 17:39:00-05:00,6,False
20260630,toxic,2026-06-29 17:39:00-05:00,2026-06-29 17:43:00-05:00,4,False
20260630,calm,2026-06-29 17:43:00-05:00,2026-06-29 17:45:00-05:00,2,False
20260630,toxic,2026-06-29 17:45:00-05:00,2026-06-29 18:01:00-05:00,16,False
20260630,calm,2026-06-29 18:01:00-05:00,2026-06-29 18:04:00-05:00,3,False
20260630,toxic,2026-06-29 18:04:00-05:00,2026-06-29 18:44:00-05:00,40,False
20260630,calm,2026-06-29 18:44:00-05:00,2026-06-29 19:13:00-05:00,29,False
20260630,toxic,2026-06-29 19:13:00-05:00,2026-06-29 19:16:00-05:00,3,False
20260630,calm,2026-06-29 19:16:00-05:00,2026-06-29 19:27:00-05:00,11,False
20260630,toxic,2026-06-29 19:27:00-05:00,2026-06-29 19:30:00-05:00,3,False
20260630,calm,2026-06-29 19:30:00-05:00,2026-06-29 20:32:00-05:00,62,False
20260630,toxic,2026-06-29 20:32:00-05:00,2026-06-29 20:35:00-05:00,3,False
20260630,calm,2026-06-29 20:35:00-05:00,2026-06-29 20:54:00-05:00,19,False
20260630,toxic,2026-06-29 20:54:00-05:00,2026-06-29 21:03:00-05:00,9,False
20260630,calm,2026-06-29 21:03:00-05:00,2026-06-29 22:34:00-05:00,91,False
20260630,toxic,2026-06-29 22:34:00-05:00,2026-06-29 22:39:00-05:00,5,False
20260630,calm,2026-06-29 22:39:00-05:00,2026-06-30 00:32:00-05:00,113,False
20260630,toxic,2026-06-30 00:32:00-05:00,2026-06-30 00:35:00-05:00,3,False
20260630,calm,2026-06-30 00:35:00-05:00,2026-06-30 01:16:00-05:00,41,False
20260630,normal,2026-06-30 01:16:00-05:00,2026-06-30 01:21:00-05:00,5,False
20260630,calm,2026-06-30 01:21:00-05:00,2026-06-30 02:10:00-05:00,49,False
20260630,toxic,2026-06-30 02:10:00-05:00,2026-06-30 02:19:00-05:00,9,False
20260630,calm,2026-06-30 02:19:00-05:00,2026-06-30 04:43:00-05:00,144,False
20260630,toxic,2026-06-30 04:43:00-05:00,2026-06-30 04:55:00-05:00,12,False
20260630,calm,2026-06-30 04:55:00-05:00,2026-06-30 05:28:00-05:00,33,False
20260630,normal,2026-06-30 05:28:00-05:00,2026-06-30 05:43:00-05:00,15,False
20260630,calm,2026-06-30 05:43:00-05:00,2026-06-30 16:01:00-05:00,618,False
20260701,calm,2026-06-30 17:10:00-05:00,2026-06-30 17:31:00-05:00,21,False
20260701,toxic,2026-06-30 17:31:00-05:00,2026-06-30 17:43:00-05:00,12,False
20260701,calm,2026-06-30 17:43:00-05:00,2026-06-30 17:45:00-05:00,2,False
20260701,toxic,2026-06-30 17:45:00-05:00,2026-06-30 17:53:00-05:00,8,False
20260701,calm,2026-06-30 17:53:00-05:00,2026-06-30 18:14:00-05:00,21,False
20260701,toxic,2026-06-30 18:14:00-05:00,2026-06-30 18:23:00-05:00,9,False
20260701,calm,2026-06-30 18:23:00-05:00,2026-06-30 18:35:00-05:00,12,False
20260701,toxic,2026-06-30 18:35:00-05:00,2026-06-30 18:46:00-05:00,11,False
20260701,calm,2026-06-30 18:46:00-05:00,2026-07-01 00:00:00-05:00,314,False
20260701,toxic,2026-07-01 00:00:00-05:00,2026-07-01 00:06:00-05:00,6,False
20260701,calm,2026-07-01 00:06:00-05:00,2026-07-01 01:47:00-05:00,101,False
20260701,toxic,2026-07-01 01:47:00-05:00,2026-07-01 01:50:00-05:00,3,False
20260701,calm,2026-07-01 01:50:00-05:00,2026-07-01 07:13:00-05:00,323,False
20260701,toxic,2026-07-01 07:13:00-05:00,2026-07-01 07:16:00-05:00,3,False
20260701,calm,2026-07-01 07:16:00-05:00,2026-07-01 08:59:00-05:00,103,False
20260701,toxic,2026-07-01 08:59:00-05:00,2026-07-01 09:02:00-05:00,3,False
20260701,calm,2026-07-01 09:02:00-05:00,2026-07-01 16:01:00-05:00,419,False
20260702,calm,2026-07-01 17:10:00-05:00,2026-07-01 17:55:00-05:00,45,False
20260702,toxic,2026-07-01 17:55:00-05:00,2026-07-01 18:01:00-05:00,6,False
20260702,calm,2026-07-01 18:01:00-05:00,2026-07-01 18:26:00-05:00,25,False
20260702,toxic,2026-07-01 18:26:00-05:00,2026-07-01 18:30:00-05:00,4,False
20260702,calm,2026-07-01 18:30:00-05:00,2026-07-01 18:32:00-05:00,2,False
20260702,toxic,2026-07-01 18:32:00-05:00,2026-07-01 18:54:00-05:00,22,False
20260702,calm,2026-07-01 18:54:00-05:00,2026-07-01 19:03:00-05:00,9,False
20260702,normal,2026-07-01 19:03:00-05:00,2026-07-01 19:10:00-05:00,7,False
20260702,calm,2026-07-01 19:10:00-05:00,2026-07-01 19:41:00-05:00,31,False
20260702,calm,2026-07-01 19:42:00-05:00,2026-07-01 21:48:00-05:00,126,False
20260702,normal,2026-07-01 21:48:00-05:00,2026-07-01 21:53:00-05:00,5,False
20260702,calm,2026-07-01 21:53:00-05:00,2026-07-01 22:13:00-05:00,20,False
20260702,calm,2026-07-01 22:14:00-05:00,2026-07-01 22:23:00-05:00,9,False
20260702,toxic,2026-07-01 22:23:00-05:00,2026-07-01 22:26:00-05:00,3,False
20260702,calm,2026-07-01 22:26:00-05:00,2026-07-01 22:28:00-05:00,2,False
20260702,toxic,2026-07-01 22:28:00-05:00,2026-07-01 22:34:00-05:00,6,False
20260702,calm,2026-07-01 22:34:00-05:00,2026-07-01 22:48:00-05:00,14,False
20260702,calm,2026-07-01 22:50:00-05:00,2026-07-01 22:53:00-05:00,3,False
20260702,normal,2026-07-01 22:53:00-05:00,2026-07-01 23:01:00-05:00,8,False
20260702,calm,2026-07-01 23:01:00-05:00,2026-07-02 00:01:00-05:00,60,False
20260702,toxic,2026-07-02 00:01:00-05:00,2026-07-02 00:04:00-05:00,3,False
20260702,calm,2026-07-02 00:04:00-05:00,2026-07-02 00:22:00-05:00,18,False
20260702,normal,2026-07-02 00:22:00-05:00,2026-07-02 00:29:00-05:00,7,False
20260702,calm,2026-07-02 00:29:00-05:00,2026-07-02 01:21:00-05:00,52,False
20260702,toxic,2026-07-02 01:21:00-05:00,2026-07-02 01:25:00-05:00,4,False
20260702,calm,2026-07-02 01:25:00-05:00,2026-07-02 02:19:00-05:00,54,False
20260702,toxic,2026-07-02 02:19:00-05:00,2026-07-02 02:24:00-05:00,5,False
20260702,calm,2026-07-02 02:24:00-05:00,2026-07-02 02:39:00-05:00,15,False
20260702,toxic,2026-07-02 02:39:00-05:00,2026-07-02 02:44:00-05:00,5,False
20260702,calm,2026-07-02 02:44:00-05:00,2026-07-02 04:29:00-05:00,105,False
20260702,toxic,2026-07-02 04:29:00-05:00,2026-07-02 04:41:00-05:00,12,False
20260702,calm,2026-07-02 04:41:00-05:00,2026-07-02 05:54:00-05:00,73,False
20260702,toxic,2026-07-02 05:54:00-05:00,2026-07-02 05:57:00-05:00,3,False
20260702,calm,2026-07-02 05:57:00-05:00,2026-07-02 06:43:00-05:00,46,False
20260702,toxic,2026-07-02 06:43:00-05:00,2026-07-02 06:46:00-05:00,3,False
20260702,calm,2026-07-02 06:46:00-05:00,2026-07-02 07:29:00-05:00,43,False
20260702,toxic,2026-07-02 07:29:00-05:00,2026-07-02 07:38:00-05:00,9,False
20260702,volatile,2026-07-02 07:38:00-05:00,2026-07-02 07:48:00-05:00,10,False
20260702,calm,2026-07-02 07:48:00-05:00,2026-07-02 10:08:00-05:00,140,False
20260702,toxic,2026-07-02 10:08:00-05:00,2026-07-02 10:13:00-05:00,5,False
20260702,calm,2026-07-02 10:13:00-05:00,2026-07-02 15:49:00-05:00,336,False
20260702,toxic,2026-07-02 15:49:00-05:00,2026-07-02 15:52:00-05:00,3,False
20260702,calm,2026-07-02 15:52:00-05:00,2026-07-02 15:59:00-05:00,7,False
20260702,toxic,2026-07-02 15:59:00-05:00,2026-07-02 16:01:00-05:00,2,False
20260706,normal,2026-07-05 17:10:00-05:00,2026-07-05 17:11:00-05:00,1,False
20260706,toxic,2026-07-05 17:11:00-05:00,2026-07-05 17:32:00-05:00,21,False
20260706,calm,2026-07-05 17:32:00-05:00,2026-07-05 17:51:00-05:00,19,False
20260706,toxic,2026-07-05 17:51:00-05:00,2026-07-05 17:57:00-05:00,6,False
20260706,calm,2026-07-05 17:57:00-05:00,2026-07-05 18:03:00-05:00,6,False
20260706,toxic,2026-07-05 18:03:00-05:00,2026-07-05 18:10:00-05:00,7,False
20260706,calm,2026-07-05 18:10:00-05:00,2026-07-05 18:34:00-05:00,24,False
20260706,toxic,2026-07-05 18:34:00-05:00,2026-07-05 18:43:00-05:00,9,False
20260706,calm,2026-07-05 18:43:00-05:00,2026-07-05 18:52:00-05:00,9,False
20260706,toxic,2026-07-05 18:52:00-05:00,2026-07-05 19:08:00-05:00,16,False
20260706,calm,2026-07-05 19:08:00-05:00,2026-07-05 19:10:00-05:00,2,False
20260706,toxic,2026-07-05 19:10:00-05:00,2026-07-05 19:20:00-05:00,10,False
20260706,calm,2026-07-05 19:20:00-05:00,2026-07-05 19:32:00-05:00,12,False
20260706,toxic,2026-07-05 19:32:00-05:00,2026-07-05 19:56:00-05:00,24,False
20260706,calm,2026-07-05 19:56:00-05:00,2026-07-05 20:29:00-05:00,33,False
20260706,normal,2026-07-05 20:29:00-05:00,2026-07-05 20:35:00-05:00,6,False
20260706,calm,2026-07-05 20:35:00-05:00,2026-07-05 21:12:00-05:00,37,False
20260706,toxic,2026-07-05 21:12:00-05:00,2026-07-05 21:15:00-05:00,3,False
20260706,calm,2026-07-05 21:15:00-05:00,2026-07-05 21:54:00-05:00,39,False
20260706,normal,2026-07-05 21:54:00-05:00,2026-07-05 21:58:00-05:00,4,False
20260706,toxic,2026-07-05 21:58:00-05:00,2026-07-05 22:03:00-05:00,5,False
20260706,calm,2026-07-05 22:03:00-05:00,2026-07-05 22:57:00-05:00,54,False
20260706,toxic,2026-07-05 22:57:00-05:00,2026-07-05 23:01:00-05:00,4,False
20260706,calm,2026-07-05 23:01:00-05:00,2026-07-05 23:11:00-05:00,10,False
20260706,toxic,2026-07-05 23:11:00-05:00,2026-07-05 23:14:00-05:00,3,False
20260706,calm,2026-07-05 23:14:00-05:00,2026-07-05 23:18:00-05:00,4,False
20260706,toxic,2026-07-05 23:18:00-05:00,2026-07-05 23:21:00-05:00,3,False
20260706,calm,2026-07-05 23:21:00-05:00,2026-07-05 23:24:00-05:00,3,False
20260706,toxic,2026-07-05 23:24:00-05:00,2026-07-05 23:27:00-05:00,3,False
20260706,calm,2026-07-05 23:27:00-05:00,2026-07-06 03:17:00-05:00,230,False
20260706,toxic,2026-07-06 03:17:00-05:00,2026-07-06 03:20:00-05:00,3,False
20260706,calm,2026-07-06 03:20:00-05:00,2026-07-06 03:40:00-05:00,20,False
20260706,toxic,2026-07-06 03:40:00-05:00,2026-07-06 03:46:00-05:00,6,False
20260706,calm,2026-07-06 03:46:00-05:00,2026-07-06 03:50:00-05:00,4,False
20260706,toxic,2026-07-06 03:50:00-05:00,2026-07-06 03:56:00-05:00,6,False
20260706,calm,2026-07-06 03:56:00-05:00,2026-07-06 04:59:00-05:00,63,False
20260706,toxic,2026-07-06 04:59:00-05:00,2026-07-06 05:08:00-05:00,9,False
20260706,calm,2026-07-06 05:08:00-05:00,2026-07-06 07:36:00-05:00,148,False
20260706,toxic,2026-07-06 07:36:00-05:00,2026-07-06 07:39:00-05:00,3,False
20260706,calm,2026-07-06 07:39:00-05:00,2026-07-06 15:26:00-05:00,467,False
20260706,toxic,2026-07-06 15:26:00-05:00,2026-07-06 15:44:00-05:00,18,False
20260706,calm,2026-07-06 15:44:00-05:00,2026-07-06 15:55:00-05:00,11,False
20260706,toxic,2026-07-06 15:55:00-05:00,2026-07-06 16:01:00-05:00,6,False
20260707,volatile,2026-07-06 17:10:00-05:00,2026-07-06 17:13:00-05:00,3,False
20260707,calm,2026-07-06 17:13:00-05:00,2026-07-06 17:24:00-05:00,11,False
20260707,toxic,2026-07-06 17:24:00-05:00,2026-07-06 17:29:00-05:00,5,False
20260707,calm,2026-07-06 17:29:00-05:00,2026-07-06 17:46:00-05:00,17,False
20260707,toxic,2026-07-06 17:46:00-05:00,2026-07-06 17:49:00-05:00,3,False
20260707,calm,2026-07-06 17:49:00-05:00,2026-07-06 18:14:00-05:00,25,False
20260707,toxic,2026-07-06 18:14:00-05:00,2026-07-06 18:19:00-05:00,5,False
20260707,calm,2026-07-06 18:19:00-05:00,2026-07-06 18:29:00-05:00,10,False
20260707,toxic,2026-07-06 18:29:00-05:00,2026-07-06 18:33:00-05:00,4,False
20260707,calm,2026-07-06 18:33:00-05:00,2026-07-06 19:16:00-05:00,43,False
20260707,normal,2026-07-06 19:16:00-05:00,2026-07-06 19:21:00-05:00,5,False
20260707,calm,2026-07-06 19:21:00-05:00,2026-07-06 19:51:00-05:00,30,False
20260707,toxic,2026-07-06 19:51:00-05:00,2026-07-06 19:54:00-05:00,3,False
20260707,calm,2026-07-06 19:54:00-05:00,2026-07-06 21:42:00-05:00,108,False
20260707,toxic,2026-07-06 21:42:00-05:00,2026-07-06 21:47:00-05:00,5,False
20260707,calm,2026-07-06 21:47:00-05:00,2026-07-06 23:42:00-05:00,115,False
20260707,toxic,2026-07-06 23:42:00-05:00,2026-07-06 23:48:00-05:00,6,False
20260707,calm,2026-07-06 23:48:00-05:00,2026-07-07 01:21:00-05:00,93,False
20260707,toxic,2026-07-07 01:21:00-05:00,2026-07-07 01:24:00-05:00,3,False
20260707,calm,2026-07-07 01:24:00-05:00,2026-07-07 05:04:00-05:00,220,False
20260707,toxic,2026-07-07 05:04:00-05:00,2026-07-07 05:08:00-05:00,4,False
20260707,calm,2026-07-07 05:08:00-05:00,2026-07-07 05:53:00-05:00,45,False
20260707,toxic,2026-07-07 05:53:00-05:00,2026-07-07 05:57:00-05:00,4,False
20260707,calm,2026-07-07 05:57:00-05:00,2026-07-07 07:03:00-05:00,66,False
20260707,toxic,2026-07-07 07:03:00-05:00,2026-07-07 07:08:00-05:00,5,False
20260707,calm,2026-07-07 07:08:00-05:00,2026-07-07 16:01:00-05:00,533,False
20260708,normal,2026-07-07 17:10:00-05:00,2026-07-07 17:18:00-05:00,8,False
20260708,calm,2026-07-07 17:18:00-05:00,2026-07-07 17:25:00-05:00,7,False
20260708,toxic,2026-07-07 17:25:00-05:00,2026-07-07 17:39:00-05:00,14,False
20260708,calm,2026-07-07 17:39:00-05:00,2026-07-07 17:51:00-05:00,12,False
20260708,toxic,2026-07-07 17:51:00-05:00,2026-07-07 18:33:00-05:00,42,False
20260708,calm,2026-07-07 18:33:00-05:00,2026-07-07 18:36:00-05:00,3,False
20260708,toxic,2026-07-07 18:36:00-05:00,2026-07-07 18:41:00-05:00,5,False
20260708,calm,2026-07-07 18:41:00-05:00,2026-07-07 19:19:00-05:00,38,False
20260708,toxic,2026-07-07 19:19:00-05:00,2026-07-07 19:26:00-05:00,7,False
20260708,calm,2026-07-07 19:26:00-05:00,2026-07-07 19:49:00-05:00,23,False
20260708,toxic,2026-07-07 19:49:00-05:00,2026-07-07 19:52:00-05:00,3,False
20260708,calm,2026-07-07 19:52:00-05:00,2026-07-07 19:56:00-05:00,4,False
20260708,toxic,2026-07-07 19:56:00-05:00,2026-07-07 20:08:00-05:00,12,False
20260708,calm,2026-07-07 20:08:00-05:00,2026-07-07 20:19:00-05:00,11,False
20260708,toxic,2026-07-07 20:19:00-05:00,2026-07-07 20:24:00-05:00,5,False
20260708,calm,2026-07-07 20:24:00-05:00,2026-07-07 21:28:00-05:00,64,False
20260708,toxic,2026-07-07 21:28:00-05:00,2026-07-07 21:35:00-05:00,7,False
20260708,calm,2026-07-07 21:35:00-05:00,2026-07-07 22:08:00-05:00,33,False
20260708,toxic,2026-07-07 22:08:00-05:00,2026-07-07 22:27:00-05:00,19,False
20260708,calm,2026-07-07 22:27:00-05:00,2026-07-07 23:25:00-05:00,58,False
20260708,toxic,2026-07-07 23:25:00-05:00,2026-07-07 23:28:00-05:00,3,False
20260708,calm,2026-07-07 23:28:00-05:00,2026-07-08 01:53:00-05:00,145,False
20260708,toxic,2026-07-08 01:53:00-05:00,2026-07-08 02:04:00-05:00,11,False
20260708,calm,2026-07-08 02:04:00-05:00,2026-07-08 03:17:00-05:00,73,False
20260708,toxic,2026-07-08 03:17:00-05:00,2026-07-08 03:48:00-05:00,31,False
20260708,volatile,2026-07-08 03:48:00-05:00,2026-07-08 03:54:00-05:00,6,False
20260708,calm,2026-07-08 03:54:00-05:00,2026-07-08 04:07:00-05:00,13,False
20260708,toxic,2026-07-08 04:07:00-05:00,2026-07-08 04:10:00-05:00,3,False
20260708,calm,2026-07-08 04:10:00-05:00,2026-07-08 05:06:00-05:00,56,False
20260708,toxic,2026-07-08 05:06:00-05:00,2026-07-08 05:17:00-05:00,11,False
20260708,calm,2026-07-08 05:17:00-05:00,2026-07-08 05:27:00-05:00,10,False
20260708,toxic,2026-07-08 05:27:00-05:00,2026-07-08 05:37:00-05:00,10,False
20260708,calm,2026-07-08 05:37:00-05:00,2026-07-08 05:46:00-05:00,9,False
20260708,toxic,2026-07-08 05:46:00-05:00,2026-07-08 06:04:00-05:00,18,False
20260708,calm,2026-07-08 06:04:00-05:00,2026-07-08 06:10:00-05:00,6,False
20260708,normal,2026-07-08 06:10:00-05:00,2026-07-08 06:13:00-05:00,3,False
20260708,calm,2026-07-08 06:13:00-05:00,2026-07-08 06:22:00-05:00,9,False
20260708,toxic,2026-07-08 06:22:00-05:00,2026-07-08 06:28:00-05:00,6,False
20260708,calm,2026-07-08 06:28:00-05:00,2026-07-08 06:31:00-05:00,3,False
20260708,toxic,2026-07-08 06:31:00-05:00,2026-07-08 06:54:00-05:00,23,False
20260708,volatile,2026-07-08 06:54:00-05:00,2026-07-08 06:57:00-05:00,3,False
20260708,toxic,2026-07-08 06:57:00-05:00,2026-07-08 07:10:00-05:00,13,False
20260708,calm,2026-07-08 07:10:00-05:00,2026-07-08 07:22:00-05:00,12,False
20260708,toxic,2026-07-08 07:22:00-05:00,2026-07-08 07:35:00-05:00,13,False
20260708,calm,2026-07-08 07:35:00-05:00,2026-07-08 07:49:00-05:00,14,False
20260708,toxic,2026-07-08 07:49:00-05:00,2026-07-08 08:03:00-05:00,14,False
20260708,calm,2026-07-08 08:03:00-05:00,2026-07-08 08:35:00-05:00,32,False
20260708,toxic,2026-07-08 08:35:00-05:00,2026-07-08 08:38:00-05:00,3,False
20260708,calm,2026-07-08 08:38:00-05:00,2026-07-08 15:51:00-05:00,433,False
20260708,toxic,2026-07-08 15:51:00-05:00,2026-07-08 16:01:00-05:00,10,False
20260709,normal,2026-07-08 17:10:00-05:00,2026-07-08 17:15:00-05:00,5,False
20260709,calm,2026-07-08 17:15:00-05:00,2026-07-08 17:19:00-05:00,4,False
20260709,toxic,2026-07-08 17:19:00-05:00,2026-07-08 17:51:00-05:00,32,False
20260709,calm,2026-07-08 17:51:00-05:00,2026-07-08 17:55:00-05:00,4,False
20260709,toxic,2026-07-08 17:55:00-05:00,2026-07-08 18:11:00-05:00,16,False
20260709,calm,2026-07-08 18:11:00-05:00,2026-07-08 18:16:00-05:00,5,False
20260709,toxic,2026-07-08 18:16:00-05:00,2026-07-08 18:19:00-05:00,3,False
20260709,calm,2026-07-08 18:19:00-05:00,2026-07-08 18:22:00-05:00,3,False
20260709,normal,2026-07-08 18:22:00-05:00,2026-07-08 18:39:00-05:00,17,False
20260709,toxic,2026-07-08 18:39:00-05:00,2026-07-08 19:01:00-05:00,22,False
20260709,calm,2026-07-08 19:01:00-05:00,2026-07-08 19:04:00-05:00,3,False
20260709,normal,2026-07-08 19:04:00-05:00,2026-07-08 19:10:00-05:00,6,False
20260709,calm,2026-07-08 19:10:00-05:00,2026-07-08 19:21:00-05:00,11,False
20260709,normal,2026-07-08 19:21:00-05:00,2026-07-08 19:24:00-05:00,3,False
20260709,calm,2026-07-08 19:24:00-05:00,2026-07-08 19:49:00-05:00,25,False
20260709,normal,2026-07-08 19:49:00-05:00,2026-07-08 20:01:00-05:00,12,False
20260709,calm,2026-07-08 20:01:00-05:00,2026-07-08 20:26:00-05:00,25,False
20260709,toxic,2026-07-08 20:26:00-05:00,2026-07-08 20:32:00-05:00,6,False
20260709,calm,2026-07-08 20:32:00-05:00,2026-07-08 21:00:00-05:00,28,False
20260709,toxic,2026-07-08 21:00:00-05:00,2026-07-08 21:06:00-05:00,6,False
20260709,calm,2026-07-08 21:06:00-05:00,2026-07-08 21:22:00-05:00,16,False
20260709,toxic,2026-07-08 21:22:00-05:00,2026-07-08 21:25:00-05:00,3,False
20260709,calm,2026-07-08 21:25:00-05:00,2026-07-08 21:32:00-05:00,7,False
20260709,normal,2026-07-08 21:32:00-05:00,2026-07-08 21:35:00-05:00,3,False
20260709,calm,2026-07-08 21:35:00-05:00,2026-07-08 23:20:00-05:00,105,False
20260709,normal,2026-07-08 23:20:00-05:00,2026-07-08 23:23:00-05:00,3,False
20260709,calm,2026-07-08 23:23:00-05:00,2026-07-09 00:47:00-05:00,84,False
20260709,toxic,2026-07-09 00:47:00-05:00,2026-07-09 00:52:00-05:00,5,False
20260709,calm,2026-07-09 00:52:00-05:00,2026-07-09 02:21:00-05:00,89,False
20260709,toxic,2026-07-09 02:21:00-05:00,2026-07-09 02:37:00-05:00,16,False
20260709,calm,2026-07-09 02:37:00-05:00,2026-07-09 03:30:00-05:00,53,False
20260709,toxic,2026-07-09 03:30:00-05:00,2026-07-09 03:36:00-05:00,6,False
20260709,calm,2026-07-09 03:36:00-05:00,2026-07-09 05:15:00-05:00,99,False
20260709,toxic,2026-07-09 05:15:00-05:00,2026-07-09 05:18:00-05:00,3,False
20260709,calm,2026-07-09 05:18:00-05:00,2026-07-09 07:29:00-05:00,131,False
20260709,toxic,2026-07-09 07:29:00-05:00,2026-07-09 07:34:00-05:00,5,False
20260709,calm,2026-07-09 07:34:00-05:00,2026-07-09 16:01:00-05:00,507,False
20260710,calm,2026-07-09 17:10:00-05:00,2026-07-09 17:33:00-05:00,23,False
20260710,toxic,2026-07-09 17:33:00-05:00,2026-07-09 17:39:00-05:00,6,False
20260710,calm,2026-07-09 17:39:00-05:00,2026-07-09 17:49:00-05:00,10,False
20260710,toxic,2026-07-09 17:49:00-05:00,2026-07-09 18:26:00-05:00,37,False
20260710,calm,2026-07-09 18:26:00-05:00,2026-07-09 18:34:00-05:00,8,False
20260710,toxic,2026-07-09 18:34:00-05:00,2026-07-09 18:43:00-05:00,9,False
20260710,calm,2026-07-09 18:43:00-05:00,2026-07-09 18:51:00-05:00,8,False
20260710,toxic,2026-07-09 18:51:00-05:00,2026-07-09 19:09:00-05:00,18,False
20260710,calm,2026-07-09 19:09:00-05:00,2026-07-09 20:47:00-05:00,98,False
20260710,toxic,2026-07-09 20:47:00-05:00,2026-07-09 20:51:00-05:00,4,False
20260710,calm,2026-07-09 20:51:00-05:00,2026-07-09 21:44:00-05:00,53,False
20260710,toxic,2026-07-09 21:44:00-05:00,2026-07-09 21:57:00-05:00,13,False
20260710,calm,2026-07-09 21:57:00-05:00,2026-07-09 23:21:00-05:00,84,False
20260710,toxic,2026-07-09 23:21:00-05:00,2026-07-09 23:24:00-05:00,3,False
20260710,calm,2026-07-09 23:24:00-05:00,2026-07-10 00:23:00-05:00,59,False
20260710,toxic,2026-07-10 00:23:00-05:00,2026-07-10 00:26:00-05:00,3,False
20260710,calm,2026-07-10 00:26:00-05:00,2026-07-10 00:49:00-05:00,23,False
20260710,toxic,2026-07-10 00:49:00-05:00,2026-07-10 00:56:00-05:00,7,False
20260710,calm,2026-07-10 00:56:00-05:00,2026-07-10 02:23:00-05:00,87,False
20260710,toxic,2026-07-10 02:23:00-05:00,2026-07-10 02:39:00-05:00,16,False
20260710,calm,2026-07-10 02:39:00-05:00,2026-07-10 03:44:00-05:00,65,False
20260710,toxic,2026-07-10 03:44:00-05:00,2026-07-10 03:56:00-05:00,12,False
20260710,calm,2026-07-10 03:56:00-05:00,2026-07-10 04:17:00-05:00,21,False
20260710,toxic,2026-07-10 04:17:00-05:00,2026-07-10 04:24:00-05:00,7,False
20260710,calm,2026-07-10 04:24:00-05:00,2026-07-10 04:42:00-05:00,18,False
20260710,toxic,2026-07-10 04:42:00-05:00,2026-07-10 04:50:00-05:00,8,False
20260710,calm,2026-07-10 04:50:00-05:00,2026-07-10 04:59:00-05:00,9,False
20260710,toxic,2026-07-10 04:59:00-05:00,2026-07-10 05:08:00-05:00,9,False
20260710,calm,2026-07-10 05:08:00-05:00,2026-07-10 06:55:00-05:00,107,False
20260710,toxic,2026-07-10 06:55:00-05:00,2026-07-10 06:59:00-05:00,4,False
20260710,calm,2026-07-10 06:59:00-05:00,2026-07-10 07:14:00-05:00,15,False
20260710,toxic,2026-07-10 07:14:00-05:00,2026-07-10 07:28:00-05:00,14,False
20260710,calm,2026-07-10 07:28:00-05:00,2026-07-10 07:39:00-05:00,11,False
20260710,toxic,2026-07-10 07:39:00-05:00,2026-07-10 07:45:00-05:00,6,False
20260710,calm,2026-07-10 07:45:00-05:00,2026-07-10 09:33:00-05:00,108,False
20260710,toxic,2026-07-10 09:33:00-05:00,2026-07-10 09:37:00-05:00,4,False
20260710,calm,2026-07-10 09:37:00-05:00,2026-07-10 09:57:00-05:00,20,False
20260710,toxic,2026-07-10 09:57:00-05:00,2026-07-10 10:03:00-05:00,6,False
20260710,calm,2026-07-10 10:03:00-05:00,2026-07-10 16:01:00-05:00,358,False
20260713,calm,2026-07-12 17:10:00-05:00,2026-07-12 17:15:00-05:00,5,False
20260713,toxic,2026-07-12 17:15:00-05:00,2026-07-12 17:35:00-05:00,20,False
20260713,calm,2026-07-12 17:35:00-05:00,2026-07-12 17:37:00-05:00,2,False
20260713,toxic,2026-07-12 17:37:00-05:00,2026-07-12 18:14:00-05:00,37,False
20260713,calm,2026-07-12 18:14:00-05:00,2026-07-12 18:56:00-05:00,42,False
20260713,toxic,2026-07-12 18:56:00-05:00,2026-07-12 19:12:00-05:00,16,False
20260713,calm,2026-07-12 19:12:00-05:00,2026-07-12 19:14:00-05:00,2,False
20260713,toxic,2026-07-12 19:14:00-05:00,2026-07-12 19:23:00-05:00,9,False
20260713,calm,2026-07-12 19:23:00-05:00,2026-07-12 19:28:00-05:00,5,False
20260713,toxic,2026-07-12 19:28:00-05:00,2026-07-12 19:31:00-05:00,3,False
20260713,calm,2026-07-12 19:31:00-05:00,2026-07-12 21:14:00-05:00,103,False
20260713,toxic,2026-07-12 21:14:00-05:00,2026-07-12 21:22:00-05:00,8,False
20260713,calm,2026-07-12 21:22:00-05:00,2026-07-12 21:24:00-05:00,2,False
20260713,toxic,2026-07-12 21:24:00-05:00,2026-07-12 21:39:00-05:00,15,False
20260713,calm,2026-07-12 21:39:00-05:00,2026-07-13 03:14:00-05:00,335,False
20260713,toxic,2026-07-13 03:14:00-05:00,2026-07-13 03:22:00-05:00,8,False
20260713,calm,2026-07-13 03:22:00-05:00,2026-07-13 09:22:00-05:00,360,False
20260713,toxic,2026-07-13 09:22:00-05:00,2026-07-13 09:27:00-05:00,5,False
20260713,calm,2026-07-13 09:27:00-05:00,2026-07-13 16:01:00-05:00,394,False
20260714,calm,2026-07-13 17:47:00-05:00,2026-07-13 17:50:00-05:00,3,False
20260714,toxic,2026-07-13 17:50:00-05:00,2026-07-13 17:56:00-05:00,6,False
20260714,calm,2026-07-13 17:56:00-05:00,2026-07-13 18:43:00-05:00,47,False
20260714,normal,2026-07-13 18:43:00-05:00,2026-07-13 18:44:00-05:00,1,False
20260714,toxic,2026-07-13 18:44:00-05:00,2026-07-13 19:11:00-05:00,27,False
20260714,calm,2026-07-13 19:11:00-05:00,2026-07-13 19:19:00-05:00,8,False
20260714,toxic,2026-07-13 19:19:00-05:00,2026-07-13 19:33:00-05:00,14,False
20260714,calm,2026-07-13 19:33:00-05:00,2026-07-13 19:49:00-05:00,16,False
20260714,toxic,2026-07-13 19:49:00-05:00,2026-07-13 20:01:00-05:00,12,False
20260714,calm,2026-07-13 20:01:00-05:00,2026-07-13 20:52:00-05:00,51,False
20260714,toxic,2026-07-13 20:52:00-05:00,2026-07-13 20:59:00-05:00,7,False
20260714,calm,2026-07-13 20:59:00-05:00,2026-07-13 21:40:00-05:00,41,False
20260714,toxic,2026-07-13 21:40:00-05:00,2026-07-13 21:44:00-05:00,4,False
20260714,calm,2026-07-13 21:44:00-05:00,2026-07-13 23:40:00-05:00,116,False
20260714,toxic,2026-07-13 23:40:00-05:00,2026-07-13 23:52:00-05:00,12,False
20260714,calm,2026-07-13 23:52:00-05:00,2026-07-14 00:50:00-05:00,58,False
20260714,normal,2026-07-14 00:50:00-05:00,2026-07-14 00:53:00-05:00,3,False
20260714,calm,2026-07-14 00:53:00-05:00,2026-07-14 02:21:00-05:00,88,False
20260714,normal,2026-07-14 02:21:00-05:00,2026-07-14 02:25:00-05:00,4,False
20260714,calm,2026-07-14 02:25:00-05:00,2026-07-14 03:19:00-05:00,54,False
20260714,toxic,2026-07-14 03:19:00-05:00,2026-07-14 03:29:00-05:00,10,False
20260714,calm,2026-07-14 03:29:00-05:00,2026-07-14 03:54:00-05:00,25,False
20260714,toxic,2026-07-14 03:54:00-05:00,2026-07-14 03:57:00-05:00,3,False
20260714,calm,2026-07-14 03:57:00-05:00,2026-07-14 04:18:00-05:00,21,False
20260714,toxic,2026-07-14 04:18:00-05:00,2026-07-14 04:22:00-05:00,4,False
20260714,calm,2026-07-14 04:22:00-05:00,2026-07-14 04:38:00-05:00,16,False
20260714,toxic,2026-07-14 04:38:00-05:00,2026-07-14 04:42:00-05:00,4,False
20260714,calm,2026-07-14 04:42:00-05:00,2026-07-14 04:53:00-05:00,11,False
20260714,normal,2026-07-14 04:53:00-05:00,2026-07-14 04:58:00-05:00,5,False
20260714,calm,2026-07-14 04:58:00-05:00,2026-07-14 05:51:00-05:00,53,False
20260714,toxic,2026-07-14 05:51:00-05:00,2026-07-14 05:54:00-05:00,3,False
20260714,calm,2026-07-14 05:54:00-05:00,2026-07-14 06:19:00-05:00,25,False
20260714,toxic,2026-07-14 06:19:00-05:00,2026-07-14 06:28:00-05:00,9,False
20260714,calm,2026-07-14 06:28:00-05:00,2026-07-14 07:27:00-05:00,59,False
20260714,toxic,2026-07-14 07:27:00-05:00,2026-07-14 07:41:00-05:00,14,False
20260714,volatile,2026-07-14 07:41:00-05:00,2026-07-14 07:50:00-05:00,9,False
20260714,calm,2026-07-14 07:50:00-05:00,2026-07-14 07:53:00-05:00,3,False
20260714,toxic,2026-07-14 07:53:00-05:00,2026-07-14 07:57:00-05:00,4,False
20260714,calm,2026-07-14 07:57:00-05:00,2026-07-14 10:04:00-05:00,127,False
20260714,toxic,2026-07-14 10:04:00-05:00,2026-07-14 10:08:00-05:00,4,False
20260714,calm,2026-07-14 10:08:00-05:00,2026-07-14 11:23:00-05:00,75,False
20260714,toxic,2026-07-14 11:23:00-05:00,2026-07-14 11:30:00-05:00,7,False
20260714,calm,2026-07-14 11:30:00-05:00,2026-07-14 15:54:00-05:00,264,False
20260714,toxic,2026-07-14 15:54:00-05:00,2026-07-14 16:01:00-05:00,7,False
20260715,volatile,2026-07-14 17:09:00-05:00,2026-07-14 17:18:00-05:00,9,False
20260715,calm,2026-07-14 17:18:00-05:00,2026-07-14 17:22:00-05:00,4,False
20260715,toxic,2026-07-14 17:22:00-05:00,2026-07-14 17:45:00-05:00,23,False
20260715,calm,2026-07-14 17:45:00-05:00,2026-07-14 17:47:00-05:00,2,False
20260715,toxic,2026-07-14 17:47:00-05:00,2026-07-14 18:32:00-05:00,45,False
20260715,calm,2026-07-14 18:32:00-05:00,2026-07-14 18:36:00-05:00,4,False
20260715,toxic,2026-07-14 18:36:00-05:00,2026-07-14 18:43:00-05:00,7,False
20260715,calm,2026-07-14 18:43:00-05:00,2026-07-14 18:53:00-05:00,10,False
20260715,toxic,2026-07-14 18:53:00-05:00,2026-07-14 18:56:00-05:00,3,False
20260715,calm,2026-07-14 18:56:00-05:00,2026-07-14 19:09:00-05:00,13,False
20260715,normal,2026-07-14 19:09:00-05:00,2026-07-14 19:12:00-05:00,3,False
20260715,calm,2026-07-14 19:12:00-05:00,2026-07-14 20:16:00-05:00,64,False
20260715,normal,2026-07-14 20:16:00-05:00,2026-07-14 20:21:00-05:00,5,False
20260715,calm,2026-07-14 20:21:00-05:00,2026-07-14 20:32:00-05:00,11,False
20260715,normal,2026-07-14 20:32:00-05:00,2026-07-14 20:35:00-05:00,3,False
20260715,calm,2026-07-14 20:35:00-05:00,2026-07-14 21:22:00-05:00,47,False
20260715,toxic,2026-07-14 21:22:00-05:00,2026-07-14 21:28:00-05:00,6,False
20260715,calm,2026-07-14 21:28:00-05:00,2026-07-14 21:51:00-05:00,23,False
20260715,toxic,2026-07-14 21:51:00-05:00,2026-07-14 21:56:00-05:00,5,False
20260715,calm,2026-07-14 21:56:00-05:00,2026-07-14 22:49:00-05:00,53,False
20260715,toxic,2026-07-14 22:49:00-05:00,2026-07-14 22:55:00-05:00,6,False
20260715,calm,2026-07-14 22:55:00-05:00,2026-07-14 23:07:00-05:00,12,False
20260715,toxic,2026-07-14 23:07:00-05:00,2026-07-14 23:18:00-05:00,11,False
20260715,calm,2026-07-14 23:18:00-05:00,2026-07-14 23:36:00-05:00,18,False
20260715,toxic,2026-07-14 23:36:00-05:00,2026-07-15 00:01:00-05:00,25,False
20260715,calm,2026-07-15 00:01:00-05:00,2026-07-15 03:44:00-05:00,223,False
20260715,toxic,2026-07-15 03:44:00-05:00,2026-07-15 03:47:00-05:00,3,False
20260715,calm,2026-07-15 03:47:00-05:00,2026-07-15 05:16:00-05:00,89,False
20260715,toxic,2026-07-15 05:16:00-05:00,2026-07-15 05:19:00-05:00,3,False
20260715,calm,2026-07-15 05:19:00-05:00,2026-07-15 07:30:00-05:00,131,False
20260715,toxic,2026-07-15 07:30:00-05:00,2026-07-15 07:38:00-05:00,8,False
20260715,calm,2026-07-15 07:38:00-05:00,2026-07-15 15:46:00-05:00,488,False
20260715,toxic,2026-07-15 15:46:00-05:00,2026-07-15 15:50:00-05:00,4,False
20260715,calm,2026-07-15 15:50:00-05:00,2026-07-15 16:01:00-05:00,11,False
20260716,calm,2026-07-15 17:10:00-05:00,2026-07-15 18:11:00-05:00,61,False
20260716,toxic,2026-07-15 18:11:00-05:00,2026-07-15 18:30:00-05:00,19,False
20260716,calm,2026-07-15 18:30:00-05:00,2026-07-15 18:32:00-05:00,2,False
20260716,toxic,2026-07-15 18:32:00-05:00,2026-07-15 18:54:00-05:00,22,False
20260716,calm,2026-07-15 18:54:00-05:00,2026-07-15 19:52:00-05:00,58,False
20260716,toxic,2026-07-15 19:52:00-05:00,2026-07-15 19:57:00-05:00,5,False
20260716,calm,2026-07-15 19:57:00-05:00,2026-07-15 21:43:00-05:00,106,False
20260716,toxic,2026-07-15 21:43:00-05:00,2026-07-15 21:50:00-05:00,7,False
20260716,calm,2026-07-15 21:50:00-05:00,2026-07-15 23:08:00-05:00,78,False
20260716,toxic,2026-07-15 23:08:00-05:00,2026-07-15 23:14:00-05:00,6,False
20260716,calm,2026-07-15 23:14:00-05:00,2026-07-15 23:25:00-05:00,11,False
20260716,toxic,2026-07-15 23:25:00-05:00,2026-07-15 23:28:00-05:00,3,False
20260716,calm,2026-07-15 23:28:00-05:00,2026-07-15 23:50:00-05:00,22,False
20260716,toxic,2026-07-15 23:50:00-05:00,2026-07-16 00:00:00-05:00,10,False
20260716,calm,2026-07-16 00:00:00-05:00,2026-07-16 01:18:00-05:00,78,False
20260716,toxic,2026-07-16 01:18:00-05:00,2026-07-16 01:22:00-05:00,4,False
20260716,calm,2026-07-16 01:22:00-05:00,2026-07-16 06:50:00-05:00,328,False
20260716,toxic,2026-07-16 06:50:00-05:00,2026-07-16 06:55:00-05:00,5,False
20260716,calm,2026-07-16 06:55:00-05:00,2026-07-16 07:29:00-05:00,34,False
20260716,toxic,2026-07-16 07:29:00-05:00,2026-07-16 07:32:00-05:00,3,False
20260716,calm,2026-07-16 07:32:00-05:00,2026-07-16 15:23:00-05:00,471,False
20260716,toxic,2026-07-16 15:23:00-05:00,2026-07-16 15:37:00-05:00,14,False
20260716,calm,2026-07-16 15:37:00-05:00,2026-07-16 15:46:00-05:00,9,False
20260716,toxic,2026-07-16 15:46:00-05:00,2026-07-16 15:58:00-05:00,12,False
20260716,calm,2026-07-16 15:58:00-05:00,2026-07-16 16:01:00-05:00,3,False
20260717,normal,2026-07-16 17:10:00-05:00,2026-07-16 17:13:00-05:00,3,False
20260717,calm,2026-07-16 17:13:00-05:00,2026-07-16 17:44:00-05:00,31,False
20260717,toxic,2026-07-16 17:44:00-05:00,2026-07-16 18:55:00-05:00,71,False
20260717,calm,2026-07-16 18:55:00-05:00,2026-07-16 18:59:00-05:00,4,False
20260717,toxic,2026-07-16 18:59:00-05:00,2026-07-16 19:03:00-05:00,4,False
20260717,calm,2026-07-16 19:03:00-05:00,2026-07-16 19:18:00-05:00,15,False
20260717,toxic,2026-07-16 19:18:00-05:00,2026-07-16 19:21:00-05:00,3,False
20260717,calm,2026-07-16 19:21:00-05:00,2026-07-16 19:47:00-05:00,26,False
20260717,toxic,2026-07-16 19:47:00-05:00,2026-07-16 19:50:00-05:00,3,False
20260717,calm,2026-07-16 19:50:00-05:00,2026-07-16 20:07:00-05:00,17,False
20260717,toxic,2026-07-16 20:07:00-05:00,2026-07-16 20:13:00-05:00,6,False
20260717,calm,2026-07-16 20:13:00-05:00,2026-07-16 20:59:00-05:00,46,False
20260717,normal,2026-07-16 20:59:00-05:00,2026-07-16 21:06:00-05:00,7,False
20260717,calm,2026-07-16 21:06:00-05:00,2026-07-16 22:05:00-05:00,59,False
20260717,toxic,2026-07-16 22:05:00-05:00,2026-07-16 22:10:00-05:00,5,False
20260717,calm,2026-07-16 22:10:00-05:00,2026-07-16 22:32:00-05:00,22,False
20260717,toxic,2026-07-16 22:32:00-05:00,2026-07-16 22:40:00-05:00,8,False
20260717,calm,2026-07-16 22:40:00-05:00,2026-07-16 23:21:00-05:00,41,False
20260717,toxic,2026-07-16 23:21:00-05:00,2026-07-16 23:24:00-05:00,3,False
20260717,calm,2026-07-16 23:24:00-05:00,2026-07-16 23:34:00-05:00,10,False
20260717,toxic,2026-07-16 23:34:00-05:00,2026-07-16 23:40:00-05:00,6,False
20260717,calm,2026-07-16 23:40:00-05:00,2026-07-17 02:04:00-05:00,144,False
20260717,toxic,2026-07-17 02:04:00-05:00,2026-07-17 02:07:00-05:00,3,False
20260717,calm,2026-07-17 02:07:00-05:00,2026-07-17 02:33:00-05:00,26,False
20260717,toxic,2026-07-17 02:33:00-05:00,2026-07-17 02:37:00-05:00,4,False
20260717,calm,2026-07-17 02:37:00-05:00,2026-07-17 04:15:00-05:00,98,False
20260717,toxic,2026-07-17 04:15:00-05:00,2026-07-17 04:18:00-05:00,3,False
20260717,calm,2026-07-17 04:18:00-05:00,2026-07-17 05:11:00-05:00,53,False
20260717,toxic,2026-07-17 05:11:00-05:00,2026-07-17 05:14:00-05:00,3,False
20260717,calm,2026-07-17 05:14:00-05:00,2026-07-17 06:23:00-05:00,69,False
20260717,toxic,2026-07-17 06:23:00-05:00,2026-07-17 06:28:00-05:00,5,False
20260717,calm,2026-07-17 06:28:00-05:00,2026-07-17 06:57:00-05:00,29,False
20260717,toxic,2026-07-17 06:57:00-05:00,2026-07-17 07:00:00-05:00,3,False
20260717,calm,2026-07-17 07:00:00-05:00,2026-07-17 13:47:00-05:00,407,False
20260717,toxic,2026-07-17 13:47:00-05:00,2026-07-17 13:50:00-05:00,3,False
20260717,calm,2026-07-17 13:50:00-05:00,2026-07-17 16:01:00-05:00,131,False
20260720,volatile,2026-07-19 17:10:00-05:00,2026-07-19 17:14:00-05:00,4,False
20260720,normal,2026-07-19 17:14:00-05:00,2026-07-19 17:21:00-05:00,7,False
20260720,calm,2026-07-19 17:21:00-05:00,2026-07-19 17:34:00-05:00,13,False
20260720,toxic,2026-07-19 17:34:00-05:00,2026-07-19 17:46:00-05:00,12,False
20260720,calm,2026-07-19 17:46:00-05:00,2026-07-19 18:26:00-05:00,40,False
20260720,toxic,2026-07-19 18:26:00-05:00,2026-07-19 18:40:00-05:00,14,False
20260720,calm,2026-07-19 18:40:00-05:00,2026-07-19 18:55:00-05:00,15,False
20260720,normal,2026-07-19 18:55:00-05:00,2026-07-19 18:58:00-05:00,3,False
20260720,calm,2026-07-19 18:58:00-05:00,2026-07-19 19:08:00-05:00,10,False
20260720,normal,2026-07-19 19:08:00-05:00,2026-07-19 19:09:00-05:00,1,False
20260720,toxic,2026-07-19 19:09:00-05:00,2026-07-19 19:12:00-05:00,3,False
20260720,calm,2026-07-19 19:12:00-05:00,2026-07-19 21:45:00-05:00,153,False
20260720,toxic,2026-07-19 21:45:00-05:00,2026-07-19 22:00:00-05:00,15,False
20260720,calm,2026-07-19 22:00:00-05:00,2026-07-19 22:30:00-05:00,30,False
20260720,toxic,2026-07-19 22:30:00-05:00,2026-07-19 22:48:00-05:00,18,False
20260720,calm,2026-07-19 22:48:00-05:00,2026-07-19 23:37:00-05:00,49,False
20260720,toxic,2026-07-19 23:37:00-05:00,2026-07-19 23:56:00-05:00,19,False
20260720,calm,2026-07-19 23:56:00-05:00,2026-07-20 01:48:00-05:00,112,False
20260720,toxic,2026-07-20 01:48:00-05:00,2026-07-20 01:51:00-05:00,3,False
20260720,calm,2026-07-20 01:51:00-05:00,2026-07-20 01:57:00-05:00,6,False
20260720,toxic,2026-07-20 01:57:00-05:00,2026-07-20 02:02:00-05:00,5,False
20260720,calm,2026-07-20 02:02:00-05:00,2026-07-20 04:06:00-05:00,124,False
20260720,toxic,2026-07-20 04:06:00-05:00,2026-07-20 04:09:00-05:00,3,False
20260720,calm,2026-07-20 04:09:00-05:00,2026-07-20 04:23:00-05:00,14,False
20260720,toxic,2026-07-20 04:23:00-05:00,2026-07-20 04:26:00-05:00,3,False
20260720,calm,2026-07-20 04:26:00-05:00,2026-07-20 05:21:00-05:00,55,False
20260720,toxic,2026-07-20 05:21:00-05:00,2026-07-20 05:29:00-05:00,8,False
20260720,calm,2026-07-20 05:29:00-05:00,2026-07-20 05:33:00-05:00,4,False
20260720,normal,2026-07-20 05:33:00-05:00,2026-07-20 05:36:00-05:00,3,False
20260720,calm,2026-07-20 05:36:00-05:00,2026-07-20 06:32:00-05:00,56,False
20260720,volatile,2026-07-20 06:32:00-05:00,2026-07-20 06:38:00-05:00,6,False
20260720,calm,2026-07-20 06:38:00-05:00,2026-07-20 06:48:00-05:00,10,False
20260720,toxic,2026-07-20 06:48:00-05:00,2026-07-20 06:54:00-05:00,6,False
20260720,calm,2026-07-20 06:54:00-05:00,2026-07-20 07:08:00-05:00,14,False
20260720,toxic,2026-07-20 07:08:00-05:00,2026-07-20 07:11:00-05:00,3,False
20260720,calm,2026-07-20 07:11:00-05:00,2026-07-20 16:01:00-05:00,530,False
20260721,calm,2026-07-20 17:10:00-05:00,2026-07-20 17:21:00-05:00,11,False
20260721,toxic,2026-07-20 17:21:00-05:00,2026-07-20 17:24:00-05:00,3,False
20260721,calm,2026-07-20 17:24:00-05:00,2026-07-20 17:28:00-05:00,4,False
20260721,toxic,2026-07-20 17:28:00-05:00,2026-07-20 17:56:00-05:00,28,False
20260721,calm,2026-07-20 17:56:00-05:00,2026-07-20 18:02:00-05:00,6,False
20260721,toxic,2026-07-20 18:02:00-05:00,2026-07-20 18:10:00-05:00,8,False
20260721,calm,2026-07-20 18:10:00-05:00,2026-07-20 18:17:00-05:00,7,False
20260721,toxic,2026-07-20 18:17:00-05:00,2026-07-20 18:22:00-05:00,5,False
20260721,calm,2026-07-20 18:22:00-05:00,2026-07-20 18:55:00-05:00,33,False
20260721,toxic,2026-07-20 18:55:00-05:00,2026-07-20 19:01:00-05:00,6,False
20260721,calm,2026-07-20 19:01:00-05:00,2026-07-20 19:35:00-05:00,34,False
20260721,toxic,2026-07-20 19:35:00-05:00,2026-07-20 19:41:00-05:00,6,False
20260721,calm,2026-07-20 19:41:00-05:00,2026-07-20 20:10:00-05:00,29,False
20260721,normal,2026-07-20 20:10:00-05:00,2026-07-20 20:13:00-05:00,3,False
20260721,toxic,2026-07-20 20:13:00-05:00,2026-07-20 20:20:00-05:00,7,False
20260721,calm,2026-07-20 20:20:00-05:00,2026-07-20 20:28:00-05:00,8,False
20260721,toxic,2026-07-20 20:28:00-05:00,2026-07-20 20:32:00-05:00,4,False
20260721,calm,2026-07-20 20:32:00-05:00,2026-07-20 20:53:00-05:00,21,False
20260721,toxic,2026-07-20 20:53:00-05:00,2026-07-20 20:56:00-05:00,3,False
20260721,calm,2026-07-20 20:56:00-05:00,2026-07-20 21:16:00-05:00,20,False
20260721,toxic,2026-07-20 21:16:00-05:00,2026-07-20 21:26:00-05:00,10,False
20260721,calm,2026-07-20 21:26:00-05:00,2026-07-20 21:29:00-05:00,3,False
20260721,toxic,2026-07-20 21:29:00-05:00,2026-07-20 21:34:00-05:00,5,False
20260721,calm,2026-07-20 21:34:00-05:00,2026-07-21 00:00:00-05:00,146,False
20260721,toxic,2026-07-21 00:00:00-05:00,2026-07-21 00:06:00-05:00,6,False
20260721,calm,2026-07-21 00:06:00-05:00,2026-07-21 01:44:00-05:00,98,False
20260721,toxic,2026-07-21 01:44:00-05:00,2026-07-21 01:49:00-05:00,5,False
20260721,calm,2026-07-21 01:49:00-05:00,2026-07-21 05:23:00-05:00,214,False
20260721,toxic,2026-07-21 05:23:00-05:00,2026-07-21 05:26:00-05:00,3,False
20260721,calm,2026-07-21 05:26:00-05:00,2026-07-21 05:53:00-05:00,27,False
20260721,toxic,2026-07-21 05:53:00-05:00,2026-07-21 05:58:00-05:00,5,False
20260721,calm,2026-07-21 05:58:00-05:00,2026-07-21 07:18:00-05:00,80,False
20260721,toxic,2026-07-21 07:18:00-05:00,2026-07-21 07:21:00-05:00,3,False
20260721,calm,2026-07-21 07:21:00-05:00,2026-07-21 16:01:00-05:00,520,False
20260722,normal,2026-07-21 17:10:00-05:00,2026-07-21 17:11:00-05:00,1,False
20260722,toxic,2026-07-21 17:11:00-05:00,2026-07-21 17:14:00-05:00,3,False
20260722,calm,2026-07-21 17:14:00-05:00,2026-07-21 17:47:00-05:00,33,False
20260722,toxic,2026-07-21 17:47:00-05:00,2026-07-21 17:55:00-05:00,8,False
20260722,calm,2026-07-21 17:55:00-05:00,2026-07-21 18:06:00-05:00,11,False
20260722,toxic,2026-07-21 18:06:00-05:00,2026-07-21 18:44:00-05:00,38,False
20260722,calm,2026-07-21 18:44:00-05:00,2026-07-21 18:52:00-05:00,8,False
20260722,toxic,2026-07-21 18:52:00-05:00,2026-07-21 18:58:00-05:00,6,False
20260722,calm,2026-07-21 18:58:00-05:00,2026-07-21 22:39:00-05:00,221,False
20260722,toxic,2026-07-21 22:39:00-05:00,2026-07-21 22:43:00-05:00,4,False
20260722,calm,2026-07-21 22:43:00-05:00,2026-07-21 23:16:00-05:00,33,False
20260722,toxic,2026-07-21 23:16:00-05:00,2026-07-21 23:28:00-05:00,12,False
20260722,calm,2026-07-21 23:28:00-05:00,2026-07-21 23:38:00-05:00,10,False
20260722,toxic,2026-07-21 23:38:00-05:00,2026-07-21 23:59:00-05:00,21,False
20260722,calm,2026-07-21 23:59:00-05:00,2026-07-22 00:27:00-05:00,28,False
20260722,toxic,2026-07-22 00:27:00-05:00,2026-07-22 00:34:00-05:00,7,False
20260722,calm,2026-07-22 00:34:00-05:00,2026-07-22 01:45:00-05:00,71,False
20260722,toxic,2026-07-22 01:45:00-05:00,2026-07-22 01:58:00-05:00,13,False
20260722,calm,2026-07-22 01:58:00-05:00,2026-07-22 07:57:00-05:00,359,False
20260722,toxic,2026-07-22 07:57:00-05:00,2026-07-22 08:04:00-05:00,7,False
20260722,calm,2026-07-22 08:04:00-05:00,2026-07-22 15:01:00-05:00,417,False
20260722,toxic,2026-07-22 15:01:00-05:00,2026-07-22 15:29:00-05:00,28,False
20260722,calm,2026-07-22 15:29:00-05:00,2026-07-22 15:57:00-05:00,28,False
20260722,toxic,2026-07-22 15:57:00-05:00,2026-07-22 16:01:00-05:00,4,False
20260723,calm,2026-07-22 17:10:00-05:00,2026-07-22 17:19:00-05:00,9,True
20260723,toxic,2026-07-22 17:19:00-05:00,2026-07-22 17:27:00-05:00,8,True
20260723,calm,2026-07-22 17:27:00-05:00,2026-07-22 17:49:00-05:00,22,True
20260723,toxic,2026-07-22 17:49:00-05:00,2026-07-22 17:59:00-05:00,10,True
20260723,calm,2026-07-22 17:59:00-05:00,2026-07-22 18:23:00-05:00,24,True
20260723,toxic,2026-07-22 18:23:00-05:00,2026-07-22 18:27:00-05:00,4,True
20260723,calm,2026-07-22 18:27:00-05:00,2026-07-22 18:40:00-05:00,13,True
20260723,toxic,2026-07-22 18:40:00-05:00,2026-07-22 18:43:00-05:00,3,True
20260723,calm,2026-07-22 18:43:00-05:00,2026-07-22 18:55:00-05:00,12,True
20260723,toxic,2026-07-22 18:55:00-05:00,2026-07-22 19:25:00-05:00,30,True
20260723,calm,2026-07-22 19:25:00-05:00,2026-07-22 19:37:00-05:00,12,True
20260723,toxic,2026-07-22 19:37:00-05:00,2026-07-22 19:41:00-05:00,4,True
20260723,calm,2026-07-22 19:41:00-05:00,2026-07-22 19:51:00-05:00,10,True
20260723,toxic,2026-07-22 19:51:00-05:00,2026-07-22 19:54:00-05:00,3,True
20260723,calm,2026-07-22 19:54:00-05:00,2026-07-22 20:19:00-05:00,25,True
20260723,volatile,2026-07-22 20:19:00-05:00,2026-07-22 20:22:00-05:00,3,True
20260723,calm,2026-07-22 20:22:00-05:00,2026-07-22 20:24:00-05:00,2,True
20260723,toxic,2026-07-22 20:24:00-05:00,2026-07-22 20:57:00-05:00,33,True
20260723,calm,2026-07-22 20:57:00-05:00,2026-07-22 21:54:00-05:00,57,True
20260723,normal,2026-07-22 21:54:00-05:00,2026-07-22 21:57:00-05:00,3,True
20260723,calm,2026-07-22 21:57:00-05:00,2026-07-22 21:59:00-05:00,2,True
20260723,toxic,2026-07-22 21:59:00-05:00,2026-07-22 22:06:00-05:00,7,True
20260723,calm,2026-07-22 22:06:00-05:00,2026-07-22 22:08:00-05:00,2,True
20260723,toxic,2026-07-22 22:08:00-05:00,2026-07-22 22:13:00-05:00,5,True
20260723,calm,2026-07-22 22:13:00-05:00,2026-07-22 22:35:00-05:00,22,True
20260723,toxic,2026-07-22 22:35:00-05:00,2026-07-22 22:57:00-05:00,22,True
20260723,calm,2026-07-22 22:57:00-05:00,2026-07-22 23:24:00-05:00,27,True
20260723,toxic,2026-07-22 23:24:00-05:00,2026-07-22 23:38:00-05:00,14,True
20260723,calm,2026-07-22 23:38:00-05:00,2026-07-23 00:32:00-05:00,54,True
20260723,toxic,2026-07-23 00:32:00-05:00,2026-07-23 00:35:00-05:00,3,True
20260723,calm,2026-07-23 00:35:00-05:00,2026-07-23 01:16:00-05:00,41,True
20260723,toxic,2026-07-23 01:16:00-05:00,2026-07-23 01:27:00-05:00,11,True
20260723,calm,2026-07-23 01:27:00-05:00,2026-07-23 01:52:00-05:00,25,True
20260723,toxic,2026-07-23 01:52:00-05:00,2026-07-23 02:09:00-05:00,17,True
20260723,calm,2026-07-23 02:09:00-05:00,2026-07-23 03:32:00-05:00,83,True
20260723,toxic,2026-07-23 03:32:00-05:00,2026-07-23 03:43:00-05:00,11,True
20260723,calm,2026-07-23 03:43:00-05:00,2026-07-23 04:29:00-05:00,46,True
20260723,normal,2026-07-23 04:29:00-05:00,2026-07-23 04:32:00-05:00,3,True
20260723,calm,2026-07-23 04:32:00-05:00,2026-07-23 06:07:00-05:00,95,True
20260723,toxic,2026-07-23 06:07:00-05:00,2026-07-23 06:22:00-05:00,15,True
20260723,calm,2026-07-23 06:22:00-05:00,2026-07-23 07:13:00-05:00,51,True
20260723,toxic,2026-07-23 07:13:00-05:00,2026-07-23 07:22:00-05:00,9,True
20260723,calm,2026-07-23 07:22:00-05:00,2026-07-23 07:29:00-05:00,7,True
20260723,toxic,2026-07-23 07:29:00-05:00,2026-07-23 07:52:00-05:00,23,True
20260723,calm,2026-07-23 07:52:00-05:00,2026-07-23 15:10:00-05:00,438,True
20260723,toxic,2026-07-23 15:10:00-05:00,2026-07-23 15:23:00-05:00,13,True
20260723,calm,2026-07-23 15:23:00-05:00,2026-07-23 16:01:00-05:00,38,True
20260724,calm,2026-07-23 17:10:00-05:00,2026-07-23 17:11:00-05:00,1,True
20260724,toxic,2026-07-23 17:11:00-05:00,2026-07-23 17:32:00-05:00,21,True
20260724,calm,2026-07-23 17:32:00-05:00,2026-07-23 17:34:00-05:00,2,True
20260724,toxic,2026-07-23 17:34:00-05:00,2026-07-23 18:43:00-05:00,69,True
20260724,calm,2026-07-23 18:43:00-05:00,2026-07-23 19:07:00-05:00,24,True
20260724,toxic,2026-07-23 19:07:00-05:00,2026-07-23 19:11:00-05:00,4,True
20260724,calm,2026-07-23 19:11:00-05:00,2026-07-23 22:07:00-05:00,176,True
20260724,toxic,2026-07-23 22:07:00-05:00,2026-07-23 22:12:00-05:00,5,True
20260724,calm,2026-07-23 22:12:00-05:00,2026-07-23 23:16:00-05:00,64,True
20260724,toxic,2026-07-23 23:16:00-05:00,2026-07-23 23:52:00-05:00,36,True
20260724,calm,2026-07-23 23:52:00-05:00,2026-07-24 00:58:00-05:00,66,True
20260724,toxic,2026-07-24 00:58:00-05:00,2026-07-24 01:01:00-05:00,3,True
20260724,calm,2026-07-24 01:01:00-05:00,2026-07-24 01:28:00-05:00,27,True
20260724,toxic,2026-07-24 01:28:00-05:00,2026-07-24 01:32:00-05:00,4,True
20260724,calm,2026-07-24 01:32:00-05:00,2026-07-24 01:59:00-05:00,27,True
20260724,toxic,2026-07-24 01:59:00-05:00,2026-07-24 02:02:00-05:00,3,True
20260724,calm,2026-07-24 02:02:00-05:00,2026-07-24 05:34:00-05:00,212,True
20260724,toxic,2026-07-24 05:34:00-05:00,2026-07-24 05:41:00-05:00,7,True
20260724,calm,2026-07-24 05:41:00-05:00,2026-07-24 06:49:00-05:00,68,True
20260724,toxic,2026-07-24 06:49:00-05:00,2026-07-24 07:09:00-05:00,20,True
20260724,calm,2026-07-24 07:09:00-05:00,2026-07-24 10:19:00-05:00,190,True
20260724,toxic,2026-07-24 10:19:00-05:00,2026-07-24 10:22:00-05:00,3,True
20260724,calm,2026-07-24 10:22:00-05:00,2026-07-24 16:01:00-05:00,339,True
20260727,normal,2026-07-26 17:10:00-05:00,2026-07-26 17:11:00-05:00,1,True
20260727,toxic,2026-07-26 17:11:00-05:00,2026-07-26 17:18:00-05:00,7,True
20260727,calm,2026-07-26 17:18:00-05:00,2026-07-26 17:48:00-05:00,30,True
20260727,toxic,2026-07-26 17:48:00-05:00,2026-07-26 18:15:00-05:00,27,True
20260727,calm,2026-07-26 18:15:00-05:00,2026-07-26 19:32:00-05:00,77,True
20260727,normal,2026-07-26 19:32:00-05:00,2026-07-26 19:35:00-05:00,3,True
20260727,calm,2026-07-26 19:35:00-05:00,2026-07-26 21:30:00-05:00,115,True
20260727,toxic,2026-07-26 21:30:00-05:00,2026-07-26 21:33:00-05:00,3,True
20260727,calm,2026-07-26 21:33:00-05:00,2026-07-27 05:02:00-05:00,449,True
20260727,toxic,2026-07-27 05:02:00-05:00,2026-07-27 05:09:00-05:00,7,True
20260727,calm,2026-07-27 05:09:00-05:00,2026-07-27 06:44:00-05:00,95,True
20260727,toxic,2026-07-27 06:44:00-05:00,2026-07-27 06:50:00-05:00,6,True
20260727,calm,2026-07-27 06:50:00-05:00,2026-07-27 11:27:00-05:00,277,True
20260727,volatile,2026-07-27 11:27:00-05:00,2026-07-27 11:30:00-05:00,3,True
20260727,calm,2026-07-27 11:30:00-05:00,2026-07-27 16:00:00-05:00,270,True
20260727,toxic,2026-07-27 16:00:00-05:00,2026-07-27 16:01:00-05:00,1,True
20260728,calm,2026-07-27 17:10:00-05:00,2026-07-27 17:17:00-05:00,7,True
20260728,toxic,2026-07-27 17:17:00-05:00,2026-07-27 17:33:00-05:00,16,True
20260728,calm,2026-07-27 17:33:00-05:00,2026-07-27 17:53:00-05:00,20,True
20260728,toxic,2026-07-27 17:53:00-05:00,2026-07-27 18:04:00-05:00,11,True
20260728,calm,2026-07-27 18:04:00-05:00,2026-07-27 18:07:00-05:00,3,True
20260728,normal,2026-07-27 18:07:00-05:00,2026-07-27 18:14:00-05:00,7,True
20260728,calm,2026-07-27 18:14:00-05:00,2026-07-27 18:44:00-05:00,30,True
20260728,toxic,2026-07-27 18:44:00-05:00,2026-07-27 18:48:00-05:00,4,True
20260728,calm,2026-07-27 18:48:00-05:00,2026-07-27 18:55:00-05:00,7,True
20260728,normal,2026-07-27 18:55:00-05:00,2026-07-27 18:58:00-05:00,3,True
20260728,calm,2026-07-27 18:58:00-05:00,2026-07-27 20:40:00-05:00,102,True
20260728,normal,2026-07-27 20:40:00-05:00,2026-07-27 20:47:00-05:00,7,True
20260728,calm,2026-07-27 20:47:00-05:00,2026-07-27 21:27:00-05:00,40,True
20260728,toxic,2026-07-27 21:27:00-05:00,2026-07-27 21:40:00-05:00,13,True
20260728,calm,2026-07-27 21:40:00-05:00,2026-07-27 21:51:00-05:00,11,True
20260728,normal,2026-07-27 21:51:00-05:00,2026-07-27 21:54:00-05:00,3,True
20260728,calm,2026-07-27 21:54:00-05:00,2026-07-27 22:05:00-05:00,11,True
20260728,toxic,2026-07-27 22:05:00-05:00,2026-07-27 22:08:00-05:00,3,True
20260728,calm,2026-07-27 22:08:00-05:00,2026-07-27 22:10:00-05:00,2,True
20260728,toxic,2026-07-27 22:10:00-05:00,2026-07-27 22:33:00-05:00,23,True
20260728,calm,2026-07-27 22:33:00-05:00,2026-07-27 23:10:00-05:00,37,True
20260728,toxic,2026-07-27 23:10:00-05:00,2026-07-27 23:16:00-05:00,6,True
20260728,calm,2026-07-27 23:16:00-05:00,2026-07-27 23:21:00-05:00,5,True
20260728,toxic,2026-07-27 23:21:00-05:00,2026-07-27 23:25:00-05:00,4,True
20260728,calm,2026-07-27 23:25:00-05:00,2026-07-27 23:29:00-05:00,4,True
20260728,toxic,2026-07-27 23:29:00-05:00,2026-07-27 23:32:00-05:00,3,True
20260728,calm,2026-07-27 23:32:00-05:00,2026-07-27 23:53:00-05:00,21,True
20260728,toxic,2026-07-27 23:53:00-05:00,2026-07-28 00:05:00-05:00,12,True
20260728,calm,2026-07-28 00:05:00-05:00,2026-07-28 01:41:00-05:00,96,True
20260728,toxic,2026-07-28 01:41:00-05:00,2026-07-28 02:06:00-05:00,25,True
20260728,calm,2026-07-28 02:06:00-05:00,2026-07-28 02:15:00-05:00,9,True
20260728,toxic,2026-07-28 02:15:00-05:00,2026-07-28 02:19:00-05:00,4,True
20260728,calm,2026-07-28 02:19:00-05:00,2026-07-28 04:02:00-05:00,103,True
20260728,toxic,2026-07-28 04:02:00-05:00,2026-07-28 04:15:00-05:00,13,True
20260728,calm,2026-07-28 04:15:00-05:00,2026-07-28 04:32:00-05:00,17,True
20260728,toxic,2026-07-28 04:32:00-05:00,2026-07-28 04:35:00-05:00,3,True
20260728,calm,2026-07-28 04:35:00-05:00,2026-07-28 06:45:00-05:00,130,True
20260728,toxic,2026-07-28 06:45:00-05:00,2026-07-28 06:50:00-05:00,5,True
20260728,calm,2026-07-28 06:50:00-05:00,2026-07-28 07:34:00-05:00,44,True
20260728,toxic,2026-07-28 07:34:00-05:00,2026-07-28 07:49:00-05:00,15,True
20260728,calm,2026-07-28 07:49:00-05:00,2026-07-28 07:58:00-05:00,9,True
20260728,toxic,2026-07-28 07:58:00-05:00,2026-07-28 08:02:00-05:00,4,True
20260728,calm,2026-07-28 08:02:00-05:00,2026-07-28 09:08:00-05:00,66,True
20260728,toxic,2026-07-28 09:08:00-05:00,2026-07-28 09:11:00-05:00,3,True
20260728,calm,2026-07-28 09:11:00-05:00,2026-07-28 15:15:00-05:00,364,True
20260728,toxic,2026-07-28 15:15:00-05:00,2026-07-28 15:21:00-05:00,6,True
20260728,calm,2026-07-28 15:21:00-05:00,2026-07-28 15:38:00-05:00,17,True
20260728,toxic,2026-07-28 15:38:00-05:00,2026-07-28 15:41:00-05:00,3,True
20260728,calm,2026-07-28 15:41:00-05:00,2026-07-28 16:00:00-05:00,19,True
20260728,toxic,2026-07-28 16:00:00-05:00,2026-07-28 16:01:00-05:00,1,True
20260731,normal,2026-07-30 17:10:00-05:00,2026-07-30 17:22:00-05:00,12,True
20260731,calm,2026-07-30 17:22:00-05:00,2026-07-30 18:09:00-05:00,47,True
20260731,toxic,2026-07-30 18:09:00-05:00,2026-07-30 18:16:00-05:00,7,True
20260731,calm,2026-07-30 18:16:00-05:00,2026-07-30 18:23:00-05:00,7,True
20260731,toxic,2026-07-30 18:23:00-05:00,2026-07-30 18:29:00-05:00,6,True
20260731,calm,2026-07-30 18:29:00-05:00,2026-07-30 18:42:00-05:00,13,True
20260731,toxic,2026-07-30 18:42:00-05:00,2026-07-30 18:46:00-05:00,4,True
20260731,calm,2026-07-30 18:46:00-05:00,2026-07-30 18:54:00-05:00,8,True
20260731,toxic,2026-07-30 18:54:00-05:00,2026-07-30 19:01:00-05:00,7,True
20260731,calm,2026-07-30 19:01:00-05:00,2026-07-30 20:59:00-05:00,118,True
20260731,normal,2026-07-30 20:59:00-05:00,2026-07-30 21:05:00-05:00,6,True
20260731,calm,2026-07-30 21:05:00-05:00,2026-07-30 22:32:00-05:00,87,True
20260731,normal,2026-07-30 22:32:00-05:00,2026-07-30 22:37:00-05:00,5,True
20260731,calm,2026-07-30 22:37:00-05:00,2026-07-30 22:55:00-05:00,18,True
20260731,toxic,2026-07-30 22:55:00-05:00,2026-07-30 23:08:00-05:00,13,True
20260731,calm,2026-07-30 23:08:00-05:00,2026-07-31 00:29:00-05:00,81,True
20260731,toxic,2026-07-31 00:29:00-05:00,2026-07-31 00:32:00-05:00,3,True
20260731,calm,2026-07-31 00:32:00-05:00,2026-07-31 06:17:00-05:00,345,True
20260731,toxic,2026-07-31 06:17:00-05:00,2026-07-31 06:26:00-05:00,9,True
20260731,calm,2026-07-31 06:26:00-05:00,2026-07-31 09:00:00-05:00,154,True
20260731,toxic,2026-07-31 09:00:00-05:00,2026-07-31 09:03:00-05:00,3,True
20260731,calm,2026-07-31 09:03:00-05:00,2026-07-31 15:55:00-05:00,412,True
20260731,volatile,2026-07-31 15:55:00-05:00,2026-07-31 15:58:00-05:00,3,True
20260731,toxic,2026-07-31 15:58:00-05:00,2026-07-31 16:00:00-05:00,2,True
20260803,calm,2026-08-02 17:10:00-05:00,2026-08-02 17:26:00-05:00,16,True
20260803,toxic,2026-08-02 17:26:00-05:00,2026-08-02 17:32:00-05:00,6,True
20260803,calm,2026-08-02 17:32:00-05:00,2026-08-02 17:48:00-05:00,16,True
20260803,toxic,2026-08-02 17:48:00-05:00,2026-08-02 18:04:00-05:00,16,True
20260803,calm,2026-08-02 18:04:00-05:00,2026-08-02 18:31:00-05:00,27,True
20260803,toxic,2026-08-02 18:31:00-05:00,2026-08-02 18:42:00-05:00,11,True
20260803,calm,2026-08-02 18:42:00-05:00,2026-08-02 18:52:00-05:00,10,True
20260803,toxic,2026-08-02 18:52:00-05:00,2026-08-02 19:01:00-05:00,9,True
20260803,calm,2026-08-02 19:01:00-05:00,2026-08-02 20:02:00-05:00,61,True
20260803,toxic,2026-08-02 20:02:00-05:00,2026-08-02 20:10:00-05:00,8,True
20260803,calm,2026-08-02 20:10:00-05:00,2026-08-02 21:44:00-05:00,94,True
20260803,toxic,2026-08-02 21:44:00-05:00,2026-08-02 21:47:00-05:00,3,True
20260803,calm,2026-08-02 21:47:00-05:00,2026-08-02 23:14:00-05:00,87,True
20260803,toxic,2026-08-02 23:14:00-05:00,2026-08-02 23:21:00-05:00,7,True
20260803,calm,2026-08-02 23:21:00-05:00,2026-08-03 01:10:00-05:00,109,True
20260803,toxic,2026-08-03 01:10:00-05:00,2026-08-03 01:25:00-05:00,15,True
20260803,calm,2026-08-03 01:25:00-05:00,2026-08-03 02:20:00-05:00,55,True
20260803,toxic,2026-08-03 02:20:00-05:00,2026-08-03 02:30:00-05:00,10,True
20260803,calm,2026-08-03 02:30:00-05:00,2026-08-03 03:39:00-05:00,69,True
20260803,toxic,2026-08-03 03:39:00-05:00,2026-08-03 03:55:00-05:00,16,True
20260803,calm,2026-08-03 03:55:00-05:00,2026-08-03 04:42:00-05:00,47,True
20260803,toxic,2026-08-03 04:42:00-05:00,2026-08-03 04:48:00-05:00,6,True
20260803,calm,2026-08-03 04:48:00-05:00,2026-08-03 06:29:00-05:00,101,True
20260803,toxic,2026-08-03 06:29:00-05:00,2026-08-03 06:33:00-05:00,4,True
20260803,calm,2026-08-03 06:33:00-05:00,2026-08-03 16:00:00-05:00,567,True
20260803,toxic,2026-08-03 16:00:00-05:00,2026-08-03 16:01:00-05:00,1,True
20260804,calm,2026-08-03 17:10:00-05:00,2026-08-03 17:13:00-05:00,3,True
20260804,toxic,2026-08-03 17:13:00-05:00,2026-08-03 17:55:00-05:00,42,True
20260804,calm,2026-08-03 17:55:00-05:00,2026-08-03 18:00:00-05:00,5,True
20260804,toxic,2026-08-03 18:00:00-05:00,2026-08-03 18:56:00-05:00,56,True
20260804,calm,2026-08-03 18:56:00-05:00,2026-08-03 19:01:00-05:00,5,True
20260804,toxic,2026-08-03 19:01:00-05:00,2026-08-03 19:04:00-05:00,3,True
20260804,calm,2026-08-03 19:04:00-05:00,2026-08-03 19:12:00-05:00,8,True
20260804,toxic,2026-08-03 19:12:00-05:00,2026-08-03 19:20:00-05:00,8,True
20260804,calm,2026-08-03 19:20:00-05:00,2026-08-03 19:34:00-05:00,14,True
20260804,toxic,2026-08-03 19:34:00-05:00,2026-08-03 19:59:00-05:00,25,True
20260804,calm,2026-08-03 19:59:00-05:00,2026-08-03 20:10:00-05:00,11,True
20260804,toxic,2026-08-03 20:10:00-05:00,2026-08-03 20:13:00-05:00,3,True
20260804,calm,2026-08-03 20:13:00-05:00,2026-08-03 21:31:00-05:00,78,True
20260804,toxic,2026-08-03 21:31:00-05:00,2026-08-03 22:20:00-05:00,49,True
20260804,calm,2026-08-03 22:20:00-05:00,2026-08-03 23:08:00-05:00,48,True
20260804,toxic,2026-08-03 23:08:00-05:00,2026-08-03 23:31:00-05:00,23,True
20260804,calm,2026-08-03 23:31:00-05:00,2026-08-03 23:36:00-05:00,5,True
20260804,toxic,2026-08-03 23:36:00-05:00,2026-08-03 23:55:00-05:00,19,True
20260804,calm,2026-08-03 23:55:00-05:00,2026-08-04 00:48:00-05:00,53,True
20260804,toxic,2026-08-04 00:48:00-05:00,2026-08-04 00:55:00-05:00,7,True
20260804,calm,2026-08-04 00:55:00-05:00,2026-08-04 02:35:00-05:00,100,True
20260804,toxic,2026-08-04 02:35:00-05:00,2026-08-04 02:38:00-05:00,3,True
20260804,calm,2026-08-04 02:38:00-05:00,2026-08-04 05:39:00-05:00,181,True
20260804,toxic,2026-08-04 05:39:00-05:00,2026-08-04 05:42:00-05:00,3,True
20260804,calm,2026-08-04 05:42:00-05:00,2026-08-04 05:50:00-05:00,8,True
20260804,toxic,2026-08-04 05:50:00-05:00,2026-08-04 05:58:00-05:00,8,True
20260804,calm,2026-08-04 05:58:00-05:00,2026-08-04 07:30:00-05:00,92,True
20260804,normal,2026-08-04 07:30:00-05:00,2026-08-04 07:33:00-05:00,3,True
20260804,calm,2026-08-04 07:33:00-05:00,2026-08-04 15:06:00-05:00,453,True
20260804,toxic,2026-08-04 15:06:00-05:00,2026-08-04 15:19:00-05:00,13,True
20260804,volatile,2026-08-04 15:19:00-05:00,2026-08-04 15:25:00-05:00,6,True
20260804,toxic,2026-08-04 15:25:00-05:00,2026-08-04 15:31:00-05:00,6,True
20260804,calm,2026-08-04 15:31:00-05:00,2026-08-04 15:41:00-05:00,10,True
20260804,toxic,2026-08-04 15:41:00-05:00,2026-08-04 15:49:00-05:00,8,True
20260804,calm,2026-08-04 15:49:00-05:00,2026-08-04 15:51:00-05:00,2,True
20260804,toxic,2026-08-04 15:51:00-05:00,2026-08-04 16:01:00-05:00,10,True
20260805,normal,2026-08-04 17:10:00-05:00,2026-08-04 17:13:00-05:00,3,True
20260805,calm,2026-08-04 17:13:00-05:00,2026-08-04 17:41:00-05:00,28,True
20260805,toxic,2026-08-04 17:41:00-05:00,2026-08-04 18:13:00-05:00,32,True
20260805,calm,2026-08-04 18:13:00-05:00,2026-08-04 18:43:00-05:00,30,True
20260805,toxic,2026-08-04 18:43:00-05:00,2026-08-04 19:08:00-05:00,25,True
20260805,calm,2026-08-04 19:08:00-05:00,2026-08-04 19:15:00-05:00,7,True
20260805,toxic,2026-08-04 19:15:00-05:00,2026-08-04 19:18:00-05:00,3,True
20260805,calm,2026-08-04 19:18:00-05:00,2026-08-04 22:19:00-05:00,181,True
20260805,toxic,2026-08-04 22:19:00-05:00,2026-08-04 22:39:00-05:00,20,True
20260805,calm,2026-08-04 22:39:00-05:00,2026-08-04 22:58:00-05:00,19,True
20260805,toxic,2026-08-04 22:58:00-05:00,2026-08-04 23:02:00-05:00,4,True
20260805,calm,2026-08-04 23:02:00-05:00,2026-08-05 00:10:00-05:00,68,True
20260805,toxic,2026-08-05 00:10:00-05:00,2026-08-05 00:31:00-05:00,21,True
20260805,calm,2026-08-05 00:31:00-05:00,2026-08-05 00:50:00-05:00,19,True
20260805,volatile,2026-08-05 00:50:00-05:00,2026-08-05 00:53:00-05:00,3,True
20260805,calm,2026-08-05 00:53:00-05:00,2026-08-05 02:05:00-05:00,72,True
20260805,toxic,2026-08-05 02:05:00-05:00,2026-08-05 02:17:00-05:00,12,True
20260805,calm,2026-08-05 02:17:00-05:00,2026-08-05 05:25:00-05:00,188,True
20260805,toxic,2026-08-05 05:25:00-05:00,2026-08-05 05:30:00-05:00,5,True
20260805,calm,2026-08-05 05:30:00-05:00,2026-08-05 05:46:00-05:00,16,True
20260805,toxic,2026-08-05 05:46:00-05:00,2026-08-05 05:50:00-05:00,4,True
20260805,calm,2026-08-05 05:50:00-05:00,2026-08-05 07:35:00-05:00,105,True
20260805,toxic,2026-08-05 07:35:00-05:00,2026-08-05 07:38:00-05:00,3,True
20260805,calm,2026-08-05 07:38:00-05:00,2026-08-05 10:18:00-05:00,160,True
20260805,calm,2026-08-05 10:19:00-05:00,2026-08-05 15:29:00-05:00,310,True
20260805,toxic,2026-08-05 15:29:00-05:00,2026-08-05 15:32:00-05:00,3,True
20260805,calm,2026-08-05 15:32:00-05:00,2026-08-05 16:01:00-05:00,29,True
20260806,calm,2026-08-05 17:10:00-05:00,2026-08-05 17:14:00-05:00,4,True
20260806,toxic,2026-08-05 17:14:00-05:00,2026-08-05 17:29:00-05:00,15,True
20260806,calm,2026-08-05 17:29:00-05:00,2026-08-05 17:35:00-05:00,6,True
20260806,toxic,2026-08-05 17:35:00-05:00,2026-08-05 17:48:00-05:00,13,True
20260806,calm,2026-08-05 17:48:00-05:00,2026-08-05 18:00:00-05:00,12,True
20260806,toxic,2026-08-05 18:00:00-05:00,2026-08-05 18:08:00-05:00,8,True
20260806,calm,2026-08-05 18:08:00-05:00,2026-08-05 18:12:00-05:00,4,True
20260806,normal,2026-08-05 18:12:00-05:00,2026-08-05 18:15:00-05:00,3,True
20260806,calm,2026-08-05 18:15:00-05:00,2026-08-05 18:29:00-05:00,14,True
20260806,toxic,2026-08-05 18:29:00-05:00,2026-08-05 18:37:00-05:00,8,True
20260806,calm,2026-08-05 18:37:00-05:00,2026-08-05 18:40:00-05:00,3,True
20260806,toxic,2026-08-05 18:40:00-05:00,2026-08-05 18:56:00-05:00,16,True
20260806,calm,2026-08-05 18:56:00-05:00,2026-08-05 19:50:00-05:00,54,True
20260806,toxic,2026-08-05 19:50:00-05:00,2026-08-05 19:57:00-05:00,7,True
20260806,calm,2026-08-05 19:57:00-05:00,2026-08-05 21:55:00-05:00,118,True
20260806,toxic,2026-08-05 21:55:00-05:00,2026-08-05 22:00:00-05:00,5,True
20260806,calm,2026-08-05 22:00:00-05:00,2026-08-05 23:10:00-05:00,70,True
20260806,toxic,2026-08-05 23:10:00-05:00,2026-08-05 23:25:00-05:00,15,True
20260806,calm,2026-08-05 23:25:00-05:00,2026-08-06 00:22:00-05:00,57,True
20260806,toxic,2026-08-06 00:22:00-05:00,2026-08-06 00:50:00-05:00,28,True
20260806,calm,2026-08-06 00:50:00-05:00,2026-08-06 02:11:00-05:00,81,True
20260806,toxic,2026-08-06 02:11:00-05:00,2026-08-06 02:20:00-05:00,9,True
20260806,calm,2026-08-06 02:20:00-05:00,2026-08-06 04:01:00-05:00,101,True
20260806,toxic,2026-08-06 04:01:00-05:00,2026-08-06 04:04:00-05:00,3,True
20260806,calm,2026-08-06 04:04:00-05:00,2026-08-06 07:30:00-05:00,206,True
20260806,toxic,2026-08-06 07:30:00-05:00,2026-08-06 07:33:00-05:00,3,True
20260806,calm,2026-08-06 07:33:00-05:00,2026-08-06 16:01:00-05:00,508,True
20260810,calm,2026-08-09 17:10:00-05:00,2026-08-09 17:15:00-05:00,5,True
20260810,toxic,2026-08-09 17:15:00-05:00,2026-08-09 17:43:00-05:00,28,True
20260810,calm,2026-08-09 17:43:00-05:00,2026-08-09 17:47:00-05:00,4,True
20260810,toxic,2026-08-09 17:47:00-05:00,2026-08-09 18:11:00-05:00,24,True
20260810,calm,2026-08-09 18:11:00-05:00,2026-08-09 18:36:00-05:00,25,True
20260810,toxic,2026-08-09 18:36:00-05:00,2026-08-09 18:45:00-05:00,9,True
20260810,calm,2026-08-09 18:45:00-05:00,2026-08-09 19:11:00-05:00,26,True
20260810,toxic,2026-08-09 19:11:00-05:00,2026-08-09 19:17:00-05:00,6,True
20260810,calm,2026-08-09 19:17:00-05:00,2026-08-09 21:10:00-05:00,113,True
20260810,toxic,2026-08-09 21:10:00-05:00,2026-08-09 21:25:00-05:00,15,True
20260810,calm,2026-08-09 21:25:00-05:00,2026-08-09 21:39:00-05:00,14,True
20260810,toxic,2026-08-09 21:39:00-05:00,2026-08-09 22:11:00-05:00,32,True
20260810,calm,2026-08-09 22:11:00-05:00,2026-08-09 22:41:00-05:00,30,True
20260810,toxic,2026-08-09 22:41:00-05:00,2026-08-09 22:44:00-05:00,3,True
20260810,calm,2026-08-09 22:44:00-05:00,2026-08-09 23:00:00-05:00,16,True
20260810,toxic,2026-08-09 23:00:00-05:00,2026-08-09 23:19:00-05:00,19,True
20260810,calm,2026-08-09 23:19:00-05:00,2026-08-09 23:39:00-05:00,20,True
20260810,toxic,2026-08-09 23:39:00-05:00,2026-08-09 23:54:00-05:00,15,True
20260810,calm,2026-08-09 23:54:00-05:00,2026-08-10 00:35:00-05:00,41,True
20260810,toxic,2026-08-10 00:35:00-05:00,2026-08-10 00:38:00-05:00,3,True
20260810,calm,2026-08-10 00:38:00-05:00,2026-08-10 00:41:00-05:00,3,True
20260810,toxic,2026-08-10 00:41:00-05:00,2026-08-10 00:54:00-05:00,13,True
20260810,calm,2026-08-10 00:54:00-05:00,2026-08-10 01:11:00-05:00,17,True
20260810,toxic,2026-08-10 01:11:00-05:00,2026-08-10 01:14:00-05:00,3,True
20260810,calm,2026-08-10 01:14:00-05:00,2026-08-10 01:42:00-05:00,28,True
20260810,toxic,2026-08-10 01:42:00-05:00,2026-08-10 01:48:00-05:00,6,True
20260810,calm,2026-08-10 01:48:00-05:00,2026-08-10 04:18:00-05:00,150,True
20260810,toxic,2026-08-10 04:18:00-05:00,2026-08-10 04:22:00-05:00,4,True
20260810,calm,2026-08-10 04:22:00-05:00,2026-08-10 08:23:00-05:00,241,True
20260810,toxic,2026-08-10 08:23:00-05:00,2026-08-10 08:26:00-05:00,3,True
20260810,calm,2026-08-10 08:26:00-05:00,2026-08-10 16:01:00-05:00,455,True
20260811,calm,2026-08-10 17:10:00-05:00,2026-08-10 17:53:00-05:00,43,True
20260811,toxic,2026-08-10 17:53:00-05:00,2026-08-10 18:11:00-05:00,18,True
20260811,calm,2026-08-10 18:11:00-05:00,2026-08-10 18:16:00-05:00,5,True
20260811,volatile,2026-08-10 18:16:00-05:00,2026-08-10 18:21:00-05:00,5,True
20260811,calm,2026-08-10 18:21:00-05:00,2026-08-10 19:08:00-05:00,47,True
20260811,toxic,2026-08-10 19:08:00-05:00,2026-08-10 19:14:00-05:00,6,True
20260811,calm,2026-08-10 19:14:00-05:00,2026-08-10 19:21:00-05:00,7,True
20260811,toxic,2026-08-10 19:21:00-05:00,2026-08-10 19:38:00-05:00,17,True
20260811,calm,2026-08-10 19:38:00-05:00,2026-08-10 19:50:00-05:00,12,True
20260811,toxic,2026-08-10 19:50:00-05:00,2026-08-10 19:55:00-05:00,5,True
20260811,calm,2026-08-10 19:55:00-05:00,2026-08-10 20:55:00-05:00,60,True
20260811,calm,2026-08-10 21:31:00-05:00,2026-08-10 21:36:00-05:00,5,True
20260811,toxic,2026-08-10 21:36:00-05:00,2026-08-10 21:43:00-05:00,7,True
20260811,calm,2026-08-10 21:43:00-05:00,2026-08-10 21:51:00-05:00,8,True
20260811,toxic,2026-08-10 21:51:00-05:00,2026-08-10 21:54:00-05:00,3,True
20260811,calm,2026-08-10 21:54:00-05:00,2026-08-10 22:08:00-05:00,14,True
20260811,toxic,2026-08-10 22:08:00-05:00,2026-08-10 22:12:00-05:00,4,True
20260811,calm,2026-08-10 22:12:00-05:00,2026-08-10 22:22:00-05:00,10,True
20260811,toxic,2026-08-10 22:22:00-05:00,2026-08-10 23:02:00-05:00,40,True
20260811,calm,2026-08-10 23:02:00-05:00,2026-08-10 23:14:00-05:00,12,True
20260811,toxic,2026-08-10 23:14:00-05:00,2026-08-10 23:26:00-05:00,12,True
20260811,volatile,2026-08-10 23:26:00-05:00,2026-08-10 23:37:00-05:00,11,True
20260811,calm,2026-08-10 23:37:00-05:00,2026-08-10 23:53:00-05:00,16,True
20260811,volatile,2026-08-10 23:53:00-05:00,2026-08-10 23:55:00-05:00,2,True
20260811,toxic,2026-08-10 23:55:00-05:00,2026-08-11 00:01:00-05:00,6,True
20260811,volatile,2026-08-11 00:01:00-05:00,2026-08-11 00:13:00-05:00,12,True
20260811,toxic,2026-08-11 00:13:00-05:00,2026-08-11 00:23:00-05:00,10,True
20260811,calm,2026-08-11 00:23:00-05:00,2026-08-11 00:27:00-05:00,4,True
20260811,volatile,2026-08-11 00:27:00-05:00,2026-08-11 00:29:00-05:00,2,True
20260811,toxic,2026-08-11 00:29:00-05:00,2026-08-11 00:46:00-05:00,17,True
20260811,volatile,2026-08-11 00:46:00-05:00,2026-08-11 00:49:00-05:00,3,True
20260811,toxic,2026-08-11 00:49:00-05:00,2026-08-11 00:56:00-05:00,7,True
20260811,calm,2026-08-11 00:56:00-05:00,2026-08-11 04:04:00-05:00,188,True
20260811,toxic,2026-08-11 04:04:00-05:00,2026-08-11 04:12:00-05:00,8,True
20260811,calm,2026-08-11 04:12:00-05:00,2026-08-11 12:08:00-05:00,476,True
20260812,calm,2026-08-11 23:00:00-05:00,2026-08-11 23:15:00-05:00,15,True
20260812,toxic,2026-08-11 23:15:00-05:00,2026-08-11 23:43:00-05:00,28,True
20260812,calm,2026-08-11 23:43:00-05:00,2026-08-11 23:47:00-05:00,4,True
20260812,toxic,2026-08-11 23:47:00-05:00,2026-08-12 00:17:00-05:00,30,True
20260812,calm,2026-08-12 00:17:00-05:00,2026-08-12 00:33:00-05:00,16,True
20260812,toxic,2026-08-12 00:33:00-05:00,2026-08-12 00:41:00-05:00,8,True
20260812,calm,2026-08-12 00:41:00-05:00,2026-08-12 00:54:00-05:00,13,True
20260812,toxic,2026-08-12 00:54:00-05:00,2026-08-12 00:58:00-05:00,4,True
20260812,calm,2026-08-12 00:58:00-05:00,2026-08-12 01:13:00-05:00,15,True
20260812,toxic,2026-08-12 01:13:00-05:00,2026-08-12 01:23:00-05:00,10,True
20260812,calm,2026-08-12 01:23:00-05:00,2026-08-12 01:29:00-05:00,6,True
20260812,toxic,2026-08-12 01:29:00-05:00,2026-08-12 01:32:00-05:00,3,True
20260812,calm,2026-08-12 01:32:00-05:00,2026-08-12 02:21:00-05:00,49,True
20260812,toxic,2026-08-12 02:21:00-05:00,2026-08-12 02:24:00-05:00,3,True
20260812,calm,2026-08-12 02:24:00-05:00,2026-08-12 03:32:00-05:00,68,True
20260812,toxic,2026-08-12 03:32:00-05:00,2026-08-12 03:35:00-05:00,3,True
20260812,calm,2026-08-12 03:35:00-05:00,2026-08-12 05:49:00-05:00,134,True
20260812,toxic,2026-08-12 05:49:00-05:00,2026-08-12 05:57:00-05:00,8,True
20260812,calm,2026-08-12 05:57:00-05:00,2026-08-12 07:30:00-05:00,93,True
20260812,toxic,2026-08-12 07:30:00-05:00,2026-08-12 07:37:00-05:00,7,True
20260812,calm,2026-08-12 07:37:00-05:00,2026-08-12 16:01:00-05:00,504,True
20260813,calm,2026-08-12 17:10:00-05:00,2026-08-12 17:29:00-05:00,19,True
20260813,toxic,2026-08-12 17:29:00-05:00,2026-08-12 17:39:00-05:00,10,True
20260813,calm,2026-08-12 17:39:00-05:00,2026-08-12 17:47:00-05:00,8,True
20260813,toxic,2026-08-12 17:47:00-05:00,2026-08-12 18:18:00-05:00,31,True
20260813,calm,2026-08-12 18:18:00-05:00,2026-08-12 18:21:00-05:00,3,True
20260813,volatile,2026-08-12 18:21:00-05:00,2026-08-12 18:24:00-05:00,3,True
20260813,calm,2026-08-12 18:24:00-05:00,2026-08-12 18:33:00-05:00,9,True
20260813,toxic,2026-08-12 18:33:00-05:00,2026-08-12 19:00:00-05:00,27,True
20260813,calm,2026-08-12 19:00:00-05:00,2026-08-12 19:44:00-05:00,44,True
20260813,toxic,2026-08-12 19:44:00-05:00,2026-08-12 19:49:00-05:00,5,True
20260813,calm,2026-08-12 19:49:00-05:00,2026-08-12 22:44:00-05:00,175,True
20260813,toxic,2026-08-12 22:44:00-05:00,2026-08-12 22:47:00-05:00,3,True
20260813,calm,2026-08-12 22:47:00-05:00,2026-08-12 22:51:00-05:00,4,True
20260813,volatile,2026-08-12 22:51:00-05:00,2026-08-12 22:54:00-05:00,3,True
20260813,calm,2026-08-12 22:54:00-05:00,2026-08-12 23:14:00-05:00,20,True
20260813,toxic,2026-08-12 23:14:00-05:00,2026-08-12 23:56:00-05:00,42,True
20260813,calm,2026-08-12 23:56:00-05:00,2026-08-13 00:25:00-05:00,29,True
20260813,volatile,2026-08-13 00:25:00-05:00,2026-08-13 00:29:00-05:00,4,True
20260813,calm,2026-08-13 00:29:00-05:00,2026-08-13 01:12:00-05:00,43,True
20260813,toxic,2026-08-13 01:12:00-05:00,2026-08-13 01:19:00-05:00,7,True
20260813,calm,2026-08-13 01:19:00-05:00,2026-08-13 01:57:00-05:00,38,True
20260813,toxic,2026-08-13 01:57:00-05:00,2026-08-13 02:05:00-05:00,8,True
20260813,calm,2026-08-13 02:05:00-05:00,2026-08-13 03:06:00-05:00,61,True
20260813,toxic,2026-08-13 03:06:00-05:00,2026-08-13 03:09:00-05:00,3,True
20260813,calm,2026-08-13 03:09:00-05:00,2026-08-13 03:51:00-05:00,42,True
20260813,toxic,2026-08-13 03:51:00-05:00,2026-08-13 03:58:00-05:00,7,True
20260813,calm,2026-08-13 03:58:00-05:00,2026-08-13 05:55:00-05:00,117,True
20260813,toxic,2026-08-13 05:55:00-05:00,2026-08-13 06:02:00-05:00,7,True
20260813,calm,2026-08-13 06:02:00-05:00,2026-08-13 06:07:00-05:00,5,True
20260813,toxic,2026-08-13 06:07:00-05:00,2026-08-13 06:26:00-05:00,19,True
20260813,calm,2026-08-13 06:26:00-05:00,2026-08-13 06:43:00-05:00,17,True
20260813,toxic,2026-08-13 06:43:00-05:00,2026-08-13 06:58:00-05:00,15,True
20260813,calm,2026-08-13 06:58:00-05:00,2026-08-13 07:29:00-05:00,31,True
20260813,toxic,2026-08-13 07:29:00-05:00,2026-08-13 07:38:00-05:00,9,True
20260813,calm,2026-08-13 07:38:00-05:00,2026-08-13 15:34:00-05:00,476,True
20260813,toxic,2026-08-13 15:34:00-05:00,2026-08-13 15:42:00-05:00,8,True
20260813,calm,2026-08-13 15:42:00-05:00,2026-08-13 16:01:00-05:00,19,True
20260814,volatile,2026-08-13 17:10:00-05:00,2026-08-13 17:13:00-05:00,3,True
20260814,calm,2026-08-13 17:13:00-05:00,2026-08-13 17:19:00-05:00,6,True
20260814,toxic,2026-08-13 17:19:00-05:00,2026-08-13 17:38:00-05:00,19,True
20260814,calm,2026-08-13 17:38:00-05:00,2026-08-13 17:47:00-05:00,9,True
20260814,toxic,2026-08-13 17:47:00-05:00,2026-08-13 18:02:00-05:00,15,True
20260814,calm,2026-08-13 18:02:00-05:00,2026-08-13 18:05:00-05:00,3,True
20260814,toxic,2026-08-13 18:05:00-05:00,2026-08-13 19:21:00-05:00,76,True
20260814,calm,2026-08-13 19:21:00-05:00,2026-08-13 19:34:00-05:00,13,True
20260814,volatile,2026-08-13 19:34:00-05:00,2026-08-13 19:52:00-05:00,18,True
20260814,calm,2026-08-13 19:52:00-05:00,2026-08-13 20:35:00-05:00,43,True
20260814,volatile,2026-08-13 20:35:00-05:00,2026-08-13 20:41:00-05:00,6,True
20260814,calm,2026-08-13 20:41:00-05:00,2026-08-13 20:49:00-05:00,8,True
20260814,volatile,2026-08-13 20:49:00-05:00,2026-08-13 20:56:00-05:00,7,True
20260814,calm,2026-08-13 20:56:00-05:00,2026-08-13 21:08:00-05:00,12,True
20260814,volatile,2026-08-13 21:08:00-05:00,2026-08-13 21:20:00-05:00,12,True
20260814,toxic,2026-08-13 21:20:00-05:00,2026-08-13 21:35:00-05:00,15,True
20260814,volatile,2026-08-13 21:35:00-05:00,2026-08-13 21:49:00-05:00,14,True
20260814,calm,2026-08-13 21:49:00-05:00,2026-08-13 22:07:00-05:00,18,True
20260814,volatile,2026-08-13 22:07:00-05:00,2026-08-13 22:15:00-05:00,8,True
20260814,calm,2026-08-13 22:15:00-05:00,2026-08-13 22:19:00-05:00,4,True
20260814,volatile,2026-08-13 22:19:00-05:00,2026-08-13 22:24:00-05:00,5,True
20260814,calm,2026-08-13 22:24:00-05:00,2026-08-13 22:35:00-05:00,11,True
20260814,volatile,2026-08-13 22:35:00-05:00,2026-08-13 22:41:00-05:00,6,True
20260814,calm,2026-08-13 22:41:00-05:00,2026-08-13 22:45:00-05:00,4,True
20260814,volatile,2026-08-13 22:45:00-05:00,2026-08-13 22:53:00-05:00,8,True
20260814,calm,2026-08-13 22:53:00-05:00,2026-08-13 22:56:00-05:00,3,True
20260814,volatile,2026-08-13 22:56:00-05:00,2026-08-13 23:02:00-05:00,6,True
20260814,calm,2026-08-13 23:02:00-05:00,2026-08-13 23:08:00-05:00,6,True
20260814,volatile,2026-08-13 23:08:00-05:00,2026-08-13 23:11:00-05:00,3,True
20260814,calm,2026-08-13 23:11:00-05:00,2026-08-13 23:14:00-05:00,3,True
20260814,toxic,2026-08-13 23:14:00-05:00,2026-08-13 23:41:00-05:00,27,True
20260814,calm,2026-08-13 23:41:00-05:00,2026-08-14 00:17:00-05:00,36,True
20260814,toxic,2026-08-14 00:17:00-05:00,2026-08-14 00:21:00-05:00,4,True
20260814,calm,2026-08-14 00:21:00-05:00,2026-08-14 00:34:00-05:00,13,True
20260814,toxic,2026-08-14 00:34:00-05:00,2026-08-14 00:37:00-05:00,3,True
20260814,calm,2026-08-14 00:37:00-05:00,2026-08-14 00:39:00-05:00,2,True
20260814,volatile,2026-08-14 00:39:00-05:00,2026-08-14 00:50:00-05:00,11,True
20260814,toxic,2026-08-14 00:50:00-05:00,2026-08-14 01:01:00-05:00,11,True
20260814,calm,2026-08-14 01:01:00-05:00,2026-08-14 01:08:00-05:00,7,True
20260814,toxic,2026-08-14 01:08:00-05:00,2026-08-14 01:11:00-05:00,3,True
20260814,calm,2026-08-14 01:11:00-05:00,2026-08-14 01:35:00-05:00,24,True
20260814,volatile,2026-08-14 01:35:00-05:00,2026-08-14 01:50:00-05:00,15,True
20260814,calm,2026-08-14 01:50:00-05:00,2026-08-14 01:57:00-05:00,7,True
20260814,toxic,2026-08-14 01:57:00-05:00,2026-08-14 02:00:00-05:00,3,True
20260814,calm,2026-08-14 02:00:00-05:00,2026-08-14 02:33:00-05:00,33,True
20260814,volatile,2026-08-14 02:33:00-05:00,2026-08-14 02:36:00-05:00,3,True
20260814,calm,2026-08-14 02:36:00-05:00,2026-08-14 03:44:00-05:00,68,True
20260814,toxic,2026-08-14 03:44:00-05:00,2026-08-14 03:49:00-05:00,5,True
20260814,calm,2026-08-14 03:49:00-05:00,2026-08-14 05:24:00-05:00,95,True
20260814,toxic,2026-08-14 05:24:00-05:00,2026-08-14 05:38:00-05:00,14,True
20260814,calm,2026-08-14 05:38:00-05:00,2026-08-14 05:50:00-05:00,12,True
20260814,toxic,2026-08-14 05:50:00-05:00,2026-08-14 07:14:00-05:00,84,True
20260814,calm,2026-08-14 07:14:00-05:00,2026-08-14 07:30:00-05:00,16,True
20260814,toxic,2026-08-14 07:30:00-05:00,2026-08-14 07:33:00-05:00,3,True
20260814,calm,2026-08-14 07:33:00-05:00,2026-08-14 15:23:00-05:00,470,True
20260814,volatile,2026-08-14 15:23:00-05:00,2026-08-14 15:27:00-05:00,4,True
20260814,calm,2026-08-14 15:27:00-05:00,2026-08-14 15:32:00-05:00,5,True
20260814,toxic,2026-08-14 15:32:00-05:00,2026-08-14 15:35:00-05:00,3,True
20260814,calm,2026-08-14 15:35:00-05:00,2026-08-14 15:56:00-05:00,21,True
20260814,volatile,2026-08-14 15:56:00-05:00,2026-08-14 15:59:00-05:00,3,True
20260814,calm,2026-08-14 15:59:00-05:00,2026-08-14 16:01:00-05:00,2,True
20260817,normal,2026-08-16 17:10:00-05:00,2026-08-16 17:15:00-05:00,5,True
20260817,volatile,2026-08-16 17:15:00-05:00,2026-08-16 17:17:00-05:00,2,True
20260817,toxic,2026-08-16 17:17:00-05:00,2026-08-16 18:31:00-05:00,74,True
20260817,volatile,2026-08-16 18:31:00-05:00,2026-08-16 18:34:00-05:00,3,True
20260817,toxic,2026-08-16 18:34:00-05:00,2026-08-16 18:51:00-05:00,17,True
20260817,calm,2026-08-16 18:51:00-05:00,2026-08-16 19:00:00-05:00,9,True
20260817,volatile,2026-08-16 19:00:00-05:00,2026-08-16 19:44:00-05:00,44,True
20260817,toxic,2026-08-16 19:44:00-05:00,2026-08-16 19:47:00-05:00,3,True
20260817,volatile,2026-08-16 19:47:00-05:00,2026-08-16 20:02:00-05:00,15,True
20260817,calm,2026-08-16 20:02:00-05:00,2026-08-16 20:25:00-05:00,23,True
20260817,volatile,2026-08-16 20:25:00-05:00,2026-08-16 20:36:00-05:00,11,True
20260817,calm,2026-08-16 20:36:00-05:00,2026-08-16 20:41:00-05:00,5,True
20260817,volatile,2026-08-16 20:41:00-05:00,2026-08-16 20:45:00-05:00,4,True
20260817,toxic,2026-08-16 20:45:00-05:00,2026-08-16 20:58:00-05:00,13,True
20260817,calm,2026-08-16 20:58:00-05:00,2026-08-16 21:00:00-05:00,2,True
20260817,volatile,2026-08-16 21:00:00-05:00,2026-08-16 21:16:00-05:00,16,True
20260817,toxic,2026-08-16 21:16:00-05:00,2026-08-16 21:27:00-05:00,11,True
20260817,volatile,2026-08-16 21:27:00-05:00,2026-08-16 21:32:00-05:00,5,True
20260817,calm,2026-08-16 21:32:00-05:00,2026-08-16 21:38:00-05:00,6,True
20260817,volatile,2026-08-16 21:38:00-05:00,2026-08-16 21:40:00-05:00,2,True
20260817,toxic,2026-08-16 21:40:00-05:00,2026-08-16 22:25:00-05:00,45,True
20260817,volatile,2026-08-16 22:25:00-05:00,2026-08-16 22:27:00-05:00,2,True
20260817,toxic,2026-08-16 22:27:00-05:00,2026-08-16 22:44:00-05:00,17,True
20260817,volatile,2026-08-16 22:44:00-05:00,2026-08-16 22:54:00-05:00,10,True
20260817,toxic,2026-08-16 22:54:00-05:00,2026-08-16 23:24:00-05:00,30,True
20260817,volatile,2026-08-16 23:24:00-05:00,2026-08-16 23:26:00-05:00,2,True
20260817,toxic,2026-08-16 23:26:00-05:00,2026-08-16 23:58:00-05:00,32,True
20260817,volatile,2026-08-16 23:58:00-05:00,2026-08-17 00:02:00-05:00,4,True
20260817,toxic,2026-08-17 00:02:00-05:00,2026-08-17 00:17:00-05:00,15,True
20260817,volatile,2026-08-17 00:17:00-05:00,2026-08-17 00:27:00-05:00,10,True
20260817,toxic,2026-08-17 00:27:00-05:00,2026-08-17 01:21:00-05:00,54,True
20260817,calm,2026-08-17 01:21:00-05:00,2026-08-17 01:28:00-05:00,7,True
20260817,toxic,2026-08-17 01:28:00-05:00,2026-08-17 01:31:00-05:00,3,True
20260817,volatile,2026-08-17 01:31:00-05:00,2026-08-17 01:38:00-05:00,7,True
20260817,calm,2026-08-17 01:38:00-05:00,2026-08-17 01:47:00-05:00,9,True
20260817,toxic,2026-08-17 01:47:00-05:00,2026-08-17 01:53:00-05:00,6,True
20260817,calm,2026-08-17 01:53:00-05:00,2026-08-17 02:16:00-05:00,23,True
20260817,toxic,2026-08-17 02:16:00-05:00,2026-08-17 02:19:00-05:00,3,True
20260817,calm,2026-08-17 02:19:00-05:00,2026-08-17 03:42:00-05:00,83,True
20260817,toxic,2026-08-17 03:42:00-05:00,2026-08-17 03:45:00-05:00,3,True
20260817,calm,2026-08-17 03:45:00-05:00,2026-08-17 04:06:00-05:00,21,True
20260817,toxic,2026-08-17 04:06:00-05:00,2026-08-17 04:24:00-05:00,18,True
20260817,calm,2026-08-17 04:24:00-05:00,2026-08-17 04:46:00-05:00,22,True
20260817,volatile,2026-08-17 04:46:00-05:00,2026-08-17 04:49:00-05:00,3,True
20260817,calm,2026-08-17 04:49:00-05:00,2026-08-17 05:28:00-05:00,39,True
20260817,toxic,2026-08-17 05:28:00-05:00,2026-08-17 05:35:00-05:00,7,True
20260817,calm,2026-08-17 05:35:00-05:00,2026-08-17 06:49:00-05:00,74,True
20260817,volatile,2026-08-17 06:49:00-05:00,2026-08-17 06:54:00-05:00,5,True
20260817,calm,2026-08-17 06:54:00-05:00,2026-08-17 07:04:00-05:00,10,True
20260817,toxic,2026-08-17 07:04:00-05:00,2026-08-17 07:11:00-05:00,7,True
20260817,calm,2026-08-17 07:11:00-05:00,2026-08-17 07:29:00-05:00,18,True
20260817,toxic,2026-08-17 07:29:00-05:00,2026-08-17 07:38:00-05:00,9,True
20260817,calm,2026-08-17 07:38:00-05:00,2026-08-17 11:42:00-05:00,244,True
20260817,toxic,2026-08-17 11:42:00-05:00,2026-08-17 11:45:00-05:00,3,True
20260817,calm,2026-08-17 11:45:00-05:00,2026-08-17 15:44:00-05:00,239,True
20260817,toxic,2026-08-17 15:44:00-05:00,2026-08-17 16:01:00-05:00,17,True
20260818,calm,2026-08-17 17:10:00-05:00,2026-08-17 17:17:00-05:00,7,True
20260818,toxic,2026-08-17 17:17:00-05:00,2026-08-17 18:15:00-05:00,58,True
20260818,calm,2026-08-17 18:15:00-05:00,2026-08-17 18:17:00-05:00,2,True
20260818,volatile,2026-08-17 18:17:00-05:00,2026-08-17 18:20:00-05:00,3,True
20260818,calm,2026-08-17 18:20:00-05:00,2026-08-17 18:55:00-05:00,35,True
20260818,toxic,2026-08-17 18:55:00-05:00,2026-08-17 19:01:00-05:00,6,True
20260818,calm,2026-08-17 19:01:00-05:00,2026-08-17 19:35:00-05:00,34,True
20260818,volatile,2026-08-17 19:35:00-05:00,2026-08-17 19:43:00-05:00,8,True
20260818,calm,2026-08-17 19:43:00-05:00,2026-08-17 20:24:00-05:00,41,True
20260818,toxic,2026-08-17 20:24:00-05:00,2026-08-17 20:30:00-05:00,6,True
20260818,calm,2026-08-17 20:30:00-05:00,2026-08-17 20:40:00-05:00,10,True
20260818,toxic,2026-08-17 20:40:00-05:00,2026-08-17 20:45:00-05:00,5,True
20260818,calm,2026-08-17 20:45:00-05:00,2026-08-17 22:37:00-05:00,112,True
20260818,toxic,2026-08-17 22:37:00-05:00,2026-08-17 22:40:00-05:00,3,True
20260818,calm,2026-08-17 22:40:00-05:00,2026-08-18 00:09:00-05:00,89,True
20260818,toxic,2026-08-18 00:09:00-05:00,2026-08-18 00:27:00-05:00,18,True
20260818,calm,2026-08-18 00:27:00-05:00,2026-08-18 00:36:00-05:00,9,True
20260818,toxic,2026-08-18 00:36:00-05:00,2026-08-18 00:40:00-05:00,4,True
20260818,calm,2026-08-18 00:40:00-05:00,2026-08-18 01:02:00-05:00,22,True
20260818,toxic,2026-08-18 01:02:00-05:00,2026-08-18 01:05:00-05:00,3,True
20260818,calm,2026-08-18 01:05:00-05:00,2026-08-18 02:34:00-05:00,89,True
20260818,toxic,2026-08-18 02:34:00-05:00,2026-08-18 02:40:00-05:00,6,True
20260818,calm,2026-08-18 02:40:00-05:00,2026-08-18 03:05:00-05:00,25,True
20260818,toxic,2026-08-18 03:05:00-05:00,2026-08-18 03:08:00-05:00,3,True
20260818,calm,2026-08-18 03:08:00-05:00,2026-08-18 05:47:00-05:00,159,True
20260818,toxic,2026-08-18 05:47:00-05:00,2026-08-18 05:52:00-05:00,5,True
20260818,calm,2026-08-18 05:52:00-05:00,2026-08-18 06:11:00-05:00,19,True
20260818,toxic,2026-08-18 06:11:00-05:00,2026-08-18 06:28:00-05:00,17,True
20260818,calm,2026-08-18 06:28:00-05:00,2026-08-18 15:40:00-05:00,552,True
20260818,toxic,2026-08-18 15:40:00-05:00,2026-08-18 15:55:00-05:00,15,True
20260818,calm,2026-08-18 15:55:00-05:00,2026-08-18 16:01:00-05:00,6,True
20260819,normal,2026-08-18 17:10:00-05:00,2026-08-18 17:13:00-05:00,3,True
20260819,calm,2026-08-18 17:13:00-05:00,2026-08-18 17:35:00-05:00,22,True
20260819,normal,2026-08-18 17:35:00-05:00,2026-08-18 17:40:00-05:00,5,True
20260819,calm,2026-08-18 17:40:00-05:00,2026-08-18 17:45:00-05:00,5,True
20260819,toxic,2026-08-18 17:45:00-05:00,2026-08-18 17:57:00-05:00,12,True
20260819,calm,2026-08-18 17:57:00-05:00,2026-08-18 18:02:00-05:00,5,True
20260819,toxic,2026-08-18 18:02:00-05:00,2026-08-18 18:07:00-05:00,5,True
20260819,calm,2026-08-18 18:07:00-05:00,2026-08-18 18:10:00-05:00,3,True
20260819,toxic,2026-08-18 18:10:00-05:00,2026-08-18 18:25:00-05:00,15,True
20260819,calm,2026-08-18 18:25:00-05:00,2026-08-18 18:56:00-05:00,31,True
20260819,toxic,2026-08-18 18:56:00-05:00,2026-08-18 19:00:00-05:00,4,True
20260819,calm,2026-08-18 19:00:00-05:00,2026-08-18 23:06:00-05:00,246,True
20260819,toxic,2026-08-18 23:06:00-05:00,2026-08-18 23:09:00-05:00,3,True
20260819,calm,2026-08-18 23:09:00-05:00,2026-08-19 06:10:00-05:00,421,True
20260819,toxic,2026-08-19 06:10:00-05:00,2026-08-19 06:14:00-05:00,4,True
20260819,calm,2026-08-19 06:14:00-05:00,2026-08-19 15:08:00-05:00,534,True
20260819,toxic,2026-08-19 15:08:00-05:00,2026-08-19 15:11:00-05:00,3,True
20260819,calm,2026-08-19 15:11:00-05:00,2026-08-19 16:00:00-05:00,49,True
20260819,toxic,2026-08-19 16:00:00-05:00,2026-08-19 16:01:00-05:00,1,True
20260820,normal,2026-08-19 17:10:00-05:00,2026-08-19 17:14:00-05:00,4,True
20260820,toxic,2026-08-19 17:14:00-05:00,2026-08-19 17:31:00-05:00,17,True
20260820,calm,2026-08-19 17:31:00-05:00,2026-08-19 17:36:00-05:00,5,True
20260820,toxic,2026-08-19 17:36:00-05:00,2026-08-19 18:08:00-05:00,32,True
20260820,calm,2026-08-19 18:08:00-05:00,2026-08-19 18:10:00-05:00,2,True
20260820,toxic,2026-08-19 18:10:00-05:00,2026-08-19 18:15:00-05:00,5,True
20260820,calm,2026-08-19 18:15:00-05:00,2026-08-19 18:19:00-05:00,4,True
20260820,toxic,2026-08-19 18:19:00-05:00,2026-08-19 18:31:00-05:00,12,True
20260820,calm,2026-08-19 18:31:00-05:00,2026-08-19 18:37:00-05:00,6,True
20260820,toxic,2026-08-19 18:37:00-05:00,2026-08-19 18:46:00-05:00,9,True
20260820,calm,2026-08-19 18:46:00-05:00,2026-08-19 18:52:00-05:00,6,True
20260820,toxic,2026-08-19 18:52:00-05:00,2026-08-19 18:55:00-05:00,3,True
20260820,calm,2026-08-19 18:55:00-05:00,2026-08-19 21:49:00-05:00,174,True
20260820,toxic,2026-08-19 21:49:00-05:00,2026-08-19 21:52:00-05:00,3,True
20260820,calm,2026-08-19 21:52:00-05:00,2026-08-19 23:36:00-05:00,104,True
20260820,toxic,2026-08-19 23:36:00-05:00,2026-08-19 23:39:00-05:00,3,True
20260820,calm,2026-08-19 23:39:00-05:00,2026-08-19 23:44:00-05:00,5,True
20260820,toxic,2026-08-19 23:44:00-05:00,2026-08-19 23:52:00-05:00,8,True
20260820,calm,2026-08-19 23:52:00-05:00,2026-08-20 00:23:00-05:00,31,True
20260820,toxic,2026-08-20 00:23:00-05:00,2026-08-20 00:27:00-05:00,4,True
20260820,calm,2026-08-20 00:27:00-05:00,2026-08-20 00:29:00-05:00,2,True
20260820,toxic,2026-08-20 00:29:00-05:00,2026-08-20 00:32:00-05:00,3,True
20260820,calm,2026-08-20 00:32:00-05:00,2026-08-20 00:39:00-05:00,7,True
20260820,toxic,2026-08-20 00:39:00-05:00,2026-08-20 00:59:00-05:00,20,True
20260820,calm,2026-08-20 00:59:00-05:00,2026-08-20 01:19:00-05:00,20,True
20260820,toxic,2026-08-20 01:19:00-05:00,2026-08-20 01:22:00-05:00,3,True
20260820,calm,2026-08-20 01:22:00-05:00,2026-08-20 01:41:00-05:00,19,True
20260820,toxic,2026-08-20 01:41:00-05:00,2026-08-20 01:44:00-05:00,3,True
20260820,calm,2026-08-20 01:44:00-05:00,2026-08-20 02:53:00-05:00,69,True
20260820,volatile,2026-08-20 02:53:00-05:00,2026-08-20 02:57:00-05:00,4,True
20260820,calm,2026-08-20 02:57:00-05:00,2026-08-20 04:07:00-05:00,70,True
20260820,toxic,2026-08-20 04:07:00-05:00,2026-08-20 04:14:00-05:00,7,True
20260820,calm,2026-08-20 04:14:00-05:00,2026-08-20 04:21:00-05:00,7,True
20260820,toxic,2026-08-20 04:21:00-05:00,2026-08-20 04:33:00-05:00,12,True
20260820,calm,2026-08-20 04:33:00-05:00,2026-08-20 05:23:00-05:00,50,True
20260820,toxic,2026-08-20 05:23:00-05:00,2026-08-20 05:26:00-05:00,3,True
20260820,calm,2026-08-20 05:26:00-05:00,2026-08-20 05:47:00-05:00,21,True
20260820,toxic,2026-08-20 05:47:00-05:00,2026-08-20 05:51:00-05:00,4,True
20260820,calm,2026-08-20 05:51:00-05:00,2026-08-20 06:10:00-05:00,19,True
20260820,toxic,2026-08-20 06:10:00-05:00,2026-08-20 06:13:00-05:00,3,True
20260820,calm,2026-08-20 06:13:00-05:00,2026-08-20 06:45:00-05:00,32,True
20260820,toxic,2026-08-20 06:45:00-05:00,2026-08-20 07:27:00-05:00,42,True
20260820,calm,2026-08-20 07:27:00-05:00,2026-08-20 07:29:00-05:00,2,True
20260820,toxic,2026-08-20 07:29:00-05:00,2026-08-20 07:32:00-05:00,3,True
20260820,calm,2026-08-20 07:32:00-05:00,2026-08-20 16:01:00-05:00,509,True
20260824,calm,2026-08-23 17:10:00-05:00,2026-08-23 17:36:00-05:00,26,True
20260824,toxic,2026-08-23 17:36:00-05:00,2026-08-23 17:45:00-05:00,9,True
20260824,calm,2026-08-23 17:45:00-05:00,2026-08-23 18:47:00-05:00,62,True
20260824,toxic,2026-08-23 18:47:00-05:00,2026-08-23 18:51:00-05:00,4,True
20260824,calm,2026-08-23 18:51:00-05:00,2026-08-23 19:26:00-05:00,35,True
20260824,toxic,2026-08-23 19:26:00-05:00,2026-08-23 19:29:00-05:00,3,True
20260824,calm,2026-08-23 19:29:00-05:00,2026-08-23 19:49:00-05:00,20,True
20260824,toxic,2026-08-23 19:49:00-05:00,2026-08-23 19:52:00-05:00,3,True
20260824,calm,2026-08-23 19:52:00-05:00,2026-08-23 20:05:00-05:00,13,True
20260824,toxic,2026-08-23 20:05:00-05:00,2026-08-23 20:08:00-05:00,3,True
20260824,calm,2026-08-23 20:08:00-05:00,2026-08-23 22:01:00-05:00,113,True
20260824,toxic,2026-08-23 22:01:00-05:00,2026-08-23 22:09:00-05:00,8,True
20260824,calm,2026-08-23 22:09:00-05:00,2026-08-23 22:53:00-05:00,44,True
20260824,toxic,2026-08-23 22:53:00-05:00,2026-08-23 22:57:00-05:00,4,True
20260824,calm,2026-08-23 22:57:00-05:00,2026-08-23 23:35:00-05:00,38,True
20260824,toxic,2026-08-23 23:35:00-05:00,2026-08-23 23:39:00-05:00,4,True
20260824,calm,2026-08-23 23:39:00-05:00,2026-08-24 00:15:00-05:00,36,True
20260824,toxic,2026-08-24 00:15:00-05:00,2026-08-24 00:29:00-05:00,14,True
20260824,calm,2026-08-24 00:29:00-05:00,2026-08-24 01:24:00-05:00,55,True
20260824,toxic,2026-08-24 01:24:00-05:00,2026-08-24 01:27:00-05:00,3,True
20260824,calm,2026-08-24 01:27:00-05:00,2026-08-24 03:51:00-05:00,144,True
20260824,toxic,2026-08-24 03:51:00-05:00,2026-08-24 03:56:00-05:00,5,True
20260824,calm,2026-08-24 03:56:00-05:00,2026-08-24 04:47:00-05:00,51,True
20260824,toxic,2026-08-24 04:47:00-05:00,2026-08-24 04:54:00-05:00,7,True
20260824,calm,2026-08-24 04:54:00-05:00,2026-08-24 06:36:00-05:00,102,True
20260824,toxic,2026-08-24 06:36:00-05:00,2026-08-24 06:40:00-05:00,4,True
20260824,calm,2026-08-24 06:40:00-05:00,2026-08-24 07:33:00-05:00,53,True
20260824,toxic,2026-08-24 07:33:00-05:00,2026-08-24 07:46:00-05:00,13,True
20260824,calm,2026-08-24 07:46:00-05:00,2026-08-24 15:38:00-05:00,472,True
20260824,toxic,2026-08-24 15:38:00-05:00,2026-08-24 15:42:00-05:00,4,True
20260824,calm,2026-08-24 15:42:00-05:00,2026-08-24 15:50:00-05:00,8,True
20260824,toxic,2026-08-24 15:50:00-05:00,2026-08-24 16:01:00-05:00,11,True
20260825,normal,2026-08-24 17:10:00-05:00,2026-08-24 17:13:00-05:00,3,True
20260825,toxic,2026-08-24 17:13:00-05:00,2026-08-24 17:21:00-05:00,8,True
20260825,calm,2026-08-24 17:32:00-05:00,2026-08-24 17:35:00-05:00,3,True
20260825,toxic,2026-08-24 17:35:00-05:00,2026-08-24 18:30:00-05:00,55,True
20260825,calm,2026-08-24 18:30:00-05:00,2026-08-24 19:45:00-05:00,75,True
20260825,normal,2026-08-24 19:45:00-05:00,2026-08-24 19:48:00-05:00,3,True
20260825,calm,2026-08-24 19:48:00-05:00,2026-08-24 21:34:00-05:00,106,True
20260825,toxic,2026-08-24 21:34:00-05:00,2026-08-24 21:52:00-05:00,18,True
20260825,calm,2026-08-24 21:52:00-05:00,2026-08-24 21:58:00-05:00,6,True
20260825,toxic,2026-08-24 21:58:00-05:00,2026-08-24 22:31:00-05:00,33,True
20260825,calm,2026-08-24 22:31:00-05:00,2026-08-24 23:04:00-05:00,33,True
20260825,toxic,2026-08-24 23:04:00-05:00,2026-08-24 23:07:00-05:00,3,True
20260825,calm,2026-08-24 23:07:00-05:00,2026-08-24 23:22:00-05:00,15,True
20260825,toxic,2026-08-24 23:22:00-05:00,2026-08-24 23:29:00-05:00,7,True
20260825,calm,2026-08-24 23:29:00-05:00,2026-08-25 00:10:00-05:00,41,True
20260825,toxic,2026-08-25 00:10:00-05:00,2026-08-25 00:19:00-05:00,9,True
20260825,calm,2026-08-25 00:19:00-05:00,2026-08-25 01:23:00-05:00,64,True
20260825,toxic,2026-08-25 01:23:00-05:00,2026-08-25 01:27:00-05:00,4,True
20260825,calm,2026-08-25 01:27:00-05:00,2026-08-25 02:41:00-05:00,74,True
20260825,toxic,2026-08-25 02:41:00-05:00,2026-08-25 02:44:00-05:00,3,True
20260825,calm,2026-08-25 02:44:00-05:00,2026-08-25 03:20:00-05:00,36,True
20260825,toxic,2026-08-25 03:20:00-05:00,2026-08-25 03:36:00-05:00,16,True
20260825,calm,2026-08-25 03:36:00-05:00,2026-08-25 04:18:00-05:00,42,True
20260825,normal,2026-08-25 04:18:00-05:00,2026-08-25 04:23:00-05:00,5,True
20260825,calm,2026-08-25 04:23:00-05:00,2026-08-25 06:42:00-05:00,139,True
20260825,toxic,2026-08-25 06:42:00-05:00,2026-08-25 06:45:00-05:00,3,True
20260825,calm,2026-08-25 06:45:00-05:00,2026-08-25 16:01:00-05:00,556,True
20260826,volatile,2026-08-25 17:10:00-05:00,2026-08-25 17:13:00-05:00,3,True
20260826,calm,2026-08-25 17:13:00-05:00,2026-08-25 17:17:00-05:00,4,True
20260826,toxic,2026-08-25 17:17:00-05:00,2026-08-25 17:23:00-05:00,6,True
20260826,calm,2026-08-25 17:23:00-05:00,2026-08-25 17:29:00-05:00,6,True
20260826,volatile,2026-08-25 17:29:00-05:00,2026-08-25 17:42:00-05:00,13,True
20260826,calm,2026-08-25 17:42:00-05:00,2026-08-25 17:49:00-05:00,7,True
20260826,toxic,2026-08-25 17:49:00-05:00,2026-08-25 18:16:00-05:00,27,True
20260826,volatile,2026-08-25 18:16:00-05:00,2026-08-25 18:24:00-05:00,8,True
20260826,calm,2026-08-25 18:24:00-05:00,2026-08-25 19:07:00-05:00,43,True
20260826,toxic,2026-08-25 19:07:00-05:00,2026-08-25 19:13:00-05:00,6,True
20260826,calm,2026-08-25 19:13:00-05:00,2026-08-25 19:59:00-05:00,46,True
20260826,toxic,2026-08-25 19:59:00-05:00,2026-08-25 20:02:00-05:00,3,True
20260826,calm,2026-08-25 20:02:00-05:00,2026-08-25 20:44:00-05:00,42,True
20260826,toxic,2026-08-25 20:44:00-05:00,2026-08-25 20:56:00-05:00,12,True
20260826,calm,2026-08-25 20:56:00-05:00,2026-08-25 22:27:00-05:00,91,True
20260826,toxic,2026-08-25 22:27:00-05:00,2026-08-25 22:36:00-05:00,9,True
20260826,calm,2026-08-25 22:36:00-05:00,2026-08-25 23:55:00-05:00,79,True
20260826,toxic,2026-08-25 23:55:00-05:00,2026-08-26 00:15:00-05:00,20,True
20260826,calm,2026-08-26 00:15:00-05:00,2026-08-26 00:20:00-05:00,5,True
20260826,toxic,2026-08-26 00:20:00-05:00,2026-08-26 00:26:00-05:00,6,True
20260826,calm,2026-08-26 00:26:00-05:00,2026-08-26 00:30:00-05:00,4,True
20260826,toxic,2026-08-26 00:30:00-05:00,2026-08-26 00:33:00-05:00,3,True
20260826,calm,2026-08-26 00:33:00-05:00,2026-08-26 00:57:00-05:00,24,True
20260826,toxic,2026-08-26 00:57:00-05:00,2026-08-26 01:08:00-05:00,11,True
20260826,calm,2026-08-26 01:08:00-05:00,2026-08-26 01:26:00-05:00,18,True
20260826,toxic,2026-08-26 01:26:00-05:00,2026-08-26 01:33:00-05:00,7,True
20260826,calm,2026-08-26 01:33:00-05:00,2026-08-26 01:53:00-05:00,20,True
20260826,toxic,2026-08-26 01:53:00-05:00,2026-08-26 02:04:00-05:00,11,True
20260826,calm,2026-08-26 02:04:00-05:00,2026-08-26 03:37:00-05:00,93,True
20260826,toxic,2026-08-26 03:37:00-05:00,2026-08-26 03:41:00-05:00,4,True
20260826,calm,2026-08-26 03:41:00-05:00,2026-08-26 03:55:00-05:00,14,True
20260826,toxic,2026-08-26 03:55:00-05:00,2026-08-26 03:58:00-05:00,3,True
20260826,calm,2026-08-26 03:58:00-05:00,2026-08-26 04:10:00-05:00,12,True
20260826,toxic,2026-08-26 04:10:00-05:00,2026-08-26 04:32:00-05:00,22,True
20260826,calm,2026-08-26 04:32:00-05:00,2026-08-26 05:02:00-05:00,30,True
20260826,toxic,2026-08-26 05:02:00-05:00,2026-08-26 05:08:00-05:00,6,True
20260826,calm,2026-08-26 05:08:00-05:00,2026-08-26 15:02:00-05:00,594,True
20260826,toxic,2026-08-26 15:02:00-05:00,2026-08-26 15:11:00-05:00,9,True
20260826,calm,2026-08-26 15:11:00-05:00,2026-08-26 15:15:00-05:00,4,True
20260826,toxic,2026-08-26 15:15:00-05:00,2026-08-26 15:57:00-05:00,42,True
20260826,calm,2026-08-26 15:57:00-05:00,2026-08-26 16:01:00-05:00,4,True
20260827,calm,2026-08-26 17:10:00-05:00,2026-08-26 17:15:00-05:00,5,True
20260827,toxic,2026-08-26 17:15:00-05:00,2026-08-26 17:51:00-05:00,36,True
20260827,calm,2026-08-26 17:51:00-05:00,2026-08-26 17:54:00-05:00,3,True
20260827,toxic,2026-08-26 17:54:00-05:00,2026-08-26 17:57:00-05:00,3,True
20260827,calm,2026-08-26 17:57:00-05:00,2026-08-26 18:12:00-05:00,15,True
20260827,toxic,2026-08-26 18:12:00-05:00,2026-08-26 18:21:00-05:00,9,True
20260827,calm,2026-08-26 18:21:00-05:00,2026-08-26 18:24:00-05:00,3,True
20260827,toxic,2026-08-26 18:24:00-05:00,2026-08-26 18:28:00-05:00,4,True
20260827,calm,2026-08-26 18:28:00-05:00,2026-08-26 20:58:00-05:00,150,True
20260827,toxic,2026-08-26 20:58:00-05:00,2026-08-26 21:01:00-05:00,3,True
20260827,calm,2026-08-26 21:01:00-05:00,2026-08-26 22:19:00-05:00,78,True
20260827,toxic,2026-08-26 22:19:00-05:00,2026-08-26 22:34:00-05:00,15,True
20260827,calm,2026-08-26 22:34:00-05:00,2026-08-26 22:45:00-05:00,11,True
20260827,toxic,2026-08-26 22:45:00-05:00,2026-08-26 23:03:00-05:00,18,True
20260827,calm,2026-08-26 23:03:00-05:00,2026-08-26 23:05:00-05:00,2,True
20260827,toxic,2026-08-26 23:05:00-05:00,2026-08-26 23:08:00-05:00,3,True
20260827,calm,2026-08-26 23:08:00-05:00,2026-08-26 23:10:00-05:00,2,True
20260827,toxic,2026-08-26 23:10:00-05:00,2026-08-26 23:32:00-05:00,22,True
20260827,calm,2026-08-26 23:32:00-05:00,2026-08-26 23:40:00-05:00,8,True
20260827,toxic,2026-08-26 23:40:00-05:00,2026-08-26 23:45:00-05:00,5,True
20260827,calm,2026-08-26 23:45:00-05:00,2026-08-27 00:57:00-05:00,72,True
20260827,toxic,2026-08-27 00:57:00-05:00,2026-08-27 01:01:00-05:00,4,True
20260827,calm,2026-08-27 01:01:00-05:00,2026-08-27 03:52:00-05:00,171,True
20260827,toxic,2026-08-27 03:52:00-05:00,2026-08-27 03:57:00-05:00,5,True
20260827,calm,2026-08-27 03:57:00-05:00,2026-08-27 06:12:00-05:00,135,True
20260827,toxic,2026-08-27 06:12:00-05:00,2026-08-27 06:19:00-05:00,7,True
20260827,calm,2026-08-27 06:19:00-05:00,2026-08-27 16:01:00-05:00,582,True
20260828,calm,2026-08-27 17:10:00-05:00,2026-08-27 17:37:00-05:00,27,True
20260828,toxic,2026-08-27 17:37:00-05:00,2026-08-27 17:45:00-05:00,8,True
20260828,calm,2026-08-27 17:45:00-05:00,2026-08-27 17:50:00-05:00,5,True
20260828,toxic,2026-08-27 17:50:00-05:00,2026-08-27 18:03:00-05:00,13,True
20260828,calm,2026-08-27 18:03:00-05:00,2026-08-27 18:18:00-05:00,15,True
20260828,toxic,2026-08-27 18:18:00-05:00,2026-08-27 18:47:00-05:00,29,True
20260828,calm,2026-08-27 18:47:00-05:00,2026-08-27 18:53:00-05:00,6,True
20260828,toxic,2026-08-27 18:53:00-05:00,2026-08-27 18:56:00-05:00,3,True
20260828,calm,2026-08-27 18:56:00-05:00,2026-08-27 21:23:00-05:00,147,True
20260828,toxic,2026-08-27 21:23:00-05:00,2026-08-27 21:43:00-05:00,20,True
20260828,calm,2026-08-27 21:43:00-05:00,2026-08-27 21:56:00-05:00,13,True
20260828,toxic,2026-08-27 21:56:00-05:00,2026-08-27 21:59:00-05:00,3,True
20260828,calm,2026-08-27 21:59:00-05:00,2026-08-27 22:04:00-05:00,5,True
20260828,toxic,2026-08-27 22:04:00-05:00,2026-08-27 22:16:00-05:00,12,True
20260828,calm,2026-08-27 22:16:00-05:00,2026-08-27 22:20:00-05:00,4,True
20260828,toxic,2026-08-27 22:20:00-05:00,2026-08-27 22:23:00-05:00,3,True
20260828,calm,2026-08-27 22:23:00-05:00,2026-08-27 22:34:00-05:00,11,True
20260828,toxic,2026-08-27 22:34:00-05:00,2026-08-27 22:41:00-05:00,7,True
20260828,volatile,2026-08-27 22:41:00-05:00,2026-08-27 22:45:00-05:00,4,True
20260828,calm,2026-08-27 22:45:00-05:00,2026-08-27 23:12:00-05:00,27,True
20260828,toxic,2026-08-27 23:12:00-05:00,2026-08-27 23:19:00-05:00,7,True
20260828,calm,2026-08-27 23:19:00-05:00,2026-08-28 00:27:00-05:00,68,True
20260828,toxic,2026-08-28 00:27:00-05:00,2026-08-28 00:31:00-05:00,4,True
20260828,calm,2026-08-28 00:31:00-05:00,2026-08-28 03:45:00-05:00,194,True
20260828,toxic,2026-08-28 03:45:00-05:00,2026-08-28 03:52:00-05:00,7,True
20260828,calm,2026-08-28 03:52:00-05:00,2026-08-28 15:43:00-05:00,711,True
20260828,toxic,2026-08-28 15:43:00-05:00,2026-08-28 15:48:00-05:00,5,True
20260828,calm,2026-08-28 15:48:00-05:00,2026-08-28 16:01:00-05:00,13,True
20260831,normal,2026-08-30 17:10:00-05:00,2026-08-30 17:15:00-05:00,5,True
20260831,calm,2026-08-30 17:15:00-05:00,2026-08-30 17:24:00-05:00,9,True
20260831,toxic,2026-08-30 17:24:00-05:00,2026-08-30 18:21:00-05:00,57,True
20260831,calm,2026-08-30 18:21:00-05:00,2026-08-30 18:30:00-05:00,9,True
20260831,toxic,2026-08-30 18:30:00-05:00,2026-08-30 18:35:00-05:00,5,True
20260831,calm,2026-08-30 18:35:00-05:00,2026-08-30 18:40:00-05:00,5,True
20260831,toxic,2026-08-30 18:40:00-05:00,2026-08-30 18:49:00-05:00,9,True
20260831,calm,2026-08-30 18:49:00-05:00,2026-08-30 19:43:00-05:00,54,True
20260831,toxic,2026-08-30 19:43:00-05:00,2026-08-30 19:49:00-05:00,6,True
20260831,volatile,2026-08-30 19:49:00-05:00,2026-08-30 19:56:00-05:00,7,True
20260831,calm,2026-08-30 19:56:00-05:00,2026-08-30 20:38:00-05:00,42,True
20260831,toxic,2026-08-30 20:38:00-05:00,2026-08-30 20:43:00-05:00,5,True
20260831,calm,2026-08-30 20:43:00-05:00,2026-08-30 21:23:00-05:00,40,True
20260831,normal,2026-08-30 21:23:00-05:00,2026-08-30 21:26:00-05:00,3,True
20260831,calm,2026-08-30 21:26:00-05:00,2026-08-30 21:43:00-05:00,17,True
20260831,toxic,2026-08-30 21:43:00-05:00,2026-08-30 21:57:00-05:00,14,True
20260831,calm,2026-08-30 21:57:00-05:00,2026-08-30 22:09:00-05:00,12,True
20260831,toxic,2026-08-30 22:09:00-05:00,2026-08-30 22:12:00-05:00,3,True
20260831,calm,2026-08-30 22:12:00-05:00,2026-08-30 22:27:00-05:00,15,True
20260831,toxic,2026-08-30 22:27:00-05:00,2026-08-30 22:44:00-05:00,17,True
20260831,calm,2026-08-30 22:44:00-05:00,2026-08-30 23:16:00-05:00,32,True
20260831,toxic,2026-08-30 23:16:00-05:00,2026-08-30 23:21:00-05:00,5,True
20260831,calm,2026-08-30 23:21:00-05:00,2026-08-30 23:24:00-05:00,3,True
20260831,toxic,2026-08-30 23:24:00-05:00,2026-08-30 23:40:00-05:00,16,True
20260831,calm,2026-08-30 23:40:00-05:00,2026-08-31 01:51:00-05:00,131,True
20260831,toxic,2026-08-31 01:51:00-05:00,2026-08-31 02:17:00-05:00,26,True
20260831,calm,2026-08-31 02:17:00-05:00,2026-08-31 03:00:00-05:00,43,True
20260831,toxic,2026-08-31 03:00:00-05:00,2026-08-31 03:04:00-05:00,4,True
20260831,calm,2026-08-31 03:04:00-05:00,2026-08-31 03:13:00-05:00,9,True
20260831,toxic,2026-08-31 03:13:00-05:00,2026-08-31 03:21:00-05:00,8,True
20260831,calm,2026-08-31 03:21:00-05:00,2026-08-31 03:41:00-05:00,20,True
20260831,normal,2026-08-31 03:41:00-05:00,2026-08-31 03:42:00-05:00,1,True
20260831,toxic,2026-08-31 03:42:00-05:00,2026-08-31 03:45:00-05:00,3,True
20260831,calm,2026-08-31 03:45:00-05:00,2026-08-31 05:04:00-05:00,79,True
20260831,toxic,2026-08-31 05:04:00-05:00,2026-08-31 05:12:00-05:00,8,True
20260831,calm,2026-08-31 05:12:00-05:00,2026-08-31 05:38:00-05:00,26,True
20260831,toxic,2026-08-31 05:38:00-05:00,2026-08-31 05:59:00-05:00,21,True
20260831,calm,2026-08-31 05:59:00-05:00,2026-08-31 06:24:00-05:00,25,True
20260831,toxic,2026-08-31 06:24:00-05:00,2026-08-31 06:37:00-05:00,13,True
20260831,calm,2026-08-31 06:37:00-05:00,2026-08-31 13:35:00-05:00,418,True
20260831,toxic,2026-08-31 13:35:00-05:00,2026-08-31 13:38:00-05:00,3,True
20260831,calm,2026-08-31 13:38:00-05:00,2026-08-31 15:50:00-05:00,132,True
20260831,toxic,2026-08-31 15:50:00-05:00,2026-08-31 16:01:00-05:00,11,True
20260901,calm,2026-08-31 17:10:00-05:00,2026-08-31 17:19:00-05:00,9,True
20260901,toxic,2026-08-31 17:19:00-05:00,2026-08-31 17:22:00-05:00,3,True
20260901,calm,2026-08-31 17:22:00-05:00,2026-08-31 17:24:00-05:00,2,True
20260901,toxic,2026-08-31 17:24:00-05:00,2026-08-31 18:01:00-05:00,37,True
20260901,calm,2026-08-31 18:01:00-05:00,2026-08-31 18:06:00-05:00,5,True
20260901,toxic,2026-08-31 18:06:00-05:00,2026-08-31 18:09:00-05:00,3,True
20260901,calm,2026-08-31 18:09:00-05:00,2026-08-31 23:39:00-05:00,330,True
20260901,toxic,2026-08-31 23:39:00-05:00,2026-08-31 23:54:00-05:00,15,True
20260901,calm,2026-08-31 23:54:00-05:00,2026-09-01 00:23:00-05:00,29,True
20260901,volatile,2026-09-01 00:23:00-05:00,2026-09-01 00:26:00-05:00,3,True
20260901,calm,2026-09-01 00:26:00-05:00,2026-09-01 01:34:00-05:00,68,True
20260901,toxic,2026-09-01 01:34:00-05:00,2026-09-01 01:54:00-05:00,20,True
20260901,calm,2026-09-01 01:54:00-05:00,2026-09-01 16:01:00-05:00,847,True
20260902,calm,2026-09-01 17:10:00-05:00,2026-09-01 17:13:00-05:00,3,True
20260902,toxic,2026-09-01 17:13:00-05:00,2026-09-01 17:16:00-05:00,3,True
20260902,calm,2026-09-01 17:16:00-05:00,2026-09-01 17:27:00-05:00,11,True
20260902,toxic,2026-09-01 17:27:00-05:00,2026-09-01 17:40:00-05:00,13,True
20260902,calm,2026-09-01 17:40:00-05:00,2026-09-01 17:42:00-05:00,2,True
20260902,toxic,2026-09-01 17:42:00-05:00,2026-09-01 17:52:00-05:00,10,True
20260902,calm,2026-09-01 17:52:00-05:00,2026-09-01 17:54:00-05:00,2,True
20260902,toxic,2026-09-01 17:54:00-05:00,2026-09-01 18:27:00-05:00,33,True
20260902,calm,2026-09-01 18:27:00-05:00,2026-09-01 18:35:00-05:00,8,True
20260902,toxic,2026-09-01 18:35:00-05:00,2026-09-01 18:51:00-05:00,16,True
20260902,calm,2026-09-01 18:51:00-05:00,2026-09-01 19:14:00-05:00,23,True
20260902,toxic,2026-09-01 19:14:00-05:00,2026-09-01 19:20:00-05:00,6,True
20260902,calm,2026-09-01 19:20:00-05:00,2026-09-01 20:13:00-05:00,53,True
20260902,volatile,2026-09-01 20:13:00-05:00,2026-09-01 20:16:00-05:00,3,True
20260902,calm,2026-09-01 20:16:00-05:00,2026-09-01 20:23:00-05:00,7,True
20260902,toxic,2026-09-01 20:23:00-05:00,2026-09-01 20:26:00-05:00,3,True
20260902,calm,2026-09-01 20:26:00-05:00,2026-09-01 20:35:00-05:00,9,True
20260902,toxic,2026-09-01 20:35:00-05:00,2026-09-01 20:40:00-05:00,5,True
20260902,calm,2026-09-01 20:40:00-05:00,2026-09-01 21:23:00-05:00,43,True
20260902,toxic,2026-09-01 21:23:00-05:00,2026-09-01 21:26:00-05:00,3,True
20260902,calm,2026-09-01 21:26:00-05:00,2026-09-01 21:30:00-05:00,4,True
20260902,toxic,2026-09-01 21:30:00-05:00,2026-09-01 21:35:00-05:00,5,True
20260902,calm,2026-09-01 21:35:00-05:00,2026-09-01 22:10:00-05:00,35,True
20260902,toxic,2026-09-01 22:10:00-05:00,2026-09-01 22:13:00-05:00,3,True
20260902,calm,2026-09-01 22:13:00-05:00,2026-09-01 22:26:00-05:00,13,True
20260902,toxic,2026-09-01 22:26:00-05:00,2026-09-01 22:33:00-05:00,7,True
20260902,calm,2026-09-01 22:33:00-05:00,2026-09-02 01:47:00-05:00,194,True
20260902,toxic,2026-09-02 01:47:00-05:00,2026-09-02 01:50:00-05:00,3,True
20260902,calm,2026-09-02 01:50:00-05:00,2026-09-02 03:22:00-05:00,92,True
20260902,toxic,2026-09-02 03:22:00-05:00,2026-09-02 03:36:00-05:00,14,True
20260902,calm,2026-09-02 03:36:00-05:00,2026-09-02 03:47:00-05:00,11,True
20260902,toxic,2026-09-02 03:47:00-05:00,2026-09-02 03:50:00-05:00,3,True
20260902,calm,2026-09-02 03:50:00-05:00,2026-09-02 13:35:00-05:00,585,True
20260902,toxic,2026-09-02 13:35:00-05:00,2026-09-02 13:42:00-05:00,7,True
20260902,calm,2026-09-02 13:42:00-05:00,2026-09-02 14:20:00-05:00,38,True
20260902,toxic,2026-09-02 14:20:00-05:00,2026-09-02 14:29:00-05:00,9,True
20260902,calm,2026-09-02 14:29:00-05:00,2026-09-02 16:00:00-05:00,91,True
20260902,toxic,2026-09-02 16:00:00-05:00,2026-09-02 16:01:00-05:00,1,True
20260903,volatile,2026-09-02 17:10:00-05:00,2026-09-02 17:15:00-05:00,5,True
20260903,calm,2026-09-02 17:15:00-05:00,2026-09-02 17:17:00-05:00,2,True
20260903,toxic,2026-09-02 17:17:00-05:00,2026-09-02 17:21:00-05:00,4,True
20260903,calm,2026-09-02 17:21:00-05:00,2026-09-02 17:45:00-05:00,24,True
20260903,toxic,2026-09-02 17:45:00-05:00,2026-09-02 17:48:00-05:00,3,True
20260903,volatile,2026-09-02 17:48:00-05:00,2026-09-02 17:49:00-05:00,1,True
20260903,calm,2026-09-02 17:49:00-05:00,2026-09-02 17:59:00-05:00,10,True
20260903,volatile,2026-09-02 17:59:00-05:00,2026-09-02 18:03:00-05:00,4,True
20260903,calm,2026-09-02 18:03:00-05:00,2026-09-02 18:08:00-05:00,5,True
20260903,toxic,2026-09-02 18:08:00-05:00,2026-09-02 18:44:00-05:00,36,True
20260903,calm,2026-09-02 18:44:00-05:00,2026-09-02 23:06:00-05:00,262,True
20260903,toxic,2026-09-02 23:06:00-05:00,2026-09-02 23:10:00-05:00,4,True
20260903,calm,2026-09-02 23:10:00-05:00,2026-09-02 23:37:00-05:00,27,True
20260903,toxic,2026-09-02 23:37:00-05:00,2026-09-02 23:40:00-05:00,3,True
20260903,calm,2026-09-02 23:40:00-05:00,2026-09-03 00:26:00-05:00,46,True
20260903,normal,2026-09-03 00:26:00-05:00,2026-09-03 00:31:00-05:00,5,True
20260903,calm,2026-09-03 00:31:00-05:00,2026-09-03 01:12:00-05:00,41,True
20260903,toxic,2026-09-03 01:12:00-05:00,2026-09-03 01:17:00-05:00,5,True
20260903,calm,2026-09-03 01:17:00-05:00,2026-09-03 03:04:00-05:00,107,True
20260903,toxic,2026-09-03 03:04:00-05:00,2026-09-03 03:14:00-05:00,10,True
20260903,calm,2026-09-03 03:14:00-05:00,2026-09-03 03:32:00-05:00,18,True
20260903,normal,2026-09-03 03:32:00-05:00,2026-09-03 03:35:00-05:00,3,True
20260903,calm,2026-09-03 03:35:00-05:00,2026-09-03 16:01:00-05:00,746,True
20260904,calm,2026-09-03 17:10:00-05:00,2026-09-03 17:23:00-05:00,13,True
20260904,volatile,2026-09-03 17:23:00-05:00,2026-09-03 17:27:00-05:00,4,True
20260904,calm,2026-09-03 17:27:00-05:00,2026-09-03 17:41:00-05:00,14,True
20260904,toxic,2026-09-03 17:41:00-05:00,2026-09-03 17:48:00-05:00,7,True
20260904,calm,2026-09-03 17:48:00-05:00,2026-09-03 17:55:00-05:00,7,True
20260904,toxic,2026-09-03 17:55:00-05:00,2026-09-03 18:50:00-05:00,55,True
20260904,calm,2026-09-03 18:50:00-05:00,2026-09-03 19:50:00-05:00,60,True
20260904,volatile,2026-09-03 19:50:00-05:00,2026-09-03 20:02:00-05:00,12,True
20260904,calm,2026-09-03 20:02:00-05:00,2026-09-03 22:05:00-05:00,123,True
20260904,volatile,2026-09-03 22:05:00-05:00,2026-09-03 22:18:00-05:00,13,True
20260904,calm,2026-09-03 22:18:00-05:00,2026-09-03 22:41:00-05:00,23,True
20260904,volatile,2026-09-03 22:41:00-05:00,2026-09-03 22:44:00-05:00,3,True
20260904,toxic,2026-09-03 22:44:00-05:00,2026-09-03 22:59:00-05:00,15,True
20260904,volatile,2026-09-03 22:59:00-05:00,2026-09-03 23:00:00-05:00,1,True
20260904,calm,2026-09-03 23:00:00-05:00,2026-09-03 23:21:00-05:00,21,True
20260904,toxic,2026-09-03 23:21:00-05:00,2026-09-03 23:29:00-05:00,8,True
20260904,calm,2026-09-03 23:29:00-05:00,2026-09-04 01:35:00-05:00,126,True
20260904,toxic,2026-09-04 01:35:00-05:00,2026-09-04 01:38:00-05:00,3,True
20260904,calm,2026-09-04 01:38:00-05:00,2026-09-04 07:29:00-05:00,351,True
20260904,toxic,2026-09-04 07:29:00-05:00,2026-09-04 07:40:00-05:00,11,True
20260904,volatile,2026-09-04 07:40:00-05:00,2026-09-04 07:47:00-05:00,7,True
20260904,calm,2026-09-04 07:47:00-05:00,2026-09-04 16:01:00-05:00,494,True
20260908,calm,2026-09-07 17:10:00-05:00,2026-09-07 17:23:00-05:00,13,True
20260908,toxic,2026-09-07 17:23:00-05:00,2026-09-07 17:28:00-05:00,5,True
20260908,calm,2026-09-07 17:28:00-05:00,2026-09-07 17:43:00-05:00,15,True
20260908,toxic,2026-09-07 17:43:00-05:00,2026-09-07 17:46:00-05:00,3,True
20260908,calm,2026-09-07 17:46:00-05:00,2026-09-07 17:50:00-05:00,4,True
20260908,toxic,2026-09-07 17:50:00-05:00,2026-09-07 18:26:00-05:00,36,True
20260908,calm,2026-09-07 18:26:00-05:00,2026-09-07 18:52:00-05:00,26,True
20260908,toxic,2026-09-07 18:52:00-05:00,2026-09-07 19:05:00-05:00,13,True
20260908,calm,2026-09-07 19:05:00-05:00,2026-09-07 21:51:00-05:00,166,True
20260908,toxic,2026-09-07 21:51:00-05:00,2026-09-07 21:56:00-05:00,5,True
20260908,calm,2026-09-07 21:56:00-05:00,2026-09-08 03:33:00-05:00,337,True
20260908,toxic,2026-09-08 03:33:00-05:00,2026-09-08 03:40:00-05:00,7,True
20260908,calm,2026-09-08 03:40:00-05:00,2026-09-08 03:51:00-05:00,11,True
20260908,toxic,2026-09-08 03:51:00-05:00,2026-09-08 03:55:00-05:00,4,True
20260908,calm,2026-09-08 03:55:00-05:00,2026-09-08 13:50:00-05:00,595,True
20260908,volatile,2026-09-08 13:50:00-05:00,2026-09-08 13:56:00-05:00,6,True
20260908,calm,2026-09-08 13:56:00-05:00,2026-09-08 16:01:00-05:00,125,True
20260909,calm,2026-09-08 17:10:00-05:00,2026-09-08 18:10:00-05:00,60,True
20260909,toxic,2026-09-08 18:10:00-05:00,2026-09-08 18:24:00-05:00,14,True
20260909,calm,2026-09-08 18:24:00-05:00,2026-09-08 18:39:00-05:00,15,True
20260909,volatile,2026-09-08 18:39:00-05:00,2026-09-08 18:42:00-05:00,3,True
20260909,calm,2026-09-08 18:42:00-05:00,2026-09-08 20:28:00-05:00,106,True
20260909,volatile,2026-09-08 20:28:00-05:00,2026-09-08 20:31:00-05:00,3,True
20260909,calm,2026-09-08 20:31:00-05:00,2026-09-08 20:33:00-05:00,2,True
20260909,toxic,2026-09-08 20:33:00-05:00,2026-09-08 20:44:00-05:00,11,True
20260909,calm,2026-09-08 20:44:00-05:00,2026-09-08 21:03:00-05:00,19,True
20260909,volatile,2026-09-08 21:03:00-05:00,2026-09-08 21:11:00-05:00,8,True
20260909,calm,2026-09-08 21:11:00-05:00,2026-09-09 03:38:00-05:00,387,True
20260909,toxic,2026-09-09 03:38:00-05:00,2026-09-09 03:43:00-05:00,5,True
20260909,calm,2026-09-09 03:43:00-05:00,2026-09-09 06:50:00-05:00,187,True
20260909,toxic,2026-09-09 06:50:00-05:00,2026-09-09 06:53:00-05:00,3,True
20260909,calm,2026-09-09 06:53:00-05:00,2026-09-09 10:39:00-05:00,226,True
20260909,toxic,2026-09-09 10:39:00-05:00,2026-09-09 10:42:00-05:00,3,True
20260909,calm,2026-09-09 10:42:00-05:00,2026-09-09 16:01:00-05:00,319,True
20260910,calm,2026-09-09 17:10:00-05:00,2026-09-09 17:27:00-05:00,17,True
20260910,toxic,2026-09-09 17:27:00-05:00,2026-09-09 18:16:00-05:00,49,True
20260910,calm,2026-09-09 18:16:00-05:00,2026-09-09 18:37:00-05:00,21,True
20260910,toxic,2026-09-09 18:37:00-05:00,2026-09-09 18:46:00-05:00,9,True
20260910,calm,2026-09-09 18:46:00-05:00,2026-09-09 19:38:00-05:00,52,True
20260910,toxic,2026-09-09 19:38:00-05:00,2026-09-09 19:46:00-05:00,8,True
20260910,calm,2026-09-09 19:46:00-05:00,2026-09-09 22:47:00-05:00,181,True
20260910,toxic,2026-09-09 22:47:00-05:00,2026-09-09 22:53:00-05:00,6,True
20260910,calm,2026-09-09 22:53:00-05:00,2026-09-09 23:47:00-05:00,54,True
20260910,toxic,2026-09-09 23:47:00-05:00,2026-09-09 23:52:00-05:00,5,True
20260910,calm,2026-09-09 23:52:00-05:00,2026-09-10 00:59:00-05:00,67,True
20260910,toxic,2026-09-10 00:59:00-05:00,2026-09-10 01:04:00-05:00,5,True
20260910,calm,2026-09-10 01:04:00-05:00,2026-09-10 05:58:00-05:00,294,True
20260910,volatile,2026-09-10 05:58:00-05:00,2026-09-10 06:01:00-05:00,3,True
20260910,calm,2026-09-10 06:01:00-05:00,2026-09-10 07:30:00-05:00,89,True
20260910,toxic,2026-09-10 07:30:00-05:00,2026-09-10 07:33:00-05:00,3,True
20260910,calm,2026-09-10 07:33:00-05:00,2026-09-10 07:36:00-05:00,3,True
20260910,volatile,2026-09-10 07:36:00-05:00,2026-09-10 07:48:00-05:00,12,True
20260910,calm,2026-09-10 07:48:00-05:00,2026-09-10 16:01:00-05:00,493,True
20260911,calm,2026-09-10 17:10:00-05:00,2026-09-10 17:20:00-05:00,10,True
20260911,volatile,2026-09-10 17:20:00-05:00,2026-09-10 17:26:00-05:00,6,True
20260911,calm,2026-09-10 17:26:00-05:00,2026-09-10 17:58:00-05:00,32,True
20260911,toxic,2026-09-10 17:58:00-05:00,2026-09-10 18:01:00-05:00,3,True
20260911,calm,2026-09-10 18:01:00-05:00,2026-09-10 18:10:00-05:00,9,True
20260911,toxic,2026-09-10 18:10:00-05:00,2026-09-10 18:30:00-05:00,20,True
20260911,calm,2026-09-10 18:30:00-05:00,2026-09-10 18:37:00-05:00,7,True
20260911,toxic,2026-09-10 18:37:00-05:00,2026-09-10 18:52:00-05:00,15,True
20260911,calm,2026-09-10 18:52:00-05:00,2026-09-11 07:30:00-05:00,758,True
20260911,volatile,2026-09-11 07:31:00-05:00,2026-09-11 07:49:00-05:00,18,True
20260911,calm,2026-09-11 07:49:00-05:00,2026-09-11 15:27:00-05:00,458,True
20260911,toxic,2026-09-11 15:27:00-05:00,2026-09-11 15:37:00-05:00,10,True
20260911,calm,2026-09-11 15:37:00-05:00,2026-09-11 15:53:00-05:00,16,True
20260911,toxic,2026-09-11 15:53:00-05:00,2026-09-11 16:00:00-05:00,7,True
