# meta indicator=AACloseOpenDiffs,version=1.0,subseries=minute_1_always,anchor=boundary_prev_m1_close,overlap=point_in_time_at_birth,bar_spec_independent=true,instrument=6E,tick_size=5E-05,min_diff_ticks=1,extend_bars=50
event_seq,event_type,ts,unix_ms,zone_id,start_ms,end_ms,upper,lower,diff_ticks,direction,overlap_at_birth,m1_bar
0,ZONE_CREATED,2026-07-05 19:09:00.000,1783289340000,D000001,1783289340000,1783292340000,1.1469,1.14685,1,-1,1,9
1,ZONE_CREATED,2026-07-05 19:10:00.000,1783289400000,D000002,1783289400000,1783292400000,1.1469,1.1468,2,1,2,10
2,ZONE_CREATED,2026-07-05 19:17:00.000,1783289820000,D000003,1783289820000,1783292820000,1.1469,1.14685,1,-1,3,16
3,ZONE_CREATED,2026-07-05 19:19:00.000,1783289940000,D000004,1783289940000,1783292940000,1.1469,1.1468,2,1,4,18
4,ZONE_CREATED,2026-07-05 19:20:00.000,1783290000000,D000005,1783290000000,1783293000000,1.1469,1.14685,1,-1,5,19
5,ZONE_CREATED,2026-07-05 19:21:00.000,1783290060000,D000006,1783290060000,1783293060000,1.1469,1.14685,1,1,6,20
6,ZONE_CREATED,2026-07-05 19:22:00.000,1783290120000,D000007,1783290120000,1783293120000,1.1469,1.14685,1,1,7,21
7,ZONE_CREATED,2026-07-05 19:25:00.000,1783290300000,D000008,1783290300000,1783293300000,1.147,1.14695,1,-1,1,24
8,ZONE_CREATED,2026-07-05 19:28:00.000,1783290480000,D000009,1783290480000,1783293480000,1.147,1.14695,1,-1,2,27
9,ZONE_CREATED,2026-07-05 19:29:00.000,1783290540000,D000010,1783290540000,1783293540000,1.147,1.14695,1,-1,3,28
10,ZONE_CREATED,2026-07-05 19:33:00.000,1783290780000,D000011,1783290780000,1783293780000,1.147,1.14695,1,1,4,32
11,ZONE_CREATED,2026-07-05 19:37:00.000,1783291020000,D000012,1783291020000,1783294020000,1.147,1.14695,1,-1,5,36
12,ZONE_CREATED,2026-07-05 19:39:00.000,1783291140000,D000013,1783291140000,1783294140000,1.147,1.14695,1,1,6,38
13,ZONE_CREATED,2026-07-05 19:45:00.000,1783291500000,D000014,1783291500000,1783294500000,1.1471,1.14705,1,1,1,43
14,ZONE_CREATED,2026-07-05 19:46:00.000,1783291560000,D000015,1783291560000,1783294560000,1.1471,1.14705,1,-1,2,44
15,ZONE_CREATED,2026-07-05 19:47:00.000,1783291620000,D000016,1783291620000,1783294620000,1.1471,1.14705,1,1,3,45
16,ZONE_CREATED,2026-07-05 19:49:00.000,1783291740000,D000017,1783291740000,1783294740000,1.1471,1.14705,1,-1,4,46
17,ZONE_CREATED,2026-07-05 19:55:00.000,1783292100000,D000018,1783292100000,1783295100000,1.147,1.14695,1,-1,7,52
18,ZONE_CREATED,2026-07-05 19:58:00.000,1783292280000,D000019,1783292280000,1783295280000,1.147,1.14695,1,1,8,55
19,ZONE_CREATED,2026-07-05 20:05:00.000,1783292700000,D000020,1783292700000,1783295700000,1.1468,1.14675,1,-1,2,62
20,ZONE_CREATED,2026-07-05 20:06:00.000,1783292760000,D000021,1783292760000,1783295760000,1.1468,1.14675,1,-1,3,63
21,ZONE_CREATED,2026-07-05 20:10:00.000,1783293000000,D000022,1783293000000,1783296000000,1.1467,1.14665,1,-1,1,67
22,ZONE_CREATED,2026-07-05 20:12:00.000,1783293120000,D000023,1783293120000,1783296120000,1.1468,1.14675,1,1,3,69
23,ZONE_CREATED,2026-07-05 20:13:00.000,1783293180000,D000024,1783293180000,1783296180000,1.1468,1.14675,1,-1,4,70
24,ZONE_CREATED,2026-07-05 20:16:00.000,1783293360000,D000025,1783293360000,1783296360000,1.1467,1.14665,1,-1,2,73
25,ZONE_CREATED,2026-07-05 20:19:00.000,1783293540000,D000026,1783293540000,1783296540000,1.1467,1.14665,1,-1,3,76
26,ZONE_CREATED,2026-07-05 20:21:00.000,1783293660000,D000027,1783293660000,1783296660000,1.1468,1.14675,1,-1,5,78
27,ZONE_CREATED,2026-07-05 20:22:00.000,1783293720000,D000028,1783293720000,1783296720000,1.1468,1.14675,1,1,6,79
28,ZONE_CREATED,2026-07-05 20:24:00.000,1783293840000,D000029,1783293840000,1783296840000,1.14685,1.14675,2,-1,7,81
29,ZONE_CREATED,2026-07-05 20:26:00.000,1783293960000,D000030,1783293960000,1783296960000,1.1468,1.14675,1,1,8,83
30,ZONE_CREATED,2026-07-05 20:28:00.000,1783294080000,D000031,1783294080000,1783297080000,1.14695,1.14685,2,1,6,85
31,ZONE_CREATED,2026-07-05 20:29:00.000,1783294140000,D000032,1783294140000,1783297140000,1.147,1.14695,1,-1,6,86
32,ZONE_CREATED,2026-07-05 20:32:00.000,1783294320000,D000033,1783294320000,1783297320000,1.147,1.14695,1,1,5,89
33,ZONE_CREATED,2026-07-05 20:35:00.000,1783294500000,D000034,1783294500000,1783297500000,1.147,1.14695,1,1,6,92
34,ZONE_CREATED,2026-07-05 20:36:00.000,1783294560000,D000035,1783294560000,1783297560000,1.147,1.14695,1,-1,7,93
35,ZONE_CREATED,2026-07-05 20:38:00.000,1783294680000,D000036,1783294680000,1783297680000,1.147,1.14695,1,-1,8,95
36,ZONE_CREATED,2026-07-05 20:46:00.000,1783295160000,D000037,1783295160000,1783298160000,1.1471,1.147,2,1,7,103
37,ZONE_CREATED,2026-07-05 20:47:00.000,1783295220000,D000038,1783295220000,1783298220000,1.1471,1.14705,1,-1,2,104
38,ZONE_CREATED,2026-07-05 20:49:00.000,1783295340000,D000039,1783295340000,1783298340000,1.147,1.14695,1,1,8,106
39,ZONE_CREATED,2026-07-05 20:50:00.000,1783295400000,D000040,1783295400000,1783298400000,1.147,1.14695,1,-1,9,107
40,ZONE_CREATED,2026-07-05 20:52:00.000,1783295520000,D000041,1783295520000,1783298520000,1.14695,1.14685,2,-1,10,109
41,ZONE_CREATED,2026-07-05 20:54:00.000,1783295640000,D000042,1783295640000,1783298640000,1.1469,1.14685,1,1,4,110
42,ZONE_CREATED,2026-07-05 20:59:00.000,1783295940000,D000043,1783295940000,1783298940000,1.1471,1.14705,1,-1,3,115
43,ZONE_CREATED,2026-07-05 21:00:00.000,1783296000000,D000044,1783296000000,1783299000000,1.147,1.14695,1,-1,11,116
44,ZONE_CREATED,2026-07-05 21:01:00.000,1783296060000,D000045,1783296060000,1783299060000,1.1469,1.14685,1,1,5,117
45,ZONE_CREATED,2026-07-05 21:03:00.000,1783296180000,D000046,1783296180000,1783299180000,1.147,1.14695,1,1,12,119
46,ZONE_CREATED,2026-07-05 21:04:00.000,1783296240000,D000047,1783296240000,1783299240000,1.147,1.14695,1,1,13,120
47,ZONE_CREATED,2026-07-05 21:05:00.000,1783296300000,D000048,1783296300000,1783299300000,1.1469,1.14685,1,1,6,121
48,ZONE_CREATED,2026-07-05 21:08:00.000,1783296480000,D000049,1783296480000,1783299480000,1.1468,1.14675,1,1,5,124
49,ZONE_CREATED,2026-07-05 21:09:00.000,1783296540000,D000050,1783296540000,1783299540000,1.1468,1.14675,1,-1,6,125
50,ZONE_CREATED,2026-07-05 21:13:00.000,1783296780000,D000051,1783296780000,1783299780000,1.1469,1.1468,2,1,11,129
51,ZONE_CREATED,2026-07-05 21:16:00.000,1783296960000,D000052,1783296960000,1783299960000,1.1471,1.14705,1,1,4,132
52,ZONE_CREATED,2026-07-05 21:17:00.000,1783297020000,D000053,1783297020000,1783300020000,1.1474,1.1473,2,1,1,133
53,ZONE_CREATED,2026-07-05 21:20:00.000,1783297200000,D000054,1783297200000,1783300200000,1.1472,1.14715,1,-1,1,136
54,ZONE_CREATED,2026-07-05 21:23:00.000,1783297380000,D000055,1783297380000,1783300380000,1.1472,1.14715,1,-1,2,139
55,ZONE_CREATED,2026-07-05 21:25:00.000,1783297500000,D000056,1783297500000,1783300500000,1.1471,1.14705,1,-1,5,141
56,ZONE_CREATED,2026-07-05 21:28:00.000,1783297680000,D000057,1783297680000,1783300680000,1.1471,1.14705,1,1,6,143
57,ZONE_CREATED,2026-07-05 21:30:00.000,1783297800000,D000058,1783297800000,1783300800000,1.1472,1.1471,2,1,9,145
58,ZONE_CREATED,2026-07-05 21:34:00.000,1783298040000,D000059,1783298040000,1783301040000,1.14725,1.1472,1,-1,4,149
59,ZONE_CREATED,2026-07-05 21:35:00.000,1783298100000,D000060,1783298100000,1783301100000,1.1472,1.14715,1,-1,5,150
60,ZONE_CREATED,2026-07-05 21:41:00.000,1783298460000,D000061,1783298460000,1783301460000,1.14735,1.1473,1,1,2,156
61,ZONE_CREATED,2026-07-05 21:47:00.000,1783298820000,D000062,1783298820000,1783301820000,1.14735,1.1473,1,-1,3,162
62,ZONE_CREATED,2026-07-05 21:49:00.000,1783298940000,D000063,1783298940000,1783301940000,1.14725,1.1472,1,-1,6,164
63,ZONE_CREATED,2026-07-05 21:51:00.000,1783299060000,D000064,1783299060000,1783302060000,1.1471,1.14705,1,1,5,166
64,ZONE_CREATED,2026-07-05 21:52:00.000,1783299120000,D000065,1783299120000,1783302120000,1.1471,1.147,2,-1,8,167
65,ZONE_CREATED,2026-07-05 21:55:00.000,1783299300000,D000066,1783299300000,1783302300000,1.1472,1.14715,1,1,7,170
66,ZONE_CREATED,2026-07-05 21:59:00.000,1783299540000,D000067,1783299540000,1783302540000,1.1472,1.14715,1,1,8,174
67,ZONE_CREATED,2026-07-05 22:08:00.000,1783300080000,D000068,1783300080000,1783303080000,1.1469,1.14685,1,-1,1,183
68,ZONE_CREATED,2026-07-05 22:10:00.000,1783300200000,D000069,1783300200000,1783303200000,1.1471,1.14695,3,1,6,185
69,ZONE_CREATED,2026-07-05 22:14:00.000,1783300440000,D000070,1783300440000,1783303440000,1.147,1.14695,1,1,3,189
70,ZONE_CREATED,2026-07-05 22:15:00.000,1783300500000,D000071,1783300500000,1783303500000,1.147,1.14695,1,-1,4,190
71,ZONE_CREATED,2026-07-05 22:25:00.000,1783301100000,D000072,1783301100000,1783304100000,1.1466,1.14655,1,1,1,200
72,ZONE_CREATED,2026-07-05 22:34:00.000,1783301640000,D000073,1783301640000,1783304640000,1.1466,1.14655,1,-1,2,209
73,ZONE_CREATED,2026-07-05 22:37:00.000,1783301820000,D000074,1783301820000,1783304820000,1.1466,1.14655,1,1,3,212
74,ZONE_CREATED,2026-07-05 22:40:00.000,1783302000000,D000075,1783302000000,1783305000000,1.1468,1.14675,1,1,1,215
75,ZONE_CREATED,2026-07-05 22:44:00.000,1783302240000,D000076,1783302240000,1783305240000,1.1467,1.14665,1,1,1,219
76,ZONE_CREATED,2026-07-05 22:46:00.000,1783302360000,D000077,1783302360000,1783305360000,1.1466,1.14655,1,-1,4,221
77,ZONE_CREATED,2026-07-05 22:47:00.000,1783302420000,D000078,1783302420000,1783305420000,1.1466,1.14655,1,1,5,222
78,ZONE_CREATED,2026-07-05 22:50:00.000,1783302600000,D000079,1783302600000,1783305600000,1.1465,1.14645,1,-1,1,225
79,ZONE_CREATED,2026-07-05 22:53:00.000,1783302780000,D000080,1783302780000,1783305780000,1.1464,1.14635,1,1,1,228
80,ZONE_CREATED,2026-07-05 22:59:00.000,1783303140000,D000081,1783303140000,1783306140000,1.1462,1.14615,1,1,1,234
81,ZONE_CREATED,2026-07-05 23:01:00.000,1783303260000,D000082,1783303260000,1783306260000,1.1463,1.14625,1,-1,1,236
82,ZONE_CREATED,2026-07-05 23:05:00.000,1783303500000,D000083,1783303500000,1783306500000,1.1463,1.14625,1,-1,2,240
83,ZONE_CREATED,2026-07-05 23:07:00.000,1783303620000,D000084,1783303620000,1783306620000,1.14615,1.1461,1,-1,2,242
84,ZONE_CREATED,2026-07-05 23:08:00.000,1783303680000,D000085,1783303680000,1783306680000,1.14615,1.1461,1,1,3,243
85,ZONE_CREATED,2026-07-05 23:09:00.000,1783303740000,D000086,1783303740000,1783306740000,1.1462,1.14615,1,1,4,244
86,ZONE_CREATED,2026-07-05 23:12:00.000,1783303920000,D000087,1783303920000,1783306920000,1.1463,1.14625,1,-1,3,247
87,ZONE_CREATED,2026-07-05 23:14:00.000,1783304040000,D000088,1783304040000,1783307040000,1.1463,1.14625,1,1,4,249
88,ZONE_CREATED,2026-07-05 23:15:00.000,1783304100000,D000089,1783304100000,1783307100000,1.1463,1.14625,1,-1,5,250
89,ZONE_CREATED,2026-07-05 23:17:00.000,1783304220000,D000090,1783304220000,1783307220000,1.1462,1.14615,1,1,5,252
90,ZONE_CREATED,2026-07-05 23:21:00.000,1783304460000,D000091,1783304460000,1783307460000,1.1464,1.14635,1,1,2,256
91,ZONE_CREATED,2026-07-05 23:24:00.000,1783304640000,D000092,1783304640000,1783307640000,1.1463,1.14625,1,-1,6,259
92,ZONE_CREATED,2026-07-05 23:26:00.000,1783304760000,D000093,1783304760000,1783307760000,1.1463,1.14625,1,1,7,261
93,ZONE_CREATED,2026-07-05 23:27:00.000,1783304820000,D000094,1783304820000,1783307820000,1.1463,1.14625,1,-1,8,262
94,ZONE_CREATED,2026-07-05 23:29:00.000,1783304940000,D000095,1783304940000,1783307940000,1.1463,1.14625,1,-1,9,264
95,ZONE_CREATED,2026-07-05 23:31:00.000,1783305060000,D000096,1783305060000,1783308060000,1.1463,1.14625,1,-1,10,266
96,ZONE_CREATED,2026-07-05 23:33:00.000,1783305180000,D000097,1783305180000,1783308180000,1.1463,1.14625,1,1,11,268
97,ZONE_CREATED,2026-07-05 23:36:00.000,1783305360000,D000098,1783305360000,1783308360000,1.14635,1.14625,2,-1,14,271
98,ZONE_CREATED,2026-07-05 23:38:00.000,1783305480000,D000099,1783305480000,1783308480000,1.1463,1.14625,1,1,13,273
99,ZONE_CREATED,2026-07-05 23:40:00.000,1783305600000,D000100,1783305600000,1783308600000,1.1463,1.14625,1,-1,14,274
100,ZONE_CREATED,2026-07-05 23:46:00.000,1783305960000,D000101,1783305960000,1783308960000,1.14645,1.14635,2,1,3,280
101,ZONE_CREATED,2026-07-06 00:13:00.000,1783307580000,D000102,1783307580000,1783310580000,1.14675,1.14665,2,-1,1,302
102,ZONE_CREATED,2026-07-06 00:15:00.000,1783307700000,D000103,1783307700000,1783310700000,1.1466,1.14655,1,1,1,304
103,ZONE_CREATED,2026-07-06 00:18:00.000,1783307880000,D000104,1783307880000,1783310880000,1.1466,1.14655,1,-1,2,307
104,ZONE_CREATED,2026-07-06 00:21:00.000,1783308060000,D000105,1783308060000,1783311060000,1.1466,1.14655,1,1,3,308
105,ZONE_CREATED,2026-07-06 00:24:00.000,1783308240000,D000106,1783308240000,1783311240000,1.1464,1.1463,2,-1,10,311
106,ZONE_CREATED,2026-07-06 00:26:00.000,1783308360000,D000107,1783308360000,1783311360000,1.1464,1.14635,1,-1,4,312
107,ZONE_CREATED,2026-07-06 00:27:00.000,1783308420000,D000108,1783308420000,1783311420000,1.1463,1.14625,1,-1,8,313
108,ZONE_CREATED,2026-07-06 00:28:00.000,1783308480000,D000109,1783308480000,1783311480000,1.14635,1.14625,2,1,11,314
109,ZONE_CREATED,2026-07-06 00:30:00.000,1783308600000,D000110,1783308600000,1783311600000,1.14625,1.14615,2,-1,8,316
110,ZONE_CREATED,2026-07-06 00:33:00.000,1783308780000,D000111,1783308780000,1783311780000,1.1462,1.14615,1,1,2,318
111,ZONE_CREATED,2026-07-06 00:35:00.000,1783308900000,D000112,1783308900000,1783311900000,1.1462,1.14615,1,-1,3,319
112,ZONE_CREATED,2026-07-06 00:37:00.000,1783309020000,D000113,1783309020000,1783312020000,1.1463,1.14625,1,-1,8,321
113,ZONE_CREATED,2026-07-06 00:45:00.000,1783309500000,D000114,1783309500000,1783312500000,1.14645,1.14635,2,1,5,327
114,ZONE_CREATED,2026-07-06 00:46:00.000,1783309560000,D000115,1783309560000,1783312560000,1.14655,1.14645,2,1,6,328
115,ZONE_CREATED,2026-07-06 00:52:00.000,1783309920000,D000116,1783309920000,1783312920000,1.1464,1.14635,1,-1,5,334
116,ZONE_CREATED,2026-07-06 00:57:00.000,1783310220000,D000117,1783310220000,1783313220000,1.1465,1.14645,1,1,3,338
117,ZONE_CREATED,2026-07-06 00:58:00.000,1783310280000,D000118,1783310280000,1783313280000,1.1465,1.14645,1,1,4,339
118,ZONE_CREATED,2026-07-06 01:01:00.000,1783310460000,D000119,1783310460000,1783313460000,1.1465,1.14645,1,1,5,342
119,ZONE_CREATED,2026-07-06 01:10:00.000,1783311000000,D000120,1783311000000,1783314000000,1.1466,1.14655,1,1,5,351
120,ZONE_CREATED,2026-07-06 01:12:00.000,1783311120000,D000121,1783311120000,1783314120000,1.14675,1.14665,2,1,1,353
121,ZONE_CREATED,2026-07-06 01:13:00.000,1783311180000,D000122,1783311180000,1783314180000,1.14675,1.14665,2,-1,2,354
122,ZONE_CREATED,2026-07-06 01:15:00.000,1783311300000,D000123,1783311300000,1783314300000,1.1467,1.14665,1,-1,3,356
123,ZONE_CREATED,2026-07-06 01:17:00.000,1783311420000,D000124,1783311420000,1783314420000,1.1467,1.14665,1,-1,4,357
124,ZONE_CREATED,2026-07-06 01:24:00.000,1783311840000,D000125,1783311840000,1783314840000,1.1466,1.14655,1,1,3,362
125,ZONE_CREATED,2026-07-06 01:25:00.000,1783311900000,D000126,1783311900000,1783314900000,1.1466,1.14655,1,-1,4,363
126,ZONE_CREATED,2026-07-06 01:31:00.000,1783312260000,D000127,1783312260000,1783315260000,1.1466,1.14655,1,1,5,366
127,ZONE_CREATED,2026-07-06 01:35:00.000,1783312500000,D000128,1783312500000,1783315500000,1.1466,1.14655,1,-1,6,370
128,ZONE_CREATED,2026-07-06 01:44:00.000,1783313040000,D000129,1783313040000,1783316040000,1.1466,1.14655,1,1,7,377
129,ZONE_CREATED,2026-07-06 01:47:00.000,1783313220000,D000130,1783313220000,1783316220000,1.1466,1.14655,1,-1,7,380
130,ZONE_CREATED,2026-07-06 01:50:00.000,1783313400000,D000131,1783313400000,1783316400000,1.1467,1.1466,2,-1,12,383
131,ZONE_CREATED,2026-07-06 01:51:00.000,1783313460000,D000132,1783313460000,1783316460000,1.1466,1.14655,1,-1,9,384
132,ZONE_CREATED,2026-07-06 01:54:00.000,1783313640000,D000133,1783313640000,1783316640000,1.14665,1.14655,2,1,14,387
133,ZONE_CREATED,2026-07-06 01:56:00.000,1783313760000,D000134,1783313760000,1783316760000,1.1466,1.14655,1,-1,11,388
134,ZONE_CREATED,2026-07-06 02:01:00.000,1783314060000,D000135,1783314060000,1783317060000,1.1466,1.1465,2,-1,12,393
135,ZONE_CREATED,2026-07-06 02:04:00.000,1783314240000,D000136,1783314240000,1783317240000,1.1464,1.14635,1,1,1,396
136,ZONE_CREATED,2026-07-06 02:08:00.000,1783314480000,D000137,1783314480000,1783317480000,1.1463,1.1462,2,-1,1,400
137,ZONE_CREATED,2026-07-06 02:12:00.000,1783314720000,D000138,1783314720000,1783317720000,1.14635,1.14625,2,1,3,403
138,ZONE_CREATED,2026-07-06 02:17:00.000,1783315020000,D000139,1783315020000,1783318020000,1.1463,1.14625,1,-1,3,408
139,ZONE_CREATED,2026-07-06 02:25:00.000,1783315500000,D000140,1783315500000,1783318500000,1.14615,1.1461,1,-1,1,416
140,ZONE_CREATED,2026-07-06 02:26:00.000,1783315560000,D000141,1783315560000,1783318560000,1.14615,1.1461,1,-1,2,417
141,ZONE_CREATED,2026-07-06 02:28:00.000,1783315680000,D000142,1783315680000,1783318680000,1.1462,1.1461,2,1,4,419
142,ZONE_CREATED,2026-07-06 02:30:00.000,1783315800000,D000143,1783315800000,1783318800000,1.1462,1.14615,1,-1,5,421
143,ZONE_CREATED,2026-07-06 02:36:00.000,1783316160000,D000144,1783316160000,1783319160000,1.1465,1.14645,1,1,2,427
144,ZONE_CREATED,2026-07-06 02:45:00.000,1783316700000,D000145,1783316700000,1783319700000,1.1463,1.14625,1,-1,4,436
145,ZONE_CREATED,2026-07-06 02:46:00.000,1783316760000,D000146,1783316760000,1783319760000,1.14645,1.14635,2,1,4,437
146,ZONE_CREATED,2026-07-06 02:49:00.000,1783316940000,D000147,1783316940000,1783319940000,1.1465,1.1464,2,-1,5,439
147,ZONE_CREATED,2026-07-06 02:53:00.000,1783317180000,D000148,1783317180000,1783320180000,1.1463,1.14625,1,-1,5,443
148,ZONE_CREATED,2026-07-06 02:54:00.000,1783317240000,D000149,1783317240000,1783320240000,1.14635,1.14625,2,1,8,444
149,ZONE_CREATED,2026-07-06 03:02:00.000,1783317720000,D000150,1783317720000,1783320720000,1.14605,1.14595,2,1,1,452
150,ZONE_CREATED,2026-07-06 03:03:00.000,1783317780000,D000151,1783317780000,1783320780000,1.14615,1.1461,1,-1,5,453
151,ZONE_CREATED,2026-07-06 03:08:00.000,1783318080000,D000152,1783318080000,1783321080000,1.14605,1.146,1,1,2,458
152,ZONE_CREATED,2026-07-06 03:10:00.000,1783318200000,D000153,1783318200000,1783321200000,1.14615,1.1461,1,-1,6,460
153,ZONE_CREATED,2026-07-06 03:23:00.000,1783318980000,D000154,1783318980000,1783321980000,1.14585,1.1458,1,-1,1,473
154,ZONE_CREATED,2026-07-06 03:26:00.000,1783319160000,D000155,1783319160000,1783322160000,1.14575,1.1457,1,-1,1,476
155,ZONE_CREATED,2026-07-06 03:27:00.000,1783319220000,D000156,1783319220000,1783322220000,1.14565,1.1456,1,-1,1,477
156,ZONE_CREATED,2026-07-06 03:28:00.000,1783319280000,D000157,1783319280000,1783322280000,1.14565,1.1456,1,-1,2,478
157,ZONE_CREATED,2026-07-06 03:31:00.000,1783319460000,D000158,1783319460000,1783322460000,1.14575,1.14565,2,1,4,481
158,ZONE_CREATED,2026-07-06 03:32:00.000,1783319520000,D000159,1783319520000,1783322520000,1.14555,1.1455,1,1,1,482
159,ZONE_CREATED,2026-07-06 03:33:00.000,1783319580000,D000160,1783319580000,1783322580000,1.14565,1.1456,1,1,4,483
160,ZONE_CREATED,2026-07-06 03:38:00.000,1783319880000,D000161,1783319880000,1783322880000,1.14565,1.1456,1,1,5,488
161,ZONE_CREATED,2026-07-06 03:47:00.000,1783320420000,D000162,1783320420000,1783323420000,1.14575,1.1457,1,-1,3,497
162,ZONE_CREATED,2026-07-06 03:50:00.000,1783320600000,D000163,1783320600000,1783323600000,1.14565,1.1456,1,-1,6,500
163,ZONE_CREATED,2026-07-06 03:52:00.000,1783320720000,D000164,1783320720000,1783323720000,1.14565,1.1456,1,1,7,502
164,ZONE_CREATED,2026-07-06 03:55:00.000,1783320900000,D000165,1783320900000,1783323900000,1.14555,1.1455,1,-1,2,505
165,ZONE_CREATED,2026-07-06 03:59:00.000,1783321140000,D000166,1783321140000,1783324140000,1.14545,1.1454,1,1,1,509
166,ZONE_CREATED,2026-07-06 04:02:00.000,1783321320000,D000167,1783321320000,1783324320000,1.1452,1.14515,1,1,1,512
167,ZONE_CREATED,2026-07-06 04:03:00.000,1783321380000,D000168,1783321380000,1783324380000,1.14525,1.1452,1,-1,2,513
168,ZONE_CREATED,2026-07-06 04:04:00.000,1783321440000,D000169,1783321440000,1783324440000,1.14525,1.1452,1,1,3,514
169,ZONE_CREATED,2026-07-06 04:05:00.000,1783321500000,D000170,1783321500000,1783324500000,1.14535,1.1453,1,1,1,515
170,ZONE_CREATED,2026-07-06 04:08:00.000,1783321680000,D000171,1783321680000,1783324680000,1.14525,1.1452,1,-1,4,518
171,ZONE_CREATED,2026-07-06 04:12:00.000,1783321920000,D000172,1783321920000,1783324920000,1.14535,1.1453,1,-1,2,522
172,ZONE_CREATED,2026-07-06 04:14:00.000,1783322040000,D000173,1783322040000,1783325040000,1.14555,1.1455,1,-1,3,524
173,ZONE_CREATED,2026-07-06 04:15:00.000,1783322100000,D000174,1783322100000,1783325100000,1.14585,1.1458,1,-1,1,525
174,ZONE_CREATED,2026-07-06 04:17:00.000,1783322220000,D000175,1783322220000,1783325220000,1.14605,1.146,1,-1,1,527
175,ZONE_CREATED,2026-07-06 04:18:00.000,1783322280000,D000176,1783322280000,1783325280000,1.14605,1.146,1,-1,2,528
176,ZONE_CREATED,2026-07-06 04:25:00.000,1783322700000,D000177,1783322700000,1783325700000,1.14575,1.1457,1,-1,2,535
177,ZONE_CREATED,2026-07-06 04:29:00.000,1783322940000,D000178,1783322940000,1783325940000,1.14555,1.1455,1,1,3,539
178,ZONE_CREATED,2026-07-06 04:33:00.000,1783323180000,D000179,1783323180000,1783326180000,1.14585,1.1458,1,-1,2,543
179,ZONE_CREATED,2026-07-06 04:34:00.000,1783323240000,D000180,1783323240000,1783326240000,1.14575,1.1457,1,-1,3,544
180,ZONE_CREATED,2026-07-06 04:36:00.000,1783323360000,D000181,1783323360000,1783326360000,1.14555,1.1455,1,1,4,546
181,ZONE_CREATED,2026-07-06 04:38:00.000,1783323480000,D000182,1783323480000,1783326480000,1.14575,1.14565,2,1,5,548
182,ZONE_CREATED,2026-07-06 04:39:00.000,1783323540000,D000183,1783323540000,1783326540000,1.14565,1.1456,1,1,4,549
183,ZONE_CREATED,2026-07-06 04:41:00.000,1783323660000,D000184,1783323660000,1783326660000,1.14585,1.1458,1,1,3,551
184,ZONE_CREATED,2026-07-06 04:43:00.000,1783323780000,D000185,1783323780000,1783326780000,1.14585,1.1458,1,1,4,553
185,ZONE_CREATED,2026-07-06 04:45:00.000,1783323900000,D000186,1783323900000,1783326900000,1.14585,1.1458,1,1,5,555
186,ZONE_CREATED,2026-07-06 04:50:00.000,1783324200000,D000187,1783324200000,1783327200000,1.14585,1.1458,1,-1,6,560
187,ZONE_CREATED,2026-07-06 04:57:00.000,1783324620000,D000188,1783324620000,1783327620000,1.14595,1.1459,1,-1,1,567
188,ZONE_CREATED,2026-07-06 05:03:00.000,1783324980000,D000189,1783324980000,1783327980000,1.14565,1.1456,1,-1,3,573
189,ZONE_CREATED,2026-07-06 05:09:00.000,1783325340000,D000190,1783325340000,1783328340000,1.14565,1.1456,1,-1,4,579
190,ZONE_CREATED,2026-07-06 05:10:00.000,1783325400000,D000191,1783325400000,1783328400000,1.14545,1.1454,1,-1,1,580
191,ZONE_CREATED,2026-07-06 05:12:00.000,1783325520000,D000192,1783325520000,1783328520000,1.145,1.14495,1,1,1,582
192,ZONE_CREATED,2026-07-06 05:17:00.000,1783325820000,D000193,1783325820000,1783328820000,1.14535,1.1453,1,1,1,587
193,ZONE_CREATED,2026-07-06 05:20:00.000,1783326000000,D000194,1783326000000,1783329000000,1.1451,1.14505,1,1,1,590
194,ZONE_CREATED,2026-07-06 05:29:00.000,1783326540000,D000195,1783326540000,1783329540000,1.1451,1.14505,1,1,2,599
195,ZONE_CREATED,2026-07-06 05:30:00.000,1783326600000,D000196,1783326600000,1783329600000,1.14525,1.1452,1,1,1,600
196,ZONE_CREATED,2026-07-06 05:33:00.000,1783326780000,D000197,1783326780000,1783329780000,1.1452,1.14515,1,-1,2,603
197,ZONE_CREATED,2026-07-06 05:34:00.000,1783326840000,D000198,1783326840000,1783329840000,1.14525,1.1452,1,1,3,604
198,ZONE_CREATED,2026-07-06 05:36:00.000,1783326960000,D000199,1783326960000,1783329960000,1.1452,1.14515,1,1,4,606
199,ZONE_CREATED,2026-07-06 05:37:00.000,1783327020000,D000200,1783327020000,1783330020000,1.14525,1.1452,1,1,5,607
200,ZONE_CREATED,2026-07-06 05:38:00.000,1783327080000,D000201,1783327080000,1783330080000,1.1452,1.14515,1,-1,6,608
201,ZONE_CREATED,2026-07-06 05:40:00.000,1783327200000,D000202,1783327200000,1783330200000,1.1452,1.14515,1,1,7,610
202,ZONE_CREATED,2026-07-06 05:47:00.000,1783327620000,D000203,1783327620000,1783330620000,1.145,1.14495,1,1,2,617
203,ZONE_CREATED,2026-07-06 05:51:00.000,1783327860000,D000204,1783327860000,1783330860000,1.1449,1.14485,1,1,1,621
204,ZONE_CREATED,2026-07-06 05:55:00.000,1783328100000,D000205,1783328100000,1783331100000,1.1451,1.14505,1,-1,3,625
205,ZONE_CREATED,2026-07-06 05:58:00.000,1783328280000,D000206,1783328280000,1783331280000,1.1452,1.14515,1,1,8,628
206,ZONE_CREATED,2026-07-06 06:01:00.000,1783328460000,D000207,1783328460000,1783331460000,1.14525,1.1452,1,1,9,631
207,ZONE_CREATED,2026-07-06 06:03:00.000,1783328580000,D000208,1783328580000,1783331580000,1.14525,1.1452,1,1,10,633
208,ZONE_CREATED,2026-07-06 06:04:00.000,1783328640000,D000209,1783328640000,1783331640000,1.14545,1.1454,1,1,1,634
209,ZONE_CREATED,2026-07-06 06:06:00.000,1783328760000,D000210,1783328760000,1783331760000,1.14535,1.1453,1,-1,2,636
210,ZONE_CREATED,2026-07-06 06:07:00.000,1783328820000,D000211,1783328820000,1783331820000,1.14535,1.1453,1,-1,3,637
211,ZONE_CREATED,2026-07-06 06:16:00.000,1783329360000,D000212,1783329360000,1783332360000,1.1452,1.1451,2,-1,13,646
212,ZONE_CREATED,2026-07-06 06:26:00.000,1783329960000,D000213,1783329960000,1783332960000,1.14525,1.1452,1,1,9,656
213,ZONE_CREATED,2026-07-06 06:28:00.000,1783330080000,D000214,1783330080000,1783333080000,1.1451,1.14505,1,-1,3,658
214,ZONE_CREATED,2026-07-06 06:35:00.000,1783330500000,D000215,1783330500000,1783333500000,1.14525,1.1452,1,-1,6,665
215,ZONE_CREATED,2026-07-06 06:38:00.000,1783330680000,D000216,1783330680000,1783333680000,1.14525,1.1452,1,-1,7,668
216,ZONE_CREATED,2026-07-06 06:40:00.000,1783330800000,D000217,1783330800000,1783333800000,1.1452,1.14515,1,1,8,670
217,ZONE_CREATED,2026-07-06 06:41:00.000,1783330860000,D000218,1783330860000,1783333860000,1.14525,1.1452,1,1,9,671
218,ZONE_CREATED,2026-07-06 06:49:00.000,1783331340000,D000219,1783331340000,1783334340000,1.1449,1.14485,1,-1,1,679
219,ZONE_CREATED,2026-07-06 06:51:00.000,1783331460000,D000220,1783331460000,1783334460000,1.1449,1.14485,1,1,2,681
220,ZONE_CREATED,2026-07-06 06:56:00.000,1783331760000,D000221,1783331760000,1783334760000,1.1446,1.14455,1,1,1,686
221,ZONE_CREATED,2026-07-06 06:58:00.000,1783331880000,D000222,1783331880000,1783334880000,1.1446,1.14455,1,-1,2,688
222,ZONE_CREATED,2026-07-06 06:59:00.000,1783331940000,D000223,1783331940000,1783334940000,1.1446,1.14455,1,-1,3,689
223,ZONE_CREATED,2026-07-06 07:04:00.000,1783332240000,D000224,1783332240000,1783335240000,1.1445,1.14445,1,-1,1,694
224,ZONE_CREATED,2026-07-06 07:08:00.000,1783332480000,D000225,1783332480000,1783335480000,1.1445,1.14445,1,1,2,698
225,ZONE_CREATED,2026-07-06 07:12:00.000,1783332720000,D000226,1783332720000,1783335720000,1.1446,1.14455,1,1,4,702
226,ZONE_CREATED,2026-07-06 07:15:00.000,1783332900000,D000227,1783332900000,1783335900000,1.1449,1.14485,1,-1,3,705
227,ZONE_CREATED,2026-07-06 07:16:00.000,1783332960000,D000228,1783332960000,1783335960000,1.1449,1.14485,1,1,4,706
228,ZONE_CREATED,2026-07-06 07:18:00.000,1783333080000,D000229,1783333080000,1783336080000,1.1451,1.14505,1,-1,2,708
229,ZONE_CREATED,2026-07-06 07:19:00.000,1783333140000,D000230,1783333140000,1783336140000,1.1452,1.1451,2,1,6,709
230,ZONE_CREATED,2026-07-06 07:20:00.000,1783333200000,D000231,1783333200000,1783336200000,1.1451,1.14505,1,-1,3,710
231,ZONE_CREATED,2026-07-06 07:21:00.000,1783333260000,D000232,1783333260000,1783336260000,1.145,1.14495,1,-1,1,711
232,ZONE_CREATED,2026-07-06 07:28:00.000,1783333680000,D000233,1783333680000,1783336680000,1.1451,1.14505,1,-1,4,718
233,ZONE_CREATED,2026-07-06 07:29:00.000,1783333740000,D000234,1783333740000,1783336740000,1.145,1.14495,1,-1,2,719
234,ZONE_CREATED,2026-07-06 07:30:00.000,1783333800000,D000235,1783333800000,1783336800000,1.1449,1.14485,1,-1,5,720
235,ZONE_CREATED,2026-07-06 07:33:00.000,1783333980000,D000236,1783333980000,1783336980000,1.1451,1.14505,1,1,5,723
236,ZONE_CREATED,2026-07-06 07:34:00.000,1783334040000,D000237,1783334040000,1783337040000,1.1452,1.14515,1,1,2,724
237,ZONE_CREATED,2026-07-06 07:38:00.000,1783334280000,D000238,1783334280000,1783337280000,1.14535,1.1453,1,1,1,728
238,ZONE_CREATED,2026-07-06 07:43:00.000,1783334580000,D000239,1783334580000,1783337580000,1.14525,1.1452,1,-1,3,733
239,ZONE_CREATED,2026-07-06 07:45:00.000,1783334700000,D000240,1783334700000,1783337700000,1.14525,1.1452,1,-1,4,735
240,ZONE_CREATED,2026-07-06 07:46:00.000,1783334760000,D000241,1783334760000,1783337760000,1.1452,1.14515,1,-1,5,736
241,ZONE_CREATED,2026-07-06 07:48:00.000,1783334880000,D000242,1783334880000,1783337880000,1.14525,1.1452,1,1,6,738
242,ZONE_CREATED,2026-07-06 07:49:00.000,1783334940000,D000243,1783334940000,1783337940000,1.14525,1.1452,1,1,7,739
243,ZONE_CREATED,2026-07-06 07:50:00.000,1783335000000,D000244,1783335000000,1783338000000,1.1452,1.14515,1,-1,8,740
244,ZONE_CREATED,2026-07-06 07:53:00.000,1783335180000,D000245,1783335180000,1783338180000,1.14535,1.1453,1,-1,2,743
245,ZONE_CREATED,2026-07-06 07:54:00.000,1783335240000,D000246,1783335240000,1783338240000,1.1452,1.14515,1,1,9,744
246,ZONE_CREATED,2026-07-06 07:57:00.000,1783335420000,D000247,1783335420000,1783338420000,1.14535,1.1453,1,1,3,747
247,ZONE_CREATED,2026-07-06 07:59:00.000,1783335540000,D000248,1783335540000,1783338540000,1.14535,1.1453,1,-1,4,749
248,ZONE_CREATED,2026-07-06 08:04:00.000,1783335840000,D000249,1783335840000,1783338840000,1.1452,1.14515,1,-1,10,754
249,ZONE_CREATED,2026-07-06 08:05:00.000,1783335900000,D000250,1783335900000,1783338900000,1.14515,1.14505,2,-1,11,755
250,ZONE_CREATED,2026-07-06 08:34:00.000,1783337640000,D000251,1783337640000,1783340640000,1.14525,1.1452,1,1,8,784
251,ZONE_CREATED,2026-07-06 08:35:00.000,1783337700000,D000252,1783337700000,1783340700000,1.14525,1.1452,1,-1,9,785
252,ZONE_CREATED,2026-07-06 08:36:00.000,1783337760000,D000253,1783337760000,1783340760000,1.1452,1.14515,1,-1,10,786
253,ZONE_CREATED,2026-07-06 08:40:00.000,1783338000000,D000254,1783338000000,1783341000000,1.1448,1.14475,1,1,1,790
254,ZONE_CREATED,2026-07-06 08:44:00.000,1783338240000,D000255,1783338240000,1783341240000,1.1448,1.14475,1,-1,2,794
255,ZONE_CREATED,2026-07-06 08:47:00.000,1783338420000,D000256,1783338420000,1783341420000,1.1448,1.14475,1,1,3,797
256,ZONE_CREATED,2026-07-06 08:48:00.000,1783338480000,D000257,1783338480000,1783341480000,1.1447,1.14465,1,-1,1,798
257,ZONE_CREATED,2026-07-06 08:50:00.000,1783338600000,D000258,1783338600000,1783341600000,1.1447,1.14465,1,-1,2,800
258,ZONE_CREATED,2026-07-06 08:58:00.000,1783339080000,D000259,1783339080000,1783342080000,1.1449,1.14485,1,1,1,808
259,ZONE_CREATED,2026-07-06 09:01:00.000,1783339260000,D000260,1783339260000,1783342260000,1.1451,1.14505,1,1,1,811
260,ZONE_CREATED,2026-07-06 09:12:00.000,1783339920000,D000261,1783339920000,1783342920000,1.1448,1.14475,1,1,4,822
261,ZONE_CREATED,2026-07-06 09:15:00.000,1783340100000,D000262,1783340100000,1783343100000,1.1451,1.14505,1,1,2,825
262,ZONE_CREATED,2026-07-06 09:17:00.000,1783340220000,D000263,1783340220000,1783343220000,1.14515,1.14505,2,1,4,827
263,ZONE_CREATED,2026-07-06 09:21:00.000,1783340460000,D000264,1783340460000,1783343460000,1.145,1.14495,1,1,1,831
264,ZONE_CREATED,2026-07-06 09:26:00.000,1783340760000,D000265,1783340760000,1783343760000,1.145,1.14495,1,-1,2,836
265,ZONE_CREATED,2026-07-06 09:28:00.000,1783340880000,D000266,1783340880000,1783343880000,1.145,1.14495,1,1,3,838
266,ZONE_CREATED,2026-07-06 09:33:00.000,1783341180000,D000267,1783341180000,1783344180000,1.1451,1.14505,1,-1,4,843
267,ZONE_CREATED,2026-07-06 09:42:00.000,1783341720000,D000268,1783341720000,1783344720000,1.1449,1.14485,1,-1,2,852
268,ZONE_CREATED,2026-07-06 09:51:00.000,1783342260000,D000269,1783342260000,1783345260000,1.1449,1.1448,2,1,3,861
269,ZONE_CREATED,2026-07-06 09:52:00.000,1783342320000,D000270,1783342320000,1783345320000,1.1449,1.14485,1,1,3,862
270,ZONE_CREATED,2026-07-06 09:56:00.000,1783342560000,D000271,1783342560000,1783345560000,1.1448,1.14475,1,1,3,866
271,ZONE_CREATED,2026-07-06 10:01:00.000,1783342860000,D000272,1783342860000,1783345860000,1.1446,1.14455,1,1,1,871
272,ZONE_CREATED,2026-07-06 10:04:00.000,1783343040000,D000273,1783343040000,1783346040000,1.1447,1.1446,2,-1,2,874
273,ZONE_CREATED,2026-07-06 10:05:00.000,1783343100000,D000274,1783343100000,1783346100000,1.1447,1.14465,1,1,2,875
274,ZONE_CREATED,2026-07-06 10:07:00.000,1783343220000,D000275,1783343220000,1783346220000,1.1447,1.14465,1,1,3,877
275,ZONE_CREATED,2026-07-06 10:08:00.000,1783343280000,D000276,1783343280000,1783346280000,1.1448,1.14475,1,-1,3,878
276,ZONE_CREATED,2026-07-06 10:31:00.000,1783344660000,D000277,1783344660000,1783347660000,1.14535,1.1453,1,1,1,901
277,ZONE_CREATED,2026-07-06 10:32:00.000,1783344720000,D000278,1783344720000,1783347720000,1.14545,1.1454,1,1,1,902
278,ZONE_CREATED,2026-07-06 10:38:00.000,1783345080000,D000279,1783345080000,1783348080000,1.1452,1.14515,1,1,1,908
279,ZONE_CREATED,2026-07-06 10:59:00.000,1783346340000,D000280,1783346340000,1783349340000,1.1445,1.14445,1,1,1,929
280,ZONE_CREATED,2026-07-06 11:00:00.000,1783346400000,D000281,1783346400000,1783349400000,1.1446,1.14455,1,-1,1,930
281,ZONE_CREATED,2026-07-06 11:19:00.000,1783347540000,D000282,1783347540000,1783350540000,1.145,1.14495,1,-1,1,949
282,ZONE_CREATED,2026-07-06 11:28:00.000,1783348080000,D000283,1783348080000,1783351080000,1.1449,1.14485,1,-1,1,958
283,ZONE_CREATED,2026-07-06 11:30:00.000,1783348200000,D000284,1783348200000,1783351200000,1.1448,1.14475,1,1,1,960
284,ZONE_CREATED,2026-07-06 11:32:00.000,1783348320000,D000285,1783348320000,1783351320000,1.1448,1.14475,1,1,2,962
285,ZONE_CREATED,2026-07-06 11:35:00.000,1783348500000,D000286,1783348500000,1783351500000,1.1451,1.14505,1,-1,1,965
286,ZONE_CREATED,2026-07-06 11:39:00.000,1783348740000,D000287,1783348740000,1783351740000,1.1449,1.14485,1,-1,2,969
287,ZONE_CREATED,2026-07-06 11:43:00.000,1783348980000,D000288,1783348980000,1783351980000,1.1447,1.14465,1,-1,1,973
288,ZONE_CREATED,2026-07-06 11:57:00.000,1783349820000,D000289,1783349820000,1783352820000,1.1449,1.14485,1,-1,3,987
289,ZONE_CREATED,2026-07-06 11:59:00.000,1783349940000,D000290,1783349940000,1783352940000,1.1449,1.14485,1,-1,4,989
290,ZONE_CREATED,2026-07-06 12:02:00.000,1783350120000,D000291,1783350120000,1783353120000,1.1451,1.14505,1,1,2,992
291,ZONE_CREATED,2026-07-06 12:05:00.000,1783350300000,D000292,1783350300000,1783353300000,1.1452,1.14515,1,-1,1,995
292,ZONE_CREATED,2026-07-06 12:06:00.000,1783350360000,D000293,1783350360000,1783353360000,1.14525,1.1452,1,-1,2,996
293,ZONE_CREATED,2026-07-06 12:19:00.000,1783351140000,D000294,1783351140000,1783354140000,1.145,1.14495,1,1,1,1009
294,ZONE_CREATED,2026-07-06 12:22:00.000,1783351320000,D000295,1783351320000,1783354320000,1.145,1.14495,1,1,2,1012
295,ZONE_CREATED,2026-07-06 12:23:00.000,1783351380000,D000296,1783351380000,1783354380000,1.1451,1.14505,1,1,3,1013
296,ZONE_CREATED,2026-07-06 12:32:00.000,1783351920000,D000297,1783351920000,1783354920000,1.1452,1.14515,1,1,3,1022
297,ZONE_CREATED,2026-07-06 12:34:00.000,1783352040000,D000298,1783352040000,1783355040000,1.1452,1.14515,1,-1,4,1024
298,ZONE_CREATED,2026-07-06 12:39:00.000,1783352340000,D000299,1783352340000,1783355340000,1.14525,1.1452,1,-1,5,1029
299,ZONE_CREATED,2026-07-06 12:42:00.000,1783352520000,D000300,1783352520000,1783355520000,1.14545,1.1454,1,-1,1,1032
300,ZONE_CREATED,2026-07-06 12:45:00.000,1783352700000,D000301,1783352700000,1783355700000,1.14565,1.1456,1,1,1,1035
301,ZONE_CREATED,2026-07-06 12:47:00.000,1783352820000,D000302,1783352820000,1783355820000,1.14565,1.1456,1,-1,2,1037
302,ZONE_CREATED,2026-07-06 12:49:00.000,1783352940000,D000303,1783352940000,1783355940000,1.14575,1.1457,1,1,1,1039
303,ZONE_CREATED,2026-07-06 12:58:00.000,1783353480000,D000304,1783353480000,1783356480000,1.14565,1.1456,1,1,3,1048
304,ZONE_CREATED,2026-07-06 13:00:00.000,1783353600000,D000305,1783353600000,1783356600000,1.14585,1.1458,1,1,1,1050
305,ZONE_CREATED,2026-07-06 13:13:00.000,1783354380000,D000306,1783354380000,1783357380000,1.14605,1.146,1,-1,1,1063
306,ZONE_CREATED,2026-07-06 13:21:00.000,1783354860000,D000307,1783354860000,1783357860000,1.1463,1.14625,1,1,1,1071
307,ZONE_CREATED,2026-07-06 13:27:00.000,1783355220000,D000308,1783355220000,1783358220000,1.1463,1.14625,1,1,2,1077
308,ZONE_CREATED,2026-07-06 13:31:00.000,1783355460000,D000309,1783355460000,1783358460000,1.1463,1.14625,1,1,3,1081
309,ZONE_CREATED,2026-07-06 13:34:00.000,1783355640000,D000310,1783355640000,1783358640000,1.1462,1.14615,1,1,1,1084
310,ZONE_CREATED,2026-07-06 13:35:00.000,1783355700000,D000311,1783355700000,1783358700000,1.1462,1.14615,1,-1,2,1085
311,ZONE_CREATED,2026-07-06 13:40:00.000,1783356000000,D000312,1783356000000,1783359000000,1.14615,1.1461,1,-1,3,1090
312,ZONE_CREATED,2026-07-06 13:45:00.000,1783356300000,D000313,1783356300000,1783359300000,1.14615,1.1461,1,-1,4,1095
313,ZONE_CREATED,2026-07-06 13:49:00.000,1783356540000,D000314,1783356540000,1783359540000,1.14615,1.1461,1,-1,5,1099
314,ZONE_CREATED,2026-07-06 14:03:00.000,1783357380000,D000315,1783357380000,1783360380000,1.1466,1.14655,1,-1,1,1113
315,ZONE_CREATED,2026-07-06 14:11:00.000,1783357860000,D000316,1783357860000,1783360860000,1.1466,1.14655,1,1,2,1121
316,ZONE_CREATED,2026-07-06 14:20:00.000,1783358400000,D000317,1783358400000,1783361400000,1.1468,1.14675,1,-1,1,1130
317,ZONE_CREATED,2026-07-06 14:21:00.000,1783358460000,D000318,1783358460000,1783361460000,1.1468,1.14675,1,-1,2,1131
318,ZONE_CREATED,2026-07-06 14:26:00.000,1783358760000,D000319,1783358760000,1783361760000,1.147,1.14695,1,1,1,1136
319,ZONE_CREATED,2026-07-06 14:37:00.000,1783359420000,D000320,1783359420000,1783362420000,1.147,1.14695,1,1,2,1147
320,ZONE_CREATED,2026-07-06 14:44:00.000,1783359840000,D000321,1783359840000,1783362840000,1.14725,1.1472,1,-1,1,1154
321,ZONE_CREATED,2026-07-06 14:45:00.000,1783359900000,D000322,1783359900000,1783362900000,1.1472,1.14715,1,-1,2,1155
322,ZONE_CREATED,2026-07-06 15:13:00.000,1783361580000,D000323,1783361580000,1783364580000,1.147,1.14695,1,-1,3,1183
323,ZONE_CREATED,2026-07-06 15:14:00.000,1783361640000,D000324,1783361640000,1783364640000,1.147,1.14695,1,-1,4,1184
324,ZONE_CREATED,2026-07-06 15:25:00.000,1783362300000,D000325,1783362300000,1783365300000,1.147,1.14695,1,1,4,1194
325,ZONE_CREATED,2026-07-06 15:27:00.000,1783362420000,D000326,1783362420000,1783365420000,1.1471,1.14705,1,1,1,1196
326,ZONE_CREATED,2026-07-06 15:30:00.000,1783362600000,D000327,1783362600000,1783365600000,1.14725,1.1472,1,1,3,1199
327,ZONE_CREATED,2026-07-06 15:32:00.000,1783362720000,D000328,1783362720000,1783365720000,1.1472,1.14715,1,1,4,1201
328,ZONE_CREATED,2026-07-06 15:39:00.000,1783363140000,D000329,1783363140000,1783366140000,1.14755,1.1475,1,-1,1,1208
329,ZONE_CREATED,2026-07-06 15:40:00.000,1783363200000,D000330,1783363200000,1783366200000,1.14755,1.1475,1,1,2,1209
330,ZONE_CREATED,2026-07-06 15:42:00.000,1783363320000,D000331,1783363320000,1783366320000,1.14755,1.1475,1,1,3,1211
331,ZONE_CREATED,2026-07-06 15:47:00.000,1783363620000,D000332,1783363620000,1783366620000,1.14765,1.1476,1,1,1,1215
332,ZONE_CREATED,2026-07-06 15:48:00.000,1783363680000,D000333,1783363680000,1783366680000,1.14765,1.1476,1,-1,2,1216
333,ZONE_CREATED,2026-07-06 15:54:00.000,1783364040000,D000334,1783364040000,1783367040000,1.14775,1.1477,1,-1,1,1222
334,ZONE_CREATED,2026-07-06 15:59:00.000,1783364340000,D000335,1783364340000,1783367340000,1.14775,1.1477,1,-1,2,1227
335,ZONE_CREATED,2026-07-06 16:13:00.000,1783365180000,D000336,1783365180000,1783368180000,1.14745,1.1474,1,-1,1,1241
336,ZONE_CREATED,2026-07-06 16:15:00.000,1783365300000,D000337,1783365300000,1783368300000,1.14745,1.1474,1,-1,2,1243
337,ZONE_CREATED,2026-07-06 16:16:00.000,1783365360000,D000338,1783365360000,1783368360000,1.14745,1.1474,1,-1,3,1244
338,ZONE_CREATED,2026-07-06 16:17:00.000,1783365420000,D000339,1783365420000,1783368420000,1.14745,1.1474,1,1,4,1245
339,ZONE_CREATED,2026-07-06 16:23:00.000,1783365780000,D000340,1783365780000,1783368780000,1.1472,1.14715,1,1,2,1251
340,ZONE_CREATED,2026-07-06 16:25:00.000,1783365900000,D000341,1783365900000,1783368900000,1.1472,1.14715,1,-1,2,1253
341,ZONE_CREATED,2026-07-06 16:27:00.000,1783366020000,D000342,1783366020000,1783369020000,1.14725,1.1472,1,1,3,1255
342,ZONE_CREATED,2026-07-06 16:28:00.000,1783366080000,D000343,1783366080000,1783369080000,1.14725,1.1472,1,-1,4,1256
343,ZONE_CREATED,2026-07-06 16:30:00.000,1783366200000,D000344,1783366200000,1783369200000,1.14725,1.1472,1,1,5,1258
344,ZONE_CREATED,2026-07-06 16:31:00.000,1783366260000,D000345,1783366260000,1783369260000,1.14735,1.1473,1,-1,1,1259
345,ZONE_CREATED,2026-07-06 16:32:00.000,1783366320000,D000346,1783366320000,1783369320000,1.14735,1.1473,1,1,2,1260
346,ZONE_CREATED,2026-07-06 16:38:00.000,1783366680000,D000347,1783366680000,1783369680000,1.14735,1.1473,1,1,3,1266
347,ZONE_CREATED,2026-07-06 17:04:00.000,1783368240000,D000348,1783368240000,1783371240000,1.14745,1.1474,1,1,4,1292
348,ZONE_CREATED,2026-07-06 17:16:00.000,1783368960000,D000349,1783368960000,1783371960000,1.14735,1.1473,1,-1,4,1304
349,ZONE_CREATED,2026-07-06 17:24:00.000,1783369440000,D000350,1783369440000,1783372440000,1.14745,1.1474,1,1,2,1309
350,ZONE_CREATED,2026-07-06 17:25:00.000,1783369500000,D000351,1783369500000,1783372500000,1.14745,1.1474,1,-1,3,1310
351,ZONE_CREATED,2026-07-06 17:34:00.000,1783370040000,D000352,1783370040000,1783373040000,1.1475,1.1474,2,-1,4,1318
352,ZONE_CREATED,2026-07-06 17:45:00.000,1783370700000,D000353,1783370700000,1783373700000,1.14735,1.1473,1,-1,2,1326
353,ZONE_CREATED,2026-07-06 17:52:00.000,1783371120000,D000354,1783371120000,1783374120000,1.14735,1.1473,1,1,3,1331
354,ZONE_CREATED,2026-07-06 18:00:00.000,1783371600000,D000355,1783371600000,1783374600000,1.1476,1.14745,3,1,5,1338
355,ZONE_CREATED,2026-07-06 19:01:00.000,1783375260000,D000356,1783375260000,1783378260000,1.14775,1.14765,2,1,1,1339
356,ZONE_CREATED,2026-07-06 19:05:00.000,1783375500000,D000357,1783375500000,1783378500000,1.14755,1.1475,1,-1,3,1343
357,ZONE_CREATED,2026-07-06 19:07:00.000,1783375620000,D000358,1783375620000,1783378620000,1.14755,1.1475,1,-1,4,1345
358,ZONE_CREATED,2026-07-06 19:11:00.000,1783375860000,D000359,1783375860000,1783378860000,1.14755,1.1475,1,1,5,1349
359,ZONE_CREATED,2026-07-06 19:16:00.000,1783376160000,D000360,1783376160000,1783379160000,1.14765,1.1476,1,-1,3,1353
360,ZONE_CREATED,2026-07-06 19:21:00.000,1783376460000,D000361,1783376460000,1783379460000,1.14765,1.1476,1,-1,4,1358
361,ZONE_CREATED,2026-07-06 19:34:00.000,1783377240000,D000362,1783377240000,1783380240000,1.14765,1.1476,1,1,5,1368
362,ZONE_CREATED,2026-07-06 19:50:00.000,1783378200000,D000363,1783378200000,1783381200000,1.14765,1.1476,1,1,6,1377
363,ZONE_CREATED,2026-07-06 20:01:00.000,1783378860000,D000364,1783378860000,1783381860000,1.14785,1.1478,1,1,1,1382
364,ZONE_CREATED,2026-07-06 20:05:00.000,1783379100000,D000365,1783379100000,1783382100000,1.14795,1.1479,1,-1,1,1386
365,ZONE_CREATED,2026-07-06 20:10:00.000,1783379400000,D000366,1783379400000,1783382400000,1.14785,1.1478,1,-1,2,1389
366,ZONE_CREATED,2026-07-06 20:21:00.000,1783380060000,D000367,1783380060000,1783383060000,1.14795,1.1479,1,1,2,1400
367,ZONE_CREATED,2026-07-06 20:26:00.000,1783380360000,D000368,1783380360000,1783383360000,1.14785,1.1478,1,-1,3,1404
368,ZONE_CREATED,2026-07-06 20:29:00.000,1783380540000,D000369,1783380540000,1783383540000,1.14775,1.1477,1,-1,1,1407
369,ZONE_CREATED,2026-07-06 20:31:00.000,1783380660000,D000370,1783380660000,1783383660000,1.14775,1.1477,1,1,2,1409
370,ZONE_CREATED,2026-07-06 20:32:00.000,1783380720000,D000371,1783380720000,1783383720000,1.1478,1.1477,2,-1,6,1410
371,ZONE_CREATED,2026-07-06 20:33:00.000,1783380780000,D000372,1783380780000,1783383780000,1.14775,1.1477,1,1,4,1411
372,ZONE_CREATED,2026-07-06 20:36:00.000,1783380960000,D000373,1783380960000,1783383960000,1.14775,1.1477,1,-1,5,1413
373,ZONE_CREATED,2026-07-06 20:57:00.000,1783382220000,D000374,1783382220000,1783385220000,1.14745,1.1474,1,-1,1,1433
374,ZONE_CREATED,2026-07-06 20:58:00.000,1783382280000,D000375,1783382280000,1783385280000,1.14745,1.1474,1,-1,2,1434
375,ZONE_CREATED,2026-07-06 21:03:00.000,1783382580000,D000376,1783382580000,1783385580000,1.14745,1.1474,1,1,3,1439
376,ZONE_CREATED,2026-07-06 21:05:00.000,1783382700000,D000377,1783382700000,1783385700000,1.14745,1.1474,1,-1,4,1441
377,ZONE_CREATED,2026-07-06 21:10:00.000,1783383000000,D000378,1783383000000,1783386000000,1.14745,1.1474,1,1,5,1446
378,ZONE_CREATED,2026-07-06 21:17:00.000,1783383420000,D000379,1783383420000,1783386420000,1.14725,1.1472,1,1,1,1453
379,ZONE_CREATED,2026-07-06 21:18:00.000,1783383480000,D000380,1783383480000,1783386480000,1.14725,1.1472,1,1,2,1454
380,ZONE_CREATED,2026-07-06 21:19:00.000,1783383540000,D000381,1783383540000,1783386540000,1.14725,1.1472,1,-1,3,1455
381,ZONE_CREATED,2026-07-06 21:21:00.000,1783383660000,D000382,1783383660000,1783386660000,1.14725,1.1472,1,1,4,1457
382,ZONE_CREATED,2026-07-06 21:23:00.000,1783383780000,D000383,1783383780000,1783386780000,1.14725,1.1472,1,-1,5,1459
383,ZONE_CREATED,2026-07-06 21:25:00.000,1783383900000,D000384,1783383900000,1783386900000,1.14725,1.1472,1,1,6,1461
384,ZONE_CREATED,2026-07-06 21:26:00.000,1783383960000,D000385,1783383960000,1783386960000,1.1473,1.1472,2,1,7,1462
385,ZONE_CREATED,2026-07-06 21:29:00.000,1783384140000,D000386,1783384140000,1783387140000,1.1471,1.14705,1,-1,1,1465
386,ZONE_CREATED,2026-07-06 21:31:00.000,1783384260000,D000387,1783384260000,1783387260000,1.1472,1.14715,1,-1,8,1467
387,ZONE_CREATED,2026-07-06 21:35:00.000,1783384500000,D000388,1783384500000,1783387500000,1.14725,1.1472,1,1,9,1471
388,ZONE_CREATED,2026-07-06 21:36:00.000,1783384560000,D000389,1783384560000,1783387560000,1.14725,1.1472,1,-1,10,1472
389,ZONE_CREATED,2026-07-06 21:38:00.000,1783384680000,D000390,1783384680000,1783387680000,1.1471,1.14705,1,-1,2,1474
390,ZONE_CREATED,2026-07-06 21:43:00.000,1783384980000,D000391,1783384980000,1783387980000,1.1471,1.14705,1,1,3,1479
391,ZONE_CREATED,2026-07-06 21:44:00.000,1783385040000,D000392,1783385040000,1783388040000,1.1472,1.14715,1,1,11,1480
392,ZONE_CREATED,2026-07-06 21:47:00.000,1783385220000,D000393,1783385220000,1783388220000,1.14725,1.1472,1,-1,12,1483
393,ZONE_CREATED,2026-07-06 21:52:00.000,1783385520000,D000394,1783385520000,1783388520000,1.14725,1.1472,1,-1,13,1488
394,ZONE_CREATED,2026-07-06 21:53:00.000,1783385580000,D000395,1783385580000,1783388580000,1.14735,1.1473,1,-1,2,1489
395,ZONE_CREATED,2026-07-06 21:54:00.000,1783385640000,D000396,1783385640000,1783388640000,1.14735,1.1473,1,-1,3,1490
396,ZONE_CREATED,2026-07-06 21:56:00.000,1783385760000,D000397,1783385760000,1783388760000,1.14735,1.1473,1,-1,4,1492
397,ZONE_CREATED,2026-07-06 21:58:00.000,1783385880000,D000398,1783385880000,1783388880000,1.1473,1.1472,2,-1,17,1494
398,ZONE_CREATED,2026-07-06 22:05:00.000,1783386300000,D000399,1783386300000,1783389300000,1.1472,1.14715,1,1,15,1501
399,ZONE_CREATED,2026-07-06 22:08:00.000,1783386480000,D000400,1783386480000,1783389480000,1.1472,1.14715,1,1,15,1504
400,ZONE_CREATED,2026-07-06 22:09:00.000,1783386540000,D000401,1783386540000,1783389540000,1.1472,1.14715,1,-1,15,1505
401,ZONE_CREATED,2026-07-06 22:17:00.000,1783387020000,D000402,1783387020000,1783390020000,1.1472,1.14715,1,1,11,1513
402,ZONE_CREATED,2026-07-06 22:19:00.000,1783387140000,D000403,1783387140000,1783390140000,1.14725,1.1472,1,-1,12,1515
403,ZONE_CREATED,2026-07-06 22:30:00.000,1783387800000,D000404,1783387800000,1783390800000,1.1473,1.1472,2,1,13,1526
404,ZONE_CREATED,2026-07-06 22:31:00.000,1783387860000,D000405,1783387860000,1783390860000,1.14785,1.1478,1,1,1,1527
405,ZONE_CREATED,2026-07-06 22:32:00.000,1783387920000,D000406,1783387920000,1783390920000,1.14765,1.1476,1,1,1,1528
406,ZONE_CREATED,2026-07-06 22:33:00.000,1783387980000,D000407,1783387980000,1783390980000,1.14755,1.1475,1,1,1,1529
407,ZONE_CREATED,2026-07-06 22:34:00.000,1783388040000,D000408,1783388040000,1783391040000,1.14785,1.1478,1,-1,2,1530
408,ZONE_CREATED,2026-07-06 22:35:00.000,1783388100000,D000409,1783388100000,1783391100000,1.14775,1.1477,1,1,1,1531
409,ZONE_CREATED,2026-07-06 22:39:00.000,1783388340000,D000410,1783388340000,1783391340000,1.14745,1.1474,1,-1,1,1535
410,ZONE_CREATED,2026-07-06 22:41:00.000,1783388460000,D000411,1783388460000,1783391460000,1.14745,1.1474,1,1,2,1537
411,ZONE_CREATED,2026-07-06 22:42:00.000,1783388520000,D000412,1783388520000,1783391520000,1.14745,1.1474,1,-1,3,1538
412,ZONE_CREATED,2026-07-06 22:50:00.000,1783389000000,D000413,1783389000000,1783392000000,1.14755,1.1475,1,1,2,1546
413,ZONE_CREATED,2026-07-06 22:53:00.000,1783389180000,D000414,1783389180000,1783392180000,1.14775,1.1477,1,1,2,1549
414,ZONE_CREATED,2026-07-06 22:54:00.000,1783389240000,D000415,1783389240000,1783392240000,1.14785,1.1478,1,1,3,1550
415,ZONE_CREATED,2026-07-06 22:55:00.000,1783389300000,D000416,1783389300000,1783392300000,1.14795,1.1479,1,1,1,1551
416,ZONE_CREATED,2026-07-06 22:59:00.000,1783389540000,D000417,1783389540000,1783392540000,1.14765,1.1476,1,-1,2,1555
417,ZONE_CREATED,2026-07-06 23:02:00.000,1783389720000,D000418,1783389720000,1783392720000,1.14785,1.1478,1,1,4,1558
418,ZONE_CREATED,2026-07-06 23:18:00.000,1783390680000,D000419,1783390680000,1783393680000,1.14755,1.1475,1,-1,3,1573
419,ZONE_CREATED,2026-07-06 23:22:00.000,1783390920000,D000420,1783390920000,1783393920000,1.14755,1.1475,1,1,4,1577
420,ZONE_CREATED,2026-07-06 23:26:00.000,1783391160000,D000421,1783391160000,1783394160000,1.14755,1.1475,1,-1,4,1581
421,ZONE_CREATED,2026-07-06 23:28:00.000,1783391280000,D000422,1783391280000,1783394280000,1.14755,1.1475,1,1,5,1582
422,ZONE_CREATED,2026-07-06 23:30:00.000,1783391400000,D000423,1783391400000,1783394400000,1.14745,1.1474,1,-1,4,1584
423,ZONE_CREATED,2026-07-06 23:42:00.000,1783392120000,D000424,1783392120000,1783395120000,1.14745,1.1474,1,1,2,1594
424,ZONE_CREATED,2026-07-06 23:58:00.000,1783393080000,D000425,1783393080000,1783396080000,1.14735,1.1473,1,-1,1,1609
425,ZONE_CREATED,2026-07-07 00:05:00.000,1783393500000,D000426,1783393500000,1783396500000,1.14745,1.14735,2,1,4,1616
426,ZONE_CREATED,2026-07-07 00:08:00.000,1783393680000,D000427,1783393680000,1783396680000,1.14745,1.1474,1,-1,4,1619
427,ZONE_CREATED,2026-07-07 00:23:00.000,1783394580000,D000428,1783394580000,1783397580000,1.14755,1.1475,1,-1,3,1629
428,ZONE_CREATED,2026-07-07 00:29:00.000,1783394940000,D000429,1783394940000,1783397940000,1.14735,1.1473,1,-1,3,1635
429,ZONE_CREATED,2026-07-07 00:30:00.000,1783395000000,D000430,1783395000000,1783398000000,1.14725,1.1472,1,-1,1,1636
430,ZONE_CREATED,2026-07-07 00:32:00.000,1783395120000,D000431,1783395120000,1783398120000,1.1472,1.14715,1,-1,2,1638
431,ZONE_CREATED,2026-07-07 00:33:00.000,1783395180000,D000432,1783395180000,1783398180000,1.14725,1.1472,1,1,3,1639
432,ZONE_CREATED,2026-07-07 00:42:00.000,1783395720000,D000433,1783395720000,1783398720000,1.1471,1.14705,1,-1,1,1648
433,ZONE_CREATED,2026-07-07 00:46:00.000,1783395960000,D000434,1783395960000,1783398960000,1.14705,1.14695,2,-1,2,1652
434,ZONE_CREATED,2026-07-07 00:47:00.000,1783396020000,D000435,1783396020000,1783399020000,1.147,1.14695,1,1,2,1653
435,ZONE_CREATED,2026-07-07 00:49:00.000,1783396140000,D000436,1783396140000,1783399140000,1.147,1.14695,1,1,3,1655
436,ZONE_CREATED,2026-07-07 00:51:00.000,1783396260000,D000437,1783396260000,1783399260000,1.147,1.14695,1,-1,4,1657
437,ZONE_CREATED,2026-07-07 00:55:00.000,1783396500000,D000438,1783396500000,1783399500000,1.147,1.14695,1,-1,5,1661
438,ZONE_CREATED,2026-07-07 01:08:00.000,1783397280000,D000439,1783397280000,1783400280000,1.1471,1.14705,1,1,3,1672
439,ZONE_CREATED,2026-07-07 01:12:00.000,1783397520000,D000440,1783397520000,1783400520000,1.1471,1.14705,1,-1,4,1675
440,ZONE_CREATED,2026-07-07 01:16:00.000,1783397760000,D000441,1783397760000,1783400760000,1.1471,1.14705,1,1,5,1678
441,ZONE_CREATED,2026-07-07 01:17:00.000,1783397820000,D000442,1783397820000,1783400820000,1.1471,1.14705,1,-1,6,1679
442,ZONE_CREATED,2026-07-07 01:21:00.000,1783398060000,D000443,1783398060000,1783401060000,1.147,1.14695,1,-1,6,1681
443,ZONE_CREATED,2026-07-07 01:23:00.000,1783398180000,D000444,1783398180000,1783401180000,1.1471,1.147,2,1,12,1683
444,ZONE_CREATED,2026-07-07 01:25:00.000,1783398300000,D000445,1783398300000,1783401300000,1.1471,1.14695,3,-1,13,1684
445,ZONE_CREATED,2026-07-07 01:31:00.000,1783398660000,D000446,1783398660000,1783401660000,1.147,1.14695,1,1,9,1688
446,ZONE_CREATED,2026-07-07 01:34:00.000,1783398840000,D000447,1783398840000,1783401840000,1.1471,1.147,2,-1,15,1691
447,ZONE_CREATED,2026-07-07 01:40:00.000,1783399200000,D000448,1783399200000,1783402200000,1.1471,1.14705,1,1,10,1697
448,ZONE_CREATED,2026-07-07 01:41:00.000,1783399260000,D000449,1783399260000,1783402260000,1.1472,1.1471,2,-1,10,1698
449,ZONE_CREATED,2026-07-07 01:42:00.000,1783399320000,D000450,1783399320000,1783402320000,1.1471,1.14705,1,-1,11,1699
450,ZONE_CREATED,2026-07-07 01:46:00.000,1783399560000,D000451,1783399560000,1783402560000,1.1471,1.147,2,1,18,1701
451,ZONE_CREATED,2026-07-07 01:48:00.000,1783399680000,D000452,1783399680000,1783402680000,1.1471,1.14705,1,-1,12,1703
452,ZONE_CREATED,2026-07-07 01:49:00.000,1783399740000,D000453,1783399740000,1783402740000,1.1471,1.14705,1,1,13,1704
453,ZONE_CREATED,2026-07-07 01:55:00.000,1783400100000,D000454,1783400100000,1783403100000,1.147,1.14695,1,-1,8,1709
454,ZONE_CREATED,2026-07-07 01:59:00.000,1783400340000,D000455,1783400340000,1783403340000,1.1469,1.14685,1,-1,1,1713
455,ZONE_CREATED,2026-07-07 02:01:00.000,1783400460000,D000456,1783400460000,1783403460000,1.1469,1.14685,1,-1,2,1715
456,ZONE_CREATED,2026-07-07 02:02:00.000,1783400520000,D000457,1783400520000,1783403520000,1.1469,1.14685,1,1,3,1716
457,ZONE_CREATED,2026-07-07 02:08:00.000,1783400880000,D000458,1783400880000,1783403880000,1.1469,1.14685,1,-1,4,1722
458,ZONE_CREATED,2026-07-07 02:11:00.000,1783401060000,D000459,1783401060000,1783404060000,1.1469,1.14685,1,-1,5,1724
459,ZONE_CREATED,2026-07-07 02:19:00.000,1783401540000,D000460,1783401540000,1783404540000,1.1467,1.14665,1,-1,1,1732
460,ZONE_CREATED,2026-07-07 02:20:00.000,1783401600000,D000461,1783401600000,1783404600000,1.1465,1.14645,1,-1,1,1733
461,ZONE_CREATED,2026-07-07 02:25:00.000,1783401900000,D000462,1783401900000,1783404900000,1.1464,1.14635,1,-1,1,1738
462,ZONE_CREATED,2026-07-07 02:31:00.000,1783402260000,D000463,1783402260000,1783405260000,1.1465,1.14645,1,1,2,1743
463,ZONE_CREATED,2026-07-07 02:39:00.000,1783402740000,D000464,1783402740000,1783405740000,1.1465,1.14645,1,-1,3,1750
464,ZONE_CREATED,2026-07-07 02:41:00.000,1783402860000,D000465,1783402860000,1783405860000,1.1465,1.14645,1,1,4,1752
465,ZONE_CREATED,2026-07-07 02:42:00.000,1783402920000,D000466,1783402920000,1783405920000,1.1465,1.1464,2,-1,6,1753
466,ZONE_CREATED,2026-07-07 02:45:00.000,1783403100000,D000467,1783403100000,1783406100000,1.1462,1.14615,1,1,1,1756
467,ZONE_CREATED,2026-07-07 02:47:00.000,1783403220000,D000468,1783403220000,1783406220000,1.14615,1.1461,1,1,2,1758
468,ZONE_CREATED,2026-07-07 02:48:00.000,1783403280000,D000469,1783403280000,1783406280000,1.1462,1.14615,1,-1,3,1759
469,ZONE_CREATED,2026-07-07 02:49:00.000,1783403340000,D000470,1783403340000,1783406340000,1.1462,1.14615,1,-1,4,1760
470,ZONE_CREATED,2026-07-07 02:50:00.000,1783403400000,D000471,1783403400000,1783406400000,1.1462,1.14615,1,1,5,1761
471,ZONE_CREATED,2026-07-07 02:52:00.000,1783403520000,D000472,1783403520000,1783406520000,1.1463,1.14625,1,-1,1,1763
472,ZONE_CREATED,2026-07-07 02:53:00.000,1783403580000,D000473,1783403580000,1783406580000,1.1462,1.14615,1,1,6,1764
473,ZONE_CREATED,2026-07-07 02:57:00.000,1783403820000,D000474,1783403820000,1783406820000,1.1464,1.14635,1,-1,3,1768
474,ZONE_CREATED,2026-07-07 03:02:00.000,1783404120000,D000475,1783404120000,1783407120000,1.1464,1.14635,1,-1,4,1773
475,ZONE_CREATED,2026-07-07 03:07:00.000,1783404420000,D000476,1783404420000,1783407420000,1.1463,1.14625,1,-1,2,1778
476,ZONE_CREATED,2026-07-07 03:08:00.000,1783404480000,D000477,1783404480000,1783407480000,1.1463,1.14625,1,-1,3,1779
477,ZONE_CREATED,2026-07-07 03:09:00.000,1783404540000,D000478,1783404540000,1783407540000,1.1462,1.14615,1,1,7,1780
478,ZONE_CREATED,2026-07-07 03:15:00.000,1783404900000,D000479,1783404900000,1783407900000,1.14605,1.146,1,1,1,1786
479,ZONE_CREATED,2026-07-07 03:23:00.000,1783405380000,D000480,1783405380000,1783408380000,1.14615,1.1461,1,-1,8,1794
480,ZONE_CREATED,2026-07-07 03:24:00.000,1783405440000,D000481,1783405440000,1783408440000,1.14615,1.1461,1,-1,9,1795
481,ZONE_CREATED,2026-07-07 03:27:00.000,1783405620000,D000482,1783405620000,1783408620000,1.1462,1.14615,1,-1,10,1798
482,ZONE_CREATED,2026-07-07 03:32:00.000,1783405920000,D000483,1783405920000,1783408920000,1.1463,1.14625,1,-1,4,1803
483,ZONE_CREATED,2026-07-07 03:34:00.000,1783406040000,D000484,1783406040000,1783409040000,1.1464,1.14635,1,1,3,1805
484,ZONE_CREATED,2026-07-07 03:35:00.000,1783406100000,D000485,1783406100000,1783409100000,1.1463,1.14625,1,-1,5,1806
485,ZONE_CREATED,2026-07-07 03:37:00.000,1783406220000,D000486,1783406220000,1783409220000,1.1463,1.14625,1,1,6,1808
486,ZONE_CREATED,2026-07-07 03:38:00.000,1783406280000,D000487,1783406280000,1783409280000,1.1463,1.14625,1,1,7,1809
487,ZONE_CREATED,2026-07-07 03:47:00.000,1783406820000,D000488,1783406820000,1783409820000,1.14615,1.1461,1,-1,5,1818
488,ZONE_CREATED,2026-07-07 03:48:00.000,1783406880000,D000489,1783406880000,1783409880000,1.1462,1.14615,1,1,6,1819
489,ZONE_CREATED,2026-07-07 03:51:00.000,1783407060000,D000490,1783407060000,1783410060000,1.1464,1.14635,1,1,3,1822
490,ZONE_CREATED,2026-07-07 03:52:00.000,1783407120000,D000491,1783407120000,1783410120000,1.1464,1.14635,1,1,4,1823
491,ZONE_CREATED,2026-07-07 03:54:00.000,1783407240000,D000492,1783407240000,1783410240000,1.1463,1.14625,1,-1,7,1825
492,ZONE_CREATED,2026-07-07 03:55:00.000,1783407300000,D000493,1783407300000,1783410300000,1.14615,1.1461,1,-1,7,1826
493,ZONE_CREATED,2026-07-07 03:57:00.000,1783407420000,D000494,1783407420000,1783410420000,1.14615,1.1461,1,-1,8,1828
494,ZONE_CREATED,2026-07-07 03:58:00.000,1783407480000,D000495,1783407480000,1783410480000,1.14615,1.1461,1,-1,9,1829
495,ZONE_CREATED,2026-07-07 04:00:00.000,1783407600000,D000496,1783407600000,1783410600000,1.1463,1.14625,1,1,6,1831
496,ZONE_CREATED,2026-07-07 04:07:00.000,1783408020000,D000497,1783408020000,1783411020000,1.14615,1.1461,1,-1,9,1838
497,ZONE_CREATED,2026-07-07 04:13:00.000,1783408380000,D000498,1783408380000,1783411380000,1.14615,1.1461,1,1,10,1844
498,ZONE_CREATED,2026-07-07 04:14:00.000,1783408440000,D000499,1783408440000,1783411440000,1.14615,1.1461,1,-1,10,1845
499,ZONE_CREATED,2026-07-07 04:18:00.000,1783408680000,D000500,1783408680000,1783411680000,1.1462,1.14615,1,1,9,1849
500,ZONE_CREATED,2026-07-07 04:23:00.000,1783408980000,D000501,1783408980000,1783411980000,1.1463,1.14625,1,-1,6,1854
501,ZONE_CREATED,2026-07-07 04:26:00.000,1783409160000,D000502,1783409160000,1783412160000,1.14605,1.146,1,1,1,1857
502,ZONE_CREATED,2026-07-07 04:28:00.000,1783409280000,D000503,1783409280000,1783412280000,1.14605,1.146,1,-1,2,1859
503,ZONE_CREATED,2026-07-07 04:30:00.000,1783409400000,D000504,1783409400000,1783412400000,1.14595,1.1459,1,-1,1,1861
504,ZONE_CREATED,2026-07-07 04:31:00.000,1783409460000,D000505,1783409460000,1783412460000,1.14605,1.146,1,-1,3,1862
505,ZONE_CREATED,2026-07-07 04:34:00.000,1783409640000,D000506,1783409640000,1783412640000,1.14615,1.1461,1,1,10,1865
506,ZONE_CREATED,2026-07-07 04:39:00.000,1783409940000,D000507,1783409940000,1783412940000,1.14615,1.1461,1,-1,9,1870
507,ZONE_CREATED,2026-07-07 04:41:00.000,1783410060000,D000508,1783410060000,1783413060000,1.1462,1.14615,1,1,10,1872
508,ZONE_CREATED,2026-07-07 04:43:00.000,1783410180000,D000509,1783410180000,1783413180000,1.14615,1.1461,1,-1,11,1874
509,ZONE_CREATED,2026-07-07 04:45:00.000,1783410300000,D000510,1783410300000,1783413300000,1.1461,1.146,2,-1,13,1876
510,ZONE_CREATED,2026-07-07 04:54:00.000,1783410840000,D000511,1783410840000,1783413840000,1.14595,1.1459,1,1,2,1885
511,ZONE_CREATED,2026-07-07 05:07:00.000,1783411620000,D000512,1783411620000,1783414620000,1.14605,1.146,1,-1,5,1898
512,ZONE_CREATED,2026-07-07 05:10:00.000,1783411800000,D000513,1783411800000,1783414800000,1.14615,1.1461,1,1,6,1901
513,ZONE_CREATED,2026-07-07 05:12:00.000,1783411920000,D000514,1783411920000,1783414920000,1.1463,1.14625,1,1,2,1903
514,ZONE_CREATED,2026-07-07 05:17:00.000,1783412220000,D000515,1783412220000,1783415220000,1.1464,1.14635,1,1,1,1908
515,ZONE_CREATED,2026-07-07 05:19:00.000,1783412340000,D000516,1783412340000,1783415340000,1.1462,1.14615,1,-1,6,1910
516,ZONE_CREATED,2026-07-07 05:36:00.000,1783413360000,D000517,1783413360000,1783416360000,1.1468,1.14675,1,-1,1,1927
517,ZONE_CREATED,2026-07-07 05:37:00.000,1783413420000,D000518,1783413420000,1783416420000,1.1466,1.14655,1,-1,1,1928
518,ZONE_CREATED,2026-07-07 05:40:00.000,1783413600000,D000519,1783413600000,1783416600000,1.1468,1.1467,2,1,2,1931
519,ZONE_CREATED,2026-07-07 05:43:00.000,1783413780000,D000520,1783413780000,1783416780000,1.1465,1.14645,1,-1,1,1934
520,ZONE_CREATED,2026-07-07 05:47:00.000,1783414020000,D000521,1783414020000,1783417020000,1.1466,1.14655,1,-1,2,1938
521,ZONE_CREATED,2026-07-07 05:48:00.000,1783414080000,D000522,1783414080000,1783417080000,1.1465,1.1464,2,1,3,1939
522,ZONE_CREATED,2026-07-07 05:53:00.000,1783414380000,D000523,1783414380000,1783417380000,1.1463,1.14625,1,-1,2,1944
523,ZONE_CREATED,2026-07-07 05:54:00.000,1783414440000,D000524,1783414440000,1783417440000,1.14615,1.1461,1,-1,3,1945
524,ZONE_CREATED,2026-07-07 05:56:00.000,1783414560000,D000525,1783414560000,1783417560000,1.14605,1.146,1,-1,2,1947
525,ZONE_CREATED,2026-07-07 05:58:00.000,1783414680000,D000526,1783414680000,1783417680000,1.14605,1.146,1,-1,2,1949
526,ZONE_CREATED,2026-07-07 06:04:00.000,1783415040000,D000527,1783415040000,1783418040000,1.14605,1.146,1,-1,3,1955
527,ZONE_CREATED,2026-07-07 06:14:00.000,1783415640000,D000528,1783415640000,1783418640000,1.14595,1.1459,1,-1,1,1965
528,ZONE_CREATED,2026-07-07 06:18:00.000,1783415880000,D000529,1783415880000,1783418880000,1.14605,1.146,1,1,4,1969
529,ZONE_CREATED,2026-07-07 06:20:00.000,1783416000000,D000530,1783416000000,1783419000000,1.14605,1.146,1,-1,5,1971
530,ZONE_CREATED,2026-07-07 06:28:00.000,1783416480000,D000531,1783416480000,1783419480000,1.14595,1.1459,1,-1,2,1979
531,ZONE_CREATED,2026-07-07 06:29:00.000,1783416540000,D000532,1783416540000,1783419540000,1.14605,1.146,1,1,6,1980
532,ZONE_CREATED,2026-07-07 06:30:00.000,1783416600000,D000533,1783416600000,1783419600000,1.14605,1.146,1,-1,7,1981
533,ZONE_CREATED,2026-07-07 06:32:00.000,1783416720000,D000534,1783416720000,1783419720000,1.14595,1.1459,1,1,3,1983
534,ZONE_CREATED,2026-07-07 06:37:00.000,1783417020000,D000535,1783417020000,1783420020000,1.14615,1.14605,2,-1,9,1988
535,ZONE_CREATED,2026-07-07 06:39:00.000,1783417140000,D000536,1783417140000,1783420140000,1.14605,1.146,1,1,9,1990
536,ZONE_CREATED,2026-07-07 06:40:00.000,1783417200000,D000537,1783417200000,1783420200000,1.14615,1.1461,1,1,3,1991
537,ZONE_CREATED,2026-07-07 06:44:00.000,1783417440000,D000538,1783417440000,1783420440000,1.14615,1.1461,1,-1,4,1995
538,ZONE_CREATED,2026-07-07 06:46:00.000,1783417560000,D000539,1783417560000,1783420560000,1.14615,1.1461,1,1,4,1997
539,ZONE_CREATED,2026-07-07 06:47:00.000,1783417620000,D000540,1783417620000,1783420620000,1.14615,1.1461,1,-1,5,1998
540,ZONE_CREATED,2026-07-07 06:50:00.000,1783417800000,D000541,1783417800000,1783420800000,1.14585,1.1458,1,-1,1,2001
541,ZONE_CREATED,2026-07-07 06:51:00.000,1783417860000,D000542,1783417860000,1783420860000,1.14585,1.1458,1,-1,2,2002
542,ZONE_CREATED,2026-07-07 06:56:00.000,1783418160000,D000543,1783418160000,1783421160000,1.14595,1.1459,1,-1,4,2007
543,ZONE_CREATED,2026-07-07 07:08:00.000,1783418880000,D000544,1783418880000,1783421880000,1.14585,1.1458,1,1,3,2019
544,ZONE_CREATED,2026-07-07 07:12:00.000,1783419120000,D000545,1783419120000,1783422120000,1.14595,1.1459,1,1,4,2023
545,ZONE_CREATED,2026-07-07 07:15:00.000,1783419300000,D000546,1783419300000,1783422300000,1.1462,1.14615,1,-1,6,2026
546,ZONE_CREATED,2026-07-07 07:16:00.000,1783419360000,D000547,1783419360000,1783422360000,1.1462,1.14615,1,1,7,2027
547,ZONE_CREATED,2026-07-07 07:19:00.000,1783419540000,D000548,1783419540000,1783422540000,1.1462,1.14615,1,-1,8,2030
548,ZONE_CREATED,2026-07-07 07:24:00.000,1783419840000,D000549,1783419840000,1783422840000,1.1462,1.14615,1,-1,9,2035
549,ZONE_CREATED,2026-07-07 07:29:00.000,1783420140000,D000550,1783420140000,1783423140000,1.1463,1.14625,1,1,1,2040
550,ZONE_CREATED,2026-07-07 07:33:00.000,1783420380000,D000551,1783420380000,1783423380000,1.1464,1.14635,1,1,1,2044
551,ZONE_CREATED,2026-07-07 07:45:00.000,1783421100000,D000552,1783421100000,1783424100000,1.1463,1.14625,1,-1,2,2056
552,ZONE_CREATED,2026-07-07 07:46:00.000,1783421160000,D000553,1783421160000,1783424160000,1.1463,1.14625,1,1,3,2057
553,ZONE_CREATED,2026-07-07 07:47:00.000,1783421220000,D000554,1783421220000,1783424220000,1.1463,1.14625,1,-1,4,2058
554,ZONE_CREATED,2026-07-07 07:56:00.000,1783421760000,D000555,1783421760000,1783424760000,1.1466,1.14655,1,1,1,2067
555,ZONE_CREATED,2026-07-07 08:08:00.000,1783422480000,D000556,1783422480000,1783425480000,1.1466,1.14655,1,1,2,2079
556,ZONE_CREATED,2026-07-07 08:11:00.000,1783422660000,D000557,1783422660000,1783425660000,1.1466,1.14655,1,1,3,2082
557,ZONE_CREATED,2026-07-07 08:14:00.000,1783422840000,D000558,1783422840000,1783425840000,1.1467,1.14665,1,-1,1,2085
558,ZONE_CREATED,2026-07-07 08:24:00.000,1783423440000,D000559,1783423440000,1783426440000,1.1471,1.14705,1,-1,1,2095
559,ZONE_CREATED,2026-07-07 08:25:00.000,1783423500000,D000560,1783423500000,1783426500000,1.1469,1.14685,1,1,1,2096
560,ZONE_CREATED,2026-07-07 08:35:00.000,1783424100000,D000561,1783424100000,1783427100000,1.1469,1.1468,2,-1,2,2106
561,ZONE_CREATED,2026-07-07 08:39:00.000,1783424340000,D000562,1783424340000,1783427340000,1.14695,1.14685,2,1,3,2110
562,ZONE_CREATED,2026-07-07 08:40:00.000,1783424400000,D000563,1783424400000,1783427400000,1.1469,1.14685,1,-1,4,2111
563,ZONE_CREATED,2026-07-07 08:47:00.000,1783424820000,D000564,1783424820000,1783427820000,1.1465,1.14645,1,1,1,2118
564,ZONE_CREATED,2026-07-07 08:52:00.000,1783425120000,D000565,1783425120000,1783428120000,1.1466,1.14655,1,-1,3,2123
565,ZONE_CREATED,2026-07-07 08:54:00.000,1783425240000,D000566,1783425240000,1783428240000,1.14605,1.14595,2,1,1,2125
566,ZONE_CREATED,2026-07-07 08:57:00.000,1783425420000,D000567,1783425420000,1783428420000,1.1464,1.14635,1,1,1,2128
567,ZONE_CREATED,2026-07-07 08:58:00.000,1783425480000,D000568,1783425480000,1783428480000,1.1467,1.14665,1,1,2,2129
568,ZONE_CREATED,2026-07-07 08:59:00.000,1783425540000,D000569,1783425540000,1783428540000,1.1467,1.14665,1,1,3,2130
569,ZONE_CREATED,2026-07-07 09:01:00.000,1783425660000,D000570,1783425660000,1783428660000,1.1466,1.14655,1,1,3,2132
570,ZONE_CREATED,2026-07-07 09:10:00.000,1783426200000,D000571,1783426200000,1783429200000,1.1466,1.14655,1,-1,3,2141
571,ZONE_CREATED,2026-07-07 09:14:00.000,1783426440000,D000572,1783426440000,1783429440000,1.1466,1.14655,1,1,4,2145
572,ZONE_CREATED,2026-07-07 09:15:00.000,1783426500000,D000573,1783426500000,1783429500000,1.1467,1.14665,1,-1,3,2146
573,ZONE_CREATED,2026-07-07 09:18:00.000,1783426680000,D000574,1783426680000,1783429680000,1.1467,1.14665,1,1,4,2149
574,ZONE_CREATED,2026-07-07 09:20:00.000,1783426800000,D000575,1783426800000,1783429800000,1.1466,1.14655,1,-1,5,2151
575,ZONE_CREATED,2026-07-07 09:24:00.000,1783427040000,D000576,1783427040000,1783430040000,1.1471,1.14705,1,-1,1,2155
576,ZONE_CREATED,2026-07-07 09:25:00.000,1783427100000,D000577,1783427100000,1783430100000,1.1469,1.14685,1,1,4,2156
577,ZONE_CREATED,2026-07-07 09:26:00.000,1783427160000,D000578,1783427160000,1783430160000,1.147,1.14695,1,1,2,2157
578,ZONE_CREATED,2026-07-07 09:29:00.000,1783427340000,D000579,1783427340000,1783430340000,1.14735,1.1473,1,1,1,2160
579,ZONE_CREATED,2026-07-07 09:32:00.000,1783427520000,D000580,1783427520000,1783430520000,1.14735,1.1473,1,-1,2,2163
580,ZONE_CREATED,2026-07-07 09:36:00.000,1783427760000,D000581,1783427760000,1783430760000,1.14725,1.1472,1,1,1,2167
581,ZONE_CREATED,2026-07-07 09:38:00.000,1783427880000,D000582,1783427880000,1783430880000,1.1472,1.14715,1,1,2,2169
582,ZONE_CREATED,2026-07-07 09:39:00.000,1783427940000,D000583,1783427940000,1783430940000,1.14725,1.1472,1,-1,3,2170
583,ZONE_CREATED,2026-07-07 09:43:00.000,1783428180000,D000584,1783428180000,1783431180000,1.147,1.14695,1,-1,2,2174
584,ZONE_CREATED,2026-07-07 09:44:00.000,1783428240000,D000585,1783428240000,1783431240000,1.1469,1.14685,1,-1,2,2175
585,ZONE_CREATED,2026-07-07 09:45:00.000,1783428300000,D000586,1783428300000,1783431300000,1.1469,1.14685,1,1,3,2176
586,ZONE_CREATED,2026-07-07 09:46:00.000,1783428360000,D000587,1783428360000,1783431360000,1.1471,1.14705,1,-1,2,2177
587,ZONE_CREATED,2026-07-07 09:50:00.000,1783428600000,D000588,1783428600000,1783431600000,1.147,1.14695,1,-1,3,2181
588,ZONE_CREATED,2026-07-07 10:00:00.000,1783429200000,D000589,1783429200000,1783432200000,1.1469,1.14685,1,1,4,2191
589,ZONE_CREATED,2026-07-07 10:02:00.000,1783429320000,D000590,1783429320000,1783432320000,1.1468,1.14675,1,1,1,2193
590,ZONE_CREATED,2026-07-07 10:13:00.000,1783429980000,D000591,1783429980000,1783432980000,1.1467,1.14665,1,1,1,2204
591,ZONE_CREATED,2026-07-07 10:18:00.000,1783430280000,D000592,1783430280000,1783433280000,1.147,1.14695,1,-1,3,2209
592,ZONE_CREATED,2026-07-07 10:19:00.000,1783430340000,D000593,1783430340000,1783433340000,1.1468,1.14675,1,-1,2,2210
593,ZONE_CREATED,2026-07-07 10:22:00.000,1783430520000,D000594,1783430520000,1783433520000,1.1468,1.14675,1,1,3,2213
594,ZONE_CREATED,2026-07-07 10:24:00.000,1783430640000,D000595,1783430640000,1783433640000,1.1468,1.14675,1,-1,4,2215
595,ZONE_CREATED,2026-07-07 10:25:00.000,1783430700000,D000596,1783430700000,1783433700000,1.1467,1.14665,1,1,2,2216
596,ZONE_CREATED,2026-07-07 10:28:00.000,1783430880000,D000597,1783430880000,1783433880000,1.14665,1.14655,2,1,3,2219
597,ZONE_CREATED,2026-07-07 10:32:00.000,1783431120000,D000598,1783431120000,1783434120000,1.147,1.14695,1,1,4,2223
598,ZONE_CREATED,2026-07-07 10:36:00.000,1783431360000,D000599,1783431360000,1783434360000,1.1471,1.14705,1,-1,2,2227
599,ZONE_CREATED,2026-07-07 10:40:00.000,1783431600000,D000600,1783431600000,1783434600000,1.1472,1.14715,1,1,1,2231
600,ZONE_CREATED,2026-07-07 10:42:00.000,1783431720000,D000601,1783431720000,1783434720000,1.1473,1.1472,2,1,2,2233
601,ZONE_CREATED,2026-07-07 10:49:00.000,1783432140000,D000602,1783432140000,1783435140000,1.1471,1.14705,1,-1,2,2240
602,ZONE_CREATED,2026-07-07 10:51:00.000,1783432260000,D000603,1783432260000,1783435260000,1.14725,1.1472,1,1,3,2242
603,ZONE_CREATED,2026-07-07 10:55:00.000,1783432500000,D000604,1783432500000,1783435500000,1.14725,1.1472,1,1,4,2246
604,ZONE_CREATED,2026-07-07 10:58:00.000,1783432680000,D000605,1783432680000,1783435680000,1.1469,1.14685,1,1,1,2249
605,ZONE_CREATED,2026-07-07 10:59:00.000,1783432740000,D000606,1783432740000,1783435740000,1.1468,1.14675,1,-1,4,2250
606,ZONE_CREATED,2026-07-07 11:04:00.000,1783433040000,D000607,1783433040000,1783436040000,1.1462,1.14615,1,1,1,2255
607,ZONE_CREATED,2026-07-07 11:05:00.000,1783433100000,D000608,1783433100000,1783436100000,1.14615,1.1461,1,-1,2,2256
608,ZONE_CREATED,2026-07-07 11:09:00.000,1783433340000,D000609,1783433340000,1783436340000,1.14585,1.1458,1,-1,1,2260
609,ZONE_CREATED,2026-07-07 11:10:00.000,1783433400000,D000610,1783433400000,1783436400000,1.14585,1.1458,1,1,2,2261
610,ZONE_CREATED,2026-07-07 11:21:00.000,1783434060000,D000611,1783434060000,1783437060000,1.1463,1.14625,1,1,1,2272
611,ZONE_CREATED,2026-07-07 11:23:00.000,1783434180000,D000612,1783434180000,1783437180000,1.1463,1.14625,1,-1,2,2274
612,ZONE_CREATED,2026-07-07 11:24:00.000,1783434240000,D000613,1783434240000,1783437240000,1.1462,1.14615,1,1,3,2275
613,ZONE_CREATED,2026-07-07 11:30:00.000,1783434600000,D000614,1783434600000,1783437600000,1.1463,1.1462,2,1,5,2281
614,ZONE_CREATED,2026-07-07 11:34:00.000,1783434840000,D000615,1783434840000,1783437840000,1.1464,1.14635,1,-1,1,2285
615,ZONE_CREATED,2026-07-07 11:39:00.000,1783435140000,D000616,1783435140000,1783438140000,1.1464,1.14635,1,-1,2,2290
616,ZONE_CREATED,2026-07-07 11:40:00.000,1783435200000,D000617,1783435200000,1783438200000,1.1465,1.14645,1,1,1,2291
617,ZONE_CREATED,2026-07-07 11:41:00.000,1783435260000,D000618,1783435260000,1783438260000,1.1466,1.14655,1,-1,1,2292
618,ZONE_CREATED,2026-07-07 11:44:00.000,1783435440000,D000619,1783435440000,1783438440000,1.1465,1.14645,1,1,2,2295
619,ZONE_CREATED,2026-07-07 11:50:00.000,1783435800000,D000620,1783435800000,1783438800000,1.1468,1.14675,1,1,1,2301
620,ZONE_CREATED,2026-07-07 12:02:00.000,1783436520000,D000621,1783436520000,1783439520000,1.1466,1.14655,1,1,2,2313
621,ZONE_CREATED,2026-07-07 12:03:00.000,1783436580000,D000622,1783436580000,1783439580000,1.1465,1.14645,1,-1,3,2314
622,ZONE_CREATED,2026-07-07 12:11:00.000,1783437060000,D000623,1783437060000,1783440060000,1.1464,1.14635,1,1,3,2322
623,ZONE_CREATED,2026-07-07 12:14:00.000,1783437240000,D000624,1783437240000,1783440240000,1.1463,1.14625,1,-1,2,2325
624,ZONE_CREATED,2026-07-07 12:15:00.000,1783437300000,D000625,1783437300000,1783440300000,1.1463,1.14625,1,-1,3,2326
625,ZONE_CREATED,2026-07-07 12:18:00.000,1783437480000,D000626,1783437480000,1783440480000,1.14595,1.1459,1,-1,1,2329
626,ZONE_CREATED,2026-07-07 12:19:00.000,1783437540000,D000627,1783437540000,1783440540000,1.14585,1.1458,1,1,1,2330
627,ZONE_CREATED,2026-07-07 12:21:00.000,1783437660000,D000628,1783437660000,1783440660000,1.14595,1.1459,1,-1,2,2332
628,ZONE_CREATED,2026-07-07 12:27:00.000,1783438020000,D000629,1783438020000,1783441020000,1.14605,1.146,1,-1,1,2338
629,ZONE_CREATED,2026-07-07 12:28:00.000,1783438080000,D000630,1783438080000,1783441080000,1.14605,1.146,1,1,2,2339
630,ZONE_CREATED,2026-07-07 12:29:00.000,1783438140000,D000631,1783438140000,1783441140000,1.14605,1.14595,2,1,5,2340
631,ZONE_CREATED,2026-07-07 12:30:00.000,1783438200000,D000632,1783438200000,1783441200000,1.14615,1.1461,1,1,1,2341
632,ZONE_CREATED,2026-07-07 12:32:00.000,1783438320000,D000633,1783438320000,1783441320000,1.14605,1.146,1,1,4,2343
633,ZONE_CREATED,2026-07-07 12:34:00.000,1783438440000,D000634,1783438440000,1783441440000,1.14595,1.1459,1,1,4,2345
634,ZONE_CREATED,2026-07-07 12:36:00.000,1783438560000,D000635,1783438560000,1783441560000,1.14605,1.146,1,1,5,2347
635,ZONE_CREATED,2026-07-07 12:45:00.000,1783439100000,D000636,1783439100000,1783442100000,1.14585,1.1458,1,1,2,2356
636,ZONE_CREATED,2026-07-07 12:49:00.000,1783439340000,D000637,1783439340000,1783442340000,1.14595,1.14585,2,1,7,2360
637,ZONE_CREATED,2026-07-07 12:51:00.000,1783439460000,D000638,1783439460000,1783442460000,1.14585,1.1458,1,-1,4,2362
638,ZONE_CREATED,2026-07-07 12:54:00.000,1783439640000,D000639,1783439640000,1783442640000,1.14585,1.1458,1,1,5,2365
639,ZONE_CREATED,2026-07-07 12:57:00.000,1783439820000,D000640,1783439820000,1783442820000,1.14575,1.1457,1,-1,1,2368
640,ZONE_CREATED,2026-07-07 13:02:00.000,1783440120000,D000641,1783440120000,1783443120000,1.14575,1.1457,1,1,2,2373
641,ZONE_CREATED,2026-07-07 13:03:00.000,1783440180000,D000642,1783440180000,1783443180000,1.14585,1.1458,1,1,6,2374
642,ZONE_CREATED,2026-07-07 13:05:00.000,1783440300000,D000643,1783440300000,1783443300000,1.14565,1.1456,1,-1,1,2376
643,ZONE_CREATED,2026-07-07 13:10:00.000,1783440600000,D000644,1783440600000,1783443600000,1.14575,1.1457,1,1,3,2381
644,ZONE_CREATED,2026-07-07 13:15:00.000,1783440900000,D000645,1783440900000,1783443900000,1.14555,1.1455,1,1,1,2386
645,ZONE_CREATED,2026-07-07 13:18:00.000,1783441080000,D000646,1783441080000,1783444080000,1.1452,1.14515,1,-1,1,2389
646,ZONE_CREATED,2026-07-07 13:21:00.000,1783441260000,D000647,1783441260000,1783444260000,1.1452,1.14515,1,-1,2,2392
647,ZONE_CREATED,2026-07-07 13:23:00.000,1783441380000,D000648,1783441380000,1783444380000,1.1452,1.14515,1,-1,3,2394
648,ZONE_CREATED,2026-07-07 13:25:00.000,1783441500000,D000649,1783441500000,1783444500000,1.1452,1.14515,1,1,4,2396
649,ZONE_CREATED,2026-07-07 13:29:00.000,1783441740000,D000650,1783441740000,1783444740000,1.1452,1.14515,1,1,5,2400
650,ZONE_CREATED,2026-07-07 13:31:00.000,1783441860000,D000651,1783441860000,1783444860000,1.1452,1.14515,1,1,6,2402
651,ZONE_CREATED,2026-07-07 13:32:00.000,1783441920000,D000652,1783441920000,1783444920000,1.14535,1.1453,1,1,1,2403
652,ZONE_CREATED,2026-07-07 13:34:00.000,1783442040000,D000653,1783442040000,1783445040000,1.14535,1.1453,1,-1,2,2405
653,ZONE_CREATED,2026-07-07 13:43:00.000,1783442580000,D000654,1783442580000,1783445580000,1.14525,1.1452,1,-1,7,2414
654,ZONE_CREATED,2026-07-07 13:46:00.000,1783442760000,D000655,1783442760000,1783445760000,1.14535,1.1453,1,-1,3,2417
655,ZONE_CREATED,2026-07-07 13:48:00.000,1783442880000,D000656,1783442880000,1783445880000,1.14535,1.1453,1,1,4,2419
656,ZONE_CREATED,2026-07-07 13:52:00.000,1783443120000,D000657,1783443120000,1783446120000,1.14555,1.1455,1,1,2,2423
657,ZONE_CREATED,2026-07-07 13:56:00.000,1783443360000,D000658,1783443360000,1783446360000,1.14535,1.1453,1,-1,5,2427
658,ZONE_CREATED,2026-07-07 14:05:00.000,1783443900000,D000659,1783443900000,1783446900000,1.14575,1.1457,1,1,1,2436
659,ZONE_CREATED,2026-07-07 14:07:00.000,1783444020000,D000660,1783444020000,1783447020000,1.14585,1.1458,1,1,1,2438
660,ZONE_CREATED,2026-07-07 14:09:00.000,1783444140000,D000661,1783444140000,1783447140000,1.14585,1.1458,1,1,2,2440
661,ZONE_CREATED,2026-07-07 14:17:00.000,1783444620000,D000662,1783444620000,1783447620000,1.14555,1.1455,1,1,2,2448
662,ZONE_CREATED,2026-07-07 14:23:00.000,1783444980000,D000663,1783444980000,1783447980000,1.14575,1.1457,1,1,2,2454
663,ZONE_CREATED,2026-07-07 14:27:00.000,1783445220000,D000664,1783445220000,1783448220000,1.14575,1.1457,1,-1,3,2458
664,ZONE_CREATED,2026-07-07 14:29:00.000,1783445340000,D000665,1783445340000,1783448340000,1.14565,1.1456,1,-1,1,2460
665,ZONE_CREATED,2026-07-07 14:30:00.000,1783445400000,D000666,1783445400000,1783448400000,1.14565,1.1456,1,-1,2,2461
666,ZONE_CREATED,2026-07-07 14:35:00.000,1783445700000,D000667,1783445700000,1783448700000,1.14565,1.1456,1,-1,3,2466
667,ZONE_CREATED,2026-07-07 14:38:00.000,1783445880000,D000668,1783445880000,1783448880000,1.14575,1.1457,1,1,4,2469
668,ZONE_CREATED,2026-07-07 14:51:00.000,1783446660000,D000669,1783446660000,1783449660000,1.14595,1.1459,1,1,1,2482
669,ZONE_CREATED,2026-07-07 14:52:00.000,1783446720000,D000670,1783446720000,1783449720000,1.14595,1.1459,1,1,2,2483
670,ZONE_CREATED,2026-07-07 14:55:00.000,1783446900000,D000671,1783446900000,1783449900000,1.14605,1.146,1,1,1,2486
671,ZONE_CREATED,2026-07-07 14:57:00.000,1783447020000,D000672,1783447020000,1783450020000,1.14615,1.1461,1,-1,1,2488
672,ZONE_CREATED,2026-07-07 14:58:00.000,1783447080000,D000673,1783447080000,1783450080000,1.1462,1.14615,1,1,2,2489
673,ZONE_CREATED,2026-07-07 15:02:00.000,1783447320000,D000674,1783447320000,1783450320000,1.14605,1.146,1,-1,2,2493
674,ZONE_CREATED,2026-07-07 15:04:00.000,1783447440000,D000675,1783447440000,1783450440000,1.14605,1.146,1,-1,3,2495
675,ZONE_CREATED,2026-07-07 15:13:00.000,1783447980000,D000676,1783447980000,1783450980000,1.14595,1.1459,1,-1,3,2504
676,ZONE_CREATED,2026-07-07 15:22:00.000,1783448520000,D000677,1783448520000,1783451520000,1.14615,1.1461,1,-1,3,2512
677,ZONE_CREATED,2026-07-07 15:25:00.000,1783448700000,D000678,1783448700000,1783451700000,1.1462,1.14615,1,1,4,2515
678,ZONE_CREATED,2026-07-07 15:28:00.000,1783448880000,D000679,1783448880000,1783451880000,1.1462,1.1461,2,-1,5,2518
679,ZONE_CREATED,2026-07-07 15:31:00.000,1783449060000,D000680,1783449060000,1783452060000,1.14595,1.1459,1,1,4,2521
680,ZONE_CREATED,2026-07-07 15:35:00.000,1783449300000,D000681,1783449300000,1783452300000,1.1461,1.146,2,1,7,2525
681,ZONE_CREATED,2026-07-07 15:36:00.000,1783449360000,D000682,1783449360000,1783452360000,1.14615,1.1461,1,-1,7,2526
682,ZONE_CREATED,2026-07-07 15:41:00.000,1783449660000,D000683,1783449660000,1783452660000,1.14605,1.146,1,-1,5,2531
683,ZONE_CREATED,2026-07-07 15:51:00.000,1783450260000,D000684,1783450260000,1783453260000,1.14575,1.1457,1,1,1,2541
684,ZONE_CREATED,2026-07-07 15:52:00.000,1783450320000,D000685,1783450320000,1783453320000,1.14565,1.1456,1,-1,1,2542
685,ZONE_CREATED,2026-07-07 15:54:00.000,1783450440000,D000686,1783450440000,1783453440000,1.14545,1.1454,1,1,1,2544
686,ZONE_CREATED,2026-07-07 16:06:00.000,1783451160000,D000687,1783451160000,1783454160000,1.1449,1.14485,1,-1,1,2556
687,ZONE_CREATED,2026-07-07 16:11:00.000,1783451460000,D000688,1783451460000,1783454460000,1.1447,1.14465,1,1,1,2561
688,ZONE_CREATED,2026-07-07 16:22:00.000,1783452120000,D000689,1783452120000,1783455120000,1.1445,1.14445,1,1,1,2572
689,ZONE_CREATED,2026-07-07 16:24:00.000,1783452240000,D000690,1783452240000,1783455240000,1.1445,1.14445,1,1,2,2574
690,ZONE_CREATED,2026-07-07 16:26:00.000,1783452360000,D000691,1783452360000,1783455360000,1.14455,1.14445,2,1,3,2576
691,ZONE_CREATED,2026-07-07 16:27:00.000,1783452420000,D000692,1783452420000,1783455420000,1.1446,1.14455,1,1,2,2577
692,ZONE_CREATED,2026-07-07 16:29:00.000,1783452540000,D000693,1783452540000,1783455540000,1.1446,1.14455,1,1,3,2579
693,ZONE_CREATED,2026-07-07 16:31:00.000,1783452660000,D000694,1783452660000,1783455660000,1.1447,1.14465,1,1,2,2581
694,ZONE_CREATED,2026-07-07 16:33:00.000,1783452780000,D000695,1783452780000,1783455780000,1.1448,1.14475,1,1,1,2583
695,ZONE_CREATED,2026-07-07 16:36:00.000,1783452960000,D000696,1783452960000,1783455960000,1.1449,1.14485,1,-1,2,2586
696,ZONE_CREATED,2026-07-07 16:43:00.000,1783453380000,D000697,1783453380000,1783456380000,1.1448,1.14475,1,1,2,2593
697,ZONE_CREATED,2026-07-07 16:47:00.000,1783453620000,D000698,1783453620000,1783456620000,1.1448,1.14475,1,-1,3,2597
698,ZONE_CREATED,2026-07-07 16:50:00.000,1783453800000,D000699,1783453800000,1783456800000,1.1448,1.14475,1,1,4,2600
699,ZONE_CREATED,2026-07-07 16:51:00.000,1783453860000,D000700,1783453860000,1783456860000,1.1448,1.14475,1,-1,5,2601
700,ZONE_CREATED,2026-07-07 16:53:00.000,1783453980000,D000701,1783453980000,1783456980000,1.1449,1.14485,1,-1,3,2603
701,ZONE_CREATED,2026-07-07 16:54:00.000,1783454040000,D000702,1783454040000,1783457040000,1.14485,1.14475,2,-1,9,2604
702,ZONE_CREATED,2026-07-07 17:07:00.000,1783454820000,D000703,1783454820000,1783457820000,1.14495,1.14485,2,-1,4,2617
703,ZONE_CREATED,2026-07-07 17:09:00.000,1783454940000,D000704,1783454940000,1783457940000,1.1448,1.14475,1,-1,7,2619
704,ZONE_CREATED,2026-07-07 17:10:00.000,1783455000000,D000705,1783455000000,1783458000000,1.1448,1.14475,1,-1,8,2620
705,ZONE_CREATED,2026-07-07 17:11:00.000,1783455060000,D000706,1783455060000,1783458060000,1.1448,1.14475,1,1,9,2621
706,ZONE_CREATED,2026-07-07 17:12:00.000,1783455120000,D000707,1783455120000,1783458120000,1.1448,1.14475,1,-1,10,2622
707,ZONE_CREATED,2026-07-07 17:13:00.000,1783455180000,D000708,1783455180000,1783458180000,1.14475,1.14465,2,-1,12,2623
708,ZONE_CREATED,2026-07-07 17:15:00.000,1783455300000,D000709,1783455300000,1783458300000,1.1447,1.14465,1,-1,3,2624
709,ZONE_CREATED,2026-07-07 17:18:00.000,1783455480000,D000710,1783455480000,1783458480000,1.1447,1.14465,1,1,4,2627
710,ZONE_CREATED,2026-07-07 17:22:00.000,1783455720000,D000711,1783455720000,1783458720000,1.1447,1.14465,1,-1,5,2631
711,ZONE_CREATED,2026-07-07 17:26:00.000,1783455960000,D000712,1783455960000,1783458960000,1.1447,1.14465,1,-1,5,2635
712,ZONE_CREATED,2026-07-07 17:28:00.000,1783456080000,D000713,1783456080000,1783459080000,1.1447,1.14465,1,-1,6,2637
713,ZONE_CREATED,2026-07-07 17:30:00.000,1783456200000,D000714,1783456200000,1783459200000,1.1447,1.14465,1,-1,7,2639
714,ZONE_CREATED,2026-07-07 17:31:00.000,1783456260000,D000715,1783456260000,1783459260000,1.1446,1.14455,1,1,1,2640
715,ZONE_CREATED,2026-07-07 17:38:00.000,1783456680000,D000716,1783456680000,1783459680000,1.1444,1.14435,1,1,1,2647
716,ZONE_CREATED,2026-07-07 17:41:00.000,1783456860000,D000717,1783456860000,1783459860000,1.1445,1.14445,1,1,1,2650
717,ZONE_CREATED,2026-07-07 17:54:00.000,1783457640000,D000718,1783457640000,1783460640000,1.1444,1.14435,1,-1,2,2663
718,ZONE_CREATED,2026-07-07 18:00:00.000,1783458000000,D000719,1783458000000,1783461000000,1.1445,1.1442,6,-1,4,2669
719,ZONE_CREATED,2026-07-07 19:05:00.000,1783461900000,D000720,1783461900000,1783464900000,1.14405,1.144,1,-1,1,2674
720,ZONE_CREATED,2026-07-07 19:08:00.000,1783462080000,D000721,1783462080000,1783465080000,1.14395,1.1439,1,1,1,2677
721,ZONE_CREATED,2026-07-07 19:16:00.000,1783462560000,D000722,1783462560000,1783465560000,1.14385,1.1438,1,1,1,2685
722,ZONE_CREATED,2026-07-07 19:18:00.000,1783462680000,D000723,1783462680000,1783465680000,1.14385,1.1438,1,1,2,2686
723,ZONE_CREATED,2026-07-07 19:23:00.000,1783462980000,D000724,1783462980000,1783465980000,1.14395,1.1439,1,1,2,2691
724,ZONE_CREATED,2026-07-07 19:26:00.000,1783463160000,D000725,1783463160000,1783466160000,1.14395,1.1439,1,1,3,2694
725,ZONE_CREATED,2026-07-07 19:27:00.000,1783463220000,D000726,1783463220000,1783466220000,1.14395,1.1439,1,-1,4,2695
726,ZONE_CREATED,2026-07-07 19:34:00.000,1783463640000,D000727,1783463640000,1783466640000,1.14375,1.1437,1,-1,1,2702
727,ZONE_CREATED,2026-07-07 19:38:00.000,1783463880000,D000728,1783463880000,1783466880000,1.14365,1.1436,1,-1,1,2706
728,ZONE_CREATED,2026-07-07 19:39:00.000,1783463940000,D000729,1783463940000,1783466940000,1.1436,1.1435,2,1,2,2707
729,ZONE_CREATED,2026-07-07 19:47:00.000,1783464420000,D000730,1783464420000,1783467420000,1.1438,1.1437,2,-1,4,2715
730,ZONE_CREATED,2026-07-07 19:55:00.000,1783464900000,D000731,1783464900000,1783467900000,1.14395,1.1439,1,1,5,2723
731,ZONE_CREATED,2026-07-07 19:59:00.000,1783465140000,D000732,1783465140000,1783468140000,1.14395,1.1439,1,-1,6,2725
732,ZONE_CREATED,2026-07-07 20:01:00.000,1783465260000,D000733,1783465260000,1783468260000,1.14395,1.1439,1,-1,7,2726
733,ZONE_CREATED,2026-07-07 20:02:00.000,1783465320000,D000734,1783465320000,1783468320000,1.14385,1.1438,1,1,4,2727
734,ZONE_CREATED,2026-07-07 20:04:00.000,1783465440000,D000735,1783465440000,1783468440000,1.14395,1.14385,2,1,10,2729
735,ZONE_CREATED,2026-07-07 20:10:00.000,1783465800000,D000736,1783465800000,1783468800000,1.14385,1.1438,1,1,6,2735
736,ZONE_CREATED,2026-07-07 20:12:00.000,1783465920000,D000737,1783465920000,1783468920000,1.14385,1.1438,1,-1,5,2737
737,ZONE_CREATED,2026-07-07 20:19:00.000,1783466340000,D000738,1783466340000,1783469340000,1.14385,1.1438,1,-1,6,2744
738,ZONE_CREATED,2026-07-07 20:23:00.000,1783466580000,D000739,1783466580000,1783469580000,1.14375,1.1437,1,-1,3,2748
739,ZONE_CREATED,2026-07-07 20:24:00.000,1783466640000,D000740,1783466640000,1783469640000,1.14375,1.1437,1,1,4,2749
740,ZONE_CREATED,2026-07-07 20:26:00.000,1783466760000,D000741,1783466760000,1783469760000,1.14375,1.1437,1,1,5,2751
741,ZONE_CREATED,2026-07-07 20:31:00.000,1783467060000,D000742,1783467060000,1783470060000,1.14375,1.1437,1,-1,5,2755
742,ZONE_CREATED,2026-07-07 20:34:00.000,1783467240000,D000743,1783467240000,1783470240000,1.14375,1.1437,1,1,6,2756
743,ZONE_CREATED,2026-07-07 20:41:00.000,1783467660000,D000744,1783467660000,1783470660000,1.14365,1.1436,1,1,1,2762
744,ZONE_CREATED,2026-07-07 20:46:00.000,1783467960000,D000745,1783467960000,1783470960000,1.14365,1.1436,1,1,2,2766
745,ZONE_CREATED,2026-07-07 20:56:00.000,1783468560000,D000746,1783468560000,1783471560000,1.14345,1.1434,1,-1,1,2776
746,ZONE_CREATED,2026-07-07 21:08:00.000,1783469280000,D000747,1783469280000,1783472280000,1.14365,1.1436,1,-1,3,2788
747,ZONE_CREATED,2026-07-07 21:18:00.000,1783469880000,D000748,1783469880000,1783472880000,1.1437,1.1436,2,-1,9,2798
748,ZONE_CREATED,2026-07-07 21:23:00.000,1783470180000,D000749,1783470180000,1783473180000,1.14365,1.1436,1,1,5,2803
749,ZONE_CREATED,2026-07-07 21:30:00.000,1783470600000,D000750,1783470600000,1783473600000,1.144,1.1439,2,-1,1,2810
750,ZONE_CREATED,2026-07-07 21:31:00.000,1783470660000,D000751,1783470660000,1783473660000,1.14405,1.144,1,-1,2,2811
751,ZONE_CREATED,2026-07-07 21:33:00.000,1783470780000,D000752,1783470780000,1783473780000,1.1442,1.14415,1,1,1,2813
752,ZONE_CREATED,2026-07-07 21:38:00.000,1783471080000,D000753,1783471080000,1783474080000,1.1443,1.14425,1,1,1,2818
753,ZONE_CREATED,2026-07-07 21:40:00.000,1783471200000,D000754,1783471200000,1783474200000,1.1444,1.14435,1,1,1,2820
754,ZONE_CREATED,2026-07-07 21:42:00.000,1783471320000,D000755,1783471320000,1783474320000,1.1443,1.14425,1,1,2,2822
755,ZONE_CREATED,2026-07-07 21:44:00.000,1783471440000,D000756,1783471440000,1783474440000,1.1443,1.14425,1,-1,3,2824
756,ZONE_CREATED,2026-07-07 21:45:00.000,1783471500000,D000757,1783471500000,1783474500000,1.1443,1.1442,2,1,5,2825
757,ZONE_CREATED,2026-07-07 21:47:00.000,1783471620000,D000758,1783471620000,1783474620000,1.1443,1.14425,1,-1,5,2827
758,ZONE_CREATED,2026-07-07 21:54:00.000,1783472040000,D000759,1783472040000,1783475040000,1.1443,1.14425,1,1,6,2834
759,ZONE_CREATED,2026-07-07 21:56:00.000,1783472160000,D000760,1783472160000,1783475160000,1.14405,1.144,1,1,3,2836
760,ZONE_CREATED,2026-07-07 22:02:00.000,1783472520000,D000761,1783472520000,1783475520000,1.14415,1.1441,1,-1,2,2842
761,ZONE_CREATED,2026-07-07 22:03:00.000,1783472580000,D000762,1783472580000,1783475580000,1.14415,1.1441,1,1,3,2843
762,ZONE_CREATED,2026-07-07 22:05:00.000,1783472700000,D000763,1783472700000,1783475700000,1.14405,1.144,1,1,4,2845
763,ZONE_CREATED,2026-07-07 22:06:00.000,1783472760000,D000764,1783472760000,1783475760000,1.14395,1.1439,1,-1,2,2846
764,ZONE_CREATED,2026-07-07 22:15:00.000,1783473300000,D000765,1783473300000,1783476300000,1.14405,1.144,1,-1,5,2855
765,ZONE_CREATED,2026-07-07 22:17:00.000,1783473420000,D000766,1783473420000,1783476420000,1.144,1.1439,2,-1,7,2857
766,ZONE_CREATED,2026-07-07 22:22:00.000,1783473720000,D000767,1783473720000,1783476720000,1.14385,1.1438,1,-1,1,2862
767,ZONE_CREATED,2026-07-07 22:25:00.000,1783473900000,D000768,1783473900000,1783476900000,1.14375,1.1437,1,1,1,2865
768,ZONE_CREATED,2026-07-07 22:29:00.000,1783474140000,D000769,1783474140000,1783477140000,1.14365,1.1436,1,-1,1,2869
769,ZONE_CREATED,2026-07-07 22:32:00.000,1783474320000,D000770,1783474320000,1783477320000,1.14365,1.1436,1,1,2,2872
770,ZONE_CREATED,2026-07-07 22:38:00.000,1783474680000,D000771,1783474680000,1783477680000,1.14345,1.1434,1,-1,1,2878
771,ZONE_CREATED,2026-07-07 22:39:00.000,1783474740000,D000772,1783474740000,1783477740000,1.14335,1.1433,1,-1,1,2879
772,ZONE_CREATED,2026-07-07 22:40:00.000,1783474800000,D000773,1783474800000,1783477800000,1.14335,1.1433,1,-1,2,2880
773,ZONE_CREATED,2026-07-07 22:44:00.000,1783475040000,D000774,1783475040000,1783478040000,1.14325,1.1432,1,-1,1,2884
774,ZONE_CREATED,2026-07-07 22:48:00.000,1783475280000,D000775,1783475280000,1783478280000,1.14345,1.1434,1,-1,2,2888
775,ZONE_CREATED,2026-07-07 22:52:00.000,1783475520000,D000776,1783475520000,1783478520000,1.14365,1.1436,1,-1,3,2892
776,ZONE_CREATED,2026-07-07 22:58:00.000,1783475880000,D000777,1783475880000,1783478880000,1.14385,1.1438,1,-1,2,2898
777,ZONE_CREATED,2026-07-07 23:01:00.000,1783476060000,D000778,1783476060000,1783479060000,1.14375,1.1437,1,-1,2,2901
778,ZONE_CREATED,2026-07-07 23:05:00.000,1783476300000,D000779,1783476300000,1783479300000,1.14375,1.1437,1,1,3,2905
779,ZONE_CREATED,2026-07-07 23:10:00.000,1783476600000,D000780,1783476600000,1783479600000,1.14385,1.1438,1,-1,3,2910
780,ZONE_CREATED,2026-07-07 23:12:00.000,1783476720000,D000781,1783476720000,1783479720000,1.14385,1.1438,1,-1,4,2912
781,ZONE_CREATED,2026-07-07 23:14:00.000,1783476840000,D000782,1783476840000,1783479840000,1.14385,1.1438,1,1,4,2914
782,ZONE_CREATED,2026-07-07 23:16:00.000,1783476960000,D000783,1783476960000,1783479960000,1.14405,1.144,1,1,1,2916
783,ZONE_CREATED,2026-07-07 23:20:00.000,1783477200000,D000784,1783477200000,1783480200000,1.14405,1.144,1,-1,2,2920
784,ZONE_CREATED,2026-07-07 23:21:00.000,1783477260000,D000785,1783477260000,1783480260000,1.14405,1.144,1,-1,3,2921
785,ZONE_CREATED,2026-07-07 23:25:00.000,1783477500000,D000786,1783477500000,1783480500000,1.1443,1.14425,1,-1,1,2925
786,ZONE_CREATED,2026-07-07 23:26:00.000,1783477560000,D000787,1783477560000,1783480560000,1.1444,1.14435,1,-1,1,2926
787,ZONE_CREATED,2026-07-07 23:33:00.000,1783477980000,D000788,1783477980000,1783480980000,1.1442,1.14415,1,1,1,2933
788,ZONE_CREATED,2026-07-07 23:35:00.000,1783478100000,D000789,1783478100000,1783481100000,1.1443,1.14425,1,1,2,2935
789,ZONE_CREATED,2026-07-07 23:39:00.000,1783478340000,D000790,1783478340000,1783481340000,1.1444,1.14435,1,1,2,2939
790,ZONE_CREATED,2026-07-07 23:51:00.000,1783479060000,D000791,1783479060000,1783482060000,1.1444,1.14435,1,-1,3,2951
791,ZONE_CREATED,2026-07-07 23:56:00.000,1783479360000,D000792,1783479360000,1783482360000,1.1444,1.14435,1,-1,4,2955
792,ZONE_CREATED,2026-07-07 23:59:00.000,1783479540000,D000793,1783479540000,1783482540000,1.1444,1.14435,1,-1,5,2958
793,ZONE_CREATED,2026-07-08 00:12:00.000,1783480320000,D000794,1783480320000,1783483320000,1.14465,1.14455,2,1,1,2970
794,ZONE_CREATED,2026-07-08 00:14:00.000,1783480440000,D000795,1783480440000,1783483440000,1.1447,1.1446,2,1,2,2972
795,ZONE_CREATED,2026-07-08 00:16:00.000,1783480560000,D000796,1783480560000,1783483560000,1.1448,1.14475,1,-1,1,2974
796,ZONE_CREATED,2026-07-08 00:21:00.000,1783480860000,D000797,1783480860000,1783483860000,1.1448,1.1447,2,1,3,2979
797,ZONE_CREATED,2026-07-08 00:27:00.000,1783481220000,D000798,1783481220000,1783484220000,1.1448,1.14475,1,1,3,2985
798,ZONE_CREATED,2026-07-08 00:28:00.000,1783481280000,D000799,1783481280000,1783484280000,1.1448,1.14475,1,-1,4,2986
799,ZONE_CREATED,2026-07-08 00:38:00.000,1783481880000,D000800,1783481880000,1783484880000,1.1447,1.14465,1,-1,4,2994
800,ZONE_CREATED,2026-07-08 01:05:00.000,1783483500000,D000801,1783483500000,1783486500000,1.1445,1.14445,1,-1,1,3019
801,ZONE_CREATED,2026-07-08 01:17:00.000,1783484220000,D000802,1783484220000,1783487220000,1.1445,1.14445,1,1,2,3029
802,ZONE_CREATED,2026-07-08 01:19:00.000,1783484340000,D000803,1783484340000,1783487340000,1.1445,1.14445,1,-1,3,3031
803,ZONE_CREATED,2026-07-08 01:20:00.000,1783484400000,D000804,1783484400000,1783487400000,1.1445,1.1444,2,-1,4,3032
804,ZONE_CREATED,2026-07-08 01:22:00.000,1783484520000,D000805,1783484520000,1783487520000,1.14445,1.1443,3,1,5,3034
805,ZONE_CREATED,2026-07-08 01:31:00.000,1783485060000,D000806,1783485060000,1783488060000,1.1446,1.14455,1,-1,1,3042
806,ZONE_CREATED,2026-07-08 01:37:00.000,1783485420000,D000807,1783485420000,1783488420000,1.1447,1.14465,1,1,1,3048
807,ZONE_CREATED,2026-07-08 01:38:00.000,1783485480000,D000808,1783485480000,1783488480000,1.1448,1.14475,1,1,1,3049
808,ZONE_CREATED,2026-07-08 01:45:00.000,1783485900000,D000809,1783485900000,1783488900000,1.1447,1.14465,1,1,2,3056
809,ZONE_CREATED,2026-07-08 01:58:00.000,1783486680000,D000810,1783486680000,1783489680000,1.1447,1.14465,1,1,3,3069
810,ZONE_CREATED,2026-07-08 01:59:00.000,1783486740000,D000811,1783486740000,1783489740000,1.1447,1.14465,1,-1,4,3070
811,ZONE_CREATED,2026-07-08 02:05:00.000,1783487100000,D000812,1783487100000,1783490100000,1.145,1.14495,1,1,1,3076
812,ZONE_CREATED,2026-07-08 02:10:00.000,1783487400000,D000813,1783487400000,1783490400000,1.145,1.14495,1,-1,2,3081
813,ZONE_CREATED,2026-07-08 02:13:00.000,1783487580000,D000814,1783487580000,1783490580000,1.1448,1.14475,1,1,2,3084
814,ZONE_CREATED,2026-07-08 02:14:00.000,1783487640000,D000815,1783487640000,1783490640000,1.1448,1.14475,1,-1,3,3085
815,ZONE_CREATED,2026-07-08 02:15:00.000,1783487700000,D000816,1783487700000,1783490700000,1.1447,1.14465,1,-1,5,3086
816,ZONE_CREATED,2026-07-08 02:31:00.000,1783488660000,D000817,1783488660000,1783491660000,1.1447,1.14465,1,1,5,3101
817,ZONE_CREATED,2026-07-08 02:36:00.000,1783488960000,D000818,1783488960000,1783491960000,1.1449,1.14485,1,1,1,3106
818,ZONE_CREATED,2026-07-08 02:37:00.000,1783489020000,D000819,1783489020000,1783492020000,1.145,1.14495,1,1,3,3107
819,ZONE_CREATED,2026-07-08 02:42:00.000,1783489320000,D000820,1783489320000,1783492320000,1.1451,1.14505,1,1,1,3112
820,ZONE_CREATED,2026-07-08 02:44:00.000,1783489440000,D000821,1783489440000,1783492440000,1.14525,1.1452,1,1,1,3114
821,ZONE_CREATED,2026-07-08 02:48:00.000,1783489680000,D000822,1783489680000,1783492680000,1.1452,1.14515,1,-1,2,3118
822,ZONE_CREATED,2026-07-08 02:49:00.000,1783489740000,D000823,1783489740000,1783492740000,1.1451,1.14505,1,-1,2,3119
823,ZONE_CREATED,2026-07-08 02:52:00.000,1783489920000,D000824,1783489920000,1783492920000,1.1451,1.14505,1,1,3,3122
824,ZONE_CREATED,2026-07-08 02:56:00.000,1783490160000,D000825,1783490160000,1783493160000,1.14525,1.1452,1,1,3,3126
825,ZONE_CREATED,2026-07-08 02:57:00.000,1783490220000,D000826,1783490220000,1783493220000,1.1452,1.14515,1,-1,4,3127
826,ZONE_CREATED,2026-07-08 03:02:00.000,1783490520000,D000827,1783490520000,1783493520000,1.14545,1.1454,1,-1,1,3132
827,ZONE_CREATED,2026-07-08 03:04:00.000,1783490640000,D000828,1783490640000,1783493640000,1.1452,1.14515,1,-1,5,3134
828,ZONE_CREATED,2026-07-08 03:05:00.000,1783490700000,D000829,1783490700000,1783493700000,1.1451,1.14505,1,1,4,3135
829,ZONE_CREATED,2026-07-08 03:07:00.000,1783490820000,D000830,1783490820000,1783493820000,1.1452,1.14515,1,-1,6,3137
830,ZONE_CREATED,2026-07-08 03:10:00.000,1783491000000,D000831,1783491000000,1783494000000,1.14525,1.1452,1,-1,7,3140
831,ZONE_CREATED,2026-07-08 03:13:00.000,1783491180000,D000832,1783491180000,1783494180000,1.1452,1.1451,2,-1,12,3143
832,ZONE_CREATED,2026-07-08 03:17:00.000,1783491420000,D000833,1783491420000,1783494420000,1.14525,1.1452,1,1,9,3147
833,ZONE_CREATED,2026-07-08 03:21:00.000,1783491660000,D000834,1783491660000,1783494660000,1.14545,1.1454,1,-1,2,3151
834,ZONE_CREATED,2026-07-08 03:39:00.000,1783492740000,D000835,1783492740000,1783495740000,1.14555,1.14545,2,1,3,3169
835,ZONE_CREATED,2026-07-08 03:46:00.000,1783493160000,D000836,1783493160000,1783496160000,1.14535,1.1453,1,1,1,3176
836,ZONE_CREATED,2026-07-08 03:51:00.000,1783493460000,D000837,1783493460000,1783496460000,1.1452,1.14515,1,1,6,3181
837,ZONE_CREATED,2026-07-08 03:53:00.000,1783493580000,D000838,1783493580000,1783496580000,1.1451,1.14505,1,-1,3,3183
838,ZONE_CREATED,2026-07-08 04:12:00.000,1783494720000,D000839,1783494720000,1783497720000,1.14535,1.1453,1,-1,2,3202
839,ZONE_CREATED,2026-07-08 04:14:00.000,1783494840000,D000840,1783494840000,1783497840000,1.14525,1.1452,1,1,2,3204
840,ZONE_CREATED,2026-07-08 04:15:00.000,1783494900000,D000841,1783494900000,1783497900000,1.1452,1.14515,1,-1,3,3205
841,ZONE_CREATED,2026-07-08 04:19:00.000,1783495140000,D000842,1783495140000,1783498140000,1.1452,1.14515,1,1,4,3209
842,ZONE_CREATED,2026-07-08 04:30:00.000,1783495800000,D000843,1783495800000,1783498800000,1.14605,1.146,1,-1,1,3220
843,ZONE_CREATED,2026-07-08 04:37:00.000,1783496220000,D000844,1783496220000,1783499220000,1.14615,1.1461,1,-1,1,3227
844,ZONE_CREATED,2026-07-08 04:38:00.000,1783496280000,D000845,1783496280000,1783499280000,1.14605,1.146,1,1,2,3228
845,ZONE_CREATED,2026-07-08 04:45:00.000,1783496700000,D000846,1783496700000,1783499700000,1.14615,1.1461,1,-1,2,3235
846,ZONE_CREATED,2026-07-08 04:46:00.000,1783496760000,D000847,1783496760000,1783499760000,1.1462,1.14615,1,1,3,3236
847,ZONE_CREATED,2026-07-08 04:49:00.000,1783496940000,D000848,1783496940000,1783499940000,1.14605,1.146,1,-1,3,3239
848,ZONE_CREATED,2026-07-08 04:51:00.000,1783497060000,D000849,1783497060000,1783500060000,1.14595,1.1459,1,1,1,3241
849,ZONE_CREATED,2026-07-08 04:56:00.000,1783497360000,D000850,1783497360000,1783500360000,1.14605,1.14595,2,1,5,3246
850,ZONE_CREATED,2026-07-08 04:57:00.000,1783497420000,D000851,1783497420000,1783500420000,1.14615,1.1461,1,1,4,3247
851,ZONE_CREATED,2026-07-08 04:58:00.000,1783497480000,D000852,1783497480000,1783500480000,1.14605,1.146,1,1,5,3248
852,ZONE_CREATED,2026-07-08 04:59:00.000,1783497540000,D000853,1783497540000,1783500540000,1.1459,1.1458,2,1,2,3249
853,ZONE_CREATED,2026-07-08 05:01:00.000,1783497660000,D000854,1783497660000,1783500660000,1.14575,1.1457,1,-1,1,3251
854,ZONE_CREATED,2026-07-08 05:03:00.000,1783497780000,D000855,1783497780000,1783500780000,1.14585,1.1458,1,-1,2,3253
855,ZONE_CREATED,2026-07-08 05:06:00.000,1783497960000,D000856,1783497960000,1783500960000,1.14595,1.1459,1,-1,4,3256
856,ZONE_CREATED,2026-07-08 05:12:00.000,1783498320000,D000857,1783498320000,1783501320000,1.14575,1.1457,1,1,2,3262
857,ZONE_CREATED,2026-07-08 05:17:00.000,1783498620000,D000858,1783498620000,1783501620000,1.1444,1.14435,1,1,1,3267
858,ZONE_CREATED,2026-07-08 05:25:00.000,1783499100000,D000859,1783499100000,1783502100000,1.14395,1.1439,1,-1,1,3275
859,ZONE_CREATED,2026-07-08 05:26:00.000,1783499160000,D000860,1783499160000,1783502160000,1.1443,1.14425,1,1,1,3276
860,ZONE_CREATED,2026-07-08 05:28:00.000,1783499280000,D000861,1783499280000,1783502280000,1.1446,1.14455,1,1,1,3278
861,ZONE_CREATED,2026-07-08 05:29:00.000,1783499340000,D000862,1783499340000,1783502340000,1.1446,1.14455,1,-1,2,3279
862,ZONE_CREATED,2026-07-08 05:30:00.000,1783499400000,D000863,1783499400000,1783502400000,1.1446,1.14455,1,1,3,3280
863,ZONE_CREATED,2026-07-08 05:38:00.000,1783499880000,D000864,1783499880000,1783502880000,1.14415,1.1441,1,-1,1,3288
864,ZONE_CREATED,2026-07-08 05:42:00.000,1783500120000,D000865,1783500120000,1783503120000,1.14385,1.1438,1,-1,1,3292
865,ZONE_CREATED,2026-07-08 05:43:00.000,1783500180000,D000866,1783500180000,1783503180000,1.14395,1.1439,1,1,2,3293
866,ZONE_CREATED,2026-07-08 05:56:00.000,1783500960000,D000867,1783500960000,1783503960000,1.1447,1.14465,1,-1,1,3306
867,ZONE_CREATED,2026-07-08 05:59:00.000,1783501140000,D000868,1783501140000,1783504140000,1.1443,1.14425,1,-1,2,3309
868,ZONE_CREATED,2026-07-08 06:02:00.000,1783501320000,D000869,1783501320000,1783504320000,1.14395,1.1439,1,-1,3,3312
869,ZONE_CREATED,2026-07-08 06:09:00.000,1783501740000,D000870,1783501740000,1783504740000,1.14365,1.1436,1,1,1,3319
870,ZONE_CREATED,2026-07-08 06:10:00.000,1783501800000,D000871,1783501800000,1783504800000,1.14345,1.1434,1,-1,1,3320
871,ZONE_CREATED,2026-07-08 06:12:00.000,1783501920000,D000872,1783501920000,1783504920000,1.14325,1.1432,1,1,1,3322
872,ZONE_CREATED,2026-07-08 06:21:00.000,1783502460000,D000873,1783502460000,1783505460000,1.14375,1.1437,1,1,1,3331
873,ZONE_CREATED,2026-07-08 06:24:00.000,1783502640000,D000874,1783502640000,1783505640000,1.14395,1.1439,1,-1,3,3334
874,ZONE_CREATED,2026-07-08 06:25:00.000,1783502700000,D000875,1783502700000,1783505700000,1.14365,1.1436,1,-1,2,3335
875,ZONE_CREATED,2026-07-08 06:33:00.000,1783503180000,D000876,1783503180000,1783506180000,1.14385,1.1438,1,1,1,3343
876,ZONE_CREATED,2026-07-08 06:39:00.000,1783503540000,D000877,1783503540000,1783506540000,1.14415,1.1441,1,1,1,3349
877,ZONE_CREATED,2026-07-08 06:40:00.000,1783503600000,D000878,1783503600000,1783506600000,1.1443,1.14425,1,-1,2,3350
878,ZONE_CREATED,2026-07-08 06:42:00.000,1783503720000,D000879,1783503720000,1783506720000,1.1442,1.14415,1,1,2,3352
879,ZONE_CREATED,2026-07-08 06:43:00.000,1783503780000,D000880,1783503780000,1783506780000,1.14415,1.1441,1,-1,3,3353
880,ZONE_CREATED,2026-07-08 06:45:00.000,1783503900000,D000881,1783503900000,1783506900000,1.1443,1.14425,1,-1,3,3355
881,ZONE_CREATED,2026-07-08 06:47:00.000,1783504020000,D000882,1783504020000,1783507020000,1.1442,1.14415,1,-1,4,3357
882,ZONE_CREATED,2026-07-08 06:50:00.000,1783504200000,D000883,1783504200000,1783507200000,1.1443,1.14425,1,-1,3,3360
883,ZONE_CREATED,2026-07-08 06:54:00.000,1783504440000,D000884,1783504440000,1783507440000,1.1443,1.14425,1,-1,4,3364
884,ZONE_CREATED,2026-07-08 06:56:00.000,1783504560000,D000885,1783504560000,1783507560000,1.14405,1.144,1,-1,1,3366
885,ZONE_CREATED,2026-07-08 06:59:00.000,1783504740000,D000886,1783504740000,1783507740000,1.1438,1.1437,2,-1,3,3369
886,ZONE_CREATED,2026-07-08 07:02:00.000,1783504920000,D000887,1783504920000,1783507920000,1.14395,1.1439,1,1,2,3372
887,ZONE_CREATED,2026-07-08 07:06:00.000,1783505160000,D000888,1783505160000,1783508160000,1.14375,1.1437,1,-1,3,3376
888,ZONE_CREATED,2026-07-08 07:12:00.000,1783505520000,D000889,1783505520000,1783508520000,1.14355,1.1435,1,1,1,3382
889,ZONE_CREATED,2026-07-08 07:15:00.000,1783505700000,D000890,1783505700000,1783508700000,1.14355,1.14345,2,-1,2,3385
890,ZONE_CREATED,2026-07-08 07:20:00.000,1783506000000,D000891,1783506000000,1783509000000,1.14395,1.1439,1,1,2,3390
891,ZONE_CREATED,2026-07-08 07:22:00.000,1783506120000,D000892,1783506120000,1783509120000,1.1442,1.14415,1,1,5,3392
892,ZONE_CREATED,2026-07-08 07:24:00.000,1783506240000,D000893,1783506240000,1783509240000,1.1444,1.14435,1,1,1,3394
893,ZONE_CREATED,2026-07-08 07:31:00.000,1783506660000,D000894,1783506660000,1783509660000,1.14435,1.14425,2,-1,5,3401
894,ZONE_CREATED,2026-07-08 07:33:00.000,1783506780000,D000895,1783506780000,1783509780000,1.1446,1.1445,2,1,1,3403
895,ZONE_CREATED,2026-07-08 07:36:00.000,1783506960000,D000896,1783506960000,1783509960000,1.1446,1.14455,1,1,2,3406
896,ZONE_CREATED,2026-07-08 07:37:00.000,1783507020000,D000897,1783507020000,1783510020000,1.14455,1.14445,2,-1,3,3407
897,ZONE_CREATED,2026-07-08 07:47:00.000,1783507620000,D000898,1783507620000,1783510620000,1.1445,1.14445,1,-1,3,3417
898,ZONE_CREATED,2026-07-08 07:53:00.000,1783507980000,D000899,1783507980000,1783510980000,1.1442,1.14415,1,1,2,3423
899,ZONE_CREATED,2026-07-08 07:54:00.000,1783508040000,D000900,1783508040000,1783511040000,1.1442,1.14415,1,1,3,3424
900,ZONE_CREATED,2026-07-08 07:57:00.000,1783508220000,D000901,1783508220000,1783511220000,1.1442,1.14415,1,1,4,3427
901,ZONE_CREATED,2026-07-08 07:58:00.000,1783508280000,D000902,1783508280000,1783511280000,1.14415,1.1441,1,-1,5,3428
902,ZONE_CREATED,2026-07-08 08:02:00.000,1783508520000,D000903,1783508520000,1783511520000,1.14395,1.1439,1,-1,2,3432
903,ZONE_CREATED,2026-07-08 08:05:00.000,1783508700000,D000904,1783508700000,1783511700000,1.14385,1.1438,1,1,1,3435
904,ZONE_CREATED,2026-07-08 08:07:00.000,1783508820000,D000905,1783508820000,1783511820000,1.14395,1.1439,1,-1,3,3437
905,ZONE_CREATED,2026-07-08 08:10:00.000,1783509000000,D000906,1783509000000,1783512000000,1.14395,1.1439,1,1,4,3440
906,ZONE_CREATED,2026-07-08 08:11:00.000,1783509060000,D000907,1783509060000,1783512060000,1.14395,1.1439,1,-1,4,3441
907,ZONE_CREATED,2026-07-08 08:19:00.000,1783509540000,D000908,1783509540000,1783512540000,1.14415,1.1441,1,-1,5,3449
908,ZONE_CREATED,2026-07-08 08:21:00.000,1783509660000,D000909,1783509660000,1783512660000,1.14395,1.1439,1,-1,5,3451
909,ZONE_CREATED,2026-07-08 08:26:00.000,1783509960000,D000910,1783509960000,1783512960000,1.144,1.14385,3,1,7,3456
910,ZONE_CREATED,2026-07-08 08:29:00.000,1783510140000,D000911,1783510140000,1783513140000,1.14385,1.1438,1,1,3,3459
911,ZONE_CREATED,2026-07-08 08:31:00.000,1783510260000,D000912,1783510260000,1783513260000,1.14385,1.1438,1,-1,4,3461
912,ZONE_CREATED,2026-07-08 08:35:00.000,1783510500000,D000913,1783510500000,1783513500000,1.14355,1.1435,1,1,1,3465
913,ZONE_CREATED,2026-07-08 08:37:00.000,1783510620000,D000914,1783510620000,1783513620000,1.14325,1.1432,1,1,1,3467
914,ZONE_CREATED,2026-07-08 08:39:00.000,1783510740000,D000915,1783510740000,1783513740000,1.1428,1.14275,1,-1,1,3469
915,ZONE_CREATED,2026-07-08 08:40:00.000,1783510800000,D000916,1783510800000,1783513800000,1.1427,1.14265,1,-1,1,3470
916,ZONE_CREATED,2026-07-08 08:42:00.000,1783510920000,D000917,1783510920000,1783513920000,1.1428,1.14275,1,1,2,3472
917,ZONE_CREATED,2026-07-08 08:43:00.000,1783510980000,D000918,1783510980000,1783513980000,1.1428,1.14275,1,1,3,3473
918,ZONE_CREATED,2026-07-08 08:44:00.000,1783511040000,D000919,1783511040000,1783514040000,1.14375,1.1437,1,1,1,3474
919,ZONE_CREATED,2026-07-08 08:45:00.000,1783511100000,D000920,1783511100000,1783514100000,1.14365,1.1436,1,1,1,3475
920,ZONE_CREATED,2026-07-08 08:46:00.000,1783511160000,D000921,1783511160000,1783514160000,1.14355,1.1435,1,1,2,3476
921,ZONE_CREATED,2026-07-08 08:51:00.000,1783511460000,D000922,1783511460000,1783514460000,1.1431,1.14305,1,1,1,3481
922,ZONE_CREATED,2026-07-08 09:00:00.000,1783512000000,D000923,1783512000000,1783515000000,1.1431,1.143,2,-1,2,3490
923,ZONE_CREATED,2026-07-08 09:06:00.000,1783512360000,D000924,1783512360000,1783515360000,1.14375,1.1437,1,-1,2,3496
924,ZONE_CREATED,2026-07-08 09:09:00.000,1783512540000,D000925,1783512540000,1783515540000,1.14355,1.1435,1,1,3,3499
925,ZONE_CREATED,2026-07-08 09:11:00.000,1783512660000,D000926,1783512660000,1783515660000,1.14355,1.1435,1,1,4,3501
926,ZONE_CREATED,2026-07-08 09:24:00.000,1783513440000,D000927,1783513440000,1783516440000,1.1436,1.1435,2,-1,6,3514
927,ZONE_CREATED,2026-07-08 09:27:00.000,1783513620000,D000928,1783513620000,1783516620000,1.14365,1.1436,1,-1,3,3517
928,ZONE_CREATED,2026-07-08 09:31:00.000,1783513860000,D000929,1783513860000,1783516860000,1.14365,1.1436,1,-1,4,3521
929,ZONE_CREATED,2026-07-08 09:33:00.000,1783513980000,D000930,1783513980000,1783516980000,1.14365,1.1436,1,1,5,3523
930,ZONE_CREATED,2026-07-08 09:39:00.000,1783514340000,D000931,1783514340000,1783517340000,1.14365,1.1436,1,-1,5,3529
931,ZONE_CREATED,2026-07-08 09:44:00.000,1783514640000,D000932,1783514640000,1783517640000,1.14375,1.1437,1,1,2,3534
932,ZONE_CREATED,2026-07-08 09:47:00.000,1783514820000,D000933,1783514820000,1783517820000,1.14375,1.1437,1,1,3,3537
933,ZONE_CREATED,2026-07-08 09:49:00.000,1783514940000,D000934,1783514940000,1783517940000,1.14385,1.1438,1,1,1,3539
934,ZONE_CREATED,2026-07-08 09:52:00.000,1783515120000,D000935,1783515120000,1783518120000,1.14375,1.1437,1,-1,4,3542
935,ZONE_CREATED,2026-07-08 09:56:00.000,1783515360000,D000936,1783515360000,1783518360000,1.14375,1.1437,1,-1,5,3546
936,ZONE_CREATED,2026-07-08 09:57:00.000,1783515420000,D000937,1783515420000,1783518420000,1.1432,1.14305,3,1,1,3547
937,ZONE_CREATED,2026-07-08 09:58:00.000,1783515480000,D000938,1783515480000,1783518480000,1.14315,1.1431,1,1,2,3548
938,ZONE_CREATED,2026-07-08 10:05:00.000,1783515900000,D000939,1783515900000,1783518900000,1.1431,1.14305,1,1,3,3555
939,ZONE_CREATED,2026-07-08 10:13:00.000,1783516380000,D000940,1783516380000,1783519380000,1.14345,1.1434,1,1,1,3563
940,ZONE_CREATED,2026-07-08 10:16:00.000,1783516560000,D000941,1783516560000,1783519560000,1.14325,1.1432,1,1,2,3566
941,ZONE_CREATED,2026-07-08 10:19:00.000,1783516740000,D000942,1783516740000,1783519740000,1.14315,1.1431,1,-1,4,3569
942,ZONE_CREATED,2026-07-08 10:27:00.000,1783517220000,D000943,1783517220000,1783520220000,1.14325,1.1432,1,-1,3,3577
943,ZONE_CREATED,2026-07-08 10:34:00.000,1783517640000,D000944,1783517640000,1783520640000,1.1443,1.14425,1,1,1,3584
944,ZONE_CREATED,2026-07-08 10:38:00.000,1783517880000,D000945,1783517880000,1783520880000,1.1443,1.14425,1,1,2,3588
945,ZONE_CREATED,2026-07-08 10:39:00.000,1783517940000,D000946,1783517940000,1783520940000,1.1443,1.14425,1,1,3,3589
946,ZONE_CREATED,2026-07-08 10:40:00.000,1783518000000,D000947,1783518000000,1783521000000,1.1443,1.14425,1,-1,4,3590
947,ZONE_CREATED,2026-07-08 10:50:00.000,1783518600000,D000948,1783518600000,1783521600000,1.1445,1.14445,1,-1,1,3600
948,ZONE_CREATED,2026-07-08 10:56:00.000,1783518960000,D000949,1783518960000,1783521960000,1.1442,1.14415,1,-1,1,3606
949,ZONE_CREATED,2026-07-08 10:59:00.000,1783519140000,D000950,1783519140000,1783522140000,1.14415,1.1441,1,1,2,3609
950,ZONE_CREATED,2026-07-08 11:01:00.000,1783519260000,D000951,1783519260000,1783522260000,1.1443,1.14425,1,1,5,3611
951,ZONE_CREATED,2026-07-08 11:03:00.000,1783519380000,D000952,1783519380000,1783522380000,1.1445,1.14445,1,-1,2,3613
952,ZONE_CREATED,2026-07-08 11:06:00.000,1783519560000,D000953,1783519560000,1783522560000,1.1443,1.14425,1,-1,6,3616
953,ZONE_CREATED,2026-07-08 11:11:00.000,1783519860000,D000954,1783519860000,1783522860000,1.14405,1.144,1,-1,1,3621
954,ZONE_CREATED,2026-07-08 11:16:00.000,1783520160000,D000955,1783520160000,1783523160000,1.14385,1.1438,1,-1,1,3626
955,ZONE_CREATED,2026-07-08 11:27:00.000,1783520820000,D000956,1783520820000,1783523820000,1.1442,1.14415,1,-1,3,3637
956,ZONE_CREATED,2026-07-08 11:34:00.000,1783521240000,D000957,1783521240000,1783524240000,1.14375,1.1437,1,1,1,3644
957,ZONE_CREATED,2026-07-08 11:44:00.000,1783521840000,D000958,1783521840000,1783524840000,1.14385,1.1438,1,1,2,3654
958,ZONE_CREATED,2026-07-08 11:48:00.000,1783522080000,D000959,1783522080000,1783525080000,1.14375,1.1437,1,1,2,3658
959,ZONE_CREATED,2026-07-08 11:51:00.000,1783522260000,D000960,1783522260000,1783525260000,1.14395,1.1439,1,1,1,3661
960,ZONE_CREATED,2026-07-08 11:52:00.000,1783522320000,D000961,1783522320000,1783525320000,1.14395,1.1439,1,-1,2,3662
961,ZONE_CREATED,2026-07-08 11:55:00.000,1783522500000,D000962,1783522500000,1783525500000,1.14385,1.14375,2,-1,5,3665
962,ZONE_CREATED,2026-07-08 11:57:00.000,1783522620000,D000963,1783522620000,1783525620000,1.14365,1.1436,1,1,1,3667
963,ZONE_CREATED,2026-07-08 12:05:00.000,1783523100000,D000964,1783523100000,1783526100000,1.14415,1.1441,1,-1,2,3675
964,ZONE_CREATED,2026-07-08 12:10:00.000,1783523400000,D000965,1783523400000,1783526400000,1.14405,1.144,1,-1,1,3680
965,ZONE_CREATED,2026-07-08 12:20:00.000,1783524000000,D000966,1783524000000,1783527000000,1.14335,1.1433,1,1,1,3690
966,ZONE_CREATED,2026-07-08 12:24:00.000,1783524240000,D000967,1783524240000,1783527240000,1.14325,1.1432,1,-1,1,3694
967,ZONE_CREATED,2026-07-08 12:29:00.000,1783524540000,D000968,1783524540000,1783527540000,1.14325,1.1432,1,1,2,3699
968,ZONE_CREATED,2026-07-08 12:37:00.000,1783525020000,D000969,1783525020000,1783528020000,1.143,1.1429,2,1,1,3707
969,ZONE_CREATED,2026-07-08 12:38:00.000,1783525080000,D000970,1783525080000,1783528080000,1.1427,1.14265,1,1,1,3708
970,ZONE_CREATED,2026-07-08 12:45:00.000,1783525500000,D000971,1783525500000,1783528500000,1.1425,1.14245,1,1,1,3715
971,ZONE_CREATED,2026-07-08 12:50:00.000,1783525800000,D000972,1783525800000,1783528800000,1.1425,1.14245,1,-1,2,3720
972,ZONE_CREATED,2026-07-08 12:56:00.000,1783526160000,D000973,1783526160000,1783529160000,1.1428,1.14275,1,1,1,3726
973,ZONE_CREATED,2026-07-08 13:06:00.000,1783526760000,D000974,1783526760000,1783529760000,1.143,1.14295,1,-1,2,3736
974,ZONE_CREATED,2026-07-08 13:07:00.000,1783526820000,D000975,1783526820000,1783529820000,1.14325,1.1432,1,-1,3,3737
975,ZONE_CREATED,2026-07-08 13:11:00.000,1783527060000,D000976,1783527060000,1783530060000,1.1431,1.14305,1,-1,1,3741
976,ZONE_CREATED,2026-07-08 13:22:00.000,1783527720000,D000977,1783527720000,1783530720000,1.14345,1.1434,1,1,1,3752
977,ZONE_CREATED,2026-07-08 13:29:00.000,1783528140000,D000978,1783528140000,1783531140000,1.14335,1.1433,1,-1,1,3759
978,ZONE_CREATED,2026-07-08 13:31:00.000,1783528260000,D000979,1783528260000,1783531260000,1.14345,1.1434,1,1,2,3761
979,ZONE_CREATED,2026-07-08 13:32:00.000,1783528320000,D000980,1783528320000,1783531320000,1.14365,1.1436,1,-1,1,3762
980,ZONE_CREATED,2026-07-08 13:34:00.000,1783528440000,D000981,1783528440000,1783531440000,1.14365,1.1436,1,1,2,3764
981,ZONE_CREATED,2026-07-08 13:35:00.000,1783528500000,D000982,1783528500000,1783531500000,1.14375,1.1437,1,-1,1,3765
982,ZONE_CREATED,2026-07-08 13:41:00.000,1783528860000,D000983,1783528860000,1783531860000,1.14415,1.1441,1,-1,1,3771
983,ZONE_CREATED,2026-07-08 14:03:00.000,1783530180000,D000984,1783530180000,1783533180000,1.1449,1.14485,1,1,1,3793
984,ZONE_CREATED,2026-07-08 14:05:00.000,1783530300000,D000985,1783530300000,1783533300000,1.1447,1.14465,1,1,1,3795
985,ZONE_CREATED,2026-07-08 14:07:00.000,1783530420000,D000986,1783530420000,1783533420000,1.1451,1.14505,1,-1,1,3797
986,ZONE_CREATED,2026-07-08 14:20:00.000,1783531200000,D000987,1783531200000,1783534200000,1.14545,1.1454,1,1,1,3810
987,ZONE_CREATED,2026-07-08 14:23:00.000,1783531380000,D000988,1783531380000,1783534380000,1.14565,1.1456,1,-1,1,3813
988,ZONE_CREATED,2026-07-08 14:26:00.000,1783531560000,D000989,1783531560000,1783534560000,1.14555,1.1455,1,-1,1,3816
989,ZONE_CREATED,2026-07-08 14:29:00.000,1783531740000,D000990,1783531740000,1783534740000,1.14575,1.1457,1,1,1,3819
990,ZONE_CREATED,2026-07-08 14:47:00.000,1783532820000,D000991,1783532820000,1783535820000,1.14545,1.1454,1,1,2,3837
991,ZONE_CREATED,2026-07-08 14:49:00.000,1783532940000,D000992,1783532940000,1783535940000,1.14535,1.1453,1,-1,1,3839
992,ZONE_CREATED,2026-07-08 14:52:00.000,1783533120000,D000993,1783533120000,1783536120000,1.14535,1.1453,1,1,2,3842
993,ZONE_CREATED,2026-07-08 14:54:00.000,1783533240000,D000994,1783533240000,1783536240000,1.14535,1.1453,1,-1,3,3844
994,ZONE_CREATED,2026-07-08 14:57:00.000,1783533420000,D000995,1783533420000,1783536420000,1.1452,1.14515,1,-1,1,3847
995,ZONE_CREATED,2026-07-08 15:00:00.000,1783533600000,D000996,1783533600000,1783536600000,1.1451,1.14505,1,-1,1,3850
996,ZONE_CREATED,2026-07-08 15:04:00.000,1783533840000,D000997,1783533840000,1783536840000,1.14545,1.1454,1,-1,3,3854
997,ZONE_CREATED,2026-07-08 15:13:00.000,1783534380000,D000998,1783534380000,1783537380000,1.14595,1.1459,1,-1,1,3863
998,ZONE_CREATED,2026-07-08 15:14:00.000,1783534440000,D000999,1783534440000,1783537440000,1.14595,1.1459,1,1,2,3864
999,ZONE_CREATED,2026-07-08 15:29:00.000,1783535340000,D001000,1783535340000,1783538340000,1.14575,1.1457,1,1,1,3879
1000,ZONE_CREATED,2026-07-08 15:43:00.000,1783536180000,D001001,1783536180000,1783539180000,1.14595,1.1459,1,1,3,3893
1001,ZONE_CREATED,2026-07-08 15:47:00.000,1783536420000,D001002,1783536420000,1783539420000,1.14605,1.146,1,1,1,3897
1002,ZONE_CREATED,2026-07-08 15:50:00.000,1783536600000,D001003,1783536600000,1783539600000,1.14595,1.1459,1,-1,4,3900
1003,ZONE_CREATED,2026-07-08 15:57:00.000,1783537020000,D001004,1783537020000,1783540020000,1.14585,1.1458,1,-1,1,3907
1004,ZONE_CREATED,2026-07-08 16:00:00.000,1783537200000,D001005,1783537200000,1783540200000,1.14575,1.1457,1,1,2,3910
1005,ZONE_CREATED,2026-07-08 16:05:00.000,1783537500000,D001006,1783537500000,1783540500000,1.14595,1.1459,1,1,3,3915
1006,ZONE_CREATED,2026-07-08 16:06:00.000,1783537560000,D001007,1783537560000,1783540560000,1.14595,1.1459,1,-1,4,3916
1007,ZONE_CREATED,2026-07-08 16:19:00.000,1783538340000,D001008,1783538340000,1783541340000,1.14605,1.146,1,1,2,3929
1008,ZONE_CREATED,2026-07-08 16:24:00.000,1783538640000,D001009,1783538640000,1783541640000,1.14605,1.146,1,-1,3,3934
1009,ZONE_CREATED,2026-07-08 16:28:00.000,1783538880000,D001010,1783538880000,1783541880000,1.14605,1.146,1,-1,4,3938
1010,ZONE_CREATED,2026-07-08 16:31:00.000,1783539060000,D001011,1783539060000,1783542060000,1.14615,1.1461,1,1,1,3941
1011,ZONE_CREATED,2026-07-08 16:34:00.000,1783539240000,D001012,1783539240000,1783542240000,1.1462,1.14615,1,1,2,3944
1012,ZONE_CREATED,2026-07-08 16:36:00.000,1783539360000,D001013,1783539360000,1783542360000,1.14605,1.146,1,1,5,3946
1013,ZONE_CREATED,2026-07-08 16:38:00.000,1783539480000,D001014,1783539480000,1783542480000,1.14605,1.146,1,-1,5,3948
1014,ZONE_CREATED,2026-07-08 16:39:00.000,1783539540000,D001015,1783539540000,1783542540000,1.14605,1.146,1,-1,6,3949
1015,ZONE_CREATED,2026-07-08 16:45:00.000,1783539900000,D001016,1783539900000,1783542900000,1.14595,1.1459,1,1,3,3955
1016,ZONE_CREATED,2026-07-08 16:52:00.000,1783540320000,D001017,1783540320000,1783543320000,1.14575,1.1457,1,-1,1,3962
1017,ZONE_CREATED,2026-07-08 16:53:00.000,1783540380000,D001018,1783540380000,1783543380000,1.1458,1.1457,2,-1,2,3963
1018,ZONE_CREATED,2026-07-08 16:54:00.000,1783540440000,D001019,1783540440000,1783543440000,1.14575,1.1457,1,1,3,3964
1019,ZONE_CREATED,2026-07-08 16:56:00.000,1783540560000,D001020,1783540560000,1783543560000,1.14595,1.1459,1,-1,3,3966
1020,ZONE_CREATED,2026-07-08 16:58:00.000,1783540680000,D001021,1783540680000,1783543680000,1.14605,1.146,1,-1,7,3968
1021,ZONE_CREATED,2026-07-08 17:25:00.000,1783542300000,D001022,1783542300000,1783545300000,1.14545,1.1454,1,-1,1,3995
1022,ZONE_CREATED,2026-07-08 17:26:00.000,1783542360000,D001023,1783542360000,1783545360000,1.14535,1.1453,1,-1,1,3996
1023,ZONE_CREATED,2026-07-08 17:27:00.000,1783542420000,D001024,1783542420000,1783545420000,1.14535,1.1453,1,-1,2,3997
1024,ZONE_CREATED,2026-07-08 17:29:00.000,1783542540000,D001025,1783542540000,1783545540000,1.14525,1.1452,1,-1,1,3999
1025,ZONE_CREATED,2026-07-08 17:32:00.000,1783542720000,D001026,1783542720000,1783545720000,1.1451,1.14505,1,1,1,4002
1026,ZONE_CREATED,2026-07-08 17:35:00.000,1783542900000,D001027,1783542900000,1783545900000,1.1451,1.14505,1,-1,2,4005
1027,ZONE_CREATED,2026-07-08 17:36:00.000,1783542960000,D001028,1783542960000,1783545960000,1.145,1.1449,2,-1,1,4006
1028,ZONE_CREATED,2026-07-08 17:39:00.000,1783543140000,D001029,1783543140000,1783546140000,1.1448,1.14475,1,1,1,4009
1029,ZONE_CREATED,2026-07-08 17:40:00.000,1783543200000,D001030,1783543200000,1783546200000,1.1448,1.14475,1,1,2,4010
1030,ZONE_CREATED,2026-07-08 17:44:00.000,1783543440000,D001031,1783543440000,1783546440000,1.1449,1.14485,1,-1,2,4013
1031,ZONE_CREATED,2026-07-08 17:47:00.000,1783543620000,D001032,1783543620000,1783546620000,1.1449,1.14485,1,1,3,4016
1032,ZONE_CREATED,2026-07-08 17:48:00.000,1783543680000,D001033,1783543680000,1783546680000,1.1449,1.14485,1,-1,4,4017
1033,ZONE_CREATED,2026-07-08 17:49:00.000,1783543740000,D001034,1783543740000,1783546740000,1.1449,1.14485,1,1,5,4018
1034,ZONE_CREATED,2026-07-08 17:50:00.000,1783543800000,D001035,1783543800000,1783546800000,1.1449,1.1448,2,-1,8,4019
1035,ZONE_CREATED,2026-07-08 17:54:00.000,1783544040000,D001036,1783544040000,1783547040000,1.1449,1.14485,1,1,7,4023
1036,ZONE_CREATED,2026-07-08 17:55:00.000,1783544100000,D001037,1783544100000,1783547100000,1.1449,1.14485,1,-1,8,4024
1037,ZONE_CREATED,2026-07-08 17:58:00.000,1783544280000,D001038,1783544280000,1783547280000,1.1448,1.14475,1,1,4,4027
1038,ZONE_CREATED,2026-07-08 18:00:00.000,1783544400000,D001039,1783544400000,1783547400000,1.1449,1.14485,1,1,9,4029
1039,ZONE_CREATED,2026-07-08 19:11:00.000,1783548660000,D001040,1783548660000,1783551660000,1.1448,1.14475,1,1,5,4039
1040,ZONE_CREATED,2026-07-08 19:13:00.000,1783548780000,D001041,1783548780000,1783551780000,1.1448,1.14475,1,-1,6,4041
1041,ZONE_CREATED,2026-07-08 19:14:00.000,1783548840000,D001042,1783548840000,1783551840000,1.1448,1.14475,1,1,7,4042
1042,ZONE_CREATED,2026-07-08 19:38:00.000,1783550280000,D001043,1783550280000,1783553280000,1.1449,1.14485,1,-1,8,4065
1043,ZONE_CREATED,2026-07-08 19:40:00.000,1783550400000,D001044,1783550400000,1783553400000,1.1449,1.14485,1,1,8,4067
1044,ZONE_CREATED,2026-07-08 19:41:00.000,1783550460000,D001045,1783550460000,1783553460000,1.1449,1.14485,1,-1,8,4068
1045,ZONE_CREATED,2026-07-08 19:43:00.000,1783550580000,D001046,1783550580000,1783553580000,1.14495,1.14485,2,-1,7,4070
1046,ZONE_CREATED,2026-07-08 19:44:00.000,1783550640000,D001047,1783550640000,1783553640000,1.1449,1.14485,1,-1,8,4071
1047,ZONE_CREATED,2026-07-08 19:50:00.000,1783551000000,D001048,1783551000000,1783554000000,1.1449,1.14485,1,1,7,4077
1048,ZONE_CREATED,2026-07-08 20:00:00.000,1783551600000,D001049,1783551600000,1783554600000,1.145,1.14495,1,-1,2,4087
1049,ZONE_CREATED,2026-07-08 20:03:00.000,1783551780000,D001050,1783551780000,1783554780000,1.145,1.14495,1,1,3,4090
1050,ZONE_CREATED,2026-07-08 20:05:00.000,1783551900000,D001051,1783551900000,1783554900000,1.145,1.14495,1,-1,4,4092
1051,ZONE_CREATED,2026-07-08 20:06:00.000,1783551960000,D001052,1783551960000,1783554960000,1.145,1.14495,1,-1,5,4093
1052,ZONE_CREATED,2026-07-08 20:21:00.000,1783552860000,D001053,1783552860000,1783555860000,1.1448,1.14475,1,1,1,4108
1053,ZONE_CREATED,2026-07-08 20:29:00.000,1783553340000,D001054,1783553340000,1783556340000,1.1449,1.14485,1,1,6,4116
1054,ZONE_CREATED,2026-07-08 20:30:00.000,1783553400000,D001055,1783553400000,1783556400000,1.1449,1.14485,1,-1,7,4117
1055,ZONE_CREATED,2026-07-08 20:37:00.000,1783553820000,D001056,1783553820000,1783556820000,1.145,1.14495,1,1,5,4124
1056,ZONE_CREATED,2026-07-08 20:45:00.000,1783554300000,D001057,1783554300000,1783557300000,1.14515,1.14505,2,-1,1,4132
1057,ZONE_CREATED,2026-07-08 20:57:00.000,1783555020000,D001058,1783555020000,1783558020000,1.1452,1.14515,1,1,2,4144
1058,ZONE_CREATED,2026-07-08 20:58:00.000,1783555080000,D001059,1783555080000,1783558080000,1.14525,1.1452,1,-1,2,4145
1059,ZONE_CREATED,2026-07-08 21:02:00.000,1783555320000,D001060,1783555320000,1783558320000,1.14535,1.1453,1,1,1,4149
1060,ZONE_CREATED,2026-07-08 21:08:00.000,1783555680000,D001061,1783555680000,1783558680000,1.14565,1.1456,1,-1,1,4155
1061,ZONE_CREATED,2026-07-08 21:12:00.000,1783555920000,D001062,1783555920000,1783558920000,1.14585,1.1458,1,1,1,4159
1062,ZONE_CREATED,2026-07-08 21:27:00.000,1783556820000,D001063,1783556820000,1783559820000,1.14575,1.1457,1,-1,1,4174
1063,ZONE_CREATED,2026-07-08 21:33:00.000,1783557180000,D001064,1783557180000,1783560180000,1.14605,1.146,1,1,1,4180
1064,ZONE_CREATED,2026-07-08 21:36:00.000,1783557360000,D001065,1783557360000,1783560360000,1.14595,1.1459,1,1,1,4183
1065,ZONE_CREATED,2026-07-08 21:37:00.000,1783557420000,D001066,1783557420000,1783560420000,1.14605,1.146,1,-1,2,4184
1066,ZONE_CREATED,2026-07-08 21:38:00.000,1783557480000,D001067,1783557480000,1783560480000,1.14595,1.1459,1,-1,2,4185
1067,ZONE_CREATED,2026-07-08 21:40:00.000,1783557600000,D001068,1783557600000,1783560600000,1.14595,1.1459,1,-1,3,4187
1068,ZONE_CREATED,2026-07-08 21:42:00.000,1783557720000,D001069,1783557720000,1783560720000,1.14595,1.1459,1,-1,4,4189
1069,ZONE_CREATED,2026-07-08 21:48:00.000,1783558080000,D001070,1783558080000,1783561080000,1.14565,1.14555,2,1,2,4195
1070,ZONE_CREATED,2026-07-08 21:50:00.000,1783558200000,D001071,1783558200000,1783561200000,1.14565,1.1456,1,-1,3,4197
1071,ZONE_CREATED,2026-07-08 21:53:00.000,1783558380000,D001072,1783558380000,1783561380000,1.14555,1.1455,1,1,2,4200
1072,ZONE_CREATED,2026-07-08 21:57:00.000,1783558620000,D001073,1783558620000,1783561620000,1.14555,1.1455,1,-1,3,4204
1073,ZONE_CREATED,2026-07-08 21:59:00.000,1783558740000,D001074,1783558740000,1783561740000,1.14565,1.1456,1,-1,3,4206
1074,ZONE_CREATED,2026-07-08 22:01:00.000,1783558860000,D001075,1783558860000,1783561860000,1.14565,1.1456,1,1,4,4208
1075,ZONE_CREATED,2026-07-08 22:03:00.000,1783558980000,D001076,1783558980000,1783561980000,1.14555,1.1455,1,1,4,4210
1076,ZONE_CREATED,2026-07-08 22:08:00.000,1783559280000,D001077,1783559280000,1783562280000,1.14555,1.1455,1,1,5,4215
1077,ZONE_CREATED,2026-07-08 22:14:00.000,1783559640000,D001078,1783559640000,1783562640000,1.14535,1.1453,1,1,1,4221
1078,ZONE_CREATED,2026-07-08 22:16:00.000,1783559760000,D001079,1783559760000,1783562760000,1.14545,1.1454,1,-1,1,4223
1079,ZONE_CREATED,2026-07-08 22:20:00.000,1783560000000,D001080,1783560000000,1783563000000,1.14545,1.14535,2,1,3,4227
1080,ZONE_CREATED,2026-07-08 22:24:00.000,1783560240000,D001081,1783560240000,1783563240000,1.14535,1.1453,1,1,3,4231
1081,ZONE_CREATED,2026-07-08 22:27:00.000,1783560420000,D001082,1783560420000,1783563420000,1.14535,1.1453,1,-1,4,4234
1082,ZONE_CREATED,2026-07-08 22:29:00.000,1783560540000,D001083,1783560540000,1783563540000,1.14525,1.1452,1,1,1,4236
1083,ZONE_CREATED,2026-07-08 22:30:00.000,1783560600000,D001084,1783560600000,1783563600000,1.14525,1.1452,1,1,2,4237
1084,ZONE_CREATED,2026-07-08 22:31:00.000,1783560660000,D001085,1783560660000,1783563660000,1.1452,1.14515,1,1,3,4238
1085,ZONE_CREATED,2026-07-08 22:34:00.000,1783560840000,D001086,1783560840000,1783563840000,1.1453,1.1452,2,1,7,4241
1086,ZONE_CREATED,2026-07-08 22:36:00.000,1783560960000,D001087,1783560960000,1783563960000,1.14535,1.1453,1,-1,6,4243
1087,ZONE_CREATED,2026-07-08 22:38:00.000,1783561080000,D001088,1783561080000,1783564080000,1.14555,1.1455,1,-1,6,4245
1088,ZONE_CREATED,2026-07-08 22:39:00.000,1783561140000,D001089,1783561140000,1783564140000,1.14555,1.1455,1,-1,6,4246
1089,ZONE_CREATED,2026-07-08 22:48:00.000,1783561680000,D001090,1783561680000,1783564680000,1.1452,1.14515,1,1,5,4255
1090,ZONE_CREATED,2026-07-08 22:56:00.000,1783562160000,D001091,1783562160000,1783565160000,1.14535,1.1453,1,-1,7,4263
1091,ZONE_CREATED,2026-07-08 22:57:00.000,1783562220000,D001092,1783562220000,1783565220000,1.14535,1.1453,1,1,8,4264
1092,ZONE_CREATED,2026-07-08 23:00:00.000,1783562400000,D001093,1783562400000,1783565400000,1.14565,1.1456,1,1,1,4267
1093,ZONE_CREATED,2026-07-08 23:02:00.000,1783562520000,D001094,1783562520000,1783565520000,1.14565,1.1456,1,1,2,4269
1094,ZONE_CREATED,2026-07-08 23:04:00.000,1783562640000,D001095,1783562640000,1783565640000,1.14575,1.1457,1,1,1,4271
1095,ZONE_CREATED,2026-07-08 23:05:00.000,1783562700000,D001096,1783562700000,1783565700000,1.14575,1.1457,1,1,2,4272
1096,ZONE_CREATED,2026-07-08 23:08:00.000,1783562880000,D001097,1783562880000,1783565880000,1.14575,1.1457,1,1,3,4275
1097,ZONE_CREATED,2026-07-08 23:09:00.000,1783562940000,D001098,1783562940000,1783565940000,1.14585,1.1458,1,-1,1,4276
1098,ZONE_CREATED,2026-07-08 23:14:00.000,1783563240000,D001099,1783563240000,1783566240000,1.14575,1.1457,1,1,4,4281
1099,ZONE_CREATED,2026-07-08 23:22:00.000,1783563720000,D001100,1783563720000,1783566720000,1.14575,1.1457,1,-1,5,4288
1100,ZONE_CREATED,2026-07-08 23:23:00.000,1783563780000,D001101,1783563780000,1783566780000,1.14575,1.1457,1,1,6,4289
1101,ZONE_CREATED,2026-07-08 23:26:00.000,1783563960000,D001102,1783563960000,1783566960000,1.14575,1.1457,1,-1,7,4292
1102,ZONE_CREATED,2026-07-08 23:29:00.000,1783564140000,D001103,1783564140000,1783567140000,1.14575,1.1457,1,1,8,4295
1103,ZONE_CREATED,2026-07-08 23:42:00.000,1783564920000,D001104,1783564920000,1783567920000,1.14555,1.1455,1,1,1,4307
1104,ZONE_CREATED,2026-07-08 23:43:00.000,1783564980000,D001105,1783564980000,1783567980000,1.14555,1.1455,1,-1,2,4308
1105,ZONE_CREATED,2026-07-08 23:44:00.000,1783565040000,D001106,1783565040000,1783568040000,1.14555,1.1455,1,1,3,4309
1106,ZONE_CREATED,2026-07-08 23:46:00.000,1783565160000,D001107,1783565160000,1783568160000,1.14565,1.1456,1,1,3,4310
1107,ZONE_CREATED,2026-07-08 23:49:00.000,1783565340000,D001108,1783565340000,1783568340000,1.14575,1.1457,1,1,9,4313
1108,ZONE_CREATED,2026-07-08 23:50:00.000,1783565400000,D001109,1783565400000,1783568400000,1.14575,1.1457,1,-1,10,4314
1109,ZONE_CREATED,2026-07-08 23:51:00.000,1783565460000,D001110,1783565460000,1783568460000,1.14575,1.1457,1,-1,11,4315
1110,ZONE_CREATED,2026-07-08 23:52:00.000,1783565520000,D001111,1783565520000,1783568520000,1.14565,1.1456,1,-1,4,4316
1111,ZONE_CREATED,2026-07-08 23:53:00.000,1783565580000,D001112,1783565580000,1783568580000,1.14565,1.1456,1,1,5,4317
1112,ZONE_CREATED,2026-07-08 23:55:00.000,1783565700000,D001113,1783565700000,1783568700000,1.1456,1.1455,2,1,8,4319
1113,ZONE_CREATED,2026-07-08 23:58:00.000,1783565880000,D001114,1783565880000,1783568880000,1.14555,1.1455,1,-1,5,4322
1114,ZONE_CREATED,2026-07-08 23:59:00.000,1783565940000,D001115,1783565940000,1783568940000,1.14555,1.1455,1,1,6,4323
1115,ZONE_CREATED,2026-07-09 00:01:00.000,1783566060000,D001116,1783566060000,1783569060000,1.14555,1.1455,1,1,7,4325
1116,ZONE_CREATED,2026-07-09 00:09:00.000,1783566540000,D001117,1783566540000,1783569540000,1.14565,1.1456,1,1,5,4330
1117,ZONE_CREATED,2026-07-09 00:10:00.000,1783566600000,D001118,1783566600000,1783569600000,1.14565,1.1456,1,-1,6,4331
1118,ZONE_CREATED,2026-07-09 00:19:00.000,1783567140000,D001119,1783567140000,1783570140000,1.14545,1.1454,1,-1,1,4340
1119,ZONE_CREATED,2026-07-09 00:24:00.000,1783567440000,D001120,1783567440000,1783570440000,1.14545,1.1454,1,1,2,4344
1120,ZONE_CREATED,2026-07-09 00:27:00.000,1783567620000,D001121,1783567620000,1783570620000,1.14575,1.1457,1,-1,4,4347
1121,ZONE_CREATED,2026-07-09 00:29:00.000,1783567740000,D001122,1783567740000,1783570740000,1.14565,1.1456,1,1,7,4349
1122,ZONE_CREATED,2026-07-09 00:34:00.000,1783568040000,D001123,1783568040000,1783571040000,1.14605,1.146,1,-1,1,4354
1123,ZONE_CREATED,2026-07-09 00:47:00.000,1783568820000,D001124,1783568820000,1783571820000,1.14575,1.1457,1,-1,2,4366
1124,ZONE_CREATED,2026-07-09 00:52:00.000,1783569120000,D001125,1783569120000,1783572120000,1.14575,1.1457,1,1,3,4371
1125,ZONE_CREATED,2026-07-09 00:55:00.000,1783569300000,D001126,1783569300000,1783572300000,1.1459,1.1458,2,-1,1,4374
1126,ZONE_CREATED,2026-07-09 00:58:00.000,1783569480000,D001127,1783569480000,1783572480000,1.14575,1.1457,1,-1,4,4377
1127,ZONE_CREATED,2026-07-09 01:00:00.000,1783569600000,D001128,1783569600000,1783572600000,1.14575,1.1457,1,-1,5,4379
1128,ZONE_CREATED,2026-07-09 01:05:00.000,1783569900000,D001129,1783569900000,1783572900000,1.14575,1.14565,2,1,7,4383
1129,ZONE_CREATED,2026-07-09 01:09:00.000,1783570140000,D001130,1783570140000,1783573140000,1.14575,1.1457,1,1,7,4385
1130,ZONE_CREATED,2026-07-09 01:29:00.000,1783571340000,D001131,1783571340000,1783574340000,1.14565,1.1456,1,-1,2,4404
1131,ZONE_CREATED,2026-07-09 01:32:00.000,1783571520000,D001132,1783571520000,1783574520000,1.14565,1.1456,1,1,3,4407
1132,ZONE_CREATED,2026-07-09 01:39:00.000,1783571940000,D001133,1783571940000,1783574940000,1.14565,1.1456,1,1,4,4413
1133,ZONE_CREATED,2026-07-09 01:46:00.000,1783572360000,D001134,1783572360000,1783575360000,1.14565,1.1456,1,-1,5,4419
1134,ZONE_CREATED,2026-07-09 01:55:00.000,1783572900000,D001135,1783572900000,1783575900000,1.14575,1.1457,1,-1,5,4425
1135,ZONE_CREATED,2026-07-09 01:57:00.000,1783573020000,D001136,1783573020000,1783576020000,1.14575,1.1457,1,1,6,4426
1136,ZONE_CREATED,2026-07-09 01:59:00.000,1783573140000,D001137,1783573140000,1783576140000,1.14575,1.1457,1,1,7,4427
1137,ZONE_CREATED,2026-07-09 02:00:00.000,1783573200000,D001138,1783573200000,1783576200000,1.14575,1.1457,1,-1,7,4428
1138,ZONE_CREATED,2026-07-09 02:05:00.000,1783573500000,D001139,1783573500000,1783576500000,1.14575,1.1457,1,-1,7,4433
1139,ZONE_CREATED,2026-07-09 02:06:00.000,1783573560000,D001140,1783573560000,1783576560000,1.14575,1.1457,1,1,7,4434
1140,ZONE_CREATED,2026-07-09 02:13:00.000,1783573980000,D001141,1783573980000,1783576980000,1.14615,1.14605,2,1,1,4440
1141,ZONE_CREATED,2026-07-09 02:14:00.000,1783574040000,D001142,1783574040000,1783577040000,1.1462,1.14615,1,1,2,4441
1142,ZONE_CREATED,2026-07-09 02:17:00.000,1783574220000,D001143,1783574220000,1783577220000,1.14615,1.1461,1,1,3,4444
1143,ZONE_CREATED,2026-07-09 02:18:00.000,1783574280000,D001144,1783574280000,1783577280000,1.14615,1.1461,1,-1,4,4445
1144,ZONE_CREATED,2026-07-09 02:19:00.000,1783574340000,D001145,1783574340000,1783577340000,1.14605,1.146,1,-1,2,4446
1145,ZONE_CREATED,2026-07-09 02:26:00.000,1783574760000,D001146,1783574760000,1783577760000,1.1462,1.14615,1,1,5,4453
1146,ZONE_CREATED,2026-07-09 02:28:00.000,1783574880000,D001147,1783574880000,1783577880000,1.1462,1.14615,1,-1,6,4455
1147,ZONE_CREATED,2026-07-09 02:32:00.000,1783575120000,D001148,1783575120000,1783578120000,1.1462,1.14615,1,-1,7,4459
1148,ZONE_CREATED,2026-07-09 02:40:00.000,1783575600000,D001149,1783575600000,1783578600000,1.1464,1.14635,1,-1,1,4467
1149,ZONE_CREATED,2026-07-09 02:41:00.000,1783575660000,D001150,1783575660000,1783578660000,1.1463,1.14625,1,-1,1,4468
1150,ZONE_CREATED,2026-07-09 02:51:00.000,1783576260000,D001151,1783576260000,1783579260000,1.1464,1.14635,1,-1,2,4478
1151,ZONE_CREATED,2026-07-09 02:53:00.000,1783576380000,D001152,1783576380000,1783579380000,1.1463,1.14625,1,1,2,4480
1152,ZONE_CREATED,2026-07-09 02:58:00.000,1783576680000,D001153,1783576680000,1783579680000,1.1462,1.14615,1,1,8,4485
1153,ZONE_CREATED,2026-07-09 03:02:00.000,1783576920000,D001154,1783576920000,1783579920000,1.1465,1.14645,1,-1,1,4489
1154,ZONE_CREATED,2026-07-09 03:04:00.000,1783577040000,D001155,1783577040000,1783580040000,1.1466,1.14655,1,-1,1,4491
1155,ZONE_CREATED,2026-07-09 03:12:00.000,1783577520000,D001156,1783577520000,1783580520000,1.1465,1.14645,1,-1,2,4499
1156,ZONE_CREATED,2026-07-09 03:13:00.000,1783577580000,D001157,1783577580000,1783580580000,1.1465,1.14645,1,-1,3,4500
1157,ZONE_CREATED,2026-07-09 03:14:00.000,1783577640000,D001158,1783577640000,1783580640000,1.1465,1.14645,1,-1,4,4501
1158,ZONE_CREATED,2026-07-09 03:15:00.000,1783577700000,D001159,1783577700000,1783580700000,1.1465,1.14645,1,-1,5,4502
1159,ZONE_CREATED,2026-07-09 03:16:00.000,1783577760000,D001160,1783577760000,1783580760000,1.14665,1.14655,2,1,2,4503
1160,ZONE_CREATED,2026-07-09 03:23:00.000,1783578180000,D001161,1783578180000,1783581180000,1.14725,1.1472,1,-1,1,4510
1161,ZONE_CREATED,2026-07-09 03:30:00.000,1783578600000,D001162,1783578600000,1783581600000,1.14775,1.1477,1,-1,1,4517
1162,ZONE_CREATED,2026-07-09 03:40:00.000,1783579200000,D001163,1783579200000,1783582200000,1.14755,1.1475,1,-1,1,4527
1163,ZONE_CREATED,2026-07-09 03:41:00.000,1783579260000,D001164,1783579260000,1783582260000,1.14735,1.1473,1,-1,1,4528
1164,ZONE_CREATED,2026-07-09 03:45:00.000,1783579500000,D001165,1783579500000,1783582500000,1.14765,1.1476,1,1,1,4532
1165,ZONE_CREATED,2026-07-09 03:50:00.000,1783579800000,D001166,1783579800000,1783582800000,1.14745,1.1474,1,-1,1,4537
1166,ZONE_CREATED,2026-07-09 03:52:00.000,1783579920000,D001167,1783579920000,1783582920000,1.14745,1.1474,1,1,2,4539
1167,ZONE_CREATED,2026-07-09 03:54:00.000,1783580040000,D001168,1783580040000,1783583040000,1.14725,1.1472,1,1,2,4541
1168,ZONE_CREATED,2026-07-09 03:58:00.000,1783580280000,D001169,1783580280000,1783583280000,1.1471,1.14705,1,1,1,4545
1169,ZONE_CREATED,2026-07-09 04:03:00.000,1783580580000,D001170,1783580580000,1783583580000,1.1471,1.14705,1,-1,2,4550
1170,ZONE_CREATED,2026-07-09 04:05:00.000,1783580700000,D001171,1783580700000,1783583700000,1.147,1.1469,2,-1,1,4552
1171,ZONE_CREATED,2026-07-09 04:12:00.000,1783581120000,D001172,1783581120000,1783584120000,1.1468,1.14675,1,1,1,4559
1172,ZONE_CREATED,2026-07-09 04:18:00.000,1783581480000,D001173,1783581480000,1783584480000,1.1467,1.14665,1,1,1,4565
1173,ZONE_CREATED,2026-07-09 04:24:00.000,1783581840000,D001174,1783581840000,1783584840000,1.1468,1.14675,1,-1,2,4571
1174,ZONE_CREATED,2026-07-09 04:26:00.000,1783581960000,D001175,1783581960000,1783584960000,1.1468,1.14675,1,-1,3,4573
1175,ZONE_CREATED,2026-07-09 04:28:00.000,1783582080000,D001176,1783582080000,1783585080000,1.1468,1.14675,1,1,4,4575
1176,ZONE_CREATED,2026-07-09 04:40:00.000,1783582800000,D001177,1783582800000,1783585800000,1.1467,1.14665,1,-1,2,4587
1177,ZONE_CREATED,2026-07-09 04:43:00.000,1783582980000,D001178,1783582980000,1783585980000,1.1466,1.14655,1,1,1,4590
1178,ZONE_CREATED,2026-07-09 04:49:00.000,1783583340000,D001179,1783583340000,1783586340000,1.1465,1.14645,1,1,1,4596
1179,ZONE_CREATED,2026-07-09 04:53:00.000,1783583580000,D001180,1783583580000,1783586580000,1.1465,1.14645,1,1,2,4600
1180,ZONE_CREATED,2026-07-09 04:55:00.000,1783583700000,D001181,1783583700000,1783586700000,1.1465,1.14645,1,-1,3,4602
1181,ZONE_CREATED,2026-07-09 05:03:00.000,1783584180000,D001182,1783584180000,1783587180000,1.1465,1.14645,1,1,4,4610
1182,ZONE_CREATED,2026-07-09 05:05:00.000,1783584300000,D001183,1783584300000,1783587300000,1.1466,1.14655,1,1,2,4612
1183,ZONE_CREATED,2026-07-09 05:10:00.000,1783584600000,D001184,1783584600000,1783587600000,1.1468,1.14675,1,1,4,4617
1184,ZONE_CREATED,2026-07-09 05:20:00.000,1783585200000,D001185,1783585200000,1783588200000,1.1468,1.14675,1,1,2,4627
1185,ZONE_CREATED,2026-07-09 05:32:00.000,1783585920000,D001186,1783585920000,1783588920000,1.1467,1.14665,1,-1,1,4639
1186,ZONE_CREATED,2026-07-09 05:35:00.000,1783586100000,D001187,1783586100000,1783589100000,1.1465,1.14645,1,1,5,4642
1187,ZONE_CREATED,2026-07-09 05:39:00.000,1783586340000,D001188,1783586340000,1783589340000,1.1465,1.14645,1,-1,6,4646
1188,ZONE_CREATED,2026-07-09 05:44:00.000,1783586640000,D001189,1783586640000,1783589640000,1.1462,1.14615,1,1,1,4651
1189,ZONE_CREATED,2026-07-09 05:45:00.000,1783586700000,D001190,1783586700000,1783589700000,1.1463,1.14625,1,-1,1,4652
1190,ZONE_CREATED,2026-07-09 05:48:00.000,1783586880000,D001191,1783586880000,1783589880000,1.14605,1.146,1,1,1,4655
1191,ZONE_CREATED,2026-07-09 06:03:00.000,1783587780000,D001192,1783587780000,1783590780000,1.14585,1.1458,1,1,1,4670
1192,ZONE_CREATED,2026-07-09 06:04:00.000,1783587840000,D001193,1783587840000,1783590840000,1.14585,1.1458,1,-1,2,4671
1193,ZONE_CREATED,2026-07-09 06:06:00.000,1783587960000,D001194,1783587960000,1783590960000,1.14585,1.14575,2,-1,3,4673
1194,ZONE_CREATED,2026-07-09 06:09:00.000,1783588140000,D001195,1783588140000,1783591140000,1.14565,1.1456,1,-1,1,4676
1195,ZONE_CREATED,2026-07-09 06:11:00.000,1783588260000,D001196,1783588260000,1783591260000,1.14565,1.1456,1,-1,2,4678
1196,ZONE_CREATED,2026-07-09 06:12:00.000,1783588320000,D001197,1783588320000,1783591320000,1.14565,1.1456,1,1,3,4679
1197,ZONE_CREATED,2026-07-09 06:15:00.000,1783588500000,D001198,1783588500000,1783591500000,1.14565,1.1456,1,1,4,4682
1198,ZONE_CREATED,2026-07-09 06:17:00.000,1783588620000,D001199,1783588620000,1783591620000,1.14565,1.1456,1,1,5,4684
1199,ZONE_CREATED,2026-07-09 06:18:00.000,1783588680000,D001200,1783588680000,1783591680000,1.14575,1.1457,1,1,2,4685
1200,ZONE_CREATED,2026-07-09 06:26:00.000,1783589160000,D001201,1783589160000,1783592160000,1.14565,1.1456,1,-1,6,4693
1201,ZONE_CREATED,2026-07-09 06:28:00.000,1783589280000,D001202,1783589280000,1783592280000,1.14585,1.1458,1,1,4,4695
1202,ZONE_CREATED,2026-07-09 06:38:00.000,1783589880000,D001203,1783589880000,1783592880000,1.14575,1.1457,1,-1,3,4705
1203,ZONE_CREATED,2026-07-09 06:42:00.000,1783590120000,D001204,1783590120000,1783593120000,1.14565,1.1456,1,-1,7,4709
1204,ZONE_CREATED,2026-07-09 06:48:00.000,1783590480000,D001205,1783590480000,1783593480000,1.14575,1.1457,1,-1,4,4715
1205,ZONE_CREATED,2026-07-09 06:57:00.000,1783591020000,D001206,1783591020000,1783594020000,1.14595,1.1459,1,1,1,4724
1206,ZONE_CREATED,2026-07-09 06:59:00.000,1783591140000,D001207,1783591140000,1783594140000,1.1462,1.1461,2,-1,1,4726
1207,ZONE_CREATED,2026-07-09 07:02:00.000,1783591320000,D001208,1783591320000,1783594320000,1.14595,1.14585,2,1,3,4729
1208,ZONE_CREATED,2026-07-09 07:04:00.000,1783591440000,D001209,1783591440000,1783594440000,1.14595,1.1459,1,1,3,4731
1209,ZONE_CREATED,2026-07-09 07:05:00.000,1783591500000,D001210,1783591500000,1783594500000,1.14595,1.1459,1,1,4,4732
1210,ZONE_CREATED,2026-07-09 07:06:00.000,1783591560000,D001211,1783591560000,1783594560000,1.14585,1.1458,1,-1,3,4733
1211,ZONE_CREATED,2026-07-09 07:07:00.000,1783591620000,D001212,1783591620000,1783594620000,1.14595,1.1459,1,-1,5,4734
1212,ZONE_CREATED,2026-07-09 07:10:00.000,1783591800000,D001213,1783591800000,1783594800000,1.14595,1.1459,1,-1,6,4737
1213,ZONE_CREATED,2026-07-09 07:16:00.000,1783592160000,D001214,1783592160000,1783595160000,1.14595,1.1459,1,1,7,4743
1214,ZONE_CREATED,2026-07-09 07:23:00.000,1783592580000,D001215,1783592580000,1783595580000,1.14585,1.1458,1,-1,3,4750
1215,ZONE_CREATED,2026-07-09 07:24:00.000,1783592640000,D001216,1783592640000,1783595640000,1.14575,1.1457,1,1,3,4751
1216,ZONE_CREATED,2026-07-09 07:25:00.000,1783592700000,D001217,1783592700000,1783595700000,1.14575,1.1457,1,-1,4,4752
1217,ZONE_CREATED,2026-07-09 07:28:00.000,1783592880000,D001218,1783592880000,1783595880000,1.14575,1.1457,1,1,5,4755
1218,ZONE_CREATED,2026-07-09 07:31:00.000,1783593060000,D001219,1783593060000,1783596060000,1.14575,1.14565,2,1,6,4758
1219,ZONE_CREATED,2026-07-09 07:33:00.000,1783593180000,D001220,1783593180000,1783596180000,1.14585,1.1458,1,1,4,4760
1220,ZONE_CREATED,2026-07-09 07:36:00.000,1783593360000,D001221,1783593360000,1783596360000,1.14615,1.1461,1,1,2,4763
1221,ZONE_CREATED,2026-07-09 07:38:00.000,1783593480000,D001222,1783593480000,1783596480000,1.14615,1.1461,1,1,3,4765
1222,ZONE_CREATED,2026-07-09 07:48:00.000,1783594080000,D001223,1783594080000,1783597080000,1.14585,1.1458,1,-1,5,4775
1223,ZONE_CREATED,2026-07-09 07:56:00.000,1783594560000,D001224,1783594560000,1783597560000,1.14535,1.1453,1,1,1,4783
1224,ZONE_CREATED,2026-07-09 08:00:00.000,1783594800000,D001225,1783594800000,1783597800000,1.1454,1.1453,2,1,2,4787
1225,ZONE_CREATED,2026-07-09 08:05:00.000,1783595100000,D001226,1783595100000,1783598100000,1.14535,1.1453,1,-1,3,4792
1226,ZONE_CREATED,2026-07-09 08:12:00.000,1783595520000,D001227,1783595520000,1783598520000,1.14545,1.1454,1,1,2,4799
1227,ZONE_CREATED,2026-07-09 08:13:00.000,1783595580000,D001228,1783595580000,1783598580000,1.14555,1.1455,1,-1,1,4800
1228,ZONE_CREATED,2026-07-09 08:17:00.000,1783595820000,D001229,1783595820000,1783598820000,1.14565,1.1456,1,1,2,4804
1229,ZONE_CREATED,2026-07-09 08:20:00.000,1783596000000,D001230,1783596000000,1783599000000,1.14555,1.1455,1,-1,2,4807
1230,ZONE_CREATED,2026-07-09 08:22:00.000,1783596120000,D001231,1783596120000,1783599120000,1.14545,1.1454,1,-1,3,4809
1231,ZONE_CREATED,2026-07-09 08:23:00.000,1783596180000,D001232,1783596180000,1783599180000,1.14545,1.1454,1,1,4,4810
1232,ZONE_CREATED,2026-07-09 08:26:00.000,1783596360000,D001233,1783596360000,1783599360000,1.14545,1.1454,1,-1,5,4813
1233,ZONE_CREATED,2026-07-09 08:29:00.000,1783596540000,D001234,1783596540000,1783599540000,1.14555,1.1455,1,-1,3,4816
1234,ZONE_CREATED,2026-07-09 08:31:00.000,1783596660000,D001235,1783596660000,1783599660000,1.14535,1.1453,1,1,4,4818
1235,ZONE_CREATED,2026-07-09 08:33:00.000,1783596780000,D001236,1783596780000,1783599780000,1.14555,1.1455,1,-1,4,4820
1236,ZONE_CREATED,2026-07-09 08:34:00.000,1783596840000,D001237,1783596840000,1783599840000,1.14555,1.1455,1,1,5,4821
1237,ZONE_CREATED,2026-07-09 08:41:00.000,1783597260000,D001238,1783597260000,1783600260000,1.14565,1.1456,1,1,2,4828
1238,ZONE_CREATED,2026-07-09 08:54:00.000,1783598040000,D001239,1783598040000,1783601040000,1.14595,1.1459,1,-1,1,4841
1239,ZONE_CREATED,2026-07-09 09:08:00.000,1783598880000,D001240,1783598880000,1783601880000,1.1464,1.14635,1,1,1,4855
1240,ZONE_CREATED,2026-07-09 09:10:00.000,1783599000000,D001241,1783599000000,1783602000000,1.1465,1.14645,1,-1,1,4857
1241,ZONE_CREATED,2026-07-09 09:11:00.000,1783599060000,D001242,1783599060000,1783602060000,1.1466,1.14655,1,-1,1,4858
1242,ZONE_CREATED,2026-07-09 09:18:00.000,1783599480000,D001243,1783599480000,1783602480000,1.1465,1.14645,1,-1,2,4865
1243,ZONE_CREATED,2026-07-09 09:20:00.000,1783599600000,D001244,1783599600000,1783602600000,1.1465,1.14645,1,-1,3,4867
1244,ZONE_CREATED,2026-07-09 09:33:00.000,1783600380000,D001245,1783600380000,1783603380000,1.1465,1.14645,1,-1,4,4880
1245,ZONE_CREATED,2026-07-09 09:34:00.000,1783600440000,D001246,1783600440000,1783603440000,1.1465,1.14645,1,-1,5,4881
1246,ZONE_CREATED,2026-07-09 09:38:00.000,1783600680000,D001247,1783600680000,1783603680000,1.1463,1.14625,1,1,1,4885
1247,ZONE_CREATED,2026-07-09 09:42:00.000,1783600920000,D001248,1783600920000,1783603920000,1.14605,1.146,1,-1,1,4889
1248,ZONE_CREATED,2026-07-09 09:48:00.000,1783601280000,D001249,1783601280000,1783604280000,1.14585,1.1458,1,-1,1,4895
1249,ZONE_CREATED,2026-07-09 09:58:00.000,1783601880000,D001250,1783601880000,1783604880000,1.14565,1.1456,1,-1,1,4905
1250,ZONE_CREATED,2026-07-09 09:59:00.000,1783601940000,D001251,1783601940000,1783604940000,1.14545,1.1454,1,1,1,4906
1251,ZONE_CREATED,2026-07-09 10:03:00.000,1783602180000,D001252,1783602180000,1783605180000,1.14575,1.1457,1,1,1,4910
1252,ZONE_CREATED,2026-07-09 10:04:00.000,1783602240000,D001253,1783602240000,1783605240000,1.14575,1.1457,1,-1,2,4911
1253,ZONE_CREATED,2026-07-09 10:09:00.000,1783602540000,D001254,1783602540000,1783605540000,1.14605,1.146,1,1,2,4916
1254,ZONE_CREATED,2026-07-09 10:10:00.000,1783602600000,D001255,1783602600000,1783605600000,1.14605,1.146,1,1,3,4917
1255,ZONE_CREATED,2026-07-09 10:18:00.000,1783603080000,D001256,1783603080000,1783606080000,1.1466,1.14655,1,-1,1,4925
1256,ZONE_CREATED,2026-07-09 10:20:00.000,1783603200000,D001257,1783603200000,1783606200000,1.1463,1.14625,1,-1,2,4927
1257,ZONE_CREATED,2026-07-09 10:23:00.000,1783603380000,D001258,1783603380000,1783606380000,1.1463,1.1462,2,1,3,4930
1258,ZONE_CREATED,2026-07-09 10:31:00.000,1783603860000,D001259,1783603860000,1783606860000,1.1466,1.14655,1,1,2,4938
1259,ZONE_CREATED,2026-07-09 10:32:00.000,1783603920000,D001260,1783603920000,1783606920000,1.1463,1.14625,1,1,3,4939
1260,ZONE_CREATED,2026-07-09 10:33:00.000,1783603980000,D001261,1783603980000,1783606980000,1.1464,1.14635,1,-1,1,4940
1261,ZONE_CREATED,2026-07-09 10:38:00.000,1783604280000,D001262,1783604280000,1783607280000,1.1464,1.14635,1,-1,2,4945
1262,ZONE_CREATED,2026-07-09 10:40:00.000,1783604400000,D001263,1783604400000,1783607400000,1.1463,1.14625,1,-1,4,4947
1263,ZONE_CREATED,2026-07-09 10:51:00.000,1783605060000,D001264,1783605060000,1783608060000,1.1467,1.14665,1,-1,1,4958
1264,ZONE_CREATED,2026-07-09 10:52:00.000,1783605120000,D001265,1783605120000,1783608120000,1.1468,1.14675,1,-1,1,4959
1265,ZONE_CREATED,2026-07-09 10:59:00.000,1783605540000,D001266,1783605540000,1783608540000,1.1469,1.14685,1,-1,1,4966
1266,ZONE_CREATED,2026-07-09 11:00:00.000,1783605600000,D001267,1783605600000,1783608600000,1.147,1.14695,1,1,1,4967
1267,ZONE_CREATED,2026-07-09 11:02:00.000,1783605720000,D001268,1783605720000,1783608720000,1.14735,1.1473,1,-1,1,4969
1268,ZONE_CREATED,2026-07-09 11:04:00.000,1783605840000,D001269,1783605840000,1783608840000,1.14755,1.1475,1,1,1,4971
1269,ZONE_CREATED,2026-07-09 11:06:00.000,1783605960000,D001270,1783605960000,1783608960000,1.14755,1.1475,1,-1,2,4973
1270,ZONE_CREATED,2026-07-09 11:08:00.000,1783606080000,D001271,1783606080000,1783609080000,1.1472,1.14715,1,1,1,4975
1271,ZONE_CREATED,2026-07-09 11:09:00.000,1783606140000,D001272,1783606140000,1783609140000,1.14725,1.1472,1,1,2,4976
1272,ZONE_CREATED,2026-07-09 11:19:00.000,1783606740000,D001273,1783606740000,1783609740000,1.1468,1.14675,1,-1,2,4986
1273,ZONE_CREATED,2026-07-09 11:28:00.000,1783607280000,D001274,1783607280000,1783610280000,1.147,1.14695,1,1,2,4995
1274,ZONE_CREATED,2026-07-09 11:29:00.000,1783607340000,D001275,1783607340000,1783610340000,1.147,1.14695,1,1,3,4996
1275,ZONE_CREATED,2026-07-09 11:33:00.000,1783607580000,D001276,1783607580000,1783610580000,1.1468,1.14675,1,1,3,5000
1276,ZONE_CREATED,2026-07-09 11:36:00.000,1783607760000,D001277,1783607760000,1783610760000,1.14725,1.1472,1,1,3,5003
1277,ZONE_CREATED,2026-07-09 11:37:00.000,1783607820000,D001278,1783607820000,1783610820000,1.1471,1.14705,1,-1,1,5004
1278,ZONE_CREATED,2026-07-09 11:45:00.000,1783608300000,D001279,1783608300000,1783611300000,1.1467,1.14665,1,1,1,5012
1279,ZONE_CREATED,2026-07-09 11:50:00.000,1783608600000,D001280,1783608600000,1783611600000,1.1466,1.1465,2,1,1,5017
1280,ZONE_CREATED,2026-07-09 11:58:00.000,1783609080000,D001281,1783609080000,1783612080000,1.1463,1.14625,1,1,1,5025
1281,ZONE_CREATED,2026-07-09 12:05:00.000,1783609500000,D001282,1783609500000,1783612500000,1.14615,1.1461,1,1,1,5032
1282,ZONE_CREATED,2026-07-09 12:14:00.000,1783610040000,D001283,1783610040000,1783613040000,1.14615,1.1461,1,-1,2,5041
1283,ZONE_CREATED,2026-07-09 12:15:00.000,1783610100000,D001284,1783610100000,1783613100000,1.1462,1.14615,1,1,3,5042
1284,ZONE_CREATED,2026-07-09 12:17:00.000,1783610220000,D001285,1783610220000,1783613220000,1.14615,1.1461,1,-1,4,5044
1285,ZONE_CREATED,2026-07-09 12:19:00.000,1783610340000,D001286,1783610340000,1783613340000,1.14615,1.1461,1,1,5,5046
1286,ZONE_CREATED,2026-07-09 12:23:00.000,1783610580000,D001287,1783610580000,1783613580000,1.14615,1.1461,1,-1,6,5050
1287,ZONE_CREATED,2026-07-09 12:26:00.000,1783610760000,D001288,1783610760000,1783613760000,1.1463,1.14625,1,1,2,5053
1288,ZONE_CREATED,2026-07-09 12:28:00.000,1783610880000,D001289,1783610880000,1783613880000,1.1465,1.1464,2,-1,2,5055
1289,ZONE_CREATED,2026-07-09 12:30:00.000,1783611000000,D001290,1783611000000,1783614000000,1.1464,1.14635,1,-1,2,5057
1290,ZONE_CREATED,2026-07-09 12:37:00.000,1783611420000,D001291,1783611420000,1783614420000,1.1462,1.14615,1,1,7,5064
1291,ZONE_CREATED,2026-07-09 12:38:00.000,1783611480000,D001292,1783611480000,1783614480000,1.1462,1.14615,1,1,8,5065
1292,ZONE_CREATED,2026-07-09 12:47:00.000,1783612020000,D001293,1783612020000,1783615020000,1.1469,1.14685,1,-1,1,5074
1293,ZONE_CREATED,2026-07-09 12:48:00.000,1783612080000,D001294,1783612080000,1783615080000,1.1468,1.1467,2,-1,1,5075
1294,ZONE_CREATED,2026-07-09 13:03:00.000,1783612980000,D001295,1783612980000,1783615980000,1.147,1.14695,1,1,1,5090
1295,ZONE_CREATED,2026-07-09 13:15:00.000,1783613700000,D001296,1783613700000,1783616700000,1.147,1.14695,1,-1,2,5102
1296,ZONE_CREATED,2026-07-09 13:19:00.000,1783613940000,D001297,1783613940000,1783616940000,1.1468,1.14675,1,1,2,5106
1297,ZONE_CREATED,2026-07-09 13:22:00.000,1783614120000,D001298,1783614120000,1783617120000,1.1467,1.14665,1,1,2,5109
1298,ZONE_CREATED,2026-07-09 13:43:00.000,1783615380000,D001299,1783615380000,1783618380000,1.147,1.14695,1,1,3,5130
1299,ZONE_CREATED,2026-07-09 13:48:00.000,1783615680000,D001300,1783615680000,1783618680000,1.1471,1.14705,1,1,1,5135
1300,ZONE_CREATED,2026-07-09 13:52:00.000,1783615920000,D001301,1783615920000,1783618920000,1.147,1.14695,1,1,4,5139
1301,ZONE_CREATED,2026-07-09 13:53:00.000,1783615980000,D001302,1783615980000,1783618980000,1.147,1.14695,1,-1,5,5140
1302,ZONE_CREATED,2026-07-09 13:56:00.000,1783616160000,D001303,1783616160000,1783619160000,1.1469,1.14685,1,-1,1,5143
1303,ZONE_CREATED,2026-07-09 13:58:00.000,1783616280000,D001304,1783616280000,1783619280000,1.1467,1.14665,1,1,2,5145
1304,ZONE_CREATED,2026-07-09 14:03:00.000,1783616580000,D001305,1783616580000,1783619580000,1.1467,1.14665,1,-1,3,5150
1305,ZONE_CREATED,2026-07-09 14:13:00.000,1783617180000,D001306,1783617180000,1783620180000,1.1466,1.14655,1,-1,1,5160
1306,ZONE_CREATED,2026-07-09 14:15:00.000,1783617300000,D001307,1783617300000,1783620300000,1.1467,1.14665,1,-1,3,5162
1307,ZONE_CREATED,2026-07-09 14:18:00.000,1783617480000,D001308,1783617480000,1783620480000,1.1468,1.14675,1,1,1,5165
1308,ZONE_CREATED,2026-07-09 14:19:00.000,1783617540000,D001309,1783617540000,1783620540000,1.1469,1.14685,1,1,2,5166
1309,ZONE_CREATED,2026-07-09 14:27:00.000,1783618020000,D001310,1783618020000,1783621020000,1.147,1.14695,1,-1,4,5174
1310,ZONE_CREATED,2026-07-09 14:31:00.000,1783618260000,D001311,1783618260000,1783621260000,1.1471,1.14705,1,-1,2,5178
1311,ZONE_CREATED,2026-07-09 14:38:00.000,1783618680000,D001312,1783618680000,1783621680000,1.1469,1.14685,1,1,3,5185
1312,ZONE_CREATED,2026-07-09 14:50:00.000,1783619400000,D001313,1783619400000,1783622400000,1.1468,1.14675,1,1,2,5197
1313,ZONE_CREATED,2026-07-09 14:53:00.000,1783619580000,D001314,1783619580000,1783622580000,1.1468,1.14675,1,-1,3,5199
1314,ZONE_CREATED,2026-07-09 14:54:00.000,1783619640000,D001315,1783619640000,1783622640000,1.1468,1.14675,1,-1,4,5200
1315,ZONE_CREATED,2026-07-09 14:56:00.000,1783619760000,D001316,1783619760000,1783622760000,1.1468,1.14675,1,1,5,5202
1316,ZONE_CREATED,2026-07-09 14:59:00.000,1783619940000,D001317,1783619940000,1783622940000,1.1468,1.14675,1,1,6,5205
1317,ZONE_CREATED,2026-07-09 15:04:00.000,1783620240000,D001318,1783620240000,1783623240000,1.1467,1.14665,1,-1,2,5210
1318,ZONE_CREATED,2026-07-09 15:10:00.000,1783620600000,D001319,1783620600000,1783623600000,1.1467,1.14665,1,1,2,5216
1319,ZONE_CREATED,2026-07-09 15:11:00.000,1783620660000,D001320,1783620660000,1783623660000,1.1467,1.14665,1,-1,3,5217
1320,ZONE_CREATED,2026-07-09 15:13:00.000,1783620780000,D001321,1783620780000,1783623780000,1.1466,1.14655,1,1,1,5219
1321,ZONE_CREATED,2026-07-09 15:14:00.000,1783620840000,D001322,1783620840000,1783623840000,1.1466,1.14655,1,1,2,5220
1322,ZONE_CREATED,2026-07-09 15:15:00.000,1783620900000,D001323,1783620900000,1783623900000,1.1466,1.14655,1,1,3,5221
1323,ZONE_CREATED,2026-07-09 15:17:00.000,1783621020000,D001324,1783621020000,1783624020000,1.1466,1.14655,1,-1,4,5223
1324,ZONE_CREATED,2026-07-09 15:19:00.000,1783621140000,D001325,1783621140000,1783624140000,1.1465,1.14645,1,-1,1,5225
1325,ZONE_CREATED,2026-07-09 15:26:00.000,1783621560000,D001326,1783621560000,1783624560000,1.1464,1.14635,1,1,1,5232
1326,ZONE_CREATED,2026-07-09 15:36:00.000,1783622160000,D001327,1783622160000,1783625160000,1.1463,1.14625,1,-1,1,5242
1327,ZONE_CREATED,2026-07-09 15:46:00.000,1783622760000,D001328,1783622760000,1783625760000,1.1463,1.14625,1,-1,2,5252
1328,ZONE_CREATED,2026-07-09 15:49:00.000,1783622940000,D001329,1783622940000,1783625940000,1.1464,1.14635,1,1,2,5254
1329,ZONE_CREATED,2026-07-09 15:52:00.000,1783623120000,D001330,1783623120000,1783626120000,1.1463,1.14625,1,1,3,5257
1330,ZONE_CREATED,2026-07-09 15:53:00.000,1783623180000,D001331,1783623180000,1783626180000,1.1463,1.14625,1,-1,4,5258
1331,ZONE_CREATED,2026-07-09 15:55:00.000,1783623300000,D001332,1783623300000,1783626300000,1.1464,1.14635,1,1,3,5260
1332,ZONE_CREATED,2026-07-09 15:56:00.000,1783623360000,D001333,1783623360000,1783626360000,1.1464,1.14635,1,-1,4,5261
1333,ZONE_CREATED,2026-07-09 15:57:00.000,1783623420000,D001334,1783623420000,1783626420000,1.1464,1.14635,1,1,5,5262
1334,ZONE_CREATED,2026-07-09 16:05:00.000,1783623900000,D001335,1783623900000,1783626900000,1.1463,1.14625,1,1,5,5270
1335,ZONE_CREATED,2026-07-09 16:11:00.000,1783624260000,D001336,1783624260000,1783627260000,1.14615,1.1461,1,-1,1,5276
1336,ZONE_CREATED,2026-07-09 16:15:00.000,1783624500000,D001337,1783624500000,1783627500000,1.1462,1.14615,1,1,2,5280
1337,ZONE_CREATED,2026-07-09 16:17:00.000,1783624620000,D001338,1783624620000,1783627620000,1.1462,1.14615,1,-1,3,5282
1338,ZONE_CREATED,2026-07-09 16:22:00.000,1783624920000,D001339,1783624920000,1783627920000,1.1462,1.14615,1,-1,4,5287
1339,ZONE_CREATED,2026-07-09 16:23:00.000,1783624980000,D001340,1783624980000,1783627980000,1.1462,1.14615,1,1,5,5288
1340,ZONE_CREATED,2026-07-09 16:24:00.000,1783625040000,D001341,1783625040000,1783628040000,1.1462,1.14615,1,-1,6,5289
1341,ZONE_CREATED,2026-07-09 16:27:00.000,1783625220000,D001342,1783625220000,1783628220000,1.14595,1.14585,2,1,1,5292
1342,ZONE_CREATED,2026-07-09 16:32:00.000,1783625520000,D001343,1783625520000,1783628520000,1.14585,1.1458,1,-1,2,5297
1343,ZONE_CREATED,2026-07-09 16:33:00.000,1783625580000,D001344,1783625580000,1783628580000,1.14585,1.1458,1,1,3,5298
1344,ZONE_CREATED,2026-07-09 16:39:00.000,1783625940000,D001345,1783625940000,1783628940000,1.14595,1.1459,1,1,2,5304
1345,ZONE_CREATED,2026-07-09 16:41:00.000,1783626060000,D001346,1783626060000,1783629060000,1.14595,1.1459,1,1,3,5306
1346,ZONE_CREATED,2026-07-09 16:47:00.000,1783626420000,D001347,1783626420000,1783629420000,1.14575,1.1457,1,-1,1,5312
1347,ZONE_CREATED,2026-07-09 16:49:00.000,1783626540000,D001348,1783626540000,1783629540000,1.14575,1.1457,1,-1,2,5314
1348,ZONE_CREATED,2026-07-09 16:50:00.000,1783626600000,D001349,1783626600000,1783629600000,1.14575,1.1457,1,-1,3,5315
1349,ZONE_CREATED,2026-07-09 16:52:00.000,1783626720000,D001350,1783626720000,1783629720000,1.14575,1.1457,1,1,4,5317
1350,ZONE_CREATED,2026-07-09 17:03:00.000,1783627380000,D001351,1783627380000,1783630380000,1.14585,1.1458,1,-1,4,5328
1351,ZONE_CREATED,2026-07-09 17:06:00.000,1783627560000,D001352,1783627560000,1783630560000,1.14585,1.1458,1,1,5,5331
1352,ZONE_CREATED,2026-07-09 17:09:00.000,1783627740000,D001353,1783627740000,1783630740000,1.14595,1.1459,1,1,4,5334
1353,ZONE_CREATED,2026-07-09 17:14:00.000,1783628040000,D001354,1783628040000,1783631040000,1.14595,1.1459,1,1,5,5339
1354,ZONE_CREATED,2026-07-09 17:16:00.000,1783628160000,D001355,1783628160000,1783631160000,1.14595,1.1459,1,1,6,5341
1355,ZONE_CREATED,2026-07-09 17:27:00.000,1783628820000,D001356,1783628820000,1783631820000,1.14605,1.146,1,-1,1,5352
1356,ZONE_CREATED,2026-07-09 17:31:00.000,1783629060000,D001357,1783629060000,1783632060000,1.14595,1.1459,1,-1,5,5356
1357,ZONE_CREATED,2026-07-09 17:32:00.000,1783629120000,D001358,1783629120000,1783632120000,1.14595,1.1459,1,1,5,5357
1358,ZONE_CREATED,2026-07-09 17:46:00.000,1783629960000,D001359,1783629960000,1783632960000,1.14595,1.1459,1,-1,6,5369
1359,ZONE_CREATED,2026-07-09 17:50:00.000,1783630200000,D001360,1783630200000,1783633200000,1.14595,1.1459,1,-1,7,5373
1360,ZONE_CREATED,2026-07-09 17:52:00.000,1783630320000,D001361,1783630320000,1783633320000,1.14595,1.1459,1,1,8,5375
1361,ZONE_CREATED,2026-07-09 17:55:00.000,1783630500000,D001362,1783630500000,1783633500000,1.14595,1.1459,1,-1,9,5378
1362,ZONE_CREATED,2026-07-09 17:57:00.000,1783630620000,D001363,1783630620000,1783633620000,1.14595,1.1459,1,-1,10,5380
1363,ZONE_CREATED,2026-07-09 17:59:00.000,1783630740000,D001364,1783630740000,1783633740000,1.14605,1.146,1,-1,2,5382
1364,ZONE_CREATED,2026-07-09 19:02:00.000,1783634520000,D001365,1783634520000,1783637520000,1.14595,1.1459,1,1,10,5385
1365,ZONE_CREATED,2026-07-09 19:04:00.000,1783634640000,D001366,1783634640000,1783637640000,1.14605,1.146,1,1,3,5387
1366,ZONE_CREATED,2026-07-09 19:08:00.000,1783634880000,D001367,1783634880000,1783637880000,1.1463,1.14625,1,-1,1,5390
1367,ZONE_CREATED,2026-07-09 19:17:00.000,1783635420000,D001368,1783635420000,1783638420000,1.1463,1.14625,1,1,2,5397
1368,ZONE_CREATED,2026-07-09 19:21:00.000,1783635660000,D001369,1783635660000,1783638660000,1.1463,1.14625,1,-1,3,5400
1369,ZONE_CREATED,2026-07-09 19:28:00.000,1783636080000,D001370,1783636080000,1783639080000,1.1463,1.14625,1,-1,4,5404
1370,ZONE_CREATED,2026-07-09 19:30:00.000,1783636200000,D001371,1783636200000,1783639200000,1.1463,1.14625,1,1,5,5406
1371,ZONE_CREATED,2026-07-09 19:36:00.000,1783636560000,D001372,1783636560000,1783639560000,1.1463,1.14625,1,-1,6,5408
1372,ZONE_CREATED,2026-07-09 19:44:00.000,1783637040000,D001373,1783637040000,1783640040000,1.1463,1.14625,1,1,7,5411
1373,ZONE_CREATED,2026-07-09 19:47:00.000,1783637220000,D001374,1783637220000,1783640220000,1.1463,1.14625,1,-1,8,5412
1374,ZONE_CREATED,2026-07-09 19:48:00.000,1783637280000,D001375,1783637280000,1783640280000,1.1463,1.14625,1,1,9,5413
1375,ZONE_CREATED,2026-07-09 20:07:00.000,1783638420000,D001376,1783638420000,1783641420000,1.1464,1.14635,1,1,1,5420
1376,ZONE_CREATED,2026-07-09 20:08:00.000,1783638480000,D001377,1783638480000,1783641480000,1.1464,1.1463,2,-1,11,5421
1377,ZONE_CREATED,2026-07-09 20:20:00.000,1783639200000,D001378,1783639200000,1783642200000,1.1463,1.14625,1,-1,11,5428
1378,ZONE_CREATED,2026-07-09 20:22:00.000,1783639320000,D001379,1783639320000,1783642320000,1.1463,1.14625,1,-1,12,5430
1379,ZONE_CREATED,2026-07-09 20:24:00.000,1783639440000,D001380,1783639440000,1783642440000,1.1462,1.14615,1,-1,1,5432
1380,ZONE_CREATED,2026-07-09 20:28:00.000,1783639680000,D001381,1783639680000,1783642680000,1.14615,1.1461,1,1,2,5436
1381,ZONE_CREATED,2026-07-09 20:31:00.000,1783639860000,D001382,1783639860000,1783642860000,1.1462,1.14615,1,1,3,5439
1382,ZONE_CREATED,2026-07-09 20:32:00.000,1783639920000,D001383,1783639920000,1783642920000,1.14615,1.1461,1,1,4,5440
1383,ZONE_CREATED,2026-07-09 20:34:00.000,1783640040000,D001384,1783640040000,1783643040000,1.14615,1.1461,1,-1,5,5441
1384,ZONE_CREATED,2026-07-09 20:43:00.000,1783640580000,D001385,1783640580000,1783643580000,1.1463,1.14625,1,1,11,5449
1385,ZONE_CREATED,2026-07-09 20:45:00.000,1783640700000,D001386,1783640700000,1783643700000,1.1463,1.14625,1,1,11,5451
1386,ZONE_CREATED,2026-07-09 20:51:00.000,1783641060000,D001387,1783641060000,1783644060000,1.1463,1.14625,1,1,10,5457
1387,ZONE_CREATED,2026-07-09 21:00:00.000,1783641600000,D001388,1783641600000,1783644600000,1.1463,1.14625,1,1,7,5465
1388,ZONE_CREATED,2026-07-09 21:04:00.000,1783641840000,D001389,1783641840000,1783644840000,1.14635,1.14625,2,1,9,5469
1389,ZONE_CREATED,2026-07-09 21:08:00.000,1783642080000,D001390,1783642080000,1783645080000,1.1463,1.14625,1,-1,8,5473
1390,ZONE_CREATED,2026-07-09 21:17:00.000,1783642620000,D001391,1783642620000,1783645620000,1.1462,1.14615,1,-1,6,5482
1391,ZONE_CREATED,2026-07-09 21:19:00.000,1783642740000,D001392,1783642740000,1783645740000,1.1462,1.14615,1,-1,6,5484
1392,ZONE_CREATED,2026-07-09 21:21:00.000,1783642860000,D001393,1783642860000,1783645860000,1.14615,1.1461,1,1,7,5485
1393,ZONE_CREATED,2026-07-09 21:22:00.000,1783642920000,D001394,1783642920000,1783645920000,1.14615,1.1461,1,-1,8,5486
1394,ZONE_CREATED,2026-07-09 21:37:00.000,1783643820000,D001395,1783643820000,1783646820000,1.14615,1.1461,1,-1,5,5501
1395,ZONE_CREATED,2026-07-09 21:45:00.000,1783644300000,D001396,1783644300000,1783647300000,1.1465,1.14645,1,1,1,5509
1396,ZONE_CREATED,2026-07-09 21:53:00.000,1783644780000,D001397,1783644780000,1783647780000,1.1467,1.14665,1,-1,1,5517
1397,ZONE_CREATED,2026-07-09 21:58:00.000,1783645080000,D001398,1783645080000,1783648080000,1.1472,1.14715,1,1,1,5522
1398,ZONE_CREATED,2026-07-09 21:59:00.000,1783645140000,D001399,1783645140000,1783648140000,1.1471,1.14705,1,-1,1,5523
1399,ZONE_CREATED,2026-07-09 22:00:00.000,1783645200000,D001400,1783645200000,1783648200000,1.147,1.14695,1,-1,1,5524
1400,ZONE_CREATED,2026-07-09 22:02:00.000,1783645320000,D001401,1783645320000,1783648320000,1.1469,1.14685,1,-1,1,5526
1401,ZONE_CREATED,2026-07-09 22:09:00.000,1783645740000,D001402,1783645740000,1783648740000,1.1472,1.14715,1,1,2,5533
1402,ZONE_CREATED,2026-07-09 22:10:00.000,1783645800000,D001403,1783645800000,1783648800000,1.1472,1.1471,2,-1,4,5534
1403,ZONE_CREATED,2026-07-09 22:13:00.000,1783645980000,D001404,1783645980000,1783648980000,1.14725,1.14715,2,1,4,5537
1404,ZONE_CREATED,2026-07-09 22:14:00.000,1783646040000,D001405,1783646040000,1783649040000,1.14735,1.1473,1,-1,1,5538
1405,ZONE_CREATED,2026-07-09 22:15:00.000,1783646100000,D001406,1783646100000,1783649100000,1.14745,1.1474,1,-1,1,5539
1406,ZONE_CREATED,2026-07-09 22:17:00.000,1783646220000,D001407,1783646220000,1783649220000,1.14755,1.1475,1,1,1,5541
1407,ZONE_CREATED,2026-07-09 22:28:00.000,1783646880000,D001408,1783646880000,1783649880000,1.1472,1.14715,1,-1,5,5552
1408,ZONE_CREATED,2026-07-09 22:29:00.000,1783646940000,D001409,1783646940000,1783649940000,1.14725,1.1472,1,1,6,5553
1409,ZONE_CREATED,2026-07-09 22:33:00.000,1783647180000,D001410,1783647180000,1783650180000,1.1473,1.1472,2,1,8,5557
1410,ZONE_CREATED,2026-07-09 22:34:00.000,1783647240000,D001411,1783647240000,1783650240000,1.14735,1.1473,1,-1,3,5558
1411,ZONE_CREATED,2026-07-09 22:39:00.000,1783647540000,D001412,1783647540000,1783650540000,1.14735,1.1473,1,1,4,5563
1412,ZONE_CREATED,2026-07-09 22:40:00.000,1783647600000,D001413,1783647600000,1783650600000,1.14735,1.1473,1,-1,5,5564
1413,ZONE_CREATED,2026-07-09 22:41:00.000,1783647660000,D001414,1783647660000,1783650660000,1.14735,1.1473,1,-1,6,5565
1414,ZONE_CREATED,2026-07-09 22:42:00.000,1783647720000,D001415,1783647720000,1783650720000,1.14735,1.1473,1,1,7,5566
1415,ZONE_CREATED,2026-07-09 22:43:00.000,1783647780000,D001416,1783647780000,1783650780000,1.1475,1.1474,2,-1,3,5567
1416,ZONE_CREATED,2026-07-09 22:49:00.000,1783648140000,D001417,1783648140000,1783651140000,1.14755,1.1475,1,1,3,5573
1417,ZONE_CREATED,2026-07-09 22:53:00.000,1783648380000,D001418,1783648380000,1783651380000,1.14775,1.1477,1,1,1,5577
1418,ZONE_CREATED,2026-07-09 23:02:00.000,1783648920000,D001419,1783648920000,1783651920000,1.14775,1.1477,1,-1,2,5586
1419,ZONE_CREATED,2026-07-09 23:06:00.000,1783649160000,D001420,1783649160000,1783652160000,1.14795,1.1479,1,-1,1,5590
1420,ZONE_CREATED,2026-07-09 23:09:00.000,1783649340000,D001421,1783649340000,1783652340000,1.1484,1.1483,2,1,1,5593
1421,ZONE_CREATED,2026-07-09 23:14:00.000,1783649640000,D001422,1783649640000,1783652640000,1.1484,1.14835,1,1,2,5598
1422,ZONE_CREATED,2026-07-09 23:22:00.000,1783650120000,D001423,1783650120000,1783653120000,1.1489,1.14885,1,1,1,5606
1423,ZONE_CREATED,2026-07-09 23:23:00.000,1783650180000,D001424,1783650180000,1783653180000,1.1488,1.14875,1,1,1,5607
1424,ZONE_CREATED,2026-07-09 23:27:00.000,1783650420000,D001425,1783650420000,1783653420000,1.1489,1.14885,1,-1,2,5611
1425,ZONE_CREATED,2026-07-09 23:33:00.000,1783650780000,D001426,1783650780000,1783653780000,1.1487,1.14865,1,1,1,5617
1426,ZONE_CREATED,2026-07-09 23:42:00.000,1783651320000,D001427,1783651320000,1783654320000,1.1488,1.14875,1,-1,2,5626
1427,ZONE_CREATED,2026-07-09 23:52:00.000,1783651920000,D001428,1783651920000,1783654920000,1.149,1.14895,1,-1,1,5636
1428,ZONE_CREATED,2026-07-09 23:53:00.000,1783651980000,D001429,1783651980000,1783654980000,1.149,1.14895,1,-1,2,5637
1429,ZONE_CREATED,2026-07-09 23:58:00.000,1783652280000,D001430,1783652280000,1783655280000,1.1489,1.14885,1,-1,3,5642
1430,ZONE_CREATED,2026-07-10 00:05:00.000,1783652700000,D001431,1783652700000,1783655700000,1.1488,1.14875,1,-1,3,5649
1431,ZONE_CREATED,2026-07-10 00:11:00.000,1783653060000,D001432,1783653060000,1783656060000,1.1488,1.1487,2,-1,5,5655
1432,ZONE_CREATED,2026-07-10 00:12:00.000,1783653120000,D001433,1783653120000,1783656120000,1.1487,1.14865,1,-1,3,5656
1433,ZONE_CREATED,2026-07-10 00:18:00.000,1783653480000,D001434,1783653480000,1783656480000,1.1486,1.14855,1,1,1,5662
1434,ZONE_CREATED,2026-07-10 00:20:00.000,1783653600000,D001435,1783653600000,1783656600000,1.1486,1.14855,1,-1,2,5664
1435,ZONE_CREATED,2026-07-10 00:21:00.000,1783653660000,D001436,1783653660000,1783656660000,1.1485,1.14845,1,-1,1,5665
1436,ZONE_CREATED,2026-07-10 00:30:00.000,1783654200000,D001437,1783654200000,1783657200000,1.1486,1.14855,1,1,3,5674
1437,ZONE_CREATED,2026-07-10 00:31:00.000,1783654260000,D001438,1783654260000,1783657260000,1.1486,1.14855,1,-1,4,5675
1438,ZONE_CREATED,2026-07-10 00:33:00.000,1783654380000,D001439,1783654380000,1783657380000,1.14865,1.14855,2,1,6,5677
1439,ZONE_CREATED,2026-07-10 00:51:00.000,1783655460000,D001440,1783655460000,1783658460000,1.1482,1.14815,1,-1,1,5695
1440,ZONE_CREATED,2026-07-10 00:55:00.000,1783655700000,D001441,1783655700000,1783658700000,1.14805,1.148,1,-1,1,5699
1441,ZONE_CREATED,2026-07-10 00:56:00.000,1783655760000,D001442,1783655760000,1783658760000,1.14795,1.1479,1,1,1,5700
1442,ZONE_CREATED,2026-07-10 00:59:00.000,1783655940000,D001443,1783655940000,1783658940000,1.14785,1.1478,1,1,1,5703
1443,ZONE_CREATED,2026-07-10 01:00:00.000,1783656000000,D001444,1783656000000,1783659000000,1.14795,1.1479,1,-1,2,5704
1444,ZONE_CREATED,2026-07-10 01:02:00.000,1783656120000,D001445,1783656120000,1783659120000,1.14785,1.1478,1,-1,2,5706
1445,ZONE_CREATED,2026-07-10 01:08:00.000,1783656480000,D001446,1783656480000,1783659480000,1.1478,1.1477,2,-1,3,5712
1446,ZONE_CREATED,2026-07-10 01:09:00.000,1783656540000,D001447,1783656540000,1783659540000,1.14775,1.1477,1,1,2,5713
1447,ZONE_CREATED,2026-07-10 01:25:00.000,1783657500000,D001448,1783657500000,1783660500000,1.14745,1.1474,1,-1,1,5729
1448,ZONE_CREATED,2026-07-10 01:26:00.000,1783657560000,D001449,1783657560000,1783660560000,1.14745,1.1474,1,1,2,5730
1449,ZONE_CREATED,2026-07-10 01:29:00.000,1783657740000,D001450,1783657740000,1783660740000,1.1476,1.1475,2,-1,1,5733
1450,ZONE_CREATED,2026-07-10 01:30:00.000,1783657800000,D001451,1783657800000,1783660800000,1.14755,1.1475,1,-1,2,5734
1451,ZONE_CREATED,2026-07-10 01:44:00.000,1783658640000,D001452,1783658640000,1783661640000,1.14735,1.1473,1,1,1,5748
1452,ZONE_CREATED,2026-07-10 01:50:00.000,1783659000000,D001453,1783659000000,1783662000000,1.14715,1.14705,2,1,1,5754
1453,ZONE_CREATED,2026-07-10 01:51:00.000,1783659060000,D001454,1783659060000,1783662060000,1.1471,1.14705,1,-1,2,5755
1454,ZONE_CREATED,2026-07-10 01:57:00.000,1783659420000,D001455,1783659420000,1783662420000,1.1471,1.14705,1,-1,3,5761
1455,ZONE_CREATED,2026-07-10 02:02:00.000,1783659720000,D001456,1783659720000,1783662720000,1.14725,1.1472,1,-1,1,5766
1456,ZONE_CREATED,2026-07-10 02:06:00.000,1783659960000,D001457,1783659960000,1783662960000,1.14735,1.1473,1,1,2,5770
1457,ZONE_CREATED,2026-07-10 02:23:00.000,1783660980000,D001458,1783660980000,1783663980000,1.1468,1.14675,1,-1,1,5787
1458,ZONE_CREATED,2026-07-10 02:25:00.000,1783661100000,D001459,1783661100000,1783664100000,1.1468,1.14675,1,-1,2,5788
1459,ZONE_CREATED,2026-07-10 02:29:00.000,1783661340000,D001460,1783661340000,1783664340000,1.1468,1.14675,1,-1,3,5792
1460,ZONE_CREATED,2026-07-10 02:34:00.000,1783661640000,D001461,1783661640000,1783664640000,1.1468,1.14675,1,1,4,5797
1461,ZONE_CREATED,2026-07-10 02:48:00.000,1783662480000,D001462,1783662480000,1783665480000,1.14685,1.14675,2,1,5,5811
1462,ZONE_CREATED,2026-07-10 02:53:00.000,1783662780000,D001463,1783662780000,1783665780000,1.147,1.14695,1,-1,1,5816
1463,ZONE_CREATED,2026-07-10 02:56:00.000,1783662960000,D001464,1783662960000,1783665960000,1.1469,1.14685,1,1,2,5819
1464,ZONE_CREATED,2026-07-10 02:59:00.000,1783663140000,D001465,1783663140000,1783666140000,1.147,1.14695,1,-1,2,5822
1465,ZONE_CREATED,2026-07-10 03:00:00.000,1783663200000,D001466,1783663200000,1783666200000,1.147,1.14695,1,1,3,5823
1466,ZONE_CREATED,2026-07-10 03:03:00.000,1783663380000,D001467,1783663380000,1783666380000,1.147,1.14695,1,-1,4,5826
1467,ZONE_CREATED,2026-07-10 03:07:00.000,1783663620000,D001468,1783663620000,1783666620000,1.147,1.14695,1,1,5,5830
1468,ZONE_CREATED,2026-07-10 03:09:00.000,1783663740000,D001469,1783663740000,1783666740000,1.1472,1.14715,1,-1,1,5832
1469,ZONE_CREATED,2026-07-10 03:11:00.000,1783663860000,D001470,1783663860000,1783666860000,1.1472,1.14715,1,1,2,5834
1470,ZONE_CREATED,2026-07-10 03:13:00.000,1783663980000,D001471,1783663980000,1783666980000,1.14725,1.1472,1,1,3,5836
1471,ZONE_CREATED,2026-07-10 03:16:00.000,1783664160000,D001472,1783664160000,1783667160000,1.14725,1.14715,2,-1,4,5839
1472,ZONE_CREATED,2026-07-10 03:19:00.000,1783664340000,D001473,1783664340000,1783667340000,1.1474,1.1473,2,1,1,5842
1473,ZONE_CREATED,2026-07-10 03:22:00.000,1783664520000,D001474,1783664520000,1783667520000,1.14755,1.1475,1,-1,1,5845
1474,ZONE_CREATED,2026-07-10 03:24:00.000,1783664640000,D001475,1783664640000,1783667640000,1.14755,1.1475,1,1,2,5847
1475,ZONE_CREATED,2026-07-10 03:25:00.000,1783664700000,D001476,1783664700000,1783667700000,1.14755,1.1475,1,-1,3,5848
1476,ZONE_CREATED,2026-07-10 03:26:00.000,1783664760000,D001477,1783664760000,1783667760000,1.14745,1.1474,1,1,2,5849
1477,ZONE_CREATED,2026-07-10 03:28:00.000,1783664880000,D001478,1783664880000,1783667880000,1.14745,1.1474,1,-1,3,5851
1478,ZONE_CREATED,2026-07-10 03:29:00.000,1783664940000,D001479,1783664940000,1783667940000,1.14735,1.1473,1,-1,2,5852
1479,ZONE_CREATED,2026-07-10 03:32:00.000,1783665120000,D001480,1783665120000,1783668120000,1.14725,1.1472,1,1,5,5855
1480,ZONE_CREATED,2026-07-10 03:34:00.000,1783665240000,D001481,1783665240000,1783668240000,1.14735,1.1473,1,-1,3,5857
1481,ZONE_CREATED,2026-07-10 03:35:00.000,1783665300000,D001482,1783665300000,1783668300000,1.1474,1.1473,2,1,6,5858
1482,ZONE_CREATED,2026-07-10 03:42:00.000,1783665720000,D001483,1783665720000,1783668720000,1.14725,1.1472,1,-1,6,5865
1483,ZONE_CREATED,2026-07-10 03:43:00.000,1783665780000,D001484,1783665780000,1783668780000,1.14725,1.14715,2,-1,7,5866
1484,ZONE_CREATED,2026-07-10 03:49:00.000,1783666140000,D001485,1783666140000,1783669140000,1.147,1.14695,1,1,5,5872
1485,ZONE_CREATED,2026-07-10 03:58:00.000,1783666680000,D001486,1783666680000,1783669680000,1.14725,1.1472,1,1,8,5881
1486,ZONE_CREATED,2026-07-10 04:00:00.000,1783666800000,D001487,1783666800000,1783669800000,1.1472,1.14715,1,1,8,5883
1487,ZONE_CREATED,2026-07-10 04:01:00.000,1783666860000,D001488,1783666860000,1783669860000,1.1471,1.14705,1,1,1,5884
1488,ZONE_CREATED,2026-07-10 04:13:00.000,1783667580000,D001489,1783667580000,1783670580000,1.1468,1.14675,1,-1,1,5896
1489,ZONE_CREATED,2026-07-10 04:24:00.000,1783668240000,D001490,1783668240000,1783671240000,1.147,1.14695,1,1,2,5907
1490,ZONE_CREATED,2026-07-10 04:25:00.000,1783668300000,D001491,1783668300000,1783671300000,1.147,1.14695,1,1,3,5908
1491,ZONE_CREATED,2026-07-10 04:27:00.000,1783668420000,D001492,1783668420000,1783671420000,1.1468,1.14675,1,1,2,5910
1492,ZONE_CREATED,2026-07-10 04:40:00.000,1783669200000,D001493,1783669200000,1783672200000,1.1468,1.14675,1,-1,3,5923
1493,ZONE_CREATED,2026-07-10 04:45:00.000,1783669500000,D001494,1783669500000,1783672500000,1.147,1.14695,1,1,3,5928
1494,ZONE_CREATED,2026-07-10 04:53:00.000,1783669980000,D001495,1783669980000,1783672980000,1.1469,1.14685,1,-1,1,5936
1495,ZONE_CREATED,2026-07-10 04:57:00.000,1783670220000,D001496,1783670220000,1783673220000,1.1467,1.14665,1,-1,1,5940
1496,ZONE_CREATED,2026-07-10 04:59:00.000,1783670340000,D001497,1783670340000,1783673340000,1.1467,1.14665,1,1,2,5942
1497,ZONE_CREATED,2026-07-10 05:01:00.000,1783670460000,D001498,1783670460000,1783673460000,1.1466,1.14655,1,-1,1,5944
1498,ZONE_CREATED,2026-07-10 05:14:00.000,1783671240000,D001499,1783671240000,1783674240000,1.1468,1.14675,1,1,3,5957
1499,ZONE_CREATED,2026-07-10 05:15:00.000,1783671300000,D001500,1783671300000,1783674300000,1.1467,1.14665,1,-1,3,5958
1500,ZONE_CREATED,2026-07-10 05:26:00.000,1783671960000,D001501,1783671960000,1783674960000,1.1463,1.14625,1,1,1,5969
1501,ZONE_CREATED,2026-07-10 05:27:00.000,1783672020000,D001502,1783672020000,1783675020000,1.14635,1.14625,2,-1,2,5970
1502,ZONE_CREATED,2026-07-10 05:29:00.000,1783672140000,D001503,1783672140000,1783675140000,1.1464,1.14635,1,1,2,5972
1503,ZONE_CREATED,2026-07-10 05:31:00.000,1783672260000,D001504,1783672260000,1783675260000,1.1464,1.14635,1,1,3,5974
1504,ZONE_CREATED,2026-07-10 05:33:00.000,1783672380000,D001505,1783672380000,1783675380000,1.1465,1.14645,1,1,1,5976
1505,ZONE_CREATED,2026-07-10 05:38:00.000,1783672680000,D001506,1783672680000,1783675680000,1.1463,1.14625,1,-1,3,5981
1506,ZONE_CREATED,2026-07-10 05:41:00.000,1783672860000,D001507,1783672860000,1783675860000,1.1462,1.14615,1,1,1,5984
1507,ZONE_CREATED,2026-07-10 05:52:00.000,1783673520000,D001508,1783673520000,1783676520000,1.1463,1.14625,1,1,4,5995
1508,ZONE_CREATED,2026-07-10 05:54:00.000,1783673640000,D001509,1783673640000,1783676640000,1.14605,1.146,1,1,1,5997
1509,ZONE_CREATED,2026-07-10 05:57:00.000,1783673820000,D001510,1783673820000,1783676820000,1.1463,1.14625,1,1,5,6000
1510,ZONE_CREATED,2026-07-10 06:00:00.000,1783674000000,D001511,1783674000000,1783677000000,1.14605,1.14595,2,-1,2,6003
1511,ZONE_CREATED,2026-07-10 06:01:00.000,1783674060000,D001512,1783674060000,1783677060000,1.14605,1.146,1,-1,3,6004
1512,ZONE_CREATED,2026-07-10 06:03:00.000,1783674180000,D001513,1783674180000,1783677180000,1.1462,1.14615,1,-1,2,6006
1513,ZONE_CREATED,2026-07-10 06:05:00.000,1783674300000,D001514,1783674300000,1783677300000,1.1464,1.14635,1,1,4,6008
1514,ZONE_CREATED,2026-07-10 06:09:00.000,1783674540000,D001515,1783674540000,1783677540000,1.1462,1.14615,1,-1,3,6012
1515,ZONE_CREATED,2026-07-10 06:10:00.000,1783674600000,D001516,1783674600000,1783677600000,1.1462,1.14615,1,1,4,6013
1516,ZONE_CREATED,2026-07-10 06:16:00.000,1783674960000,D001517,1783674960000,1783677960000,1.1463,1.14625,1,1,6,6019
1517,ZONE_CREATED,2026-07-10 06:19:00.000,1783675140000,D001518,1783675140000,1783678140000,1.1462,1.14615,1,1,5,6022
1518,ZONE_CREATED,2026-07-10 06:20:00.000,1783675200000,D001519,1783675200000,1783678200000,1.14615,1.1461,1,-1,6,6023
1519,ZONE_CREATED,2026-07-10 06:21:00.000,1783675260000,D001520,1783675260000,1783678260000,1.14605,1.146,1,-1,4,6024
1520,ZONE_CREATED,2026-07-10 06:25:00.000,1783675500000,D001521,1783675500000,1783678500000,1.1462,1.14615,1,1,7,6028
1521,ZONE_CREATED,2026-07-10 06:26:00.000,1783675560000,D001522,1783675560000,1783678560000,1.1463,1.14625,1,1,5,6029
1522,ZONE_CREATED,2026-07-10 06:29:00.000,1783675740000,D001523,1783675740000,1783678740000,1.1462,1.14615,1,-1,8,6032
1523,ZONE_CREATED,2026-07-10 06:39:00.000,1783676340000,D001524,1783676340000,1783679340000,1.14615,1.1461,1,1,8,6042
1524,ZONE_CREATED,2026-07-10 06:42:00.000,1783676520000,D001525,1783676520000,1783679520000,1.1462,1.14615,1,1,9,6045
1525,ZONE_CREATED,2026-07-10 06:43:00.000,1783676580000,D001526,1783676580000,1783679580000,1.14615,1.1461,1,-1,10,6046
1526,ZONE_CREATED,2026-07-10 06:45:00.000,1783676700000,D001527,1783676700000,1783679700000,1.14595,1.1459,1,1,2,6048
1527,ZONE_CREATED,2026-07-10 06:55:00.000,1783677300000,D001528,1783677300000,1783680300000,1.14585,1.1458,1,1,1,6058
1528,ZONE_CREATED,2026-07-10 06:59:00.000,1783677540000,D001529,1783677540000,1783680540000,1.14575,1.1457,1,-1,1,6062
1529,ZONE_CREATED,2026-07-10 07:02:00.000,1783677720000,D001530,1783677720000,1783680720000,1.14575,1.1457,1,1,2,6065
1530,ZONE_CREATED,2026-07-10 07:16:00.000,1783678560000,D001531,1783678560000,1783681560000,1.14585,1.1458,1,1,2,6079
1531,ZONE_CREATED,2026-07-10 07:18:00.000,1783678680000,D001532,1783678680000,1783681680000,1.14595,1.1459,1,-1,2,6081
1532,ZONE_CREATED,2026-07-10 07:19:00.000,1783678740000,D001533,1783678740000,1783681740000,1.14605,1.146,1,1,1,6082
1533,ZONE_CREATED,2026-07-10 07:26:00.000,1783679160000,D001534,1783679160000,1783682160000,1.1462,1.14615,1,-1,4,6089
1534,ZONE_CREATED,2026-07-10 07:28:00.000,1783679280000,D001535,1783679280000,1783682280000,1.1462,1.14615,1,1,5,6091
1535,ZONE_CREATED,2026-07-10 07:32:00.000,1783679520000,D001536,1783679520000,1783682520000,1.1462,1.14615,1,-1,5,6095
1536,ZONE_CREATED,2026-07-10 07:33:00.000,1783679580000,D001537,1783679580000,1783682580000,1.14615,1.1461,1,1,5,6096
1537,ZONE_CREATED,2026-07-10 07:43:00.000,1783680180000,D001538,1783680180000,1783683180000,1.14615,1.1461,1,-1,5,6106
1538,ZONE_CREATED,2026-07-10 07:45:00.000,1783680300000,D001539,1783680300000,1783683300000,1.14615,1.1461,1,1,6,6108
1539,ZONE_CREATED,2026-07-10 07:48:00.000,1783680480000,D001540,1783680480000,1783683480000,1.1462,1.14615,1,-1,7,6111
1540,ZONE_CREATED,2026-07-10 07:51:00.000,1783680660000,D001541,1783680660000,1783683660000,1.1463,1.14625,1,1,1,6114
1541,ZONE_CREATED,2026-07-10 07:53:00.000,1783680780000,D001542,1783680780000,1783683780000,1.1464,1.14635,1,1,1,6116
1542,ZONE_CREATED,2026-07-10 07:56:00.000,1783680960000,D001543,1783680960000,1783683960000,1.1465,1.14645,1,-1,1,6119
1543,ZONE_CREATED,2026-07-10 08:02:00.000,1783681320000,D001544,1783681320000,1783684320000,1.1465,1.14645,1,1,2,6125
1544,ZONE_CREATED,2026-07-10 08:06:00.000,1783681560000,D001545,1783681560000,1783684560000,1.1464,1.14635,1,1,2,6129
1545,ZONE_CREATED,2026-07-10 08:09:00.000,1783681740000,D001546,1783681740000,1783684740000,1.1462,1.14615,1,-1,8,6132
1546,ZONE_CREATED,2026-07-10 08:10:00.000,1783681800000,D001547,1783681800000,1783684800000,1.14615,1.1461,1,-1,9,6133
1547,ZONE_CREATED,2026-07-10 08:19:00.000,1783682340000,D001548,1783682340000,1783685340000,1.14605,1.146,1,-1,1,6142
1548,ZONE_CREATED,2026-07-10 08:20:00.000,1783682400000,D001549,1783682400000,1783685400000,1.14605,1.146,1,1,2,6143
1549,ZONE_CREATED,2026-07-10 08:25:00.000,1783682700000,D001550,1783682700000,1783685700000,1.14615,1.14605,2,-1,8,6148
1550,ZONE_CREATED,2026-07-10 08:26:00.000,1783682760000,D001551,1783682760000,1783685760000,1.14595,1.1459,1,-1,1,6149
1551,ZONE_CREATED,2026-07-10 08:28:00.000,1783682880000,D001552,1783682880000,1783685880000,1.14595,1.14585,2,-1,2,6151
1552,ZONE_CREATED,2026-07-10 08:31:00.000,1783683060000,D001553,1783683060000,1783686060000,1.14595,1.1459,1,1,3,6154
1553,ZONE_CREATED,2026-07-10 08:32:00.000,1783683120000,D001554,1783683120000,1783686120000,1.14585,1.1458,1,-1,2,6155
1554,ZONE_CREATED,2026-07-10 08:33:00.000,1783683180000,D001555,1783683180000,1783686180000,1.14595,1.1459,1,1,4,6156
1555,ZONE_CREATED,2026-07-10 08:34:00.000,1783683240000,D001556,1783683240000,1783686240000,1.146,1.14585,3,-1,8,6157
1556,ZONE_CREATED,2026-07-10 08:37:00.000,1783683420000,D001557,1783683420000,1783686420000,1.14565,1.1456,1,-1,1,6160
1557,ZONE_CREATED,2026-07-10 08:38:00.000,1783683480000,D001558,1783683480000,1783686480000,1.14575,1.1457,1,-1,1,6161
1558,ZONE_CREATED,2026-07-10 08:41:00.000,1783683660000,D001559,1783683660000,1783686660000,1.14585,1.1458,1,-1,4,6164
1559,ZONE_CREATED,2026-07-10 08:43:00.000,1783683780000,D001560,1783683780000,1783686780000,1.14605,1.146,1,-1,5,6166
1560,ZONE_CREATED,2026-07-10 08:52:00.000,1783684320000,D001561,1783684320000,1783687320000,1.14615,1.1461,1,-1,4,6175
1561,ZONE_CREATED,2026-07-10 08:55:00.000,1783684500000,D001562,1783684500000,1783687500000,1.14595,1.1459,1,-1,6,6178
1562,ZONE_CREATED,2026-07-10 09:01:00.000,1783684860000,D001563,1783684860000,1783687860000,1.14615,1.1461,1,1,3,6184
1563,ZONE_CREATED,2026-07-10 09:03:00.000,1783684980000,D001564,1783684980000,1783687980000,1.146,1.14585,3,-1,12,6186
1564,ZONE_CREATED,2026-07-10 09:05:00.000,1783685100000,D001565,1783685100000,1783688100000,1.14575,1.1457,1,-1,2,6188
1565,ZONE_CREATED,2026-07-10 09:19:00.000,1783685940000,D001566,1783685940000,1783688940000,1.1464,1.14635,1,-1,1,6202
1566,ZONE_CREATED,2026-07-10 09:22:00.000,1783686120000,D001567,1783686120000,1783689120000,1.14615,1.1461,1,-1,3,6205
1567,ZONE_CREATED,2026-07-10 09:27:00.000,1783686420000,D001568,1783686420000,1783689420000,1.14615,1.1461,1,1,4,6210
1568,ZONE_CREATED,2026-07-10 09:30:00.000,1783686600000,D001569,1783686600000,1783689600000,1.14595,1.14585,2,-1,4,6213
1569,ZONE_CREATED,2026-07-10 09:34:00.000,1783686840000,D001570,1783686840000,1783689840000,1.14565,1.1456,1,-1,1,6217
1570,ZONE_CREATED,2026-07-10 09:39:00.000,1783687140000,D001571,1783687140000,1783690140000,1.14575,1.1457,1,1,2,6222
1571,ZONE_CREATED,2026-07-10 09:47:00.000,1783687620000,D001572,1783687620000,1783690620000,1.14535,1.1453,1,-1,1,6230
1572,ZONE_CREATED,2026-07-10 09:48:00.000,1783687680000,D001573,1783687680000,1783690680000,1.14545,1.1454,1,1,1,6231
1573,ZONE_CREATED,2026-07-10 10:03:00.000,1783688580000,D001574,1783688580000,1783691580000,1.14565,1.1456,1,1,2,6246
1574,ZONE_CREATED,2026-07-10 10:11:00.000,1783689060000,D001575,1783689060000,1783692060000,1.1451,1.14505,1,-1,1,6254
1575,ZONE_CREATED,2026-07-10 10:15:00.000,1783689300000,D001576,1783689300000,1783692300000,1.1452,1.14515,1,-1,1,6258
1576,ZONE_CREATED,2026-07-10 10:16:00.000,1783689360000,D001577,1783689360000,1783692360000,1.14525,1.1452,1,-1,2,6259
1577,ZONE_CREATED,2026-07-10 10:20:00.000,1783689600000,D001578,1783689600000,1783692600000,1.1452,1.14515,1,1,3,6263
1578,ZONE_CREATED,2026-07-10 10:22:00.000,1783689720000,D001579,1783689720000,1783692720000,1.14525,1.1452,1,-1,4,6265
1579,ZONE_CREATED,2026-07-10 10:24:00.000,1783689840000,D001580,1783689840000,1783692840000,1.1451,1.14505,1,-1,2,6267
1580,ZONE_CREATED,2026-07-10 10:27:00.000,1783690020000,D001581,1783690020000,1783693020000,1.1451,1.14505,1,1,3,6270
1581,ZONE_CREATED,2026-07-10 10:28:00.000,1783690080000,D001582,1783690080000,1783693080000,1.145,1.14495,1,1,1,6271
1582,ZONE_CREATED,2026-07-10 10:29:00.000,1783690140000,D001583,1783690140000,1783693140000,1.1451,1.14505,1,1,4,6272
1583,ZONE_CREATED,2026-07-10 10:30:00.000,1783690200000,D001584,1783690200000,1783693200000,1.145,1.14495,1,1,2,6273
1584,ZONE_CREATED,2026-07-10 10:33:00.000,1783690380000,D001585,1783690380000,1783693380000,1.1451,1.14505,1,-1,5,6276
1585,ZONE_CREATED,2026-07-10 10:36:00.000,1783690560000,D001586,1783690560000,1783693560000,1.145,1.14495,1,1,3,6279
1586,ZONE_CREATED,2026-07-10 10:42:00.000,1783690920000,D001587,1783690920000,1783693920000,1.14545,1.1454,1,1,1,6285
1587,ZONE_CREATED,2026-07-10 10:43:00.000,1783690980000,D001588,1783690980000,1783693980000,1.14555,1.1455,1,-1,1,6286
1588,ZONE_CREATED,2026-07-10 10:45:00.000,1783691100000,D001589,1783691100000,1783694100000,1.14555,1.1455,1,-1,2,6288
1589,ZONE_CREATED,2026-07-10 10:49:00.000,1783691340000,D001590,1783691340000,1783694340000,1.14525,1.1452,1,-1,5,6292
1590,ZONE_CREATED,2026-07-10 11:01:00.000,1783692060000,D001591,1783692060000,1783695060000,1.1448,1.14475,1,1,1,6304
1591,ZONE_CREATED,2026-07-10 11:09:00.000,1783692540000,D001592,1783692540000,1783695540000,1.1449,1.14485,1,-1,1,6312
1592,ZONE_CREATED,2026-07-10 11:12:00.000,1783692720000,D001593,1783692720000,1783695720000,1.145,1.14495,1,1,4,6315
1593,ZONE_CREATED,2026-07-10 11:23:00.000,1783693380000,D001594,1783693380000,1783696380000,1.14555,1.1455,1,-1,3,6326
1594,ZONE_CREATED,2026-07-10 11:24:00.000,1783693440000,D001595,1783693440000,1783696440000,1.14555,1.14545,2,1,5,6327
1595,ZONE_CREATED,2026-07-10 11:26:00.000,1783693560000,D001596,1783693560000,1783696560000,1.14555,1.1455,1,-1,5,6329
1596,ZONE_CREATED,2026-07-10 11:31:00.000,1783693860000,D001597,1783693860000,1783696860000,1.14565,1.1456,1,-1,1,6334
1597,ZONE_CREATED,2026-07-10 11:32:00.000,1783693920000,D001598,1783693920000,1783696920000,1.14575,1.1457,1,-1,1,6335
1598,ZONE_CREATED,2026-07-10 11:36:00.000,1783694160000,D001599,1783694160000,1783697160000,1.1449,1.1448,2,-1,3,6339
1599,ZONE_CREATED,2026-07-10 11:37:00.000,1783694220000,D001600,1783694220000,1783697220000,1.1451,1.14505,1,1,1,6340
1600,ZONE_CREATED,2026-07-10 11:41:00.000,1783694460000,D001601,1783694460000,1783697460000,1.1451,1.14505,1,-1,2,6344
1601,ZONE_CREATED,2026-07-10 11:42:00.000,1783694520000,D001602,1783694520000,1783697520000,1.1451,1.14505,1,-1,3,6345
1602,ZONE_CREATED,2026-07-10 11:44:00.000,1783694640000,D001603,1783694640000,1783697640000,1.14525,1.1452,1,-1,1,6347
1603,ZONE_CREATED,2026-07-10 11:48:00.000,1783694880000,D001604,1783694880000,1783697880000,1.14525,1.1452,1,1,2,6351
1604,ZONE_CREATED,2026-07-10 11:49:00.000,1783694940000,D001605,1783694940000,1783697940000,1.1452,1.1451,2,-1,6,6352
1605,ZONE_CREATED,2026-07-10 12:01:00.000,1783695660000,D001606,1783695660000,1783698660000,1.14535,1.1453,1,1,1,6364
1606,ZONE_CREATED,2026-07-10 12:06:00.000,1783695960000,D001607,1783695960000,1783698960000,1.14535,1.1453,1,-1,2,6369
1607,ZONE_CREATED,2026-07-10 12:07:00.000,1783696020000,D001608,1783696020000,1783699020000,1.14545,1.1454,1,1,2,6370
1608,ZONE_CREATED,2026-07-10 12:23:00.000,1783696980000,D001609,1783696980000,1783699980000,1.14615,1.1461,1,-1,1,6386
1609,ZONE_CREATED,2026-07-10 12:25:00.000,1783697100000,D001610,1783697100000,1783700100000,1.1462,1.14615,1,1,2,6388
1610,ZONE_CREATED,2026-07-10 12:29:00.000,1783697340000,D001611,1783697340000,1783700340000,1.1462,1.14615,1,-1,3,6392
1611,ZONE_CREATED,2026-07-10 12:34:00.000,1783697640000,D001612,1783697640000,1783700640000,1.1463,1.14625,1,-1,1,6397
1612,ZONE_CREATED,2026-07-10 12:41:00.000,1783698060000,D001613,1783698060000,1783701060000,1.1464,1.14635,1,1,1,6404
1613,ZONE_CREATED,2026-07-10 12:42:00.000,1783698120000,D001614,1783698120000,1783701120000,1.1464,1.14635,1,1,2,6405
1614,ZONE_CREATED,2026-07-10 12:46:00.000,1783698360000,D001615,1783698360000,1783701360000,1.1463,1.14625,1,-1,2,6409
1615,ZONE_CREATED,2026-07-10 12:52:00.000,1783698720000,D001616,1783698720000,1783701720000,1.1465,1.14645,1,1,1,6415
1616,ZONE_CREATED,2026-07-10 12:53:00.000,1783698780000,D001617,1783698780000,1783701780000,1.1466,1.14655,1,1,1,6416
1617,ZONE_CREATED,2026-07-10 12:55:00.000,1783698900000,D001618,1783698900000,1783701900000,1.1466,1.14655,1,-1,2,6418
1618,ZONE_CREATED,2026-07-10 12:56:00.000,1783698960000,D001619,1783698960000,1783701960000,1.1466,1.14655,1,1,3,6419
1619,ZONE_CREATED,2026-07-10 13:00:00.000,1783699200000,D001620,1783699200000,1783702200000,1.1468,1.14675,1,1,1,6423
1620,ZONE_CREATED,2026-07-10 13:04:00.000,1783699440000,D001621,1783699440000,1783702440000,1.1468,1.14675,1,-1,2,6427
1621,ZONE_CREATED,2026-07-10 13:06:00.000,1783699560000,D001622,1783699560000,1783702560000,1.1467,1.14665,1,-1,1,6429
1622,ZONE_CREATED,2026-07-10 13:09:00.000,1783699740000,D001623,1783699740000,1783702740000,1.1469,1.1468,2,-1,3,6432
1623,ZONE_CREATED,2026-07-10 13:10:00.000,1783699800000,D001624,1783699800000,1783702800000,1.1468,1.14675,1,1,4,6433
1624,ZONE_CREATED,2026-07-10 13:14:00.000,1783700040000,D001625,1783700040000,1783703040000,1.1469,1.14685,1,-1,2,6437
1625,ZONE_CREATED,2026-07-10 13:23:00.000,1783700580000,D001626,1783700580000,1783703580000,1.1468,1.14675,1,1,5,6446
1626,ZONE_CREATED,2026-07-10 13:25:00.000,1783700700000,D001627,1783700700000,1783703700000,1.1469,1.1468,2,-1,7,6448
1627,ZONE_CREATED,2026-07-10 13:29:00.000,1783700940000,D001628,1783700940000,1783703940000,1.1469,1.14685,1,-1,4,6452
1628,ZONE_CREATED,2026-07-10 13:33:00.000,1783701180000,D001629,1783701180000,1783704180000,1.1469,1.14685,1,-1,5,6456
1629,ZONE_CREATED,2026-07-10 13:35:00.000,1783701300000,D001630,1783701300000,1783704300000,1.1467,1.14665,1,-1,2,6458
1630,ZONE_CREATED,2026-07-10 13:59:00.000,1783702740000,D001631,1783702740000,1783705740000,1.14615,1.1461,1,-1,1,6482
1631,ZONE_CREATED,2026-07-10 14:01:00.000,1783702860000,D001632,1783702860000,1783705860000,1.14605,1.146,1,-1,1,6484
1632,ZONE_CREATED,2026-07-10 14:05:00.000,1783703100000,D001633,1783703100000,1783706100000,1.14585,1.1458,1,1,1,6488
1633,ZONE_CREATED,2026-07-10 14:07:00.000,1783703220000,D001634,1783703220000,1783706220000,1.14575,1.1457,1,1,1,6490
1634,ZONE_CREATED,2026-07-10 14:11:00.000,1783703460000,D001635,1783703460000,1783706460000,1.14575,1.1457,1,1,2,6494
1635,ZONE_CREATED,2026-07-10 14:16:00.000,1783703760000,D001636,1783703760000,1783706760000,1.14575,1.1457,1,-1,3,6499
1636,ZONE_CREATED,2026-07-10 14:17:00.000,1783703820000,D001637,1783703820000,1783706820000,1.14575,1.1457,1,1,4,6500
1637,ZONE_CREATED,2026-07-10 14:18:00.000,1783703880000,D001638,1783703880000,1783706880000,1.14575,1.1457,1,-1,5,6501
1638,ZONE_CREATED,2026-07-10 14:21:00.000,1783704060000,D001639,1783704060000,1783707060000,1.14555,1.1455,1,-1,1,6504
1639,ZONE_CREATED,2026-07-10 14:28:00.000,1783704480000,D001640,1783704480000,1783707480000,1.14535,1.1453,1,1,1,6511
1640,ZONE_CREATED,2026-07-10 14:31:00.000,1783704660000,D001641,1783704660000,1783707660000,1.14545,1.1454,1,-1,1,6514
1641,ZONE_CREATED,2026-07-10 14:36:00.000,1783704960000,D001642,1783704960000,1783707960000,1.14525,1.1452,1,1,1,6519
1642,ZONE_CREATED,2026-07-10 14:43:00.000,1783705380000,D001643,1783705380000,1783708380000,1.1452,1.14515,1,1,2,6526
1643,ZONE_CREATED,2026-07-10 14:45:00.000,1783705500000,D001644,1783705500000,1783708500000,1.1452,1.14515,1,-1,3,6528
1644,ZONE_CREATED,2026-07-10 14:46:00.000,1783705560000,D001645,1783705560000,1783708560000,1.14525,1.14515,2,1,4,6529
1645,ZONE_CREATED,2026-07-10 14:48:00.000,1783705680000,D001646,1783705680000,1783708680000,1.14525,1.1452,1,1,5,6531
1646,ZONE_CREATED,2026-07-10 14:50:00.000,1783705800000,D001647,1783705800000,1783708800000,1.14525,1.1452,1,1,6,6533
1647,ZONE_CREATED,2026-07-10 14:51:00.000,1783705860000,D001648,1783705860000,1783708860000,1.14525,1.1452,1,-1,7,6534
1648,ZONE_CREATED,2026-07-10 14:52:00.000,1783705920000,D001649,1783705920000,1783708920000,1.14525,1.1452,1,1,8,6535
1649,ZONE_CREATED,2026-07-10 14:53:00.000,1783705980000,D001650,1783705980000,1783708980000,1.14525,1.1452,1,-1,9,6536
1650,ZONE_CREATED,2026-07-10 14:57:00.000,1783706220000,D001651,1783706220000,1783709220000,1.145,1.14495,1,1,1,6540
1651,ZONE_CREATED,2026-07-10 15:02:00.000,1783706520000,D001652,1783706520000,1783709520000,1.1447,1.14465,1,-1,1,6545
1652,ZONE_CREATED,2026-07-10 15:03:00.000,1783706580000,D001653,1783706580000,1783709580000,1.1447,1.14465,1,1,2,6546
1653,ZONE_CREATED,2026-07-10 15:14:00.000,1783707240000,D001654,1783707240000,1783710240000,1.1447,1.14465,1,1,3,6557
1654,ZONE_CREATED,2026-07-10 15:19:00.000,1783707540000,D001655,1783707540000,1783710540000,1.1446,1.14455,1,-1,1,6562
1655,ZONE_CREATED,2026-07-10 15:22:00.000,1783707720000,D001656,1783707720000,1783710720000,1.1447,1.14465,1,1,4,6565
1656,ZONE_CREATED,2026-07-10 15:25:00.000,1783707900000,D001657,1783707900000,1783710900000,1.14445,1.14435,2,1,1,6568
1657,ZONE_CREATED,2026-07-10 15:26:00.000,1783707960000,D001658,1783707960000,1783710960000,1.1446,1.14455,1,-1,2,6569
1658,ZONE_CREATED,2026-07-10 15:28:00.000,1783708080000,D001659,1783708080000,1783711080000,1.1445,1.14445,1,1,2,6571
1659,ZONE_CREATED,2026-07-10 15:37:00.000,1783708620000,D001660,1783708620000,1783711620000,1.1445,1.14445,1,-1,3,6580
1660,ZONE_CREATED,2026-07-10 15:45:00.000,1783709100000,D001661,1783709100000,1783712100000,1.1443,1.14425,1,1,1,6588
1661,ZONE_CREATED,2026-07-10 15:46:00.000,1783709160000,D001662,1783709160000,1783712160000,1.1444,1.14435,1,-1,2,6589
1662,ZONE_CREATED,2026-07-10 15:53:00.000,1783709580000,D001663,1783709580000,1783712580000,1.1445,1.14445,1,1,4,6596
1663,ZONE_CREATED,2026-07-10 15:57:00.000,1783709820000,D001664,1783709820000,1783712820000,1.1445,1.14445,1,-1,5,6600
1664,ZONE_CREATED,2026-07-10 15:59:00.000,1783709940000,D001665,1783709940000,1783712940000,1.1445,1.14445,1,-1,6,6602
1665,ZONE_CREATED,2026-07-10 16:06:00.000,1783710360000,D001666,1783710360000,1783713360000,1.1445,1.14445,1,-1,7,6609
1666,ZONE_CREATED,2026-07-10 16:09:00.000,1783710540000,D001667,1783710540000,1783713540000,1.1445,1.14445,1,1,8,6612
1667,ZONE_CREATED,2026-07-10 16:11:00.000,1783710660000,D001668,1783710660000,1783713660000,1.1445,1.14445,1,-1,9,6614
1668,ZONE_CREATED,2026-07-10 16:13:00.000,1783710780000,D001669,1783710780000,1783713780000,1.1444,1.14435,1,-1,3,6616
1669,ZONE_CREATED,2026-07-10 16:15:00.000,1783710900000,D001670,1783710900000,1783713900000,1.1445,1.14445,1,1,10,6618
1670,ZONE_CREATED,2026-07-10 16:18:00.000,1783711080000,D001671,1783711080000,1783714080000,1.1446,1.14455,1,1,1,6621
1671,ZONE_CREATED,2026-07-10 16:20:00.000,1783711200000,D001672,1783711200000,1783714200000,1.1446,1.14455,1,-1,2,6623
1672,ZONE_CREATED,2026-07-10 16:25:00.000,1783711500000,D001673,1783711500000,1783714500000,1.1446,1.14455,1,1,3,6628
1673,ZONE_CREATED,2026-07-10 16:26:00.000,1783711560000,D001674,1783711560000,1783714560000,1.1446,1.14455,1,-1,4,6629
1674,ZONE_CREATED,2026-07-10 16:30:00.000,1783711800000,D001675,1783711800000,1783714800000,1.14465,1.14455,2,-1,5,6633
1675,ZONE_CREATED,2026-07-10 16:31:00.000,1783711860000,D001676,1783711860000,1783714860000,1.1446,1.14455,1,-1,6,6634
1676,ZONE_CREATED,2026-07-10 16:36:00.000,1783712160000,D001677,1783712160000,1783715160000,1.1446,1.14455,1,-1,7,6639
1677,ZONE_CREATED,2026-07-10 16:43:00.000,1783712580000,D001678,1783712580000,1783715580000,1.1446,1.14455,1,1,8,6646
1678,ZONE_CREATED,2026-07-10 16:45:00.000,1783712700000,D001679,1783712700000,1783715700000,1.1445,1.14445,1,1,7,6648
1679,ZONE_CREATED,2026-07-10 16:46:00.000,1783712760000,D001680,1783712760000,1783715760000,1.1445,1.14445,1,-1,8,6649
1680,ZONE_CREATED,2026-07-10 16:55:00.000,1783713300000,D001681,1783713300000,1783716300000,1.1445,1.14445,1,1,7,6658
1681,ZONE_CREATED,2026-07-10 17:01:00.000,1783713660000,D001682,1783713660000,1783716660000,1.1447,1.14465,1,-1,2,6664
1682,ZONE_CREATED,2026-07-10 17:03:00.000,1783713780000,D001683,1783713780000,1783716780000,1.1447,1.14465,1,1,3,6666
1683,ZONE_CREATED,2026-07-10 17:04:00.000,1783713840000,D001684,1783713840000,1783716840000,1.1448,1.14475,1,1,1,6667
1684,ZONE_CREATED,2026-07-10 17:06:00.000,1783713960000,D001685,1783713960000,1783716960000,1.1448,1.14475,1,1,2,6669
1685,ZONE_CREATED,2026-07-10 17:09:00.000,1783714140000,D001686,1783714140000,1783717140000,1.1445,1.14445,1,-1,4,6672
1686,ZONE_CREATED,2026-07-10 17:11:00.000,1783714260000,D001687,1783714260000,1783717260000,1.1445,1.14445,1,1,5,6674
1687,ZONE_CREATED,2026-07-10 17:20:00.000,1783714800000,D001688,1783714800000,1783717800000,1.1447,1.14465,1,1,4,6681
1688,ZONE_CREATED,2026-07-10 17:22:00.000,1783714920000,D001689,1783714920000,1783717920000,1.1447,1.14465,1,-1,5,6683
1689,ZONE_CREATED,2026-07-10 17:25:00.000,1783715100000,D001690,1783715100000,1783718100000,1.14465,1.14455,2,-1,7,6686
1690,ZONE_CREATED,2026-07-10 17:26:00.000,1783715160000,D001691,1783715160000,1783718160000,1.1445,1.14445,1,1,6,6687
1691,ZONE_CREATED,2026-07-10 17:27:00.000,1783715220000,D001692,1783715220000,1783718220000,1.1445,1.14445,1,1,7,6688
1692,ZONE_CREATED,2026-07-10 17:34:00.000,1783715640000,D001693,1783715640000,1783718640000,1.1444,1.1443,2,1,1,6695
1693,ZONE_CREATED,2026-07-10 17:35:00.000,1783715700000,D001694,1783715700000,1783718700000,1.1444,1.1443,2,-1,2,6696
1694,ZONE_CREATED,2026-07-10 17:36:00.000,1783715760000,D001695,1783715760000,1783718760000,1.1443,1.14425,1,-1,3,6697
1695,ZONE_CREATED,2026-07-10 17:42:00.000,1783716120000,D001696,1783716120000,1783719120000,1.1443,1.14425,1,1,4,6702
1696,ZONE_CREATED,2026-07-10 17:52:00.000,1783716720000,D001697,1783716720000,1783719720000,1.1444,1.14435,1,-1,3,6712
1697,ZONE_CREATED,2026-07-10 17:53:00.000,1783716780000,D001698,1783716780000,1783719780000,1.1444,1.14435,1,1,4,6713
1698,ZONE_CREATED,2026-07-10 17:56:00.000,1783716960000,D001699,1783716960000,1783719960000,1.1444,1.14435,1,-1,5,6716
1699,ZONE_CREATED,2026-07-10 17:57:00.000,1783717020000,D001700,1783717020000,1783720020000,1.1445,1.1444,2,-1,10,6717
1700,ZONE_CREATED,2026-07-10 18:00:00.000,1783717200000,D001701,1783717200000,1783720200000,1.1444,1.14365,15,-1,9,6720
1701,ZONE_CREATED,2026-07-12 19:02:00.000,1783893720000,D001702,1783893720000,1783896720000,1.1429,1.14285,1,-1,1,6722
1702,ZONE_CREATED,2026-07-12 19:03:00.000,1783893780000,D001703,1783893780000,1783896780000,1.1424,1.14235,1,-1,1,6723
1703,ZONE_CREATED,2026-07-12 19:09:00.000,1783894140000,D001704,1783894140000,1783897140000,1.1423,1.14225,1,-1,1,6729
1704,ZONE_CREATED,2026-07-12 19:12:00.000,1783894320000,D001705,1783894320000,1783897320000,1.1422,1.14215,1,-1,1,6732
1705,ZONE_CREATED,2026-07-12 19:16:00.000,1783894560000,D001706,1783894560000,1783897560000,1.142,1.1419,2,1,1,6736
1706,ZONE_CREATED,2026-07-12 19:18:00.000,1783894680000,D001707,1783894680000,1783897680000,1.1423,1.1422,2,1,3,6738
1707,ZONE_CREATED,2026-07-12 19:19:00.000,1783894740000,D001708,1783894740000,1783897740000,1.1423,1.14225,1,-1,3,6739
1708,ZONE_CREATED,2026-07-12 19:21:00.000,1783894860000,D001709,1783894860000,1783897860000,1.14235,1.14225,2,1,5,6741
1709,ZONE_CREATED,2026-07-12 19:26:00.000,1783895160000,D001710,1783895160000,1783898160000,1.1424,1.14235,1,-1,3,6746
1710,ZONE_CREATED,2026-07-12 19:28:00.000,1783895280000,D001711,1783895280000,1783898280000,1.1425,1.14245,1,1,1,6748
1711,ZONE_CREATED,2026-07-12 19:32:00.000,1783895520000,D001712,1783895520000,1783898520000,1.1425,1.14245,1,-1,2,6752
1712,ZONE_CREATED,2026-07-12 19:37:00.000,1783895820000,D001713,1783895820000,1783898820000,1.1425,1.14245,1,-1,3,6757
1713,ZONE_CREATED,2026-07-12 19:38:00.000,1783895880000,D001714,1783895880000,1783898880000,1.1425,1.1424,2,-1,6,6758
1714,ZONE_CREATED,2026-07-12 19:41:00.000,1783896060000,D001715,1783896060000,1783899060000,1.1424,1.1423,2,-1,8,6761
1715,ZONE_CREATED,2026-07-12 20:06:00.000,1783897560000,D001716,1783897560000,1783900560000,1.1424,1.14235,1,-1,5,6785
1716,ZONE_CREATED,2026-07-12 20:09:00.000,1783897740000,D001717,1783897740000,1783900740000,1.1425,1.14245,1,1,5,6788
1717,ZONE_CREATED,2026-07-12 20:10:00.000,1783897800000,D001718,1783897800000,1783900800000,1.1425,1.14245,1,-1,6,6789
1718,ZONE_CREATED,2026-07-12 20:14:00.000,1783898040000,D001719,1783898040000,1783901040000,1.1426,1.14255,1,1,1,6792
1719,ZONE_CREATED,2026-07-12 20:18:00.000,1783898280000,D001720,1783898280000,1783901280000,1.1427,1.14265,1,1,1,6795
1720,ZONE_CREATED,2026-07-12 20:29:00.000,1783898940000,D001721,1783898940000,1783901940000,1.1428,1.14275,1,-1,1,6805
1721,ZONE_CREATED,2026-07-12 20:31:00.000,1783899060000,D001722,1783899060000,1783902060000,1.1428,1.14275,1,-1,2,6807
1722,ZONE_CREATED,2026-07-12 20:37:00.000,1783899420000,D001723,1783899420000,1783902420000,1.1427,1.14265,1,-1,2,6812
1723,ZONE_CREATED,2026-07-12 20:43:00.000,1783899780000,D001724,1783899780000,1783902780000,1.1429,1.14285,1,1,1,6816
1724,ZONE_CREATED,2026-07-12 20:44:00.000,1783899840000,D001725,1783899840000,1783902840000,1.1429,1.14285,1,-1,2,6817
1725,ZONE_CREATED,2026-07-12 20:47:00.000,1783900020000,D001726,1783900020000,1783903020000,1.14315,1.1431,1,1,1,6820
1726,ZONE_CREATED,2026-07-12 20:51:00.000,1783900260000,D001727,1783900260000,1783903260000,1.14315,1.1431,1,1,2,6824
1727,ZONE_CREATED,2026-07-12 20:54:00.000,1783900440000,D001728,1783900440000,1783903440000,1.14315,1.1431,1,-1,3,6827
1728,ZONE_CREATED,2026-07-12 20:57:00.000,1783900620000,D001729,1783900620000,1783903620000,1.1431,1.14305,1,1,4,6830
1729,ZONE_CREATED,2026-07-12 20:59:00.000,1783900740000,D001730,1783900740000,1783903740000,1.14335,1.1433,1,-1,1,6832
1730,ZONE_CREATED,2026-07-12 21:02:00.000,1783900920000,D001731,1783900920000,1783903920000,1.1433,1.1432,2,1,2,6835
1731,ZONE_CREATED,2026-07-12 21:03:00.000,1783900980000,D001732,1783900980000,1783903980000,1.14325,1.1432,1,1,2,6836
1732,ZONE_CREATED,2026-07-12 21:07:00.000,1783901220000,D001733,1783901220000,1783904220000,1.14335,1.14325,2,-1,4,6840
1733,ZONE_CREATED,2026-07-12 21:10:00.000,1783901400000,D001734,1783901400000,1783904400000,1.14325,1.1432,1,1,4,6843
1734,ZONE_CREATED,2026-07-12 21:20:00.000,1783902000000,D001735,1783902000000,1783905000000,1.1428,1.14275,1,1,3,6853
1735,ZONE_CREATED,2026-07-12 21:28:00.000,1783902480000,D001736,1783902480000,1783905480000,1.14325,1.1432,1,-1,5,6861
1736,ZONE_CREATED,2026-07-12 21:29:00.000,1783902540000,D001737,1783902540000,1783905540000,1.14325,1.1432,1,-1,6,6862
1737,ZONE_CREATED,2026-07-12 21:38:00.000,1783903080000,D001738,1783903080000,1783906080000,1.1429,1.14285,1,-1,1,6871
1738,ZONE_CREATED,2026-07-12 21:40:00.000,1783903200000,D001739,1783903200000,1783906200000,1.1426,1.14255,1,-1,1,6873
1739,ZONE_CREATED,2026-07-12 21:45:00.000,1783903500000,D001740,1783903500000,1783906500000,1.1427,1.14265,1,1,1,6878
1740,ZONE_CREATED,2026-07-12 21:47:00.000,1783903620000,D001741,1783903620000,1783906620000,1.1428,1.14275,1,-1,2,6880
1741,ZONE_CREATED,2026-07-12 21:49:00.000,1783903740000,D001742,1783903740000,1783906740000,1.1427,1.14265,1,-1,2,6882
1742,ZONE_CREATED,2026-07-12 21:52:00.000,1783903920000,D001743,1783903920000,1783906920000,1.1426,1.14255,1,-1,2,6885
1743,ZONE_CREATED,2026-07-12 21:59:00.000,1783904340000,D001744,1783904340000,1783907340000,1.1426,1.14255,1,-1,3,6892
1744,ZONE_CREATED,2026-07-12 22:09:00.000,1783904940000,D001745,1783904940000,1783907940000,1.1422,1.14215,1,-1,1,6902
1745,ZONE_CREATED,2026-07-12 22:11:00.000,1783905060000,D001746,1783905060000,1783908060000,1.1422,1.14215,1,1,2,6904
1746,ZONE_CREATED,2026-07-12 22:16:00.000,1783905360000,D001747,1783905360000,1783908360000,1.1422,1.14215,1,1,3,6909
1747,ZONE_CREATED,2026-07-12 22:18:00.000,1783905480000,D001748,1783905480000,1783908480000,1.14215,1.1421,1,-1,4,6911
1748,ZONE_CREATED,2026-07-12 22:21:00.000,1783905660000,D001749,1783905660000,1783908660000,1.14215,1.1421,1,-1,5,6914
1749,ZONE_CREATED,2026-07-12 22:23:00.000,1783905780000,D001750,1783905780000,1783908780000,1.14195,1.1419,1,1,1,6916
1750,ZONE_CREATED,2026-07-12 22:25:00.000,1783905900000,D001751,1783905900000,1783908900000,1.14165,1.1416,1,-1,1,6918
1751,ZONE_CREATED,2026-07-12 22:28:00.000,1783906080000,D001752,1783906080000,1783909080000,1.14175,1.1417,1,1,1,6921
1752,ZONE_CREATED,2026-07-12 22:32:00.000,1783906320000,D001753,1783906320000,1783909320000,1.1422,1.1421,2,-1,6,6925
1753,ZONE_CREATED,2026-07-12 22:33:00.000,1783906380000,D001754,1783906380000,1783909380000,1.1422,1.14215,1,1,7,6926
1754,ZONE_CREATED,2026-07-12 22:38:00.000,1783906680000,D001755,1783906680000,1783909680000,1.1423,1.14225,1,1,1,6931
1755,ZONE_CREATED,2026-07-12 22:42:00.000,1783906920000,D001756,1783906920000,1783909920000,1.1424,1.14235,1,1,1,6935
1756,ZONE_CREATED,2026-07-12 22:45:00.000,1783907100000,D001757,1783907100000,1783910100000,1.1425,1.14245,1,1,1,6938
1757,ZONE_CREATED,2026-07-12 22:52:00.000,1783907520000,D001758,1783907520000,1783910520000,1.1426,1.14255,1,1,1,6945
1758,ZONE_CREATED,2026-07-12 22:56:00.000,1783907760000,D001759,1783907760000,1783910760000,1.1424,1.14235,1,-1,2,6949
1759,ZONE_CREATED,2026-07-12 23:00:00.000,1783908000000,D001760,1783908000000,1783911000000,1.1427,1.14265,1,1,1,6953
1760,ZONE_CREATED,2026-07-12 23:05:00.000,1783908300000,D001761,1783908300000,1783911300000,1.1424,1.14235,1,1,3,6958
1761,ZONE_CREATED,2026-07-12 23:06:00.000,1783908360000,D001762,1783908360000,1783911360000,1.1424,1.14235,1,-1,4,6959
1762,ZONE_CREATED,2026-07-12 23:07:00.000,1783908420000,D001763,1783908420000,1783911420000,1.1425,1.14245,1,1,2,6960
1763,ZONE_CREATED,2026-07-12 23:10:00.000,1783908600000,D001764,1783908600000,1783911600000,1.1425,1.14245,1,1,3,6963
1764,ZONE_CREATED,2026-07-12 23:14:00.000,1783908840000,D001765,1783908840000,1783911840000,1.1425,1.14245,1,-1,4,6967
1765,ZONE_CREATED,2026-07-12 23:22:00.000,1783909320000,D001766,1783909320000,1783912320000,1.1425,1.14245,1,-1,5,6975
1766,ZONE_CREATED,2026-07-12 23:25:00.000,1783909500000,D001767,1783909500000,1783912500000,1.1425,1.14245,1,1,6,6978
1767,ZONE_CREATED,2026-07-12 23:27:00.000,1783909620000,D001768,1783909620000,1783912620000,1.1424,1.14235,1,-1,5,6980
1768,ZONE_CREATED,2026-07-12 23:30:00.000,1783909800000,D001769,1783909800000,1783912800000,1.1425,1.14245,1,1,7,6983
1769,ZONE_CREATED,2026-07-12 23:34:00.000,1783910040000,D001770,1783910040000,1783913040000,1.1425,1.14245,1,1,8,6987
1770,ZONE_CREATED,2026-07-12 23:35:00.000,1783910100000,D001771,1783910100000,1783913100000,1.1425,1.14245,1,1,9,6988
1771,ZONE_CREATED,2026-07-12 23:38:00.000,1783910280000,D001772,1783910280000,1783913280000,1.1428,1.14275,1,1,1,6991
1772,ZONE_CREATED,2026-07-12 23:41:00.000,1783910460000,D001773,1783910460000,1783913460000,1.1428,1.14275,1,1,2,6994
1773,ZONE_CREATED,2026-07-12 23:51:00.000,1783911060000,D001774,1783911060000,1783914060000,1.1426,1.14255,1,-1,1,7004
1774,ZONE_CREATED,2026-07-12 23:55:00.000,1783911300000,D001775,1783911300000,1783914300000,1.1425,1.14245,1,1,9,7008
1775,ZONE_CREATED,2026-07-12 23:59:00.000,1783911540000,D001776,1783911540000,1783914540000,1.1425,1.14245,1,1,9,7012
1776,ZONE_CREATED,2026-07-13 00:00:00.000,1783911600000,D001777,1783911600000,1783914600000,1.1424,1.14235,1,1,2,7013
1777,ZONE_CREATED,2026-07-13 00:04:00.000,1783911840000,D001778,1783911840000,1783914840000,1.1424,1.14235,1,-1,3,7017
1778,ZONE_CREATED,2026-07-13 00:10:00.000,1783912200000,D001779,1783912200000,1783915200000,1.14215,1.1421,1,1,1,7023
1779,ZONE_CREATED,2026-07-13 00:16:00.000,1783912560000,D001780,1783912560000,1783915560000,1.1424,1.14235,1,1,4,7029
1780,ZONE_CREATED,2026-07-13 00:21:00.000,1783912860000,D001781,1783912860000,1783915860000,1.1425,1.14245,1,1,5,7034
1781,ZONE_CREATED,2026-07-13 00:24:00.000,1783913040000,D001782,1783913040000,1783916040000,1.1425,1.14245,1,1,6,7036
1782,ZONE_CREATED,2026-07-13 00:25:00.000,1783913100000,D001783,1783913100000,1783916100000,1.14245,1.14235,2,-1,10,7037
1783,ZONE_CREATED,2026-07-13 00:28:00.000,1783913280000,D001784,1783913280000,1783916280000,1.1424,1.14235,1,1,5,7038
1784,ZONE_CREATED,2026-07-13 00:45:00.000,1783914300000,D001785,1783914300000,1783917300000,1.1426,1.14255,1,1,2,7052
1785,ZONE_CREATED,2026-07-13 00:49:00.000,1783914540000,D001786,1783914540000,1783917540000,1.1427,1.14265,1,-1,1,7054
1786,ZONE_CREATED,2026-07-13 00:50:00.000,1783914600000,D001787,1783914600000,1783917600000,1.1427,1.14265,1,1,2,7055
1787,ZONE_CREATED,2026-07-13 00:51:00.000,1783914660000,D001788,1783914660000,1783917660000,1.1427,1.14265,1,-1,3,7056
1788,ZONE_CREATED,2026-07-13 00:53:00.000,1783914780000,D001789,1783914780000,1783917780000,1.1426,1.14255,1,-1,2,7058
1789,ZONE_CREATED,2026-07-13 00:55:00.000,1783914900000,D001790,1783914900000,1783917900000,1.1426,1.14255,1,1,3,7060
1790,ZONE_CREATED,2026-07-13 01:06:00.000,1783915560000,D001791,1783915560000,1783918560000,1.1427,1.14265,1,1,4,7070
1791,ZONE_CREATED,2026-07-13 01:11:00.000,1783915860000,D001792,1783915860000,1783918860000,1.1427,1.14265,1,-1,5,7074
1792,ZONE_CREATED,2026-07-13 01:23:00.000,1783916580000,D001793,1783916580000,1783919580000,1.14295,1.14285,2,-1,1,7084
1793,ZONE_CREATED,2026-07-13 01:25:00.000,1783916700000,D001794,1783916700000,1783919700000,1.1429,1.14285,1,1,2,7086
1794,ZONE_CREATED,2026-07-13 01:27:00.000,1783916820000,D001795,1783916820000,1783919820000,1.1429,1.14285,1,1,3,7088
1795,ZONE_CREATED,2026-07-13 01:32:00.000,1783917120000,D001796,1783917120000,1783920120000,1.1431,1.14305,1,1,1,7093
1796,ZONE_CREATED,2026-07-13 01:37:00.000,1783917420000,D001797,1783917420000,1783920420000,1.14315,1.1431,1,1,2,7097
1797,ZONE_CREATED,2026-07-13 01:42:00.000,1783917720000,D001798,1783917720000,1783920720000,1.14315,1.1431,1,-1,3,7101
1798,ZONE_CREATED,2026-07-13 01:45:00.000,1783917900000,D001799,1783917900000,1783920900000,1.1431,1.14305,1,1,4,7104
1799,ZONE_CREATED,2026-07-13 01:48:00.000,1783918080000,D001800,1783918080000,1783921080000,1.14315,1.1431,1,1,5,7107
1800,ZONE_CREATED,2026-07-13 01:49:00.000,1783918140000,D001801,1783918140000,1783921140000,1.14315,1.1431,1,-1,6,7108
1801,ZONE_CREATED,2026-07-13 01:51:00.000,1783918260000,D001802,1783918260000,1783921260000,1.1431,1.14305,1,1,7,7110
1802,ZONE_CREATED,2026-07-13 01:56:00.000,1783918560000,D001803,1783918560000,1783921560000,1.14335,1.1433,1,1,1,7115
1803,ZONE_CREATED,2026-07-13 02:19:00.000,1783919940000,D001804,1783919940000,1783922940000,1.14355,1.1435,1,-1,1,7138
1804,ZONE_CREATED,2026-07-13 02:23:00.000,1783920180000,D001805,1783920180000,1783923180000,1.14335,1.1433,1,-1,2,7142
1805,ZONE_CREATED,2026-07-13 02:25:00.000,1783920300000,D001806,1783920300000,1783923300000,1.1433,1.1432,2,1,3,7144
1806,ZONE_CREATED,2026-07-13 02:29:00.000,1783920540000,D001807,1783920540000,1783923540000,1.14315,1.1431,1,-1,6,7148
1807,ZONE_CREATED,2026-07-13 02:35:00.000,1783920900000,D001808,1783920900000,1783923900000,1.14325,1.1432,1,1,2,7154
1808,ZONE_CREATED,2026-07-13 02:37:00.000,1783921020000,D001809,1783921020000,1783924020000,1.14325,1.1432,1,-1,3,7156
1809,ZONE_CREATED,2026-07-13 02:40:00.000,1783921200000,D001810,1783921200000,1783924200000,1.14325,1.1432,1,1,4,7159
1810,ZONE_CREATED,2026-07-13 02:45:00.000,1783921500000,D001811,1783921500000,1783924500000,1.1431,1.14305,1,-1,2,7164
1811,ZONE_CREATED,2026-07-13 02:46:00.000,1783921560000,D001812,1783921560000,1783924560000,1.1431,1.14305,1,-1,3,7165
1812,ZONE_CREATED,2026-07-13 02:48:00.000,1783921680000,D001813,1783921680000,1783924680000,1.14315,1.1431,1,1,4,7167
1813,ZONE_CREATED,2026-07-13 02:51:00.000,1783921860000,D001814,1783921860000,1783924860000,1.14335,1.1433,1,1,3,7170
1814,ZONE_CREATED,2026-07-13 02:52:00.000,1783921920000,D001815,1783921920000,1783924920000,1.1433,1.1432,2,-1,7,7171
1815,ZONE_CREATED,2026-07-13 02:53:00.000,1783921980000,D001816,1783921980000,1783924980000,1.1432,1.14305,3,-1,10,7172
1816,ZONE_CREATED,2026-07-13 02:54:00.000,1783922040000,D001817,1783922040000,1783925040000,1.143,1.14295,1,1,1,7173
1817,ZONE_CREATED,2026-07-13 02:55:00.000,1783922100000,D001818,1783922100000,1783925100000,1.143,1.14295,1,1,2,7174
1818,ZONE_CREATED,2026-07-13 02:56:00.000,1783922160000,D001819,1783922160000,1783925160000,1.1429,1.1428,2,1,1,7175
1819,ZONE_CREATED,2026-07-13 03:00:00.000,1783922400000,D001820,1783922400000,1783925400000,1.14285,1.1427,3,1,2,7179
1820,ZONE_CREATED,2026-07-13 03:03:00.000,1783922580000,D001821,1783922580000,1783925580000,1.1427,1.14265,1,1,2,7182
1821,ZONE_CREATED,2026-07-13 03:05:00.000,1783922700000,D001822,1783922700000,1783925700000,1.1428,1.14275,1,1,3,7184
1822,ZONE_CREATED,2026-07-13 03:07:00.000,1783922820000,D001823,1783922820000,1783925820000,1.1428,1.14275,1,-1,4,7186
1823,ZONE_CREATED,2026-07-13 03:13:00.000,1783923180000,D001824,1783923180000,1783926180000,1.1427,1.14265,1,1,3,7192
1824,ZONE_CREATED,2026-07-13 03:14:00.000,1783923240000,D001825,1783923240000,1783926240000,1.1426,1.14255,1,1,1,7193
1825,ZONE_CREATED,2026-07-13 03:25:00.000,1783923900000,D001826,1783923900000,1783926900000,1.1431,1.14305,1,1,5,7204
1826,ZONE_CREATED,2026-07-13 03:30:00.000,1783924200000,D001827,1783924200000,1783927200000,1.14335,1.1433,1,1,3,7209
1827,ZONE_CREATED,2026-07-13 03:35:00.000,1783924500000,D001828,1783924500000,1783927500000,1.14345,1.1434,1,1,1,7214
1828,ZONE_CREATED,2026-07-13 03:36:00.000,1783924560000,D001829,1783924560000,1783927560000,1.14355,1.1435,1,1,1,7215
1829,ZONE_CREATED,2026-07-13 03:38:00.000,1783924680000,D001830,1783924680000,1783927680000,1.14355,1.1435,1,-1,2,7217
1830,ZONE_CREATED,2026-07-13 03:44:00.000,1783925040000,D001831,1783925040000,1783928040000,1.14355,1.1435,1,-1,3,7223
1831,ZONE_CREATED,2026-07-13 03:45:00.000,1783925100000,D001832,1783925100000,1783928100000,1.14345,1.1434,1,-1,2,7224
1832,ZONE_CREATED,2026-07-13 03:47:00.000,1783925220000,D001833,1783925220000,1783928220000,1.14335,1.1433,1,-1,2,7226
1833,ZONE_CREATED,2026-07-13 03:48:00.000,1783925280000,D001834,1783925280000,1783928280000,1.14335,1.1433,1,1,3,7227
1834,ZONE_CREATED,2026-07-13 03:56:00.000,1783925760000,D001835,1783925760000,1783928760000,1.1431,1.14305,1,-1,2,7235
1835,ZONE_CREATED,2026-07-13 03:57:00.000,1783925820000,D001836,1783925820000,1783928820000,1.14315,1.1431,1,-1,3,7236
1836,ZONE_CREATED,2026-07-13 03:59:00.000,1783925940000,D001837,1783925940000,1783928940000,1.14315,1.1431,1,-1,4,7238
1837,ZONE_CREATED,2026-07-13 04:00:00.000,1783926000000,D001838,1783926000000,1783929000000,1.1431,1.14305,1,1,5,7239
1838,ZONE_CREATED,2026-07-13 04:01:00.000,1783926060000,D001839,1783926060000,1783929060000,1.14325,1.1432,1,-1,1,7240
1839,ZONE_CREATED,2026-07-13 04:02:00.000,1783926120000,D001840,1783926120000,1783929120000,1.14315,1.1431,1,-1,6,7241
1840,ZONE_CREATED,2026-07-13 04:07:00.000,1783926420000,D001841,1783926420000,1783929420000,1.1435,1.1434,2,-1,6,7246
1841,ZONE_CREATED,2026-07-13 04:18:00.000,1783927080000,D001842,1783927080000,1783930080000,1.14365,1.1436,1,-1,1,7257
1842,ZONE_CREATED,2026-07-13 04:19:00.000,1783927140000,D001843,1783927140000,1783930140000,1.14375,1.1437,1,-1,1,7258
1843,ZONE_CREATED,2026-07-13 04:22:00.000,1783927320000,D001844,1783927320000,1783930320000,1.14385,1.1438,1,-1,1,7261
1844,ZONE_CREATED,2026-07-13 04:23:00.000,1783927380000,D001845,1783927380000,1783930380000,1.14385,1.1438,1,-1,2,7262
1845,ZONE_CREATED,2026-07-13 04:42:00.000,1783928520000,D001846,1783928520000,1783931520000,1.1448,1.14475,1,1,1,7281
1846,ZONE_CREATED,2026-07-13 04:43:00.000,1783928580000,D001847,1783928580000,1783931580000,1.1448,1.14475,1,-1,2,7282
1847,ZONE_CREATED,2026-07-13 04:52:00.000,1783929120000,D001848,1783929120000,1783932120000,1.14535,1.1453,1,-1,1,7291
1848,ZONE_CREATED,2026-07-13 04:55:00.000,1783929300000,D001849,1783929300000,1783932300000,1.14555,1.1455,1,1,1,7294
1849,ZONE_CREATED,2026-07-13 04:56:00.000,1783929360000,D001850,1783929360000,1783932360000,1.14555,1.1455,1,-1,2,7295
1850,ZONE_CREATED,2026-07-13 05:06:00.000,1783929960000,D001851,1783929960000,1783932960000,1.14595,1.1459,1,-1,1,7305
1851,ZONE_CREATED,2026-07-13 05:07:00.000,1783930020000,D001852,1783930020000,1783933020000,1.14595,1.1459,1,-1,2,7306
1852,ZONE_CREATED,2026-07-13 05:08:00.000,1783930080000,D001853,1783930080000,1783933080000,1.14585,1.1458,1,-1,1,7307
1853,ZONE_CREATED,2026-07-13 05:15:00.000,1783930500000,D001854,1783930500000,1783933500000,1.147,1.14695,1,1,1,7314
1854,ZONE_CREATED,2026-07-13 05:17:00.000,1783930620000,D001855,1783930620000,1783933620000,1.1472,1.14715,1,-1,1,7316
1855,ZONE_CREATED,2026-07-13 05:18:00.000,1783930680000,D001856,1783930680000,1783933680000,1.14755,1.1475,1,1,1,7317
1856,ZONE_CREATED,2026-07-13 05:20:00.000,1783930800000,D001857,1783930800000,1783933800000,1.1472,1.14715,1,1,2,7319
1857,ZONE_CREATED,2026-07-13 05:22:00.000,1783930920000,D001858,1783930920000,1783933920000,1.1472,1.14715,1,-1,3,7321
1858,ZONE_CREATED,2026-07-13 05:25:00.000,1783931100000,D001859,1783931100000,1783934100000,1.147,1.14695,1,-1,2,7324
1859,ZONE_CREATED,2026-07-13 05:31:00.000,1783931460000,D001860,1783931460000,1783934460000,1.1467,1.14665,1,-1,1,7330
1860,ZONE_CREATED,2026-07-13 05:32:00.000,1783931520000,D001861,1783931520000,1783934520000,1.14675,1.14665,2,-1,2,7331
1861,ZONE_CREATED,2026-07-13 05:35:00.000,1783931700000,D001862,1783931700000,1783934700000,1.1468,1.14675,1,-1,2,7334
1862,ZONE_CREATED,2026-07-13 05:36:00.000,1783931760000,D001863,1783931760000,1783934760000,1.1468,1.14675,1,-1,3,7335
1863,ZONE_CREATED,2026-07-13 05:38:00.000,1783931880000,D001864,1783931880000,1783934880000,1.1466,1.14655,1,1,1,7337
1864,ZONE_CREATED,2026-07-13 05:39:00.000,1783931940000,D001865,1783931940000,1783934940000,1.1468,1.14675,1,1,4,7338
1865,ZONE_CREATED,2026-07-13 05:44:00.000,1783932240000,D001866,1783932240000,1783935240000,1.1469,1.14685,1,-1,1,7343
1866,ZONE_CREATED,2026-07-13 05:49:00.000,1783932540000,D001867,1783932540000,1783935540000,1.1469,1.14685,1,1,2,7348
1867,ZONE_CREATED,2026-07-13 05:54:00.000,1783932840000,D001868,1783932840000,1783935840000,1.1468,1.14675,1,1,5,7353
1868,ZONE_CREATED,2026-07-13 05:56:00.000,1783932960000,D001869,1783932960000,1783935960000,1.1468,1.14675,1,-1,6,7355
1869,ZONE_CREATED,2026-07-13 05:57:00.000,1783933020000,D001870,1783933020000,1783936020000,1.1468,1.14675,1,1,7,7356
1870,ZONE_CREATED,2026-07-13 06:00:00.000,1783933200000,D001871,1783933200000,1783936200000,1.1466,1.14655,1,-1,2,7359
1871,ZONE_CREATED,2026-07-13 06:08:00.000,1783933680000,D001872,1783933680000,1783936680000,1.1465,1.14645,1,-1,1,7367
1872,ZONE_CREATED,2026-07-13 06:10:00.000,1783933800000,D001873,1783933800000,1783936800000,1.1464,1.14635,1,1,1,7369
1873,ZONE_CREATED,2026-07-13 06:13:00.000,1783933980000,D001874,1783933980000,1783936980000,1.1462,1.14615,1,-1,1,7372
1874,ZONE_CREATED,2026-07-13 06:14:00.000,1783934040000,D001875,1783934040000,1783937040000,1.14615,1.1461,1,-1,2,7373
1875,ZONE_CREATED,2026-07-13 06:15:00.000,1783934100000,D001876,1783934100000,1783937100000,1.14615,1.1461,1,-1,3,7374
1876,ZONE_CREATED,2026-07-13 06:27:00.000,1783934820000,D001877,1783934820000,1783937820000,1.14595,1.1459,1,1,1,7386
1877,ZONE_CREATED,2026-07-13 06:30:00.000,1783935000000,D001878,1783935000000,1783938000000,1.14615,1.1461,1,-1,4,7389
1878,ZONE_CREATED,2026-07-13 06:38:00.000,1783935480000,D001879,1783935480000,1783938480000,1.14595,1.1459,1,1,2,7397
1879,ZONE_CREATED,2026-07-13 06:41:00.000,1783935660000,D001880,1783935660000,1783938660000,1.14585,1.1458,1,1,1,7400
1880,ZONE_CREATED,2026-07-13 06:47:00.000,1783936020000,D001881,1783936020000,1783939020000,1.14605,1.146,1,-1,1,7406
1881,ZONE_CREATED,2026-07-13 06:55:00.000,1783936500000,D001882,1783936500000,1783939500000,1.14595,1.14585,2,1,4,7414
1882,ZONE_CREATED,2026-07-13 06:56:00.000,1783936560000,D001883,1783936560000,1783939560000,1.14605,1.146,1,-1,2,7415
1883,ZONE_CREATED,2026-07-13 07:02:00.000,1783936920000,D001884,1783936920000,1783939920000,1.14615,1.1461,1,1,5,7421
1884,ZONE_CREATED,2026-07-13 07:07:00.000,1783937220000,D001885,1783937220000,1783940220000,1.1462,1.14615,1,1,3,7426
1885,ZONE_CREATED,2026-07-13 07:09:00.000,1783937340000,D001886,1783937340000,1783940340000,1.1464,1.14635,1,-1,1,7428
1886,ZONE_CREATED,2026-07-13 07:15:00.000,1783937700000,D001887,1783937700000,1783940700000,1.14615,1.1461,1,-1,4,7434
1887,ZONE_CREATED,2026-07-13 07:17:00.000,1783937820000,D001888,1783937820000,1783940820000,1.14615,1.14605,2,-1,7,7436
1888,ZONE_CREATED,2026-07-13 07:21:00.000,1783938060000,D001889,1783938060000,1783941060000,1.14595,1.1459,1,1,3,7440
1889,ZONE_CREATED,2026-07-13 07:25:00.000,1783938300000,D001890,1783938300000,1783941300000,1.14595,1.1459,1,1,4,7444
1890,ZONE_CREATED,2026-07-13 07:37:00.000,1783939020000,D001891,1783939020000,1783942020000,1.14565,1.1456,1,1,1,7456
1891,ZONE_CREATED,2026-07-13 07:38:00.000,1783939080000,D001892,1783939080000,1783942080000,1.14585,1.1458,1,1,2,7457
1892,ZONE_CREATED,2026-07-13 07:43:00.000,1783939380000,D001893,1783939380000,1783942380000,1.14605,1.146,1,-1,3,7462
1893,ZONE_CREATED,2026-07-13 07:46:00.000,1783939560000,D001894,1783939560000,1783942560000,1.14595,1.1459,1,1,3,7465
1894,ZONE_CREATED,2026-07-13 07:50:00.000,1783939800000,D001895,1783939800000,1783942800000,1.1463,1.14625,1,-1,1,7469
1895,ZONE_CREATED,2026-07-13 07:52:00.000,1783939920000,D001896,1783939920000,1783942920000,1.1464,1.14635,1,1,2,7471
1896,ZONE_CREATED,2026-07-13 08:04:00.000,1783940640000,D001897,1783940640000,1783943640000,1.1464,1.14635,1,-1,2,7483
1897,ZONE_CREATED,2026-07-13 08:17:00.000,1783941420000,D001898,1783941420000,1783944420000,1.14585,1.1458,1,-1,2,7496
1898,ZONE_CREATED,2026-07-13 08:20:00.000,1783941600000,D001899,1783941600000,1783944600000,1.14565,1.1456,1,1,2,7499
1899,ZONE_CREATED,2026-07-13 08:21:00.000,1783941660000,D001900,1783941660000,1783944660000,1.14555,1.1455,1,1,1,7500
1900,ZONE_CREATED,2026-07-13 08:23:00.000,1783941780000,D001901,1783941780000,1783944780000,1.14565,1.1456,1,1,3,7502
1901,ZONE_CREATED,2026-07-13 08:27:00.000,1783942020000,D001902,1783942020000,1783945020000,1.14595,1.1459,1,-1,2,7506
1902,ZONE_CREATED,2026-07-13 08:31:00.000,1783942260000,D001903,1783942260000,1783945260000,1.14595,1.1459,1,-1,3,7510
1903,ZONE_CREATED,2026-07-13 08:38:00.000,1783942680000,D001904,1783942680000,1783945680000,1.14575,1.1457,1,-1,1,7517
1904,ZONE_CREATED,2026-07-13 08:40:00.000,1783942800000,D001905,1783942800000,1783945800000,1.14575,1.1457,1,-1,2,7519
1905,ZONE_CREATED,2026-07-13 08:41:00.000,1783942860000,D001906,1783942860000,1783945860000,1.14585,1.1458,1,1,2,7520
1906,ZONE_CREATED,2026-07-13 08:42:00.000,1783942920000,D001907,1783942920000,1783945920000,1.14585,1.1458,1,1,3,7521
1907,ZONE_CREATED,2026-07-13 08:44:00.000,1783943040000,D001908,1783943040000,1783946040000,1.14595,1.1459,1,1,3,7523
1908,ZONE_CREATED,2026-07-13 08:46:00.000,1783943160000,D001909,1783943160000,1783946160000,1.14585,1.1458,1,1,4,7525
1909,ZONE_CREATED,2026-07-13 08:52:00.000,1783943520000,D001910,1783943520000,1783946520000,1.14585,1.1458,1,-1,5,7531
1910,ZONE_CREATED,2026-07-13 09:01:00.000,1783944060000,D001911,1783944060000,1783947060000,1.14595,1.1459,1,-1,4,7540
1911,ZONE_CREATED,2026-07-13 09:02:00.000,1783944120000,D001912,1783944120000,1783947120000,1.14595,1.1459,1,-1,5,7541
1912,ZONE_CREATED,2026-07-13 09:04:00.000,1783944240000,D001913,1783944240000,1783947240000,1.1458,1.1457,2,1,8,7543
1913,ZONE_CREATED,2026-07-13 09:06:00.000,1783944360000,D001914,1783944360000,1783947360000,1.14575,1.1457,1,1,4,7545
1914,ZONE_CREATED,2026-07-13 09:07:00.000,1783944420000,D001915,1783944420000,1783947420000,1.14565,1.1456,1,-1,3,7546
1915,ZONE_CREATED,2026-07-13 09:12:00.000,1783944720000,D001916,1783944720000,1783947720000,1.14535,1.1453,1,-1,1,7551
1916,ZONE_CREATED,2026-07-13 09:13:00.000,1783944780000,D001917,1783944780000,1783947780000,1.1451,1.14505,1,1,1,7552
1917,ZONE_CREATED,2026-07-13 09:16:00.000,1783944960000,D001918,1783944960000,1783947960000,1.1452,1.14515,1,-1,1,7555
1918,ZONE_CREATED,2026-07-13 09:22:00.000,1783945320000,D001919,1783945320000,1783948320000,1.14525,1.1452,1,-1,2,7561
1919,ZONE_CREATED,2026-07-13 09:24:00.000,1783945440000,D001920,1783945440000,1783948440000,1.14535,1.1453,1,1,2,7563
1920,ZONE_CREATED,2026-07-13 09:25:00.000,1783945500000,D001921,1783945500000,1783948500000,1.14545,1.1454,1,1,1,7564
1921,ZONE_CREATED,2026-07-13 09:28:00.000,1783945680000,D001922,1783945680000,1783948680000,1.1452,1.14515,1,-1,3,7567
1922,ZONE_CREATED,2026-07-13 09:33:00.000,1783945980000,D001923,1783945980000,1783948980000,1.14555,1.1455,1,1,1,7572
1923,ZONE_CREATED,2026-07-13 09:36:00.000,1783946160000,D001924,1783946160000,1783949160000,1.14575,1.1457,1,1,3,7575
1924,ZONE_CREATED,2026-07-13 09:40:00.000,1783946400000,D001925,1783946400000,1783949400000,1.14565,1.1456,1,-1,2,7579
1925,ZONE_CREATED,2026-07-13 09:41:00.000,1783946460000,D001926,1783946460000,1783949460000,1.14575,1.1457,1,-1,4,7580
1926,ZONE_CREATED,2026-07-13 09:42:00.000,1783946520000,D001927,1783946520000,1783949520000,1.14575,1.1457,1,-1,5,7581
1927,ZONE_CREATED,2026-07-13 09:48:00.000,1783946880000,D001928,1783946880000,1783949880000,1.14565,1.1456,1,-1,3,7587
1928,ZONE_CREATED,2026-07-13 09:51:00.000,1783947060000,D001929,1783947060000,1783950060000,1.14555,1.1455,1,1,2,7590
1929,ZONE_CREATED,2026-07-13 09:53:00.000,1783947180000,D001930,1783947180000,1783950180000,1.14535,1.1453,1,-1,3,7592
1930,ZONE_CREATED,2026-07-13 09:55:00.000,1783947300000,D001931,1783947300000,1783950300000,1.14555,1.1455,1,1,3,7594
1931,ZONE_CREATED,2026-07-13 10:03:00.000,1783947780000,D001932,1783947780000,1783950780000,1.14615,1.1461,1,-1,1,7602
1932,ZONE_CREATED,2026-07-13 10:05:00.000,1783947900000,D001933,1783947900000,1783950900000,1.14605,1.146,1,-1,1,7604
1933,ZONE_CREATED,2026-07-13 10:07:00.000,1783948020000,D001934,1783948020000,1783951020000,1.14595,1.1459,1,1,1,7606
1934,ZONE_CREATED,2026-07-13 10:12:00.000,1783948320000,D001935,1783948320000,1783951320000,1.14565,1.1456,1,-1,3,7611
1935,ZONE_CREATED,2026-07-13 10:19:00.000,1783948740000,D001936,1783948740000,1783951740000,1.14555,1.1455,1,-1,4,7618
1936,ZONE_CREATED,2026-07-13 10:26:00.000,1783949160000,D001937,1783949160000,1783952160000,1.14535,1.1453,1,-1,2,7625
1937,ZONE_CREATED,2026-07-13 10:27:00.000,1783949220000,D001938,1783949220000,1783952220000,1.14535,1.1453,1,-1,3,7626
1938,ZONE_CREATED,2026-07-13 10:41:00.000,1783950060000,D001939,1783950060000,1783953060000,1.14535,1.1453,1,1,4,7640
1939,ZONE_CREATED,2026-07-13 10:42:00.000,1783950120000,D001940,1783950120000,1783953120000,1.14525,1.1452,1,-1,1,7641
1940,ZONE_CREATED,2026-07-13 10:43:00.000,1783950180000,D001941,1783950180000,1783953180000,1.145,1.14495,1,1,1,7642
1941,ZONE_CREATED,2026-07-13 10:51:00.000,1783950660000,D001942,1783950660000,1783953660000,1.1448,1.14475,1,1,1,7650
1942,ZONE_CREATED,2026-07-13 10:54:00.000,1783950840000,D001943,1783950840000,1783953840000,1.1448,1.14475,1,-1,2,7653
1943,ZONE_CREATED,2026-07-13 10:56:00.000,1783950960000,D001944,1783950960000,1783953960000,1.1448,1.14475,1,1,3,7655
1944,ZONE_CREATED,2026-07-13 10:58:00.000,1783951080000,D001945,1783951080000,1783954080000,1.1447,1.14465,1,1,1,7657
1945,ZONE_CREATED,2026-07-13 11:00:00.000,1783951200000,D001946,1783951200000,1783954200000,1.1445,1.14445,1,-1,1,7659
1946,ZONE_CREATED,2026-07-13 11:01:00.000,1783951260000,D001947,1783951260000,1783954260000,1.1444,1.14435,1,-1,1,7660
1947,ZONE_CREATED,2026-07-13 11:03:00.000,1783951380000,D001948,1783951380000,1783954380000,1.1442,1.14415,1,-1,1,7662
1948,ZONE_CREATED,2026-07-13 11:13:00.000,1783951980000,D001949,1783951980000,1783954980000,1.1444,1.14435,1,1,2,7672
1949,ZONE_CREATED,2026-07-13 11:16:00.000,1783952160000,D001950,1783952160000,1783955160000,1.1444,1.14435,1,1,3,7675
1950,ZONE_CREATED,2026-07-13 11:18:00.000,1783952280000,D001951,1783952280000,1783955280000,1.1434,1.1433,2,1,1,7677
1951,ZONE_CREATED,2026-07-13 11:19:00.000,1783952340000,D001952,1783952340000,1783955340000,1.14365,1.1436,1,-1,1,7678
1952,ZONE_CREATED,2026-07-13 11:21:00.000,1783952460000,D001953,1783952460000,1783955460000,1.14355,1.1435,1,1,1,7680
1953,ZONE_CREATED,2026-07-13 11:22:00.000,1783952520000,D001954,1783952520000,1783955520000,1.14325,1.1432,1,-1,1,7681
1954,ZONE_CREATED,2026-07-13 11:23:00.000,1783952580000,D001955,1783952580000,1783955580000,1.14345,1.1434,1,-1,2,7682
1955,ZONE_CREATED,2026-07-13 11:25:00.000,1783952700000,D001956,1783952700000,1783955700000,1.14365,1.1436,1,-1,2,7684
1956,ZONE_CREATED,2026-07-13 11:33:00.000,1783953180000,D001957,1783953180000,1783956180000,1.14365,1.1436,1,1,3,7692
1957,ZONE_CREATED,2026-07-13 11:54:00.000,1783954440000,D001958,1783954440000,1783957440000,1.143,1.14295,1,1,1,7713
1958,ZONE_CREATED,2026-07-13 12:08:00.000,1783955280000,D001959,1783955280000,1783958280000,1.14345,1.1434,1,-1,3,7727
1959,ZONE_CREATED,2026-07-13 12:12:00.000,1783955520000,D001960,1783955520000,1783958520000,1.14305,1.14295,2,1,2,7731
1960,ZONE_CREATED,2026-07-13 12:13:00.000,1783955580000,D001961,1783955580000,1783958580000,1.1431,1.14305,1,-1,2,7732
1961,ZONE_CREATED,2026-07-13 12:15:00.000,1783955700000,D001962,1783955700000,1783958700000,1.1428,1.14275,1,-1,1,7734
1962,ZONE_CREATED,2026-07-13 12:23:00.000,1783956180000,D001963,1783956180000,1783959180000,1.14315,1.1431,1,1,2,7742
1963,ZONE_CREATED,2026-07-13 12:35:00.000,1783956900000,D001964,1783956900000,1783959900000,1.1427,1.14265,1,1,1,7754
1964,ZONE_CREATED,2026-07-13 12:36:00.000,1783956960000,D001965,1783956960000,1783959960000,1.1427,1.14265,1,-1,2,7755
1965,ZONE_CREATED,2026-07-13 12:41:00.000,1783957260000,D001966,1783957260000,1783960260000,1.1428,1.14275,1,1,2,7760
1966,ZONE_CREATED,2026-07-13 12:42:00.000,1783957320000,D001967,1783957320000,1783960320000,1.1429,1.14285,1,1,1,7761
1967,ZONE_CREATED,2026-07-13 12:47:00.000,1783957620000,D001968,1783957620000,1783960620000,1.1428,1.14275,1,-1,3,7766
1968,ZONE_CREATED,2026-07-13 12:49:00.000,1783957740000,D001969,1783957740000,1783960740000,1.1428,1.14275,1,-1,4,7768
1969,ZONE_CREATED,2026-07-13 12:51:00.000,1783957860000,D001970,1783957860000,1783960860000,1.1428,1.14275,1,1,5,7770
1970,ZONE_CREATED,2026-07-13 12:54:00.000,1783958040000,D001971,1783958040000,1783961040000,1.143,1.14295,1,1,2,7773
1971,ZONE_CREATED,2026-07-13 12:55:00.000,1783958100000,D001972,1783958100000,1783961100000,1.1431,1.14305,1,-1,4,7774
1972,ZONE_CREATED,2026-07-13 13:01:00.000,1783958460000,D001973,1783958460000,1783961460000,1.1431,1.14305,1,-1,5,7780
1973,ZONE_CREATED,2026-07-13 13:03:00.000,1783958580000,D001974,1783958580000,1783961580000,1.14315,1.1431,1,-1,5,7782
1974,ZONE_CREATED,2026-07-13 13:04:00.000,1783958640000,D001975,1783958640000,1783961640000,1.1431,1.14305,1,-1,5,7783
1975,ZONE_CREATED,2026-07-13 13:08:00.000,1783958880000,D001976,1783958880000,1783961880000,1.1431,1.14305,1,1,6,7787
1976,ZONE_CREATED,2026-07-13 13:12:00.000,1783959120000,D001977,1783959120000,1783962120000,1.1431,1.14305,1,-1,7,7791
1977,ZONE_CREATED,2026-07-13 13:18:00.000,1783959480000,D001978,1783959480000,1783962480000,1.1429,1.14285,1,1,2,7797
1978,ZONE_CREATED,2026-07-13 13:23:00.000,1783959780000,D001979,1783959780000,1783962780000,1.1427,1.14265,1,1,3,7802
1979,ZONE_CREATED,2026-07-13 13:27:00.000,1783960020000,D001980,1783960020000,1783963020000,1.1425,1.14245,1,-1,1,7806
1980,ZONE_CREATED,2026-07-13 13:44:00.000,1783961040000,D001981,1783961040000,1783964040000,1.14185,1.1418,1,-1,1,7823
1981,ZONE_CREATED,2026-07-13 13:46:00.000,1783961160000,D001982,1783961160000,1783964160000,1.14205,1.142,1,-1,1,7825
1982,ZONE_CREATED,2026-07-13 13:53:00.000,1783961580000,D001983,1783961580000,1783964580000,1.14155,1.1415,1,-1,1,7832
1983,ZONE_CREATED,2026-07-13 14:00:00.000,1783962000000,D001984,1783962000000,1783965000000,1.14185,1.1418,1,1,2,7839
1984,ZONE_CREATED,2026-07-13 14:01:00.000,1783962060000,D001985,1783962060000,1783965060000,1.14165,1.1416,1,-1,1,7840
1985,ZONE_CREATED,2026-07-13 14:02:00.000,1783962120000,D001986,1783962120000,1783965120000,1.14165,1.1416,1,1,2,7841
1986,ZONE_CREATED,2026-07-13 14:03:00.000,1783962180000,D001987,1783962180000,1783965180000,1.14185,1.1418,1,-1,3,7842
1987,ZONE_CREATED,2026-07-13 14:12:00.000,1783962720000,D001988,1783962720000,1783965720000,1.14185,1.1418,1,-1,4,7851
1988,ZONE_CREATED,2026-07-13 14:22:00.000,1783963320000,D001989,1783963320000,1783966320000,1.14185,1.1418,1,1,5,7861
1989,ZONE_CREATED,2026-07-13 14:23:00.000,1783963380000,D001990,1783963380000,1783966380000,1.14185,1.1418,1,1,6,7862
1990,ZONE_CREATED,2026-07-13 14:24:00.000,1783963440000,D001991,1783963440000,1783966440000,1.14185,1.1418,1,-1,7,7863
1991,ZONE_CREATED,2026-07-13 14:32:00.000,1783963920000,D001992,1783963920000,1783966920000,1.14165,1.1416,1,1,3,7871
1992,ZONE_CREATED,2026-07-13 14:38:00.000,1783964280000,D001993,1783964280000,1783967280000,1.14165,1.1416,1,1,4,7877
1993,ZONE_CREATED,2026-07-13 14:40:00.000,1783964400000,D001994,1783964400000,1783967400000,1.14165,1.1416,1,-1,5,7879
1994,ZONE_CREATED,2026-07-13 14:45:00.000,1783964700000,D001995,1783964700000,1783967700000,1.14185,1.1418,1,1,7,7884
1995,ZONE_CREATED,2026-07-13 14:51:00.000,1783965060000,D001996,1783965060000,1783968060000,1.14165,1.1416,1,-1,6,7890
1996,ZONE_CREATED,2026-07-13 14:56:00.000,1783965360000,D001997,1783965360000,1783968360000,1.14165,1.1416,1,-1,5,7895
1997,ZONE_CREATED,2026-07-13 14:59:00.000,1783965540000,D001998,1783965540000,1783968540000,1.14165,1.1416,1,1,6,7898
1998,ZONE_CREATED,2026-07-13 15:05:00.000,1783965900000,D001999,1783965900000,1783968900000,1.14145,1.1414,1,1,1,7904
1999,ZONE_CREATED,2026-07-13 15:12:00.000,1783966320000,D002000,1783966320000,1783969320000,1.14165,1.1416,1,1,7,7911
2000,ZONE_CREATED,2026-07-13 15:15:00.000,1783966500000,D002001,1783966500000,1783969500000,1.14165,1.1416,1,1,8,7914
2001,ZONE_CREATED,2026-07-13 15:23:00.000,1783966980000,D002002,1783966980000,1783969980000,1.14155,1.1415,1,1,1,7922
2002,ZONE_CREATED,2026-07-13 15:30:00.000,1783967400000,D002003,1783967400000,1783970400000,1.14165,1.1416,1,1,7,7929
2003,ZONE_CREATED,2026-07-13 15:35:00.000,1783967700000,D002004,1783967700000,1783970700000,1.14165,1.1416,1,1,7,7934
2004,ZONE_CREATED,2026-07-13 15:42:00.000,1783968120000,D002005,1783968120000,1783971120000,1.14185,1.1418,1,1,1,7941
2005,ZONE_CREATED,2026-07-13 16:01:00.000,1783969260000,D002006,1783969260000,1783972260000,1.14165,1.1416,1,-1,5,7960
2006,ZONE_CREATED,2026-07-13 16:07:00.000,1783969620000,D002007,1783969620000,1783972620000,1.14165,1.1416,1,-1,4,7966
2007,ZONE_CREATED,2026-07-13 16:11:00.000,1783969860000,D002008,1783969860000,1783972860000,1.14125,1.1412,1,1,1,7970
2008,ZONE_CREATED,2026-07-13 16:17:00.000,1783970220000,D002009,1783970220000,1783973220000,1.14125,1.1412,1,1,2,7976
2009,ZONE_CREATED,2026-07-13 16:19:00.000,1783970340000,D002010,1783970340000,1783973340000,1.14135,1.1413,1,1,1,7978
2010,ZONE_CREATED,2026-07-13 16:22:00.000,1783970520000,D002011,1783970520000,1783973520000,1.14135,1.1413,1,1,2,7981
2011,ZONE_CREATED,2026-07-13 16:23:00.000,1783970580000,D002012,1783970580000,1783973580000,1.14135,1.1413,1,1,3,7982
2012,ZONE_CREATED,2026-07-13 16:24:00.000,1783970640000,D002013,1783970640000,1783973640000,1.14135,1.1413,1,1,4,7983
2013,ZONE_CREATED,2026-07-13 16:32:00.000,1783971120000,D002014,1783971120000,1783974120000,1.14135,1.1413,1,1,5,7991
2014,ZONE_CREATED,2026-07-13 16:37:00.000,1783971420000,D002015,1783971420000,1783974420000,1.14125,1.1412,1,-1,3,7996
2015,ZONE_CREATED,2026-07-13 16:38:00.000,1783971480000,D002016,1783971480000,1783974480000,1.14125,1.1412,1,1,4,7997
2016,ZONE_CREATED,2026-07-13 16:54:00.000,1783972440000,D002017,1783972440000,1783975440000,1.14125,1.1412,1,1,5,8013
2017,ZONE_CREATED,2026-07-13 16:55:00.000,1783972500000,D002018,1783972500000,1783975500000,1.14125,1.1412,1,1,6,8014
2018,ZONE_CREATED,2026-07-13 17:03:00.000,1783972980000,D002019,1783972980000,1783975980000,1.14135,1.1413,1,1,6,8022
2019,ZONE_CREATED,2026-07-13 17:04:00.000,1783973040000,D002020,1783973040000,1783976040000,1.14135,1.1413,1,1,7,8023
2020,ZONE_CREATED,2026-07-13 17:06:00.000,1783973160000,D002021,1783973160000,1783976160000,1.14135,1.1413,1,-1,8,8025
2021,ZONE_CREATED,2026-07-13 17:07:00.000,1783973220000,D002022,1783973220000,1783976220000,1.14135,1.1413,1,1,9,8026
2022,ZONE_CREATED,2026-07-13 17:08:00.000,1783973280000,D002023,1783973280000,1783976280000,1.14135,1.1413,1,1,10,8027
2023,ZONE_CREATED,2026-07-13 17:14:00.000,1783973640000,D002024,1783973640000,1783976640000,1.141,1.14095,1,1,1,8033
2024,ZONE_CREATED,2026-07-13 17:21:00.000,1783974060000,D002025,1783974060000,1783977060000,1.1409,1.14085,1,-1,1,8040
2025,ZONE_CREATED,2026-07-13 17:22:00.000,1783974120000,D002026,1783974120000,1783977120000,1.1408,1.14075,1,-1,1,8041
2026,ZONE_CREATED,2026-07-13 17:23:00.000,1783974180000,D002027,1783974180000,1783977180000,1.1408,1.14075,1,1,2,8042
2027,ZONE_CREATED,2026-07-13 17:24:00.000,1783974240000,D002028,1783974240000,1783977240000,1.1408,1.14075,1,1,3,8043
2028,ZONE_CREATED,2026-07-13 17:31:00.000,1783974660000,D002029,1783974660000,1783977660000,1.1409,1.14085,1,1,2,8050
2029,ZONE_CREATED,2026-07-13 17:32:00.000,1783974720000,D002030,1783974720000,1783977720000,1.1409,1.1408,2,1,6,8051
2030,ZONE_CREATED,2026-07-13 17:41:00.000,1783975260000,D002031,1783975260000,1783978260000,1.1409,1.14085,1,1,4,8059
2031,ZONE_CREATED,2026-07-13 17:42:00.000,1783975320000,D002032,1783975320000,1783978320000,1.1409,1.1408,2,-1,8,8060
2032,ZONE_CREATED,2026-07-13 17:43:00.000,1783975380000,D002033,1783975380000,1783978380000,1.1409,1.14085,1,-1,6,8061
2033,ZONE_CREATED,2026-07-13 17:53:00.000,1783975980000,D002034,1783975980000,1783978980000,1.1409,1.14085,1,1,7,8070
2034,ZONE_CREATED,2026-07-13 17:58:00.000,1783976280000,D002035,1783976280000,1783979280000,1.141,1.14095,1,-1,2,8075
2035,ZONE_CREATED,2026-07-13 17:59:00.000,1783976340000,D002036,1783976340000,1783979340000,1.141,1.14095,1,1,3,8076
2036,ZONE_CREATED,2026-07-13 19:01:00.000,1783980060000,D002037,1783980060000,1783983060000,1.14125,1.1412,1,-1,1,8078
2037,ZONE_CREATED,2026-07-13 19:02:00.000,1783980120000,D002038,1783980120000,1783983120000,1.14125,1.1412,1,-1,2,8079
2038,ZONE_CREATED,2026-07-13 19:04:00.000,1783980240000,D002039,1783980240000,1783983240000,1.14135,1.1413,1,-1,1,8081
2039,ZONE_CREATED,2026-07-13 19:09:00.000,1783980540000,D002040,1783980540000,1783983540000,1.14115,1.1411,1,-1,1,8086
2040,ZONE_CREATED,2026-07-13 19:10:00.000,1783980600000,D002041,1783980600000,1783983600000,1.1411,1.14105,1,1,2,8087
2041,ZONE_CREATED,2026-07-13 19:11:00.000,1783980660000,D002042,1783980660000,1783983660000,1.14115,1.1411,1,1,3,8088
2042,ZONE_CREATED,2026-07-13 19:15:00.000,1783980900000,D002043,1783980900000,1783983900000,1.14125,1.1412,1,1,3,8091
2043,ZONE_CREATED,2026-07-13 19:18:00.000,1783981080000,D002044,1783981080000,1783984080000,1.14125,1.1412,1,1,4,8093
2044,ZONE_CREATED,2026-07-13 19:20:00.000,1783981200000,D002045,1783981200000,1783984200000,1.14135,1.14125,2,-1,6,8095
2045,ZONE_CREATED,2026-07-13 19:36:00.000,1783982160000,D002046,1783982160000,1783985160000,1.14125,1.1412,1,1,6,8105
2046,ZONE_CREATED,2026-07-13 19:40:00.000,1783982400000,D002047,1783982400000,1783985400000,1.1413,1.1412,2,1,8,8109
2047,ZONE_CREATED,2026-07-13 19:41:00.000,1783982460000,D002048,1783982460000,1783985460000,1.1413,1.1412,2,-1,9,8110
2048,ZONE_CREATED,2026-07-13 19:51:00.000,1783983060000,D002049,1783983060000,1783986060000,1.1411,1.14105,1,1,4,8120
2049,ZONE_CREATED,2026-07-13 19:52:00.000,1783983120000,D002050,1783983120000,1783986120000,1.14115,1.1411,1,-1,5,8121
2050,ZONE_CREATED,2026-07-13 19:53:00.000,1783983180000,D002051,1783983180000,1783986180000,1.14115,1.14105,2,-1,6,8122
2051,ZONE_CREATED,2026-07-13 19:54:00.000,1783983240000,D002052,1783983240000,1783986240000,1.14115,1.1411,1,-1,7,8123
2052,ZONE_CREATED,2026-07-13 19:56:00.000,1783983360000,D002053,1783983360000,1783986360000,1.14115,1.1411,1,-1,8,8125
2053,ZONE_CREATED,2026-07-13 20:03:00.000,1783983780000,D002054,1783983780000,1783986780000,1.1411,1.14105,1,1,9,8132
2054,ZONE_CREATED,2026-07-13 20:04:00.000,1783983840000,D002055,1783983840000,1783986840000,1.1411,1.14105,1,1,10,8133
2055,ZONE_CREATED,2026-07-13 20:05:00.000,1783983900000,D002056,1783983900000,1783986900000,1.1411,1.14105,1,1,11,8134
2056,ZONE_CREATED,2026-07-13 20:11:00.000,1783984260000,D002057,1783984260000,1783987260000,1.1412,1.1411,2,-1,14,8139
2057,ZONE_CREATED,2026-07-13 20:13:00.000,1783984380000,D002058,1783984380000,1783987380000,1.1411,1.14105,1,-1,10,8140
2058,ZONE_CREATED,2026-07-13 20:22:00.000,1783984920000,D002059,1783984920000,1783987920000,1.141,1.14095,1,1,1,8148
2059,ZONE_CREATED,2026-07-13 20:26:00.000,1783985160000,D002060,1783985160000,1783988160000,1.1411,1.14105,1,-1,11,8152
2060,ZONE_CREATED,2026-07-13 20:39:00.000,1783985940000,D002061,1783985940000,1783988940000,1.14115,1.1411,1,1,12,8162
2061,ZONE_CREATED,2026-07-13 20:41:00.000,1783986060000,D002062,1783986060000,1783989060000,1.14125,1.1412,1,1,2,8163
2062,ZONE_CREATED,2026-07-13 20:47:00.000,1783986420000,D002063,1783986420000,1783989420000,1.14115,1.1411,1,1,13,8169
2063,ZONE_CREATED,2026-07-13 20:52:00.000,1783986720000,D002064,1783986720000,1783989720000,1.14115,1.1411,1,1,10,8174
2064,ZONE_CREATED,2026-07-13 20:56:00.000,1783986960000,D002065,1783986960000,1783989960000,1.14115,1.1411,1,1,10,8178
2065,ZONE_CREATED,2026-07-13 20:57:00.000,1783987020000,D002066,1783987020000,1783990020000,1.14115,1.14105,2,1,11,8179
2066,ZONE_CREATED,2026-07-13 20:59:00.000,1783987140000,D002067,1783987140000,1783990140000,1.14125,1.1412,1,1,3,8180
2067,ZONE_CREATED,2026-07-13 21:04:00.000,1783987440000,D002068,1783987440000,1783990440000,1.14115,1.1411,1,-1,9,8185
2068,ZONE_CREATED,2026-07-13 21:06:00.000,1783987560000,D002069,1783987560000,1783990560000,1.14115,1.1411,1,-1,10,8187
2069,ZONE_CREATED,2026-07-13 21:13:00.000,1783987980000,D002070,1783987980000,1783990980000,1.14145,1.1414,1,-1,1,8194
2070,ZONE_CREATED,2026-07-13 21:15:00.000,1783988100000,D002071,1783988100000,1783991100000,1.14145,1.14135,2,-1,2,8196
2071,ZONE_CREATED,2026-07-13 21:23:00.000,1783988580000,D002072,1783988580000,1783991580000,1.141,1.14095,1,-1,1,8204
2072,ZONE_CREATED,2026-07-13 21:24:00.000,1783988640000,D002073,1783988640000,1783991640000,1.1408,1.14075,1,-1,1,8205
2073,ZONE_CREATED,2026-07-13 21:25:00.000,1783988700000,D002074,1783988700000,1783991700000,1.1409,1.14085,1,-1,1,8206
2074,ZONE_CREATED,2026-07-13 21:32:00.000,1783989120000,D002075,1783989120000,1783992120000,1.141,1.14095,1,-1,2,8213
2075,ZONE_CREATED,2026-07-13 21:34:00.000,1783989240000,D002076,1783989240000,1783992240000,1.1411,1.14105,1,1,7,8215
2076,ZONE_CREATED,2026-07-13 21:36:00.000,1783989360000,D002077,1783989360000,1783992360000,1.14135,1.1413,1,1,2,8217
2077,ZONE_CREATED,2026-07-13 21:39:00.000,1783989540000,D002078,1783989540000,1783992540000,1.14145,1.1414,1,-1,3,8220
2078,ZONE_CREATED,2026-07-13 21:43:00.000,1783989780000,D002079,1783989780000,1783992780000,1.14145,1.1414,1,-1,4,8224
2079,ZONE_CREATED,2026-07-13 21:49:00.000,1783990140000,D002080,1783990140000,1783993140000,1.14175,1.14165,2,1,1,8230
2080,ZONE_CREATED,2026-07-13 21:50:00.000,1783990200000,D002081,1783990200000,1783993200000,1.14175,1.1417,1,1,2,8231
2081,ZONE_CREATED,2026-07-13 21:56:00.000,1783990560000,D002082,1783990560000,1783993560000,1.14185,1.1418,1,-1,1,8237
2082,ZONE_CREATED,2026-07-13 22:02:00.000,1783990920000,D002083,1783990920000,1783993920000,1.14145,1.1414,1,1,5,8243
2083,ZONE_CREATED,2026-07-13 22:03:00.000,1783990980000,D002084,1783990980000,1783993980000,1.14165,1.1416,1,1,2,8244
2084,ZONE_CREATED,2026-07-13 22:04:00.000,1783991040000,D002085,1783991040000,1783994040000,1.14165,1.1416,1,-1,3,8245
2085,ZONE_CREATED,2026-07-13 22:06:00.000,1783991160000,D002086,1783991160000,1783994160000,1.14165,1.1416,1,-1,4,8247
2086,ZONE_CREATED,2026-07-13 22:09:00.000,1783991340000,D002087,1783991340000,1783994340000,1.14165,1.1416,1,1,5,8250
2087,ZONE_CREATED,2026-07-13 22:10:00.000,1783991400000,D002088,1783991400000,1783994400000,1.14165,1.1416,1,-1,6,8251
2088,ZONE_CREATED,2026-07-13 22:11:00.000,1783991460000,D002089,1783991460000,1783994460000,1.14165,1.1416,1,1,7,8252
2089,ZONE_CREATED,2026-07-13 22:21:00.000,1783992060000,D002090,1783992060000,1783995060000,1.14185,1.1418,1,1,2,8262
2090,ZONE_CREATED,2026-07-13 22:23:00.000,1783992180000,D002091,1783992180000,1783995180000,1.14185,1.14175,2,1,5,8264
2091,ZONE_CREATED,2026-07-13 22:33:00.000,1783992780000,D002092,1783992780000,1783995780000,1.14165,1.1416,1,1,8,8274
2092,ZONE_CREATED,2026-07-13 22:34:00.000,1783992840000,D002093,1783992840000,1783995840000,1.14165,1.1416,1,1,9,8275
2093,ZONE_CREATED,2026-07-13 22:35:00.000,1783992900000,D002094,1783992900000,1783995900000,1.14165,1.14155,2,-1,10,8276
2094,ZONE_CREATED,2026-07-13 22:37:00.000,1783993020000,D002095,1783993020000,1783996020000,1.14155,1.1415,1,1,2,8278
2095,ZONE_CREATED,2026-07-13 22:38:00.000,1783993080000,D002096,1783993080000,1783996080000,1.14155,1.1415,1,-1,3,8279
2096,ZONE_CREATED,2026-07-13 22:40:00.000,1783993200000,D002097,1783993200000,1783996200000,1.14155,1.1415,1,1,4,8281
2097,ZONE_CREATED,2026-07-13 22:41:00.000,1783993260000,D002098,1783993260000,1783996260000,1.14155,1.1415,1,1,5,8282
2098,ZONE_CREATED,2026-07-13 22:43:00.000,1783993380000,D002099,1783993380000,1783996380000,1.14175,1.1417,1,1,2,8284
2099,ZONE_CREATED,2026-07-13 22:44:00.000,1783993440000,D002100,1783993440000,1783996440000,1.14175,1.1417,1,1,3,8285
2100,ZONE_CREATED,2026-07-13 22:47:00.000,1783993620000,D002101,1783993620000,1783996620000,1.14165,1.1416,1,-1,10,8288
2101,ZONE_CREATED,2026-07-13 22:48:00.000,1783993680000,D002102,1783993680000,1783996680000,1.14165,1.1416,1,-1,11,8289
2102,ZONE_CREATED,2026-07-13 23:01:00.000,1783994460000,D002103,1783994460000,1783997460000,1.14195,1.1419,1,1,1,8302
2103,ZONE_CREATED,2026-07-13 23:03:00.000,1783994580000,D002104,1783994580000,1783997580000,1.14195,1.1419,1,1,2,8304
2104,ZONE_CREATED,2026-07-13 23:04:00.000,1783994640000,D002105,1783994640000,1783997640000,1.14195,1.1419,1,1,3,8305
2105,ZONE_CREATED,2026-07-13 23:08:00.000,1783994880000,D002106,1783994880000,1783997880000,1.14195,1.1419,1,-1,4,8309
2106,ZONE_CREATED,2026-07-13 23:13:00.000,1783995180000,D002107,1783995180000,1783998180000,1.142,1.1419,2,1,5,8314
2107,ZONE_CREATED,2026-07-13 23:18:00.000,1783995480000,D002108,1783995480000,1783998480000,1.14215,1.1421,1,1,1,8319
2108,ZONE_CREATED,2026-07-13 23:20:00.000,1783995600000,D002109,1783995600000,1783998600000,1.1422,1.14215,1,1,2,8321
2109,ZONE_CREATED,2026-07-13 23:23:00.000,1783995780000,D002110,1783995780000,1783998780000,1.1422,1.14215,1,-1,3,8324
2110,ZONE_CREATED,2026-07-13 23:26:00.000,1783995960000,D002111,1783995960000,1783998960000,1.1423,1.14225,1,-1,1,8327
2111,ZONE_CREATED,2026-07-13 23:31:00.000,1783996260000,D002112,1783996260000,1783999260000,1.1423,1.14225,1,-1,2,8332
2112,ZONE_CREATED,2026-07-13 23:36:00.000,1783996560000,D002113,1783996560000,1783999560000,1.14225,1.14215,2,1,6,8337
2113,ZONE_CREATED,2026-07-13 23:37:00.000,1783996620000,D002114,1783996620000,1783999620000,1.1423,1.14225,1,-1,4,8338
2114,ZONE_CREATED,2026-07-13 23:40:00.000,1783996800000,D002115,1783996800000,1783999800000,1.1423,1.14225,1,-1,5,8341
2115,ZONE_CREATED,2026-07-13 23:42:00.000,1783996920000,D002116,1783996920000,1783999920000,1.1423,1.14225,1,-1,6,8343
2116,ZONE_CREATED,2026-07-13 23:44:00.000,1783997040000,D002117,1783997040000,1784000040000,1.1423,1.14225,1,-1,7,8345
2117,ZONE_CREATED,2026-07-13 23:46:00.000,1783997160000,D002118,1783997160000,1784000160000,1.14215,1.1421,1,1,5,8347
2118,ZONE_CREATED,2026-07-13 23:49:00.000,1783997340000,D002119,1783997340000,1784000340000,1.14215,1.1421,1,-1,6,8350
2119,ZONE_CREATED,2026-07-13 23:52:00.000,1783997520000,D002120,1783997520000,1784000520000,1.14205,1.142,1,1,2,8352
2120,ZONE_CREATED,2026-07-13 23:56:00.000,1783997760000,D002121,1783997760000,1784000760000,1.14205,1.142,1,1,3,8356
2121,ZONE_CREATED,2026-07-14 00:01:00.000,1783998060000,D002122,1783998060000,1784001060000,1.14215,1.1421,1,1,7,8361
2122,ZONE_CREATED,2026-07-14 00:03:00.000,1783998180000,D002123,1783998180000,1784001180000,1.14195,1.1419,1,-1,2,8363
2123,ZONE_CREATED,2026-07-14 00:09:00.000,1783998540000,D002124,1783998540000,1784001540000,1.14195,1.1419,1,1,2,8369
2124,ZONE_CREATED,2026-07-14 00:10:00.000,1783998600000,D002125,1783998600000,1784001600000,1.14195,1.1419,1,1,3,8370
2125,ZONE_CREATED,2026-07-14 00:11:00.000,1783998660000,D002126,1783998660000,1784001660000,1.14205,1.14195,2,1,6,8371
2126,ZONE_CREATED,2026-07-14 00:13:00.000,1783998780000,D002127,1783998780000,1784001780000,1.14215,1.1421,1,-1,6,8373
2127,ZONE_CREATED,2026-07-14 00:20:00.000,1783999200000,D002128,1783999200000,1784002200000,1.14195,1.1419,1,-1,5,8380
2128,ZONE_CREATED,2026-07-14 00:21:00.000,1783999260000,D002129,1783999260000,1784002260000,1.14185,1.1418,1,1,1,8381
2129,ZONE_CREATED,2026-07-14 00:24:00.000,1783999440000,D002130,1783999440000,1784002440000,1.14195,1.1419,1,1,6,8384
2130,ZONE_CREATED,2026-07-14 00:26:00.000,1783999560000,D002131,1783999560000,1784002560000,1.14205,1.142,1,1,4,8386
2131,ZONE_CREATED,2026-07-14 00:31:00.000,1783999860000,D002132,1783999860000,1784002860000,1.1424,1.14235,1,-1,1,8391
2132,ZONE_CREATED,2026-07-14 00:37:00.000,1784000220000,D002133,1784000220000,1784003220000,1.1424,1.14235,1,1,2,8397
2133,ZONE_CREATED,2026-07-14 00:38:00.000,1784000280000,D002134,1784000280000,1784003280000,1.1425,1.14245,1,1,1,8398
2134,ZONE_CREATED,2026-07-14 00:39:00.000,1784000340000,D002135,1784000340000,1784003340000,1.1425,1.1424,2,-1,4,8399
2135,ZONE_CREATED,2026-07-14 00:40:00.000,1784000400000,D002136,1784000400000,1784003400000,1.1425,1.14245,1,-1,3,8400
2136,ZONE_CREATED,2026-07-14 00:42:00.000,1784000520000,D002137,1784000520000,1784003520000,1.1424,1.14235,1,-1,4,8402
2137,ZONE_CREATED,2026-07-14 00:47:00.000,1784000820000,D002138,1784000820000,1784003820000,1.1424,1.14235,1,1,5,8407
2138,ZONE_CREATED,2026-07-14 00:48:00.000,1784000880000,D002139,1784000880000,1784003880000,1.1424,1.14235,1,-1,6,8408
2139,ZONE_CREATED,2026-07-14 00:49:00.000,1784000940000,D002140,1784000940000,1784003940000,1.1424,1.14235,1,1,7,8409
2140,ZONE_CREATED,2026-07-14 00:53:00.000,1784001180000,D002141,1784001180000,1784004180000,1.1424,1.14235,1,1,8,8413
2141,ZONE_CREATED,2026-07-14 00:59:00.000,1784001540000,D002142,1784001540000,1784004540000,1.1423,1.14225,1,-1,1,8419
2142,ZONE_CREATED,2026-07-14 01:00:00.000,1784001600000,D002143,1784001600000,1784004600000,1.1423,1.14225,1,1,2,8420
2143,ZONE_CREATED,2026-07-14 01:01:00.000,1784001660000,D002144,1784001660000,1784004660000,1.1423,1.14225,1,-1,3,8421
2144,ZONE_CREATED,2026-07-14 01:02:00.000,1784001720000,D002145,1784001720000,1784004720000,1.1423,1.14225,1,1,4,8422
2145,ZONE_CREATED,2026-07-14 01:04:00.000,1784001840000,D002146,1784001840000,1784004840000,1.1424,1.14235,1,1,9,8424
2146,ZONE_CREATED,2026-07-14 01:10:00.000,1784002200000,D002147,1784002200000,1784005200000,1.14215,1.1421,1,1,1,8430
2147,ZONE_CREATED,2026-07-14 01:12:00.000,1784002320000,D002148,1784002320000,1784005320000,1.14205,1.142,1,1,2,8432
2148,ZONE_CREATED,2026-07-14 01:32:00.000,1784003520000,D002149,1784003520000,1784006520000,1.14235,1.14225,2,-1,11,8452
2149,ZONE_CREATED,2026-07-14 01:33:00.000,1784003580000,D002150,1784003580000,1784006580000,1.1423,1.14225,1,-1,6,8453
2150,ZONE_CREATED,2026-07-14 01:40:00.000,1784004000000,D002151,1784004000000,1784007000000,1.1423,1.14225,1,1,7,8460
2151,ZONE_CREATED,2026-07-14 01:44:00.000,1784004240000,D002152,1784004240000,1784007240000,1.1422,1.14215,1,-1,2,8464
2152,ZONE_CREATED,2026-07-14 01:46:00.000,1784004360000,D002153,1784004360000,1784007360000,1.14215,1.1421,1,-1,3,8465
2153,ZONE_CREATED,2026-07-14 01:48:00.000,1784004480000,D002154,1784004480000,1784007480000,1.14215,1.14205,2,-1,5,8467
2154,ZONE_CREATED,2026-07-14 01:51:00.000,1784004660000,D002155,1784004660000,1784007660000,1.14185,1.1418,1,-1,1,8470
2155,ZONE_CREATED,2026-07-14 01:52:00.000,1784004720000,D002156,1784004720000,1784007720000,1.14175,1.1417,1,-1,1,8471
2156,ZONE_CREATED,2026-07-14 02:01:00.000,1784005260000,D002157,1784005260000,1784008260000,1.14205,1.142,1,-1,3,8480
2157,ZONE_CREATED,2026-07-14 02:03:00.000,1784005380000,D002158,1784005380000,1784008380000,1.1422,1.14215,1,-1,4,8482
2158,ZONE_CREATED,2026-07-14 02:04:00.000,1784005440000,D002159,1784005440000,1784008440000,1.1422,1.14215,1,-1,5,8483
2159,ZONE_CREATED,2026-07-14 02:07:00.000,1784005620000,D002160,1784005620000,1784008620000,1.14215,1.1421,1,-1,6,8486
2160,ZONE_CREATED,2026-07-14 02:11:00.000,1784005860000,D002161,1784005860000,1784008860000,1.1422,1.14215,1,1,7,8488
2161,ZONE_CREATED,2026-07-14 02:28:00.000,1784006880000,D002162,1784006880000,1784009880000,1.1423,1.14225,1,-1,3,8503
2162,ZONE_CREATED,2026-07-14 02:31:00.000,1784007060000,D002163,1784007060000,1784010060000,1.1424,1.14235,1,1,1,8506
2163,ZONE_CREATED,2026-07-14 02:34:00.000,1784007240000,D002164,1784007240000,1784010240000,1.1425,1.14245,1,-1,1,8509
2164,ZONE_CREATED,2026-07-14 02:38:00.000,1784007480000,D002165,1784007480000,1784010480000,1.1425,1.1424,2,-1,3,8513
2165,ZONE_CREATED,2026-07-14 02:42:00.000,1784007720000,D002166,1784007720000,1784010720000,1.14235,1.14225,2,1,3,8517
2166,ZONE_CREATED,2026-07-14 02:43:00.000,1784007780000,D002167,1784007780000,1784010780000,1.1423,1.14225,1,-1,3,8518
2167,ZONE_CREATED,2026-07-14 02:44:00.000,1784007840000,D002168,1784007840000,1784010840000,1.1424,1.14235,1,-1,4,8519
2168,ZONE_CREATED,2026-07-14 02:47:00.000,1784008020000,D002169,1784008020000,1784011020000,1.1423,1.14225,1,1,4,8522
2169,ZONE_CREATED,2026-07-14 02:50:00.000,1784008200000,D002170,1784008200000,1784011200000,1.1423,1.14225,1,-1,5,8525
2170,ZONE_CREATED,2026-07-14 02:51:00.000,1784008260000,D002171,1784008260000,1784011260000,1.1423,1.14225,1,-1,6,8526
2171,ZONE_CREATED,2026-07-14 03:02:00.000,1784008920000,D002172,1784008920000,1784011920000,1.14205,1.142,1,-1,1,8537
2172,ZONE_CREATED,2026-07-14 03:03:00.000,1784008980000,D002173,1784008980000,1784011980000,1.14195,1.1419,1,1,1,8538
2173,ZONE_CREATED,2026-07-14 03:04:00.000,1784009040000,D002174,1784009040000,1784012040000,1.14205,1.142,1,-1,2,8539
2174,ZONE_CREATED,2026-07-14 03:05:00.000,1784009100000,D002175,1784009100000,1784012100000,1.1419,1.1418,2,-1,2,8540
2175,ZONE_CREATED,2026-07-14 03:06:00.000,1784009160000,D002176,1784009160000,1784012160000,1.14195,1.1419,1,1,3,8541
2176,ZONE_CREATED,2026-07-14 03:09:00.000,1784009340000,D002177,1784009340000,1784012340000,1.14195,1.1419,1,-1,4,8544
2177,ZONE_CREATED,2026-07-14 03:10:00.000,1784009400000,D002178,1784009400000,1784012400000,1.14195,1.1419,1,1,5,8545
2178,ZONE_CREATED,2026-07-14 03:12:00.000,1784009520000,D002179,1784009520000,1784012520000,1.14195,1.1419,1,-1,6,8547
2179,ZONE_CREATED,2026-07-14 03:21:00.000,1784010060000,D002180,1784010060000,1784013060000,1.14175,1.1417,1,1,1,8556
2180,ZONE_CREATED,2026-07-14 03:22:00.000,1784010120000,D002181,1784010120000,1784013120000,1.14175,1.1417,1,-1,2,8557
2181,ZONE_CREATED,2026-07-14 03:25:00.000,1784010300000,D002182,1784010300000,1784013300000,1.14175,1.1417,1,-1,3,8560
2182,ZONE_CREATED,2026-07-14 03:33:00.000,1784010780000,D002183,1784010780000,1784013780000,1.1422,1.14215,1,-1,1,8568
2183,ZONE_CREATED,2026-07-14 03:36:00.000,1784010960000,D002184,1784010960000,1784013960000,1.1422,1.14215,1,1,2,8571
2184,ZONE_CREATED,2026-07-14 03:37:00.000,1784011020000,D002185,1784011020000,1784014020000,1.1422,1.1421,2,-1,3,8572
2185,ZONE_CREATED,2026-07-14 03:39:00.000,1784011140000,D002186,1784011140000,1784014140000,1.14195,1.1419,1,1,7,8574
2186,ZONE_CREATED,2026-07-14 03:47:00.000,1784011620000,D002187,1784011620000,1784014620000,1.14175,1.1417,1,1,4,8582
2187,ZONE_CREATED,2026-07-14 03:53:00.000,1784011980000,D002188,1784011980000,1784014980000,1.14145,1.1414,1,-1,1,8588
2188,ZONE_CREATED,2026-07-14 03:54:00.000,1784012040000,D002189,1784012040000,1784015040000,1.14155,1.1415,1,1,1,8589
2189,ZONE_CREATED,2026-07-14 04:00:00.000,1784012400000,D002190,1784012400000,1784015400000,1.14155,1.1415,1,1,2,8595
2190,ZONE_CREATED,2026-07-14 04:08:00.000,1784012880000,D002191,1784012880000,1784015880000,1.14175,1.1417,1,1,5,8603
2191,ZONE_CREATED,2026-07-14 04:09:00.000,1784012940000,D002192,1784012940000,1784015940000,1.14185,1.1418,1,-1,1,8604
2192,ZONE_CREATED,2026-07-14 04:15:00.000,1784013300000,D002193,1784013300000,1784016300000,1.14165,1.14155,2,-1,3,8610
2193,ZONE_CREATED,2026-07-14 04:20:00.000,1784013600000,D002194,1784013600000,1784016600000,1.14175,1.1417,1,-1,3,8615
2194,ZONE_CREATED,2026-07-14 04:23:00.000,1784013780000,D002195,1784013780000,1784016780000,1.14195,1.1419,1,-1,2,8618
2195,ZONE_CREATED,2026-07-14 04:24:00.000,1784013840000,D002196,1784013840000,1784016840000,1.14205,1.142,1,-1,1,8619
2196,ZONE_CREATED,2026-07-14 04:25:00.000,1784013900000,D002197,1784013900000,1784016900000,1.14205,1.142,1,1,2,8620
2197,ZONE_CREATED,2026-07-14 04:27:00.000,1784014020000,D002198,1784014020000,1784017020000,1.14215,1.1421,1,-1,2,8622
2198,ZONE_CREATED,2026-07-14 04:28:00.000,1784014080000,D002199,1784014080000,1784017080000,1.1422,1.14215,1,-1,2,8623
2199,ZONE_CREATED,2026-07-14 04:30:00.000,1784014200000,D002200,1784014200000,1784017200000,1.1423,1.14225,1,1,1,8625
2200,ZONE_CREATED,2026-07-14 04:31:00.000,1784014260000,D002201,1784014260000,1784017260000,1.1421,1.142,2,1,4,8626
2201,ZONE_CREATED,2026-07-14 04:33:00.000,1784014380000,D002202,1784014380000,1784017380000,1.14205,1.14195,2,-1,5,8628
2202,ZONE_CREATED,2026-07-14 04:35:00.000,1784014500000,D002203,1784014500000,1784017500000,1.14195,1.1419,1,-1,3,8630
2203,ZONE_CREATED,2026-07-14 04:41:00.000,1784014860000,D002204,1784014860000,1784017860000,1.14195,1.1419,1,1,4,8636
2204,ZONE_CREATED,2026-07-14 04:44:00.000,1784015040000,D002205,1784015040000,1784018040000,1.14195,1.1419,1,1,5,8639
2205,ZONE_CREATED,2026-07-14 04:47:00.000,1784015220000,D002206,1784015220000,1784018220000,1.1423,1.14225,1,-1,2,8642
2206,ZONE_CREATED,2026-07-14 04:49:00.000,1784015340000,D002207,1784015340000,1784018340000,1.1425,1.14245,1,1,1,8644
2207,ZONE_CREATED,2026-07-14 04:51:00.000,1784015460000,D002208,1784015460000,1784018460000,1.1425,1.14245,1,-1,2,8646
2208,ZONE_CREATED,2026-07-14 04:53:00.000,1784015580000,D002209,1784015580000,1784018580000,1.1425,1.14245,1,-1,3,8648
2209,ZONE_CREATED,2026-07-14 04:54:00.000,1784015640000,D002210,1784015640000,1784018640000,1.1425,1.14245,1,1,4,8649
2210,ZONE_CREATED,2026-07-14 05:16:00.000,1784016960000,D002211,1784016960000,1784019960000,1.14255,1.14245,2,1,5,8671
2211,ZONE_CREATED,2026-07-14 05:17:00.000,1784017020000,D002212,1784017020000,1784020020000,1.1426,1.14255,1,-1,2,8672
2212,ZONE_CREATED,2026-07-14 05:25:00.000,1784017500000,D002213,1784017500000,1784020500000,1.1427,1.14265,1,-1,1,8680
2213,ZONE_CREATED,2026-07-14 05:31:00.000,1784017860000,D002214,1784017860000,1784020860000,1.1431,1.14305,1,-1,1,8686
2214,ZONE_CREATED,2026-07-14 05:39:00.000,1784018340000,D002215,1784018340000,1784021340000,1.1429,1.14285,1,1,1,8694
2215,ZONE_CREATED,2026-07-14 05:44:00.000,1784018640000,D002216,1784018640000,1784021640000,1.14345,1.1434,1,1,1,8699
2216,ZONE_CREATED,2026-07-14 05:47:00.000,1784018820000,D002217,1784018820000,1784021820000,1.14325,1.1432,1,1,1,8702
2217,ZONE_CREATED,2026-07-14 05:48:00.000,1784018880000,D002218,1784018880000,1784021880000,1.14325,1.1432,1,1,2,8703
2218,ZONE_CREATED,2026-07-14 05:49:00.000,1784018940000,D002219,1784018940000,1784021940000,1.1431,1.14305,1,-1,2,8704
2219,ZONE_CREATED,2026-07-14 05:50:00.000,1784019000000,D002220,1784019000000,1784022000000,1.1431,1.14305,1,1,3,8705
2220,ZONE_CREATED,2026-07-14 05:51:00.000,1784019060000,D002221,1784019060000,1784022060000,1.14315,1.1431,1,-1,4,8706
2221,ZONE_CREATED,2026-07-14 05:52:00.000,1784019120000,D002222,1784019120000,1784022120000,1.143,1.14295,1,-1,1,8707
2222,ZONE_CREATED,2026-07-14 05:56:00.000,1784019360000,D002223,1784019360000,1784022360000,1.143,1.14295,1,-1,2,8711
2223,ZONE_CREATED,2026-07-14 05:59:00.000,1784019540000,D002224,1784019540000,1784022540000,1.1429,1.14285,1,1,2,8714
2224,ZONE_CREATED,2026-07-14 06:00:00.000,1784019600000,D002225,1784019600000,1784022600000,1.1429,1.14285,1,1,3,8715
2225,ZONE_CREATED,2026-07-14 06:01:00.000,1784019660000,D002226,1784019660000,1784022660000,1.143,1.14295,1,-1,3,8716
2226,ZONE_CREATED,2026-07-14 06:04:00.000,1784019840000,D002227,1784019840000,1784022840000,1.14315,1.1431,1,1,5,8719
2227,ZONE_CREATED,2026-07-14 06:08:00.000,1784020080000,D002228,1784020080000,1784023080000,1.14315,1.1431,1,-1,6,8723
2228,ZONE_CREATED,2026-07-14 06:22:00.000,1784020920000,D002229,1784020920000,1784023920000,1.1429,1.14285,1,-1,4,8737
2229,ZONE_CREATED,2026-07-14 06:24:00.000,1784021040000,D002230,1784021040000,1784024040000,1.1428,1.14275,1,-1,1,8739
2230,ZONE_CREATED,2026-07-14 06:27:00.000,1784021220000,D002231,1784021220000,1784024220000,1.1428,1.14275,1,-1,2,8742
2231,ZONE_CREATED,2026-07-14 06:31:00.000,1784021460000,D002232,1784021460000,1784024460000,1.1428,1.14275,1,-1,3,8746
2232,ZONE_CREATED,2026-07-14 06:33:00.000,1784021580000,D002233,1784021580000,1784024580000,1.1427,1.14265,1,-1,1,8748
2233,ZONE_CREATED,2026-07-14 06:34:00.000,1784021640000,D002234,1784021640000,1784024640000,1.1427,1.14265,1,-1,2,8749
2234,ZONE_CREATED,2026-07-14 06:38:00.000,1784021880000,D002235,1784021880000,1784024880000,1.1428,1.14275,1,-1,4,8753
2235,ZONE_CREATED,2026-07-14 06:42:00.000,1784022120000,D002236,1784022120000,1784025120000,1.1427,1.14265,1,-1,3,8757
2236,ZONE_CREATED,2026-07-14 06:43:00.000,1784022180000,D002237,1784022180000,1784025180000,1.1426,1.14255,1,1,1,8758
2237,ZONE_CREATED,2026-07-14 06:49:00.000,1784022540000,D002238,1784022540000,1784025540000,1.1429,1.14285,1,-1,4,8764
2238,ZONE_CREATED,2026-07-14 07:06:00.000,1784023560000,D002239,1784023560000,1784026560000,1.1429,1.14285,1,-1,3,8781
2239,ZONE_CREATED,2026-07-14 07:08:00.000,1784023680000,D002240,1784023680000,1784026680000,1.1428,1.14275,1,-1,5,8783
2240,ZONE_CREATED,2026-07-14 07:13:00.000,1784023980000,D002241,1784023980000,1784026980000,1.1427,1.14265,1,-1,4,8788
2241,ZONE_CREATED,2026-07-14 07:14:00.000,1784024040000,D002242,1784024040000,1784027040000,1.1427,1.14265,1,1,5,8789
2242,ZONE_CREATED,2026-07-14 07:18:00.000,1784024280000,D002243,1784024280000,1784027280000,1.1428,1.14275,1,-1,4,8793
2243,ZONE_CREATED,2026-07-14 07:19:00.000,1784024340000,D002244,1784024340000,1784027340000,1.1427,1.14265,1,-1,6,8794
2244,ZONE_CREATED,2026-07-14 07:28:00.000,1784024880000,D002245,1784024880000,1784027880000,1.1424,1.14235,1,1,1,8803
2245,ZONE_CREATED,2026-07-14 07:32:00.000,1784025120000,D002246,1784025120000,1784028120000,1.1424,1.14235,1,1,2,8807
2246,ZONE_CREATED,2026-07-14 07:36:00.000,1784025360000,D002247,1784025360000,1784028360000,1.1425,1.14245,1,-1,1,8811
2247,ZONE_CREATED,2026-07-14 07:37:00.000,1784025420000,D002248,1784025420000,1784028420000,1.1426,1.14255,1,1,1,8812
2248,ZONE_CREATED,2026-07-14 07:41:00.000,1784025660000,D002249,1784025660000,1784028660000,1.1424,1.14235,1,1,3,8816
2249,ZONE_CREATED,2026-07-14 07:44:00.000,1784025840000,D002250,1784025840000,1784028840000,1.1423,1.14225,1,1,1,8819
2250,ZONE_CREATED,2026-07-14 07:45:00.000,1784025900000,D002251,1784025900000,1784028900000,1.1424,1.14235,1,-1,4,8820
2251,ZONE_CREATED,2026-07-14 07:55:00.000,1784026500000,D002252,1784026500000,1784029500000,1.1423,1.14225,1,-1,2,8830
2252,ZONE_CREATED,2026-07-14 08:00:00.000,1784026800000,D002253,1784026800000,1784029800000,1.14215,1.1421,1,1,1,8835
2253,ZONE_CREATED,2026-07-14 08:12:00.000,1784027520000,D002254,1784027520000,1784030520000,1.1422,1.14215,1,1,2,8847
2254,ZONE_CREATED,2026-07-14 08:16:00.000,1784027760000,D002255,1784027760000,1784030760000,1.1423,1.14225,1,-1,3,8851
2255,ZONE_CREATED,2026-07-14 08:23:00.000,1784028180000,D002256,1784028180000,1784031180000,1.14245,1.14235,2,1,4,8858
2256,ZONE_CREATED,2026-07-14 08:26:00.000,1784028360000,D002257,1784028360000,1784031360000,1.1425,1.14245,1,1,3,8861
2257,ZONE_CREATED,2026-07-14 08:28:00.000,1784028480000,D002258,1784028480000,1784031480000,1.1425,1.14245,1,-1,3,8863
2258,ZONE_CREATED,2026-07-14 08:30:00.000,1784028600000,D002259,1784028600000,1784031600000,1.1425,1.14245,1,1,4,8865
2259,ZONE_CREATED,2026-07-14 08:37:00.000,1784029020000,D002260,1784029020000,1784032020000,1.1429,1.14285,1,1,1,8872
2260,ZONE_CREATED,2026-07-14 08:41:00.000,1784029260000,D002261,1784029260000,1784032260000,1.143,1.14295,1,1,1,8876
2261,ZONE_CREATED,2026-07-14 08:46:00.000,1784029560000,D002262,1784029560000,1784032560000,1.14325,1.1432,1,-1,1,8881
2262,ZONE_CREATED,2026-07-14 08:48:00.000,1784029680000,D002263,1784029680000,1784032680000,1.14335,1.1433,1,1,1,8883
2263,ZONE_CREATED,2026-07-14 08:55:00.000,1784030100000,D002264,1784030100000,1784033100000,1.14375,1.1437,1,-1,1,8890
2264,ZONE_CREATED,2026-07-14 09:01:00.000,1784030460000,D002265,1784030460000,1784033460000,1.14355,1.1435,1,1,1,8896
2265,ZONE_CREATED,2026-07-14 09:10:00.000,1784031000000,D002266,1784031000000,1784034000000,1.14345,1.1434,1,1,1,8905
2266,ZONE_CREATED,2026-07-14 09:19:00.000,1784031540000,D002267,1784031540000,1784034540000,1.14345,1.1434,1,-1,2,8914
2267,ZONE_CREATED,2026-07-14 09:22:00.000,1784031720000,D002268,1784031720000,1784034720000,1.14375,1.1437,1,1,2,8917
2268,ZONE_CREATED,2026-07-14 09:27:00.000,1784032020000,D002269,1784032020000,1784035020000,1.1444,1.14435,1,1,1,8922
2269,ZONE_CREATED,2026-07-14 09:29:00.000,1784032140000,D002270,1784032140000,1784035140000,1.1444,1.14435,1,1,2,8924
2270,ZONE_CREATED,2026-07-14 09:31:00.000,1784032260000,D002271,1784032260000,1784035260000,1.1489,1.14885,1,1,1,8926
2271,ZONE_CREATED,2026-07-14 09:35:00.000,1784032500000,D002272,1784032500000,1784035500000,1.14785,1.1478,1,-1,1,8930
2272,ZONE_CREATED,2026-07-14 09:36:00.000,1784032560000,D002273,1784032560000,1784035560000,1.14785,1.1478,1,1,2,8931
2273,ZONE_CREATED,2026-07-14 09:40:00.000,1784032800000,D002274,1784032800000,1784035800000,1.14725,1.1472,1,1,1,8935
2274,ZONE_CREATED,2026-07-14 09:43:00.000,1784032980000,D002275,1784032980000,1784035980000,1.1486,1.14855,1,-1,1,8938
2275,ZONE_CREATED,2026-07-14 09:45:00.000,1784033100000,D002276,1784033100000,1784036100000,1.1487,1.14865,1,1,1,8940
2276,ZONE_CREATED,2026-07-14 09:53:00.000,1784033580000,D002277,1784033580000,1784036580000,1.14745,1.1474,1,-1,1,8948
2277,ZONE_CREATED,2026-07-14 09:54:00.000,1784033640000,D002278,1784033640000,1784036640000,1.14745,1.1474,1,1,2,8949
2278,ZONE_CREATED,2026-07-14 09:55:00.000,1784033700000,D002279,1784033700000,1784036700000,1.1472,1.14715,1,1,2,8950
2279,ZONE_CREATED,2026-07-14 10:01:00.000,1784034060000,D002280,1784034060000,1784037060000,1.14775,1.1477,1,1,1,8956
2280,ZONE_CREATED,2026-07-14 10:06:00.000,1784034360000,D002281,1784034360000,1784037360000,1.1483,1.14825,1,1,1,8961
2281,ZONE_CREATED,2026-07-14 10:20:00.000,1784035200000,D002282,1784035200000,1784038200000,1.14765,1.1476,1,-1,1,8975
2282,ZONE_CREATED,2026-07-14 10:25:00.000,1784035500000,D002283,1784035500000,1784038500000,1.14795,1.1479,1,1,1,8980
2283,ZONE_CREATED,2026-07-14 10:26:00.000,1784035560000,D002284,1784035560000,1784038560000,1.14805,1.148,1,1,1,8981
2284,ZONE_CREATED,2026-07-14 10:27:00.000,1784035620000,D002285,1784035620000,1784038620000,1.14805,1.14795,2,-1,3,8982
2285,ZONE_CREATED,2026-07-14 10:31:00.000,1784035860000,D002286,1784035860000,1784038860000,1.14815,1.1481,1,-1,1,8986
2286,ZONE_CREATED,2026-07-14 10:32:00.000,1784035920000,D002287,1784035920000,1784038920000,1.14775,1.1477,1,1,2,8987
2287,ZONE_CREATED,2026-07-14 10:39:00.000,1784036340000,D002288,1784036340000,1784039340000,1.14815,1.1481,1,1,2,8994
2288,ZONE_CREATED,2026-07-14 10:45:00.000,1784036700000,D002289,1784036700000,1784039700000,1.1482,1.14815,1,-1,3,9000
2289,ZONE_CREATED,2026-07-14 10:46:00.000,1784036760000,D002290,1784036760000,1784039760000,1.14815,1.1481,1,-1,4,9001
2290,ZONE_CREATED,2026-07-14 10:51:00.000,1784037060000,D002291,1784037060000,1784040060000,1.14805,1.148,1,1,3,9006
2291,ZONE_CREATED,2026-07-14 10:55:00.000,1784037300000,D002292,1784037300000,1784040300000,1.1482,1.14815,1,-1,5,9010
2292,ZONE_CREATED,2026-07-14 10:56:00.000,1784037360000,D002293,1784037360000,1784040360000,1.1481,1.148,2,1,7,9011
2293,ZONE_CREATED,2026-07-14 11:04:00.000,1784037840000,D002294,1784037840000,1784040840000,1.1484,1.14835,1,-1,1,9019
2294,ZONE_CREATED,2026-07-14 11:07:00.000,1784038020000,D002295,1784038020000,1784041020000,1.1486,1.14855,1,-1,1,9022
2295,ZONE_CREATED,2026-07-14 11:13:00.000,1784038380000,D002296,1784038380000,1784041380000,1.1486,1.14855,1,1,2,9028
2296,ZONE_CREATED,2026-07-14 11:14:00.000,1784038440000,D002297,1784038440000,1784041440000,1.1485,1.14845,1,1,1,9029
2297,ZONE_CREATED,2026-07-14 11:15:00.000,1784038500000,D002298,1784038500000,1784041500000,1.1484,1.14835,1,-1,2,9030
2298,ZONE_CREATED,2026-07-14 11:17:00.000,1784038620000,D002299,1784038620000,1784041620000,1.14805,1.148,1,1,4,9032
2299,ZONE_CREATED,2026-07-14 11:28:00.000,1784039280000,D002300,1784039280000,1784042280000,1.14745,1.1474,1,1,1,9043
2300,ZONE_CREATED,2026-07-14 11:33:00.000,1784039580000,D002301,1784039580000,1784042580000,1.14745,1.1474,1,1,2,9048
2301,ZONE_CREATED,2026-07-14 11:35:00.000,1784039700000,D002302,1784039700000,1784042700000,1.14775,1.1477,1,-1,1,9050
2302,ZONE_CREATED,2026-07-14 11:43:00.000,1784040180000,D002303,1784040180000,1784043180000,1.14755,1.1475,1,1,1,9058
2303,ZONE_CREATED,2026-07-14 11:48:00.000,1784040480000,D002304,1784040480000,1784043480000,1.14775,1.1477,1,1,2,9063
2304,ZONE_CREATED,2026-07-14 11:50:00.000,1784040600000,D002305,1784040600000,1784043600000,1.14765,1.1476,1,1,1,9065
2305,ZONE_CREATED,2026-07-14 11:55:00.000,1784040900000,D002306,1784040900000,1784043900000,1.1471,1.14705,1,-1,1,9070
2306,ZONE_CREATED,2026-07-14 12:01:00.000,1784041260000,D002307,1784041260000,1784044260000,1.1472,1.14715,1,1,1,9076
2307,ZONE_CREATED,2026-07-14 12:04:00.000,1784041440000,D002308,1784041440000,1784044440000,1.14745,1.1474,1,-1,3,9079
2308,ZONE_CREATED,2026-07-14 12:09:00.000,1784041740000,D002309,1784041740000,1784044740000,1.14805,1.148,1,1,1,9084
2309,ZONE_CREATED,2026-07-14 12:10:00.000,1784041800000,D002310,1784041800000,1784044800000,1.14795,1.1479,1,1,1,9085
2310,ZONE_CREATED,2026-07-14 12:16:00.000,1784042160000,D002311,1784042160000,1784045160000,1.14775,1.1477,1,1,3,9091
2311,ZONE_CREATED,2026-07-14 12:17:00.000,1784042220000,D002312,1784042220000,1784045220000,1.14775,1.1477,1,1,4,9092
2312,ZONE_CREATED,2026-07-14 12:21:00.000,1784042460000,D002313,1784042460000,1784045460000,1.14745,1.1474,1,-1,3,9096
2313,ZONE_CREATED,2026-07-14 12:22:00.000,1784042520000,D002314,1784042520000,1784045520000,1.14745,1.1474,1,-1,4,9097
2314,ZONE_CREATED,2026-07-14 12:24:00.000,1784042640000,D002315,1784042640000,1784045640000,1.14725,1.1472,1,-1,2,9099
2315,ZONE_CREATED,2026-07-14 12:31:00.000,1784043060000,D002316,1784043060000,1784046060000,1.147,1.14695,1,1,1,9106
2316,ZONE_CREATED,2026-07-14 12:36:00.000,1784043360000,D002317,1784043360000,1784046360000,1.1469,1.14685,1,-1,1,9111
2317,ZONE_CREATED,2026-07-14 12:40:00.000,1784043600000,D002318,1784043600000,1784046600000,1.1467,1.14665,1,1,1,9115
2318,ZONE_CREATED,2026-07-14 12:41:00.000,1784043660000,D002319,1784043660000,1784046660000,1.1466,1.14655,1,1,1,9116
2319,ZONE_CREATED,2026-07-14 12:49:00.000,1784044140000,D002320,1784044140000,1784047140000,1.1463,1.14625,1,1,1,9124
2320,ZONE_CREATED,2026-07-14 12:56:00.000,1784044560000,D002321,1784044560000,1784047560000,1.14575,1.1457,1,-1,1,9131
2321,ZONE_CREATED,2026-07-14 13:00:00.000,1784044800000,D002322,1784044800000,1784047800000,1.14565,1.1456,1,1,1,9135
2322,ZONE_CREATED,2026-07-14 13:02:00.000,1784044920000,D002323,1784044920000,1784047920000,1.14545,1.1454,1,1,1,9137
2323,ZONE_CREATED,2026-07-14 13:05:00.000,1784045100000,D002324,1784045100000,1784048100000,1.1455,1.1454,2,1,2,9140
2324,ZONE_CREATED,2026-07-14 13:11:00.000,1784045460000,D002325,1784045460000,1784048460000,1.14555,1.1455,1,1,2,9146
2325,ZONE_CREATED,2026-07-14 13:14:00.000,1784045640000,D002326,1784045640000,1784048640000,1.14575,1.1457,1,-1,2,9149
2326,ZONE_CREATED,2026-07-14 13:15:00.000,1784045700000,D002327,1784045700000,1784048700000,1.14575,1.1457,1,1,3,9150
2327,ZONE_CREATED,2026-07-14 13:16:00.000,1784045760000,D002328,1784045760000,1784048760000,1.14575,1.1457,1,1,4,9151
2328,ZONE_CREATED,2026-07-14 13:19:00.000,1784045940000,D002329,1784045940000,1784048940000,1.14565,1.1456,1,-1,2,9154
2329,ZONE_CREATED,2026-07-14 13:21:00.000,1784046060000,D002330,1784046060000,1784049060000,1.14565,1.1456,1,-1,3,9156
2330,ZONE_CREATED,2026-07-14 13:29:00.000,1784046540000,D002331,1784046540000,1784049540000,1.14585,1.1458,1,-1,1,9164
2331,ZONE_CREATED,2026-07-14 13:32:00.000,1784046720000,D002332,1784046720000,1784049720000,1.14605,1.146,1,-1,1,9167
2332,ZONE_CREATED,2026-07-14 13:36:00.000,1784046960000,D002333,1784046960000,1784049960000,1.1462,1.14615,1,1,1,9171
2333,ZONE_CREATED,2026-07-14 13:43:00.000,1784047380000,D002334,1784047380000,1784050380000,1.1462,1.14615,1,-1,2,9178
2334,ZONE_CREATED,2026-07-14 13:45:00.000,1784047500000,D002335,1784047500000,1784050500000,1.14615,1.1461,1,1,3,9180
2335,ZONE_CREATED,2026-07-14 13:46:00.000,1784047560000,D002336,1784047560000,1784050560000,1.14615,1.1461,1,-1,4,9181
2336,ZONE_CREATED,2026-07-14 13:58:00.000,1784048280000,D002337,1784048280000,1784051280000,1.14615,1.1461,1,1,5,9193
2337,ZONE_CREATED,2026-07-14 14:01:00.000,1784048460000,D002338,1784048460000,1784051460000,1.14615,1.1461,1,1,6,9196
2338,ZONE_CREATED,2026-07-14 14:05:00.000,1784048700000,D002339,1784048700000,1784051700000,1.14585,1.1458,1,1,2,9200
2339,ZONE_CREATED,2026-07-14 14:06:00.000,1784048760000,D002340,1784048760000,1784051760000,1.14575,1.1457,1,-1,2,9201
2340,ZONE_CREATED,2026-07-14 14:09:00.000,1784048940000,D002341,1784048940000,1784051940000,1.14555,1.1455,1,1,1,9204
2341,ZONE_CREATED,2026-07-14 14:16:00.000,1784049360000,D002342,1784049360000,1784052360000,1.1449,1.14485,1,1,1,9211
2342,ZONE_CREATED,2026-07-14 14:20:00.000,1784049600000,D002343,1784049600000,1784052600000,1.1449,1.14485,1,-1,2,9215
2343,ZONE_CREATED,2026-07-14 14:22:00.000,1784049720000,D002344,1784049720000,1784052720000,1.1451,1.14505,1,1,1,9217
2344,ZONE_CREATED,2026-07-14 14:28:00.000,1784050080000,D002345,1784050080000,1784053080000,1.14545,1.1454,1,1,1,9223
2345,ZONE_CREATED,2026-07-14 14:44:00.000,1784051040000,D002346,1784051040000,1784054040000,1.14545,1.1454,1,1,2,9239
2346,ZONE_CREATED,2026-07-14 14:56:00.000,1784051760000,D002347,1784051760000,1784054760000,1.14555,1.1455,1,1,2,9251
2347,ZONE_CREATED,2026-07-14 15:00:00.000,1784052000000,D002348,1784052000000,1784055000000,1.14525,1.1452,1,-1,1,9255
2348,ZONE_CREATED,2026-07-14 15:05:00.000,1784052300000,D002349,1784052300000,1784055300000,1.14535,1.1453,1,1,1,9260
2349,ZONE_CREATED,2026-07-14 15:06:00.000,1784052360000,D002350,1784052360000,1784055360000,1.14535,1.1453,1,1,2,9261
2350,ZONE_CREATED,2026-07-14 15:08:00.000,1784052480000,D002351,1784052480000,1784055480000,1.14535,1.1453,1,-1,3,9263
2351,ZONE_CREATED,2026-07-14 15:12:00.000,1784052720000,D002352,1784052720000,1784055720000,1.14525,1.1452,1,1,2,9267
2352,ZONE_CREATED,2026-07-14 15:17:00.000,1784053020000,D002353,1784053020000,1784056020000,1.14545,1.1454,1,1,3,9272
2353,ZONE_CREATED,2026-07-14 15:26:00.000,1784053560000,D002354,1784053560000,1784056560000,1.145,1.14495,1,1,1,9281
2354,ZONE_CREATED,2026-07-14 15:40:00.000,1784054400000,D002355,1784054400000,1784057400000,1.1449,1.14485,1,1,1,9295
2355,ZONE_CREATED,2026-07-14 15:42:00.000,1784054520000,D002356,1784054520000,1784057520000,1.14465,1.14455,2,1,1,9297
2356,ZONE_CREATED,2026-07-14 15:44:00.000,1784054640000,D002357,1784054640000,1784057640000,1.1446,1.14455,1,-1,2,9299
2357,ZONE_CREATED,2026-07-14 15:45:00.000,1784054700000,D002358,1784054700000,1784057700000,1.1448,1.14475,1,-1,1,9300
2358,ZONE_CREATED,2026-07-14 15:50:00.000,1784055000000,D002359,1784055000000,1784058000000,1.1449,1.14485,1,-1,2,9305
2359,ZONE_CREATED,2026-07-14 15:55:00.000,1784055300000,D002360,1784055300000,1784058300000,1.145,1.14495,1,1,2,9310
2360,ZONE_CREATED,2026-07-14 16:00:00.000,1784055600000,D002361,1784055600000,1784058600000,1.14525,1.1452,1,-1,2,9315
2361,ZONE_CREATED,2026-07-14 16:04:00.000,1784055840000,D002362,1784055840000,1784058840000,1.14535,1.1453,1,-1,1,9319
2362,ZONE_CREATED,2026-07-14 16:12:00.000,1784056320000,D002363,1784056320000,1784059320000,1.14525,1.1452,1,1,2,9327
2363,ZONE_CREATED,2026-07-14 16:15:00.000,1784056500000,D002364,1784056500000,1784059500000,1.14545,1.1454,1,-1,1,9330
2364,ZONE_CREATED,2026-07-14 16:16:00.000,1784056560000,D002365,1784056560000,1784059560000,1.14545,1.1454,1,-1,2,9331
2365,ZONE_CREATED,2026-07-14 16:18:00.000,1784056680000,D002366,1784056680000,1784059680000,1.14535,1.1453,1,-1,2,9333
2366,ZONE_CREATED,2026-07-14 16:24:00.000,1784057040000,D002367,1784057040000,1784060040000,1.14535,1.1453,1,1,3,9339
2367,ZONE_CREATED,2026-07-14 16:25:00.000,1784057100000,D002368,1784057100000,1784060100000,1.14535,1.1453,1,-1,4,9340
2368,ZONE_CREATED,2026-07-14 16:29:00.000,1784057340000,D002369,1784057340000,1784060340000,1.14535,1.1453,1,-1,5,9344
2369,ZONE_CREATED,2026-07-14 16:30:00.000,1784057400000,D002370,1784057400000,1784060400000,1.1454,1.1453,2,-1,8,9345
2370,ZONE_CREATED,2026-07-14 16:34:00.000,1784057640000,D002371,1784057640000,1784060640000,1.1452,1.14515,1,1,3,9349
2371,ZONE_CREATED,2026-07-14 16:35:00.000,1784057700000,D002372,1784057700000,1784060700000,1.1452,1.14515,1,1,4,9350
2372,ZONE_CREATED,2026-07-14 16:36:00.000,1784057760000,D002373,1784057760000,1784060760000,1.1451,1.14505,1,1,1,9351
2373,ZONE_CREATED,2026-07-14 16:37:00.000,1784057820000,D002374,1784057820000,1784060820000,1.1452,1.14515,1,1,5,9352
2374,ZONE_CREATED,2026-07-14 16:39:00.000,1784057940000,D002375,1784057940000,1784060940000,1.1452,1.14515,1,-1,6,9354
2375,ZONE_CREATED,2026-07-14 16:41:00.000,1784058060000,D002376,1784058060000,1784061060000,1.1452,1.14515,1,-1,7,9356
2376,ZONE_CREATED,2026-07-14 16:45:00.000,1784058300000,D002377,1784058300000,1784061300000,1.1452,1.14515,1,-1,8,9360
2377,ZONE_CREATED,2026-07-14 16:49:00.000,1784058540000,D002378,1784058540000,1784061540000,1.1452,1.14515,1,-1,9,9364
2378,ZONE_CREATED,2026-07-14 16:52:00.000,1784058720000,D002379,1784058720000,1784061720000,1.1452,1.14515,1,-1,9,9367
2379,ZONE_CREATED,2026-07-14 16:54:00.000,1784058840000,D002380,1784058840000,1784061840000,1.14525,1.1452,1,-1,10,9369
2380,ZONE_CREATED,2026-07-14 16:55:00.000,1784058900000,D002381,1784058900000,1784061900000,1.14525,1.1452,1,-1,11,9370
2381,ZONE_CREATED,2026-07-14 17:02:00.000,1784059320000,D002382,1784059320000,1784062320000,1.1449,1.14485,1,-1,1,9377
2382,ZONE_CREATED,2026-07-14 17:08:00.000,1784059680000,D002383,1784059680000,1784062680000,1.1448,1.14475,1,-1,1,9383
2383,ZONE_CREATED,2026-07-14 17:10:00.000,1784059800000,D002384,1784059800000,1784062800000,1.1449,1.14485,1,-1,2,9385
2384,ZONE_CREATED,2026-07-14 17:12:00.000,1784059920000,D002385,1784059920000,1784062920000,1.1451,1.14505,1,1,2,9387
2385,ZONE_CREATED,2026-07-14 17:13:00.000,1784059980000,D002386,1784059980000,1784062980000,1.1451,1.14505,1,-1,3,9388
2386,ZONE_CREATED,2026-07-14 17:17:00.000,1784060220000,D002387,1784060220000,1784063220000,1.1449,1.14485,1,-1,3,9392
2387,ZONE_CREATED,2026-07-14 17:21:00.000,1784060460000,D002388,1784060460000,1784063460000,1.1449,1.14485,1,-1,4,9395
2388,ZONE_CREATED,2026-07-14 17:24:00.000,1784060640000,D002389,1784060640000,1784063640000,1.1449,1.14485,1,-1,5,9397
2389,ZONE_CREATED,2026-07-14 17:26:00.000,1784060760000,D002390,1784060760000,1784063760000,1.145,1.14495,1,-1,1,9399
2390,ZONE_CREATED,2026-07-14 17:31:00.000,1784061060000,D002391,1784061060000,1784064060000,1.1449,1.14485,1,-1,6,9404
2391,ZONE_CREATED,2026-07-14 17:39:00.000,1784061540000,D002392,1784061540000,1784064540000,1.145,1.14495,1,1,2,9412
2392,ZONE_CREATED,2026-07-14 17:41:00.000,1784061660000,D002393,1784061660000,1784064660000,1.145,1.14495,1,1,3,9414
2393,ZONE_CREATED,2026-07-14 17:42:00.000,1784061720000,D002394,1784061720000,1784064720000,1.145,1.14495,1,1,4,9415
2394,ZONE_CREATED,2026-07-14 17:44:00.000,1784061840000,D002395,1784061840000,1784064840000,1.145,1.14495,1,-1,5,9417
2395,ZONE_CREATED,2026-07-14 17:48:00.000,1784062080000,D002396,1784062080000,1784065080000,1.1449,1.14485,1,-1,7,9421
2396,ZONE_CREATED,2026-07-14 17:50:00.000,1784062200000,D002397,1784062200000,1784065200000,1.1449,1.14485,1,1,8,9423
2397,ZONE_CREATED,2026-07-14 17:55:00.000,1784062500000,D002398,1784062500000,1784065500000,1.145,1.14495,1,-1,6,9428
2398,ZONE_CREATED,2026-07-14 17:58:00.000,1784062680000,D002399,1784062680000,1784065680000,1.145,1.14495,1,1,7,9431
2399,ZONE_CREATED,2026-07-14 17:59:00.000,1784062740000,D002400,1784062740000,1784065740000,1.145,1.14495,1,-1,8,9432
2400,ZONE_CREATED,2026-07-14 19:01:00.000,1784066460000,D002401,1784066460000,1784069460000,1.1448,1.14475,1,1,1,9434
2401,ZONE_CREATED,2026-07-14 19:14:00.000,1784067240000,D002402,1784067240000,1784070240000,1.1447,1.14465,1,1,1,9445
2402,ZONE_CREATED,2026-07-14 19:19:00.000,1784067540000,D002403,1784067540000,1784070540000,1.1447,1.14465,1,1,2,9449
2403,ZONE_CREATED,2026-07-14 19:31:00.000,1784068260000,D002404,1784068260000,1784071260000,1.1449,1.14485,1,-1,3,9458
2404,ZONE_CREATED,2026-07-14 19:32:00.000,1784068320000,D002405,1784068320000,1784071320000,1.1449,1.14485,1,1,4,9459
2405,ZONE_CREATED,2026-07-14 19:38:00.000,1784068680000,D002406,1784068680000,1784071680000,1.1449,1.14485,1,1,5,9465
2406,ZONE_CREATED,2026-07-14 19:47:00.000,1784069220000,D002407,1784069220000,1784072220000,1.1448,1.14475,1,-1,2,9474
2407,ZONE_CREATED,2026-07-14 19:57:00.000,1784069820000,D002408,1784069820000,1784072820000,1.1448,1.14475,1,1,3,9484
2408,ZONE_CREATED,2026-07-14 20:06:00.000,1784070360000,D002409,1784070360000,1784073360000,1.1449,1.14485,1,-1,4,9493
2409,ZONE_CREATED,2026-07-14 20:13:00.000,1784070780000,D002410,1784070780000,1784073780000,1.145,1.14495,1,1,1,9500
2410,ZONE_CREATED,2026-07-14 20:17:00.000,1784071020000,D002411,1784071020000,1784074020000,1.145,1.14495,1,-1,2,9504
2411,ZONE_CREATED,2026-07-14 20:23:00.000,1784071380000,D002412,1784071380000,1784074380000,1.145,1.14495,1,1,3,9509
2412,ZONE_CREATED,2026-07-14 20:24:00.000,1784071440000,D002413,1784071440000,1784074440000,1.145,1.14495,1,1,4,9510
2413,ZONE_CREATED,2026-07-14 20:25:00.000,1784071500000,D002414,1784071500000,1784074500000,1.145,1.1449,2,1,7,9511
2414,ZONE_CREATED,2026-07-14 20:39:00.000,1784072340000,D002415,1784072340000,1784075340000,1.1451,1.14505,1,1,1,9524
2415,ZONE_CREATED,2026-07-14 20:42:00.000,1784072520000,D002416,1784072520000,1784075520000,1.1452,1.14515,1,1,1,9527
2416,ZONE_CREATED,2026-07-14 20:44:00.000,1784072640000,D002417,1784072640000,1784075640000,1.14525,1.1452,1,1,2,9529
2417,ZONE_CREATED,2026-07-14 20:45:00.000,1784072700000,D002418,1784072700000,1784075700000,1.14525,1.1452,1,1,3,9530
2418,ZONE_CREATED,2026-07-14 20:50:00.000,1784073000000,D002419,1784073000000,1784076000000,1.14525,1.1452,1,-1,4,9535
2419,ZONE_CREATED,2026-07-14 20:51:00.000,1784073060000,D002420,1784073060000,1784076060000,1.14525,1.1452,1,1,5,9536
2420,ZONE_CREATED,2026-07-14 20:52:00.000,1784073120000,D002421,1784073120000,1784076120000,1.14525,1.1452,1,-1,6,9537
2421,ZONE_CREATED,2026-07-14 20:54:00.000,1784073240000,D002422,1784073240000,1784076240000,1.1452,1.14515,1,1,7,9539
2422,ZONE_CREATED,2026-07-14 20:57:00.000,1784073420000,D002423,1784073420000,1784076420000,1.14525,1.1452,1,-1,8,9542
2423,ZONE_CREATED,2026-07-14 20:58:00.000,1784073480000,D002424,1784073480000,1784076480000,1.14525,1.1452,1,1,9,9543
2424,ZONE_CREATED,2026-07-14 20:59:00.000,1784073540000,D002425,1784073540000,1784076540000,1.14525,1.1452,1,-1,10,9544
2425,ZONE_CREATED,2026-07-14 21:11:00.000,1784074260000,D002426,1784074260000,1784077260000,1.14555,1.1455,1,1,1,9556
2426,ZONE_CREATED,2026-07-14 21:19:00.000,1784074740000,D002427,1784074740000,1784077740000,1.14555,1.1455,1,1,2,9564
2427,ZONE_CREATED,2026-07-14 21:22:00.000,1784074920000,D002428,1784074920000,1784077920000,1.14555,1.1455,1,-1,3,9567
2428,ZONE_CREATED,2026-07-14 21:24:00.000,1784075040000,D002429,1784075040000,1784078040000,1.14555,1.1455,1,-1,4,9569
2429,ZONE_CREATED,2026-07-14 21:32:00.000,1784075520000,D002430,1784075520000,1784078520000,1.14575,1.1457,1,1,1,9577
2430,ZONE_CREATED,2026-07-14 21:34:00.000,1784075640000,D002431,1784075640000,1784078640000,1.14575,1.1457,1,1,2,9579
2431,ZONE_CREATED,2026-07-14 21:38:00.000,1784075880000,D002432,1784075880000,1784078880000,1.14565,1.1456,1,1,1,9583
2432,ZONE_CREATED,2026-07-14 21:39:00.000,1784075940000,D002433,1784075940000,1784078940000,1.14565,1.1456,1,-1,2,9584
2433,ZONE_CREATED,2026-07-14 21:41:00.000,1784076060000,D002434,1784076060000,1784079060000,1.14555,1.1455,1,-1,5,9586
2434,ZONE_CREATED,2026-07-14 21:43:00.000,1784076180000,D002435,1784076180000,1784079180000,1.14555,1.1455,1,-1,6,9588
2435,ZONE_CREATED,2026-07-14 21:45:00.000,1784076300000,D002436,1784076300000,1784079300000,1.14555,1.1455,1,-1,7,9590
2436,ZONE_CREATED,2026-07-14 21:47:00.000,1784076420000,D002437,1784076420000,1784079420000,1.14565,1.1456,1,1,3,9592
2437,ZONE_CREATED,2026-07-14 21:48:00.000,1784076480000,D002438,1784076480000,1784079480000,1.14565,1.1456,1,-1,4,9593
2438,ZONE_CREATED,2026-07-14 21:50:00.000,1784076600000,D002439,1784076600000,1784079600000,1.14575,1.1457,1,1,3,9594
2439,ZONE_CREATED,2026-07-14 21:52:00.000,1784076720000,D002440,1784076720000,1784079720000,1.1459,1.14575,3,1,4,9596
2440,ZONE_CREATED,2026-07-14 21:53:00.000,1784076780000,D002441,1784076780000,1784079780000,1.146,1.1459,2,-1,2,9597
2441,ZONE_CREATED,2026-07-14 21:56:00.000,1784076960000,D002442,1784076960000,1784079960000,1.1462,1.14615,1,-1,1,9600
2442,ZONE_CREATED,2026-07-14 22:01:00.000,1784077260000,D002443,1784077260000,1784080260000,1.1463,1.14625,1,-1,1,9605
2443,ZONE_CREATED,2026-07-14 22:07:00.000,1784077620000,D002444,1784077620000,1784080620000,1.1463,1.14625,1,-1,2,9611
2444,ZONE_CREATED,2026-07-14 22:13:00.000,1784077980000,D002445,1784077980000,1784080980000,1.1463,1.14625,1,-1,3,9617
2445,ZONE_CREATED,2026-07-14 22:17:00.000,1784078220000,D002446,1784078220000,1784081220000,1.1465,1.14645,1,-1,1,9621
2446,ZONE_CREATED,2026-07-14 22:22:00.000,1784078520000,D002447,1784078520000,1784081520000,1.1465,1.14645,1,1,2,9626
2447,ZONE_CREATED,2026-07-14 22:28:00.000,1784078880000,D002448,1784078880000,1784081880000,1.1465,1.14645,1,-1,3,9632
2448,ZONE_CREATED,2026-07-14 22:43:00.000,1784079780000,D002449,1784079780000,1784082780000,1.1463,1.14625,1,-1,4,9647
2449,ZONE_CREATED,2026-07-14 22:48:00.000,1784080080000,D002450,1784080080000,1784083080000,1.1462,1.14615,1,-1,1,9652
2450,ZONE_CREATED,2026-07-14 22:49:00.000,1784080140000,D002451,1784080140000,1784083140000,1.14615,1.1461,1,1,2,9653
2451,ZONE_CREATED,2026-07-14 22:50:00.000,1784080200000,D002452,1784080200000,1784083200000,1.1462,1.14615,1,1,3,9654
2452,ZONE_CREATED,2026-07-14 22:51:00.000,1784080260000,D002453,1784080260000,1784083260000,1.1462,1.14615,1,-1,4,9655
2453,ZONE_CREATED,2026-07-14 22:52:00.000,1784080320000,D002454,1784080320000,1784083320000,1.1462,1.14615,1,-1,5,9656
2454,ZONE_CREATED,2026-07-14 22:54:00.000,1784080440000,D002455,1784080440000,1784083440000,1.1462,1.14615,1,-1,6,9658
2455,ZONE_CREATED,2026-07-14 22:59:00.000,1784080740000,D002456,1784080740000,1784083740000,1.1464,1.1463,2,-1,3,9663
2456,ZONE_CREATED,2026-07-14 23:01:00.000,1784080860000,D002457,1784080860000,1784083860000,1.1463,1.14625,1,1,4,9665
2457,ZONE_CREATED,2026-07-14 23:02:00.000,1784080920000,D002458,1784080920000,1784083920000,1.1463,1.14625,1,1,5,9666
2458,ZONE_CREATED,2026-07-14 23:03:00.000,1784080980000,D002459,1784080980000,1784083980000,1.1464,1.14635,1,-1,2,9667
2459,ZONE_CREATED,2026-07-14 23:07:00.000,1784081220000,D002460,1784081220000,1784084220000,1.1466,1.14655,1,-1,1,9671
2460,ZONE_CREATED,2026-07-14 23:08:00.000,1784081280000,D002461,1784081280000,1784084280000,1.1466,1.14655,1,-1,2,9672
2461,ZONE_CREATED,2026-07-14 23:10:00.000,1784081400000,D002462,1784081400000,1784084400000,1.1467,1.14665,1,1,1,9674
2462,ZONE_CREATED,2026-07-14 23:15:00.000,1784081700000,D002463,1784081700000,1784084700000,1.1464,1.14635,1,-1,3,9679
2463,ZONE_CREATED,2026-07-14 23:24:00.000,1784082240000,D002464,1784082240000,1784085240000,1.1462,1.14615,1,1,7,9688
2464,ZONE_CREATED,2026-07-14 23:26:00.000,1784082360000,D002465,1784082360000,1784085360000,1.1463,1.14625,1,1,5,9690
2465,ZONE_CREATED,2026-07-14 23:39:00.000,1784083140000,D002466,1784083140000,1784086140000,1.1465,1.14645,1,1,1,9702
2466,ZONE_CREATED,2026-07-14 23:48:00.000,1784083680000,D002467,1784083680000,1784086680000,1.1469,1.14685,1,-1,1,9711
2467,ZONE_CREATED,2026-07-14 23:52:00.000,1784083920000,D002468,1784083920000,1784086920000,1.1469,1.14685,1,-1,2,9715
2468,ZONE_CREATED,2026-07-14 23:53:00.000,1784083980000,D002469,1784083980000,1784086980000,1.1468,1.14675,1,-1,1,9716
2469,ZONE_CREATED,2026-07-14 23:55:00.000,1784084100000,D002470,1784084100000,1784087100000,1.1469,1.14685,1,1,3,9718
2470,ZONE_CREATED,2026-07-15 00:03:00.000,1784084580000,D002471,1784084580000,1784087580000,1.147,1.14695,1,1,1,9726
2471,ZONE_CREATED,2026-07-15 00:06:00.000,1784084760000,D002472,1784084760000,1784087760000,1.147,1.1469,2,-1,5,9729
2472,ZONE_CREATED,2026-07-15 00:08:00.000,1784084880000,D002473,1784084880000,1784087880000,1.1469,1.14685,1,-1,5,9730
2473,ZONE_CREATED,2026-07-15 00:09:00.000,1784084940000,D002474,1784084940000,1784087940000,1.1468,1.14675,1,-1,2,9731
2474,ZONE_CREATED,2026-07-15 00:10:00.000,1784085000000,D002475,1784085000000,1784088000000,1.1469,1.1468,2,-1,8,9732
2475,ZONE_CREATED,2026-07-15 00:13:00.000,1784085180000,D002476,1784085180000,1784088180000,1.1467,1.14665,1,-1,1,9735
2476,ZONE_CREATED,2026-07-15 00:14:00.000,1784085240000,D002477,1784085240000,1784088240000,1.1467,1.1466,2,-1,2,9736
2477,ZONE_CREATED,2026-07-15 00:15:00.000,1784085300000,D002478,1784085300000,1784088300000,1.1466,1.14655,1,-1,2,9737
2478,ZONE_CREATED,2026-07-15 00:18:00.000,1784085480000,D002479,1784085480000,1784088480000,1.1464,1.14635,1,-1,1,9740
2479,ZONE_CREATED,2026-07-15 00:29:00.000,1784086140000,D002480,1784086140000,1784089140000,1.1464,1.14635,1,1,2,9751
2480,ZONE_CREATED,2026-07-15 00:37:00.000,1784086620000,D002481,1784086620000,1784089620000,1.1465,1.14645,1,-1,1,9758
2481,ZONE_CREATED,2026-07-15 00:41:00.000,1784086860000,D002482,1784086860000,1784089860000,1.1465,1.1464,2,-1,4,9762
2482,ZONE_CREATED,2026-07-15 00:44:00.000,1784087040000,D002483,1784087040000,1784090040000,1.1464,1.1463,2,-1,4,9765
2483,ZONE_CREATED,2026-07-15 00:49:00.000,1784087340000,D002484,1784087340000,1784090340000,1.1464,1.14635,1,1,5,9770
2484,ZONE_CREATED,2026-07-15 00:54:00.000,1784087640000,D002485,1784087640000,1784090640000,1.1466,1.1465,2,-1,5,9775
2485,ZONE_CREATED,2026-07-15 01:08:00.000,1784088480000,D002486,1784088480000,1784091480000,1.1466,1.14655,1,-1,2,9789
2486,ZONE_CREATED,2026-07-15 01:11:00.000,1784088660000,D002487,1784088660000,1784091660000,1.1466,1.14655,1,1,3,9792
2487,ZONE_CREATED,2026-07-15 01:16:00.000,1784088960000,D002488,1784088960000,1784091960000,1.1466,1.1465,2,1,6,9796
2488,ZONE_CREATED,2026-07-15 01:24:00.000,1784089440000,D002489,1784089440000,1784092440000,1.1467,1.14665,1,-1,1,9802
2489,ZONE_CREATED,2026-07-15 01:25:00.000,1784089500000,D002490,1784089500000,1784092500000,1.1467,1.14665,1,1,2,9803
2490,ZONE_CREATED,2026-07-15 01:26:00.000,1784089560000,D002491,1784089560000,1784092560000,1.14675,1.14665,2,-1,3,9804
2491,ZONE_CREATED,2026-07-15 01:29:00.000,1784089740000,D002492,1784089740000,1784092740000,1.1469,1.1468,2,-1,1,9807
2492,ZONE_CREATED,2026-07-15 01:30:00.000,1784089800000,D002493,1784089800000,1784092800000,1.1468,1.14675,1,-1,3,9808
2493,ZONE_CREATED,2026-07-15 01:31:00.000,1784089860000,D002494,1784089860000,1784092860000,1.1468,1.14675,1,-1,4,9809
2494,ZONE_CREATED,2026-07-15 01:36:00.000,1784090160000,D002495,1784090160000,1784093160000,1.1468,1.14675,1,-1,5,9814
2495,ZONE_CREATED,2026-07-15 01:39:00.000,1784090340000,D002496,1784090340000,1784093340000,1.14685,1.14675,2,-1,6,9817
2496,ZONE_CREATED,2026-07-15 01:40:00.000,1784090400000,D002497,1784090400000,1784093400000,1.1468,1.14675,1,-1,7,9818
2497,ZONE_CREATED,2026-07-15 01:42:00.000,1784090520000,D002498,1784090520000,1784093520000,1.1467,1.14665,1,-1,4,9820
2498,ZONE_CREATED,2026-07-15 01:43:00.000,1784090580000,D002499,1784090580000,1784093580000,1.14665,1.14655,2,-1,9,9821
2499,ZONE_CREATED,2026-07-15 01:48:00.000,1784090880000,D002500,1784090880000,1784093880000,1.1468,1.14675,1,-1,8,9826
2500,ZONE_CREATED,2026-07-15 01:53:00.000,1784091180000,D002501,1784091180000,1784094180000,1.1467,1.14665,1,-1,6,9830
2501,ZONE_CREATED,2026-07-15 02:01:00.000,1784091660000,D002502,1784091660000,1784094660000,1.1465,1.14645,1,-1,2,9837
2502,ZONE_CREATED,2026-07-15 02:03:00.000,1784091780000,D002503,1784091780000,1784094780000,1.1465,1.1464,2,1,3,9839
2503,ZONE_CREATED,2026-07-15 02:06:00.000,1784091960000,D002504,1784091960000,1784094960000,1.1464,1.14635,1,1,2,9842
2504,ZONE_CREATED,2026-07-15 02:08:00.000,1784092080000,D002505,1784092080000,1784095080000,1.1466,1.14655,1,-1,3,9844
2505,ZONE_CREATED,2026-07-15 02:25:00.000,1784093100000,D002506,1784093100000,1784096100000,1.1466,1.14655,1,-1,3,9859
2506,ZONE_CREATED,2026-07-15 02:32:00.000,1784093520000,D002507,1784093520000,1784096520000,1.1467,1.14665,1,1,4,9865
2507,ZONE_CREATED,2026-07-15 02:35:00.000,1784093700000,D002508,1784093700000,1784096700000,1.1468,1.1467,2,1,7,9867
2508,ZONE_CREATED,2026-07-15 02:39:00.000,1784093940000,D002509,1784093940000,1784096940000,1.1468,1.14675,1,1,3,9871
2509,ZONE_CREATED,2026-07-15 02:40:00.000,1784094000000,D002510,1784094000000,1784097000000,1.1468,1.14675,1,1,4,9872
2510,ZONE_CREATED,2026-07-15 02:41:00.000,1784094060000,D002511,1784094060000,1784097060000,1.1468,1.14675,1,1,5,9873
2511,ZONE_CREATED,2026-07-15 02:49:00.000,1784094540000,D002512,1784094540000,1784097540000,1.1471,1.14705,1,-1,1,9880
2512,ZONE_CREATED,2026-07-15 02:56:00.000,1784094960000,D002513,1784094960000,1784097960000,1.1471,1.14705,1,-1,2,9887
2513,ZONE_CREATED,2026-07-15 03:03:00.000,1784095380000,D002514,1784095380000,1784098380000,1.1471,1.14705,1,-1,3,9894
2514,ZONE_CREATED,2026-07-15 03:06:00.000,1784095560000,D002515,1784095560000,1784098560000,1.1469,1.14685,1,-1,1,9897
2515,ZONE_CREATED,2026-07-15 03:13:00.000,1784095980000,D002516,1784095980000,1784098980000,1.1469,1.14685,1,-1,2,9904
2516,ZONE_CREATED,2026-07-15 03:19:00.000,1784096340000,D002517,1784096340000,1784099340000,1.147,1.14695,1,1,1,9910
2517,ZONE_CREATED,2026-07-15 03:20:00.000,1784096400000,D002518,1784096400000,1784099400000,1.1472,1.14715,1,-1,1,9911
2518,ZONE_CREATED,2026-07-15 03:26:00.000,1784096760000,D002519,1784096760000,1784099760000,1.1472,1.1471,2,1,5,9917
2519,ZONE_CREATED,2026-07-15 03:29:00.000,1784096940000,D002520,1784096940000,1784099940000,1.1471,1.14705,1,-1,5,9920
2520,ZONE_CREATED,2026-07-15 03:33:00.000,1784097180000,D002521,1784097180000,1784100180000,1.1469,1.14685,1,-1,3,9924
2521,ZONE_CREATED,2026-07-15 03:50:00.000,1784098200000,D002522,1784098200000,1784101200000,1.1464,1.14635,1,1,1,9941
2522,ZONE_CREATED,2026-07-15 03:53:00.000,1784098380000,D002523,1784098380000,1784101380000,1.1462,1.14615,1,1,1,9944
2523,ZONE_CREATED,2026-07-15 03:54:00.000,1784098440000,D002524,1784098440000,1784101440000,1.1464,1.14635,1,1,2,9945
2524,ZONE_CREATED,2026-07-15 03:55:00.000,1784098500000,D002525,1784098500000,1784101500000,1.1463,1.14625,1,1,1,9946
2525,ZONE_CREATED,2026-07-15 04:00:00.000,1784098800000,D002526,1784098800000,1784101800000,1.14575,1.1457,1,1,1,9951
2526,ZONE_CREATED,2026-07-15 04:01:00.000,1784098860000,D002527,1784098860000,1784101860000,1.14595,1.1459,1,1,1,9952
2527,ZONE_CREATED,2026-07-15 04:06:00.000,1784099160000,D002528,1784099160000,1784102160000,1.1455,1.1454,2,1,1,9957
2528,ZONE_CREATED,2026-07-15 04:08:00.000,1784099280000,D002529,1784099280000,1784102280000,1.14575,1.1457,1,-1,2,9959
2529,ZONE_CREATED,2026-07-15 04:15:00.000,1784099700000,D002530,1784099700000,1784102700000,1.14585,1.1458,1,1,1,9966
2530,ZONE_CREATED,2026-07-15 04:16:00.000,1784099760000,D002531,1784099760000,1784102760000,1.14585,1.1458,1,1,2,9967
2531,ZONE_CREATED,2026-07-15 04:22:00.000,1784100120000,D002532,1784100120000,1784103120000,1.14525,1.1452,1,1,1,9973
2532,ZONE_CREATED,2026-07-15 04:24:00.000,1784100240000,D002533,1784100240000,1784103240000,1.1452,1.14515,1,-1,2,9975
2533,ZONE_CREATED,2026-07-15 04:30:00.000,1784100600000,D002534,1784100600000,1784103600000,1.1451,1.14505,1,-1,1,9981
2534,ZONE_CREATED,2026-07-15 04:34:00.000,1784100840000,D002535,1784100840000,1784103840000,1.14525,1.1452,1,1,3,9985
2535,ZONE_CREATED,2026-07-15 04:47:00.000,1784101620000,D002536,1784101620000,1784104620000,1.1451,1.14505,1,-1,2,9998
2536,ZONE_CREATED,2026-07-15 04:49:00.000,1784101740000,D002537,1784101740000,1784104740000,1.14525,1.1452,1,-1,4,10000
2537,ZONE_CREATED,2026-07-15 04:53:00.000,1784101980000,D002538,1784101980000,1784104980000,1.14525,1.1452,1,-1,5,10004
2538,ZONE_CREATED,2026-07-15 04:54:00.000,1784102040000,D002539,1784102040000,1784105040000,1.1452,1.14515,1,-1,6,10005
2539,ZONE_CREATED,2026-07-15 04:57:00.000,1784102220000,D002540,1784102220000,1784105220000,1.1452,1.14515,1,-1,7,10008
2540,ZONE_CREATED,2026-07-15 04:58:00.000,1784102280000,D002541,1784102280000,1784105280000,1.14525,1.1452,1,-1,8,10009
2541,ZONE_CREATED,2026-07-15 05:00:00.000,1784102400000,D002542,1784102400000,1784105400000,1.1452,1.14515,1,1,9,10011
2542,ZONE_CREATED,2026-07-15 05:18:00.000,1784103480000,D002543,1784103480000,1784106480000,1.1452,1.14515,1,1,8,10029
2543,ZONE_CREATED,2026-07-15 05:23:00.000,1784103780000,D002544,1784103780000,1784106780000,1.14525,1.1452,1,-1,9,10034
2544,ZONE_CREATED,2026-07-15 05:26:00.000,1784103960000,D002545,1784103960000,1784106960000,1.14535,1.1453,1,-1,1,10037
2545,ZONE_CREATED,2026-07-15 05:28:00.000,1784104080000,D002546,1784104080000,1784107080000,1.14525,1.1452,1,1,9,10039
2546,ZONE_CREATED,2026-07-15 05:29:00.000,1784104140000,D002547,1784104140000,1784107140000,1.14525,1.1452,1,1,10,10040
2547,ZONE_CREATED,2026-07-15 05:36:00.000,1784104560000,D002548,1784104560000,1784107560000,1.14545,1.14535,2,-1,2,10047
2548,ZONE_CREATED,2026-07-15 05:40:00.000,1784104800000,D002549,1784104800000,1784107800000,1.14535,1.1453,1,-1,3,10051
2549,ZONE_CREATED,2026-07-15 05:43:00.000,1784104980000,D002550,1784104980000,1784107980000,1.14535,1.1453,1,-1,4,10054
2550,ZONE_CREATED,2026-07-15 05:46:00.000,1784105160000,D002551,1784105160000,1784108160000,1.14535,1.1453,1,-1,5,10057
2551,ZONE_CREATED,2026-07-15 05:47:00.000,1784105220000,D002552,1784105220000,1784108220000,1.14535,1.1453,1,-1,6,10058
2552,ZONE_CREATED,2026-07-15 05:51:00.000,1784105460000,D002553,1784105460000,1784108460000,1.1451,1.14505,1,1,1,10062
2553,ZONE_CREATED,2026-07-15 05:55:00.000,1784105700000,D002554,1784105700000,1784108700000,1.1451,1.14505,1,-1,2,10066
2554,ZONE_CREATED,2026-07-15 05:59:00.000,1784105940000,D002555,1784105940000,1784108940000,1.14525,1.1452,1,-1,5,10070
2555,ZONE_CREATED,2026-07-15 06:00:00.000,1784106000000,D002556,1784106000000,1784109000000,1.1453,1.1452,2,1,11,10071
2556,ZONE_CREATED,2026-07-15 06:03:00.000,1784106180000,D002557,1784106180000,1784109180000,1.1451,1.14505,1,-1,3,10074
2557,ZONE_CREATED,2026-07-15 06:10:00.000,1784106600000,D002558,1784106600000,1784109600000,1.1452,1.14515,1,1,6,10081
2558,ZONE_CREATED,2026-07-15 06:12:00.000,1784106720000,D002559,1784106720000,1784109720000,1.14525,1.1452,1,1,7,10083
2559,ZONE_CREATED,2026-07-15 06:14:00.000,1784106840000,D002560,1784106840000,1784109840000,1.14535,1.1453,1,-1,8,10085
2560,ZONE_CREATED,2026-07-15 06:17:00.000,1784107020000,D002561,1784107020000,1784110020000,1.14525,1.1452,1,-1,7,10088
2561,ZONE_CREATED,2026-07-15 06:23:00.000,1784107380000,D002562,1784107380000,1784110380000,1.14525,1.1452,1,-1,6,10094
2562,ZONE_CREATED,2026-07-15 06:28:00.000,1784107680000,D002563,1784107680000,1784110680000,1.1452,1.14515,1,1,7,10099
2563,ZONE_CREATED,2026-07-15 06:31:00.000,1784107860000,D002564,1784107860000,1784110860000,1.1451,1.14505,1,-1,4,10102
2564,ZONE_CREATED,2026-07-15 06:39:00.000,1784108340000,D002565,1784108340000,1784111340000,1.1448,1.14475,1,-1,1,10110
2565,ZONE_CREATED,2026-07-15 06:41:00.000,1784108460000,D002566,1784108460000,1784111460000,1.1449,1.14485,1,1,1,10112
2566,ZONE_CREATED,2026-07-15 06:47:00.000,1784108820000,D002567,1784108820000,1784111820000,1.145,1.14495,1,-1,1,10118
2567,ZONE_CREATED,2026-07-15 06:54:00.000,1784109240000,D002568,1784109240000,1784112240000,1.1448,1.14475,1,-1,2,10125
2568,ZONE_CREATED,2026-07-15 06:56:00.000,1784109360000,D002569,1784109360000,1784112360000,1.1446,1.14455,1,-1,1,10127
2569,ZONE_CREATED,2026-07-15 06:57:00.000,1784109420000,D002570,1784109420000,1784112420000,1.1446,1.14455,1,-1,2,10128
2570,ZONE_CREATED,2026-07-15 07:11:00.000,1784110260000,D002571,1784110260000,1784113260000,1.1443,1.14425,1,-1,1,10142
2571,ZONE_CREATED,2026-07-15 07:14:00.000,1784110440000,D002572,1784110440000,1784113440000,1.1444,1.14435,1,1,1,10145
2572,ZONE_CREATED,2026-07-15 07:21:00.000,1784110860000,D002573,1784110860000,1784113860000,1.1446,1.14455,1,-1,3,10152
2573,ZONE_CREATED,2026-07-15 07:24:00.000,1784111040000,D002574,1784111040000,1784114040000,1.1442,1.14415,1,1,1,10155
2574,ZONE_CREATED,2026-07-15 07:25:00.000,1784111100000,D002575,1784111100000,1784114100000,1.14415,1.1441,1,1,2,10156
2575,ZONE_CREATED,2026-07-15 07:27:00.000,1784111220000,D002576,1784111220000,1784114220000,1.14415,1.1441,1,1,3,10158
2576,ZONE_CREATED,2026-07-15 07:29:00.000,1784111340000,D002577,1784111340000,1784114340000,1.14415,1.1441,1,-1,4,10160
2577,ZONE_CREATED,2026-07-15 07:30:00.000,1784111400000,D002578,1784111400000,1784114400000,1.1442,1.14415,1,1,5,10161
2578,ZONE_CREATED,2026-07-15 07:31:00.000,1784111460000,D002579,1784111460000,1784114460000,1.1443,1.14425,1,1,2,10162
2579,ZONE_CREATED,2026-07-15 07:35:00.000,1784111700000,D002580,1784111700000,1784114700000,1.14405,1.144,1,-1,1,10166
2580,ZONE_CREATED,2026-07-15 07:39:00.000,1784111940000,D002581,1784111940000,1784114940000,1.1443,1.14425,1,1,3,10170
2581,ZONE_CREATED,2026-07-15 07:40:00.000,1784112000000,D002582,1784112000000,1784115000000,1.1442,1.14415,1,-1,6,10171
2582,ZONE_CREATED,2026-07-15 07:47:00.000,1784112420000,D002583,1784112420000,1784115420000,1.1443,1.14425,1,-1,4,10178
2583,ZONE_CREATED,2026-07-15 07:49:00.000,1784112540000,D002584,1784112540000,1784115540000,1.1442,1.14415,1,-1,7,10180
2584,ZONE_CREATED,2026-07-15 07:50:00.000,1784112600000,D002585,1784112600000,1784115600000,1.14415,1.1441,1,-1,8,10181
2585,ZONE_CREATED,2026-07-15 07:52:00.000,1784112720000,D002586,1784112720000,1784115720000,1.14415,1.1441,1,-1,9,10183
2586,ZONE_CREATED,2026-07-15 07:53:00.000,1784112780000,D002587,1784112780000,1784115780000,1.1442,1.14415,1,1,10,10184
2587,ZONE_CREATED,2026-07-15 07:55:00.000,1784112900000,D002588,1784112900000,1784115900000,1.1442,1.14415,1,-1,11,10186
2588,ZONE_CREATED,2026-07-15 08:11:00.000,1784113860000,D002589,1784113860000,1784116860000,1.1447,1.14465,1,1,1,10202
2589,ZONE_CREATED,2026-07-15 08:19:00.000,1784114340000,D002590,1784114340000,1784117340000,1.1446,1.14455,1,-1,1,10210
2590,ZONE_CREATED,2026-07-15 08:33:00.000,1784115180000,D002591,1784115180000,1784118180000,1.1445,1.14445,1,1,1,10224
2591,ZONE_CREATED,2026-07-15 08:39:00.000,1784115540000,D002592,1784115540000,1784118540000,1.1447,1.14465,1,-1,2,10230
2592,ZONE_CREATED,2026-07-15 08:40:00.000,1784115600000,D002593,1784115600000,1784118600000,1.1446,1.14455,1,1,2,10231
2593,ZONE_CREATED,2026-07-15 08:47:00.000,1784116020000,D002594,1784116020000,1784119020000,1.1443,1.14425,1,-1,1,10238
2594,ZONE_CREATED,2026-07-15 08:51:00.000,1784116260000,D002595,1784116260000,1784119260000,1.1442,1.14415,1,-1,1,10242
2595,ZONE_CREATED,2026-07-15 09:00:00.000,1784116800000,D002596,1784116800000,1784119800000,1.14405,1.144,1,1,1,10251
2596,ZONE_CREATED,2026-07-15 09:01:00.000,1784116860000,D002597,1784116860000,1784119860000,1.1443,1.14425,1,-1,2,10252
2597,ZONE_CREATED,2026-07-15 09:06:00.000,1784117160000,D002598,1784117160000,1784120160000,1.14385,1.1438,1,1,1,10257
2598,ZONE_CREATED,2026-07-15 09:08:00.000,1784117280000,D002599,1784117280000,1784120280000,1.14375,1.1437,1,-1,1,10259
2599,ZONE_CREATED,2026-07-15 09:14:00.000,1784117640000,D002600,1784117640000,1784120640000,1.14375,1.1437,1,1,2,10265
2600,ZONE_CREATED,2026-07-15 09:21:00.000,1784118060000,D002601,1784118060000,1784121060000,1.14375,1.1437,1,1,3,10272
2601,ZONE_CREATED,2026-07-15 09:27:00.000,1784118420000,D002602,1784118420000,1784121420000,1.14415,1.1441,1,1,2,10278
2602,ZONE_CREATED,2026-07-15 09:35:00.000,1784118900000,D002603,1784118900000,1784121900000,1.145,1.14495,1,1,1,10286
2603,ZONE_CREATED,2026-07-15 09:38:00.000,1784119080000,D002604,1784119080000,1784122080000,1.1449,1.14485,1,-1,1,10289
2604,ZONE_CREATED,2026-07-15 09:45:00.000,1784119500000,D002605,1784119500000,1784122500000,1.14535,1.1453,1,-1,1,10296
2605,ZONE_CREATED,2026-07-15 09:46:00.000,1784119560000,D002606,1784119560000,1784122560000,1.14535,1.1453,1,-1,2,10297
2606,ZONE_CREATED,2026-07-15 09:47:00.000,1784119620000,D002607,1784119620000,1784122620000,1.14535,1.1453,1,1,3,10298
2607,ZONE_CREATED,2026-07-15 09:51:00.000,1784119860000,D002608,1784119860000,1784122860000,1.14535,1.1453,1,1,4,10302
2608,ZONE_CREATED,2026-07-15 09:52:00.000,1784119920000,D002609,1784119920000,1784122920000,1.14545,1.14535,2,1,5,10303
2609,ZONE_CREATED,2026-07-15 10:04:00.000,1784120640000,D002610,1784120640000,1784123640000,1.14595,1.1459,1,1,1,10315
2610,ZONE_CREATED,2026-07-15 10:06:00.000,1784120760000,D002611,1784120760000,1784123760000,1.14615,1.1461,1,1,1,10317
2611,ZONE_CREATED,2026-07-15 10:17:00.000,1784121420000,D002612,1784121420000,1784124420000,1.14575,1.1457,1,1,1,10328
2612,ZONE_CREATED,2026-07-15 10:23:00.000,1784121780000,D002613,1784121780000,1784124780000,1.14575,1.1457,1,-1,2,10334
2613,ZONE_CREATED,2026-07-15 10:28:00.000,1784122080000,D002614,1784122080000,1784125080000,1.14525,1.1452,1,1,1,10339
2614,ZONE_CREATED,2026-07-15 10:31:00.000,1784122260000,D002615,1784122260000,1784125260000,1.14535,1.1453,1,1,6,10342
2615,ZONE_CREATED,2026-07-15 10:33:00.000,1784122380000,D002616,1784122380000,1784125380000,1.14555,1.1455,1,1,1,10344
2616,ZONE_CREATED,2026-07-15 10:34:00.000,1784122440000,D002617,1784122440000,1784125440000,1.14545,1.1454,1,-1,2,10345
2617,ZONE_CREATED,2026-07-15 10:35:00.000,1784122500000,D002618,1784122500000,1784125500000,1.14555,1.1455,1,-1,2,10346
2618,ZONE_CREATED,2026-07-15 10:40:00.000,1784122800000,D002619,1784122800000,1784125800000,1.14555,1.1455,1,-1,3,10351
2619,ZONE_CREATED,2026-07-15 10:47:00.000,1784123220000,D002620,1784123220000,1784126220000,1.14565,1.1456,1,-1,1,10358
2620,ZONE_CREATED,2026-07-15 10:48:00.000,1784123280000,D002621,1784123280000,1784126280000,1.14565,1.1456,1,1,2,10359
2621,ZONE_CREATED,2026-07-15 10:49:00.000,1784123340000,D002622,1784123340000,1784126340000,1.14565,1.1456,1,1,3,10360
2622,ZONE_CREATED,2026-07-15 10:51:00.000,1784123460000,D002623,1784123460000,1784126460000,1.14575,1.1457,1,1,3,10362
2623,ZONE_CREATED,2026-07-15 10:56:00.000,1784123760000,D002624,1784123760000,1784126760000,1.14585,1.1458,1,1,1,10367
2624,ZONE_CREATED,2026-07-15 11:00:00.000,1784124000000,D002625,1784124000000,1784127000000,1.14585,1.1458,1,1,2,10371
2625,ZONE_CREATED,2026-07-15 11:06:00.000,1784124360000,D002626,1784124360000,1784127360000,1.14615,1.1461,1,-1,1,10377
2626,ZONE_CREATED,2026-07-15 11:07:00.000,1784124420000,D002627,1784124420000,1784127420000,1.1464,1.14635,1,-1,1,10378
2627,ZONE_CREATED,2026-07-15 11:15:00.000,1784124900000,D002628,1784124900000,1784127900000,1.14605,1.146,1,1,1,10386
2628,ZONE_CREATED,2026-07-15 11:16:00.000,1784124960000,D002629,1784124960000,1784127960000,1.1462,1.14615,1,-1,2,10387
2629,ZONE_CREATED,2026-07-15 11:20:00.000,1784125200000,D002630,1784125200000,1784128200000,1.1464,1.14635,1,1,2,10391
2630,ZONE_CREATED,2026-07-15 11:32:00.000,1784125920000,D002631,1784125920000,1784128920000,1.14615,1.1461,1,-1,3,10403
2631,ZONE_CREATED,2026-07-15 11:35:00.000,1784126100000,D002632,1784126100000,1784129100000,1.1465,1.14645,1,1,1,10406
2632,ZONE_CREATED,2026-07-15 11:37:00.000,1784126220000,D002633,1784126220000,1784129220000,1.1465,1.14645,1,-1,2,10408
2633,ZONE_CREATED,2026-07-15 11:47:00.000,1784126820000,D002634,1784126820000,1784129820000,1.1467,1.14665,1,1,1,10418
2634,ZONE_CREATED,2026-07-15 11:50:00.000,1784127000000,D002635,1784127000000,1784130000000,1.147,1.14695,1,-1,1,10421
2635,ZONE_CREATED,2026-07-15 12:02:00.000,1784127720000,D002636,1784127720000,1784130720000,1.1467,1.14665,1,1,2,10433
2636,ZONE_CREATED,2026-07-15 12:04:00.000,1784127840000,D002637,1784127840000,1784130840000,1.1469,1.14685,1,-1,1,10435
2637,ZONE_CREATED,2026-07-15 12:22:00.000,1784128920000,D002638,1784128920000,1784131920000,1.1466,1.14655,1,1,1,10453
2638,ZONE_CREATED,2026-07-15 12:27:00.000,1784129220000,D002639,1784129220000,1784132220000,1.1466,1.14655,1,1,2,10458
2639,ZONE_CREATED,2026-07-15 12:28:00.000,1784129280000,D002640,1784129280000,1784132280000,1.1468,1.14675,1,-1,1,10459
2640,ZONE_CREATED,2026-07-15 12:29:00.000,1784129340000,D002641,1784129340000,1784132340000,1.1467,1.14665,1,1,3,10460
2641,ZONE_CREATED,2026-07-15 12:52:00.000,1784130720000,D002642,1784130720000,1784133720000,1.14615,1.1461,1,1,1,10483
2642,ZONE_CREATED,2026-07-15 12:55:00.000,1784130900000,D002643,1784130900000,1784133900000,1.1463,1.14625,1,-1,1,10486
2643,ZONE_CREATED,2026-07-15 12:57:00.000,1784131020000,D002644,1784131020000,1784134020000,1.1464,1.14635,1,1,1,10488
2644,ZONE_CREATED,2026-07-15 13:10:00.000,1784131800000,D002645,1784131800000,1784134800000,1.14615,1.1461,1,-1,2,10501
2645,ZONE_CREATED,2026-07-15 13:15:00.000,1784132100000,D002646,1784132100000,1784135100000,1.1463,1.14625,1,-1,2,10506
2646,ZONE_CREATED,2026-07-15 13:21:00.000,1784132460000,D002647,1784132460000,1784135460000,1.1463,1.14625,1,1,3,10512
2647,ZONE_CREATED,2026-07-15 13:23:00.000,1784132580000,D002648,1784132580000,1784135580000,1.1465,1.14645,1,-1,1,10514
2648,ZONE_CREATED,2026-07-15 13:31:00.000,1784133060000,D002649,1784133060000,1784136060000,1.1467,1.14665,1,-1,1,10522
2649,ZONE_CREATED,2026-07-15 13:36:00.000,1784133360000,D002650,1784133360000,1784136360000,1.1465,1.14645,1,-1,2,10527
2650,ZONE_CREATED,2026-07-15 13:45:00.000,1784133900000,D002651,1784133900000,1784136900000,1.1464,1.14635,1,1,2,10536
2651,ZONE_CREATED,2026-07-15 13:48:00.000,1784134080000,D002652,1784134080000,1784137080000,1.1465,1.14645,1,-1,3,10539
2652,ZONE_CREATED,2026-07-15 13:52:00.000,1784134320000,D002653,1784134320000,1784137320000,1.1467,1.14665,1,1,2,10543
2653,ZONE_CREATED,2026-07-15 14:01:00.000,1784134860000,D002654,1784134860000,1784137860000,1.14745,1.14735,2,1,1,10552
2654,ZONE_CREATED,2026-07-15 14:08:00.000,1784135280000,D002655,1784135280000,1784138280000,1.14755,1.1475,1,-1,1,10559
2655,ZONE_CREATED,2026-07-15 14:16:00.000,1784135760000,D002656,1784135760000,1784138760000,1.14785,1.1478,1,1,1,10567
2656,ZONE_CREATED,2026-07-15 14:19:00.000,1784135940000,D002657,1784135940000,1784138940000,1.14795,1.1479,1,-1,1,10570
2657,ZONE_CREATED,2026-07-15 14:27:00.000,1784136420000,D002658,1784136420000,1784139420000,1.1483,1.14825,1,-1,1,10578
2658,ZONE_CREATED,2026-07-15 14:29:00.000,1784136540000,D002659,1784136540000,1784139540000,1.1483,1.14825,1,1,2,10580
2659,ZONE_CREATED,2026-07-15 14:42:00.000,1784137320000,D002660,1784137320000,1784140320000,1.14975,1.1497,1,1,1,10593
2660,ZONE_CREATED,2026-07-15 14:43:00.000,1784137380000,D002661,1784137380000,1784140380000,1.14985,1.1498,1,1,1,10594
2661,ZONE_CREATED,2026-07-15 14:50:00.000,1784137800000,D002662,1784137800000,1784140800000,1.1503,1.15025,1,1,1,10601
2662,ZONE_CREATED,2026-07-15 14:54:00.000,1784138040000,D002663,1784138040000,1784141040000,1.15005,1.15,1,-1,1,10605
2663,ZONE_CREATED,2026-07-15 14:57:00.000,1784138220000,D002664,1784138220000,1784141220000,1.1503,1.15025,1,-1,2,10608
2664,ZONE_CREATED,2026-07-15 14:59:00.000,1784138340000,D002665,1784138340000,1784141340000,1.1503,1.15025,1,-1,3,10610
2665,ZONE_CREATED,2026-07-15 15:03:00.000,1784138580000,D002666,1784138580000,1784141580000,1.1504,1.15035,1,-1,1,10614
2666,ZONE_CREATED,2026-07-15 15:07:00.000,1784138820000,D002667,1784138820000,1784141820000,1.1505,1.15045,1,1,1,10618
2667,ZONE_CREATED,2026-07-15 15:10:00.000,1784139000000,D002668,1784139000000,1784142000000,1.15025,1.1502,1,-1,4,10621
2668,ZONE_CREATED,2026-07-15 15:11:00.000,1784139060000,D002669,1784139060000,1784142060000,1.15025,1.1502,1,-1,5,10622
2669,ZONE_CREATED,2026-07-15 15:13:00.000,1784139180000,D002670,1784139180000,1784142180000,1.15025,1.1502,1,-1,6,10624
2670,ZONE_CREATED,2026-07-15 15:14:00.000,1784139240000,D002671,1784139240000,1784142240000,1.15015,1.1501,1,-1,1,10625
2671,ZONE_CREATED,2026-07-15 15:19:00.000,1784139540000,D002672,1784139540000,1784142540000,1.1504,1.15035,1,-1,2,10630
2672,ZONE_CREATED,2026-07-15 15:22:00.000,1784139720000,D002673,1784139720000,1784142720000,1.1506,1.15055,1,-1,1,10633
2673,ZONE_CREATED,2026-07-15 15:23:00.000,1784139780000,D002674,1784139780000,1784142780000,1.1506,1.15055,1,-1,2,10634
2674,ZONE_CREATED,2026-07-15 15:25:00.000,1784139900000,D002675,1784139900000,1784142900000,1.1505,1.15045,1,1,2,10636
2675,ZONE_CREATED,2026-07-15 15:28:00.000,1784140080000,D002676,1784140080000,1784143080000,1.1506,1.15055,1,1,3,10639
2676,ZONE_CREATED,2026-07-15 15:35:00.000,1784140500000,D002677,1784140500000,1784143500000,1.1509,1.15085,1,-1,1,10646
2677,ZONE_CREATED,2026-07-15 15:40:00.000,1784140800000,D002678,1784140800000,1784143800000,1.1508,1.15075,1,-1,1,10651
2678,ZONE_CREATED,2026-07-15 15:57:00.000,1784141820000,D002679,1784141820000,1784144820000,1.14975,1.1497,1,-1,1,10668
2679,ZONE_CREATED,2026-07-15 16:00:00.000,1784142000000,D002680,1784142000000,1784145000000,1.14955,1.1495,1,-1,1,10671
2680,ZONE_CREATED,2026-07-15 16:02:00.000,1784142120000,D002681,1784142120000,1784145120000,1.14965,1.1496,1,1,1,10673
2681,ZONE_CREATED,2026-07-15 16:15:00.000,1784142900000,D002682,1784142900000,1784145900000,1.15025,1.1502,1,1,1,10686
2682,ZONE_CREATED,2026-07-15 16:24:00.000,1784143440000,D002683,1784143440000,1784146440000,1.15015,1.1501,1,-1,1,10695
2683,ZONE_CREATED,2026-07-15 16:33:00.000,1784143980000,D002684,1784143980000,1784146980000,1.14965,1.1496,1,1,2,10704
2684,ZONE_CREATED,2026-07-15 16:39:00.000,1784144340000,D002685,1784144340000,1784147340000,1.1492,1.14915,1,-1,1,10710
2685,ZONE_CREATED,2026-07-15 16:41:00.000,1784144460000,D002686,1784144460000,1784147460000,1.14925,1.1492,1,1,2,10712
2686,ZONE_CREATED,2026-07-15 16:42:00.000,1784144520000,D002687,1784144520000,1784147520000,1.1492,1.14915,1,-1,3,10713
2687,ZONE_CREATED,2026-07-15 16:45:00.000,1784144700000,D002688,1784144700000,1784147700000,1.1492,1.14915,1,1,4,10716
2688,ZONE_CREATED,2026-07-15 16:48:00.000,1784144880000,D002689,1784144880000,1784147880000,1.1491,1.14905,1,1,1,10719
2689,ZONE_CREATED,2026-07-15 17:00:00.000,1784145600000,D002690,1784145600000,1784148600000,1.14925,1.1492,1,-1,5,10731
2690,ZONE_CREATED,2026-07-15 17:01:00.000,1784145660000,D002691,1784145660000,1784148660000,1.1492,1.14915,1,-1,6,10732
2691,ZONE_CREATED,2026-07-15 17:02:00.000,1784145720000,D002692,1784145720000,1784148720000,1.14925,1.1492,1,1,7,10733
2692,ZONE_CREATED,2026-07-15 17:03:00.000,1784145780000,D002693,1784145780000,1784148780000,1.1492,1.14915,1,1,8,10734
2693,ZONE_CREATED,2026-07-15 17:04:00.000,1784145840000,D002694,1784145840000,1784148840000,1.1492,1.14915,1,1,9,10735
2694,ZONE_CREATED,2026-07-15 17:05:00.000,1784145900000,D002695,1784145900000,1784148900000,1.1492,1.14915,1,-1,10,10736
2695,ZONE_CREATED,2026-07-15 17:06:00.000,1784145960000,D002696,1784145960000,1784148960000,1.14925,1.1492,1,1,11,10737
2696,ZONE_CREATED,2026-07-15 17:08:00.000,1784146080000,D002697,1784146080000,1784149080000,1.1491,1.14905,1,1,2,10739
2697,ZONE_CREATED,2026-07-15 17:09:00.000,1784146140000,D002698,1784146140000,1784149140000,1.149,1.14895,1,-1,1,10740
2698,ZONE_CREATED,2026-07-15 17:12:00.000,1784146320000,D002699,1784146320000,1784149320000,1.149,1.14895,1,1,2,10743
2699,ZONE_CREATED,2026-07-15 17:14:00.000,1784146440000,D002700,1784146440000,1784149440000,1.149,1.14895,1,-1,3,10745
2700,ZONE_CREATED,2026-07-15 17:16:00.000,1784146560000,D002701,1784146560000,1784149560000,1.149,1.14895,1,-1,4,10747
2701,ZONE_CREATED,2026-07-15 17:26:00.000,1784147160000,D002702,1784147160000,1784150160000,1.1492,1.14915,1,1,12,10757
2702,ZONE_CREATED,2026-07-15 17:30:00.000,1784147400000,D002703,1784147400000,1784150400000,1.1492,1.14915,1,1,13,10760
2703,ZONE_CREATED,2026-07-15 17:31:00.000,1784147460000,D002704,1784147460000,1784150460000,1.1491,1.14905,1,-1,3,10761
2704,ZONE_CREATED,2026-07-15 17:33:00.000,1784147580000,D002705,1784147580000,1784150580000,1.149,1.14895,1,1,5,10763
2705,ZONE_CREATED,2026-07-15 17:34:00.000,1784147640000,D002706,1784147640000,1784150640000,1.1491,1.14905,1,1,4,10764
2706,ZONE_CREATED,2026-07-15 17:36:00.000,1784147760000,D002707,1784147760000,1784150760000,1.1491,1.149,2,1,10,10766
2707,ZONE_CREATED,2026-07-15 17:38:00.000,1784147880000,D002708,1784147880000,1784150880000,1.1491,1.14905,1,-1,6,10768
2708,ZONE_CREATED,2026-07-15 17:44:00.000,1784148240000,D002709,1784148240000,1784151240000,1.1491,1.14905,1,1,6,10774
2709,ZONE_CREATED,2026-07-15 17:45:00.000,1784148300000,D002710,1784148300000,1784151300000,1.14915,1.14905,2,1,13,10775
2710,ZONE_CREATED,2026-07-15 17:51:00.000,1784148660000,D002711,1784148660000,1784151660000,1.1492,1.14915,1,1,11,10781
2711,ZONE_CREATED,2026-07-15 17:52:00.000,1784148720000,D002712,1784148720000,1784151720000,1.1492,1.14915,1,1,11,10782
2712,ZONE_CREATED,2026-07-15 17:59:00.000,1784149140000,D002713,1784149140000,1784152140000,1.1492,1.14915,1,-1,7,10787
2713,ZONE_CREATED,2026-07-15 18:00:00.000,1784149200000,D002714,1784149200000,1784152200000,1.14925,1.1492,1,1,6,10788
2714,ZONE_CREATED,2026-07-15 19:05:00.000,1784153100000,D002715,1784153100000,1784156100000,1.14935,1.1493,1,-1,1,10793
2715,ZONE_CREATED,2026-07-15 19:16:00.000,1784153760000,D002716,1784153760000,1784156760000,1.14935,1.1493,1,-1,2,10801
2716,ZONE_CREATED,2026-07-15 19:19:00.000,1784153940000,D002717,1784153940000,1784156940000,1.14935,1.1493,1,1,3,10804
2717,ZONE_CREATED,2026-07-15 19:24:00.000,1784154240000,D002718,1784154240000,1784157240000,1.14935,1.14925,2,1,5,10808
2718,ZONE_CREATED,2026-07-15 19:30:00.000,1784154600000,D002719,1784154600000,1784157600000,1.14945,1.1494,1,1,1,10811
2719,ZONE_CREATED,2026-07-15 19:32:00.000,1784154720000,D002720,1784154720000,1784157720000,1.14945,1.1494,1,-1,2,10813
2720,ZONE_CREATED,2026-07-15 20:00:00.000,1784156400000,D002721,1784156400000,1784159400000,1.14945,1.1494,1,1,3,10832
2721,ZONE_CREATED,2026-07-15 20:01:00.000,1784156460000,D002722,1784156460000,1784159460000,1.14945,1.1494,1,1,4,10833
2722,ZONE_CREATED,2026-07-15 20:04:00.000,1784156640000,D002723,1784156640000,1784159640000,1.14945,1.1494,1,-1,5,10835
2723,ZONE_CREATED,2026-07-15 20:16:00.000,1784157360000,D002724,1784157360000,1784160360000,1.1496,1.1495,2,1,1,10847
2724,ZONE_CREATED,2026-07-15 20:19:00.000,1784157540000,D002725,1784157540000,1784160540000,1.14965,1.1496,1,1,2,10850
2725,ZONE_CREATED,2026-07-15 20:20:00.000,1784157600000,D002726,1784157600000,1784160600000,1.14965,1.1496,1,-1,3,10851
2726,ZONE_CREATED,2026-07-15 20:25:00.000,1784157900000,D002727,1784157900000,1784160900000,1.14955,1.1495,1,1,2,10854
2727,ZONE_CREATED,2026-07-15 20:30:00.000,1784158200000,D002728,1784158200000,1784161200000,1.14965,1.1496,1,-1,4,10858
2728,ZONE_CREATED,2026-07-15 20:36:00.000,1784158560000,D002729,1784158560000,1784161560000,1.14965,1.1496,1,1,5,10862
2729,ZONE_CREATED,2026-07-15 20:39:00.000,1784158740000,D002730,1784158740000,1784161740000,1.14965,1.1496,1,1,6,10864
2730,ZONE_CREATED,2026-07-15 20:45:00.000,1784159100000,D002731,1784159100000,1784162100000,1.14975,1.1497,1,-1,1,10870
2731,ZONE_CREATED,2026-07-15 21:01:00.000,1784160060000,D002732,1784160060000,1784163060000,1.14975,1.1497,1,1,2,10883
2732,ZONE_CREATED,2026-07-15 21:06:00.000,1784160360000,D002733,1784160360000,1784163360000,1.14975,1.1497,1,1,3,10888
2733,ZONE_CREATED,2026-07-15 21:10:00.000,1784160600000,D002734,1784160600000,1784163600000,1.14985,1.1498,1,-1,1,10891
2734,ZONE_CREATED,2026-07-15 21:11:00.000,1784160660000,D002735,1784160660000,1784163660000,1.14985,1.1498,1,1,2,10892
2735,ZONE_CREATED,2026-07-15 21:12:00.000,1784160720000,D002736,1784160720000,1784163720000,1.14995,1.1499,1,1,1,10893
2736,ZONE_CREATED,2026-07-15 21:22:00.000,1784161320000,D002737,1784161320000,1784164320000,1.14975,1.1497,1,-1,4,10903
2737,ZONE_CREATED,2026-07-15 21:28:00.000,1784161680000,D002738,1784161680000,1784164680000,1.14995,1.1499,1,1,2,10909
2738,ZONE_CREATED,2026-07-15 21:34:00.000,1784162040000,D002739,1784162040000,1784165040000,1.14965,1.1496,1,-1,1,10915
2739,ZONE_CREATED,2026-07-15 21:44:00.000,1784162640000,D002740,1784162640000,1784165640000,1.14975,1.1497,1,1,4,10925
2740,ZONE_CREATED,2026-07-15 22:01:00.000,1784163660000,D002741,1784163660000,1784166660000,1.15005,1.15,1,-1,1,10942
2741,ZONE_CREATED,2026-07-15 22:06:00.000,1784163960000,D002742,1784163960000,1784166960000,1.14995,1.1499,1,1,2,10947
2742,ZONE_CREATED,2026-07-15 22:08:00.000,1784164080000,D002743,1784164080000,1784167080000,1.14995,1.1499,1,-1,3,10949
2743,ZONE_CREATED,2026-07-15 22:12:00.000,1784164320000,D002744,1784164320000,1784167320000,1.14985,1.1498,1,1,1,10953
2744,ZONE_CREATED,2026-07-15 22:16:00.000,1784164560000,D002745,1784164560000,1784167560000,1.14995,1.1499,1,-1,4,10957
2745,ZONE_CREATED,2026-07-15 22:19:00.000,1784164740000,D002746,1784164740000,1784167740000,1.14965,1.1496,1,1,2,10960
2746,ZONE_CREATED,2026-07-15 22:20:00.000,1784164800000,D002747,1784164800000,1784167800000,1.14965,1.1496,1,1,3,10961
2747,ZONE_CREATED,2026-07-15 22:21:00.000,1784164860000,D002748,1784164860000,1784167860000,1.14965,1.1496,1,1,4,10962
2748,ZONE_CREATED,2026-07-15 22:28:00.000,1784165280000,D002749,1784165280000,1784168280000,1.14985,1.1498,1,-1,2,10969
2749,ZONE_CREATED,2026-07-15 22:37:00.000,1784165820000,D002750,1784165820000,1784168820000,1.14935,1.1493,1,-1,1,10978
2750,ZONE_CREATED,2026-07-15 22:39:00.000,1784165940000,D002751,1784165940000,1784168940000,1.14935,1.1493,1,1,2,10980
2751,ZONE_CREATED,2026-07-15 22:43:00.000,1784166180000,D002752,1784166180000,1784169180000,1.14935,1.1493,1,1,3,10984
2752,ZONE_CREATED,2026-07-15 22:46:00.000,1784166360000,D002753,1784166360000,1784169360000,1.14935,1.1493,1,-1,4,10987
2753,ZONE_CREATED,2026-07-15 22:59:00.000,1784167140000,D002754,1784167140000,1784170140000,1.14925,1.1492,1,1,1,11000
2754,ZONE_CREATED,2026-07-15 23:02:00.000,1784167320000,D002755,1784167320000,1784170320000,1.1492,1.14915,1,1,2,11003
2755,ZONE_CREATED,2026-07-15 23:03:00.000,1784167380000,D002756,1784167380000,1784170380000,1.1492,1.14915,1,1,3,11004
2756,ZONE_CREATED,2026-07-15 23:07:00.000,1784167620000,D002757,1784167620000,1784170620000,1.1492,1.1491,2,1,4,11008
2757,ZONE_CREATED,2026-07-15 23:08:00.000,1784167680000,D002758,1784167680000,1784170680000,1.1491,1.14905,1,1,2,11009
2758,ZONE_CREATED,2026-07-15 23:11:00.000,1784167860000,D002759,1784167860000,1784170860000,1.1492,1.14915,1,1,5,11012
2759,ZONE_CREATED,2026-07-15 23:16:00.000,1784168160000,D002760,1784168160000,1784171160000,1.1488,1.14875,1,-1,1,11017
2760,ZONE_CREATED,2026-07-15 23:17:00.000,1784168220000,D002761,1784168220000,1784171220000,1.1488,1.14875,1,1,2,11018
2761,ZONE_CREATED,2026-07-15 23:19:00.000,1784168340000,D002762,1784168340000,1784171340000,1.1489,1.14885,1,1,1,11020
2762,ZONE_CREATED,2026-07-15 23:27:00.000,1784168820000,D002763,1784168820000,1784171820000,1.149,1.14895,1,-1,1,11028
2763,ZONE_CREATED,2026-07-15 23:29:00.000,1784168940000,D002764,1784168940000,1784171940000,1.149,1.14895,1,1,2,11030
2764,ZONE_CREATED,2026-07-15 23:31:00.000,1784169060000,D002765,1784169060000,1784172060000,1.14915,1.14905,2,-1,6,11032
2765,ZONE_CREATED,2026-07-15 23:32:00.000,1784169120000,D002766,1784169120000,1784172120000,1.1491,1.14905,1,1,4,11033
2766,ZONE_CREATED,2026-07-15 23:41:00.000,1784169660000,D002767,1784169660000,1784172660000,1.149,1.14895,1,-1,3,11042
2767,ZONE_CREATED,2026-07-15 23:48:00.000,1784170080000,D002768,1784170080000,1784173080000,1.149,1.14895,1,1,4,11047
2768,ZONE_CREATED,2026-07-15 23:49:00.000,1784170140000,D002769,1784170140000,1784173140000,1.149,1.14895,1,-1,5,11048
2769,ZONE_CREATED,2026-07-15 23:56:00.000,1784170560000,D002770,1784170560000,1784173560000,1.14915,1.14905,2,1,7,11054
2770,ZONE_CREATED,2026-07-15 23:58:00.000,1784170680000,D002771,1784170680000,1784173680000,1.1491,1.14905,1,-1,6,11056
2771,ZONE_CREATED,2026-07-15 23:59:00.000,1784170740000,D002772,1784170740000,1784173740000,1.1492,1.14915,1,1,5,11057
2772,ZONE_CREATED,2026-07-16 00:02:00.000,1784170920000,D002773,1784170920000,1784173920000,1.1491,1.14905,1,1,5,11060
2773,ZONE_CREATED,2026-07-16 00:13:00.000,1784171580000,D002774,1784171580000,1784174580000,1.14925,1.1492,1,-1,2,11070
2774,ZONE_CREATED,2026-07-16 00:16:00.000,1784171760000,D002775,1784171760000,1784174760000,1.14935,1.1493,1,1,1,11072
2775,ZONE_CREATED,2026-07-16 00:17:00.000,1784171820000,D002776,1784171820000,1784174820000,1.14935,1.1493,1,-1,2,11073
2776,ZONE_CREATED,2026-07-16 00:26:00.000,1784172360000,D002777,1784172360000,1784175360000,1.14955,1.1495,1,-1,1,11080
2777,ZONE_CREATED,2026-07-16 00:27:00.000,1784172420000,D002778,1784172420000,1784175420000,1.14955,1.1495,1,-1,2,11081
2778,ZONE_CREATED,2026-07-16 00:34:00.000,1784172840000,D002779,1784172840000,1784175840000,1.14955,1.1495,1,1,3,11088
2779,ZONE_CREATED,2026-07-16 00:42:00.000,1784173320000,D002780,1784173320000,1784176320000,1.14945,1.1494,1,-1,1,11095
2780,ZONE_CREATED,2026-07-16 00:43:00.000,1784173380000,D002781,1784173380000,1784176380000,1.14945,1.1494,1,1,2,11096
2781,ZONE_CREATED,2026-07-16 00:45:00.000,1784173500000,D002782,1784173500000,1784176500000,1.14945,1.14935,2,-1,5,11098
2782,ZONE_CREATED,2026-07-16 00:47:00.000,1784173620000,D002783,1784173620000,1784176620000,1.14945,1.1494,1,1,4,11100
2783,ZONE_CREATED,2026-07-16 00:49:00.000,1784173740000,D002784,1784173740000,1784176740000,1.14945,1.1494,1,-1,5,11101
2784,ZONE_CREATED,2026-07-16 00:55:00.000,1784174100000,D002785,1784174100000,1784177100000,1.14935,1.1493,1,1,4,11107
2785,ZONE_CREATED,2026-07-16 00:57:00.000,1784174220000,D002786,1784174220000,1784177220000,1.14935,1.1493,1,1,5,11109
2786,ZONE_CREATED,2026-07-16 00:58:00.000,1784174280000,D002787,1784174280000,1784177280000,1.14935,1.1493,1,-1,6,11110
2787,ZONE_CREATED,2026-07-16 01:03:00.000,1784174580000,D002788,1784174580000,1784177580000,1.14935,1.1493,1,-1,7,11115
2788,ZONE_CREATED,2026-07-16 01:06:00.000,1784174760000,D002789,1784174760000,1784177760000,1.14925,1.1492,1,-1,2,11118
2789,ZONE_CREATED,2026-07-16 01:09:00.000,1784174940000,D002790,1784174940000,1784177940000,1.1492,1.14915,1,-1,2,11121
2790,ZONE_CREATED,2026-07-16 01:11:00.000,1784175060000,D002791,1784175060000,1784178060000,1.1492,1.14915,1,1,3,11123
2791,ZONE_CREATED,2026-07-16 01:14:00.000,1784175240000,D002792,1784175240000,1784178240000,1.14925,1.1492,1,1,4,11125
2792,ZONE_CREATED,2026-07-16 01:15:00.000,1784175300000,D002793,1784175300000,1784178300000,1.14925,1.1492,1,-1,5,11126
2793,ZONE_CREATED,2026-07-16 01:16:00.000,1784175360000,D002794,1784175360000,1784178360000,1.1492,1.14915,1,-1,6,11127
2794,ZONE_CREATED,2026-07-16 01:34:00.000,1784176440000,D002795,1784176440000,1784179440000,1.1491,1.149,2,1,1,11142
2795,ZONE_CREATED,2026-07-16 01:41:00.000,1784176860000,D002796,1784176860000,1784179860000,1.14935,1.1493,1,-1,5,11149
2796,ZONE_CREATED,2026-07-16 01:42:00.000,1784176920000,D002797,1784176920000,1784179920000,1.14935,1.1493,1,1,6,11150
2797,ZONE_CREATED,2026-07-16 01:44:00.000,1784177040000,D002798,1784177040000,1784180040000,1.14935,1.1493,1,-1,7,11152
2798,ZONE_CREATED,2026-07-16 01:49:00.000,1784177340000,D002799,1784177340000,1784180340000,1.14935,1.1493,1,1,8,11157
2799,ZONE_CREATED,2026-07-16 01:58:00.000,1784177880000,D002800,1784177880000,1784180880000,1.14935,1.1493,1,1,6,11163
2800,ZONE_CREATED,2026-07-16 01:59:00.000,1784177940000,D002801,1784177940000,1784180940000,1.14935,1.1493,1,-1,7,11164
2801,ZONE_CREATED,2026-07-16 02:01:00.000,1784178060000,D002802,1784178060000,1784181060000,1.14935,1.1493,1,-1,8,11165
2802,ZONE_CREATED,2026-07-16 02:03:00.000,1784178180000,D002803,1784178180000,1784181180000,1.14935,1.1493,1,1,8,11166
2803,ZONE_CREATED,2026-07-16 02:09:00.000,1784178540000,D002804,1784178540000,1784181540000,1.14935,1.1493,1,1,9,11172
2804,ZONE_CREATED,2026-07-16 02:15:00.000,1784178900000,D002805,1784178900000,1784181900000,1.14945,1.1494,1,1,1,11177
2805,ZONE_CREATED,2026-07-16 02:17:00.000,1784179020000,D002806,1784179020000,1784182020000,1.14955,1.1495,1,-1,1,11179
2806,ZONE_CREATED,2026-07-16 02:19:00.000,1784179140000,D002807,1784179140000,1784182140000,1.14945,1.1494,1,-1,2,11181
2807,ZONE_CREATED,2026-07-16 02:21:00.000,1784179260000,D002808,1784179260000,1784182260000,1.14945,1.1494,1,1,3,11182
2808,ZONE_CREATED,2026-07-16 02:23:00.000,1784179380000,D002809,1784179380000,1784182380000,1.14945,1.1494,1,-1,4,11184
2809,ZONE_CREATED,2026-07-16 02:26:00.000,1784179560000,D002810,1784179560000,1784182560000,1.14945,1.1494,1,1,5,11186
2810,ZONE_CREATED,2026-07-16 02:28:00.000,1784179680000,D002811,1784179680000,1784182680000,1.14945,1.1494,1,-1,6,11187
2811,ZONE_CREATED,2026-07-16 02:32:00.000,1784179920000,D002812,1784179920000,1784182920000,1.14945,1.1494,1,-1,7,11191
2812,ZONE_CREATED,2026-07-16 02:36:00.000,1784180160000,D002813,1784180160000,1784183160000,1.14945,1.1494,1,-1,8,11195
2813,ZONE_CREATED,2026-07-16 02:39:00.000,1784180340000,D002814,1784180340000,1784183340000,1.14945,1.1494,1,1,9,11198
2814,ZONE_CREATED,2026-07-16 02:42:00.000,1784180520000,D002815,1784180520000,1784183520000,1.14945,1.1494,1,1,10,11201
2815,ZONE_CREATED,2026-07-16 02:43:00.000,1784180580000,D002816,1784180580000,1784183580000,1.14945,1.1494,1,-1,11,11202
2816,ZONE_CREATED,2026-07-16 02:46:00.000,1784180760000,D002817,1784180760000,1784183760000,1.14935,1.14925,2,1,7,11205
2817,ZONE_CREATED,2026-07-16 02:56:00.000,1784181360000,D002818,1784181360000,1784184360000,1.14925,1.1492,1,1,2,11214
2818,ZONE_CREATED,2026-07-16 02:59:00.000,1784181540000,D002819,1784181540000,1784184540000,1.149,1.14895,1,1,1,11217
2819,ZONE_CREATED,2026-07-16 03:00:00.000,1784181600000,D002820,1784181600000,1784184600000,1.1491,1.14905,1,1,1,11218
2820,ZONE_CREATED,2026-07-16 03:04:00.000,1784181840000,D002821,1784181840000,1784184840000,1.14925,1.1492,1,1,3,11222
2821,ZONE_CREATED,2026-07-16 03:07:00.000,1784182020000,D002822,1784182020000,1784185020000,1.14925,1.1492,1,1,4,11225
2822,ZONE_CREATED,2026-07-16 03:11:00.000,1784182260000,D002823,1784182260000,1784185260000,1.14955,1.1495,1,1,2,11229
2823,ZONE_CREATED,2026-07-16 03:13:00.000,1784182380000,D002824,1784182380000,1784185380000,1.14945,1.1494,1,1,11,11231
2824,ZONE_CREATED,2026-07-16 03:16:00.000,1784182560000,D002825,1784182560000,1784185560000,1.14955,1.1495,1,-1,2,11234
2825,ZONE_CREATED,2026-07-16 03:21:00.000,1784182860000,D002826,1784182860000,1784185860000,1.14945,1.1494,1,1,7,11239
2826,ZONE_CREATED,2026-07-16 03:22:00.000,1784182920000,D002827,1784182920000,1784185920000,1.14955,1.1495,1,1,3,11240
2827,ZONE_CREATED,2026-07-16 03:30:00.000,1784183400000,D002828,1784183400000,1784186400000,1.14955,1.1495,1,-1,4,11248
2828,ZONE_CREATED,2026-07-16 03:33:00.000,1784183580000,D002829,1784183580000,1784186580000,1.14945,1.1494,1,-1,5,11251
2829,ZONE_CREATED,2026-07-16 03:34:00.000,1784183640000,D002830,1784183640000,1784186640000,1.14945,1.1494,1,1,5,11252
2830,ZONE_CREATED,2026-07-16 03:41:00.000,1784184060000,D002831,1784184060000,1784187060000,1.14935,1.1493,1,-1,1,11259
2831,ZONE_CREATED,2026-07-16 03:48:00.000,1784184480000,D002832,1784184480000,1784187480000,1.14945,1.1494,1,-1,5,11266
2832,ZONE_CREATED,2026-07-16 03:51:00.000,1784184660000,D002833,1784184660000,1784187660000,1.14955,1.1495,1,1,5,11269
2833,ZONE_CREATED,2026-07-16 04:08:00.000,1784185680000,D002834,1784185680000,1784188680000,1.14955,1.1495,1,-1,4,11286
2834,ZONE_CREATED,2026-07-16 04:10:00.000,1784185800000,D002835,1784185800000,1784188800000,1.14955,1.1495,1,-1,5,11288
2835,ZONE_CREATED,2026-07-16 04:12:00.000,1784185920000,D002836,1784185920000,1784188920000,1.14955,1.1495,1,-1,6,11290
2836,ZONE_CREATED,2026-07-16 04:13:00.000,1784185980000,D002837,1784185980000,1784188980000,1.14955,1.1495,1,-1,6,11291
2837,ZONE_CREATED,2026-07-16 04:14:00.000,1784186040000,D002838,1784186040000,1784189040000,1.14965,1.1496,1,1,1,11292
2838,ZONE_CREATED,2026-07-16 04:20:00.000,1784186400000,D002839,1784186400000,1784189400000,1.14985,1.1498,1,-1,1,11298
2839,ZONE_CREATED,2026-07-16 04:27:00.000,1784186820000,D002840,1784186820000,1784189820000,1.14975,1.1497,1,1,1,11305
2840,ZONE_CREATED,2026-07-16 04:30:00.000,1784187000000,D002841,1784187000000,1784190000000,1.14965,1.1496,1,-1,2,11308
2841,ZONE_CREATED,2026-07-16 04:35:00.000,1784187300000,D002842,1784187300000,1784190300000,1.14965,1.1496,1,1,3,11313
2842,ZONE_CREATED,2026-07-16 04:41:00.000,1784187660000,D002843,1784187660000,1784190660000,1.14975,1.1497,1,-1,2,11319
2843,ZONE_CREATED,2026-07-16 04:50:00.000,1784188200000,D002844,1784188200000,1784191200000,1.1503,1.15025,1,-1,1,11328
2844,ZONE_CREATED,2026-07-16 04:53:00.000,1784188380000,D002845,1784188380000,1784191380000,1.14985,1.1498,1,-1,2,11331
2845,ZONE_CREATED,2026-07-16 04:55:00.000,1784188500000,D002846,1784188500000,1784191500000,1.14995,1.1499,1,1,1,11333
2846,ZONE_CREATED,2026-07-16 05:02:00.000,1784188920000,D002847,1784188920000,1784191920000,1.14985,1.1498,1,1,3,11340
2847,ZONE_CREATED,2026-07-16 05:04:00.000,1784189040000,D002848,1784189040000,1784192040000,1.14955,1.1495,1,-1,1,11342
2848,ZONE_CREATED,2026-07-16 05:06:00.000,1784189160000,D002849,1784189160000,1784192160000,1.14935,1.1493,1,1,1,11344
2849,ZONE_CREATED,2026-07-16 05:08:00.000,1784189280000,D002850,1784189280000,1784192280000,1.14945,1.14935,2,1,2,11346
2850,ZONE_CREATED,2026-07-16 05:09:00.000,1784189340000,D002851,1784189340000,1784192340000,1.14945,1.1494,1,-1,2,11347
2851,ZONE_CREATED,2026-07-16 05:10:00.000,1784189400000,D002852,1784189400000,1784192400000,1.14935,1.1493,1,-1,3,11348
2852,ZONE_CREATED,2026-07-16 05:16:00.000,1784189760000,D002853,1784189760000,1784192760000,1.1491,1.14905,1,-1,1,11354
2853,ZONE_CREATED,2026-07-16 05:19:00.000,1784189940000,D002854,1784189940000,1784192940000,1.149,1.14895,1,1,1,11357
2854,ZONE_CREATED,2026-07-16 05:21:00.000,1784190060000,D002855,1784190060000,1784193060000,1.1491,1.14905,1,-1,2,11359
2855,ZONE_CREATED,2026-07-16 05:30:00.000,1784190600000,D002856,1784190600000,1784193600000,1.14925,1.1492,1,1,1,11368
2856,ZONE_CREATED,2026-07-16 05:37:00.000,1784191020000,D002857,1784191020000,1784194020000,1.14945,1.1494,1,1,3,11375
2857,ZONE_CREATED,2026-07-16 05:49:00.000,1784191740000,D002858,1784191740000,1784194740000,1.14935,1.1493,1,-1,4,11387
2858,ZONE_CREATED,2026-07-16 05:50:00.000,1784191800000,D002859,1784191800000,1784194800000,1.14935,1.1493,1,1,5,11388
2859,ZONE_CREATED,2026-07-16 06:03:00.000,1784192580000,D002860,1784192580000,1784195580000,1.1491,1.14905,1,1,3,11401
2860,ZONE_CREATED,2026-07-16 06:11:00.000,1784193060000,D002861,1784193060000,1784196060000,1.1491,1.14905,1,-1,3,11409
2861,ZONE_CREATED,2026-07-16 06:19:00.000,1784193540000,D002862,1784193540000,1784196540000,1.14925,1.1492,1,-1,2,11417
2862,ZONE_CREATED,2026-07-16 06:22:00.000,1784193720000,D002863,1784193720000,1784196720000,1.14925,1.1492,1,1,2,11420
2863,ZONE_CREATED,2026-07-16 06:50:00.000,1784195400000,D002864,1784195400000,1784198400000,1.14945,1.14935,2,-1,1,11448
2864,ZONE_CREATED,2026-07-16 06:58:00.000,1784195880000,D002865,1784195880000,1784198880000,1.14935,1.1493,1,-1,2,11456
2865,ZONE_CREATED,2026-07-16 06:59:00.000,1784195940000,D002866,1784195940000,1784198940000,1.14935,1.1493,1,-1,3,11457
2866,ZONE_CREATED,2026-07-16 07:04:00.000,1784196240000,D002867,1784196240000,1784199240000,1.1492,1.14915,1,1,3,11462
2867,ZONE_CREATED,2026-07-16 07:06:00.000,1784196360000,D002868,1784196360000,1784199360000,1.1492,1.14915,1,1,4,11464
2868,ZONE_CREATED,2026-07-16 07:08:00.000,1784196480000,D002869,1784196480000,1784199480000,1.14925,1.1492,1,-1,5,11466
2869,ZONE_CREATED,2026-07-16 07:10:00.000,1784196600000,D002870,1784196600000,1784199600000,1.14925,1.1492,1,-1,5,11468
2870,ZONE_CREATED,2026-07-16 07:13:00.000,1784196780000,D002871,1784196780000,1784199780000,1.14935,1.14925,2,-1,6,11471
2871,ZONE_CREATED,2026-07-16 07:16:00.000,1784196960000,D002872,1784196960000,1784199960000,1.14935,1.1493,1,-1,5,11474
2872,ZONE_CREATED,2026-07-16 07:18:00.000,1784197080000,D002873,1784197080000,1784200080000,1.14935,1.1493,1,1,6,11476
2873,ZONE_CREATED,2026-07-16 07:19:00.000,1784197140000,D002874,1784197140000,1784200140000,1.14935,1.1493,1,-1,7,11477
2874,ZONE_CREATED,2026-07-16 07:24:00.000,1784197440000,D002875,1784197440000,1784200440000,1.14945,1.1494,1,1,2,11482
2875,ZONE_CREATED,2026-07-16 07:26:00.000,1784197560000,D002876,1784197560000,1784200560000,1.14945,1.1494,1,-1,3,11484
2876,ZONE_CREATED,2026-07-16 07:27:00.000,1784197620000,D002877,1784197620000,1784200620000,1.14945,1.14935,2,-1,10,11485
2877,ZONE_CREATED,2026-07-16 07:34:00.000,1784198040000,D002878,1784198040000,1784201040000,1.149,1.14895,1,1,1,11492
2878,ZONE_CREATED,2026-07-16 07:37:00.000,1784198220000,D002879,1784198220000,1784201220000,1.149,1.14895,1,-1,2,11495
2879,ZONE_CREATED,2026-07-16 07:42:00.000,1784198520000,D002880,1784198520000,1784201520000,1.1491,1.14905,1,1,1,11500
2880,ZONE_CREATED,2026-07-16 07:46:00.000,1784198760000,D002881,1784198760000,1784201760000,1.14925,1.1492,1,1,6,11504
2881,ZONE_CREATED,2026-07-16 07:51:00.000,1784199060000,D002882,1784199060000,1784202060000,1.1492,1.14915,1,1,6,11509
2882,ZONE_CREATED,2026-07-16 07:53:00.000,1784199180000,D002883,1784199180000,1784202180000,1.1491,1.14905,1,-1,2,11511
2883,ZONE_CREATED,2026-07-16 08:00:00.000,1784199600000,D002884,1784199600000,1784202600000,1.1487,1.14865,1,1,1,11518
2884,ZONE_CREATED,2026-07-16 08:01:00.000,1784199660000,D002885,1784199660000,1784202660000,1.1488,1.14875,1,1,1,11519
2885,ZONE_CREATED,2026-07-16 08:04:00.000,1784199840000,D002886,1784199840000,1784202840000,1.1489,1.14885,1,1,1,11522
2886,ZONE_CREATED,2026-07-16 08:17:00.000,1784200620000,D002887,1784200620000,1784203620000,1.1486,1.14855,1,-1,1,11535
2887,ZONE_CREATED,2026-07-16 08:24:00.000,1784201040000,D002888,1784201040000,1784204040000,1.149,1.14895,1,-1,3,11542
2888,ZONE_CREATED,2026-07-16 08:35:00.000,1784201700000,D002889,1784201700000,1784204700000,1.149,1.14895,1,1,2,11553
2889,ZONE_CREATED,2026-07-16 08:38:00.000,1784201880000,D002890,1784201880000,1784204880000,1.149,1.14895,1,-1,3,11556
2890,ZONE_CREATED,2026-07-16 08:40:00.000,1784202000000,D002891,1784202000000,1784205000000,1.1491,1.149,2,1,5,11558
2891,ZONE_CREATED,2026-07-16 08:44:00.000,1784202240000,D002892,1784202240000,1784205240000,1.14925,1.1492,1,1,1,11562
2892,ZONE_CREATED,2026-07-16 08:45:00.000,1784202300000,D002893,1784202300000,1784205300000,1.1492,1.14915,1,1,2,11563
2893,ZONE_CREATED,2026-07-16 08:48:00.000,1784202480000,D002894,1784202480000,1784205480000,1.14925,1.1492,1,1,3,11566
2894,ZONE_CREATED,2026-07-16 08:51:00.000,1784202660000,D002895,1784202660000,1784205660000,1.14885,1.14875,2,1,3,11569
2895,ZONE_CREATED,2026-07-16 08:54:00.000,1784202840000,D002896,1784202840000,1784205840000,1.149,1.14895,1,1,5,11572
2896,ZONE_CREATED,2026-07-16 08:57:00.000,1784203020000,D002897,1784203020000,1784206020000,1.14945,1.1494,1,1,1,11575
2897,ZONE_CREATED,2026-07-16 09:01:00.000,1784203260000,D002898,1784203260000,1784206260000,1.14965,1.1496,1,1,1,11579
2898,ZONE_CREATED,2026-07-16 09:09:00.000,1784203740000,D002899,1784203740000,1784206740000,1.14955,1.1495,1,1,1,11587
2899,ZONE_CREATED,2026-07-16 09:10:00.000,1784203800000,D002900,1784203800000,1784206800000,1.14945,1.1494,1,-1,2,11588
2900,ZONE_CREATED,2026-07-16 09:14:00.000,1784204040000,D002901,1784204040000,1784207040000,1.1491,1.14905,1,1,2,11592
2901,ZONE_CREATED,2026-07-16 09:15:00.000,1784204100000,D002902,1784204100000,1784207100000,1.1492,1.14915,1,1,4,11593
2902,ZONE_CREATED,2026-07-16 09:17:00.000,1784204220000,D002903,1784204220000,1784207220000,1.149,1.14895,1,1,5,11595
2903,ZONE_CREATED,2026-07-16 09:20:00.000,1784204400000,D002904,1784204400000,1784207400000,1.1492,1.14915,1,-1,5,11598
2904,ZONE_CREATED,2026-07-16 09:21:00.000,1784204460000,D002905,1784204460000,1784207460000,1.1492,1.14915,1,-1,6,11599
2905,ZONE_CREATED,2026-07-16 09:22:00.000,1784204520000,D002906,1784204520000,1784207520000,1.1491,1.14905,1,-1,3,11600
2906,ZONE_CREATED,2026-07-16 09:26:00.000,1784204760000,D002907,1784204760000,1784207760000,1.1488,1.14875,1,1,2,11604
2907,ZONE_CREATED,2026-07-16 09:34:00.000,1784205240000,D002908,1784205240000,1784208240000,1.1485,1.14845,1,1,1,11612
2908,ZONE_CREATED,2026-07-16 09:42:00.000,1784205720000,D002909,1784205720000,1784208720000,1.1483,1.14825,1,-1,1,11620
2909,ZONE_CREATED,2026-07-16 09:49:00.000,1784206140000,D002910,1784206140000,1784209140000,1.1482,1.14815,1,-1,1,11627
2910,ZONE_CREATED,2026-07-16 09:52:00.000,1784206320000,D002911,1784206320000,1784209320000,1.14805,1.148,1,1,1,11630
2911,ZONE_CREATED,2026-07-16 09:54:00.000,1784206440000,D002912,1784206440000,1784209440000,1.14785,1.1478,1,-1,1,11632
2912,ZONE_CREATED,2026-07-16 10:05:00.000,1784207100000,D002913,1784207100000,1784210100000,1.14725,1.1472,1,1,1,11643
2913,ZONE_CREATED,2026-07-16 10:07:00.000,1784207220000,D002914,1784207220000,1784210220000,1.14745,1.1474,1,1,1,11645
2914,ZONE_CREATED,2026-07-16 10:24:00.000,1784208240000,D002915,1784208240000,1784211240000,1.1482,1.14815,1,1,2,11662
2915,ZONE_CREATED,2026-07-16 10:25:00.000,1784208300000,D002916,1784208300000,1784211300000,1.1482,1.14815,1,-1,3,11663
2916,ZONE_CREATED,2026-07-16 10:28:00.000,1784208480000,D002917,1784208480000,1784211480000,1.1484,1.14835,1,-1,1,11666
2917,ZONE_CREATED,2026-07-16 10:32:00.000,1784208720000,D002918,1784208720000,1784211720000,1.1485,1.14845,1,1,1,11670
2918,ZONE_CREATED,2026-07-16 10:33:00.000,1784208780000,D002919,1784208780000,1784211780000,1.1486,1.14855,1,-1,1,11671
2919,ZONE_CREATED,2026-07-16 10:38:00.000,1784209080000,D002920,1784209080000,1784212080000,1.1484,1.14835,1,-1,2,11676
2920,ZONE_CREATED,2026-07-16 10:39:00.000,1784209140000,D002921,1784209140000,1784212140000,1.1484,1.14835,1,1,3,11677
2921,ZONE_CREATED,2026-07-16 10:50:00.000,1784209800000,D002922,1784209800000,1784212800000,1.14805,1.148,1,1,1,11688
2922,ZONE_CREATED,2026-07-16 10:51:00.000,1784209860000,D002923,1784209860000,1784212860000,1.14815,1.1481,1,-1,3,11689
2923,ZONE_CREATED,2026-07-16 10:58:00.000,1784210280000,D002924,1784210280000,1784213280000,1.14775,1.1477,1,1,1,11696
2924,ZONE_CREATED,2026-07-16 11:07:00.000,1784210820000,D002925,1784210820000,1784213820000,1.14795,1.1479,1,1,1,11705
2925,ZONE_CREATED,2026-07-16 11:14:00.000,1784211240000,D002926,1784211240000,1784214240000,1.14745,1.1474,1,1,1,11712
2926,ZONE_CREATED,2026-07-16 11:20:00.000,1784211600000,D002927,1784211600000,1784214600000,1.14785,1.1478,1,1,1,11718
2927,ZONE_CREATED,2026-07-16 11:39:00.000,1784212740000,D002928,1784212740000,1784215740000,1.1472,1.14715,1,-1,1,11737
2928,ZONE_CREATED,2026-07-16 11:42:00.000,1784212920000,D002929,1784212920000,1784215920000,1.147,1.14695,1,1,1,11740
2929,ZONE_CREATED,2026-07-16 11:48:00.000,1784213280000,D002930,1784213280000,1784216280000,1.1471,1.14705,1,1,1,11746
2930,ZONE_CREATED,2026-07-16 11:50:00.000,1784213400000,D002931,1784213400000,1784216400000,1.147,1.14695,1,1,2,11748
2931,ZONE_CREATED,2026-07-16 11:53:00.000,1784213580000,D002932,1784213580000,1784216580000,1.1468,1.14675,1,1,1,11751
2932,ZONE_CREATED,2026-07-16 11:57:00.000,1784213820000,D002933,1784213820000,1784216820000,1.1469,1.14685,1,1,1,11755
2933,ZONE_CREATED,2026-07-16 12:02:00.000,1784214120000,D002934,1784214120000,1784217120000,1.1468,1.14675,1,-1,2,11760
2934,ZONE_CREATED,2026-07-16 12:05:00.000,1784214300000,D002935,1784214300000,1784217300000,1.1465,1.14645,1,1,1,11763
2935,ZONE_CREATED,2026-07-16 12:15:00.000,1784214900000,D002936,1784214900000,1784217900000,1.1469,1.14685,1,1,2,11773
2936,ZONE_CREATED,2026-07-16 12:33:00.000,1784215980000,D002937,1784215980000,1784218980000,1.147,1.14695,1,1,2,11791
2937,ZONE_CREATED,2026-07-16 12:34:00.000,1784216040000,D002938,1784216040000,1784219040000,1.1471,1.14705,1,1,2,11792
2938,ZONE_CREATED,2026-07-16 12:36:00.000,1784216160000,D002939,1784216160000,1784219160000,1.1471,1.14705,1,-1,3,11794
2939,ZONE_CREATED,2026-07-16 12:39:00.000,1784216340000,D002940,1784216340000,1784219340000,1.1472,1.14715,1,-1,1,11797
2940,ZONE_CREATED,2026-07-16 12:40:00.000,1784216400000,D002941,1784216400000,1784219400000,1.1472,1.14715,1,-1,2,11798
2941,ZONE_CREATED,2026-07-16 12:44:00.000,1784216640000,D002942,1784216640000,1784219640000,1.14725,1.1472,1,-1,3,11802
2942,ZONE_CREATED,2026-07-16 12:48:00.000,1784216880000,D002943,1784216880000,1784219880000,1.14735,1.1473,1,1,1,11806
2943,ZONE_CREATED,2026-07-16 12:57:00.000,1784217420000,D002944,1784217420000,1784220420000,1.14735,1.1473,1,1,2,11815
2944,ZONE_CREATED,2026-07-16 12:58:00.000,1784217480000,D002945,1784217480000,1784220480000,1.14735,1.1473,1,-1,3,11816
2945,ZONE_CREATED,2026-07-16 12:59:00.000,1784217540000,D002946,1784217540000,1784220540000,1.14735,1.1473,1,1,4,11817
2946,ZONE_CREATED,2026-07-16 13:11:00.000,1784218260000,D002947,1784218260000,1784221260000,1.1468,1.14675,1,1,1,11829
2947,ZONE_CREATED,2026-07-16 13:15:00.000,1784218500000,D002948,1784218500000,1784221500000,1.1469,1.14685,1,-1,1,11833
2948,ZONE_CREATED,2026-07-16 13:25:00.000,1784219100000,D002949,1784219100000,1784222100000,1.1464,1.14635,1,-1,1,11843
2949,ZONE_CREATED,2026-07-16 13:33:00.000,1784219580000,D002950,1784219580000,1784222580000,1.1465,1.14645,1,-1,1,11851
2950,ZONE_CREATED,2026-07-16 13:35:00.000,1784219700000,D002951,1784219700000,1784222700000,1.1465,1.14645,1,-1,2,11853
2951,ZONE_CREATED,2026-07-16 13:37:00.000,1784219820000,D002952,1784219820000,1784222820000,1.1464,1.14635,1,1,2,11855
2952,ZONE_CREATED,2026-07-16 13:41:00.000,1784220060000,D002953,1784220060000,1784223060000,1.1462,1.14615,1,-1,1,11859
2953,ZONE_CREATED,2026-07-16 13:44:00.000,1784220240000,D002954,1784220240000,1784223240000,1.1463,1.14625,1,1,1,11862
2954,ZONE_CREATED,2026-07-16 13:49:00.000,1784220540000,D002955,1784220540000,1784223540000,1.1464,1.14635,1,1,3,11867
2955,ZONE_CREATED,2026-07-16 13:50:00.000,1784220600000,D002956,1784220600000,1784223600000,1.1464,1.14635,1,-1,4,11868
2956,ZONE_CREATED,2026-07-16 13:56:00.000,1784220960000,D002957,1784220960000,1784223960000,1.1463,1.14625,1,-1,2,11874
2957,ZONE_CREATED,2026-07-16 14:02:00.000,1784221320000,D002958,1784221320000,1784224320000,1.14615,1.1461,1,-1,2,11880
2958,ZONE_CREATED,2026-07-16 14:05:00.000,1784221500000,D002959,1784221500000,1784224500000,1.14595,1.1459,1,1,1,11883
2959,ZONE_CREATED,2026-07-16 14:14:00.000,1784222040000,D002960,1784222040000,1784225040000,1.14585,1.1458,1,-1,1,11892
2960,ZONE_CREATED,2026-07-16 14:17:00.000,1784222220000,D002961,1784222220000,1784225220000,1.14595,1.1459,1,-1,2,11895
2961,ZONE_CREATED,2026-07-16 14:18:00.000,1784222280000,D002962,1784222280000,1784225280000,1.14605,1.146,1,1,1,11896
2962,ZONE_CREATED,2026-07-16 14:28:00.000,1784222880000,D002963,1784222880000,1784225880000,1.14615,1.14605,2,1,4,11906
2963,ZONE_CREATED,2026-07-16 14:29:00.000,1784222940000,D002964,1784222940000,1784225940000,1.14615,1.1461,1,1,4,11907
2964,ZONE_CREATED,2026-07-16 14:33:00.000,1784223180000,D002965,1784223180000,1784226180000,1.14615,1.1461,1,-1,4,11911
2965,ZONE_CREATED,2026-07-16 14:36:00.000,1784223360000,D002966,1784223360000,1784226360000,1.14605,1.146,1,-1,3,11914
2966,ZONE_CREATED,2026-07-16 14:44:00.000,1784223840000,D002967,1784223840000,1784226840000,1.14615,1.1461,1,1,5,11922
2967,ZONE_CREATED,2026-07-16 14:48:00.000,1784224080000,D002968,1784224080000,1784227080000,1.1463,1.14625,1,1,1,11926
2968,ZONE_CREATED,2026-07-16 14:50:00.000,1784224200000,D002969,1784224200000,1784227200000,1.1463,1.14625,1,1,2,11928
2969,ZONE_CREATED,2026-07-16 14:52:00.000,1784224320000,D002970,1784224320000,1784227320000,1.1464,1.14635,1,1,1,11930
2970,ZONE_CREATED,2026-07-16 14:54:00.000,1784224440000,D002971,1784224440000,1784227440000,1.1465,1.14645,1,1,1,11932
2971,ZONE_CREATED,2026-07-16 14:58:00.000,1784224680000,D002972,1784224680000,1784227680000,1.1464,1.14635,1,1,2,11936
2972,ZONE_CREATED,2026-07-16 15:01:00.000,1784224860000,D002973,1784224860000,1784227860000,1.1463,1.14625,1,-1,3,11939
2973,ZONE_CREATED,2026-07-16 15:02:00.000,1784224920000,D002974,1784224920000,1784227920000,1.1463,1.14625,1,1,4,11940
2974,ZONE_CREATED,2026-07-16 15:05:00.000,1784225100000,D002975,1784225100000,1784228100000,1.1462,1.14615,1,-1,5,11943
2975,ZONE_CREATED,2026-07-16 15:06:00.000,1784225160000,D002976,1784225160000,1784228160000,1.1462,1.14615,1,1,6,11944
2976,ZONE_CREATED,2026-07-16 15:10:00.000,1784225400000,D002977,1784225400000,1784228400000,1.1463,1.14625,1,1,5,11948
2977,ZONE_CREATED,2026-07-16 15:17:00.000,1784225820000,D002978,1784225820000,1784228820000,1.1465,1.14645,1,1,2,11955
2978,ZONE_CREATED,2026-07-16 15:20:00.000,1784226000000,D002979,1784226000000,1784229000000,1.1465,1.14645,1,-1,3,11958
2979,ZONE_CREATED,2026-07-16 15:23:00.000,1784226180000,D002980,1784226180000,1784229180000,1.1465,1.14645,1,-1,4,11961
2980,ZONE_CREATED,2026-07-16 15:25:00.000,1784226300000,D002981,1784226300000,1784229300000,1.1464,1.14635,1,-1,3,11963
2981,ZONE_CREATED,2026-07-16 15:29:00.000,1784226540000,D002982,1784226540000,1784229540000,1.1464,1.14635,1,-1,4,11966
2982,ZONE_CREATED,2026-07-16 15:33:00.000,1784226780000,D002983,1784226780000,1784229780000,1.1464,1.14635,1,1,5,11970
2983,ZONE_CREATED,2026-07-16 15:36:00.000,1784226960000,D002984,1784226960000,1784229960000,1.1463,1.14625,1,-1,6,11973
2984,ZONE_CREATED,2026-07-16 15:42:00.000,1784227320000,D002985,1784227320000,1784230320000,1.1464,1.14635,1,-1,6,11979
2985,ZONE_CREATED,2026-07-16 15:52:00.000,1784227920000,D002986,1784227920000,1784230920000,1.1464,1.14635,1,1,5,11989
2986,ZONE_CREATED,2026-07-16 15:57:00.000,1784228220000,D002987,1784228220000,1784231220000,1.1465,1.14645,1,1,4,11994
2987,ZONE_CREATED,2026-07-16 16:06:00.000,1784228760000,D002988,1784228760000,1784231760000,1.1466,1.14655,1,1,1,12003
2988,ZONE_CREATED,2026-07-16 16:16:00.000,1784229360000,D002989,1784229360000,1784232360000,1.1464,1.14635,1,-1,6,12013
2989,ZONE_CREATED,2026-07-16 16:27:00.000,1784230020000,D002990,1784230020000,1784233020000,1.1462,1.14615,1,-1,1,12024
2990,ZONE_CREATED,2026-07-16 16:28:00.000,1784230080000,D002991,1784230080000,1784233080000,1.1462,1.14615,1,1,2,12025
2991,ZONE_CREATED,2026-07-16 16:36:00.000,1784230560000,D002992,1784230560000,1784233560000,1.1464,1.14635,1,1,3,12033
2992,ZONE_CREATED,2026-07-16 16:50:00.000,1784231400000,D002993,1784231400000,1784234400000,1.1466,1.14655,1,1,2,12047
2993,ZONE_CREATED,2026-07-16 16:53:00.000,1784231580000,D002994,1784231580000,1784234580000,1.1467,1.14665,1,1,1,12050
2994,ZONE_CREATED,2026-07-16 16:58:00.000,1784231880000,D002995,1784231880000,1784234880000,1.1468,1.14675,1,-1,1,12055
2995,ZONE_CREATED,2026-07-16 17:14:00.000,1784232840000,D002996,1784232840000,1784235840000,1.1468,1.14675,1,-1,2,12070
2996,ZONE_CREATED,2026-07-16 17:20:00.000,1784233200000,D002997,1784233200000,1784236200000,1.1467,1.14665,1,-1,2,12075
2997,ZONE_CREATED,2026-07-16 17:22:00.000,1784233320000,D002998,1784233320000,1784236320000,1.1467,1.14665,1,1,3,12077
2998,ZONE_CREATED,2026-07-16 17:28:00.000,1784233680000,D002999,1784233680000,1784236680000,1.1466,1.14655,1,-1,2,12081
2999,ZONE_CREATED,2026-07-16 17:31:00.000,1784233860000,D003000,1784233860000,1784236860000,1.14685,1.14675,2,1,3,12084
3000,ZONE_CREATED,2026-07-16 17:37:00.000,1784234220000,D003001,1784234220000,1784237220000,1.147,1.14695,1,1,1,12090
3001,ZONE_CREATED,2026-07-16 17:41:00.000,1784234460000,D003002,1784234460000,1784237460000,1.147,1.14695,1,-1,2,12094
3002,ZONE_CREATED,2026-07-16 17:43:00.000,1784234580000,D003003,1784234580000,1784237580000,1.147,1.14695,1,1,3,12096
3003,ZONE_CREATED,2026-07-16 17:44:00.000,1784234640000,D003004,1784234640000,1784237640000,1.147,1.14695,1,1,4,12097
3004,ZONE_CREATED,2026-07-16 17:45:00.000,1784234700000,D003005,1784234700000,1784237700000,1.147,1.14695,1,1,5,12098
3005,ZONE_CREATED,2026-07-16 17:51:00.000,1784235060000,D003006,1784235060000,1784238060000,1.1471,1.14705,1,-1,1,12103
3006,ZONE_CREATED,2026-07-16 17:54:00.000,1784235240000,D003007,1784235240000,1784238240000,1.1471,1.14705,1,1,2,12106
3007,ZONE_CREATED,2026-07-16 17:56:00.000,1784235360000,D003008,1784235360000,1784238360000,1.1471,1.14705,1,1,3,12108
3008,ZONE_CREATED,2026-07-16 17:59:00.000,1784235540000,D003009,1784235540000,1784238540000,1.147,1.14695,1,-1,6,12110
3009,ZONE_CREATED,2026-07-16 18:00:00.000,1784235600000,D003010,1784235600000,1784238600000,1.14695,1.14685,2,-1,8,12111
3010,ZONE_CREATED,2026-07-16 19:07:00.000,1784239620000,D003011,1784239620000,1784242620000,1.1471,1.14705,1,-1,4,12117
3011,ZONE_CREATED,2026-07-16 19:13:00.000,1784239980000,D003012,1784239980000,1784242980000,1.1471,1.14705,1,-1,5,12122
3012,ZONE_CREATED,2026-07-16 19:25:00.000,1784240700000,D003013,1784240700000,1784243700000,1.147,1.14695,1,-1,8,12129
3013,ZONE_CREATED,2026-07-16 19:27:00.000,1784240820000,D003014,1784240820000,1784243820000,1.147,1.14695,1,1,9,12130
3014,ZONE_CREATED,2026-07-16 19:34:00.000,1784241240000,D003015,1784241240000,1784244240000,1.147,1.14695,1,-1,10,12135
3015,ZONE_CREATED,2026-07-16 19:37:00.000,1784241420000,D003016,1784241420000,1784244420000,1.147,1.14695,1,1,11,12136
3016,ZONE_CREATED,2026-07-16 19:38:00.000,1784241480000,D003017,1784241480000,1784244480000,1.147,1.14695,1,-1,12,12137
3017,ZONE_CREATED,2026-07-16 19:39:00.000,1784241540000,D003018,1784241540000,1784244540000,1.147,1.14695,1,-1,13,12138
3018,ZONE_CREATED,2026-07-16 19:49:00.000,1784242140000,D003019,1784242140000,1784245140000,1.1469,1.14685,1,-1,2,12141
3019,ZONE_CREATED,2026-07-16 20:05:00.000,1784243100000,D003020,1784243100000,1784246100000,1.147,1.14695,1,-1,9,12153
3020,ZONE_CREATED,2026-07-16 20:28:00.000,1784244480000,D003021,1784244480000,1784247480000,1.1471,1.14705,1,1,3,12165
3021,ZONE_CREATED,2026-07-16 20:38:00.000,1784245080000,D003022,1784245080000,1784248080000,1.1472,1.14715,1,1,1,12170
3022,ZONE_CREATED,2026-07-16 20:46:00.000,1784245560000,D003023,1784245560000,1784248560000,1.1471,1.14705,1,-1,2,12175
3023,ZONE_CREATED,2026-07-16 21:00:00.000,1784246400000,D003024,1784246400000,1784249400000,1.1472,1.14715,1,1,2,12183
3024,ZONE_CREATED,2026-07-16 21:02:00.000,1784246520000,D003025,1784246520000,1784249520000,1.1472,1.14715,1,-1,3,12185
3025,ZONE_CREATED,2026-07-16 21:03:00.000,1784246580000,D003026,1784246580000,1784249580000,1.14725,1.14715,2,1,4,12186
3026,ZONE_CREATED,2026-07-16 21:04:00.000,1784246640000,D003027,1784246640000,1784249640000,1.14725,1.1472,1,-1,5,12187
3027,ZONE_CREATED,2026-07-16 21:07:00.000,1784246820000,D003028,1784246820000,1784249820000,1.1472,1.14715,1,-1,6,12190
3028,ZONE_CREATED,2026-07-16 21:10:00.000,1784247000000,D003029,1784247000000,1784250000000,1.14715,1.14705,2,-1,8,12193
3029,ZONE_CREATED,2026-07-16 21:15:00.000,1784247300000,D003030,1784247300000,1784250300000,1.1471,1.14705,1,1,4,12197
3030,ZONE_CREATED,2026-07-16 21:17:00.000,1784247420000,D003031,1784247420000,1784250420000,1.1472,1.14715,1,-1,8,12199
3031,ZONE_CREATED,2026-07-16 21:20:00.000,1784247600000,D003032,1784247600000,1784250600000,1.1471,1.14705,1,-1,5,12202
3032,ZONE_CREATED,2026-07-16 21:24:00.000,1784247840000,D003033,1784247840000,1784250840000,1.147,1.14695,1,-1,1,12206
3033,ZONE_CREATED,2026-07-16 21:29:00.000,1784248140000,D003034,1784248140000,1784251140000,1.1469,1.14685,1,-1,1,12211
3034,ZONE_CREATED,2026-07-16 21:31:00.000,1784248260000,D003035,1784248260000,1784251260000,1.1468,1.14675,1,-1,1,12213
3035,ZONE_CREATED,2026-07-16 21:32:00.000,1784248320000,D003036,1784248320000,1784251320000,1.1469,1.14685,1,1,2,12214
3036,ZONE_CREATED,2026-07-16 21:34:00.000,1784248440000,D003037,1784248440000,1784251440000,1.1469,1.14685,1,-1,3,12216
3037,ZONE_CREATED,2026-07-16 21:49:00.000,1784249340000,D003038,1784249340000,1784252340000,1.1469,1.14685,1,-1,4,12231
3038,ZONE_CREATED,2026-07-16 21:53:00.000,1784249580000,D003039,1784249580000,1784252580000,1.1471,1.14705,1,1,4,12235
3039,ZONE_CREATED,2026-07-16 21:54:00.000,1784249640000,D003040,1784249640000,1784252640000,1.1471,1.14705,1,-1,5,12236
3040,ZONE_CREATED,2026-07-16 21:57:00.000,1784249820000,D003041,1784249820000,1784252820000,1.1471,1.14705,1,-1,6,12239
3041,ZONE_CREATED,2026-07-16 22:00:00.000,1784250000000,D003042,1784250000000,1784253000000,1.14735,1.1473,1,1,1,12242
3042,ZONE_CREATED,2026-07-16 22:10:00.000,1784250600000,D003043,1784250600000,1784253600000,1.1472,1.14715,1,1,1,12252
3043,ZONE_CREATED,2026-07-16 22:14:00.000,1784250840000,D003044,1784250840000,1784253840000,1.1471,1.14705,1,1,4,12256
3044,ZONE_CREATED,2026-07-16 22:17:00.000,1784251020000,D003045,1784251020000,1784254020000,1.1472,1.14715,1,1,2,12259
3045,ZONE_CREATED,2026-07-16 22:18:00.000,1784251080000,D003046,1784251080000,1784254080000,1.14725,1.1472,1,1,3,12260
3046,ZONE_CREATED,2026-07-16 22:20:00.000,1784251200000,D003047,1784251200000,1784254200000,1.14725,1.1472,1,-1,4,12262
3047,ZONE_CREATED,2026-07-16 22:29:00.000,1784251740000,D003048,1784251740000,1784254740000,1.1471,1.14705,1,-1,5,12271
3048,ZONE_CREATED,2026-07-16 22:30:00.000,1784251800000,D003049,1784251800000,1784254800000,1.147,1.14695,1,1,1,12272
3049,ZONE_CREATED,2026-07-16 22:34:00.000,1784252040000,D003050,1784252040000,1784255040000,1.147,1.1469,2,-1,3,12276
3050,ZONE_CREATED,2026-07-16 22:39:00.000,1784252340000,D003051,1784252340000,1784255340000,1.1469,1.14685,1,-1,3,12279
3051,ZONE_CREATED,2026-07-16 22:42:00.000,1784252520000,D003052,1784252520000,1784255520000,1.1469,1.14685,1,1,3,12282
3052,ZONE_CREATED,2026-07-16 22:48:00.000,1784252880000,D003053,1784252880000,1784255880000,1.1468,1.14675,1,-1,1,12288
3053,ZONE_CREATED,2026-07-16 22:59:00.000,1784253540000,D003054,1784253540000,1784256540000,1.1465,1.14645,1,1,1,12299
3054,ZONE_CREATED,2026-07-16 23:01:00.000,1784253660000,D003055,1784253660000,1784256660000,1.1467,1.14665,1,1,1,12301
3055,ZONE_CREATED,2026-07-16 23:02:00.000,1784253720000,D003056,1784253720000,1784256720000,1.1467,1.14665,1,1,2,12302
3056,ZONE_CREATED,2026-07-16 23:05:00.000,1784253900000,D003057,1784253900000,1784256900000,1.1466,1.14655,1,-1,1,12305
3057,ZONE_CREATED,2026-07-16 23:15:00.000,1784254500000,D003058,1784254500000,1784257500000,1.14675,1.14665,2,1,4,12315
3058,ZONE_CREATED,2026-07-16 23:21:00.000,1784254860000,D003059,1784254860000,1784257860000,1.1467,1.14665,1,-1,4,12320
3059,ZONE_CREATED,2026-07-16 23:26:00.000,1784255160000,D003060,1784255160000,1784258160000,1.1466,1.14655,1,-1,2,12324
3060,ZONE_CREATED,2026-07-16 23:31:00.000,1784255460000,D003061,1784255460000,1784258460000,1.1466,1.14655,1,1,3,12328
3061,ZONE_CREATED,2026-07-16 23:40:00.000,1784256000000,D003062,1784256000000,1784259000000,1.1464,1.14635,1,1,1,12336
3062,ZONE_CREATED,2026-07-16 23:45:00.000,1784256300000,D003063,1784256300000,1784259300000,1.1464,1.14635,1,1,2,12341
3063,ZONE_CREATED,2026-07-16 23:49:00.000,1784256540000,D003064,1784256540000,1784259540000,1.1464,1.14635,1,-1,3,12345
3064,ZONE_CREATED,2026-07-16 23:54:00.000,1784256840000,D003065,1784256840000,1784259840000,1.1464,1.14635,1,-1,4,12350
3065,ZONE_CREATED,2026-07-16 23:56:00.000,1784256960000,D003066,1784256960000,1784259960000,1.1464,1.14635,1,-1,5,12352
3066,ZONE_CREATED,2026-07-17 00:01:00.000,1784257260000,D003067,1784257260000,1784260260000,1.1464,1.14635,1,-1,6,12357
3067,ZONE_CREATED,2026-07-17 00:06:00.000,1784257560000,D003068,1784257560000,1784260560000,1.1465,1.14645,1,-1,1,12362
3068,ZONE_CREATED,2026-07-17 00:08:00.000,1784257680000,D003069,1784257680000,1784260680000,1.1466,1.14655,1,-1,3,12364
3069,ZONE_CREATED,2026-07-17 00:18:00.000,1784258280000,D003070,1784258280000,1784261280000,1.1466,1.14655,1,1,4,12374
3070,ZONE_CREATED,2026-07-17 00:31:00.000,1784259060000,D003071,1784259060000,1784262060000,1.1466,1.14655,1,1,3,12385
3071,ZONE_CREATED,2026-07-17 00:35:00.000,1784259300000,D003072,1784259300000,1784262300000,1.1465,1.14645,1,1,2,12389
3072,ZONE_CREATED,2026-07-17 00:38:00.000,1784259480000,D003073,1784259480000,1784262480000,1.1464,1.14635,1,-1,5,12392
3073,ZONE_CREATED,2026-07-17 00:43:00.000,1784259780000,D003074,1784259780000,1784262780000,1.1463,1.14625,1,-1,1,12397
3074,ZONE_CREATED,2026-07-17 00:44:00.000,1784259840000,D003075,1784259840000,1784262840000,1.1463,1.14625,1,1,2,12398
3075,ZONE_CREATED,2026-07-17 00:46:00.000,1784259960000,D003076,1784259960000,1784262960000,1.1463,1.14625,1,-1,3,12399
3076,ZONE_CREATED,2026-07-17 00:49:00.000,1784260140000,D003077,1784260140000,1784263140000,1.1463,1.1462,2,1,4,12402
3077,ZONE_CREATED,2026-07-17 00:52:00.000,1784260320000,D003078,1784260320000,1784263320000,1.1464,1.14635,1,1,3,12405
3078,ZONE_CREATED,2026-07-17 00:53:00.000,1784260380000,D003079,1784260380000,1784263380000,1.1464,1.14635,1,1,4,12406
3079,ZONE_CREATED,2026-07-17 01:02:00.000,1784260920000,D003080,1784260920000,1784263920000,1.1465,1.14645,1,-1,2,12414
3080,ZONE_CREATED,2026-07-17 01:21:00.000,1784262060000,D003081,1784262060000,1784265060000,1.1465,1.14645,1,-1,3,12430
3081,ZONE_CREATED,2026-07-17 01:24:00.000,1784262240000,D003082,1784262240000,1784265240000,1.1464,1.14635,1,-1,4,12433
3082,ZONE_CREATED,2026-07-17 01:27:00.000,1784262420000,D003083,1784262420000,1784265420000,1.1463,1.14625,1,-1,5,12435
3083,ZONE_CREATED,2026-07-17 01:29:00.000,1784262540000,D003084,1784262540000,1784265540000,1.1463,1.14625,1,1,6,12437
3084,ZONE_CREATED,2026-07-17 01:30:00.000,1784262600000,D003085,1784262600000,1784265600000,1.1463,1.14625,1,1,7,12438
3085,ZONE_CREATED,2026-07-17 01:32:00.000,1784262720000,D003086,1784262720000,1784265720000,1.1464,1.14635,1,1,5,12440
3086,ZONE_CREATED,2026-07-17 01:33:00.000,1784262780000,D003087,1784262780000,1784265780000,1.1464,1.14635,1,-1,6,12441
3087,ZONE_CREATED,2026-07-17 01:36:00.000,1784262960000,D003088,1784262960000,1784265960000,1.1464,1.14635,1,-1,6,12444
3088,ZONE_CREATED,2026-07-17 01:38:00.000,1784263080000,D003089,1784263080000,1784266080000,1.1464,1.14635,1,1,7,12446
3089,ZONE_CREATED,2026-07-17 01:40:00.000,1784263200000,D003090,1784263200000,1784266200000,1.1464,1.14635,1,-1,8,12448
3090,ZONE_CREATED,2026-07-17 01:42:00.000,1784263320000,D003091,1784263320000,1784266320000,1.1463,1.14625,1,-1,5,12450
3091,ZONE_CREATED,2026-07-17 01:43:00.000,1784263380000,D003092,1784263380000,1784266380000,1.1463,1.14625,1,1,6,12451
3092,ZONE_CREATED,2026-07-17 01:46:00.000,1784263560000,D003093,1784263560000,1784266560000,1.1464,1.14635,1,1,9,12454
3093,ZONE_CREATED,2026-07-17 01:51:00.000,1784263860000,D003094,1784263860000,1784266860000,1.1462,1.14615,1,-1,1,12459
3094,ZONE_CREATED,2026-07-17 01:52:00.000,1784263920000,D003095,1784263920000,1784266920000,1.14615,1.1461,1,1,2,12460
3095,ZONE_CREATED,2026-07-17 02:06:00.000,1784264760000,D003096,1784264760000,1784267760000,1.1463,1.14625,1,-1,6,12471
3096,ZONE_CREATED,2026-07-17 02:08:00.000,1784264880000,D003097,1784264880000,1784267880000,1.1463,1.14625,1,1,7,12473
3097,ZONE_CREATED,2026-07-17 02:10:00.000,1784265000000,D003098,1784265000000,1784268000000,1.1463,1.14625,1,-1,8,12474
3098,ZONE_CREATED,2026-07-17 02:12:00.000,1784265120000,D003099,1784265120000,1784268120000,1.1463,1.14625,1,1,9,12476
3099,ZONE_CREATED,2026-07-17 02:15:00.000,1784265300000,D003100,1784265300000,1784268300000,1.14635,1.14625,2,-1,17,12479
3100,ZONE_CREATED,2026-07-17 02:17:00.000,1784265420000,D003101,1784265420000,1784268420000,1.1463,1.14625,1,1,11,12480
3101,ZONE_CREATED,2026-07-17 02:19:00.000,1784265540000,D003102,1784265540000,1784268540000,1.1464,1.14635,1,-1,9,12482
3102,ZONE_CREATED,2026-07-17 02:21:00.000,1784265660000,D003103,1784265660000,1784268660000,1.1464,1.14635,1,1,9,12484
3103,ZONE_CREATED,2026-07-17 02:22:00.000,1784265720000,D003104,1784265720000,1784268720000,1.1464,1.14635,1,-1,10,12485
3104,ZONE_CREATED,2026-07-17 02:26:00.000,1784265960000,D003105,1784265960000,1784268960000,1.1463,1.14625,1,1,9,12489
3105,ZONE_CREATED,2026-07-17 02:32:00.000,1784266320000,D003106,1784266320000,1784269320000,1.1465,1.14645,1,1,1,12495
3106,ZONE_CREATED,2026-07-17 02:36:00.000,1784266560000,D003107,1784266560000,1784269560000,1.1466,1.14655,1,1,1,12499
3107,ZONE_CREATED,2026-07-17 02:40:00.000,1784266800000,D003108,1784266800000,1784269800000,1.14685,1.14675,2,-1,1,12503
3108,ZONE_CREATED,2026-07-17 02:41:00.000,1784266860000,D003109,1784266860000,1784269860000,1.1468,1.14675,1,1,2,12504
3109,ZONE_CREATED,2026-07-17 02:49:00.000,1784267340000,D003110,1784267340000,1784270340000,1.1469,1.14685,1,1,2,12512
3110,ZONE_CREATED,2026-07-17 02:50:00.000,1784267400000,D003111,1784267400000,1784270400000,1.1469,1.14685,1,-1,3,12513
3111,ZONE_CREATED,2026-07-17 02:55:00.000,1784267700000,D003112,1784267700000,1784270700000,1.1469,1.14685,1,-1,4,12518
3112,ZONE_CREATED,2026-07-17 02:58:00.000,1784267880000,D003113,1784267880000,1784270880000,1.1466,1.14655,1,1,2,12521
3113,ZONE_CREATED,2026-07-17 02:59:00.000,1784267940000,D003114,1784267940000,1784270940000,1.1466,1.14655,1,-1,3,12522
3114,ZONE_CREATED,2026-07-17 03:07:00.000,1784268420000,D003115,1784268420000,1784271420000,1.1468,1.14675,1,1,3,12530
3115,ZONE_CREATED,2026-07-17 03:09:00.000,1784268540000,D003116,1784268540000,1784271540000,1.1467,1.14665,1,-1,1,12532
3116,ZONE_CREATED,2026-07-17 03:11:00.000,1784268660000,D003117,1784268660000,1784271660000,1.1468,1.14675,1,1,4,12534
3117,ZONE_CREATED,2026-07-17 03:13:00.000,1784268780000,D003118,1784268780000,1784271780000,1.147,1.14695,1,1,1,12536
3118,ZONE_CREATED,2026-07-17 03:15:00.000,1784268900000,D003119,1784268900000,1784271900000,1.14725,1.1472,1,1,1,12538
3119,ZONE_CREATED,2026-07-17 03:22:00.000,1784269320000,D003120,1784269320000,1784272320000,1.14735,1.1473,1,1,1,12545
3120,ZONE_CREATED,2026-07-17 03:29:00.000,1784269740000,D003121,1784269740000,1784272740000,1.14755,1.1475,1,1,1,12552
3121,ZONE_CREATED,2026-07-17 03:35:00.000,1784270100000,D003122,1784270100000,1784273100000,1.14765,1.1476,1,-1,1,12558
3122,ZONE_CREATED,2026-07-17 03:40:00.000,1784270400000,D003123,1784270400000,1784273400000,1.14765,1.1476,1,1,2,12563
3123,ZONE_CREATED,2026-07-17 03:41:00.000,1784270460000,D003124,1784270460000,1784273460000,1.14765,1.1476,1,-1,3,12564
3124,ZONE_CREATED,2026-07-17 03:46:00.000,1784270760000,D003125,1784270760000,1784273760000,1.14755,1.1475,1,1,2,12569
3125,ZONE_CREATED,2026-07-17 03:48:00.000,1784270880000,D003126,1784270880000,1784273880000,1.14775,1.1477,1,-1,1,12571
3126,ZONE_CREATED,2026-07-17 03:50:00.000,1784271000000,D003127,1784271000000,1784274000000,1.14755,1.1475,1,-1,3,12573
3127,ZONE_CREATED,2026-07-17 03:53:00.000,1784271180000,D003128,1784271180000,1784274180000,1.14765,1.1476,1,1,4,12576
3128,ZONE_CREATED,2026-07-17 03:56:00.000,1784271360000,D003129,1784271360000,1784274360000,1.14765,1.1476,1,1,5,12579
3129,ZONE_CREATED,2026-07-17 03:57:00.000,1784271420000,D003130,1784271420000,1784274420000,1.14775,1.1477,1,1,2,12580
3130,ZONE_CREATED,2026-07-17 03:58:00.000,1784271480000,D003131,1784271480000,1784274480000,1.14775,1.1477,1,-1,3,12581
3131,ZONE_CREATED,2026-07-17 04:00:00.000,1784271600000,D003132,1784271600000,1784274600000,1.14765,1.1476,1,-1,6,12583
3132,ZONE_CREATED,2026-07-17 04:12:00.000,1784272320000,D003133,1784272320000,1784275320000,1.14745,1.1474,1,-1,1,12595
3133,ZONE_CREATED,2026-07-17 04:17:00.000,1784272620000,D003134,1784272620000,1784275620000,1.14745,1.1474,1,-1,2,12600
3134,ZONE_CREATED,2026-07-17 04:26:00.000,1784273160000,D003135,1784273160000,1784276160000,1.14725,1.1472,1,1,1,12609
3135,ZONE_CREATED,2026-07-17 04:28:00.000,1784273280000,D003136,1784273280000,1784276280000,1.14725,1.1472,1,1,2,12611
3136,ZONE_CREATED,2026-07-17 04:30:00.000,1784273400000,D003137,1784273400000,1784276400000,1.14735,1.1473,1,1,1,12613
3137,ZONE_CREATED,2026-07-17 04:32:00.000,1784273520000,D003138,1784273520000,1784276520000,1.14755,1.1475,1,-1,3,12615
3138,ZONE_CREATED,2026-07-17 04:33:00.000,1784273580000,D003139,1784273580000,1784276580000,1.14755,1.1475,1,-1,4,12616
3139,ZONE_CREATED,2026-07-17 04:36:00.000,1784273760000,D003140,1784273760000,1784276760000,1.1472,1.14715,1,1,3,12619
3140,ZONE_CREATED,2026-07-17 04:37:00.000,1784273820000,D003141,1784273820000,1784276820000,1.1472,1.14715,1,-1,4,12620
3141,ZONE_CREATED,2026-07-17 04:39:00.000,1784273940000,D003142,1784273940000,1784276940000,1.14725,1.1472,1,1,5,12622
3142,ZONE_CREATED,2026-07-17 04:42:00.000,1784274120000,D003143,1784274120000,1784277120000,1.14725,1.1472,1,-1,6,12625
3143,ZONE_CREATED,2026-07-17 04:44:00.000,1784274240000,D003144,1784274240000,1784277240000,1.14725,1.1472,1,1,7,12627
3144,ZONE_CREATED,2026-07-17 04:46:00.000,1784274360000,D003145,1784274360000,1784277360000,1.14735,1.1473,1,1,2,12629
3145,ZONE_CREATED,2026-07-17 04:58:00.000,1784275080000,D003146,1784275080000,1784278080000,1.14725,1.1472,1,-1,8,12641
3146,ZONE_CREATED,2026-07-17 05:08:00.000,1784275680000,D003147,1784275680000,1784278680000,1.14735,1.1473,1,1,3,12651
3147,ZONE_CREATED,2026-07-17 05:12:00.000,1784275920000,D003148,1784275920000,1784278920000,1.1471,1.14705,1,-1,1,12655
3148,ZONE_CREATED,2026-07-17 05:20:00.000,1784276400000,D003149,1784276400000,1784279400000,1.1463,1.14625,1,1,1,12663
3149,ZONE_CREATED,2026-07-17 05:22:00.000,1784276520000,D003150,1784276520000,1784279520000,1.1466,1.14655,1,-1,1,12665
3150,ZONE_CREATED,2026-07-17 05:25:00.000,1784276700000,D003151,1784276700000,1784279700000,1.1466,1.14655,1,-1,2,12668
3151,ZONE_CREATED,2026-07-17 05:31:00.000,1784277060000,D003152,1784277060000,1784280060000,1.1467,1.14665,1,1,1,12674
3152,ZONE_CREATED,2026-07-17 05:32:00.000,1784277120000,D003153,1784277120000,1784280120000,1.1467,1.14665,1,-1,2,12675
3153,ZONE_CREATED,2026-07-17 05:38:00.000,1784277480000,D003154,1784277480000,1784280480000,1.1469,1.14685,1,1,1,12681
3154,ZONE_CREATED,2026-07-17 05:46:00.000,1784277960000,D003155,1784277960000,1784280960000,1.1468,1.14675,1,-1,1,12689
3155,ZONE_CREATED,2026-07-17 05:50:00.000,1784278200000,D003156,1784278200000,1784281200000,1.1469,1.14685,1,-1,2,12693
3156,ZONE_CREATED,2026-07-17 05:59:00.000,1784278740000,D003157,1784278740000,1784281740000,1.1468,1.14675,1,-1,2,12702
3157,ZONE_CREATED,2026-07-17 06:04:00.000,1784279040000,D003158,1784279040000,1784282040000,1.1466,1.14655,1,1,3,12707
3158,ZONE_CREATED,2026-07-17 06:08:00.000,1784279280000,D003159,1784279280000,1784282280000,1.1468,1.14675,1,-1,3,12711
3159,ZONE_CREATED,2026-07-17 06:09:00.000,1784279340000,D003160,1784279340000,1784282340000,1.1468,1.14675,1,-1,4,12712
3160,ZONE_CREATED,2026-07-17 06:12:00.000,1784279520000,D003161,1784279520000,1784282520000,1.1467,1.14665,1,1,3,12715
3161,ZONE_CREATED,2026-07-17 06:13:00.000,1784279580000,D003162,1784279580000,1784282580000,1.1466,1.14655,1,1,3,12716
3162,ZONE_CREATED,2026-07-17 06:14:00.000,1784279640000,D003163,1784279640000,1784282640000,1.1464,1.14635,1,-1,1,12717
3163,ZONE_CREATED,2026-07-17 06:15:00.000,1784279700000,D003164,1784279700000,1784282700000,1.1465,1.14645,1,-1,1,12718
3164,ZONE_CREATED,2026-07-17 06:18:00.000,1784279880000,D003165,1784279880000,1784282880000,1.1465,1.14645,1,1,2,12721
3165,ZONE_CREATED,2026-07-17 06:20:00.000,1784280000000,D003166,1784280000000,1784283000000,1.1465,1.14645,1,1,3,12723
3166,ZONE_CREATED,2026-07-17 06:22:00.000,1784280120000,D003167,1784280120000,1784283120000,1.1466,1.14655,1,1,3,12725
3167,ZONE_CREATED,2026-07-17 06:28:00.000,1784280480000,D003168,1784280480000,1784283480000,1.1468,1.14675,1,1,5,12731
3168,ZONE_CREATED,2026-07-17 06:32:00.000,1784280720000,D003169,1784280720000,1784283720000,1.1467,1.14665,1,-1,2,12735
3169,ZONE_CREATED,2026-07-17 06:33:00.000,1784280780000,D003170,1784280780000,1784283780000,1.1466,1.14655,1,1,4,12736
3170,ZONE_CREATED,2026-07-17 06:43:00.000,1784281380000,D003171,1784281380000,1784284380000,1.1464,1.14635,1,-1,2,12746
3171,ZONE_CREATED,2026-07-17 06:44:00.000,1784281440000,D003172,1784281440000,1784284440000,1.1464,1.14635,1,1,3,12747
3172,ZONE_CREATED,2026-07-17 06:54:00.000,1784282040000,D003173,1784282040000,1784285040000,1.1466,1.14655,1,1,5,12757
3173,ZONE_CREATED,2026-07-17 07:05:00.000,1784282700000,D003174,1784282700000,1784285700000,1.1464,1.14635,1,1,3,12768
3174,ZONE_CREATED,2026-07-17 07:11:00.000,1784283060000,D003175,1784283060000,1784286060000,1.1465,1.14645,1,1,1,12774
3175,ZONE_CREATED,2026-07-17 07:19:00.000,1784283540000,D003176,1784283540000,1784286540000,1.1464,1.14635,1,-1,4,12782
3176,ZONE_CREATED,2026-07-17 07:21:00.000,1784283660000,D003177,1784283660000,1784286660000,1.1463,1.14625,1,-1,1,12784
3177,ZONE_CREATED,2026-07-17 07:23:00.000,1784283780000,D003178,1784283780000,1784286780000,1.1462,1.14615,1,-1,1,12786
3178,ZONE_CREATED,2026-07-17 07:40:00.000,1784284800000,D003179,1784284800000,1784287800000,1.14585,1.1458,1,-1,1,12803
3179,ZONE_CREATED,2026-07-17 07:47:00.000,1784285220000,D003180,1784285220000,1784288220000,1.14585,1.1458,1,-1,2,12810
3180,ZONE_CREATED,2026-07-17 07:50:00.000,1784285400000,D003181,1784285400000,1784288400000,1.14585,1.1458,1,1,3,12813
3181,ZONE_CREATED,2026-07-17 07:54:00.000,1784285640000,D003182,1784285640000,1784288640000,1.14555,1.1455,1,1,1,12817
3182,ZONE_CREATED,2026-07-17 07:59:00.000,1784285940000,D003183,1784285940000,1784288940000,1.14535,1.14525,2,-1,1,12822
3183,ZONE_CREATED,2026-07-17 08:01:00.000,1784286060000,D003184,1784286060000,1784289060000,1.14545,1.1454,1,1,1,12824
3184,ZONE_CREATED,2026-07-17 08:03:00.000,1784286180000,D003185,1784286180000,1784289180000,1.14545,1.1454,1,-1,2,12826
3185,ZONE_CREATED,2026-07-17 08:05:00.000,1784286300000,D003186,1784286300000,1784289300000,1.14525,1.1452,1,1,2,12828
3186,ZONE_CREATED,2026-07-17 08:06:00.000,1784286360000,D003187,1784286360000,1784289360000,1.14525,1.1452,1,-1,3,12829
3187,ZONE_CREATED,2026-07-17 08:15:00.000,1784286900000,D003188,1784286900000,1784289900000,1.14555,1.1455,1,1,2,12838
3188,ZONE_CREATED,2026-07-17 08:20:00.000,1784287200000,D003189,1784287200000,1784290200000,1.14565,1.1456,1,1,1,12843
3189,ZONE_CREATED,2026-07-17 08:27:00.000,1784287620000,D003190,1784287620000,1784290620000,1.14555,1.1455,1,1,3,12850
3190,ZONE_CREATED,2026-07-17 08:28:00.000,1784287680000,D003191,1784287680000,1784290680000,1.14565,1.1456,1,1,2,12851
3191,ZONE_CREATED,2026-07-17 08:29:00.000,1784287740000,D003192,1784287740000,1784290740000,1.14565,1.1456,1,1,3,12852
3192,ZONE_CREATED,2026-07-17 08:31:00.000,1784287860000,D003193,1784287860000,1784290860000,1.14575,1.1457,1,-1,1,12854
3193,ZONE_CREATED,2026-07-17 08:39:00.000,1784288340000,D003194,1784288340000,1784291340000,1.14615,1.1461,1,1,1,12862
3194,ZONE_CREATED,2026-07-17 08:40:00.000,1784288400000,D003195,1784288400000,1784291400000,1.1462,1.14615,1,1,2,12863
3195,ZONE_CREATED,2026-07-17 08:41:00.000,1784288460000,D003196,1784288460000,1784291460000,1.14615,1.1461,1,1,3,12864
3196,ZONE_CREATED,2026-07-17 08:54:00.000,1784289240000,D003197,1784289240000,1784292240000,1.14585,1.1458,1,1,1,12877
3197,ZONE_CREATED,2026-07-17 08:55:00.000,1784289300000,D003198,1784289300000,1784292300000,1.14595,1.14585,2,-1,2,12878
3198,ZONE_CREATED,2026-07-17 09:00:00.000,1784289600000,D003199,1784289600000,1784292600000,1.1457,1.1456,2,1,5,12883
3199,ZONE_CREATED,2026-07-17 09:06:00.000,1784289960000,D003200,1784289960000,1784292960000,1.14595,1.1459,1,1,2,12889
3200,ZONE_CREATED,2026-07-17 09:09:00.000,1784290140000,D003201,1784290140000,1784293140000,1.14615,1.1461,1,-1,4,12892
3201,ZONE_CREATED,2026-07-17 09:10:00.000,1784290200000,D003202,1784290200000,1784293200000,1.14615,1.1461,1,1,5,12893
3202,ZONE_CREATED,2026-07-17 09:11:00.000,1784290260000,D003203,1784290260000,1784293260000,1.14615,1.1461,1,-1,6,12894
3203,ZONE_CREATED,2026-07-17 09:12:00.000,1784290320000,D003204,1784290320000,1784293320000,1.14605,1.146,1,-1,1,12895
3204,ZONE_CREATED,2026-07-17 09:15:00.000,1784290500000,D003205,1784290500000,1784293500000,1.14595,1.1459,1,1,3,12898
3205,ZONE_CREATED,2026-07-17 09:21:00.000,1784290860000,D003206,1784290860000,1784293860000,1.14585,1.1458,1,1,3,12904
3206,ZONE_CREATED,2026-07-17 09:22:00.000,1784290920000,D003207,1784290920000,1784293920000,1.14595,1.1459,1,1,4,12905
3207,ZONE_CREATED,2026-07-17 09:24:00.000,1784291040000,D003208,1784291040000,1784294040000,1.14595,1.1459,1,1,5,12907
3208,ZONE_CREATED,2026-07-17 09:32:00.000,1784291520000,D003209,1784291520000,1784294520000,1.14585,1.1458,1,1,4,12915
3209,ZONE_CREATED,2026-07-17 09:36:00.000,1784291760000,D003210,1784291760000,1784294760000,1.14555,1.1455,1,1,1,12919
3210,ZONE_CREATED,2026-07-17 09:41:00.000,1784292060000,D003211,1784292060000,1784295060000,1.14535,1.1453,1,1,1,12924
3211,ZONE_CREATED,2026-07-17 09:42:00.000,1784292120000,D003212,1784292120000,1784295120000,1.14535,1.1453,1,1,2,12925
3212,ZONE_CREATED,2026-07-17 09:45:00.000,1784292300000,D003213,1784292300000,1784295300000,1.14535,1.1453,1,-1,3,12928
3213,ZONE_CREATED,2026-07-17 09:55:00.000,1784292900000,D003214,1784292900000,1784295900000,1.14535,1.1453,1,1,4,12938
3214,ZONE_CREATED,2026-07-17 09:59:00.000,1784293140000,D003215,1784293140000,1784296140000,1.14545,1.1454,1,1,1,12942
3215,ZONE_CREATED,2026-07-17 10:00:00.000,1784293200000,D003216,1784293200000,1784296200000,1.14555,1.1455,1,1,2,12943
3216,ZONE_CREATED,2026-07-17 10:01:00.000,1784293260000,D003217,1784293260000,1784296260000,1.14565,1.1456,1,-1,1,12944
3217,ZONE_CREATED,2026-07-17 10:06:00.000,1784293560000,D003218,1784293560000,1784296560000,1.14545,1.1454,1,1,2,12949
3218,ZONE_CREATED,2026-07-17 10:11:00.000,1784293860000,D003219,1784293860000,1784296860000,1.14565,1.1456,1,1,2,12954
3219,ZONE_CREATED,2026-07-17 10:12:00.000,1784293920000,D003220,1784293920000,1784296920000,1.14575,1.1457,1,1,1,12955
3220,ZONE_CREATED,2026-07-17 10:14:00.000,1784294040000,D003221,1784294040000,1784297040000,1.14575,1.1457,1,-1,2,12957
3221,ZONE_CREATED,2026-07-17 10:17:00.000,1784294220000,D003222,1784294220000,1784297220000,1.14545,1.1454,1,1,3,12960
3222,ZONE_CREATED,2026-07-17 10:18:00.000,1784294280000,D003223,1784294280000,1784297280000,1.14535,1.1453,1,1,5,12961
3223,ZONE_CREATED,2026-07-17 10:20:00.000,1784294400000,D003224,1784294400000,1784297400000,1.14525,1.1452,1,1,1,12963
3224,ZONE_CREATED,2026-07-17 10:33:00.000,1784295180000,D003225,1784295180000,1784298180000,1.14545,1.1454,1,-1,4,12976
3225,ZONE_CREATED,2026-07-17 10:36:00.000,1784295360000,D003226,1784295360000,1784298360000,1.14565,1.1456,1,1,3,12979
3226,ZONE_CREATED,2026-07-17 10:37:00.000,1784295420000,D003227,1784295420000,1784298420000,1.14565,1.1456,1,1,4,12980
3227,ZONE_CREATED,2026-07-17 10:39:00.000,1784295540000,D003228,1784295540000,1784298540000,1.14575,1.1457,1,1,3,12982
3228,ZONE_CREATED,2026-07-17 10:42:00.000,1784295720000,D003229,1784295720000,1784298720000,1.14565,1.1456,1,1,5,12985
3229,ZONE_CREATED,2026-07-17 10:44:00.000,1784295840000,D003230,1784295840000,1784298840000,1.14585,1.1458,1,-1,1,12987
3230,ZONE_CREATED,2026-07-17 10:45:00.000,1784295900000,D003231,1784295900000,1784298900000,1.14585,1.1458,1,-1,2,12988
3231,ZONE_CREATED,2026-07-17 10:55:00.000,1784296500000,D003232,1784296500000,1784299500000,1.1462,1.1461,2,1,1,12998
3232,ZONE_CREATED,2026-07-17 10:57:00.000,1784296620000,D003233,1784296620000,1784299620000,1.1462,1.14615,1,-1,2,13000
3233,ZONE_CREATED,2026-07-17 11:00:00.000,1784296800000,D003234,1784296800000,1784299800000,1.1463,1.14625,1,1,1,13003
3234,ZONE_CREATED,2026-07-17 11:04:00.000,1784297040000,D003235,1784297040000,1784300040000,1.14605,1.146,1,-1,1,13007
3235,ZONE_CREATED,2026-07-17 11:08:00.000,1784297280000,D003236,1784297280000,1784300280000,1.14615,1.1461,1,1,3,13011
3236,ZONE_CREATED,2026-07-17 11:09:00.000,1784297340000,D003237,1784297340000,1784300340000,1.1462,1.14615,1,1,4,13012
3237,ZONE_CREATED,2026-07-17 11:16:00.000,1784297760000,D003238,1784297760000,1784300760000,1.1464,1.14635,1,-1,1,13019
3238,ZONE_CREATED,2026-07-17 11:17:00.000,1784297820000,D003239,1784297820000,1784300820000,1.1465,1.14645,1,-1,1,13020
3239,ZONE_CREATED,2026-07-17 11:19:00.000,1784297940000,D003240,1784297940000,1784300940000,1.1467,1.14665,1,1,1,13022
3240,ZONE_CREATED,2026-07-17 11:21:00.000,1784298060000,D003241,1784298060000,1784301060000,1.1467,1.14665,1,1,2,13024
3241,ZONE_CREATED,2026-07-17 11:28:00.000,1784298480000,D003242,1784298480000,1784301480000,1.1464,1.14635,1,-1,2,13031
3242,ZONE_CREATED,2026-07-17 11:30:00.000,1784298600000,D003243,1784298600000,1784301600000,1.1462,1.14615,1,1,5,13033
3243,ZONE_CREATED,2026-07-17 11:33:00.000,1784298780000,D003244,1784298780000,1784301780000,1.1464,1.14635,1,-1,3,13036
3244,ZONE_CREATED,2026-07-17 11:38:00.000,1784299080000,D003245,1784299080000,1784302080000,1.1464,1.14635,1,1,4,13041
3245,ZONE_CREATED,2026-07-17 11:40:00.000,1784299200000,D003246,1784299200000,1784302200000,1.1465,1.14645,1,1,2,13043
3246,ZONE_CREATED,2026-07-17 11:46:00.000,1784299560000,D003247,1784299560000,1784302560000,1.1468,1.14675,1,1,1,13049
3247,ZONE_CREATED,2026-07-17 11:48:00.000,1784299680000,D003248,1784299680000,1784302680000,1.147,1.14695,1,1,1,13051
3248,ZONE_CREATED,2026-07-17 11:56:00.000,1784300160000,D003249,1784300160000,1784303160000,1.1465,1.14645,1,-1,3,13059
3249,ZONE_CREATED,2026-07-17 11:57:00.000,1784300220000,D003250,1784300220000,1784303220000,1.1465,1.14645,1,-1,4,13060
3250,ZONE_CREATED,2026-07-17 12:07:00.000,1784300820000,D003251,1784300820000,1784303820000,1.1469,1.14685,1,1,1,13070
3251,ZONE_CREATED,2026-07-17 12:09:00.000,1784300940000,D003252,1784300940000,1784303940000,1.1469,1.14685,1,-1,2,13072
3252,ZONE_CREATED,2026-07-17 12:12:00.000,1784301120000,D003253,1784301120000,1784304120000,1.1467,1.14665,1,-1,1,13075
3253,ZONE_CREATED,2026-07-17 12:18:00.000,1784301480000,D003254,1784301480000,1784304480000,1.1467,1.14665,1,1,2,13081
3254,ZONE_CREATED,2026-07-17 12:23:00.000,1784301780000,D003255,1784301780000,1784304780000,1.147,1.14695,1,-1,2,13086
3255,ZONE_CREATED,2026-07-17 12:24:00.000,1784301840000,D003256,1784301840000,1784304840000,1.1469,1.14685,1,-1,3,13087
3256,ZONE_CREATED,2026-07-17 12:25:00.000,1784301900000,D003257,1784301900000,1784304900000,1.1469,1.14685,1,1,4,13088
3257,ZONE_CREATED,2026-07-17 12:30:00.000,1784302200000,D003258,1784302200000,1784305200000,1.1468,1.14675,1,1,2,13093
3258,ZONE_CREATED,2026-07-17 12:33:00.000,1784302380000,D003259,1784302380000,1784305380000,1.1468,1.14675,1,-1,3,13096
3259,ZONE_CREATED,2026-07-17 12:34:00.000,1784302440000,D003260,1784302440000,1784305440000,1.1468,1.14675,1,-1,4,13097
3260,ZONE_CREATED,2026-07-17 12:38:00.000,1784302680000,D003261,1784302680000,1784305680000,1.1468,1.14675,1,-1,4,13101
3261,ZONE_CREATED,2026-07-17 12:40:00.000,1784302800000,D003262,1784302800000,1784305800000,1.1467,1.14665,1,-1,3,13103
3262,ZONE_CREATED,2026-07-17 12:41:00.000,1784302860000,D003263,1784302860000,1784305860000,1.1466,1.14655,1,-1,1,13104
3263,ZONE_CREATED,2026-07-17 12:50:00.000,1784303400000,D003264,1784303400000,1784306400000,1.1466,1.14655,1,-1,2,13113
3264,ZONE_CREATED,2026-07-17 12:52:00.000,1784303520000,D003265,1784303520000,1784306520000,1.1467,1.14665,1,-1,4,13115
3265,ZONE_CREATED,2026-07-17 12:53:00.000,1784303580000,D003266,1784303580000,1784306580000,1.1467,1.14665,1,1,5,13116
3266,ZONE_CREATED,2026-07-17 12:55:00.000,1784303700000,D003267,1784303700000,1784306700000,1.1466,1.14655,1,1,3,13118
3267,ZONE_CREATED,2026-07-17 13:04:00.000,1784304240000,D003268,1784304240000,1784307240000,1.14615,1.1461,1,-1,1,13127
3268,ZONE_CREATED,2026-07-17 13:08:00.000,1784304480000,D003269,1784304480000,1784307480000,1.1464,1.14635,1,-1,1,13131
3269,ZONE_CREATED,2026-07-17 13:10:00.000,1784304600000,D003270,1784304600000,1784307600000,1.1466,1.14655,1,-1,4,13133
3270,ZONE_CREATED,2026-07-17 13:13:00.000,1784304780000,D003271,1784304780000,1784307780000,1.1466,1.14655,1,1,5,13136
3271,ZONE_CREATED,2026-07-17 13:21:00.000,1784305260000,D003272,1784305260000,1784308260000,1.1466,1.14655,1,-1,6,13144
3272,ZONE_CREATED,2026-07-17 13:33:00.000,1784305980000,D003273,1784305980000,1784308980000,1.1468,1.14675,1,1,1,13156
3273,ZONE_CREATED,2026-07-17 13:38:00.000,1784306280000,D003274,1784306280000,1784309280000,1.1466,1.14655,1,1,6,13161
3274,ZONE_CREATED,2026-07-17 13:39:00.000,1784306340000,D003275,1784306340000,1784309340000,1.1466,1.14655,1,1,7,13162
3275,ZONE_CREATED,2026-07-17 13:43:00.000,1784306580000,D003276,1784306580000,1784309580000,1.1467,1.14665,1,-1,2,13166
3276,ZONE_CREATED,2026-07-17 13:47:00.000,1784306820000,D003277,1784306820000,1784309820000,1.1465,1.14645,1,-1,1,13170
3277,ZONE_CREATED,2026-07-17 13:52:00.000,1784307120000,D003278,1784307120000,1784310120000,1.1465,1.14645,1,-1,2,13175
3278,ZONE_CREATED,2026-07-17 13:53:00.000,1784307180000,D003279,1784307180000,1784310180000,1.1465,1.14645,1,1,3,13176
3279,ZONE_CREATED,2026-07-17 13:55:00.000,1784307300000,D003280,1784307300000,1784310300000,1.1466,1.14655,1,-1,6,13178
3280,ZONE_CREATED,2026-07-17 14:07:00.000,1784308020000,D003281,1784308020000,1784311020000,1.1463,1.14625,1,-1,1,13190
3281,ZONE_CREATED,2026-07-17 14:13:00.000,1784308380000,D003282,1784308380000,1784311380000,1.14615,1.1461,1,-1,1,13196
3282,ZONE_CREATED,2026-07-17 14:14:00.000,1784308440000,D003283,1784308440000,1784311440000,1.14615,1.1461,1,-1,2,13197
3283,ZONE_CREATED,2026-07-17 14:15:00.000,1784308500000,D003284,1784308500000,1784311500000,1.14615,1.1461,1,-1,3,13198
3284,ZONE_CREATED,2026-07-17 14:18:00.000,1784308680000,D003285,1784308680000,1784311680000,1.14615,1.1461,1,-1,4,13201
3285,ZONE_CREATED,2026-07-17 14:21:00.000,1784308860000,D003286,1784308860000,1784311860000,1.14605,1.146,1,1,1,13204
3286,ZONE_CREATED,2026-07-17 14:22:00.000,1784308920000,D003287,1784308920000,1784311920000,1.14615,1.1461,1,1,5,13205
3287,ZONE_CREATED,2026-07-17 14:25:00.000,1784309100000,D003288,1784309100000,1784312100000,1.14605,1.146,1,1,2,13208
3288,ZONE_CREATED,2026-07-17 14:26:00.000,1784309160000,D003289,1784309160000,1784312160000,1.14615,1.1461,1,1,6,13209
3289,ZONE_CREATED,2026-07-17 14:27:00.000,1784309220000,D003290,1784309220000,1784312220000,1.1462,1.14615,1,-1,7,13210
3290,ZONE_CREATED,2026-07-17 14:33:00.000,1784309580000,D003291,1784309580000,1784312580000,1.1462,1.14615,1,1,8,13216
3291,ZONE_CREATED,2026-07-17 14:40:00.000,1784310000000,D003292,1784310000000,1784313000000,1.14615,1.1461,1,-1,9,13223
3292,ZONE_CREATED,2026-07-17 14:50:00.000,1784310600000,D003293,1784310600000,1784313600000,1.14615,1.1461,1,-1,10,13232
3293,ZONE_CREATED,2026-07-17 14:55:00.000,1784310900000,D003294,1784310900000,1784313900000,1.14615,1.1461,1,-1,11,13237
3294,ZONE_CREATED,2026-07-17 15:01:00.000,1784311260000,D003295,1784311260000,1784314260000,1.14605,1.146,1,1,3,13243
3295,ZONE_CREATED,2026-07-17 15:03:00.000,1784311380000,D003296,1784311380000,1784314380000,1.14605,1.146,1,-1,4,13245
3296,ZONE_CREATED,2026-07-17 15:12:00.000,1784311920000,D003297,1784311920000,1784314920000,1.1462,1.14615,1,-1,8,13254
3297,ZONE_CREATED,2026-07-17 15:15:00.000,1784312100000,D003298,1784312100000,1784315100000,1.1462,1.14615,1,-1,8,13257
3298,ZONE_CREATED,2026-07-17 15:16:00.000,1784312160000,D003299,1784312160000,1784315160000,1.14615,1.1461,1,-1,9,13258
3299,ZONE_CREATED,2026-07-17 15:17:00.000,1784312220000,D003300,1784312220000,1784315220000,1.1462,1.14615,1,1,10,13259
3300,ZONE_CREATED,2026-07-17 15:18:00.000,1784312280000,D003301,1784312280000,1784315280000,1.1463,1.14625,1,-1,1,13260
3301,ZONE_CREATED,2026-07-17 15:21:00.000,1784312460000,D003302,1784312460000,1784315460000,1.1463,1.14625,1,1,2,13263
3302,ZONE_CREATED,2026-07-17 15:29:00.000,1784312940000,D003303,1784312940000,1784315940000,1.1463,1.14625,1,1,3,13271
3303,ZONE_CREATED,2026-07-17 15:38:00.000,1784313480000,D003304,1784313480000,1784316480000,1.1463,1.14625,1,-1,4,13280
3304,ZONE_CREATED,2026-07-17 15:40:00.000,1784313600000,D003305,1784313600000,1784316600000,1.1463,1.14625,1,-1,5,13282
3305,ZONE_CREATED,2026-07-17 15:48:00.000,1784314080000,D003306,1784314080000,1784317080000,1.1462,1.14615,1,1,5,13289
3306,ZONE_CREATED,2026-07-17 15:51:00.000,1784314260000,D003307,1784314260000,1784317260000,1.1462,1.14615,1,1,6,13292
3307,ZONE_CREATED,2026-07-17 15:58:00.000,1784314680000,D003308,1784314680000,1784317680000,1.1463,1.14625,1,-1,6,13299
3308,ZONE_CREATED,2026-07-17 15:59:00.000,1784314740000,D003309,1784314740000,1784317740000,1.1463,1.14625,1,-1,7,13300
3309,ZONE_CREATED,2026-07-17 16:12:00.000,1784315520000,D003310,1784315520000,1784318520000,1.1463,1.14625,1,-1,8,13310
3310,ZONE_CREATED,2026-07-17 16:15:00.000,1784315700000,D003311,1784315700000,1784318700000,1.1463,1.1462,2,-1,10,13313
3311,ZONE_CREATED,2026-07-17 16:17:00.000,1784315820000,D003312,1784315820000,1784318820000,1.1462,1.14615,1,-1,4,13315
3312,ZONE_CREATED,2026-07-17 16:18:00.000,1784315880000,D003313,1784315880000,1784318880000,1.1462,1.14615,1,1,5,13316
3313,ZONE_CREATED,2026-07-17 16:20:00.000,1784316000000,D003314,1784316000000,1784319000000,1.1462,1.14615,1,-1,6,13318
3314,ZONE_CREATED,2026-07-17 16:24:00.000,1784316240000,D003315,1784316240000,1784319240000,1.1463,1.14625,1,-1,7,13322
3315,ZONE_CREATED,2026-07-17 16:34:00.000,1784316840000,D003316,1784316840000,1784319840000,1.1463,1.14625,1,-1,7,13332
3316,ZONE_CREATED,2026-07-17 16:37:00.000,1784317020000,D003317,1784317020000,1784320020000,1.1463,1.14625,1,-1,7,13335
3317,ZONE_CREATED,2026-07-17 16:45:00.000,1784317500000,D003318,1784317500000,1784320500000,1.1465,1.14645,1,-1,1,13343
3318,ZONE_CREATED,2026-07-17 16:58:00.000,1784318280000,D003319,1784318280000,1784321280000,1.1467,1.14665,1,-1,1,13356
3319,ZONE_CREATED,2026-07-17 17:05:00.000,1784318700000,D003320,1784318700000,1784321700000,1.1468,1.1467,2,1,2,13363
3320,ZONE_CREATED,2026-07-17 17:06:00.000,1784318760000,D003321,1784318760000,1784321760000,1.1468,1.14675,1,1,2,13364
3321,ZONE_CREATED,2026-07-17 17:07:00.000,1784318820000,D003322,1784318820000,1784321820000,1.1468,1.14675,1,-1,3,13365
3322,ZONE_CREATED,2026-07-17 17:10:00.000,1784319000000,D003323,1784319000000,1784322000000,1.1467,1.14665,1,-1,3,13368
3323,ZONE_CREATED,2026-07-17 17:12:00.000,1784319120000,D003324,1784319120000,1784322120000,1.1467,1.14665,1,-1,4,13370
3324,ZONE_CREATED,2026-07-17 17:18:00.000,1784319480000,D003325,1784319480000,1784322480000,1.1466,1.14655,1,-1,1,13376
3325,ZONE_CREATED,2026-07-17 17:19:00.000,1784319540000,D003326,1784319540000,1784322540000,1.1466,1.14655,1,1,2,13377
3326,ZONE_CREATED,2026-07-17 17:20:00.000,1784319600000,D003327,1784319600000,1784322600000,1.1466,1.14655,1,-1,3,13378
3327,ZONE_CREATED,2026-07-17 17:25:00.000,1784319900000,D003328,1784319900000,1784322900000,1.1464,1.14635,1,-1,1,13383
3328,ZONE_CREATED,2026-07-17 17:31:00.000,1784320260000,D003329,1784320260000,1784323260000,1.1465,1.14645,1,1,2,13387
3329,ZONE_CREATED,2026-07-17 17:33:00.000,1784320380000,D003330,1784320380000,1784323380000,1.1464,1.14635,1,-1,2,13389
3330,ZONE_CREATED,2026-07-17 17:35:00.000,1784320500000,D003331,1784320500000,1784323500000,1.14645,1.14635,2,-1,5,13391
3331,ZONE_CREATED,2026-07-17 17:36:00.000,1784320560000,D003332,1784320560000,1784323560000,1.1464,1.14635,1,-1,4,13392
3332,ZONE_CREATED,2026-07-17 17:37:00.000,1784320620000,D003333,1784320620000,1784323620000,1.1464,1.14635,1,1,5,13393
3333,ZONE_CREATED,2026-07-17 17:38:00.000,1784320680000,D003334,1784320680000,1784323680000,1.1464,1.14635,1,-1,6,13394
3334,ZONE_CREATED,2026-07-17 17:43:00.000,1784320980000,D003335,1784320980000,1784323980000,1.1464,1.14635,1,-1,7,13398
3335,ZONE_CREATED,2026-07-17 17:44:00.000,1784321040000,D003336,1784321040000,1784324040000,1.1464,1.14635,1,-1,8,13399
3336,ZONE_CREATED,2026-07-17 17:45:00.000,1784321100000,D003337,1784321100000,1784324100000,1.1464,1.14635,1,-1,9,13400
3337,ZONE_CREATED,2026-07-17 17:52:00.000,1784321520000,D003338,1784321520000,1784324520000,1.1464,1.14635,1,-1,10,13407
3338,ZONE_CREATED,2026-07-17 17:53:00.000,1784321580000,D003339,1784321580000,1784324580000,1.1464,1.14635,1,1,11,13408
3339,ZONE_CREATED,2026-07-17 17:58:00.000,1784321880000,D003340,1784321880000,1784324880000,1.1464,1.14635,1,1,12,13413
