instrument,start_ms,end_ms,upper,lower,mid,direction,diff_ticks,overlap_at_birth,m1_bar
MNQ 09-26,1784757660000,1784757960000,29108.75,29107,29107.875,1,7,1,1
MNQ 09-26,1784757720000,1784758020000,29095.25,29095,29095.125,1,1,1,2
MNQ 09-26,1784757780000,1784758080000,29088.5,29088.25,29088.375,1,1,1,3
MNQ 09-26,1784757840000,1784758140000,29085.25,29084,29084.625,-1,5,1,4
MNQ 09-26,1784757900000,1784758200000,29079.5,29079.25,29079.375,1,1,1,5
MNQ 09-26,1784758020000,1784758320000,29078.25,29077.5,29077.875,1,3,1,7
MNQ 09-26,1784758080000,1784758380000,29065.75,29065,29065.375,1,3,1,8
MNQ 09-26,1784758140000,1784758440000,29070.25,29069.5,29069.875,-1,3,1,9
MNQ 09-26,1784758200000,1784758500000,29067.25,29066.75,29067,1,2,1,10
MNQ 09-26,1784758260000,1784758560000,29073.5,29072.75,29073.125,-1,3,1,11
MNQ 09-26,1784758320000,1784758620000,29075,29074.5,29074.75,1,2,1,12
MNQ 09-26,1784758380000,1784758680000,29085.75,29085,29085.375,-1,3,1,13
MNQ 09-26,1784758440000,1784758740000,29089,29088,29088.5,1,4,1,14
MNQ 09-26,1784758500000,1784758800000,29085.5,29085.25,29085.375,1,1,2,15
MNQ 09-26,1784758560000,1784758860000,29087.5,29086.75,29087.125,1,3,1,16
MNQ 09-26,1784758620000,1784758920000,29084.5,29084.25,29084.375,-1,1,1,17
MNQ 09-26,1784758680000,1784758980000,29080,29079.25,29079.625,1,3,1,18
MNQ 09-26,1784758740000,1784759040000,29085.75,29085.25,29085.5,-1,2,2,19
MNQ 09-26,1784758800000,1784759100000,29083.25,29082.75,29083,-1,2,1,20
MNQ 09-26,1784758860000,1784759160000,29091,29090.25,29090.625,1,3,1,21
MNQ 09-26,1784758920000,1784759220000,29086.75,29086.25,29086.5,1,2,1,22
MNQ 09-26,1784758980000,1784759280000,29084.75,29084.25,29084.5,1,2,1,23
MNQ 09-26,1784759040000,1784759340000,29083.5,29082.5,29083,-1,4,2,24
MNQ 09-26,1784759100000,1784759400000,29090,29089.25,29089.625,1,3,1,25
MNQ 09-26,1784759160000,1784759460000,29096.75,29096.25,29096.5,-1,2,1,26
MNQ 09-26,1784759220000,1784759520000,29106.25,29105.75,29106,-1,2,1,27
MNQ 09-26,1784759280000,1784759580000,29099.5,29098.5,29099,1,4,1,28
MNQ 09-26,1784759340000,1784759640000,29085.75,29085,29085.375,-1,3,1,29
MNQ 09-26,1784759400000,1784759700000,29082.5,29082.25,29082.375,1,1,1,30
MNQ 09-26,1784759460000,1784759760000,29083.25,29082.25,29082.75,1,4,2,31
MNQ 09-26,1784759520000,1784759820000,29086.25,29086,29086.125,1,1,1,32
MNQ 09-26,1784759580000,1784759880000,29080.25,29080,29080.125,-1,1,1,33
MNQ 09-26,1784759760000,1784760060000,29084.5,29082.5,29083.5,1,8,2,36
MNQ 09-26,1784759880000,1784760180000,29061.25,29060.75,29061,1,2,1,38
MNQ 09-26,1784759940000,1784760240000,29060,29059.5,29059.75,-1,2,1,39
MNQ 09-26,1784760000000,1784760300000,29048.25,29048,29048.125,1,1,1,40
MNQ 09-26,1784760120000,1784760420000,29046.5,29046,29046.25,1,2,1,42
MNQ 09-26,1784760180000,1784760480000,29045.25,29044.5,29044.875,-1,3,1,43
MNQ 09-26,1784760240000,1784760540000,29049,29048.5,29048.75,1,2,1,44
MNQ 09-26,1784760300000,1784760600000,29046.5,29045.75,29046.125,1,3,2,45
MNQ 09-26,1784760420000,1784760720000,29044.25,29043.75,29044,1,2,1,47
MNQ 09-26,1784760480000,1784760780000,29042,29041.75,29041.875,-1,1,1,48
MNQ 09-26,1784760600000,1784760900000,29062.75,29062.5,29062.625,1,1,1,50
MNQ 09-26,1784760660000,1784760960000,29057.25,29057,29057.125,-1,1,1,51
MNQ 09-26,1784760720000,1784761020000,29068.5,29068,29068.25,1,2,1,52
MNQ 09-26,1784760780000,1784761080000,29072.5,29071.75,29072.125,-1,3,1,53
MNQ 09-26,1784760840000,1784761140000,29073,29072.25,29072.625,-1,3,2,54
MNQ 09-26,1784760900000,1784761200000,29079,29078.75,29078.875,-1,1,1,55
MNQ 09-26,1784760960000,1784761260000,29079.5,29078.75,29079.125,1,3,2,56
MNQ 09-26,1784761020000,1784761320000,29083,29082.75,29082.875,-1,1,1,57
MNQ 09-26,1784761080000,1784761380000,29073.75,29073,29073.375,1,3,2,58
MNQ 09-26,1784761200000,1784761500000,29072.75,29071.75,29072.25,1,4,1,60
MNQ 09-26,1784761260000,1784761560000,29069.25,29068.75,29069,-1,2,1,61
MNQ 09-26,1784761380000,1784761680000,29071.75,29071.25,29071.5,1,2,2,63
MNQ 09-26,1784761440000,1784761740000,29068,29067.25,29067.625,-1,3,1,64
MNQ 09-26,1784761560000,1784761860000,29033,29032.5,29032.75,1,2,1,66
MNQ 09-26,1784761620000,1784761920000,29035,29034.5,29034.75,1,2,1,67
MNQ 09-26,1784761680000,1784761980000,29040.25,29039.75,29040,-1,2,1,68
MNQ 09-26,1784761740000,1784762040000,29040,29039.5,29039.75,1,2,2,69
MNQ 09-26,1784761800000,1784762100000,29033.75,29033.5,29033.625,-1,1,1,70
MNQ 09-26,1784761920000,1784762220000,29042,29041.75,29041.875,1,1,1,72
MNQ 09-26,1784761980000,1784762280000,29060.75,29060,29060.375,-1,3,1,73
MNQ 09-26,1784762040000,1784762340000,29067,29066.5,29066.75,-1,2,1,74
MNQ 09-26,1784762160000,1784762460000,29065.25,29064.75,29065,1,2,1,76
MNQ 09-26,1784762220000,1784762520000,29057.5,29056.5,29057,-1,4,1,77
MNQ 09-26,1784762280000,1784762580000,29044.5,29043.25,29043.875,-1,5,1,78
MNQ 09-26,1784762340000,1784762640000,29046.25,29045.75,29046,-1,2,1,79
MNQ 09-26,1784762400000,1784762700000,29043,29042.5,29042.75,1,2,1,80
MNQ 09-26,1784762460000,1784762760000,29047,29046.75,29046.875,-1,1,1,81
MNQ 09-26,1784762520000,1784762820000,29047.75,29046.75,29047.25,-1,4,2,82
MNQ 09-26,1784762580000,1784762880000,29046.5,29046,29046.25,-1,2,2,83
MNQ 09-26,1784762640000,1784762940000,29052,29051.5,29051.75,-1,2,1,84
MNQ 09-26,1784762820000,1784763120000,29059.5,29059,29059.25,-1,2,1,87
MNQ 09-26,1784762880000,1784763180000,29060,29059,29059.5,1,4,2,88
MNQ 09-26,1784762940000,1784763240000,29052.75,29052.5,29052.625,-1,1,1,89
MNQ 09-26,1784763060000,1784763360000,29064,29063.5,29063.75,-1,2,1,91
MNQ 09-26,1784763120000,1784763420000,29068.75,29068,29068.375,1,3,1,92
MNQ 09-26,1784763180000,1784763480000,29073,29072.5,29072.75,1,2,1,93
MNQ 09-26,1784763240000,1784763540000,29074.5,29073.75,29074.125,1,3,1,94
MNQ 09-26,1784763300000,1784763600000,29071.5,29071.25,29071.375,-1,1,1,95
MNQ 09-26,1784763420000,1784763720000,29077.75,29077,29077.375,1,3,1,97
MNQ 09-26,1784763480000,1784763780000,29076,29075.5,29075.75,1,2,1,98
MNQ 09-26,1784763540000,1784763840000,29078,29077.25,29077.625,-1,3,2,99
MNQ 09-26,1784763600000,1784763900000,29079.75,29079.25,29079.5,-1,2,1,100
MNQ 09-26,1784763660000,1784763960000,29092,29091.75,29091.875,1,1,1,101
MNQ 09-26,1784763720000,1784764020000,29091.75,29090.75,29091.25,-1,4,2,102
MNQ 09-26,1784763840000,1784764140000,29094.75,29094.5,29094.625,1,1,1,104
MNQ 09-26,1784763900000,1784764200000,29097,29096.75,29096.875,-1,1,1,105
MNQ 09-26,1784763960000,1784764260000,29118.5,29118.25,29118.375,1,1,1,106
MNQ 09-26,1784764080000,1784764380000,29126.5,29126,29126.25,-1,2,1,108
MNQ 09-26,1784764140000,1784764440000,29136.75,29136.25,29136.5,-1,2,1,109
MNQ 09-26,1784764200000,1784764500000,29128,29127.75,29127.875,-1,1,1,110
MNQ 09-26,1784764320000,1784764620000,29132,29131.5,29131.75,1,2,1,112
MNQ 09-26,1784764440000,1784764740000,29124.25,29124,29124.125,1,1,1,114
MNQ 09-26,1784764500000,1784764800000,29126.75,29126.25,29126.5,-1,2,1,115
MNQ 09-26,1784764560000,1784764860000,29122,29121.5,29121.75,1,2,1,116
MNQ 09-26,1784764620000,1784764920000,29125,29124,29124.5,1,4,2,117
MNQ 09-26,1784764680000,1784764980000,29124.75,29124.25,29124.5,1,2,3,118
MNQ 09-26,1784764740000,1784765040000,29136.75,29136.5,29136.625,-1,1,1,119
MNQ 09-26,1784764800000,1784765100000,29143,29142.75,29142.875,1,1,1,120
MNQ 09-26,1784764860000,1784765160000,29150.75,29150.5,29150.625,-1,1,1,121
MNQ 09-26,1784764920000,1784765220000,29162,29161.75,29161.875,-1,1,1,122
MNQ 09-26,1784764980000,1784765280000,29137,29135.75,29136.375,1,5,2,123
MNQ 09-26,1784765040000,1784765340000,29142,29141.75,29141.875,1,1,1,124
MNQ 09-26,1784765100000,1784765400000,29156.75,29156,29156.375,1,3,1,125
MNQ 09-26,1784765160000,1784765460000,29164.25,29164,29164.125,-1,1,1,126
MNQ 09-26,1784765220000,1784765520000,29168.5,29168,29168.25,-1,2,1,127
MNQ 09-26,1784765340000,1784765640000,29169.75,29169,29169.375,1,3,1,129
MNQ 09-26,1784765400000,1784765700000,29165.5,29164.75,29165.125,-1,3,1,130
MNQ 09-26,1784765520000,1784765820000,29162.25,29161.25,29161.75,1,4,1,132
MNQ 09-26,1784765640000,1784765940000,29147.5,29147.25,29147.375,1,1,1,134
MNQ 09-26,1784765700000,1784766000000,29167.75,29167,29167.375,-1,3,1,135
MNQ 09-26,1784765760000,1784766060000,29162,29161.5,29161.75,1,2,2,136
MNQ 09-26,1784765820000,1784766120000,29187,29186.25,29186.625,1,3,1,137
MNQ 09-26,1784765880000,1784766180000,29207,29206.5,29206.75,-1,2,1,138
MNQ 09-26,1784765940000,1784766240000,29200.25,29199.75,29200,1,2,1,139
MNQ 09-26,1784766000000,1784766300000,29200,29199,29199.5,1,4,2,140
MNQ 09-26,1784766060000,1784766360000,29215.25,29214.5,29214.875,-1,3,1,141
MNQ 09-26,1784766120000,1784766420000,29210.75,29210,29210.375,-1,3,1,142
MNQ 09-26,1784766180000,1784766480000,29231.5,29230.75,29231.125,1,3,1,143
MNQ 09-26,1784766240000,1784766540000,29228.5,29227.75,29228.125,1,3,1,144
MNQ 09-26,1784766300000,1784766600000,29233.5,29232.5,29233,1,4,1,145
MNQ 09-26,1784766360000,1784766660000,29241.25,29240,29240.625,1,5,1,146
MNQ 09-26,1784766480000,1784766780000,29252.5,29252,29252.25,1,2,1,148
MNQ 09-26,1784766540000,1784766840000,29236.5,29236.25,29236.375,1,1,1,149
MNQ 09-26,1784766600000,1784766900000,29228,29227.25,29227.625,-1,3,1,150
MNQ 09-26,1784766660000,1784766960000,29221.5,29220.75,29221.125,1,3,1,151
MNQ 09-26,1784766720000,1784767020000,29224.75,29224.25,29224.5,1,2,1,152
MNQ 09-26,1784766780000,1784767080000,29237.25,29236.25,29236.75,-1,4,2,153
MNQ 09-26,1784766840000,1784767140000,29233.5,29233.25,29233.375,1,1,1,154
MNQ 09-26,1784766900000,1784767200000,29240,29238.5,29239.25,1,6,1,155
MNQ 09-26,1784766960000,1784767260000,29240.25,29239.75,29240,1,2,2,156
MNQ 09-26,1784767020000,1784767320000,29239,29238.25,29238.625,-1,3,2,157
MNQ 09-26,1784767080000,1784767380000,29239,29238.5,29238.75,1,2,3,158
MNQ 09-26,1784767140000,1784767440000,29243.5,29243,29243.25,-1,2,1,159
MNQ 09-26,1784767200000,1784767500000,29240,29239.75,29239.875,1,1,3,160
MNQ 09-26,1784767260000,1784767560000,29236,29235.75,29235.875,-1,1,1,161
MNQ 09-26,1784767440000,1784767740000,29234.5,29234,29234.25,-1,2,1,164
MNQ 09-26,1784767500000,1784767800000,29234.5,29233.75,29234.125,1,3,2,165
MNQ 09-26,1784767560000,1784767860000,29244.5,29244,29244.25,1,2,1,166
MNQ 09-26,1784767620000,1784767920000,29237.5,29236.75,29237.125,1,3,1,167
MNQ 09-26,1784767680000,1784767980000,29235.75,29235.25,29235.5,1,2,1,168
MNQ 09-26,1784767740000,1784768040000,29238.25,29238,29238.125,1,1,1,169
MNQ 09-26,1784767800000,1784768100000,29244.75,29243.75,29244.25,1,4,2,170
MNQ 09-26,1784767860000,1784768160000,29235,29234.25,29234.625,-1,3,1,171
MNQ 09-26,1784767920000,1784768220000,29275.25,29274.5,29274.875,-1,3,1,172
MNQ 09-26,1784767980000,1784768280000,29262,29261.75,29261.875,1,1,1,173
MNQ 09-26,1784768100000,1784768400000,29268,29267.25,29267.625,1,3,1,175
MNQ 09-26,1784768160000,1784768460000,29272.5,29272,29272.25,1,2,1,176
MNQ 09-26,1784768340000,1784768640000,29266,29265.25,29265.625,-1,3,1,179
MNQ 09-26,1784768400000,1784768700000,29256,29255.5,29255.75,-1,2,1,180
MNQ 09-26,1784768460000,1784768760000,29250.5,29250,29250.25,1,2,1,181
MNQ 09-26,1784768580000,1784768880000,29262.75,29262,29262.375,-1,3,1,183
MNQ 09-26,1784768640000,1784768940000,29266.25,29266,29266.125,-1,1,2,184
MNQ 09-26,1784768700000,1784769000000,29262.5,29262,29262.25,-1,2,2,185
MNQ 09-26,1784768760000,1784769060000,29267.5,29267,29267.25,-1,2,1,186
MNQ 09-26,1784768820000,1784769120000,29253.25,29252.75,29253,-1,2,1,187
MNQ 09-26,1784768880000,1784769180000,29260,29259.5,29259.75,1,2,1,188
MNQ 09-26,1784768940000,1784769240000,29253.75,29253.25,29253.5,1,2,2,189
MNQ 09-26,1784769000000,1784769300000,29258.25,29257.5,29257.875,1,3,1,190
MNQ 09-26,1784769060000,1784769360000,29265.25,29265,29265.125,-1,1,1,191
MNQ 09-26,1784769120000,1784769420000,29266.5,29265.75,29266.125,1,3,1,192
MNQ 09-26,1784769180000,1784769480000,29266.25,29265.75,29266,1,2,2,193
MNQ 09-26,1784769240000,1784769540000,29267.75,29267.5,29267.625,-1,1,1,194
MNQ 09-26,1784769300000,1784769600000,29269.75,29268.5,29269.125,1,5,1,195
MNQ 09-26,1784769420000,1784769720000,29258.25,29257.5,29257.875,1,3,1,197
MNQ 09-26,1784769480000,1784769780000,29249.5,29249.25,29249.375,1,1,1,198
MNQ 09-26,1784769540000,1784769840000,29249.75,29249.5,29249.625,1,1,2,199
MNQ 09-26,1784769660000,1784769960000,29237.5,29237.25,29237.375,-1,1,1,201
MNQ 09-26,1784769720000,1784770020000,29253,29252.75,29252.875,1,1,1,202
MNQ 09-26,1784769780000,1784770080000,29244.25,29243.75,29244,1,2,1,203
MNQ 09-26,1784769840000,1784770140000,29244,29243,29243.5,-1,4,2,204
MNQ 09-26,1784769900000,1784770200000,29243.5,29242.5,29243,1,4,2,205
MNQ 09-26,1784769960000,1784770260000,29241.25,29241,29241.125,-1,1,1,206
MNQ 09-26,1784770020000,1784770320000,29242.75,29241.75,29242.25,-1,4,2,207
MNQ 09-26,1784770080000,1784770380000,29246.25,29245.5,29245.875,-1,3,1,208
MNQ 09-26,1784770140000,1784770440000,29245.25,29245,29245.125,-1,1,1,209
MNQ 09-26,1784770260000,1784770560000,29219.75,29219.5,29219.625,1,1,1,211
MNQ 09-26,1784770380000,1784770680000,29232.5,29232,29232.25,1,2,1,213
MNQ 09-26,1784770440000,1784770740000,29235,29234.25,29234.625,1,3,1,214
MNQ 09-26,1784770500000,1784770800000,29245.5,29245,29245.25,1,2,1,215
MNQ 09-26,1784770560000,1784770860000,29244.5,29244,29244.25,-1,2,1,216
MNQ 09-26,1784770620000,1784770920000,29251.5,29250.75,29251.125,-1,3,1,217
MNQ 09-26,1784770680000,1784770980000,29242,29241.25,29241.625,1,3,1,218
MNQ 09-26,1784770800000,1784771100000,29209.5,29209.25,29209.375,-1,1,1,220
MNQ 09-26,1784770860000,1784771160000,29199.5,29199.25,29199.375,-1,1,1,221
MNQ 09-26,1784770920000,1784771220000,29204,29203.25,29203.625,1,3,1,222
MNQ 09-26,1784771100000,1784771400000,29182.5,29182.25,29182.375,1,1,1,225
MNQ 09-26,1784771160000,1784771460000,29190,29189.75,29189.875,-1,1,1,226
MNQ 09-26,1784771220000,1784771520000,29196.5,29195.25,29195.875,-1,5,1,227
MNQ 09-26,1784771280000,1784771580000,29187.75,29187.5,29187.625,-1,1,1,228
MNQ 09-26,1784771340000,1784771640000,29187,29186.75,29186.875,-1,1,1,229
MNQ 09-26,1784771400000,1784771700000,29183.25,29182.5,29182.875,-1,3,2,230
MNQ 09-26,1784771460000,1784771760000,29197.25,29197,29197.125,1,1,1,231
MNQ 09-26,1784771520000,1784771820000,29202,29201.75,29201.875,-1,1,1,232
MNQ 09-26,1784771580000,1784771880000,29203,29202.75,29202.875,1,1,1,233
MNQ 09-26,1784771640000,1784771940000,29197.5,29197.25,29197.375,-1,1,2,234
MNQ 09-26,1784771700000,1784772000000,29211.75,29211.25,29211.5,-1,2,1,235
MNQ 09-26,1784771760000,1784772060000,29214,29213.75,29213.875,1,1,1,236
MNQ 09-26,1784771820000,1784772120000,29213,29212.5,29212.75,1,2,1,237
MNQ 09-26,1784771880000,1784772180000,29197.75,29197.5,29197.625,-1,1,2,238
MNQ 09-26,1784772000000,1784772300000,29177,29176.5,29176.75,-1,2,1,240
MNQ 09-26,1784772060000,1784772360000,29172.5,29172,29172.25,1,2,1,241
MNQ 09-26,1784772120000,1784772420000,29179.75,29179,29179.375,1,3,1,242
MNQ 09-26,1784772180000,1784772480000,29188.5,29188.25,29188.375,-1,1,1,243
MNQ 09-26,1784772300000,1784772600000,29193.75,29193,29193.375,1,3,1,245
MNQ 09-26,1784772360000,1784772660000,29196,29195.5,29195.75,-1,2,1,246
MNQ 09-26,1784772420000,1784772720000,29188,29187.5,29187.75,1,2,1,247
MNQ 09-26,1784772480000,1784772780000,29190,29189.75,29189.875,-1,1,1,248
MNQ 09-26,1784772540000,1784772840000,29184.75,29184.25,29184.5,-1,2,1,249
MNQ 09-26,1784772660000,1784772960000,29166.25,29165.75,29166,1,2,1,251
MNQ 09-26,1784772720000,1784773020000,29163.5,29163,29163.25,-1,2,1,252
MNQ 09-26,1784772780000,1784773080000,29154,29153.75,29153.875,-1,1,1,253
MNQ 09-26,1784772840000,1784773140000,29156.5,29155.25,29155.875,1,5,1,254
MNQ 09-26,1784772900000,1784773200000,29149.75,29148.75,29149.25,-1,4,1,255
MNQ 09-26,1784772960000,1784773260000,29154,29152.75,29153.375,-1,5,2,256
MNQ 09-26,1784773020000,1784773320000,29152,29151.75,29151.875,-1,1,1,257
MNQ 09-26,1784773080000,1784773380000,29140.75,29140.5,29140.625,1,1,1,258
MNQ 09-26,1784773140000,1784773440000,29128.25,29128,29128.125,-1,1,1,259
MNQ 09-26,1784773320000,1784773620000,29115.75,29115.25,29115.5,-1,2,1,262
MNQ 09-26,1784773380000,1784773680000,29111.75,29111.25,29111.5,-1,2,1,263
MNQ 09-26,1784773440000,1784773740000,29110,29109.5,29109.75,-1,2,1,264
MNQ 09-26,1784773560000,1784773860000,29100,29099.75,29099.875,1,1,1,266
MNQ 09-26,1784773620000,1784773920000,29103.25,29102.75,29103,-1,2,1,267
MNQ 09-26,1784773680000,1784773980000,29096.5,29096.25,29096.375,-1,1,1,268
MNQ 09-26,1784773740000,1784774040000,29099.5,29099,29099.25,1,2,1,269
MNQ 09-26,1784773800000,1784774100000,29105,29104.75,29104.875,-1,1,1,270
MNQ 09-26,1784773860000,1784774160000,29113.5,29112.75,29113.125,-1,3,1,271
MNQ 09-26,1784773920000,1784774220000,29115,29114.75,29114.875,-1,1,1,272
MNQ 09-26,1784773980000,1784774280000,29116.25,29116,29116.125,-1,1,1,273
MNQ 09-26,1784774040000,1784774340000,29123.5,29123.25,29123.375,-1,1,1,274
MNQ 09-26,1784774100000,1784774400000,29123.75,29123.25,29123.5,-1,2,2,275
MNQ 09-26,1784774160000,1784774460000,29098.25,29098,29098.125,-1,1,1,276
MNQ 09-26,1784774220000,1784774520000,29102,29101.75,29101.875,1,1,1,277
MNQ 09-26,1784774340000,1784774640000,29073.75,29073.25,29073.5,-1,2,1,279
MNQ 09-26,1784774460000,1784774760000,29068.5,29068,29068.25,1,2,1,281
MNQ 09-26,1784774520000,1784774820000,29076.25,29075.5,29075.875,1,3,1,282
MNQ 09-26,1784774640000,1784774940000,29064.5,29064,29064.25,-1,2,1,284
MNQ 09-26,1784774700000,1784775000000,29069,29068.75,29068.875,1,1,1,285
MNQ 09-26,1784774760000,1784775060000,29079.75,29079.5,29079.625,-1,1,1,286
MNQ 09-26,1784774820000,1784775120000,29081,29080.5,29080.75,1,2,1,287
MNQ 09-26,1784774940000,1784775240000,29090.5,29090,29090.25,-1,2,1,289
MNQ 09-26,1784775000000,1784775300000,29069,29067.5,29068.25,-1,6,2,290
MNQ 09-26,1784775120000,1784775420000,29083.5,29083,29083.25,-1,2,1,292
MNQ 09-26,1784775180000,1784775480000,29084,29083.25,29083.625,1,3,2,293
MNQ 09-26,1784775240000,1784775540000,29087,29086.75,29086.875,1,1,1,294
MNQ 09-26,1784775300000,1784775600000,29092.5,29092.25,29092.375,1,1,1,295
MNQ 09-26,1784775360000,1784775660000,29089.75,29089,29089.375,1,3,1,296
MNQ 09-26,1784775480000,1784775780000,29091.75,29090.5,29091.125,1,5,1,298
MNQ 09-26,1784775540000,1784775840000,29094,29093.5,29093.75,-1,2,1,299
MNQ 09-26,1784775600000,1784775900000,29091.75,29091.25,29091.5,-1,2,2,300
MNQ 09-26,1784775720000,1784776020000,29087.25,29086.5,29086.875,1,3,1,302
MNQ 09-26,1784775840000,1784776140000,29069.5,29069.25,29069.375,1,1,1,304
MNQ 09-26,1784775900000,1784776200000,29074.25,29073.5,29073.875,-1,3,1,305
MNQ 09-26,1784775960000,1784776260000,29065.25,29064.5,29064.875,-1,3,1,306
MNQ 09-26,1784776020000,1784776320000,29076.75,29076.25,29076.5,-1,2,1,307
MNQ 09-26,1784776080000,1784776380000,29062.75,29062,29062.375,-1,3,1,308
MNQ 09-26,1784776140000,1784776440000,29047.5,29047,29047.25,1,2,1,309
MNQ 09-26,1784776200000,1784776500000,29051.75,29051.25,29051.5,1,2,1,310
MNQ 09-26,1784776260000,1784776560000,29041.5,29041,29041.25,-1,2,1,311
MNQ 09-26,1784776320000,1784776620000,29040.75,29040,29040.375,-1,3,1,312
MNQ 09-26,1784776380000,1784776680000,29039.25,29038.75,29039,-1,2,1,313
MNQ 09-26,1784776440000,1784776740000,29050.75,29049.5,29050.125,-1,5,1,314
MNQ 09-26,1784776500000,1784776800000,29053.5,29053,29053.25,-1,2,1,315
MNQ 09-26,1784776560000,1784776860000,29045.75,29044.5,29045.125,-1,5,1,316
MNQ 09-26,1784776620000,1784776920000,29046,29045.5,29045.75,-1,2,2,317
MNQ 09-26,1784776680000,1784776980000,29044.5,29043.75,29044.125,-1,3,2,318
MNQ 09-26,1784776740000,1784777040000,29047.75,29047.5,29047.625,-1,1,1,319
MNQ 09-26,1784776800000,1784777100000,29055.75,29055,29055.375,1,3,1,320
MNQ 09-26,1784776980000,1784777280000,29064.25,29063.5,29063.875,-1,3,1,323
MNQ 09-26,1784777040000,1784777340000,29069,29068.5,29068.75,-1,2,1,324
MNQ 09-26,1784777100000,1784777400000,29067,29066.5,29066.75,1,2,1,325
MNQ 09-26,1784777160000,1784777460000,29052.25,29052,29052.125,-1,1,1,326
MNQ 09-26,1784777220000,1784777520000,29060.75,29060,29060.375,-1,3,1,327
MNQ 09-26,1784777280000,1784777580000,29060.75,29060.25,29060.5,1,2,2,328
MNQ 09-26,1784777340000,1784777640000,29075.75,29075.5,29075.625,-1,1,1,329
MNQ 09-26,1784777400000,1784777700000,29084.25,29083.5,29083.875,-1,3,1,330
MNQ 09-26,1784777460000,1784777760000,29102.25,29102,29102.125,1,1,1,331
MNQ 09-26,1784777640000,1784777940000,29079.75,29079.5,29079.625,-1,1,1,334
MNQ 09-26,1784777700000,1784778000000,29082.25,29081.75,29082,-1,2,1,335
MNQ 09-26,1784777760000,1784778060000,29088,29087.5,29087.75,-1,2,1,336
MNQ 09-26,1784777880000,1784778180000,29085.25,29084.75,29085,1,2,1,338
MNQ 09-26,1784778000000,1784778300000,29098.75,29098,29098.375,-1,3,1,340
MNQ 09-26,1784778060000,1784778360000,29099.25,29098.75,29099,-1,2,2,341
MNQ 09-26,1784778120000,1784778420000,29105.5,29104.25,29104.875,-1,5,1,342
MNQ 09-26,1784778180000,1784778480000,29097.5,29096.75,29097.125,1,3,1,343
MNQ 09-26,1784778240000,1784778540000,29106.75,29106,29106.375,1,3,1,344
MNQ 09-26,1784778420000,1784778720000,29105.5,29105,29105.25,1,2,2,347
MNQ 09-26,1784778480000,1784778780000,29114.25,29113.5,29113.875,1,3,1,348
MNQ 09-26,1784778540000,1784778840000,29123.5,29123,29123.25,1,2,1,349
MNQ 09-26,1784778600000,1784778900000,29121,29120.5,29120.75,-1,2,1,350
MNQ 09-26,1784778660000,1784778960000,29120.25,29120,29120.125,1,1,1,351
MNQ 09-26,1784778720000,1784779020000,29115.25,29114.5,29114.875,1,3,1,352
MNQ 09-26,1784778840000,1784779140000,29126,29125.5,29125.75,-1,2,1,354
MNQ 09-26,1784778900000,1784779200000,29125,29124.5,29124.75,1,2,1,355
MNQ 09-26,1784778960000,1784779260000,29122.5,29121.75,29122.125,-1,3,1,356
MNQ 09-26,1784779020000,1784779320000,29118.75,29118.25,29118.5,-1,2,1,357
MNQ 09-26,1784779080000,1784779380000,29117.75,29117.25,29117.5,1,2,1,358
MNQ 09-26,1784779140000,1784779440000,29125,29124.5,29124.75,-1,2,2,359
MNQ 09-26,1784779200000,1784779500000,29111.75,29110.75,29111.25,1,4,1,360
MNQ 09-26,1784779260000,1784779560000,29096.25,29095.75,29096,1,2,1,361
MNQ 09-26,1784779320000,1784779620000,29096,29095.25,29095.625,1,3,2,362
MNQ 09-26,1784779380000,1784779680000,29101.25,29101,29101.125,-1,1,1,363
MNQ 09-26,1784779440000,1784779740000,29092.75,29092.25,29092.5,-1,2,1,364
MNQ 09-26,1784779500000,1784779800000,29094,29093,29093.5,-1,4,1,365
MNQ 09-26,1784779560000,1784779860000,29083.5,29083,29083.25,1,2,1,366
MNQ 09-26,1784779620000,1784779920000,29074.75,29074.5,29074.625,1,1,1,367
MNQ 09-26,1784779680000,1784779980000,29072.5,29072,29072.25,-1,2,1,368
MNQ 09-26,1784779740000,1784780040000,29097.5,29097.25,29097.375,-1,1,1,369
MNQ 09-26,1784779800000,1784780100000,29086.5,29086,29086.25,-1,2,1,370
MNQ 09-26,1784779860000,1784780160000,29093,29092,29092.5,1,4,1,371
MNQ 09-26,1784779920000,1784780220000,29096.5,29096,29096.25,-1,2,1,372
MNQ 09-26,1784779980000,1784780280000,29117.25,29117,29117.125,1,1,1,373
MNQ 09-26,1784780040000,1784780340000,29124.25,29124,29124.125,-1,1,1,374
MNQ 09-26,1784780100000,1784780400000,29135.75,29135.5,29135.625,-1,1,1,375
MNQ 09-26,1784780160000,1784780460000,29136.75,29136.5,29136.625,1,1,1,376
MNQ 09-26,1784780220000,1784780520000,29119.5,29119,29119.25,-1,2,1,377
MNQ 09-26,1784780340000,1784780640000,29120.25,29120,29120.125,1,1,1,379
MNQ 09-26,1784780400000,1784780700000,29113.5,29113.25,29113.375,1,1,1,380
MNQ 09-26,1784780460000,1784780760000,29122.5,29121.75,29122.125,1,3,1,381
MNQ 09-26,1784780640000,1784780940000,29135.75,29135.25,29135.5,-1,2,1,384
MNQ 09-26,1784780760000,1784781060000,29161,29160.25,29160.625,1,3,1,386
MNQ 09-26,1784780820000,1784781120000,29159.5,29159.25,29159.375,1,1,1,387
MNQ 09-26,1784780880000,1784781180000,29152.5,29152.25,29152.375,-1,1,1,388
MNQ 09-26,1784781000000,1784781300000,29151,29150.75,29150.875,1,1,1,390
MNQ 09-26,1784781060000,1784781360000,29158,29157.25,29157.625,1,3,1,391
MNQ 09-26,1784781120000,1784781420000,29149.25,29149,29149.125,1,1,1,392
MNQ 09-26,1784781180000,1784781480000,29150.75,29150.25,29150.5,-1,2,2,393
MNQ 09-26,1784781240000,1784781540000,29158.5,29158.25,29158.375,-1,1,1,394
MNQ 09-26,1784781300000,1784781600000,29163.75,29163.5,29163.625,-1,1,1,395
MNQ 09-26,1784781360000,1784781660000,29151.25,29150.75,29151,1,2,2,396
MNQ 09-26,1784781420000,1784781720000,29162,29161.5,29161.75,1,2,1,397
MNQ 09-26,1784781480000,1784781780000,29155.75,29154.75,29155.25,-1,4,1,398
MNQ 09-26,1784781540000,1784781840000,29158,29157.25,29157.625,1,3,1,399
MNQ 09-26,1784781600000,1784781900000,29162,29161.5,29161.75,-1,2,2,400
MNQ 09-26,1784781660000,1784781960000,29159.5,29159.25,29159.375,-1,1,1,401
MNQ 09-26,1784781720000,1784782020000,29150.75,29150.5,29150.625,-1,1,1,402
MNQ 09-26,1784781780000,1784782080000,29145.75,29145.5,29145.625,1,1,1,403
MNQ 09-26,1784781840000,1784782140000,29142,29141,29141.5,1,4,1,404
MNQ 09-26,1784781900000,1784782200000,29141.5,29140.75,29141.125,1,3,2,405
MNQ 09-26,1784781960000,1784782260000,29149,29148.5,29148.75,1,2,1,406
MNQ 09-26,1784782020000,1784782320000,29151,29150,29150.5,-1,4,2,407
MNQ 09-26,1784782080000,1784782380000,29156.25,29155.75,29156,1,2,1,408
MNQ 09-26,1784782140000,1784782440000,29144.75,29143.75,29144.25,-1,4,1,409
MNQ 09-26,1784782200000,1784782500000,29128.75,29128.5,29128.625,-1,1,1,410
MNQ 09-26,1784782260000,1784782560000,29124.5,29123.75,29124.125,-1,3,1,411
MNQ 09-26,1784782320000,1784782620000,29121,29120.5,29120.75,1,2,1,412
MNQ 09-26,1784782380000,1784782680000,29118.25,29118,29118.125,-1,1,1,413
MNQ 09-26,1784782440000,1784782740000,29120,29119.25,29119.625,-1,3,1,414
MNQ 09-26,1784782500000,1784782800000,29119,29118.75,29118.875,-1,1,1,415
MNQ 09-26,1784782560000,1784782860000,29118,29117.75,29117.875,-1,1,2,416
MNQ 09-26,1784782620000,1784782920000,29121.25,29121,29121.125,-1,1,2,417
MNQ 09-26,1784782680000,1784782980000,29126.25,29125.75,29126,1,2,1,418
MNQ 09-26,1784782740000,1784783040000,29124.25,29124,29124.125,1,1,1,419
MNQ 09-26,1784782800000,1784783100000,29125.75,29124.75,29125.25,1,4,2,420
MNQ 09-26,1784782920000,1784783220000,29108.75,29108,29108.375,-1,3,1,422
MNQ 09-26,1784782980000,1784783280000,29110.5,29110.25,29110.375,-1,1,1,423
MNQ 09-26,1784783100000,1784783400000,29113.75,29112.5,29113.125,1,5,1,425
MNQ 09-26,1784783160000,1784783460000,29111.75,29111.5,29111.625,-1,1,1,426
MNQ 09-26,1784783220000,1784783520000,29116.5,29115.5,29116,-1,4,1,427
MNQ 09-26,1784783280000,1784783580000,29116.75,29116.5,29116.625,-1,1,2,428
MNQ 09-26,1784783340000,1784783640000,29109.5,29109.25,29109.375,-1,1,1,429
MNQ 09-26,1784783400000,1784783700000,29114,29113.75,29113.875,1,1,2,430
MNQ 09-26,1784783460000,1784783760000,29112.75,29112.5,29112.625,1,1,1,431
MNQ 09-26,1784783640000,1784783940000,29112.75,29112.5,29112.625,1,1,2,434
MNQ 09-26,1784783700000,1784784000000,29118,29117,29117.5,-1,4,1,435
MNQ 09-26,1784783760000,1784784060000,29115.25,29115,29115.125,-1,1,1,436
MNQ 09-26,1784783940000,1784784240000,29112.5,29111.75,29112.125,1,3,2,439
MNQ 09-26,1784784060000,1784784360000,29120.5,29119.5,29120,-1,4,1,441
MNQ 09-26,1784784120000,1784784420000,29127,29126.75,29126.875,1,1,1,442
MNQ 09-26,1784784180000,1784784480000,29118.5,29118.25,29118.375,-1,1,1,443
MNQ 09-26,1784784240000,1784784540000,29105.25,29105,29105.125,-1,1,1,444
MNQ 09-26,1784784300000,1784784600000,29119.5,29119,29119.25,-1,2,2,445
MNQ 09-26,1784784360000,1784784660000,29130.75,29130.5,29130.625,1,1,1,446
MNQ 09-26,1784784420000,1784784720000,29151.75,29151,29151.375,-1,3,1,447
MNQ 09-26,1784784480000,1784784780000,29153.25,29152.75,29153,-1,2,1,448
MNQ 09-26,1784784540000,1784784840000,29152.5,29152.25,29152.375,1,1,1,449
MNQ 09-26,1784784600000,1784784900000,29170.5,29170.25,29170.375,-1,1,1,450
MNQ 09-26,1784784720000,1784785020000,29178.75,29178.25,29178.5,-1,2,1,452
MNQ 09-26,1784784780000,1784785080000,29175,29174.75,29174.875,-1,1,1,453
MNQ 09-26,1784784900000,1784785200000,29174,29173,29173.5,-1,4,1,455
MNQ 09-26,1784784960000,1784785260000,29169,29168.75,29168.875,1,1,1,456
MNQ 09-26,1784785020000,1784785320000,29162.5,29161.5,29162,1,4,1,457
MNQ 09-26,1784785080000,1784785380000,29164.25,29163.5,29163.875,1,3,1,458
MNQ 09-26,1784785200000,1784785500000,29144,29143.5,29143.75,-1,2,1,460
MNQ 09-26,1784785260000,1784785560000,29152.5,29152.25,29152.375,-1,1,1,461
MNQ 09-26,1784785320000,1784785620000,29152,29151.25,29151.625,-1,3,1,462
MNQ 09-26,1784785440000,1784785740000,29138.5,29137.5,29138,1,4,1,464
MNQ 09-26,1784785500000,1784785800000,29148.75,29148,29148.375,1,3,1,465
MNQ 09-26,1784785620000,1784785920000,29141.5,29141,29141.25,1,2,1,467
MNQ 09-26,1784785680000,1784785980000,29132.75,29132,29132.375,-1,3,1,468
MNQ 09-26,1784785800000,1784786100000,29107,29106.75,29106.875,-1,1,1,470
MNQ 09-26,1784785860000,1784786160000,29113.25,29112.75,29113,-1,2,1,471
MNQ 09-26,1784785920000,1784786220000,29110.75,29110.25,29110.5,-1,2,1,472
MNQ 09-26,1784786040000,1784786340000,29106.75,29106.25,29106.5,1,2,2,474
MNQ 09-26,1784786160000,1784786460000,29096.5,29096,29096.25,1,2,1,476
MNQ 09-26,1784786220000,1784786520000,29106.25,29105.75,29106,-1,2,2,477
MNQ 09-26,1784786280000,1784786580000,29099.5,29098.75,29099.125,1,3,1,478
MNQ 09-26,1784786340000,1784786640000,29093,29092.5,29092.75,-1,2,1,479
MNQ 09-26,1784786400000,1784786700000,29087.75,29087.25,29087.5,1,2,1,480
MNQ 09-26,1784786520000,1784786820000,29110,29109.75,29109.875,-1,1,1,482
MNQ 09-26,1784786580000,1784786880000,29103.25,29102.5,29102.875,1,3,1,483
MNQ 09-26,1784786700000,1784787000000,29101,29100.25,29100.625,1,3,1,485
MNQ 09-26,1784786760000,1784787060000,29105.75,29105.5,29105.625,-1,1,1,486
MNQ 09-26,1784786820000,1784787120000,29090.5,29090.25,29090.375,1,1,1,487
MNQ 09-26,1784786880000,1784787180000,29089.25,29088.25,29088.75,-1,4,1,488
MNQ 09-26,1784786940000,1784787240000,29085,29084.25,29084.625,-1,3,1,489
MNQ 09-26,1784787000000,1784787300000,29083.25,29082,29082.625,1,5,1,490
MNQ 09-26,1784787060000,1784787360000,29089.75,29088.75,29089.25,-1,4,2,491
MNQ 09-26,1784787120000,1784787420000,29088.5,29087.5,29088,1,4,2,492
MNQ 09-26,1784787180000,1784787480000,29096,29095.25,29095.625,1,3,1,493
MNQ 09-26,1784787240000,1784787540000,29097.25,29097,29097.125,-1,1,1,494
MNQ 09-26,1784787300000,1784787600000,29099,29098.75,29098.875,1,1,1,495
MNQ 09-26,1784787360000,1784787660000,29094.25,29094,29094.125,-1,1,1,496
MNQ 09-26,1784787420000,1784787720000,29090,29089.25,29089.625,-1,3,1,497
MNQ 09-26,1784787540000,1784787840000,29093.75,29093.25,29093.5,-1,2,1,499
MNQ 09-26,1784787660000,1784787960000,29100.5,29099.5,29100,-1,4,1,501
MNQ 09-26,1784787720000,1784788020000,29103.75,29103,29103.375,1,3,1,502
MNQ 09-26,1784787780000,1784788080000,29085.75,29085,29085.375,1,3,1,503
MNQ 09-26,1784787840000,1784788140000,29082,29081,29081.5,1,4,1,504
MNQ 09-26,1784787900000,1784788200000,29090.5,29090.25,29090.375,1,1,1,505
MNQ 09-26,1784787960000,1784788260000,29095.75,29095.5,29095.625,1,1,1,506
MNQ 09-26,1784788020000,1784788320000,29099.5,29099,29099.25,-1,2,1,507
MNQ 09-26,1784788080000,1784788380000,29098.75,29098.5,29098.625,-1,1,1,508
MNQ 09-26,1784788140000,1784788440000,29102.25,29102,29102.125,1,1,1,509
MNQ 09-26,1784788200000,1784788500000,29108.75,29108,29108.375,-1,3,1,510
MNQ 09-26,1784788260000,1784788560000,29105.75,29105.25,29105.5,-1,2,1,511
MNQ 09-26,1784788320000,1784788620000,29105.25,29104.5,29104.875,1,3,2,512
MNQ 09-26,1784788380000,1784788680000,29102,29100.75,29101.375,-1,5,2,513
MNQ 09-26,1784788500000,1784788800000,29098.75,29097.25,29098,1,6,1,515
MNQ 09-26,1784788560000,1784788860000,29090.75,29090,29090.375,-1,3,1,516
MNQ 09-26,1784788620000,1784788920000,29101,29100.5,29100.75,1,2,2,517
MNQ 09-26,1784788680000,1784788980000,29094.5,29094,29094.25,-1,2,1,518
MNQ 09-26,1784788800000,1784789100000,29090,29089.25,29089.625,-1,3,2,520
MNQ 09-26,1784788920000,1784789220000,29093.25,29092.5,29092.875,-1,3,1,522
MNQ 09-26,1784788980000,1784789280000,29094.5,29094,29094.25,1,2,2,523
MNQ 09-26,1784789040000,1784789340000,29092,29091.75,29091.875,-1,1,1,524
MNQ 09-26,1784789100000,1784789400000,29082.5,29082.25,29082.375,-1,1,1,525
MNQ 09-26,1784789160000,1784789460000,29088.5,29088,29088.25,-1,2,1,526
MNQ 09-26,1784789220000,1784789520000,29118.75,29118.25,29118.5,-1,2,1,527
MNQ 09-26,1784789340000,1784789640000,29109.25,29108.75,29109,-1,2,1,529
MNQ 09-26,1784789400000,1784789700000,29105,29104,29104.5,-1,4,1,530
MNQ 09-26,1784789520000,1784789820000,29090.25,29089.75,29090,-1,2,1,532
MNQ 09-26,1784789640000,1784789940000,29090.75,29090.5,29090.625,1,1,1,534
MNQ 09-26,1784789700000,1784790000000,29086.25,29086,29086.125,-1,1,1,535
MNQ 09-26,1784789760000,1784790060000,29084.75,29083.75,29084.25,-1,4,1,536
MNQ 09-26,1784789820000,1784790120000,29085.75,29085.25,29085.5,1,2,1,537
MNQ 09-26,1784789880000,1784790180000,29084,29083.75,29083.875,-1,1,2,538
MNQ 09-26,1784789940000,1784790240000,29082,29081.75,29081.875,1,1,1,539
MNQ 09-26,1784790000000,1784790300000,29084.25,29083.75,29084,1,2,3,540
MNQ 09-26,1784790060000,1784790360000,29052.5,29051.75,29052.125,1,3,1,541
MNQ 09-26,1784790120000,1784790420000,29053.25,29052.25,29052.75,-1,4,2,542
MNQ 09-26,1784790180000,1784790480000,29070.5,29070.25,29070.375,1,1,1,543
MNQ 09-26,1784790240000,1784790540000,29069.5,29069,29069.25,1,2,1,544
MNQ 09-26,1784790300000,1784790600000,29061.5,29061,29061.25,1,2,1,545
MNQ 09-26,1784790360000,1784790660000,29053.75,29052.5,29053.125,1,5,3,546
MNQ 09-26,1784790420000,1784790720000,29044.5,29044,29044.25,-1,2,1,547
MNQ 09-26,1784790480000,1784790780000,29035.5,29035.25,29035.375,-1,1,1,548
MNQ 09-26,1784790540000,1784790840000,29032.75,29032.25,29032.5,-1,2,1,549
MNQ 09-26,1784790600000,1784790900000,29020,29019.75,29019.875,1,1,1,550
MNQ 09-26,1784790660000,1784790960000,28998.5,28998.25,28998.375,1,1,1,551
MNQ 09-26,1784790720000,1784791020000,28974.25,28974,28974.125,1,1,1,552
MNQ 09-26,1784790780000,1784791080000,28962.75,28962.25,28962.5,-1,2,1,553
MNQ 09-26,1784790840000,1784791140000,28978.5,28978,28978.25,-1,2,1,554
MNQ 09-26,1784790900000,1784791200000,28996.5,28994.75,28995.625,1,7,1,555
MNQ 09-26,1784790960000,1784791260000,29002,29001.25,29001.625,1,3,1,556
MNQ 09-26,1784791020000,1784791320000,29008.75,29008.25,29008.5,1,2,1,557
MNQ 09-26,1784791140000,1784791440000,29011.75,29011.25,29011.5,-1,2,1,559
MNQ 09-26,1784791200000,1784791500000,29012.75,29012.25,29012.5,1,2,1,560
MNQ 09-26,1784791320000,1784791620000,29024.75,29024.5,29024.625,-1,1,1,562
MNQ 09-26,1784791440000,1784791740000,29020.5,29020.25,29020.375,-1,1,1,564
MNQ 09-26,1784791620000,1784791920000,29034.25,29034,29034.125,-1,1,1,567
MNQ 09-26,1784791680000,1784791980000,29032.25,29031.25,29031.75,1,4,1,568
MNQ 09-26,1784791740000,1784792040000,29023,29022.5,29022.75,1,2,1,569
MNQ 09-26,1784791860000,1784792160000,29009,29007.75,29008.375,-1,5,1,571
MNQ 09-26,1784791920000,1784792220000,29003.5,29003,29003.25,-1,2,1,572
MNQ 09-26,1784792040000,1784792340000,28991.25,28990.75,28991,1,2,1,574
MNQ 09-26,1784792220000,1784792520000,28989,28988,28988.5,-1,4,1,577
MNQ 09-26,1784792280000,1784792580000,28984.75,28983.75,28984.25,-1,4,1,578
MNQ 09-26,1784792340000,1784792640000,28982.75,28982.5,28982.625,-1,1,1,579
MNQ 09-26,1784792400000,1784792700000,28976.75,28975.5,28976.125,1,5,1,580
MNQ 09-26,1784792460000,1784792760000,28965.75,28965.25,28965.5,-1,2,1,581
MNQ 09-26,1784792520000,1784792820000,28963.5,28963.25,28963.375,-1,1,1,582
MNQ 09-26,1784792580000,1784792880000,28950,28949.75,28949.875,1,1,1,583
MNQ 09-26,1784792640000,1784792940000,28959.5,28959,28959.25,-1,2,1,584
MNQ 09-26,1784792700000,1784793000000,28940.5,28940.25,28940.375,1,1,1,585
MNQ 09-26,1784792760000,1784793060000,28935.75,28935.5,28935.625,-1,1,1,586
MNQ 09-26,1784792820000,1784793120000,28932.75,28932,28932.375,-1,3,1,587
MNQ 09-26,1784792880000,1784793180000,28935.75,28935.5,28935.625,-1,1,2,588
MNQ 09-26,1784793060000,1784793360000,28950.5,28950,28950.25,-1,2,1,591
MNQ 09-26,1784793120000,1784793420000,28945,28944.25,28944.625,-1,3,1,592
MNQ 09-26,1784793180000,1784793480000,28952,28951,28951.5,-1,4,1,593
MNQ 09-26,1784793240000,1784793540000,28945.5,28945,28945.25,-1,2,2,594
MNQ 09-26,1784793300000,1784793600000,28960,28959,28959.5,-1,4,1,595
MNQ 09-26,1784793360000,1784793660000,28974.5,28974,28974.25,1,2,1,596
MNQ 09-26,1784793420000,1784793720000,28977,28976.75,28976.875,-1,1,1,597
MNQ 09-26,1784793480000,1784793780000,28980,28979,28979.5,-1,4,1,598
MNQ 09-26,1784793540000,1784793840000,28983.25,28982.5,28982.875,1,3,1,599
MNQ 09-26,1784793600000,1784793900000,28987.75,28987,28987.375,-1,3,1,600
MNQ 09-26,1784793720000,1784794020000,28964,28963.25,28963.625,1,3,1,602
MNQ 09-26,1784793840000,1784794140000,28981.75,28980.75,28981.25,1,4,1,604
MNQ 09-26,1784793900000,1784794200000,28994.5,28993.75,28994.125,-1,3,1,605
MNQ 09-26,1784793960000,1784794260000,28999,28998.5,28998.75,-1,2,1,606
MNQ 09-26,1784794020000,1784794320000,29011.5,29011.25,29011.375,-1,1,1,607
MNQ 09-26,1784794080000,1784794380000,29025.25,29025,29025.125,-1,1,1,608
MNQ 09-26,1784794140000,1784794440000,29027,29026.5,29026.75,1,2,1,609
MNQ 09-26,1784794200000,1784794500000,29036.25,29035.5,29035.875,1,3,1,610
MNQ 09-26,1784794260000,1784794560000,29027.5,29027,29027.25,-1,2,2,611
MNQ 09-26,1784794380000,1784794680000,29037.75,29037.25,29037.5,-1,2,1,613
MNQ 09-26,1784794440000,1784794740000,29038.5,29038.25,29038.375,1,1,1,614
MNQ 09-26,1784794560000,1784794860000,29032.75,29032.5,29032.625,1,1,1,616
MNQ 09-26,1784794620000,1784794920000,29047,29046.5,29046.75,-1,2,1,617
MNQ 09-26,1784794680000,1784794980000,29056.5,29056.25,29056.375,-1,1,1,618
MNQ 09-26,1784794800000,1784795100000,29050.75,29049.25,29050,1,6,1,620
MNQ 09-26,1784794860000,1784795160000,29046.75,29046,29046.375,-1,3,2,621
MNQ 09-26,1784794920000,1784795220000,29040.25,29039.25,29039.75,-1,4,1,622
MNQ 09-26,1784794980000,1784795280000,29035.5,29035,29035.25,1,2,1,623
MNQ 09-26,1784795040000,1784795340000,29020,29019.75,29019.875,-1,1,1,624
MNQ 09-26,1784795160000,1784795460000,29029.25,29028.75,29029,1,2,1,626
MNQ 09-26,1784795220000,1784795520000,29048.5,29048.25,29048.375,-1,1,1,627
MNQ 09-26,1784795280000,1784795580000,29047.5,29046.75,29047.125,-1,3,1,628
MNQ 09-26,1784795340000,1784795640000,29042.5,29042.25,29042.375,1,1,1,629
MNQ 09-26,1784795400000,1784795700000,29050.75,29049.25,29050,-1,6,1,630
MNQ 09-26,1784795460000,1784795760000,29060,29059,29059.5,-1,4,1,631
MNQ 09-26,1784795580000,1784795880000,29041.5,29041.25,29041.375,-1,1,1,633
MNQ 09-26,1784795640000,1784795940000,29050.5,29050.25,29050.375,1,1,2,634
MNQ 09-26,1784795700000,1784796000000,29057.75,29056.5,29057.125,1,5,1,635
MNQ 09-26,1784795760000,1784796060000,29047.5,29046.5,29047,1,4,1,636
MNQ 09-26,1784795820000,1784796120000,29042.5,29042,29042.25,-1,2,1,637
MNQ 09-26,1784795880000,1784796180000,29047.75,29047,29047.375,1,3,2,638
MNQ 09-26,1784795940000,1784796240000,29051.25,29050.75,29051,-1,2,1,639
MNQ 09-26,1784796000000,1784796300000,29043.5,29043,29043.25,-1,2,1,640
MNQ 09-26,1784796060000,1784796360000,29032,29031.5,29031.75,1,2,1,641
MNQ 09-26,1784796180000,1784796480000,29051.25,29051,29051.125,-1,1,2,643
MNQ 09-26,1784796240000,1784796540000,29034.5,29034.25,29034.375,-1,1,1,644
MNQ 09-26,1784796300000,1784796600000,29038.25,29037.5,29037.875,1,3,1,645
MNQ 09-26,1784796480000,1784796780000,29048,29047.5,29047.75,-1,2,1,648
MNQ 09-26,1784796540000,1784796840000,29048.25,29047.25,29047.75,1,4,2,649
MNQ 09-26,1784796600000,1784796900000,29050.25,29050,29050.125,-1,1,1,650
MNQ 09-26,1784796660000,1784796960000,29064,29063.75,29063.875,1,1,1,651
MNQ 09-26,1784796780000,1784797080000,29059.5,29059.25,29059.375,1,1,1,653
MNQ 09-26,1784796840000,1784797140000,29071.25,29070.5,29070.875,1,3,1,654
MNQ 09-26,1784796900000,1784797200000,29076.25,29075.75,29076,-1,2,1,655
MNQ 09-26,1784797020000,1784797320000,29096.75,29096.25,29096.5,-1,2,1,657
MNQ 09-26,1784797200000,1784797500000,29103.25,29102.75,29103,1,2,1,660
MNQ 09-26,1784797260000,1784797560000,29092,29091.75,29091.875,-1,1,1,661
MNQ 09-26,1784797320000,1784797620000,29096.75,29096.5,29096.625,-1,1,2,662
MNQ 09-26,1784797380000,1784797680000,29104.5,29104,29104.25,-1,2,1,663
MNQ 09-26,1784797440000,1784797740000,29122.25,29122,29122.125,-1,1,1,664
MNQ 09-26,1784797500000,1784797800000,29127,29126.75,29126.875,1,1,1,665
MNQ 09-26,1784797560000,1784797860000,29119,29118.75,29118.875,1,1,1,666
MNQ 09-26,1784797680000,1784797980000,29114,29113.75,29113.875,-1,1,1,668
MNQ 09-26,1784797740000,1784798040000,29113.5,29113.25,29113.375,1,1,1,669
MNQ 09-26,1784797800000,1784798100000,29107,29106.5,29106.75,-1,2,1,670
MNQ 09-26,1784798040000,1784798340000,29095.75,29094.75,29095.25,-1,4,1,674
MNQ 09-26,1784798160000,1784798460000,29084.25,29084,29084.125,-1,1,1,676
MNQ 09-26,1784798220000,1784798520000,29091.75,29091,29091.375,1,3,1,677
MNQ 09-26,1784798280000,1784798580000,29094.75,29093.75,29094.25,-1,4,2,678
MNQ 09-26,1784798340000,1784798640000,29087.5,29086.75,29087.125,1,3,1,679
MNQ 09-26,1784798400000,1784798700000,29088.75,29088.25,29088.5,-1,2,1,680
MNQ 09-26,1784798460000,1784798760000,29090.25,29090,29090.125,1,1,1,681
MNQ 09-26,1784798520000,1784798820000,29082,29081.25,29081.625,1,3,1,682
MNQ 09-26,1784798580000,1784798880000,29089.25,29088.5,29088.875,1,3,2,683
MNQ 09-26,1784798700000,1784799000000,29096,29095.75,29095.875,-1,1,1,685
MNQ 09-26,1784798820000,1784799120000,29093,29092.25,29092.625,1,3,1,687
MNQ 09-26,1784798940000,1784799240000,29093.25,29092.5,29092.875,1,3,2,689
MNQ 09-26,1784799000000,1784799300000,29091.5,29091.25,29091.375,1,1,1,690
MNQ 09-26,1784799060000,1784799360000,29084.25,29084,29084.125,-1,1,1,691
MNQ 09-26,1784799240000,1784799540000,29078.25,29077.75,29078,1,2,1,694
MNQ 09-26,1784799360000,1784799660000,29071.25,29070.5,29070.875,-1,3,1,696
MNQ 09-26,1784799420000,1784799720000,29071,29070.25,29070.625,1,3,2,697
MNQ 09-26,1784799480000,1784799780000,29074,29073.75,29073.875,1,1,1,698
MNQ 09-26,1784799540000,1784799840000,29077.25,29076.5,29076.875,1,3,1,699
MNQ 09-26,1784799600000,1784799900000,29076.5,29075.5,29076,-1,4,2,700
MNQ 09-26,1784799660000,1784799960000,29072,29071.75,29071.875,-1,1,1,701
MNQ 09-26,1784799720000,1784800020000,29075.25,29074.75,29075,-1,2,1,702
MNQ 09-26,1784799780000,1784800080000,29073,29072.5,29072.75,-1,2,1,703
MNQ 09-26,1784799840000,1784800140000,29075.5,29074.75,29075.125,1,3,3,704
MNQ 09-26,1784799900000,1784800200000,29075.75,29075,29075.375,-1,3,4,705
MNQ 09-26,1784799960000,1784800260000,29085,29084.25,29084.625,-1,3,1,706
MNQ 09-26,1784800020000,1784800320000,29077.75,29077,29077.375,1,3,1,707
MNQ 09-26,1784800080000,1784800380000,29082,29081.5,29081.75,-1,2,1,708
MNQ 09-26,1784800320000,1784800620000,29061,29060.5,29060.75,1,2,1,712
MNQ 09-26,1784800440000,1784800740000,29071.75,29071.5,29071.625,1,1,1,714
MNQ 09-26,1784800500000,1784800800000,29064.5,29064,29064.25,1,2,1,715
MNQ 09-26,1784800560000,1784800860000,29067.75,29066.75,29067.25,1,4,1,716
MNQ 09-26,1784800620000,1784800920000,29059.25,29058.5,29058.875,-1,3,1,717
MNQ 09-26,1784800680000,1784800980000,29057.75,29057,29057.375,-1,3,1,718
MNQ 09-26,1784800740000,1784801040000,29049.75,29049.25,29049.5,-1,2,1,719
MNQ 09-26,1784800860000,1784801160000,29047.25,29046.5,29046.875,1,3,1,721
MNQ 09-26,1784800920000,1784801220000,29054,29052.75,29053.375,1,5,1,722
MNQ 09-26,1784801040000,1784801340000,29061.75,29061.25,29061.5,-1,2,1,724
MNQ 09-26,1784801100000,1784801400000,29058.75,29058.5,29058.625,1,1,1,725
MNQ 09-26,1784801160000,1784801460000,29057,29056.25,29056.625,-1,3,1,726
MNQ 09-26,1784801220000,1784801520000,29057.5,29057,29057.25,1,2,2,727
MNQ 09-26,1784801280000,1784801580000,29066.5,29065.25,29065.875,-1,5,1,728
MNQ 09-26,1784801340000,1784801640000,29050.75,29050.25,29050.5,1,2,1,729
MNQ 09-26,1784801400000,1784801700000,29048.5,29048,29048.25,1,2,1,730
MNQ 09-26,1784801460000,1784801760000,29044.5,29043.75,29044.125,-1,3,1,731
MNQ 09-26,1784801520000,1784801820000,29041.25,29040.5,29040.875,1,3,1,732
MNQ 09-26,1784801580000,1784801880000,29046,29045,29045.5,1,4,1,733
MNQ 09-26,1784801640000,1784801940000,29043.25,29042.75,29043,-1,2,1,734
MNQ 09-26,1784801700000,1784802000000,29042.75,29042.25,29042.5,1,2,2,735
MNQ 09-26,1784801760000,1784802060000,29046,29045.75,29045.875,-1,1,2,736
MNQ 09-26,1784801820000,1784802120000,29049.75,29049,29049.375,1,3,1,737
MNQ 09-26,1784801880000,1784802180000,29045.25,29045,29045.125,1,1,2,738
MNQ 09-26,1784801940000,1784802240000,29044,29043.5,29043.75,1,2,1,739
MNQ 09-26,1784802000000,1784802300000,29041.5,29041.25,29041.375,1,1,1,740
MNQ 09-26,1784802120000,1784802420000,29051,29050.75,29050.875,-1,1,1,742
MNQ 09-26,1784802180000,1784802480000,29051.75,29051.5,29051.625,-1,1,1,743
MNQ 09-26,1784802300000,1784802600000,29050,29049.25,29049.625,1,3,1,745
MNQ 09-26,1784802360000,1784802660000,29057.75,29057.5,29057.625,-1,1,1,746
MNQ 09-26,1784802420000,1784802720000,29061,29060.5,29060.75,1,2,1,747
MNQ 09-26,1784802480000,1784802780000,29055.75,29055,29055.375,-1,3,1,748
MNQ 09-26,1784802540000,1784802840000,29051,29050.25,29050.625,1,3,1,749
MNQ 09-26,1784802660000,1784802960000,29078.5,29077.75,29078.125,1,3,1,751
MNQ 09-26,1784802720000,1784803020000,29084.5,29083.75,29084.125,1,3,1,752
MNQ 09-26,1784802780000,1784803080000,29090.5,29090,29090.25,-1,2,1,753
MNQ 09-26,1784802900000,1784803200000,29093.25,29092.5,29092.875,-1,3,1,755
MNQ 09-26,1784802960000,1784803260000,29104.5,29103.5,29104,1,4,1,756
MNQ 09-26,1784803020000,1784803320000,29109.25,29107.75,29108.5,-1,6,1,757
MNQ 09-26,1784803080000,1784803380000,29105.75,29105.5,29105.625,1,1,1,758
MNQ 09-26,1784803200000,1784803500000,29110,29109.25,29109.625,1,3,2,760
MNQ 09-26,1784803320000,1784803620000,29117.25,29116.75,29117,1,2,1,762
MNQ 09-26,1784803380000,1784803680000,29110.75,29110,29110.375,-1,3,2,763
MNQ 09-26,1784803500000,1784803800000,29101.5,29101.25,29101.375,-1,1,1,765
MNQ 09-26,1784803560000,1784803860000,29097.25,29097,29097.125,-1,1,1,766
MNQ 09-26,1784803680000,1784803980000,29099,29098.25,29098.625,1,3,1,768
MNQ 09-26,1784803740000,1784804040000,29103.75,29103.5,29103.625,1,1,1,769
MNQ 09-26,1784803800000,1784804100000,29106.75,29106.5,29106.625,-1,1,1,770
MNQ 09-26,1784803860000,1784804160000,29100.75,29099.5,29100.125,-1,5,1,771
MNQ 09-26,1784803920000,1784804220000,29102.5,29101.75,29102.125,1,3,1,772
MNQ 09-26,1784803980000,1784804280000,29103,29102.25,29102.625,-1,3,2,773
MNQ 09-26,1784804040000,1784804340000,29098.25,29098,29098.125,1,1,1,774
MNQ 09-26,1784804100000,1784804400000,29097.75,29097.5,29097.625,1,1,1,775
MNQ 09-26,1784804160000,1784804460000,29098,29097.25,29097.625,-1,3,3,776
MNQ 09-26,1784804340000,1784804640000,29096.75,29096.25,29096.5,-1,2,1,779
MNQ 09-26,1784804400000,1784804700000,29103,29102.5,29102.75,-1,2,1,780
MNQ 09-26,1784804460000,1784804760000,29087.5,29086,29086.75,-1,6,1,781
MNQ 09-26,1784804520000,1784804820000,29073.5,29072.5,29073,1,4,1,782
MNQ 09-26,1784804580000,1784804880000,29063.25,29062.25,29062.75,-1,4,1,783
MNQ 09-26,1784804640000,1784804940000,29066.5,29066.25,29066.375,-1,1,1,784
MNQ 09-26,1784804700000,1784805000000,29057.5,29056.75,29057.125,-1,3,1,785
MNQ 09-26,1784804760000,1784805060000,29045.5,29044.25,29044.875,1,5,1,786
MNQ 09-26,1784804820000,1784805120000,29048.5,29048.25,29048.375,-1,1,1,787
MNQ 09-26,1784804880000,1784805180000,29042,29041.75,29041.875,1,1,1,788
MNQ 09-26,1784805000000,1784805300000,29041.75,29040.5,29041.125,-1,5,2,790
MNQ 09-26,1784805060000,1784805360000,29042,29041.75,29041.875,1,1,3,791
MNQ 09-26,1784805120000,1784805420000,29048.75,29048.5,29048.625,-1,1,2,792
MNQ 09-26,1784805180000,1784805480000,29051.5,29051.25,29051.375,-1,1,1,793
MNQ 09-26,1784805240000,1784805540000,29052.25,29052,29052.125,1,1,1,794
MNQ 09-26,1784805300000,1784805600000,29058,29056.25,29057.125,-1,7,1,795
MNQ 09-26,1784805360000,1784805660000,29062.75,29062.25,29062.5,1,2,1,796
MNQ 09-26,1784805420000,1784805720000,29065.75,29065.5,29065.625,1,1,1,797
MNQ 09-26,1784805480000,1784805780000,29053.75,29053.5,29053.625,1,1,1,798
MNQ 09-26,1784805540000,1784805840000,29053.75,29053.5,29053.625,1,1,2,799
MNQ 09-26,1784805600000,1784805900000,29050.5,29049.75,29050.125,-1,3,1,800
MNQ 09-26,1784805840000,1784806140000,29012,29011.75,29011.875,1,1,1,804
MNQ 09-26,1784805900000,1784806200000,29012.5,29012,29012.25,-1,2,2,805
MNQ 09-26,1784805960000,1784806260000,29015.75,29015,29015.375,-1,3,1,806
MNQ 09-26,1784806020000,1784806320000,29015.5,29015.25,29015.375,1,1,2,807
MNQ 09-26,1784806080000,1784806380000,29005.75,29005.25,29005.5,1,2,1,808
MNQ 09-26,1784806140000,1784806440000,29006.5,29006.25,29006.375,1,1,1,809
MNQ 09-26,1784806200000,1784806500000,28994.75,28994.5,28994.625,1,1,1,810
MNQ 09-26,1784806260000,1784806560000,28993,28992.25,28992.625,-1,3,1,811
MNQ 09-26,1784806320000,1784806620000,28996,28995.25,28995.625,1,3,1,812
MNQ 09-26,1784806440000,1784806740000,28974.75,28974.5,28974.625,1,1,1,814
MNQ 09-26,1784806500000,1784806800000,28980.5,28980,28980.25,-1,2,1,815
MNQ 09-26,1784806560000,1784806860000,28934.25,28933.5,28933.875,1,3,1,816
MNQ 09-26,1784806620000,1784806920000,28933,28931.75,28932.375,-1,5,1,817
MNQ 09-26,1784806680000,1784806980000,28931.75,28931.5,28931.625,1,1,2,818
MNQ 09-26,1784806860000,1784807160000,28924.5,28924.25,28924.375,1,1,1,821
MNQ 09-26,1784806920000,1784807220000,28925.25,28924.5,28924.875,1,3,2,822
MNQ 09-26,1784806980000,1784807280000,28935,28934.5,28934.75,-1,2,1,823
MNQ 09-26,1784807100000,1784807400000,28925.75,28925.25,28925.5,-1,2,2,825
MNQ 09-26,1784807220000,1784807520000,28918,28917.5,28917.75,-1,2,1,827
MNQ 09-26,1784807340000,1784807640000,28933.5,28933,28933.25,-1,2,1,829
MNQ 09-26,1784807400000,1784807700000,28939.25,28938.5,28938.875,-1,3,1,830
MNQ 09-26,1784807460000,1784807760000,28940.75,28940.25,28940.5,1,2,1,831
MNQ 09-26,1784807520000,1784807820000,28938.5,28938,28938.25,-1,2,2,832
MNQ 09-26,1784807580000,1784807880000,28951,28949.5,28950.25,1,6,1,833
MNQ 09-26,1784807640000,1784807940000,28956.25,28956,28956.125,1,1,1,834
MNQ 09-26,1784807760000,1784808060000,28950.25,28950,28950.125,-1,1,2,836
MNQ 09-26,1784807820000,1784808120000,28948,28947.25,28947.625,1,3,1,837
MNQ 09-26,1784807880000,1784808180000,28948,28947.25,28947.625,1,3,2,838
MNQ 09-26,1784807940000,1784808240000,28960.75,28960,28960.375,-1,3,1,839
MNQ 09-26,1784808000000,1784808300000,28965.25,28964.75,28965,1,2,1,840
MNQ 09-26,1784808120000,1784808420000,28953,28952.75,28952.875,1,1,1,842
MNQ 09-26,1784808180000,1784808480000,28954,28953.75,28953.875,1,1,1,843
MNQ 09-26,1784808240000,1784808540000,28955.75,28955.5,28955.625,-1,1,1,844
MNQ 09-26,1784808360000,1784808660000,28930,28929.5,28929.75,-1,2,1,846
MNQ 09-26,1784808420000,1784808720000,28934.75,28934.5,28934.625,1,1,1,847
MNQ 09-26,1784808480000,1784808780000,28936.75,28936.5,28936.625,1,1,1,848
MNQ 09-26,1784808540000,1784808840000,28919.5,28919.25,28919.375,1,1,1,849
MNQ 09-26,1784808660000,1784808960000,28937,28936.5,28936.75,1,2,2,851
MNQ 09-26,1784808720000,1784809020000,28928,28927.75,28927.875,-1,1,1,852
MNQ 09-26,1784808780000,1784809080000,28920,28918.75,28919.375,1,5,2,853
MNQ 09-26,1784808840000,1784809140000,28928,28927.5,28927.75,1,2,2,854
MNQ 09-26,1784808900000,1784809200000,28916.75,28916.5,28916.625,1,1,1,855
MNQ 09-26,1784808960000,1784809260000,28929.75,28929.5,28929.625,1,1,1,856
MNQ 09-26,1784809020000,1784809320000,28907.75,28907.25,28907.5,-1,2,1,857
MNQ 09-26,1784809080000,1784809380000,28911.75,28910.75,28911.25,-1,4,1,858
MNQ 09-26,1784809200000,1784809500000,28892.75,28892,28892.375,1,3,1,860
MNQ 09-26,1784809260000,1784809560000,28885.25,28884.5,28884.875,1,3,1,861
MNQ 09-26,1784809320000,1784809620000,28895.25,28894.75,28895,1,2,1,862
MNQ 09-26,1784809380000,1784809680000,28894.25,28893.5,28893.875,-1,3,1,863
MNQ 09-26,1784809440000,1784809740000,28878.5,28877.75,28878.125,1,3,1,864
MNQ 09-26,1784809500000,1784809800000,28874.25,28874,28874.125,-1,1,1,865
MNQ 09-26,1784809560000,1784809860000,28868.5,28867.75,28868.125,1,3,1,866
MNQ 09-26,1784809620000,1784809920000,28864,28863.75,28863.875,-1,1,1,867
MNQ 09-26,1784809680000,1784809980000,28875,28874.5,28874.75,1,2,1,868
MNQ 09-26,1784809800000,1784810100000,28865.75,28865.25,28865.5,-1,2,1,870
MNQ 09-26,1784809860000,1784810160000,28861,28860,28860.5,1,4,1,871
MNQ 09-26,1784809980000,1784810280000,28849,28848.5,28848.75,1,2,1,873
MNQ 09-26,1784810040000,1784810340000,28839,28838.25,28838.625,1,3,1,874
MNQ 09-26,1784810100000,1784810400000,28837.5,28837.25,28837.375,-1,1,1,875
MNQ 09-26,1784810220000,1784810520000,28805.5,28804.75,28805.125,-1,3,1,877
MNQ 09-26,1784810280000,1784810580000,28800.75,28800,28800.375,1,3,1,878
MNQ 09-26,1784810400000,1784810700000,28796,28795.5,28795.75,-1,2,1,880
MNQ 09-26,1784810460000,1784810760000,28779.75,28779.25,28779.5,-1,2,1,881
MNQ 09-26,1784810520000,1784810820000,28799.5,28798.5,28799,-1,4,1,882
MNQ 09-26,1784810580000,1784810880000,28777.5,28776.75,28777.125,1,3,1,883
MNQ 09-26,1784810640000,1784810940000,28777.75,28777.25,28777.5,1,2,2,884
MNQ 09-26,1784810700000,1784811000000,28789.5,28788.5,28789,1,4,1,885
MNQ 09-26,1784810760000,1784811060000,28789.75,28789.25,28789.5,-1,2,2,886
MNQ 09-26,1784810820000,1784811120000,28796.75,28796.5,28796.625,-1,1,1,887
MNQ 09-26,1784810880000,1784811180000,28768.75,28768.5,28768.625,1,1,1,888
MNQ 09-26,1784810940000,1784811240000,28761.25,28760.25,28760.75,-1,4,1,889
MNQ 09-26,1784811000000,1784811300000,28786,28785.75,28785.875,-1,1,1,890
MNQ 09-26,1784811060000,1784811360000,28792.5,28792.25,28792.375,-1,1,1,891
MNQ 09-26,1784811180000,1784811480000,28791.5,28791.25,28791.375,1,1,1,893
MNQ 09-26,1784811240000,1784811540000,28797,28796.5,28796.75,-1,2,1,894
MNQ 09-26,1784811300000,1784811600000,28784,28783.75,28783.875,-1,1,1,895
MNQ 09-26,1784811360000,1784811660000,28781.75,28781.5,28781.625,1,1,1,896
MNQ 09-26,1784811420000,1784811720000,28792.25,28791.75,28792,-1,2,1,897
MNQ 09-26,1784811480000,1784811780000,28792,28791.75,28791.875,1,1,2,898
MNQ 09-26,1784811540000,1784811840000,28776.75,28776.25,28776.5,-1,2,1,899
MNQ 09-26,1784811600000,1784811900000,28787.25,28786.75,28787,-1,2,1,900
MNQ 09-26,1784811840000,1784812140000,28781.75,28781,28781.375,-1,3,1,904
MNQ 09-26,1784811900000,1784812200000,28770,28769.75,28769.875,1,1,1,905
MNQ 09-26,1784811960000,1784812260000,28752,28751.5,28751.75,-1,2,1,906
MNQ 09-26,1784812020000,1784812320000,28741,28740.75,28740.875,-1,1,1,907
MNQ 09-26,1784812080000,1784812380000,28764.5,28764.25,28764.375,-1,1,1,908
MNQ 09-26,1784812140000,1784812440000,28745.75,28745,28745.375,1,3,1,909
MNQ 09-26,1784812200000,1784812500000,28728,28727.5,28727.75,-1,2,1,910
MNQ 09-26,1784812260000,1784812560000,28730.5,28730.25,28730.375,-1,1,1,911
MNQ 09-26,1784812500000,1784812800000,28727,28726.75,28726.875,1,1,1,915
MNQ 09-26,1784812560000,1784812860000,28721.75,28721,28721.375,1,3,1,916
MNQ 09-26,1784812620000,1784812920000,28723,28722.75,28722.875,1,1,1,917
MNQ 09-26,1784812800000,1784813100000,28716.25,28715.75,28716,1,2,1,920
MNQ 09-26,1784812920000,1784813220000,28715.75,28715.5,28715.625,1,1,2,922
MNQ 09-26,1784813040000,1784813340000,28717.25,28717,28717.125,-1,1,1,924
MNQ 09-26,1784813220000,1784813520000,28711,28710.75,28710.875,-1,1,1,927
MNQ 09-26,1784813280000,1784813580000,28703.25,28702.75,28703,-1,2,1,928
MNQ 09-26,1784813340000,1784813640000,28723.5,28723.25,28723.375,1,1,1,929
MNQ 09-26,1784813400000,1784813700000,28718.75,28718,28718.375,-1,3,1,930
MNQ 09-26,1784813460000,1784813760000,28687.25,28686.75,28687,-1,2,1,931
MNQ 09-26,1784813520000,1784813820000,28720,28719.5,28719.75,1,2,1,932
MNQ 09-26,1784813580000,1784813880000,28740,28739.5,28739.75,1,2,1,933
MNQ 09-26,1784813640000,1784813940000,28724.25,28723.25,28723.75,-1,4,2,934
MNQ 09-26,1784813760000,1784814060000,28753,28752,28752.5,-1,4,1,936
MNQ 09-26,1784813820000,1784814120000,28788.25,28788,28788.125,-1,1,1,937
MNQ 09-26,1784814000000,1784814300000,28797.5,28797,28797.25,1,2,1,940
MNQ 09-26,1784814060000,1784814360000,28813.5,28813.25,28813.375,-1,1,1,941
MNQ 09-26,1784814180000,1784814480000,28865.75,28865,28865.375,1,3,1,943
MNQ 09-26,1784814240000,1784814540000,28872.75,28872.5,28872.625,1,1,1,944
MNQ 09-26,1784814420000,1784814720000,28846.5,28846,28846.25,1,2,1,947
MNQ 09-26,1784814540000,1784814840000,28796.25,28796,28796.125,1,1,1,949
MNQ 09-26,1784814600000,1784814900000,28760.5,28760,28760.25,-1,2,1,950
MNQ 09-26,1784814840000,1784815140000,28770.25,28769.75,28770,1,2,1,954
MNQ 09-26,1784814960000,1784815260000,28797.5,28797,28797.25,-1,2,1,956
MNQ 09-26,1784815080000,1784815380000,28732.5,28732.25,28732.375,-1,1,1,958
MNQ 09-26,1784815140000,1784815440000,28726.25,28725.75,28726,1,2,1,959
MNQ 09-26,1784815200000,1784815500000,28708.5,28708,28708.25,-1,2,1,960
MNQ 09-26,1784815260000,1784815560000,28747.5,28747.25,28747.375,1,1,1,961
MNQ 09-26,1784815320000,1784815620000,28713.5,28713,28713.25,1,2,1,962
MNQ 09-26,1784815440000,1784815740000,28727.75,28727.25,28727.5,1,2,1,964
MNQ 09-26,1784815500000,1784815800000,28749.25,28749,28749.125,-1,1,1,965
MNQ 09-26,1784815560000,1784815860000,28791.5,28791.25,28791.375,1,1,1,966
MNQ 09-26,1784815620000,1784815920000,28776.25,28775.75,28776,1,2,1,967
MNQ 09-26,1784815740000,1784816040000,28713.5,28713.25,28713.375,1,1,1,969
MNQ 09-26,1784815800000,1784816100000,28717.25,28716.5,28716.875,-1,3,1,970
MNQ 09-26,1784815980000,1784816280000,28756,28755.75,28755.875,-1,1,1,973
MNQ 09-26,1784816100000,1784816400000,28704.5,28703.75,28704.125,-1,3,1,975
MNQ 09-26,1784816160000,1784816460000,28696.5,28696.25,28696.375,1,1,1,976
MNQ 09-26,1784816220000,1784816520000,28715.75,28715.25,28715.5,-1,2,1,977
MNQ 09-26,1784816280000,1784816580000,28729.5,28728.75,28729.125,-1,3,1,978
MNQ 09-26,1784816340000,1784816640000,28718,28717.25,28717.625,1,3,1,979
MNQ 09-26,1784816400000,1784816700000,28704.75,28704,28704.375,1,3,2,980
MNQ 09-26,1784816460000,1784816760000,28707.75,28707,28707.375,-1,3,1,981
MNQ 09-26,1784816520000,1784816820000,28752.75,28752.25,28752.5,-1,2,1,982
MNQ 09-26,1784816580000,1784816880000,28762.5,28762.25,28762.375,-1,1,1,983
MNQ 09-26,1784816640000,1784816940000,28735.5,28735,28735.25,1,2,1,984
MNQ 09-26,1784816700000,1784817000000,28708.5,28708,28708.25,-1,2,1,985
MNQ 09-26,1784816760000,1784817060000,28735.5,28735.25,28735.375,-1,1,2,986
MNQ 09-26,1784816820000,1784817120000,28715.5,28714.75,28715.125,1,3,1,987
MNQ 09-26,1784816880000,1784817180000,28711.75,28711.25,28711.5,-1,2,1,988
MNQ 09-26,1784816940000,1784817240000,28702,28701.75,28701.875,1,1,1,989
MNQ 09-26,1784817000000,1784817300000,28732.75,28732.5,28732.625,-1,1,1,990
MNQ 09-26,1784817060000,1784817360000,28730.5,28730.25,28730.375,-1,1,1,991
MNQ 09-26,1784817120000,1784817420000,28717.25,28716.75,28717,-1,2,1,992
MNQ 09-26,1784817240000,1784817540000,28649.5,28649.25,28649.375,1,1,1,994
MNQ 09-26,1784817300000,1784817600000,28670.25,28669.75,28670,1,2,1,995
MNQ 09-26,1784817360000,1784817660000,28654.25,28654,28654.125,-1,1,1,996
MNQ 09-26,1784817480000,1784817780000,28758,28757.25,28757.625,1,3,1,998
MNQ 09-26,1784817540000,1784817840000,28734.75,28734.5,28734.625,1,1,1,999
MNQ 09-26,1784817660000,1784817960000,28729.5,28728.75,28729.125,1,3,1,1001
MNQ 09-26,1784817720000,1784818020000,28688,28687.5,28687.75,1,2,1,1002
MNQ 09-26,1784817840000,1784818140000,28643.5,28643,28643.25,1,2,1,1004
MNQ 09-26,1784817960000,1784818260000,28633,28632,28632.5,1,4,1,1006
MNQ 09-26,1784818080000,1784818380000,28650.5,28650.25,28650.375,1,1,1,1008
MNQ 09-26,1784818140000,1784818440000,28634.75,28634.5,28634.625,1,1,1,1009
MNQ 09-26,1784818260000,1784818560000,28614,28613.5,28613.75,1,2,1,1011
MNQ 09-26,1784818320000,1784818620000,28593.25,28592.75,28593,-1,2,1,1012
MNQ 09-26,1784818380000,1784818680000,28612.75,28612.25,28612.5,-1,2,1,1013
MNQ 09-26,1784818440000,1784818740000,28589.25,28589,28589.125,-1,1,1,1014
MNQ 09-26,1784818500000,1784818800000,28582.25,28582,28582.125,1,1,1,1015
MNQ 09-26,1784818560000,1784818860000,28578.5,28578,28578.25,1,2,1,1016
MNQ 09-26,1784818680000,1784818980000,28614,28613.5,28613.75,1,2,1,1018
MNQ 09-26,1784818800000,1784819100000,28597,28596.75,28596.875,1,1,1,1020
MNQ 09-26,1784818860000,1784819160000,28587.5,28586.75,28587.125,-1,3,1,1021
MNQ 09-26,1784818920000,1784819220000,28577.75,28577.25,28577.5,1,2,1,1022
MNQ 09-26,1784819040000,1784819340000,28573.25,28573,28573.125,-1,1,1,1024
MNQ 09-26,1784819100000,1784819400000,28568.25,28568,28568.125,-1,1,1,1025
MNQ 09-26,1784819220000,1784819520000,28534.75,28534.25,28534.5,1,2,1,1027
MNQ 09-26,1784819400000,1784819700000,28528.75,28528.5,28528.625,-1,1,1,1030
MNQ 09-26,1784819460000,1784819760000,28529.25,28529,28529.125,-1,1,1,1031
MNQ 09-26,1784819580000,1784819880000,28497.5,28497,28497.25,1,2,1,1033
MNQ 09-26,1784819700000,1784820000000,28494.25,28493.5,28493.875,-1,3,1,1035
MNQ 09-26,1784819820000,1784820120000,28511,28510.5,28510.75,1,2,1,1037
MNQ 09-26,1784819880000,1784820180000,28525,28524.75,28524.875,1,1,1,1038
MNQ 09-26,1784820000000,1784820300000,28537.5,28537.25,28537.375,1,1,1,1040
MNQ 09-26,1784820060000,1784820360000,28555.75,28555,28555.375,1,3,1,1041
MNQ 09-26,1784820120000,1784820420000,28520.75,28520,28520.375,1,3,1,1042
MNQ 09-26,1784820180000,1784820480000,28483.75,28483.5,28483.625,-1,1,1,1043
MNQ 09-26,1784820240000,1784820540000,28491,28490.5,28490.75,1,2,1,1044
MNQ 09-26,1784820360000,1784820660000,28487.5,28487.25,28487.375,1,1,1,1046
MNQ 09-26,1784820480000,1784820780000,28459,28458.75,28458.875,-1,1,1,1048
MNQ 09-26,1784820540000,1784820840000,28450.5,28450,28450.25,-1,2,1,1049
MNQ 09-26,1784820660000,1784820960000,28448,28447.5,28447.75,1,2,1,1051
MNQ 09-26,1784820720000,1784821020000,28465.75,28465,28465.375,1,3,1,1052
MNQ 09-26,1784820780000,1784821080000,28481.25,28481,28481.125,1,1,1,1053
MNQ 09-26,1784820960000,1784821260000,28505.5,28505.25,28505.375,1,1,1,1056
MNQ 09-26,1784821140000,1784821440000,28532.75,28532.5,28532.625,1,1,1,1059
MNQ 09-26,1784821200000,1784821500000,28527.25,28526.75,28527,-1,2,1,1060
MNQ 09-26,1784821260000,1784821560000,28532.5,28532.25,28532.375,-1,1,2,1061
MNQ 09-26,1784821380000,1784821680000,28510.5,28509.5,28510,1,4,1,1063
MNQ 09-26,1784821440000,1784821740000,28507,28506.5,28506.75,-1,2,1,1064
MNQ 09-26,1784821500000,1784821800000,28494.75,28494.25,28494.5,1,2,1,1065
MNQ 09-26,1784821680000,1784821980000,28497.25,28497,28497.125,1,1,1,1068
MNQ 09-26,1784821800000,1784822100000,28522.25,28522,28522.125,1,1,1,1070
MNQ 09-26,1784821920000,1784822220000,28520.25,28519.75,28520,1,2,1,1072
MNQ 09-26,1784822040000,1784822340000,28538.25,28538,28538.125,-1,1,1,1074
MNQ 09-26,1784822100000,1784822400000,28556.5,28556.25,28556.375,1,1,1,1075
MNQ 09-26,1784822160000,1784822460000,28563.25,28563,28563.125,1,1,1,1076
MNQ 09-26,1784822220000,1784822520000,28571.25,28571,28571.125,-1,1,1,1077
MNQ 09-26,1784822280000,1784822580000,28572,28571.5,28571.75,-1,2,1,1078
MNQ 09-26,1784822340000,1784822640000,28581.5,28581.25,28581.375,1,1,1,1079
MNQ 09-26,1784822400000,1784822700000,28588.25,28588,28588.125,1,1,1,1080
MNQ 09-26,1784822460000,1784822760000,28598.75,28598.5,28598.625,1,1,1,1081
MNQ 09-26,1784822520000,1784822820000,28592,28591.5,28591.75,1,2,1,1082
MNQ 09-26,1784822760000,1784823060000,28583.75,28583,28583.375,-1,3,1,1086
MNQ 09-26,1784822820000,1784823120000,28579.5,28579.25,28579.375,1,1,1,1087
MNQ 09-26,1784822940000,1784823240000,28616.75,28616.5,28616.625,1,1,1,1089
MNQ 09-26,1784823060000,1784823360000,28631,28630.25,28630.625,-1,3,1,1091
MNQ 09-26,1784823180000,1784823480000,28623.25,28623,28623.125,-1,1,1,1093
MNQ 09-26,1784823240000,1784823540000,28624,28623.75,28623.875,-1,1,1,1094
MNQ 09-26,1784823420000,1784823720000,28624.5,28624.25,28624.375,1,1,1,1097
MNQ 09-26,1784823540000,1784823840000,28637,28636.25,28636.625,1,3,1,1099
MNQ 09-26,1784823600000,1784823900000,28630.25,28630,28630.125,-1,1,1,1100
MNQ 09-26,1784823660000,1784823960000,28655.5,28655,28655.25,1,2,1,1101
MNQ 09-26,1784823720000,1784824020000,28653.5,28653.25,28653.375,1,1,1,1102
MNQ 09-26,1784823780000,1784824080000,28671.5,28670.75,28671.125,1,3,1,1103
MNQ 09-26,1784823840000,1784824140000,28690.25,28689.75,28690,-1,2,1,1104
MNQ 09-26,1784823900000,1784824200000,28687.25,28687,28687.125,-1,1,1,1105
MNQ 09-26,1784824020000,1784824320000,28676.5,28676,28676.25,1,2,1,1107
MNQ 09-26,1784824080000,1784824380000,28696.5,28695.75,28696.125,-1,3,1,1108
MNQ 09-26,1784824140000,1784824440000,28701,28700.75,28700.875,1,1,1,1109
MNQ 09-26,1784824260000,1784824560000,28697.25,28696.25,28696.75,1,4,2,1111
MNQ 09-26,1784824320000,1784824620000,28696.75,28695.75,28696.25,-1,4,3,1112
MNQ 09-26,1784824380000,1784824680000,28696.25,28695.75,28696,-1,2,4,1113
MNQ 09-26,1784824440000,1784824740000,28697.25,28696.25,28696.75,1,4,4,1114
MNQ 09-26,1784824500000,1784824800000,28690.5,28690.25,28690.375,-1,1,1,1115
MNQ 09-26,1784824560000,1784824860000,28707.75,28707.5,28707.625,1,1,1,1116
MNQ 09-26,1784824620000,1784824920000,28704.5,28704.25,28704.375,-1,1,1,1117
MNQ 09-26,1784824740000,1784825040000,28732.25,28732,28732.125,1,1,1,1119
MNQ 09-26,1784824800000,1784825100000,28731.5,28731.25,28731.375,1,1,1,1120
MNQ 09-26,1784824860000,1784825160000,28713,28712.75,28712.875,-1,1,1,1121
MNQ 09-26,1784824980000,1784825280000,28702,28701.25,28701.625,1,3,1,1123
MNQ 09-26,1784825040000,1784825340000,28706.25,28706,28706.125,-1,1,1,1124
MNQ 09-26,1784825100000,1784825400000,28687.75,28687.5,28687.625,-1,1,1,1125
MNQ 09-26,1784825160000,1784825460000,28648.75,28648.25,28648.5,1,2,1,1126
MNQ 09-26,1784825220000,1784825520000,28646.25,28646,28646.125,1,1,1,1127
MNQ 09-26,1784825340000,1784825640000,28640,28639.75,28639.875,1,1,1,1129
MNQ 09-26,1784825400000,1784825700000,28637.5,28637,28637.25,1,2,1,1130
MNQ 09-26,1784825460000,1784825760000,28627,28626.75,28626.875,1,1,1,1131
MNQ 09-26,1784825520000,1784825820000,28622.5,28621.75,28622.125,1,3,1,1132
MNQ 09-26,1784825580000,1784825880000,28628.75,28628.25,28628.5,1,2,1,1133
MNQ 09-26,1784825640000,1784825940000,28614.75,28614.5,28614.625,-1,1,1,1134
MNQ 09-26,1784825700000,1784826000000,28611.75,28611.5,28611.625,1,1,1,1135
MNQ 09-26,1784825820000,1784826120000,28626.75,28625.75,28626.25,1,4,1,1137
MNQ 09-26,1784825880000,1784826180000,28625,28624.5,28624.75,-1,2,1,1138
MNQ 09-26,1784825940000,1784826240000,28625.75,28624.75,28625.25,1,4,3,1139
MNQ 09-26,1784826000000,1784826300000,28641.5,28641.25,28641.375,-1,1,1,1140
MNQ 09-26,1784826060000,1784826360000,28657,28656.75,28656.875,-1,1,1,1141
MNQ 09-26,1784826240000,1784826540000,28649.5,28649.25,28649.375,-1,1,1,1144
MNQ 09-26,1784826300000,1784826600000,28615.25,28614.75,28615,1,2,1,1145
MNQ 09-26,1784826420000,1784826720000,28595.25,28595,28595.125,-1,1,1,1147
MNQ 09-26,1784826480000,1784826780000,28607.5,28606.5,28607,1,4,1,1148
MNQ 09-26,1784826600000,1784826900000,28626.5,28626,28626.25,-1,2,1,1150
MNQ 09-26,1784826660000,1784826960000,28633.5,28632.5,28633,-1,4,1,1151
MNQ 09-26,1784826720000,1784827020000,28638.75,28638.5,28638.625,1,1,1,1152
MNQ 09-26,1784826780000,1784827080000,28649,28648.5,28648.75,1,2,1,1153
MNQ 09-26,1784826840000,1784827140000,28638.5,28638.25,28638.375,1,1,2,1154
MNQ 09-26,1784826900000,1784827200000,28642.5,28642.25,28642.375,-1,1,1,1155
MNQ 09-26,1784826960000,1784827260000,28643,28642.5,28642.75,-1,2,2,1156
MNQ 09-26,1784827020000,1784827320000,28646.75,28646.25,28646.5,1,2,1,1157
MNQ 09-26,1784827080000,1784827380000,28622.25,28622,28622.125,1,1,1,1158
MNQ 09-26,1784827140000,1784827440000,28635.75,28635,28635.375,1,3,1,1159
MNQ 09-26,1784827260000,1784827560000,28662,28661.5,28661.75,-1,2,1,1161
MNQ 09-26,1784827320000,1784827620000,28637.25,28636.75,28637,-1,2,1,1162
MNQ 09-26,1784827380000,1784827680000,28634.25,28633.75,28634,1,2,1,1163
MNQ 09-26,1784827440000,1784827740000,28659.75,28659.5,28659.625,-1,1,1,1164
MNQ 09-26,1784827500000,1784827800000,28664.5,28664,28664.25,1,2,1,1165
MNQ 09-26,1784827560000,1784827860000,28669.5,28669.25,28669.375,1,1,1,1166
MNQ 09-26,1784827680000,1784827980000,28661,28660.75,28660.875,-1,1,1,1168
MNQ 09-26,1784827740000,1784828040000,28664.25,28664,28664.125,-1,1,2,1169
MNQ 09-26,1784827800000,1784828100000,28653,28652.75,28652.875,-1,1,1,1170
MNQ 09-26,1784827860000,1784828160000,28649,28648.5,28648.75,-1,2,1,1171
MNQ 09-26,1784827980000,1784828280000,28611.5,28611.25,28611.375,1,1,1,1173
MNQ 09-26,1784828040000,1784828340000,28620.25,28619.75,28620,-1,2,1,1174
MNQ 09-26,1784828100000,1784828400000,28620.75,28620,28620.375,-1,3,2,1175
MNQ 09-26,1784828220000,1784828520000,28594.5,28594,28594.25,1,2,1,1177
MNQ 09-26,1784828280000,1784828580000,28595,28594.25,28594.625,1,3,2,1178
MNQ 09-26,1784828400000,1784828700000,28590.25,28590,28590.125,1,1,1,1180
MNQ 09-26,1784828460000,1784828760000,28578,28577.75,28577.875,1,1,1,1181
MNQ 09-26,1784828520000,1784828820000,28586.25,28586,28586.125,-1,1,1,1182
MNQ 09-26,1784828580000,1784828880000,28589.25,28588.75,28589,-1,2,1,1183
MNQ 09-26,1784828760000,1784829060000,28618.25,28618,28618.125,-1,1,1,1186
MNQ 09-26,1784829000000,1784829300000,28621.5,28621,28621.25,-1,2,1,1190
MNQ 09-26,1784829060000,1784829360000,28622.25,28621.5,28621.875,1,3,2,1191
MNQ 09-26,1784829120000,1784829420000,28608.5,28608.25,28608.375,1,1,1,1192
MNQ 09-26,1784829180000,1784829480000,28621.25,28621,28621.125,1,1,2,1193
MNQ 09-26,1784829240000,1784829540000,28607.25,28606.75,28607,-1,2,1,1194
MNQ 09-26,1784829300000,1784829600000,28596.75,28596.5,28596.625,-1,1,1,1195
MNQ 09-26,1784829360000,1784829660000,28590,28589.75,28589.875,-1,1,1,1196
MNQ 09-26,1784829480000,1784829780000,28571.5,28571.25,28571.375,1,1,1,1198
MNQ 09-26,1784829540000,1784829840000,28575.25,28575,28575.125,1,1,1,1199
MNQ 09-26,1784829600000,1784829900000,28568,28567.25,28567.625,1,3,1,1200
MNQ 09-26,1784829660000,1784829960000,28571.25,28571,28571.125,-1,1,2,1201
MNQ 09-26,1784829720000,1784830020000,28566.5,28566,28566.25,1,2,1,1202
MNQ 09-26,1784829780000,1784830080000,28572.25,28572,28572.125,1,1,1,1203
MNQ 09-26,1784829840000,1784830140000,28576,28575.75,28575.875,1,1,1,1204
MNQ 09-26,1784829900000,1784830200000,28561.5,28561.25,28561.375,1,1,1,1205
MNQ 09-26,1784829960000,1784830260000,28562,28561.25,28561.625,1,3,2,1206
MNQ 09-26,1784830020000,1784830320000,28565.5,28565,28565.25,-1,2,1,1207
MNQ 09-26,1784830080000,1784830380000,28544.25,28543.75,28544,-1,2,1,1208
MNQ 09-26,1784830140000,1784830440000,28553,28552.75,28552.875,1,1,1,1209
MNQ 09-26,1784830200000,1784830500000,28547.5,28547.25,28547.375,1,1,1,1210
MNQ 09-26,1784830320000,1784830620000,28559,28558.75,28558.875,-1,1,1,1212
MNQ 09-26,1784830380000,1784830680000,28575.25,28575,28575.125,1,1,1,1213
MNQ 09-26,1784830440000,1784830740000,28571.25,28571,28571.125,1,1,1,1214
MNQ 09-26,1784830560000,1784830860000,28569,28568.5,28568.75,-1,2,1,1216
MNQ 09-26,1784830620000,1784830920000,28568.75,28568.25,28568.5,-1,2,2,1217
MNQ 09-26,1784830680000,1784830980000,28550.75,28550.5,28550.625,-1,1,1,1218
MNQ 09-26,1784830740000,1784831040000,28551.25,28551,28551.125,1,1,1,1219
MNQ 09-26,1784830800000,1784831100000,28556,28555.75,28555.875,1,1,1,1220
MNQ 09-26,1784830860000,1784831160000,28555.75,28555.25,28555.5,1,2,2,1221
MNQ 09-26,1784831040000,1784831340000,28570.5,28570.25,28570.375,1,1,1,1224
MNQ 09-26,1784831100000,1784831400000,28580,28579.5,28579.75,-1,2,1,1225
MNQ 09-26,1784831340000,1784831640000,28567.75,28567,28567.375,1,3,1,1229
MNQ 09-26,1784831400000,1784831700000,28574.75,28574.5,28574.625,-1,1,1,1230
MNQ 09-26,1784831520000,1784831820000,28586,28585.75,28585.875,1,1,1,1232
MNQ 09-26,1784831580000,1784831880000,28580.75,28580.5,28580.625,1,1,1,1233
MNQ 09-26,1784831640000,1784831940000,28587,28586.75,28586.875,1,1,1,1234
MNQ 09-26,1784831700000,1784832000000,28597,28596.25,28596.625,-1,3,1,1235
MNQ 09-26,1784831760000,1784832060000,28580.5,28580.25,28580.375,-1,1,2,1236
MNQ 09-26,1784831820000,1784832120000,28568.25,28568,28568.125,1,1,1,1237
MNQ 09-26,1784831880000,1784832180000,28569.5,28569,28569.25,1,2,1,1238
MNQ 09-26,1784831940000,1784832240000,28559.75,28559.5,28559.625,-1,1,1,1239
MNQ 09-26,1784832060000,1784832360000,28575.75,28575.5,28575.625,1,1,1,1241
MNQ 09-26,1784832120000,1784832420000,28557.5,28557,28557.25,1,2,1,1242
MNQ 09-26,1784832180000,1784832480000,28555,28553.75,28554.375,1,5,1,1243
MNQ 09-26,1784832240000,1784832540000,28550.75,28550.5,28550.625,-1,1,1,1244
MNQ 09-26,1784832300000,1784832600000,28550.5,28550.25,28550.375,1,1,2,1245
MNQ 09-26,1784832360000,1784832660000,28561.75,28561.25,28561.5,1,2,1,1246
MNQ 09-26,1784832420000,1784832720000,28563.75,28563.5,28563.625,-1,1,1,1247
MNQ 09-26,1784832480000,1784832780000,28575.75,28575.5,28575.625,-1,1,1,1248
MNQ 09-26,1784832540000,1784832840000,28573.75,28573.5,28573.625,1,1,1,1249
MNQ 09-26,1784832600000,1784832900000,28564.75,28564.25,28564.5,1,2,1,1250
MNQ 09-26,1784832660000,1784832960000,28562.25,28561.75,28562,-1,2,2,1251
MNQ 09-26,1784832720000,1784833020000,28562.25,28561.75,28562,1,2,2,1252
MNQ 09-26,1784832780000,1784833080000,28562,28561.75,28561.875,-1,1,3,1253
MNQ 09-26,1784832840000,1784833140000,28559.75,28559.25,28559.5,-1,2,1,1254
MNQ 09-26,1784832960000,1784833260000,28539.25,28538.75,28539,-1,2,1,1256
MNQ 09-26,1784833080000,1784833380000,28534.75,28534.25,28534.5,-1,2,1,1258
MNQ 09-26,1784833260000,1784833560000,28554.75,28554,28554.375,-1,3,1,1261
MNQ 09-26,1784833440000,1784833740000,28520.75,28520.5,28520.625,-1,1,1,1264
MNQ 09-26,1784833500000,1784833800000,28516,28515.5,28515.75,1,2,1,1265
MNQ 09-26,1784833560000,1784833860000,28525.25,28524.75,28525,1,2,1,1266
MNQ 09-26,1784833620000,1784833920000,28526.25,28526,28526.125,-1,1,1,1267
MNQ 09-26,1784833680000,1784833980000,28511,28510.5,28510.75,1,2,1,1268
MNQ 09-26,1784833800000,1784834100000,28509.25,28508.5,28508.875,-1,3,1,1270
MNQ 09-26,1784833860000,1784834160000,28503.75,28503.5,28503.625,1,1,1,1271
MNQ 09-26,1784833980000,1784834280000,28514.25,28514,28514.125,1,1,1,1273
MNQ 09-26,1784834040000,1784834340000,28508.25,28508,28508.125,1,1,1,1274
MNQ 09-26,1784834100000,1784834400000,28505.75,28505.25,28505.5,1,2,1,1275
MNQ 09-26,1784834160000,1784834460000,28516.75,28516.5,28516.625,1,1,1,1276
MNQ 09-26,1784834220000,1784834520000,28526,28525.5,28525.75,1,2,1,1277
MNQ 09-26,1784834280000,1784834580000,28529.5,28529.25,28529.375,-1,1,1,1278
MNQ 09-26,1784834340000,1784834640000,28520.75,28520.5,28520.625,1,1,1,1279
MNQ 09-26,1784834400000,1784834700000,28525.25,28524.75,28525,-1,2,1,1280
MNQ 09-26,1784834460000,1784834760000,28539.25,28539,28539.125,-1,1,1,1281
MNQ 09-26,1784834520000,1784834820000,28555.25,28554.75,28555,1,2,1,1282
MNQ 09-26,1784834640000,1784834940000,28561.5,28561.25,28561.375,1,1,1,1284
MNQ 09-26,1784834700000,1784835000000,28574.25,28573.5,28573.875,-1,3,1,1285
MNQ 09-26,1784834760000,1784835060000,28588.25,28587.75,28588,-1,2,1,1286
MNQ 09-26,1784834820000,1784835120000,28582.25,28582,28582.125,1,1,1,1287
MNQ 09-26,1784834880000,1784835180000,28583.25,28583,28583.125,-1,1,1,1288
MNQ 09-26,1784835000000,1784835300000,28583.25,28583,28583.125,1,1,2,1290
MNQ 09-26,1784835060000,1784835360000,28589,28588.5,28588.75,-1,2,1,1291
MNQ 09-26,1784835120000,1784835420000,28555.25,28555,28555.125,1,1,1,1292
MNQ 09-26,1784835300000,1784835600000,28560.25,28559.5,28559.875,-1,3,1,1295
MNQ 09-26,1784835360000,1784835660000,28553.5,28553,28553.25,-1,2,1,1296
MNQ 09-26,1784835600000,1784835900000,28539.5,28539.25,28539.375,-1,1,1,1300
MNQ 09-26,1784835660000,1784835960000,28538.5,28538,28538.25,1,2,1,1301
MNQ 09-26,1784835840000,1784836140000,28514.75,28514.25,28514.5,-1,2,1,1304
MNQ 09-26,1784835900000,1784836200000,28502.75,28502.25,28502.5,-1,2,1,1305
MNQ 09-26,1784835960000,1784836260000,28504.25,28503.75,28504,1,2,1,1306
MNQ 09-26,1784836020000,1784836320000,28493.75,28493.5,28493.625,1,1,1,1307
MNQ 09-26,1784836080000,1784836380000,28507.75,28507.5,28507.625,-1,1,1,1308
MNQ 09-26,1784836140000,1784836440000,28501.75,28501.5,28501.625,1,1,1,1309
MNQ 09-26,1784836200000,1784836500000,28499.25,28498.5,28498.875,-1,3,1,1310
MNQ 09-26,1784836260000,1784836560000,28529,28528.75,28528.875,-1,1,1,1311
MNQ 09-26,1784836320000,1784836620000,28536,28535.5,28535.75,1,2,1,1312
MNQ 09-26,1784836380000,1784836680000,28523.75,28523.25,28523.5,1,2,1,1313
MNQ 09-26,1784836440000,1784836740000,28517.25,28516.75,28517,-1,2,1,1314
MNQ 09-26,1784836500000,1784836800000,28536.25,28535.75,28536,1,2,2,1315
MNQ 09-26,1784836560000,1784836860000,28578.25,28577.75,28578,-1,2,1,1316
MNQ 09-26,1784836620000,1784836920000,28583.75,28583.5,28583.625,1,1,1,1317
MNQ 09-26,1784836680000,1784836980000,28606,28605.25,28605.625,1,3,1,1318
MNQ 09-26,1784836740000,1784837040000,28624,28623.75,28623.875,-1,1,1,1319
MNQ 09-26,1784836860000,1784837160000,28677.75,28677,28677.375,-1,3,1,1321
MNQ 09-26,1784836920000,1784837220000,28686,28685,28685.5,1,4,1,1322
MNQ 09-26,1784837040000,1784837340000,28721.25,28720.75,28721,1,2,1,1324
MNQ 09-26,1784837100000,1784837400000,28709.25,28708.75,28709,1,2,1,1325
MNQ 09-26,1784837160000,1784837460000,28707.75,28706.75,28707.25,1,4,1,1326
MNQ 09-26,1784837220000,1784837520000,28723.5,28722.75,28723.125,1,3,1,1327
MNQ 09-26,1784837280000,1784837580000,28712.75,28712.5,28712.625,-1,1,1,1328
MNQ 09-26,1784837340000,1784837640000,28713.75,28712.5,28713.125,1,5,2,1329
MNQ 09-26,1784837400000,1784837700000,28714,28713.75,28713.875,-1,1,2,1330
MNQ 09-26,1784837460000,1784837760000,28720.5,28720.25,28720.375,1,1,1,1331
MNQ 09-26,1784837520000,1784837820000,28731,28730.75,28730.875,-1,1,1,1332
MNQ 09-26,1784837640000,1784837940000,28741.25,28740.25,28740.75,-1,4,1,1334
MNQ 09-26,1784837700000,1784838000000,28727.75,28726.75,28727.25,-1,4,1,1335
MNQ 09-26,1784837760000,1784838060000,28734,28733.5,28733.75,-1,2,1,1336
MNQ 09-26,1784837820000,1784838120000,28740.25,28739.25,28739.75,-1,4,2,1337
MNQ 09-26,1784837880000,1784838180000,28744.75,28744.25,28744.5,1,2,1,1338
MNQ 09-26,1784837940000,1784838240000,28751,28750.5,28750.75,1,2,1,1339
MNQ 09-26,1784838000000,1784838300000,28754.5,28754,28754.25,-1,2,1,1340
MNQ 09-26,1784838120000,1784838420000,28756,28755.75,28755.875,-1,1,1,1342
MNQ 09-26,1784838180000,1784838480000,28767.25,28766.75,28767,1,2,1,1343
MNQ 09-26,1784838240000,1784838540000,28763.5,28762.75,28763.125,1,3,1,1344
MNQ 09-26,1784838360000,1784838660000,28769.75,28769.25,28769.5,-1,2,1,1346
MNQ 09-26,1784838420000,1784838720000,28764.5,28764,28764.25,-1,2,1,1347
MNQ 09-26,1784838480000,1784838780000,28768.25,28768,28768.125,-1,1,1,1348
MNQ 09-26,1784838600000,1784838900000,28769.25,28769,28769.125,1,1,2,1350
MNQ 09-26,1784838660000,1784838960000,28758.75,28758,28758.375,1,3,1,1351
MNQ 09-26,1784838780000,1784839080000,28781.5,28780,28780.75,-1,6,1,1353
MNQ 09-26,1784838960000,1784839260000,28767.75,28767.5,28767.625,-1,1,1,1356
MNQ 09-26,1784839020000,1784839320000,28765.25,28764.5,28764.875,-1,3,1,1357
MNQ 09-26,1784839260000,1784839560000,28748.25,28748,28748.125,1,1,1,1361
MNQ 09-26,1784839320000,1784839620000,28750.75,28750.5,28750.625,-1,1,1,1362
MNQ 09-26,1784839380000,1784839680000,28738.25,28737.75,28738,1,2,1,1363
MNQ 09-26,1784839440000,1784839740000,28735.5,28735.25,28735.375,1,1,1,1364
MNQ 09-26,1784839560000,1784839860000,28734.25,28734,28734.125,-1,1,1,1366
MNQ 09-26,1784839680000,1784839980000,28732,28731.75,28731.875,-1,1,1,1368
MNQ 09-26,1784839740000,1784840040000,28730,28729.75,28729.875,1,1,1,1369
MNQ 09-26,1784839800000,1784840100000,28729.75,28729.25,28729.5,-1,2,2,1370
MNQ 09-26,1784839860000,1784840160000,28735.75,28735.5,28735.625,1,1,1,1371
MNQ 09-26,1784839920000,1784840220000,28729.5,28729,28729.25,1,2,2,1372
MNQ 09-26,1784839980000,1784840280000,28728,28727.75,28727.875,-1,1,1,1373
MNQ 09-26,1784840040000,1784840340000,28729,28728.5,28728.75,-1,2,2,1374
MNQ 09-26,1784840100000,1784840400000,28732.75,28732.5,28732.625,1,1,1,1375
MNQ 09-26,1784840160000,1784840460000,28731.25,28731,28731.125,1,1,1,1376
MNQ 09-26,1784840220000,1784840520000,28733.75,28733.5,28733.625,1,1,1,1377
MNQ 09-26,1784840280000,1784840580000,28733,28732.25,28732.625,1,3,2,1378
MNQ 09-26,1784840340000,1784840640000,28742.25,28741.25,28741.75,1,4,1,1379
MNQ 09-26,1784840400000,1784840700000,28740.75,28708,28724.375,-1,131,5,1380
MNQ 09-26,1784844060000,1784844360000,28691.75,28690.5,28691.125,1,5,1,1381
MNQ 09-26,1784844120000,1784844420000,28661.5,28661,28661.25,1,2,1,1382
MNQ 09-26,1784844180000,1784844480000,28671.75,28670.75,28671.25,1,4,1,1383
MNQ 09-26,1784844240000,1784844540000,28669,28668.25,28668.625,1,3,1,1384
MNQ 09-26,1784844300000,1784844600000,28660,28658.5,28659.25,-1,6,1,1385
MNQ 09-26,1784844360000,1784844660000,28658.25,28657,28657.625,-1,5,1,1386
MNQ 09-26,1784844540000,1784844840000,28656,28655,28655.5,-1,4,1,1389
MNQ 09-26,1784844600000,1784844900000,28661.75,28661.25,28661.5,-1,2,1,1390
MNQ 09-26,1784844660000,1784844960000,28644.25,28643.25,28643.75,1,4,1,1391
MNQ 09-26,1784844900000,1784845200000,28642.25,28641.5,28641.875,-1,3,1,1395
MNQ 09-26,1784844960000,1784845260000,28641,28639.75,28640.375,1,5,1,1396
MNQ 09-26,1784845080000,1784845380000,28636.25,28635.5,28635.875,1,3,1,1398
MNQ 09-26,1784845140000,1784845440000,28633.75,28633,28633.375,-1,3,1,1399
MNQ 09-26,1784845200000,1784845500000,28631,28630.75,28630.875,-1,1,1,1400
MNQ 09-26,1784845260000,1784845560000,28636.25,28636,28636.125,1,1,2,1401
MNQ 09-26,1784845380000,1784845680000,28661.25,28660.5,28660.875,-1,3,1,1403
MNQ 09-26,1784845440000,1784845740000,28669.5,28669,28669.25,-1,2,1,1404
MNQ 09-26,1784845500000,1784845800000,28670.5,28670.25,28670.375,1,1,1,1405
MNQ 09-26,1784845620000,1784845920000,28658,28657.75,28657.875,1,1,1,1407
MNQ 09-26,1784845680000,1784845980000,28672,28671.75,28671.875,-1,1,1,1408
MNQ 09-26,1784845740000,1784846040000,28671,28670.25,28670.625,1,3,2,1409
MNQ 09-26,1784845800000,1784846100000,28664,28662.75,28663.375,1,5,1,1410
MNQ 09-26,1784845860000,1784846160000,28685.5,28685.25,28685.375,-1,1,1,1411
MNQ 09-26,1784845920000,1784846220000,28689,28688.5,28688.75,-1,2,1,1412
MNQ 09-26,1784845980000,1784846280000,28685.25,28684.5,28684.875,1,3,2,1413
MNQ 09-26,1784846040000,1784846340000,28680,28679.75,28679.875,-1,1,1,1414
MNQ 09-26,1784846100000,1784846400000,28678.25,28677.5,28677.875,-1,3,1,1415
MNQ 09-26,1784846160000,1784846460000,28678.25,28677.75,28678,1,2,2,1416
MNQ 09-26,1784846220000,1784846520000,28678.75,28678.25,28678.5,1,2,3,1417
MNQ 09-26,1784846280000,1784846580000,28671.75,28671.5,28671.625,1,1,1,1418
MNQ 09-26,1784846340000,1784846640000,28683.25,28682.75,28683,-1,2,1,1419
MNQ 09-26,1784846400000,1784846700000,28673,28672.75,28672.875,1,1,1,1420
MNQ 09-26,1784846460000,1784846760000,28669,28668.5,28668.75,-1,2,1,1421
MNQ 09-26,1784846520000,1784846820000,28673,28672,28672.5,1,4,2,1422
MNQ 09-26,1784846640000,1784846940000,28683.25,28682.5,28682.875,-1,3,2,1424
MNQ 09-26,1784846700000,1784847000000,28684,28683.75,28683.875,1,1,1,1425
MNQ 09-26,1784846760000,1784847060000,28685.25,28684.75,28685,1,2,1,1426
MNQ 09-26,1784846820000,1784847120000,28695.5,28695.25,28695.375,1,1,1,1427
MNQ 09-26,1784846880000,1784847180000,28698.5,28698,28698.25,1,2,1,1428
MNQ 09-26,1784846940000,1784847240000,28702.25,28702,28702.125,-1,1,1,1429
MNQ 09-26,1784847000000,1784847300000,28698,28696.75,28697.375,-1,5,2,1430
MNQ 09-26,1784847060000,1784847360000,28698.75,28698.5,28698.625,1,1,2,1431
MNQ 09-26,1784847120000,1784847420000,28706,28705.75,28705.875,-1,1,1,1432
MNQ 09-26,1784847240000,1784847540000,28702.75,28702.5,28702.625,1,1,1,1434
MNQ 09-26,1784847300000,1784847600000,28706.5,28706,28706.25,-1,2,2,1435
MNQ 09-26,1784847360000,1784847660000,28719,28718.5,28718.75,-1,2,1,1436
MNQ 09-26,1784847480000,1784847780000,28720.25,28720,28720.125,1,1,1,1438
MNQ 09-26,1784847540000,1784847840000,28728,28727.5,28727.75,1,2,1,1439
MNQ 09-26,1784847600000,1784847900000,28730.25,28729.75,28730,-1,2,1,1440
MNQ 09-26,1784847660000,1784847960000,28732.5,28732.25,28732.375,-1,1,1,1441
MNQ 09-26,1784847720000,1784848020000,28727.75,28727.25,28727.5,1,2,2,1442
MNQ 09-26,1784847780000,1784848080000,28728.75,28728,28728.375,1,3,2,1443
MNQ 09-26,1784847840000,1784848140000,28713.25,28712.5,28712.875,-1,3,1,1444
MNQ 09-26,1784847900000,1784848200000,28703.5,28702.75,28703.125,-1,3,1,1445
MNQ 09-26,1784847960000,1784848260000,28706,28705.75,28705.875,1,1,1,1446
MNQ 09-26,1784848080000,1784848380000,28697,28696.5,28696.75,-1,2,1,1448
MNQ 09-26,1784848140000,1784848440000,28694,28693.5,28693.75,1,2,1,1449
MNQ 09-26,1784848440000,1784848740000,28695.5,28695.25,28695.375,1,1,1,1454
MNQ 09-26,1784848500000,1784848800000,28698.25,28698,28698.125,1,1,1,1455
MNQ 09-26,1784848560000,1784848860000,28697.25,28697,28697.125,1,1,1,1456
MNQ 09-26,1784848620000,1784848920000,28694.5,28694,28694.25,-1,2,1,1457
MNQ 09-26,1784848680000,1784848980000,28695.5,28694.75,28695.125,-1,3,2,1458
MNQ 09-26,1784848800000,1784849100000,28696,28695.25,28695.625,-1,3,2,1460
MNQ 09-26,1784848860000,1784849160000,28695.75,28695.25,28695.5,-1,2,3,1461
MNQ 09-26,1784848980000,1784849280000,28703,28702.75,28702.875,1,1,1,1463
MNQ 09-26,1784849040000,1784849340000,28700.5,28699.75,28700.125,1,3,1,1464
MNQ 09-26,1784849100000,1784849400000,28702.75,28702,28702.375,1,3,2,1465
MNQ 09-26,1784849220000,1784849520000,28697.25,28697,28697.125,-1,1,1,1467
MNQ 09-26,1784849280000,1784849580000,28700.75,28699.5,28700.125,-1,5,2,1468
MNQ 09-26,1784849340000,1784849640000,28702.5,28701.75,28702.125,-1,3,2,1469
MNQ 09-26,1784849400000,1784849700000,28700.25,28699.5,28699.875,-1,3,2,1470
MNQ 09-26,1784849580000,1784849880000,28688.25,28687.25,28687.75,1,4,1,1473
MNQ 09-26,1784849640000,1784849940000,28695,28694.25,28694.625,-1,3,1,1474
MNQ 09-26,1784849700000,1784850000000,28695.5,28695.25,28695.375,-1,1,1,1475
MNQ 09-26,1784849820000,1784850120000,28686.75,28686.5,28686.625,1,1,1,1477
MNQ 09-26,1784849880000,1784850180000,28687.5,28687,28687.25,1,2,2,1478
MNQ 09-26,1784850000000,1784850300000,28677.25,28676.25,28676.75,1,4,1,1480
MNQ 09-26,1784850060000,1784850360000,28670.75,28670.5,28670.625,1,1,1,1481
MNQ 09-26,1784850120000,1784850420000,28685.75,28685,28685.375,-1,3,1,1482
MNQ 09-26,1784850180000,1784850480000,28688.25,28688,28688.125,-1,1,1,1483
MNQ 09-26,1784850240000,1784850540000,28683.5,28683.25,28683.375,1,1,1,1484
MNQ 09-26,1784850300000,1784850600000,28687.5,28687.25,28687.375,1,1,1,1485
MNQ 09-26,1784850360000,1784850660000,28698.25,28697.5,28697.875,1,3,1,1486
MNQ 09-26,1784850420000,1784850720000,28690.75,28690.5,28690.625,1,1,1,1487
MNQ 09-26,1784850480000,1784850780000,28682.25,28681,28681.625,-1,5,1,1488
MNQ 09-26,1784850540000,1784850840000,28693,28692.5,28692.75,1,2,1,1489
MNQ 09-26,1784850660000,1784850960000,28677,28676.5,28676.75,1,2,1,1491
MNQ 09-26,1784850720000,1784851020000,28669,28668,28668.5,1,4,1,1492
MNQ 09-26,1784850780000,1784851080000,28671.5,28669.25,28670.375,1,9,1,1493
MNQ 09-26,1784850840000,1784851140000,28666.75,28666.25,28666.5,1,2,1,1494
MNQ 09-26,1784850960000,1784851260000,28671,28670.25,28670.625,1,3,2,1496
MNQ 09-26,1784851020000,1784851320000,28668.5,28668,28668.25,1,2,2,1497
MNQ 09-26,1784851080000,1784851380000,28682.25,28681.5,28681.875,-1,3,1,1498
MNQ 09-26,1784851140000,1784851440000,28688.25,28688,28688.125,1,1,1,1499
MNQ 09-26,1784851200000,1784851500000,28681,28679.25,28680.125,1,7,1,1500
MNQ 09-26,1784851260000,1784851560000,28693.5,28693.25,28693.375,1,1,1,1501
MNQ 09-26,1784851320000,1784851620000,28700.5,28700.25,28700.375,1,1,1,1502
MNQ 09-26,1784851380000,1784851680000,28698.75,28698.25,28698.5,-1,2,1,1503
MNQ 09-26,1784851440000,1784851740000,28681.75,28681.5,28681.625,-1,1,1,1504
MNQ 09-26,1784851500000,1784851800000,28656,28655.5,28655.75,-1,2,1,1505
MNQ 09-26,1784851560000,1784851860000,28648.25,28647.75,28648,1,2,1,1506
MNQ 09-26,1784851620000,1784851920000,28663.75,28663,28663.375,-1,3,1,1507
MNQ 09-26,1784851680000,1784851980000,28640,28639.75,28639.875,1,1,1,1508
MNQ 09-26,1784851740000,1784852040000,28636.75,28635.75,28636.25,1,4,1,1509
MNQ 09-26,1784851800000,1784852100000,28637,28636.25,28636.625,1,3,2,1510
MNQ 09-26,1784851860000,1784852160000,28631,28630.25,28630.625,1,3,1,1511
MNQ 09-26,1784851920000,1784852220000,28624.75,28624.25,28624.5,1,2,1,1512
MNQ 09-26,1784851980000,1784852280000,28643.75,28643,28643.375,1,3,1,1513
MNQ 09-26,1784852040000,1784852340000,28640,28639.75,28639.875,1,1,1,1514
MNQ 09-26,1784852100000,1784852400000,28643.25,28643,28643.125,1,1,2,1515
MNQ 09-26,1784852220000,1784852520000,28641.25,28640.5,28640.875,1,3,1,1517
MNQ 09-26,1784852280000,1784852580000,28633.5,28633,28633.25,1,2,1,1518
MNQ 09-26,1784852340000,1784852640000,28650,28649.75,28649.875,-1,1,1,1519
MNQ 09-26,1784852400000,1784852700000,28630.5,28630,28630.25,-1,2,1,1520
MNQ 09-26,1784852460000,1784852760000,28642.25,28641.5,28641.875,1,3,1,1521
MNQ 09-26,1784852520000,1784852820000,28648.25,28648,28648.125,-1,1,1,1522
MNQ 09-26,1784852580000,1784852880000,28658,28657.25,28657.625,-1,3,1,1523
MNQ 09-26,1784852640000,1784852940000,28669.5,28669.25,28669.375,1,1,1,1524
MNQ 09-26,1784852700000,1784853000000,28667.25,28667,28667.125,-1,1,1,1525
MNQ 09-26,1784852760000,1784853060000,28661.5,28661.25,28661.375,-1,1,1,1526
MNQ 09-26,1784852820000,1784853120000,28656,28655,28655.5,1,4,1,1527
MNQ 09-26,1784852880000,1784853180000,28649.5,28649.25,28649.375,-1,1,1,1528
MNQ 09-26,1784852940000,1784853240000,28643.75,28643,28643.375,1,3,1,1529
MNQ 09-26,1784853120000,1784853420000,28636.75,28636.25,28636.5,-1,2,1,1532
MNQ 09-26,1784853180000,1784853480000,28631.5,28631,28631.25,1,2,1,1533
MNQ 09-26,1784853240000,1784853540000,28635,28634.75,28634.875,1,1,1,1534
MNQ 09-26,1784853300000,1784853600000,28629.75,28629.5,28629.625,-1,1,1,1535
MNQ 09-26,1784853360000,1784853660000,28631.5,28631,28631.25,-1,2,2,1536
MNQ 09-26,1784853420000,1784853720000,28639.75,28639,28639.375,1,3,1,1537
MNQ 09-26,1784853480000,1784853780000,28638,28637,28637.5,1,4,1,1538
MNQ 09-26,1784853600000,1784853900000,28651.25,28650.75,28651,1,2,1,1540
MNQ 09-26,1784853660000,1784853960000,28661,28660.75,28660.875,1,1,1,1541
MNQ 09-26,1784853720000,1784854020000,28649.25,28649,28649.125,-1,1,1,1542
MNQ 09-26,1784853780000,1784854080000,28669.5,28669.25,28669.375,-1,1,1,1543
MNQ 09-26,1784853900000,1784854200000,28656,28655.75,28655.875,-1,1,1,1545
MNQ 09-26,1784853960000,1784854260000,28661,28660.5,28660.75,1,2,2,1546
MNQ 09-26,1784854020000,1784854320000,28658,28657,28657.5,1,4,1,1547
MNQ 09-26,1784854080000,1784854380000,28674.5,28673.75,28674.125,1,3,1,1548
MNQ 09-26,1784854200000,1784854500000,28668.5,28668.25,28668.375,1,1,1,1550
MNQ 09-26,1784854260000,1784854560000,28674.25,28674,28674.125,1,1,2,1551
MNQ 09-26,1784854320000,1784854620000,28666.25,28665.25,28665.75,-1,4,1,1552
MNQ 09-26,1784854380000,1784854680000,28664,28663.75,28663.875,1,1,1,1553
MNQ 09-26,1784854440000,1784854740000,28648.5,28648.25,28648.375,1,1,1,1554
MNQ 09-26,1784854560000,1784854860000,28645.25,28644.75,28645,1,2,1,1556
MNQ 09-26,1784854620000,1784854920000,28656,28655.5,28655.75,1,2,1,1557
MNQ 09-26,1784854740000,1784855040000,28663,28662.5,28662.75,1,2,1,1559
MNQ 09-26,1784854800000,1784855100000,28672,28671,28671.5,1,4,1,1560
MNQ 09-26,1784854860000,1784855160000,28672,28671.75,28671.875,1,1,2,1561
MNQ 09-26,1784854920000,1784855220000,28687.25,28687,28687.125,-1,1,1,1562
MNQ 09-26,1784854980000,1784855280000,28670.5,28670.25,28670.375,-1,1,1,1563
MNQ 09-26,1784855100000,1784855400000,28691,28690.25,28690.625,1,3,1,1565
MNQ 09-26,1784855160000,1784855460000,28695,28694.75,28694.875,1,1,1,1566
MNQ 09-26,1784855460000,1784855760000,28674.75,28674,28674.375,1,3,1,1571
MNQ 09-26,1784855520000,1784855820000,28676,28675.75,28675.875,-1,1,1,1572
MNQ 09-26,1784855580000,1784855880000,28682.25,28682,28682.125,-1,1,1,1573
MNQ 09-26,1784855700000,1784856000000,28662.75,28662.5,28662.625,-1,1,1,1575
MNQ 09-26,1784855760000,1784856060000,28662,28661.25,28661.625,-1,3,1,1576
MNQ 09-26,1784855820000,1784856120000,28661.25,28660,28660.625,-1,5,2,1577
MNQ 09-26,1784855880000,1784856180000,28674.25,28674,28674.125,-1,1,1,1578
MNQ 09-26,1784855940000,1784856240000,28654.5,28653.75,28654.125,-1,3,1,1579
MNQ 09-26,1784856000000,1784856300000,28666.25,28665.5,28665.875,-1,3,1,1580
MNQ 09-26,1784856060000,1784856360000,28666.25,28664.75,28665.5,1,6,2,1581
MNQ 09-26,1784856120000,1784856420000,28653.75,28653.5,28653.625,-1,1,2,1582
MNQ 09-26,1784856180000,1784856480000,28655.25,28655,28655.125,-1,1,1,1583
MNQ 09-26,1784856240000,1784856540000,28647.25,28646.75,28647,1,2,1,1584
MNQ 09-26,1784856300000,1784856600000,28655.25,28654.5,28654.875,-1,3,2,1585
MNQ 09-26,1784856360000,1784856660000,28674.75,28674.5,28674.625,1,1,1,1586
MNQ 09-26,1784856420000,1784856720000,28683.25,28682.75,28683,1,2,1,1587
MNQ 09-26,1784856480000,1784856780000,28684.5,28684,28684.25,-1,2,1,1588
MNQ 09-26,1784856540000,1784856840000,28666.25,28666,28666.125,1,1,1,1589
MNQ 09-26,1784856600000,1784856900000,28656.5,28656,28656.25,1,2,1,1590
MNQ 09-26,1784856660000,1784856960000,28662.75,28662.25,28662.5,-1,2,1,1591
MNQ 09-26,1784856720000,1784857020000,28652.75,28652.25,28652.5,-1,2,1,1592
MNQ 09-26,1784856780000,1784857080000,28652.5,28651.75,28652.125,-1,3,2,1593
MNQ 09-26,1784856840000,1784857140000,28680.5,28680,28680.25,-1,2,1,1594
MNQ 09-26,1784856900000,1784857200000,28680.25,28680,28680.125,1,1,2,1595
MNQ 09-26,1784857140000,1784857440000,28682.75,28681.5,28682.125,1,5,1,1599
MNQ 09-26,1784857200000,1784857500000,28656.75,28656.5,28656.625,-1,1,1,1600
MNQ 09-26,1784857260000,1784857560000,28652,28651.75,28651.875,1,1,1,1601
MNQ 09-26,1784857320000,1784857620000,28666.25,28665.75,28666,-1,2,1,1602
MNQ 09-26,1784857380000,1784857680000,28666.5,28665.75,28666.125,-1,3,2,1603
MNQ 09-26,1784857440000,1784857740000,28675.75,28674.75,28675.25,1,4,1,1604
MNQ 09-26,1784857500000,1784857800000,28664.25,28663.75,28664,-1,2,1,1605
MNQ 09-26,1784857620000,1784857920000,28663,28662.75,28662.875,1,1,1,1607
MNQ 09-26,1784857680000,1784857980000,28664.25,28663.25,28663.75,-1,4,2,1608
MNQ 09-26,1784857800000,1784858100000,28643.75,28643.5,28643.625,-1,1,1,1610
MNQ 09-26,1784857920000,1784858220000,28641.75,28641.5,28641.625,-1,1,1,1612
MNQ 09-26,1784857980000,1784858280000,28634,28633.75,28633.875,1,1,1,1613
MNQ 09-26,1784858100000,1784858400000,28645.75,28645.5,28645.625,-1,1,1,1615
MNQ 09-26,1784858160000,1784858460000,28639.5,28638.5,28639,-1,4,1,1616
MNQ 09-26,1784858220000,1784858520000,28626.5,28626,28626.25,1,2,1,1617
MNQ 09-26,1784858280000,1784858580000,28623.25,28622.75,28623,-1,2,1,1618
MNQ 09-26,1784858340000,1784858640000,28617.25,28616.5,28616.875,-1,3,1,1619
MNQ 09-26,1784858400000,1784858700000,28614,28613.75,28613.875,-1,1,1,1620
MNQ 09-26,1784858460000,1784858760000,28615.25,28614.5,28614.875,-1,3,1,1621
MNQ 09-26,1784858520000,1784858820000,28619,28618.25,28618.625,-1,3,1,1622
MNQ 09-26,1784858580000,1784858880000,28618.25,28618,28618.125,1,1,2,1623
MNQ 09-26,1784858640000,1784858940000,28619.25,28618.5,28618.875,-1,3,2,1624
MNQ 09-26,1784858700000,1784859000000,28603.75,28603.5,28603.625,1,1,1,1625
MNQ 09-26,1784858820000,1784859120000,28599.5,28598.5,28599,-1,4,1,1627
MNQ 09-26,1784858880000,1784859180000,28605.75,28605.5,28605.625,-1,1,1,1628
MNQ 09-26,1784858940000,1784859240000,28600.5,28599.75,28600.125,-1,3,1,1629
MNQ 09-26,1784859000000,1784859300000,28617,28616.75,28616.875,1,1,1,1630
MNQ 09-26,1784859180000,1784859480000,28623.5,28622.5,28623,1,4,1,1633
MNQ 09-26,1784859240000,1784859540000,28618.5,28618.25,28618.375,1,1,1,1634
MNQ 09-26,1784859300000,1784859600000,28618.25,28617.5,28617.875,-1,3,2,1635
MNQ 09-26,1784859360000,1784859660000,28614.5,28614,28614.25,-1,2,1,1636
MNQ 09-26,1784859420000,1784859720000,28606.25,28605.25,28605.75,1,4,1,1637
MNQ 09-26,1784859480000,1784859780000,28613.25,28613,28613.125,-1,1,1,1638
MNQ 09-26,1784859540000,1784859840000,28607,28606.5,28606.75,1,2,1,1639
MNQ 09-26,1784859600000,1784859900000,28606,28605.75,28605.875,-1,1,2,1640
MNQ 09-26,1784859660000,1784859960000,28599.25,28599,28599.125,1,1,1,1641
MNQ 09-26,1784859720000,1784860020000,28592,28591.5,28591.75,1,2,1,1642
MNQ 09-26,1784859780000,1784860080000,28589.25,28588.75,28589,1,2,1,1643
MNQ 09-26,1784859900000,1784860200000,28608.25,28608,28608.125,-1,1,1,1645
MNQ 09-26,1784860020000,1784860320000,28622.25,28622,28622.125,1,1,1,1647
MNQ 09-26,1784860080000,1784860380000,28618.5,28617.75,28618.125,1,3,1,1648
MNQ 09-26,1784860140000,1784860440000,28605,28604.5,28604.75,1,2,1,1649
MNQ 09-26,1784860260000,1784860560000,28596.25,28596,28596.125,-1,1,1,1651
MNQ 09-26,1784860320000,1784860620000,28594.25,28594,28594.125,1,1,1,1652
MNQ 09-26,1784860380000,1784860680000,28583.5,28583.25,28583.375,-1,1,1,1653
MNQ 09-26,1784860560000,1784860860000,28566.25,28565.75,28566,1,2,1,1656
MNQ 09-26,1784860620000,1784860920000,28560.25,28559.75,28560,1,2,1,1657
MNQ 09-26,1784860740000,1784861040000,28557,28556.75,28556.875,1,1,1,1659
MNQ 09-26,1784860800000,1784861100000,28554.25,28553.75,28554,1,2,1,1660
MNQ 09-26,1784860860000,1784861160000,28555.75,28555.25,28555.5,-1,2,1,1661
MNQ 09-26,1784860920000,1784861220000,28558,28557.25,28557.625,-1,3,1,1662
MNQ 09-26,1784860980000,1784861280000,28555,28554.25,28554.625,1,3,2,1663
MNQ 09-26,1784861040000,1784861340000,28556.5,28556.25,28556.375,-1,1,1,1664
MNQ 09-26,1784861100000,1784861400000,28548,28547.5,28547.75,-1,2,1,1665
MNQ 09-26,1784861160000,1784861460000,28547.5,28546.5,28547,-1,4,2,1666
MNQ 09-26,1784861220000,1784861520000,28538,28537.75,28537.875,1,1,1,1667
MNQ 09-26,1784861280000,1784861580000,28548.5,28547.75,28548.125,1,3,2,1668
MNQ 09-26,1784861340000,1784861640000,28537.25,28537,28537.125,-1,1,1,1669
MNQ 09-26,1784861400000,1784861700000,28538.5,28538,28538.25,1,2,2,1670
MNQ 09-26,1784861460000,1784861760000,28544.5,28543.25,28543.875,1,5,1,1671
MNQ 09-26,1784861520000,1784861820000,28548,28546.75,28547.375,-1,5,2,1672
MNQ 09-26,1784861580000,1784861880000,28538.5,28538.25,28538.375,-1,1,2,1673
MNQ 09-26,1784861640000,1784861940000,28533,28532.5,28532.75,1,2,1,1674
MNQ 09-26,1784861700000,1784862000000,28532,28531.75,28531.875,-1,1,1,1675
MNQ 09-26,1784861760000,1784862060000,28539,28538.25,28538.625,-1,3,2,1676
MNQ 09-26,1784861820000,1784862120000,28539,28538,28538.5,1,4,3,1677
MNQ 09-26,1784861880000,1784862180000,28530,28529.5,28529.75,1,2,1,1678
MNQ 09-26,1784861940000,1784862240000,28524.75,28524.25,28524.5,-1,2,1,1679
MNQ 09-26,1784862000000,1784862300000,28520.25,28519.75,28520,1,2,1,1680
MNQ 09-26,1784862060000,1784862360000,28535.25,28534.75,28535,-1,2,1,1681
MNQ 09-26,1784862120000,1784862420000,28526,28525,28525.5,1,4,1,1682
MNQ 09-26,1784862180000,1784862480000,28530,28529.75,28529.875,1,1,2,1683
MNQ 09-26,1784862300000,1784862600000,28536.25,28535.5,28535.875,1,3,1,1685
MNQ 09-26,1784862360000,1784862660000,28542,28541,28541.5,-1,4,1,1686
MNQ 09-26,1784862420000,1784862720000,28538.25,28538,28538.125,1,1,1,1687
MNQ 09-26,1784862540000,1784862840000,28533.5,28532.5,28533,-1,4,1,1689
MNQ 09-26,1784862600000,1784862900000,28526.25,28526,28526.125,-1,1,1,1690
MNQ 09-26,1784862660000,1784862960000,28530.75,28530.5,28530.625,-1,1,1,1691
MNQ 09-26,1784862720000,1784863020000,28538.75,28538.25,28538.5,-1,2,2,1692
MNQ 09-26,1784862780000,1784863080000,28545.25,28544.5,28544.875,-1,3,1,1693
MNQ 09-26,1784862840000,1784863140000,28538.75,28537.75,28538.25,1,4,2,1694
MNQ 09-26,1784862900000,1784863200000,28538.75,28538.5,28538.625,-1,1,3,1695
MNQ 09-26,1784862960000,1784863260000,28546.25,28545.5,28545.875,-1,3,1,1696
MNQ 09-26,1784863020000,1784863320000,28550.25,28549.5,28549.875,1,3,1,1697
MNQ 09-26,1784863080000,1784863380000,28555.5,28555.25,28555.375,-1,1,1,1698
MNQ 09-26,1784863140000,1784863440000,28544,28543.25,28543.625,-1,3,1,1699
MNQ 09-26,1784863200000,1784863500000,28532.5,28531.75,28532.125,-1,3,1,1700
MNQ 09-26,1784863260000,1784863560000,28529.25,28529,28529.125,-1,1,1,1701
MNQ 09-26,1784863320000,1784863620000,28534,28533.5,28533.75,1,2,1,1702
MNQ 09-26,1784863380000,1784863680000,28530.5,28530,28530.25,-1,2,1,1703
MNQ 09-26,1784863440000,1784863740000,28535,28534.25,28534.625,-1,3,1,1704
MNQ 09-26,1784863500000,1784863800000,28529.5,28529,28529.25,-1,2,2,1705
MNQ 09-26,1784863560000,1784863860000,28545.25,28544.75,28545,1,2,1,1706
MNQ 09-26,1784863620000,1784863920000,28543.5,28543.25,28543.375,-1,1,1,1707
MNQ 09-26,1784863680000,1784863980000,28553.25,28553,28553.125,-1,1,1,1708
MNQ 09-26,1784863740000,1784864040000,28546.25,28546,28546.125,1,1,1,1709
MNQ 09-26,1784863800000,1784864100000,28545.25,28544.75,28545,1,2,2,1710
MNQ 09-26,1784863860000,1784864160000,28544.75,28544.5,28544.625,1,1,3,1711
MNQ 09-26,1784863920000,1784864220000,28547.25,28545.75,28546.5,-1,6,2,1712
MNQ 09-26,1784863980000,1784864280000,28530.25,28529.75,28530,1,2,1,1713
MNQ 09-26,1784864040000,1784864340000,28522,28521.75,28521.875,-1,1,1,1714
MNQ 09-26,1784864160000,1784864460000,28529,28528.75,28528.875,1,1,1,1716
MNQ 09-26,1784864220000,1784864520000,28518.25,28518,28518.125,-1,1,1,1717
MNQ 09-26,1784864280000,1784864580000,28525.5,28525.25,28525.375,-1,1,1,1718
MNQ 09-26,1784864340000,1784864640000,28526.75,28526.25,28526.5,1,2,1,1719
MNQ 09-26,1784864400000,1784864700000,28523.5,28522.75,28523.125,1,3,1,1720
MNQ 09-26,1784864460000,1784864760000,28525.5,28524.75,28525.125,1,3,2,1721
MNQ 09-26,1784864580000,1784864880000,28511.5,28511.25,28511.375,-1,1,1,1723
MNQ 09-26,1784864700000,1784865000000,28504.5,28504,28504.25,1,2,1,1725
MNQ 09-26,1784864760000,1784865060000,28499.25,28498.75,28499,1,2,1,1726
MNQ 09-26,1784864820000,1784865120000,28512.75,28512,28512.375,1,3,1,1727
MNQ 09-26,1784864880000,1784865180000,28505.25,28504.5,28504.875,-1,3,2,1728
MNQ 09-26,1784864940000,1784865240000,28508.5,28508,28508.25,-1,2,1,1729
MNQ 09-26,1784865000000,1784865300000,28511.25,28510.75,28511,1,2,1,1730
MNQ 09-26,1784865060000,1784865360000,28507.5,28507.25,28507.375,-1,1,1,1731
MNQ 09-26,1784865120000,1784865420000,28505.75,28505.5,28505.625,-1,1,1,1732
MNQ 09-26,1784865240000,1784865540000,28508.75,28508,28508.375,1,3,2,1734
MNQ 09-26,1784865300000,1784865600000,28498.5,28497.5,28498,-1,4,1,1735
MNQ 09-26,1784865360000,1784865660000,28491,28490.5,28490.75,1,2,1,1736
MNQ 09-26,1784865420000,1784865720000,28488.75,28488,28488.375,-1,3,1,1737
MNQ 09-26,1784865480000,1784865780000,28485.75,28485.25,28485.5,1,2,1,1738
MNQ 09-26,1784865540000,1784865840000,28485.75,28485.5,28485.625,-1,1,2,1739
MNQ 09-26,1784865600000,1784865900000,28486.25,28485.5,28485.875,1,3,3,1740
MNQ 09-26,1784865660000,1784865960000,28476.5,28476,28476.25,1,2,1,1741
MNQ 09-26,1784865900000,1784866200000,28476.25,28476,28476.125,1,1,2,1745
MNQ 09-26,1784865960000,1784866260000,28499.75,28499.5,28499.625,-1,1,1,1746
MNQ 09-26,1784866020000,1784866320000,28492.75,28492,28492.375,-1,3,1,1747
MNQ 09-26,1784866080000,1784866380000,28513,28512.75,28512.875,-1,1,1,1748
MNQ 09-26,1784866140000,1784866440000,28512.75,28512.25,28512.5,-1,2,2,1749
MNQ 09-26,1784866260000,1784866560000,28498.75,28498,28498.375,-1,3,1,1751
MNQ 09-26,1784866500000,1784866800000,28485.75,28485.5,28485.625,1,1,1,1755
MNQ 09-26,1784866560000,1784866860000,28487.5,28486.75,28487.125,1,3,1,1756
MNQ 09-26,1784866680000,1784866980000,28507.75,28507.5,28507.625,-1,1,1,1758
MNQ 09-26,1784866800000,1784867100000,28512,28511.5,28511.75,1,2,1,1760
MNQ 09-26,1784866860000,1784867160000,28499,28498.5,28498.75,1,2,1,1761
MNQ 09-26,1784866920000,1784867220000,28505.5,28504.75,28505.125,1,3,1,1762
MNQ 09-26,1784866980000,1784867280000,28515.75,28515.5,28515.625,-1,1,1,1763
MNQ 09-26,1784867040000,1784867340000,28529.5,28529.25,28529.375,-1,1,1,1764
MNQ 09-26,1784867100000,1784867400000,28533.25,28532.5,28532.875,1,3,1,1765
MNQ 09-26,1784867160000,1784867460000,28529,28528.25,28528.625,1,3,1,1766
MNQ 09-26,1784867340000,1784867640000,28554.25,28553.5,28553.875,1,3,1,1769
MNQ 09-26,1784867400000,1784867700000,28551.25,28550.5,28550.875,-1,3,1,1770
MNQ 09-26,1784867460000,1784867760000,28548.75,28548,28548.375,1,3,1,1771
MNQ 09-26,1784867520000,1784867820000,28554,28553.5,28553.75,-1,2,2,1772
MNQ 09-26,1784867580000,1784867880000,28544,28543.75,28543.875,1,1,1,1773
MNQ 09-26,1784867640000,1784867940000,28542,28541.25,28541.625,1,3,1,1774
MNQ 09-26,1784867700000,1784868000000,28546,28545.5,28545.75,-1,2,1,1775
MNQ 09-26,1784867760000,1784868060000,28546.75,28546.5,28546.625,-1,1,1,1776
MNQ 09-26,1784867820000,1784868120000,28542.75,28542.5,28542.625,1,1,1,1777
MNQ 09-26,1784867880000,1784868180000,28536.5,28536.25,28536.375,1,1,1,1778
MNQ 09-26,1784867940000,1784868240000,28537.5,28536.5,28537,1,4,2,1779
MNQ 09-26,1784868060000,1784868360000,28519.25,28518.5,28518.875,1,3,1,1781
MNQ 09-26,1784868120000,1784868420000,28515,28514.75,28514.875,1,1,1,1782
MNQ 09-26,1784868180000,1784868480000,28522,28521.75,28521.875,1,1,1,1783
MNQ 09-26,1784868300000,1784868600000,28528.75,28528.5,28528.625,-1,1,1,1785
MNQ 09-26,1784868360000,1784868660000,28536,28535.75,28535.875,1,1,1,1786
MNQ 09-26,1784868420000,1784868720000,28532,28531.5,28531.75,-1,2,1,1787
MNQ 09-26,1784868480000,1784868780000,28525,28523.75,28524.375,-1,5,1,1788
MNQ 09-26,1784868540000,1784868840000,28521.75,28521.5,28521.625,-1,1,1,1789
MNQ 09-26,1784868600000,1784868900000,28529.25,28527.75,28528.5,-1,6,2,1790
MNQ 09-26,1784868660000,1784868960000,28534.25,28533.75,28534,-1,2,1,1791
MNQ 09-26,1784868720000,1784869020000,28533.25,28532.75,28533,1,2,1,1792
MNQ 09-26,1784868780000,1784869080000,28540.5,28540.25,28540.375,1,1,1,1793
MNQ 09-26,1784868840000,1784869140000,28542.25,28542,28542.125,1,1,1,1794
MNQ 09-26,1784869020000,1784869320000,28546.75,28546.5,28546.625,-1,1,1,1797
MNQ 09-26,1784869140000,1784869440000,28557.5,28556.75,28557.125,1,3,1,1799
MNQ 09-26,1784869200000,1784869500000,28565,28564.75,28564.875,-1,1,1,1800
MNQ 09-26,1784869260000,1784869560000,28559.75,28559.5,28559.625,-1,1,1,1801
MNQ 09-26,1784869320000,1784869620000,28551,28550.25,28550.625,1,3,1,1802
MNQ 09-26,1784869380000,1784869680000,28556.75,28556.5,28556.625,-1,1,2,1803
MNQ 09-26,1784869440000,1784869740000,28560.25,28559.5,28559.875,-1,3,2,1804
MNQ 09-26,1784869500000,1784869800000,28563,28562.25,28562.625,-1,3,1,1805
MNQ 09-26,1784869560000,1784869860000,28573.5,28572.5,28573,-1,4,1,1806
MNQ 09-26,1784869620000,1784869920000,28576.25,28575.75,28576,-1,2,1,1807
MNQ 09-26,1784869680000,1784869980000,28586,28585.75,28585.875,-1,1,1,1808
MNQ 09-26,1784869740000,1784870040000,28593.75,28593.5,28593.625,1,1,1,1809
MNQ 09-26,1784869800000,1784870100000,28586.25,28585.75,28586,-1,2,2,1810
MNQ 09-26,1784869920000,1784870220000,28593,28592.5,28592.75,-1,2,1,1812
MNQ 09-26,1784869980000,1784870280000,28593.75,28593.25,28593.5,-1,2,2,1813
MNQ 09-26,1784870040000,1784870340000,28593,28592.25,28592.625,-1,3,2,1814
MNQ 09-26,1784870160000,1784870460000,28586.75,28586.25,28586.5,1,2,1,1816
MNQ 09-26,1784870220000,1784870520000,28592.25,28592,28592.125,-1,1,2,1817
MNQ 09-26,1784870280000,1784870580000,28589.75,28588.5,28589.125,1,5,1,1818
MNQ 09-26,1784870340000,1784870640000,28578.5,28578.25,28578.375,1,1,1,1819
MNQ 09-26,1784870400000,1784870700000,28585.5,28585.25,28585.375,1,1,1,1820
MNQ 09-26,1784870520000,1784870820000,28588.5,28587.5,28588,1,4,2,1822
MNQ 09-26,1784870580000,1784870880000,28591.5,28591,28591.25,1,2,1,1823
MNQ 09-26,1784870640000,1784870940000,28593.25,28593,28593.125,1,1,1,1824
MNQ 09-26,1784870700000,1784871000000,28592.75,28591.5,28592.125,1,5,2,1825
MNQ 09-26,1784870760000,1784871060000,28594.5,28593.5,28594,-1,4,1,1826
MNQ 09-26,1784870880000,1784871180000,28586,28585.5,28585.75,1,2,1,1828
MNQ 09-26,1784870940000,1784871240000,28584.25,28584,28584.125,-1,1,1,1829
MNQ 09-26,1784871000000,1784871300000,28583,28582.75,28582.875,1,1,1,1830
MNQ 09-26,1784871060000,1784871360000,28579.75,28579.25,28579.5,1,2,1,1831
MNQ 09-26,1784871180000,1784871480000,28580.25,28580,28580.125,1,1,1,1833
MNQ 09-26,1784871240000,1784871540000,28577.75,28577.25,28577.5,1,2,1,1834
MNQ 09-26,1784871300000,1784871600000,28584.25,28583.5,28583.875,1,3,1,1835
MNQ 09-26,1784871360000,1784871660000,28570.25,28570,28570.125,1,1,1,1836
MNQ 09-26,1784871420000,1784871720000,28571.25,28570.75,28571,-1,2,1,1837
MNQ 09-26,1784871480000,1784871780000,28575.25,28575,28575.125,1,1,1,1838
MNQ 09-26,1784871600000,1784871900000,28581.5,28580.75,28581.125,-1,3,1,1840
MNQ 09-26,1784871660000,1784871960000,28576,28575.75,28575.875,1,1,1,1841
MNQ 09-26,1784871720000,1784872020000,28573.5,28572.75,28573.125,-1,3,1,1842
MNQ 09-26,1784871780000,1784872080000,28579,28578.5,28578.75,1,2,1,1843
MNQ 09-26,1784871900000,1784872200000,28591,28590.5,28590.75,-1,2,1,1845
MNQ 09-26,1784871960000,1784872260000,28591.25,28591,28591.125,-1,1,2,1846
MNQ 09-26,1784872080000,1784872380000,28605,28604.25,28604.625,1,3,1,1848
MNQ 09-26,1784872140000,1784872440000,28601.25,28600.25,28600.75,1,4,1,1849
MNQ 09-26,1784872200000,1784872500000,28588.75,28588.5,28588.625,-1,1,1,1850
MNQ 09-26,1784872260000,1784872560000,28581,28580.5,28580.75,1,2,1,1851
MNQ 09-26,1784872320000,1784872620000,28575.75,28575.5,28575.625,-1,1,1,1852
MNQ 09-26,1784872380000,1784872680000,28571.25,28570.75,28571,-1,2,1,1853
MNQ 09-26,1784872440000,1784872740000,28571.25,28570.25,28570.75,-1,4,2,1854
MNQ 09-26,1784872500000,1784872800000,28556.25,28556,28556.125,-1,1,1,1855
MNQ 09-26,1784872560000,1784872860000,28549.5,28548.75,28549.125,-1,3,1,1856
MNQ 09-26,1784872620000,1784872920000,28550.5,28550,28550.25,-1,2,1,1857
MNQ 09-26,1784872680000,1784872980000,28547,28546.5,28546.75,1,2,1,1858
MNQ 09-26,1784872800000,1784873100000,28546,28545.25,28545.625,1,3,1,1860
MNQ 09-26,1784872920000,1784873220000,28535,28534.5,28534.75,1,2,1,1862
MNQ 09-26,1784872980000,1784873280000,28541.25,28541,28541.125,1,1,1,1863
MNQ 09-26,1784873100000,1784873400000,28524,28523.75,28523.875,1,1,1,1865
MNQ 09-26,1784873220000,1784873520000,28523.5,28523,28523.25,1,2,1,1867
MNQ 09-26,1784873280000,1784873580000,28525.5,28524.75,28525.125,-1,3,1,1868
MNQ 09-26,1784873400000,1784873700000,28517.75,28517.25,28517.5,1,2,1,1870
MNQ 09-26,1784873460000,1784873760000,28522.5,28522,28522.25,-1,2,1,1871
MNQ 09-26,1784873520000,1784873820000,28512.25,28512,28512.125,1,1,1,1872
MNQ 09-26,1784873700000,1784874000000,28509.75,28509.25,28509.5,1,2,1,1875
MNQ 09-26,1784873760000,1784874060000,28513.5,28513,28513.25,-1,2,1,1876
MNQ 09-26,1784873820000,1784874120000,28526.5,28526,28526.25,-1,2,1,1877
MNQ 09-26,1784873880000,1784874180000,28526,28525.25,28525.625,1,3,2,1878
MNQ 09-26,1784874000000,1784874300000,28548.25,28548,28548.125,1,1,1,1880
MNQ 09-26,1784874060000,1784874360000,28556,28555.25,28555.625,1,3,1,1881
MNQ 09-26,1784874120000,1784874420000,28559.25,28559,28559.125,-1,1,1,1882
MNQ 09-26,1784874180000,1784874480000,28561.75,28560.75,28561.25,1,4,1,1883
MNQ 09-26,1784874240000,1784874540000,28552.75,28552.25,28552.5,1,2,1,1884
MNQ 09-26,1784874300000,1784874600000,28557.75,28557.5,28557.625,1,1,1,1885
MNQ 09-26,1784874360000,1784874660000,28568.75,28567.75,28568.25,1,4,1,1886
MNQ 09-26,1784874420000,1784874720000,28564,28563.75,28563.875,-1,1,1,1887
MNQ 09-26,1784874480000,1784874780000,28549,28548.75,28548.875,-1,1,1,1888
MNQ 09-26,1784874600000,1784874900000,28536.25,28535.5,28535.875,-1,3,1,1890
MNQ 09-26,1784874660000,1784874960000,28528,28527.5,28527.75,-1,2,1,1891
MNQ 09-26,1784874720000,1784875020000,28540,28539.75,28539.875,1,1,1,1892
MNQ 09-26,1784874780000,1784875080000,28529.75,28529.5,28529.625,1,1,1,1893
MNQ 09-26,1784874840000,1784875140000,28532.5,28532.25,28532.375,1,1,1,1894
MNQ 09-26,1784874900000,1784875200000,28542.25,28542,28542.125,1,1,1,1895
MNQ 09-26,1784874960000,1784875260000,28547.25,28547,28547.125,-1,1,1,1896
MNQ 09-26,1784875020000,1784875320000,28557.75,28557.5,28557.625,-1,1,1,1897
MNQ 09-26,1784875080000,1784875380000,28547.5,28547.25,28547.375,-1,1,2,1898
MNQ 09-26,1784875140000,1784875440000,28542.75,28542.5,28542.625,1,1,1,1899
MNQ 09-26,1784875200000,1784875500000,28542.75,28542.5,28542.625,-1,1,2,1900
MNQ 09-26,1784875260000,1784875560000,28536,28535.5,28535.75,1,2,1,1901
MNQ 09-26,1784875320000,1784875620000,28533.25,28532.25,28532.75,1,4,1,1902
MNQ 09-26,1784875380000,1784875680000,28525,28524.75,28524.875,1,1,1,1903
MNQ 09-26,1784875440000,1784875740000,28516.75,28516.5,28516.625,1,1,1,1904
MNQ 09-26,1784875500000,1784875800000,28507.75,28507,28507.375,-1,3,1,1905
MNQ 09-26,1784875560000,1784875860000,28500.5,28499.75,28500.125,1,3,1,1906
MNQ 09-26,1784875620000,1784875920000,28501,28500.5,28500.75,-1,2,2,1907
MNQ 09-26,1784875680000,1784875980000,28506.25,28506,28506.125,1,1,1,1908
MNQ 09-26,1784875740000,1784876040000,28498,28497.75,28497.875,1,1,1,1909
MNQ 09-26,1784875800000,1784876100000,28485.75,28485,28485.375,1,3,1,1910
MNQ 09-26,1784875860000,1784876160000,28492.75,28492.25,28492.5,-1,2,1,1911
MNQ 09-26,1784875920000,1784876220000,28488,28487,28487.5,1,4,1,1912
MNQ 09-26,1784876040000,1784876340000,28508.25,28508,28508.125,-1,1,1,1914
MNQ 09-26,1784876100000,1784876400000,28514,28513.5,28513.75,-1,2,1,1915
MNQ 09-26,1784876160000,1784876460000,28510,28509.5,28509.75,-1,2,1,1916
MNQ 09-26,1784876280000,1784876580000,28521.75,28521.5,28521.625,1,1,1,1918
MNQ 09-26,1784876340000,1784876640000,28536.25,28535.75,28536,-1,2,1,1919
MNQ 09-26,1784876400000,1784876700000,28544.75,28544.25,28544.5,-1,2,1,1920
MNQ 09-26,1784876460000,1784876760000,28555.75,28554.5,28555.125,1,5,1,1921
MNQ 09-26,1784876580000,1784876880000,28575.75,28575.5,28575.625,-1,1,1,1923
MNQ 09-26,1784876640000,1784876940000,28582,28581.75,28581.875,-1,1,1,1924
MNQ 09-26,1784876700000,1784877000000,28573,28572.5,28572.75,1,2,1,1925
MNQ 09-26,1784876760000,1784877060000,28569.25,28569,28569.125,1,1,1,1926
MNQ 09-26,1784876820000,1784877120000,28570.5,28570.25,28570.375,1,1,1,1927
MNQ 09-26,1784876880000,1784877180000,28574.25,28574,28574.125,-1,1,1,1928
MNQ 09-26,1784876940000,1784877240000,28575.5,28574.75,28575.125,-1,3,1,1929
MNQ 09-26,1784877000000,1784877300000,28598,28597.75,28597.875,1,1,1,1930
MNQ 09-26,1784877060000,1784877360000,28612.25,28611.5,28611.875,1,3,1,1931
MNQ 09-26,1784877120000,1784877420000,28618.25,28617.75,28618,-1,2,1,1932
MNQ 09-26,1784877180000,1784877480000,28625.75,28625.25,28625.5,1,2,1,1933
MNQ 09-26,1784877300000,1784877600000,28636.5,28635.5,28636,1,4,1,1935
MNQ 09-26,1784877360000,1784877660000,28636,28635.5,28635.75,-1,2,2,1936
MNQ 09-26,1784877480000,1784877780000,28652,28651.25,28651.625,1,3,1,1938
MNQ 09-26,1784877600000,1784877900000,28646.75,28646.25,28646.5,1,2,1,1940
MNQ 09-26,1784877660000,1784877960000,28645.5,28645.25,28645.375,1,1,1,1941
MNQ 09-26,1784877720000,1784878020000,28645,28644.75,28644.875,1,1,1,1942
MNQ 09-26,1784877780000,1784878080000,28645,28644,28644.5,-1,4,2,1943
MNQ 09-26,1784877840000,1784878140000,28636.5,28635.5,28636,-1,4,1,1944
MNQ 09-26,1784877900000,1784878200000,28638.5,28637.25,28637.875,1,5,1,1945
MNQ 09-26,1784877960000,1784878260000,28659,28657.5,28658.25,-1,6,1,1946
MNQ 09-26,1784878020000,1784878320000,28648.75,28648.25,28648.5,1,2,1,1947
MNQ 09-26,1784878140000,1784878440000,28648.5,28648,28648.25,1,2,2,1949
MNQ 09-26,1784878200000,1784878500000,28653.25,28652.25,28652.75,1,4,1,1950
MNQ 09-26,1784878260000,1784878560000,28654.75,28653.75,28654.25,-1,4,1,1951
MNQ 09-26,1784878320000,1784878620000,28641.75,28641.5,28641.625,-1,1,1,1952
MNQ 09-26,1784878380000,1784878680000,28644.75,28644.5,28644.625,1,1,1,1953
MNQ 09-26,1784878440000,1784878740000,28642.25,28642,28642.125,1,1,1,1954
MNQ 09-26,1784878500000,1784878800000,28644,28643.25,28643.625,1,3,1,1955
MNQ 09-26,1784878560000,1784878860000,28639.5,28639.25,28639.375,-1,1,1,1956
MNQ 09-26,1784878620000,1784878920000,28640.5,28640,28640.25,-1,2,1,1957
MNQ 09-26,1784878680000,1784878980000,28642.25,28642,28642.125,1,1,2,1958
MNQ 09-26,1784878740000,1784879040000,28634.25,28634,28634.125,-1,1,1,1959
MNQ 09-26,1784878800000,1784879100000,28632.5,28632,28632.25,1,2,1,1960
MNQ 09-26,1784878860000,1784879160000,28624.5,28623.75,28624.125,1,3,1,1961
MNQ 09-26,1784878920000,1784879220000,28619.75,28619.5,28619.625,-1,1,1,1962
MNQ 09-26,1784878980000,1784879280000,28615.5,28615.25,28615.375,1,1,1,1963
MNQ 09-26,1784879040000,1784879340000,28618.25,28617.75,28618,-1,2,1,1964
MNQ 09-26,1784879100000,1784879400000,28626.5,28625.75,28626.125,1,3,1,1965
MNQ 09-26,1784879160000,1784879460000,28624.25,28623.75,28624,1,2,2,1966
MNQ 09-26,1784879280000,1784879580000,28623.25,28623,28623.125,1,1,1,1968
MNQ 09-26,1784879340000,1784879640000,28621.75,28621.25,28621.5,1,2,1,1969
MNQ 09-26,1784879400000,1784879700000,28629.75,28628.75,28629.25,1,4,1,1970
MNQ 09-26,1784879520000,1784879820000,28622,28621.75,28621.875,-1,1,2,1972
MNQ 09-26,1784879580000,1784879880000,28619.5,28618.75,28619.125,-1,3,1,1973
MNQ 09-26,1784879640000,1784879940000,28627.75,28627,28627.375,-1,3,1,1974
MNQ 09-26,1784879700000,1784880000000,28625,28624.75,28624.875,1,1,1,1975
MNQ 09-26,1784879760000,1784880060000,28623.5,28623,28623.25,-1,2,1,1976
MNQ 09-26,1784879820000,1784880120000,28623.5,28623,28623.25,1,2,2,1977
MNQ 09-26,1784879880000,1784880180000,28621,28620,28620.5,-1,4,1,1978
MNQ 09-26,1784879940000,1784880240000,28622.75,28621.75,28622.25,-1,4,1,1979
MNQ 09-26,1784880000000,1784880300000,28616.75,28615.75,28616.25,1,4,1,1980
MNQ 09-26,1784880060000,1784880360000,28610.75,28610.5,28610.625,-1,1,1,1981
MNQ 09-26,1784880180000,1784880480000,28601.25,28601,28601.125,1,1,1,1983
MNQ 09-26,1784880240000,1784880540000,28604,28603.25,28603.625,-1,3,1,1984
MNQ 09-26,1784880300000,1784880600000,28592.25,28592,28592.125,-1,1,1,1985
MNQ 09-26,1784880480000,1784880780000,28583.25,28583,28583.125,1,1,1,1988
MNQ 09-26,1784880540000,1784880840000,28584,28583.25,28583.625,-1,3,2,1989
MNQ 09-26,1784880600000,1784880900000,28579.5,28578.75,28579.125,-1,3,1,1990
MNQ 09-26,1784880720000,1784881020000,28570.75,28570.25,28570.5,-1,2,1,1992
MNQ 09-26,1784880900000,1784881200000,28574.25,28573.5,28573.875,-1,3,1,1995
MNQ 09-26,1784880960000,1784881260000,28579.75,28579.5,28579.625,1,1,1,1996
MNQ 09-26,1784881020000,1784881320000,28595.75,28595.25,28595.5,1,2,1,1997
MNQ 09-26,1784881080000,1784881380000,28592.5,28591.75,28592.125,1,3,1,1998
MNQ 09-26,1784881140000,1784881440000,28575.5,28575.25,28575.375,1,1,1,1999
MNQ 09-26,1784881260000,1784881560000,28597.25,28596.75,28597,1,2,1,2001
MNQ 09-26,1784881320000,1784881620000,28593,28592,28592.5,-1,4,2,2002
MNQ 09-26,1784881380000,1784881680000,28598,28597.5,28597.75,-1,2,1,2003
MNQ 09-26,1784881500000,1784881800000,28588.5,28587.25,28587.875,-1,5,1,2005
MNQ 09-26,1784881560000,1784881860000,28588.25,28588,28588.125,-1,1,2,2006
MNQ 09-26,1784881620000,1784881920000,28602.5,28602.25,28602.375,1,1,1,2007
MNQ 09-26,1784881680000,1784881980000,28599.75,28599.25,28599.5,1,2,1,2008
MNQ 09-26,1784881740000,1784882040000,28599,28598.25,28598.625,1,3,1,2009
MNQ 09-26,1784881800000,1784882100000,28622.5,28622,28622.25,-1,2,1,2010
MNQ 09-26,1784881860000,1784882160000,28621.5,28621,28621.25,-1,2,1,2011
MNQ 09-26,1784881920000,1784882220000,28631.25,28631,28631.125,-1,1,1,2012
MNQ 09-26,1784881980000,1784882280000,28633.5,28633.25,28633.375,1,1,1,2013
MNQ 09-26,1784882040000,1784882340000,28635.25,28635,28635.125,-1,1,1,2014
MNQ 09-26,1784882100000,1784882400000,28635.75,28635,28635.375,1,3,2,2015
MNQ 09-26,1784882160000,1784882460000,28631,28630.25,28630.625,1,3,2,2016
MNQ 09-26,1784882220000,1784882520000,28640,28639.5,28639.75,-1,2,1,2017
MNQ 09-26,1784882280000,1784882580000,28643.75,28643.25,28643.5,1,2,1,2018
MNQ 09-26,1784882340000,1784882640000,28635.75,28635.5,28635.625,-1,1,2,2019
MNQ 09-26,1784882400000,1784882700000,28633,28632.5,28632.75,1,2,1,2020
MNQ 09-26,1784882520000,1784882820000,28631.5,28631,28631.25,-1,2,1,2022
MNQ 09-26,1784882580000,1784882880000,28625.5,28625.25,28625.375,1,1,1,2023
MNQ 09-26,1784882700000,1784883000000,28629.75,28629.5,28629.625,-1,1,1,2025
MNQ 09-26,1784882760000,1784883060000,28629.25,28628.75,28629,-1,2,1,2026
MNQ 09-26,1784882820000,1784883120000,28625.5,28625,28625.25,1,2,2,2027
MNQ 09-26,1784882880000,1784883180000,28620.5,28620,28620.25,1,2,1,2028
MNQ 09-26,1784883000000,1784883300000,28620,28619.75,28619.875,1,1,2,2030
MNQ 09-26,1784883060000,1784883360000,28617.25,28617,28617.125,1,1,1,2031
MNQ 09-26,1784883180000,1784883480000,28619.75,28619.25,28619.5,1,2,2,2033
MNQ 09-26,1784883240000,1784883540000,28614.5,28613.25,28613.875,-1,5,1,2034
MNQ 09-26,1784883360000,1784883660000,28629,28628.5,28628.75,-1,2,1,2036
MNQ 09-26,1784883420000,1784883720000,28622.25,28621.75,28622,-1,2,1,2037
MNQ 09-26,1784883480000,1784883780000,28618.25,28617.5,28617.875,1,3,1,2038
MNQ 09-26,1784883540000,1784883840000,28614.25,28613.75,28614,-1,2,2,2039
MNQ 09-26,1784883600000,1784883900000,28621.75,28620.5,28621.125,1,5,2,2040
MNQ 09-26,1784883660000,1784883960000,28616.25,28616,28616.125,1,1,1,2041
MNQ 09-26,1784883720000,1784884020000,28628,28627.75,28627.875,1,1,1,2042
MNQ 09-26,1784883780000,1784884080000,28635.25,28634.25,28634.75,-1,4,1,2043
MNQ 09-26,1784883840000,1784884140000,28637.25,28636.25,28636.75,1,4,1,2044
MNQ 09-26,1784883960000,1784884260000,28619,28618.25,28618.625,-1,3,1,2046
MNQ 09-26,1784884020000,1784884320000,28629,28628.75,28628.875,-1,1,1,2047
MNQ 09-26,1784884080000,1784884380000,28649,28648.75,28648.875,-1,1,1,2048
MNQ 09-26,1784884140000,1784884440000,28652,28651.5,28651.75,-1,2,1,2049
MNQ 09-26,1784884200000,1784884500000,28677.25,28677,28677.125,-1,1,1,2050
MNQ 09-26,1784884260000,1784884560000,28672.5,28671.5,28672,-1,4,1,2051
MNQ 09-26,1784884320000,1784884620000,28659.75,28659.5,28659.625,-1,1,1,2052
MNQ 09-26,1784884440000,1784884740000,28645.5,28645,28645.25,-1,2,1,2054
MNQ 09-26,1784884500000,1784884800000,28642.5,28642,28642.25,-1,2,1,2055
MNQ 09-26,1784884560000,1784884860000,28633,28632.75,28632.875,1,1,1,2056
MNQ 09-26,1784884620000,1784884920000,28647,28646.75,28646.875,-1,1,1,2057
MNQ 09-26,1784884680000,1784884980000,28644,28643.75,28643.875,1,1,1,2058
MNQ 09-26,1784884800000,1784885100000,28648.25,28648,28648.125,-1,1,1,2060
MNQ 09-26,1784884860000,1784885160000,28648.5,28648.25,28648.375,-1,1,2,2061
MNQ 09-26,1784884980000,1784885280000,28650.25,28650,28650.125,1,1,1,2063
MNQ 09-26,1784885100000,1784885400000,28661.5,28661.25,28661.375,1,1,1,2065
MNQ 09-26,1784885340000,1784885640000,28672.25,28671.25,28671.75,1,4,1,2069
MNQ 09-26,1784885400000,1784885700000,28673.5,28672.75,28673.125,1,3,1,2070
MNQ 09-26,1784885460000,1784885760000,28673,28672.5,28672.75,1,2,2,2071
MNQ 09-26,1784885520000,1784885820000,28677.25,28676.25,28676.75,-1,4,1,2072
MNQ 09-26,1784885580000,1784885880000,28686,28685.75,28685.875,-1,1,1,2073
MNQ 09-26,1784885640000,1784885940000,28682,28681.75,28681.875,1,1,1,2074
MNQ 09-26,1784885940000,1784886240000,28683.25,28683,28683.125,-1,1,1,2079
MNQ 09-26,1784886000000,1784886300000,28692,28691,28691.5,1,4,1,2080
MNQ 09-26,1784886060000,1784886360000,28687.25,28687,28687.125,-1,1,1,2081
MNQ 09-26,1784886120000,1784886420000,28686.5,28686,28686.25,-1,2,1,2082
MNQ 09-26,1784886180000,1784886480000,28698.75,28698.25,28698.5,1,2,1,2083
MNQ 09-26,1784886240000,1784886540000,28698.75,28698.5,28698.625,-1,1,2,2084
MNQ 09-26,1784886300000,1784886600000,28696,28695.75,28695.875,-1,1,1,2085
MNQ 09-26,1784886480000,1784886780000,28691.25,28691,28691.125,1,1,1,2088
MNQ 09-26,1784886540000,1784886840000,28688.25,28688,28688.125,1,1,1,2089
MNQ 09-26,1784886600000,1784886900000,28684.75,28684,28684.375,-1,3,1,2090
MNQ 09-26,1784886720000,1784887020000,28685.5,28685.25,28685.375,1,1,1,2092
MNQ 09-26,1784886780000,1784887080000,28687.25,28687,28687.125,-1,1,1,2093
MNQ 09-26,1784886840000,1784887140000,28683,28682.5,28682.75,-1,2,1,2094
MNQ 09-26,1784886900000,1784887200000,28683,28682.5,28682.75,1,2,2,2095
MNQ 09-26,1784886960000,1784887260000,28689.5,28688.5,28689,-1,4,1,2096
MNQ 09-26,1784887020000,1784887320000,28692,28691.5,28691.75,-1,2,1,2097
MNQ 09-26,1784887080000,1784887380000,28695.75,28695.25,28695.5,-1,2,1,2098
MNQ 09-26,1784887260000,1784887560000,28704,28703.25,28703.625,1,3,1,2101
MNQ 09-26,1784887320000,1784887620000,28692.25,28692,28692.125,-1,1,2,2102
MNQ 09-26,1784887380000,1784887680000,28691.25,28691,28691.125,1,1,1,2103
MNQ 09-26,1784887560000,1784887860000,28678.25,28677.75,28678,1,2,1,2106
MNQ 09-26,1784887620000,1784887920000,28679.5,28679.25,28679.375,-1,1,1,2107
MNQ 09-26,1784887680000,1784887980000,28667.5,28667,28667.25,-1,2,1,2108
MNQ 09-26,1784887740000,1784888040000,28665.75,28665.5,28665.625,-1,1,1,2109
MNQ 09-26,1784887860000,1784888160000,28670,28669.75,28669.875,-1,1,1,2111
MNQ 09-26,1784887920000,1784888220000,28671.25,28670.75,28671,-1,2,1,2112
MNQ 09-26,1784887980000,1784888280000,28663.5,28663.25,28663.375,-1,1,1,2113
MNQ 09-26,1784888040000,1784888340000,28662.5,28662.25,28662.375,-1,1,1,2114
MNQ 09-26,1784888160000,1784888460000,28668,28667.5,28667.75,1,2,1,2116
MNQ 09-26,1784888220000,1784888520000,28659.25,28659,28659.125,-1,1,1,2117
MNQ 09-26,1784888280000,1784888580000,28661.75,28661.5,28661.625,1,1,1,2118
MNQ 09-26,1784888340000,1784888640000,28658.5,28658,28658.25,-1,2,1,2119
MNQ 09-26,1784888400000,1784888700000,28661,28660.75,28660.875,1,1,1,2120
MNQ 09-26,1784888460000,1784888760000,28661.25,28661,28661.125,1,1,2,2121
MNQ 09-26,1784888520000,1784888820000,28663,28662.5,28662.75,1,2,1,2122
MNQ 09-26,1784888580000,1784888880000,28670.75,28670.25,28670.5,-1,2,1,2123
MNQ 09-26,1784888640000,1784888940000,28670,28669.75,28669.875,1,1,1,2124
MNQ 09-26,1784888700000,1784889000000,28668.25,28668,28668.125,1,1,1,2125
MNQ 09-26,1784888760000,1784889060000,28658.5,28657.75,28658.125,1,3,1,2126
MNQ 09-26,1784888880000,1784889180000,28677.25,28676.5,28676.875,1,3,1,2128
MNQ 09-26,1784889000000,1784889300000,28668.25,28667.25,28667.75,1,4,2,2130
MNQ 09-26,1784889060000,1784889360000,28670.5,28669.75,28670.125,-1,3,1,2131
MNQ 09-26,1784889120000,1784889420000,28680,28679.75,28679.875,-1,1,1,2132
MNQ 09-26,1784889180000,1784889480000,28674.5,28674,28674.25,-1,2,1,2133
MNQ 09-26,1784889240000,1784889540000,28679,28678.75,28678.875,-1,1,1,2134
MNQ 09-26,1784889300000,1784889600000,28665.25,28665,28665.125,1,1,1,2135
MNQ 09-26,1784889360000,1784889660000,28655.25,28655,28655.125,1,1,1,2136
MNQ 09-26,1784889420000,1784889720000,28656.75,28656.5,28656.625,1,1,1,2137
MNQ 09-26,1784889480000,1784889780000,28652.5,28652,28652.25,1,2,1,2138
MNQ 09-26,1784889540000,1784889840000,28652.25,28651.5,28651.875,-1,3,2,2139
MNQ 09-26,1784889600000,1784889900000,28646.5,28646.25,28646.375,-1,1,1,2140
MNQ 09-26,1784889780000,1784890080000,28647.5,28647,28647.25,-1,2,1,2143
MNQ 09-26,1784889840000,1784890140000,28641.75,28641.5,28641.625,-1,1,1,2144
MNQ 09-26,1784889900000,1784890200000,28647.25,28647,28647.125,-1,1,2,2145
MNQ 09-26,1784889960000,1784890260000,28648.5,28648,28648.25,1,2,1,2146
MNQ 09-26,1784890020000,1784890320000,28649.25,28649,28649.125,1,1,1,2147
MNQ 09-26,1784890080000,1784890380000,28647.75,28646.5,28647.125,-1,5,3,2148
MNQ 09-26,1784890140000,1784890440000,28655,28654.75,28654.875,-1,1,1,2149
MNQ 09-26,1784890260000,1784890560000,28640.5,28640,28640.25,1,2,1,2151
MNQ 09-26,1784890320000,1784890620000,28636.5,28635.75,28636.125,-1,3,1,2152
MNQ 09-26,1784890440000,1784890740000,28641.25,28640.25,28640.75,-1,4,2,2154
MNQ 09-26,1784890500000,1784890800000,28638.5,28638.25,28638.375,-1,1,1,2155
MNQ 09-26,1784890560000,1784890860000,28639.5,28639.25,28639.375,-1,1,1,2156
MNQ 09-26,1784890620000,1784890920000,28645.5,28645.25,28645.375,-1,1,1,2157
MNQ 09-26,1784890680000,1784890980000,28639.25,28639,28639.125,-1,1,2,2158
MNQ 09-26,1784890740000,1784891040000,28647,28646.25,28646.625,1,3,1,2159
MNQ 09-26,1784890800000,1784891100000,28639.5,28639.25,28639.375,1,1,3,2160
MNQ 09-26,1784890860000,1784891160000,28638.5,28638.25,28638.375,1,1,1,2161
MNQ 09-26,1784890980000,1784891280000,28650.5,28649.75,28650.125,-1,3,1,2163
MNQ 09-26,1784891040000,1784891340000,28656.5,28656.25,28656.375,1,1,1,2164
MNQ 09-26,1784891100000,1784891400000,28653.25,28653,28653.125,-1,1,1,2165
MNQ 09-26,1784891280000,1784891580000,28661.75,28661,28661.375,-1,3,1,2168
MNQ 09-26,1784891340000,1784891640000,28648,28647.75,28647.875,-1,1,1,2169
MNQ 09-26,1784891400000,1784891700000,28642.75,28641.5,28642.125,1,5,1,2170
MNQ 09-26,1784891460000,1784891760000,28644,28643.75,28643.875,1,1,1,2171
MNQ 09-26,1784891580000,1784891880000,28650,28649.25,28649.625,1,3,1,2173
MNQ 09-26,1784891700000,1784892000000,28656.5,28655.75,28656.125,-1,3,1,2175
MNQ 09-26,1784891760000,1784892060000,28653,28652.75,28652.875,1,1,1,2176
MNQ 09-26,1784891820000,1784892120000,28653.25,28653,28653.125,1,1,2,2177
MNQ 09-26,1784891880000,1784892180000,28652.75,28651.75,28652.25,1,4,2,2178
MNQ 09-26,1784891940000,1784892240000,28659.25,28659,28659.125,-1,1,1,2179
MNQ 09-26,1784892000000,1784892300000,28654.25,28653.5,28653.875,1,3,1,2180
MNQ 09-26,1784892060000,1784892360000,28658.5,28658,28658.25,-1,2,1,2181
MNQ 09-26,1784892120000,1784892420000,28645.5,28645,28645.25,-1,2,1,2182
MNQ 09-26,1784892240000,1784892540000,28650.75,28650.5,28650.625,-1,1,1,2184
MNQ 09-26,1784892360000,1784892660000,28651.75,28651.5,28651.625,-1,1,1,2186
MNQ 09-26,1784892420000,1784892720000,28641.75,28640.75,28641.25,-1,4,1,2187
MNQ 09-26,1784892480000,1784892780000,28641.75,28641,28641.375,-1,3,2,2188
MNQ 09-26,1784892540000,1784892840000,28640.5,28639.75,28640.125,-1,3,1,2189
MNQ 09-26,1784892600000,1784892900000,28643.5,28642.25,28642.875,-1,5,1,2190
MNQ 09-26,1784892660000,1784892960000,28637.75,28637.25,28637.5,1,2,1,2191
MNQ 09-26,1784892720000,1784893020000,28629.5,28629,28629.25,-1,2,1,2192
MNQ 09-26,1784892780000,1784893080000,28630.75,28630,28630.375,1,3,1,2193
MNQ 09-26,1784893020000,1784893320000,28647.25,28646.5,28646.875,-1,3,1,2197
MNQ 09-26,1784893080000,1784893380000,28630,28629.5,28629.75,-1,2,2,2198
MNQ 09-26,1784893140000,1784893440000,28624.75,28624.25,28624.5,-1,2,1,2199
MNQ 09-26,1784893200000,1784893500000,28622.75,28622.5,28622.625,1,1,1,2200
MNQ 09-26,1784893260000,1784893560000,28623.5,28623.25,28623.375,1,1,1,2201
MNQ 09-26,1784893320000,1784893620000,28626.75,28626.5,28626.625,-1,1,1,2202
MNQ 09-26,1784893380000,1784893680000,28625,28624.75,28624.875,1,1,2,2203
MNQ 09-26,1784893500000,1784893800000,28616.5,28616.25,28616.375,-1,1,1,2205
MNQ 09-26,1784893560000,1784893860000,28624.25,28624,28624.125,-1,1,1,2206
MNQ 09-26,1784893620000,1784893920000,28616.25,28616,28616.125,1,1,2,2207
MNQ 09-26,1784893680000,1784893980000,28610,28609.75,28609.875,-1,1,1,2208
MNQ 09-26,1784893740000,1784894040000,28606.25,28606,28606.125,-1,1,1,2209
MNQ 09-26,1784893800000,1784894100000,28615.75,28615.25,28615.5,1,2,1,2210
MNQ 09-26,1784893860000,1784894160000,28617,28616.5,28616.75,-1,2,1,2211
MNQ 09-26,1784893920000,1784894220000,28626.5,28625.75,28626.125,1,3,1,2212
MNQ 09-26,1784893980000,1784894280000,28626.5,28625.5,28626,1,4,2,2213
MNQ 09-26,1784894040000,1784894340000,28617,28616.5,28616.75,-1,2,2,2214
MNQ 09-26,1784894100000,1784894400000,28618,28617.75,28617.875,1,1,1,2215
MNQ 09-26,1784894160000,1784894460000,28612.75,28612,28612.375,-1,3,1,2216
MNQ 09-26,1784894280000,1784894580000,28610.5,28609.75,28610.125,1,3,1,2218
MNQ 09-26,1784894340000,1784894640000,28674.5,28674,28674.25,-1,2,1,2219
MNQ 09-26,1784894400000,1784894700000,28678.5,28677.75,28678.125,-1,3,1,2220
MNQ 09-26,1784894460000,1784894760000,28666.5,28666.25,28666.375,1,1,1,2221
MNQ 09-26,1784894520000,1784894820000,28649.5,28649,28649.25,-1,2,1,2222
MNQ 09-26,1784894580000,1784894880000,28637.25,28637,28637.125,1,1,1,2223
MNQ 09-26,1784894820000,1784895120000,28649,28648.75,28648.875,1,1,2,2227
MNQ 09-26,1784894880000,1784895180000,28659.75,28659.5,28659.625,1,1,1,2228
MNQ 09-26,1784894940000,1784895240000,28659,28658.5,28658.75,1,2,1,2229
MNQ 09-26,1784895000000,1784895300000,28674.75,28674.25,28674.5,-1,2,1,2230
MNQ 09-26,1784895060000,1784895360000,28668,28667.75,28667.875,-1,1,1,2231
MNQ 09-26,1784895300000,1784895600000,28690,28689.75,28689.875,1,1,1,2235
MNQ 09-26,1784895360000,1784895660000,28682.5,28681.5,28682,1,4,1,2236
MNQ 09-26,1784895420000,1784895720000,28684.75,28684.5,28684.625,-1,1,1,2237
MNQ 09-26,1784895480000,1784895780000,28688.25,28687.75,28688,1,2,1,2238
MNQ 09-26,1784895540000,1784895840000,28693.75,28693.5,28693.625,1,1,1,2239
MNQ 09-26,1784895600000,1784895900000,28683.5,28683,28683.25,-1,2,1,2240
MNQ 09-26,1784895660000,1784895960000,28673,28672.5,28672.75,-1,2,1,2241
MNQ 09-26,1784895720000,1784896020000,28671.25,28670.5,28670.875,1,3,1,2242
MNQ 09-26,1784895780000,1784896080000,28673.75,28673.25,28673.5,-1,2,1,2243
MNQ 09-26,1784895840000,1784896140000,28672.75,28672,28672.375,-1,3,2,2244
MNQ 09-26,1784895900000,1784896200000,28686.5,28685.75,28686.125,1,3,1,2245
MNQ 09-26,1784896020000,1784896320000,28681.5,28681.25,28681.375,1,1,1,2247
MNQ 09-26,1784896080000,1784896380000,28683.75,28683.5,28683.625,-1,1,1,2248
MNQ 09-26,1784896140000,1784896440000,28688.75,28688,28688.375,-1,3,1,2249
MNQ 09-26,1784896200000,1784896500000,28686.75,28686.25,28686.5,-1,2,2,2250
MNQ 09-26,1784896260000,1784896560000,28679.5,28679.25,28679.375,-1,1,1,2251
MNQ 09-26,1784896320000,1784896620000,28675.25,28675,28675.125,1,1,1,2252
MNQ 09-26,1784896380000,1784896680000,28677,28676.75,28676.875,1,1,1,2253
MNQ 09-26,1784896440000,1784896740000,28665.5,28665.25,28665.375,1,1,1,2254
MNQ 09-26,1784896500000,1784896800000,28643,28642.5,28642.75,1,2,1,2255
MNQ 09-26,1784896560000,1784896860000,28651.75,28651.5,28651.625,-1,1,1,2256
MNQ 09-26,1784896620000,1784896920000,28648.5,28648.25,28648.375,-1,1,1,2257
MNQ 09-26,1784896740000,1784897040000,28655.25,28655,28655.125,-1,1,1,2259
MNQ 09-26,1784896800000,1784897100000,28650.5,28650.25,28650.375,1,1,1,2260
MNQ 09-26,1784896860000,1784897160000,28646,28645.5,28645.75,1,2,1,2261
MNQ 09-26,1784896980000,1784897280000,28635.25,28634.5,28634.875,-1,3,1,2263
MNQ 09-26,1784897040000,1784897340000,28631.75,28631.25,28631.5,1,2,1,2264
MNQ 09-26,1784897100000,1784897400000,28629,28628.75,28628.875,1,1,1,2265
MNQ 09-26,1784897160000,1784897460000,28631.5,28631,28631.25,-1,2,2,2266
MNQ 09-26,1784897340000,1784897640000,28631,28630.75,28630.875,-1,1,2,2269
MNQ 09-26,1784897400000,1784897700000,28624.25,28623.75,28624,1,2,1,2270
MNQ 09-26,1784897460000,1784897760000,28619.75,28619,28619.375,1,3,1,2271
MNQ 09-26,1784897520000,1784897820000,28622.75,28622.5,28622.625,1,1,1,2272
MNQ 09-26,1784897580000,1784897880000,28614.25,28613.75,28614,-1,2,1,2273
MNQ 09-26,1784897640000,1784897940000,28608.25,28608,28608.125,1,1,1,2274
MNQ 09-26,1784897700000,1784898000000,28610.75,28610.5,28610.625,1,1,1,2275
MNQ 09-26,1784897760000,1784898060000,28604.25,28604,28604.125,-1,1,1,2276
MNQ 09-26,1784897880000,1784898180000,28592,28591.25,28591.625,1,3,1,2278
MNQ 09-26,1784898000000,1784898300000,28591.75,28591.5,28591.625,-1,1,2,2280
MNQ 09-26,1784898060000,1784898360000,28587,28586.75,28586.875,-1,1,1,2281
MNQ 09-26,1784898120000,1784898420000,28583,28582.5,28582.75,1,2,1,2282
MNQ 09-26,1784898240000,1784898540000,28595.75,28595,28595.375,-1,3,1,2284
MNQ 09-26,1784898300000,1784898600000,28597,28596.75,28596.875,-1,1,1,2285
MNQ 09-26,1784898360000,1784898660000,28593.25,28593,28593.125,-1,1,1,2286
MNQ 09-26,1784898480000,1784898780000,28575.5,28575,28575.25,1,2,1,2288
MNQ 09-26,1784898540000,1784898840000,28578,28577.75,28577.875,-1,1,1,2289
MNQ 09-26,1784898600000,1784898900000,28584.5,28584,28584.25,-1,2,1,2290
MNQ 09-26,1784898660000,1784898960000,28586.25,28586,28586.125,-1,1,1,2291
MNQ 09-26,1784898720000,1784899020000,28592.5,28592.25,28592.375,-1,1,1,2292
MNQ 09-26,1784898780000,1784899080000,28591,28590.75,28590.875,-1,1,1,2293
MNQ 09-26,1784898840000,1784899140000,28585.25,28584.75,28585,-1,2,1,2294
MNQ 09-26,1784898900000,1784899200000,28591.75,28591.5,28591.625,-1,1,1,2295
MNQ 09-26,1784898960000,1784899260000,28594.25,28594,28594.125,-1,1,1,2296
MNQ 09-26,1784899020000,1784899320000,28586.25,28586,28586.125,-1,1,1,2297
MNQ 09-26,1784899140000,1784899440000,28603.75,28603.25,28603.5,1,2,1,2299
MNQ 09-26,1784899260000,1784899560000,28596.5,28596,28596.25,1,2,1,2301
MNQ 09-26,1784899320000,1784899620000,28590.5,28590.25,28590.375,1,1,1,2302
MNQ 09-26,1784899380000,1784899680000,28586.25,28586,28586.125,1,1,1,2303
MNQ 09-26,1784899440000,1784899740000,28601.25,28601,28601.125,1,1,1,2304
MNQ 09-26,1784899500000,1784899800000,28602,28600.75,28601.375,-1,5,2,2305
MNQ 09-26,1784899680000,1784899980000,28557.75,28557.5,28557.625,-1,1,1,2308
MNQ 09-26,1784899740000,1784900040000,28559.25,28558.25,28558.75,-1,4,1,2309
MNQ 09-26,1784899800000,1784900100000,28540,28539.25,28539.625,1,3,1,2310
MNQ 09-26,1784899860000,1784900160000,28530.5,28530,28530.25,1,2,1,2311
MNQ 09-26,1784899920000,1784900220000,28531.5,28531.25,28531.375,-1,1,1,2312
MNQ 09-26,1784899980000,1784900280000,28559.75,28559.5,28559.625,1,1,1,2313
MNQ 09-26,1784900040000,1784900340000,28558.5,28558,28558.25,-1,2,2,2314
MNQ 09-26,1784900220000,1784900520000,28526.75,28526.5,28526.625,-1,1,1,2317
MNQ 09-26,1784900280000,1784900580000,28545,28544.75,28544.875,1,1,1,2318
MNQ 09-26,1784900340000,1784900640000,28519.5,28519,28519.25,-1,2,1,2319
MNQ 09-26,1784900400000,1784900700000,28528.5,28528,28528.25,1,2,1,2320
MNQ 09-26,1784900460000,1784900760000,28492.5,28492.25,28492.375,1,1,1,2321
MNQ 09-26,1784900580000,1784900880000,28479.75,28479,28479.375,-1,3,1,2323
MNQ 09-26,1784900640000,1784900940000,28480.5,28479.75,28480.125,1,3,2,2324
MNQ 09-26,1784900700000,1784901000000,28485,28484.75,28484.875,-1,1,1,2325
MNQ 09-26,1784900760000,1784901060000,28470.75,28470.5,28470.625,-1,1,1,2326
MNQ 09-26,1784900820000,1784901120000,28460.75,28460,28460.375,1,3,1,2327
MNQ 09-26,1784900880000,1784901180000,28466.5,28466,28466.25,1,2,1,2328
MNQ 09-26,1784900940000,1784901240000,28458.75,28458.5,28458.625,1,1,1,2329
MNQ 09-26,1784901060000,1784901360000,28434.75,28434,28434.375,1,3,1,2331
MNQ 09-26,1784901180000,1784901480000,28369.25,28368.75,28369,1,2,1,2333
MNQ 09-26,1784901300000,1784901600000,28344.5,28344,28344.25,-1,2,1,2335
MNQ 09-26,1784901360000,1784901660000,28326,28325.5,28325.75,-1,2,1,2336
MNQ 09-26,1784901420000,1784901720000,28324.75,28324.25,28324.5,1,2,1,2337
MNQ 09-26,1784901480000,1784901780000,28327.5,28326.75,28327.125,1,3,1,2338
MNQ 09-26,1784901540000,1784901840000,28346.25,28345.25,28345.75,1,4,1,2339
MNQ 09-26,1784901600000,1784901900000,28323.25,28323,28323.125,1,1,1,2340
MNQ 09-26,1784901660000,1784901960000,28374.75,28374.5,28374.625,1,1,1,2341
MNQ 09-26,1784901720000,1784902020000,28367.75,28367.5,28367.625,1,1,1,2342
MNQ 09-26,1784901840000,1784902140000,28364.25,28364,28364.125,1,1,1,2344
MNQ 09-26,1784901960000,1784902260000,28373.25,28373,28373.125,-1,1,1,2346
MNQ 09-26,1784902080000,1784902380000,28389.75,28389.25,28389.5,-1,2,1,2348
MNQ 09-26,1784902140000,1784902440000,28423,28422.5,28422.75,1,2,1,2349
MNQ 09-26,1784902200000,1784902500000,28427.75,28427.5,28427.625,1,1,1,2350
MNQ 09-26,1784902320000,1784902620000,28419.75,28419.25,28419.5,-1,2,1,2352
MNQ 09-26,1784902380000,1784902680000,28394.75,28394.5,28394.625,1,1,1,2353
MNQ 09-26,1784902440000,1784902740000,28419.5,28419.25,28419.375,1,1,2,2354
MNQ 09-26,1784902500000,1784902800000,28421.25,28421,28421.125,-1,1,1,2355
MNQ 09-26,1784902560000,1784902860000,28382.25,28381.75,28382,1,2,1,2356
MNQ 09-26,1784902620000,1784902920000,28373,28372.5,28372.75,1,2,1,2357
MNQ 09-26,1784902860000,1784903160000,28341,28340.5,28340.75,1,2,1,2361
MNQ 09-26,1784903040000,1784903340000,28420,28419.75,28419.875,-1,1,1,2364
MNQ 09-26,1784903100000,1784903400000,28393.5,28393,28393.25,1,2,1,2365
MNQ 09-26,1784903160000,1784903460000,28382.75,28382.5,28382.625,-1,1,1,2366
MNQ 09-26,1784903220000,1784903520000,28390.25,28390,28390.125,-1,1,1,2367
MNQ 09-26,1784903280000,1784903580000,28374,28373.5,28373.75,-1,2,1,2368
MNQ 09-26,1784903340000,1784903640000,28392.25,28392,28392.125,-1,1,1,2369
MNQ 09-26,1784903460000,1784903760000,28347.5,28347.25,28347.375,1,1,1,2371
MNQ 09-26,1784903700000,1784904000000,28306.25,28306,28306.125,-1,1,1,2375
MNQ 09-26,1784903760000,1784904060000,28336.75,28336.5,28336.625,1,1,1,2376
MNQ 09-26,1784903880000,1784904180000,28309,28308.75,28308.875,-1,1,1,2378
MNQ 09-26,1784903940000,1784904240000,28308.5,28308,28308.25,1,2,1,2379
MNQ 09-26,1784904060000,1784904360000,28285.5,28284.25,28284.875,-1,5,1,2381
MNQ 09-26,1784904120000,1784904420000,28283.25,28283,28283.125,-1,1,1,2382
MNQ 09-26,1784904180000,1784904480000,28270.75,28270.25,28270.5,1,2,1,2383
MNQ 09-26,1784904240000,1784904540000,28285.75,28284.75,28285.25,1,4,2,2384
MNQ 09-26,1784904300000,1784904600000,28287.75,28287.5,28287.625,1,1,1,2385
MNQ 09-26,1784904360000,1784904660000,28262.75,28262.25,28262.5,-1,2,1,2386
MNQ 09-26,1784904420000,1784904720000,28292.75,28292.25,28292.5,1,2,1,2387
MNQ 09-26,1784904480000,1784904780000,28273,28272.5,28272.75,1,2,1,2388
MNQ 09-26,1784904540000,1784904840000,28280.5,28280,28280.25,-1,2,1,2389
MNQ 09-26,1784904660000,1784904960000,28359.25,28358.75,28359,1,2,1,2391
MNQ 09-26,1784904720000,1784905020000,28347,28346.75,28346.875,-1,1,1,2392
MNQ 09-26,1784904840000,1784905140000,28358,28357.75,28357.875,1,1,1,2394
MNQ 09-26,1784904900000,1784905200000,28350,28349.75,28349.875,-1,1,1,2395
MNQ 09-26,1784905080000,1784905380000,28416,28415.5,28415.75,-1,2,1,2398
MNQ 09-26,1784905140000,1784905440000,28438.5,28438.25,28438.375,-1,1,1,2399
MNQ 09-26,1784905200000,1784905500000,28449,28448.75,28448.875,-1,1,1,2400
MNQ 09-26,1784905260000,1784905560000,28468.5,28467.75,28468.125,1,3,1,2401
MNQ 09-26,1784905320000,1784905620000,28432.75,28432.5,28432.625,-1,1,1,2402
MNQ 09-26,1784905380000,1784905680000,28432.5,28432,28432.25,-1,2,2,2403
MNQ 09-26,1784905440000,1784905740000,28417.25,28417,28417.125,1,1,1,2404
MNQ 09-26,1784905500000,1784905800000,28405.5,28405,28405.25,1,2,1,2405
MNQ 09-26,1784905620000,1784905920000,28387.5,28387.25,28387.375,1,1,1,2407
MNQ 09-26,1784905740000,1784906040000,28402.75,28402.25,28402.5,-1,2,1,2409
MNQ 09-26,1784905800000,1784906100000,28364.25,28364,28364.125,-1,1,1,2410
MNQ 09-26,1784905860000,1784906160000,28421.5,28420.75,28421.125,-1,3,1,2411
MNQ 09-26,1784905980000,1784906280000,28430,28429.5,28429.75,-1,2,1,2413
MNQ 09-26,1784906040000,1784906340000,28432.75,28432.25,28432.5,-1,2,1,2414
MNQ 09-26,1784906100000,1784906400000,28493.75,28493.5,28493.625,1,1,1,2415
MNQ 09-26,1784906160000,1784906460000,28543.25,28543,28543.125,-1,1,1,2416
MNQ 09-26,1784906220000,1784906520000,28514,28513.75,28513.875,1,1,1,2417
MNQ 09-26,1784906280000,1784906580000,28491.5,28490,28490.75,-1,6,1,2418
MNQ 09-26,1784906340000,1784906640000,28485.5,28485,28485.25,1,2,1,2419
MNQ 09-26,1784906400000,1784906700000,28466,28465.5,28465.75,-1,2,1,2420
MNQ 09-26,1784906460000,1784906760000,28500,28499.75,28499.875,1,1,1,2421
MNQ 09-26,1784906520000,1784906820000,28503.25,28502.75,28503,1,2,1,2422
MNQ 09-26,1784906580000,1784906880000,28498,28497.75,28497.875,-1,1,1,2423
MNQ 09-26,1784906640000,1784906940000,28513.5,28513.25,28513.375,1,1,1,2424
MNQ 09-26,1784906700000,1784907000000,28502,28501,28501.5,1,4,1,2425
MNQ 09-26,1784906820000,1784907120000,28511,28510.75,28510.875,-1,1,1,2427
MNQ 09-26,1784907000000,1784907300000,28500.5,28500.25,28500.375,1,1,1,2430
MNQ 09-26,1784907060000,1784907360000,28509.5,28509.25,28509.375,-1,1,1,2431
MNQ 09-26,1784907120000,1784907420000,28534,28533.75,28533.875,1,1,1,2432
MNQ 09-26,1784907240000,1784907540000,28501.25,28501,28501.125,-1,1,1,2434
MNQ 09-26,1784907300000,1784907600000,28488.5,28487.5,28488,1,4,1,2435
MNQ 09-26,1784907360000,1784907660000,28517,28516.75,28516.875,-1,1,1,2436
MNQ 09-26,1784907480000,1784907780000,28534,28533.25,28533.625,1,3,1,2438
MNQ 09-26,1784907540000,1784907840000,28554,28553.5,28553.75,-1,2,1,2439
MNQ 09-26,1784907600000,1784907900000,28562.25,28561.75,28562,-1,2,1,2440
MNQ 09-26,1784907660000,1784907960000,28558.25,28557.75,28558,1,2,1,2441
MNQ 09-26,1784907720000,1784908020000,28533.5,28533.25,28533.375,-1,1,2,2442
MNQ 09-26,1784907780000,1784908080000,28517,28516.75,28516.875,1,1,1,2443
MNQ 09-26,1784907840000,1784908140000,28499.25,28498.75,28499,1,2,1,2444
MNQ 09-26,1784907900000,1784908200000,28506,28505.75,28505.875,-1,1,1,2445
MNQ 09-26,1784907960000,1784908260000,28517.75,28517.5,28517.625,-1,1,1,2446
MNQ 09-26,1784908020000,1784908320000,28509.25,28509,28509.125,1,1,1,2447
MNQ 09-26,1784908080000,1784908380000,28501.25,28501,28501.125,-1,1,1,2448
MNQ 09-26,1784908140000,1784908440000,28512.75,28512.5,28512.625,1,1,1,2449
MNQ 09-26,1784908200000,1784908500000,28503.5,28503.25,28503.375,1,1,1,2450
MNQ 09-26,1784908260000,1784908560000,28539.25,28538.75,28539,-1,2,1,2451
MNQ 09-26,1784908320000,1784908620000,28532.5,28532.25,28532.375,1,1,1,2452
MNQ 09-26,1784908380000,1784908680000,28528.25,28527.75,28528,-1,2,1,2453
MNQ 09-26,1784908500000,1784908800000,28536.5,28536.25,28536.375,-1,1,1,2455
MNQ 09-26,1784908560000,1784908860000,28554,28553.75,28553.875,1,1,1,2456
MNQ 09-26,1784908740000,1784909040000,28575.5,28575,28575.25,1,2,1,2459
MNQ 09-26,1784908800000,1784909100000,28576.75,28576.5,28576.625,1,1,1,2460
MNQ 09-26,1784908860000,1784909160000,28558.25,28558,28558.125,-1,1,1,2461
MNQ 09-26,1784908980000,1784909280000,28564.25,28564,28564.125,-1,1,1,2463
MNQ 09-26,1784909040000,1784909340000,28580,28579.75,28579.875,-1,1,1,2464
MNQ 09-26,1784909100000,1784909400000,28591,28590.75,28590.875,1,1,1,2465
MNQ 09-26,1784909220000,1784909520000,28582.5,28582.25,28582.375,1,1,1,2467
MNQ 09-26,1784909280000,1784909580000,28615.25,28615,28615.125,1,1,1,2468
MNQ 09-26,1784909340000,1784909640000,28605,28604.25,28604.625,1,3,1,2469
MNQ 09-26,1784909400000,1784909700000,28604.25,28604,28604.125,-1,1,2,2470
MNQ 09-26,1784909520000,1784909820000,28608.75,28608.5,28608.625,-1,1,1,2472
MNQ 09-26,1784909700000,1784910000000,28574.25,28573.75,28574,1,2,1,2475
MNQ 09-26,1784909820000,1784910120000,28562.75,28562.5,28562.625,-1,1,1,2477
MNQ 09-26,1784909880000,1784910180000,28558.5,28558,28558.25,1,2,1,2478
MNQ 09-26,1784909940000,1784910240000,28565.25,28565,28565.125,-1,1,1,2479
MNQ 09-26,1784910000000,1784910300000,28566.5,28566.25,28566.375,1,1,1,2480
MNQ 09-26,1784910060000,1784910360000,28585.25,28585,28585.125,1,1,1,2481
MNQ 09-26,1784910120000,1784910420000,28575.75,28575.5,28575.625,-1,1,1,2482
MNQ 09-26,1784910180000,1784910480000,28591,28590.5,28590.75,-1,2,1,2483
MNQ 09-26,1784910300000,1784910600000,28585.5,28585.25,28585.375,1,1,2,2485
MNQ 09-26,1784910420000,1784910720000,28586.75,28586.5,28586.625,1,1,1,2487
MNQ 09-26,1784910480000,1784910780000,28575.25,28574.75,28575,1,2,1,2488
MNQ 09-26,1784910600000,1784910900000,28566,28565.25,28565.625,1,3,1,2490
MNQ 09-26,1784910660000,1784910960000,28539.5,28539,28539.25,1,2,1,2491
MNQ 09-26,1784910780000,1784911080000,28541.5,28540.75,28541.125,-1,3,1,2493
MNQ 09-26,1784910840000,1784911140000,28536.25,28535.75,28536,-1,2,1,2494
MNQ 09-26,1784911020000,1784911320000,28540.25,28540,28540.125,1,1,1,2497
MNQ 09-26,1784911080000,1784911380000,28541,28540.75,28540.875,-1,1,2,2498
MNQ 09-26,1784911200000,1784911500000,28524.75,28524.25,28524.5,1,2,1,2500
MNQ 09-26,1784911260000,1784911560000,28510.5,28509.75,28510.125,1,3,1,2501
MNQ 09-26,1784911320000,1784911620000,28514.75,28514.5,28514.625,-1,1,1,2502
MNQ 09-26,1784911380000,1784911680000,28510.75,28510.5,28510.625,1,1,2,2503
MNQ 09-26,1784911440000,1784911740000,28506.25,28506,28506.125,1,1,1,2504
MNQ 09-26,1784911560000,1784911860000,28507.25,28506.75,28507,1,2,1,2506
MNQ 09-26,1784911620000,1784911920000,28492,28491.75,28491.875,-1,1,1,2507
MNQ 09-26,1784911740000,1784912040000,28475.5,28475.25,28475.375,1,1,1,2509
MNQ 09-26,1784911860000,1784912160000,28479.25,28479,28479.125,1,1,1,2511
MNQ 09-26,1784911920000,1784912220000,28478.25,28478,28478.125,1,1,1,2512
MNQ 09-26,1784912040000,1784912340000,28469.75,28469,28469.375,1,3,1,2514
MNQ 09-26,1784912100000,1784912400000,28474.5,28473.75,28474.125,-1,3,1,2515
MNQ 09-26,1784912160000,1784912460000,28486,28485.5,28485.75,1,2,1,2516
MNQ 09-26,1784912220000,1784912520000,28488.75,28488.5,28488.625,1,1,1,2517
MNQ 09-26,1784912340000,1784912640000,28502,28501.5,28501.75,1,2,1,2519
MNQ 09-26,1784912400000,1784912700000,28494.75,28494.5,28494.625,-1,1,1,2520
MNQ 09-26,1784912460000,1784912760000,28489.25,28488.75,28489,1,2,2,2521
MNQ 09-26,1784912520000,1784912820000,28484.5,28483,28483.75,1,6,1,2522
MNQ 09-26,1784912580000,1784912880000,28478.75,28478.5,28478.625,1,1,1,2523
MNQ 09-26,1784912700000,1784913000000,28477.75,28477.5,28477.625,-1,1,1,2525
MNQ 09-26,1784912760000,1784913060000,28481.25,28481,28481.125,1,1,1,2526
MNQ 09-26,1784912820000,1784913120000,28462.25,28461.5,28461.875,-1,3,1,2527
MNQ 09-26,1784912880000,1784913180000,28450,28449.75,28449.875,1,1,1,2528
MNQ 09-26,1784912940000,1784913240000,28443.75,28443.5,28443.625,1,1,1,2529
MNQ 09-26,1784913000000,1784913300000,28436,28435.75,28435.875,1,1,1,2530
MNQ 09-26,1784913060000,1784913360000,28439.5,28439,28439.25,1,2,1,2531
MNQ 09-26,1784913120000,1784913420000,28450.75,28450.5,28450.625,-1,1,1,2532
MNQ 09-26,1784913180000,1784913480000,28457.5,28457.25,28457.375,1,1,1,2533
MNQ 09-26,1784913240000,1784913540000,28456.75,28456.25,28456.5,-1,2,1,2534
MNQ 09-26,1784913420000,1784913720000,28446.5,28445.75,28446.125,1,3,1,2537
MNQ 09-26,1784913480000,1784913780000,28471.25,28471,28471.125,1,1,1,2538
MNQ 09-26,1784913540000,1784913840000,28478.75,28478.5,28478.625,1,1,1,2539
MNQ 09-26,1784913600000,1784913900000,28487.25,28487,28487.125,-1,1,1,2540
MNQ 09-26,1784913660000,1784913960000,28482.5,28482.25,28482.375,1,1,1,2541
MNQ 09-26,1784913720000,1784914020000,28479.5,28479,28479.25,1,2,1,2542
MNQ 09-26,1784913780000,1784914080000,28468.5,28468,28468.25,-1,2,1,2543
MNQ 09-26,1784913840000,1784914140000,28468,28467.5,28467.75,1,2,2,2544
MNQ 09-26,1784913900000,1784914200000,28490.75,28490.25,28490.5,1,2,1,2545
MNQ 09-26,1784913960000,1784914260000,28492.5,28492.25,28492.375,1,1,1,2546
MNQ 09-26,1784914020000,1784914320000,28504.75,28504.25,28504.5,1,2,1,2547
MNQ 09-26,1784914080000,1784914380000,28516,28515.5,28515.75,-1,2,1,2548
MNQ 09-26,1784914140000,1784914440000,28517,28516.5,28516.75,-1,2,1,2549
MNQ 09-26,1784914260000,1784914560000,28510.5,28509.75,28510.125,-1,3,1,2551
MNQ 09-26,1784914320000,1784914620000,28517.75,28517,28517.375,1,3,2,2552
MNQ 09-26,1784914380000,1784914680000,28515.25,28515,28515.125,1,1,1,2553
MNQ 09-26,1784914560000,1784914860000,28536.75,28536.5,28536.625,1,1,1,2556
MNQ 09-26,1784914680000,1784914980000,28506,28505.5,28505.75,1,2,1,2558
MNQ 09-26,1784914740000,1784915040000,28503.5,28503,28503.25,1,2,1,2559
MNQ 09-26,1784914800000,1784915100000,28488.25,28488,28488.125,1,1,1,2560
MNQ 09-26,1784914860000,1784915160000,28481.25,28480.75,28481,1,2,1,2561
MNQ 09-26,1784914980000,1784915280000,28471.5,28471.25,28471.375,1,1,1,2563
MNQ 09-26,1784915040000,1784915340000,28473.5,28473.25,28473.375,1,1,1,2564
MNQ 09-26,1784915100000,1784915400000,28464.5,28464,28464.25,1,2,1,2565
MNQ 09-26,1784915160000,1784915460000,28459.25,28459,28459.125,-1,1,1,2566
MNQ 09-26,1784915280000,1784915580000,28468,28467.75,28467.875,-1,1,1,2568
MNQ 09-26,1784915340000,1784915640000,28468.25,28468,28468.125,-1,1,2,2569
MNQ 09-26,1784915400000,1784915700000,28484.5,28484.25,28484.375,1,1,1,2570
MNQ 09-26,1784915460000,1784915760000,28494,28493.75,28493.875,1,1,1,2571
MNQ 09-26,1784915520000,1784915820000,28473.25,28472.75,28473,1,2,1,2572
MNQ 09-26,1784915580000,1784915880000,28476.5,28476.25,28476.375,1,1,1,2573
MNQ 09-26,1784915640000,1784915940000,28477.5,28477,28477.25,1,2,1,2574
MNQ 09-26,1784915700000,1784916000000,28484.25,28484,28484.125,1,1,2,2575
MNQ 09-26,1784915760000,1784916060000,28476.25,28475.75,28476,1,2,2,2576
MNQ 09-26,1784915820000,1784916120000,28485.25,28484.75,28485,-1,2,1,2577
MNQ 09-26,1784915880000,1784916180000,28473.75,28473.25,28473.5,-1,2,1,2578
MNQ 09-26,1784916000000,1784916300000,28467,28466.5,28466.75,1,2,1,2580
MNQ 09-26,1784916060000,1784916360000,28479.25,28479,28479.125,1,1,1,2581
MNQ 09-26,1784916120000,1784916420000,28459.75,28459.5,28459.625,1,1,1,2582
MNQ 09-26,1784916180000,1784916480000,28467,28466.25,28466.625,1,3,2,2583
MNQ 09-26,1784916300000,1784916600000,28455.75,28455,28455.375,-1,3,1,2585
MNQ 09-26,1784916360000,1784916660000,28454.5,28454.25,28454.375,-1,1,1,2586
MNQ 09-26,1784916420000,1784916720000,28447.25,28447,28447.125,1,1,1,2587
MNQ 09-26,1784916480000,1784916780000,28462.75,28462.5,28462.625,1,1,1,2588
MNQ 09-26,1784916540000,1784916840000,28457,28456.5,28456.75,1,2,1,2589
MNQ 09-26,1784916660000,1784916960000,28443,28442.75,28442.875,1,1,1,2591
MNQ 09-26,1784916720000,1784917020000,28435.25,28434.5,28434.875,-1,3,1,2592
MNQ 09-26,1784916780000,1784917080000,28435.25,28435,28435.125,1,1,2,2593
MNQ 09-26,1784916840000,1784917140000,28427.25,28426.75,28427,1,2,1,2594
MNQ 09-26,1784916900000,1784917200000,28428.75,28428.5,28428.625,1,1,1,2595
MNQ 09-26,1784916960000,1784917260000,28425.5,28425,28425.25,1,2,1,2596
MNQ 09-26,1784917020000,1784917320000,28422,28421.75,28421.875,-1,1,1,2597
MNQ 09-26,1784917140000,1784917440000,28414.75,28414.5,28414.625,1,1,1,2599
MNQ 09-26,1784917200000,1784917500000,28399.5,28399,28399.25,1,2,1,2600
MNQ 09-26,1784917260000,1784917560000,28388.25,28388,28388.125,-1,1,1,2601
MNQ 09-26,1784917320000,1784917620000,28383.75,28383.25,28383.5,-1,2,1,2602
MNQ 09-26,1784917380000,1784917680000,28383.75,28383.5,28383.625,-1,1,2,2603
MNQ 09-26,1784917620000,1784917920000,28354.75,28354.5,28354.625,1,1,1,2607
MNQ 09-26,1784917680000,1784917980000,28350.5,28350.25,28350.375,1,1,1,2608
MNQ 09-26,1784917740000,1784918040000,28343.5,28343.25,28343.375,-1,1,1,2609
MNQ 09-26,1784917800000,1784918100000,28337.5,28337,28337.25,1,2,1,2610
MNQ 09-26,1784917860000,1784918160000,28333.25,28332.5,28332.875,1,3,1,2611
MNQ 09-26,1784917920000,1784918220000,28316.25,28316,28316.125,1,1,1,2612
MNQ 09-26,1784917980000,1784918280000,28318.5,28318,28318.25,1,2,1,2613
MNQ 09-26,1784918040000,1784918340000,28305.5,28305,28305.25,-1,2,1,2614
MNQ 09-26,1784918100000,1784918400000,28298.5,28298,28298.25,1,2,1,2615
MNQ 09-26,1784918220000,1784918520000,28301.25,28300.5,28300.875,-1,3,1,2617
MNQ 09-26,1784918280000,1784918580000,28296.75,28296.5,28296.625,-1,1,1,2618
MNQ 09-26,1784918400000,1784918700000,28295.25,28294.75,28295,-1,2,1,2620
MNQ 09-26,1784918640000,1784918940000,28281.75,28281.5,28281.625,1,1,1,2624
MNQ 09-26,1784918700000,1784919000000,28276,28275.75,28275.875,1,1,1,2625
MNQ 09-26,1784918760000,1784919060000,28305.25,28305,28305.125,-1,1,1,2626
MNQ 09-26,1784918880000,1784919180000,28321,28320.75,28320.875,-1,1,1,2628
MNQ 09-26,1784918940000,1784919240000,28303.25,28302.75,28303,1,2,1,2629
MNQ 09-26,1784919060000,1784919360000,28296,28295.5,28295.75,-1,2,1,2631
MNQ 09-26,1784919120000,1784919420000,28309.5,28309.25,28309.375,1,1,1,2632
MNQ 09-26,1784919360000,1784919660000,28309.5,28309.25,28309.375,-1,1,2,2636
MNQ 09-26,1784919420000,1784919720000,28319.25,28319,28319.125,1,1,1,2637
MNQ 09-26,1784919540000,1784919840000,28302,28301.75,28301.875,1,1,1,2639
MNQ 09-26,1784919660000,1784919960000,28305.5,28305,28305.25,1,2,1,2641
MNQ 09-26,1784919720000,1784920020000,28307.5,28307,28307.25,1,2,1,2642
MNQ 09-26,1784919840000,1784920140000,28288.25,28287.75,28288,1,2,1,2644
MNQ 09-26,1784919900000,1784920200000,28284,28283.5,28283.75,-1,2,1,2645
MNQ 09-26,1784919960000,1784920260000,28300.5,28300,28300.25,1,2,1,2646
MNQ 09-26,1784920020000,1784920320000,28277.25,28277,28277.125,-1,1,1,2647
MNQ 09-26,1784920080000,1784920380000,28242,28241.5,28241.75,-1,2,1,2648
MNQ 09-26,1784920140000,1784920440000,28242.25,28242,28242.125,-1,1,2,2649
MNQ 09-26,1784920200000,1784920500000,28231.25,28230.5,28230.875,-1,3,1,2650
MNQ 09-26,1784920320000,1784920620000,28230.25,28230,28230.125,1,1,1,2652
MNQ 09-26,1784920380000,1784920680000,28238.5,28238.25,28238.375,-1,1,1,2653
MNQ 09-26,1784920440000,1784920740000,28235.5,28235.25,28235.375,1,1,1,2654
MNQ 09-26,1784920500000,1784920800000,28221.25,28221,28221.125,-1,1,1,2655
MNQ 09-26,1784920560000,1784920860000,28219.75,28219.5,28219.625,1,1,1,2656
MNQ 09-26,1784920620000,1784920920000,28226,28225.75,28225.875,1,1,1,2657
MNQ 09-26,1784920680000,1784920980000,28232,28231.5,28231.75,-1,2,1,2658
MNQ 09-26,1784920740000,1784921040000,28230.75,28229.5,28230.125,1,5,1,2659
MNQ 09-26,1784920860000,1784921160000,28240.75,28240.5,28240.625,-1,1,1,2661
MNQ 09-26,1784920920000,1784921220000,28248.75,28248.25,28248.5,-1,2,1,2662
MNQ 09-26,1784920980000,1784921280000,28251.5,28250.75,28251.125,-1,3,1,2663
MNQ 09-26,1784921040000,1784921340000,28246.25,28245.5,28245.875,-1,3,1,2664
MNQ 09-26,1784921100000,1784921400000,28230,28229.75,28229.875,1,1,1,2665
MNQ 09-26,1784921160000,1784921460000,28226,28225.5,28225.75,-1,2,1,2666
MNQ 09-26,1784921220000,1784921520000,28232,28231.75,28231.875,1,1,1,2667
MNQ 09-26,1784921280000,1784921580000,28246.5,28245.25,28245.875,-1,5,2,2668
MNQ 09-26,1784921400000,1784921700000,28253.5,28253.25,28253.375,1,1,1,2670
MNQ 09-26,1784921460000,1784921760000,28258.5,28257.75,28258.125,1,3,1,2671
MNQ 09-26,1784921520000,1784921820000,28271,28270.75,28270.875,-1,1,1,2672
MNQ 09-26,1784921580000,1784921880000,28282.5,28281.75,28282.125,-1,3,1,2673
MNQ 09-26,1784921640000,1784921940000,28286.75,28286.5,28286.625,1,1,1,2674
MNQ 09-26,1784921700000,1784922000000,28282,28281.5,28281.75,1,2,2,2675
MNQ 09-26,1784921940000,1784922240000,28298.5,28298.25,28298.375,1,1,1,2679
MNQ 09-26,1784922060000,1784922360000,28270.5,28269.75,28270.125,-1,3,1,2681
MNQ 09-26,1784922120000,1784922420000,28257.75,28257.25,28257.5,-1,2,1,2682
MNQ 09-26,1784922180000,1784922480000,28253.5,28253.25,28253.375,1,1,1,2683
MNQ 09-26,1784922240000,1784922540000,28260.75,28260.25,28260.5,1,2,1,2684
MNQ 09-26,1784922300000,1784922600000,28274.5,28274.25,28274.375,-1,1,1,2685
MNQ 09-26,1784922360000,1784922660000,28255.75,28255.25,28255.5,-1,2,1,2686
MNQ 09-26,1784922420000,1784922720000,28255.5,28255,28255.25,-1,2,2,2687
MNQ 09-26,1784922480000,1784922780000,28258.5,28258.25,28258.375,-1,1,1,2688
MNQ 09-26,1784922540000,1784922840000,28251.75,28251.5,28251.625,1,1,1,2689
MNQ 09-26,1784922660000,1784922960000,28236.25,28236,28236.125,1,1,1,2691
MNQ 09-26,1784922720000,1784923020000,28238.75,28238,28238.375,-1,3,1,2692
MNQ 09-26,1784922780000,1784923080000,28234,28233.75,28233.875,-1,1,1,2693
MNQ 09-26,1784922900000,1784923200000,28271.25,28271,28271.125,-1,1,1,2695
MNQ 09-26,1784923140000,1784923440000,28269.5,28268.75,28269.125,-1,3,1,2699
MNQ 09-26,1784923260000,1784923560000,28287.5,28286.75,28287.125,1,3,1,2701
MNQ 09-26,1784923320000,1784923620000,28296.25,28296,28296.125,1,1,1,2702
MNQ 09-26,1784923380000,1784923680000,28279.25,28279,28279.125,1,1,1,2703
MNQ 09-26,1784923440000,1784923740000,28272,28271,28271.5,-1,4,1,2704
MNQ 09-26,1784923500000,1784923800000,28275.25,28274.5,28274.875,-1,3,1,2705
MNQ 09-26,1784923560000,1784923860000,28262,28261.25,28261.625,1,3,1,2706
MNQ 09-26,1784923680000,1784923980000,28265.75,28265.5,28265.625,1,1,1,2708
MNQ 09-26,1784923740000,1784924040000,28267,28266.5,28266.75,1,2,1,2709
MNQ 09-26,1784923860000,1784924160000,28268.5,28268,28268.25,-1,2,1,2711
MNQ 09-26,1784923920000,1784924220000,28289.25,28288.75,28289,1,2,1,2712
MNQ 09-26,1784923980000,1784924280000,28289.5,28289.25,28289.375,1,1,2,2713
MNQ 09-26,1784924040000,1784924340000,28291,28290.75,28290.875,1,1,1,2714
MNQ 09-26,1784924100000,1784924400000,28291.5,28291.25,28291.375,1,1,1,2715
MNQ 09-26,1784924160000,1784924460000,28302,28301.5,28301.75,-1,2,1,2716
MNQ 09-26,1784924220000,1784924520000,28305.25,28304.75,28305,-1,2,1,2717
MNQ 09-26,1784924340000,1784924640000,28315.5,28315.25,28315.375,1,1,1,2719
MNQ 09-26,1784924400000,1784924700000,28305.75,28305.5,28305.625,1,1,1,2720
MNQ 09-26,1784924460000,1784924760000,28313.25,28312.75,28313,-1,2,1,2721
MNQ 09-26,1784924580000,1784924880000,28321.25,28320.75,28321,-1,2,1,2723
MNQ 09-26,1784924640000,1784924940000,28319.25,28319,28319.125,-1,1,1,2724
MNQ 09-26,1784924700000,1784925000000,28312.25,28311.75,28312,-1,2,1,2725
MNQ 09-26,1784924760000,1784925060000,28319,28318.5,28318.75,-1,2,2,2726
MNQ 09-26,1784924820000,1784925120000,28317,28316.5,28316.75,-1,2,1,2727
MNQ 09-26,1784924880000,1784925180000,28312,28311.75,28311.875,-1,1,2,2728
MNQ 09-26,1784925060000,1784925360000,28293,28292.75,28292.875,-1,1,1,2731
MNQ 09-26,1784925120000,1784925420000,28290.25,28289.75,28290,1,2,1,2732
MNQ 09-26,1784925240000,1784925540000,28292,28291.75,28291.875,-1,1,1,2734
MNQ 09-26,1784925300000,1784925600000,28292,28291.5,28291.75,1,2,2,2735
MNQ 09-26,1784925360000,1784925660000,28299.5,28299,28299.25,1,2,1,2736
MNQ 09-26,1784925420000,1784925720000,28298,28297.5,28297.75,1,2,1,2737
MNQ 09-26,1784925480000,1784925780000,28295.5,28295.25,28295.375,-1,1,1,2738
MNQ 09-26,1784925540000,1784925840000,28291.75,28290.75,28291.25,-1,4,3,2739
MNQ 09-26,1784925600000,1784925900000,28291.5,28289.75,28290.625,1,7,3,2740
MNQ 09-26,1784925660000,1784925960000,28287.75,28287.5,28287.625,1,1,1,2741
MNQ 09-26,1784925780000,1784926080000,28292,28291.75,28291.875,-1,1,2,2743
MNQ 09-26,1784925840000,1784926140000,28296.75,28296.5,28296.625,1,1,1,2744
MNQ 09-26,1784925900000,1784926200000,28305.5,28305.25,28305.375,1,1,1,2745
MNQ 09-26,1784926020000,1784926320000,28304.5,28304.25,28304.375,1,1,1,2747
MNQ 09-26,1784926080000,1784926380000,28294.75,28294.5,28294.625,-1,1,1,2748
MNQ 09-26,1784926140000,1784926440000,28299.75,28299.5,28299.625,-1,1,1,2749
MNQ 09-26,1784926200000,1784926500000,28297,28296,28296.5,1,4,1,2750
MNQ 09-26,1784926440000,1784926740000,28293.5,28293.25,28293.375,1,1,1,2754
MNQ 09-26,1784926620000,1784926920000,28304,28303.75,28303.875,-1,1,1,2757
MNQ 09-26,1784926680000,1784926980000,28307,28306.5,28306.75,1,2,1,2758
6E 09-26,1783289340000,1783292340000,1.1469,1.14685,1.146875,-1,1.00000000000211,1,9
6E 09-26,1783289400000,1783292400000,1.1469,1.1468,1.14685,1,1.99999999999978,2,10
6E 09-26,1783289820000,1783292820000,1.1469,1.14685,1.146875,-1,1.00000000000211,3,16
6E 09-26,1783289940000,1783292940000,1.1469,1.1468,1.14685,1,1.99999999999978,4,18
6E 09-26,1783290000000,1783293000000,1.1469,1.14685,1.146875,-1,1.00000000000211,5,19
6E 09-26,1783290060000,1783293060000,1.1469,1.14685,1.146875,1,1.00000000000211,6,20
6E 09-26,1783290120000,1783293120000,1.1469,1.14685,1.146875,1,1.00000000000211,7,21
6E 09-26,1783290300000,1783293300000,1.147,1.14695,1.146975,-1,1.00000000000211,1,24
6E 09-26,1783290480000,1783293480000,1.147,1.14695,1.146975,-1,1.00000000000211,2,27
6E 09-26,1783290540000,1783293540000,1.147,1.14695,1.146975,-1,1.00000000000211,3,28
6E 09-26,1783290780000,1783293780000,1.147,1.14695,1.146975,1,1.00000000000211,4,32
6E 09-26,1783291020000,1783294020000,1.147,1.14695,1.146975,-1,1.00000000000211,5,36
6E 09-26,1783291140000,1783294140000,1.147,1.14695,1.146975,1,1.00000000000211,6,38
6E 09-26,1783291500000,1783294500000,1.1471,1.14705,1.147075,1,1.00000000000211,1,43
6E 09-26,1783291560000,1783294560000,1.1471,1.14705,1.147075,-1,1.00000000000211,2,44
6E 09-26,1783291620000,1783294620000,1.1471,1.14705,1.147075,1,1.00000000000211,3,45
6E 09-26,1783291740000,1783294740000,1.1471,1.14705,1.147075,-1,1.00000000000211,4,46
6E 09-26,1783292100000,1783295100000,1.147,1.14695,1.146975,-1,1.00000000000211,7,52
6E 09-26,1783292280000,1783295280000,1.147,1.14695,1.146975,1,1.00000000000211,8,55
6E 09-26,1783292700000,1783295700000,1.1468,1.14675,1.146775,-1,1.00000000000211,2,62
6E 09-26,1783292760000,1783295760000,1.1468,1.14675,1.146775,-1,1.00000000000211,3,63
6E 09-26,1783293000000,1783296000000,1.1467,1.14665,1.146675,-1,1.00000000000211,1,67
6E 09-26,1783293120000,1783296120000,1.1468,1.14675,1.146775,1,1.00000000000211,3,69
6E 09-26,1783293180000,1783296180000,1.1468,1.14675,1.146775,-1,1.00000000000211,4,70
6E 09-26,1783293360000,1783296360000,1.1467,1.14665,1.146675,-1,1.00000000000211,2,73
6E 09-26,1783293540000,1783296540000,1.1467,1.14665,1.146675,-1,1.00000000000211,3,76
6E 09-26,1783293660000,1783296660000,1.1468,1.14675,1.146775,-1,1.00000000000211,5,78
6E 09-26,1783293720000,1783296720000,1.1468,1.14675,1.146775,1,1.00000000000211,6,79
6E 09-26,1783293840000,1783296840000,1.14685,1.14675,1.1468,-1,1.99999999999978,7,81
6E 09-26,1783293960000,1783296960000,1.1468,1.14675,1.146775,1,1.00000000000211,8,83
6E 09-26,1783294080000,1783297080000,1.14695,1.14685,1.1469,1,1.99999999999978,6,85
6E 09-26,1783294140000,1783297140000,1.147,1.14695,1.146975,-1,1.00000000000211,6,86
6E 09-26,1783294320000,1783297320000,1.147,1.14695,1.146975,1,1.00000000000211,5,89
6E 09-26,1783294500000,1783297500000,1.147,1.14695,1.146975,1,1.00000000000211,6,92
6E 09-26,1783294560000,1783297560000,1.147,1.14695,1.146975,-1,1.00000000000211,7,93
6E 09-26,1783294680000,1783297680000,1.147,1.14695,1.146975,-1,1.00000000000211,8,95
6E 09-26,1783295160000,1783298160000,1.1471,1.147,1.14705,1,1.99999999999978,7,103
6E 09-26,1783295220000,1783298220000,1.1471,1.14705,1.147075,-1,1.00000000000211,2,104
6E 09-26,1783295340000,1783298340000,1.147,1.14695,1.146975,1,1.00000000000211,8,106
6E 09-26,1783295400000,1783298400000,1.147,1.14695,1.146975,-1,1.00000000000211,9,107
6E 09-26,1783295520000,1783298520000,1.14695,1.14685,1.1469,-1,1.99999999999978,10,109
6E 09-26,1783295640000,1783298640000,1.1469,1.14685,1.146875,1,1.00000000000211,4,110
6E 09-26,1783295940000,1783298940000,1.1471,1.14705,1.147075,-1,1.00000000000211,3,115
6E 09-26,1783296000000,1783299000000,1.147,1.14695,1.146975,-1,1.00000000000211,11,116
6E 09-26,1783296060000,1783299060000,1.1469,1.14685,1.146875,1,1.00000000000211,5,117
6E 09-26,1783296180000,1783299180000,1.147,1.14695,1.146975,1,1.00000000000211,12,119
6E 09-26,1783296240000,1783299240000,1.147,1.14695,1.146975,1,1.00000000000211,13,120
6E 09-26,1783296300000,1783299300000,1.1469,1.14685,1.146875,1,1.00000000000211,6,121
6E 09-26,1783296480000,1783299480000,1.1468,1.14675,1.146775,1,1.00000000000211,5,124
6E 09-26,1783296540000,1783299540000,1.1468,1.14675,1.146775,-1,1.00000000000211,6,125
6E 09-26,1783296780000,1783299780000,1.1469,1.1468,1.14685,1,1.99999999999978,11,129
6E 09-26,1783296960000,1783299960000,1.1471,1.14705,1.147075,1,1.00000000000211,4,132
6E 09-26,1783297020000,1783300020000,1.1474,1.1473,1.14735,1,1.99999999999978,1,133
6E 09-26,1783297200000,1783300200000,1.1472,1.14715,1.147175,-1,1.00000000000211,1,136
6E 09-26,1783297380000,1783300380000,1.1472,1.14715,1.147175,-1,1.00000000000211,2,139
6E 09-26,1783297500000,1783300500000,1.1471,1.14705,1.147075,-1,1.00000000000211,5,141
6E 09-26,1783297680000,1783300680000,1.1471,1.14705,1.147075,1,1.00000000000211,6,143
6E 09-26,1783297800000,1783300800000,1.1472,1.1471,1.14715,1,1.99999999999978,9,145
6E 09-26,1783298040000,1783301040000,1.14725,1.1472,1.147225,-1,1.00000000000211,4,149
6E 09-26,1783298100000,1783301100000,1.1472,1.14715,1.147175,-1,1.00000000000211,5,150
6E 09-26,1783298460000,1783301460000,1.14735,1.1473,1.147325,1,1.00000000000211,2,156
6E 09-26,1783298820000,1783301820000,1.14735,1.1473,1.147325,-1,1.00000000000211,3,162
6E 09-26,1783298940000,1783301940000,1.14725,1.1472,1.147225,-1,1.00000000000211,6,164
6E 09-26,1783299060000,1783302060000,1.1471,1.14705,1.147075,1,1.00000000000211,5,166
6E 09-26,1783299120000,1783302120000,1.1471,1.147,1.14705,-1,1.99999999999978,8,167
6E 09-26,1783299300000,1783302300000,1.1472,1.14715,1.147175,1,1.00000000000211,7,170
6E 09-26,1783299540000,1783302540000,1.1472,1.14715,1.147175,1,1.00000000000211,8,174
6E 09-26,1783300080000,1783303080000,1.1469,1.14685,1.146875,-1,1.00000000000211,1,183
6E 09-26,1783300200000,1783303200000,1.1471,1.14695,1.147025,1,3.00000000000189,6,185
6E 09-26,1783300440000,1783303440000,1.147,1.14695,1.146975,1,1.00000000000211,3,189
6E 09-26,1783300500000,1783303500000,1.147,1.14695,1.146975,-1,1.00000000000211,4,190
6E 09-26,1783301100000,1783304100000,1.1466,1.14655,1.146575,1,1.00000000000211,1,200
6E 09-26,1783301640000,1783304640000,1.1466,1.14655,1.146575,-1,1.00000000000211,2,209
6E 09-26,1783301820000,1783304820000,1.1466,1.14655,1.146575,1,1.00000000000211,3,212
6E 09-26,1783302000000,1783305000000,1.1468,1.14675,1.146775,1,1.00000000000211,1,215
6E 09-26,1783302240000,1783305240000,1.1467,1.14665,1.146675,1,1.00000000000211,1,219
6E 09-26,1783302360000,1783305360000,1.1466,1.14655,1.146575,-1,1.00000000000211,4,221
6E 09-26,1783302420000,1783305420000,1.1466,1.14655,1.146575,1,1.00000000000211,5,222
6E 09-26,1783302600000,1783305600000,1.1465,1.14645,1.146475,-1,1.00000000000211,1,225
6E 09-26,1783302780000,1783305780000,1.1464,1.14635,1.146375,1,1.00000000000211,1,228
6E 09-26,1783303140000,1783306140000,1.1462,1.14615,1.146175,1,1.00000000000211,1,234
6E 09-26,1783303260000,1783306260000,1.1463,1.14625,1.146275,-1,1.00000000000211,1,236
6E 09-26,1783303500000,1783306500000,1.1463,1.14625,1.146275,-1,1.00000000000211,2,240
6E 09-26,1783303620000,1783306620000,1.14615,1.1461,1.146125,-1,1.00000000000211,2,242
6E 09-26,1783303680000,1783306680000,1.14615,1.1461,1.146125,1,1.00000000000211,3,243
6E 09-26,1783303740000,1783306740000,1.1462,1.14615,1.146175,1,1.00000000000211,4,244
6E 09-26,1783303920000,1783306920000,1.1463,1.14625,1.146275,-1,1.00000000000211,3,247
6E 09-26,1783304040000,1783307040000,1.1463,1.14625,1.146275,1,1.00000000000211,4,249
6E 09-26,1783304100000,1783307100000,1.1463,1.14625,1.146275,-1,1.00000000000211,5,250
6E 09-26,1783304220000,1783307220000,1.1462,1.14615,1.146175,1,1.00000000000211,5,252
6E 09-26,1783304460000,1783307460000,1.1464,1.14635,1.146375,1,1.00000000000211,2,256
6E 09-26,1783304640000,1783307640000,1.1463,1.14625,1.146275,-1,1.00000000000211,6,259
6E 09-26,1783304760000,1783307760000,1.1463,1.14625,1.146275,1,1.00000000000211,7,261
6E 09-26,1783304820000,1783307820000,1.1463,1.14625,1.146275,-1,1.00000000000211,8,262
6E 09-26,1783304940000,1783307940000,1.1463,1.14625,1.146275,-1,1.00000000000211,9,264
6E 09-26,1783305060000,1783308060000,1.1463,1.14625,1.146275,-1,1.00000000000211,10,266
6E 09-26,1783305180000,1783308180000,1.1463,1.14625,1.146275,1,1.00000000000211,11,268
6E 09-26,1783305360000,1783308360000,1.14635,1.14625,1.1463,-1,1.99999999999978,14,271
6E 09-26,1783305480000,1783308480000,1.1463,1.14625,1.146275,1,1.00000000000211,13,273
6E 09-26,1783305600000,1783308600000,1.1463,1.14625,1.146275,-1,1.00000000000211,14,274
6E 09-26,1783305960000,1783308960000,1.14645,1.14635,1.1464,1,1.99999999999978,3,280
6E 09-26,1783307580000,1783310580000,1.14675,1.14665,1.1467,-1,1.99999999999978,1,302
6E 09-26,1783307700000,1783310700000,1.1466,1.14655,1.146575,1,1.00000000000211,1,304
6E 09-26,1783307880000,1783310880000,1.1466,1.14655,1.146575,-1,1.00000000000211,2,307
6E 09-26,1783308060000,1783311060000,1.1466,1.14655,1.146575,1,1.00000000000211,3,308
6E 09-26,1783308240000,1783311240000,1.1464,1.1463,1.14635,-1,1.99999999999978,10,311
6E 09-26,1783308360000,1783311360000,1.1464,1.14635,1.146375,-1,1.00000000000211,4,312
6E 09-26,1783308420000,1783311420000,1.1463,1.14625,1.146275,-1,1.00000000000211,8,313
6E 09-26,1783308480000,1783311480000,1.14635,1.14625,1.1463,1,1.99999999999978,11,314
6E 09-26,1783308600000,1783311600000,1.14625,1.14615,1.1462,-1,1.99999999999978,8,316
6E 09-26,1783308780000,1783311780000,1.1462,1.14615,1.146175,1,1.00000000000211,2,318
6E 09-26,1783308900000,1783311900000,1.1462,1.14615,1.146175,-1,1.00000000000211,3,319
6E 09-26,1783309020000,1783312020000,1.1463,1.14625,1.146275,-1,1.00000000000211,8,321
6E 09-26,1783309500000,1783312500000,1.14645,1.14635,1.1464,1,1.99999999999978,5,327
6E 09-26,1783309560000,1783312560000,1.14655,1.14645,1.1465,1,1.99999999999978,6,328
6E 09-26,1783309920000,1783312920000,1.1464,1.14635,1.146375,-1,1.00000000000211,5,334
6E 09-26,1783310220000,1783313220000,1.1465,1.14645,1.146475,1,1.00000000000211,3,338
6E 09-26,1783310280000,1783313280000,1.1465,1.14645,1.146475,1,1.00000000000211,4,339
6E 09-26,1783310460000,1783313460000,1.1465,1.14645,1.146475,1,1.00000000000211,5,342
6E 09-26,1783311000000,1783314000000,1.1466,1.14655,1.146575,1,1.00000000000211,5,351
6E 09-26,1783311120000,1783314120000,1.14675,1.14665,1.1467,1,1.99999999999978,1,353
6E 09-26,1783311180000,1783314180000,1.14675,1.14665,1.1467,-1,1.99999999999978,2,354
6E 09-26,1783311300000,1783314300000,1.1467,1.14665,1.146675,-1,1.00000000000211,3,356
6E 09-26,1783311420000,1783314420000,1.1467,1.14665,1.146675,-1,1.00000000000211,4,357
6E 09-26,1783311840000,1783314840000,1.1466,1.14655,1.146575,1,1.00000000000211,3,362
6E 09-26,1783311900000,1783314900000,1.1466,1.14655,1.146575,-1,1.00000000000211,4,363
6E 09-26,1783312260000,1783315260000,1.1466,1.14655,1.146575,1,1.00000000000211,5,366
6E 09-26,1783312500000,1783315500000,1.1466,1.14655,1.146575,-1,1.00000000000211,6,370
6E 09-26,1783313040000,1783316040000,1.1466,1.14655,1.146575,1,1.00000000000211,7,377
6E 09-26,1783313220000,1783316220000,1.1466,1.14655,1.146575,-1,1.00000000000211,7,380
6E 09-26,1783313400000,1783316400000,1.1467,1.1466,1.14665,-1,1.99999999999978,12,383
6E 09-26,1783313460000,1783316460000,1.1466,1.14655,1.146575,-1,1.00000000000211,9,384
6E 09-26,1783313640000,1783316640000,1.14665,1.14655,1.1466,1,1.99999999999978,14,387
6E 09-26,1783313760000,1783316760000,1.1466,1.14655,1.146575,-1,1.00000000000211,11,388
6E 09-26,1783314060000,1783317060000,1.1466,1.1465,1.14655,-1,1.99999999999978,12,393
6E 09-26,1783314240000,1783317240000,1.1464,1.14635,1.146375,1,1.00000000000211,1,396
6E 09-26,1783314480000,1783317480000,1.1463,1.1462,1.14625,-1,1.99999999999978,1,400
6E 09-26,1783314720000,1783317720000,1.14635,1.14625,1.1463,1,1.99999999999978,3,403
6E 09-26,1783315020000,1783318020000,1.1463,1.14625,1.146275,-1,1.00000000000211,3,408
6E 09-26,1783315500000,1783318500000,1.14615,1.1461,1.146125,-1,1.00000000000211,1,416
6E 09-26,1783315560000,1783318560000,1.14615,1.1461,1.146125,-1,1.00000000000211,2,417
6E 09-26,1783315680000,1783318680000,1.1462,1.1461,1.14615,1,2.00000000000422,4,419
6E 09-26,1783315800000,1783318800000,1.1462,1.14615,1.146175,-1,1.00000000000211,5,421
6E 09-26,1783316160000,1783319160000,1.1465,1.14645,1.146475,1,1.00000000000211,2,427
6E 09-26,1783316700000,1783319700000,1.1463,1.14625,1.146275,-1,1.00000000000211,4,436
6E 09-26,1783316760000,1783319760000,1.14645,1.14635,1.1464,1,1.99999999999978,4,437
6E 09-26,1783316940000,1783319940000,1.1465,1.1464,1.14645,-1,1.99999999999978,5,439
6E 09-26,1783317180000,1783320180000,1.1463,1.14625,1.146275,-1,1.00000000000211,5,443
6E 09-26,1783317240000,1783320240000,1.14635,1.14625,1.1463,1,1.99999999999978,8,444
6E 09-26,1783317720000,1783320720000,1.14605,1.14595,1.146,1,1.99999999999978,1,452
6E 09-26,1783317780000,1783320780000,1.14615,1.1461,1.146125,-1,1.00000000000211,5,453
6E 09-26,1783318080000,1783321080000,1.14605,1.146,1.146025,1,1.00000000000211,2,458
6E 09-26,1783318200000,1783321200000,1.14615,1.1461,1.146125,-1,1.00000000000211,6,460
6E 09-26,1783318980000,1783321980000,1.14585,1.1458,1.145825,-1,1.00000000000211,1,473
6E 09-26,1783319160000,1783322160000,1.14575,1.1457,1.145725,-1,1.00000000000211,1,476
6E 09-26,1783319220000,1783322220000,1.14565,1.1456,1.145625,-1,1.00000000000211,1,477
6E 09-26,1783319280000,1783322280000,1.14565,1.1456,1.145625,-1,1.00000000000211,2,478
6E 09-26,1783319460000,1783322460000,1.14575,1.14565,1.1457,1,1.99999999999978,4,481
6E 09-26,1783319520000,1783322520000,1.14555,1.1455,1.145525,1,1.00000000000211,1,482
6E 09-26,1783319580000,1783322580000,1.14565,1.1456,1.145625,1,1.00000000000211,4,483
6E 09-26,1783319880000,1783322880000,1.14565,1.1456,1.145625,1,1.00000000000211,5,488
6E 09-26,1783320420000,1783323420000,1.14575,1.1457,1.145725,-1,1.00000000000211,3,497
6E 09-26,1783320600000,1783323600000,1.14565,1.1456,1.145625,-1,1.00000000000211,6,500
6E 09-26,1783320720000,1783323720000,1.14565,1.1456,1.145625,1,1.00000000000211,7,502
6E 09-26,1783320900000,1783323900000,1.14555,1.1455,1.145525,-1,1.00000000000211,2,505
6E 09-26,1783321140000,1783324140000,1.14545,1.1454,1.145425,1,1.00000000000211,1,509
6E 09-26,1783321320000,1783324320000,1.1452,1.14515,1.145175,1,1.00000000000211,1,512
6E 09-26,1783321380000,1783324380000,1.14525,1.1452,1.145225,-1,1.00000000000211,2,513
6E 09-26,1783321440000,1783324440000,1.14525,1.1452,1.145225,1,1.00000000000211,3,514
6E 09-26,1783321500000,1783324500000,1.14535,1.1453,1.145325,1,1.00000000000211,1,515
6E 09-26,1783321680000,1783324680000,1.14525,1.1452,1.145225,-1,1.00000000000211,4,518
6E 09-26,1783321920000,1783324920000,1.14535,1.1453,1.145325,-1,1.00000000000211,2,522
6E 09-26,1783322040000,1783325040000,1.14555,1.1455,1.145525,-1,1.00000000000211,3,524
6E 09-26,1783322100000,1783325100000,1.14585,1.1458,1.145825,-1,1.00000000000211,1,525
6E 09-26,1783322220000,1783325220000,1.14605,1.146,1.146025,-1,1.00000000000211,1,527
6E 09-26,1783322280000,1783325280000,1.14605,1.146,1.146025,-1,1.00000000000211,2,528
6E 09-26,1783322700000,1783325700000,1.14575,1.1457,1.145725,-1,1.00000000000211,2,535
6E 09-26,1783322940000,1783325940000,1.14555,1.1455,1.145525,1,1.00000000000211,3,539
6E 09-26,1783323180000,1783326180000,1.14585,1.1458,1.145825,-1,1.00000000000211,2,543
6E 09-26,1783323240000,1783326240000,1.14575,1.1457,1.145725,-1,1.00000000000211,3,544
6E 09-26,1783323360000,1783326360000,1.14555,1.1455,1.145525,1,1.00000000000211,4,546
6E 09-26,1783323480000,1783326480000,1.14575,1.14565,1.1457,1,1.99999999999978,5,548
6E 09-26,1783323540000,1783326540000,1.14565,1.1456,1.145625,1,1.00000000000211,4,549
6E 09-26,1783323660000,1783326660000,1.14585,1.1458,1.145825,1,1.00000000000211,3,551
6E 09-26,1783323780000,1783326780000,1.14585,1.1458,1.145825,1,1.00000000000211,4,553
6E 09-26,1783323900000,1783326900000,1.14585,1.1458,1.145825,1,1.00000000000211,5,555
6E 09-26,1783324200000,1783327200000,1.14585,1.1458,1.145825,-1,1.00000000000211,6,560
6E 09-26,1783324620000,1783327620000,1.14595,1.1459,1.145925,-1,1.00000000000211,1,567
6E 09-26,1783324980000,1783327980000,1.14565,1.1456,1.145625,-1,1.00000000000211,3,573
6E 09-26,1783325340000,1783328340000,1.14565,1.1456,1.145625,-1,1.00000000000211,4,579
6E 09-26,1783325400000,1783328400000,1.14545,1.1454,1.145425,-1,1.00000000000211,1,580
6E 09-26,1783325520000,1783328520000,1.145,1.14495,1.144975,1,1.00000000000211,1,582
6E 09-26,1783325820000,1783328820000,1.14535,1.1453,1.145325,1,1.00000000000211,1,587
6E 09-26,1783326000000,1783329000000,1.1451,1.14505,1.145075,1,1.00000000000211,1,590
6E 09-26,1783326540000,1783329540000,1.1451,1.14505,1.145075,1,1.00000000000211,2,599
6E 09-26,1783326600000,1783329600000,1.14525,1.1452,1.145225,1,1.00000000000211,1,600
6E 09-26,1783326780000,1783329780000,1.1452,1.14515,1.145175,-1,1.00000000000211,2,603
6E 09-26,1783326840000,1783329840000,1.14525,1.1452,1.145225,1,1.00000000000211,3,604
6E 09-26,1783326960000,1783329960000,1.1452,1.14515,1.145175,1,1.00000000000211,4,606
6E 09-26,1783327020000,1783330020000,1.14525,1.1452,1.145225,1,1.00000000000211,5,607
6E 09-26,1783327080000,1783330080000,1.1452,1.14515,1.145175,-1,1.00000000000211,6,608
6E 09-26,1783327200000,1783330200000,1.1452,1.14515,1.145175,1,1.00000000000211,7,610
6E 09-26,1783327620000,1783330620000,1.145,1.14495,1.144975,1,1.00000000000211,2,617
6E 09-26,1783327860000,1783330860000,1.1449,1.14485,1.144875,1,1.00000000000211,1,621
6E 09-26,1783328100000,1783331100000,1.1451,1.14505,1.145075,-1,1.00000000000211,3,625
6E 09-26,1783328280000,1783331280000,1.1452,1.14515,1.145175,1,1.00000000000211,8,628
6E 09-26,1783328460000,1783331460000,1.14525,1.1452,1.145225,1,1.00000000000211,9,631
6E 09-26,1783328580000,1783331580000,1.14525,1.1452,1.145225,1,1.00000000000211,10,633
6E 09-26,1783328640000,1783331640000,1.14545,1.1454,1.145425,1,1.00000000000211,1,634
6E 09-26,1783328760000,1783331760000,1.14535,1.1453,1.145325,-1,1.00000000000211,2,636
6E 09-26,1783328820000,1783331820000,1.14535,1.1453,1.145325,-1,1.00000000000211,3,637
6E 09-26,1783329360000,1783332360000,1.1452,1.1451,1.14515,-1,1.99999999999978,13,646
6E 09-26,1783329960000,1783332960000,1.14525,1.1452,1.145225,1,1.00000000000211,9,656
6E 09-26,1783330080000,1783333080000,1.1451,1.14505,1.145075,-1,1.00000000000211,3,658
6E 09-26,1783330500000,1783333500000,1.14525,1.1452,1.145225,-1,1.00000000000211,6,665
6E 09-26,1783330680000,1783333680000,1.14525,1.1452,1.145225,-1,1.00000000000211,7,668
6E 09-26,1783330800000,1783333800000,1.1452,1.14515,1.145175,1,1.00000000000211,8,670
6E 09-26,1783330860000,1783333860000,1.14525,1.1452,1.145225,1,1.00000000000211,9,671
6E 09-26,1783331340000,1783334340000,1.1449,1.14485,1.144875,-1,1.00000000000211,1,679
6E 09-26,1783331460000,1783334460000,1.1449,1.14485,1.144875,1,1.00000000000211,2,681
6E 09-26,1783331760000,1783334760000,1.1446,1.14455,1.144575,1,1.00000000000211,1,686
6E 09-26,1783331880000,1783334880000,1.1446,1.14455,1.144575,-1,1.00000000000211,2,688
6E 09-26,1783331940000,1783334940000,1.1446,1.14455,1.144575,-1,1.00000000000211,3,689
6E 09-26,1783332240000,1783335240000,1.1445,1.14445,1.144475,-1,1.00000000000211,1,694
6E 09-26,1783332480000,1783335480000,1.1445,1.14445,1.144475,1,1.00000000000211,2,698
6E 09-26,1783332720000,1783335720000,1.1446,1.14455,1.144575,1,1.00000000000211,4,702
6E 09-26,1783332900000,1783335900000,1.1449,1.14485,1.144875,-1,1.00000000000211,3,705
6E 09-26,1783332960000,1783335960000,1.1449,1.14485,1.144875,1,1.00000000000211,4,706
6E 09-26,1783333080000,1783336080000,1.1451,1.14505,1.145075,-1,1.00000000000211,2,708
6E 09-26,1783333140000,1783336140000,1.1452,1.1451,1.14515,1,1.99999999999978,6,709
6E 09-26,1783333200000,1783336200000,1.1451,1.14505,1.145075,-1,1.00000000000211,3,710
6E 09-26,1783333260000,1783336260000,1.145,1.14495,1.144975,-1,1.00000000000211,1,711
6E 09-26,1783333680000,1783336680000,1.1451,1.14505,1.145075,-1,1.00000000000211,4,718
6E 09-26,1783333740000,1783336740000,1.145,1.14495,1.144975,-1,1.00000000000211,2,719
6E 09-26,1783333800000,1783336800000,1.1449,1.14485,1.144875,-1,1.00000000000211,5,720
6E 09-26,1783333980000,1783336980000,1.1451,1.14505,1.145075,1,1.00000000000211,5,723
6E 09-26,1783334040000,1783337040000,1.1452,1.14515,1.145175,1,1.00000000000211,2,724
6E 09-26,1783334280000,1783337280000,1.14535,1.1453,1.145325,1,1.00000000000211,1,728
6E 09-26,1783334580000,1783337580000,1.14525,1.1452,1.145225,-1,1.00000000000211,3,733
6E 09-26,1783334700000,1783337700000,1.14525,1.1452,1.145225,-1,1.00000000000211,4,735
6E 09-26,1783334760000,1783337760000,1.1452,1.14515,1.145175,-1,1.00000000000211,5,736
6E 09-26,1783334880000,1783337880000,1.14525,1.1452,1.145225,1,1.00000000000211,6,738
6E 09-26,1783334940000,1783337940000,1.14525,1.1452,1.145225,1,1.00000000000211,7,739
6E 09-26,1783335000000,1783338000000,1.1452,1.14515,1.145175,-1,1.00000000000211,8,740
6E 09-26,1783335180000,1783338180000,1.14535,1.1453,1.145325,-1,1.00000000000211,2,743
6E 09-26,1783335240000,1783338240000,1.1452,1.14515,1.145175,1,1.00000000000211,9,744
6E 09-26,1783335420000,1783338420000,1.14535,1.1453,1.145325,1,1.00000000000211,3,747
6E 09-26,1783335540000,1783338540000,1.14535,1.1453,1.145325,-1,1.00000000000211,4,749
6E 09-26,1783335840000,1783338840000,1.1452,1.14515,1.145175,-1,1.00000000000211,10,754
6E 09-26,1783335900000,1783338900000,1.14515,1.14505,1.1451,-1,1.99999999999978,11,755
6E 09-26,1783337640000,1783340640000,1.14525,1.1452,1.145225,1,1.00000000000211,8,784
6E 09-26,1783337700000,1783340700000,1.14525,1.1452,1.145225,-1,1.00000000000211,9,785
6E 09-26,1783337760000,1783340760000,1.1452,1.14515,1.145175,-1,1.00000000000211,10,786
6E 09-26,1783338000000,1783341000000,1.1448,1.14475,1.144775,1,1.00000000000211,1,790
6E 09-26,1783338240000,1783341240000,1.1448,1.14475,1.144775,-1,1.00000000000211,2,794
6E 09-26,1783338420000,1783341420000,1.1448,1.14475,1.144775,1,1.00000000000211,3,797
6E 09-26,1783338480000,1783341480000,1.1447,1.14465,1.144675,-1,1.00000000000211,1,798
6E 09-26,1783338600000,1783341600000,1.1447,1.14465,1.144675,-1,1.00000000000211,2,800
6E 09-26,1783339080000,1783342080000,1.1449,1.14485,1.144875,1,1.00000000000211,1,808
6E 09-26,1783339260000,1783342260000,1.1451,1.14505,1.145075,1,1.00000000000211,1,811
6E 09-26,1783339920000,1783342920000,1.1448,1.14475,1.144775,1,1.00000000000211,4,822
6E 09-26,1783340100000,1783343100000,1.1451,1.14505,1.145075,1,1.00000000000211,2,825
6E 09-26,1783340220000,1783343220000,1.14515,1.14505,1.1451,1,1.99999999999978,4,827
6E 09-26,1783340460000,1783343460000,1.145,1.14495,1.144975,1,1.00000000000211,1,831
6E 09-26,1783340760000,1783343760000,1.145,1.14495,1.144975,-1,1.00000000000211,2,836
6E 09-26,1783340880000,1783343880000,1.145,1.14495,1.144975,1,1.00000000000211,3,838
6E 09-26,1783341180000,1783344180000,1.1451,1.14505,1.145075,-1,1.00000000000211,4,843
6E 09-26,1783341720000,1783344720000,1.1449,1.14485,1.144875,-1,1.00000000000211,2,852
6E 09-26,1783342260000,1783345260000,1.1449,1.1448,1.14485,1,1.99999999999978,3,861
6E 09-26,1783342320000,1783345320000,1.1449,1.14485,1.144875,1,1.00000000000211,3,862
6E 09-26,1783342560000,1783345560000,1.1448,1.14475,1.144775,1,1.00000000000211,3,866
6E 09-26,1783342860000,1783345860000,1.1446,1.14455,1.144575,1,1.00000000000211,1,871
6E 09-26,1783343040000,1783346040000,1.1447,1.1446,1.14465,-1,1.99999999999978,2,874
6E 09-26,1783343100000,1783346100000,1.1447,1.14465,1.144675,1,1.00000000000211,2,875
6E 09-26,1783343220000,1783346220000,1.1447,1.14465,1.144675,1,1.00000000000211,3,877
6E 09-26,1783343280000,1783346280000,1.1448,1.14475,1.144775,-1,1.00000000000211,3,878
6E 09-26,1783344660000,1783347660000,1.14535,1.1453,1.145325,1,1.00000000000211,1,901
6E 09-26,1783344720000,1783347720000,1.14545,1.1454,1.145425,1,1.00000000000211,1,902
6E 09-26,1783345080000,1783348080000,1.1452,1.14515,1.145175,1,1.00000000000211,1,908
6E 09-26,1783346340000,1783349340000,1.1445,1.14445,1.144475,1,1.00000000000211,1,929
6E 09-26,1783346400000,1783349400000,1.1446,1.14455,1.144575,-1,1.00000000000211,1,930
6E 09-26,1783347540000,1783350540000,1.145,1.14495,1.144975,-1,1.00000000000211,1,949
6E 09-26,1783348080000,1783351080000,1.1449,1.14485,1.144875,-1,1.00000000000211,1,958
6E 09-26,1783348200000,1783351200000,1.1448,1.14475,1.144775,1,1.00000000000211,1,960
6E 09-26,1783348320000,1783351320000,1.1448,1.14475,1.144775,1,1.00000000000211,2,962
6E 09-26,1783348500000,1783351500000,1.1451,1.14505,1.145075,-1,1.00000000000211,1,965
6E 09-26,1783348740000,1783351740000,1.1449,1.14485,1.144875,-1,1.00000000000211,2,969
6E 09-26,1783348980000,1783351980000,1.1447,1.14465,1.144675,-1,1.00000000000211,1,973
6E 09-26,1783349820000,1783352820000,1.1449,1.14485,1.144875,-1,1.00000000000211,3,987
6E 09-26,1783349940000,1783352940000,1.1449,1.14485,1.144875,-1,1.00000000000211,4,989
6E 09-26,1783350120000,1783353120000,1.1451,1.14505,1.145075,1,1.00000000000211,2,992
6E 09-26,1783350300000,1783353300000,1.1452,1.14515,1.145175,-1,1.00000000000211,1,995
6E 09-26,1783350360000,1783353360000,1.14525,1.1452,1.145225,-1,1.00000000000211,2,996
6E 09-26,1783351140000,1783354140000,1.145,1.14495,1.144975,1,1.00000000000211,1,1009
6E 09-26,1783351320000,1783354320000,1.145,1.14495,1.144975,1,1.00000000000211,2,1012
6E 09-26,1783351380000,1783354380000,1.1451,1.14505,1.145075,1,1.00000000000211,3,1013
6E 09-26,1783351920000,1783354920000,1.1452,1.14515,1.145175,1,1.00000000000211,3,1022
6E 09-26,1783352040000,1783355040000,1.1452,1.14515,1.145175,-1,1.00000000000211,4,1024
6E 09-26,1783352340000,1783355340000,1.14525,1.1452,1.145225,-1,1.00000000000211,5,1029
6E 09-26,1783352520000,1783355520000,1.14545,1.1454,1.145425,-1,1.00000000000211,1,1032
6E 09-26,1783352700000,1783355700000,1.14565,1.1456,1.145625,1,1.00000000000211,1,1035
6E 09-26,1783352820000,1783355820000,1.14565,1.1456,1.145625,-1,1.00000000000211,2,1037
6E 09-26,1783352940000,1783355940000,1.14575,1.1457,1.145725,1,1.00000000000211,1,1039
6E 09-26,1783353480000,1783356480000,1.14565,1.1456,1.145625,1,1.00000000000211,3,1048
6E 09-26,1783353600000,1783356600000,1.14585,1.1458,1.145825,1,1.00000000000211,1,1050
6E 09-26,1783354380000,1783357380000,1.14605,1.146,1.146025,-1,1.00000000000211,1,1063
6E 09-26,1783354860000,1783357860000,1.1463,1.14625,1.146275,1,1.00000000000211,1,1071
6E 09-26,1783355220000,1783358220000,1.1463,1.14625,1.146275,1,1.00000000000211,2,1077
6E 09-26,1783355460000,1783358460000,1.1463,1.14625,1.146275,1,1.00000000000211,3,1081
6E 09-26,1783355640000,1783358640000,1.1462,1.14615,1.146175,1,1.00000000000211,1,1084
6E 09-26,1783355700000,1783358700000,1.1462,1.14615,1.146175,-1,1.00000000000211,2,1085
6E 09-26,1783356000000,1783359000000,1.14615,1.1461,1.146125,-1,1.00000000000211,3,1090
6E 09-26,1783356300000,1783359300000,1.14615,1.1461,1.146125,-1,1.00000000000211,4,1095
6E 09-26,1783356540000,1783359540000,1.14615,1.1461,1.146125,-1,1.00000000000211,5,1099
6E 09-26,1783357380000,1783360380000,1.1466,1.14655,1.146575,-1,1.00000000000211,1,1113
6E 09-26,1783357860000,1783360860000,1.1466,1.14655,1.146575,1,1.00000000000211,2,1121
6E 09-26,1783358400000,1783361400000,1.1468,1.14675,1.146775,-1,1.00000000000211,1,1130
6E 09-26,1783358460000,1783361460000,1.1468,1.14675,1.146775,-1,1.00000000000211,2,1131
6E 09-26,1783358760000,1783361760000,1.147,1.14695,1.146975,1,1.00000000000211,1,1136
6E 09-26,1783359420000,1783362420000,1.147,1.14695,1.146975,1,1.00000000000211,2,1147
6E 09-26,1783359840000,1783362840000,1.14725,1.1472,1.147225,-1,1.00000000000211,1,1154
6E 09-26,1783359900000,1783362900000,1.1472,1.14715,1.147175,-1,1.00000000000211,2,1155
6E 09-26,1783361580000,1783364580000,1.147,1.14695,1.146975,-1,1.00000000000211,3,1183
6E 09-26,1783361640000,1783364640000,1.147,1.14695,1.146975,-1,1.00000000000211,4,1184
6E 09-26,1783362300000,1783365300000,1.147,1.14695,1.146975,1,1.00000000000211,4,1194
6E 09-26,1783362420000,1783365420000,1.1471,1.14705,1.147075,1,1.00000000000211,1,1196
6E 09-26,1783362600000,1783365600000,1.14725,1.1472,1.147225,1,1.00000000000211,3,1199
6E 09-26,1783362720000,1783365720000,1.1472,1.14715,1.147175,1,1.00000000000211,4,1201
6E 09-26,1783363140000,1783366140000,1.14755,1.1475,1.147525,-1,1.00000000000211,1,1208
6E 09-26,1783363200000,1783366200000,1.14755,1.1475,1.147525,1,1.00000000000211,2,1209
6E 09-26,1783363320000,1783366320000,1.14755,1.1475,1.147525,1,1.00000000000211,3,1211
6E 09-26,1783363620000,1783366620000,1.14765,1.1476,1.147625,1,1.00000000000211,1,1215
6E 09-26,1783363680000,1783366680000,1.14765,1.1476,1.147625,-1,1.00000000000211,2,1216
6E 09-26,1783364040000,1783367040000,1.14775,1.1477,1.147725,-1,1.00000000000211,1,1222
6E 09-26,1783364340000,1783367340000,1.14775,1.1477,1.147725,-1,1.00000000000211,2,1227
6E 09-26,1783365180000,1783368180000,1.14745,1.1474,1.147425,-1,1.00000000000211,1,1241
6E 09-26,1783365300000,1783368300000,1.14745,1.1474,1.147425,-1,1.00000000000211,2,1243
6E 09-26,1783365360000,1783368360000,1.14745,1.1474,1.147425,-1,1.00000000000211,3,1244
6E 09-26,1783365420000,1783368420000,1.14745,1.1474,1.147425,1,1.00000000000211,4,1245
6E 09-26,1783365780000,1783368780000,1.1472,1.14715,1.147175,1,1.00000000000211,2,1251
6E 09-26,1783365900000,1783368900000,1.1472,1.14715,1.147175,-1,1.00000000000211,2,1253
6E 09-26,1783366020000,1783369020000,1.14725,1.1472,1.147225,1,1.00000000000211,3,1255
6E 09-26,1783366080000,1783369080000,1.14725,1.1472,1.147225,-1,1.00000000000211,4,1256
6E 09-26,1783366200000,1783369200000,1.14725,1.1472,1.147225,1,1.00000000000211,5,1258
6E 09-26,1783366260000,1783369260000,1.14735,1.1473,1.147325,-1,1.00000000000211,1,1259
6E 09-26,1783366320000,1783369320000,1.14735,1.1473,1.147325,1,1.00000000000211,2,1260
6E 09-26,1783366680000,1783369680000,1.14735,1.1473,1.147325,1,1.00000000000211,3,1266
6E 09-26,1783368240000,1783371240000,1.14745,1.1474,1.147425,1,1.00000000000211,4,1292
6E 09-26,1783368960000,1783371960000,1.14735,1.1473,1.147325,-1,1.00000000000211,4,1304
6E 09-26,1783369440000,1783372440000,1.14745,1.1474,1.147425,1,1.00000000000211,2,1309
6E 09-26,1783369500000,1783372500000,1.14745,1.1474,1.147425,-1,1.00000000000211,3,1310
6E 09-26,1783370040000,1783373040000,1.1475,1.1474,1.14745,-1,1.99999999999978,4,1318
6E 09-26,1783370700000,1783373700000,1.14735,1.1473,1.147325,-1,1.00000000000211,2,1326
6E 09-26,1783371120000,1783374120000,1.14735,1.1473,1.147325,1,1.00000000000211,3,1331
6E 09-26,1783371600000,1783374600000,1.1476,1.14745,1.147525,1,2.99999999999745,5,1338
6E 09-26,1783375260000,1783378260000,1.14775,1.14765,1.1477,1,1.99999999999978,1,1339
6E 09-26,1783375500000,1783378500000,1.14755,1.1475,1.147525,-1,1.00000000000211,3,1343
6E 09-26,1783375620000,1783378620000,1.14755,1.1475,1.147525,-1,1.00000000000211,4,1345
6E 09-26,1783375860000,1783378860000,1.14755,1.1475,1.147525,1,1.00000000000211,5,1349
6E 09-26,1783376160000,1783379160000,1.14765,1.1476,1.147625,-1,1.00000000000211,3,1353
6E 09-26,1783376460000,1783379460000,1.14765,1.1476,1.147625,-1,1.00000000000211,4,1358
6E 09-26,1783377240000,1783380240000,1.14765,1.1476,1.147625,1,1.00000000000211,5,1368
6E 09-26,1783378200000,1783381200000,1.14765,1.1476,1.147625,1,1.00000000000211,6,1377
6E 09-26,1783378860000,1783381860000,1.14785,1.1478,1.147825,1,1.00000000000211,1,1382
6E 09-26,1783379100000,1783382100000,1.14795,1.1479,1.147925,-1,1.00000000000211,1,1386
6E 09-26,1783379400000,1783382400000,1.14785,1.1478,1.147825,-1,1.00000000000211,2,1389
6E 09-26,1783380060000,1783383060000,1.14795,1.1479,1.147925,1,1.00000000000211,2,1400
6E 09-26,1783380360000,1783383360000,1.14785,1.1478,1.147825,-1,1.00000000000211,3,1404
6E 09-26,1783380540000,1783383540000,1.14775,1.1477,1.147725,-1,1.00000000000211,1,1407
6E 09-26,1783380660000,1783383660000,1.14775,1.1477,1.147725,1,1.00000000000211,2,1409
6E 09-26,1783380720000,1783383720000,1.1478,1.1477,1.14775,-1,1.99999999999978,6,1410
6E 09-26,1783380780000,1783383780000,1.14775,1.1477,1.147725,1,1.00000000000211,4,1411
6E 09-26,1783380960000,1783383960000,1.14775,1.1477,1.147725,-1,1.00000000000211,5,1413
6E 09-26,1783382220000,1783385220000,1.14745,1.1474,1.147425,-1,1.00000000000211,1,1433
6E 09-26,1783382280000,1783385280000,1.14745,1.1474,1.147425,-1,1.00000000000211,2,1434
6E 09-26,1783382580000,1783385580000,1.14745,1.1474,1.147425,1,1.00000000000211,3,1439
6E 09-26,1783382700000,1783385700000,1.14745,1.1474,1.147425,-1,1.00000000000211,4,1441
6E 09-26,1783383000000,1783386000000,1.14745,1.1474,1.147425,1,1.00000000000211,5,1446
6E 09-26,1783383420000,1783386420000,1.14725,1.1472,1.147225,1,1.00000000000211,1,1453
6E 09-26,1783383480000,1783386480000,1.14725,1.1472,1.147225,1,1.00000000000211,2,1454
6E 09-26,1783383540000,1783386540000,1.14725,1.1472,1.147225,-1,1.00000000000211,3,1455
6E 09-26,1783383660000,1783386660000,1.14725,1.1472,1.147225,1,1.00000000000211,4,1457
6E 09-26,1783383780000,1783386780000,1.14725,1.1472,1.147225,-1,1.00000000000211,5,1459
6E 09-26,1783383900000,1783386900000,1.14725,1.1472,1.147225,1,1.00000000000211,6,1461
6E 09-26,1783383960000,1783386960000,1.1473,1.1472,1.14725,1,1.99999999999978,7,1462
6E 09-26,1783384140000,1783387140000,1.1471,1.14705,1.147075,-1,1.00000000000211,1,1465
6E 09-26,1783384260000,1783387260000,1.1472,1.14715,1.147175,-1,1.00000000000211,8,1467
6E 09-26,1783384500000,1783387500000,1.14725,1.1472,1.147225,1,1.00000000000211,9,1471
6E 09-26,1783384560000,1783387560000,1.14725,1.1472,1.147225,-1,1.00000000000211,10,1472
6E 09-26,1783384680000,1783387680000,1.1471,1.14705,1.147075,-1,1.00000000000211,2,1474
6E 09-26,1783384980000,1783387980000,1.1471,1.14705,1.147075,1,1.00000000000211,3,1479
6E 09-26,1783385040000,1783388040000,1.1472,1.14715,1.147175,1,1.00000000000211,11,1480
6E 09-26,1783385220000,1783388220000,1.14725,1.1472,1.147225,-1,1.00000000000211,12,1483
6E 09-26,1783385520000,1783388520000,1.14725,1.1472,1.147225,-1,1.00000000000211,13,1488
6E 09-26,1783385580000,1783388580000,1.14735,1.1473,1.147325,-1,1.00000000000211,2,1489
6E 09-26,1783385640000,1783388640000,1.14735,1.1473,1.147325,-1,1.00000000000211,3,1490
6E 09-26,1783385760000,1783388760000,1.14735,1.1473,1.147325,-1,1.00000000000211,4,1492
6E 09-26,1783385880000,1783388880000,1.1473,1.1472,1.14725,-1,1.99999999999978,17,1494
6E 09-26,1783386300000,1783389300000,1.1472,1.14715,1.147175,1,1.00000000000211,15,1501
6E 09-26,1783386480000,1783389480000,1.1472,1.14715,1.147175,1,1.00000000000211,15,1504
6E 09-26,1783386540000,1783389540000,1.1472,1.14715,1.147175,-1,1.00000000000211,15,1505
6E 09-26,1783387020000,1783390020000,1.1472,1.14715,1.147175,1,1.00000000000211,11,1513
6E 09-26,1783387140000,1783390140000,1.14725,1.1472,1.147225,-1,1.00000000000211,12,1515
6E 09-26,1783387800000,1783390800000,1.1473,1.1472,1.14725,1,1.99999999999978,13,1526
6E 09-26,1783387860000,1783390860000,1.14785,1.1478,1.147825,1,1.00000000000211,1,1527
6E 09-26,1783387920000,1783390920000,1.14765,1.1476,1.147625,1,1.00000000000211,1,1528
6E 09-26,1783387980000,1783390980000,1.14755,1.1475,1.147525,1,1.00000000000211,1,1529
6E 09-26,1783388040000,1783391040000,1.14785,1.1478,1.147825,-1,1.00000000000211,2,1530
6E 09-26,1783388100000,1783391100000,1.14775,1.1477,1.147725,1,1.00000000000211,1,1531
6E 09-26,1783388340000,1783391340000,1.14745,1.1474,1.147425,-1,1.00000000000211,1,1535
6E 09-26,1783388460000,1783391460000,1.14745,1.1474,1.147425,1,1.00000000000211,2,1537
6E 09-26,1783388520000,1783391520000,1.14745,1.1474,1.147425,-1,1.00000000000211,3,1538
6E 09-26,1783389000000,1783392000000,1.14755,1.1475,1.147525,1,1.00000000000211,2,1546
6E 09-26,1783389180000,1783392180000,1.14775,1.1477,1.147725,1,1.00000000000211,2,1549
6E 09-26,1783389240000,1783392240000,1.14785,1.1478,1.147825,1,1.00000000000211,3,1550
6E 09-26,1783389300000,1783392300000,1.14795,1.1479,1.147925,1,1.00000000000211,1,1551
6E 09-26,1783389540000,1783392540000,1.14765,1.1476,1.147625,-1,1.00000000000211,2,1555
6E 09-26,1783389720000,1783392720000,1.14785,1.1478,1.147825,1,1.00000000000211,4,1558
6E 09-26,1783390680000,1783393680000,1.14755,1.1475,1.147525,-1,1.00000000000211,3,1573
6E 09-26,1783390920000,1783393920000,1.14755,1.1475,1.147525,1,1.00000000000211,4,1577
6E 09-26,1783391160000,1783394160000,1.14755,1.1475,1.147525,-1,1.00000000000211,4,1581
6E 09-26,1783391280000,1783394280000,1.14755,1.1475,1.147525,1,1.00000000000211,5,1582
6E 09-26,1783391400000,1783394400000,1.14745,1.1474,1.147425,-1,1.00000000000211,4,1584
6E 09-26,1783392120000,1783395120000,1.14745,1.1474,1.147425,1,1.00000000000211,2,1594
6E 09-26,1783393080000,1783396080000,1.14735,1.1473,1.147325,-1,1.00000000000211,1,1609
6E 09-26,1783393500000,1783396500000,1.14745,1.14735,1.1474,1,1.99999999999978,4,1616
6E 09-26,1783393680000,1783396680000,1.14745,1.1474,1.147425,-1,1.00000000000211,4,1619
6E 09-26,1783394580000,1783397580000,1.14755,1.1475,1.147525,-1,1.00000000000211,3,1629
6E 09-26,1783394940000,1783397940000,1.14735,1.1473,1.147325,-1,1.00000000000211,3,1635
6E 09-26,1783395000000,1783398000000,1.14725,1.1472,1.147225,-1,1.00000000000211,1,1636
6E 09-26,1783395120000,1783398120000,1.1472,1.14715,1.147175,-1,1.00000000000211,2,1638
6E 09-26,1783395180000,1783398180000,1.14725,1.1472,1.147225,1,1.00000000000211,3,1639
6E 09-26,1783395720000,1783398720000,1.1471,1.14705,1.147075,-1,1.00000000000211,1,1648
6E 09-26,1783395960000,1783398960000,1.14705,1.14695,1.147,-1,1.99999999999978,2,1652
6E 09-26,1783396020000,1783399020000,1.147,1.14695,1.146975,1,1.00000000000211,2,1653
6E 09-26,1783396140000,1783399140000,1.147,1.14695,1.146975,1,1.00000000000211,3,1655
6E 09-26,1783396260000,1783399260000,1.147,1.14695,1.146975,-1,1.00000000000211,4,1657
6E 09-26,1783396500000,1783399500000,1.147,1.14695,1.146975,-1,1.00000000000211,5,1661
6E 09-26,1783397280000,1783400280000,1.1471,1.14705,1.147075,1,1.00000000000211,3,1672
6E 09-26,1783397520000,1783400520000,1.1471,1.14705,1.147075,-1,1.00000000000211,4,1675
6E 09-26,1783397760000,1783400760000,1.1471,1.14705,1.147075,1,1.00000000000211,5,1678
6E 09-26,1783397820000,1783400820000,1.1471,1.14705,1.147075,-1,1.00000000000211,6,1679
6E 09-26,1783398060000,1783401060000,1.147,1.14695,1.146975,-1,1.00000000000211,6,1681
6E 09-26,1783398180000,1783401180000,1.1471,1.147,1.14705,1,1.99999999999978,12,1683
6E 09-26,1783398300000,1783401300000,1.1471,1.14695,1.147025,-1,3.00000000000189,13,1684
6E 09-26,1783398660000,1783401660000,1.147,1.14695,1.146975,1,1.00000000000211,9,1688
6E 09-26,1783398840000,1783401840000,1.1471,1.147,1.14705,-1,1.99999999999978,15,1691
6E 09-26,1783399200000,1783402200000,1.1471,1.14705,1.147075,1,1.00000000000211,10,1697
6E 09-26,1783399260000,1783402260000,1.1472,1.1471,1.14715,-1,1.99999999999978,10,1698
6E 09-26,1783399320000,1783402320000,1.1471,1.14705,1.147075,-1,1.00000000000211,11,1699
6E 09-26,1783399560000,1783402560000,1.1471,1.147,1.14705,1,1.99999999999978,18,1701
6E 09-26,1783399680000,1783402680000,1.1471,1.14705,1.147075,-1,1.00000000000211,12,1703
6E 09-26,1783399740000,1783402740000,1.1471,1.14705,1.147075,1,1.00000000000211,13,1704
6E 09-26,1783400100000,1783403100000,1.147,1.14695,1.146975,-1,1.00000000000211,8,1709
6E 09-26,1783400340000,1783403340000,1.1469,1.14685,1.146875,-1,1.00000000000211,1,1713
6E 09-26,1783400460000,1783403460000,1.1469,1.14685,1.146875,-1,1.00000000000211,2,1715
6E 09-26,1783400520000,1783403520000,1.1469,1.14685,1.146875,1,1.00000000000211,3,1716
6E 09-26,1783400880000,1783403880000,1.1469,1.14685,1.146875,-1,1.00000000000211,4,1722
6E 09-26,1783401060000,1783404060000,1.1469,1.14685,1.146875,-1,1.00000000000211,5,1724
6E 09-26,1783401540000,1783404540000,1.1467,1.14665,1.146675,-1,1.00000000000211,1,1732
6E 09-26,1783401600000,1783404600000,1.1465,1.14645,1.146475,-1,1.00000000000211,1,1733
6E 09-26,1783401900000,1783404900000,1.1464,1.14635,1.146375,-1,1.00000000000211,1,1738
6E 09-26,1783402260000,1783405260000,1.1465,1.14645,1.146475,1,1.00000000000211,2,1743
6E 09-26,1783402740000,1783405740000,1.1465,1.14645,1.146475,-1,1.00000000000211,3,1750
6E 09-26,1783402860000,1783405860000,1.1465,1.14645,1.146475,1,1.00000000000211,4,1752
6E 09-26,1783402920000,1783405920000,1.1465,1.1464,1.14645,-1,1.99999999999978,6,1753
6E 09-26,1783403100000,1783406100000,1.1462,1.14615,1.146175,1,1.00000000000211,1,1756
6E 09-26,1783403220000,1783406220000,1.14615,1.1461,1.146125,1,1.00000000000211,2,1758
6E 09-26,1783403280000,1783406280000,1.1462,1.14615,1.146175,-1,1.00000000000211,3,1759
6E 09-26,1783403340000,1783406340000,1.1462,1.14615,1.146175,-1,1.00000000000211,4,1760
6E 09-26,1783403400000,1783406400000,1.1462,1.14615,1.146175,1,1.00000000000211,5,1761
6E 09-26,1783403520000,1783406520000,1.1463,1.14625,1.146275,-1,1.00000000000211,1,1763
6E 09-26,1783403580000,1783406580000,1.1462,1.14615,1.146175,1,1.00000000000211,6,1764
6E 09-26,1783403820000,1783406820000,1.1464,1.14635,1.146375,-1,1.00000000000211,3,1768
6E 09-26,1783404120000,1783407120000,1.1464,1.14635,1.146375,-1,1.00000000000211,4,1773
6E 09-26,1783404420000,1783407420000,1.1463,1.14625,1.146275,-1,1.00000000000211,2,1778
6E 09-26,1783404480000,1783407480000,1.1463,1.14625,1.146275,-1,1.00000000000211,3,1779
6E 09-26,1783404540000,1783407540000,1.1462,1.14615,1.146175,1,1.00000000000211,7,1780
6E 09-26,1783404900000,1783407900000,1.14605,1.146,1.146025,1,1.00000000000211,1,1786
6E 09-26,1783405380000,1783408380000,1.14615,1.1461,1.146125,-1,1.00000000000211,8,1794
6E 09-26,1783405440000,1783408440000,1.14615,1.1461,1.146125,-1,1.00000000000211,9,1795
6E 09-26,1783405620000,1783408620000,1.1462,1.14615,1.146175,-1,1.00000000000211,10,1798
6E 09-26,1783405920000,1783408920000,1.1463,1.14625,1.146275,-1,1.00000000000211,4,1803
6E 09-26,1783406040000,1783409040000,1.1464,1.14635,1.146375,1,1.00000000000211,3,1805
6E 09-26,1783406100000,1783409100000,1.1463,1.14625,1.146275,-1,1.00000000000211,5,1806
6E 09-26,1783406220000,1783409220000,1.1463,1.14625,1.146275,1,1.00000000000211,6,1808
6E 09-26,1783406280000,1783409280000,1.1463,1.14625,1.146275,1,1.00000000000211,7,1809
6E 09-26,1783406820000,1783409820000,1.14615,1.1461,1.146125,-1,1.00000000000211,5,1818
6E 09-26,1783406880000,1783409880000,1.1462,1.14615,1.146175,1,1.00000000000211,6,1819
6E 09-26,1783407060000,1783410060000,1.1464,1.14635,1.146375,1,1.00000000000211,3,1822
6E 09-26,1783407120000,1783410120000,1.1464,1.14635,1.146375,1,1.00000000000211,4,1823
6E 09-26,1783407240000,1783410240000,1.1463,1.14625,1.146275,-1,1.00000000000211,7,1825
6E 09-26,1783407300000,1783410300000,1.14615,1.1461,1.146125,-1,1.00000000000211,7,1826
6E 09-26,1783407420000,1783410420000,1.14615,1.1461,1.146125,-1,1.00000000000211,8,1828
6E 09-26,1783407480000,1783410480000,1.14615,1.1461,1.146125,-1,1.00000000000211,9,1829
6E 09-26,1783407600000,1783410600000,1.1463,1.14625,1.146275,1,1.00000000000211,6,1831
6E 09-26,1783408020000,1783411020000,1.14615,1.1461,1.146125,-1,1.00000000000211,9,1838
6E 09-26,1783408380000,1783411380000,1.14615,1.1461,1.146125,1,1.00000000000211,10,1844
6E 09-26,1783408440000,1783411440000,1.14615,1.1461,1.146125,-1,1.00000000000211,10,1845
6E 09-26,1783408680000,1783411680000,1.1462,1.14615,1.146175,1,1.00000000000211,9,1849
6E 09-26,1783408980000,1783411980000,1.1463,1.14625,1.146275,-1,1.00000000000211,6,1854
6E 09-26,1783409160000,1783412160000,1.14605,1.146,1.146025,1,1.00000000000211,1,1857
6E 09-26,1783409280000,1783412280000,1.14605,1.146,1.146025,-1,1.00000000000211,2,1859
6E 09-26,1783409400000,1783412400000,1.14595,1.1459,1.145925,-1,1.00000000000211,1,1861
6E 09-26,1783409460000,1783412460000,1.14605,1.146,1.146025,-1,1.00000000000211,3,1862
6E 09-26,1783409640000,1783412640000,1.14615,1.1461,1.146125,1,1.00000000000211,10,1865
6E 09-26,1783409940000,1783412940000,1.14615,1.1461,1.146125,-1,1.00000000000211,9,1870
6E 09-26,1783410060000,1783413060000,1.1462,1.14615,1.146175,1,1.00000000000211,10,1872
6E 09-26,1783410180000,1783413180000,1.14615,1.1461,1.146125,-1,1.00000000000211,11,1874
6E 09-26,1783410300000,1783413300000,1.1461,1.146,1.14605,-1,1.99999999999978,13,1876
6E 09-26,1783410840000,1783413840000,1.14595,1.1459,1.145925,1,1.00000000000211,2,1885
6E 09-26,1783411620000,1783414620000,1.14605,1.146,1.146025,-1,1.00000000000211,5,1898
6E 09-26,1783411800000,1783414800000,1.14615,1.1461,1.146125,1,1.00000000000211,6,1901
6E 09-26,1783411920000,1783414920000,1.1463,1.14625,1.146275,1,1.00000000000211,2,1903
6E 09-26,1783412220000,1783415220000,1.1464,1.14635,1.146375,1,1.00000000000211,1,1908
6E 09-26,1783412340000,1783415340000,1.1462,1.14615,1.146175,-1,1.00000000000211,6,1910
6E 09-26,1783413360000,1783416360000,1.1468,1.14675,1.146775,-1,1.00000000000211,1,1927
6E 09-26,1783413420000,1783416420000,1.1466,1.14655,1.146575,-1,1.00000000000211,1,1928
6E 09-26,1783413600000,1783416600000,1.1468,1.1467,1.14675,1,1.99999999999978,2,1931
6E 09-26,1783413780000,1783416780000,1.1465,1.14645,1.146475,-1,1.00000000000211,1,1934
6E 09-26,1783414020000,1783417020000,1.1466,1.14655,1.146575,-1,1.00000000000211,2,1938
6E 09-26,1783414080000,1783417080000,1.1465,1.1464,1.14645,1,1.99999999999978,3,1939
6E 09-26,1783414380000,1783417380000,1.1463,1.14625,1.146275,-1,1.00000000000211,2,1944
6E 09-26,1783414440000,1783417440000,1.14615,1.1461,1.146125,-1,1.00000000000211,3,1945
6E 09-26,1783414560000,1783417560000,1.14605,1.146,1.146025,-1,1.00000000000211,2,1947
6E 09-26,1783414680000,1783417680000,1.14605,1.146,1.146025,-1,1.00000000000211,2,1949
6E 09-26,1783415040000,1783418040000,1.14605,1.146,1.146025,-1,1.00000000000211,3,1955
6E 09-26,1783415640000,1783418640000,1.14595,1.1459,1.145925,-1,1.00000000000211,1,1965
6E 09-26,1783415880000,1783418880000,1.14605,1.146,1.146025,1,1.00000000000211,4,1969
6E 09-26,1783416000000,1783419000000,1.14605,1.146,1.146025,-1,1.00000000000211,5,1971
6E 09-26,1783416480000,1783419480000,1.14595,1.1459,1.145925,-1,1.00000000000211,2,1979
6E 09-26,1783416540000,1783419540000,1.14605,1.146,1.146025,1,1.00000000000211,6,1980
6E 09-26,1783416600000,1783419600000,1.14605,1.146,1.146025,-1,1.00000000000211,7,1981
6E 09-26,1783416720000,1783419720000,1.14595,1.1459,1.145925,1,1.00000000000211,3,1983
6E 09-26,1783417020000,1783420020000,1.14615,1.14605,1.1461,-1,1.99999999999978,9,1988
6E 09-26,1783417140000,1783420140000,1.14605,1.146,1.146025,1,1.00000000000211,9,1990
6E 09-26,1783417200000,1783420200000,1.14615,1.1461,1.146125,1,1.00000000000211,3,1991
6E 09-26,1783417440000,1783420440000,1.14615,1.1461,1.146125,-1,1.00000000000211,4,1995
6E 09-26,1783417560000,1783420560000,1.14615,1.1461,1.146125,1,1.00000000000211,4,1997
6E 09-26,1783417620000,1783420620000,1.14615,1.1461,1.146125,-1,1.00000000000211,5,1998
6E 09-26,1783417800000,1783420800000,1.14585,1.1458,1.145825,-1,1.00000000000211,1,2001
6E 09-26,1783417860000,1783420860000,1.14585,1.1458,1.145825,-1,1.00000000000211,2,2002
6E 09-26,1783418160000,1783421160000,1.14595,1.1459,1.145925,-1,1.00000000000211,4,2007
6E 09-26,1783418880000,1783421880000,1.14585,1.1458,1.145825,1,1.00000000000211,3,2019
6E 09-26,1783419120000,1783422120000,1.14595,1.1459,1.145925,1,1.00000000000211,4,2023
6E 09-26,1783419300000,1783422300000,1.1462,1.14615,1.146175,-1,1.00000000000211,6,2026
6E 09-26,1783419360000,1783422360000,1.1462,1.14615,1.146175,1,1.00000000000211,7,2027
6E 09-26,1783419540000,1783422540000,1.1462,1.14615,1.146175,-1,1.00000000000211,8,2030
6E 09-26,1783419840000,1783422840000,1.1462,1.14615,1.146175,-1,1.00000000000211,9,2035
6E 09-26,1783420140000,1783423140000,1.1463,1.14625,1.146275,1,1.00000000000211,1,2040
6E 09-26,1783420380000,1783423380000,1.1464,1.14635,1.146375,1,1.00000000000211,1,2044
6E 09-26,1783421100000,1783424100000,1.1463,1.14625,1.146275,-1,1.00000000000211,2,2056
6E 09-26,1783421160000,1783424160000,1.1463,1.14625,1.146275,1,1.00000000000211,3,2057
6E 09-26,1783421220000,1783424220000,1.1463,1.14625,1.146275,-1,1.00000000000211,4,2058
6E 09-26,1783421760000,1783424760000,1.1466,1.14655,1.146575,1,1.00000000000211,1,2067
6E 09-26,1783422480000,1783425480000,1.1466,1.14655,1.146575,1,1.00000000000211,2,2079
6E 09-26,1783422660000,1783425660000,1.1466,1.14655,1.146575,1,1.00000000000211,3,2082
6E 09-26,1783422840000,1783425840000,1.1467,1.14665,1.146675,-1,1.00000000000211,1,2085
6E 09-26,1783423440000,1783426440000,1.1471,1.14705,1.147075,-1,1.00000000000211,1,2095
6E 09-26,1783423500000,1783426500000,1.1469,1.14685,1.146875,1,1.00000000000211,1,2096
6E 09-26,1783424100000,1783427100000,1.1469,1.1468,1.14685,-1,1.99999999999978,2,2106
6E 09-26,1783424340000,1783427340000,1.14695,1.14685,1.1469,1,1.99999999999978,3,2110
6E 09-26,1783424400000,1783427400000,1.1469,1.14685,1.146875,-1,1.00000000000211,4,2111
6E 09-26,1783424820000,1783427820000,1.1465,1.14645,1.146475,1,1.00000000000211,1,2118
6E 09-26,1783425120000,1783428120000,1.1466,1.14655,1.146575,-1,1.00000000000211,3,2123
6E 09-26,1783425240000,1783428240000,1.14605,1.14595,1.146,1,1.99999999999978,1,2125
6E 09-26,1783425420000,1783428420000,1.1464,1.14635,1.146375,1,1.00000000000211,1,2128
6E 09-26,1783425480000,1783428480000,1.1467,1.14665,1.146675,1,1.00000000000211,2,2129
6E 09-26,1783425540000,1783428540000,1.1467,1.14665,1.146675,1,1.00000000000211,3,2130
6E 09-26,1783425660000,1783428660000,1.1466,1.14655,1.146575,1,1.00000000000211,3,2132
6E 09-26,1783426200000,1783429200000,1.1466,1.14655,1.146575,-1,1.00000000000211,3,2141
6E 09-26,1783426440000,1783429440000,1.1466,1.14655,1.146575,1,1.00000000000211,4,2145
6E 09-26,1783426500000,1783429500000,1.1467,1.14665,1.146675,-1,1.00000000000211,3,2146
6E 09-26,1783426680000,1783429680000,1.1467,1.14665,1.146675,1,1.00000000000211,4,2149
6E 09-26,1783426800000,1783429800000,1.1466,1.14655,1.146575,-1,1.00000000000211,5,2151
6E 09-26,1783427040000,1783430040000,1.1471,1.14705,1.147075,-1,1.00000000000211,1,2155
6E 09-26,1783427100000,1783430100000,1.1469,1.14685,1.146875,1,1.00000000000211,4,2156
6E 09-26,1783427160000,1783430160000,1.147,1.14695,1.146975,1,1.00000000000211,2,2157
6E 09-26,1783427340000,1783430340000,1.14735,1.1473,1.147325,1,1.00000000000211,1,2160
6E 09-26,1783427520000,1783430520000,1.14735,1.1473,1.147325,-1,1.00000000000211,2,2163
6E 09-26,1783427760000,1783430760000,1.14725,1.1472,1.147225,1,1.00000000000211,1,2167
6E 09-26,1783427880000,1783430880000,1.1472,1.14715,1.147175,1,1.00000000000211,2,2169
6E 09-26,1783427940000,1783430940000,1.14725,1.1472,1.147225,-1,1.00000000000211,3,2170
6E 09-26,1783428180000,1783431180000,1.147,1.14695,1.146975,-1,1.00000000000211,2,2174
6E 09-26,1783428240000,1783431240000,1.1469,1.14685,1.146875,-1,1.00000000000211,2,2175
6E 09-26,1783428300000,1783431300000,1.1469,1.14685,1.146875,1,1.00000000000211,3,2176
6E 09-26,1783428360000,1783431360000,1.1471,1.14705,1.147075,-1,1.00000000000211,2,2177
6E 09-26,1783428600000,1783431600000,1.147,1.14695,1.146975,-1,1.00000000000211,3,2181
6E 09-26,1783429200000,1783432200000,1.1469,1.14685,1.146875,1,1.00000000000211,4,2191
6E 09-26,1783429320000,1783432320000,1.1468,1.14675,1.146775,1,1.00000000000211,1,2193
6E 09-26,1783429980000,1783432980000,1.1467,1.14665,1.146675,1,1.00000000000211,1,2204
6E 09-26,1783430280000,1783433280000,1.147,1.14695,1.146975,-1,1.00000000000211,3,2209
6E 09-26,1783430340000,1783433340000,1.1468,1.14675,1.146775,-1,1.00000000000211,2,2210
6E 09-26,1783430520000,1783433520000,1.1468,1.14675,1.146775,1,1.00000000000211,3,2213
6E 09-26,1783430640000,1783433640000,1.1468,1.14675,1.146775,-1,1.00000000000211,4,2215
6E 09-26,1783430700000,1783433700000,1.1467,1.14665,1.146675,1,1.00000000000211,2,2216
6E 09-26,1783430880000,1783433880000,1.14665,1.14655,1.1466,1,1.99999999999978,3,2219
6E 09-26,1783431120000,1783434120000,1.147,1.14695,1.146975,1,1.00000000000211,4,2223
6E 09-26,1783431360000,1783434360000,1.1471,1.14705,1.147075,-1,1.00000000000211,2,2227
6E 09-26,1783431600000,1783434600000,1.1472,1.14715,1.147175,1,1.00000000000211,1,2231
6E 09-26,1783431720000,1783434720000,1.1473,1.1472,1.14725,1,1.99999999999978,2,2233
6E 09-26,1783432140000,1783435140000,1.1471,1.14705,1.147075,-1,1.00000000000211,2,2240
6E 09-26,1783432260000,1783435260000,1.14725,1.1472,1.147225,1,1.00000000000211,3,2242
6E 09-26,1783432500000,1783435500000,1.14725,1.1472,1.147225,1,1.00000000000211,4,2246
6E 09-26,1783432680000,1783435680000,1.1469,1.14685,1.146875,1,1.00000000000211,1,2249
6E 09-26,1783432740000,1783435740000,1.1468,1.14675,1.146775,-1,1.00000000000211,4,2250
6E 09-26,1783433040000,1783436040000,1.1462,1.14615,1.146175,1,1.00000000000211,1,2255
6E 09-26,1783433100000,1783436100000,1.14615,1.1461,1.146125,-1,1.00000000000211,2,2256
6E 09-26,1783433340000,1783436340000,1.14585,1.1458,1.145825,-1,1.00000000000211,1,2260
6E 09-26,1783433400000,1783436400000,1.14585,1.1458,1.145825,1,1.00000000000211,2,2261
6E 09-26,1783434060000,1783437060000,1.1463,1.14625,1.146275,1,1.00000000000211,1,2272
6E 09-26,1783434180000,1783437180000,1.1463,1.14625,1.146275,-1,1.00000000000211,2,2274
6E 09-26,1783434240000,1783437240000,1.1462,1.14615,1.146175,1,1.00000000000211,3,2275
6E 09-26,1783434600000,1783437600000,1.1463,1.1462,1.14625,1,1.99999999999978,5,2281
6E 09-26,1783434840000,1783437840000,1.1464,1.14635,1.146375,-1,1.00000000000211,1,2285
6E 09-26,1783435140000,1783438140000,1.1464,1.14635,1.146375,-1,1.00000000000211,2,2290
6E 09-26,1783435200000,1783438200000,1.1465,1.14645,1.146475,1,1.00000000000211,1,2291
6E 09-26,1783435260000,1783438260000,1.1466,1.14655,1.146575,-1,1.00000000000211,1,2292
6E 09-26,1783435440000,1783438440000,1.1465,1.14645,1.146475,1,1.00000000000211,2,2295
6E 09-26,1783435800000,1783438800000,1.1468,1.14675,1.146775,1,1.00000000000211,1,2301
6E 09-26,1783436520000,1783439520000,1.1466,1.14655,1.146575,1,1.00000000000211,2,2313
6E 09-26,1783436580000,1783439580000,1.1465,1.14645,1.146475,-1,1.00000000000211,3,2314
6E 09-26,1783437060000,1783440060000,1.1464,1.14635,1.146375,1,1.00000000000211,3,2322
6E 09-26,1783437240000,1783440240000,1.1463,1.14625,1.146275,-1,1.00000000000211,2,2325
6E 09-26,1783437300000,1783440300000,1.1463,1.14625,1.146275,-1,1.00000000000211,3,2326
6E 09-26,1783437480000,1783440480000,1.14595,1.1459,1.145925,-1,1.00000000000211,1,2329
6E 09-26,1783437540000,1783440540000,1.14585,1.1458,1.145825,1,1.00000000000211,1,2330
6E 09-26,1783437660000,1783440660000,1.14595,1.1459,1.145925,-1,1.00000000000211,2,2332
6E 09-26,1783438020000,1783441020000,1.14605,1.146,1.146025,-1,1.00000000000211,1,2338
6E 09-26,1783438080000,1783441080000,1.14605,1.146,1.146025,1,1.00000000000211,2,2339
6E 09-26,1783438140000,1783441140000,1.14605,1.14595,1.146,1,1.99999999999978,5,2340
6E 09-26,1783438200000,1783441200000,1.14615,1.1461,1.146125,1,1.00000000000211,1,2341
6E 09-26,1783438320000,1783441320000,1.14605,1.146,1.146025,1,1.00000000000211,4,2343
6E 09-26,1783438440000,1783441440000,1.14595,1.1459,1.145925,1,1.00000000000211,4,2345
6E 09-26,1783438560000,1783441560000,1.14605,1.146,1.146025,1,1.00000000000211,5,2347
6E 09-26,1783439100000,1783442100000,1.14585,1.1458,1.145825,1,1.00000000000211,2,2356
6E 09-26,1783439340000,1783442340000,1.14595,1.14585,1.1459,1,1.99999999999978,7,2360
6E 09-26,1783439460000,1783442460000,1.14585,1.1458,1.145825,-1,1.00000000000211,4,2362
6E 09-26,1783439640000,1783442640000,1.14585,1.1458,1.145825,1,1.00000000000211,5,2365
6E 09-26,1783439820000,1783442820000,1.14575,1.1457,1.145725,-1,1.00000000000211,1,2368
6E 09-26,1783440120000,1783443120000,1.14575,1.1457,1.145725,1,1.00000000000211,2,2373
6E 09-26,1783440180000,1783443180000,1.14585,1.1458,1.145825,1,1.00000000000211,6,2374
6E 09-26,1783440300000,1783443300000,1.14565,1.1456,1.145625,-1,1.00000000000211,1,2376
6E 09-26,1783440600000,1783443600000,1.14575,1.1457,1.145725,1,1.00000000000211,3,2381
6E 09-26,1783440900000,1783443900000,1.14555,1.1455,1.145525,1,1.00000000000211,1,2386
6E 09-26,1783441080000,1783444080000,1.1452,1.14515,1.145175,-1,1.00000000000211,1,2389
6E 09-26,1783441260000,1783444260000,1.1452,1.14515,1.145175,-1,1.00000000000211,2,2392
6E 09-26,1783441380000,1783444380000,1.1452,1.14515,1.145175,-1,1.00000000000211,3,2394
6E 09-26,1783441500000,1783444500000,1.1452,1.14515,1.145175,1,1.00000000000211,4,2396
6E 09-26,1783441740000,1783444740000,1.1452,1.14515,1.145175,1,1.00000000000211,5,2400
6E 09-26,1783441860000,1783444860000,1.1452,1.14515,1.145175,1,1.00000000000211,6,2402
6E 09-26,1783441920000,1783444920000,1.14535,1.1453,1.145325,1,1.00000000000211,1,2403
6E 09-26,1783442040000,1783445040000,1.14535,1.1453,1.145325,-1,1.00000000000211,2,2405
6E 09-26,1783442580000,1783445580000,1.14525,1.1452,1.145225,-1,1.00000000000211,7,2414
6E 09-26,1783442760000,1783445760000,1.14535,1.1453,1.145325,-1,1.00000000000211,3,2417
6E 09-26,1783442880000,1783445880000,1.14535,1.1453,1.145325,1,1.00000000000211,4,2419
6E 09-26,1783443120000,1783446120000,1.14555,1.1455,1.145525,1,1.00000000000211,2,2423
6E 09-26,1783443360000,1783446360000,1.14535,1.1453,1.145325,-1,1.00000000000211,5,2427
6E 09-26,1783443900000,1783446900000,1.14575,1.1457,1.145725,1,1.00000000000211,1,2436
6E 09-26,1783444020000,1783447020000,1.14585,1.1458,1.145825,1,1.00000000000211,1,2438
6E 09-26,1783444140000,1783447140000,1.14585,1.1458,1.145825,1,1.00000000000211,2,2440
6E 09-26,1783444620000,1783447620000,1.14555,1.1455,1.145525,1,1.00000000000211,2,2448
6E 09-26,1783444980000,1783447980000,1.14575,1.1457,1.145725,1,1.00000000000211,2,2454
6E 09-26,1783445220000,1783448220000,1.14575,1.1457,1.145725,-1,1.00000000000211,3,2458
6E 09-26,1783445340000,1783448340000,1.14565,1.1456,1.145625,-1,1.00000000000211,1,2460
6E 09-26,1783445400000,1783448400000,1.14565,1.1456,1.145625,-1,1.00000000000211,2,2461
6E 09-26,1783445700000,1783448700000,1.14565,1.1456,1.145625,-1,1.00000000000211,3,2466
6E 09-26,1783445880000,1783448880000,1.14575,1.1457,1.145725,1,1.00000000000211,4,2469
6E 09-26,1783446660000,1783449660000,1.14595,1.1459,1.145925,1,1.00000000000211,1,2482
6E 09-26,1783446720000,1783449720000,1.14595,1.1459,1.145925,1,1.00000000000211,2,2483
6E 09-26,1783446900000,1783449900000,1.14605,1.146,1.146025,1,1.00000000000211,1,2486
6E 09-26,1783447020000,1783450020000,1.14615,1.1461,1.146125,-1,1.00000000000211,1,2488
6E 09-26,1783447080000,1783450080000,1.1462,1.14615,1.146175,1,1.00000000000211,2,2489
6E 09-26,1783447320000,1783450320000,1.14605,1.146,1.146025,-1,1.00000000000211,2,2493
6E 09-26,1783447440000,1783450440000,1.14605,1.146,1.146025,-1,1.00000000000211,3,2495
6E 09-26,1783447980000,1783450980000,1.14595,1.1459,1.145925,-1,1.00000000000211,3,2504
6E 09-26,1783448520000,1783451520000,1.14615,1.1461,1.146125,-1,1.00000000000211,3,2512
6E 09-26,1783448700000,1783451700000,1.1462,1.14615,1.146175,1,1.00000000000211,4,2515
6E 09-26,1783448880000,1783451880000,1.1462,1.1461,1.14615,-1,2.00000000000422,5,2518
6E 09-26,1783449060000,1783452060000,1.14595,1.1459,1.145925,1,1.00000000000211,4,2521
6E 09-26,1783449300000,1783452300000,1.1461,1.146,1.14605,1,1.99999999999978,7,2525
6E 09-26,1783449360000,1783452360000,1.14615,1.1461,1.146125,-1,1.00000000000211,7,2526
6E 09-26,1783449660000,1783452660000,1.14605,1.146,1.146025,-1,1.00000000000211,5,2531
6E 09-26,1783450260000,1783453260000,1.14575,1.1457,1.145725,1,1.00000000000211,1,2541
6E 09-26,1783450320000,1783453320000,1.14565,1.1456,1.145625,-1,1.00000000000211,1,2542
6E 09-26,1783450440000,1783453440000,1.14545,1.1454,1.145425,1,1.00000000000211,1,2544
6E 09-26,1783451160000,1783454160000,1.1449,1.14485,1.144875,-1,1.00000000000211,1,2556
6E 09-26,1783451460000,1783454460000,1.1447,1.14465,1.144675,1,1.00000000000211,1,2561
6E 09-26,1783452120000,1783455120000,1.1445,1.14445,1.144475,1,1.00000000000211,1,2572
6E 09-26,1783452240000,1783455240000,1.1445,1.14445,1.144475,1,1.00000000000211,2,2574
6E 09-26,1783452360000,1783455360000,1.14455,1.14445,1.1445,1,1.99999999999978,3,2576
6E 09-26,1783452420000,1783455420000,1.1446,1.14455,1.144575,1,1.00000000000211,2,2577
6E 09-26,1783452540000,1783455540000,1.1446,1.14455,1.144575,1,1.00000000000211,3,2579
6E 09-26,1783452660000,1783455660000,1.1447,1.14465,1.144675,1,1.00000000000211,2,2581
6E 09-26,1783452780000,1783455780000,1.1448,1.14475,1.144775,1,1.00000000000211,1,2583
6E 09-26,1783452960000,1783455960000,1.1449,1.14485,1.144875,-1,1.00000000000211,2,2586
6E 09-26,1783453380000,1783456380000,1.1448,1.14475,1.144775,1,1.00000000000211,2,2593
6E 09-26,1783453620000,1783456620000,1.1448,1.14475,1.144775,-1,1.00000000000211,3,2597
6E 09-26,1783453800000,1783456800000,1.1448,1.14475,1.144775,1,1.00000000000211,4,2600
6E 09-26,1783453860000,1783456860000,1.1448,1.14475,1.144775,-1,1.00000000000211,5,2601
6E 09-26,1783453980000,1783456980000,1.1449,1.14485,1.144875,-1,1.00000000000211,3,2603
6E 09-26,1783454040000,1783457040000,1.14485,1.14475,1.1448,-1,1.99999999999978,9,2604
6E 09-26,1783454820000,1783457820000,1.14495,1.14485,1.1449,-1,1.99999999999978,4,2617
6E 09-26,1783454940000,1783457940000,1.1448,1.14475,1.144775,-1,1.00000000000211,7,2619
6E 09-26,1783455000000,1783458000000,1.1448,1.14475,1.144775,-1,1.00000000000211,8,2620
6E 09-26,1783455060000,1783458060000,1.1448,1.14475,1.144775,1,1.00000000000211,9,2621
6E 09-26,1783455120000,1783458120000,1.1448,1.14475,1.144775,-1,1.00000000000211,10,2622
6E 09-26,1783455180000,1783458180000,1.14475,1.14465,1.1447,-1,1.99999999999978,12,2623
6E 09-26,1783455300000,1783458300000,1.1447,1.14465,1.144675,-1,1.00000000000211,3,2624
6E 09-26,1783455480000,1783458480000,1.1447,1.14465,1.144675,1,1.00000000000211,4,2627
6E 09-26,1783455720000,1783458720000,1.1447,1.14465,1.144675,-1,1.00000000000211,5,2631
6E 09-26,1783455960000,1783458960000,1.1447,1.14465,1.144675,-1,1.00000000000211,5,2635
6E 09-26,1783456080000,1783459080000,1.1447,1.14465,1.144675,-1,1.00000000000211,6,2637
6E 09-26,1783456200000,1783459200000,1.1447,1.14465,1.144675,-1,1.00000000000211,7,2639
6E 09-26,1783456260000,1783459260000,1.1446,1.14455,1.144575,1,1.00000000000211,1,2640
6E 09-26,1783456680000,1783459680000,1.1444,1.14435,1.144375,1,1.00000000000211,1,2647
6E 09-26,1783456860000,1783459860000,1.1445,1.14445,1.144475,1,1.00000000000211,1,2650
6E 09-26,1783457640000,1783460640000,1.1444,1.14435,1.144375,-1,1.00000000000211,2,2663
6E 09-26,1783458000000,1783461000000,1.1445,1.1442,1.14435,-1,5.99999999999934,4,2669
6E 09-26,1783461900000,1783464900000,1.14405,1.144,1.144025,-1,1.00000000000211,1,2674
6E 09-26,1783462080000,1783465080000,1.14395,1.1439,1.143925,1,1.00000000000211,1,2677
6E 09-26,1783462560000,1783465560000,1.14385,1.1438,1.143825,1,1.00000000000211,1,2685
6E 09-26,1783462680000,1783465680000,1.14385,1.1438,1.143825,1,1.00000000000211,2,2686
6E 09-26,1783462980000,1783465980000,1.14395,1.1439,1.143925,1,1.00000000000211,2,2691
6E 09-26,1783463160000,1783466160000,1.14395,1.1439,1.143925,1,1.00000000000211,3,2694
6E 09-26,1783463220000,1783466220000,1.14395,1.1439,1.143925,-1,1.00000000000211,4,2695
6E 09-26,1783463640000,1783466640000,1.14375,1.1437,1.143725,-1,1.00000000000211,1,2702
6E 09-26,1783463880000,1783466880000,1.14365,1.1436,1.143625,-1,1.00000000000211,1,2706
6E 09-26,1783463940000,1783466940000,1.1436,1.1435,1.14355,1,1.99999999999978,2,2707
6E 09-26,1783464420000,1783467420000,1.1438,1.1437,1.14375,-1,1.99999999999978,4,2715
6E 09-26,1783464900000,1783467900000,1.14395,1.1439,1.143925,1,1.00000000000211,5,2723
6E 09-26,1783465140000,1783468140000,1.14395,1.1439,1.143925,-1,1.00000000000211,6,2725
6E 09-26,1783465260000,1783468260000,1.14395,1.1439,1.143925,-1,1.00000000000211,7,2726
6E 09-26,1783465320000,1783468320000,1.14385,1.1438,1.143825,1,1.00000000000211,4,2727
6E 09-26,1783465440000,1783468440000,1.14395,1.14385,1.1439,1,1.99999999999978,10,2729
6E 09-26,1783465800000,1783468800000,1.14385,1.1438,1.143825,1,1.00000000000211,6,2735
6E 09-26,1783465920000,1783468920000,1.14385,1.1438,1.143825,-1,1.00000000000211,5,2737
6E 09-26,1783466340000,1783469340000,1.14385,1.1438,1.143825,-1,1.00000000000211,6,2744
6E 09-26,1783466580000,1783469580000,1.14375,1.1437,1.143725,-1,1.00000000000211,3,2748
6E 09-26,1783466640000,1783469640000,1.14375,1.1437,1.143725,1,1.00000000000211,4,2749
6E 09-26,1783466760000,1783469760000,1.14375,1.1437,1.143725,1,1.00000000000211,5,2751
6E 09-26,1783467060000,1783470060000,1.14375,1.1437,1.143725,-1,1.00000000000211,5,2755
6E 09-26,1783467240000,1783470240000,1.14375,1.1437,1.143725,1,1.00000000000211,6,2756
6E 09-26,1783467660000,1783470660000,1.14365,1.1436,1.143625,1,1.00000000000211,1,2762
6E 09-26,1783467960000,1783470960000,1.14365,1.1436,1.143625,1,1.00000000000211,2,2766
6E 09-26,1783468560000,1783471560000,1.14345,1.1434,1.143425,-1,1.00000000000211,1,2776
6E 09-26,1783469280000,1783472280000,1.14365,1.1436,1.143625,-1,1.00000000000211,3,2788
6E 09-26,1783469880000,1783472880000,1.1437,1.1436,1.14365,-1,1.99999999999978,9,2798
6E 09-26,1783470180000,1783473180000,1.14365,1.1436,1.143625,1,1.00000000000211,5,2803
6E 09-26,1783470600000,1783473600000,1.144,1.1439,1.14395,-1,1.99999999999978,1,2810
6E 09-26,1783470660000,1783473660000,1.14405,1.144,1.144025,-1,1.00000000000211,2,2811
6E 09-26,1783470780000,1783473780000,1.1442,1.14415,1.144175,1,1.00000000000211,1,2813
6E 09-26,1783471080000,1783474080000,1.1443,1.14425,1.144275,1,1.00000000000211,1,2818
6E 09-26,1783471200000,1783474200000,1.1444,1.14435,1.144375,1,1.00000000000211,1,2820
6E 09-26,1783471320000,1783474320000,1.1443,1.14425,1.144275,1,1.00000000000211,2,2822
6E 09-26,1783471440000,1783474440000,1.1443,1.14425,1.144275,-1,1.00000000000211,3,2824
6E 09-26,1783471500000,1783474500000,1.1443,1.1442,1.14425,1,1.99999999999978,5,2825
6E 09-26,1783471620000,1783474620000,1.1443,1.14425,1.144275,-1,1.00000000000211,5,2827
6E 09-26,1783472040000,1783475040000,1.1443,1.14425,1.144275,1,1.00000000000211,6,2834
6E 09-26,1783472160000,1783475160000,1.14405,1.144,1.144025,1,1.00000000000211,3,2836
6E 09-26,1783472520000,1783475520000,1.14415,1.1441,1.144125,-1,1.00000000000211,2,2842
6E 09-26,1783472580000,1783475580000,1.14415,1.1441,1.144125,1,1.00000000000211,3,2843
6E 09-26,1783472700000,1783475700000,1.14405,1.144,1.144025,1,1.00000000000211,4,2845
6E 09-26,1783472760000,1783475760000,1.14395,1.1439,1.143925,-1,1.00000000000211,2,2846
6E 09-26,1783473300000,1783476300000,1.14405,1.144,1.144025,-1,1.00000000000211,5,2855
6E 09-26,1783473420000,1783476420000,1.144,1.1439,1.14395,-1,1.99999999999978,7,2857
6E 09-26,1783473720000,1783476720000,1.14385,1.1438,1.143825,-1,1.00000000000211,1,2862
6E 09-26,1783473900000,1783476900000,1.14375,1.1437,1.143725,1,1.00000000000211,1,2865
6E 09-26,1783474140000,1783477140000,1.14365,1.1436,1.143625,-1,1.00000000000211,1,2869
6E 09-26,1783474320000,1783477320000,1.14365,1.1436,1.143625,1,1.00000000000211,2,2872
6E 09-26,1783474680000,1783477680000,1.14345,1.1434,1.143425,-1,1.00000000000211,1,2878
6E 09-26,1783474740000,1783477740000,1.14335,1.1433,1.143325,-1,1.00000000000211,1,2879
6E 09-26,1783474800000,1783477800000,1.14335,1.1433,1.143325,-1,1.00000000000211,2,2880
6E 09-26,1783475040000,1783478040000,1.14325,1.1432,1.143225,-1,1.00000000000211,1,2884
6E 09-26,1783475280000,1783478280000,1.14345,1.1434,1.143425,-1,1.00000000000211,2,2888
6E 09-26,1783475520000,1783478520000,1.14365,1.1436,1.143625,-1,1.00000000000211,3,2892
6E 09-26,1783475880000,1783478880000,1.14385,1.1438,1.143825,-1,1.00000000000211,2,2898
6E 09-26,1783476060000,1783479060000,1.14375,1.1437,1.143725,-1,1.00000000000211,2,2901
6E 09-26,1783476300000,1783479300000,1.14375,1.1437,1.143725,1,1.00000000000211,3,2905
6E 09-26,1783476600000,1783479600000,1.14385,1.1438,1.143825,-1,1.00000000000211,3,2910
6E 09-26,1783476720000,1783479720000,1.14385,1.1438,1.143825,-1,1.00000000000211,4,2912
6E 09-26,1783476840000,1783479840000,1.14385,1.1438,1.143825,1,1.00000000000211,4,2914
6E 09-26,1783476960000,1783479960000,1.14405,1.144,1.144025,1,1.00000000000211,1,2916
6E 09-26,1783477200000,1783480200000,1.14405,1.144,1.144025,-1,1.00000000000211,2,2920
6E 09-26,1783477260000,1783480260000,1.14405,1.144,1.144025,-1,1.00000000000211,3,2921
6E 09-26,1783477500000,1783480500000,1.1443,1.14425,1.144275,-1,1.00000000000211,1,2925
6E 09-26,1783477560000,1783480560000,1.1444,1.14435,1.144375,-1,1.00000000000211,1,2926
6E 09-26,1783477980000,1783480980000,1.1442,1.14415,1.144175,1,1.00000000000211,1,2933
6E 09-26,1783478100000,1783481100000,1.1443,1.14425,1.144275,1,1.00000000000211,2,2935
6E 09-26,1783478340000,1783481340000,1.1444,1.14435,1.144375,1,1.00000000000211,2,2939
6E 09-26,1783479060000,1783482060000,1.1444,1.14435,1.144375,-1,1.00000000000211,3,2951
6E 09-26,1783479360000,1783482360000,1.1444,1.14435,1.144375,-1,1.00000000000211,4,2955
6E 09-26,1783479540000,1783482540000,1.1444,1.14435,1.144375,-1,1.00000000000211,5,2958
6E 09-26,1783480320000,1783483320000,1.14465,1.14455,1.1446,1,1.99999999999978,1,2970
6E 09-26,1783480440000,1783483440000,1.1447,1.1446,1.14465,1,1.99999999999978,2,2972
6E 09-26,1783480560000,1783483560000,1.1448,1.14475,1.144775,-1,1.00000000000211,1,2974
6E 09-26,1783480860000,1783483860000,1.1448,1.1447,1.14475,1,1.99999999999978,3,2979
6E 09-26,1783481220000,1783484220000,1.1448,1.14475,1.144775,1,1.00000000000211,3,2985
6E 09-26,1783481280000,1783484280000,1.1448,1.14475,1.144775,-1,1.00000000000211,4,2986
6E 09-26,1783481880000,1783484880000,1.1447,1.14465,1.144675,-1,1.00000000000211,4,2994
6E 09-26,1783483500000,1783486500000,1.1445,1.14445,1.144475,-1,1.00000000000211,1,3019
6E 09-26,1783484220000,1783487220000,1.1445,1.14445,1.144475,1,1.00000000000211,2,3029
6E 09-26,1783484340000,1783487340000,1.1445,1.14445,1.144475,-1,1.00000000000211,3,3031
6E 09-26,1783484400000,1783487400000,1.1445,1.1444,1.14445,-1,1.99999999999978,4,3032
6E 09-26,1783484520000,1783487520000,1.14445,1.1443,1.144375,1,2.99999999999745,5,3034
6E 09-26,1783485060000,1783488060000,1.1446,1.14455,1.144575,-1,1.00000000000211,1,3042
6E 09-26,1783485420000,1783488420000,1.1447,1.14465,1.144675,1,1.00000000000211,1,3048
6E 09-26,1783485480000,1783488480000,1.1448,1.14475,1.144775,1,1.00000000000211,1,3049
6E 09-26,1783485900000,1783488900000,1.1447,1.14465,1.144675,1,1.00000000000211,2,3056
6E 09-26,1783486680000,1783489680000,1.1447,1.14465,1.144675,1,1.00000000000211,3,3069
6E 09-26,1783486740000,1783489740000,1.1447,1.14465,1.144675,-1,1.00000000000211,4,3070
6E 09-26,1783487100000,1783490100000,1.145,1.14495,1.144975,1,1.00000000000211,1,3076
6E 09-26,1783487400000,1783490400000,1.145,1.14495,1.144975,-1,1.00000000000211,2,3081
6E 09-26,1783487580000,1783490580000,1.1448,1.14475,1.144775,1,1.00000000000211,2,3084
6E 09-26,1783487640000,1783490640000,1.1448,1.14475,1.144775,-1,1.00000000000211,3,3085
6E 09-26,1783487700000,1783490700000,1.1447,1.14465,1.144675,-1,1.00000000000211,5,3086
6E 09-26,1783488660000,1783491660000,1.1447,1.14465,1.144675,1,1.00000000000211,5,3101
6E 09-26,1783488960000,1783491960000,1.1449,1.14485,1.144875,1,1.00000000000211,1,3106
6E 09-26,1783489020000,1783492020000,1.145,1.14495,1.144975,1,1.00000000000211,3,3107
6E 09-26,1783489320000,1783492320000,1.1451,1.14505,1.145075,1,1.00000000000211,1,3112
6E 09-26,1783489440000,1783492440000,1.14525,1.1452,1.145225,1,1.00000000000211,1,3114
6E 09-26,1783489680000,1783492680000,1.1452,1.14515,1.145175,-1,1.00000000000211,2,3118
6E 09-26,1783489740000,1783492740000,1.1451,1.14505,1.145075,-1,1.00000000000211,2,3119
6E 09-26,1783489920000,1783492920000,1.1451,1.14505,1.145075,1,1.00000000000211,3,3122
6E 09-26,1783490160000,1783493160000,1.14525,1.1452,1.145225,1,1.00000000000211,3,3126
6E 09-26,1783490220000,1783493220000,1.1452,1.14515,1.145175,-1,1.00000000000211,4,3127
6E 09-26,1783490520000,1783493520000,1.14545,1.1454,1.145425,-1,1.00000000000211,1,3132
6E 09-26,1783490640000,1783493640000,1.1452,1.14515,1.145175,-1,1.00000000000211,5,3134
6E 09-26,1783490700000,1783493700000,1.1451,1.14505,1.145075,1,1.00000000000211,4,3135
6E 09-26,1783490820000,1783493820000,1.1452,1.14515,1.145175,-1,1.00000000000211,6,3137
6E 09-26,1783491000000,1783494000000,1.14525,1.1452,1.145225,-1,1.00000000000211,7,3140
6E 09-26,1783491180000,1783494180000,1.1452,1.1451,1.14515,-1,1.99999999999978,12,3143
6E 09-26,1783491420000,1783494420000,1.14525,1.1452,1.145225,1,1.00000000000211,9,3147
6E 09-26,1783491660000,1783494660000,1.14545,1.1454,1.145425,-1,1.00000000000211,2,3151
6E 09-26,1783492740000,1783495740000,1.14555,1.14545,1.1455,1,1.99999999999978,3,3169
6E 09-26,1783493160000,1783496160000,1.14535,1.1453,1.145325,1,1.00000000000211,1,3176
6E 09-26,1783493460000,1783496460000,1.1452,1.14515,1.145175,1,1.00000000000211,6,3181
6E 09-26,1783493580000,1783496580000,1.1451,1.14505,1.145075,-1,1.00000000000211,3,3183
6E 09-26,1783494720000,1783497720000,1.14535,1.1453,1.145325,-1,1.00000000000211,2,3202
6E 09-26,1783494840000,1783497840000,1.14525,1.1452,1.145225,1,1.00000000000211,2,3204
6E 09-26,1783494900000,1783497900000,1.1452,1.14515,1.145175,-1,1.00000000000211,3,3205
6E 09-26,1783495140000,1783498140000,1.1452,1.14515,1.145175,1,1.00000000000211,4,3209
6E 09-26,1783495800000,1783498800000,1.14605,1.146,1.146025,-1,1.00000000000211,1,3220
6E 09-26,1783496220000,1783499220000,1.14615,1.1461,1.146125,-1,1.00000000000211,1,3227
6E 09-26,1783496280000,1783499280000,1.14605,1.146,1.146025,1,1.00000000000211,2,3228
6E 09-26,1783496700000,1783499700000,1.14615,1.1461,1.146125,-1,1.00000000000211,2,3235
6E 09-26,1783496760000,1783499760000,1.1462,1.14615,1.146175,1,1.00000000000211,3,3236
6E 09-26,1783496940000,1783499940000,1.14605,1.146,1.146025,-1,1.00000000000211,3,3239
6E 09-26,1783497060000,1783500060000,1.14595,1.1459,1.145925,1,1.00000000000211,1,3241
6E 09-26,1783497360000,1783500360000,1.14605,1.14595,1.146,1,1.99999999999978,5,3246
6E 09-26,1783497420000,1783500420000,1.14615,1.1461,1.146125,1,1.00000000000211,4,3247
6E 09-26,1783497480000,1783500480000,1.14605,1.146,1.146025,1,1.00000000000211,5,3248
6E 09-26,1783497540000,1783500540000,1.1459,1.1458,1.14585,1,1.99999999999978,2,3249
6E 09-26,1783497660000,1783500660000,1.14575,1.1457,1.145725,-1,1.00000000000211,1,3251
6E 09-26,1783497780000,1783500780000,1.14585,1.1458,1.145825,-1,1.00000000000211,2,3253
6E 09-26,1783497960000,1783500960000,1.14595,1.1459,1.145925,-1,1.00000000000211,4,3256
6E 09-26,1783498320000,1783501320000,1.14575,1.1457,1.145725,1,1.00000000000211,2,3262
6E 09-26,1783498620000,1783501620000,1.1444,1.14435,1.144375,1,1.00000000000211,1,3267
6E 09-26,1783499100000,1783502100000,1.14395,1.1439,1.143925,-1,1.00000000000211,1,3275
6E 09-26,1783499160000,1783502160000,1.1443,1.14425,1.144275,1,1.00000000000211,1,3276
6E 09-26,1783499280000,1783502280000,1.1446,1.14455,1.144575,1,1.00000000000211,1,3278
6E 09-26,1783499340000,1783502340000,1.1446,1.14455,1.144575,-1,1.00000000000211,2,3279
6E 09-26,1783499400000,1783502400000,1.1446,1.14455,1.144575,1,1.00000000000211,3,3280
6E 09-26,1783499880000,1783502880000,1.14415,1.1441,1.144125,-1,1.00000000000211,1,3288
6E 09-26,1783500120000,1783503120000,1.14385,1.1438,1.143825,-1,1.00000000000211,1,3292
6E 09-26,1783500180000,1783503180000,1.14395,1.1439,1.143925,1,1.00000000000211,2,3293
6E 09-26,1783500960000,1783503960000,1.1447,1.14465,1.144675,-1,1.00000000000211,1,3306
6E 09-26,1783501140000,1783504140000,1.1443,1.14425,1.144275,-1,1.00000000000211,2,3309
6E 09-26,1783501320000,1783504320000,1.14395,1.1439,1.143925,-1,1.00000000000211,3,3312
6E 09-26,1783501740000,1783504740000,1.14365,1.1436,1.143625,1,1.00000000000211,1,3319
6E 09-26,1783501800000,1783504800000,1.14345,1.1434,1.143425,-1,1.00000000000211,1,3320
6E 09-26,1783501920000,1783504920000,1.14325,1.1432,1.143225,1,1.00000000000211,1,3322
6E 09-26,1783502460000,1783505460000,1.14375,1.1437,1.143725,1,1.00000000000211,1,3331
6E 09-26,1783502640000,1783505640000,1.14395,1.1439,1.143925,-1,1.00000000000211,3,3334
6E 09-26,1783502700000,1783505700000,1.14365,1.1436,1.143625,-1,1.00000000000211,2,3335
6E 09-26,1783503180000,1783506180000,1.14385,1.1438,1.143825,1,1.00000000000211,1,3343
6E 09-26,1783503540000,1783506540000,1.14415,1.1441,1.144125,1,1.00000000000211,1,3349
6E 09-26,1783503600000,1783506600000,1.1443,1.14425,1.144275,-1,1.00000000000211,2,3350
6E 09-26,1783503720000,1783506720000,1.1442,1.14415,1.144175,1,1.00000000000211,2,3352
6E 09-26,1783503780000,1783506780000,1.14415,1.1441,1.144125,-1,1.00000000000211,3,3353
6E 09-26,1783503900000,1783506900000,1.1443,1.14425,1.144275,-1,1.00000000000211,3,3355
6E 09-26,1783504020000,1783507020000,1.1442,1.14415,1.144175,-1,1.00000000000211,4,3357
6E 09-26,1783504200000,1783507200000,1.1443,1.14425,1.144275,-1,1.00000000000211,3,3360
6E 09-26,1783504440000,1783507440000,1.1443,1.14425,1.144275,-1,1.00000000000211,4,3364
6E 09-26,1783504560000,1783507560000,1.14405,1.144,1.144025,-1,1.00000000000211,1,3366
6E 09-26,1783504740000,1783507740000,1.1438,1.1437,1.14375,-1,1.99999999999978,3,3369
6E 09-26,1783504920000,1783507920000,1.14395,1.1439,1.143925,1,1.00000000000211,2,3372
6E 09-26,1783505160000,1783508160000,1.14375,1.1437,1.143725,-1,1.00000000000211,3,3376
6E 09-26,1783505520000,1783508520000,1.14355,1.1435,1.143525,1,1.00000000000211,1,3382
6E 09-26,1783505700000,1783508700000,1.14355,1.14345,1.1435,-1,1.99999999999978,2,3385
6E 09-26,1783506000000,1783509000000,1.14395,1.1439,1.143925,1,1.00000000000211,2,3390
6E 09-26,1783506120000,1783509120000,1.1442,1.14415,1.144175,1,1.00000000000211,5,3392
6E 09-26,1783506240000,1783509240000,1.1444,1.14435,1.144375,1,1.00000000000211,1,3394
6E 09-26,1783506660000,1783509660000,1.14435,1.14425,1.1443,-1,1.99999999999978,5,3401
6E 09-26,1783506780000,1783509780000,1.1446,1.1445,1.14455,1,1.99999999999978,1,3403
6E 09-26,1783506960000,1783509960000,1.1446,1.14455,1.144575,1,1.00000000000211,2,3406
6E 09-26,1783507020000,1783510020000,1.14455,1.14445,1.1445,-1,1.99999999999978,3,3407
6E 09-26,1783507620000,1783510620000,1.1445,1.14445,1.144475,-1,1.00000000000211,3,3417
6E 09-26,1783507980000,1783510980000,1.1442,1.14415,1.144175,1,1.00000000000211,2,3423
6E 09-26,1783508040000,1783511040000,1.1442,1.14415,1.144175,1,1.00000000000211,3,3424
6E 09-26,1783508220000,1783511220000,1.1442,1.14415,1.144175,1,1.00000000000211,4,3427
6E 09-26,1783508280000,1783511280000,1.14415,1.1441,1.144125,-1,1.00000000000211,5,3428
6E 09-26,1783508520000,1783511520000,1.14395,1.1439,1.143925,-1,1.00000000000211,2,3432
6E 09-26,1783508700000,1783511700000,1.14385,1.1438,1.143825,1,1.00000000000211,1,3435
6E 09-26,1783508820000,1783511820000,1.14395,1.1439,1.143925,-1,1.00000000000211,3,3437
6E 09-26,1783509000000,1783512000000,1.14395,1.1439,1.143925,1,1.00000000000211,4,3440
6E 09-26,1783509060000,1783512060000,1.14395,1.1439,1.143925,-1,1.00000000000211,4,3441
6E 09-26,1783509540000,1783512540000,1.14415,1.1441,1.144125,-1,1.00000000000211,5,3449
6E 09-26,1783509660000,1783512660000,1.14395,1.1439,1.143925,-1,1.00000000000211,5,3451
6E 09-26,1783509960000,1783512960000,1.144,1.14385,1.143925,1,2.99999999999745,7,3456
6E 09-26,1783510140000,1783513140000,1.14385,1.1438,1.143825,1,1.00000000000211,3,3459
6E 09-26,1783510260000,1783513260000,1.14385,1.1438,1.143825,-1,1.00000000000211,4,3461
6E 09-26,1783510500000,1783513500000,1.14355,1.1435,1.143525,1,1.00000000000211,1,3465
6E 09-26,1783510620000,1783513620000,1.14325,1.1432,1.143225,1,1.00000000000211,1,3467
6E 09-26,1783510740000,1783513740000,1.1428,1.14275,1.142775,-1,1.00000000000211,1,3469
6E 09-26,1783510800000,1783513800000,1.1427,1.14265,1.142675,-1,1.00000000000211,1,3470
6E 09-26,1783510920000,1783513920000,1.1428,1.14275,1.142775,1,1.00000000000211,2,3472
6E 09-26,1783510980000,1783513980000,1.1428,1.14275,1.142775,1,1.00000000000211,3,3473
6E 09-26,1783511040000,1783514040000,1.14375,1.1437,1.143725,1,1.00000000000211,1,3474
6E 09-26,1783511100000,1783514100000,1.14365,1.1436,1.143625,1,1.00000000000211,1,3475
6E 09-26,1783511160000,1783514160000,1.14355,1.1435,1.143525,1,1.00000000000211,2,3476
6E 09-26,1783511460000,1783514460000,1.1431,1.14305,1.143075,1,1.00000000000211,1,3481
6E 09-26,1783512000000,1783515000000,1.1431,1.143,1.14305,-1,1.99999999999978,2,3490
6E 09-26,1783512360000,1783515360000,1.14375,1.1437,1.143725,-1,1.00000000000211,2,3496
6E 09-26,1783512540000,1783515540000,1.14355,1.1435,1.143525,1,1.00000000000211,3,3499
6E 09-26,1783512660000,1783515660000,1.14355,1.1435,1.143525,1,1.00000000000211,4,3501
6E 09-26,1783513440000,1783516440000,1.1436,1.1435,1.14355,-1,1.99999999999978,6,3514
6E 09-26,1783513620000,1783516620000,1.14365,1.1436,1.143625,-1,1.00000000000211,3,3517
6E 09-26,1783513860000,1783516860000,1.14365,1.1436,1.143625,-1,1.00000000000211,4,3521
6E 09-26,1783513980000,1783516980000,1.14365,1.1436,1.143625,1,1.00000000000211,5,3523
6E 09-26,1783514340000,1783517340000,1.14365,1.1436,1.143625,-1,1.00000000000211,5,3529
6E 09-26,1783514640000,1783517640000,1.14375,1.1437,1.143725,1,1.00000000000211,2,3534
6E 09-26,1783514820000,1783517820000,1.14375,1.1437,1.143725,1,1.00000000000211,3,3537
6E 09-26,1783514940000,1783517940000,1.14385,1.1438,1.143825,1,1.00000000000211,1,3539
6E 09-26,1783515120000,1783518120000,1.14375,1.1437,1.143725,-1,1.00000000000211,4,3542
6E 09-26,1783515360000,1783518360000,1.14375,1.1437,1.143725,-1,1.00000000000211,5,3546
6E 09-26,1783515420000,1783518420000,1.1432,1.14305,1.143125,1,3.00000000000189,1,3547
6E 09-26,1783515480000,1783518480000,1.14315,1.1431,1.143125,1,1.00000000000211,2,3548
6E 09-26,1783515900000,1783518900000,1.1431,1.14305,1.143075,1,1.00000000000211,3,3555
6E 09-26,1783516380000,1783519380000,1.14345,1.1434,1.143425,1,1.00000000000211,1,3563
6E 09-26,1783516560000,1783519560000,1.14325,1.1432,1.143225,1,1.00000000000211,2,3566
6E 09-26,1783516740000,1783519740000,1.14315,1.1431,1.143125,-1,1.00000000000211,4,3569
6E 09-26,1783517220000,1783520220000,1.14325,1.1432,1.143225,-1,1.00000000000211,3,3577
6E 09-26,1783517640000,1783520640000,1.1443,1.14425,1.144275,1,1.00000000000211,1,3584
6E 09-26,1783517880000,1783520880000,1.1443,1.14425,1.144275,1,1.00000000000211,2,3588
6E 09-26,1783517940000,1783520940000,1.1443,1.14425,1.144275,1,1.00000000000211,3,3589
6E 09-26,1783518000000,1783521000000,1.1443,1.14425,1.144275,-1,1.00000000000211,4,3590
6E 09-26,1783518600000,1783521600000,1.1445,1.14445,1.144475,-1,1.00000000000211,1,3600
6E 09-26,1783518960000,1783521960000,1.1442,1.14415,1.144175,-1,1.00000000000211,1,3606
6E 09-26,1783519140000,1783522140000,1.14415,1.1441,1.144125,1,1.00000000000211,2,3609
6E 09-26,1783519260000,1783522260000,1.1443,1.14425,1.144275,1,1.00000000000211,5,3611
6E 09-26,1783519380000,1783522380000,1.1445,1.14445,1.144475,-1,1.00000000000211,2,3613
6E 09-26,1783519560000,1783522560000,1.1443,1.14425,1.144275,-1,1.00000000000211,6,3616
6E 09-26,1783519860000,1783522860000,1.14405,1.144,1.144025,-1,1.00000000000211,1,3621
6E 09-26,1783520160000,1783523160000,1.14385,1.1438,1.143825,-1,1.00000000000211,1,3626
6E 09-26,1783520820000,1783523820000,1.1442,1.14415,1.144175,-1,1.00000000000211,3,3637
6E 09-26,1783521240000,1783524240000,1.14375,1.1437,1.143725,1,1.00000000000211,1,3644
6E 09-26,1783521840000,1783524840000,1.14385,1.1438,1.143825,1,1.00000000000211,2,3654
6E 09-26,1783522080000,1783525080000,1.14375,1.1437,1.143725,1,1.00000000000211,2,3658
6E 09-26,1783522260000,1783525260000,1.14395,1.1439,1.143925,1,1.00000000000211,1,3661
6E 09-26,1783522320000,1783525320000,1.14395,1.1439,1.143925,-1,1.00000000000211,2,3662
6E 09-26,1783522500000,1783525500000,1.14385,1.14375,1.1438,-1,1.99999999999978,5,3665
6E 09-26,1783522620000,1783525620000,1.14365,1.1436,1.143625,1,1.00000000000211,1,3667
6E 09-26,1783523100000,1783526100000,1.14415,1.1441,1.144125,-1,1.00000000000211,2,3675
6E 09-26,1783523400000,1783526400000,1.14405,1.144,1.144025,-1,1.00000000000211,1,3680
6E 09-26,1783524000000,1783527000000,1.14335,1.1433,1.143325,1,1.00000000000211,1,3690
6E 09-26,1783524240000,1783527240000,1.14325,1.1432,1.143225,-1,1.00000000000211,1,3694
6E 09-26,1783524540000,1783527540000,1.14325,1.1432,1.143225,1,1.00000000000211,2,3699
6E 09-26,1783525020000,1783528020000,1.143,1.1429,1.14295,1,1.99999999999978,1,3707
6E 09-26,1783525080000,1783528080000,1.1427,1.14265,1.142675,1,1.00000000000211,1,3708
6E 09-26,1783525500000,1783528500000,1.1425,1.14245,1.142475,1,1.00000000000211,1,3715
6E 09-26,1783525800000,1783528800000,1.1425,1.14245,1.142475,-1,1.00000000000211,2,3720
6E 09-26,1783526160000,1783529160000,1.1428,1.14275,1.142775,1,1.00000000000211,1,3726
6E 09-26,1783526760000,1783529760000,1.143,1.14295,1.142975,-1,1.00000000000211,2,3736
6E 09-26,1783526820000,1783529820000,1.14325,1.1432,1.143225,-1,1.00000000000211,3,3737
6E 09-26,1783527060000,1783530060000,1.1431,1.14305,1.143075,-1,1.00000000000211,1,3741
6E 09-26,1783527720000,1783530720000,1.14345,1.1434,1.143425,1,1.00000000000211,1,3752
6E 09-26,1783528140000,1783531140000,1.14335,1.1433,1.143325,-1,1.00000000000211,1,3759
6E 09-26,1783528260000,1783531260000,1.14345,1.1434,1.143425,1,1.00000000000211,2,3761
6E 09-26,1783528320000,1783531320000,1.14365,1.1436,1.143625,-1,1.00000000000211,1,3762
6E 09-26,1783528440000,1783531440000,1.14365,1.1436,1.143625,1,1.00000000000211,2,3764
6E 09-26,1783528500000,1783531500000,1.14375,1.1437,1.143725,-1,1.00000000000211,1,3765
6E 09-26,1783528860000,1783531860000,1.14415,1.1441,1.144125,-1,1.00000000000211,1,3771
6E 09-26,1783530180000,1783533180000,1.1449,1.14485,1.144875,1,1.00000000000211,1,3793
6E 09-26,1783530300000,1783533300000,1.1447,1.14465,1.144675,1,1.00000000000211,1,3795
6E 09-26,1783530420000,1783533420000,1.1451,1.14505,1.145075,-1,1.00000000000211,1,3797
6E 09-26,1783531200000,1783534200000,1.14545,1.1454,1.145425,1,1.00000000000211,1,3810
6E 09-26,1783531380000,1783534380000,1.14565,1.1456,1.145625,-1,1.00000000000211,1,3813
6E 09-26,1783531560000,1783534560000,1.14555,1.1455,1.145525,-1,1.00000000000211,1,3816
6E 09-26,1783531740000,1783534740000,1.14575,1.1457,1.145725,1,1.00000000000211,1,3819
6E 09-26,1783532820000,1783535820000,1.14545,1.1454,1.145425,1,1.00000000000211,2,3837
6E 09-26,1783532940000,1783535940000,1.14535,1.1453,1.145325,-1,1.00000000000211,1,3839
6E 09-26,1783533120000,1783536120000,1.14535,1.1453,1.145325,1,1.00000000000211,2,3842
6E 09-26,1783533240000,1783536240000,1.14535,1.1453,1.145325,-1,1.00000000000211,3,3844
6E 09-26,1783533420000,1783536420000,1.1452,1.14515,1.145175,-1,1.00000000000211,1,3847
6E 09-26,1783533600000,1783536600000,1.1451,1.14505,1.145075,-1,1.00000000000211,1,3850
6E 09-26,1783533840000,1783536840000,1.14545,1.1454,1.145425,-1,1.00000000000211,3,3854
6E 09-26,1783534380000,1783537380000,1.14595,1.1459,1.145925,-1,1.00000000000211,1,3863
6E 09-26,1783534440000,1783537440000,1.14595,1.1459,1.145925,1,1.00000000000211,2,3864
6E 09-26,1783535340000,1783538340000,1.14575,1.1457,1.145725,1,1.00000000000211,1,3879
6E 09-26,1783536180000,1783539180000,1.14595,1.1459,1.145925,1,1.00000000000211,3,3893
6E 09-26,1783536420000,1783539420000,1.14605,1.146,1.146025,1,1.00000000000211,1,3897
6E 09-26,1783536600000,1783539600000,1.14595,1.1459,1.145925,-1,1.00000000000211,4,3900
6E 09-26,1783537020000,1783540020000,1.14585,1.1458,1.145825,-1,1.00000000000211,1,3907
6E 09-26,1783537200000,1783540200000,1.14575,1.1457,1.145725,1,1.00000000000211,2,3910
6E 09-26,1783537500000,1783540500000,1.14595,1.1459,1.145925,1,1.00000000000211,3,3915
6E 09-26,1783537560000,1783540560000,1.14595,1.1459,1.145925,-1,1.00000000000211,4,3916
6E 09-26,1783538340000,1783541340000,1.14605,1.146,1.146025,1,1.00000000000211,2,3929
6E 09-26,1783538640000,1783541640000,1.14605,1.146,1.146025,-1,1.00000000000211,3,3934
6E 09-26,1783538880000,1783541880000,1.14605,1.146,1.146025,-1,1.00000000000211,4,3938
6E 09-26,1783539060000,1783542060000,1.14615,1.1461,1.146125,1,1.00000000000211,1,3941
6E 09-26,1783539240000,1783542240000,1.1462,1.14615,1.146175,1,1.00000000000211,2,3944
6E 09-26,1783539360000,1783542360000,1.14605,1.146,1.146025,1,1.00000000000211,5,3946
6E 09-26,1783539480000,1783542480000,1.14605,1.146,1.146025,-1,1.00000000000211,5,3948
6E 09-26,1783539540000,1783542540000,1.14605,1.146,1.146025,-1,1.00000000000211,6,3949
6E 09-26,1783539900000,1783542900000,1.14595,1.1459,1.145925,1,1.00000000000211,3,3955
6E 09-26,1783540320000,1783543320000,1.14575,1.1457,1.145725,-1,1.00000000000211,1,3962
6E 09-26,1783540380000,1783543380000,1.1458,1.1457,1.14575,-1,1.99999999999978,2,3963
6E 09-26,1783540440000,1783543440000,1.14575,1.1457,1.145725,1,1.00000000000211,3,3964
6E 09-26,1783540560000,1783543560000,1.14595,1.1459,1.145925,-1,1.00000000000211,3,3966
6E 09-26,1783540680000,1783543680000,1.14605,1.146,1.146025,-1,1.00000000000211,7,3968
6E 09-26,1783542300000,1783545300000,1.14545,1.1454,1.145425,-1,1.00000000000211,1,3995
6E 09-26,1783542360000,1783545360000,1.14535,1.1453,1.145325,-1,1.00000000000211,1,3996
6E 09-26,1783542420000,1783545420000,1.14535,1.1453,1.145325,-1,1.00000000000211,2,3997
6E 09-26,1783542540000,1783545540000,1.14525,1.1452,1.145225,-1,1.00000000000211,1,3999
6E 09-26,1783542720000,1783545720000,1.1451,1.14505,1.145075,1,1.00000000000211,1,4002
6E 09-26,1783542900000,1783545900000,1.1451,1.14505,1.145075,-1,1.00000000000211,2,4005
6E 09-26,1783542960000,1783545960000,1.145,1.1449,1.14495,-1,1.99999999999978,1,4006
6E 09-26,1783543140000,1783546140000,1.1448,1.14475,1.144775,1,1.00000000000211,1,4009
6E 09-26,1783543200000,1783546200000,1.1448,1.14475,1.144775,1,1.00000000000211,2,4010
6E 09-26,1783543440000,1783546440000,1.1449,1.14485,1.144875,-1,1.00000000000211,2,4013
6E 09-26,1783543620000,1783546620000,1.1449,1.14485,1.144875,1,1.00000000000211,3,4016
6E 09-26,1783543680000,1783546680000,1.1449,1.14485,1.144875,-1,1.00000000000211,4,4017
6E 09-26,1783543740000,1783546740000,1.1449,1.14485,1.144875,1,1.00000000000211,5,4018
6E 09-26,1783543800000,1783546800000,1.1449,1.1448,1.14485,-1,1.99999999999978,8,4019
6E 09-26,1783544040000,1783547040000,1.1449,1.14485,1.144875,1,1.00000000000211,7,4023
6E 09-26,1783544100000,1783547100000,1.1449,1.14485,1.144875,-1,1.00000000000211,8,4024
6E 09-26,1783544280000,1783547280000,1.1448,1.14475,1.144775,1,1.00000000000211,4,4027
6E 09-26,1783544400000,1783547400000,1.1449,1.14485,1.144875,1,1.00000000000211,9,4029
6E 09-26,1783548660000,1783551660000,1.1448,1.14475,1.144775,1,1.00000000000211,5,4039
6E 09-26,1783548780000,1783551780000,1.1448,1.14475,1.144775,-1,1.00000000000211,6,4041
6E 09-26,1783548840000,1783551840000,1.1448,1.14475,1.144775,1,1.00000000000211,7,4042
6E 09-26,1783550280000,1783553280000,1.1449,1.14485,1.144875,-1,1.00000000000211,8,4065
6E 09-26,1783550400000,1783553400000,1.1449,1.14485,1.144875,1,1.00000000000211,8,4067
6E 09-26,1783550460000,1783553460000,1.1449,1.14485,1.144875,-1,1.00000000000211,8,4068
6E 09-26,1783550580000,1783553580000,1.14495,1.14485,1.1449,-1,1.99999999999978,7,4070
6E 09-26,1783550640000,1783553640000,1.1449,1.14485,1.144875,-1,1.00000000000211,8,4071
6E 09-26,1783551000000,1783554000000,1.1449,1.14485,1.144875,1,1.00000000000211,7,4077
6E 09-26,1783551600000,1783554600000,1.145,1.14495,1.144975,-1,1.00000000000211,2,4087
6E 09-26,1783551780000,1783554780000,1.145,1.14495,1.144975,1,1.00000000000211,3,4090
6E 09-26,1783551900000,1783554900000,1.145,1.14495,1.144975,-1,1.00000000000211,4,4092
6E 09-26,1783551960000,1783554960000,1.145,1.14495,1.144975,-1,1.00000000000211,5,4093
6E 09-26,1783552860000,1783555860000,1.1448,1.14475,1.144775,1,1.00000000000211,1,4108
6E 09-26,1783553340000,1783556340000,1.1449,1.14485,1.144875,1,1.00000000000211,6,4116
6E 09-26,1783553400000,1783556400000,1.1449,1.14485,1.144875,-1,1.00000000000211,7,4117
6E 09-26,1783553820000,1783556820000,1.145,1.14495,1.144975,1,1.00000000000211,5,4124
6E 09-26,1783554300000,1783557300000,1.14515,1.14505,1.1451,-1,1.99999999999978,1,4132
6E 09-26,1783555020000,1783558020000,1.1452,1.14515,1.145175,1,1.00000000000211,2,4144
6E 09-26,1783555080000,1783558080000,1.14525,1.1452,1.145225,-1,1.00000000000211,2,4145
6E 09-26,1783555320000,1783558320000,1.14535,1.1453,1.145325,1,1.00000000000211,1,4149
6E 09-26,1783555680000,1783558680000,1.14565,1.1456,1.145625,-1,1.00000000000211,1,4155
6E 09-26,1783555920000,1783558920000,1.14585,1.1458,1.145825,1,1.00000000000211,1,4159
6E 09-26,1783556820000,1783559820000,1.14575,1.1457,1.145725,-1,1.00000000000211,1,4174
6E 09-26,1783557180000,1783560180000,1.14605,1.146,1.146025,1,1.00000000000211,1,4180
6E 09-26,1783557360000,1783560360000,1.14595,1.1459,1.145925,1,1.00000000000211,1,4183
6E 09-26,1783557420000,1783560420000,1.14605,1.146,1.146025,-1,1.00000000000211,2,4184
6E 09-26,1783557480000,1783560480000,1.14595,1.1459,1.145925,-1,1.00000000000211,2,4185
6E 09-26,1783557600000,1783560600000,1.14595,1.1459,1.145925,-1,1.00000000000211,3,4187
6E 09-26,1783557720000,1783560720000,1.14595,1.1459,1.145925,-1,1.00000000000211,4,4189
6E 09-26,1783558080000,1783561080000,1.14565,1.14555,1.1456,1,1.99999999999978,2,4195
6E 09-26,1783558200000,1783561200000,1.14565,1.1456,1.145625,-1,1.00000000000211,3,4197
6E 09-26,1783558380000,1783561380000,1.14555,1.1455,1.145525,1,1.00000000000211,2,4200
6E 09-26,1783558620000,1783561620000,1.14555,1.1455,1.145525,-1,1.00000000000211,3,4204
6E 09-26,1783558740000,1783561740000,1.14565,1.1456,1.145625,-1,1.00000000000211,3,4206
6E 09-26,1783558860000,1783561860000,1.14565,1.1456,1.145625,1,1.00000000000211,4,4208
6E 09-26,1783558980000,1783561980000,1.14555,1.1455,1.145525,1,1.00000000000211,4,4210
6E 09-26,1783559280000,1783562280000,1.14555,1.1455,1.145525,1,1.00000000000211,5,4215
6E 09-26,1783559640000,1783562640000,1.14535,1.1453,1.145325,1,1.00000000000211,1,4221
6E 09-26,1783559760000,1783562760000,1.14545,1.1454,1.145425,-1,1.00000000000211,1,4223
6E 09-26,1783560000000,1783563000000,1.14545,1.14535,1.1454,1,1.99999999999978,3,4227
6E 09-26,1783560240000,1783563240000,1.14535,1.1453,1.145325,1,1.00000000000211,3,4231
6E 09-26,1783560420000,1783563420000,1.14535,1.1453,1.145325,-1,1.00000000000211,4,4234
6E 09-26,1783560540000,1783563540000,1.14525,1.1452,1.145225,1,1.00000000000211,1,4236
6E 09-26,1783560600000,1783563600000,1.14525,1.1452,1.145225,1,1.00000000000211,2,4237
6E 09-26,1783560660000,1783563660000,1.1452,1.14515,1.145175,1,1.00000000000211,3,4238
6E 09-26,1783560840000,1783563840000,1.1453,1.1452,1.14525,1,1.99999999999978,7,4241
6E 09-26,1783560960000,1783563960000,1.14535,1.1453,1.145325,-1,1.00000000000211,6,4243
6E 09-26,1783561080000,1783564080000,1.14555,1.1455,1.145525,-1,1.00000000000211,6,4245
6E 09-26,1783561140000,1783564140000,1.14555,1.1455,1.145525,-1,1.00000000000211,6,4246
6E 09-26,1783561680000,1783564680000,1.1452,1.14515,1.145175,1,1.00000000000211,5,4255
6E 09-26,1783562160000,1783565160000,1.14535,1.1453,1.145325,-1,1.00000000000211,7,4263
6E 09-26,1783562220000,1783565220000,1.14535,1.1453,1.145325,1,1.00000000000211,8,4264
6E 09-26,1783562400000,1783565400000,1.14565,1.1456,1.145625,1,1.00000000000211,1,4267
6E 09-26,1783562520000,1783565520000,1.14565,1.1456,1.145625,1,1.00000000000211,2,4269
6E 09-26,1783562640000,1783565640000,1.14575,1.1457,1.145725,1,1.00000000000211,1,4271
6E 09-26,1783562700000,1783565700000,1.14575,1.1457,1.145725,1,1.00000000000211,2,4272
6E 09-26,1783562880000,1783565880000,1.14575,1.1457,1.145725,1,1.00000000000211,3,4275
6E 09-26,1783562940000,1783565940000,1.14585,1.1458,1.145825,-1,1.00000000000211,1,4276
6E 09-26,1783563240000,1783566240000,1.14575,1.1457,1.145725,1,1.00000000000211,4,4281
6E 09-26,1783563720000,1783566720000,1.14575,1.1457,1.145725,-1,1.00000000000211,5,4288
6E 09-26,1783563780000,1783566780000,1.14575,1.1457,1.145725,1,1.00000000000211,6,4289
6E 09-26,1783563960000,1783566960000,1.14575,1.1457,1.145725,-1,1.00000000000211,7,4292
6E 09-26,1783564140000,1783567140000,1.14575,1.1457,1.145725,1,1.00000000000211,8,4295
6E 09-26,1783564920000,1783567920000,1.14555,1.1455,1.145525,1,1.00000000000211,1,4307
6E 09-26,1783564980000,1783567980000,1.14555,1.1455,1.145525,-1,1.00000000000211,2,4308
6E 09-26,1783565040000,1783568040000,1.14555,1.1455,1.145525,1,1.00000000000211,3,4309
6E 09-26,1783565160000,1783568160000,1.14565,1.1456,1.145625,1,1.00000000000211,3,4310
6E 09-26,1783565340000,1783568340000,1.14575,1.1457,1.145725,1,1.00000000000211,9,4313
6E 09-26,1783565400000,1783568400000,1.14575,1.1457,1.145725,-1,1.00000000000211,10,4314
6E 09-26,1783565460000,1783568460000,1.14575,1.1457,1.145725,-1,1.00000000000211,11,4315
6E 09-26,1783565520000,1783568520000,1.14565,1.1456,1.145625,-1,1.00000000000211,4,4316
6E 09-26,1783565580000,1783568580000,1.14565,1.1456,1.145625,1,1.00000000000211,5,4317
6E 09-26,1783565700000,1783568700000,1.1456,1.1455,1.14555,1,1.99999999999978,8,4319
6E 09-26,1783565880000,1783568880000,1.14555,1.1455,1.145525,-1,1.00000000000211,5,4322
6E 09-26,1783565940000,1783568940000,1.14555,1.1455,1.145525,1,1.00000000000211,6,4323
6E 09-26,1783566060000,1783569060000,1.14555,1.1455,1.145525,1,1.00000000000211,7,4325
6E 09-26,1783566540000,1783569540000,1.14565,1.1456,1.145625,1,1.00000000000211,5,4330
6E 09-26,1783566600000,1783569600000,1.14565,1.1456,1.145625,-1,1.00000000000211,6,4331
6E 09-26,1783567140000,1783570140000,1.14545,1.1454,1.145425,-1,1.00000000000211,1,4340
6E 09-26,1783567440000,1783570440000,1.14545,1.1454,1.145425,1,1.00000000000211,2,4344
6E 09-26,1783567620000,1783570620000,1.14575,1.1457,1.145725,-1,1.00000000000211,4,4347
6E 09-26,1783567740000,1783570740000,1.14565,1.1456,1.145625,1,1.00000000000211,7,4349
6E 09-26,1783568040000,1783571040000,1.14605,1.146,1.146025,-1,1.00000000000211,1,4354
6E 09-26,1783568820000,1783571820000,1.14575,1.1457,1.145725,-1,1.00000000000211,2,4366
6E 09-26,1783569120000,1783572120000,1.14575,1.1457,1.145725,1,1.00000000000211,3,4371
6E 09-26,1783569300000,1783572300000,1.1459,1.1458,1.14585,-1,1.99999999999978,1,4374
6E 09-26,1783569480000,1783572480000,1.14575,1.1457,1.145725,-1,1.00000000000211,4,4377
6E 09-26,1783569600000,1783572600000,1.14575,1.1457,1.145725,-1,1.00000000000211,5,4379
6E 09-26,1783569900000,1783572900000,1.14575,1.14565,1.1457,1,1.99999999999978,7,4383
6E 09-26,1783570140000,1783573140000,1.14575,1.1457,1.145725,1,1.00000000000211,7,4385
6E 09-26,1783571340000,1783574340000,1.14565,1.1456,1.145625,-1,1.00000000000211,2,4404
6E 09-26,1783571520000,1783574520000,1.14565,1.1456,1.145625,1,1.00000000000211,3,4407
6E 09-26,1783571940000,1783574940000,1.14565,1.1456,1.145625,1,1.00000000000211,4,4413
6E 09-26,1783572360000,1783575360000,1.14565,1.1456,1.145625,-1,1.00000000000211,5,4419
6E 09-26,1783572900000,1783575900000,1.14575,1.1457,1.145725,-1,1.00000000000211,5,4425
6E 09-26,1783573020000,1783576020000,1.14575,1.1457,1.145725,1,1.00000000000211,6,4426
6E 09-26,1783573140000,1783576140000,1.14575,1.1457,1.145725,1,1.00000000000211,7,4427
6E 09-26,1783573200000,1783576200000,1.14575,1.1457,1.145725,-1,1.00000000000211,7,4428
6E 09-26,1783573500000,1783576500000,1.14575,1.1457,1.145725,-1,1.00000000000211,7,4433
6E 09-26,1783573560000,1783576560000,1.14575,1.1457,1.145725,1,1.00000000000211,7,4434
6E 09-26,1783573980000,1783576980000,1.14615,1.14605,1.1461,1,1.99999999999978,1,4440
6E 09-26,1783574040000,1783577040000,1.1462,1.14615,1.146175,1,1.00000000000211,2,4441
6E 09-26,1783574220000,1783577220000,1.14615,1.1461,1.146125,1,1.00000000000211,3,4444
6E 09-26,1783574280000,1783577280000,1.14615,1.1461,1.146125,-1,1.00000000000211,4,4445
6E 09-26,1783574340000,1783577340000,1.14605,1.146,1.146025,-1,1.00000000000211,2,4446
6E 09-26,1783574760000,1783577760000,1.1462,1.14615,1.146175,1,1.00000000000211,5,4453
6E 09-26,1783574880000,1783577880000,1.1462,1.14615,1.146175,-1,1.00000000000211,6,4455
6E 09-26,1783575120000,1783578120000,1.1462,1.14615,1.146175,-1,1.00000000000211,7,4459
6E 09-26,1783575600000,1783578600000,1.1464,1.14635,1.146375,-1,1.00000000000211,1,4467
6E 09-26,1783575660000,1783578660000,1.1463,1.14625,1.146275,-1,1.00000000000211,1,4468
6E 09-26,1783576260000,1783579260000,1.1464,1.14635,1.146375,-1,1.00000000000211,2,4478
6E 09-26,1783576380000,1783579380000,1.1463,1.14625,1.146275,1,1.00000000000211,2,4480
6E 09-26,1783576680000,1783579680000,1.1462,1.14615,1.146175,1,1.00000000000211,8,4485
6E 09-26,1783576920000,1783579920000,1.1465,1.14645,1.146475,-1,1.00000000000211,1,4489
6E 09-26,1783577040000,1783580040000,1.1466,1.14655,1.146575,-1,1.00000000000211,1,4491
6E 09-26,1783577520000,1783580520000,1.1465,1.14645,1.146475,-1,1.00000000000211,2,4499
6E 09-26,1783577580000,1783580580000,1.1465,1.14645,1.146475,-1,1.00000000000211,3,4500
6E 09-26,1783577640000,1783580640000,1.1465,1.14645,1.146475,-1,1.00000000000211,4,4501
6E 09-26,1783577700000,1783580700000,1.1465,1.14645,1.146475,-1,1.00000000000211,5,4502
6E 09-26,1783577760000,1783580760000,1.14665,1.14655,1.1466,1,1.99999999999978,2,4503
6E 09-26,1783578180000,1783581180000,1.14725,1.1472,1.147225,-1,1.00000000000211,1,4510
6E 09-26,1783578600000,1783581600000,1.14775,1.1477,1.147725,-1,1.00000000000211,1,4517
6E 09-26,1783579200000,1783582200000,1.14755,1.1475,1.147525,-1,1.00000000000211,1,4527
6E 09-26,1783579260000,1783582260000,1.14735,1.1473,1.147325,-1,1.00000000000211,1,4528
6E 09-26,1783579500000,1783582500000,1.14765,1.1476,1.147625,1,1.00000000000211,1,4532
6E 09-26,1783579800000,1783582800000,1.14745,1.1474,1.147425,-1,1.00000000000211,1,4537
6E 09-26,1783579920000,1783582920000,1.14745,1.1474,1.147425,1,1.00000000000211,2,4539
6E 09-26,1783580040000,1783583040000,1.14725,1.1472,1.147225,1,1.00000000000211,2,4541
6E 09-26,1783580280000,1783583280000,1.1471,1.14705,1.147075,1,1.00000000000211,1,4545
6E 09-26,1783580580000,1783583580000,1.1471,1.14705,1.147075,-1,1.00000000000211,2,4550
6E 09-26,1783580700000,1783583700000,1.147,1.1469,1.14695,-1,1.99999999999978,1,4552
6E 09-26,1783581120000,1783584120000,1.1468,1.14675,1.146775,1,1.00000000000211,1,4559
6E 09-26,1783581480000,1783584480000,1.1467,1.14665,1.146675,1,1.00000000000211,1,4565
6E 09-26,1783581840000,1783584840000,1.1468,1.14675,1.146775,-1,1.00000000000211,2,4571
6E 09-26,1783581960000,1783584960000,1.1468,1.14675,1.146775,-1,1.00000000000211,3,4573
6E 09-26,1783582080000,1783585080000,1.1468,1.14675,1.146775,1,1.00000000000211,4,4575
6E 09-26,1783582800000,1783585800000,1.1467,1.14665,1.146675,-1,1.00000000000211,2,4587
6E 09-26,1783582980000,1783585980000,1.1466,1.14655,1.146575,1,1.00000000000211,1,4590
6E 09-26,1783583340000,1783586340000,1.1465,1.14645,1.146475,1,1.00000000000211,1,4596
6E 09-26,1783583580000,1783586580000,1.1465,1.14645,1.146475,1,1.00000000000211,2,4600
6E 09-26,1783583700000,1783586700000,1.1465,1.14645,1.146475,-1,1.00000000000211,3,4602
6E 09-26,1783584180000,1783587180000,1.1465,1.14645,1.146475,1,1.00000000000211,4,4610
6E 09-26,1783584300000,1783587300000,1.1466,1.14655,1.146575,1,1.00000000000211,2,4612
6E 09-26,1783584600000,1783587600000,1.1468,1.14675,1.146775,1,1.00000000000211,4,4617
6E 09-26,1783585200000,1783588200000,1.1468,1.14675,1.146775,1,1.00000000000211,2,4627
6E 09-26,1783585920000,1783588920000,1.1467,1.14665,1.146675,-1,1.00000000000211,1,4639
6E 09-26,1783586100000,1783589100000,1.1465,1.14645,1.146475,1,1.00000000000211,5,4642
6E 09-26,1783586340000,1783589340000,1.1465,1.14645,1.146475,-1,1.00000000000211,6,4646
6E 09-26,1783586640000,1783589640000,1.1462,1.14615,1.146175,1,1.00000000000211,1,4651
6E 09-26,1783586700000,1783589700000,1.1463,1.14625,1.146275,-1,1.00000000000211,1,4652
6E 09-26,1783586880000,1783589880000,1.14605,1.146,1.146025,1,1.00000000000211,1,4655
6E 09-26,1783587780000,1783590780000,1.14585,1.1458,1.145825,1,1.00000000000211,1,4670
6E 09-26,1783587840000,1783590840000,1.14585,1.1458,1.145825,-1,1.00000000000211,2,4671
6E 09-26,1783587960000,1783590960000,1.14585,1.14575,1.1458,-1,1.99999999999978,3,4673
6E 09-26,1783588140000,1783591140000,1.14565,1.1456,1.145625,-1,1.00000000000211,1,4676
6E 09-26,1783588260000,1783591260000,1.14565,1.1456,1.145625,-1,1.00000000000211,2,4678
6E 09-26,1783588320000,1783591320000,1.14565,1.1456,1.145625,1,1.00000000000211,3,4679
6E 09-26,1783588500000,1783591500000,1.14565,1.1456,1.145625,1,1.00000000000211,4,4682
6E 09-26,1783588620000,1783591620000,1.14565,1.1456,1.145625,1,1.00000000000211,5,4684
6E 09-26,1783588680000,1783591680000,1.14575,1.1457,1.145725,1,1.00000000000211,2,4685
6E 09-26,1783589160000,1783592160000,1.14565,1.1456,1.145625,-1,1.00000000000211,6,4693
6E 09-26,1783589280000,1783592280000,1.14585,1.1458,1.145825,1,1.00000000000211,4,4695
6E 09-26,1783589880000,1783592880000,1.14575,1.1457,1.145725,-1,1.00000000000211,3,4705
6E 09-26,1783590120000,1783593120000,1.14565,1.1456,1.145625,-1,1.00000000000211,7,4709
6E 09-26,1783590480000,1783593480000,1.14575,1.1457,1.145725,-1,1.00000000000211,4,4715
6E 09-26,1783591020000,1783594020000,1.14595,1.1459,1.145925,1,1.00000000000211,1,4724
6E 09-26,1783591140000,1783594140000,1.1462,1.1461,1.14615,-1,2.00000000000422,1,4726
6E 09-26,1783591320000,1783594320000,1.14595,1.14585,1.1459,1,1.99999999999978,3,4729
6E 09-26,1783591440000,1783594440000,1.14595,1.1459,1.145925,1,1.00000000000211,3,4731
6E 09-26,1783591500000,1783594500000,1.14595,1.1459,1.145925,1,1.00000000000211,4,4732
6E 09-26,1783591560000,1783594560000,1.14585,1.1458,1.145825,-1,1.00000000000211,3,4733
6E 09-26,1783591620000,1783594620000,1.14595,1.1459,1.145925,-1,1.00000000000211,5,4734
6E 09-26,1783591800000,1783594800000,1.14595,1.1459,1.145925,-1,1.00000000000211,6,4737
6E 09-26,1783592160000,1783595160000,1.14595,1.1459,1.145925,1,1.00000000000211,7,4743
6E 09-26,1783592580000,1783595580000,1.14585,1.1458,1.145825,-1,1.00000000000211,3,4750
6E 09-26,1783592640000,1783595640000,1.14575,1.1457,1.145725,1,1.00000000000211,3,4751
6E 09-26,1783592700000,1783595700000,1.14575,1.1457,1.145725,-1,1.00000000000211,4,4752
6E 09-26,1783592880000,1783595880000,1.14575,1.1457,1.145725,1,1.00000000000211,5,4755
6E 09-26,1783593060000,1783596060000,1.14575,1.14565,1.1457,1,1.99999999999978,6,4758
6E 09-26,1783593180000,1783596180000,1.14585,1.1458,1.145825,1,1.00000000000211,4,4760
6E 09-26,1783593360000,1783596360000,1.14615,1.1461,1.146125,1,1.00000000000211,2,4763
6E 09-26,1783593480000,1783596480000,1.14615,1.1461,1.146125,1,1.00000000000211,3,4765
6E 09-26,1783594080000,1783597080000,1.14585,1.1458,1.145825,-1,1.00000000000211,5,4775
6E 09-26,1783594560000,1783597560000,1.14535,1.1453,1.145325,1,1.00000000000211,1,4783
6E 09-26,1783594800000,1783597800000,1.1454,1.1453,1.14535,1,1.99999999999978,2,4787
6E 09-26,1783595100000,1783598100000,1.14535,1.1453,1.145325,-1,1.00000000000211,3,4792
6E 09-26,1783595520000,1783598520000,1.14545,1.1454,1.145425,1,1.00000000000211,2,4799
6E 09-26,1783595580000,1783598580000,1.14555,1.1455,1.145525,-1,1.00000000000211,1,4800
6E 09-26,1783595820000,1783598820000,1.14565,1.1456,1.145625,1,1.00000000000211,2,4804
6E 09-26,1783596000000,1783599000000,1.14555,1.1455,1.145525,-1,1.00000000000211,2,4807
6E 09-26,1783596120000,1783599120000,1.14545,1.1454,1.145425,-1,1.00000000000211,3,4809
6E 09-26,1783596180000,1783599180000,1.14545,1.1454,1.145425,1,1.00000000000211,4,4810
6E 09-26,1783596360000,1783599360000,1.14545,1.1454,1.145425,-1,1.00000000000211,5,4813
6E 09-26,1783596540000,1783599540000,1.14555,1.1455,1.145525,-1,1.00000000000211,3,4816
6E 09-26,1783596660000,1783599660000,1.14535,1.1453,1.145325,1,1.00000000000211,4,4818
6E 09-26,1783596780000,1783599780000,1.14555,1.1455,1.145525,-1,1.00000000000211,4,4820
6E 09-26,1783596840000,1783599840000,1.14555,1.1455,1.145525,1,1.00000000000211,5,4821
6E 09-26,1783597260000,1783600260000,1.14565,1.1456,1.145625,1,1.00000000000211,2,4828
6E 09-26,1783598040000,1783601040000,1.14595,1.1459,1.145925,-1,1.00000000000211,1,4841
6E 09-26,1783598880000,1783601880000,1.1464,1.14635,1.146375,1,1.00000000000211,1,4855
6E 09-26,1783599000000,1783602000000,1.1465,1.14645,1.146475,-1,1.00000000000211,1,4857
6E 09-26,1783599060000,1783602060000,1.1466,1.14655,1.146575,-1,1.00000000000211,1,4858
6E 09-26,1783599480000,1783602480000,1.1465,1.14645,1.146475,-1,1.00000000000211,2,4865
6E 09-26,1783599600000,1783602600000,1.1465,1.14645,1.146475,-1,1.00000000000211,3,4867
6E 09-26,1783600380000,1783603380000,1.1465,1.14645,1.146475,-1,1.00000000000211,4,4880
6E 09-26,1783600440000,1783603440000,1.1465,1.14645,1.146475,-1,1.00000000000211,5,4881
6E 09-26,1783600680000,1783603680000,1.1463,1.14625,1.146275,1,1.00000000000211,1,4885
6E 09-26,1783600920000,1783603920000,1.14605,1.146,1.146025,-1,1.00000000000211,1,4889
6E 09-26,1783601280000,1783604280000,1.14585,1.1458,1.145825,-1,1.00000000000211,1,4895
6E 09-26,1783601880000,1783604880000,1.14565,1.1456,1.145625,-1,1.00000000000211,1,4905
6E 09-26,1783601940000,1783604940000,1.14545,1.1454,1.145425,1,1.00000000000211,1,4906
6E 09-26,1783602180000,1783605180000,1.14575,1.1457,1.145725,1,1.00000000000211,1,4910
6E 09-26,1783602240000,1783605240000,1.14575,1.1457,1.145725,-1,1.00000000000211,2,4911
6E 09-26,1783602540000,1783605540000,1.14605,1.146,1.146025,1,1.00000000000211,2,4916
6E 09-26,1783602600000,1783605600000,1.14605,1.146,1.146025,1,1.00000000000211,3,4917
6E 09-26,1783603080000,1783606080000,1.1466,1.14655,1.146575,-1,1.00000000000211,1,4925
6E 09-26,1783603200000,1783606200000,1.1463,1.14625,1.146275,-1,1.00000000000211,2,4927
6E 09-26,1783603380000,1783606380000,1.1463,1.1462,1.14625,1,1.99999999999978,3,4930
6E 09-26,1783603860000,1783606860000,1.1466,1.14655,1.146575,1,1.00000000000211,2,4938
6E 09-26,1783603920000,1783606920000,1.1463,1.14625,1.146275,1,1.00000000000211,3,4939
6E 09-26,1783603980000,1783606980000,1.1464,1.14635,1.146375,-1,1.00000000000211,1,4940
6E 09-26,1783604280000,1783607280000,1.1464,1.14635,1.146375,-1,1.00000000000211,2,4945
6E 09-26,1783604400000,1783607400000,1.1463,1.14625,1.146275,-1,1.00000000000211,4,4947
6E 09-26,1783605060000,1783608060000,1.1467,1.14665,1.146675,-1,1.00000000000211,1,4958
6E 09-26,1783605120000,1783608120000,1.1468,1.14675,1.146775,-1,1.00000000000211,1,4959
6E 09-26,1783605540000,1783608540000,1.1469,1.14685,1.146875,-1,1.00000000000211,1,4966
6E 09-26,1783605600000,1783608600000,1.147,1.14695,1.146975,1,1.00000000000211,1,4967
6E 09-26,1783605720000,1783608720000,1.14735,1.1473,1.147325,-1,1.00000000000211,1,4969
6E 09-26,1783605840000,1783608840000,1.14755,1.1475,1.147525,1,1.00000000000211,1,4971
6E 09-26,1783605960000,1783608960000,1.14755,1.1475,1.147525,-1,1.00000000000211,2,4973
6E 09-26,1783606080000,1783609080000,1.1472,1.14715,1.147175,1,1.00000000000211,1,4975
6E 09-26,1783606140000,1783609140000,1.14725,1.1472,1.147225,1,1.00000000000211,2,4976
6E 09-26,1783606740000,1783609740000,1.1468,1.14675,1.146775,-1,1.00000000000211,2,4986
6E 09-26,1783607280000,1783610280000,1.147,1.14695,1.146975,1,1.00000000000211,2,4995
6E 09-26,1783607340000,1783610340000,1.147,1.14695,1.146975,1,1.00000000000211,3,4996
6E 09-26,1783607580000,1783610580000,1.1468,1.14675,1.146775,1,1.00000000000211,3,5000
6E 09-26,1783607760000,1783610760000,1.14725,1.1472,1.147225,1,1.00000000000211,3,5003
6E 09-26,1783607820000,1783610820000,1.1471,1.14705,1.147075,-1,1.00000000000211,1,5004
6E 09-26,1783608300000,1783611300000,1.1467,1.14665,1.146675,1,1.00000000000211,1,5012
6E 09-26,1783608600000,1783611600000,1.1466,1.1465,1.14655,1,1.99999999999978,1,5017
6E 09-26,1783609080000,1783612080000,1.1463,1.14625,1.146275,1,1.00000000000211,1,5025
6E 09-26,1783609500000,1783612500000,1.14615,1.1461,1.146125,1,1.00000000000211,1,5032
6E 09-26,1783610040000,1783613040000,1.14615,1.1461,1.146125,-1,1.00000000000211,2,5041
6E 09-26,1783610100000,1783613100000,1.1462,1.14615,1.146175,1,1.00000000000211,3,5042
6E 09-26,1783610220000,1783613220000,1.14615,1.1461,1.146125,-1,1.00000000000211,4,5044
6E 09-26,1783610340000,1783613340000,1.14615,1.1461,1.146125,1,1.00000000000211,5,5046
6E 09-26,1783610580000,1783613580000,1.14615,1.1461,1.146125,-1,1.00000000000211,6,5050
6E 09-26,1783610760000,1783613760000,1.1463,1.14625,1.146275,1,1.00000000000211,2,5053
6E 09-26,1783610880000,1783613880000,1.1465,1.1464,1.14645,-1,1.99999999999978,2,5055
6E 09-26,1783611000000,1783614000000,1.1464,1.14635,1.146375,-1,1.00000000000211,2,5057
6E 09-26,1783611420000,1783614420000,1.1462,1.14615,1.146175,1,1.00000000000211,7,5064
6E 09-26,1783611480000,1783614480000,1.1462,1.14615,1.146175,1,1.00000000000211,8,5065
6E 09-26,1783612020000,1783615020000,1.1469,1.14685,1.146875,-1,1.00000000000211,1,5074
6E 09-26,1783612080000,1783615080000,1.1468,1.1467,1.14675,-1,1.99999999999978,1,5075
6E 09-26,1783612980000,1783615980000,1.147,1.14695,1.146975,1,1.00000000000211,1,5090
6E 09-26,1783613700000,1783616700000,1.147,1.14695,1.146975,-1,1.00000000000211,2,5102
6E 09-26,1783613940000,1783616940000,1.1468,1.14675,1.146775,1,1.00000000000211,2,5106
6E 09-26,1783614120000,1783617120000,1.1467,1.14665,1.146675,1,1.00000000000211,2,5109
6E 09-26,1783615380000,1783618380000,1.147,1.14695,1.146975,1,1.00000000000211,3,5130
6E 09-26,1783615680000,1783618680000,1.1471,1.14705,1.147075,1,1.00000000000211,1,5135
6E 09-26,1783615920000,1783618920000,1.147,1.14695,1.146975,1,1.00000000000211,4,5139
6E 09-26,1783615980000,1783618980000,1.147,1.14695,1.146975,-1,1.00000000000211,5,5140
6E 09-26,1783616160000,1783619160000,1.1469,1.14685,1.146875,-1,1.00000000000211,1,5143
6E 09-26,1783616280000,1783619280000,1.1467,1.14665,1.146675,1,1.00000000000211,2,5145
6E 09-26,1783616580000,1783619580000,1.1467,1.14665,1.146675,-1,1.00000000000211,3,5150
6E 09-26,1783617180000,1783620180000,1.1466,1.14655,1.146575,-1,1.00000000000211,1,5160
6E 09-26,1783617300000,1783620300000,1.1467,1.14665,1.146675,-1,1.00000000000211,3,5162
6E 09-26,1783617480000,1783620480000,1.1468,1.14675,1.146775,1,1.00000000000211,1,5165
6E 09-26,1783617540000,1783620540000,1.1469,1.14685,1.146875,1,1.00000000000211,2,5166
6E 09-26,1783618020000,1783621020000,1.147,1.14695,1.146975,-1,1.00000000000211,4,5174
6E 09-26,1783618260000,1783621260000,1.1471,1.14705,1.147075,-1,1.00000000000211,2,5178
6E 09-26,1783618680000,1783621680000,1.1469,1.14685,1.146875,1,1.00000000000211,3,5185
6E 09-26,1783619400000,1783622400000,1.1468,1.14675,1.146775,1,1.00000000000211,2,5197
6E 09-26,1783619580000,1783622580000,1.1468,1.14675,1.146775,-1,1.00000000000211,3,5199
6E 09-26,1783619640000,1783622640000,1.1468,1.14675,1.146775,-1,1.00000000000211,4,5200
6E 09-26,1783619760000,1783622760000,1.1468,1.14675,1.146775,1,1.00000000000211,5,5202
6E 09-26,1783619940000,1783622940000,1.1468,1.14675,1.146775,1,1.00000000000211,6,5205
6E 09-26,1783620240000,1783623240000,1.1467,1.14665,1.146675,-1,1.00000000000211,2,5210
6E 09-26,1783620600000,1783623600000,1.1467,1.14665,1.146675,1,1.00000000000211,2,5216
6E 09-26,1783620660000,1783623660000,1.1467,1.14665,1.146675,-1,1.00000000000211,3,5217
6E 09-26,1783620780000,1783623780000,1.1466,1.14655,1.146575,1,1.00000000000211,1,5219
6E 09-26,1783620840000,1783623840000,1.1466,1.14655,1.146575,1,1.00000000000211,2,5220
6E 09-26,1783620900000,1783623900000,1.1466,1.14655,1.146575,1,1.00000000000211,3,5221
6E 09-26,1783621020000,1783624020000,1.1466,1.14655,1.146575,-1,1.00000000000211,4,5223
6E 09-26,1783621140000,1783624140000,1.1465,1.14645,1.146475,-1,1.00000000000211,1,5225
6E 09-26,1783621560000,1783624560000,1.1464,1.14635,1.146375,1,1.00000000000211,1,5232
6E 09-26,1783622160000,1783625160000,1.1463,1.14625,1.146275,-1,1.00000000000211,1,5242
6E 09-26,1783622760000,1783625760000,1.1463,1.14625,1.146275,-1,1.00000000000211,2,5252
6E 09-26,1783622940000,1783625940000,1.1464,1.14635,1.146375,1,1.00000000000211,2,5254
6E 09-26,1783623120000,1783626120000,1.1463,1.14625,1.146275,1,1.00000000000211,3,5257
6E 09-26,1783623180000,1783626180000,1.1463,1.14625,1.146275,-1,1.00000000000211,4,5258
6E 09-26,1783623300000,1783626300000,1.1464,1.14635,1.146375,1,1.00000000000211,3,5260
6E 09-26,1783623360000,1783626360000,1.1464,1.14635,1.146375,-1,1.00000000000211,4,5261
6E 09-26,1783623420000,1783626420000,1.1464,1.14635,1.146375,1,1.00000000000211,5,5262
6E 09-26,1783623900000,1783626900000,1.1463,1.14625,1.146275,1,1.00000000000211,5,5270
6E 09-26,1783624260000,1783627260000,1.14615,1.1461,1.146125,-1,1.00000000000211,1,5276
6E 09-26,1783624500000,1783627500000,1.1462,1.14615,1.146175,1,1.00000000000211,2,5280
6E 09-26,1783624620000,1783627620000,1.1462,1.14615,1.146175,-1,1.00000000000211,3,5282
6E 09-26,1783624920000,1783627920000,1.1462,1.14615,1.146175,-1,1.00000000000211,4,5287
6E 09-26,1783624980000,1783627980000,1.1462,1.14615,1.146175,1,1.00000000000211,5,5288
6E 09-26,1783625040000,1783628040000,1.1462,1.14615,1.146175,-1,1.00000000000211,6,5289
6E 09-26,1783625220000,1783628220000,1.14595,1.14585,1.1459,1,1.99999999999978,1,5292
6E 09-26,1783625520000,1783628520000,1.14585,1.1458,1.145825,-1,1.00000000000211,2,5297
6E 09-26,1783625580000,1783628580000,1.14585,1.1458,1.145825,1,1.00000000000211,3,5298
6E 09-26,1783625940000,1783628940000,1.14595,1.1459,1.145925,1,1.00000000000211,2,5304
6E 09-26,1783626060000,1783629060000,1.14595,1.1459,1.145925,1,1.00000000000211,3,5306
6E 09-26,1783626420000,1783629420000,1.14575,1.1457,1.145725,-1,1.00000000000211,1,5312
6E 09-26,1783626540000,1783629540000,1.14575,1.1457,1.145725,-1,1.00000000000211,2,5314
6E 09-26,1783626600000,1783629600000,1.14575,1.1457,1.145725,-1,1.00000000000211,3,5315
6E 09-26,1783626720000,1783629720000,1.14575,1.1457,1.145725,1,1.00000000000211,4,5317
6E 09-26,1783627380000,1783630380000,1.14585,1.1458,1.145825,-1,1.00000000000211,4,5328
6E 09-26,1783627560000,1783630560000,1.14585,1.1458,1.145825,1,1.00000000000211,5,5331
6E 09-26,1783627740000,1783630740000,1.14595,1.1459,1.145925,1,1.00000000000211,4,5334
6E 09-26,1783628040000,1783631040000,1.14595,1.1459,1.145925,1,1.00000000000211,5,5339
6E 09-26,1783628160000,1783631160000,1.14595,1.1459,1.145925,1,1.00000000000211,6,5341
6E 09-26,1783628820000,1783631820000,1.14605,1.146,1.146025,-1,1.00000000000211,1,5352
6E 09-26,1783629060000,1783632060000,1.14595,1.1459,1.145925,-1,1.00000000000211,5,5356
6E 09-26,1783629120000,1783632120000,1.14595,1.1459,1.145925,1,1.00000000000211,5,5357
6E 09-26,1783629960000,1783632960000,1.14595,1.1459,1.145925,-1,1.00000000000211,6,5369
6E 09-26,1783630200000,1783633200000,1.14595,1.1459,1.145925,-1,1.00000000000211,7,5373
6E 09-26,1783630320000,1783633320000,1.14595,1.1459,1.145925,1,1.00000000000211,8,5375
6E 09-26,1783630500000,1783633500000,1.14595,1.1459,1.145925,-1,1.00000000000211,9,5378
6E 09-26,1783630620000,1783633620000,1.14595,1.1459,1.145925,-1,1.00000000000211,10,5380
6E 09-26,1783630740000,1783633740000,1.14605,1.146,1.146025,-1,1.00000000000211,2,5382
6E 09-26,1783634520000,1783637520000,1.14595,1.1459,1.145925,1,1.00000000000211,10,5385
6E 09-26,1783634640000,1783637640000,1.14605,1.146,1.146025,1,1.00000000000211,3,5387
6E 09-26,1783634880000,1783637880000,1.1463,1.14625,1.146275,-1,1.00000000000211,1,5390
6E 09-26,1783635420000,1783638420000,1.1463,1.14625,1.146275,1,1.00000000000211,2,5397
6E 09-26,1783635660000,1783638660000,1.1463,1.14625,1.146275,-1,1.00000000000211,3,5400
6E 09-26,1783636080000,1783639080000,1.1463,1.14625,1.146275,-1,1.00000000000211,4,5404
6E 09-26,1783636200000,1783639200000,1.1463,1.14625,1.146275,1,1.00000000000211,5,5406
6E 09-26,1783636560000,1783639560000,1.1463,1.14625,1.146275,-1,1.00000000000211,6,5408
6E 09-26,1783637040000,1783640040000,1.1463,1.14625,1.146275,1,1.00000000000211,7,5411
6E 09-26,1783637220000,1783640220000,1.1463,1.14625,1.146275,-1,1.00000000000211,8,5412
6E 09-26,1783637280000,1783640280000,1.1463,1.14625,1.146275,1,1.00000000000211,9,5413
6E 09-26,1783638420000,1783641420000,1.1464,1.14635,1.146375,1,1.00000000000211,1,5420
6E 09-26,1783638480000,1783641480000,1.1464,1.1463,1.14635,-1,1.99999999999978,11,5421
6E 09-26,1783639200000,1783642200000,1.1463,1.14625,1.146275,-1,1.00000000000211,11,5428
6E 09-26,1783639320000,1783642320000,1.1463,1.14625,1.146275,-1,1.00000000000211,12,5430
6E 09-26,1783639440000,1783642440000,1.1462,1.14615,1.146175,-1,1.00000000000211,1,5432
6E 09-26,1783639680000,1783642680000,1.14615,1.1461,1.146125,1,1.00000000000211,2,5436
6E 09-26,1783639860000,1783642860000,1.1462,1.14615,1.146175,1,1.00000000000211,3,5439
6E 09-26,1783639920000,1783642920000,1.14615,1.1461,1.146125,1,1.00000000000211,4,5440
6E 09-26,1783640040000,1783643040000,1.14615,1.1461,1.146125,-1,1.00000000000211,5,5441
6E 09-26,1783640580000,1783643580000,1.1463,1.14625,1.146275,1,1.00000000000211,11,5449
6E 09-26,1783640700000,1783643700000,1.1463,1.14625,1.146275,1,1.00000000000211,11,5451
6E 09-26,1783641060000,1783644060000,1.1463,1.14625,1.146275,1,1.00000000000211,10,5457
6E 09-26,1783641600000,1783644600000,1.1463,1.14625,1.146275,1,1.00000000000211,7,5465
6E 09-26,1783641840000,1783644840000,1.14635,1.14625,1.1463,1,1.99999999999978,9,5469
6E 09-26,1783642080000,1783645080000,1.1463,1.14625,1.146275,-1,1.00000000000211,8,5473
6E 09-26,1783642620000,1783645620000,1.1462,1.14615,1.146175,-1,1.00000000000211,6,5482
6E 09-26,1783642740000,1783645740000,1.1462,1.14615,1.146175,-1,1.00000000000211,6,5484
6E 09-26,1783642860000,1783645860000,1.14615,1.1461,1.146125,1,1.00000000000211,7,5485
6E 09-26,1783642920000,1783645920000,1.14615,1.1461,1.146125,-1,1.00000000000211,8,5486
6E 09-26,1783643820000,1783646820000,1.14615,1.1461,1.146125,-1,1.00000000000211,5,5501
6E 09-26,1783644300000,1783647300000,1.1465,1.14645,1.146475,1,1.00000000000211,1,5509
6E 09-26,1783644780000,1783647780000,1.1467,1.14665,1.146675,-1,1.00000000000211,1,5517
6E 09-26,1783645080000,1783648080000,1.1472,1.14715,1.147175,1,1.00000000000211,1,5522
6E 09-26,1783645140000,1783648140000,1.1471,1.14705,1.147075,-1,1.00000000000211,1,5523
6E 09-26,1783645200000,1783648200000,1.147,1.14695,1.146975,-1,1.00000000000211,1,5524
6E 09-26,1783645320000,1783648320000,1.1469,1.14685,1.146875,-1,1.00000000000211,1,5526
6E 09-26,1783645740000,1783648740000,1.1472,1.14715,1.147175,1,1.00000000000211,2,5533
6E 09-26,1783645800000,1783648800000,1.1472,1.1471,1.14715,-1,1.99999999999978,4,5534
6E 09-26,1783645980000,1783648980000,1.14725,1.14715,1.1472,1,2.00000000000422,4,5537
6E 09-26,1783646040000,1783649040000,1.14735,1.1473,1.147325,-1,1.00000000000211,1,5538
6E 09-26,1783646100000,1783649100000,1.14745,1.1474,1.147425,-1,1.00000000000211,1,5539
6E 09-26,1783646220000,1783649220000,1.14755,1.1475,1.147525,1,1.00000000000211,1,5541
6E 09-26,1783646880000,1783649880000,1.1472,1.14715,1.147175,-1,1.00000000000211,5,5552
6E 09-26,1783646940000,1783649940000,1.14725,1.1472,1.147225,1,1.00000000000211,6,5553
6E 09-26,1783647180000,1783650180000,1.1473,1.1472,1.14725,1,1.99999999999978,8,5557
6E 09-26,1783647240000,1783650240000,1.14735,1.1473,1.147325,-1,1.00000000000211,3,5558
6E 09-26,1783647540000,1783650540000,1.14735,1.1473,1.147325,1,1.00000000000211,4,5563
6E 09-26,1783647600000,1783650600000,1.14735,1.1473,1.147325,-1,1.00000000000211,5,5564
6E 09-26,1783647660000,1783650660000,1.14735,1.1473,1.147325,-1,1.00000000000211,6,5565
6E 09-26,1783647720000,1783650720000,1.14735,1.1473,1.147325,1,1.00000000000211,7,5566
6E 09-26,1783647780000,1783650780000,1.1475,1.1474,1.14745,-1,1.99999999999978,3,5567
6E 09-26,1783648140000,1783651140000,1.14755,1.1475,1.147525,1,1.00000000000211,3,5573
6E 09-26,1783648380000,1783651380000,1.14775,1.1477,1.147725,1,1.00000000000211,1,5577
6E 09-26,1783648920000,1783651920000,1.14775,1.1477,1.147725,-1,1.00000000000211,2,5586
6E 09-26,1783649160000,1783652160000,1.14795,1.1479,1.147925,-1,1.00000000000211,1,5590
6E 09-26,1783649340000,1783652340000,1.1484,1.1483,1.14835,1,1.99999999999978,1,5593
6E 09-26,1783649640000,1783652640000,1.1484,1.14835,1.148375,1,1.00000000000211,2,5598
6E 09-26,1783650120000,1783653120000,1.1489,1.14885,1.148875,1,1.00000000000211,1,5606
6E 09-26,1783650180000,1783653180000,1.1488,1.14875,1.148775,1,1.00000000000211,1,5607
6E 09-26,1783650420000,1783653420000,1.1489,1.14885,1.148875,-1,1.00000000000211,2,5611
6E 09-26,1783650780000,1783653780000,1.1487,1.14865,1.148675,1,1.00000000000211,1,5617
6E 09-26,1783651320000,1783654320000,1.1488,1.14875,1.148775,-1,1.00000000000211,2,5626
6E 09-26,1783651920000,1783654920000,1.149,1.14895,1.148975,-1,1.00000000000211,1,5636
6E 09-26,1783651980000,1783654980000,1.149,1.14895,1.148975,-1,1.00000000000211,2,5637
6E 09-26,1783652280000,1783655280000,1.1489,1.14885,1.148875,-1,1.00000000000211,3,5642
6E 09-26,1783652700000,1783655700000,1.1488,1.14875,1.148775,-1,1.00000000000211,3,5649
6E 09-26,1783653060000,1783656060000,1.1488,1.1487,1.14875,-1,1.99999999999978,5,5655
6E 09-26,1783653120000,1783656120000,1.1487,1.14865,1.148675,-1,1.00000000000211,3,5656
6E 09-26,1783653480000,1783656480000,1.1486,1.14855,1.148575,1,1.00000000000211,1,5662
6E 09-26,1783653600000,1783656600000,1.1486,1.14855,1.148575,-1,1.00000000000211,2,5664
6E 09-26,1783653660000,1783656660000,1.1485,1.14845,1.148475,-1,1.00000000000211,1,5665
6E 09-26,1783654200000,1783657200000,1.1486,1.14855,1.148575,1,1.00000000000211,3,5674
6E 09-26,1783654260000,1783657260000,1.1486,1.14855,1.148575,-1,1.00000000000211,4,5675
6E 09-26,1783654380000,1783657380000,1.14865,1.14855,1.1486,1,1.99999999999978,6,5677
6E 09-26,1783655460000,1783658460000,1.1482,1.14815,1.148175,-1,1.00000000000211,1,5695
6E 09-26,1783655700000,1783658700000,1.14805,1.148,1.148025,-1,1.00000000000211,1,5699
6E 09-26,1783655760000,1783658760000,1.14795,1.1479,1.147925,1,1.00000000000211,1,5700
6E 09-26,1783655940000,1783658940000,1.14785,1.1478,1.147825,1,1.00000000000211,1,5703
6E 09-26,1783656000000,1783659000000,1.14795,1.1479,1.147925,-1,1.00000000000211,2,5704
6E 09-26,1783656120000,1783659120000,1.14785,1.1478,1.147825,-1,1.00000000000211,2,5706
6E 09-26,1783656480000,1783659480000,1.1478,1.1477,1.14775,-1,1.99999999999978,3,5712
6E 09-26,1783656540000,1783659540000,1.14775,1.1477,1.147725,1,1.00000000000211,2,5713
6E 09-26,1783657500000,1783660500000,1.14745,1.1474,1.147425,-1,1.00000000000211,1,5729
6E 09-26,1783657560000,1783660560000,1.14745,1.1474,1.147425,1,1.00000000000211,2,5730
6E 09-26,1783657740000,1783660740000,1.1476,1.1475,1.14755,-1,1.99999999999978,1,5733
6E 09-26,1783657800000,1783660800000,1.14755,1.1475,1.147525,-1,1.00000000000211,2,5734
6E 09-26,1783658640000,1783661640000,1.14735,1.1473,1.147325,1,1.00000000000211,1,5748
6E 09-26,1783659000000,1783662000000,1.14715,1.14705,1.1471,1,1.99999999999978,1,5754
6E 09-26,1783659060000,1783662060000,1.1471,1.14705,1.147075,-1,1.00000000000211,2,5755
6E 09-26,1783659420000,1783662420000,1.1471,1.14705,1.147075,-1,1.00000000000211,3,5761
6E 09-26,1783659720000,1783662720000,1.14725,1.1472,1.147225,-1,1.00000000000211,1,5766
6E 09-26,1783659960000,1783662960000,1.14735,1.1473,1.147325,1,1.00000000000211,2,5770
6E 09-26,1783660980000,1783663980000,1.1468,1.14675,1.146775,-1,1.00000000000211,1,5787
6E 09-26,1783661100000,1783664100000,1.1468,1.14675,1.146775,-1,1.00000000000211,2,5788
6E 09-26,1783661340000,1783664340000,1.1468,1.14675,1.146775,-1,1.00000000000211,3,5792
6E 09-26,1783661640000,1783664640000,1.1468,1.14675,1.146775,1,1.00000000000211,4,5797
6E 09-26,1783662480000,1783665480000,1.14685,1.14675,1.1468,1,1.99999999999978,5,5811
6E 09-26,1783662780000,1783665780000,1.147,1.14695,1.146975,-1,1.00000000000211,1,5816
6E 09-26,1783662960000,1783665960000,1.1469,1.14685,1.146875,1,1.00000000000211,2,5819
6E 09-26,1783663140000,1783666140000,1.147,1.14695,1.146975,-1,1.00000000000211,2,5822
6E 09-26,1783663200000,1783666200000,1.147,1.14695,1.146975,1,1.00000000000211,3,5823
6E 09-26,1783663380000,1783666380000,1.147,1.14695,1.146975,-1,1.00000000000211,4,5826
6E 09-26,1783663620000,1783666620000,1.147,1.14695,1.146975,1,1.00000000000211,5,5830
6E 09-26,1783663740000,1783666740000,1.1472,1.14715,1.147175,-1,1.00000000000211,1,5832
6E 09-26,1783663860000,1783666860000,1.1472,1.14715,1.147175,1,1.00000000000211,2,5834
6E 09-26,1783663980000,1783666980000,1.14725,1.1472,1.147225,1,1.00000000000211,3,5836
6E 09-26,1783664160000,1783667160000,1.14725,1.14715,1.1472,-1,2.00000000000422,4,5839
6E 09-26,1783664340000,1783667340000,1.1474,1.1473,1.14735,1,1.99999999999978,1,5842
6E 09-26,1783664520000,1783667520000,1.14755,1.1475,1.147525,-1,1.00000000000211,1,5845
6E 09-26,1783664640000,1783667640000,1.14755,1.1475,1.147525,1,1.00000000000211,2,5847
6E 09-26,1783664700000,1783667700000,1.14755,1.1475,1.147525,-1,1.00000000000211,3,5848
6E 09-26,1783664760000,1783667760000,1.14745,1.1474,1.147425,1,1.00000000000211,2,5849
6E 09-26,1783664880000,1783667880000,1.14745,1.1474,1.147425,-1,1.00000000000211,3,5851
6E 09-26,1783664940000,1783667940000,1.14735,1.1473,1.147325,-1,1.00000000000211,2,5852
6E 09-26,1783665120000,1783668120000,1.14725,1.1472,1.147225,1,1.00000000000211,5,5855
6E 09-26,1783665240000,1783668240000,1.14735,1.1473,1.147325,-1,1.00000000000211,3,5857
6E 09-26,1783665300000,1783668300000,1.1474,1.1473,1.14735,1,1.99999999999978,6,5858
6E 09-26,1783665720000,1783668720000,1.14725,1.1472,1.147225,-1,1.00000000000211,6,5865
6E 09-26,1783665780000,1783668780000,1.14725,1.14715,1.1472,-1,2.00000000000422,7,5866
6E 09-26,1783666140000,1783669140000,1.147,1.14695,1.146975,1,1.00000000000211,5,5872
6E 09-26,1783666680000,1783669680000,1.14725,1.1472,1.147225,1,1.00000000000211,8,5881
6E 09-26,1783666800000,1783669800000,1.1472,1.14715,1.147175,1,1.00000000000211,8,5883
6E 09-26,1783666860000,1783669860000,1.1471,1.14705,1.147075,1,1.00000000000211,1,5884
6E 09-26,1783667580000,1783670580000,1.1468,1.14675,1.146775,-1,1.00000000000211,1,5896
6E 09-26,1783668240000,1783671240000,1.147,1.14695,1.146975,1,1.00000000000211,2,5907
6E 09-26,1783668300000,1783671300000,1.147,1.14695,1.146975,1,1.00000000000211,3,5908
6E 09-26,1783668420000,1783671420000,1.1468,1.14675,1.146775,1,1.00000000000211,2,5910
6E 09-26,1783669200000,1783672200000,1.1468,1.14675,1.146775,-1,1.00000000000211,3,5923
6E 09-26,1783669500000,1783672500000,1.147,1.14695,1.146975,1,1.00000000000211,3,5928
6E 09-26,1783669980000,1783672980000,1.1469,1.14685,1.146875,-1,1.00000000000211,1,5936
6E 09-26,1783670220000,1783673220000,1.1467,1.14665,1.146675,-1,1.00000000000211,1,5940
6E 09-26,1783670340000,1783673340000,1.1467,1.14665,1.146675,1,1.00000000000211,2,5942
6E 09-26,1783670460000,1783673460000,1.1466,1.14655,1.146575,-1,1.00000000000211,1,5944
6E 09-26,1783671240000,1783674240000,1.1468,1.14675,1.146775,1,1.00000000000211,3,5957
6E 09-26,1783671300000,1783674300000,1.1467,1.14665,1.146675,-1,1.00000000000211,3,5958
6E 09-26,1783671960000,1783674960000,1.1463,1.14625,1.146275,1,1.00000000000211,1,5969
6E 09-26,1783672020000,1783675020000,1.14635,1.14625,1.1463,-1,1.99999999999978,2,5970
6E 09-26,1783672140000,1783675140000,1.1464,1.14635,1.146375,1,1.00000000000211,2,5972
6E 09-26,1783672260000,1783675260000,1.1464,1.14635,1.146375,1,1.00000000000211,3,5974
6E 09-26,1783672380000,1783675380000,1.1465,1.14645,1.146475,1,1.00000000000211,1,5976
6E 09-26,1783672680000,1783675680000,1.1463,1.14625,1.146275,-1,1.00000000000211,3,5981
6E 09-26,1783672860000,1783675860000,1.1462,1.14615,1.146175,1,1.00000000000211,1,5984
6E 09-26,1783673520000,1783676520000,1.1463,1.14625,1.146275,1,1.00000000000211,4,5995
6E 09-26,1783673640000,1783676640000,1.14605,1.146,1.146025,1,1.00000000000211,1,5997
6E 09-26,1783673820000,1783676820000,1.1463,1.14625,1.146275,1,1.00000000000211,5,6000
6E 09-26,1783674000000,1783677000000,1.14605,1.14595,1.146,-1,1.99999999999978,2,6003
6E 09-26,1783674060000,1783677060000,1.14605,1.146,1.146025,-1,1.00000000000211,3,6004
6E 09-26,1783674180000,1783677180000,1.1462,1.14615,1.146175,-1,1.00000000000211,2,6006
6E 09-26,1783674300000,1783677300000,1.1464,1.14635,1.146375,1,1.00000000000211,4,6008
6E 09-26,1783674540000,1783677540000,1.1462,1.14615,1.146175,-1,1.00000000000211,3,6012
6E 09-26,1783674600000,1783677600000,1.1462,1.14615,1.146175,1,1.00000000000211,4,6013
6E 09-26,1783674960000,1783677960000,1.1463,1.14625,1.146275,1,1.00000000000211,6,6019
6E 09-26,1783675140000,1783678140000,1.1462,1.14615,1.146175,1,1.00000000000211,5,6022
6E 09-26,1783675200000,1783678200000,1.14615,1.1461,1.146125,-1,1.00000000000211,6,6023
6E 09-26,1783675260000,1783678260000,1.14605,1.146,1.146025,-1,1.00000000000211,4,6024
6E 09-26,1783675500000,1783678500000,1.1462,1.14615,1.146175,1,1.00000000000211,7,6028
6E 09-26,1783675560000,1783678560000,1.1463,1.14625,1.146275,1,1.00000000000211,5,6029
6E 09-26,1783675740000,1783678740000,1.1462,1.14615,1.146175,-1,1.00000000000211,8,6032
6E 09-26,1783676340000,1783679340000,1.14615,1.1461,1.146125,1,1.00000000000211,8,6042
6E 09-26,1783676520000,1783679520000,1.1462,1.14615,1.146175,1,1.00000000000211,9,6045
6E 09-26,1783676580000,1783679580000,1.14615,1.1461,1.146125,-1,1.00000000000211,10,6046
6E 09-26,1783676700000,1783679700000,1.14595,1.1459,1.145925,1,1.00000000000211,2,6048
6E 09-26,1783677300000,1783680300000,1.14585,1.1458,1.145825,1,1.00000000000211,1,6058
6E 09-26,1783677540000,1783680540000,1.14575,1.1457,1.145725,-1,1.00000000000211,1,6062
6E 09-26,1783677720000,1783680720000,1.14575,1.1457,1.145725,1,1.00000000000211,2,6065
6E 09-26,1783678560000,1783681560000,1.14585,1.1458,1.145825,1,1.00000000000211,2,6079
6E 09-26,1783678680000,1783681680000,1.14595,1.1459,1.145925,-1,1.00000000000211,2,6081
6E 09-26,1783678740000,1783681740000,1.14605,1.146,1.146025,1,1.00000000000211,1,6082
6E 09-26,1783679160000,1783682160000,1.1462,1.14615,1.146175,-1,1.00000000000211,4,6089
6E 09-26,1783679280000,1783682280000,1.1462,1.14615,1.146175,1,1.00000000000211,5,6091
6E 09-26,1783679520000,1783682520000,1.1462,1.14615,1.146175,-1,1.00000000000211,5,6095
6E 09-26,1783679580000,1783682580000,1.14615,1.1461,1.146125,1,1.00000000000211,5,6096
6E 09-26,1783680180000,1783683180000,1.14615,1.1461,1.146125,-1,1.00000000000211,5,6106
6E 09-26,1783680300000,1783683300000,1.14615,1.1461,1.146125,1,1.00000000000211,6,6108
6E 09-26,1783680480000,1783683480000,1.1462,1.14615,1.146175,-1,1.00000000000211,7,6111
6E 09-26,1783680660000,1783683660000,1.1463,1.14625,1.146275,1,1.00000000000211,1,6114
6E 09-26,1783680780000,1783683780000,1.1464,1.14635,1.146375,1,1.00000000000211,1,6116
6E 09-26,1783680960000,1783683960000,1.1465,1.14645,1.146475,-1,1.00000000000211,1,6119
6E 09-26,1783681320000,1783684320000,1.1465,1.14645,1.146475,1,1.00000000000211,2,6125
6E 09-26,1783681560000,1783684560000,1.1464,1.14635,1.146375,1,1.00000000000211,2,6129
6E 09-26,1783681740000,1783684740000,1.1462,1.14615,1.146175,-1,1.00000000000211,8,6132
6E 09-26,1783681800000,1783684800000,1.14615,1.1461,1.146125,-1,1.00000000000211,9,6133
6E 09-26,1783682340000,1783685340000,1.14605,1.146,1.146025,-1,1.00000000000211,1,6142
6E 09-26,1783682400000,1783685400000,1.14605,1.146,1.146025,1,1.00000000000211,2,6143
6E 09-26,1783682700000,1783685700000,1.14615,1.14605,1.1461,-1,1.99999999999978,8,6148
6E 09-26,1783682760000,1783685760000,1.14595,1.1459,1.145925,-1,1.00000000000211,1,6149
6E 09-26,1783682880000,1783685880000,1.14595,1.14585,1.1459,-1,1.99999999999978,2,6151
6E 09-26,1783683060000,1783686060000,1.14595,1.1459,1.145925,1,1.00000000000211,3,6154
6E 09-26,1783683120000,1783686120000,1.14585,1.1458,1.145825,-1,1.00000000000211,2,6155
6E 09-26,1783683180000,1783686180000,1.14595,1.1459,1.145925,1,1.00000000000211,4,6156
6E 09-26,1783683240000,1783686240000,1.146,1.14585,1.145925,-1,2.99999999999745,8,6157
6E 09-26,1783683420000,1783686420000,1.14565,1.1456,1.145625,-1,1.00000000000211,1,6160
6E 09-26,1783683480000,1783686480000,1.14575,1.1457,1.145725,-1,1.00000000000211,1,6161
6E 09-26,1783683660000,1783686660000,1.14585,1.1458,1.145825,-1,1.00000000000211,4,6164
6E 09-26,1783683780000,1783686780000,1.14605,1.146,1.146025,-1,1.00000000000211,5,6166
6E 09-26,1783684320000,1783687320000,1.14615,1.1461,1.146125,-1,1.00000000000211,4,6175
6E 09-26,1783684500000,1783687500000,1.14595,1.1459,1.145925,-1,1.00000000000211,6,6178
6E 09-26,1783684860000,1783687860000,1.14615,1.1461,1.146125,1,1.00000000000211,3,6184
6E 09-26,1783684980000,1783687980000,1.146,1.14585,1.145925,-1,2.99999999999745,12,6186
6E 09-26,1783685100000,1783688100000,1.14575,1.1457,1.145725,-1,1.00000000000211,2,6188
6E 09-26,1783685940000,1783688940000,1.1464,1.14635,1.146375,-1,1.00000000000211,1,6202
6E 09-26,1783686120000,1783689120000,1.14615,1.1461,1.146125,-1,1.00000000000211,3,6205
6E 09-26,1783686420000,1783689420000,1.14615,1.1461,1.146125,1,1.00000000000211,4,6210
6E 09-26,1783686600000,1783689600000,1.14595,1.14585,1.1459,-1,1.99999999999978,4,6213
6E 09-26,1783686840000,1783689840000,1.14565,1.1456,1.145625,-1,1.00000000000211,1,6217
6E 09-26,1783687140000,1783690140000,1.14575,1.1457,1.145725,1,1.00000000000211,2,6222
6E 09-26,1783687620000,1783690620000,1.14535,1.1453,1.145325,-1,1.00000000000211,1,6230
6E 09-26,1783687680000,1783690680000,1.14545,1.1454,1.145425,1,1.00000000000211,1,6231
6E 09-26,1783688580000,1783691580000,1.14565,1.1456,1.145625,1,1.00000000000211,2,6246
6E 09-26,1783689060000,1783692060000,1.1451,1.14505,1.145075,-1,1.00000000000211,1,6254
6E 09-26,1783689300000,1783692300000,1.1452,1.14515,1.145175,-1,1.00000000000211,1,6258
6E 09-26,1783689360000,1783692360000,1.14525,1.1452,1.145225,-1,1.00000000000211,2,6259
6E 09-26,1783689600000,1783692600000,1.1452,1.14515,1.145175,1,1.00000000000211,3,6263
6E 09-26,1783689720000,1783692720000,1.14525,1.1452,1.145225,-1,1.00000000000211,4,6265
6E 09-26,1783689840000,1783692840000,1.1451,1.14505,1.145075,-1,1.00000000000211,2,6267
6E 09-26,1783690020000,1783693020000,1.1451,1.14505,1.145075,1,1.00000000000211,3,6270
6E 09-26,1783690080000,1783693080000,1.145,1.14495,1.144975,1,1.00000000000211,1,6271
6E 09-26,1783690140000,1783693140000,1.1451,1.14505,1.145075,1,1.00000000000211,4,6272
6E 09-26,1783690200000,1783693200000,1.145,1.14495,1.144975,1,1.00000000000211,2,6273
6E 09-26,1783690380000,1783693380000,1.1451,1.14505,1.145075,-1,1.00000000000211,5,6276
6E 09-26,1783690560000,1783693560000,1.145,1.14495,1.144975,1,1.00000000000211,3,6279
6E 09-26,1783690920000,1783693920000,1.14545,1.1454,1.145425,1,1.00000000000211,1,6285
6E 09-26,1783690980000,1783693980000,1.14555,1.1455,1.145525,-1,1.00000000000211,1,6286
6E 09-26,1783691100000,1783694100000,1.14555,1.1455,1.145525,-1,1.00000000000211,2,6288
6E 09-26,1783691340000,1783694340000,1.14525,1.1452,1.145225,-1,1.00000000000211,5,6292
6E 09-26,1783692060000,1783695060000,1.1448,1.14475,1.144775,1,1.00000000000211,1,6304
6E 09-26,1783692540000,1783695540000,1.1449,1.14485,1.144875,-1,1.00000000000211,1,6312
6E 09-26,1783692720000,1783695720000,1.145,1.14495,1.144975,1,1.00000000000211,4,6315
6E 09-26,1783693380000,1783696380000,1.14555,1.1455,1.145525,-1,1.00000000000211,3,6326
6E 09-26,1783693440000,1783696440000,1.14555,1.14545,1.1455,1,1.99999999999978,5,6327
6E 09-26,1783693560000,1783696560000,1.14555,1.1455,1.145525,-1,1.00000000000211,5,6329
6E 09-26,1783693860000,1783696860000,1.14565,1.1456,1.145625,-1,1.00000000000211,1,6334
6E 09-26,1783693920000,1783696920000,1.14575,1.1457,1.145725,-1,1.00000000000211,1,6335
6E 09-26,1783694160000,1783697160000,1.1449,1.1448,1.14485,-1,1.99999999999978,3,6339
6E 09-26,1783694220000,1783697220000,1.1451,1.14505,1.145075,1,1.00000000000211,1,6340
6E 09-26,1783694460000,1783697460000,1.1451,1.14505,1.145075,-1,1.00000000000211,2,6344
6E 09-26,1783694520000,1783697520000,1.1451,1.14505,1.145075,-1,1.00000000000211,3,6345
6E 09-26,1783694640000,1783697640000,1.14525,1.1452,1.145225,-1,1.00000000000211,1,6347
6E 09-26,1783694880000,1783697880000,1.14525,1.1452,1.145225,1,1.00000000000211,2,6351
6E 09-26,1783694940000,1783697940000,1.1452,1.1451,1.14515,-1,1.99999999999978,6,6352
6E 09-26,1783695660000,1783698660000,1.14535,1.1453,1.145325,1,1.00000000000211,1,6364
6E 09-26,1783695960000,1783698960000,1.14535,1.1453,1.145325,-1,1.00000000000211,2,6369
6E 09-26,1783696020000,1783699020000,1.14545,1.1454,1.145425,1,1.00000000000211,2,6370
6E 09-26,1783696980000,1783699980000,1.14615,1.1461,1.146125,-1,1.00000000000211,1,6386
6E 09-26,1783697100000,1783700100000,1.1462,1.14615,1.146175,1,1.00000000000211,2,6388
6E 09-26,1783697340000,1783700340000,1.1462,1.14615,1.146175,-1,1.00000000000211,3,6392
6E 09-26,1783697640000,1783700640000,1.1463,1.14625,1.146275,-1,1.00000000000211,1,6397
6E 09-26,1783698060000,1783701060000,1.1464,1.14635,1.146375,1,1.00000000000211,1,6404
6E 09-26,1783698120000,1783701120000,1.1464,1.14635,1.146375,1,1.00000000000211,2,6405
6E 09-26,1783698360000,1783701360000,1.1463,1.14625,1.146275,-1,1.00000000000211,2,6409
6E 09-26,1783698720000,1783701720000,1.1465,1.14645,1.146475,1,1.00000000000211,1,6415
6E 09-26,1783698780000,1783701780000,1.1466,1.14655,1.146575,1,1.00000000000211,1,6416
6E 09-26,1783698900000,1783701900000,1.1466,1.14655,1.146575,-1,1.00000000000211,2,6418
6E 09-26,1783698960000,1783701960000,1.1466,1.14655,1.146575,1,1.00000000000211,3,6419
6E 09-26,1783699200000,1783702200000,1.1468,1.14675,1.146775,1,1.00000000000211,1,6423
6E 09-26,1783699440000,1783702440000,1.1468,1.14675,1.146775,-1,1.00000000000211,2,6427
6E 09-26,1783699560000,1783702560000,1.1467,1.14665,1.146675,-1,1.00000000000211,1,6429
6E 09-26,1783699740000,1783702740000,1.1469,1.1468,1.14685,-1,1.99999999999978,3,6432
6E 09-26,1783699800000,1783702800000,1.1468,1.14675,1.146775,1,1.00000000000211,4,6433
6E 09-26,1783700040000,1783703040000,1.1469,1.14685,1.146875,-1,1.00000000000211,2,6437
6E 09-26,1783700580000,1783703580000,1.1468,1.14675,1.146775,1,1.00000000000211,5,6446
6E 09-26,1783700700000,1783703700000,1.1469,1.1468,1.14685,-1,1.99999999999978,7,6448
6E 09-26,1783700940000,1783703940000,1.1469,1.14685,1.146875,-1,1.00000000000211,4,6452
6E 09-26,1783701180000,1783704180000,1.1469,1.14685,1.146875,-1,1.00000000000211,5,6456
6E 09-26,1783701300000,1783704300000,1.1467,1.14665,1.146675,-1,1.00000000000211,2,6458
6E 09-26,1783702740000,1783705740000,1.14615,1.1461,1.146125,-1,1.00000000000211,1,6482
6E 09-26,1783702860000,1783705860000,1.14605,1.146,1.146025,-1,1.00000000000211,1,6484
6E 09-26,1783703100000,1783706100000,1.14585,1.1458,1.145825,1,1.00000000000211,1,6488
6E 09-26,1783703220000,1783706220000,1.14575,1.1457,1.145725,1,1.00000000000211,1,6490
6E 09-26,1783703460000,1783706460000,1.14575,1.1457,1.145725,1,1.00000000000211,2,6494
6E 09-26,1783703760000,1783706760000,1.14575,1.1457,1.145725,-1,1.00000000000211,3,6499
6E 09-26,1783703820000,1783706820000,1.14575,1.1457,1.145725,1,1.00000000000211,4,6500
6E 09-26,1783703880000,1783706880000,1.14575,1.1457,1.145725,-1,1.00000000000211,5,6501
6E 09-26,1783704060000,1783707060000,1.14555,1.1455,1.145525,-1,1.00000000000211,1,6504
6E 09-26,1783704480000,1783707480000,1.14535,1.1453,1.145325,1,1.00000000000211,1,6511
6E 09-26,1783704660000,1783707660000,1.14545,1.1454,1.145425,-1,1.00000000000211,1,6514
6E 09-26,1783704960000,1783707960000,1.14525,1.1452,1.145225,1,1.00000000000211,1,6519
6E 09-26,1783705380000,1783708380000,1.1452,1.14515,1.145175,1,1.00000000000211,2,6526
6E 09-26,1783705500000,1783708500000,1.1452,1.14515,1.145175,-1,1.00000000000211,3,6528
6E 09-26,1783705560000,1783708560000,1.14525,1.14515,1.1452,1,2.00000000000422,4,6529
6E 09-26,1783705680000,1783708680000,1.14525,1.1452,1.145225,1,1.00000000000211,5,6531
6E 09-26,1783705800000,1783708800000,1.14525,1.1452,1.145225,1,1.00000000000211,6,6533
6E 09-26,1783705860000,1783708860000,1.14525,1.1452,1.145225,-1,1.00000000000211,7,6534
6E 09-26,1783705920000,1783708920000,1.14525,1.1452,1.145225,1,1.00000000000211,8,6535
6E 09-26,1783705980000,1783708980000,1.14525,1.1452,1.145225,-1,1.00000000000211,9,6536
6E 09-26,1783706220000,1783709220000,1.145,1.14495,1.144975,1,1.00000000000211,1,6540
6E 09-26,1783706520000,1783709520000,1.1447,1.14465,1.144675,-1,1.00000000000211,1,6545
6E 09-26,1783706580000,1783709580000,1.1447,1.14465,1.144675,1,1.00000000000211,2,6546
6E 09-26,1783707240000,1783710240000,1.1447,1.14465,1.144675,1,1.00000000000211,3,6557
6E 09-26,1783707540000,1783710540000,1.1446,1.14455,1.144575,-1,1.00000000000211,1,6562
6E 09-26,1783707720000,1783710720000,1.1447,1.14465,1.144675,1,1.00000000000211,4,6565
6E 09-26,1783707900000,1783710900000,1.14445,1.14435,1.1444,1,1.99999999999978,1,6568
6E 09-26,1783707960000,1783710960000,1.1446,1.14455,1.144575,-1,1.00000000000211,2,6569
6E 09-26,1783708080000,1783711080000,1.1445,1.14445,1.144475,1,1.00000000000211,2,6571
6E 09-26,1783708620000,1783711620000,1.1445,1.14445,1.144475,-1,1.00000000000211,3,6580
6E 09-26,1783709100000,1783712100000,1.1443,1.14425,1.144275,1,1.00000000000211,1,6588
6E 09-26,1783709160000,1783712160000,1.1444,1.14435,1.144375,-1,1.00000000000211,2,6589
6E 09-26,1783709580000,1783712580000,1.1445,1.14445,1.144475,1,1.00000000000211,4,6596
6E 09-26,1783709820000,1783712820000,1.1445,1.14445,1.144475,-1,1.00000000000211,5,6600
6E 09-26,1783709940000,1783712940000,1.1445,1.14445,1.144475,-1,1.00000000000211,6,6602
6E 09-26,1783710360000,1783713360000,1.1445,1.14445,1.144475,-1,1.00000000000211,7,6609
6E 09-26,1783710540000,1783713540000,1.1445,1.14445,1.144475,1,1.00000000000211,8,6612
6E 09-26,1783710660000,1783713660000,1.1445,1.14445,1.144475,-1,1.00000000000211,9,6614
6E 09-26,1783710780000,1783713780000,1.1444,1.14435,1.144375,-1,1.00000000000211,3,6616
6E 09-26,1783710900000,1783713900000,1.1445,1.14445,1.144475,1,1.00000000000211,10,6618
6E 09-26,1783711080000,1783714080000,1.1446,1.14455,1.144575,1,1.00000000000211,1,6621
6E 09-26,1783711200000,1783714200000,1.1446,1.14455,1.144575,-1,1.00000000000211,2,6623
6E 09-26,1783711500000,1783714500000,1.1446,1.14455,1.144575,1,1.00000000000211,3,6628
6E 09-26,1783711560000,1783714560000,1.1446,1.14455,1.144575,-1,1.00000000000211,4,6629
6E 09-26,1783711800000,1783714800000,1.14465,1.14455,1.1446,-1,1.99999999999978,5,6633
6E 09-26,1783711860000,1783714860000,1.1446,1.14455,1.144575,-1,1.00000000000211,6,6634
6E 09-26,1783712160000,1783715160000,1.1446,1.14455,1.144575,-1,1.00000000000211,7,6639
6E 09-26,1783712580000,1783715580000,1.1446,1.14455,1.144575,1,1.00000000000211,8,6646
6E 09-26,1783712700000,1783715700000,1.1445,1.14445,1.144475,1,1.00000000000211,7,6648
6E 09-26,1783712760000,1783715760000,1.1445,1.14445,1.144475,-1,1.00000000000211,8,6649
6E 09-26,1783713300000,1783716300000,1.1445,1.14445,1.144475,1,1.00000000000211,7,6658
6E 09-26,1783713660000,1783716660000,1.1447,1.14465,1.144675,-1,1.00000000000211,2,6664
6E 09-26,1783713780000,1783716780000,1.1447,1.14465,1.144675,1,1.00000000000211,3,6666
6E 09-26,1783713840000,1783716840000,1.1448,1.14475,1.144775,1,1.00000000000211,1,6667
6E 09-26,1783713960000,1783716960000,1.1448,1.14475,1.144775,1,1.00000000000211,2,6669
6E 09-26,1783714140000,1783717140000,1.1445,1.14445,1.144475,-1,1.00000000000211,4,6672
6E 09-26,1783714260000,1783717260000,1.1445,1.14445,1.144475,1,1.00000000000211,5,6674
6E 09-26,1783714800000,1783717800000,1.1447,1.14465,1.144675,1,1.00000000000211,4,6681
6E 09-26,1783714920000,1783717920000,1.1447,1.14465,1.144675,-1,1.00000000000211,5,6683
6E 09-26,1783715100000,1783718100000,1.14465,1.14455,1.1446,-1,1.99999999999978,7,6686
6E 09-26,1783715160000,1783718160000,1.1445,1.14445,1.144475,1,1.00000000000211,6,6687
6E 09-26,1783715220000,1783718220000,1.1445,1.14445,1.144475,1,1.00000000000211,7,6688
6E 09-26,1783715640000,1783718640000,1.1444,1.1443,1.14435,1,1.99999999999978,1,6695
6E 09-26,1783715700000,1783718700000,1.1444,1.1443,1.14435,-1,1.99999999999978,2,6696
6E 09-26,1783715760000,1783718760000,1.1443,1.14425,1.144275,-1,1.00000000000211,3,6697
6E 09-26,1783716120000,1783719120000,1.1443,1.14425,1.144275,1,1.00000000000211,4,6702
6E 09-26,1783716720000,1783719720000,1.1444,1.14435,1.144375,-1,1.00000000000211,3,6712
6E 09-26,1783716780000,1783719780000,1.1444,1.14435,1.144375,1,1.00000000000211,4,6713
6E 09-26,1783716960000,1783719960000,1.1444,1.14435,1.144375,-1,1.00000000000211,5,6716
6E 09-26,1783717020000,1783720020000,1.1445,1.1444,1.14445,-1,1.99999999999978,10,6717
6E 09-26,1783717200000,1783720200000,1.1444,1.14365,1.144025,-1,15.0000000000006,9,6720
6E 09-26,1783893720000,1783896720000,1.1429,1.14285,1.142875,-1,1.00000000000211,1,6722
6E 09-26,1783893780000,1783896780000,1.1424,1.14235,1.142375,-1,1.00000000000211,1,6723
6E 09-26,1783894140000,1783897140000,1.1423,1.14225,1.142275,-1,1.00000000000211,1,6729
6E 09-26,1783894320000,1783897320000,1.1422,1.14215,1.142175,-1,1.00000000000211,1,6732
6E 09-26,1783894560000,1783897560000,1.142,1.1419,1.14195,1,1.99999999999978,1,6736
6E 09-26,1783894680000,1783897680000,1.1423,1.1422,1.14225,1,1.99999999999978,3,6738
6E 09-26,1783894740000,1783897740000,1.1423,1.14225,1.142275,-1,1.00000000000211,3,6739
6E 09-26,1783894860000,1783897860000,1.14235,1.14225,1.1423,1,1.99999999999978,5,6741
6E 09-26,1783895160000,1783898160000,1.1424,1.14235,1.142375,-1,1.00000000000211,3,6746
6E 09-26,1783895280000,1783898280000,1.1425,1.14245,1.142475,1,1.00000000000211,1,6748
6E 09-26,1783895520000,1783898520000,1.1425,1.14245,1.142475,-1,1.00000000000211,2,6752
6E 09-26,1783895820000,1783898820000,1.1425,1.14245,1.142475,-1,1.00000000000211,3,6757
6E 09-26,1783895880000,1783898880000,1.1425,1.1424,1.14245,-1,1.99999999999978,6,6758
6E 09-26,1783896060000,1783899060000,1.1424,1.1423,1.14235,-1,1.99999999999978,8,6761
6E 09-26,1783897560000,1783900560000,1.1424,1.14235,1.142375,-1,1.00000000000211,5,6785
6E 09-26,1783897740000,1783900740000,1.1425,1.14245,1.142475,1,1.00000000000211,5,6788
6E 09-26,1783897800000,1783900800000,1.1425,1.14245,1.142475,-1,1.00000000000211,6,6789
6E 09-26,1783898040000,1783901040000,1.1426,1.14255,1.142575,1,1.00000000000211,1,6792
6E 09-26,1783898280000,1783901280000,1.1427,1.14265,1.142675,1,1.00000000000211,1,6795
6E 09-26,1783898940000,1783901940000,1.1428,1.14275,1.142775,-1,1.00000000000211,1,6805
6E 09-26,1783899060000,1783902060000,1.1428,1.14275,1.142775,-1,1.00000000000211,2,6807
6E 09-26,1783899420000,1783902420000,1.1427,1.14265,1.142675,-1,1.00000000000211,2,6812
6E 09-26,1783899780000,1783902780000,1.1429,1.14285,1.142875,1,1.00000000000211,1,6816
6E 09-26,1783899840000,1783902840000,1.1429,1.14285,1.142875,-1,1.00000000000211,2,6817
6E 09-26,1783900020000,1783903020000,1.14315,1.1431,1.143125,1,1.00000000000211,1,6820
6E 09-26,1783900260000,1783903260000,1.14315,1.1431,1.143125,1,1.00000000000211,2,6824
6E 09-26,1783900440000,1783903440000,1.14315,1.1431,1.143125,-1,1.00000000000211,3,6827
6E 09-26,1783900620000,1783903620000,1.1431,1.14305,1.143075,1,1.00000000000211,4,6830
6E 09-26,1783900740000,1783903740000,1.14335,1.1433,1.143325,-1,1.00000000000211,1,6832
6E 09-26,1783900920000,1783903920000,1.1433,1.1432,1.14325,1,1.99999999999978,2,6835
6E 09-26,1783900980000,1783903980000,1.14325,1.1432,1.143225,1,1.00000000000211,2,6836
6E 09-26,1783901220000,1783904220000,1.14335,1.14325,1.1433,-1,1.99999999999978,4,6840
6E 09-26,1783901400000,1783904400000,1.14325,1.1432,1.143225,1,1.00000000000211,4,6843
6E 09-26,1783902000000,1783905000000,1.1428,1.14275,1.142775,1,1.00000000000211,3,6853
6E 09-26,1783902480000,1783905480000,1.14325,1.1432,1.143225,-1,1.00000000000211,5,6861
6E 09-26,1783902540000,1783905540000,1.14325,1.1432,1.143225,-1,1.00000000000211,6,6862
6E 09-26,1783903080000,1783906080000,1.1429,1.14285,1.142875,-1,1.00000000000211,1,6871
6E 09-26,1783903200000,1783906200000,1.1426,1.14255,1.142575,-1,1.00000000000211,1,6873
6E 09-26,1783903500000,1783906500000,1.1427,1.14265,1.142675,1,1.00000000000211,1,6878
6E 09-26,1783903620000,1783906620000,1.1428,1.14275,1.142775,-1,1.00000000000211,2,6880
6E 09-26,1783903740000,1783906740000,1.1427,1.14265,1.142675,-1,1.00000000000211,2,6882
6E 09-26,1783903920000,1783906920000,1.1426,1.14255,1.142575,-1,1.00000000000211,2,6885
6E 09-26,1783904340000,1783907340000,1.1426,1.14255,1.142575,-1,1.00000000000211,3,6892
6E 09-26,1783904940000,1783907940000,1.1422,1.14215,1.142175,-1,1.00000000000211,1,6902
6E 09-26,1783905060000,1783908060000,1.1422,1.14215,1.142175,1,1.00000000000211,2,6904
6E 09-26,1783905360000,1783908360000,1.1422,1.14215,1.142175,1,1.00000000000211,3,6909
6E 09-26,1783905480000,1783908480000,1.14215,1.1421,1.142125,-1,1.00000000000211,4,6911
6E 09-26,1783905660000,1783908660000,1.14215,1.1421,1.142125,-1,1.00000000000211,5,6914
6E 09-26,1783905780000,1783908780000,1.14195,1.1419,1.141925,1,1.00000000000211,1,6916
6E 09-26,1783905900000,1783908900000,1.14165,1.1416,1.141625,-1,1.00000000000211,1,6918
6E 09-26,1783906080000,1783909080000,1.14175,1.1417,1.141725,1,1.00000000000211,1,6921
6E 09-26,1783906320000,1783909320000,1.1422,1.1421,1.14215,-1,2.00000000000422,6,6925
6E 09-26,1783906380000,1783909380000,1.1422,1.14215,1.142175,1,1.00000000000211,7,6926
6E 09-26,1783906680000,1783909680000,1.1423,1.14225,1.142275,1,1.00000000000211,1,6931
6E 09-26,1783906920000,1783909920000,1.1424,1.14235,1.142375,1,1.00000000000211,1,6935
6E 09-26,1783907100000,1783910100000,1.1425,1.14245,1.142475,1,1.00000000000211,1,6938
6E 09-26,1783907520000,1783910520000,1.1426,1.14255,1.142575,1,1.00000000000211,1,6945
6E 09-26,1783907760000,1783910760000,1.1424,1.14235,1.142375,-1,1.00000000000211,2,6949
6E 09-26,1783908000000,1783911000000,1.1427,1.14265,1.142675,1,1.00000000000211,1,6953
6E 09-26,1783908300000,1783911300000,1.1424,1.14235,1.142375,1,1.00000000000211,3,6958
6E 09-26,1783908360000,1783911360000,1.1424,1.14235,1.142375,-1,1.00000000000211,4,6959
6E 09-26,1783908420000,1783911420000,1.1425,1.14245,1.142475,1,1.00000000000211,2,6960
6E 09-26,1783908600000,1783911600000,1.1425,1.14245,1.142475,1,1.00000000000211,3,6963
6E 09-26,1783908840000,1783911840000,1.1425,1.14245,1.142475,-1,1.00000000000211,4,6967
6E 09-26,1783909320000,1783912320000,1.1425,1.14245,1.142475,-1,1.00000000000211,5,6975
6E 09-26,1783909500000,1783912500000,1.1425,1.14245,1.142475,1,1.00000000000211,6,6978
6E 09-26,1783909620000,1783912620000,1.1424,1.14235,1.142375,-1,1.00000000000211,5,6980
6E 09-26,1783909800000,1783912800000,1.1425,1.14245,1.142475,1,1.00000000000211,7,6983
6E 09-26,1783910040000,1783913040000,1.1425,1.14245,1.142475,1,1.00000000000211,8,6987
6E 09-26,1783910100000,1783913100000,1.1425,1.14245,1.142475,1,1.00000000000211,9,6988
6E 09-26,1783910280000,1783913280000,1.1428,1.14275,1.142775,1,1.00000000000211,1,6991
6E 09-26,1783910460000,1783913460000,1.1428,1.14275,1.142775,1,1.00000000000211,2,6994
6E 09-26,1783911060000,1783914060000,1.1426,1.14255,1.142575,-1,1.00000000000211,1,7004
6E 09-26,1783911300000,1783914300000,1.1425,1.14245,1.142475,1,1.00000000000211,9,7008
6E 09-26,1783911540000,1783914540000,1.1425,1.14245,1.142475,1,1.00000000000211,9,7012
6E 09-26,1783911600000,1783914600000,1.1424,1.14235,1.142375,1,1.00000000000211,2,7013
6E 09-26,1783911840000,1783914840000,1.1424,1.14235,1.142375,-1,1.00000000000211,3,7017
6E 09-26,1783912200000,1783915200000,1.14215,1.1421,1.142125,1,1.00000000000211,1,7023
6E 09-26,1783912560000,1783915560000,1.1424,1.14235,1.142375,1,1.00000000000211,4,7029
6E 09-26,1783912860000,1783915860000,1.1425,1.14245,1.142475,1,1.00000000000211,5,7034
6E 09-26,1783913040000,1783916040000,1.1425,1.14245,1.142475,1,1.00000000000211,6,7036
6E 09-26,1783913100000,1783916100000,1.14245,1.14235,1.1424,-1,1.99999999999978,10,7037
6E 09-26,1783913280000,1783916280000,1.1424,1.14235,1.142375,1,1.00000000000211,5,7038
6E 09-26,1783914300000,1783917300000,1.1426,1.14255,1.142575,1,1.00000000000211,2,7052
6E 09-26,1783914540000,1783917540000,1.1427,1.14265,1.142675,-1,1.00000000000211,1,7054
6E 09-26,1783914600000,1783917600000,1.1427,1.14265,1.142675,1,1.00000000000211,2,7055
6E 09-26,1783914660000,1783917660000,1.1427,1.14265,1.142675,-1,1.00000000000211,3,7056
6E 09-26,1783914780000,1783917780000,1.1426,1.14255,1.142575,-1,1.00000000000211,2,7058
6E 09-26,1783914900000,1783917900000,1.1426,1.14255,1.142575,1,1.00000000000211,3,7060
6E 09-26,1783915560000,1783918560000,1.1427,1.14265,1.142675,1,1.00000000000211,4,7070
6E 09-26,1783915860000,1783918860000,1.1427,1.14265,1.142675,-1,1.00000000000211,5,7074
6E 09-26,1783916580000,1783919580000,1.14295,1.14285,1.1429,-1,1.99999999999978,1,7084
6E 09-26,1783916700000,1783919700000,1.1429,1.14285,1.142875,1,1.00000000000211,2,7086
6E 09-26,1783916820000,1783919820000,1.1429,1.14285,1.142875,1,1.00000000000211,3,7088
6E 09-26,1783917120000,1783920120000,1.1431,1.14305,1.143075,1,1.00000000000211,1,7093
6E 09-26,1783917420000,1783920420000,1.14315,1.1431,1.143125,1,1.00000000000211,2,7097
6E 09-26,1783917720000,1783920720000,1.14315,1.1431,1.143125,-1,1.00000000000211,3,7101
6E 09-26,1783917900000,1783920900000,1.1431,1.14305,1.143075,1,1.00000000000211,4,7104
6E 09-26,1783918080000,1783921080000,1.14315,1.1431,1.143125,1,1.00000000000211,5,7107
6E 09-26,1783918140000,1783921140000,1.14315,1.1431,1.143125,-1,1.00000000000211,6,7108
6E 09-26,1783918260000,1783921260000,1.1431,1.14305,1.143075,1,1.00000000000211,7,7110
6E 09-26,1783918560000,1783921560000,1.14335,1.1433,1.143325,1,1.00000000000211,1,7115
6E 09-26,1783919940000,1783922940000,1.14355,1.1435,1.143525,-1,1.00000000000211,1,7138
6E 09-26,1783920180000,1783923180000,1.14335,1.1433,1.143325,-1,1.00000000000211,2,7142
6E 09-26,1783920300000,1783923300000,1.1433,1.1432,1.14325,1,1.99999999999978,3,7144
6E 09-26,1783920540000,1783923540000,1.14315,1.1431,1.143125,-1,1.00000000000211,6,7148
6E 09-26,1783920900000,1783923900000,1.14325,1.1432,1.143225,1,1.00000000000211,2,7154
6E 09-26,1783921020000,1783924020000,1.14325,1.1432,1.143225,-1,1.00000000000211,3,7156
6E 09-26,1783921200000,1783924200000,1.14325,1.1432,1.143225,1,1.00000000000211,4,7159
6E 09-26,1783921500000,1783924500000,1.1431,1.14305,1.143075,-1,1.00000000000211,2,7164
6E 09-26,1783921560000,1783924560000,1.1431,1.14305,1.143075,-1,1.00000000000211,3,7165
6E 09-26,1783921680000,1783924680000,1.14315,1.1431,1.143125,1,1.00000000000211,4,7167
6E 09-26,1783921860000,1783924860000,1.14335,1.1433,1.143325,1,1.00000000000211,3,7170
6E 09-26,1783921920000,1783924920000,1.1433,1.1432,1.14325,-1,1.99999999999978,7,7171
6E 09-26,1783921980000,1783924980000,1.1432,1.14305,1.143125,-1,3.00000000000189,10,7172
6E 09-26,1783922040000,1783925040000,1.143,1.14295,1.142975,1,1.00000000000211,1,7173
6E 09-26,1783922100000,1783925100000,1.143,1.14295,1.142975,1,1.00000000000211,2,7174
6E 09-26,1783922160000,1783925160000,1.1429,1.1428,1.14285,1,1.99999999999978,1,7175
6E 09-26,1783922400000,1783925400000,1.14285,1.1427,1.142775,1,2.99999999999745,2,7179
6E 09-26,1783922580000,1783925580000,1.1427,1.14265,1.142675,1,1.00000000000211,2,7182
6E 09-26,1783922700000,1783925700000,1.1428,1.14275,1.142775,1,1.00000000000211,3,7184
6E 09-26,1783922820000,1783925820000,1.1428,1.14275,1.142775,-1,1.00000000000211,4,7186
6E 09-26,1783923180000,1783926180000,1.1427,1.14265,1.142675,1,1.00000000000211,3,7192
6E 09-26,1783923240000,1783926240000,1.1426,1.14255,1.142575,1,1.00000000000211,1,7193
6E 09-26,1783923900000,1783926900000,1.1431,1.14305,1.143075,1,1.00000000000211,5,7204
6E 09-26,1783924200000,1783927200000,1.14335,1.1433,1.143325,1,1.00000000000211,3,7209
6E 09-26,1783924500000,1783927500000,1.14345,1.1434,1.143425,1,1.00000000000211,1,7214
6E 09-26,1783924560000,1783927560000,1.14355,1.1435,1.143525,1,1.00000000000211,1,7215
6E 09-26,1783924680000,1783927680000,1.14355,1.1435,1.143525,-1,1.00000000000211,2,7217
6E 09-26,1783925040000,1783928040000,1.14355,1.1435,1.143525,-1,1.00000000000211,3,7223
6E 09-26,1783925100000,1783928100000,1.14345,1.1434,1.143425,-1,1.00000000000211,2,7224
6E 09-26,1783925220000,1783928220000,1.14335,1.1433,1.143325,-1,1.00000000000211,2,7226
6E 09-26,1783925280000,1783928280000,1.14335,1.1433,1.143325,1,1.00000000000211,3,7227
6E 09-26,1783925760000,1783928760000,1.1431,1.14305,1.143075,-1,1.00000000000211,2,7235
6E 09-26,1783925820000,1783928820000,1.14315,1.1431,1.143125,-1,1.00000000000211,3,7236
6E 09-26,1783925940000,1783928940000,1.14315,1.1431,1.143125,-1,1.00000000000211,4,7238
6E 09-26,1783926000000,1783929000000,1.1431,1.14305,1.143075,1,1.00000000000211,5,7239
6E 09-26,1783926060000,1783929060000,1.14325,1.1432,1.143225,-1,1.00000000000211,1,7240
6E 09-26,1783926120000,1783929120000,1.14315,1.1431,1.143125,-1,1.00000000000211,6,7241
6E 09-26,1783926420000,1783929420000,1.1435,1.1434,1.14345,-1,1.99999999999978,6,7246
6E 09-26,1783927080000,1783930080000,1.14365,1.1436,1.143625,-1,1.00000000000211,1,7257
6E 09-26,1783927140000,1783930140000,1.14375,1.1437,1.143725,-1,1.00000000000211,1,7258
6E 09-26,1783927320000,1783930320000,1.14385,1.1438,1.143825,-1,1.00000000000211,1,7261
6E 09-26,1783927380000,1783930380000,1.14385,1.1438,1.143825,-1,1.00000000000211,2,7262
6E 09-26,1783928520000,1783931520000,1.1448,1.14475,1.144775,1,1.00000000000211,1,7281
6E 09-26,1783928580000,1783931580000,1.1448,1.14475,1.144775,-1,1.00000000000211,2,7282
6E 09-26,1783929120000,1783932120000,1.14535,1.1453,1.145325,-1,1.00000000000211,1,7291
6E 09-26,1783929300000,1783932300000,1.14555,1.1455,1.145525,1,1.00000000000211,1,7294
6E 09-26,1783929360000,1783932360000,1.14555,1.1455,1.145525,-1,1.00000000000211,2,7295
6E 09-26,1783929960000,1783932960000,1.14595,1.1459,1.145925,-1,1.00000000000211,1,7305
6E 09-26,1783930020000,1783933020000,1.14595,1.1459,1.145925,-1,1.00000000000211,2,7306
6E 09-26,1783930080000,1783933080000,1.14585,1.1458,1.145825,-1,1.00000000000211,1,7307
6E 09-26,1783930500000,1783933500000,1.147,1.14695,1.146975,1,1.00000000000211,1,7314
6E 09-26,1783930620000,1783933620000,1.1472,1.14715,1.147175,-1,1.00000000000211,1,7316
6E 09-26,1783930680000,1783933680000,1.14755,1.1475,1.147525,1,1.00000000000211,1,7317
6E 09-26,1783930800000,1783933800000,1.1472,1.14715,1.147175,1,1.00000000000211,2,7319
6E 09-26,1783930920000,1783933920000,1.1472,1.14715,1.147175,-1,1.00000000000211,3,7321
6E 09-26,1783931100000,1783934100000,1.147,1.14695,1.146975,-1,1.00000000000211,2,7324
6E 09-26,1783931460000,1783934460000,1.1467,1.14665,1.146675,-1,1.00000000000211,1,7330
6E 09-26,1783931520000,1783934520000,1.14675,1.14665,1.1467,-1,1.99999999999978,2,7331
6E 09-26,1783931700000,1783934700000,1.1468,1.14675,1.146775,-1,1.00000000000211,2,7334
6E 09-26,1783931760000,1783934760000,1.1468,1.14675,1.146775,-1,1.00000000000211,3,7335
6E 09-26,1783931880000,1783934880000,1.1466,1.14655,1.146575,1,1.00000000000211,1,7337
6E 09-26,1783931940000,1783934940000,1.1468,1.14675,1.146775,1,1.00000000000211,4,7338
6E 09-26,1783932240000,1783935240000,1.1469,1.14685,1.146875,-1,1.00000000000211,1,7343
6E 09-26,1783932540000,1783935540000,1.1469,1.14685,1.146875,1,1.00000000000211,2,7348
6E 09-26,1783932840000,1783935840000,1.1468,1.14675,1.146775,1,1.00000000000211,5,7353
6E 09-26,1783932960000,1783935960000,1.1468,1.14675,1.146775,-1,1.00000000000211,6,7355
6E 09-26,1783933020000,1783936020000,1.1468,1.14675,1.146775,1,1.00000000000211,7,7356
6E 09-26,1783933200000,1783936200000,1.1466,1.14655,1.146575,-1,1.00000000000211,2,7359
6E 09-26,1783933680000,1783936680000,1.1465,1.14645,1.146475,-1,1.00000000000211,1,7367
6E 09-26,1783933800000,1783936800000,1.1464,1.14635,1.146375,1,1.00000000000211,1,7369
6E 09-26,1783933980000,1783936980000,1.1462,1.14615,1.146175,-1,1.00000000000211,1,7372
6E 09-26,1783934040000,1783937040000,1.14615,1.1461,1.146125,-1,1.00000000000211,2,7373
6E 09-26,1783934100000,1783937100000,1.14615,1.1461,1.146125,-1,1.00000000000211,3,7374
6E 09-26,1783934820000,1783937820000,1.14595,1.1459,1.145925,1,1.00000000000211,1,7386
6E 09-26,1783935000000,1783938000000,1.14615,1.1461,1.146125,-1,1.00000000000211,4,7389
6E 09-26,1783935480000,1783938480000,1.14595,1.1459,1.145925,1,1.00000000000211,2,7397
6E 09-26,1783935660000,1783938660000,1.14585,1.1458,1.145825,1,1.00000000000211,1,7400
6E 09-26,1783936020000,1783939020000,1.14605,1.146,1.146025,-1,1.00000000000211,1,7406
6E 09-26,1783936500000,1783939500000,1.14595,1.14585,1.1459,1,1.99999999999978,4,7414
6E 09-26,1783936560000,1783939560000,1.14605,1.146,1.146025,-1,1.00000000000211,2,7415
6E 09-26,1783936920000,1783939920000,1.14615,1.1461,1.146125,1,1.00000000000211,5,7421
6E 09-26,1783937220000,1783940220000,1.1462,1.14615,1.146175,1,1.00000000000211,3,7426
6E 09-26,1783937340000,1783940340000,1.1464,1.14635,1.146375,-1,1.00000000000211,1,7428
6E 09-26,1783937700000,1783940700000,1.14615,1.1461,1.146125,-1,1.00000000000211,4,7434
6E 09-26,1783937820000,1783940820000,1.14615,1.14605,1.1461,-1,1.99999999999978,7,7436
6E 09-26,1783938060000,1783941060000,1.14595,1.1459,1.145925,1,1.00000000000211,3,7440
6E 09-26,1783938300000,1783941300000,1.14595,1.1459,1.145925,1,1.00000000000211,4,7444
6E 09-26,1783939020000,1783942020000,1.14565,1.1456,1.145625,1,1.00000000000211,1,7456
6E 09-26,1783939080000,1783942080000,1.14585,1.1458,1.145825,1,1.00000000000211,2,7457
6E 09-26,1783939380000,1783942380000,1.14605,1.146,1.146025,-1,1.00000000000211,3,7462
6E 09-26,1783939560000,1783942560000,1.14595,1.1459,1.145925,1,1.00000000000211,3,7465
6E 09-26,1783939800000,1783942800000,1.1463,1.14625,1.146275,-1,1.00000000000211,1,7469
6E 09-26,1783939920000,1783942920000,1.1464,1.14635,1.146375,1,1.00000000000211,2,7471
6E 09-26,1783940640000,1783943640000,1.1464,1.14635,1.146375,-1,1.00000000000211,2,7483
6E 09-26,1783941420000,1783944420000,1.14585,1.1458,1.145825,-1,1.00000000000211,2,7496
6E 09-26,1783941600000,1783944600000,1.14565,1.1456,1.145625,1,1.00000000000211,2,7499
6E 09-26,1783941660000,1783944660000,1.14555,1.1455,1.145525,1,1.00000000000211,1,7500
6E 09-26,1783941780000,1783944780000,1.14565,1.1456,1.145625,1,1.00000000000211,3,7502
6E 09-26,1783942020000,1783945020000,1.14595,1.1459,1.145925,-1,1.00000000000211,2,7506
6E 09-26,1783942260000,1783945260000,1.14595,1.1459,1.145925,-1,1.00000000000211,3,7510
6E 09-26,1783942680000,1783945680000,1.14575,1.1457,1.145725,-1,1.00000000000211,1,7517
6E 09-26,1783942800000,1783945800000,1.14575,1.1457,1.145725,-1,1.00000000000211,2,7519
6E 09-26,1783942860000,1783945860000,1.14585,1.1458,1.145825,1,1.00000000000211,2,7520
6E 09-26,1783942920000,1783945920000,1.14585,1.1458,1.145825,1,1.00000000000211,3,7521
6E 09-26,1783943040000,1783946040000,1.14595,1.1459,1.145925,1,1.00000000000211,3,7523
6E 09-26,1783943160000,1783946160000,1.14585,1.1458,1.145825,1,1.00000000000211,4,7525
6E 09-26,1783943520000,1783946520000,1.14585,1.1458,1.145825,-1,1.00000000000211,5,7531
6E 09-26,1783944060000,1783947060000,1.14595,1.1459,1.145925,-1,1.00000000000211,4,7540
6E 09-26,1783944120000,1783947120000,1.14595,1.1459,1.145925,-1,1.00000000000211,5,7541
6E 09-26,1783944240000,1783947240000,1.1458,1.1457,1.14575,1,1.99999999999978,8,7543
6E 09-26,1783944360000,1783947360000,1.14575,1.1457,1.145725,1,1.00000000000211,4,7545
6E 09-26,1783944420000,1783947420000,1.14565,1.1456,1.145625,-1,1.00000000000211,3,7546
6E 09-26,1783944720000,1783947720000,1.14535,1.1453,1.145325,-1,1.00000000000211,1,7551
6E 09-26,1783944780000,1783947780000,1.1451,1.14505,1.145075,1,1.00000000000211,1,7552
6E 09-26,1783944960000,1783947960000,1.1452,1.14515,1.145175,-1,1.00000000000211,1,7555
6E 09-26,1783945320000,1783948320000,1.14525,1.1452,1.145225,-1,1.00000000000211,2,7561
6E 09-26,1783945440000,1783948440000,1.14535,1.1453,1.145325,1,1.00000000000211,2,7563
6E 09-26,1783945500000,1783948500000,1.14545,1.1454,1.145425,1,1.00000000000211,1,7564
6E 09-26,1783945680000,1783948680000,1.1452,1.14515,1.145175,-1,1.00000000000211,3,7567
6E 09-26,1783945980000,1783948980000,1.14555,1.1455,1.145525,1,1.00000000000211,1,7572
6E 09-26,1783946160000,1783949160000,1.14575,1.1457,1.145725,1,1.00000000000211,3,7575
6E 09-26,1783946400000,1783949400000,1.14565,1.1456,1.145625,-1,1.00000000000211,2,7579
6E 09-26,1783946460000,1783949460000,1.14575,1.1457,1.145725,-1,1.00000000000211,4,7580
6E 09-26,1783946520000,1783949520000,1.14575,1.1457,1.145725,-1,1.00000000000211,5,7581
6E 09-26,1783946880000,1783949880000,1.14565,1.1456,1.145625,-1,1.00000000000211,3,7587
6E 09-26,1783947060000,1783950060000,1.14555,1.1455,1.145525,1,1.00000000000211,2,7590
6E 09-26,1783947180000,1783950180000,1.14535,1.1453,1.145325,-1,1.00000000000211,3,7592
6E 09-26,1783947300000,1783950300000,1.14555,1.1455,1.145525,1,1.00000000000211,3,7594
6E 09-26,1783947780000,1783950780000,1.14615,1.1461,1.146125,-1,1.00000000000211,1,7602
6E 09-26,1783947900000,1783950900000,1.14605,1.146,1.146025,-1,1.00000000000211,1,7604
6E 09-26,1783948020000,1783951020000,1.14595,1.1459,1.145925,1,1.00000000000211,1,7606
6E 09-26,1783948320000,1783951320000,1.14565,1.1456,1.145625,-1,1.00000000000211,3,7611
6E 09-26,1783948740000,1783951740000,1.14555,1.1455,1.145525,-1,1.00000000000211,4,7618
6E 09-26,1783949160000,1783952160000,1.14535,1.1453,1.145325,-1,1.00000000000211,2,7625
6E 09-26,1783949220000,1783952220000,1.14535,1.1453,1.145325,-1,1.00000000000211,3,7626
6E 09-26,1783950060000,1783953060000,1.14535,1.1453,1.145325,1,1.00000000000211,4,7640
6E 09-26,1783950120000,1783953120000,1.14525,1.1452,1.145225,-1,1.00000000000211,1,7641
6E 09-26,1783950180000,1783953180000,1.145,1.14495,1.144975,1,1.00000000000211,1,7642
6E 09-26,1783950660000,1783953660000,1.1448,1.14475,1.144775,1,1.00000000000211,1,7650
6E 09-26,1783950840000,1783953840000,1.1448,1.14475,1.144775,-1,1.00000000000211,2,7653
6E 09-26,1783950960000,1783953960000,1.1448,1.14475,1.144775,1,1.00000000000211,3,7655
6E 09-26,1783951080000,1783954080000,1.1447,1.14465,1.144675,1,1.00000000000211,1,7657
6E 09-26,1783951200000,1783954200000,1.1445,1.14445,1.144475,-1,1.00000000000211,1,7659
6E 09-26,1783951260000,1783954260000,1.1444,1.14435,1.144375,-1,1.00000000000211,1,7660
6E 09-26,1783951380000,1783954380000,1.1442,1.14415,1.144175,-1,1.00000000000211,1,7662
6E 09-26,1783951980000,1783954980000,1.1444,1.14435,1.144375,1,1.00000000000211,2,7672
6E 09-26,1783952160000,1783955160000,1.1444,1.14435,1.144375,1,1.00000000000211,3,7675
6E 09-26,1783952280000,1783955280000,1.1434,1.1433,1.14335,1,1.99999999999978,1,7677
6E 09-26,1783952340000,1783955340000,1.14365,1.1436,1.143625,-1,1.00000000000211,1,7678
6E 09-26,1783952460000,1783955460000,1.14355,1.1435,1.143525,1,1.00000000000211,1,7680
6E 09-26,1783952520000,1783955520000,1.14325,1.1432,1.143225,-1,1.00000000000211,1,7681
6E 09-26,1783952580000,1783955580000,1.14345,1.1434,1.143425,-1,1.00000000000211,2,7682
6E 09-26,1783952700000,1783955700000,1.14365,1.1436,1.143625,-1,1.00000000000211,2,7684
6E 09-26,1783953180000,1783956180000,1.14365,1.1436,1.143625,1,1.00000000000211,3,7692
6E 09-26,1783954440000,1783957440000,1.143,1.14295,1.142975,1,1.00000000000211,1,7713
6E 09-26,1783955280000,1783958280000,1.14345,1.1434,1.143425,-1,1.00000000000211,3,7727
6E 09-26,1783955520000,1783958520000,1.14305,1.14295,1.143,1,1.99999999999978,2,7731
6E 09-26,1783955580000,1783958580000,1.1431,1.14305,1.143075,-1,1.00000000000211,2,7732
6E 09-26,1783955700000,1783958700000,1.1428,1.14275,1.142775,-1,1.00000000000211,1,7734
6E 09-26,1783956180000,1783959180000,1.14315,1.1431,1.143125,1,1.00000000000211,2,7742
6E 09-26,1783956900000,1783959900000,1.1427,1.14265,1.142675,1,1.00000000000211,1,7754
6E 09-26,1783956960000,1783959960000,1.1427,1.14265,1.142675,-1,1.00000000000211,2,7755
6E 09-26,1783957260000,1783960260000,1.1428,1.14275,1.142775,1,1.00000000000211,2,7760
6E 09-26,1783957320000,1783960320000,1.1429,1.14285,1.142875,1,1.00000000000211,1,7761
6E 09-26,1783957620000,1783960620000,1.1428,1.14275,1.142775,-1,1.00000000000211,3,7766
6E 09-26,1783957740000,1783960740000,1.1428,1.14275,1.142775,-1,1.00000000000211,4,7768
6E 09-26,1783957860000,1783960860000,1.1428,1.14275,1.142775,1,1.00000000000211,5,7770
6E 09-26,1783958040000,1783961040000,1.143,1.14295,1.142975,1,1.00000000000211,2,7773
6E 09-26,1783958100000,1783961100000,1.1431,1.14305,1.143075,-1,1.00000000000211,4,7774
6E 09-26,1783958460000,1783961460000,1.1431,1.14305,1.143075,-1,1.00000000000211,5,7780
6E 09-26,1783958580000,1783961580000,1.14315,1.1431,1.143125,-1,1.00000000000211,5,7782
6E 09-26,1783958640000,1783961640000,1.1431,1.14305,1.143075,-1,1.00000000000211,5,7783
6E 09-26,1783958880000,1783961880000,1.1431,1.14305,1.143075,1,1.00000000000211,6,7787
6E 09-26,1783959120000,1783962120000,1.1431,1.14305,1.143075,-1,1.00000000000211,7,7791
6E 09-26,1783959480000,1783962480000,1.1429,1.14285,1.142875,1,1.00000000000211,2,7797
6E 09-26,1783959780000,1783962780000,1.1427,1.14265,1.142675,1,1.00000000000211,3,7802
6E 09-26,1783960020000,1783963020000,1.1425,1.14245,1.142475,-1,1.00000000000211,1,7806
6E 09-26,1783961040000,1783964040000,1.14185,1.1418,1.141825,-1,1.00000000000211,1,7823
6E 09-26,1783961160000,1783964160000,1.14205,1.142,1.142025,-1,1.00000000000211,1,7825
6E 09-26,1783961580000,1783964580000,1.14155,1.1415,1.141525,-1,1.00000000000211,1,7832
6E 09-26,1783962000000,1783965000000,1.14185,1.1418,1.141825,1,1.00000000000211,2,7839
6E 09-26,1783962060000,1783965060000,1.14165,1.1416,1.141625,-1,1.00000000000211,1,7840
6E 09-26,1783962120000,1783965120000,1.14165,1.1416,1.141625,1,1.00000000000211,2,7841
6E 09-26,1783962180000,1783965180000,1.14185,1.1418,1.141825,-1,1.00000000000211,3,7842
6E 09-26,1783962720000,1783965720000,1.14185,1.1418,1.141825,-1,1.00000000000211,4,7851
6E 09-26,1783963320000,1783966320000,1.14185,1.1418,1.141825,1,1.00000000000211,5,7861
6E 09-26,1783963380000,1783966380000,1.14185,1.1418,1.141825,1,1.00000000000211,6,7862
6E 09-26,1783963440000,1783966440000,1.14185,1.1418,1.141825,-1,1.00000000000211,7,7863
6E 09-26,1783963920000,1783966920000,1.14165,1.1416,1.141625,1,1.00000000000211,3,7871
6E 09-26,1783964280000,1783967280000,1.14165,1.1416,1.141625,1,1.00000000000211,4,7877
6E 09-26,1783964400000,1783967400000,1.14165,1.1416,1.141625,-1,1.00000000000211,5,7879
6E 09-26,1783964700000,1783967700000,1.14185,1.1418,1.141825,1,1.00000000000211,7,7884
6E 09-26,1783965060000,1783968060000,1.14165,1.1416,1.141625,-1,1.00000000000211,6,7890
6E 09-26,1783965360000,1783968360000,1.14165,1.1416,1.141625,-1,1.00000000000211,5,7895
6E 09-26,1783965540000,1783968540000,1.14165,1.1416,1.141625,1,1.00000000000211,6,7898
6E 09-26,1783965900000,1783968900000,1.14145,1.1414,1.141425,1,1.00000000000211,1,7904
6E 09-26,1783966320000,1783969320000,1.14165,1.1416,1.141625,1,1.00000000000211,7,7911
6E 09-26,1783966500000,1783969500000,1.14165,1.1416,1.141625,1,1.00000000000211,8,7914
6E 09-26,1783966980000,1783969980000,1.14155,1.1415,1.141525,1,1.00000000000211,1,7922
6E 09-26,1783967400000,1783970400000,1.14165,1.1416,1.141625,1,1.00000000000211,7,7929
6E 09-26,1783967700000,1783970700000,1.14165,1.1416,1.141625,1,1.00000000000211,7,7934
6E 09-26,1783968120000,1783971120000,1.14185,1.1418,1.141825,1,1.00000000000211,1,7941
6E 09-26,1783969260000,1783972260000,1.14165,1.1416,1.141625,-1,1.00000000000211,5,7960
6E 09-26,1783969620000,1783972620000,1.14165,1.1416,1.141625,-1,1.00000000000211,4,7966
6E 09-26,1783969860000,1783972860000,1.14125,1.1412,1.141225,1,1.00000000000211,1,7970
6E 09-26,1783970220000,1783973220000,1.14125,1.1412,1.141225,1,1.00000000000211,2,7976
6E 09-26,1783970340000,1783973340000,1.14135,1.1413,1.141325,1,1.00000000000211,1,7978
6E 09-26,1783970520000,1783973520000,1.14135,1.1413,1.141325,1,1.00000000000211,2,7981
6E 09-26,1783970580000,1783973580000,1.14135,1.1413,1.141325,1,1.00000000000211,3,7982
6E 09-26,1783970640000,1783973640000,1.14135,1.1413,1.141325,1,1.00000000000211,4,7983
6E 09-26,1783971120000,1783974120000,1.14135,1.1413,1.141325,1,1.00000000000211,5,7991
6E 09-26,1783971420000,1783974420000,1.14125,1.1412,1.141225,-1,1.00000000000211,3,7996
6E 09-26,1783971480000,1783974480000,1.14125,1.1412,1.141225,1,1.00000000000211,4,7997
6E 09-26,1783972440000,1783975440000,1.14125,1.1412,1.141225,1,1.00000000000211,5,8013
6E 09-26,1783972500000,1783975500000,1.14125,1.1412,1.141225,1,1.00000000000211,6,8014
6E 09-26,1783972980000,1783975980000,1.14135,1.1413,1.141325,1,1.00000000000211,6,8022
6E 09-26,1783973040000,1783976040000,1.14135,1.1413,1.141325,1,1.00000000000211,7,8023
6E 09-26,1783973160000,1783976160000,1.14135,1.1413,1.141325,-1,1.00000000000211,8,8025
6E 09-26,1783973220000,1783976220000,1.14135,1.1413,1.141325,1,1.00000000000211,9,8026
6E 09-26,1783973280000,1783976280000,1.14135,1.1413,1.141325,1,1.00000000000211,10,8027
6E 09-26,1783973640000,1783976640000,1.141,1.14095,1.140975,1,1.00000000000211,1,8033
6E 09-26,1783974060000,1783977060000,1.1409,1.14085,1.140875,-1,1.00000000000211,1,8040
6E 09-26,1783974120000,1783977120000,1.1408,1.14075,1.140775,-1,1.00000000000211,1,8041
6E 09-26,1783974180000,1783977180000,1.1408,1.14075,1.140775,1,1.00000000000211,2,8042
6E 09-26,1783974240000,1783977240000,1.1408,1.14075,1.140775,1,1.00000000000211,3,8043
6E 09-26,1783974660000,1783977660000,1.1409,1.14085,1.140875,1,1.00000000000211,2,8050
6E 09-26,1783974720000,1783977720000,1.1409,1.1408,1.14085,1,1.99999999999978,6,8051
6E 09-26,1783975260000,1783978260000,1.1409,1.14085,1.140875,1,1.00000000000211,4,8059
6E 09-26,1783975320000,1783978320000,1.1409,1.1408,1.14085,-1,1.99999999999978,8,8060
6E 09-26,1783975380000,1783978380000,1.1409,1.14085,1.140875,-1,1.00000000000211,6,8061
6E 09-26,1783975980000,1783978980000,1.1409,1.14085,1.140875,1,1.00000000000211,7,8070
6E 09-26,1783976280000,1783979280000,1.141,1.14095,1.140975,-1,1.00000000000211,2,8075
6E 09-26,1783976340000,1783979340000,1.141,1.14095,1.140975,1,1.00000000000211,3,8076
6E 09-26,1783980060000,1783983060000,1.14125,1.1412,1.141225,-1,1.00000000000211,1,8078
6E 09-26,1783980120000,1783983120000,1.14125,1.1412,1.141225,-1,1.00000000000211,2,8079
6E 09-26,1783980240000,1783983240000,1.14135,1.1413,1.141325,-1,1.00000000000211,1,8081
6E 09-26,1783980540000,1783983540000,1.14115,1.1411,1.141125,-1,1.00000000000211,1,8086
6E 09-26,1783980600000,1783983600000,1.1411,1.14105,1.141075,1,1.00000000000211,2,8087
6E 09-26,1783980660000,1783983660000,1.14115,1.1411,1.141125,1,1.00000000000211,3,8088
6E 09-26,1783980900000,1783983900000,1.14125,1.1412,1.141225,1,1.00000000000211,3,8091
6E 09-26,1783981080000,1783984080000,1.14125,1.1412,1.141225,1,1.00000000000211,4,8093
6E 09-26,1783981200000,1783984200000,1.14135,1.14125,1.1413,-1,1.99999999999978,6,8095
6E 09-26,1783982160000,1783985160000,1.14125,1.1412,1.141225,1,1.00000000000211,6,8105
6E 09-26,1783982400000,1783985400000,1.1413,1.1412,1.14125,1,1.99999999999978,8,8109
6E 09-26,1783982460000,1783985460000,1.1413,1.1412,1.14125,-1,1.99999999999978,9,8110
6E 09-26,1783983060000,1783986060000,1.1411,1.14105,1.141075,1,1.00000000000211,4,8120
6E 09-26,1783983120000,1783986120000,1.14115,1.1411,1.141125,-1,1.00000000000211,5,8121
6E 09-26,1783983180000,1783986180000,1.14115,1.14105,1.1411,-1,2.00000000000422,6,8122
6E 09-26,1783983240000,1783986240000,1.14115,1.1411,1.141125,-1,1.00000000000211,7,8123
6E 09-26,1783983360000,1783986360000,1.14115,1.1411,1.141125,-1,1.00000000000211,8,8125
6E 09-26,1783983780000,1783986780000,1.1411,1.14105,1.141075,1,1.00000000000211,9,8132
6E 09-26,1783983840000,1783986840000,1.1411,1.14105,1.141075,1,1.00000000000211,10,8133
6E 09-26,1783983900000,1783986900000,1.1411,1.14105,1.141075,1,1.00000000000211,11,8134
6E 09-26,1783984260000,1783987260000,1.1412,1.1411,1.14115,-1,1.99999999999978,14,8139
6E 09-26,1783984380000,1783987380000,1.1411,1.14105,1.141075,-1,1.00000000000211,10,8140
6E 09-26,1783984920000,1783987920000,1.141,1.14095,1.140975,1,1.00000000000211,1,8148
6E 09-26,1783985160000,1783988160000,1.1411,1.14105,1.141075,-1,1.00000000000211,11,8152
6E 09-26,1783985940000,1783988940000,1.14115,1.1411,1.141125,1,1.00000000000211,12,8162
6E 09-26,1783986060000,1783989060000,1.14125,1.1412,1.141225,1,1.00000000000211,2,8163
6E 09-26,1783986420000,1783989420000,1.14115,1.1411,1.141125,1,1.00000000000211,13,8169
6E 09-26,1783986720000,1783989720000,1.14115,1.1411,1.141125,1,1.00000000000211,10,8174
6E 09-26,1783986960000,1783989960000,1.14115,1.1411,1.141125,1,1.00000000000211,10,8178
6E 09-26,1783987020000,1783990020000,1.14115,1.14105,1.1411,1,2.00000000000422,11,8179
6E 09-26,1783987140000,1783990140000,1.14125,1.1412,1.141225,1,1.00000000000211,3,8180
6E 09-26,1783987440000,1783990440000,1.14115,1.1411,1.141125,-1,1.00000000000211,9,8185
6E 09-26,1783987560000,1783990560000,1.14115,1.1411,1.141125,-1,1.00000000000211,10,8187
6E 09-26,1783987980000,1783990980000,1.14145,1.1414,1.141425,-1,1.00000000000211,1,8194
6E 09-26,1783988100000,1783991100000,1.14145,1.14135,1.1414,-1,1.99999999999978,2,8196
6E 09-26,1783988580000,1783991580000,1.141,1.14095,1.140975,-1,1.00000000000211,1,8204
6E 09-26,1783988640000,1783991640000,1.1408,1.14075,1.140775,-1,1.00000000000211,1,8205
6E 09-26,1783988700000,1783991700000,1.1409,1.14085,1.140875,-1,1.00000000000211,1,8206
6E 09-26,1783989120000,1783992120000,1.141,1.14095,1.140975,-1,1.00000000000211,2,8213
6E 09-26,1783989240000,1783992240000,1.1411,1.14105,1.141075,1,1.00000000000211,7,8215
6E 09-26,1783989360000,1783992360000,1.14135,1.1413,1.141325,1,1.00000000000211,2,8217
6E 09-26,1783989540000,1783992540000,1.14145,1.1414,1.141425,-1,1.00000000000211,3,8220
6E 09-26,1783989780000,1783992780000,1.14145,1.1414,1.141425,-1,1.00000000000211,4,8224
6E 09-26,1783990140000,1783993140000,1.14175,1.14165,1.1417,1,1.99999999999978,1,8230
6E 09-26,1783990200000,1783993200000,1.14175,1.1417,1.141725,1,1.00000000000211,2,8231
6E 09-26,1783990560000,1783993560000,1.14185,1.1418,1.141825,-1,1.00000000000211,1,8237
6E 09-26,1783990920000,1783993920000,1.14145,1.1414,1.141425,1,1.00000000000211,5,8243
6E 09-26,1783990980000,1783993980000,1.14165,1.1416,1.141625,1,1.00000000000211,2,8244
6E 09-26,1783991040000,1783994040000,1.14165,1.1416,1.141625,-1,1.00000000000211,3,8245
6E 09-26,1783991160000,1783994160000,1.14165,1.1416,1.141625,-1,1.00000000000211,4,8247
6E 09-26,1783991340000,1783994340000,1.14165,1.1416,1.141625,1,1.00000000000211,5,8250
6E 09-26,1783991400000,1783994400000,1.14165,1.1416,1.141625,-1,1.00000000000211,6,8251
6E 09-26,1783991460000,1783994460000,1.14165,1.1416,1.141625,1,1.00000000000211,7,8252
6E 09-26,1783992060000,1783995060000,1.14185,1.1418,1.141825,1,1.00000000000211,2,8262
6E 09-26,1783992180000,1783995180000,1.14185,1.14175,1.1418,1,1.99999999999978,5,8264
6E 09-26,1783992780000,1783995780000,1.14165,1.1416,1.141625,1,1.00000000000211,8,8274
6E 09-26,1783992840000,1783995840000,1.14165,1.1416,1.141625,1,1.00000000000211,9,8275
6E 09-26,1783992900000,1783995900000,1.14165,1.14155,1.1416,-1,1.99999999999978,10,8276
6E 09-26,1783993020000,1783996020000,1.14155,1.1415,1.141525,1,1.00000000000211,2,8278
6E 09-26,1783993080000,1783996080000,1.14155,1.1415,1.141525,-1,1.00000000000211,3,8279
6E 09-26,1783993200000,1783996200000,1.14155,1.1415,1.141525,1,1.00000000000211,4,8281
6E 09-26,1783993260000,1783996260000,1.14155,1.1415,1.141525,1,1.00000000000211,5,8282
6E 09-26,1783993380000,1783996380000,1.14175,1.1417,1.141725,1,1.00000000000211,2,8284
6E 09-26,1783993440000,1783996440000,1.14175,1.1417,1.141725,1,1.00000000000211,3,8285
6E 09-26,1783993620000,1783996620000,1.14165,1.1416,1.141625,-1,1.00000000000211,10,8288
6E 09-26,1783993680000,1783996680000,1.14165,1.1416,1.141625,-1,1.00000000000211,11,8289
6E 09-26,1783994460000,1783997460000,1.14195,1.1419,1.141925,1,1.00000000000211,1,8302
6E 09-26,1783994580000,1783997580000,1.14195,1.1419,1.141925,1,1.00000000000211,2,8304
6E 09-26,1783994640000,1783997640000,1.14195,1.1419,1.141925,1,1.00000000000211,3,8305
6E 09-26,1783994880000,1783997880000,1.14195,1.1419,1.141925,-1,1.00000000000211,4,8309
6E 09-26,1783995180000,1783998180000,1.142,1.1419,1.14195,1,1.99999999999978,5,8314
6E 09-26,1783995480000,1783998480000,1.14215,1.1421,1.142125,1,1.00000000000211,1,8319
6E 09-26,1783995600000,1783998600000,1.1422,1.14215,1.142175,1,1.00000000000211,2,8321
6E 09-26,1783995780000,1783998780000,1.1422,1.14215,1.142175,-1,1.00000000000211,3,8324
6E 09-26,1783995960000,1783998960000,1.1423,1.14225,1.142275,-1,1.00000000000211,1,8327
6E 09-26,1783996260000,1783999260000,1.1423,1.14225,1.142275,-1,1.00000000000211,2,8332
6E 09-26,1783996560000,1783999560000,1.14225,1.14215,1.1422,1,1.99999999999978,6,8337
6E 09-26,1783996620000,1783999620000,1.1423,1.14225,1.142275,-1,1.00000000000211,4,8338
6E 09-26,1783996800000,1783999800000,1.1423,1.14225,1.142275,-1,1.00000000000211,5,8341
6E 09-26,1783996920000,1783999920000,1.1423,1.14225,1.142275,-1,1.00000000000211,6,8343
6E 09-26,1783997040000,1784000040000,1.1423,1.14225,1.142275,-1,1.00000000000211,7,8345
6E 09-26,1783997160000,1784000160000,1.14215,1.1421,1.142125,1,1.00000000000211,5,8347
6E 09-26,1783997340000,1784000340000,1.14215,1.1421,1.142125,-1,1.00000000000211,6,8350
6E 09-26,1783997520000,1784000520000,1.14205,1.142,1.142025,1,1.00000000000211,2,8352
6E 09-26,1783997760000,1784000760000,1.14205,1.142,1.142025,1,1.00000000000211,3,8356
6E 09-26,1783998060000,1784001060000,1.14215,1.1421,1.142125,1,1.00000000000211,7,8361
6E 09-26,1783998180000,1784001180000,1.14195,1.1419,1.141925,-1,1.00000000000211,2,8363
6E 09-26,1783998540000,1784001540000,1.14195,1.1419,1.141925,1,1.00000000000211,2,8369
6E 09-26,1783998600000,1784001600000,1.14195,1.1419,1.141925,1,1.00000000000211,3,8370
6E 09-26,1783998660000,1784001660000,1.14205,1.14195,1.142,1,1.99999999999978,6,8371
6E 09-26,1783998780000,1784001780000,1.14215,1.1421,1.142125,-1,1.00000000000211,6,8373
6E 09-26,1783999200000,1784002200000,1.14195,1.1419,1.141925,-1,1.00000000000211,5,8380
6E 09-26,1783999260000,1784002260000,1.14185,1.1418,1.141825,1,1.00000000000211,1,8381
6E 09-26,1783999440000,1784002440000,1.14195,1.1419,1.141925,1,1.00000000000211,6,8384
6E 09-26,1783999560000,1784002560000,1.14205,1.142,1.142025,1,1.00000000000211,4,8386
6E 09-26,1783999860000,1784002860000,1.1424,1.14235,1.142375,-1,1.00000000000211,1,8391
6E 09-26,1784000220000,1784003220000,1.1424,1.14235,1.142375,1,1.00000000000211,2,8397
6E 09-26,1784000280000,1784003280000,1.1425,1.14245,1.142475,1,1.00000000000211,1,8398
6E 09-26,1784000340000,1784003340000,1.1425,1.1424,1.14245,-1,1.99999999999978,4,8399
6E 09-26,1784000400000,1784003400000,1.1425,1.14245,1.142475,-1,1.00000000000211,3,8400
6E 09-26,1784000520000,1784003520000,1.1424,1.14235,1.142375,-1,1.00000000000211,4,8402
6E 09-26,1784000820000,1784003820000,1.1424,1.14235,1.142375,1,1.00000000000211,5,8407
6E 09-26,1784000880000,1784003880000,1.1424,1.14235,1.142375,-1,1.00000000000211,6,8408
6E 09-26,1784000940000,1784003940000,1.1424,1.14235,1.142375,1,1.00000000000211,7,8409
6E 09-26,1784001180000,1784004180000,1.1424,1.14235,1.142375,1,1.00000000000211,8,8413
6E 09-26,1784001540000,1784004540000,1.1423,1.14225,1.142275,-1,1.00000000000211,1,8419
6E 09-26,1784001600000,1784004600000,1.1423,1.14225,1.142275,1,1.00000000000211,2,8420
6E 09-26,1784001660000,1784004660000,1.1423,1.14225,1.142275,-1,1.00000000000211,3,8421
6E 09-26,1784001720000,1784004720000,1.1423,1.14225,1.142275,1,1.00000000000211,4,8422
6E 09-26,1784001840000,1784004840000,1.1424,1.14235,1.142375,1,1.00000000000211,9,8424
6E 09-26,1784002200000,1784005200000,1.14215,1.1421,1.142125,1,1.00000000000211,1,8430
6E 09-26,1784002320000,1784005320000,1.14205,1.142,1.142025,1,1.00000000000211,2,8432
6E 09-26,1784003520000,1784006520000,1.14235,1.14225,1.1423,-1,1.99999999999978,11,8452
6E 09-26,1784003580000,1784006580000,1.1423,1.14225,1.142275,-1,1.00000000000211,6,8453
6E 09-26,1784004000000,1784007000000,1.1423,1.14225,1.142275,1,1.00000000000211,7,8460
6E 09-26,1784004240000,1784007240000,1.1422,1.14215,1.142175,-1,1.00000000000211,2,8464
6E 09-26,1784004360000,1784007360000,1.14215,1.1421,1.142125,-1,1.00000000000211,3,8465
6E 09-26,1784004480000,1784007480000,1.14215,1.14205,1.1421,-1,1.99999999999978,5,8467
6E 09-26,1784004660000,1784007660000,1.14185,1.1418,1.141825,-1,1.00000000000211,1,8470
6E 09-26,1784004720000,1784007720000,1.14175,1.1417,1.141725,-1,1.00000000000211,1,8471
6E 09-26,1784005260000,1784008260000,1.14205,1.142,1.142025,-1,1.00000000000211,3,8480
6E 09-26,1784005380000,1784008380000,1.1422,1.14215,1.142175,-1,1.00000000000211,4,8482
6E 09-26,1784005440000,1784008440000,1.1422,1.14215,1.142175,-1,1.00000000000211,5,8483
6E 09-26,1784005620000,1784008620000,1.14215,1.1421,1.142125,-1,1.00000000000211,6,8486
6E 09-26,1784005860000,1784008860000,1.1422,1.14215,1.142175,1,1.00000000000211,7,8488
6E 09-26,1784006880000,1784009880000,1.1423,1.14225,1.142275,-1,1.00000000000211,3,8503
6E 09-26,1784007060000,1784010060000,1.1424,1.14235,1.142375,1,1.00000000000211,1,8506
6E 09-26,1784007240000,1784010240000,1.1425,1.14245,1.142475,-1,1.00000000000211,1,8509
6E 09-26,1784007480000,1784010480000,1.1425,1.1424,1.14245,-1,1.99999999999978,3,8513
6E 09-26,1784007720000,1784010720000,1.14235,1.14225,1.1423,1,1.99999999999978,3,8517
6E 09-26,1784007780000,1784010780000,1.1423,1.14225,1.142275,-1,1.00000000000211,3,8518
6E 09-26,1784007840000,1784010840000,1.1424,1.14235,1.142375,-1,1.00000000000211,4,8519
6E 09-26,1784008020000,1784011020000,1.1423,1.14225,1.142275,1,1.00000000000211,4,8522
6E 09-26,1784008200000,1784011200000,1.1423,1.14225,1.142275,-1,1.00000000000211,5,8525
6E 09-26,1784008260000,1784011260000,1.1423,1.14225,1.142275,-1,1.00000000000211,6,8526
6E 09-26,1784008920000,1784011920000,1.14205,1.142,1.142025,-1,1.00000000000211,1,8537
6E 09-26,1784008980000,1784011980000,1.14195,1.1419,1.141925,1,1.00000000000211,1,8538
6E 09-26,1784009040000,1784012040000,1.14205,1.142,1.142025,-1,1.00000000000211,2,8539
6E 09-26,1784009100000,1784012100000,1.1419,1.1418,1.14185,-1,1.99999999999978,2,8540
6E 09-26,1784009160000,1784012160000,1.14195,1.1419,1.141925,1,1.00000000000211,3,8541
6E 09-26,1784009340000,1784012340000,1.14195,1.1419,1.141925,-1,1.00000000000211,4,8544
6E 09-26,1784009400000,1784012400000,1.14195,1.1419,1.141925,1,1.00000000000211,5,8545
6E 09-26,1784009520000,1784012520000,1.14195,1.1419,1.141925,-1,1.00000000000211,6,8547
6E 09-26,1784010060000,1784013060000,1.14175,1.1417,1.141725,1,1.00000000000211,1,8556
6E 09-26,1784010120000,1784013120000,1.14175,1.1417,1.141725,-1,1.00000000000211,2,8557
6E 09-26,1784010300000,1784013300000,1.14175,1.1417,1.141725,-1,1.00000000000211,3,8560
6E 09-26,1784010780000,1784013780000,1.1422,1.14215,1.142175,-1,1.00000000000211,1,8568
6E 09-26,1784010960000,1784013960000,1.1422,1.14215,1.142175,1,1.00000000000211,2,8571
6E 09-26,1784011020000,1784014020000,1.1422,1.1421,1.14215,-1,2.00000000000422,3,8572
6E 09-26,1784011140000,1784014140000,1.14195,1.1419,1.141925,1,1.00000000000211,7,8574
6E 09-26,1784011620000,1784014620000,1.14175,1.1417,1.141725,1,1.00000000000211,4,8582
6E 09-26,1784011980000,1784014980000,1.14145,1.1414,1.141425,-1,1.00000000000211,1,8588
6E 09-26,1784012040000,1784015040000,1.14155,1.1415,1.141525,1,1.00000000000211,1,8589
6E 09-26,1784012400000,1784015400000,1.14155,1.1415,1.141525,1,1.00000000000211,2,8595
6E 09-26,1784012880000,1784015880000,1.14175,1.1417,1.141725,1,1.00000000000211,5,8603
6E 09-26,1784012940000,1784015940000,1.14185,1.1418,1.141825,-1,1.00000000000211,1,8604
6E 09-26,1784013300000,1784016300000,1.14165,1.14155,1.1416,-1,1.99999999999978,3,8610
6E 09-26,1784013600000,1784016600000,1.14175,1.1417,1.141725,-1,1.00000000000211,3,8615
6E 09-26,1784013780000,1784016780000,1.14195,1.1419,1.141925,-1,1.00000000000211,2,8618
6E 09-26,1784013840000,1784016840000,1.14205,1.142,1.142025,-1,1.00000000000211,1,8619
6E 09-26,1784013900000,1784016900000,1.14205,1.142,1.142025,1,1.00000000000211,2,8620
6E 09-26,1784014020000,1784017020000,1.14215,1.1421,1.142125,-1,1.00000000000211,2,8622
6E 09-26,1784014080000,1784017080000,1.1422,1.14215,1.142175,-1,1.00000000000211,2,8623
6E 09-26,1784014200000,1784017200000,1.1423,1.14225,1.142275,1,1.00000000000211,1,8625
6E 09-26,1784014260000,1784017260000,1.1421,1.142,1.14205,1,1.99999999999978,4,8626
6E 09-26,1784014380000,1784017380000,1.14205,1.14195,1.142,-1,1.99999999999978,5,8628
6E 09-26,1784014500000,1784017500000,1.14195,1.1419,1.141925,-1,1.00000000000211,3,8630
6E 09-26,1784014860000,1784017860000,1.14195,1.1419,1.141925,1,1.00000000000211,4,8636
6E 09-26,1784015040000,1784018040000,1.14195,1.1419,1.141925,1,1.00000000000211,5,8639
6E 09-26,1784015220000,1784018220000,1.1423,1.14225,1.142275,-1,1.00000000000211,2,8642
6E 09-26,1784015340000,1784018340000,1.1425,1.14245,1.142475,1,1.00000000000211,1,8644
6E 09-26,1784015460000,1784018460000,1.1425,1.14245,1.142475,-1,1.00000000000211,2,8646
6E 09-26,1784015580000,1784018580000,1.1425,1.14245,1.142475,-1,1.00000000000211,3,8648
6E 09-26,1784015640000,1784018640000,1.1425,1.14245,1.142475,1,1.00000000000211,4,8649
6E 09-26,1784016960000,1784019960000,1.14255,1.14245,1.1425,1,1.99999999999978,5,8671
6E 09-26,1784017020000,1784020020000,1.1426,1.14255,1.142575,-1,1.00000000000211,2,8672
6E 09-26,1784017500000,1784020500000,1.1427,1.14265,1.142675,-1,1.00000000000211,1,8680
6E 09-26,1784017860000,1784020860000,1.1431,1.14305,1.143075,-1,1.00000000000211,1,8686
6E 09-26,1784018340000,1784021340000,1.1429,1.14285,1.142875,1,1.00000000000211,1,8694
6E 09-26,1784018640000,1784021640000,1.14345,1.1434,1.143425,1,1.00000000000211,1,8699
6E 09-26,1784018820000,1784021820000,1.14325,1.1432,1.143225,1,1.00000000000211,1,8702
6E 09-26,1784018880000,1784021880000,1.14325,1.1432,1.143225,1,1.00000000000211,2,8703
6E 09-26,1784018940000,1784021940000,1.1431,1.14305,1.143075,-1,1.00000000000211,2,8704
6E 09-26,1784019000000,1784022000000,1.1431,1.14305,1.143075,1,1.00000000000211,3,8705
6E 09-26,1784019060000,1784022060000,1.14315,1.1431,1.143125,-1,1.00000000000211,4,8706
6E 09-26,1784019120000,1784022120000,1.143,1.14295,1.142975,-1,1.00000000000211,1,8707
6E 09-26,1784019360000,1784022360000,1.143,1.14295,1.142975,-1,1.00000000000211,2,8711
6E 09-26,1784019540000,1784022540000,1.1429,1.14285,1.142875,1,1.00000000000211,2,8714
6E 09-26,1784019600000,1784022600000,1.1429,1.14285,1.142875,1,1.00000000000211,3,8715
6E 09-26,1784019660000,1784022660000,1.143,1.14295,1.142975,-1,1.00000000000211,3,8716
6E 09-26,1784019840000,1784022840000,1.14315,1.1431,1.143125,1,1.00000000000211,5,8719
6E 09-26,1784020080000,1784023080000,1.14315,1.1431,1.143125,-1,1.00000000000211,6,8723
6E 09-26,1784020920000,1784023920000,1.1429,1.14285,1.142875,-1,1.00000000000211,4,8737
6E 09-26,1784021040000,1784024040000,1.1428,1.14275,1.142775,-1,1.00000000000211,1,8739
6E 09-26,1784021220000,1784024220000,1.1428,1.14275,1.142775,-1,1.00000000000211,2,8742
6E 09-26,1784021460000,1784024460000,1.1428,1.14275,1.142775,-1,1.00000000000211,3,8746
6E 09-26,1784021580000,1784024580000,1.1427,1.14265,1.142675,-1,1.00000000000211,1,8748
6E 09-26,1784021640000,1784024640000,1.1427,1.14265,1.142675,-1,1.00000000000211,2,8749
6E 09-26,1784021880000,1784024880000,1.1428,1.14275,1.142775,-1,1.00000000000211,4,8753
6E 09-26,1784022120000,1784025120000,1.1427,1.14265,1.142675,-1,1.00000000000211,3,8757
6E 09-26,1784022180000,1784025180000,1.1426,1.14255,1.142575,1,1.00000000000211,1,8758
6E 09-26,1784022540000,1784025540000,1.1429,1.14285,1.142875,-1,1.00000000000211,4,8764
6E 09-26,1784023560000,1784026560000,1.1429,1.14285,1.142875,-1,1.00000000000211,3,8781
6E 09-26,1784023680000,1784026680000,1.1428,1.14275,1.142775,-1,1.00000000000211,5,8783
6E 09-26,1784023980000,1784026980000,1.1427,1.14265,1.142675,-1,1.00000000000211,4,8788
6E 09-26,1784024040000,1784027040000,1.1427,1.14265,1.142675,1,1.00000000000211,5,8789
6E 09-26,1784024280000,1784027280000,1.1428,1.14275,1.142775,-1,1.00000000000211,4,8793
6E 09-26,1784024340000,1784027340000,1.1427,1.14265,1.142675,-1,1.00000000000211,6,8794
6E 09-26,1784024880000,1784027880000,1.1424,1.14235,1.142375,1,1.00000000000211,1,8803
6E 09-26,1784025120000,1784028120000,1.1424,1.14235,1.142375,1,1.00000000000211,2,8807
6E 09-26,1784025360000,1784028360000,1.1425,1.14245,1.142475,-1,1.00000000000211,1,8811
6E 09-26,1784025420000,1784028420000,1.1426,1.14255,1.142575,1,1.00000000000211,1,8812
6E 09-26,1784025660000,1784028660000,1.1424,1.14235,1.142375,1,1.00000000000211,3,8816
6E 09-26,1784025840000,1784028840000,1.1423,1.14225,1.142275,1,1.00000000000211,1,8819
6E 09-26,1784025900000,1784028900000,1.1424,1.14235,1.142375,-1,1.00000000000211,4,8820
6E 09-26,1784026500000,1784029500000,1.1423,1.14225,1.142275,-1,1.00000000000211,2,8830
6E 09-26,1784026800000,1784029800000,1.14215,1.1421,1.142125,1,1.00000000000211,1,8835
6E 09-26,1784027520000,1784030520000,1.1422,1.14215,1.142175,1,1.00000000000211,2,8847
6E 09-26,1784027760000,1784030760000,1.1423,1.14225,1.142275,-1,1.00000000000211,3,8851
6E 09-26,1784028180000,1784031180000,1.14245,1.14235,1.1424,1,1.99999999999978,4,8858
6E 09-26,1784028360000,1784031360000,1.1425,1.14245,1.142475,1,1.00000000000211,3,8861
6E 09-26,1784028480000,1784031480000,1.1425,1.14245,1.142475,-1,1.00000000000211,3,8863
6E 09-26,1784028600000,1784031600000,1.1425,1.14245,1.142475,1,1.00000000000211,4,8865
6E 09-26,1784029020000,1784032020000,1.1429,1.14285,1.142875,1,1.00000000000211,1,8872
6E 09-26,1784029260000,1784032260000,1.143,1.14295,1.142975,1,1.00000000000211,1,8876
6E 09-26,1784029560000,1784032560000,1.14325,1.1432,1.143225,-1,1.00000000000211,1,8881
6E 09-26,1784029680000,1784032680000,1.14335,1.1433,1.143325,1,1.00000000000211,1,8883
6E 09-26,1784030100000,1784033100000,1.14375,1.1437,1.143725,-1,1.00000000000211,1,8890
6E 09-26,1784030460000,1784033460000,1.14355,1.1435,1.143525,1,1.00000000000211,1,8896
6E 09-26,1784031000000,1784034000000,1.14345,1.1434,1.143425,1,1.00000000000211,1,8905
6E 09-26,1784031540000,1784034540000,1.14345,1.1434,1.143425,-1,1.00000000000211,2,8914
6E 09-26,1784031720000,1784034720000,1.14375,1.1437,1.143725,1,1.00000000000211,2,8917
6E 09-26,1784032020000,1784035020000,1.1444,1.14435,1.144375,1,1.00000000000211,1,8922
6E 09-26,1784032140000,1784035140000,1.1444,1.14435,1.144375,1,1.00000000000211,2,8924
6E 09-26,1784032260000,1784035260000,1.1489,1.14885,1.148875,1,1.00000000000211,1,8926
6E 09-26,1784032500000,1784035500000,1.14785,1.1478,1.147825,-1,1.00000000000211,1,8930
6E 09-26,1784032560000,1784035560000,1.14785,1.1478,1.147825,1,1.00000000000211,2,8931
6E 09-26,1784032800000,1784035800000,1.14725,1.1472,1.147225,1,1.00000000000211,1,8935
6E 09-26,1784032980000,1784035980000,1.1486,1.14855,1.148575,-1,1.00000000000211,1,8938
6E 09-26,1784033100000,1784036100000,1.1487,1.14865,1.148675,1,1.00000000000211,1,8940
6E 09-26,1784033580000,1784036580000,1.14745,1.1474,1.147425,-1,1.00000000000211,1,8948
6E 09-26,1784033640000,1784036640000,1.14745,1.1474,1.147425,1,1.00000000000211,2,8949
6E 09-26,1784033700000,1784036700000,1.1472,1.14715,1.147175,1,1.00000000000211,2,8950
6E 09-26,1784034060000,1784037060000,1.14775,1.1477,1.147725,1,1.00000000000211,1,8956
6E 09-26,1784034360000,1784037360000,1.1483,1.14825,1.148275,1,1.00000000000211,1,8961
6E 09-26,1784035200000,1784038200000,1.14765,1.1476,1.147625,-1,1.00000000000211,1,8975
6E 09-26,1784035500000,1784038500000,1.14795,1.1479,1.147925,1,1.00000000000211,1,8980
6E 09-26,1784035560000,1784038560000,1.14805,1.148,1.148025,1,1.00000000000211,1,8981
6E 09-26,1784035620000,1784038620000,1.14805,1.14795,1.148,-1,1.99999999999978,3,8982
6E 09-26,1784035860000,1784038860000,1.14815,1.1481,1.148125,-1,1.00000000000211,1,8986
6E 09-26,1784035920000,1784038920000,1.14775,1.1477,1.147725,1,1.00000000000211,2,8987
6E 09-26,1784036340000,1784039340000,1.14815,1.1481,1.148125,1,1.00000000000211,2,8994
6E 09-26,1784036700000,1784039700000,1.1482,1.14815,1.148175,-1,1.00000000000211,3,9000
6E 09-26,1784036760000,1784039760000,1.14815,1.1481,1.148125,-1,1.00000000000211,4,9001
6E 09-26,1784037060000,1784040060000,1.14805,1.148,1.148025,1,1.00000000000211,3,9006
6E 09-26,1784037300000,1784040300000,1.1482,1.14815,1.148175,-1,1.00000000000211,5,9010
6E 09-26,1784037360000,1784040360000,1.1481,1.148,1.14805,1,1.99999999999978,7,9011
6E 09-26,1784037840000,1784040840000,1.1484,1.14835,1.148375,-1,1.00000000000211,1,9019
6E 09-26,1784038020000,1784041020000,1.1486,1.14855,1.148575,-1,1.00000000000211,1,9022
6E 09-26,1784038380000,1784041380000,1.1486,1.14855,1.148575,1,1.00000000000211,2,9028
6E 09-26,1784038440000,1784041440000,1.1485,1.14845,1.148475,1,1.00000000000211,1,9029
6E 09-26,1784038500000,1784041500000,1.1484,1.14835,1.148375,-1,1.00000000000211,2,9030
6E 09-26,1784038620000,1784041620000,1.14805,1.148,1.148025,1,1.00000000000211,4,9032
6E 09-26,1784039280000,1784042280000,1.14745,1.1474,1.147425,1,1.00000000000211,1,9043
6E 09-26,1784039580000,1784042580000,1.14745,1.1474,1.147425,1,1.00000000000211,2,9048
6E 09-26,1784039700000,1784042700000,1.14775,1.1477,1.147725,-1,1.00000000000211,1,9050
6E 09-26,1784040180000,1784043180000,1.14755,1.1475,1.147525,1,1.00000000000211,1,9058
6E 09-26,1784040480000,1784043480000,1.14775,1.1477,1.147725,1,1.00000000000211,2,9063
6E 09-26,1784040600000,1784043600000,1.14765,1.1476,1.147625,1,1.00000000000211,1,9065
6E 09-26,1784040900000,1784043900000,1.1471,1.14705,1.147075,-1,1.00000000000211,1,9070
6E 09-26,1784041260000,1784044260000,1.1472,1.14715,1.147175,1,1.00000000000211,1,9076
6E 09-26,1784041440000,1784044440000,1.14745,1.1474,1.147425,-1,1.00000000000211,3,9079
6E 09-26,1784041740000,1784044740000,1.14805,1.148,1.148025,1,1.00000000000211,1,9084
6E 09-26,1784041800000,1784044800000,1.14795,1.1479,1.147925,1,1.00000000000211,1,9085
6E 09-26,1784042160000,1784045160000,1.14775,1.1477,1.147725,1,1.00000000000211,3,9091
6E 09-26,1784042220000,1784045220000,1.14775,1.1477,1.147725,1,1.00000000000211,4,9092
6E 09-26,1784042460000,1784045460000,1.14745,1.1474,1.147425,-1,1.00000000000211,3,9096
6E 09-26,1784042520000,1784045520000,1.14745,1.1474,1.147425,-1,1.00000000000211,4,9097
6E 09-26,1784042640000,1784045640000,1.14725,1.1472,1.147225,-1,1.00000000000211,2,9099
6E 09-26,1784043060000,1784046060000,1.147,1.14695,1.146975,1,1.00000000000211,1,9106
6E 09-26,1784043360000,1784046360000,1.1469,1.14685,1.146875,-1,1.00000000000211,1,9111
6E 09-26,1784043600000,1784046600000,1.1467,1.14665,1.146675,1,1.00000000000211,1,9115
6E 09-26,1784043660000,1784046660000,1.1466,1.14655,1.146575,1,1.00000000000211,1,9116
6E 09-26,1784044140000,1784047140000,1.1463,1.14625,1.146275,1,1.00000000000211,1,9124
6E 09-26,1784044560000,1784047560000,1.14575,1.1457,1.145725,-1,1.00000000000211,1,9131
6E 09-26,1784044800000,1784047800000,1.14565,1.1456,1.145625,1,1.00000000000211,1,9135
6E 09-26,1784044920000,1784047920000,1.14545,1.1454,1.145425,1,1.00000000000211,1,9137
6E 09-26,1784045100000,1784048100000,1.1455,1.1454,1.14545,1,1.99999999999978,2,9140
6E 09-26,1784045460000,1784048460000,1.14555,1.1455,1.145525,1,1.00000000000211,2,9146
6E 09-26,1784045640000,1784048640000,1.14575,1.1457,1.145725,-1,1.00000000000211,2,9149
6E 09-26,1784045700000,1784048700000,1.14575,1.1457,1.145725,1,1.00000000000211,3,9150
6E 09-26,1784045760000,1784048760000,1.14575,1.1457,1.145725,1,1.00000000000211,4,9151
6E 09-26,1784045940000,1784048940000,1.14565,1.1456,1.145625,-1,1.00000000000211,2,9154
6E 09-26,1784046060000,1784049060000,1.14565,1.1456,1.145625,-1,1.00000000000211,3,9156
6E 09-26,1784046540000,1784049540000,1.14585,1.1458,1.145825,-1,1.00000000000211,1,9164
6E 09-26,1784046720000,1784049720000,1.14605,1.146,1.146025,-1,1.00000000000211,1,9167
6E 09-26,1784046960000,1784049960000,1.1462,1.14615,1.146175,1,1.00000000000211,1,9171
6E 09-26,1784047380000,1784050380000,1.1462,1.14615,1.146175,-1,1.00000000000211,2,9178
6E 09-26,1784047500000,1784050500000,1.14615,1.1461,1.146125,1,1.00000000000211,3,9180
6E 09-26,1784047560000,1784050560000,1.14615,1.1461,1.146125,-1,1.00000000000211,4,9181
6E 09-26,1784048280000,1784051280000,1.14615,1.1461,1.146125,1,1.00000000000211,5,9193
6E 09-26,1784048460000,1784051460000,1.14615,1.1461,1.146125,1,1.00000000000211,6,9196
6E 09-26,1784048700000,1784051700000,1.14585,1.1458,1.145825,1,1.00000000000211,2,9200
6E 09-26,1784048760000,1784051760000,1.14575,1.1457,1.145725,-1,1.00000000000211,2,9201
6E 09-26,1784048940000,1784051940000,1.14555,1.1455,1.145525,1,1.00000000000211,1,9204
6E 09-26,1784049360000,1784052360000,1.1449,1.14485,1.144875,1,1.00000000000211,1,9211
6E 09-26,1784049600000,1784052600000,1.1449,1.14485,1.144875,-1,1.00000000000211,2,9215
6E 09-26,1784049720000,1784052720000,1.1451,1.14505,1.145075,1,1.00000000000211,1,9217
6E 09-26,1784050080000,1784053080000,1.14545,1.1454,1.145425,1,1.00000000000211,1,9223
6E 09-26,1784051040000,1784054040000,1.14545,1.1454,1.145425,1,1.00000000000211,2,9239
6E 09-26,1784051760000,1784054760000,1.14555,1.1455,1.145525,1,1.00000000000211,2,9251
6E 09-26,1784052000000,1784055000000,1.14525,1.1452,1.145225,-1,1.00000000000211,1,9255
6E 09-26,1784052300000,1784055300000,1.14535,1.1453,1.145325,1,1.00000000000211,1,9260
6E 09-26,1784052360000,1784055360000,1.14535,1.1453,1.145325,1,1.00000000000211,2,9261
6E 09-26,1784052480000,1784055480000,1.14535,1.1453,1.145325,-1,1.00000000000211,3,9263
6E 09-26,1784052720000,1784055720000,1.14525,1.1452,1.145225,1,1.00000000000211,2,9267
6E 09-26,1784053020000,1784056020000,1.14545,1.1454,1.145425,1,1.00000000000211,3,9272
6E 09-26,1784053560000,1784056560000,1.145,1.14495,1.144975,1,1.00000000000211,1,9281
6E 09-26,1784054400000,1784057400000,1.1449,1.14485,1.144875,1,1.00000000000211,1,9295
6E 09-26,1784054520000,1784057520000,1.14465,1.14455,1.1446,1,1.99999999999978,1,9297
6E 09-26,1784054640000,1784057640000,1.1446,1.14455,1.144575,-1,1.00000000000211,2,9299
6E 09-26,1784054700000,1784057700000,1.1448,1.14475,1.144775,-1,1.00000000000211,1,9300
6E 09-26,1784055000000,1784058000000,1.1449,1.14485,1.144875,-1,1.00000000000211,2,9305
6E 09-26,1784055300000,1784058300000,1.145,1.14495,1.144975,1,1.00000000000211,2,9310
6E 09-26,1784055600000,1784058600000,1.14525,1.1452,1.145225,-1,1.00000000000211,2,9315
6E 09-26,1784055840000,1784058840000,1.14535,1.1453,1.145325,-1,1.00000000000211,1,9319
6E 09-26,1784056320000,1784059320000,1.14525,1.1452,1.145225,1,1.00000000000211,2,9327
6E 09-26,1784056500000,1784059500000,1.14545,1.1454,1.145425,-1,1.00000000000211,1,9330
6E 09-26,1784056560000,1784059560000,1.14545,1.1454,1.145425,-1,1.00000000000211,2,9331
6E 09-26,1784056680000,1784059680000,1.14535,1.1453,1.145325,-1,1.00000000000211,2,9333
6E 09-26,1784057040000,1784060040000,1.14535,1.1453,1.145325,1,1.00000000000211,3,9339
6E 09-26,1784057100000,1784060100000,1.14535,1.1453,1.145325,-1,1.00000000000211,4,9340
6E 09-26,1784057340000,1784060340000,1.14535,1.1453,1.145325,-1,1.00000000000211,5,9344
6E 09-26,1784057400000,1784060400000,1.1454,1.1453,1.14535,-1,1.99999999999978,8,9345
6E 09-26,1784057640000,1784060640000,1.1452,1.14515,1.145175,1,1.00000000000211,3,9349
6E 09-26,1784057700000,1784060700000,1.1452,1.14515,1.145175,1,1.00000000000211,4,9350
6E 09-26,1784057760000,1784060760000,1.1451,1.14505,1.145075,1,1.00000000000211,1,9351
6E 09-26,1784057820000,1784060820000,1.1452,1.14515,1.145175,1,1.00000000000211,5,9352
6E 09-26,1784057940000,1784060940000,1.1452,1.14515,1.145175,-1,1.00000000000211,6,9354
6E 09-26,1784058060000,1784061060000,1.1452,1.14515,1.145175,-1,1.00000000000211,7,9356
6E 09-26,1784058300000,1784061300000,1.1452,1.14515,1.145175,-1,1.00000000000211,8,9360
6E 09-26,1784058540000,1784061540000,1.1452,1.14515,1.145175,-1,1.00000000000211,9,9364
6E 09-26,1784058720000,1784061720000,1.1452,1.14515,1.145175,-1,1.00000000000211,9,9367
6E 09-26,1784058840000,1784061840000,1.14525,1.1452,1.145225,-1,1.00000000000211,10,9369
6E 09-26,1784058900000,1784061900000,1.14525,1.1452,1.145225,-1,1.00000000000211,11,9370
6E 09-26,1784059320000,1784062320000,1.1449,1.14485,1.144875,-1,1.00000000000211,1,9377
6E 09-26,1784059680000,1784062680000,1.1448,1.14475,1.144775,-1,1.00000000000211,1,9383
6E 09-26,1784059800000,1784062800000,1.1449,1.14485,1.144875,-1,1.00000000000211,2,9385
6E 09-26,1784059920000,1784062920000,1.1451,1.14505,1.145075,1,1.00000000000211,2,9387
6E 09-26,1784059980000,1784062980000,1.1451,1.14505,1.145075,-1,1.00000000000211,3,9388
6E 09-26,1784060220000,1784063220000,1.1449,1.14485,1.144875,-1,1.00000000000211,3,9392
6E 09-26,1784060460000,1784063460000,1.1449,1.14485,1.144875,-1,1.00000000000211,4,9395
6E 09-26,1784060640000,1784063640000,1.1449,1.14485,1.144875,-1,1.00000000000211,5,9397
6E 09-26,1784060760000,1784063760000,1.145,1.14495,1.144975,-1,1.00000000000211,1,9399
6E 09-26,1784061060000,1784064060000,1.1449,1.14485,1.144875,-1,1.00000000000211,6,9404
6E 09-26,1784061540000,1784064540000,1.145,1.14495,1.144975,1,1.00000000000211,2,9412
6E 09-26,1784061660000,1784064660000,1.145,1.14495,1.144975,1,1.00000000000211,3,9414
6E 09-26,1784061720000,1784064720000,1.145,1.14495,1.144975,1,1.00000000000211,4,9415
6E 09-26,1784061840000,1784064840000,1.145,1.14495,1.144975,-1,1.00000000000211,5,9417
6E 09-26,1784062080000,1784065080000,1.1449,1.14485,1.144875,-1,1.00000000000211,7,9421
6E 09-26,1784062200000,1784065200000,1.1449,1.14485,1.144875,1,1.00000000000211,8,9423
6E 09-26,1784062500000,1784065500000,1.145,1.14495,1.144975,-1,1.00000000000211,6,9428
6E 09-26,1784062680000,1784065680000,1.145,1.14495,1.144975,1,1.00000000000211,7,9431
6E 09-26,1784062740000,1784065740000,1.145,1.14495,1.144975,-1,1.00000000000211,8,9432
6E 09-26,1784066460000,1784069460000,1.1448,1.14475,1.144775,1,1.00000000000211,1,9434
6E 09-26,1784067240000,1784070240000,1.1447,1.14465,1.144675,1,1.00000000000211,1,9445
6E 09-26,1784067540000,1784070540000,1.1447,1.14465,1.144675,1,1.00000000000211,2,9449
6E 09-26,1784068260000,1784071260000,1.1449,1.14485,1.144875,-1,1.00000000000211,3,9458
6E 09-26,1784068320000,1784071320000,1.1449,1.14485,1.144875,1,1.00000000000211,4,9459
6E 09-26,1784068680000,1784071680000,1.1449,1.14485,1.144875,1,1.00000000000211,5,9465
6E 09-26,1784069220000,1784072220000,1.1448,1.14475,1.144775,-1,1.00000000000211,2,9474
6E 09-26,1784069820000,1784072820000,1.1448,1.14475,1.144775,1,1.00000000000211,3,9484
6E 09-26,1784070360000,1784073360000,1.1449,1.14485,1.144875,-1,1.00000000000211,4,9493
6E 09-26,1784070780000,1784073780000,1.145,1.14495,1.144975,1,1.00000000000211,1,9500
6E 09-26,1784071020000,1784074020000,1.145,1.14495,1.144975,-1,1.00000000000211,2,9504
6E 09-26,1784071380000,1784074380000,1.145,1.14495,1.144975,1,1.00000000000211,3,9509
6E 09-26,1784071440000,1784074440000,1.145,1.14495,1.144975,1,1.00000000000211,4,9510
6E 09-26,1784071500000,1784074500000,1.145,1.1449,1.14495,1,1.99999999999978,7,9511
6E 09-26,1784072340000,1784075340000,1.1451,1.14505,1.145075,1,1.00000000000211,1,9524
6E 09-26,1784072520000,1784075520000,1.1452,1.14515,1.145175,1,1.00000000000211,1,9527
6E 09-26,1784072640000,1784075640000,1.14525,1.1452,1.145225,1,1.00000000000211,2,9529
6E 09-26,1784072700000,1784075700000,1.14525,1.1452,1.145225,1,1.00000000000211,3,9530
6E 09-26,1784073000000,1784076000000,1.14525,1.1452,1.145225,-1,1.00000000000211,4,9535
6E 09-26,1784073060000,1784076060000,1.14525,1.1452,1.145225,1,1.00000000000211,5,9536
6E 09-26,1784073120000,1784076120000,1.14525,1.1452,1.145225,-1,1.00000000000211,6,9537
6E 09-26,1784073240000,1784076240000,1.1452,1.14515,1.145175,1,1.00000000000211,7,9539
6E 09-26,1784073420000,1784076420000,1.14525,1.1452,1.145225,-1,1.00000000000211,8,9542
6E 09-26,1784073480000,1784076480000,1.14525,1.1452,1.145225,1,1.00000000000211,9,9543
6E 09-26,1784073540000,1784076540000,1.14525,1.1452,1.145225,-1,1.00000000000211,10,9544
6E 09-26,1784074260000,1784077260000,1.14555,1.1455,1.145525,1,1.00000000000211,1,9556
6E 09-26,1784074740000,1784077740000,1.14555,1.1455,1.145525,1,1.00000000000211,2,9564
6E 09-26,1784074920000,1784077920000,1.14555,1.1455,1.145525,-1,1.00000000000211,3,9567
6E 09-26,1784075040000,1784078040000,1.14555,1.1455,1.145525,-1,1.00000000000211,4,9569
6E 09-26,1784075520000,1784078520000,1.14575,1.1457,1.145725,1,1.00000000000211,1,9577
6E 09-26,1784075640000,1784078640000,1.14575,1.1457,1.145725,1,1.00000000000211,2,9579
6E 09-26,1784075880000,1784078880000,1.14565,1.1456,1.145625,1,1.00000000000211,1,9583
6E 09-26,1784075940000,1784078940000,1.14565,1.1456,1.145625,-1,1.00000000000211,2,9584
6E 09-26,1784076060000,1784079060000,1.14555,1.1455,1.145525,-1,1.00000000000211,5,9586
6E 09-26,1784076180000,1784079180000,1.14555,1.1455,1.145525,-1,1.00000000000211,6,9588
6E 09-26,1784076300000,1784079300000,1.14555,1.1455,1.145525,-1,1.00000000000211,7,9590
6E 09-26,1784076420000,1784079420000,1.14565,1.1456,1.145625,1,1.00000000000211,3,9592
6E 09-26,1784076480000,1784079480000,1.14565,1.1456,1.145625,-1,1.00000000000211,4,9593
6E 09-26,1784076600000,1784079600000,1.14575,1.1457,1.145725,1,1.00000000000211,3,9594
6E 09-26,1784076720000,1784079720000,1.1459,1.14575,1.145825,1,2.99999999999745,4,9596
6E 09-26,1784076780000,1784079780000,1.146,1.1459,1.14595,-1,1.99999999999978,2,9597
6E 09-26,1784076960000,1784079960000,1.1462,1.14615,1.146175,-1,1.00000000000211,1,9600
6E 09-26,1784077260000,1784080260000,1.1463,1.14625,1.146275,-1,1.00000000000211,1,9605
6E 09-26,1784077620000,1784080620000,1.1463,1.14625,1.146275,-1,1.00000000000211,2,9611
6E 09-26,1784077980000,1784080980000,1.1463,1.14625,1.146275,-1,1.00000000000211,3,9617
6E 09-26,1784078220000,1784081220000,1.1465,1.14645,1.146475,-1,1.00000000000211,1,9621
6E 09-26,1784078520000,1784081520000,1.1465,1.14645,1.146475,1,1.00000000000211,2,9626
6E 09-26,1784078880000,1784081880000,1.1465,1.14645,1.146475,-1,1.00000000000211,3,9632
6E 09-26,1784079780000,1784082780000,1.1463,1.14625,1.146275,-1,1.00000000000211,4,9647
6E 09-26,1784080080000,1784083080000,1.1462,1.14615,1.146175,-1,1.00000000000211,1,9652
6E 09-26,1784080140000,1784083140000,1.14615,1.1461,1.146125,1,1.00000000000211,2,9653
6E 09-26,1784080200000,1784083200000,1.1462,1.14615,1.146175,1,1.00000000000211,3,9654
6E 09-26,1784080260000,1784083260000,1.1462,1.14615,1.146175,-1,1.00000000000211,4,9655
6E 09-26,1784080320000,1784083320000,1.1462,1.14615,1.146175,-1,1.00000000000211,5,9656
6E 09-26,1784080440000,1784083440000,1.1462,1.14615,1.146175,-1,1.00000000000211,6,9658
6E 09-26,1784080740000,1784083740000,1.1464,1.1463,1.14635,-1,1.99999999999978,3,9663
6E 09-26,1784080860000,1784083860000,1.1463,1.14625,1.146275,1,1.00000000000211,4,9665
6E 09-26,1784080920000,1784083920000,1.1463,1.14625,1.146275,1,1.00000000000211,5,9666
6E 09-26,1784080980000,1784083980000,1.1464,1.14635,1.146375,-1,1.00000000000211,2,9667
6E 09-26,1784081220000,1784084220000,1.1466,1.14655,1.146575,-1,1.00000000000211,1,9671
6E 09-26,1784081280000,1784084280000,1.1466,1.14655,1.146575,-1,1.00000000000211,2,9672
6E 09-26,1784081400000,1784084400000,1.1467,1.14665,1.146675,1,1.00000000000211,1,9674
6E 09-26,1784081700000,1784084700000,1.1464,1.14635,1.146375,-1,1.00000000000211,3,9679
6E 09-26,1784082240000,1784085240000,1.1462,1.14615,1.146175,1,1.00000000000211,7,9688
6E 09-26,1784082360000,1784085360000,1.1463,1.14625,1.146275,1,1.00000000000211,5,9690
6E 09-26,1784083140000,1784086140000,1.1465,1.14645,1.146475,1,1.00000000000211,1,9702
6E 09-26,1784083680000,1784086680000,1.1469,1.14685,1.146875,-1,1.00000000000211,1,9711
6E 09-26,1784083920000,1784086920000,1.1469,1.14685,1.146875,-1,1.00000000000211,2,9715
6E 09-26,1784083980000,1784086980000,1.1468,1.14675,1.146775,-1,1.00000000000211,1,9716
6E 09-26,1784084100000,1784087100000,1.1469,1.14685,1.146875,1,1.00000000000211,3,9718
6E 09-26,1784084580000,1784087580000,1.147,1.14695,1.146975,1,1.00000000000211,1,9726
6E 09-26,1784084760000,1784087760000,1.147,1.1469,1.14695,-1,1.99999999999978,5,9729
6E 09-26,1784084880000,1784087880000,1.1469,1.14685,1.146875,-1,1.00000000000211,5,9730
6E 09-26,1784084940000,1784087940000,1.1468,1.14675,1.146775,-1,1.00000000000211,2,9731
6E 09-26,1784085000000,1784088000000,1.1469,1.1468,1.14685,-1,1.99999999999978,8,9732
6E 09-26,1784085180000,1784088180000,1.1467,1.14665,1.146675,-1,1.00000000000211,1,9735
6E 09-26,1784085240000,1784088240000,1.1467,1.1466,1.14665,-1,1.99999999999978,2,9736
6E 09-26,1784085300000,1784088300000,1.1466,1.14655,1.146575,-1,1.00000000000211,2,9737
6E 09-26,1784085480000,1784088480000,1.1464,1.14635,1.146375,-1,1.00000000000211,1,9740
6E 09-26,1784086140000,1784089140000,1.1464,1.14635,1.146375,1,1.00000000000211,2,9751
6E 09-26,1784086620000,1784089620000,1.1465,1.14645,1.146475,-1,1.00000000000211,1,9758
6E 09-26,1784086860000,1784089860000,1.1465,1.1464,1.14645,-1,1.99999999999978,4,9762
6E 09-26,1784087040000,1784090040000,1.1464,1.1463,1.14635,-1,1.99999999999978,4,9765
6E 09-26,1784087340000,1784090340000,1.1464,1.14635,1.146375,1,1.00000000000211,5,9770
6E 09-26,1784087640000,1784090640000,1.1466,1.1465,1.14655,-1,1.99999999999978,5,9775
6E 09-26,1784088480000,1784091480000,1.1466,1.14655,1.146575,-1,1.00000000000211,2,9789
6E 09-26,1784088660000,1784091660000,1.1466,1.14655,1.146575,1,1.00000000000211,3,9792
6E 09-26,1784088960000,1784091960000,1.1466,1.1465,1.14655,1,1.99999999999978,6,9796
6E 09-26,1784089440000,1784092440000,1.1467,1.14665,1.146675,-1,1.00000000000211,1,9802
6E 09-26,1784089500000,1784092500000,1.1467,1.14665,1.146675,1,1.00000000000211,2,9803
6E 09-26,1784089560000,1784092560000,1.14675,1.14665,1.1467,-1,1.99999999999978,3,9804
6E 09-26,1784089740000,1784092740000,1.1469,1.1468,1.14685,-1,1.99999999999978,1,9807
6E 09-26,1784089800000,1784092800000,1.1468,1.14675,1.146775,-1,1.00000000000211,3,9808
6E 09-26,1784089860000,1784092860000,1.1468,1.14675,1.146775,-1,1.00000000000211,4,9809
6E 09-26,1784090160000,1784093160000,1.1468,1.14675,1.146775,-1,1.00000000000211,5,9814
6E 09-26,1784090340000,1784093340000,1.14685,1.14675,1.1468,-1,1.99999999999978,6,9817
6E 09-26,1784090400000,1784093400000,1.1468,1.14675,1.146775,-1,1.00000000000211,7,9818
6E 09-26,1784090520000,1784093520000,1.1467,1.14665,1.146675,-1,1.00000000000211,4,9820
6E 09-26,1784090580000,1784093580000,1.14665,1.14655,1.1466,-1,1.99999999999978,9,9821
6E 09-26,1784090880000,1784093880000,1.1468,1.14675,1.146775,-1,1.00000000000211,8,9826
6E 09-26,1784091180000,1784094180000,1.1467,1.14665,1.146675,-1,1.00000000000211,6,9830
6E 09-26,1784091660000,1784094660000,1.1465,1.14645,1.146475,-1,1.00000000000211,2,9837
6E 09-26,1784091780000,1784094780000,1.1465,1.1464,1.14645,1,1.99999999999978,3,9839
6E 09-26,1784091960000,1784094960000,1.1464,1.14635,1.146375,1,1.00000000000211,2,9842
6E 09-26,1784092080000,1784095080000,1.1466,1.14655,1.146575,-1,1.00000000000211,3,9844
6E 09-26,1784093100000,1784096100000,1.1466,1.14655,1.146575,-1,1.00000000000211,3,9859
6E 09-26,1784093520000,1784096520000,1.1467,1.14665,1.146675,1,1.00000000000211,4,9865
6E 09-26,1784093700000,1784096700000,1.1468,1.1467,1.14675,1,1.99999999999978,7,9867
6E 09-26,1784093940000,1784096940000,1.1468,1.14675,1.146775,1,1.00000000000211,3,9871
6E 09-26,1784094000000,1784097000000,1.1468,1.14675,1.146775,1,1.00000000000211,4,9872
6E 09-26,1784094060000,1784097060000,1.1468,1.14675,1.146775,1,1.00000000000211,5,9873
6E 09-26,1784094540000,1784097540000,1.1471,1.14705,1.147075,-1,1.00000000000211,1,9880
6E 09-26,1784094960000,1784097960000,1.1471,1.14705,1.147075,-1,1.00000000000211,2,9887
6E 09-26,1784095380000,1784098380000,1.1471,1.14705,1.147075,-1,1.00000000000211,3,9894
6E 09-26,1784095560000,1784098560000,1.1469,1.14685,1.146875,-1,1.00000000000211,1,9897
6E 09-26,1784095980000,1784098980000,1.1469,1.14685,1.146875,-1,1.00000000000211,2,9904
6E 09-26,1784096340000,1784099340000,1.147,1.14695,1.146975,1,1.00000000000211,1,9910
6E 09-26,1784096400000,1784099400000,1.1472,1.14715,1.147175,-1,1.00000000000211,1,9911
6E 09-26,1784096760000,1784099760000,1.1472,1.1471,1.14715,1,1.99999999999978,5,9917
6E 09-26,1784096940000,1784099940000,1.1471,1.14705,1.147075,-1,1.00000000000211,5,9920
6E 09-26,1784097180000,1784100180000,1.1469,1.14685,1.146875,-1,1.00000000000211,3,9924
6E 09-26,1784098200000,1784101200000,1.1464,1.14635,1.146375,1,1.00000000000211,1,9941
6E 09-26,1784098380000,1784101380000,1.1462,1.14615,1.146175,1,1.00000000000211,1,9944
6E 09-26,1784098440000,1784101440000,1.1464,1.14635,1.146375,1,1.00000000000211,2,9945
6E 09-26,1784098500000,1784101500000,1.1463,1.14625,1.146275,1,1.00000000000211,1,9946
6E 09-26,1784098800000,1784101800000,1.14575,1.1457,1.145725,1,1.00000000000211,1,9951
6E 09-26,1784098860000,1784101860000,1.14595,1.1459,1.145925,1,1.00000000000211,1,9952
6E 09-26,1784099160000,1784102160000,1.1455,1.1454,1.14545,1,1.99999999999978,1,9957
6E 09-26,1784099280000,1784102280000,1.14575,1.1457,1.145725,-1,1.00000000000211,2,9959
6E 09-26,1784099700000,1784102700000,1.14585,1.1458,1.145825,1,1.00000000000211,1,9966
6E 09-26,1784099760000,1784102760000,1.14585,1.1458,1.145825,1,1.00000000000211,2,9967
6E 09-26,1784100120000,1784103120000,1.14525,1.1452,1.145225,1,1.00000000000211,1,9973
6E 09-26,1784100240000,1784103240000,1.1452,1.14515,1.145175,-1,1.00000000000211,2,9975
6E 09-26,1784100600000,1784103600000,1.1451,1.14505,1.145075,-1,1.00000000000211,1,9981
6E 09-26,1784100840000,1784103840000,1.14525,1.1452,1.145225,1,1.00000000000211,3,9985
6E 09-26,1784101620000,1784104620000,1.1451,1.14505,1.145075,-1,1.00000000000211,2,9998
6E 09-26,1784101740000,1784104740000,1.14525,1.1452,1.145225,-1,1.00000000000211,4,10000
6E 09-26,1784101980000,1784104980000,1.14525,1.1452,1.145225,-1,1.00000000000211,5,10004
6E 09-26,1784102040000,1784105040000,1.1452,1.14515,1.145175,-1,1.00000000000211,6,10005
6E 09-26,1784102220000,1784105220000,1.1452,1.14515,1.145175,-1,1.00000000000211,7,10008
6E 09-26,1784102280000,1784105280000,1.14525,1.1452,1.145225,-1,1.00000000000211,8,10009
6E 09-26,1784102400000,1784105400000,1.1452,1.14515,1.145175,1,1.00000000000211,9,10011
6E 09-26,1784103480000,1784106480000,1.1452,1.14515,1.145175,1,1.00000000000211,8,10029
6E 09-26,1784103780000,1784106780000,1.14525,1.1452,1.145225,-1,1.00000000000211,9,10034
6E 09-26,1784103960000,1784106960000,1.14535,1.1453,1.145325,-1,1.00000000000211,1,10037
6E 09-26,1784104080000,1784107080000,1.14525,1.1452,1.145225,1,1.00000000000211,9,10039
6E 09-26,1784104140000,1784107140000,1.14525,1.1452,1.145225,1,1.00000000000211,10,10040
6E 09-26,1784104560000,1784107560000,1.14545,1.14535,1.1454,-1,1.99999999999978,2,10047
6E 09-26,1784104800000,1784107800000,1.14535,1.1453,1.145325,-1,1.00000000000211,3,10051
6E 09-26,1784104980000,1784107980000,1.14535,1.1453,1.145325,-1,1.00000000000211,4,10054
6E 09-26,1784105160000,1784108160000,1.14535,1.1453,1.145325,-1,1.00000000000211,5,10057
6E 09-26,1784105220000,1784108220000,1.14535,1.1453,1.145325,-1,1.00000000000211,6,10058
6E 09-26,1784105460000,1784108460000,1.1451,1.14505,1.145075,1,1.00000000000211,1,10062
6E 09-26,1784105700000,1784108700000,1.1451,1.14505,1.145075,-1,1.00000000000211,2,10066
6E 09-26,1784105940000,1784108940000,1.14525,1.1452,1.145225,-1,1.00000000000211,5,10070
6E 09-26,1784106000000,1784109000000,1.1453,1.1452,1.14525,1,1.99999999999978,11,10071
6E 09-26,1784106180000,1784109180000,1.1451,1.14505,1.145075,-1,1.00000000000211,3,10074
6E 09-26,1784106600000,1784109600000,1.1452,1.14515,1.145175,1,1.00000000000211,6,10081
6E 09-26,1784106720000,1784109720000,1.14525,1.1452,1.145225,1,1.00000000000211,7,10083
6E 09-26,1784106840000,1784109840000,1.14535,1.1453,1.145325,-1,1.00000000000211,8,10085
6E 09-26,1784107020000,1784110020000,1.14525,1.1452,1.145225,-1,1.00000000000211,7,10088
6E 09-26,1784107380000,1784110380000,1.14525,1.1452,1.145225,-1,1.00000000000211,6,10094
6E 09-26,1784107680000,1784110680000,1.1452,1.14515,1.145175,1,1.00000000000211,7,10099
6E 09-26,1784107860000,1784110860000,1.1451,1.14505,1.145075,-1,1.00000000000211,4,10102
6E 09-26,1784108340000,1784111340000,1.1448,1.14475,1.144775,-1,1.00000000000211,1,10110
6E 09-26,1784108460000,1784111460000,1.1449,1.14485,1.144875,1,1.00000000000211,1,10112
6E 09-26,1784108820000,1784111820000,1.145,1.14495,1.144975,-1,1.00000000000211,1,10118
6E 09-26,1784109240000,1784112240000,1.1448,1.14475,1.144775,-1,1.00000000000211,2,10125
6E 09-26,1784109360000,1784112360000,1.1446,1.14455,1.144575,-1,1.00000000000211,1,10127
6E 09-26,1784109420000,1784112420000,1.1446,1.14455,1.144575,-1,1.00000000000211,2,10128
6E 09-26,1784110260000,1784113260000,1.1443,1.14425,1.144275,-1,1.00000000000211,1,10142
6E 09-26,1784110440000,1784113440000,1.1444,1.14435,1.144375,1,1.00000000000211,1,10145
6E 09-26,1784110860000,1784113860000,1.1446,1.14455,1.144575,-1,1.00000000000211,3,10152
6E 09-26,1784111040000,1784114040000,1.1442,1.14415,1.144175,1,1.00000000000211,1,10155
6E 09-26,1784111100000,1784114100000,1.14415,1.1441,1.144125,1,1.00000000000211,2,10156
6E 09-26,1784111220000,1784114220000,1.14415,1.1441,1.144125,1,1.00000000000211,3,10158
6E 09-26,1784111340000,1784114340000,1.14415,1.1441,1.144125,-1,1.00000000000211,4,10160
6E 09-26,1784111400000,1784114400000,1.1442,1.14415,1.144175,1,1.00000000000211,5,10161
6E 09-26,1784111460000,1784114460000,1.1443,1.14425,1.144275,1,1.00000000000211,2,10162
6E 09-26,1784111700000,1784114700000,1.14405,1.144,1.144025,-1,1.00000000000211,1,10166
6E 09-26,1784111940000,1784114940000,1.1443,1.14425,1.144275,1,1.00000000000211,3,10170
6E 09-26,1784112000000,1784115000000,1.1442,1.14415,1.144175,-1,1.00000000000211,6,10171
6E 09-26,1784112420000,1784115420000,1.1443,1.14425,1.144275,-1,1.00000000000211,4,10178
6E 09-26,1784112540000,1784115540000,1.1442,1.14415,1.144175,-1,1.00000000000211,7,10180
6E 09-26,1784112600000,1784115600000,1.14415,1.1441,1.144125,-1,1.00000000000211,8,10181
6E 09-26,1784112720000,1784115720000,1.14415,1.1441,1.144125,-1,1.00000000000211,9,10183
6E 09-26,1784112780000,1784115780000,1.1442,1.14415,1.144175,1,1.00000000000211,10,10184
6E 09-26,1784112900000,1784115900000,1.1442,1.14415,1.144175,-1,1.00000000000211,11,10186
6E 09-26,1784113860000,1784116860000,1.1447,1.14465,1.144675,1,1.00000000000211,1,10202
6E 09-26,1784114340000,1784117340000,1.1446,1.14455,1.144575,-1,1.00000000000211,1,10210
6E 09-26,1784115180000,1784118180000,1.1445,1.14445,1.144475,1,1.00000000000211,1,10224
6E 09-26,1784115540000,1784118540000,1.1447,1.14465,1.144675,-1,1.00000000000211,2,10230
6E 09-26,1784115600000,1784118600000,1.1446,1.14455,1.144575,1,1.00000000000211,2,10231
6E 09-26,1784116020000,1784119020000,1.1443,1.14425,1.144275,-1,1.00000000000211,1,10238
6E 09-26,1784116260000,1784119260000,1.1442,1.14415,1.144175,-1,1.00000000000211,1,10242
6E 09-26,1784116800000,1784119800000,1.14405,1.144,1.144025,1,1.00000000000211,1,10251
6E 09-26,1784116860000,1784119860000,1.1443,1.14425,1.144275,-1,1.00000000000211,2,10252
6E 09-26,1784117160000,1784120160000,1.14385,1.1438,1.143825,1,1.00000000000211,1,10257
6E 09-26,1784117280000,1784120280000,1.14375,1.1437,1.143725,-1,1.00000000000211,1,10259
6E 09-26,1784117640000,1784120640000,1.14375,1.1437,1.143725,1,1.00000000000211,2,10265
6E 09-26,1784118060000,1784121060000,1.14375,1.1437,1.143725,1,1.00000000000211,3,10272
6E 09-26,1784118420000,1784121420000,1.14415,1.1441,1.144125,1,1.00000000000211,2,10278
6E 09-26,1784118900000,1784121900000,1.145,1.14495,1.144975,1,1.00000000000211,1,10286
6E 09-26,1784119080000,1784122080000,1.1449,1.14485,1.144875,-1,1.00000000000211,1,10289
6E 09-26,1784119500000,1784122500000,1.14535,1.1453,1.145325,-1,1.00000000000211,1,10296
6E 09-26,1784119560000,1784122560000,1.14535,1.1453,1.145325,-1,1.00000000000211,2,10297
6E 09-26,1784119620000,1784122620000,1.14535,1.1453,1.145325,1,1.00000000000211,3,10298
6E 09-26,1784119860000,1784122860000,1.14535,1.1453,1.145325,1,1.00000000000211,4,10302
6E 09-26,1784119920000,1784122920000,1.14545,1.14535,1.1454,1,1.99999999999978,5,10303
6E 09-26,1784120640000,1784123640000,1.14595,1.1459,1.145925,1,1.00000000000211,1,10315
6E 09-26,1784120760000,1784123760000,1.14615,1.1461,1.146125,1,1.00000000000211,1,10317
6E 09-26,1784121420000,1784124420000,1.14575,1.1457,1.145725,1,1.00000000000211,1,10328
6E 09-26,1784121780000,1784124780000,1.14575,1.1457,1.145725,-1,1.00000000000211,2,10334
6E 09-26,1784122080000,1784125080000,1.14525,1.1452,1.145225,1,1.00000000000211,1,10339
6E 09-26,1784122260000,1784125260000,1.14535,1.1453,1.145325,1,1.00000000000211,6,10342
6E 09-26,1784122380000,1784125380000,1.14555,1.1455,1.145525,1,1.00000000000211,1,10344
6E 09-26,1784122440000,1784125440000,1.14545,1.1454,1.145425,-1,1.00000000000211,2,10345
6E 09-26,1784122500000,1784125500000,1.14555,1.1455,1.145525,-1,1.00000000000211,2,10346
6E 09-26,1784122800000,1784125800000,1.14555,1.1455,1.145525,-1,1.00000000000211,3,10351
6E 09-26,1784123220000,1784126220000,1.14565,1.1456,1.145625,-1,1.00000000000211,1,10358
6E 09-26,1784123280000,1784126280000,1.14565,1.1456,1.145625,1,1.00000000000211,2,10359
6E 09-26,1784123340000,1784126340000,1.14565,1.1456,1.145625,1,1.00000000000211,3,10360
6E 09-26,1784123460000,1784126460000,1.14575,1.1457,1.145725,1,1.00000000000211,3,10362
6E 09-26,1784123760000,1784126760000,1.14585,1.1458,1.145825,1,1.00000000000211,1,10367
6E 09-26,1784124000000,1784127000000,1.14585,1.1458,1.145825,1,1.00000000000211,2,10371
6E 09-26,1784124360000,1784127360000,1.14615,1.1461,1.146125,-1,1.00000000000211,1,10377
6E 09-26,1784124420000,1784127420000,1.1464,1.14635,1.146375,-1,1.00000000000211,1,10378
6E 09-26,1784124900000,1784127900000,1.14605,1.146,1.146025,1,1.00000000000211,1,10386
6E 09-26,1784124960000,1784127960000,1.1462,1.14615,1.146175,-1,1.00000000000211,2,10387
6E 09-26,1784125200000,1784128200000,1.1464,1.14635,1.146375,1,1.00000000000211,2,10391
6E 09-26,1784125920000,1784128920000,1.14615,1.1461,1.146125,-1,1.00000000000211,3,10403
6E 09-26,1784126100000,1784129100000,1.1465,1.14645,1.146475,1,1.00000000000211,1,10406
6E 09-26,1784126220000,1784129220000,1.1465,1.14645,1.146475,-1,1.00000000000211,2,10408
6E 09-26,1784126820000,1784129820000,1.1467,1.14665,1.146675,1,1.00000000000211,1,10418
6E 09-26,1784127000000,1784130000000,1.147,1.14695,1.146975,-1,1.00000000000211,1,10421
6E 09-26,1784127720000,1784130720000,1.1467,1.14665,1.146675,1,1.00000000000211,2,10433
6E 09-26,1784127840000,1784130840000,1.1469,1.14685,1.146875,-1,1.00000000000211,1,10435
6E 09-26,1784128920000,1784131920000,1.1466,1.14655,1.146575,1,1.00000000000211,1,10453
6E 09-26,1784129220000,1784132220000,1.1466,1.14655,1.146575,1,1.00000000000211,2,10458
6E 09-26,1784129280000,1784132280000,1.1468,1.14675,1.146775,-1,1.00000000000211,1,10459
6E 09-26,1784129340000,1784132340000,1.1467,1.14665,1.146675,1,1.00000000000211,3,10460
6E 09-26,1784130720000,1784133720000,1.14615,1.1461,1.146125,1,1.00000000000211,1,10483
6E 09-26,1784130900000,1784133900000,1.1463,1.14625,1.146275,-1,1.00000000000211,1,10486
6E 09-26,1784131020000,1784134020000,1.1464,1.14635,1.146375,1,1.00000000000211,1,10488
6E 09-26,1784131800000,1784134800000,1.14615,1.1461,1.146125,-1,1.00000000000211,2,10501
6E 09-26,1784132100000,1784135100000,1.1463,1.14625,1.146275,-1,1.00000000000211,2,10506
6E 09-26,1784132460000,1784135460000,1.1463,1.14625,1.146275,1,1.00000000000211,3,10512
6E 09-26,1784132580000,1784135580000,1.1465,1.14645,1.146475,-1,1.00000000000211,1,10514
6E 09-26,1784133060000,1784136060000,1.1467,1.14665,1.146675,-1,1.00000000000211,1,10522
6E 09-26,1784133360000,1784136360000,1.1465,1.14645,1.146475,-1,1.00000000000211,2,10527
6E 09-26,1784133900000,1784136900000,1.1464,1.14635,1.146375,1,1.00000000000211,2,10536
6E 09-26,1784134080000,1784137080000,1.1465,1.14645,1.146475,-1,1.00000000000211,3,10539
6E 09-26,1784134320000,1784137320000,1.1467,1.14665,1.146675,1,1.00000000000211,2,10543
6E 09-26,1784134860000,1784137860000,1.14745,1.14735,1.1474,1,1.99999999999978,1,10552
6E 09-26,1784135280000,1784138280000,1.14755,1.1475,1.147525,-1,1.00000000000211,1,10559
6E 09-26,1784135760000,1784138760000,1.14785,1.1478,1.147825,1,1.00000000000211,1,10567
6E 09-26,1784135940000,1784138940000,1.14795,1.1479,1.147925,-1,1.00000000000211,1,10570
6E 09-26,1784136420000,1784139420000,1.1483,1.14825,1.148275,-1,1.00000000000211,1,10578
6E 09-26,1784136540000,1784139540000,1.1483,1.14825,1.148275,1,1.00000000000211,2,10580
6E 09-26,1784137320000,1784140320000,1.14975,1.1497,1.149725,1,1.00000000000211,1,10593
6E 09-26,1784137380000,1784140380000,1.14985,1.1498,1.149825,1,1.00000000000211,1,10594
6E 09-26,1784137800000,1784140800000,1.1503,1.15025,1.150275,1,1.00000000000211,1,10601
6E 09-26,1784138040000,1784141040000,1.15005,1.15,1.150025,-1,1.00000000000211,1,10605
6E 09-26,1784138220000,1784141220000,1.1503,1.15025,1.150275,-1,1.00000000000211,2,10608
6E 09-26,1784138340000,1784141340000,1.1503,1.15025,1.150275,-1,1.00000000000211,3,10610
6E 09-26,1784138580000,1784141580000,1.1504,1.15035,1.150375,-1,1.00000000000211,1,10614
6E 09-26,1784138820000,1784141820000,1.1505,1.15045,1.150475,1,1.00000000000211,1,10618
6E 09-26,1784139000000,1784142000000,1.15025,1.1502,1.150225,-1,1.00000000000211,4,10621
6E 09-26,1784139060000,1784142060000,1.15025,1.1502,1.150225,-1,1.00000000000211,5,10622
6E 09-26,1784139180000,1784142180000,1.15025,1.1502,1.150225,-1,1.00000000000211,6,10624
6E 09-26,1784139240000,1784142240000,1.15015,1.1501,1.150125,-1,1.00000000000211,1,10625
6E 09-26,1784139540000,1784142540000,1.1504,1.15035,1.150375,-1,1.00000000000211,2,10630
6E 09-26,1784139720000,1784142720000,1.1506,1.15055,1.150575,-1,1.00000000000211,1,10633
6E 09-26,1784139780000,1784142780000,1.1506,1.15055,1.150575,-1,1.00000000000211,2,10634
6E 09-26,1784139900000,1784142900000,1.1505,1.15045,1.150475,1,1.00000000000211,2,10636
6E 09-26,1784140080000,1784143080000,1.1506,1.15055,1.150575,1,1.00000000000211,3,10639
6E 09-26,1784140500000,1784143500000,1.1509,1.15085,1.150875,-1,1.00000000000211,1,10646
6E 09-26,1784140800000,1784143800000,1.1508,1.15075,1.150775,-1,1.00000000000211,1,10651
6E 09-26,1784141820000,1784144820000,1.14975,1.1497,1.149725,-1,1.00000000000211,1,10668
6E 09-26,1784142000000,1784145000000,1.14955,1.1495,1.149525,-1,1.00000000000211,1,10671
6E 09-26,1784142120000,1784145120000,1.14965,1.1496,1.149625,1,1.00000000000211,1,10673
6E 09-26,1784142900000,1784145900000,1.15025,1.1502,1.150225,1,1.00000000000211,1,10686
6E 09-26,1784143440000,1784146440000,1.15015,1.1501,1.150125,-1,1.00000000000211,1,10695
6E 09-26,1784143980000,1784146980000,1.14965,1.1496,1.149625,1,1.00000000000211,2,10704
6E 09-26,1784144340000,1784147340000,1.1492,1.14915,1.149175,-1,1.00000000000211,1,10710
6E 09-26,1784144460000,1784147460000,1.14925,1.1492,1.149225,1,1.00000000000211,2,10712
6E 09-26,1784144520000,1784147520000,1.1492,1.14915,1.149175,-1,1.00000000000211,3,10713
6E 09-26,1784144700000,1784147700000,1.1492,1.14915,1.149175,1,1.00000000000211,4,10716
6E 09-26,1784144880000,1784147880000,1.1491,1.14905,1.149075,1,1.00000000000211,1,10719
6E 09-26,1784145600000,1784148600000,1.14925,1.1492,1.149225,-1,1.00000000000211,5,10731
6E 09-26,1784145660000,1784148660000,1.1492,1.14915,1.149175,-1,1.00000000000211,6,10732
6E 09-26,1784145720000,1784148720000,1.14925,1.1492,1.149225,1,1.00000000000211,7,10733
6E 09-26,1784145780000,1784148780000,1.1492,1.14915,1.149175,1,1.00000000000211,8,10734
6E 09-26,1784145840000,1784148840000,1.1492,1.14915,1.149175,1,1.00000000000211,9,10735
6E 09-26,1784145900000,1784148900000,1.1492,1.14915,1.149175,-1,1.00000000000211,10,10736
6E 09-26,1784145960000,1784148960000,1.14925,1.1492,1.149225,1,1.00000000000211,11,10737
6E 09-26,1784146080000,1784149080000,1.1491,1.14905,1.149075,1,1.00000000000211,2,10739
6E 09-26,1784146140000,1784149140000,1.149,1.14895,1.148975,-1,1.00000000000211,1,10740
6E 09-26,1784146320000,1784149320000,1.149,1.14895,1.148975,1,1.00000000000211,2,10743
6E 09-26,1784146440000,1784149440000,1.149,1.14895,1.148975,-1,1.00000000000211,3,10745
6E 09-26,1784146560000,1784149560000,1.149,1.14895,1.148975,-1,1.00000000000211,4,10747
6E 09-26,1784147160000,1784150160000,1.1492,1.14915,1.149175,1,1.00000000000211,12,10757
6E 09-26,1784147400000,1784150400000,1.1492,1.14915,1.149175,1,1.00000000000211,13,10760
6E 09-26,1784147460000,1784150460000,1.1491,1.14905,1.149075,-1,1.00000000000211,3,10761
6E 09-26,1784147580000,1784150580000,1.149,1.14895,1.148975,1,1.00000000000211,5,10763
6E 09-26,1784147640000,1784150640000,1.1491,1.14905,1.149075,1,1.00000000000211,4,10764
6E 09-26,1784147760000,1784150760000,1.1491,1.149,1.14905,1,1.99999999999978,10,10766
6E 09-26,1784147880000,1784150880000,1.1491,1.14905,1.149075,-1,1.00000000000211,6,10768
6E 09-26,1784148240000,1784151240000,1.1491,1.14905,1.149075,1,1.00000000000211,6,10774
6E 09-26,1784148300000,1784151300000,1.14915,1.14905,1.1491,1,1.99999999999978,13,10775
6E 09-26,1784148660000,1784151660000,1.1492,1.14915,1.149175,1,1.00000000000211,11,10781
6E 09-26,1784148720000,1784151720000,1.1492,1.14915,1.149175,1,1.00000000000211,11,10782
6E 09-26,1784149140000,1784152140000,1.1492,1.14915,1.149175,-1,1.00000000000211,7,10787
6E 09-26,1784149200000,1784152200000,1.14925,1.1492,1.149225,1,1.00000000000211,6,10788
6E 09-26,1784153100000,1784156100000,1.14935,1.1493,1.149325,-1,1.00000000000211,1,10793
6E 09-26,1784153760000,1784156760000,1.14935,1.1493,1.149325,-1,1.00000000000211,2,10801
6E 09-26,1784153940000,1784156940000,1.14935,1.1493,1.149325,1,1.00000000000211,3,10804
6E 09-26,1784154240000,1784157240000,1.14935,1.14925,1.1493,1,1.99999999999978,5,10808
6E 09-26,1784154600000,1784157600000,1.14945,1.1494,1.149425,1,1.00000000000211,1,10811
6E 09-26,1784154720000,1784157720000,1.14945,1.1494,1.149425,-1,1.00000000000211,2,10813
6E 09-26,1784156400000,1784159400000,1.14945,1.1494,1.149425,1,1.00000000000211,3,10832
6E 09-26,1784156460000,1784159460000,1.14945,1.1494,1.149425,1,1.00000000000211,4,10833
6E 09-26,1784156640000,1784159640000,1.14945,1.1494,1.149425,-1,1.00000000000211,5,10835
6E 09-26,1784157360000,1784160360000,1.1496,1.1495,1.14955,1,1.99999999999978,1,10847
6E 09-26,1784157540000,1784160540000,1.14965,1.1496,1.149625,1,1.00000000000211,2,10850
6E 09-26,1784157600000,1784160600000,1.14965,1.1496,1.149625,-1,1.00000000000211,3,10851
6E 09-26,1784157900000,1784160900000,1.14955,1.1495,1.149525,1,1.00000000000211,2,10854
6E 09-26,1784158200000,1784161200000,1.14965,1.1496,1.149625,-1,1.00000000000211,4,10858
6E 09-26,1784158560000,1784161560000,1.14965,1.1496,1.149625,1,1.00000000000211,5,10862
6E 09-26,1784158740000,1784161740000,1.14965,1.1496,1.149625,1,1.00000000000211,6,10864
6E 09-26,1784159100000,1784162100000,1.14975,1.1497,1.149725,-1,1.00000000000211,1,10870
6E 09-26,1784160060000,1784163060000,1.14975,1.1497,1.149725,1,1.00000000000211,2,10883
6E 09-26,1784160360000,1784163360000,1.14975,1.1497,1.149725,1,1.00000000000211,3,10888
6E 09-26,1784160600000,1784163600000,1.14985,1.1498,1.149825,-1,1.00000000000211,1,10891
6E 09-26,1784160660000,1784163660000,1.14985,1.1498,1.149825,1,1.00000000000211,2,10892
6E 09-26,1784160720000,1784163720000,1.14995,1.1499,1.149925,1,1.00000000000211,1,10893
6E 09-26,1784161320000,1784164320000,1.14975,1.1497,1.149725,-1,1.00000000000211,4,10903
6E 09-26,1784161680000,1784164680000,1.14995,1.1499,1.149925,1,1.00000000000211,2,10909
6E 09-26,1784162040000,1784165040000,1.14965,1.1496,1.149625,-1,1.00000000000211,1,10915
6E 09-26,1784162640000,1784165640000,1.14975,1.1497,1.149725,1,1.00000000000211,4,10925
6E 09-26,1784163660000,1784166660000,1.15005,1.15,1.150025,-1,1.00000000000211,1,10942
6E 09-26,1784163960000,1784166960000,1.14995,1.1499,1.149925,1,1.00000000000211,2,10947
6E 09-26,1784164080000,1784167080000,1.14995,1.1499,1.149925,-1,1.00000000000211,3,10949
6E 09-26,1784164320000,1784167320000,1.14985,1.1498,1.149825,1,1.00000000000211,1,10953
6E 09-26,1784164560000,1784167560000,1.14995,1.1499,1.149925,-1,1.00000000000211,4,10957
6E 09-26,1784164740000,1784167740000,1.14965,1.1496,1.149625,1,1.00000000000211,2,10960
6E 09-26,1784164800000,1784167800000,1.14965,1.1496,1.149625,1,1.00000000000211,3,10961
6E 09-26,1784164860000,1784167860000,1.14965,1.1496,1.149625,1,1.00000000000211,4,10962
6E 09-26,1784165280000,1784168280000,1.14985,1.1498,1.149825,-1,1.00000000000211,2,10969
6E 09-26,1784165820000,1784168820000,1.14935,1.1493,1.149325,-1,1.00000000000211,1,10978
6E 09-26,1784165940000,1784168940000,1.14935,1.1493,1.149325,1,1.00000000000211,2,10980
6E 09-26,1784166180000,1784169180000,1.14935,1.1493,1.149325,1,1.00000000000211,3,10984
6E 09-26,1784166360000,1784169360000,1.14935,1.1493,1.149325,-1,1.00000000000211,4,10987
6E 09-26,1784167140000,1784170140000,1.14925,1.1492,1.149225,1,1.00000000000211,1,11000
6E 09-26,1784167320000,1784170320000,1.1492,1.14915,1.149175,1,1.00000000000211,2,11003
6E 09-26,1784167380000,1784170380000,1.1492,1.14915,1.149175,1,1.00000000000211,3,11004
6E 09-26,1784167620000,1784170620000,1.1492,1.1491,1.14915,1,1.99999999999978,4,11008
6E 09-26,1784167680000,1784170680000,1.1491,1.14905,1.149075,1,1.00000000000211,2,11009
6E 09-26,1784167860000,1784170860000,1.1492,1.14915,1.149175,1,1.00000000000211,5,11012
6E 09-26,1784168160000,1784171160000,1.1488,1.14875,1.148775,-1,1.00000000000211,1,11017
6E 09-26,1784168220000,1784171220000,1.1488,1.14875,1.148775,1,1.00000000000211,2,11018
6E 09-26,1784168340000,1784171340000,1.1489,1.14885,1.148875,1,1.00000000000211,1,11020
6E 09-26,1784168820000,1784171820000,1.149,1.14895,1.148975,-1,1.00000000000211,1,11028
6E 09-26,1784168940000,1784171940000,1.149,1.14895,1.148975,1,1.00000000000211,2,11030
6E 09-26,1784169060000,1784172060000,1.14915,1.14905,1.1491,-1,1.99999999999978,6,11032
6E 09-26,1784169120000,1784172120000,1.1491,1.14905,1.149075,1,1.00000000000211,4,11033
6E 09-26,1784169660000,1784172660000,1.149,1.14895,1.148975,-1,1.00000000000211,3,11042
6E 09-26,1784170080000,1784173080000,1.149,1.14895,1.148975,1,1.00000000000211,4,11047
6E 09-26,1784170140000,1784173140000,1.149,1.14895,1.148975,-1,1.00000000000211,5,11048
6E 09-26,1784170560000,1784173560000,1.14915,1.14905,1.1491,1,1.99999999999978,7,11054
6E 09-26,1784170680000,1784173680000,1.1491,1.14905,1.149075,-1,1.00000000000211,6,11056
6E 09-26,1784170740000,1784173740000,1.1492,1.14915,1.149175,1,1.00000000000211,5,11057
6E 09-26,1784170920000,1784173920000,1.1491,1.14905,1.149075,1,1.00000000000211,5,11060
6E 09-26,1784171580000,1784174580000,1.14925,1.1492,1.149225,-1,1.00000000000211,2,11070
6E 09-26,1784171760000,1784174760000,1.14935,1.1493,1.149325,1,1.00000000000211,1,11072
6E 09-26,1784171820000,1784174820000,1.14935,1.1493,1.149325,-1,1.00000000000211,2,11073
6E 09-26,1784172360000,1784175360000,1.14955,1.1495,1.149525,-1,1.00000000000211,1,11080
6E 09-26,1784172420000,1784175420000,1.14955,1.1495,1.149525,-1,1.00000000000211,2,11081
6E 09-26,1784172840000,1784175840000,1.14955,1.1495,1.149525,1,1.00000000000211,3,11088
6E 09-26,1784173320000,1784176320000,1.14945,1.1494,1.149425,-1,1.00000000000211,1,11095
6E 09-26,1784173380000,1784176380000,1.14945,1.1494,1.149425,1,1.00000000000211,2,11096
6E 09-26,1784173500000,1784176500000,1.14945,1.14935,1.1494,-1,1.99999999999978,5,11098
6E 09-26,1784173620000,1784176620000,1.14945,1.1494,1.149425,1,1.00000000000211,4,11100
6E 09-26,1784173740000,1784176740000,1.14945,1.1494,1.149425,-1,1.00000000000211,5,11101
6E 09-26,1784174100000,1784177100000,1.14935,1.1493,1.149325,1,1.00000000000211,4,11107
6E 09-26,1784174220000,1784177220000,1.14935,1.1493,1.149325,1,1.00000000000211,5,11109
6E 09-26,1784174280000,1784177280000,1.14935,1.1493,1.149325,-1,1.00000000000211,6,11110
6E 09-26,1784174580000,1784177580000,1.14935,1.1493,1.149325,-1,1.00000000000211,7,11115
6E 09-26,1784174760000,1784177760000,1.14925,1.1492,1.149225,-1,1.00000000000211,2,11118
6E 09-26,1784174940000,1784177940000,1.1492,1.14915,1.149175,-1,1.00000000000211,2,11121
6E 09-26,1784175060000,1784178060000,1.1492,1.14915,1.149175,1,1.00000000000211,3,11123
6E 09-26,1784175240000,1784178240000,1.14925,1.1492,1.149225,1,1.00000000000211,4,11125
6E 09-26,1784175300000,1784178300000,1.14925,1.1492,1.149225,-1,1.00000000000211,5,11126
6E 09-26,1784175360000,1784178360000,1.1492,1.14915,1.149175,-1,1.00000000000211,6,11127
6E 09-26,1784176440000,1784179440000,1.1491,1.149,1.14905,1,1.99999999999978,1,11142
6E 09-26,1784176860000,1784179860000,1.14935,1.1493,1.149325,-1,1.00000000000211,5,11149
6E 09-26,1784176920000,1784179920000,1.14935,1.1493,1.149325,1,1.00000000000211,6,11150
6E 09-26,1784177040000,1784180040000,1.14935,1.1493,1.149325,-1,1.00000000000211,7,11152
6E 09-26,1784177340000,1784180340000,1.14935,1.1493,1.149325,1,1.00000000000211,8,11157
6E 09-26,1784177880000,1784180880000,1.14935,1.1493,1.149325,1,1.00000000000211,6,11163
6E 09-26,1784177940000,1784180940000,1.14935,1.1493,1.149325,-1,1.00000000000211,7,11164
6E 09-26,1784178060000,1784181060000,1.14935,1.1493,1.149325,-1,1.00000000000211,8,11165
6E 09-26,1784178180000,1784181180000,1.14935,1.1493,1.149325,1,1.00000000000211,8,11166
6E 09-26,1784178540000,1784181540000,1.14935,1.1493,1.149325,1,1.00000000000211,9,11172
6E 09-26,1784178900000,1784181900000,1.14945,1.1494,1.149425,1,1.00000000000211,1,11177
6E 09-26,1784179020000,1784182020000,1.14955,1.1495,1.149525,-1,1.00000000000211,1,11179
6E 09-26,1784179140000,1784182140000,1.14945,1.1494,1.149425,-1,1.00000000000211,2,11181
6E 09-26,1784179260000,1784182260000,1.14945,1.1494,1.149425,1,1.00000000000211,3,11182
6E 09-26,1784179380000,1784182380000,1.14945,1.1494,1.149425,-1,1.00000000000211,4,11184
6E 09-26,1784179560000,1784182560000,1.14945,1.1494,1.149425,1,1.00000000000211,5,11186
6E 09-26,1784179680000,1784182680000,1.14945,1.1494,1.149425,-1,1.00000000000211,6,11187
6E 09-26,1784179920000,1784182920000,1.14945,1.1494,1.149425,-1,1.00000000000211,7,11191
6E 09-26,1784180160000,1784183160000,1.14945,1.1494,1.149425,-1,1.00000000000211,8,11195
6E 09-26,1784180340000,1784183340000,1.14945,1.1494,1.149425,1,1.00000000000211,9,11198
6E 09-26,1784180520000,1784183520000,1.14945,1.1494,1.149425,1,1.00000000000211,10,11201
6E 09-26,1784180580000,1784183580000,1.14945,1.1494,1.149425,-1,1.00000000000211,11,11202
6E 09-26,1784180760000,1784183760000,1.14935,1.14925,1.1493,1,1.99999999999978,7,11205
6E 09-26,1784181360000,1784184360000,1.14925,1.1492,1.149225,1,1.00000000000211,2,11214
6E 09-26,1784181540000,1784184540000,1.149,1.14895,1.148975,1,1.00000000000211,1,11217
6E 09-26,1784181600000,1784184600000,1.1491,1.14905,1.149075,1,1.00000000000211,1,11218
6E 09-26,1784181840000,1784184840000,1.14925,1.1492,1.149225,1,1.00000000000211,3,11222
6E 09-26,1784182020000,1784185020000,1.14925,1.1492,1.149225,1,1.00000000000211,4,11225
6E 09-26,1784182260000,1784185260000,1.14955,1.1495,1.149525,1,1.00000000000211,2,11229
6E 09-26,1784182380000,1784185380000,1.14945,1.1494,1.149425,1,1.00000000000211,11,11231
6E 09-26,1784182560000,1784185560000,1.14955,1.1495,1.149525,-1,1.00000000000211,2,11234
6E 09-26,1784182860000,1784185860000,1.14945,1.1494,1.149425,1,1.00000000000211,7,11239
6E 09-26,1784182920000,1784185920000,1.14955,1.1495,1.149525,1,1.00000000000211,3,11240
6E 09-26,1784183400000,1784186400000,1.14955,1.1495,1.149525,-1,1.00000000000211,4,11248
6E 09-26,1784183580000,1784186580000,1.14945,1.1494,1.149425,-1,1.00000000000211,5,11251
6E 09-26,1784183640000,1784186640000,1.14945,1.1494,1.149425,1,1.00000000000211,5,11252
6E 09-26,1784184060000,1784187060000,1.14935,1.1493,1.149325,-1,1.00000000000211,1,11259
6E 09-26,1784184480000,1784187480000,1.14945,1.1494,1.149425,-1,1.00000000000211,5,11266
6E 09-26,1784184660000,1784187660000,1.14955,1.1495,1.149525,1,1.00000000000211,5,11269
6E 09-26,1784185680000,1784188680000,1.14955,1.1495,1.149525,-1,1.00000000000211,4,11286
6E 09-26,1784185800000,1784188800000,1.14955,1.1495,1.149525,-1,1.00000000000211,5,11288
6E 09-26,1784185920000,1784188920000,1.14955,1.1495,1.149525,-1,1.00000000000211,6,11290
6E 09-26,1784185980000,1784188980000,1.14955,1.1495,1.149525,-1,1.00000000000211,6,11291
6E 09-26,1784186040000,1784189040000,1.14965,1.1496,1.149625,1,1.00000000000211,1,11292
6E 09-26,1784186400000,1784189400000,1.14985,1.1498,1.149825,-1,1.00000000000211,1,11298
6E 09-26,1784186820000,1784189820000,1.14975,1.1497,1.149725,1,1.00000000000211,1,11305
6E 09-26,1784187000000,1784190000000,1.14965,1.1496,1.149625,-1,1.00000000000211,2,11308
6E 09-26,1784187300000,1784190300000,1.14965,1.1496,1.149625,1,1.00000000000211,3,11313
6E 09-26,1784187660000,1784190660000,1.14975,1.1497,1.149725,-1,1.00000000000211,2,11319
6E 09-26,1784188200000,1784191200000,1.1503,1.15025,1.150275,-1,1.00000000000211,1,11328
6E 09-26,1784188380000,1784191380000,1.14985,1.1498,1.149825,-1,1.00000000000211,2,11331
6E 09-26,1784188500000,1784191500000,1.14995,1.1499,1.149925,1,1.00000000000211,1,11333
6E 09-26,1784188920000,1784191920000,1.14985,1.1498,1.149825,1,1.00000000000211,3,11340
6E 09-26,1784189040000,1784192040000,1.14955,1.1495,1.149525,-1,1.00000000000211,1,11342
6E 09-26,1784189160000,1784192160000,1.14935,1.1493,1.149325,1,1.00000000000211,1,11344
6E 09-26,1784189280000,1784192280000,1.14945,1.14935,1.1494,1,1.99999999999978,2,11346
6E 09-26,1784189340000,1784192340000,1.14945,1.1494,1.149425,-1,1.00000000000211,2,11347
6E 09-26,1784189400000,1784192400000,1.14935,1.1493,1.149325,-1,1.00000000000211,3,11348
6E 09-26,1784189760000,1784192760000,1.1491,1.14905,1.149075,-1,1.00000000000211,1,11354
6E 09-26,1784189940000,1784192940000,1.149,1.14895,1.148975,1,1.00000000000211,1,11357
6E 09-26,1784190060000,1784193060000,1.1491,1.14905,1.149075,-1,1.00000000000211,2,11359
6E 09-26,1784190600000,1784193600000,1.14925,1.1492,1.149225,1,1.00000000000211,1,11368
6E 09-26,1784191020000,1784194020000,1.14945,1.1494,1.149425,1,1.00000000000211,3,11375
6E 09-26,1784191740000,1784194740000,1.14935,1.1493,1.149325,-1,1.00000000000211,4,11387
6E 09-26,1784191800000,1784194800000,1.14935,1.1493,1.149325,1,1.00000000000211,5,11388
6E 09-26,1784192580000,1784195580000,1.1491,1.14905,1.149075,1,1.00000000000211,3,11401
6E 09-26,1784193060000,1784196060000,1.1491,1.14905,1.149075,-1,1.00000000000211,3,11409
6E 09-26,1784193540000,1784196540000,1.14925,1.1492,1.149225,-1,1.00000000000211,2,11417
6E 09-26,1784193720000,1784196720000,1.14925,1.1492,1.149225,1,1.00000000000211,2,11420
6E 09-26,1784195400000,1784198400000,1.14945,1.14935,1.1494,-1,1.99999999999978,1,11448
6E 09-26,1784195880000,1784198880000,1.14935,1.1493,1.149325,-1,1.00000000000211,2,11456
6E 09-26,1784195940000,1784198940000,1.14935,1.1493,1.149325,-1,1.00000000000211,3,11457
6E 09-26,1784196240000,1784199240000,1.1492,1.14915,1.149175,1,1.00000000000211,3,11462
6E 09-26,1784196360000,1784199360000,1.1492,1.14915,1.149175,1,1.00000000000211,4,11464
6E 09-26,1784196480000,1784199480000,1.14925,1.1492,1.149225,-1,1.00000000000211,5,11466
6E 09-26,1784196600000,1784199600000,1.14925,1.1492,1.149225,-1,1.00000000000211,5,11468
6E 09-26,1784196780000,1784199780000,1.14935,1.14925,1.1493,-1,1.99999999999978,6,11471
6E 09-26,1784196960000,1784199960000,1.14935,1.1493,1.149325,-1,1.00000000000211,5,11474
6E 09-26,1784197080000,1784200080000,1.14935,1.1493,1.149325,1,1.00000000000211,6,11476
6E 09-26,1784197140000,1784200140000,1.14935,1.1493,1.149325,-1,1.00000000000211,7,11477
6E 09-26,1784197440000,1784200440000,1.14945,1.1494,1.149425,1,1.00000000000211,2,11482
6E 09-26,1784197560000,1784200560000,1.14945,1.1494,1.149425,-1,1.00000000000211,3,11484
6E 09-26,1784197620000,1784200620000,1.14945,1.14935,1.1494,-1,1.99999999999978,10,11485
6E 09-26,1784198040000,1784201040000,1.149,1.14895,1.148975,1,1.00000000000211,1,11492
6E 09-26,1784198220000,1784201220000,1.149,1.14895,1.148975,-1,1.00000000000211,2,11495
6E 09-26,1784198520000,1784201520000,1.1491,1.14905,1.149075,1,1.00000000000211,1,11500
6E 09-26,1784198760000,1784201760000,1.14925,1.1492,1.149225,1,1.00000000000211,6,11504
6E 09-26,1784199060000,1784202060000,1.1492,1.14915,1.149175,1,1.00000000000211,6,11509
6E 09-26,1784199180000,1784202180000,1.1491,1.14905,1.149075,-1,1.00000000000211,2,11511
6E 09-26,1784199600000,1784202600000,1.1487,1.14865,1.148675,1,1.00000000000211,1,11518
6E 09-26,1784199660000,1784202660000,1.1488,1.14875,1.148775,1,1.00000000000211,1,11519
6E 09-26,1784199840000,1784202840000,1.1489,1.14885,1.148875,1,1.00000000000211,1,11522
6E 09-26,1784200620000,1784203620000,1.1486,1.14855,1.148575,-1,1.00000000000211,1,11535
6E 09-26,1784201040000,1784204040000,1.149,1.14895,1.148975,-1,1.00000000000211,3,11542
6E 09-26,1784201700000,1784204700000,1.149,1.14895,1.148975,1,1.00000000000211,2,11553
6E 09-26,1784201880000,1784204880000,1.149,1.14895,1.148975,-1,1.00000000000211,3,11556
6E 09-26,1784202000000,1784205000000,1.1491,1.149,1.14905,1,1.99999999999978,5,11558
6E 09-26,1784202240000,1784205240000,1.14925,1.1492,1.149225,1,1.00000000000211,1,11562
6E 09-26,1784202300000,1784205300000,1.1492,1.14915,1.149175,1,1.00000000000211,2,11563
6E 09-26,1784202480000,1784205480000,1.14925,1.1492,1.149225,1,1.00000000000211,3,11566
6E 09-26,1784202660000,1784205660000,1.14885,1.14875,1.1488,1,1.99999999999978,3,11569
6E 09-26,1784202840000,1784205840000,1.149,1.14895,1.148975,1,1.00000000000211,5,11572
6E 09-26,1784203020000,1784206020000,1.14945,1.1494,1.149425,1,1.00000000000211,1,11575
6E 09-26,1784203260000,1784206260000,1.14965,1.1496,1.149625,1,1.00000000000211,1,11579
6E 09-26,1784203740000,1784206740000,1.14955,1.1495,1.149525,1,1.00000000000211,1,11587
6E 09-26,1784203800000,1784206800000,1.14945,1.1494,1.149425,-1,1.00000000000211,2,11588
6E 09-26,1784204040000,1784207040000,1.1491,1.14905,1.149075,1,1.00000000000211,2,11592
6E 09-26,1784204100000,1784207100000,1.1492,1.14915,1.149175,1,1.00000000000211,4,11593
6E 09-26,1784204220000,1784207220000,1.149,1.14895,1.148975,1,1.00000000000211,5,11595
6E 09-26,1784204400000,1784207400000,1.1492,1.14915,1.149175,-1,1.00000000000211,5,11598
6E 09-26,1784204460000,1784207460000,1.1492,1.14915,1.149175,-1,1.00000000000211,6,11599
6E 09-26,1784204520000,1784207520000,1.1491,1.14905,1.149075,-1,1.00000000000211,3,11600
6E 09-26,1784204760000,1784207760000,1.1488,1.14875,1.148775,1,1.00000000000211,2,11604
6E 09-26,1784205240000,1784208240000,1.1485,1.14845,1.148475,1,1.00000000000211,1,11612
6E 09-26,1784205720000,1784208720000,1.1483,1.14825,1.148275,-1,1.00000000000211,1,11620
6E 09-26,1784206140000,1784209140000,1.1482,1.14815,1.148175,-1,1.00000000000211,1,11627
6E 09-26,1784206320000,1784209320000,1.14805,1.148,1.148025,1,1.00000000000211,1,11630
6E 09-26,1784206440000,1784209440000,1.14785,1.1478,1.147825,-1,1.00000000000211,1,11632
6E 09-26,1784207100000,1784210100000,1.14725,1.1472,1.147225,1,1.00000000000211,1,11643
6E 09-26,1784207220000,1784210220000,1.14745,1.1474,1.147425,1,1.00000000000211,1,11645
6E 09-26,1784208240000,1784211240000,1.1482,1.14815,1.148175,1,1.00000000000211,2,11662
6E 09-26,1784208300000,1784211300000,1.1482,1.14815,1.148175,-1,1.00000000000211,3,11663
6E 09-26,1784208480000,1784211480000,1.1484,1.14835,1.148375,-1,1.00000000000211,1,11666
6E 09-26,1784208720000,1784211720000,1.1485,1.14845,1.148475,1,1.00000000000211,1,11670
6E 09-26,1784208780000,1784211780000,1.1486,1.14855,1.148575,-1,1.00000000000211,1,11671
6E 09-26,1784209080000,1784212080000,1.1484,1.14835,1.148375,-1,1.00000000000211,2,11676
6E 09-26,1784209140000,1784212140000,1.1484,1.14835,1.148375,1,1.00000000000211,3,11677
6E 09-26,1784209800000,1784212800000,1.14805,1.148,1.148025,1,1.00000000000211,1,11688
6E 09-26,1784209860000,1784212860000,1.14815,1.1481,1.148125,-1,1.00000000000211,3,11689
6E 09-26,1784210280000,1784213280000,1.14775,1.1477,1.147725,1,1.00000000000211,1,11696
6E 09-26,1784210820000,1784213820000,1.14795,1.1479,1.147925,1,1.00000000000211,1,11705
6E 09-26,1784211240000,1784214240000,1.14745,1.1474,1.147425,1,1.00000000000211,1,11712
6E 09-26,1784211600000,1784214600000,1.14785,1.1478,1.147825,1,1.00000000000211,1,11718
6E 09-26,1784212740000,1784215740000,1.1472,1.14715,1.147175,-1,1.00000000000211,1,11737
6E 09-26,1784212920000,1784215920000,1.147,1.14695,1.146975,1,1.00000000000211,1,11740
6E 09-26,1784213280000,1784216280000,1.1471,1.14705,1.147075,1,1.00000000000211,1,11746
6E 09-26,1784213400000,1784216400000,1.147,1.14695,1.146975,1,1.00000000000211,2,11748
6E 09-26,1784213580000,1784216580000,1.1468,1.14675,1.146775,1,1.00000000000211,1,11751
6E 09-26,1784213820000,1784216820000,1.1469,1.14685,1.146875,1,1.00000000000211,1,11755
6E 09-26,1784214120000,1784217120000,1.1468,1.14675,1.146775,-1,1.00000000000211,2,11760
6E 09-26,1784214300000,1784217300000,1.1465,1.14645,1.146475,1,1.00000000000211,1,11763
6E 09-26,1784214900000,1784217900000,1.1469,1.14685,1.146875,1,1.00000000000211,2,11773
6E 09-26,1784215980000,1784218980000,1.147,1.14695,1.146975,1,1.00000000000211,2,11791
6E 09-26,1784216040000,1784219040000,1.1471,1.14705,1.147075,1,1.00000000000211,2,11792
6E 09-26,1784216160000,1784219160000,1.1471,1.14705,1.147075,-1,1.00000000000211,3,11794
6E 09-26,1784216340000,1784219340000,1.1472,1.14715,1.147175,-1,1.00000000000211,1,11797
6E 09-26,1784216400000,1784219400000,1.1472,1.14715,1.147175,-1,1.00000000000211,2,11798
6E 09-26,1784216640000,1784219640000,1.14725,1.1472,1.147225,-1,1.00000000000211,3,11802
6E 09-26,1784216880000,1784219880000,1.14735,1.1473,1.147325,1,1.00000000000211,1,11806
6E 09-26,1784217420000,1784220420000,1.14735,1.1473,1.147325,1,1.00000000000211,2,11815
6E 09-26,1784217480000,1784220480000,1.14735,1.1473,1.147325,-1,1.00000000000211,3,11816
6E 09-26,1784217540000,1784220540000,1.14735,1.1473,1.147325,1,1.00000000000211,4,11817
6E 09-26,1784218260000,1784221260000,1.1468,1.14675,1.146775,1,1.00000000000211,1,11829
6E 09-26,1784218500000,1784221500000,1.1469,1.14685,1.146875,-1,1.00000000000211,1,11833
6E 09-26,1784219100000,1784222100000,1.1464,1.14635,1.146375,-1,1.00000000000211,1,11843
6E 09-26,1784219580000,1784222580000,1.1465,1.14645,1.146475,-1,1.00000000000211,1,11851
6E 09-26,1784219700000,1784222700000,1.1465,1.14645,1.146475,-1,1.00000000000211,2,11853
6E 09-26,1784219820000,1784222820000,1.1464,1.14635,1.146375,1,1.00000000000211,2,11855
6E 09-26,1784220060000,1784223060000,1.1462,1.14615,1.146175,-1,1.00000000000211,1,11859
6E 09-26,1784220240000,1784223240000,1.1463,1.14625,1.146275,1,1.00000000000211,1,11862
6E 09-26,1784220540000,1784223540000,1.1464,1.14635,1.146375,1,1.00000000000211,3,11867
6E 09-26,1784220600000,1784223600000,1.1464,1.14635,1.146375,-1,1.00000000000211,4,11868
6E 09-26,1784220960000,1784223960000,1.1463,1.14625,1.146275,-1,1.00000000000211,2,11874
6E 09-26,1784221320000,1784224320000,1.14615,1.1461,1.146125,-1,1.00000000000211,2,11880
6E 09-26,1784221500000,1784224500000,1.14595,1.1459,1.145925,1,1.00000000000211,1,11883
6E 09-26,1784222040000,1784225040000,1.14585,1.1458,1.145825,-1,1.00000000000211,1,11892
6E 09-26,1784222220000,1784225220000,1.14595,1.1459,1.145925,-1,1.00000000000211,2,11895
6E 09-26,1784222280000,1784225280000,1.14605,1.146,1.146025,1,1.00000000000211,1,11896
6E 09-26,1784222880000,1784225880000,1.14615,1.14605,1.1461,1,1.99999999999978,4,11906
6E 09-26,1784222940000,1784225940000,1.14615,1.1461,1.146125,1,1.00000000000211,4,11907
6E 09-26,1784223180000,1784226180000,1.14615,1.1461,1.146125,-1,1.00000000000211,4,11911
6E 09-26,1784223360000,1784226360000,1.14605,1.146,1.146025,-1,1.00000000000211,3,11914
6E 09-26,1784223840000,1784226840000,1.14615,1.1461,1.146125,1,1.00000000000211,5,11922
6E 09-26,1784224080000,1784227080000,1.1463,1.14625,1.146275,1,1.00000000000211,1,11926
6E 09-26,1784224200000,1784227200000,1.1463,1.14625,1.146275,1,1.00000000000211,2,11928
6E 09-26,1784224320000,1784227320000,1.1464,1.14635,1.146375,1,1.00000000000211,1,11930
6E 09-26,1784224440000,1784227440000,1.1465,1.14645,1.146475,1,1.00000000000211,1,11932
6E 09-26,1784224680000,1784227680000,1.1464,1.14635,1.146375,1,1.00000000000211,2,11936
6E 09-26,1784224860000,1784227860000,1.1463,1.14625,1.146275,-1,1.00000000000211,3,11939
6E 09-26,1784224920000,1784227920000,1.1463,1.14625,1.146275,1,1.00000000000211,4,11940
6E 09-26,1784225100000,1784228100000,1.1462,1.14615,1.146175,-1,1.00000000000211,5,11943
6E 09-26,1784225160000,1784228160000,1.1462,1.14615,1.146175,1,1.00000000000211,6,11944
6E 09-26,1784225400000,1784228400000,1.1463,1.14625,1.146275,1,1.00000000000211,5,11948
6E 09-26,1784225820000,1784228820000,1.1465,1.14645,1.146475,1,1.00000000000211,2,11955
6E 09-26,1784226000000,1784229000000,1.1465,1.14645,1.146475,-1,1.00000000000211,3,11958
6E 09-26,1784226180000,1784229180000,1.1465,1.14645,1.146475,-1,1.00000000000211,4,11961
6E 09-26,1784226300000,1784229300000,1.1464,1.14635,1.146375,-1,1.00000000000211,3,11963
6E 09-26,1784226540000,1784229540000,1.1464,1.14635,1.146375,-1,1.00000000000211,4,11966
6E 09-26,1784226780000,1784229780000,1.1464,1.14635,1.146375,1,1.00000000000211,5,11970
6E 09-26,1784226960000,1784229960000,1.1463,1.14625,1.146275,-1,1.00000000000211,6,11973
6E 09-26,1784227320000,1784230320000,1.1464,1.14635,1.146375,-1,1.00000000000211,6,11979
6E 09-26,1784227920000,1784230920000,1.1464,1.14635,1.146375,1,1.00000000000211,5,11989
6E 09-26,1784228220000,1784231220000,1.1465,1.14645,1.146475,1,1.00000000000211,4,11994
6E 09-26,1784228760000,1784231760000,1.1466,1.14655,1.146575,1,1.00000000000211,1,12003
6E 09-26,1784229360000,1784232360000,1.1464,1.14635,1.146375,-1,1.00000000000211,6,12013
6E 09-26,1784230020000,1784233020000,1.1462,1.14615,1.146175,-1,1.00000000000211,1,12024
6E 09-26,1784230080000,1784233080000,1.1462,1.14615,1.146175,1,1.00000000000211,2,12025
6E 09-26,1784230560000,1784233560000,1.1464,1.14635,1.146375,1,1.00000000000211,3,12033
6E 09-26,1784231400000,1784234400000,1.1466,1.14655,1.146575,1,1.00000000000211,2,12047
6E 09-26,1784231580000,1784234580000,1.1467,1.14665,1.146675,1,1.00000000000211,1,12050
6E 09-26,1784231880000,1784234880000,1.1468,1.14675,1.146775,-1,1.00000000000211,1,12055
6E 09-26,1784232840000,1784235840000,1.1468,1.14675,1.146775,-1,1.00000000000211,2,12070
6E 09-26,1784233200000,1784236200000,1.1467,1.14665,1.146675,-1,1.00000000000211,2,12075
6E 09-26,1784233320000,1784236320000,1.1467,1.14665,1.146675,1,1.00000000000211,3,12077
6E 09-26,1784233680000,1784236680000,1.1466,1.14655,1.146575,-1,1.00000000000211,2,12081
6E 09-26,1784233860000,1784236860000,1.14685,1.14675,1.1468,1,1.99999999999978,3,12084
6E 09-26,1784234220000,1784237220000,1.147,1.14695,1.146975,1,1.00000000000211,1,12090
6E 09-26,1784234460000,1784237460000,1.147,1.14695,1.146975,-1,1.00000000000211,2,12094
6E 09-26,1784234580000,1784237580000,1.147,1.14695,1.146975,1,1.00000000000211,3,12096
6E 09-26,1784234640000,1784237640000,1.147,1.14695,1.146975,1,1.00000000000211,4,12097
6E 09-26,1784234700000,1784237700000,1.147,1.14695,1.146975,1,1.00000000000211,5,12098
6E 09-26,1784235060000,1784238060000,1.1471,1.14705,1.147075,-1,1.00000000000211,1,12103
6E 09-26,1784235240000,1784238240000,1.1471,1.14705,1.147075,1,1.00000000000211,2,12106
6E 09-26,1784235360000,1784238360000,1.1471,1.14705,1.147075,1,1.00000000000211,3,12108
6E 09-26,1784235540000,1784238540000,1.147,1.14695,1.146975,-1,1.00000000000211,6,12110
6E 09-26,1784235600000,1784238600000,1.14695,1.14685,1.1469,-1,1.99999999999978,8,12111
6E 09-26,1784239620000,1784242620000,1.1471,1.14705,1.147075,-1,1.00000000000211,4,12117
6E 09-26,1784239980000,1784242980000,1.1471,1.14705,1.147075,-1,1.00000000000211,5,12122
6E 09-26,1784240700000,1784243700000,1.147,1.14695,1.146975,-1,1.00000000000211,8,12129
6E 09-26,1784240820000,1784243820000,1.147,1.14695,1.146975,1,1.00000000000211,9,12130
6E 09-26,1784241240000,1784244240000,1.147,1.14695,1.146975,-1,1.00000000000211,10,12135
6E 09-26,1784241420000,1784244420000,1.147,1.14695,1.146975,1,1.00000000000211,11,12136
6E 09-26,1784241480000,1784244480000,1.147,1.14695,1.146975,-1,1.00000000000211,12,12137
6E 09-26,1784241540000,1784244540000,1.147,1.14695,1.146975,-1,1.00000000000211,13,12138
6E 09-26,1784242140000,1784245140000,1.1469,1.14685,1.146875,-1,1.00000000000211,2,12141
6E 09-26,1784243100000,1784246100000,1.147,1.14695,1.146975,-1,1.00000000000211,9,12153
6E 09-26,1784244480000,1784247480000,1.1471,1.14705,1.147075,1,1.00000000000211,3,12165
6E 09-26,1784245080000,1784248080000,1.1472,1.14715,1.147175,1,1.00000000000211,1,12170
6E 09-26,1784245560000,1784248560000,1.1471,1.14705,1.147075,-1,1.00000000000211,2,12175
6E 09-26,1784246400000,1784249400000,1.1472,1.14715,1.147175,1,1.00000000000211,2,12183
6E 09-26,1784246520000,1784249520000,1.1472,1.14715,1.147175,-1,1.00000000000211,3,12185
6E 09-26,1784246580000,1784249580000,1.14725,1.14715,1.1472,1,2.00000000000422,4,12186
6E 09-26,1784246640000,1784249640000,1.14725,1.1472,1.147225,-1,1.00000000000211,5,12187
6E 09-26,1784246820000,1784249820000,1.1472,1.14715,1.147175,-1,1.00000000000211,6,12190
6E 09-26,1784247000000,1784250000000,1.14715,1.14705,1.1471,-1,1.99999999999978,8,12193
6E 09-26,1784247300000,1784250300000,1.1471,1.14705,1.147075,1,1.00000000000211,4,12197
6E 09-26,1784247420000,1784250420000,1.1472,1.14715,1.147175,-1,1.00000000000211,8,12199
6E 09-26,1784247600000,1784250600000,1.1471,1.14705,1.147075,-1,1.00000000000211,5,12202
6E 09-26,1784247840000,1784250840000,1.147,1.14695,1.146975,-1,1.00000000000211,1,12206
6E 09-26,1784248140000,1784251140000,1.1469,1.14685,1.146875,-1,1.00000000000211,1,12211
6E 09-26,1784248260000,1784251260000,1.1468,1.14675,1.146775,-1,1.00000000000211,1,12213
6E 09-26,1784248320000,1784251320000,1.1469,1.14685,1.146875,1,1.00000000000211,2,12214
6E 09-26,1784248440000,1784251440000,1.1469,1.14685,1.146875,-1,1.00000000000211,3,12216
6E 09-26,1784249340000,1784252340000,1.1469,1.14685,1.146875,-1,1.00000000000211,4,12231
6E 09-26,1784249580000,1784252580000,1.1471,1.14705,1.147075,1,1.00000000000211,4,12235
6E 09-26,1784249640000,1784252640000,1.1471,1.14705,1.147075,-1,1.00000000000211,5,12236
6E 09-26,1784249820000,1784252820000,1.1471,1.14705,1.147075,-1,1.00000000000211,6,12239
6E 09-26,1784250000000,1784253000000,1.14735,1.1473,1.147325,1,1.00000000000211,1,12242
6E 09-26,1784250600000,1784253600000,1.1472,1.14715,1.147175,1,1.00000000000211,1,12252
6E 09-26,1784250840000,1784253840000,1.1471,1.14705,1.147075,1,1.00000000000211,4,12256
6E 09-26,1784251020000,1784254020000,1.1472,1.14715,1.147175,1,1.00000000000211,2,12259
6E 09-26,1784251080000,1784254080000,1.14725,1.1472,1.147225,1,1.00000000000211,3,12260
6E 09-26,1784251200000,1784254200000,1.14725,1.1472,1.147225,-1,1.00000000000211,4,12262
6E 09-26,1784251740000,1784254740000,1.1471,1.14705,1.147075,-1,1.00000000000211,5,12271
6E 09-26,1784251800000,1784254800000,1.147,1.14695,1.146975,1,1.00000000000211,1,12272
6E 09-26,1784252040000,1784255040000,1.147,1.1469,1.14695,-1,1.99999999999978,3,12276
6E 09-26,1784252340000,1784255340000,1.1469,1.14685,1.146875,-1,1.00000000000211,3,12279
6E 09-26,1784252520000,1784255520000,1.1469,1.14685,1.146875,1,1.00000000000211,3,12282
6E 09-26,1784252880000,1784255880000,1.1468,1.14675,1.146775,-1,1.00000000000211,1,12288
6E 09-26,1784253540000,1784256540000,1.1465,1.14645,1.146475,1,1.00000000000211,1,12299
6E 09-26,1784253660000,1784256660000,1.1467,1.14665,1.146675,1,1.00000000000211,1,12301
6E 09-26,1784253720000,1784256720000,1.1467,1.14665,1.146675,1,1.00000000000211,2,12302
6E 09-26,1784253900000,1784256900000,1.1466,1.14655,1.146575,-1,1.00000000000211,1,12305
6E 09-26,1784254500000,1784257500000,1.14675,1.14665,1.1467,1,1.99999999999978,4,12315
6E 09-26,1784254860000,1784257860000,1.1467,1.14665,1.146675,-1,1.00000000000211,4,12320
6E 09-26,1784255160000,1784258160000,1.1466,1.14655,1.146575,-1,1.00000000000211,2,12324
6E 09-26,1784255460000,1784258460000,1.1466,1.14655,1.146575,1,1.00000000000211,3,12328
6E 09-26,1784256000000,1784259000000,1.1464,1.14635,1.146375,1,1.00000000000211,1,12336
6E 09-26,1784256300000,1784259300000,1.1464,1.14635,1.146375,1,1.00000000000211,2,12341
6E 09-26,1784256540000,1784259540000,1.1464,1.14635,1.146375,-1,1.00000000000211,3,12345
6E 09-26,1784256840000,1784259840000,1.1464,1.14635,1.146375,-1,1.00000000000211,4,12350
6E 09-26,1784256960000,1784259960000,1.1464,1.14635,1.146375,-1,1.00000000000211,5,12352
6E 09-26,1784257260000,1784260260000,1.1464,1.14635,1.146375,-1,1.00000000000211,6,12357
6E 09-26,1784257560000,1784260560000,1.1465,1.14645,1.146475,-1,1.00000000000211,1,12362
6E 09-26,1784257680000,1784260680000,1.1466,1.14655,1.146575,-1,1.00000000000211,3,12364
6E 09-26,1784258280000,1784261280000,1.1466,1.14655,1.146575,1,1.00000000000211,4,12374
6E 09-26,1784259060000,1784262060000,1.1466,1.14655,1.146575,1,1.00000000000211,3,12385
6E 09-26,1784259300000,1784262300000,1.1465,1.14645,1.146475,1,1.00000000000211,2,12389
6E 09-26,1784259480000,1784262480000,1.1464,1.14635,1.146375,-1,1.00000000000211,5,12392
6E 09-26,1784259780000,1784262780000,1.1463,1.14625,1.146275,-1,1.00000000000211,1,12397
6E 09-26,1784259840000,1784262840000,1.1463,1.14625,1.146275,1,1.00000000000211,2,12398
6E 09-26,1784259960000,1784262960000,1.1463,1.14625,1.146275,-1,1.00000000000211,3,12399
6E 09-26,1784260140000,1784263140000,1.1463,1.1462,1.14625,1,1.99999999999978,4,12402
6E 09-26,1784260320000,1784263320000,1.1464,1.14635,1.146375,1,1.00000000000211,3,12405
6E 09-26,1784260380000,1784263380000,1.1464,1.14635,1.146375,1,1.00000000000211,4,12406
6E 09-26,1784260920000,1784263920000,1.1465,1.14645,1.146475,-1,1.00000000000211,2,12414
6E 09-26,1784262060000,1784265060000,1.1465,1.14645,1.146475,-1,1.00000000000211,3,12430
6E 09-26,1784262240000,1784265240000,1.1464,1.14635,1.146375,-1,1.00000000000211,4,12433
6E 09-26,1784262420000,1784265420000,1.1463,1.14625,1.146275,-1,1.00000000000211,5,12435
6E 09-26,1784262540000,1784265540000,1.1463,1.14625,1.146275,1,1.00000000000211,6,12437
6E 09-26,1784262600000,1784265600000,1.1463,1.14625,1.146275,1,1.00000000000211,7,12438
6E 09-26,1784262720000,1784265720000,1.1464,1.14635,1.146375,1,1.00000000000211,5,12440
6E 09-26,1784262780000,1784265780000,1.1464,1.14635,1.146375,-1,1.00000000000211,6,12441
6E 09-26,1784262960000,1784265960000,1.1464,1.14635,1.146375,-1,1.00000000000211,6,12444
6E 09-26,1784263080000,1784266080000,1.1464,1.14635,1.146375,1,1.00000000000211,7,12446
6E 09-26,1784263200000,1784266200000,1.1464,1.14635,1.146375,-1,1.00000000000211,8,12448
6E 09-26,1784263320000,1784266320000,1.1463,1.14625,1.146275,-1,1.00000000000211,5,12450
6E 09-26,1784263380000,1784266380000,1.1463,1.14625,1.146275,1,1.00000000000211,6,12451
6E 09-26,1784263560000,1784266560000,1.1464,1.14635,1.146375,1,1.00000000000211,9,12454
6E 09-26,1784263860000,1784266860000,1.1462,1.14615,1.146175,-1,1.00000000000211,1,12459
6E 09-26,1784263920000,1784266920000,1.14615,1.1461,1.146125,1,1.00000000000211,2,12460
6E 09-26,1784264760000,1784267760000,1.1463,1.14625,1.146275,-1,1.00000000000211,6,12471
6E 09-26,1784264880000,1784267880000,1.1463,1.14625,1.146275,1,1.00000000000211,7,12473
6E 09-26,1784265000000,1784268000000,1.1463,1.14625,1.146275,-1,1.00000000000211,8,12474
6E 09-26,1784265120000,1784268120000,1.1463,1.14625,1.146275,1,1.00000000000211,9,12476
6E 09-26,1784265300000,1784268300000,1.14635,1.14625,1.1463,-1,1.99999999999978,17,12479
6E 09-26,1784265420000,1784268420000,1.1463,1.14625,1.146275,1,1.00000000000211,11,12480
6E 09-26,1784265540000,1784268540000,1.1464,1.14635,1.146375,-1,1.00000000000211,9,12482
6E 09-26,1784265660000,1784268660000,1.1464,1.14635,1.146375,1,1.00000000000211,9,12484
6E 09-26,1784265720000,1784268720000,1.1464,1.14635,1.146375,-1,1.00000000000211,10,12485
6E 09-26,1784265960000,1784268960000,1.1463,1.14625,1.146275,1,1.00000000000211,9,12489
6E 09-26,1784266320000,1784269320000,1.1465,1.14645,1.146475,1,1.00000000000211,1,12495
6E 09-26,1784266560000,1784269560000,1.1466,1.14655,1.146575,1,1.00000000000211,1,12499
6E 09-26,1784266800000,1784269800000,1.14685,1.14675,1.1468,-1,1.99999999999978,1,12503
6E 09-26,1784266860000,1784269860000,1.1468,1.14675,1.146775,1,1.00000000000211,2,12504
6E 09-26,1784267340000,1784270340000,1.1469,1.14685,1.146875,1,1.00000000000211,2,12512
6E 09-26,1784267400000,1784270400000,1.1469,1.14685,1.146875,-1,1.00000000000211,3,12513
6E 09-26,1784267700000,1784270700000,1.1469,1.14685,1.146875,-1,1.00000000000211,4,12518
6E 09-26,1784267880000,1784270880000,1.1466,1.14655,1.146575,1,1.00000000000211,2,12521
6E 09-26,1784267940000,1784270940000,1.1466,1.14655,1.146575,-1,1.00000000000211,3,12522
6E 09-26,1784268420000,1784271420000,1.1468,1.14675,1.146775,1,1.00000000000211,3,12530
6E 09-26,1784268540000,1784271540000,1.1467,1.14665,1.146675,-1,1.00000000000211,1,12532
6E 09-26,1784268660000,1784271660000,1.1468,1.14675,1.146775,1,1.00000000000211,4,12534
6E 09-26,1784268780000,1784271780000,1.147,1.14695,1.146975,1,1.00000000000211,1,12536
6E 09-26,1784268900000,1784271900000,1.14725,1.1472,1.147225,1,1.00000000000211,1,12538
6E 09-26,1784269320000,1784272320000,1.14735,1.1473,1.147325,1,1.00000000000211,1,12545
6E 09-26,1784269740000,1784272740000,1.14755,1.1475,1.147525,1,1.00000000000211,1,12552
6E 09-26,1784270100000,1784273100000,1.14765,1.1476,1.147625,-1,1.00000000000211,1,12558
6E 09-26,1784270400000,1784273400000,1.14765,1.1476,1.147625,1,1.00000000000211,2,12563
6E 09-26,1784270460000,1784273460000,1.14765,1.1476,1.147625,-1,1.00000000000211,3,12564
6E 09-26,1784270760000,1784273760000,1.14755,1.1475,1.147525,1,1.00000000000211,2,12569
6E 09-26,1784270880000,1784273880000,1.14775,1.1477,1.147725,-1,1.00000000000211,1,12571
6E 09-26,1784271000000,1784274000000,1.14755,1.1475,1.147525,-1,1.00000000000211,3,12573
6E 09-26,1784271180000,1784274180000,1.14765,1.1476,1.147625,1,1.00000000000211,4,12576
6E 09-26,1784271360000,1784274360000,1.14765,1.1476,1.147625,1,1.00000000000211,5,12579
6E 09-26,1784271420000,1784274420000,1.14775,1.1477,1.147725,1,1.00000000000211,2,12580
6E 09-26,1784271480000,1784274480000,1.14775,1.1477,1.147725,-1,1.00000000000211,3,12581
6E 09-26,1784271600000,1784274600000,1.14765,1.1476,1.147625,-1,1.00000000000211,6,12583
6E 09-26,1784272320000,1784275320000,1.14745,1.1474,1.147425,-1,1.00000000000211,1,12595
6E 09-26,1784272620000,1784275620000,1.14745,1.1474,1.147425,-1,1.00000000000211,2,12600
6E 09-26,1784273160000,1784276160000,1.14725,1.1472,1.147225,1,1.00000000000211,1,12609
6E 09-26,1784273280000,1784276280000,1.14725,1.1472,1.147225,1,1.00000000000211,2,12611
6E 09-26,1784273400000,1784276400000,1.14735,1.1473,1.147325,1,1.00000000000211,1,12613
6E 09-26,1784273520000,1784276520000,1.14755,1.1475,1.147525,-1,1.00000000000211,3,12615
6E 09-26,1784273580000,1784276580000,1.14755,1.1475,1.147525,-1,1.00000000000211,4,12616
6E 09-26,1784273760000,1784276760000,1.1472,1.14715,1.147175,1,1.00000000000211,3,12619
6E 09-26,1784273820000,1784276820000,1.1472,1.14715,1.147175,-1,1.00000000000211,4,12620
6E 09-26,1784273940000,1784276940000,1.14725,1.1472,1.147225,1,1.00000000000211,5,12622
6E 09-26,1784274120000,1784277120000,1.14725,1.1472,1.147225,-1,1.00000000000211,6,12625
6E 09-26,1784274240000,1784277240000,1.14725,1.1472,1.147225,1,1.00000000000211,7,12627
6E 09-26,1784274360000,1784277360000,1.14735,1.1473,1.147325,1,1.00000000000211,2,12629
6E 09-26,1784275080000,1784278080000,1.14725,1.1472,1.147225,-1,1.00000000000211,8,12641
6E 09-26,1784275680000,1784278680000,1.14735,1.1473,1.147325,1,1.00000000000211,3,12651
6E 09-26,1784275920000,1784278920000,1.1471,1.14705,1.147075,-1,1.00000000000211,1,12655
6E 09-26,1784276400000,1784279400000,1.1463,1.14625,1.146275,1,1.00000000000211,1,12663
6E 09-26,1784276520000,1784279520000,1.1466,1.14655,1.146575,-1,1.00000000000211,1,12665
6E 09-26,1784276700000,1784279700000,1.1466,1.14655,1.146575,-1,1.00000000000211,2,12668
6E 09-26,1784277060000,1784280060000,1.1467,1.14665,1.146675,1,1.00000000000211,1,12674
6E 09-26,1784277120000,1784280120000,1.1467,1.14665,1.146675,-1,1.00000000000211,2,12675
6E 09-26,1784277480000,1784280480000,1.1469,1.14685,1.146875,1,1.00000000000211,1,12681
6E 09-26,1784277960000,1784280960000,1.1468,1.14675,1.146775,-1,1.00000000000211,1,12689
6E 09-26,1784278200000,1784281200000,1.1469,1.14685,1.146875,-1,1.00000000000211,2,12693
6E 09-26,1784278740000,1784281740000,1.1468,1.14675,1.146775,-1,1.00000000000211,2,12702
6E 09-26,1784279040000,1784282040000,1.1466,1.14655,1.146575,1,1.00000000000211,3,12707
6E 09-26,1784279280000,1784282280000,1.1468,1.14675,1.146775,-1,1.00000000000211,3,12711
6E 09-26,1784279340000,1784282340000,1.1468,1.14675,1.146775,-1,1.00000000000211,4,12712
6E 09-26,1784279520000,1784282520000,1.1467,1.14665,1.146675,1,1.00000000000211,3,12715
6E 09-26,1784279580000,1784282580000,1.1466,1.14655,1.146575,1,1.00000000000211,3,12716
6E 09-26,1784279640000,1784282640000,1.1464,1.14635,1.146375,-1,1.00000000000211,1,12717
6E 09-26,1784279700000,1784282700000,1.1465,1.14645,1.146475,-1,1.00000000000211,1,12718
6E 09-26,1784279880000,1784282880000,1.1465,1.14645,1.146475,1,1.00000000000211,2,12721
6E 09-26,1784280000000,1784283000000,1.1465,1.14645,1.146475,1,1.00000000000211,3,12723
6E 09-26,1784280120000,1784283120000,1.1466,1.14655,1.146575,1,1.00000000000211,3,12725
6E 09-26,1784280480000,1784283480000,1.1468,1.14675,1.146775,1,1.00000000000211,5,12731
6E 09-26,1784280720000,1784283720000,1.1467,1.14665,1.146675,-1,1.00000000000211,2,12735
6E 09-26,1784280780000,1784283780000,1.1466,1.14655,1.146575,1,1.00000000000211,4,12736
6E 09-26,1784281380000,1784284380000,1.1464,1.14635,1.146375,-1,1.00000000000211,2,12746
6E 09-26,1784281440000,1784284440000,1.1464,1.14635,1.146375,1,1.00000000000211,3,12747
6E 09-26,1784282040000,1784285040000,1.1466,1.14655,1.146575,1,1.00000000000211,5,12757
6E 09-26,1784282700000,1784285700000,1.1464,1.14635,1.146375,1,1.00000000000211,3,12768
6E 09-26,1784283060000,1784286060000,1.1465,1.14645,1.146475,1,1.00000000000211,1,12774
6E 09-26,1784283540000,1784286540000,1.1464,1.14635,1.146375,-1,1.00000000000211,4,12782
6E 09-26,1784283660000,1784286660000,1.1463,1.14625,1.146275,-1,1.00000000000211,1,12784
6E 09-26,1784283780000,1784286780000,1.1462,1.14615,1.146175,-1,1.00000000000211,1,12786
6E 09-26,1784284800000,1784287800000,1.14585,1.1458,1.145825,-1,1.00000000000211,1,12803
6E 09-26,1784285220000,1784288220000,1.14585,1.1458,1.145825,-1,1.00000000000211,2,12810
6E 09-26,1784285400000,1784288400000,1.14585,1.1458,1.145825,1,1.00000000000211,3,12813
6E 09-26,1784285640000,1784288640000,1.14555,1.1455,1.145525,1,1.00000000000211,1,12817
6E 09-26,1784285940000,1784288940000,1.14535,1.14525,1.1453,-1,1.99999999999978,1,12822
6E 09-26,1784286060000,1784289060000,1.14545,1.1454,1.145425,1,1.00000000000211,1,12824
6E 09-26,1784286180000,1784289180000,1.14545,1.1454,1.145425,-1,1.00000000000211,2,12826
6E 09-26,1784286300000,1784289300000,1.14525,1.1452,1.145225,1,1.00000000000211,2,12828
6E 09-26,1784286360000,1784289360000,1.14525,1.1452,1.145225,-1,1.00000000000211,3,12829
6E 09-26,1784286900000,1784289900000,1.14555,1.1455,1.145525,1,1.00000000000211,2,12838
6E 09-26,1784287200000,1784290200000,1.14565,1.1456,1.145625,1,1.00000000000211,1,12843
6E 09-26,1784287620000,1784290620000,1.14555,1.1455,1.145525,1,1.00000000000211,3,12850
6E 09-26,1784287680000,1784290680000,1.14565,1.1456,1.145625,1,1.00000000000211,2,12851
6E 09-26,1784287740000,1784290740000,1.14565,1.1456,1.145625,1,1.00000000000211,3,12852
6E 09-26,1784287860000,1784290860000,1.14575,1.1457,1.145725,-1,1.00000000000211,1,12854
6E 09-26,1784288340000,1784291340000,1.14615,1.1461,1.146125,1,1.00000000000211,1,12862
6E 09-26,1784288400000,1784291400000,1.1462,1.14615,1.146175,1,1.00000000000211,2,12863
6E 09-26,1784288460000,1784291460000,1.14615,1.1461,1.146125,1,1.00000000000211,3,12864
6E 09-26,1784289240000,1784292240000,1.14585,1.1458,1.145825,1,1.00000000000211,1,12877
6E 09-26,1784289300000,1784292300000,1.14595,1.14585,1.1459,-1,1.99999999999978,2,12878
6E 09-26,1784289600000,1784292600000,1.1457,1.1456,1.14565,1,1.99999999999978,5,12883
6E 09-26,1784289960000,1784292960000,1.14595,1.1459,1.145925,1,1.00000000000211,2,12889
6E 09-26,1784290140000,1784293140000,1.14615,1.1461,1.146125,-1,1.00000000000211,4,12892
6E 09-26,1784290200000,1784293200000,1.14615,1.1461,1.146125,1,1.00000000000211,5,12893
6E 09-26,1784290260000,1784293260000,1.14615,1.1461,1.146125,-1,1.00000000000211,6,12894
6E 09-26,1784290320000,1784293320000,1.14605,1.146,1.146025,-1,1.00000000000211,1,12895
6E 09-26,1784290500000,1784293500000,1.14595,1.1459,1.145925,1,1.00000000000211,3,12898
6E 09-26,1784290860000,1784293860000,1.14585,1.1458,1.145825,1,1.00000000000211,3,12904
6E 09-26,1784290920000,1784293920000,1.14595,1.1459,1.145925,1,1.00000000000211,4,12905
6E 09-26,1784291040000,1784294040000,1.14595,1.1459,1.145925,1,1.00000000000211,5,12907
6E 09-26,1784291520000,1784294520000,1.14585,1.1458,1.145825,1,1.00000000000211,4,12915
6E 09-26,1784291760000,1784294760000,1.14555,1.1455,1.145525,1,1.00000000000211,1,12919
6E 09-26,1784292060000,1784295060000,1.14535,1.1453,1.145325,1,1.00000000000211,1,12924
6E 09-26,1784292120000,1784295120000,1.14535,1.1453,1.145325,1,1.00000000000211,2,12925
6E 09-26,1784292300000,1784295300000,1.14535,1.1453,1.145325,-1,1.00000000000211,3,12928
6E 09-26,1784292900000,1784295900000,1.14535,1.1453,1.145325,1,1.00000000000211,4,12938
6E 09-26,1784293140000,1784296140000,1.14545,1.1454,1.145425,1,1.00000000000211,1,12942
6E 09-26,1784293200000,1784296200000,1.14555,1.1455,1.145525,1,1.00000000000211,2,12943
6E 09-26,1784293260000,1784296260000,1.14565,1.1456,1.145625,-1,1.00000000000211,1,12944
6E 09-26,1784293560000,1784296560000,1.14545,1.1454,1.145425,1,1.00000000000211,2,12949
6E 09-26,1784293860000,1784296860000,1.14565,1.1456,1.145625,1,1.00000000000211,2,12954
6E 09-26,1784293920000,1784296920000,1.14575,1.1457,1.145725,1,1.00000000000211,1,12955
6E 09-26,1784294040000,1784297040000,1.14575,1.1457,1.145725,-1,1.00000000000211,2,12957
6E 09-26,1784294220000,1784297220000,1.14545,1.1454,1.145425,1,1.00000000000211,3,12960
6E 09-26,1784294280000,1784297280000,1.14535,1.1453,1.145325,1,1.00000000000211,5,12961
6E 09-26,1784294400000,1784297400000,1.14525,1.1452,1.145225,1,1.00000000000211,1,12963
6E 09-26,1784295180000,1784298180000,1.14545,1.1454,1.145425,-1,1.00000000000211,4,12976
6E 09-26,1784295360000,1784298360000,1.14565,1.1456,1.145625,1,1.00000000000211,3,12979
6E 09-26,1784295420000,1784298420000,1.14565,1.1456,1.145625,1,1.00000000000211,4,12980
6E 09-26,1784295540000,1784298540000,1.14575,1.1457,1.145725,1,1.00000000000211,3,12982
6E 09-26,1784295720000,1784298720000,1.14565,1.1456,1.145625,1,1.00000000000211,5,12985
6E 09-26,1784295840000,1784298840000,1.14585,1.1458,1.145825,-1,1.00000000000211,1,12987
6E 09-26,1784295900000,1784298900000,1.14585,1.1458,1.145825,-1,1.00000000000211,2,12988
6E 09-26,1784296500000,1784299500000,1.1462,1.1461,1.14615,1,2.00000000000422,1,12998
6E 09-26,1784296620000,1784299620000,1.1462,1.14615,1.146175,-1,1.00000000000211,2,13000
6E 09-26,1784296800000,1784299800000,1.1463,1.14625,1.146275,1,1.00000000000211,1,13003
6E 09-26,1784297040000,1784300040000,1.14605,1.146,1.146025,-1,1.00000000000211,1,13007
6E 09-26,1784297280000,1784300280000,1.14615,1.1461,1.146125,1,1.00000000000211,3,13011
6E 09-26,1784297340000,1784300340000,1.1462,1.14615,1.146175,1,1.00000000000211,4,13012
6E 09-26,1784297760000,1784300760000,1.1464,1.14635,1.146375,-1,1.00000000000211,1,13019
6E 09-26,1784297820000,1784300820000,1.1465,1.14645,1.146475,-1,1.00000000000211,1,13020
6E 09-26,1784297940000,1784300940000,1.1467,1.14665,1.146675,1,1.00000000000211,1,13022
6E 09-26,1784298060000,1784301060000,1.1467,1.14665,1.146675,1,1.00000000000211,2,13024
6E 09-26,1784298480000,1784301480000,1.1464,1.14635,1.146375,-1,1.00000000000211,2,13031
6E 09-26,1784298600000,1784301600000,1.1462,1.14615,1.146175,1,1.00000000000211,5,13033
6E 09-26,1784298780000,1784301780000,1.1464,1.14635,1.146375,-1,1.00000000000211,3,13036
6E 09-26,1784299080000,1784302080000,1.1464,1.14635,1.146375,1,1.00000000000211,4,13041
6E 09-26,1784299200000,1784302200000,1.1465,1.14645,1.146475,1,1.00000000000211,2,13043
6E 09-26,1784299560000,1784302560000,1.1468,1.14675,1.146775,1,1.00000000000211,1,13049
6E 09-26,1784299680000,1784302680000,1.147,1.14695,1.146975,1,1.00000000000211,1,13051
6E 09-26,1784300160000,1784303160000,1.1465,1.14645,1.146475,-1,1.00000000000211,3,13059
6E 09-26,1784300220000,1784303220000,1.1465,1.14645,1.146475,-1,1.00000000000211,4,13060
6E 09-26,1784300820000,1784303820000,1.1469,1.14685,1.146875,1,1.00000000000211,1,13070
6E 09-26,1784300940000,1784303940000,1.1469,1.14685,1.146875,-1,1.00000000000211,2,13072
6E 09-26,1784301120000,1784304120000,1.1467,1.14665,1.146675,-1,1.00000000000211,1,13075
6E 09-26,1784301480000,1784304480000,1.1467,1.14665,1.146675,1,1.00000000000211,2,13081
6E 09-26,1784301780000,1784304780000,1.147,1.14695,1.146975,-1,1.00000000000211,2,13086
6E 09-26,1784301840000,1784304840000,1.1469,1.14685,1.146875,-1,1.00000000000211,3,13087
6E 09-26,1784301900000,1784304900000,1.1469,1.14685,1.146875,1,1.00000000000211,4,13088
6E 09-26,1784302200000,1784305200000,1.1468,1.14675,1.146775,1,1.00000000000211,2,13093
6E 09-26,1784302380000,1784305380000,1.1468,1.14675,1.146775,-1,1.00000000000211,3,13096
6E 09-26,1784302440000,1784305440000,1.1468,1.14675,1.146775,-1,1.00000000000211,4,13097
6E 09-26,1784302680000,1784305680000,1.1468,1.14675,1.146775,-1,1.00000000000211,4,13101
6E 09-26,1784302800000,1784305800000,1.1467,1.14665,1.146675,-1,1.00000000000211,3,13103
6E 09-26,1784302860000,1784305860000,1.1466,1.14655,1.146575,-1,1.00000000000211,1,13104
6E 09-26,1784303400000,1784306400000,1.1466,1.14655,1.146575,-1,1.00000000000211,2,13113
6E 09-26,1784303520000,1784306520000,1.1467,1.14665,1.146675,-1,1.00000000000211,4,13115
6E 09-26,1784303580000,1784306580000,1.1467,1.14665,1.146675,1,1.00000000000211,5,13116
6E 09-26,1784303700000,1784306700000,1.1466,1.14655,1.146575,1,1.00000000000211,3,13118
6E 09-26,1784304240000,1784307240000,1.14615,1.1461,1.146125,-1,1.00000000000211,1,13127
6E 09-26,1784304480000,1784307480000,1.1464,1.14635,1.146375,-1,1.00000000000211,1,13131
6E 09-26,1784304600000,1784307600000,1.1466,1.14655,1.146575,-1,1.00000000000211,4,13133
6E 09-26,1784304780000,1784307780000,1.1466,1.14655,1.146575,1,1.00000000000211,5,13136
6E 09-26,1784305260000,1784308260000,1.1466,1.14655,1.146575,-1,1.00000000000211,6,13144
6E 09-26,1784305980000,1784308980000,1.1468,1.14675,1.146775,1,1.00000000000211,1,13156
6E 09-26,1784306280000,1784309280000,1.1466,1.14655,1.146575,1,1.00000000000211,6,13161
6E 09-26,1784306340000,1784309340000,1.1466,1.14655,1.146575,1,1.00000000000211,7,13162
6E 09-26,1784306580000,1784309580000,1.1467,1.14665,1.146675,-1,1.00000000000211,2,13166
6E 09-26,1784306820000,1784309820000,1.1465,1.14645,1.146475,-1,1.00000000000211,1,13170
6E 09-26,1784307120000,1784310120000,1.1465,1.14645,1.146475,-1,1.00000000000211,2,13175
6E 09-26,1784307180000,1784310180000,1.1465,1.14645,1.146475,1,1.00000000000211,3,13176
6E 09-26,1784307300000,1784310300000,1.1466,1.14655,1.146575,-1,1.00000000000211,6,13178
6E 09-26,1784308020000,1784311020000,1.1463,1.14625,1.146275,-1,1.00000000000211,1,13190
6E 09-26,1784308380000,1784311380000,1.14615,1.1461,1.146125,-1,1.00000000000211,1,13196
6E 09-26,1784308440000,1784311440000,1.14615,1.1461,1.146125,-1,1.00000000000211,2,13197
6E 09-26,1784308500000,1784311500000,1.14615,1.1461,1.146125,-1,1.00000000000211,3,13198
6E 09-26,1784308680000,1784311680000,1.14615,1.1461,1.146125,-1,1.00000000000211,4,13201
6E 09-26,1784308860000,1784311860000,1.14605,1.146,1.146025,1,1.00000000000211,1,13204
6E 09-26,1784308920000,1784311920000,1.14615,1.1461,1.146125,1,1.00000000000211,5,13205
6E 09-26,1784309100000,1784312100000,1.14605,1.146,1.146025,1,1.00000000000211,2,13208
6E 09-26,1784309160000,1784312160000,1.14615,1.1461,1.146125,1,1.00000000000211,6,13209
6E 09-26,1784309220000,1784312220000,1.1462,1.14615,1.146175,-1,1.00000000000211,7,13210
6E 09-26,1784309580000,1784312580000,1.1462,1.14615,1.146175,1,1.00000000000211,8,13216
6E 09-26,1784310000000,1784313000000,1.14615,1.1461,1.146125,-1,1.00000000000211,9,13223
6E 09-26,1784310600000,1784313600000,1.14615,1.1461,1.146125,-1,1.00000000000211,10,13232
6E 09-26,1784310900000,1784313900000,1.14615,1.1461,1.146125,-1,1.00000000000211,11,13237
6E 09-26,1784311260000,1784314260000,1.14605,1.146,1.146025,1,1.00000000000211,3,13243
6E 09-26,1784311380000,1784314380000,1.14605,1.146,1.146025,-1,1.00000000000211,4,13245
6E 09-26,1784311920000,1784314920000,1.1462,1.14615,1.146175,-1,1.00000000000211,8,13254
6E 09-26,1784312100000,1784315100000,1.1462,1.14615,1.146175,-1,1.00000000000211,8,13257
6E 09-26,1784312160000,1784315160000,1.14615,1.1461,1.146125,-1,1.00000000000211,9,13258
6E 09-26,1784312220000,1784315220000,1.1462,1.14615,1.146175,1,1.00000000000211,10,13259
6E 09-26,1784312280000,1784315280000,1.1463,1.14625,1.146275,-1,1.00000000000211,1,13260
6E 09-26,1784312460000,1784315460000,1.1463,1.14625,1.146275,1,1.00000000000211,2,13263
6E 09-26,1784312940000,1784315940000,1.1463,1.14625,1.146275,1,1.00000000000211,3,13271
6E 09-26,1784313480000,1784316480000,1.1463,1.14625,1.146275,-1,1.00000000000211,4,13280
6E 09-26,1784313600000,1784316600000,1.1463,1.14625,1.146275,-1,1.00000000000211,5,13282
6E 09-26,1784314080000,1784317080000,1.1462,1.14615,1.146175,1,1.00000000000211,5,13289
6E 09-26,1784314260000,1784317260000,1.1462,1.14615,1.146175,1,1.00000000000211,6,13292
6E 09-26,1784314680000,1784317680000,1.1463,1.14625,1.146275,-1,1.00000000000211,6,13299
6E 09-26,1784314740000,1784317740000,1.1463,1.14625,1.146275,-1,1.00000000000211,7,13300
6E 09-26,1784315520000,1784318520000,1.1463,1.14625,1.146275,-1,1.00000000000211,8,13310
6E 09-26,1784315700000,1784318700000,1.1463,1.1462,1.14625,-1,1.99999999999978,10,13313
6E 09-26,1784315820000,1784318820000,1.1462,1.14615,1.146175,-1,1.00000000000211,4,13315
6E 09-26,1784315880000,1784318880000,1.1462,1.14615,1.146175,1,1.00000000000211,5,13316
6E 09-26,1784316000000,1784319000000,1.1462,1.14615,1.146175,-1,1.00000000000211,6,13318
6E 09-26,1784316240000,1784319240000,1.1463,1.14625,1.146275,-1,1.00000000000211,7,13322
6E 09-26,1784316840000,1784319840000,1.1463,1.14625,1.146275,-1,1.00000000000211,7,13332
6E 09-26,1784317020000,1784320020000,1.1463,1.14625,1.146275,-1,1.00000000000211,7,13335
6E 09-26,1784317500000,1784320500000,1.1465,1.14645,1.146475,-1,1.00000000000211,1,13343
6E 09-26,1784318280000,1784321280000,1.1467,1.14665,1.146675,-1,1.00000000000211,1,13356
6E 09-26,1784318700000,1784321700000,1.1468,1.1467,1.14675,1,1.99999999999978,2,13363
6E 09-26,1784318760000,1784321760000,1.1468,1.14675,1.146775,1,1.00000000000211,2,13364
6E 09-26,1784318820000,1784321820000,1.1468,1.14675,1.146775,-1,1.00000000000211,3,13365
6E 09-26,1784319000000,1784322000000,1.1467,1.14665,1.146675,-1,1.00000000000211,3,13368
6E 09-26,1784319120000,1784322120000,1.1467,1.14665,1.146675,-1,1.00000000000211,4,13370
6E 09-26,1784319480000,1784322480000,1.1466,1.14655,1.146575,-1,1.00000000000211,1,13376
6E 09-26,1784319540000,1784322540000,1.1466,1.14655,1.146575,1,1.00000000000211,2,13377
6E 09-26,1784319600000,1784322600000,1.1466,1.14655,1.146575,-1,1.00000000000211,3,13378
6E 09-26,1784319900000,1784322900000,1.1464,1.14635,1.146375,-1,1.00000000000211,1,13383
6E 09-26,1784320260000,1784323260000,1.1465,1.14645,1.146475,1,1.00000000000211,2,13387
6E 09-26,1784320380000,1784323380000,1.1464,1.14635,1.146375,-1,1.00000000000211,2,13389
6E 09-26,1784320500000,1784323500000,1.14645,1.14635,1.1464,-1,1.99999999999978,5,13391
6E 09-26,1784320560000,1784323560000,1.1464,1.14635,1.146375,-1,1.00000000000211,4,13392
6E 09-26,1784320620000,1784323620000,1.1464,1.14635,1.146375,1,1.00000000000211,5,13393
6E 09-26,1784320680000,1784323680000,1.1464,1.14635,1.146375,-1,1.00000000000211,6,13394
6E 09-26,1784320980000,1784323980000,1.1464,1.14635,1.146375,-1,1.00000000000211,7,13398
6E 09-26,1784321040000,1784324040000,1.1464,1.14635,1.146375,-1,1.00000000000211,8,13399
6E 09-26,1784321100000,1784324100000,1.1464,1.14635,1.146375,-1,1.00000000000211,9,13400
6E 09-26,1784321520000,1784324520000,1.1464,1.14635,1.146375,-1,1.00000000000211,10,13407
6E 09-26,1784321580000,1784324580000,1.1464,1.14635,1.146375,1,1.00000000000211,11,13408
6E 09-26,1784321880000,1784324880000,1.1464,1.14635,1.146375,1,1.00000000000211,12,13413
