# meta indicator=AACloseOpenDiffs,version=1.0,subseries=minute_1_always,anchor=boundary_prev_m1_close,overlap=point_in_time_at_birth,bar_spec_independent=true,instrument=6E,tick_size=5E-05,min_diff_ticks=1,extend_bars=50
event_seq,event_type,ts,unix_ms,zone_id,start_ms,end_ms,upper,lower,diff_ticks,direction,overlap_at_birth,m1_bar
0,ZONE_CREATED,2026-07-08 19:11:00.000,1783548660000,D000001,1783548660000,1783551660000,1.1448,1.14475,1,1,1,10
1,ZONE_CREATED,2026-07-08 19:13:00.000,1783548780000,D000002,1783548780000,1783551780000,1.1448,1.14475,1,-1,2,12
2,ZONE_CREATED,2026-07-08 19:14:00.000,1783548840000,D000003,1783548840000,1783551840000,1.1448,1.14475,1,1,3,13
3,ZONE_CREATED,2026-07-08 19:38:00.000,1783550280000,D000004,1783550280000,1783553280000,1.1449,1.14485,1,-1,1,36
4,ZONE_CREATED,2026-07-08 19:40:00.000,1783550400000,D000005,1783550400000,1783553400000,1.1449,1.14485,1,1,2,38
5,ZONE_CREATED,2026-07-08 19:41:00.000,1783550460000,D000006,1783550460000,1783553460000,1.1449,1.14485,1,-1,3,39
6,ZONE_CREATED,2026-07-08 19:43:00.000,1783550580000,D000007,1783550580000,1783553580000,1.14495,1.14485,2,-1,4,41
7,ZONE_CREATED,2026-07-08 19:44:00.000,1783550640000,D000008,1783550640000,1783553640000,1.1449,1.14485,1,-1,5,42
8,ZONE_CREATED,2026-07-08 19:50:00.000,1783551000000,D000009,1783551000000,1783554000000,1.1449,1.14485,1,1,6,48
9,ZONE_CREATED,2026-07-08 20:00:00.000,1783551600000,D000010,1783551600000,1783554600000,1.145,1.14495,1,-1,2,58
10,ZONE_CREATED,2026-07-08 20:03:00.000,1783551780000,D000011,1783551780000,1783554780000,1.145,1.14495,1,1,3,61
11,ZONE_CREATED,2026-07-08 20:05:00.000,1783551900000,D000012,1783551900000,1783554900000,1.145,1.14495,1,-1,4,63
12,ZONE_CREATED,2026-07-08 20:06:00.000,1783551960000,D000013,1783551960000,1783554960000,1.145,1.14495,1,-1,5,64
13,ZONE_CREATED,2026-07-08 20:21:00.000,1783552860000,D000014,1783552860000,1783555860000,1.1448,1.14475,1,1,1,79
14,ZONE_CREATED,2026-07-08 20:29:00.000,1783553340000,D000015,1783553340000,1783556340000,1.1449,1.14485,1,1,6,87
15,ZONE_CREATED,2026-07-08 20:30:00.000,1783553400000,D000016,1783553400000,1783556400000,1.1449,1.14485,1,-1,7,88
16,ZONE_CREATED,2026-07-08 20:37:00.000,1783553820000,D000017,1783553820000,1783556820000,1.145,1.14495,1,1,5,95
17,ZONE_CREATED,2026-07-08 20:45:00.000,1783554300000,D000018,1783554300000,1783557300000,1.14515,1.14505,2,-1,1,103
18,ZONE_CREATED,2026-07-08 20:57:00.000,1783555020000,D000019,1783555020000,1783558020000,1.1452,1.14515,1,1,2,115
19,ZONE_CREATED,2026-07-08 20:58:00.000,1783555080000,D000020,1783555080000,1783558080000,1.14525,1.1452,1,-1,2,116
20,ZONE_CREATED,2026-07-08 21:02:00.000,1783555320000,D000021,1783555320000,1783558320000,1.14535,1.1453,1,1,1,120
21,ZONE_CREATED,2026-07-08 21:08:00.000,1783555680000,D000022,1783555680000,1783558680000,1.14565,1.1456,1,-1,1,126
22,ZONE_CREATED,2026-07-08 21:12:00.000,1783555920000,D000023,1783555920000,1783558920000,1.14585,1.1458,1,1,1,130
23,ZONE_CREATED,2026-07-08 21:27:00.000,1783556820000,D000024,1783556820000,1783559820000,1.14575,1.1457,1,-1,1,145
24,ZONE_CREATED,2026-07-08 21:33:00.000,1783557180000,D000025,1783557180000,1783560180000,1.14605,1.146,1,1,1,151
25,ZONE_CREATED,2026-07-08 21:36:00.000,1783557360000,D000026,1783557360000,1783560360000,1.14595,1.1459,1,1,1,154
26,ZONE_CREATED,2026-07-08 21:37:00.000,1783557420000,D000027,1783557420000,1783560420000,1.14605,1.146,1,-1,2,155
27,ZONE_CREATED,2026-07-08 21:38:00.000,1783557480000,D000028,1783557480000,1783560480000,1.14595,1.1459,1,-1,2,156
28,ZONE_CREATED,2026-07-08 21:40:00.000,1783557600000,D000029,1783557600000,1783560600000,1.14595,1.1459,1,-1,3,158
29,ZONE_CREATED,2026-07-08 21:42:00.000,1783557720000,D000030,1783557720000,1783560720000,1.14595,1.1459,1,-1,4,160
30,ZONE_CREATED,2026-07-08 21:48:00.000,1783558080000,D000031,1783558080000,1783561080000,1.14565,1.14555,2,1,2,166
31,ZONE_CREATED,2026-07-08 21:50:00.000,1783558200000,D000032,1783558200000,1783561200000,1.14565,1.1456,1,-1,3,168
32,ZONE_CREATED,2026-07-08 21:53:00.000,1783558380000,D000033,1783558380000,1783561380000,1.14555,1.1455,1,1,2,171
33,ZONE_CREATED,2026-07-08 21:57:00.000,1783558620000,D000034,1783558620000,1783561620000,1.14555,1.1455,1,-1,3,175
34,ZONE_CREATED,2026-07-08 21:59:00.000,1783558740000,D000035,1783558740000,1783561740000,1.14565,1.1456,1,-1,3,177
35,ZONE_CREATED,2026-07-08 22:01:00.000,1783558860000,D000036,1783558860000,1783561860000,1.14565,1.1456,1,1,4,179
36,ZONE_CREATED,2026-07-08 22:03:00.000,1783558980000,D000037,1783558980000,1783561980000,1.14555,1.1455,1,1,4,181
37,ZONE_CREATED,2026-07-08 22:08:00.000,1783559280000,D000038,1783559280000,1783562280000,1.14555,1.1455,1,1,5,186
38,ZONE_CREATED,2026-07-08 22:14:00.000,1783559640000,D000039,1783559640000,1783562640000,1.14535,1.1453,1,1,1,192
39,ZONE_CREATED,2026-07-08 22:16:00.000,1783559760000,D000040,1783559760000,1783562760000,1.14545,1.1454,1,-1,1,194
40,ZONE_CREATED,2026-07-08 22:20:00.000,1783560000000,D000041,1783560000000,1783563000000,1.14545,1.14535,2,1,3,198
41,ZONE_CREATED,2026-07-08 22:24:00.000,1783560240000,D000042,1783560240000,1783563240000,1.14535,1.1453,1,1,3,202
42,ZONE_CREATED,2026-07-08 22:27:00.000,1783560420000,D000043,1783560420000,1783563420000,1.14535,1.1453,1,-1,4,205
43,ZONE_CREATED,2026-07-08 22:29:00.000,1783560540000,D000044,1783560540000,1783563540000,1.14525,1.1452,1,1,1,207
44,ZONE_CREATED,2026-07-08 22:30:00.000,1783560600000,D000045,1783560600000,1783563600000,1.14525,1.1452,1,1,2,208
45,ZONE_CREATED,2026-07-08 22:31:00.000,1783560660000,D000046,1783560660000,1783563660000,1.1452,1.14515,1,1,3,209
46,ZONE_CREATED,2026-07-08 22:34:00.000,1783560840000,D000047,1783560840000,1783563840000,1.1453,1.1452,2,1,7,212
47,ZONE_CREATED,2026-07-08 22:36:00.000,1783560960000,D000048,1783560960000,1783563960000,1.14535,1.1453,1,-1,6,214
48,ZONE_CREATED,2026-07-08 22:38:00.000,1783561080000,D000049,1783561080000,1783564080000,1.14555,1.1455,1,-1,6,216
49,ZONE_CREATED,2026-07-08 22:39:00.000,1783561140000,D000050,1783561140000,1783564140000,1.14555,1.1455,1,-1,6,217
50,ZONE_CREATED,2026-07-08 22:48:00.000,1783561680000,D000051,1783561680000,1783564680000,1.1452,1.14515,1,1,5,226
51,ZONE_CREATED,2026-07-08 22:56:00.000,1783562160000,D000052,1783562160000,1783565160000,1.14535,1.1453,1,-1,7,234
52,ZONE_CREATED,2026-07-08 22:57:00.000,1783562220000,D000053,1783562220000,1783565220000,1.14535,1.1453,1,1,8,235
53,ZONE_CREATED,2026-07-08 23:00:00.000,1783562400000,D000054,1783562400000,1783565400000,1.14565,1.1456,1,1,1,238
54,ZONE_CREATED,2026-07-08 23:02:00.000,1783562520000,D000055,1783562520000,1783565520000,1.14565,1.1456,1,1,2,240
55,ZONE_CREATED,2026-07-08 23:04:00.000,1783562640000,D000056,1783562640000,1783565640000,1.14575,1.1457,1,1,1,242
56,ZONE_CREATED,2026-07-08 23:05:00.000,1783562700000,D000057,1783562700000,1783565700000,1.14575,1.1457,1,1,2,243
57,ZONE_CREATED,2026-07-08 23:08:00.000,1783562880000,D000058,1783562880000,1783565880000,1.14575,1.1457,1,1,3,246
58,ZONE_CREATED,2026-07-08 23:09:00.000,1783562940000,D000059,1783562940000,1783565940000,1.14585,1.1458,1,-1,1,247
59,ZONE_CREATED,2026-07-08 23:14:00.000,1783563240000,D000060,1783563240000,1783566240000,1.14575,1.1457,1,1,4,252
60,ZONE_CREATED,2026-07-08 23:22:00.000,1783563720000,D000061,1783563720000,1783566720000,1.14575,1.1457,1,-1,5,259
61,ZONE_CREATED,2026-07-08 23:23:00.000,1783563780000,D000062,1783563780000,1783566780000,1.14575,1.1457,1,1,6,260
62,ZONE_CREATED,2026-07-08 23:26:00.000,1783563960000,D000063,1783563960000,1783566960000,1.14575,1.1457,1,-1,7,263
63,ZONE_CREATED,2026-07-08 23:29:00.000,1783564140000,D000064,1783564140000,1783567140000,1.14575,1.1457,1,1,8,266
64,ZONE_CREATED,2026-07-08 23:42:00.000,1783564920000,D000065,1783564920000,1783567920000,1.14555,1.1455,1,1,1,278
65,ZONE_CREATED,2026-07-08 23:43:00.000,1783564980000,D000066,1783564980000,1783567980000,1.14555,1.1455,1,-1,2,279
66,ZONE_CREATED,2026-07-08 23:44:00.000,1783565040000,D000067,1783565040000,1783568040000,1.14555,1.1455,1,1,3,280
67,ZONE_CREATED,2026-07-08 23:46:00.000,1783565160000,D000068,1783565160000,1783568160000,1.14565,1.1456,1,1,3,281
68,ZONE_CREATED,2026-07-08 23:49:00.000,1783565340000,D000069,1783565340000,1783568340000,1.14575,1.1457,1,1,9,284
69,ZONE_CREATED,2026-07-08 23:50:00.000,1783565400000,D000070,1783565400000,1783568400000,1.14575,1.1457,1,-1,10,285
70,ZONE_CREATED,2026-07-08 23:51:00.000,1783565460000,D000071,1783565460000,1783568460000,1.14575,1.1457,1,-1,11,286
71,ZONE_CREATED,2026-07-08 23:52:00.000,1783565520000,D000072,1783565520000,1783568520000,1.14565,1.1456,1,-1,4,287
72,ZONE_CREATED,2026-07-08 23:53:00.000,1783565580000,D000073,1783565580000,1783568580000,1.14565,1.1456,1,1,5,288
73,ZONE_CREATED,2026-07-08 23:55:00.000,1783565700000,D000074,1783565700000,1783568700000,1.1456,1.1455,2,1,8,290
74,ZONE_CREATED,2026-07-08 23:58:00.000,1783565880000,D000075,1783565880000,1783568880000,1.14555,1.1455,1,-1,5,293
75,ZONE_CREATED,2026-07-08 23:59:00.000,1783565940000,D000076,1783565940000,1783568940000,1.14555,1.1455,1,1,6,294
76,ZONE_CREATED,2026-07-09 00:01:00.000,1783566060000,D000077,1783566060000,1783569060000,1.14555,1.1455,1,1,7,296
77,ZONE_CREATED,2026-07-09 00:09:00.000,1783566540000,D000078,1783566540000,1783569540000,1.14565,1.1456,1,1,5,301
78,ZONE_CREATED,2026-07-09 00:10:00.000,1783566600000,D000079,1783566600000,1783569600000,1.14565,1.1456,1,-1,6,302
79,ZONE_CREATED,2026-07-09 00:19:00.000,1783567140000,D000080,1783567140000,1783570140000,1.14545,1.1454,1,-1,1,311
80,ZONE_CREATED,2026-07-09 00:24:00.000,1783567440000,D000081,1783567440000,1783570440000,1.14545,1.1454,1,1,2,315
81,ZONE_CREATED,2026-07-09 00:27:00.000,1783567620000,D000082,1783567620000,1783570620000,1.14575,1.1457,1,-1,4,318
82,ZONE_CREATED,2026-07-09 00:29:00.000,1783567740000,D000083,1783567740000,1783570740000,1.14565,1.1456,1,1,7,320
83,ZONE_CREATED,2026-07-09 00:34:00.000,1783568040000,D000084,1783568040000,1783571040000,1.14605,1.146,1,-1,1,325
84,ZONE_CREATED,2026-07-09 00:47:00.000,1783568820000,D000085,1783568820000,1783571820000,1.14575,1.1457,1,-1,2,337
85,ZONE_CREATED,2026-07-09 00:52:00.000,1783569120000,D000086,1783569120000,1783572120000,1.14575,1.1457,1,1,3,342
86,ZONE_CREATED,2026-07-09 00:55:00.000,1783569300000,D000087,1783569300000,1783572300000,1.1459,1.1458,2,-1,1,345
87,ZONE_CREATED,2026-07-09 00:58:00.000,1783569480000,D000088,1783569480000,1783572480000,1.14575,1.1457,1,-1,4,348
88,ZONE_CREATED,2026-07-09 01:00:00.000,1783569600000,D000089,1783569600000,1783572600000,1.14575,1.1457,1,-1,5,350
89,ZONE_CREATED,2026-07-09 01:05:00.000,1783569900000,D000090,1783569900000,1783572900000,1.14575,1.14565,2,1,7,354
90,ZONE_CREATED,2026-07-09 01:09:00.000,1783570140000,D000091,1783570140000,1783573140000,1.14575,1.1457,1,1,7,356
91,ZONE_CREATED,2026-07-09 01:29:00.000,1783571340000,D000092,1783571340000,1783574340000,1.14565,1.1456,1,-1,2,375
92,ZONE_CREATED,2026-07-09 01:32:00.000,1783571520000,D000093,1783571520000,1783574520000,1.14565,1.1456,1,1,3,378
93,ZONE_CREATED,2026-07-09 01:39:00.000,1783571940000,D000094,1783571940000,1783574940000,1.14565,1.1456,1,1,4,384
94,ZONE_CREATED,2026-07-09 01:46:00.000,1783572360000,D000095,1783572360000,1783575360000,1.14565,1.1456,1,-1,5,390
95,ZONE_CREATED,2026-07-09 01:55:00.000,1783572900000,D000096,1783572900000,1783575900000,1.14575,1.1457,1,-1,5,396
96,ZONE_CREATED,2026-07-09 01:57:00.000,1783573020000,D000097,1783573020000,1783576020000,1.14575,1.1457,1,1,6,397
97,ZONE_CREATED,2026-07-09 01:59:00.000,1783573140000,D000098,1783573140000,1783576140000,1.14575,1.1457,1,1,7,398
98,ZONE_CREATED,2026-07-09 02:00:00.000,1783573200000,D000099,1783573200000,1783576200000,1.14575,1.1457,1,-1,7,399
99,ZONE_CREATED,2026-07-09 02:05:00.000,1783573500000,D000100,1783573500000,1783576500000,1.14575,1.1457,1,-1,7,404
100,ZONE_CREATED,2026-07-09 02:06:00.000,1783573560000,D000101,1783573560000,1783576560000,1.14575,1.1457,1,1,7,405
101,ZONE_CREATED,2026-07-09 02:13:00.000,1783573980000,D000102,1783573980000,1783576980000,1.14615,1.14605,2,1,1,411
102,ZONE_CREATED,2026-07-09 02:14:00.000,1783574040000,D000103,1783574040000,1783577040000,1.1462,1.14615,1,1,2,412
103,ZONE_CREATED,2026-07-09 02:17:00.000,1783574220000,D000104,1783574220000,1783577220000,1.14615,1.1461,1,1,3,415
104,ZONE_CREATED,2026-07-09 02:18:00.000,1783574280000,D000105,1783574280000,1783577280000,1.14615,1.1461,1,-1,4,416
105,ZONE_CREATED,2026-07-09 02:19:00.000,1783574340000,D000106,1783574340000,1783577340000,1.14605,1.146,1,-1,2,417
106,ZONE_CREATED,2026-07-09 02:26:00.000,1783574760000,D000107,1783574760000,1783577760000,1.1462,1.14615,1,1,5,424
107,ZONE_CREATED,2026-07-09 02:28:00.000,1783574880000,D000108,1783574880000,1783577880000,1.1462,1.14615,1,-1,6,426
108,ZONE_CREATED,2026-07-09 02:32:00.000,1783575120000,D000109,1783575120000,1783578120000,1.1462,1.14615,1,-1,7,430
109,ZONE_CREATED,2026-07-09 02:40:00.000,1783575600000,D000110,1783575600000,1783578600000,1.1464,1.14635,1,-1,1,438
110,ZONE_CREATED,2026-07-09 02:41:00.000,1783575660000,D000111,1783575660000,1783578660000,1.1463,1.14625,1,-1,1,439
111,ZONE_CREATED,2026-07-09 02:51:00.000,1783576260000,D000112,1783576260000,1783579260000,1.1464,1.14635,1,-1,2,449
112,ZONE_CREATED,2026-07-09 02:53:00.000,1783576380000,D000113,1783576380000,1783579380000,1.1463,1.14625,1,1,2,451
113,ZONE_CREATED,2026-07-09 02:58:00.000,1783576680000,D000114,1783576680000,1783579680000,1.1462,1.14615,1,1,8,456
114,ZONE_CREATED,2026-07-09 03:02:00.000,1783576920000,D000115,1783576920000,1783579920000,1.1465,1.14645,1,-1,1,460
115,ZONE_CREATED,2026-07-09 03:04:00.000,1783577040000,D000116,1783577040000,1783580040000,1.1466,1.14655,1,-1,1,462
116,ZONE_CREATED,2026-07-09 03:12:00.000,1783577520000,D000117,1783577520000,1783580520000,1.1465,1.14645,1,-1,2,470
117,ZONE_CREATED,2026-07-09 03:13:00.000,1783577580000,D000118,1783577580000,1783580580000,1.1465,1.14645,1,-1,3,471
118,ZONE_CREATED,2026-07-09 03:14:00.000,1783577640000,D000119,1783577640000,1783580640000,1.1465,1.14645,1,-1,4,472
119,ZONE_CREATED,2026-07-09 03:15:00.000,1783577700000,D000120,1783577700000,1783580700000,1.1465,1.14645,1,-1,5,473
120,ZONE_CREATED,2026-07-09 03:16:00.000,1783577760000,D000121,1783577760000,1783580760000,1.14665,1.14655,2,1,2,474
121,ZONE_CREATED,2026-07-09 03:23:00.000,1783578180000,D000122,1783578180000,1783581180000,1.14725,1.1472,1,-1,1,481
122,ZONE_CREATED,2026-07-09 03:30:00.000,1783578600000,D000123,1783578600000,1783581600000,1.14775,1.1477,1,-1,1,488
123,ZONE_CREATED,2026-07-09 03:40:00.000,1783579200000,D000124,1783579200000,1783582200000,1.14755,1.1475,1,-1,1,498
124,ZONE_CREATED,2026-07-09 03:41:00.000,1783579260000,D000125,1783579260000,1783582260000,1.14735,1.1473,1,-1,1,499
125,ZONE_CREATED,2026-07-09 03:45:00.000,1783579500000,D000126,1783579500000,1783582500000,1.14765,1.1476,1,1,1,503
126,ZONE_CREATED,2026-07-09 03:50:00.000,1783579800000,D000127,1783579800000,1783582800000,1.14745,1.1474,1,-1,1,508
127,ZONE_CREATED,2026-07-09 03:52:00.000,1783579920000,D000128,1783579920000,1783582920000,1.14745,1.1474,1,1,2,510
128,ZONE_CREATED,2026-07-09 03:54:00.000,1783580040000,D000129,1783580040000,1783583040000,1.14725,1.1472,1,1,2,512
129,ZONE_CREATED,2026-07-09 03:58:00.000,1783580280000,D000130,1783580280000,1783583280000,1.1471,1.14705,1,1,1,516
130,ZONE_CREATED,2026-07-09 04:03:00.000,1783580580000,D000131,1783580580000,1783583580000,1.1471,1.14705,1,-1,2,521
131,ZONE_CREATED,2026-07-09 04:05:00.000,1783580700000,D000132,1783580700000,1783583700000,1.147,1.1469,2,-1,1,523
132,ZONE_CREATED,2026-07-09 04:12:00.000,1783581120000,D000133,1783581120000,1783584120000,1.1468,1.14675,1,1,1,530
133,ZONE_CREATED,2026-07-09 04:18:00.000,1783581480000,D000134,1783581480000,1783584480000,1.1467,1.14665,1,1,1,536
134,ZONE_CREATED,2026-07-09 04:24:00.000,1783581840000,D000135,1783581840000,1783584840000,1.1468,1.14675,1,-1,2,542
135,ZONE_CREATED,2026-07-09 04:26:00.000,1783581960000,D000136,1783581960000,1783584960000,1.1468,1.14675,1,-1,3,544
136,ZONE_CREATED,2026-07-09 04:28:00.000,1783582080000,D000137,1783582080000,1783585080000,1.1468,1.14675,1,1,4,546
137,ZONE_CREATED,2026-07-09 04:40:00.000,1783582800000,D000138,1783582800000,1783585800000,1.1467,1.14665,1,-1,2,558
138,ZONE_CREATED,2026-07-09 04:43:00.000,1783582980000,D000139,1783582980000,1783585980000,1.1466,1.14655,1,1,1,561
139,ZONE_CREATED,2026-07-09 04:49:00.000,1783583340000,D000140,1783583340000,1783586340000,1.1465,1.14645,1,1,1,567
140,ZONE_CREATED,2026-07-09 04:53:00.000,1783583580000,D000141,1783583580000,1783586580000,1.1465,1.14645,1,1,2,571
141,ZONE_CREATED,2026-07-09 04:55:00.000,1783583700000,D000142,1783583700000,1783586700000,1.1465,1.14645,1,-1,3,573
142,ZONE_CREATED,2026-07-09 05:03:00.000,1783584180000,D000143,1783584180000,1783587180000,1.1465,1.14645,1,1,4,581
143,ZONE_CREATED,2026-07-09 05:05:00.000,1783584300000,D000144,1783584300000,1783587300000,1.1466,1.14655,1,1,2,583
144,ZONE_CREATED,2026-07-09 05:10:00.000,1783584600000,D000145,1783584600000,1783587600000,1.1468,1.14675,1,1,4,588
145,ZONE_CREATED,2026-07-09 05:20:00.000,1783585200000,D000146,1783585200000,1783588200000,1.1468,1.14675,1,1,2,598
146,ZONE_CREATED,2026-07-09 05:32:00.000,1783585920000,D000147,1783585920000,1783588920000,1.1467,1.14665,1,-1,1,610
147,ZONE_CREATED,2026-07-09 05:35:00.000,1783586100000,D000148,1783586100000,1783589100000,1.1465,1.14645,1,1,5,613
148,ZONE_CREATED,2026-07-09 05:39:00.000,1783586340000,D000149,1783586340000,1783589340000,1.1465,1.14645,1,-1,6,617
149,ZONE_CREATED,2026-07-09 05:44:00.000,1783586640000,D000150,1783586640000,1783589640000,1.1462,1.14615,1,1,1,622
150,ZONE_CREATED,2026-07-09 05:45:00.000,1783586700000,D000151,1783586700000,1783589700000,1.1463,1.14625,1,-1,1,623
151,ZONE_CREATED,2026-07-09 05:48:00.000,1783586880000,D000152,1783586880000,1783589880000,1.14605,1.146,1,1,1,626
152,ZONE_CREATED,2026-07-09 06:03:00.000,1783587780000,D000153,1783587780000,1783590780000,1.14585,1.1458,1,1,1,641
153,ZONE_CREATED,2026-07-09 06:04:00.000,1783587840000,D000154,1783587840000,1783590840000,1.14585,1.1458,1,-1,2,642
154,ZONE_CREATED,2026-07-09 06:06:00.000,1783587960000,D000155,1783587960000,1783590960000,1.14585,1.14575,2,-1,3,644
155,ZONE_CREATED,2026-07-09 06:09:00.000,1783588140000,D000156,1783588140000,1783591140000,1.14565,1.1456,1,-1,1,647
156,ZONE_CREATED,2026-07-09 06:11:00.000,1783588260000,D000157,1783588260000,1783591260000,1.14565,1.1456,1,-1,2,649
157,ZONE_CREATED,2026-07-09 06:12:00.000,1783588320000,D000158,1783588320000,1783591320000,1.14565,1.1456,1,1,3,650
158,ZONE_CREATED,2026-07-09 06:15:00.000,1783588500000,D000159,1783588500000,1783591500000,1.14565,1.1456,1,1,4,653
159,ZONE_CREATED,2026-07-09 06:17:00.000,1783588620000,D000160,1783588620000,1783591620000,1.14565,1.1456,1,1,5,655
160,ZONE_CREATED,2026-07-09 06:18:00.000,1783588680000,D000161,1783588680000,1783591680000,1.14575,1.1457,1,1,2,656
161,ZONE_CREATED,2026-07-09 06:26:00.000,1783589160000,D000162,1783589160000,1783592160000,1.14565,1.1456,1,-1,6,664
162,ZONE_CREATED,2026-07-09 06:28:00.000,1783589280000,D000163,1783589280000,1783592280000,1.14585,1.1458,1,1,4,666
163,ZONE_CREATED,2026-07-09 06:38:00.000,1783589880000,D000164,1783589880000,1783592880000,1.14575,1.1457,1,-1,3,676
164,ZONE_CREATED,2026-07-09 06:42:00.000,1783590120000,D000165,1783590120000,1783593120000,1.14565,1.1456,1,-1,7,680
165,ZONE_CREATED,2026-07-09 06:48:00.000,1783590480000,D000166,1783590480000,1783593480000,1.14575,1.1457,1,-1,4,686
166,ZONE_CREATED,2026-07-09 06:57:00.000,1783591020000,D000167,1783591020000,1783594020000,1.14595,1.1459,1,1,1,695
167,ZONE_CREATED,2026-07-09 06:59:00.000,1783591140000,D000168,1783591140000,1783594140000,1.1462,1.1461,2,-1,1,697
168,ZONE_CREATED,2026-07-09 07:02:00.000,1783591320000,D000169,1783591320000,1783594320000,1.14595,1.14585,2,1,3,700
169,ZONE_CREATED,2026-07-09 07:04:00.000,1783591440000,D000170,1783591440000,1783594440000,1.14595,1.1459,1,1,3,702
170,ZONE_CREATED,2026-07-09 07:05:00.000,1783591500000,D000171,1783591500000,1783594500000,1.14595,1.1459,1,1,4,703
171,ZONE_CREATED,2026-07-09 07:06:00.000,1783591560000,D000172,1783591560000,1783594560000,1.14585,1.1458,1,-1,3,704
172,ZONE_CREATED,2026-07-09 07:07:00.000,1783591620000,D000173,1783591620000,1783594620000,1.14595,1.1459,1,-1,5,705
173,ZONE_CREATED,2026-07-09 07:10:00.000,1783591800000,D000174,1783591800000,1783594800000,1.14595,1.1459,1,-1,6,708
174,ZONE_CREATED,2026-07-09 07:16:00.000,1783592160000,D000175,1783592160000,1783595160000,1.14595,1.1459,1,1,7,714
175,ZONE_CREATED,2026-07-09 07:23:00.000,1783592580000,D000176,1783592580000,1783595580000,1.14585,1.1458,1,-1,3,721
176,ZONE_CREATED,2026-07-09 07:24:00.000,1783592640000,D000177,1783592640000,1783595640000,1.14575,1.1457,1,1,3,722
177,ZONE_CREATED,2026-07-09 07:25:00.000,1783592700000,D000178,1783592700000,1783595700000,1.14575,1.1457,1,-1,4,723
178,ZONE_CREATED,2026-07-09 07:28:00.000,1783592880000,D000179,1783592880000,1783595880000,1.14575,1.1457,1,1,5,726
179,ZONE_CREATED,2026-07-09 07:31:00.000,1783593060000,D000180,1783593060000,1783596060000,1.14575,1.14565,2,1,6,729
180,ZONE_CREATED,2026-07-09 07:33:00.000,1783593180000,D000181,1783593180000,1783596180000,1.14585,1.1458,1,1,4,731
181,ZONE_CREATED,2026-07-09 07:36:00.000,1783593360000,D000182,1783593360000,1783596360000,1.14615,1.1461,1,1,2,734
182,ZONE_CREATED,2026-07-09 07:38:00.000,1783593480000,D000183,1783593480000,1783596480000,1.14615,1.1461,1,1,3,736
183,ZONE_CREATED,2026-07-09 07:48:00.000,1783594080000,D000184,1783594080000,1783597080000,1.14585,1.1458,1,-1,5,746
184,ZONE_CREATED,2026-07-09 07:56:00.000,1783594560000,D000185,1783594560000,1783597560000,1.14535,1.1453,1,1,1,754
185,ZONE_CREATED,2026-07-09 08:00:00.000,1783594800000,D000186,1783594800000,1783597800000,1.1454,1.1453,2,1,2,758
186,ZONE_CREATED,2026-07-09 08:05:00.000,1783595100000,D000187,1783595100000,1783598100000,1.14535,1.1453,1,-1,3,763
187,ZONE_CREATED,2026-07-09 08:12:00.000,1783595520000,D000188,1783595520000,1783598520000,1.14545,1.1454,1,1,2,770
188,ZONE_CREATED,2026-07-09 08:13:00.000,1783595580000,D000189,1783595580000,1783598580000,1.14555,1.1455,1,-1,1,771
189,ZONE_CREATED,2026-07-09 08:17:00.000,1783595820000,D000190,1783595820000,1783598820000,1.14565,1.1456,1,1,2,775
190,ZONE_CREATED,2026-07-09 08:20:00.000,1783596000000,D000191,1783596000000,1783599000000,1.14555,1.1455,1,-1,2,778
191,ZONE_CREATED,2026-07-09 08:22:00.000,1783596120000,D000192,1783596120000,1783599120000,1.14545,1.1454,1,-1,3,780
192,ZONE_CREATED,2026-07-09 08:23:00.000,1783596180000,D000193,1783596180000,1783599180000,1.14545,1.1454,1,1,4,781
193,ZONE_CREATED,2026-07-09 08:26:00.000,1783596360000,D000194,1783596360000,1783599360000,1.14545,1.1454,1,-1,5,784
194,ZONE_CREATED,2026-07-09 08:29:00.000,1783596540000,D000195,1783596540000,1783599540000,1.14555,1.1455,1,-1,3,787
195,ZONE_CREATED,2026-07-09 08:31:00.000,1783596660000,D000196,1783596660000,1783599660000,1.14535,1.1453,1,1,4,789
196,ZONE_CREATED,2026-07-09 08:33:00.000,1783596780000,D000197,1783596780000,1783599780000,1.14555,1.1455,1,-1,4,791
197,ZONE_CREATED,2026-07-09 08:34:00.000,1783596840000,D000198,1783596840000,1783599840000,1.14555,1.1455,1,1,5,792
198,ZONE_CREATED,2026-07-09 08:41:00.000,1783597260000,D000199,1783597260000,1783600260000,1.14565,1.1456,1,1,2,799
199,ZONE_CREATED,2026-07-09 08:54:00.000,1783598040000,D000200,1783598040000,1783601040000,1.14595,1.1459,1,-1,1,812
200,ZONE_CREATED,2026-07-09 09:08:00.000,1783598880000,D000201,1783598880000,1783601880000,1.1464,1.14635,1,1,1,826
201,ZONE_CREATED,2026-07-09 09:10:00.000,1783599000000,D000202,1783599000000,1783602000000,1.1465,1.14645,1,-1,1,828
202,ZONE_CREATED,2026-07-09 09:11:00.000,1783599060000,D000203,1783599060000,1783602060000,1.1466,1.14655,1,-1,1,829
203,ZONE_CREATED,2026-07-09 09:18:00.000,1783599480000,D000204,1783599480000,1783602480000,1.1465,1.14645,1,-1,2,836
204,ZONE_CREATED,2026-07-09 09:20:00.000,1783599600000,D000205,1783599600000,1783602600000,1.1465,1.14645,1,-1,3,838
205,ZONE_CREATED,2026-07-09 09:33:00.000,1783600380000,D000206,1783600380000,1783603380000,1.1465,1.14645,1,-1,4,851
206,ZONE_CREATED,2026-07-09 09:34:00.000,1783600440000,D000207,1783600440000,1783603440000,1.1465,1.14645,1,-1,5,852
207,ZONE_CREATED,2026-07-09 09:38:00.000,1783600680000,D000208,1783600680000,1783603680000,1.1463,1.14625,1,1,1,856
208,ZONE_CREATED,2026-07-09 09:42:00.000,1783600920000,D000209,1783600920000,1783603920000,1.14605,1.146,1,-1,1,860
209,ZONE_CREATED,2026-07-09 09:48:00.000,1783601280000,D000210,1783601280000,1783604280000,1.14585,1.1458,1,-1,1,866
210,ZONE_CREATED,2026-07-09 09:58:00.000,1783601880000,D000211,1783601880000,1783604880000,1.14565,1.1456,1,-1,1,876
211,ZONE_CREATED,2026-07-09 09:59:00.000,1783601940000,D000212,1783601940000,1783604940000,1.14545,1.1454,1,1,1,877
212,ZONE_CREATED,2026-07-09 10:03:00.000,1783602180000,D000213,1783602180000,1783605180000,1.14575,1.1457,1,1,1,881
213,ZONE_CREATED,2026-07-09 10:04:00.000,1783602240000,D000214,1783602240000,1783605240000,1.14575,1.1457,1,-1,2,882
214,ZONE_CREATED,2026-07-09 10:09:00.000,1783602540000,D000215,1783602540000,1783605540000,1.14605,1.146,1,1,2,887
215,ZONE_CREATED,2026-07-09 10:10:00.000,1783602600000,D000216,1783602600000,1783605600000,1.14605,1.146,1,1,3,888
216,ZONE_CREATED,2026-07-09 10:18:00.000,1783603080000,D000217,1783603080000,1783606080000,1.1466,1.14655,1,-1,1,896
217,ZONE_CREATED,2026-07-09 10:20:00.000,1783603200000,D000218,1783603200000,1783606200000,1.1463,1.14625,1,-1,2,898
218,ZONE_CREATED,2026-07-09 10:23:00.000,1783603380000,D000219,1783603380000,1783606380000,1.1463,1.1462,2,1,3,901
219,ZONE_CREATED,2026-07-09 10:31:00.000,1783603860000,D000220,1783603860000,1783606860000,1.1466,1.14655,1,1,2,909
220,ZONE_CREATED,2026-07-09 10:32:00.000,1783603920000,D000221,1783603920000,1783606920000,1.1463,1.14625,1,1,3,910
221,ZONE_CREATED,2026-07-09 10:33:00.000,1783603980000,D000222,1783603980000,1783606980000,1.1464,1.14635,1,-1,1,911
222,ZONE_CREATED,2026-07-09 10:38:00.000,1783604280000,D000223,1783604280000,1783607280000,1.1464,1.14635,1,-1,2,916
223,ZONE_CREATED,2026-07-09 10:40:00.000,1783604400000,D000224,1783604400000,1783607400000,1.1463,1.14625,1,-1,4,918
224,ZONE_CREATED,2026-07-09 10:51:00.000,1783605060000,D000225,1783605060000,1783608060000,1.1467,1.14665,1,-1,1,929
225,ZONE_CREATED,2026-07-09 10:52:00.000,1783605120000,D000226,1783605120000,1783608120000,1.1468,1.14675,1,-1,1,930
226,ZONE_CREATED,2026-07-09 10:59:00.000,1783605540000,D000227,1783605540000,1783608540000,1.1469,1.14685,1,-1,1,937
227,ZONE_CREATED,2026-07-09 11:00:00.000,1783605600000,D000228,1783605600000,1783608600000,1.147,1.14695,1,1,1,938
228,ZONE_CREATED,2026-07-09 11:02:00.000,1783605720000,D000229,1783605720000,1783608720000,1.14735,1.1473,1,-1,1,940
229,ZONE_CREATED,2026-07-09 11:04:00.000,1783605840000,D000230,1783605840000,1783608840000,1.14755,1.1475,1,1,1,942
230,ZONE_CREATED,2026-07-09 11:06:00.000,1783605960000,D000231,1783605960000,1783608960000,1.14755,1.1475,1,-1,2,944
231,ZONE_CREATED,2026-07-09 11:08:00.000,1783606080000,D000232,1783606080000,1783609080000,1.1472,1.14715,1,1,1,946
232,ZONE_CREATED,2026-07-09 11:09:00.000,1783606140000,D000233,1783606140000,1783609140000,1.14725,1.1472,1,1,2,947
233,ZONE_CREATED,2026-07-09 11:19:00.000,1783606740000,D000234,1783606740000,1783609740000,1.1468,1.14675,1,-1,2,957
234,ZONE_CREATED,2026-07-09 11:28:00.000,1783607280000,D000235,1783607280000,1783610280000,1.147,1.14695,1,1,2,966
235,ZONE_CREATED,2026-07-09 11:29:00.000,1783607340000,D000236,1783607340000,1783610340000,1.147,1.14695,1,1,3,967
236,ZONE_CREATED,2026-07-09 11:33:00.000,1783607580000,D000237,1783607580000,1783610580000,1.1468,1.14675,1,1,3,971
237,ZONE_CREATED,2026-07-09 11:36:00.000,1783607760000,D000238,1783607760000,1783610760000,1.14725,1.1472,1,1,3,974
238,ZONE_CREATED,2026-07-09 11:37:00.000,1783607820000,D000239,1783607820000,1783610820000,1.1471,1.14705,1,-1,1,975
239,ZONE_CREATED,2026-07-09 11:45:00.000,1783608300000,D000240,1783608300000,1783611300000,1.1467,1.14665,1,1,1,983
240,ZONE_CREATED,2026-07-09 11:50:00.000,1783608600000,D000241,1783608600000,1783611600000,1.1466,1.1465,2,1,1,988
241,ZONE_CREATED,2026-07-09 11:58:00.000,1783609080000,D000242,1783609080000,1783612080000,1.1463,1.14625,1,1,1,996
242,ZONE_CREATED,2026-07-09 12:05:00.000,1783609500000,D000243,1783609500000,1783612500000,1.14615,1.1461,1,1,1,1003
243,ZONE_CREATED,2026-07-09 12:14:00.000,1783610040000,D000244,1783610040000,1783613040000,1.14615,1.1461,1,-1,2,1012
244,ZONE_CREATED,2026-07-09 12:15:00.000,1783610100000,D000245,1783610100000,1783613100000,1.1462,1.14615,1,1,3,1013
245,ZONE_CREATED,2026-07-09 12:17:00.000,1783610220000,D000246,1783610220000,1783613220000,1.14615,1.1461,1,-1,4,1015
246,ZONE_CREATED,2026-07-09 12:19:00.000,1783610340000,D000247,1783610340000,1783613340000,1.14615,1.1461,1,1,5,1017
247,ZONE_CREATED,2026-07-09 12:23:00.000,1783610580000,D000248,1783610580000,1783613580000,1.14615,1.1461,1,-1,6,1021
248,ZONE_CREATED,2026-07-09 12:26:00.000,1783610760000,D000249,1783610760000,1783613760000,1.1463,1.14625,1,1,2,1024
249,ZONE_CREATED,2026-07-09 12:28:00.000,1783610880000,D000250,1783610880000,1783613880000,1.1465,1.1464,2,-1,2,1026
250,ZONE_CREATED,2026-07-09 12:30:00.000,1783611000000,D000251,1783611000000,1783614000000,1.1464,1.14635,1,-1,2,1028
251,ZONE_CREATED,2026-07-09 12:37:00.000,1783611420000,D000252,1783611420000,1783614420000,1.1462,1.14615,1,1,7,1035
252,ZONE_CREATED,2026-07-09 12:38:00.000,1783611480000,D000253,1783611480000,1783614480000,1.1462,1.14615,1,1,8,1036
253,ZONE_CREATED,2026-07-09 12:47:00.000,1783612020000,D000254,1783612020000,1783615020000,1.1469,1.14685,1,-1,1,1045
254,ZONE_CREATED,2026-07-09 12:48:00.000,1783612080000,D000255,1783612080000,1783615080000,1.1468,1.1467,2,-1,1,1046
255,ZONE_CREATED,2026-07-09 13:03:00.000,1783612980000,D000256,1783612980000,1783615980000,1.147,1.14695,1,1,1,1061
256,ZONE_CREATED,2026-07-09 13:15:00.000,1783613700000,D000257,1783613700000,1783616700000,1.147,1.14695,1,-1,2,1073
257,ZONE_CREATED,2026-07-09 13:19:00.000,1783613940000,D000258,1783613940000,1783616940000,1.1468,1.14675,1,1,2,1077
258,ZONE_CREATED,2026-07-09 13:22:00.000,1783614120000,D000259,1783614120000,1783617120000,1.1467,1.14665,1,1,2,1080
259,ZONE_CREATED,2026-07-09 13:43:00.000,1783615380000,D000260,1783615380000,1783618380000,1.147,1.14695,1,1,3,1101
260,ZONE_CREATED,2026-07-09 13:48:00.000,1783615680000,D000261,1783615680000,1783618680000,1.1471,1.14705,1,1,1,1106
261,ZONE_CREATED,2026-07-09 13:52:00.000,1783615920000,D000262,1783615920000,1783618920000,1.147,1.14695,1,1,4,1110
262,ZONE_CREATED,2026-07-09 13:53:00.000,1783615980000,D000263,1783615980000,1783618980000,1.147,1.14695,1,-1,5,1111
263,ZONE_CREATED,2026-07-09 13:56:00.000,1783616160000,D000264,1783616160000,1783619160000,1.1469,1.14685,1,-1,1,1114
264,ZONE_CREATED,2026-07-09 13:58:00.000,1783616280000,D000265,1783616280000,1783619280000,1.1467,1.14665,1,1,2,1116
265,ZONE_CREATED,2026-07-09 14:03:00.000,1783616580000,D000266,1783616580000,1783619580000,1.1467,1.14665,1,-1,3,1121
266,ZONE_CREATED,2026-07-09 14:13:00.000,1783617180000,D000267,1783617180000,1783620180000,1.1466,1.14655,1,-1,1,1131
267,ZONE_CREATED,2026-07-09 14:15:00.000,1783617300000,D000268,1783617300000,1783620300000,1.1467,1.14665,1,-1,3,1133
268,ZONE_CREATED,2026-07-09 14:18:00.000,1783617480000,D000269,1783617480000,1783620480000,1.1468,1.14675,1,1,1,1136
269,ZONE_CREATED,2026-07-09 14:19:00.000,1783617540000,D000270,1783617540000,1783620540000,1.1469,1.14685,1,1,2,1137
270,ZONE_CREATED,2026-07-09 14:27:00.000,1783618020000,D000271,1783618020000,1783621020000,1.147,1.14695,1,-1,4,1145
271,ZONE_CREATED,2026-07-09 14:31:00.000,1783618260000,D000272,1783618260000,1783621260000,1.1471,1.14705,1,-1,2,1149
272,ZONE_CREATED,2026-07-09 14:38:00.000,1783618680000,D000273,1783618680000,1783621680000,1.1469,1.14685,1,1,3,1156
273,ZONE_CREATED,2026-07-09 14:50:00.000,1783619400000,D000274,1783619400000,1783622400000,1.1468,1.14675,1,1,2,1168
274,ZONE_CREATED,2026-07-09 14:53:00.000,1783619580000,D000275,1783619580000,1783622580000,1.1468,1.14675,1,-1,3,1170
275,ZONE_CREATED,2026-07-09 14:54:00.000,1783619640000,D000276,1783619640000,1783622640000,1.1468,1.14675,1,-1,4,1171
276,ZONE_CREATED,2026-07-09 14:56:00.000,1783619760000,D000277,1783619760000,1783622760000,1.1468,1.14675,1,1,5,1173
277,ZONE_CREATED,2026-07-09 14:59:00.000,1783619940000,D000278,1783619940000,1783622940000,1.1468,1.14675,1,1,6,1176
278,ZONE_CREATED,2026-07-09 15:04:00.000,1783620240000,D000279,1783620240000,1783623240000,1.1467,1.14665,1,-1,2,1181
279,ZONE_CREATED,2026-07-09 15:10:00.000,1783620600000,D000280,1783620600000,1783623600000,1.1467,1.14665,1,1,2,1187
280,ZONE_CREATED,2026-07-09 15:11:00.000,1783620660000,D000281,1783620660000,1783623660000,1.1467,1.14665,1,-1,3,1188
281,ZONE_CREATED,2026-07-09 15:13:00.000,1783620780000,D000282,1783620780000,1783623780000,1.1466,1.14655,1,1,1,1190
282,ZONE_CREATED,2026-07-09 15:14:00.000,1783620840000,D000283,1783620840000,1783623840000,1.1466,1.14655,1,1,2,1191
283,ZONE_CREATED,2026-07-09 15:15:00.000,1783620900000,D000284,1783620900000,1783623900000,1.1466,1.14655,1,1,3,1192
284,ZONE_CREATED,2026-07-09 15:17:00.000,1783621020000,D000285,1783621020000,1783624020000,1.1466,1.14655,1,-1,4,1194
285,ZONE_CREATED,2026-07-09 15:19:00.000,1783621140000,D000286,1783621140000,1783624140000,1.1465,1.14645,1,-1,1,1196
286,ZONE_CREATED,2026-07-09 15:26:00.000,1783621560000,D000287,1783621560000,1783624560000,1.1464,1.14635,1,1,1,1203
287,ZONE_CREATED,2026-07-09 15:36:00.000,1783622160000,D000288,1783622160000,1783625160000,1.1463,1.14625,1,-1,1,1213
288,ZONE_CREATED,2026-07-09 15:46:00.000,1783622760000,D000289,1783622760000,1783625760000,1.1463,1.14625,1,-1,2,1223
289,ZONE_CREATED,2026-07-09 15:49:00.000,1783622940000,D000290,1783622940000,1783625940000,1.1464,1.14635,1,1,2,1225
290,ZONE_CREATED,2026-07-09 15:52:00.000,1783623120000,D000291,1783623120000,1783626120000,1.1463,1.14625,1,1,3,1228
291,ZONE_CREATED,2026-07-09 15:53:00.000,1783623180000,D000292,1783623180000,1783626180000,1.1463,1.14625,1,-1,4,1229
292,ZONE_CREATED,2026-07-09 15:55:00.000,1783623300000,D000293,1783623300000,1783626300000,1.1464,1.14635,1,1,3,1231
293,ZONE_CREATED,2026-07-09 15:56:00.000,1783623360000,D000294,1783623360000,1783626360000,1.1464,1.14635,1,-1,4,1232
294,ZONE_CREATED,2026-07-09 15:57:00.000,1783623420000,D000295,1783623420000,1783626420000,1.1464,1.14635,1,1,5,1233
295,ZONE_CREATED,2026-07-09 16:05:00.000,1783623900000,D000296,1783623900000,1783626900000,1.1463,1.14625,1,1,5,1241
296,ZONE_CREATED,2026-07-09 16:11:00.000,1783624260000,D000297,1783624260000,1783627260000,1.14615,1.1461,1,-1,1,1247
297,ZONE_CREATED,2026-07-09 16:15:00.000,1783624500000,D000298,1783624500000,1783627500000,1.1462,1.14615,1,1,2,1251
298,ZONE_CREATED,2026-07-09 16:17:00.000,1783624620000,D000299,1783624620000,1783627620000,1.1462,1.14615,1,-1,3,1253
299,ZONE_CREATED,2026-07-09 16:22:00.000,1783624920000,D000300,1783624920000,1783627920000,1.1462,1.14615,1,-1,4,1258
300,ZONE_CREATED,2026-07-09 16:23:00.000,1783624980000,D000301,1783624980000,1783627980000,1.1462,1.14615,1,1,5,1259
301,ZONE_CREATED,2026-07-09 16:24:00.000,1783625040000,D000302,1783625040000,1783628040000,1.1462,1.14615,1,-1,6,1260
302,ZONE_CREATED,2026-07-09 16:27:00.000,1783625220000,D000303,1783625220000,1783628220000,1.14595,1.14585,2,1,1,1263
303,ZONE_CREATED,2026-07-09 16:32:00.000,1783625520000,D000304,1783625520000,1783628520000,1.14585,1.1458,1,-1,2,1268
304,ZONE_CREATED,2026-07-09 16:33:00.000,1783625580000,D000305,1783625580000,1783628580000,1.14585,1.1458,1,1,3,1269
305,ZONE_CREATED,2026-07-09 16:39:00.000,1783625940000,D000306,1783625940000,1783628940000,1.14595,1.1459,1,1,2,1275
306,ZONE_CREATED,2026-07-09 16:41:00.000,1783626060000,D000307,1783626060000,1783629060000,1.14595,1.1459,1,1,3,1277
307,ZONE_CREATED,2026-07-09 16:47:00.000,1783626420000,D000308,1783626420000,1783629420000,1.14575,1.1457,1,-1,1,1283
308,ZONE_CREATED,2026-07-09 16:49:00.000,1783626540000,D000309,1783626540000,1783629540000,1.14575,1.1457,1,-1,2,1285
309,ZONE_CREATED,2026-07-09 16:50:00.000,1783626600000,D000310,1783626600000,1783629600000,1.14575,1.1457,1,-1,3,1286
310,ZONE_CREATED,2026-07-09 16:52:00.000,1783626720000,D000311,1783626720000,1783629720000,1.14575,1.1457,1,1,4,1288
311,ZONE_CREATED,2026-07-09 17:03:00.000,1783627380000,D000312,1783627380000,1783630380000,1.14585,1.1458,1,-1,4,1299
312,ZONE_CREATED,2026-07-09 17:06:00.000,1783627560000,D000313,1783627560000,1783630560000,1.14585,1.1458,1,1,5,1302
313,ZONE_CREATED,2026-07-09 17:09:00.000,1783627740000,D000314,1783627740000,1783630740000,1.14595,1.1459,1,1,4,1305
314,ZONE_CREATED,2026-07-09 17:14:00.000,1783628040000,D000315,1783628040000,1783631040000,1.14595,1.1459,1,1,5,1310
315,ZONE_CREATED,2026-07-09 17:16:00.000,1783628160000,D000316,1783628160000,1783631160000,1.14595,1.1459,1,1,6,1312
316,ZONE_CREATED,2026-07-09 17:27:00.000,1783628820000,D000317,1783628820000,1783631820000,1.14605,1.146,1,-1,1,1323
317,ZONE_CREATED,2026-07-09 17:31:00.000,1783629060000,D000318,1783629060000,1783632060000,1.14595,1.1459,1,-1,5,1327
318,ZONE_CREATED,2026-07-09 17:32:00.000,1783629120000,D000319,1783629120000,1783632120000,1.14595,1.1459,1,1,5,1328
319,ZONE_CREATED,2026-07-09 17:46:00.000,1783629960000,D000320,1783629960000,1783632960000,1.14595,1.1459,1,-1,6,1340
320,ZONE_CREATED,2026-07-09 17:50:00.000,1783630200000,D000321,1783630200000,1783633200000,1.14595,1.1459,1,-1,7,1344
321,ZONE_CREATED,2026-07-09 17:52:00.000,1783630320000,D000322,1783630320000,1783633320000,1.14595,1.1459,1,1,8,1346
322,ZONE_CREATED,2026-07-09 17:55:00.000,1783630500000,D000323,1783630500000,1783633500000,1.14595,1.1459,1,-1,9,1349
323,ZONE_CREATED,2026-07-09 17:57:00.000,1783630620000,D000324,1783630620000,1783633620000,1.14595,1.1459,1,-1,10,1351
324,ZONE_CREATED,2026-07-09 17:59:00.000,1783630740000,D000325,1783630740000,1783633740000,1.14605,1.146,1,-1,2,1353
325,ZONE_CREATED,2026-07-09 19:02:00.000,1783634520000,D000326,1783634520000,1783637520000,1.14595,1.1459,1,1,10,1356
326,ZONE_CREATED,2026-07-09 19:04:00.000,1783634640000,D000327,1783634640000,1783637640000,1.14605,1.146,1,1,3,1358
327,ZONE_CREATED,2026-07-09 19:08:00.000,1783634880000,D000328,1783634880000,1783637880000,1.1463,1.14625,1,-1,1,1361
328,ZONE_CREATED,2026-07-09 19:17:00.000,1783635420000,D000329,1783635420000,1783638420000,1.1463,1.14625,1,1,2,1368
329,ZONE_CREATED,2026-07-09 19:21:00.000,1783635660000,D000330,1783635660000,1783638660000,1.1463,1.14625,1,-1,3,1371
330,ZONE_CREATED,2026-07-09 19:28:00.000,1783636080000,D000331,1783636080000,1783639080000,1.1463,1.14625,1,-1,4,1375
331,ZONE_CREATED,2026-07-09 19:30:00.000,1783636200000,D000332,1783636200000,1783639200000,1.1463,1.14625,1,1,5,1377
332,ZONE_CREATED,2026-07-09 19:36:00.000,1783636560000,D000333,1783636560000,1783639560000,1.1463,1.14625,1,-1,6,1379
333,ZONE_CREATED,2026-07-09 19:44:00.000,1783637040000,D000334,1783637040000,1783640040000,1.1463,1.14625,1,1,7,1382
334,ZONE_CREATED,2026-07-09 19:47:00.000,1783637220000,D000335,1783637220000,1783640220000,1.1463,1.14625,1,-1,8,1383
335,ZONE_CREATED,2026-07-09 19:48:00.000,1783637280000,D000336,1783637280000,1783640280000,1.1463,1.14625,1,1,9,1384
336,ZONE_CREATED,2026-07-09 20:07:00.000,1783638420000,D000337,1783638420000,1783641420000,1.1464,1.14635,1,1,1,1391
337,ZONE_CREATED,2026-07-09 20:08:00.000,1783638480000,D000338,1783638480000,1783641480000,1.1464,1.1463,2,-1,11,1392
338,ZONE_CREATED,2026-07-09 20:20:00.000,1783639200000,D000339,1783639200000,1783642200000,1.1463,1.14625,1,-1,11,1399
339,ZONE_CREATED,2026-07-09 20:22:00.000,1783639320000,D000340,1783639320000,1783642320000,1.1463,1.14625,1,-1,12,1401
340,ZONE_CREATED,2026-07-09 20:24:00.000,1783639440000,D000341,1783639440000,1783642440000,1.1462,1.14615,1,-1,1,1403
341,ZONE_CREATED,2026-07-09 20:28:00.000,1783639680000,D000342,1783639680000,1783642680000,1.14615,1.1461,1,1,2,1407
342,ZONE_CREATED,2026-07-09 20:31:00.000,1783639860000,D000343,1783639860000,1783642860000,1.1462,1.14615,1,1,3,1410
343,ZONE_CREATED,2026-07-09 20:32:00.000,1783639920000,D000344,1783639920000,1783642920000,1.14615,1.1461,1,1,4,1411
344,ZONE_CREATED,2026-07-09 20:34:00.000,1783640040000,D000345,1783640040000,1783643040000,1.14615,1.1461,1,-1,5,1412
345,ZONE_CREATED,2026-07-09 20:43:00.000,1783640580000,D000346,1783640580000,1783643580000,1.1463,1.14625,1,1,11,1420
346,ZONE_CREATED,2026-07-09 20:45:00.000,1783640700000,D000347,1783640700000,1783643700000,1.1463,1.14625,1,1,11,1422
347,ZONE_CREATED,2026-07-09 20:51:00.000,1783641060000,D000348,1783641060000,1783644060000,1.1463,1.14625,1,1,10,1428
348,ZONE_CREATED,2026-07-09 21:00:00.000,1783641600000,D000349,1783641600000,1783644600000,1.1463,1.14625,1,1,7,1436
349,ZONE_CREATED,2026-07-09 21:04:00.000,1783641840000,D000350,1783641840000,1783644840000,1.14635,1.14625,2,1,9,1440
350,ZONE_CREATED,2026-07-09 21:08:00.000,1783642080000,D000351,1783642080000,1783645080000,1.1463,1.14625,1,-1,8,1444
351,ZONE_CREATED,2026-07-09 21:17:00.000,1783642620000,D000352,1783642620000,1783645620000,1.1462,1.14615,1,-1,6,1453
352,ZONE_CREATED,2026-07-09 21:19:00.000,1783642740000,D000353,1783642740000,1783645740000,1.1462,1.14615,1,-1,6,1455
353,ZONE_CREATED,2026-07-09 21:21:00.000,1783642860000,D000354,1783642860000,1783645860000,1.14615,1.1461,1,1,7,1456
354,ZONE_CREATED,2026-07-09 21:22:00.000,1783642920000,D000355,1783642920000,1783645920000,1.14615,1.1461,1,-1,8,1457
355,ZONE_CREATED,2026-07-09 21:37:00.000,1783643820000,D000356,1783643820000,1783646820000,1.14615,1.1461,1,-1,5,1472
356,ZONE_CREATED,2026-07-09 21:45:00.000,1783644300000,D000357,1783644300000,1783647300000,1.1465,1.14645,1,1,1,1480
357,ZONE_CREATED,2026-07-09 21:53:00.000,1783644780000,D000358,1783644780000,1783647780000,1.1467,1.14665,1,-1,1,1488
358,ZONE_CREATED,2026-07-09 21:58:00.000,1783645080000,D000359,1783645080000,1783648080000,1.1472,1.14715,1,1,1,1493
359,ZONE_CREATED,2026-07-09 21:59:00.000,1783645140000,D000360,1783645140000,1783648140000,1.1471,1.14705,1,-1,1,1494
360,ZONE_CREATED,2026-07-09 22:00:00.000,1783645200000,D000361,1783645200000,1783648200000,1.147,1.14695,1,-1,1,1495
361,ZONE_CREATED,2026-07-09 22:02:00.000,1783645320000,D000362,1783645320000,1783648320000,1.1469,1.14685,1,-1,1,1497
362,ZONE_CREATED,2026-07-09 22:09:00.000,1783645740000,D000363,1783645740000,1783648740000,1.1472,1.14715,1,1,2,1504
363,ZONE_CREATED,2026-07-09 22:10:00.000,1783645800000,D000364,1783645800000,1783648800000,1.1472,1.1471,2,-1,4,1505
364,ZONE_CREATED,2026-07-09 22:13:00.000,1783645980000,D000365,1783645980000,1783648980000,1.14725,1.14715,2,1,4,1508
365,ZONE_CREATED,2026-07-09 22:14:00.000,1783646040000,D000366,1783646040000,1783649040000,1.14735,1.1473,1,-1,1,1509
366,ZONE_CREATED,2026-07-09 22:15:00.000,1783646100000,D000367,1783646100000,1783649100000,1.14745,1.1474,1,-1,1,1510
367,ZONE_CREATED,2026-07-09 22:17:00.000,1783646220000,D000368,1783646220000,1783649220000,1.14755,1.1475,1,1,1,1512
368,ZONE_CREATED,2026-07-09 22:28:00.000,1783646880000,D000369,1783646880000,1783649880000,1.1472,1.14715,1,-1,5,1523
369,ZONE_CREATED,2026-07-09 22:29:00.000,1783646940000,D000370,1783646940000,1783649940000,1.14725,1.1472,1,1,6,1524
370,ZONE_CREATED,2026-07-09 22:33:00.000,1783647180000,D000371,1783647180000,1783650180000,1.1473,1.1472,2,1,8,1528
371,ZONE_CREATED,2026-07-09 22:34:00.000,1783647240000,D000372,1783647240000,1783650240000,1.14735,1.1473,1,-1,3,1529
372,ZONE_CREATED,2026-07-09 22:39:00.000,1783647540000,D000373,1783647540000,1783650540000,1.14735,1.1473,1,1,4,1534
373,ZONE_CREATED,2026-07-09 22:40:00.000,1783647600000,D000374,1783647600000,1783650600000,1.14735,1.1473,1,-1,5,1535
374,ZONE_CREATED,2026-07-09 22:41:00.000,1783647660000,D000375,1783647660000,1783650660000,1.14735,1.1473,1,-1,6,1536
375,ZONE_CREATED,2026-07-09 22:42:00.000,1783647720000,D000376,1783647720000,1783650720000,1.14735,1.1473,1,1,7,1537
376,ZONE_CREATED,2026-07-09 22:43:00.000,1783647780000,D000377,1783647780000,1783650780000,1.1475,1.1474,2,-1,3,1538
377,ZONE_CREATED,2026-07-09 22:49:00.000,1783648140000,D000378,1783648140000,1783651140000,1.14755,1.1475,1,1,3,1544
378,ZONE_CREATED,2026-07-09 22:53:00.000,1783648380000,D000379,1783648380000,1783651380000,1.14775,1.1477,1,1,1,1548
379,ZONE_CREATED,2026-07-09 23:02:00.000,1783648920000,D000380,1783648920000,1783651920000,1.14775,1.1477,1,-1,2,1557
380,ZONE_CREATED,2026-07-09 23:06:00.000,1783649160000,D000381,1783649160000,1783652160000,1.14795,1.1479,1,-1,1,1561
381,ZONE_CREATED,2026-07-09 23:09:00.000,1783649340000,D000382,1783649340000,1783652340000,1.1484,1.1483,2,1,1,1564
382,ZONE_CREATED,2026-07-09 23:14:00.000,1783649640000,D000383,1783649640000,1783652640000,1.1484,1.14835,1,1,2,1569
383,ZONE_CREATED,2026-07-09 23:22:00.000,1783650120000,D000384,1783650120000,1783653120000,1.1489,1.14885,1,1,1,1577
384,ZONE_CREATED,2026-07-09 23:23:00.000,1783650180000,D000385,1783650180000,1783653180000,1.1488,1.14875,1,1,1,1578
385,ZONE_CREATED,2026-07-09 23:27:00.000,1783650420000,D000386,1783650420000,1783653420000,1.1489,1.14885,1,-1,2,1582
386,ZONE_CREATED,2026-07-09 23:33:00.000,1783650780000,D000387,1783650780000,1783653780000,1.1487,1.14865,1,1,1,1588
387,ZONE_CREATED,2026-07-09 23:42:00.000,1783651320000,D000388,1783651320000,1783654320000,1.1488,1.14875,1,-1,2,1597
388,ZONE_CREATED,2026-07-09 23:52:00.000,1783651920000,D000389,1783651920000,1783654920000,1.149,1.14895,1,-1,1,1607
389,ZONE_CREATED,2026-07-09 23:53:00.000,1783651980000,D000390,1783651980000,1783654980000,1.149,1.14895,1,-1,2,1608
390,ZONE_CREATED,2026-07-09 23:58:00.000,1783652280000,D000391,1783652280000,1783655280000,1.1489,1.14885,1,-1,3,1613
391,ZONE_CREATED,2026-07-10 00:05:00.000,1783652700000,D000392,1783652700000,1783655700000,1.1488,1.14875,1,-1,3,1620
392,ZONE_CREATED,2026-07-10 00:11:00.000,1783653060000,D000393,1783653060000,1783656060000,1.1488,1.1487,2,-1,5,1626
393,ZONE_CREATED,2026-07-10 00:12:00.000,1783653120000,D000394,1783653120000,1783656120000,1.1487,1.14865,1,-1,3,1627
394,ZONE_CREATED,2026-07-10 00:18:00.000,1783653480000,D000395,1783653480000,1783656480000,1.1486,1.14855,1,1,1,1633
395,ZONE_CREATED,2026-07-10 00:20:00.000,1783653600000,D000396,1783653600000,1783656600000,1.1486,1.14855,1,-1,2,1635
396,ZONE_CREATED,2026-07-10 00:21:00.000,1783653660000,D000397,1783653660000,1783656660000,1.1485,1.14845,1,-1,1,1636
397,ZONE_CREATED,2026-07-10 00:30:00.000,1783654200000,D000398,1783654200000,1783657200000,1.1486,1.14855,1,1,3,1645
398,ZONE_CREATED,2026-07-10 00:31:00.000,1783654260000,D000399,1783654260000,1783657260000,1.1486,1.14855,1,-1,4,1646
399,ZONE_CREATED,2026-07-10 00:33:00.000,1783654380000,D000400,1783654380000,1783657380000,1.14865,1.14855,2,1,6,1648
400,ZONE_CREATED,2026-07-10 00:51:00.000,1783655460000,D000401,1783655460000,1783658460000,1.1482,1.14815,1,-1,1,1666
401,ZONE_CREATED,2026-07-10 00:55:00.000,1783655700000,D000402,1783655700000,1783658700000,1.14805,1.148,1,-1,1,1670
402,ZONE_CREATED,2026-07-10 00:56:00.000,1783655760000,D000403,1783655760000,1783658760000,1.14795,1.1479,1,1,1,1671
403,ZONE_CREATED,2026-07-10 00:59:00.000,1783655940000,D000404,1783655940000,1783658940000,1.14785,1.1478,1,1,1,1674
404,ZONE_CREATED,2026-07-10 01:00:00.000,1783656000000,D000405,1783656000000,1783659000000,1.14795,1.1479,1,-1,2,1675
405,ZONE_CREATED,2026-07-10 01:02:00.000,1783656120000,D000406,1783656120000,1783659120000,1.14785,1.1478,1,-1,2,1677
406,ZONE_CREATED,2026-07-10 01:08:00.000,1783656480000,D000407,1783656480000,1783659480000,1.1478,1.1477,2,-1,3,1683
407,ZONE_CREATED,2026-07-10 01:09:00.000,1783656540000,D000408,1783656540000,1783659540000,1.14775,1.1477,1,1,2,1684
408,ZONE_CREATED,2026-07-10 01:25:00.000,1783657500000,D000409,1783657500000,1783660500000,1.14745,1.1474,1,-1,1,1700
409,ZONE_CREATED,2026-07-10 01:26:00.000,1783657560000,D000410,1783657560000,1783660560000,1.14745,1.1474,1,1,2,1701
410,ZONE_CREATED,2026-07-10 01:29:00.000,1783657740000,D000411,1783657740000,1783660740000,1.1476,1.1475,2,-1,1,1704
411,ZONE_CREATED,2026-07-10 01:30:00.000,1783657800000,D000412,1783657800000,1783660800000,1.14755,1.1475,1,-1,2,1705
412,ZONE_CREATED,2026-07-10 01:44:00.000,1783658640000,D000413,1783658640000,1783661640000,1.14735,1.1473,1,1,1,1719
413,ZONE_CREATED,2026-07-10 01:50:00.000,1783659000000,D000414,1783659000000,1783662000000,1.14715,1.14705,2,1,1,1725
414,ZONE_CREATED,2026-07-10 01:51:00.000,1783659060000,D000415,1783659060000,1783662060000,1.1471,1.14705,1,-1,2,1726
415,ZONE_CREATED,2026-07-10 01:57:00.000,1783659420000,D000416,1783659420000,1783662420000,1.1471,1.14705,1,-1,3,1732
416,ZONE_CREATED,2026-07-10 02:02:00.000,1783659720000,D000417,1783659720000,1783662720000,1.14725,1.1472,1,-1,1,1737
417,ZONE_CREATED,2026-07-10 02:06:00.000,1783659960000,D000418,1783659960000,1783662960000,1.14735,1.1473,1,1,2,1741
418,ZONE_CREATED,2026-07-10 02:23:00.000,1783660980000,D000419,1783660980000,1783663980000,1.1468,1.14675,1,-1,1,1758
419,ZONE_CREATED,2026-07-10 02:25:00.000,1783661100000,D000420,1783661100000,1783664100000,1.1468,1.14675,1,-1,2,1759
420,ZONE_CREATED,2026-07-10 02:29:00.000,1783661340000,D000421,1783661340000,1783664340000,1.1468,1.14675,1,-1,3,1763
421,ZONE_CREATED,2026-07-10 02:34:00.000,1783661640000,D000422,1783661640000,1783664640000,1.1468,1.14675,1,1,4,1768
422,ZONE_CREATED,2026-07-10 02:48:00.000,1783662480000,D000423,1783662480000,1783665480000,1.14685,1.14675,2,1,5,1782
423,ZONE_CREATED,2026-07-10 02:53:00.000,1783662780000,D000424,1783662780000,1783665780000,1.147,1.14695,1,-1,1,1787
424,ZONE_CREATED,2026-07-10 02:56:00.000,1783662960000,D000425,1783662960000,1783665960000,1.1469,1.14685,1,1,2,1790
425,ZONE_CREATED,2026-07-10 02:59:00.000,1783663140000,D000426,1783663140000,1783666140000,1.147,1.14695,1,-1,2,1793
426,ZONE_CREATED,2026-07-10 03:00:00.000,1783663200000,D000427,1783663200000,1783666200000,1.147,1.14695,1,1,3,1794
427,ZONE_CREATED,2026-07-10 03:03:00.000,1783663380000,D000428,1783663380000,1783666380000,1.147,1.14695,1,-1,4,1797
428,ZONE_CREATED,2026-07-10 03:07:00.000,1783663620000,D000429,1783663620000,1783666620000,1.147,1.14695,1,1,5,1801
429,ZONE_CREATED,2026-07-10 03:09:00.000,1783663740000,D000430,1783663740000,1783666740000,1.1472,1.14715,1,-1,1,1803
430,ZONE_CREATED,2026-07-10 03:11:00.000,1783663860000,D000431,1783663860000,1783666860000,1.1472,1.14715,1,1,2,1805
431,ZONE_CREATED,2026-07-10 03:13:00.000,1783663980000,D000432,1783663980000,1783666980000,1.14725,1.1472,1,1,3,1807
432,ZONE_CREATED,2026-07-10 03:16:00.000,1783664160000,D000433,1783664160000,1783667160000,1.14725,1.14715,2,-1,4,1810
433,ZONE_CREATED,2026-07-10 03:19:00.000,1783664340000,D000434,1783664340000,1783667340000,1.1474,1.1473,2,1,1,1813
434,ZONE_CREATED,2026-07-10 03:22:00.000,1783664520000,D000435,1783664520000,1783667520000,1.14755,1.1475,1,-1,1,1816
435,ZONE_CREATED,2026-07-10 03:24:00.000,1783664640000,D000436,1783664640000,1783667640000,1.14755,1.1475,1,1,2,1818
436,ZONE_CREATED,2026-07-10 03:25:00.000,1783664700000,D000437,1783664700000,1783667700000,1.14755,1.1475,1,-1,3,1819
437,ZONE_CREATED,2026-07-10 03:26:00.000,1783664760000,D000438,1783664760000,1783667760000,1.14745,1.1474,1,1,2,1820
438,ZONE_CREATED,2026-07-10 03:28:00.000,1783664880000,D000439,1783664880000,1783667880000,1.14745,1.1474,1,-1,3,1822
439,ZONE_CREATED,2026-07-10 03:29:00.000,1783664940000,D000440,1783664940000,1783667940000,1.14735,1.1473,1,-1,2,1823
440,ZONE_CREATED,2026-07-10 03:32:00.000,1783665120000,D000441,1783665120000,1783668120000,1.14725,1.1472,1,1,5,1826
441,ZONE_CREATED,2026-07-10 03:34:00.000,1783665240000,D000442,1783665240000,1783668240000,1.14735,1.1473,1,-1,3,1828
442,ZONE_CREATED,2026-07-10 03:35:00.000,1783665300000,D000443,1783665300000,1783668300000,1.1474,1.1473,2,1,6,1829
443,ZONE_CREATED,2026-07-10 03:42:00.000,1783665720000,D000444,1783665720000,1783668720000,1.14725,1.1472,1,-1,6,1836
444,ZONE_CREATED,2026-07-10 03:43:00.000,1783665780000,D000445,1783665780000,1783668780000,1.14725,1.14715,2,-1,7,1837
445,ZONE_CREATED,2026-07-10 03:49:00.000,1783666140000,D000446,1783666140000,1783669140000,1.147,1.14695,1,1,5,1843
446,ZONE_CREATED,2026-07-10 03:58:00.000,1783666680000,D000447,1783666680000,1783669680000,1.14725,1.1472,1,1,8,1852
447,ZONE_CREATED,2026-07-10 04:00:00.000,1783666800000,D000448,1783666800000,1783669800000,1.1472,1.14715,1,1,8,1854
448,ZONE_CREATED,2026-07-10 04:01:00.000,1783666860000,D000449,1783666860000,1783669860000,1.1471,1.14705,1,1,1,1855
449,ZONE_CREATED,2026-07-10 04:13:00.000,1783667580000,D000450,1783667580000,1783670580000,1.1468,1.14675,1,-1,1,1867
450,ZONE_CREATED,2026-07-10 04:24:00.000,1783668240000,D000451,1783668240000,1783671240000,1.147,1.14695,1,1,2,1878
451,ZONE_CREATED,2026-07-10 04:25:00.000,1783668300000,D000452,1783668300000,1783671300000,1.147,1.14695,1,1,3,1879
452,ZONE_CREATED,2026-07-10 04:27:00.000,1783668420000,D000453,1783668420000,1783671420000,1.1468,1.14675,1,1,2,1881
453,ZONE_CREATED,2026-07-10 04:40:00.000,1783669200000,D000454,1783669200000,1783672200000,1.1468,1.14675,1,-1,3,1894
454,ZONE_CREATED,2026-07-10 04:45:00.000,1783669500000,D000455,1783669500000,1783672500000,1.147,1.14695,1,1,3,1899
455,ZONE_CREATED,2026-07-10 04:53:00.000,1783669980000,D000456,1783669980000,1783672980000,1.1469,1.14685,1,-1,1,1907
456,ZONE_CREATED,2026-07-10 04:57:00.000,1783670220000,D000457,1783670220000,1783673220000,1.1467,1.14665,1,-1,1,1911
457,ZONE_CREATED,2026-07-10 04:59:00.000,1783670340000,D000458,1783670340000,1783673340000,1.1467,1.14665,1,1,2,1913
458,ZONE_CREATED,2026-07-10 05:01:00.000,1783670460000,D000459,1783670460000,1783673460000,1.1466,1.14655,1,-1,1,1915
459,ZONE_CREATED,2026-07-10 05:14:00.000,1783671240000,D000460,1783671240000,1783674240000,1.1468,1.14675,1,1,3,1928
460,ZONE_CREATED,2026-07-10 05:15:00.000,1783671300000,D000461,1783671300000,1783674300000,1.1467,1.14665,1,-1,3,1929
461,ZONE_CREATED,2026-07-10 05:26:00.000,1783671960000,D000462,1783671960000,1783674960000,1.1463,1.14625,1,1,1,1940
462,ZONE_CREATED,2026-07-10 05:27:00.000,1783672020000,D000463,1783672020000,1783675020000,1.14635,1.14625,2,-1,2,1941
463,ZONE_CREATED,2026-07-10 05:29:00.000,1783672140000,D000464,1783672140000,1783675140000,1.1464,1.14635,1,1,2,1943
464,ZONE_CREATED,2026-07-10 05:31:00.000,1783672260000,D000465,1783672260000,1783675260000,1.1464,1.14635,1,1,3,1945
465,ZONE_CREATED,2026-07-10 05:33:00.000,1783672380000,D000466,1783672380000,1783675380000,1.1465,1.14645,1,1,1,1947
466,ZONE_CREATED,2026-07-10 05:38:00.000,1783672680000,D000467,1783672680000,1783675680000,1.1463,1.14625,1,-1,3,1952
467,ZONE_CREATED,2026-07-10 05:41:00.000,1783672860000,D000468,1783672860000,1783675860000,1.1462,1.14615,1,1,1,1955
468,ZONE_CREATED,2026-07-10 05:52:00.000,1783673520000,D000469,1783673520000,1783676520000,1.1463,1.14625,1,1,4,1966
469,ZONE_CREATED,2026-07-10 05:54:00.000,1783673640000,D000470,1783673640000,1783676640000,1.14605,1.146,1,1,1,1968
470,ZONE_CREATED,2026-07-10 05:57:00.000,1783673820000,D000471,1783673820000,1783676820000,1.1463,1.14625,1,1,5,1971
471,ZONE_CREATED,2026-07-10 06:00:00.000,1783674000000,D000472,1783674000000,1783677000000,1.14605,1.14595,2,-1,2,1974
472,ZONE_CREATED,2026-07-10 06:01:00.000,1783674060000,D000473,1783674060000,1783677060000,1.14605,1.146,1,-1,3,1975
473,ZONE_CREATED,2026-07-10 06:03:00.000,1783674180000,D000474,1783674180000,1783677180000,1.1462,1.14615,1,-1,2,1977
474,ZONE_CREATED,2026-07-10 06:05:00.000,1783674300000,D000475,1783674300000,1783677300000,1.1464,1.14635,1,1,4,1979
475,ZONE_CREATED,2026-07-10 06:09:00.000,1783674540000,D000476,1783674540000,1783677540000,1.1462,1.14615,1,-1,3,1983
476,ZONE_CREATED,2026-07-10 06:10:00.000,1783674600000,D000477,1783674600000,1783677600000,1.1462,1.14615,1,1,4,1984
477,ZONE_CREATED,2026-07-10 06:16:00.000,1783674960000,D000478,1783674960000,1783677960000,1.1463,1.14625,1,1,6,1990
478,ZONE_CREATED,2026-07-10 06:19:00.000,1783675140000,D000479,1783675140000,1783678140000,1.1462,1.14615,1,1,5,1993
479,ZONE_CREATED,2026-07-10 06:20:00.000,1783675200000,D000480,1783675200000,1783678200000,1.14615,1.1461,1,-1,6,1994
480,ZONE_CREATED,2026-07-10 06:21:00.000,1783675260000,D000481,1783675260000,1783678260000,1.14605,1.146,1,-1,4,1995
481,ZONE_CREATED,2026-07-10 06:25:00.000,1783675500000,D000482,1783675500000,1783678500000,1.1462,1.14615,1,1,7,1999
482,ZONE_CREATED,2026-07-10 06:26:00.000,1783675560000,D000483,1783675560000,1783678560000,1.1463,1.14625,1,1,5,2000
483,ZONE_CREATED,2026-07-10 06:29:00.000,1783675740000,D000484,1783675740000,1783678740000,1.1462,1.14615,1,-1,8,2003
484,ZONE_CREATED,2026-07-10 06:39:00.000,1783676340000,D000485,1783676340000,1783679340000,1.14615,1.1461,1,1,8,2013
485,ZONE_CREATED,2026-07-10 06:42:00.000,1783676520000,D000486,1783676520000,1783679520000,1.1462,1.14615,1,1,9,2016
486,ZONE_CREATED,2026-07-10 06:43:00.000,1783676580000,D000487,1783676580000,1783679580000,1.14615,1.1461,1,-1,10,2017
487,ZONE_CREATED,2026-07-10 06:45:00.000,1783676700000,D000488,1783676700000,1783679700000,1.14595,1.1459,1,1,2,2019
488,ZONE_CREATED,2026-07-10 06:55:00.000,1783677300000,D000489,1783677300000,1783680300000,1.14585,1.1458,1,1,1,2029
489,ZONE_CREATED,2026-07-10 06:59:00.000,1783677540000,D000490,1783677540000,1783680540000,1.14575,1.1457,1,-1,1,2033
490,ZONE_CREATED,2026-07-10 07:02:00.000,1783677720000,D000491,1783677720000,1783680720000,1.14575,1.1457,1,1,2,2036
491,ZONE_CREATED,2026-07-10 07:16:00.000,1783678560000,D000492,1783678560000,1783681560000,1.14585,1.1458,1,1,2,2050
492,ZONE_CREATED,2026-07-10 07:18:00.000,1783678680000,D000493,1783678680000,1783681680000,1.14595,1.1459,1,-1,2,2052
493,ZONE_CREATED,2026-07-10 07:19:00.000,1783678740000,D000494,1783678740000,1783681740000,1.14605,1.146,1,1,1,2053
494,ZONE_CREATED,2026-07-10 07:26:00.000,1783679160000,D000495,1783679160000,1783682160000,1.1462,1.14615,1,-1,4,2060
495,ZONE_CREATED,2026-07-10 07:28:00.000,1783679280000,D000496,1783679280000,1783682280000,1.1462,1.14615,1,1,5,2062
496,ZONE_CREATED,2026-07-10 07:32:00.000,1783679520000,D000497,1783679520000,1783682520000,1.1462,1.14615,1,-1,5,2066
497,ZONE_CREATED,2026-07-10 07:33:00.000,1783679580000,D000498,1783679580000,1783682580000,1.14615,1.1461,1,1,5,2067
498,ZONE_CREATED,2026-07-10 07:43:00.000,1783680180000,D000499,1783680180000,1783683180000,1.14615,1.1461,1,-1,5,2077
499,ZONE_CREATED,2026-07-10 07:45:00.000,1783680300000,D000500,1783680300000,1783683300000,1.14615,1.1461,1,1,6,2079
500,ZONE_CREATED,2026-07-10 07:48:00.000,1783680480000,D000501,1783680480000,1783683480000,1.1462,1.14615,1,-1,7,2082
501,ZONE_CREATED,2026-07-10 07:51:00.000,1783680660000,D000502,1783680660000,1783683660000,1.1463,1.14625,1,1,1,2085
502,ZONE_CREATED,2026-07-10 07:53:00.000,1783680780000,D000503,1783680780000,1783683780000,1.1464,1.14635,1,1,1,2087
503,ZONE_CREATED,2026-07-10 07:56:00.000,1783680960000,D000504,1783680960000,1783683960000,1.1465,1.14645,1,-1,1,2090
504,ZONE_CREATED,2026-07-10 08:02:00.000,1783681320000,D000505,1783681320000,1783684320000,1.1465,1.14645,1,1,2,2096
505,ZONE_CREATED,2026-07-10 08:06:00.000,1783681560000,D000506,1783681560000,1783684560000,1.1464,1.14635,1,1,2,2100
506,ZONE_CREATED,2026-07-10 08:09:00.000,1783681740000,D000507,1783681740000,1783684740000,1.1462,1.14615,1,-1,8,2103
507,ZONE_CREATED,2026-07-10 08:10:00.000,1783681800000,D000508,1783681800000,1783684800000,1.14615,1.1461,1,-1,9,2104
508,ZONE_CREATED,2026-07-10 08:19:00.000,1783682340000,D000509,1783682340000,1783685340000,1.14605,1.146,1,-1,1,2113
509,ZONE_CREATED,2026-07-10 08:20:00.000,1783682400000,D000510,1783682400000,1783685400000,1.14605,1.146,1,1,2,2114
510,ZONE_CREATED,2026-07-10 08:25:00.000,1783682700000,D000511,1783682700000,1783685700000,1.14615,1.14605,2,-1,8,2119
511,ZONE_CREATED,2026-07-10 08:26:00.000,1783682760000,D000512,1783682760000,1783685760000,1.14595,1.1459,1,-1,1,2120
512,ZONE_CREATED,2026-07-10 08:28:00.000,1783682880000,D000513,1783682880000,1783685880000,1.14595,1.14585,2,-1,2,2122
513,ZONE_CREATED,2026-07-10 08:31:00.000,1783683060000,D000514,1783683060000,1783686060000,1.14595,1.1459,1,1,3,2125
514,ZONE_CREATED,2026-07-10 08:32:00.000,1783683120000,D000515,1783683120000,1783686120000,1.14585,1.1458,1,-1,2,2126
515,ZONE_CREATED,2026-07-10 08:33:00.000,1783683180000,D000516,1783683180000,1783686180000,1.14595,1.1459,1,1,4,2127
516,ZONE_CREATED,2026-07-10 08:34:00.000,1783683240000,D000517,1783683240000,1783686240000,1.146,1.14585,3,-1,8,2128
517,ZONE_CREATED,2026-07-10 08:37:00.000,1783683420000,D000518,1783683420000,1783686420000,1.14565,1.1456,1,-1,1,2131
518,ZONE_CREATED,2026-07-10 08:38:00.000,1783683480000,D000519,1783683480000,1783686480000,1.14575,1.1457,1,-1,1,2132
519,ZONE_CREATED,2026-07-10 08:41:00.000,1783683660000,D000520,1783683660000,1783686660000,1.14585,1.1458,1,-1,4,2135
520,ZONE_CREATED,2026-07-10 08:43:00.000,1783683780000,D000521,1783683780000,1783686780000,1.14605,1.146,1,-1,5,2137
521,ZONE_CREATED,2026-07-10 08:52:00.000,1783684320000,D000522,1783684320000,1783687320000,1.14615,1.1461,1,-1,4,2146
522,ZONE_CREATED,2026-07-10 08:55:00.000,1783684500000,D000523,1783684500000,1783687500000,1.14595,1.1459,1,-1,6,2149
523,ZONE_CREATED,2026-07-10 09:01:00.000,1783684860000,D000524,1783684860000,1783687860000,1.14615,1.1461,1,1,3,2155
524,ZONE_CREATED,2026-07-10 09:03:00.000,1783684980000,D000525,1783684980000,1783687980000,1.146,1.14585,3,-1,12,2157
525,ZONE_CREATED,2026-07-10 09:05:00.000,1783685100000,D000526,1783685100000,1783688100000,1.14575,1.1457,1,-1,2,2159
526,ZONE_CREATED,2026-07-10 09:19:00.000,1783685940000,D000527,1783685940000,1783688940000,1.1464,1.14635,1,-1,1,2173
527,ZONE_CREATED,2026-07-10 09:22:00.000,1783686120000,D000528,1783686120000,1783689120000,1.14615,1.1461,1,-1,3,2176
528,ZONE_CREATED,2026-07-10 09:27:00.000,1783686420000,D000529,1783686420000,1783689420000,1.14615,1.1461,1,1,4,2181
529,ZONE_CREATED,2026-07-10 09:30:00.000,1783686600000,D000530,1783686600000,1783689600000,1.14595,1.14585,2,-1,4,2184
530,ZONE_CREATED,2026-07-10 09:34:00.000,1783686840000,D000531,1783686840000,1783689840000,1.14565,1.1456,1,-1,1,2188
531,ZONE_CREATED,2026-07-10 09:39:00.000,1783687140000,D000532,1783687140000,1783690140000,1.14575,1.1457,1,1,2,2193
532,ZONE_CREATED,2026-07-10 09:47:00.000,1783687620000,D000533,1783687620000,1783690620000,1.14535,1.1453,1,-1,1,2201
533,ZONE_CREATED,2026-07-10 09:48:00.000,1783687680000,D000534,1783687680000,1783690680000,1.14545,1.1454,1,1,1,2202
534,ZONE_CREATED,2026-07-10 10:03:00.000,1783688580000,D000535,1783688580000,1783691580000,1.14565,1.1456,1,1,2,2217
535,ZONE_CREATED,2026-07-10 10:11:00.000,1783689060000,D000536,1783689060000,1783692060000,1.1451,1.14505,1,-1,1,2225
536,ZONE_CREATED,2026-07-10 10:15:00.000,1783689300000,D000537,1783689300000,1783692300000,1.1452,1.14515,1,-1,1,2229
537,ZONE_CREATED,2026-07-10 10:16:00.000,1783689360000,D000538,1783689360000,1783692360000,1.14525,1.1452,1,-1,2,2230
538,ZONE_CREATED,2026-07-10 10:20:00.000,1783689600000,D000539,1783689600000,1783692600000,1.1452,1.14515,1,1,3,2234
539,ZONE_CREATED,2026-07-10 10:22:00.000,1783689720000,D000540,1783689720000,1783692720000,1.14525,1.1452,1,-1,4,2236
540,ZONE_CREATED,2026-07-10 10:24:00.000,1783689840000,D000541,1783689840000,1783692840000,1.1451,1.14505,1,-1,2,2238
541,ZONE_CREATED,2026-07-10 10:27:00.000,1783690020000,D000542,1783690020000,1783693020000,1.1451,1.14505,1,1,3,2241
542,ZONE_CREATED,2026-07-10 10:28:00.000,1783690080000,D000543,1783690080000,1783693080000,1.145,1.14495,1,1,1,2242
543,ZONE_CREATED,2026-07-10 10:29:00.000,1783690140000,D000544,1783690140000,1783693140000,1.1451,1.14505,1,1,4,2243
544,ZONE_CREATED,2026-07-10 10:30:00.000,1783690200000,D000545,1783690200000,1783693200000,1.145,1.14495,1,1,2,2244
545,ZONE_CREATED,2026-07-10 10:33:00.000,1783690380000,D000546,1783690380000,1783693380000,1.1451,1.14505,1,-1,5,2247
546,ZONE_CREATED,2026-07-10 10:36:00.000,1783690560000,D000547,1783690560000,1783693560000,1.145,1.14495,1,1,3,2250
547,ZONE_CREATED,2026-07-10 10:42:00.000,1783690920000,D000548,1783690920000,1783693920000,1.14545,1.1454,1,1,1,2256
548,ZONE_CREATED,2026-07-10 10:43:00.000,1783690980000,D000549,1783690980000,1783693980000,1.14555,1.1455,1,-1,1,2257
549,ZONE_CREATED,2026-07-10 10:45:00.000,1783691100000,D000550,1783691100000,1783694100000,1.14555,1.1455,1,-1,2,2259
550,ZONE_CREATED,2026-07-10 10:49:00.000,1783691340000,D000551,1783691340000,1783694340000,1.14525,1.1452,1,-1,5,2263
551,ZONE_CREATED,2026-07-10 11:01:00.000,1783692060000,D000552,1783692060000,1783695060000,1.1448,1.14475,1,1,1,2275
552,ZONE_CREATED,2026-07-10 11:09:00.000,1783692540000,D000553,1783692540000,1783695540000,1.1449,1.14485,1,-1,1,2283
553,ZONE_CREATED,2026-07-10 11:12:00.000,1783692720000,D000554,1783692720000,1783695720000,1.145,1.14495,1,1,4,2286
554,ZONE_CREATED,2026-07-10 11:23:00.000,1783693380000,D000555,1783693380000,1783696380000,1.14555,1.1455,1,-1,3,2297
555,ZONE_CREATED,2026-07-10 11:24:00.000,1783693440000,D000556,1783693440000,1783696440000,1.14555,1.14545,2,1,5,2298
556,ZONE_CREATED,2026-07-10 11:26:00.000,1783693560000,D000557,1783693560000,1783696560000,1.14555,1.1455,1,-1,5,2300
557,ZONE_CREATED,2026-07-10 11:31:00.000,1783693860000,D000558,1783693860000,1783696860000,1.14565,1.1456,1,-1,1,2305
558,ZONE_CREATED,2026-07-10 11:32:00.000,1783693920000,D000559,1783693920000,1783696920000,1.14575,1.1457,1,-1,1,2306
559,ZONE_CREATED,2026-07-10 11:36:00.000,1783694160000,D000560,1783694160000,1783697160000,1.1449,1.1448,2,-1,3,2310
560,ZONE_CREATED,2026-07-10 11:37:00.000,1783694220000,D000561,1783694220000,1783697220000,1.1451,1.14505,1,1,1,2311
561,ZONE_CREATED,2026-07-10 11:41:00.000,1783694460000,D000562,1783694460000,1783697460000,1.1451,1.14505,1,-1,2,2315
562,ZONE_CREATED,2026-07-10 11:42:00.000,1783694520000,D000563,1783694520000,1783697520000,1.1451,1.14505,1,-1,3,2316
563,ZONE_CREATED,2026-07-10 11:44:00.000,1783694640000,D000564,1783694640000,1783697640000,1.14525,1.1452,1,-1,1,2318
564,ZONE_CREATED,2026-07-10 11:48:00.000,1783694880000,D000565,1783694880000,1783697880000,1.14525,1.1452,1,1,2,2322
565,ZONE_CREATED,2026-07-10 11:49:00.000,1783694940000,D000566,1783694940000,1783697940000,1.1452,1.1451,2,-1,6,2323
566,ZONE_CREATED,2026-07-10 12:01:00.000,1783695660000,D000567,1783695660000,1783698660000,1.14535,1.1453,1,1,1,2335
567,ZONE_CREATED,2026-07-10 12:06:00.000,1783695960000,D000568,1783695960000,1783698960000,1.14535,1.1453,1,-1,2,2340
568,ZONE_CREATED,2026-07-10 12:07:00.000,1783696020000,D000569,1783696020000,1783699020000,1.14545,1.1454,1,1,2,2341
569,ZONE_CREATED,2026-07-10 12:23:00.000,1783696980000,D000570,1783696980000,1783699980000,1.14615,1.1461,1,-1,1,2357
570,ZONE_CREATED,2026-07-10 12:25:00.000,1783697100000,D000571,1783697100000,1783700100000,1.1462,1.14615,1,1,2,2359
571,ZONE_CREATED,2026-07-10 12:29:00.000,1783697340000,D000572,1783697340000,1783700340000,1.1462,1.14615,1,-1,3,2363
572,ZONE_CREATED,2026-07-10 12:34:00.000,1783697640000,D000573,1783697640000,1783700640000,1.1463,1.14625,1,-1,1,2368
573,ZONE_CREATED,2026-07-10 12:41:00.000,1783698060000,D000574,1783698060000,1783701060000,1.1464,1.14635,1,1,1,2375
574,ZONE_CREATED,2026-07-10 12:42:00.000,1783698120000,D000575,1783698120000,1783701120000,1.1464,1.14635,1,1,2,2376
575,ZONE_CREATED,2026-07-10 12:46:00.000,1783698360000,D000576,1783698360000,1783701360000,1.1463,1.14625,1,-1,2,2380
576,ZONE_CREATED,2026-07-10 12:52:00.000,1783698720000,D000577,1783698720000,1783701720000,1.1465,1.14645,1,1,1,2386
577,ZONE_CREATED,2026-07-10 12:53:00.000,1783698780000,D000578,1783698780000,1783701780000,1.1466,1.14655,1,1,1,2387
578,ZONE_CREATED,2026-07-10 12:55:00.000,1783698900000,D000579,1783698900000,1783701900000,1.1466,1.14655,1,-1,2,2389
579,ZONE_CREATED,2026-07-10 12:56:00.000,1783698960000,D000580,1783698960000,1783701960000,1.1466,1.14655,1,1,3,2390
580,ZONE_CREATED,2026-07-10 13:00:00.000,1783699200000,D000581,1783699200000,1783702200000,1.1468,1.14675,1,1,1,2394
581,ZONE_CREATED,2026-07-10 13:04:00.000,1783699440000,D000582,1783699440000,1783702440000,1.1468,1.14675,1,-1,2,2398
582,ZONE_CREATED,2026-07-10 13:06:00.000,1783699560000,D000583,1783699560000,1783702560000,1.1467,1.14665,1,-1,1,2400
583,ZONE_CREATED,2026-07-10 13:09:00.000,1783699740000,D000584,1783699740000,1783702740000,1.1469,1.1468,2,-1,3,2403
584,ZONE_CREATED,2026-07-10 13:10:00.000,1783699800000,D000585,1783699800000,1783702800000,1.1468,1.14675,1,1,4,2404
585,ZONE_CREATED,2026-07-10 13:14:00.000,1783700040000,D000586,1783700040000,1783703040000,1.1469,1.14685,1,-1,2,2408
586,ZONE_CREATED,2026-07-10 13:23:00.000,1783700580000,D000587,1783700580000,1783703580000,1.1468,1.14675,1,1,5,2417
587,ZONE_CREATED,2026-07-10 13:25:00.000,1783700700000,D000588,1783700700000,1783703700000,1.1469,1.1468,2,-1,7,2419
588,ZONE_CREATED,2026-07-10 13:29:00.000,1783700940000,D000589,1783700940000,1783703940000,1.1469,1.14685,1,-1,4,2423
589,ZONE_CREATED,2026-07-10 13:33:00.000,1783701180000,D000590,1783701180000,1783704180000,1.1469,1.14685,1,-1,5,2427
590,ZONE_CREATED,2026-07-10 13:35:00.000,1783701300000,D000591,1783701300000,1783704300000,1.1467,1.14665,1,-1,2,2429
591,ZONE_CREATED,2026-07-10 13:59:00.000,1783702740000,D000592,1783702740000,1783705740000,1.14615,1.1461,1,-1,1,2453
592,ZONE_CREATED,2026-07-10 14:01:00.000,1783702860000,D000593,1783702860000,1783705860000,1.14605,1.146,1,-1,1,2455
593,ZONE_CREATED,2026-07-10 14:05:00.000,1783703100000,D000594,1783703100000,1783706100000,1.14585,1.1458,1,1,1,2459
594,ZONE_CREATED,2026-07-10 14:07:00.000,1783703220000,D000595,1783703220000,1783706220000,1.14575,1.1457,1,1,1,2461
595,ZONE_CREATED,2026-07-10 14:11:00.000,1783703460000,D000596,1783703460000,1783706460000,1.14575,1.1457,1,1,2,2465
596,ZONE_CREATED,2026-07-10 14:16:00.000,1783703760000,D000597,1783703760000,1783706760000,1.14575,1.1457,1,-1,3,2470
597,ZONE_CREATED,2026-07-10 14:17:00.000,1783703820000,D000598,1783703820000,1783706820000,1.14575,1.1457,1,1,4,2471
598,ZONE_CREATED,2026-07-10 14:18:00.000,1783703880000,D000599,1783703880000,1783706880000,1.14575,1.1457,1,-1,5,2472
599,ZONE_CREATED,2026-07-10 14:21:00.000,1783704060000,D000600,1783704060000,1783707060000,1.14555,1.1455,1,-1,1,2475
600,ZONE_CREATED,2026-07-10 14:28:00.000,1783704480000,D000601,1783704480000,1783707480000,1.14535,1.1453,1,1,1,2482
601,ZONE_CREATED,2026-07-10 14:31:00.000,1783704660000,D000602,1783704660000,1783707660000,1.14545,1.1454,1,-1,1,2485
602,ZONE_CREATED,2026-07-10 14:36:00.000,1783704960000,D000603,1783704960000,1783707960000,1.14525,1.1452,1,1,1,2490
603,ZONE_CREATED,2026-07-10 14:43:00.000,1783705380000,D000604,1783705380000,1783708380000,1.1452,1.14515,1,1,2,2497
604,ZONE_CREATED,2026-07-10 14:45:00.000,1783705500000,D000605,1783705500000,1783708500000,1.1452,1.14515,1,-1,3,2499
605,ZONE_CREATED,2026-07-10 14:46:00.000,1783705560000,D000606,1783705560000,1783708560000,1.14525,1.14515,2,1,4,2500
606,ZONE_CREATED,2026-07-10 14:48:00.000,1783705680000,D000607,1783705680000,1783708680000,1.14525,1.1452,1,1,5,2502
607,ZONE_CREATED,2026-07-10 14:50:00.000,1783705800000,D000608,1783705800000,1783708800000,1.14525,1.1452,1,1,6,2504
608,ZONE_CREATED,2026-07-10 14:51:00.000,1783705860000,D000609,1783705860000,1783708860000,1.14525,1.1452,1,-1,7,2505
609,ZONE_CREATED,2026-07-10 14:52:00.000,1783705920000,D000610,1783705920000,1783708920000,1.14525,1.1452,1,1,8,2506
610,ZONE_CREATED,2026-07-10 14:53:00.000,1783705980000,D000611,1783705980000,1783708980000,1.14525,1.1452,1,-1,9,2507
611,ZONE_CREATED,2026-07-10 14:57:00.000,1783706220000,D000612,1783706220000,1783709220000,1.145,1.14495,1,1,1,2511
612,ZONE_CREATED,2026-07-10 15:02:00.000,1783706520000,D000613,1783706520000,1783709520000,1.1447,1.14465,1,-1,1,2516
613,ZONE_CREATED,2026-07-10 15:03:00.000,1783706580000,D000614,1783706580000,1783709580000,1.1447,1.14465,1,1,2,2517
614,ZONE_CREATED,2026-07-10 15:14:00.000,1783707240000,D000615,1783707240000,1783710240000,1.1447,1.14465,1,1,3,2528
615,ZONE_CREATED,2026-07-10 15:19:00.000,1783707540000,D000616,1783707540000,1783710540000,1.1446,1.14455,1,-1,1,2533
616,ZONE_CREATED,2026-07-10 15:22:00.000,1783707720000,D000617,1783707720000,1783710720000,1.1447,1.14465,1,1,4,2536
617,ZONE_CREATED,2026-07-10 15:25:00.000,1783707900000,D000618,1783707900000,1783710900000,1.14445,1.14435,2,1,1,2539
618,ZONE_CREATED,2026-07-10 15:26:00.000,1783707960000,D000619,1783707960000,1783710960000,1.1446,1.14455,1,-1,2,2540
619,ZONE_CREATED,2026-07-10 15:28:00.000,1783708080000,D000620,1783708080000,1783711080000,1.1445,1.14445,1,1,2,2542
620,ZONE_CREATED,2026-07-10 15:37:00.000,1783708620000,D000621,1783708620000,1783711620000,1.1445,1.14445,1,-1,3,2551
621,ZONE_CREATED,2026-07-10 15:45:00.000,1783709100000,D000622,1783709100000,1783712100000,1.1443,1.14425,1,1,1,2559
622,ZONE_CREATED,2026-07-10 15:46:00.000,1783709160000,D000623,1783709160000,1783712160000,1.1444,1.14435,1,-1,2,2560
623,ZONE_CREATED,2026-07-10 15:53:00.000,1783709580000,D000624,1783709580000,1783712580000,1.1445,1.14445,1,1,4,2567
624,ZONE_CREATED,2026-07-10 15:57:00.000,1783709820000,D000625,1783709820000,1783712820000,1.1445,1.14445,1,-1,5,2571
625,ZONE_CREATED,2026-07-10 15:59:00.000,1783709940000,D000626,1783709940000,1783712940000,1.1445,1.14445,1,-1,6,2573
626,ZONE_CREATED,2026-07-10 16:06:00.000,1783710360000,D000627,1783710360000,1783713360000,1.1445,1.14445,1,-1,7,2580
627,ZONE_CREATED,2026-07-10 16:09:00.000,1783710540000,D000628,1783710540000,1783713540000,1.1445,1.14445,1,1,8,2583
628,ZONE_CREATED,2026-07-10 16:11:00.000,1783710660000,D000629,1783710660000,1783713660000,1.1445,1.14445,1,-1,9,2585
629,ZONE_CREATED,2026-07-10 16:13:00.000,1783710780000,D000630,1783710780000,1783713780000,1.1444,1.14435,1,-1,3,2587
630,ZONE_CREATED,2026-07-10 16:15:00.000,1783710900000,D000631,1783710900000,1783713900000,1.1445,1.14445,1,1,10,2589
631,ZONE_CREATED,2026-07-10 16:18:00.000,1783711080000,D000632,1783711080000,1783714080000,1.1446,1.14455,1,1,1,2592
632,ZONE_CREATED,2026-07-10 16:20:00.000,1783711200000,D000633,1783711200000,1783714200000,1.1446,1.14455,1,-1,2,2594
633,ZONE_CREATED,2026-07-10 16:25:00.000,1783711500000,D000634,1783711500000,1783714500000,1.1446,1.14455,1,1,3,2599
634,ZONE_CREATED,2026-07-10 16:26:00.000,1783711560000,D000635,1783711560000,1783714560000,1.1446,1.14455,1,-1,4,2600
635,ZONE_CREATED,2026-07-10 16:30:00.000,1783711800000,D000636,1783711800000,1783714800000,1.14465,1.14455,2,-1,5,2604
636,ZONE_CREATED,2026-07-10 16:31:00.000,1783711860000,D000637,1783711860000,1783714860000,1.1446,1.14455,1,-1,6,2605
637,ZONE_CREATED,2026-07-10 16:36:00.000,1783712160000,D000638,1783712160000,1783715160000,1.1446,1.14455,1,-1,7,2610
638,ZONE_CREATED,2026-07-10 16:43:00.000,1783712580000,D000639,1783712580000,1783715580000,1.1446,1.14455,1,1,8,2617
639,ZONE_CREATED,2026-07-10 16:45:00.000,1783712700000,D000640,1783712700000,1783715700000,1.1445,1.14445,1,1,7,2619
640,ZONE_CREATED,2026-07-10 16:46:00.000,1783712760000,D000641,1783712760000,1783715760000,1.1445,1.14445,1,-1,8,2620
641,ZONE_CREATED,2026-07-10 16:55:00.000,1783713300000,D000642,1783713300000,1783716300000,1.1445,1.14445,1,1,7,2629
642,ZONE_CREATED,2026-07-10 17:01:00.000,1783713660000,D000643,1783713660000,1783716660000,1.1447,1.14465,1,-1,2,2635
643,ZONE_CREATED,2026-07-10 17:03:00.000,1783713780000,D000644,1783713780000,1783716780000,1.1447,1.14465,1,1,3,2637
644,ZONE_CREATED,2026-07-10 17:04:00.000,1783713840000,D000645,1783713840000,1783716840000,1.1448,1.14475,1,1,1,2638
645,ZONE_CREATED,2026-07-10 17:06:00.000,1783713960000,D000646,1783713960000,1783716960000,1.1448,1.14475,1,1,2,2640
646,ZONE_CREATED,2026-07-10 17:09:00.000,1783714140000,D000647,1783714140000,1783717140000,1.1445,1.14445,1,-1,4,2643
647,ZONE_CREATED,2026-07-10 17:11:00.000,1783714260000,D000648,1783714260000,1783717260000,1.1445,1.14445,1,1,5,2645
648,ZONE_CREATED,2026-07-10 17:20:00.000,1783714800000,D000649,1783714800000,1783717800000,1.1447,1.14465,1,1,4,2652
649,ZONE_CREATED,2026-07-10 17:22:00.000,1783714920000,D000650,1783714920000,1783717920000,1.1447,1.14465,1,-1,5,2654
650,ZONE_CREATED,2026-07-10 17:25:00.000,1783715100000,D000651,1783715100000,1783718100000,1.14465,1.14455,2,-1,7,2657
651,ZONE_CREATED,2026-07-10 17:26:00.000,1783715160000,D000652,1783715160000,1783718160000,1.1445,1.14445,1,1,6,2658
652,ZONE_CREATED,2026-07-10 17:27:00.000,1783715220000,D000653,1783715220000,1783718220000,1.1445,1.14445,1,1,7,2659
653,ZONE_CREATED,2026-07-10 17:34:00.000,1783715640000,D000654,1783715640000,1783718640000,1.1444,1.1443,2,1,1,2666
654,ZONE_CREATED,2026-07-10 17:35:00.000,1783715700000,D000655,1783715700000,1783718700000,1.1444,1.1443,2,-1,2,2667
655,ZONE_CREATED,2026-07-10 17:36:00.000,1783715760000,D000656,1783715760000,1783718760000,1.1443,1.14425,1,-1,3,2668
656,ZONE_CREATED,2026-07-10 17:42:00.000,1783716120000,D000657,1783716120000,1783719120000,1.1443,1.14425,1,1,4,2673
657,ZONE_CREATED,2026-07-10 17:52:00.000,1783716720000,D000658,1783716720000,1783719720000,1.1444,1.14435,1,-1,3,2683
658,ZONE_CREATED,2026-07-10 17:53:00.000,1783716780000,D000659,1783716780000,1783719780000,1.1444,1.14435,1,1,4,2684
659,ZONE_CREATED,2026-07-10 17:56:00.000,1783716960000,D000660,1783716960000,1783719960000,1.1444,1.14435,1,-1,5,2687
660,ZONE_CREATED,2026-07-10 17:57:00.000,1783717020000,D000661,1783717020000,1783720020000,1.1445,1.1444,2,-1,10,2688
661,ZONE_CREATED,2026-07-10 18:00:00.000,1783717200000,D000662,1783717200000,1783720200000,1.1444,1.14365,15,-1,9,2691
662,ZONE_CREATED,2026-07-12 19:02:00.000,1783893720000,D000663,1783893720000,1783896720000,1.1429,1.14285,1,-1,1,2693
663,ZONE_CREATED,2026-07-12 19:03:00.000,1783893780000,D000664,1783893780000,1783896780000,1.1424,1.14235,1,-1,1,2694
664,ZONE_CREATED,2026-07-12 19:09:00.000,1783894140000,D000665,1783894140000,1783897140000,1.1423,1.14225,1,-1,1,2700
665,ZONE_CREATED,2026-07-12 19:12:00.000,1783894320000,D000666,1783894320000,1783897320000,1.1422,1.14215,1,-1,1,2703
666,ZONE_CREATED,2026-07-12 19:16:00.000,1783894560000,D000667,1783894560000,1783897560000,1.142,1.1419,2,1,1,2707
667,ZONE_CREATED,2026-07-12 19:18:00.000,1783894680000,D000668,1783894680000,1783897680000,1.1423,1.1422,2,1,3,2709
668,ZONE_CREATED,2026-07-12 19:19:00.000,1783894740000,D000669,1783894740000,1783897740000,1.1423,1.14225,1,-1,3,2710
669,ZONE_CREATED,2026-07-12 19:21:00.000,1783894860000,D000670,1783894860000,1783897860000,1.14235,1.14225,2,1,5,2712
670,ZONE_CREATED,2026-07-12 19:26:00.000,1783895160000,D000671,1783895160000,1783898160000,1.1424,1.14235,1,-1,3,2717
671,ZONE_CREATED,2026-07-12 19:28:00.000,1783895280000,D000672,1783895280000,1783898280000,1.1425,1.14245,1,1,1,2719
672,ZONE_CREATED,2026-07-12 19:32:00.000,1783895520000,D000673,1783895520000,1783898520000,1.1425,1.14245,1,-1,2,2723
673,ZONE_CREATED,2026-07-12 19:37:00.000,1783895820000,D000674,1783895820000,1783898820000,1.1425,1.14245,1,-1,3,2728
674,ZONE_CREATED,2026-07-12 19:38:00.000,1783895880000,D000675,1783895880000,1783898880000,1.1425,1.1424,2,-1,6,2729
675,ZONE_CREATED,2026-07-12 19:41:00.000,1783896060000,D000676,1783896060000,1783899060000,1.1424,1.1423,2,-1,8,2732
676,ZONE_CREATED,2026-07-12 20:06:00.000,1783897560000,D000677,1783897560000,1783900560000,1.1424,1.14235,1,-1,5,2756
677,ZONE_CREATED,2026-07-12 20:09:00.000,1783897740000,D000678,1783897740000,1783900740000,1.1425,1.14245,1,1,5,2759
678,ZONE_CREATED,2026-07-12 20:10:00.000,1783897800000,D000679,1783897800000,1783900800000,1.1425,1.14245,1,-1,6,2760
679,ZONE_CREATED,2026-07-12 20:14:00.000,1783898040000,D000680,1783898040000,1783901040000,1.1426,1.14255,1,1,1,2763
680,ZONE_CREATED,2026-07-12 20:18:00.000,1783898280000,D000681,1783898280000,1783901280000,1.1427,1.14265,1,1,1,2766
681,ZONE_CREATED,2026-07-12 20:29:00.000,1783898940000,D000682,1783898940000,1783901940000,1.1428,1.14275,1,-1,1,2776
682,ZONE_CREATED,2026-07-12 20:31:00.000,1783899060000,D000683,1783899060000,1783902060000,1.1428,1.14275,1,-1,2,2778
683,ZONE_CREATED,2026-07-12 20:37:00.000,1783899420000,D000684,1783899420000,1783902420000,1.1427,1.14265,1,-1,2,2783
684,ZONE_CREATED,2026-07-12 20:43:00.000,1783899780000,D000685,1783899780000,1783902780000,1.1429,1.14285,1,1,1,2787
685,ZONE_CREATED,2026-07-12 20:44:00.000,1783899840000,D000686,1783899840000,1783902840000,1.1429,1.14285,1,-1,2,2788
686,ZONE_CREATED,2026-07-12 20:47:00.000,1783900020000,D000687,1783900020000,1783903020000,1.14315,1.1431,1,1,1,2791
687,ZONE_CREATED,2026-07-12 20:51:00.000,1783900260000,D000688,1783900260000,1783903260000,1.14315,1.1431,1,1,2,2795
688,ZONE_CREATED,2026-07-12 20:54:00.000,1783900440000,D000689,1783900440000,1783903440000,1.14315,1.1431,1,-1,3,2798
689,ZONE_CREATED,2026-07-12 20:57:00.000,1783900620000,D000690,1783900620000,1783903620000,1.1431,1.14305,1,1,4,2801
690,ZONE_CREATED,2026-07-12 20:59:00.000,1783900740000,D000691,1783900740000,1783903740000,1.14335,1.1433,1,-1,1,2803
691,ZONE_CREATED,2026-07-12 21:02:00.000,1783900920000,D000692,1783900920000,1783903920000,1.1433,1.1432,2,1,2,2806
692,ZONE_CREATED,2026-07-12 21:03:00.000,1783900980000,D000693,1783900980000,1783903980000,1.14325,1.1432,1,1,2,2807
693,ZONE_CREATED,2026-07-12 21:07:00.000,1783901220000,D000694,1783901220000,1783904220000,1.14335,1.14325,2,-1,4,2811
694,ZONE_CREATED,2026-07-12 21:10:00.000,1783901400000,D000695,1783901400000,1783904400000,1.14325,1.1432,1,1,4,2814
695,ZONE_CREATED,2026-07-12 21:20:00.000,1783902000000,D000696,1783902000000,1783905000000,1.1428,1.14275,1,1,3,2824
696,ZONE_CREATED,2026-07-12 21:28:00.000,1783902480000,D000697,1783902480000,1783905480000,1.14325,1.1432,1,-1,5,2832
697,ZONE_CREATED,2026-07-12 21:29:00.000,1783902540000,D000698,1783902540000,1783905540000,1.14325,1.1432,1,-1,6,2833
698,ZONE_CREATED,2026-07-12 21:38:00.000,1783903080000,D000699,1783903080000,1783906080000,1.1429,1.14285,1,-1,1,2842
699,ZONE_CREATED,2026-07-12 21:40:00.000,1783903200000,D000700,1783903200000,1783906200000,1.1426,1.14255,1,-1,1,2844
700,ZONE_CREATED,2026-07-12 21:45:00.000,1783903500000,D000701,1783903500000,1783906500000,1.1427,1.14265,1,1,1,2849
701,ZONE_CREATED,2026-07-12 21:47:00.000,1783903620000,D000702,1783903620000,1783906620000,1.1428,1.14275,1,-1,2,2851
702,ZONE_CREATED,2026-07-12 21:49:00.000,1783903740000,D000703,1783903740000,1783906740000,1.1427,1.14265,1,-1,2,2853
703,ZONE_CREATED,2026-07-12 21:52:00.000,1783903920000,D000704,1783903920000,1783906920000,1.1426,1.14255,1,-1,2,2856
704,ZONE_CREATED,2026-07-12 21:59:00.000,1783904340000,D000705,1783904340000,1783907340000,1.1426,1.14255,1,-1,3,2863
705,ZONE_CREATED,2026-07-12 22:09:00.000,1783904940000,D000706,1783904940000,1783907940000,1.1422,1.14215,1,-1,1,2873
706,ZONE_CREATED,2026-07-12 22:11:00.000,1783905060000,D000707,1783905060000,1783908060000,1.1422,1.14215,1,1,2,2875
707,ZONE_CREATED,2026-07-12 22:16:00.000,1783905360000,D000708,1783905360000,1783908360000,1.1422,1.14215,1,1,3,2880
708,ZONE_CREATED,2026-07-12 22:18:00.000,1783905480000,D000709,1783905480000,1783908480000,1.14215,1.1421,1,-1,4,2882
709,ZONE_CREATED,2026-07-12 22:21:00.000,1783905660000,D000710,1783905660000,1783908660000,1.14215,1.1421,1,-1,5,2885
710,ZONE_CREATED,2026-07-12 22:23:00.000,1783905780000,D000711,1783905780000,1783908780000,1.14195,1.1419,1,1,1,2887
711,ZONE_CREATED,2026-07-12 22:25:00.000,1783905900000,D000712,1783905900000,1783908900000,1.14165,1.1416,1,-1,1,2889
712,ZONE_CREATED,2026-07-12 22:28:00.000,1783906080000,D000713,1783906080000,1783909080000,1.14175,1.1417,1,1,1,2892
713,ZONE_CREATED,2026-07-12 22:32:00.000,1783906320000,D000714,1783906320000,1783909320000,1.1422,1.1421,2,-1,6,2896
714,ZONE_CREATED,2026-07-12 22:33:00.000,1783906380000,D000715,1783906380000,1783909380000,1.1422,1.14215,1,1,7,2897
715,ZONE_CREATED,2026-07-12 22:38:00.000,1783906680000,D000716,1783906680000,1783909680000,1.1423,1.14225,1,1,1,2902
716,ZONE_CREATED,2026-07-12 22:42:00.000,1783906920000,D000717,1783906920000,1783909920000,1.1424,1.14235,1,1,1,2906
717,ZONE_CREATED,2026-07-12 22:45:00.000,1783907100000,D000718,1783907100000,1783910100000,1.1425,1.14245,1,1,1,2909
718,ZONE_CREATED,2026-07-12 22:52:00.000,1783907520000,D000719,1783907520000,1783910520000,1.1426,1.14255,1,1,1,2916
719,ZONE_CREATED,2026-07-12 22:56:00.000,1783907760000,D000720,1783907760000,1783910760000,1.1424,1.14235,1,-1,2,2920
720,ZONE_CREATED,2026-07-12 23:00:00.000,1783908000000,D000721,1783908000000,1783911000000,1.1427,1.14265,1,1,1,2924
721,ZONE_CREATED,2026-07-12 23:05:00.000,1783908300000,D000722,1783908300000,1783911300000,1.1424,1.14235,1,1,3,2929
722,ZONE_CREATED,2026-07-12 23:06:00.000,1783908360000,D000723,1783908360000,1783911360000,1.1424,1.14235,1,-1,4,2930
723,ZONE_CREATED,2026-07-12 23:07:00.000,1783908420000,D000724,1783908420000,1783911420000,1.1425,1.14245,1,1,2,2931
724,ZONE_CREATED,2026-07-12 23:10:00.000,1783908600000,D000725,1783908600000,1783911600000,1.1425,1.14245,1,1,3,2934
725,ZONE_CREATED,2026-07-12 23:14:00.000,1783908840000,D000726,1783908840000,1783911840000,1.1425,1.14245,1,-1,4,2938
726,ZONE_CREATED,2026-07-12 23:22:00.000,1783909320000,D000727,1783909320000,1783912320000,1.1425,1.14245,1,-1,5,2946
727,ZONE_CREATED,2026-07-12 23:25:00.000,1783909500000,D000728,1783909500000,1783912500000,1.1425,1.14245,1,1,6,2949
728,ZONE_CREATED,2026-07-12 23:27:00.000,1783909620000,D000729,1783909620000,1783912620000,1.1424,1.14235,1,-1,5,2951
729,ZONE_CREATED,2026-07-12 23:30:00.000,1783909800000,D000730,1783909800000,1783912800000,1.1425,1.14245,1,1,7,2954
730,ZONE_CREATED,2026-07-12 23:34:00.000,1783910040000,D000731,1783910040000,1783913040000,1.1425,1.14245,1,1,8,2958
731,ZONE_CREATED,2026-07-12 23:35:00.000,1783910100000,D000732,1783910100000,1783913100000,1.1425,1.14245,1,1,9,2959
732,ZONE_CREATED,2026-07-12 23:38:00.000,1783910280000,D000733,1783910280000,1783913280000,1.1428,1.14275,1,1,1,2962
733,ZONE_CREATED,2026-07-12 23:41:00.000,1783910460000,D000734,1783910460000,1783913460000,1.1428,1.14275,1,1,2,2965
734,ZONE_CREATED,2026-07-12 23:51:00.000,1783911060000,D000735,1783911060000,1783914060000,1.1426,1.14255,1,-1,1,2975
735,ZONE_CREATED,2026-07-12 23:55:00.000,1783911300000,D000736,1783911300000,1783914300000,1.1425,1.14245,1,1,9,2979
736,ZONE_CREATED,2026-07-12 23:59:00.000,1783911540000,D000737,1783911540000,1783914540000,1.1425,1.14245,1,1,9,2983
737,ZONE_CREATED,2026-07-13 00:00:00.000,1783911600000,D000738,1783911600000,1783914600000,1.1424,1.14235,1,1,2,2984
738,ZONE_CREATED,2026-07-13 00:04:00.000,1783911840000,D000739,1783911840000,1783914840000,1.1424,1.14235,1,-1,3,2988
739,ZONE_CREATED,2026-07-13 00:10:00.000,1783912200000,D000740,1783912200000,1783915200000,1.14215,1.1421,1,1,1,2994
740,ZONE_CREATED,2026-07-13 00:16:00.000,1783912560000,D000741,1783912560000,1783915560000,1.1424,1.14235,1,1,4,3000
741,ZONE_CREATED,2026-07-13 00:21:00.000,1783912860000,D000742,1783912860000,1783915860000,1.1425,1.14245,1,1,5,3005
742,ZONE_CREATED,2026-07-13 00:24:00.000,1783913040000,D000743,1783913040000,1783916040000,1.1425,1.14245,1,1,6,3007
743,ZONE_CREATED,2026-07-13 00:25:00.000,1783913100000,D000744,1783913100000,1783916100000,1.14245,1.14235,2,-1,10,3008
744,ZONE_CREATED,2026-07-13 00:28:00.000,1783913280000,D000745,1783913280000,1783916280000,1.1424,1.14235,1,1,5,3009
745,ZONE_CREATED,2026-07-13 00:45:00.000,1783914300000,D000746,1783914300000,1783917300000,1.1426,1.14255,1,1,2,3023
746,ZONE_CREATED,2026-07-13 00:49:00.000,1783914540000,D000747,1783914540000,1783917540000,1.1427,1.14265,1,-1,1,3025
747,ZONE_CREATED,2026-07-13 00:50:00.000,1783914600000,D000748,1783914600000,1783917600000,1.1427,1.14265,1,1,2,3026
748,ZONE_CREATED,2026-07-13 00:51:00.000,1783914660000,D000749,1783914660000,1783917660000,1.1427,1.14265,1,-1,3,3027
749,ZONE_CREATED,2026-07-13 00:53:00.000,1783914780000,D000750,1783914780000,1783917780000,1.1426,1.14255,1,-1,2,3029
750,ZONE_CREATED,2026-07-13 00:55:00.000,1783914900000,D000751,1783914900000,1783917900000,1.1426,1.14255,1,1,3,3031
751,ZONE_CREATED,2026-07-13 01:06:00.000,1783915560000,D000752,1783915560000,1783918560000,1.1427,1.14265,1,1,4,3041
752,ZONE_CREATED,2026-07-13 01:11:00.000,1783915860000,D000753,1783915860000,1783918860000,1.1427,1.14265,1,-1,5,3045
753,ZONE_CREATED,2026-07-13 01:23:00.000,1783916580000,D000754,1783916580000,1783919580000,1.14295,1.14285,2,-1,1,3055
754,ZONE_CREATED,2026-07-13 01:25:00.000,1783916700000,D000755,1783916700000,1783919700000,1.1429,1.14285,1,1,2,3057
755,ZONE_CREATED,2026-07-13 01:27:00.000,1783916820000,D000756,1783916820000,1783919820000,1.1429,1.14285,1,1,3,3059
756,ZONE_CREATED,2026-07-13 01:32:00.000,1783917120000,D000757,1783917120000,1783920120000,1.1431,1.14305,1,1,1,3064
757,ZONE_CREATED,2026-07-13 01:37:00.000,1783917420000,D000758,1783917420000,1783920420000,1.14315,1.1431,1,1,2,3068
758,ZONE_CREATED,2026-07-13 01:42:00.000,1783917720000,D000759,1783917720000,1783920720000,1.14315,1.1431,1,-1,3,3072
759,ZONE_CREATED,2026-07-13 01:45:00.000,1783917900000,D000760,1783917900000,1783920900000,1.1431,1.14305,1,1,4,3075
760,ZONE_CREATED,2026-07-13 01:48:00.000,1783918080000,D000761,1783918080000,1783921080000,1.14315,1.1431,1,1,5,3078
761,ZONE_CREATED,2026-07-13 01:49:00.000,1783918140000,D000762,1783918140000,1783921140000,1.14315,1.1431,1,-1,6,3079
762,ZONE_CREATED,2026-07-13 01:51:00.000,1783918260000,D000763,1783918260000,1783921260000,1.1431,1.14305,1,1,7,3081
763,ZONE_CREATED,2026-07-13 01:56:00.000,1783918560000,D000764,1783918560000,1783921560000,1.14335,1.1433,1,1,1,3086
764,ZONE_CREATED,2026-07-13 02:19:00.000,1783919940000,D000765,1783919940000,1783922940000,1.14355,1.1435,1,-1,1,3109
765,ZONE_CREATED,2026-07-13 02:23:00.000,1783920180000,D000766,1783920180000,1783923180000,1.14335,1.1433,1,-1,2,3113
766,ZONE_CREATED,2026-07-13 02:25:00.000,1783920300000,D000767,1783920300000,1783923300000,1.1433,1.1432,2,1,3,3115
767,ZONE_CREATED,2026-07-13 02:29:00.000,1783920540000,D000768,1783920540000,1783923540000,1.14315,1.1431,1,-1,6,3119
768,ZONE_CREATED,2026-07-13 02:35:00.000,1783920900000,D000769,1783920900000,1783923900000,1.14325,1.1432,1,1,2,3125
769,ZONE_CREATED,2026-07-13 02:37:00.000,1783921020000,D000770,1783921020000,1783924020000,1.14325,1.1432,1,-1,3,3127
770,ZONE_CREATED,2026-07-13 02:40:00.000,1783921200000,D000771,1783921200000,1783924200000,1.14325,1.1432,1,1,4,3130
771,ZONE_CREATED,2026-07-13 02:45:00.000,1783921500000,D000772,1783921500000,1783924500000,1.1431,1.14305,1,-1,2,3135
772,ZONE_CREATED,2026-07-13 02:46:00.000,1783921560000,D000773,1783921560000,1783924560000,1.1431,1.14305,1,-1,3,3136
773,ZONE_CREATED,2026-07-13 02:48:00.000,1783921680000,D000774,1783921680000,1783924680000,1.14315,1.1431,1,1,4,3138
774,ZONE_CREATED,2026-07-13 02:51:00.000,1783921860000,D000775,1783921860000,1783924860000,1.14335,1.1433,1,1,3,3141
775,ZONE_CREATED,2026-07-13 02:52:00.000,1783921920000,D000776,1783921920000,1783924920000,1.1433,1.1432,2,-1,7,3142
776,ZONE_CREATED,2026-07-13 02:53:00.000,1783921980000,D000777,1783921980000,1783924980000,1.1432,1.14305,3,-1,10,3143
777,ZONE_CREATED,2026-07-13 02:54:00.000,1783922040000,D000778,1783922040000,1783925040000,1.143,1.14295,1,1,1,3144
778,ZONE_CREATED,2026-07-13 02:55:00.000,1783922100000,D000779,1783922100000,1783925100000,1.143,1.14295,1,1,2,3145
779,ZONE_CREATED,2026-07-13 02:56:00.000,1783922160000,D000780,1783922160000,1783925160000,1.1429,1.1428,2,1,1,3146
780,ZONE_CREATED,2026-07-13 03:00:00.000,1783922400000,D000781,1783922400000,1783925400000,1.14285,1.1427,3,1,2,3150
781,ZONE_CREATED,2026-07-13 03:03:00.000,1783922580000,D000782,1783922580000,1783925580000,1.1427,1.14265,1,1,2,3153
782,ZONE_CREATED,2026-07-13 03:05:00.000,1783922700000,D000783,1783922700000,1783925700000,1.1428,1.14275,1,1,3,3155
783,ZONE_CREATED,2026-07-13 03:07:00.000,1783922820000,D000784,1783922820000,1783925820000,1.1428,1.14275,1,-1,4,3157
784,ZONE_CREATED,2026-07-13 03:13:00.000,1783923180000,D000785,1783923180000,1783926180000,1.1427,1.14265,1,1,3,3163
785,ZONE_CREATED,2026-07-13 03:14:00.000,1783923240000,D000786,1783923240000,1783926240000,1.1426,1.14255,1,1,1,3164
786,ZONE_CREATED,2026-07-13 03:25:00.000,1783923900000,D000787,1783923900000,1783926900000,1.1431,1.14305,1,1,5,3175
787,ZONE_CREATED,2026-07-13 03:30:00.000,1783924200000,D000788,1783924200000,1783927200000,1.14335,1.1433,1,1,3,3180
788,ZONE_CREATED,2026-07-13 03:35:00.000,1783924500000,D000789,1783924500000,1783927500000,1.14345,1.1434,1,1,1,3185
789,ZONE_CREATED,2026-07-13 03:36:00.000,1783924560000,D000790,1783924560000,1783927560000,1.14355,1.1435,1,1,1,3186
790,ZONE_CREATED,2026-07-13 03:38:00.000,1783924680000,D000791,1783924680000,1783927680000,1.14355,1.1435,1,-1,2,3188
791,ZONE_CREATED,2026-07-13 03:44:00.000,1783925040000,D000792,1783925040000,1783928040000,1.14355,1.1435,1,-1,3,3194
792,ZONE_CREATED,2026-07-13 03:45:00.000,1783925100000,D000793,1783925100000,1783928100000,1.14345,1.1434,1,-1,2,3195
793,ZONE_CREATED,2026-07-13 03:47:00.000,1783925220000,D000794,1783925220000,1783928220000,1.14335,1.1433,1,-1,2,3197
794,ZONE_CREATED,2026-07-13 03:48:00.000,1783925280000,D000795,1783925280000,1783928280000,1.14335,1.1433,1,1,3,3198
795,ZONE_CREATED,2026-07-13 03:56:00.000,1783925760000,D000796,1783925760000,1783928760000,1.1431,1.14305,1,-1,2,3206
796,ZONE_CREATED,2026-07-13 03:57:00.000,1783925820000,D000797,1783925820000,1783928820000,1.14315,1.1431,1,-1,3,3207
797,ZONE_CREATED,2026-07-13 03:59:00.000,1783925940000,D000798,1783925940000,1783928940000,1.14315,1.1431,1,-1,4,3209
798,ZONE_CREATED,2026-07-13 04:00:00.000,1783926000000,D000799,1783926000000,1783929000000,1.1431,1.14305,1,1,5,3210
799,ZONE_CREATED,2026-07-13 04:01:00.000,1783926060000,D000800,1783926060000,1783929060000,1.14325,1.1432,1,-1,1,3211
800,ZONE_CREATED,2026-07-13 04:02:00.000,1783926120000,D000801,1783926120000,1783929120000,1.14315,1.1431,1,-1,6,3212
801,ZONE_CREATED,2026-07-13 04:07:00.000,1783926420000,D000802,1783926420000,1783929420000,1.1435,1.1434,2,-1,6,3217
802,ZONE_CREATED,2026-07-13 04:18:00.000,1783927080000,D000803,1783927080000,1783930080000,1.14365,1.1436,1,-1,1,3228
803,ZONE_CREATED,2026-07-13 04:19:00.000,1783927140000,D000804,1783927140000,1783930140000,1.14375,1.1437,1,-1,1,3229
804,ZONE_CREATED,2026-07-13 04:22:00.000,1783927320000,D000805,1783927320000,1783930320000,1.14385,1.1438,1,-1,1,3232
805,ZONE_CREATED,2026-07-13 04:23:00.000,1783927380000,D000806,1783927380000,1783930380000,1.14385,1.1438,1,-1,2,3233
806,ZONE_CREATED,2026-07-13 04:42:00.000,1783928520000,D000807,1783928520000,1783931520000,1.1448,1.14475,1,1,1,3252
807,ZONE_CREATED,2026-07-13 04:43:00.000,1783928580000,D000808,1783928580000,1783931580000,1.1448,1.14475,1,-1,2,3253
808,ZONE_CREATED,2026-07-13 04:52:00.000,1783929120000,D000809,1783929120000,1783932120000,1.14535,1.1453,1,-1,1,3262
809,ZONE_CREATED,2026-07-13 04:55:00.000,1783929300000,D000810,1783929300000,1783932300000,1.14555,1.1455,1,1,1,3265
810,ZONE_CREATED,2026-07-13 04:56:00.000,1783929360000,D000811,1783929360000,1783932360000,1.14555,1.1455,1,-1,2,3266
811,ZONE_CREATED,2026-07-13 05:06:00.000,1783929960000,D000812,1783929960000,1783932960000,1.14595,1.1459,1,-1,1,3276
812,ZONE_CREATED,2026-07-13 05:07:00.000,1783930020000,D000813,1783930020000,1783933020000,1.14595,1.1459,1,-1,2,3277
813,ZONE_CREATED,2026-07-13 05:08:00.000,1783930080000,D000814,1783930080000,1783933080000,1.14585,1.1458,1,-1,1,3278
814,ZONE_CREATED,2026-07-13 05:15:00.000,1783930500000,D000815,1783930500000,1783933500000,1.147,1.14695,1,1,1,3285
815,ZONE_CREATED,2026-07-13 05:17:00.000,1783930620000,D000816,1783930620000,1783933620000,1.1472,1.14715,1,-1,1,3287
816,ZONE_CREATED,2026-07-13 05:18:00.000,1783930680000,D000817,1783930680000,1783933680000,1.14755,1.1475,1,1,1,3288
817,ZONE_CREATED,2026-07-13 05:20:00.000,1783930800000,D000818,1783930800000,1783933800000,1.1472,1.14715,1,1,2,3290
818,ZONE_CREATED,2026-07-13 05:22:00.000,1783930920000,D000819,1783930920000,1783933920000,1.1472,1.14715,1,-1,3,3292
819,ZONE_CREATED,2026-07-13 05:25:00.000,1783931100000,D000820,1783931100000,1783934100000,1.147,1.14695,1,-1,2,3295
820,ZONE_CREATED,2026-07-13 05:31:00.000,1783931460000,D000821,1783931460000,1783934460000,1.1467,1.14665,1,-1,1,3301
821,ZONE_CREATED,2026-07-13 05:32:00.000,1783931520000,D000822,1783931520000,1783934520000,1.14675,1.14665,2,-1,2,3302
822,ZONE_CREATED,2026-07-13 05:35:00.000,1783931700000,D000823,1783931700000,1783934700000,1.1468,1.14675,1,-1,2,3305
823,ZONE_CREATED,2026-07-13 05:36:00.000,1783931760000,D000824,1783931760000,1783934760000,1.1468,1.14675,1,-1,3,3306
824,ZONE_CREATED,2026-07-13 05:38:00.000,1783931880000,D000825,1783931880000,1783934880000,1.1466,1.14655,1,1,1,3308
825,ZONE_CREATED,2026-07-13 05:39:00.000,1783931940000,D000826,1783931940000,1783934940000,1.1468,1.14675,1,1,4,3309
826,ZONE_CREATED,2026-07-13 05:44:00.000,1783932240000,D000827,1783932240000,1783935240000,1.1469,1.14685,1,-1,1,3314
827,ZONE_CREATED,2026-07-13 05:49:00.000,1783932540000,D000828,1783932540000,1783935540000,1.1469,1.14685,1,1,2,3319
828,ZONE_CREATED,2026-07-13 05:54:00.000,1783932840000,D000829,1783932840000,1783935840000,1.1468,1.14675,1,1,5,3324
829,ZONE_CREATED,2026-07-13 05:56:00.000,1783932960000,D000830,1783932960000,1783935960000,1.1468,1.14675,1,-1,6,3326
830,ZONE_CREATED,2026-07-13 05:57:00.000,1783933020000,D000831,1783933020000,1783936020000,1.1468,1.14675,1,1,7,3327
831,ZONE_CREATED,2026-07-13 06:00:00.000,1783933200000,D000832,1783933200000,1783936200000,1.1466,1.14655,1,-1,2,3330
832,ZONE_CREATED,2026-07-13 06:08:00.000,1783933680000,D000833,1783933680000,1783936680000,1.1465,1.14645,1,-1,1,3338
833,ZONE_CREATED,2026-07-13 06:10:00.000,1783933800000,D000834,1783933800000,1783936800000,1.1464,1.14635,1,1,1,3340
834,ZONE_CREATED,2026-07-13 06:13:00.000,1783933980000,D000835,1783933980000,1783936980000,1.1462,1.14615,1,-1,1,3343
835,ZONE_CREATED,2026-07-13 06:14:00.000,1783934040000,D000836,1783934040000,1783937040000,1.14615,1.1461,1,-1,2,3344
836,ZONE_CREATED,2026-07-13 06:15:00.000,1783934100000,D000837,1783934100000,1783937100000,1.14615,1.1461,1,-1,3,3345
837,ZONE_CREATED,2026-07-13 06:27:00.000,1783934820000,D000838,1783934820000,1783937820000,1.14595,1.1459,1,1,1,3357
838,ZONE_CREATED,2026-07-13 06:30:00.000,1783935000000,D000839,1783935000000,1783938000000,1.14615,1.1461,1,-1,4,3360
839,ZONE_CREATED,2026-07-13 06:38:00.000,1783935480000,D000840,1783935480000,1783938480000,1.14595,1.1459,1,1,2,3368
840,ZONE_CREATED,2026-07-13 06:41:00.000,1783935660000,D000841,1783935660000,1783938660000,1.14585,1.1458,1,1,1,3371
841,ZONE_CREATED,2026-07-13 06:47:00.000,1783936020000,D000842,1783936020000,1783939020000,1.14605,1.146,1,-1,1,3377
842,ZONE_CREATED,2026-07-13 06:55:00.000,1783936500000,D000843,1783936500000,1783939500000,1.14595,1.14585,2,1,4,3385
843,ZONE_CREATED,2026-07-13 06:56:00.000,1783936560000,D000844,1783936560000,1783939560000,1.14605,1.146,1,-1,2,3386
844,ZONE_CREATED,2026-07-13 07:02:00.000,1783936920000,D000845,1783936920000,1783939920000,1.14615,1.1461,1,1,5,3392
845,ZONE_CREATED,2026-07-13 07:07:00.000,1783937220000,D000846,1783937220000,1783940220000,1.1462,1.14615,1,1,3,3397
846,ZONE_CREATED,2026-07-13 07:09:00.000,1783937340000,D000847,1783937340000,1783940340000,1.1464,1.14635,1,-1,1,3399
847,ZONE_CREATED,2026-07-13 07:15:00.000,1783937700000,D000848,1783937700000,1783940700000,1.14615,1.1461,1,-1,4,3405
848,ZONE_CREATED,2026-07-13 07:17:00.000,1783937820000,D000849,1783937820000,1783940820000,1.14615,1.14605,2,-1,7,3407
849,ZONE_CREATED,2026-07-13 07:21:00.000,1783938060000,D000850,1783938060000,1783941060000,1.14595,1.1459,1,1,3,3411
850,ZONE_CREATED,2026-07-13 07:25:00.000,1783938300000,D000851,1783938300000,1783941300000,1.14595,1.1459,1,1,4,3415
851,ZONE_CREATED,2026-07-13 07:37:00.000,1783939020000,D000852,1783939020000,1783942020000,1.14565,1.1456,1,1,1,3427
852,ZONE_CREATED,2026-07-13 07:38:00.000,1783939080000,D000853,1783939080000,1783942080000,1.14585,1.1458,1,1,2,3428
853,ZONE_CREATED,2026-07-13 07:43:00.000,1783939380000,D000854,1783939380000,1783942380000,1.14605,1.146,1,-1,3,3433
854,ZONE_CREATED,2026-07-13 07:46:00.000,1783939560000,D000855,1783939560000,1783942560000,1.14595,1.1459,1,1,3,3436
855,ZONE_CREATED,2026-07-13 07:50:00.000,1783939800000,D000856,1783939800000,1783942800000,1.1463,1.14625,1,-1,1,3440
856,ZONE_CREATED,2026-07-13 07:52:00.000,1783939920000,D000857,1783939920000,1783942920000,1.1464,1.14635,1,1,2,3442
857,ZONE_CREATED,2026-07-13 08:04:00.000,1783940640000,D000858,1783940640000,1783943640000,1.1464,1.14635,1,-1,2,3454
858,ZONE_CREATED,2026-07-13 08:17:00.000,1783941420000,D000859,1783941420000,1783944420000,1.14585,1.1458,1,-1,2,3467
859,ZONE_CREATED,2026-07-13 08:20:00.000,1783941600000,D000860,1783941600000,1783944600000,1.14565,1.1456,1,1,2,3470
860,ZONE_CREATED,2026-07-13 08:21:00.000,1783941660000,D000861,1783941660000,1783944660000,1.14555,1.1455,1,1,1,3471
861,ZONE_CREATED,2026-07-13 08:23:00.000,1783941780000,D000862,1783941780000,1783944780000,1.14565,1.1456,1,1,3,3473
862,ZONE_CREATED,2026-07-13 08:27:00.000,1783942020000,D000863,1783942020000,1783945020000,1.14595,1.1459,1,-1,2,3477
863,ZONE_CREATED,2026-07-13 08:31:00.000,1783942260000,D000864,1783942260000,1783945260000,1.14595,1.1459,1,-1,3,3481
864,ZONE_CREATED,2026-07-13 08:38:00.000,1783942680000,D000865,1783942680000,1783945680000,1.14575,1.1457,1,-1,1,3488
865,ZONE_CREATED,2026-07-13 08:40:00.000,1783942800000,D000866,1783942800000,1783945800000,1.14575,1.1457,1,-1,2,3490
866,ZONE_CREATED,2026-07-13 08:41:00.000,1783942860000,D000867,1783942860000,1783945860000,1.14585,1.1458,1,1,2,3491
867,ZONE_CREATED,2026-07-13 08:42:00.000,1783942920000,D000868,1783942920000,1783945920000,1.14585,1.1458,1,1,3,3492
868,ZONE_CREATED,2026-07-13 08:44:00.000,1783943040000,D000869,1783943040000,1783946040000,1.14595,1.1459,1,1,3,3494
869,ZONE_CREATED,2026-07-13 08:46:00.000,1783943160000,D000870,1783943160000,1783946160000,1.14585,1.1458,1,1,4,3496
870,ZONE_CREATED,2026-07-13 08:52:00.000,1783943520000,D000871,1783943520000,1783946520000,1.14585,1.1458,1,-1,5,3502
871,ZONE_CREATED,2026-07-13 09:01:00.000,1783944060000,D000872,1783944060000,1783947060000,1.14595,1.1459,1,-1,4,3511
872,ZONE_CREATED,2026-07-13 09:02:00.000,1783944120000,D000873,1783944120000,1783947120000,1.14595,1.1459,1,-1,5,3512
873,ZONE_CREATED,2026-07-13 09:04:00.000,1783944240000,D000874,1783944240000,1783947240000,1.1458,1.1457,2,1,8,3514
874,ZONE_CREATED,2026-07-13 09:06:00.000,1783944360000,D000875,1783944360000,1783947360000,1.14575,1.1457,1,1,4,3516
875,ZONE_CREATED,2026-07-13 09:07:00.000,1783944420000,D000876,1783944420000,1783947420000,1.14565,1.1456,1,-1,3,3517
876,ZONE_CREATED,2026-07-13 09:12:00.000,1783944720000,D000877,1783944720000,1783947720000,1.14535,1.1453,1,-1,1,3522
877,ZONE_CREATED,2026-07-13 09:13:00.000,1783944780000,D000878,1783944780000,1783947780000,1.1451,1.14505,1,1,1,3523
878,ZONE_CREATED,2026-07-13 09:16:00.000,1783944960000,D000879,1783944960000,1783947960000,1.1452,1.14515,1,-1,1,3526
879,ZONE_CREATED,2026-07-13 09:22:00.000,1783945320000,D000880,1783945320000,1783948320000,1.14525,1.1452,1,-1,2,3532
880,ZONE_CREATED,2026-07-13 09:24:00.000,1783945440000,D000881,1783945440000,1783948440000,1.14535,1.1453,1,1,2,3534
881,ZONE_CREATED,2026-07-13 09:25:00.000,1783945500000,D000882,1783945500000,1783948500000,1.14545,1.1454,1,1,1,3535
882,ZONE_CREATED,2026-07-13 09:28:00.000,1783945680000,D000883,1783945680000,1783948680000,1.1452,1.14515,1,-1,3,3538
883,ZONE_CREATED,2026-07-13 09:33:00.000,1783945980000,D000884,1783945980000,1783948980000,1.14555,1.1455,1,1,1,3543
884,ZONE_CREATED,2026-07-13 09:36:00.000,1783946160000,D000885,1783946160000,1783949160000,1.14575,1.1457,1,1,3,3546
885,ZONE_CREATED,2026-07-13 09:40:00.000,1783946400000,D000886,1783946400000,1783949400000,1.14565,1.1456,1,-1,2,3550
886,ZONE_CREATED,2026-07-13 09:41:00.000,1783946460000,D000887,1783946460000,1783949460000,1.14575,1.1457,1,-1,4,3551
887,ZONE_CREATED,2026-07-13 09:42:00.000,1783946520000,D000888,1783946520000,1783949520000,1.14575,1.1457,1,-1,5,3552
888,ZONE_CREATED,2026-07-13 09:48:00.000,1783946880000,D000889,1783946880000,1783949880000,1.14565,1.1456,1,-1,3,3558
889,ZONE_CREATED,2026-07-13 09:51:00.000,1783947060000,D000890,1783947060000,1783950060000,1.14555,1.1455,1,1,2,3561
890,ZONE_CREATED,2026-07-13 09:53:00.000,1783947180000,D000891,1783947180000,1783950180000,1.14535,1.1453,1,-1,3,3563
891,ZONE_CREATED,2026-07-13 09:55:00.000,1783947300000,D000892,1783947300000,1783950300000,1.14555,1.1455,1,1,3,3565
892,ZONE_CREATED,2026-07-13 10:03:00.000,1783947780000,D000893,1783947780000,1783950780000,1.14615,1.1461,1,-1,1,3573
893,ZONE_CREATED,2026-07-13 10:05:00.000,1783947900000,D000894,1783947900000,1783950900000,1.14605,1.146,1,-1,1,3575
894,ZONE_CREATED,2026-07-13 10:07:00.000,1783948020000,D000895,1783948020000,1783951020000,1.14595,1.1459,1,1,1,3577
895,ZONE_CREATED,2026-07-13 10:12:00.000,1783948320000,D000896,1783948320000,1783951320000,1.14565,1.1456,1,-1,3,3582
896,ZONE_CREATED,2026-07-13 10:19:00.000,1783948740000,D000897,1783948740000,1783951740000,1.14555,1.1455,1,-1,4,3589
897,ZONE_CREATED,2026-07-13 10:26:00.000,1783949160000,D000898,1783949160000,1783952160000,1.14535,1.1453,1,-1,2,3596
898,ZONE_CREATED,2026-07-13 10:27:00.000,1783949220000,D000899,1783949220000,1783952220000,1.14535,1.1453,1,-1,3,3597
899,ZONE_CREATED,2026-07-13 10:41:00.000,1783950060000,D000900,1783950060000,1783953060000,1.14535,1.1453,1,1,4,3611
900,ZONE_CREATED,2026-07-13 10:42:00.000,1783950120000,D000901,1783950120000,1783953120000,1.14525,1.1452,1,-1,1,3612
901,ZONE_CREATED,2026-07-13 10:43:00.000,1783950180000,D000902,1783950180000,1783953180000,1.145,1.14495,1,1,1,3613
902,ZONE_CREATED,2026-07-13 10:51:00.000,1783950660000,D000903,1783950660000,1783953660000,1.1448,1.14475,1,1,1,3621
903,ZONE_CREATED,2026-07-13 10:54:00.000,1783950840000,D000904,1783950840000,1783953840000,1.1448,1.14475,1,-1,2,3624
904,ZONE_CREATED,2026-07-13 10:56:00.000,1783950960000,D000905,1783950960000,1783953960000,1.1448,1.14475,1,1,3,3626
905,ZONE_CREATED,2026-07-13 10:58:00.000,1783951080000,D000906,1783951080000,1783954080000,1.1447,1.14465,1,1,1,3628
906,ZONE_CREATED,2026-07-13 11:00:00.000,1783951200000,D000907,1783951200000,1783954200000,1.1445,1.14445,1,-1,1,3630
907,ZONE_CREATED,2026-07-13 11:01:00.000,1783951260000,D000908,1783951260000,1783954260000,1.1444,1.14435,1,-1,1,3631
908,ZONE_CREATED,2026-07-13 11:03:00.000,1783951380000,D000909,1783951380000,1783954380000,1.1442,1.14415,1,-1,1,3633
909,ZONE_CREATED,2026-07-13 11:13:00.000,1783951980000,D000910,1783951980000,1783954980000,1.1444,1.14435,1,1,2,3643
910,ZONE_CREATED,2026-07-13 11:16:00.000,1783952160000,D000911,1783952160000,1783955160000,1.1444,1.14435,1,1,3,3646
911,ZONE_CREATED,2026-07-13 11:18:00.000,1783952280000,D000912,1783952280000,1783955280000,1.1434,1.1433,2,1,1,3648
912,ZONE_CREATED,2026-07-13 11:19:00.000,1783952340000,D000913,1783952340000,1783955340000,1.14365,1.1436,1,-1,1,3649
913,ZONE_CREATED,2026-07-13 11:21:00.000,1783952460000,D000914,1783952460000,1783955460000,1.14355,1.1435,1,1,1,3651
914,ZONE_CREATED,2026-07-13 11:22:00.000,1783952520000,D000915,1783952520000,1783955520000,1.14325,1.1432,1,-1,1,3652
915,ZONE_CREATED,2026-07-13 11:23:00.000,1783952580000,D000916,1783952580000,1783955580000,1.14345,1.1434,1,-1,2,3653
916,ZONE_CREATED,2026-07-13 11:25:00.000,1783952700000,D000917,1783952700000,1783955700000,1.14365,1.1436,1,-1,2,3655
917,ZONE_CREATED,2026-07-13 11:33:00.000,1783953180000,D000918,1783953180000,1783956180000,1.14365,1.1436,1,1,3,3663
918,ZONE_CREATED,2026-07-13 11:54:00.000,1783954440000,D000919,1783954440000,1783957440000,1.143,1.14295,1,1,1,3684
919,ZONE_CREATED,2026-07-13 12:08:00.000,1783955280000,D000920,1783955280000,1783958280000,1.14345,1.1434,1,-1,3,3698
920,ZONE_CREATED,2026-07-13 12:12:00.000,1783955520000,D000921,1783955520000,1783958520000,1.14305,1.14295,2,1,2,3702
921,ZONE_CREATED,2026-07-13 12:13:00.000,1783955580000,D000922,1783955580000,1783958580000,1.1431,1.14305,1,-1,2,3703
922,ZONE_CREATED,2026-07-13 12:15:00.000,1783955700000,D000923,1783955700000,1783958700000,1.1428,1.14275,1,-1,1,3705
923,ZONE_CREATED,2026-07-13 12:23:00.000,1783956180000,D000924,1783956180000,1783959180000,1.14315,1.1431,1,1,2,3713
924,ZONE_CREATED,2026-07-13 12:35:00.000,1783956900000,D000925,1783956900000,1783959900000,1.1427,1.14265,1,1,1,3725
925,ZONE_CREATED,2026-07-13 12:36:00.000,1783956960000,D000926,1783956960000,1783959960000,1.1427,1.14265,1,-1,2,3726
926,ZONE_CREATED,2026-07-13 12:41:00.000,1783957260000,D000927,1783957260000,1783960260000,1.1428,1.14275,1,1,2,3731
927,ZONE_CREATED,2026-07-13 12:42:00.000,1783957320000,D000928,1783957320000,1783960320000,1.1429,1.14285,1,1,1,3732
928,ZONE_CREATED,2026-07-13 12:47:00.000,1783957620000,D000929,1783957620000,1783960620000,1.1428,1.14275,1,-1,3,3737
929,ZONE_CREATED,2026-07-13 12:49:00.000,1783957740000,D000930,1783957740000,1783960740000,1.1428,1.14275,1,-1,4,3739
930,ZONE_CREATED,2026-07-13 12:51:00.000,1783957860000,D000931,1783957860000,1783960860000,1.1428,1.14275,1,1,5,3741
931,ZONE_CREATED,2026-07-13 12:54:00.000,1783958040000,D000932,1783958040000,1783961040000,1.143,1.14295,1,1,2,3744
932,ZONE_CREATED,2026-07-13 12:55:00.000,1783958100000,D000933,1783958100000,1783961100000,1.1431,1.14305,1,-1,4,3745
933,ZONE_CREATED,2026-07-13 13:01:00.000,1783958460000,D000934,1783958460000,1783961460000,1.1431,1.14305,1,-1,5,3751
934,ZONE_CREATED,2026-07-13 13:03:00.000,1783958580000,D000935,1783958580000,1783961580000,1.14315,1.1431,1,-1,5,3753
935,ZONE_CREATED,2026-07-13 13:04:00.000,1783958640000,D000936,1783958640000,1783961640000,1.1431,1.14305,1,-1,5,3754
936,ZONE_CREATED,2026-07-13 13:08:00.000,1783958880000,D000937,1783958880000,1783961880000,1.1431,1.14305,1,1,6,3758
937,ZONE_CREATED,2026-07-13 13:12:00.000,1783959120000,D000938,1783959120000,1783962120000,1.1431,1.14305,1,-1,7,3762
938,ZONE_CREATED,2026-07-13 13:18:00.000,1783959480000,D000939,1783959480000,1783962480000,1.1429,1.14285,1,1,2,3768
939,ZONE_CREATED,2026-07-13 13:23:00.000,1783959780000,D000940,1783959780000,1783962780000,1.1427,1.14265,1,1,3,3773
940,ZONE_CREATED,2026-07-13 13:27:00.000,1783960020000,D000941,1783960020000,1783963020000,1.1425,1.14245,1,-1,1,3777
941,ZONE_CREATED,2026-07-13 13:44:00.000,1783961040000,D000942,1783961040000,1783964040000,1.14185,1.1418,1,-1,1,3794
942,ZONE_CREATED,2026-07-13 13:46:00.000,1783961160000,D000943,1783961160000,1783964160000,1.14205,1.142,1,-1,1,3796
943,ZONE_CREATED,2026-07-13 13:53:00.000,1783961580000,D000944,1783961580000,1783964580000,1.14155,1.1415,1,-1,1,3803
944,ZONE_CREATED,2026-07-13 14:00:00.000,1783962000000,D000945,1783962000000,1783965000000,1.14185,1.1418,1,1,2,3810
945,ZONE_CREATED,2026-07-13 14:01:00.000,1783962060000,D000946,1783962060000,1783965060000,1.14165,1.1416,1,-1,1,3811
946,ZONE_CREATED,2026-07-13 14:02:00.000,1783962120000,D000947,1783962120000,1783965120000,1.14165,1.1416,1,1,2,3812
947,ZONE_CREATED,2026-07-13 14:03:00.000,1783962180000,D000948,1783962180000,1783965180000,1.14185,1.1418,1,-1,3,3813
948,ZONE_CREATED,2026-07-13 14:12:00.000,1783962720000,D000949,1783962720000,1783965720000,1.14185,1.1418,1,-1,4,3822
949,ZONE_CREATED,2026-07-13 14:22:00.000,1783963320000,D000950,1783963320000,1783966320000,1.14185,1.1418,1,1,5,3832
950,ZONE_CREATED,2026-07-13 14:23:00.000,1783963380000,D000951,1783963380000,1783966380000,1.14185,1.1418,1,1,6,3833
951,ZONE_CREATED,2026-07-13 14:24:00.000,1783963440000,D000952,1783963440000,1783966440000,1.14185,1.1418,1,-1,7,3834
952,ZONE_CREATED,2026-07-13 14:32:00.000,1783963920000,D000953,1783963920000,1783966920000,1.14165,1.1416,1,1,3,3842
953,ZONE_CREATED,2026-07-13 14:38:00.000,1783964280000,D000954,1783964280000,1783967280000,1.14165,1.1416,1,1,4,3848
954,ZONE_CREATED,2026-07-13 14:40:00.000,1783964400000,D000955,1783964400000,1783967400000,1.14165,1.1416,1,-1,5,3850
955,ZONE_CREATED,2026-07-13 14:45:00.000,1783964700000,D000956,1783964700000,1783967700000,1.14185,1.1418,1,1,7,3855
956,ZONE_CREATED,2026-07-13 14:51:00.000,1783965060000,D000957,1783965060000,1783968060000,1.14165,1.1416,1,-1,6,3861
957,ZONE_CREATED,2026-07-13 14:56:00.000,1783965360000,D000958,1783965360000,1783968360000,1.14165,1.1416,1,-1,5,3866
958,ZONE_CREATED,2026-07-13 14:59:00.000,1783965540000,D000959,1783965540000,1783968540000,1.14165,1.1416,1,1,6,3869
959,ZONE_CREATED,2026-07-13 15:05:00.000,1783965900000,D000960,1783965900000,1783968900000,1.14145,1.1414,1,1,1,3875
960,ZONE_CREATED,2026-07-13 15:12:00.000,1783966320000,D000961,1783966320000,1783969320000,1.14165,1.1416,1,1,7,3882
961,ZONE_CREATED,2026-07-13 15:15:00.000,1783966500000,D000962,1783966500000,1783969500000,1.14165,1.1416,1,1,8,3885
962,ZONE_CREATED,2026-07-13 15:23:00.000,1783966980000,D000963,1783966980000,1783969980000,1.14155,1.1415,1,1,1,3893
963,ZONE_CREATED,2026-07-13 15:30:00.000,1783967400000,D000964,1783967400000,1783970400000,1.14165,1.1416,1,1,7,3900
964,ZONE_CREATED,2026-07-13 15:35:00.000,1783967700000,D000965,1783967700000,1783970700000,1.14165,1.1416,1,1,7,3905
965,ZONE_CREATED,2026-07-13 15:42:00.000,1783968120000,D000966,1783968120000,1783971120000,1.14185,1.1418,1,1,1,3912
966,ZONE_CREATED,2026-07-13 16:01:00.000,1783969260000,D000967,1783969260000,1783972260000,1.14165,1.1416,1,-1,5,3931
967,ZONE_CREATED,2026-07-13 16:07:00.000,1783969620000,D000968,1783969620000,1783972620000,1.14165,1.1416,1,-1,4,3937
968,ZONE_CREATED,2026-07-13 16:11:00.000,1783969860000,D000969,1783969860000,1783972860000,1.14125,1.1412,1,1,1,3941
969,ZONE_CREATED,2026-07-13 16:17:00.000,1783970220000,D000970,1783970220000,1783973220000,1.14125,1.1412,1,1,2,3947
970,ZONE_CREATED,2026-07-13 16:19:00.000,1783970340000,D000971,1783970340000,1783973340000,1.14135,1.1413,1,1,1,3949
971,ZONE_CREATED,2026-07-13 16:22:00.000,1783970520000,D000972,1783970520000,1783973520000,1.14135,1.1413,1,1,2,3952
972,ZONE_CREATED,2026-07-13 16:23:00.000,1783970580000,D000973,1783970580000,1783973580000,1.14135,1.1413,1,1,3,3953
973,ZONE_CREATED,2026-07-13 16:24:00.000,1783970640000,D000974,1783970640000,1783973640000,1.14135,1.1413,1,1,4,3954
974,ZONE_CREATED,2026-07-13 16:32:00.000,1783971120000,D000975,1783971120000,1783974120000,1.14135,1.1413,1,1,5,3962
975,ZONE_CREATED,2026-07-13 16:37:00.000,1783971420000,D000976,1783971420000,1783974420000,1.14125,1.1412,1,-1,3,3967
976,ZONE_CREATED,2026-07-13 16:38:00.000,1783971480000,D000977,1783971480000,1783974480000,1.14125,1.1412,1,1,4,3968
977,ZONE_CREATED,2026-07-13 16:54:00.000,1783972440000,D000978,1783972440000,1783975440000,1.14125,1.1412,1,1,5,3984
978,ZONE_CREATED,2026-07-13 16:55:00.000,1783972500000,D000979,1783972500000,1783975500000,1.14125,1.1412,1,1,6,3985
979,ZONE_CREATED,2026-07-13 17:03:00.000,1783972980000,D000980,1783972980000,1783975980000,1.14135,1.1413,1,1,6,3993
980,ZONE_CREATED,2026-07-13 17:04:00.000,1783973040000,D000981,1783973040000,1783976040000,1.14135,1.1413,1,1,7,3994
981,ZONE_CREATED,2026-07-13 17:06:00.000,1783973160000,D000982,1783973160000,1783976160000,1.14135,1.1413,1,-1,8,3996
982,ZONE_CREATED,2026-07-13 17:07:00.000,1783973220000,D000983,1783973220000,1783976220000,1.14135,1.1413,1,1,9,3997
983,ZONE_CREATED,2026-07-13 17:08:00.000,1783973280000,D000984,1783973280000,1783976280000,1.14135,1.1413,1,1,10,3998
984,ZONE_CREATED,2026-07-13 17:14:00.000,1783973640000,D000985,1783973640000,1783976640000,1.141,1.14095,1,1,1,4004
985,ZONE_CREATED,2026-07-13 17:21:00.000,1783974060000,D000986,1783974060000,1783977060000,1.1409,1.14085,1,-1,1,4011
986,ZONE_CREATED,2026-07-13 17:22:00.000,1783974120000,D000987,1783974120000,1783977120000,1.1408,1.14075,1,-1,1,4012
987,ZONE_CREATED,2026-07-13 17:23:00.000,1783974180000,D000988,1783974180000,1783977180000,1.1408,1.14075,1,1,2,4013
988,ZONE_CREATED,2026-07-13 17:24:00.000,1783974240000,D000989,1783974240000,1783977240000,1.1408,1.14075,1,1,3,4014
989,ZONE_CREATED,2026-07-13 17:31:00.000,1783974660000,D000990,1783974660000,1783977660000,1.1409,1.14085,1,1,2,4021
990,ZONE_CREATED,2026-07-13 17:32:00.000,1783974720000,D000991,1783974720000,1783977720000,1.1409,1.1408,2,1,6,4022
991,ZONE_CREATED,2026-07-13 17:41:00.000,1783975260000,D000992,1783975260000,1783978260000,1.1409,1.14085,1,1,4,4030
992,ZONE_CREATED,2026-07-13 17:42:00.000,1783975320000,D000993,1783975320000,1783978320000,1.1409,1.1408,2,-1,8,4031
993,ZONE_CREATED,2026-07-13 17:43:00.000,1783975380000,D000994,1783975380000,1783978380000,1.1409,1.14085,1,-1,6,4032
994,ZONE_CREATED,2026-07-13 17:53:00.000,1783975980000,D000995,1783975980000,1783978980000,1.1409,1.14085,1,1,7,4041
995,ZONE_CREATED,2026-07-13 17:58:00.000,1783976280000,D000996,1783976280000,1783979280000,1.141,1.14095,1,-1,2,4046
996,ZONE_CREATED,2026-07-13 17:59:00.000,1783976340000,D000997,1783976340000,1783979340000,1.141,1.14095,1,1,3,4047
997,ZONE_CREATED,2026-07-13 19:01:00.000,1783980060000,D000998,1783980060000,1783983060000,1.14125,1.1412,1,-1,1,4049
998,ZONE_CREATED,2026-07-13 19:02:00.000,1783980120000,D000999,1783980120000,1783983120000,1.14125,1.1412,1,-1,2,4050
999,ZONE_CREATED,2026-07-13 19:04:00.000,1783980240000,D001000,1783980240000,1783983240000,1.14135,1.1413,1,-1,1,4052
1000,ZONE_CREATED,2026-07-13 19:09:00.000,1783980540000,D001001,1783980540000,1783983540000,1.14115,1.1411,1,-1,1,4057
1001,ZONE_CREATED,2026-07-13 19:10:00.000,1783980600000,D001002,1783980600000,1783983600000,1.1411,1.14105,1,1,2,4058
1002,ZONE_CREATED,2026-07-13 19:11:00.000,1783980660000,D001003,1783980660000,1783983660000,1.14115,1.1411,1,1,3,4059
1003,ZONE_CREATED,2026-07-13 19:15:00.000,1783980900000,D001004,1783980900000,1783983900000,1.14125,1.1412,1,1,3,4062
1004,ZONE_CREATED,2026-07-13 19:18:00.000,1783981080000,D001005,1783981080000,1783984080000,1.14125,1.1412,1,1,4,4064
1005,ZONE_CREATED,2026-07-13 19:20:00.000,1783981200000,D001006,1783981200000,1783984200000,1.14135,1.14125,2,-1,6,4066
1006,ZONE_CREATED,2026-07-13 19:36:00.000,1783982160000,D001007,1783982160000,1783985160000,1.14125,1.1412,1,1,6,4076
1007,ZONE_CREATED,2026-07-13 19:40:00.000,1783982400000,D001008,1783982400000,1783985400000,1.1413,1.1412,2,1,8,4080
1008,ZONE_CREATED,2026-07-13 19:41:00.000,1783982460000,D001009,1783982460000,1783985460000,1.1413,1.1412,2,-1,9,4081
1009,ZONE_CREATED,2026-07-13 19:51:00.000,1783983060000,D001010,1783983060000,1783986060000,1.1411,1.14105,1,1,4,4091
1010,ZONE_CREATED,2026-07-13 19:52:00.000,1783983120000,D001011,1783983120000,1783986120000,1.14115,1.1411,1,-1,5,4092
1011,ZONE_CREATED,2026-07-13 19:53:00.000,1783983180000,D001012,1783983180000,1783986180000,1.14115,1.14105,2,-1,6,4093
1012,ZONE_CREATED,2026-07-13 19:54:00.000,1783983240000,D001013,1783983240000,1783986240000,1.14115,1.1411,1,-1,7,4094
1013,ZONE_CREATED,2026-07-13 19:56:00.000,1783983360000,D001014,1783983360000,1783986360000,1.14115,1.1411,1,-1,8,4096
1014,ZONE_CREATED,2026-07-13 20:03:00.000,1783983780000,D001015,1783983780000,1783986780000,1.1411,1.14105,1,1,9,4103
1015,ZONE_CREATED,2026-07-13 20:04:00.000,1783983840000,D001016,1783983840000,1783986840000,1.1411,1.14105,1,1,10,4104
1016,ZONE_CREATED,2026-07-13 20:05:00.000,1783983900000,D001017,1783983900000,1783986900000,1.1411,1.14105,1,1,11,4105
1017,ZONE_CREATED,2026-07-13 20:11:00.000,1783984260000,D001018,1783984260000,1783987260000,1.1412,1.1411,2,-1,14,4110
1018,ZONE_CREATED,2026-07-13 20:13:00.000,1783984380000,D001019,1783984380000,1783987380000,1.1411,1.14105,1,-1,10,4111
1019,ZONE_CREATED,2026-07-13 20:22:00.000,1783984920000,D001020,1783984920000,1783987920000,1.141,1.14095,1,1,1,4119
1020,ZONE_CREATED,2026-07-13 20:26:00.000,1783985160000,D001021,1783985160000,1783988160000,1.1411,1.14105,1,-1,11,4123
1021,ZONE_CREATED,2026-07-13 20:39:00.000,1783985940000,D001022,1783985940000,1783988940000,1.14115,1.1411,1,1,12,4133
1022,ZONE_CREATED,2026-07-13 20:41:00.000,1783986060000,D001023,1783986060000,1783989060000,1.14125,1.1412,1,1,2,4134
1023,ZONE_CREATED,2026-07-13 20:47:00.000,1783986420000,D001024,1783986420000,1783989420000,1.14115,1.1411,1,1,13,4140
1024,ZONE_CREATED,2026-07-13 20:52:00.000,1783986720000,D001025,1783986720000,1783989720000,1.14115,1.1411,1,1,10,4145
1025,ZONE_CREATED,2026-07-13 20:56:00.000,1783986960000,D001026,1783986960000,1783989960000,1.14115,1.1411,1,1,10,4149
1026,ZONE_CREATED,2026-07-13 20:57:00.000,1783987020000,D001027,1783987020000,1783990020000,1.14115,1.14105,2,1,11,4150
1027,ZONE_CREATED,2026-07-13 20:59:00.000,1783987140000,D001028,1783987140000,1783990140000,1.14125,1.1412,1,1,3,4151
1028,ZONE_CREATED,2026-07-13 21:04:00.000,1783987440000,D001029,1783987440000,1783990440000,1.14115,1.1411,1,-1,9,4156
1029,ZONE_CREATED,2026-07-13 21:06:00.000,1783987560000,D001030,1783987560000,1783990560000,1.14115,1.1411,1,-1,10,4158
1030,ZONE_CREATED,2026-07-13 21:13:00.000,1783987980000,D001031,1783987980000,1783990980000,1.14145,1.1414,1,-1,1,4165
1031,ZONE_CREATED,2026-07-13 21:15:00.000,1783988100000,D001032,1783988100000,1783991100000,1.14145,1.14135,2,-1,2,4167
1032,ZONE_CREATED,2026-07-13 21:23:00.000,1783988580000,D001033,1783988580000,1783991580000,1.141,1.14095,1,-1,1,4175
1033,ZONE_CREATED,2026-07-13 21:24:00.000,1783988640000,D001034,1783988640000,1783991640000,1.1408,1.14075,1,-1,1,4176
1034,ZONE_CREATED,2026-07-13 21:25:00.000,1783988700000,D001035,1783988700000,1783991700000,1.1409,1.14085,1,-1,1,4177
1035,ZONE_CREATED,2026-07-13 21:32:00.000,1783989120000,D001036,1783989120000,1783992120000,1.141,1.14095,1,-1,2,4184
1036,ZONE_CREATED,2026-07-13 21:34:00.000,1783989240000,D001037,1783989240000,1783992240000,1.1411,1.14105,1,1,7,4186
1037,ZONE_CREATED,2026-07-13 21:36:00.000,1783989360000,D001038,1783989360000,1783992360000,1.14135,1.1413,1,1,2,4188
1038,ZONE_CREATED,2026-07-13 21:39:00.000,1783989540000,D001039,1783989540000,1783992540000,1.14145,1.1414,1,-1,3,4191
1039,ZONE_CREATED,2026-07-13 21:43:00.000,1783989780000,D001040,1783989780000,1783992780000,1.14145,1.1414,1,-1,4,4195
1040,ZONE_CREATED,2026-07-13 21:49:00.000,1783990140000,D001041,1783990140000,1783993140000,1.14175,1.14165,2,1,1,4201
1041,ZONE_CREATED,2026-07-13 21:50:00.000,1783990200000,D001042,1783990200000,1783993200000,1.14175,1.1417,1,1,2,4202
1042,ZONE_CREATED,2026-07-13 21:56:00.000,1783990560000,D001043,1783990560000,1783993560000,1.14185,1.1418,1,-1,1,4208
1043,ZONE_CREATED,2026-07-13 22:02:00.000,1783990920000,D001044,1783990920000,1783993920000,1.14145,1.1414,1,1,5,4214
1044,ZONE_CREATED,2026-07-13 22:03:00.000,1783990980000,D001045,1783990980000,1783993980000,1.14165,1.1416,1,1,2,4215
1045,ZONE_CREATED,2026-07-13 22:04:00.000,1783991040000,D001046,1783991040000,1783994040000,1.14165,1.1416,1,-1,3,4216
1046,ZONE_CREATED,2026-07-13 22:06:00.000,1783991160000,D001047,1783991160000,1783994160000,1.14165,1.1416,1,-1,4,4218
1047,ZONE_CREATED,2026-07-13 22:09:00.000,1783991340000,D001048,1783991340000,1783994340000,1.14165,1.1416,1,1,5,4221
1048,ZONE_CREATED,2026-07-13 22:10:00.000,1783991400000,D001049,1783991400000,1783994400000,1.14165,1.1416,1,-1,6,4222
1049,ZONE_CREATED,2026-07-13 22:11:00.000,1783991460000,D001050,1783991460000,1783994460000,1.14165,1.1416,1,1,7,4223
1050,ZONE_CREATED,2026-07-13 22:21:00.000,1783992060000,D001051,1783992060000,1783995060000,1.14185,1.1418,1,1,2,4233
1051,ZONE_CREATED,2026-07-13 22:23:00.000,1783992180000,D001052,1783992180000,1783995180000,1.14185,1.14175,2,1,5,4235
1052,ZONE_CREATED,2026-07-13 22:33:00.000,1783992780000,D001053,1783992780000,1783995780000,1.14165,1.1416,1,1,8,4245
1053,ZONE_CREATED,2026-07-13 22:34:00.000,1783992840000,D001054,1783992840000,1783995840000,1.14165,1.1416,1,1,9,4246
1054,ZONE_CREATED,2026-07-13 22:35:00.000,1783992900000,D001055,1783992900000,1783995900000,1.14165,1.14155,2,-1,10,4247
1055,ZONE_CREATED,2026-07-13 22:37:00.000,1783993020000,D001056,1783993020000,1783996020000,1.14155,1.1415,1,1,2,4249
1056,ZONE_CREATED,2026-07-13 22:38:00.000,1783993080000,D001057,1783993080000,1783996080000,1.14155,1.1415,1,-1,3,4250
1057,ZONE_CREATED,2026-07-13 22:40:00.000,1783993200000,D001058,1783993200000,1783996200000,1.14155,1.1415,1,1,4,4252
1058,ZONE_CREATED,2026-07-13 22:41:00.000,1783993260000,D001059,1783993260000,1783996260000,1.14155,1.1415,1,1,5,4253
1059,ZONE_CREATED,2026-07-13 22:43:00.000,1783993380000,D001060,1783993380000,1783996380000,1.14175,1.1417,1,1,2,4255
1060,ZONE_CREATED,2026-07-13 22:44:00.000,1783993440000,D001061,1783993440000,1783996440000,1.14175,1.1417,1,1,3,4256
1061,ZONE_CREATED,2026-07-13 22:47:00.000,1783993620000,D001062,1783993620000,1783996620000,1.14165,1.1416,1,-1,10,4259
1062,ZONE_CREATED,2026-07-13 22:48:00.000,1783993680000,D001063,1783993680000,1783996680000,1.14165,1.1416,1,-1,11,4260
1063,ZONE_CREATED,2026-07-13 23:01:00.000,1783994460000,D001064,1783994460000,1783997460000,1.14195,1.1419,1,1,1,4273
1064,ZONE_CREATED,2026-07-13 23:03:00.000,1783994580000,D001065,1783994580000,1783997580000,1.14195,1.1419,1,1,2,4275
1065,ZONE_CREATED,2026-07-13 23:04:00.000,1783994640000,D001066,1783994640000,1783997640000,1.14195,1.1419,1,1,3,4276
1066,ZONE_CREATED,2026-07-13 23:08:00.000,1783994880000,D001067,1783994880000,1783997880000,1.14195,1.1419,1,-1,4,4280
1067,ZONE_CREATED,2026-07-13 23:13:00.000,1783995180000,D001068,1783995180000,1783998180000,1.142,1.1419,2,1,5,4285
1068,ZONE_CREATED,2026-07-13 23:18:00.000,1783995480000,D001069,1783995480000,1783998480000,1.14215,1.1421,1,1,1,4290
1069,ZONE_CREATED,2026-07-13 23:20:00.000,1783995600000,D001070,1783995600000,1783998600000,1.1422,1.14215,1,1,2,4292
1070,ZONE_CREATED,2026-07-13 23:23:00.000,1783995780000,D001071,1783995780000,1783998780000,1.1422,1.14215,1,-1,3,4295
1071,ZONE_CREATED,2026-07-13 23:26:00.000,1783995960000,D001072,1783995960000,1783998960000,1.1423,1.14225,1,-1,1,4298
1072,ZONE_CREATED,2026-07-13 23:31:00.000,1783996260000,D001073,1783996260000,1783999260000,1.1423,1.14225,1,-1,2,4303
1073,ZONE_CREATED,2026-07-13 23:36:00.000,1783996560000,D001074,1783996560000,1783999560000,1.14225,1.14215,2,1,6,4308
1074,ZONE_CREATED,2026-07-13 23:37:00.000,1783996620000,D001075,1783996620000,1783999620000,1.1423,1.14225,1,-1,4,4309
1075,ZONE_CREATED,2026-07-13 23:40:00.000,1783996800000,D001076,1783996800000,1783999800000,1.1423,1.14225,1,-1,5,4312
1076,ZONE_CREATED,2026-07-13 23:42:00.000,1783996920000,D001077,1783996920000,1783999920000,1.1423,1.14225,1,-1,6,4314
1077,ZONE_CREATED,2026-07-13 23:44:00.000,1783997040000,D001078,1783997040000,1784000040000,1.1423,1.14225,1,-1,7,4316
1078,ZONE_CREATED,2026-07-13 23:46:00.000,1783997160000,D001079,1783997160000,1784000160000,1.14215,1.1421,1,1,5,4318
1079,ZONE_CREATED,2026-07-13 23:49:00.000,1783997340000,D001080,1783997340000,1784000340000,1.14215,1.1421,1,-1,6,4321
1080,ZONE_CREATED,2026-07-13 23:52:00.000,1783997520000,D001081,1783997520000,1784000520000,1.14205,1.142,1,1,2,4323
1081,ZONE_CREATED,2026-07-13 23:56:00.000,1783997760000,D001082,1783997760000,1784000760000,1.14205,1.142,1,1,3,4327
1082,ZONE_CREATED,2026-07-14 00:01:00.000,1783998060000,D001083,1783998060000,1784001060000,1.14215,1.1421,1,1,7,4332
1083,ZONE_CREATED,2026-07-14 00:03:00.000,1783998180000,D001084,1783998180000,1784001180000,1.14195,1.1419,1,-1,2,4334
1084,ZONE_CREATED,2026-07-14 00:09:00.000,1783998540000,D001085,1783998540000,1784001540000,1.14195,1.1419,1,1,2,4340
1085,ZONE_CREATED,2026-07-14 00:10:00.000,1783998600000,D001086,1783998600000,1784001600000,1.14195,1.1419,1,1,3,4341
1086,ZONE_CREATED,2026-07-14 00:11:00.000,1783998660000,D001087,1783998660000,1784001660000,1.14205,1.14195,2,1,6,4342
1087,ZONE_CREATED,2026-07-14 00:13:00.000,1783998780000,D001088,1783998780000,1784001780000,1.14215,1.1421,1,-1,6,4344
1088,ZONE_CREATED,2026-07-14 00:20:00.000,1783999200000,D001089,1783999200000,1784002200000,1.14195,1.1419,1,-1,5,4351
1089,ZONE_CREATED,2026-07-14 00:21:00.000,1783999260000,D001090,1783999260000,1784002260000,1.14185,1.1418,1,1,1,4352
1090,ZONE_CREATED,2026-07-14 00:24:00.000,1783999440000,D001091,1783999440000,1784002440000,1.14195,1.1419,1,1,6,4355
1091,ZONE_CREATED,2026-07-14 00:26:00.000,1783999560000,D001092,1783999560000,1784002560000,1.14205,1.142,1,1,4,4357
1092,ZONE_CREATED,2026-07-14 00:31:00.000,1783999860000,D001093,1783999860000,1784002860000,1.1424,1.14235,1,-1,1,4362
1093,ZONE_CREATED,2026-07-14 00:37:00.000,1784000220000,D001094,1784000220000,1784003220000,1.1424,1.14235,1,1,2,4368
1094,ZONE_CREATED,2026-07-14 00:38:00.000,1784000280000,D001095,1784000280000,1784003280000,1.1425,1.14245,1,1,1,4369
1095,ZONE_CREATED,2026-07-14 00:39:00.000,1784000340000,D001096,1784000340000,1784003340000,1.1425,1.1424,2,-1,4,4370
1096,ZONE_CREATED,2026-07-14 00:40:00.000,1784000400000,D001097,1784000400000,1784003400000,1.1425,1.14245,1,-1,3,4371
1097,ZONE_CREATED,2026-07-14 00:42:00.000,1784000520000,D001098,1784000520000,1784003520000,1.1424,1.14235,1,-1,4,4373
1098,ZONE_CREATED,2026-07-14 00:47:00.000,1784000820000,D001099,1784000820000,1784003820000,1.1424,1.14235,1,1,5,4378
1099,ZONE_CREATED,2026-07-14 00:48:00.000,1784000880000,D001100,1784000880000,1784003880000,1.1424,1.14235,1,-1,6,4379
1100,ZONE_CREATED,2026-07-14 00:49:00.000,1784000940000,D001101,1784000940000,1784003940000,1.1424,1.14235,1,1,7,4380
1101,ZONE_CREATED,2026-07-14 00:53:00.000,1784001180000,D001102,1784001180000,1784004180000,1.1424,1.14235,1,1,8,4384
1102,ZONE_CREATED,2026-07-14 00:59:00.000,1784001540000,D001103,1784001540000,1784004540000,1.1423,1.14225,1,-1,1,4390
1103,ZONE_CREATED,2026-07-14 01:00:00.000,1784001600000,D001104,1784001600000,1784004600000,1.1423,1.14225,1,1,2,4391
1104,ZONE_CREATED,2026-07-14 01:01:00.000,1784001660000,D001105,1784001660000,1784004660000,1.1423,1.14225,1,-1,3,4392
1105,ZONE_CREATED,2026-07-14 01:02:00.000,1784001720000,D001106,1784001720000,1784004720000,1.1423,1.14225,1,1,4,4393
1106,ZONE_CREATED,2026-07-14 01:04:00.000,1784001840000,D001107,1784001840000,1784004840000,1.1424,1.14235,1,1,9,4395
1107,ZONE_CREATED,2026-07-14 01:10:00.000,1784002200000,D001108,1784002200000,1784005200000,1.14215,1.1421,1,1,1,4401
1108,ZONE_CREATED,2026-07-14 01:12:00.000,1784002320000,D001109,1784002320000,1784005320000,1.14205,1.142,1,1,2,4403
1109,ZONE_CREATED,2026-07-14 01:32:00.000,1784003520000,D001110,1784003520000,1784006520000,1.14235,1.14225,2,-1,11,4423
1110,ZONE_CREATED,2026-07-14 01:33:00.000,1784003580000,D001111,1784003580000,1784006580000,1.1423,1.14225,1,-1,6,4424
1111,ZONE_CREATED,2026-07-14 01:40:00.000,1784004000000,D001112,1784004000000,1784007000000,1.1423,1.14225,1,1,7,4431
1112,ZONE_CREATED,2026-07-14 01:44:00.000,1784004240000,D001113,1784004240000,1784007240000,1.1422,1.14215,1,-1,2,4435
1113,ZONE_CREATED,2026-07-14 01:46:00.000,1784004360000,D001114,1784004360000,1784007360000,1.14215,1.1421,1,-1,3,4436
1114,ZONE_CREATED,2026-07-14 01:48:00.000,1784004480000,D001115,1784004480000,1784007480000,1.14215,1.14205,2,-1,5,4438
1115,ZONE_CREATED,2026-07-14 01:51:00.000,1784004660000,D001116,1784004660000,1784007660000,1.14185,1.1418,1,-1,1,4441
1116,ZONE_CREATED,2026-07-14 01:52:00.000,1784004720000,D001117,1784004720000,1784007720000,1.14175,1.1417,1,-1,1,4442
1117,ZONE_CREATED,2026-07-14 02:01:00.000,1784005260000,D001118,1784005260000,1784008260000,1.14205,1.142,1,-1,3,4451
1118,ZONE_CREATED,2026-07-14 02:03:00.000,1784005380000,D001119,1784005380000,1784008380000,1.1422,1.14215,1,-1,4,4453
1119,ZONE_CREATED,2026-07-14 02:04:00.000,1784005440000,D001120,1784005440000,1784008440000,1.1422,1.14215,1,-1,5,4454
1120,ZONE_CREATED,2026-07-14 02:07:00.000,1784005620000,D001121,1784005620000,1784008620000,1.14215,1.1421,1,-1,6,4457
1121,ZONE_CREATED,2026-07-14 02:11:00.000,1784005860000,D001122,1784005860000,1784008860000,1.1422,1.14215,1,1,7,4459
1122,ZONE_CREATED,2026-07-14 02:28:00.000,1784006880000,D001123,1784006880000,1784009880000,1.1423,1.14225,1,-1,3,4474
1123,ZONE_CREATED,2026-07-14 02:31:00.000,1784007060000,D001124,1784007060000,1784010060000,1.1424,1.14235,1,1,1,4477
1124,ZONE_CREATED,2026-07-14 02:34:00.000,1784007240000,D001125,1784007240000,1784010240000,1.1425,1.14245,1,-1,1,4480
1125,ZONE_CREATED,2026-07-14 02:38:00.000,1784007480000,D001126,1784007480000,1784010480000,1.1425,1.1424,2,-1,3,4484
1126,ZONE_CREATED,2026-07-14 02:42:00.000,1784007720000,D001127,1784007720000,1784010720000,1.14235,1.14225,2,1,3,4488
1127,ZONE_CREATED,2026-07-14 02:43:00.000,1784007780000,D001128,1784007780000,1784010780000,1.1423,1.14225,1,-1,3,4489
1128,ZONE_CREATED,2026-07-14 02:44:00.000,1784007840000,D001129,1784007840000,1784010840000,1.1424,1.14235,1,-1,4,4490
1129,ZONE_CREATED,2026-07-14 02:47:00.000,1784008020000,D001130,1784008020000,1784011020000,1.1423,1.14225,1,1,4,4493
1130,ZONE_CREATED,2026-07-14 02:50:00.000,1784008200000,D001131,1784008200000,1784011200000,1.1423,1.14225,1,-1,5,4496
1131,ZONE_CREATED,2026-07-14 02:51:00.000,1784008260000,D001132,1784008260000,1784011260000,1.1423,1.14225,1,-1,6,4497
1132,ZONE_CREATED,2026-07-14 03:02:00.000,1784008920000,D001133,1784008920000,1784011920000,1.14205,1.142,1,-1,1,4508
1133,ZONE_CREATED,2026-07-14 03:03:00.000,1784008980000,D001134,1784008980000,1784011980000,1.14195,1.1419,1,1,1,4509
1134,ZONE_CREATED,2026-07-14 03:04:00.000,1784009040000,D001135,1784009040000,1784012040000,1.14205,1.142,1,-1,2,4510
1135,ZONE_CREATED,2026-07-14 03:05:00.000,1784009100000,D001136,1784009100000,1784012100000,1.1419,1.1418,2,-1,2,4511
1136,ZONE_CREATED,2026-07-14 03:06:00.000,1784009160000,D001137,1784009160000,1784012160000,1.14195,1.1419,1,1,3,4512
1137,ZONE_CREATED,2026-07-14 03:09:00.000,1784009340000,D001138,1784009340000,1784012340000,1.14195,1.1419,1,-1,4,4515
1138,ZONE_CREATED,2026-07-14 03:10:00.000,1784009400000,D001139,1784009400000,1784012400000,1.14195,1.1419,1,1,5,4516
1139,ZONE_CREATED,2026-07-14 03:12:00.000,1784009520000,D001140,1784009520000,1784012520000,1.14195,1.1419,1,-1,6,4518
1140,ZONE_CREATED,2026-07-14 03:21:00.000,1784010060000,D001141,1784010060000,1784013060000,1.14175,1.1417,1,1,1,4527
1141,ZONE_CREATED,2026-07-14 03:22:00.000,1784010120000,D001142,1784010120000,1784013120000,1.14175,1.1417,1,-1,2,4528
1142,ZONE_CREATED,2026-07-14 03:25:00.000,1784010300000,D001143,1784010300000,1784013300000,1.14175,1.1417,1,-1,3,4531
1143,ZONE_CREATED,2026-07-14 03:33:00.000,1784010780000,D001144,1784010780000,1784013780000,1.1422,1.14215,1,-1,1,4539
1144,ZONE_CREATED,2026-07-14 03:36:00.000,1784010960000,D001145,1784010960000,1784013960000,1.1422,1.14215,1,1,2,4542
1145,ZONE_CREATED,2026-07-14 03:37:00.000,1784011020000,D001146,1784011020000,1784014020000,1.1422,1.1421,2,-1,3,4543
1146,ZONE_CREATED,2026-07-14 03:39:00.000,1784011140000,D001147,1784011140000,1784014140000,1.14195,1.1419,1,1,7,4545
1147,ZONE_CREATED,2026-07-14 03:47:00.000,1784011620000,D001148,1784011620000,1784014620000,1.14175,1.1417,1,1,4,4553
1148,ZONE_CREATED,2026-07-14 03:53:00.000,1784011980000,D001149,1784011980000,1784014980000,1.14145,1.1414,1,-1,1,4559
1149,ZONE_CREATED,2026-07-14 03:54:00.000,1784012040000,D001150,1784012040000,1784015040000,1.14155,1.1415,1,1,1,4560
1150,ZONE_CREATED,2026-07-14 04:00:00.000,1784012400000,D001151,1784012400000,1784015400000,1.14155,1.1415,1,1,2,4566
1151,ZONE_CREATED,2026-07-14 04:08:00.000,1784012880000,D001152,1784012880000,1784015880000,1.14175,1.1417,1,1,5,4574
1152,ZONE_CREATED,2026-07-14 04:09:00.000,1784012940000,D001153,1784012940000,1784015940000,1.14185,1.1418,1,-1,1,4575
1153,ZONE_CREATED,2026-07-14 04:15:00.000,1784013300000,D001154,1784013300000,1784016300000,1.14165,1.14155,2,-1,3,4581
1154,ZONE_CREATED,2026-07-14 04:20:00.000,1784013600000,D001155,1784013600000,1784016600000,1.14175,1.1417,1,-1,3,4586
1155,ZONE_CREATED,2026-07-14 04:23:00.000,1784013780000,D001156,1784013780000,1784016780000,1.14195,1.1419,1,-1,2,4589
1156,ZONE_CREATED,2026-07-14 04:24:00.000,1784013840000,D001157,1784013840000,1784016840000,1.14205,1.142,1,-1,1,4590
1157,ZONE_CREATED,2026-07-14 04:25:00.000,1784013900000,D001158,1784013900000,1784016900000,1.14205,1.142,1,1,2,4591
1158,ZONE_CREATED,2026-07-14 04:27:00.000,1784014020000,D001159,1784014020000,1784017020000,1.14215,1.1421,1,-1,2,4593
1159,ZONE_CREATED,2026-07-14 04:28:00.000,1784014080000,D001160,1784014080000,1784017080000,1.1422,1.14215,1,-1,2,4594
1160,ZONE_CREATED,2026-07-14 04:30:00.000,1784014200000,D001161,1784014200000,1784017200000,1.1423,1.14225,1,1,1,4596
1161,ZONE_CREATED,2026-07-14 04:31:00.000,1784014260000,D001162,1784014260000,1784017260000,1.1421,1.142,2,1,4,4597
1162,ZONE_CREATED,2026-07-14 04:33:00.000,1784014380000,D001163,1784014380000,1784017380000,1.14205,1.14195,2,-1,5,4599
1163,ZONE_CREATED,2026-07-14 04:35:00.000,1784014500000,D001164,1784014500000,1784017500000,1.14195,1.1419,1,-1,3,4601
1164,ZONE_CREATED,2026-07-14 04:41:00.000,1784014860000,D001165,1784014860000,1784017860000,1.14195,1.1419,1,1,4,4607
1165,ZONE_CREATED,2026-07-14 04:44:00.000,1784015040000,D001166,1784015040000,1784018040000,1.14195,1.1419,1,1,5,4610
1166,ZONE_CREATED,2026-07-14 04:47:00.000,1784015220000,D001167,1784015220000,1784018220000,1.1423,1.14225,1,-1,2,4613
1167,ZONE_CREATED,2026-07-14 04:49:00.000,1784015340000,D001168,1784015340000,1784018340000,1.1425,1.14245,1,1,1,4615
1168,ZONE_CREATED,2026-07-14 04:51:00.000,1784015460000,D001169,1784015460000,1784018460000,1.1425,1.14245,1,-1,2,4617
1169,ZONE_CREATED,2026-07-14 04:53:00.000,1784015580000,D001170,1784015580000,1784018580000,1.1425,1.14245,1,-1,3,4619
1170,ZONE_CREATED,2026-07-14 04:54:00.000,1784015640000,D001171,1784015640000,1784018640000,1.1425,1.14245,1,1,4,4620
1171,ZONE_CREATED,2026-07-14 05:16:00.000,1784016960000,D001172,1784016960000,1784019960000,1.14255,1.14245,2,1,5,4642
1172,ZONE_CREATED,2026-07-14 05:17:00.000,1784017020000,D001173,1784017020000,1784020020000,1.1426,1.14255,1,-1,2,4643
1173,ZONE_CREATED,2026-07-14 05:25:00.000,1784017500000,D001174,1784017500000,1784020500000,1.1427,1.14265,1,-1,1,4651
1174,ZONE_CREATED,2026-07-14 05:31:00.000,1784017860000,D001175,1784017860000,1784020860000,1.1431,1.14305,1,-1,1,4657
1175,ZONE_CREATED,2026-07-14 05:39:00.000,1784018340000,D001176,1784018340000,1784021340000,1.1429,1.14285,1,1,1,4665
1176,ZONE_CREATED,2026-07-14 05:44:00.000,1784018640000,D001177,1784018640000,1784021640000,1.14345,1.1434,1,1,1,4670
1177,ZONE_CREATED,2026-07-14 05:47:00.000,1784018820000,D001178,1784018820000,1784021820000,1.14325,1.1432,1,1,1,4673
1178,ZONE_CREATED,2026-07-14 05:48:00.000,1784018880000,D001179,1784018880000,1784021880000,1.14325,1.1432,1,1,2,4674
1179,ZONE_CREATED,2026-07-14 05:49:00.000,1784018940000,D001180,1784018940000,1784021940000,1.1431,1.14305,1,-1,2,4675
1180,ZONE_CREATED,2026-07-14 05:50:00.000,1784019000000,D001181,1784019000000,1784022000000,1.1431,1.14305,1,1,3,4676
1181,ZONE_CREATED,2026-07-14 05:51:00.000,1784019060000,D001182,1784019060000,1784022060000,1.14315,1.1431,1,-1,4,4677
1182,ZONE_CREATED,2026-07-14 05:52:00.000,1784019120000,D001183,1784019120000,1784022120000,1.143,1.14295,1,-1,1,4678
1183,ZONE_CREATED,2026-07-14 05:56:00.000,1784019360000,D001184,1784019360000,1784022360000,1.143,1.14295,1,-1,2,4682
1184,ZONE_CREATED,2026-07-14 05:59:00.000,1784019540000,D001185,1784019540000,1784022540000,1.1429,1.14285,1,1,2,4685
1185,ZONE_CREATED,2026-07-14 06:00:00.000,1784019600000,D001186,1784019600000,1784022600000,1.1429,1.14285,1,1,3,4686
1186,ZONE_CREATED,2026-07-14 06:01:00.000,1784019660000,D001187,1784019660000,1784022660000,1.143,1.14295,1,-1,3,4687
1187,ZONE_CREATED,2026-07-14 06:04:00.000,1784019840000,D001188,1784019840000,1784022840000,1.14315,1.1431,1,1,5,4690
1188,ZONE_CREATED,2026-07-14 06:08:00.000,1784020080000,D001189,1784020080000,1784023080000,1.14315,1.1431,1,-1,6,4694
1189,ZONE_CREATED,2026-07-14 06:22:00.000,1784020920000,D001190,1784020920000,1784023920000,1.1429,1.14285,1,-1,4,4708
1190,ZONE_CREATED,2026-07-14 06:24:00.000,1784021040000,D001191,1784021040000,1784024040000,1.1428,1.14275,1,-1,1,4710
1191,ZONE_CREATED,2026-07-14 06:27:00.000,1784021220000,D001192,1784021220000,1784024220000,1.1428,1.14275,1,-1,2,4713
1192,ZONE_CREATED,2026-07-14 06:31:00.000,1784021460000,D001193,1784021460000,1784024460000,1.1428,1.14275,1,-1,3,4717
1193,ZONE_CREATED,2026-07-14 06:33:00.000,1784021580000,D001194,1784021580000,1784024580000,1.1427,1.14265,1,-1,1,4719
1194,ZONE_CREATED,2026-07-14 06:34:00.000,1784021640000,D001195,1784021640000,1784024640000,1.1427,1.14265,1,-1,2,4720
1195,ZONE_CREATED,2026-07-14 06:38:00.000,1784021880000,D001196,1784021880000,1784024880000,1.1428,1.14275,1,-1,4,4724
1196,ZONE_CREATED,2026-07-14 06:42:00.000,1784022120000,D001197,1784022120000,1784025120000,1.1427,1.14265,1,-1,3,4728
1197,ZONE_CREATED,2026-07-14 06:43:00.000,1784022180000,D001198,1784022180000,1784025180000,1.1426,1.14255,1,1,1,4729
1198,ZONE_CREATED,2026-07-14 06:49:00.000,1784022540000,D001199,1784022540000,1784025540000,1.1429,1.14285,1,-1,4,4735
1199,ZONE_CREATED,2026-07-14 07:06:00.000,1784023560000,D001200,1784023560000,1784026560000,1.1429,1.14285,1,-1,3,4752
1200,ZONE_CREATED,2026-07-14 07:08:00.000,1784023680000,D001201,1784023680000,1784026680000,1.1428,1.14275,1,-1,5,4754
1201,ZONE_CREATED,2026-07-14 07:13:00.000,1784023980000,D001202,1784023980000,1784026980000,1.1427,1.14265,1,-1,4,4759
1202,ZONE_CREATED,2026-07-14 07:14:00.000,1784024040000,D001203,1784024040000,1784027040000,1.1427,1.14265,1,1,5,4760
1203,ZONE_CREATED,2026-07-14 07:18:00.000,1784024280000,D001204,1784024280000,1784027280000,1.1428,1.14275,1,-1,4,4764
1204,ZONE_CREATED,2026-07-14 07:19:00.000,1784024340000,D001205,1784024340000,1784027340000,1.1427,1.14265,1,-1,6,4765
1205,ZONE_CREATED,2026-07-14 07:28:00.000,1784024880000,D001206,1784024880000,1784027880000,1.1424,1.14235,1,1,1,4774
1206,ZONE_CREATED,2026-07-14 07:32:00.000,1784025120000,D001207,1784025120000,1784028120000,1.1424,1.14235,1,1,2,4778
1207,ZONE_CREATED,2026-07-14 07:36:00.000,1784025360000,D001208,1784025360000,1784028360000,1.1425,1.14245,1,-1,1,4782
1208,ZONE_CREATED,2026-07-14 07:37:00.000,1784025420000,D001209,1784025420000,1784028420000,1.1426,1.14255,1,1,1,4783
1209,ZONE_CREATED,2026-07-14 07:41:00.000,1784025660000,D001210,1784025660000,1784028660000,1.1424,1.14235,1,1,3,4787
1210,ZONE_CREATED,2026-07-14 07:44:00.000,1784025840000,D001211,1784025840000,1784028840000,1.1423,1.14225,1,1,1,4790
1211,ZONE_CREATED,2026-07-14 07:45:00.000,1784025900000,D001212,1784025900000,1784028900000,1.1424,1.14235,1,-1,4,4791
1212,ZONE_CREATED,2026-07-14 07:55:00.000,1784026500000,D001213,1784026500000,1784029500000,1.1423,1.14225,1,-1,2,4801
1213,ZONE_CREATED,2026-07-14 08:00:00.000,1784026800000,D001214,1784026800000,1784029800000,1.14215,1.1421,1,1,1,4806
1214,ZONE_CREATED,2026-07-14 08:12:00.000,1784027520000,D001215,1784027520000,1784030520000,1.1422,1.14215,1,1,2,4818
1215,ZONE_CREATED,2026-07-14 08:16:00.000,1784027760000,D001216,1784027760000,1784030760000,1.1423,1.14225,1,-1,3,4822
1216,ZONE_CREATED,2026-07-14 08:23:00.000,1784028180000,D001217,1784028180000,1784031180000,1.14245,1.14235,2,1,4,4829
1217,ZONE_CREATED,2026-07-14 08:26:00.000,1784028360000,D001218,1784028360000,1784031360000,1.1425,1.14245,1,1,3,4832
1218,ZONE_CREATED,2026-07-14 08:28:00.000,1784028480000,D001219,1784028480000,1784031480000,1.1425,1.14245,1,-1,3,4834
1219,ZONE_CREATED,2026-07-14 08:30:00.000,1784028600000,D001220,1784028600000,1784031600000,1.1425,1.14245,1,1,4,4836
1220,ZONE_CREATED,2026-07-14 08:37:00.000,1784029020000,D001221,1784029020000,1784032020000,1.1429,1.14285,1,1,1,4843
1221,ZONE_CREATED,2026-07-14 08:41:00.000,1784029260000,D001222,1784029260000,1784032260000,1.143,1.14295,1,1,1,4847
1222,ZONE_CREATED,2026-07-14 08:46:00.000,1784029560000,D001223,1784029560000,1784032560000,1.14325,1.1432,1,-1,1,4852
1223,ZONE_CREATED,2026-07-14 08:48:00.000,1784029680000,D001224,1784029680000,1784032680000,1.14335,1.1433,1,1,1,4854
1224,ZONE_CREATED,2026-07-14 08:55:00.000,1784030100000,D001225,1784030100000,1784033100000,1.14375,1.1437,1,-1,1,4861
1225,ZONE_CREATED,2026-07-14 09:01:00.000,1784030460000,D001226,1784030460000,1784033460000,1.14355,1.1435,1,1,1,4867
1226,ZONE_CREATED,2026-07-14 09:10:00.000,1784031000000,D001227,1784031000000,1784034000000,1.14345,1.1434,1,1,1,4876
1227,ZONE_CREATED,2026-07-14 09:19:00.000,1784031540000,D001228,1784031540000,1784034540000,1.14345,1.1434,1,-1,2,4885
1228,ZONE_CREATED,2026-07-14 09:22:00.000,1784031720000,D001229,1784031720000,1784034720000,1.14375,1.1437,1,1,2,4888
1229,ZONE_CREATED,2026-07-14 09:27:00.000,1784032020000,D001230,1784032020000,1784035020000,1.1444,1.14435,1,1,1,4893
1230,ZONE_CREATED,2026-07-14 09:29:00.000,1784032140000,D001231,1784032140000,1784035140000,1.1444,1.14435,1,1,2,4895
1231,ZONE_CREATED,2026-07-14 09:31:00.000,1784032260000,D001232,1784032260000,1784035260000,1.1489,1.14885,1,1,1,4897
1232,ZONE_CREATED,2026-07-14 09:35:00.000,1784032500000,D001233,1784032500000,1784035500000,1.14785,1.1478,1,-1,1,4901
1233,ZONE_CREATED,2026-07-14 09:36:00.000,1784032560000,D001234,1784032560000,1784035560000,1.14785,1.1478,1,1,2,4902
1234,ZONE_CREATED,2026-07-14 09:40:00.000,1784032800000,D001235,1784032800000,1784035800000,1.14725,1.1472,1,1,1,4906
1235,ZONE_CREATED,2026-07-14 09:43:00.000,1784032980000,D001236,1784032980000,1784035980000,1.1486,1.14855,1,-1,1,4909
1236,ZONE_CREATED,2026-07-14 09:45:00.000,1784033100000,D001237,1784033100000,1784036100000,1.1487,1.14865,1,1,1,4911
1237,ZONE_CREATED,2026-07-14 09:53:00.000,1784033580000,D001238,1784033580000,1784036580000,1.14745,1.1474,1,-1,1,4919
1238,ZONE_CREATED,2026-07-14 09:54:00.000,1784033640000,D001239,1784033640000,1784036640000,1.14745,1.1474,1,1,2,4920
1239,ZONE_CREATED,2026-07-14 09:55:00.000,1784033700000,D001240,1784033700000,1784036700000,1.1472,1.14715,1,1,2,4921
1240,ZONE_CREATED,2026-07-14 10:01:00.000,1784034060000,D001241,1784034060000,1784037060000,1.14775,1.1477,1,1,1,4927
1241,ZONE_CREATED,2026-07-14 10:06:00.000,1784034360000,D001242,1784034360000,1784037360000,1.1483,1.14825,1,1,1,4932
1242,ZONE_CREATED,2026-07-14 10:20:00.000,1784035200000,D001243,1784035200000,1784038200000,1.14765,1.1476,1,-1,1,4946
1243,ZONE_CREATED,2026-07-14 10:25:00.000,1784035500000,D001244,1784035500000,1784038500000,1.14795,1.1479,1,1,1,4951
1244,ZONE_CREATED,2026-07-14 10:26:00.000,1784035560000,D001245,1784035560000,1784038560000,1.14805,1.148,1,1,1,4952
1245,ZONE_CREATED,2026-07-14 10:27:00.000,1784035620000,D001246,1784035620000,1784038620000,1.14805,1.14795,2,-1,3,4953
1246,ZONE_CREATED,2026-07-14 10:31:00.000,1784035860000,D001247,1784035860000,1784038860000,1.14815,1.1481,1,-1,1,4957
1247,ZONE_CREATED,2026-07-14 10:32:00.000,1784035920000,D001248,1784035920000,1784038920000,1.14775,1.1477,1,1,2,4958
1248,ZONE_CREATED,2026-07-14 10:39:00.000,1784036340000,D001249,1784036340000,1784039340000,1.14815,1.1481,1,1,2,4965
1249,ZONE_CREATED,2026-07-14 10:45:00.000,1784036700000,D001250,1784036700000,1784039700000,1.1482,1.14815,1,-1,3,4971
1250,ZONE_CREATED,2026-07-14 10:46:00.000,1784036760000,D001251,1784036760000,1784039760000,1.14815,1.1481,1,-1,4,4972
1251,ZONE_CREATED,2026-07-14 10:51:00.000,1784037060000,D001252,1784037060000,1784040060000,1.14805,1.148,1,1,3,4977
1252,ZONE_CREATED,2026-07-14 10:55:00.000,1784037300000,D001253,1784037300000,1784040300000,1.1482,1.14815,1,-1,5,4981
1253,ZONE_CREATED,2026-07-14 10:56:00.000,1784037360000,D001254,1784037360000,1784040360000,1.1481,1.148,2,1,7,4982
1254,ZONE_CREATED,2026-07-14 11:04:00.000,1784037840000,D001255,1784037840000,1784040840000,1.1484,1.14835,1,-1,1,4990
1255,ZONE_CREATED,2026-07-14 11:07:00.000,1784038020000,D001256,1784038020000,1784041020000,1.1486,1.14855,1,-1,1,4993
1256,ZONE_CREATED,2026-07-14 11:13:00.000,1784038380000,D001257,1784038380000,1784041380000,1.1486,1.14855,1,1,2,4999
1257,ZONE_CREATED,2026-07-14 11:14:00.000,1784038440000,D001258,1784038440000,1784041440000,1.1485,1.14845,1,1,1,5000
1258,ZONE_CREATED,2026-07-14 11:15:00.000,1784038500000,D001259,1784038500000,1784041500000,1.1484,1.14835,1,-1,2,5001
1259,ZONE_CREATED,2026-07-14 11:17:00.000,1784038620000,D001260,1784038620000,1784041620000,1.14805,1.148,1,1,4,5003
1260,ZONE_CREATED,2026-07-14 11:28:00.000,1784039280000,D001261,1784039280000,1784042280000,1.14745,1.1474,1,1,1,5014
1261,ZONE_CREATED,2026-07-14 11:33:00.000,1784039580000,D001262,1784039580000,1784042580000,1.14745,1.1474,1,1,2,5019
1262,ZONE_CREATED,2026-07-14 11:35:00.000,1784039700000,D001263,1784039700000,1784042700000,1.14775,1.1477,1,-1,1,5021
1263,ZONE_CREATED,2026-07-14 11:43:00.000,1784040180000,D001264,1784040180000,1784043180000,1.14755,1.1475,1,1,1,5029
1264,ZONE_CREATED,2026-07-14 11:48:00.000,1784040480000,D001265,1784040480000,1784043480000,1.14775,1.1477,1,1,2,5034
1265,ZONE_CREATED,2026-07-14 11:50:00.000,1784040600000,D001266,1784040600000,1784043600000,1.14765,1.1476,1,1,1,5036
1266,ZONE_CREATED,2026-07-14 11:55:00.000,1784040900000,D001267,1784040900000,1784043900000,1.1471,1.14705,1,-1,1,5041
1267,ZONE_CREATED,2026-07-14 12:01:00.000,1784041260000,D001268,1784041260000,1784044260000,1.1472,1.14715,1,1,1,5047
1268,ZONE_CREATED,2026-07-14 12:04:00.000,1784041440000,D001269,1784041440000,1784044440000,1.14745,1.1474,1,-1,3,5050
1269,ZONE_CREATED,2026-07-14 12:09:00.000,1784041740000,D001270,1784041740000,1784044740000,1.14805,1.148,1,1,1,5055
1270,ZONE_CREATED,2026-07-14 12:10:00.000,1784041800000,D001271,1784041800000,1784044800000,1.14795,1.1479,1,1,1,5056
1271,ZONE_CREATED,2026-07-14 12:16:00.000,1784042160000,D001272,1784042160000,1784045160000,1.14775,1.1477,1,1,3,5062
1272,ZONE_CREATED,2026-07-14 12:17:00.000,1784042220000,D001273,1784042220000,1784045220000,1.14775,1.1477,1,1,4,5063
1273,ZONE_CREATED,2026-07-14 12:21:00.000,1784042460000,D001274,1784042460000,1784045460000,1.14745,1.1474,1,-1,3,5067
1274,ZONE_CREATED,2026-07-14 12:22:00.000,1784042520000,D001275,1784042520000,1784045520000,1.14745,1.1474,1,-1,4,5068
1275,ZONE_CREATED,2026-07-14 12:24:00.000,1784042640000,D001276,1784042640000,1784045640000,1.14725,1.1472,1,-1,2,5070
1276,ZONE_CREATED,2026-07-14 12:31:00.000,1784043060000,D001277,1784043060000,1784046060000,1.147,1.14695,1,1,1,5077
1277,ZONE_CREATED,2026-07-14 12:36:00.000,1784043360000,D001278,1784043360000,1784046360000,1.1469,1.14685,1,-1,1,5082
1278,ZONE_CREATED,2026-07-14 12:40:00.000,1784043600000,D001279,1784043600000,1784046600000,1.1467,1.14665,1,1,1,5086
1279,ZONE_CREATED,2026-07-14 12:41:00.000,1784043660000,D001280,1784043660000,1784046660000,1.1466,1.14655,1,1,1,5087
1280,ZONE_CREATED,2026-07-14 12:49:00.000,1784044140000,D001281,1784044140000,1784047140000,1.1463,1.14625,1,1,1,5095
1281,ZONE_CREATED,2026-07-14 12:56:00.000,1784044560000,D001282,1784044560000,1784047560000,1.14575,1.1457,1,-1,1,5102
1282,ZONE_CREATED,2026-07-14 13:00:00.000,1784044800000,D001283,1784044800000,1784047800000,1.14565,1.1456,1,1,1,5106
1283,ZONE_CREATED,2026-07-14 13:02:00.000,1784044920000,D001284,1784044920000,1784047920000,1.14545,1.1454,1,1,1,5108
1284,ZONE_CREATED,2026-07-14 13:05:00.000,1784045100000,D001285,1784045100000,1784048100000,1.1455,1.1454,2,1,2,5111
1285,ZONE_CREATED,2026-07-14 13:11:00.000,1784045460000,D001286,1784045460000,1784048460000,1.14555,1.1455,1,1,2,5117
1286,ZONE_CREATED,2026-07-14 13:14:00.000,1784045640000,D001287,1784045640000,1784048640000,1.14575,1.1457,1,-1,2,5120
1287,ZONE_CREATED,2026-07-14 13:15:00.000,1784045700000,D001288,1784045700000,1784048700000,1.14575,1.1457,1,1,3,5121
1288,ZONE_CREATED,2026-07-14 13:16:00.000,1784045760000,D001289,1784045760000,1784048760000,1.14575,1.1457,1,1,4,5122
1289,ZONE_CREATED,2026-07-14 13:19:00.000,1784045940000,D001290,1784045940000,1784048940000,1.14565,1.1456,1,-1,2,5125
1290,ZONE_CREATED,2026-07-14 13:21:00.000,1784046060000,D001291,1784046060000,1784049060000,1.14565,1.1456,1,-1,3,5127
1291,ZONE_CREATED,2026-07-14 13:29:00.000,1784046540000,D001292,1784046540000,1784049540000,1.14585,1.1458,1,-1,1,5135
1292,ZONE_CREATED,2026-07-14 13:32:00.000,1784046720000,D001293,1784046720000,1784049720000,1.14605,1.146,1,-1,1,5138
1293,ZONE_CREATED,2026-07-14 13:36:00.000,1784046960000,D001294,1784046960000,1784049960000,1.1462,1.14615,1,1,1,5142
1294,ZONE_CREATED,2026-07-14 13:43:00.000,1784047380000,D001295,1784047380000,1784050380000,1.1462,1.14615,1,-1,2,5149
1295,ZONE_CREATED,2026-07-14 13:45:00.000,1784047500000,D001296,1784047500000,1784050500000,1.14615,1.1461,1,1,3,5151
1296,ZONE_CREATED,2026-07-14 13:46:00.000,1784047560000,D001297,1784047560000,1784050560000,1.14615,1.1461,1,-1,4,5152
1297,ZONE_CREATED,2026-07-14 13:58:00.000,1784048280000,D001298,1784048280000,1784051280000,1.14615,1.1461,1,1,5,5164
1298,ZONE_CREATED,2026-07-14 14:01:00.000,1784048460000,D001299,1784048460000,1784051460000,1.14615,1.1461,1,1,6,5167
1299,ZONE_CREATED,2026-07-14 14:05:00.000,1784048700000,D001300,1784048700000,1784051700000,1.14585,1.1458,1,1,2,5171
1300,ZONE_CREATED,2026-07-14 14:06:00.000,1784048760000,D001301,1784048760000,1784051760000,1.14575,1.1457,1,-1,2,5172
1301,ZONE_CREATED,2026-07-14 14:09:00.000,1784048940000,D001302,1784048940000,1784051940000,1.14555,1.1455,1,1,1,5175
1302,ZONE_CREATED,2026-07-14 14:16:00.000,1784049360000,D001303,1784049360000,1784052360000,1.1449,1.14485,1,1,1,5182
1303,ZONE_CREATED,2026-07-14 14:20:00.000,1784049600000,D001304,1784049600000,1784052600000,1.1449,1.14485,1,-1,2,5186
1304,ZONE_CREATED,2026-07-14 14:22:00.000,1784049720000,D001305,1784049720000,1784052720000,1.1451,1.14505,1,1,1,5188
1305,ZONE_CREATED,2026-07-14 14:28:00.000,1784050080000,D001306,1784050080000,1784053080000,1.14545,1.1454,1,1,1,5194
1306,ZONE_CREATED,2026-07-14 14:44:00.000,1784051040000,D001307,1784051040000,1784054040000,1.14545,1.1454,1,1,2,5210
1307,ZONE_CREATED,2026-07-14 14:56:00.000,1784051760000,D001308,1784051760000,1784054760000,1.14555,1.1455,1,1,2,5222
1308,ZONE_CREATED,2026-07-14 15:00:00.000,1784052000000,D001309,1784052000000,1784055000000,1.14525,1.1452,1,-1,1,5226
1309,ZONE_CREATED,2026-07-14 15:05:00.000,1784052300000,D001310,1784052300000,1784055300000,1.14535,1.1453,1,1,1,5231
1310,ZONE_CREATED,2026-07-14 15:06:00.000,1784052360000,D001311,1784052360000,1784055360000,1.14535,1.1453,1,1,2,5232
1311,ZONE_CREATED,2026-07-14 15:08:00.000,1784052480000,D001312,1784052480000,1784055480000,1.14535,1.1453,1,-1,3,5234
1312,ZONE_CREATED,2026-07-14 15:12:00.000,1784052720000,D001313,1784052720000,1784055720000,1.14525,1.1452,1,1,2,5238
1313,ZONE_CREATED,2026-07-14 15:17:00.000,1784053020000,D001314,1784053020000,1784056020000,1.14545,1.1454,1,1,3,5243
1314,ZONE_CREATED,2026-07-14 15:26:00.000,1784053560000,D001315,1784053560000,1784056560000,1.145,1.14495,1,1,1,5252
1315,ZONE_CREATED,2026-07-14 15:40:00.000,1784054400000,D001316,1784054400000,1784057400000,1.1449,1.14485,1,1,1,5266
1316,ZONE_CREATED,2026-07-14 15:42:00.000,1784054520000,D001317,1784054520000,1784057520000,1.14465,1.14455,2,1,1,5268
1317,ZONE_CREATED,2026-07-14 15:44:00.000,1784054640000,D001318,1784054640000,1784057640000,1.1446,1.14455,1,-1,2,5270
1318,ZONE_CREATED,2026-07-14 15:45:00.000,1784054700000,D001319,1784054700000,1784057700000,1.1448,1.14475,1,-1,1,5271
1319,ZONE_CREATED,2026-07-14 15:50:00.000,1784055000000,D001320,1784055000000,1784058000000,1.1449,1.14485,1,-1,2,5276
1320,ZONE_CREATED,2026-07-14 15:55:00.000,1784055300000,D001321,1784055300000,1784058300000,1.145,1.14495,1,1,2,5281
1321,ZONE_CREATED,2026-07-14 16:00:00.000,1784055600000,D001322,1784055600000,1784058600000,1.14525,1.1452,1,-1,2,5286
1322,ZONE_CREATED,2026-07-14 16:04:00.000,1784055840000,D001323,1784055840000,1784058840000,1.14535,1.1453,1,-1,1,5290
1323,ZONE_CREATED,2026-07-14 16:12:00.000,1784056320000,D001324,1784056320000,1784059320000,1.14525,1.1452,1,1,2,5298
1324,ZONE_CREATED,2026-07-14 16:15:00.000,1784056500000,D001325,1784056500000,1784059500000,1.14545,1.1454,1,-1,1,5301
1325,ZONE_CREATED,2026-07-14 16:16:00.000,1784056560000,D001326,1784056560000,1784059560000,1.14545,1.1454,1,-1,2,5302
1326,ZONE_CREATED,2026-07-14 16:18:00.000,1784056680000,D001327,1784056680000,1784059680000,1.14535,1.1453,1,-1,2,5304
1327,ZONE_CREATED,2026-07-14 16:24:00.000,1784057040000,D001328,1784057040000,1784060040000,1.14535,1.1453,1,1,3,5310
1328,ZONE_CREATED,2026-07-14 16:25:00.000,1784057100000,D001329,1784057100000,1784060100000,1.14535,1.1453,1,-1,4,5311
1329,ZONE_CREATED,2026-07-14 16:29:00.000,1784057340000,D001330,1784057340000,1784060340000,1.14535,1.1453,1,-1,5,5315
1330,ZONE_CREATED,2026-07-14 16:30:00.000,1784057400000,D001331,1784057400000,1784060400000,1.1454,1.1453,2,-1,8,5316
1331,ZONE_CREATED,2026-07-14 16:34:00.000,1784057640000,D001332,1784057640000,1784060640000,1.1452,1.14515,1,1,3,5320
1332,ZONE_CREATED,2026-07-14 16:35:00.000,1784057700000,D001333,1784057700000,1784060700000,1.1452,1.14515,1,1,4,5321
1333,ZONE_CREATED,2026-07-14 16:36:00.000,1784057760000,D001334,1784057760000,1784060760000,1.1451,1.14505,1,1,1,5322
1334,ZONE_CREATED,2026-07-14 16:37:00.000,1784057820000,D001335,1784057820000,1784060820000,1.1452,1.14515,1,1,5,5323
1335,ZONE_CREATED,2026-07-14 16:39:00.000,1784057940000,D001336,1784057940000,1784060940000,1.1452,1.14515,1,-1,6,5325
1336,ZONE_CREATED,2026-07-14 16:41:00.000,1784058060000,D001337,1784058060000,1784061060000,1.1452,1.14515,1,-1,7,5327
1337,ZONE_CREATED,2026-07-14 16:45:00.000,1784058300000,D001338,1784058300000,1784061300000,1.1452,1.14515,1,-1,8,5331
1338,ZONE_CREATED,2026-07-14 16:49:00.000,1784058540000,D001339,1784058540000,1784061540000,1.1452,1.14515,1,-1,9,5335
1339,ZONE_CREATED,2026-07-14 16:52:00.000,1784058720000,D001340,1784058720000,1784061720000,1.1452,1.14515,1,-1,9,5338
1340,ZONE_CREATED,2026-07-14 16:54:00.000,1784058840000,D001341,1784058840000,1784061840000,1.14525,1.1452,1,-1,10,5340
1341,ZONE_CREATED,2026-07-14 16:55:00.000,1784058900000,D001342,1784058900000,1784061900000,1.14525,1.1452,1,-1,11,5341
1342,ZONE_CREATED,2026-07-14 17:02:00.000,1784059320000,D001343,1784059320000,1784062320000,1.1449,1.14485,1,-1,1,5348
1343,ZONE_CREATED,2026-07-14 17:08:00.000,1784059680000,D001344,1784059680000,1784062680000,1.1448,1.14475,1,-1,1,5354
1344,ZONE_CREATED,2026-07-14 17:10:00.000,1784059800000,D001345,1784059800000,1784062800000,1.1449,1.14485,1,-1,2,5356
1345,ZONE_CREATED,2026-07-14 17:12:00.000,1784059920000,D001346,1784059920000,1784062920000,1.1451,1.14505,1,1,2,5358
1346,ZONE_CREATED,2026-07-14 17:13:00.000,1784059980000,D001347,1784059980000,1784062980000,1.1451,1.14505,1,-1,3,5359
1347,ZONE_CREATED,2026-07-14 17:17:00.000,1784060220000,D001348,1784060220000,1784063220000,1.1449,1.14485,1,-1,3,5363
1348,ZONE_CREATED,2026-07-14 17:21:00.000,1784060460000,D001349,1784060460000,1784063460000,1.1449,1.14485,1,-1,4,5366
1349,ZONE_CREATED,2026-07-14 17:24:00.000,1784060640000,D001350,1784060640000,1784063640000,1.1449,1.14485,1,-1,5,5368
1350,ZONE_CREATED,2026-07-14 17:26:00.000,1784060760000,D001351,1784060760000,1784063760000,1.145,1.14495,1,-1,1,5370
1351,ZONE_CREATED,2026-07-14 17:31:00.000,1784061060000,D001352,1784061060000,1784064060000,1.1449,1.14485,1,-1,6,5375
1352,ZONE_CREATED,2026-07-14 17:39:00.000,1784061540000,D001353,1784061540000,1784064540000,1.145,1.14495,1,1,2,5383
1353,ZONE_CREATED,2026-07-14 17:41:00.000,1784061660000,D001354,1784061660000,1784064660000,1.145,1.14495,1,1,3,5385
1354,ZONE_CREATED,2026-07-14 17:42:00.000,1784061720000,D001355,1784061720000,1784064720000,1.145,1.14495,1,1,4,5386
1355,ZONE_CREATED,2026-07-14 17:44:00.000,1784061840000,D001356,1784061840000,1784064840000,1.145,1.14495,1,-1,5,5388
1356,ZONE_CREATED,2026-07-14 17:48:00.000,1784062080000,D001357,1784062080000,1784065080000,1.1449,1.14485,1,-1,7,5392
1357,ZONE_CREATED,2026-07-14 17:50:00.000,1784062200000,D001358,1784062200000,1784065200000,1.1449,1.14485,1,1,8,5394
1358,ZONE_CREATED,2026-07-14 17:55:00.000,1784062500000,D001359,1784062500000,1784065500000,1.145,1.14495,1,-1,6,5399
1359,ZONE_CREATED,2026-07-14 17:58:00.000,1784062680000,D001360,1784062680000,1784065680000,1.145,1.14495,1,1,7,5402
1360,ZONE_CREATED,2026-07-14 17:59:00.000,1784062740000,D001361,1784062740000,1784065740000,1.145,1.14495,1,-1,8,5403
1361,ZONE_CREATED,2026-07-14 19:01:00.000,1784066460000,D001362,1784066460000,1784069460000,1.1448,1.14475,1,1,1,5405
1362,ZONE_CREATED,2026-07-14 19:14:00.000,1784067240000,D001363,1784067240000,1784070240000,1.1447,1.14465,1,1,1,5416
1363,ZONE_CREATED,2026-07-14 19:19:00.000,1784067540000,D001364,1784067540000,1784070540000,1.1447,1.14465,1,1,2,5420
1364,ZONE_CREATED,2026-07-14 19:31:00.000,1784068260000,D001365,1784068260000,1784071260000,1.1449,1.14485,1,-1,3,5429
1365,ZONE_CREATED,2026-07-14 19:32:00.000,1784068320000,D001366,1784068320000,1784071320000,1.1449,1.14485,1,1,4,5430
1366,ZONE_CREATED,2026-07-14 19:38:00.000,1784068680000,D001367,1784068680000,1784071680000,1.1449,1.14485,1,1,5,5436
1367,ZONE_CREATED,2026-07-14 19:47:00.000,1784069220000,D001368,1784069220000,1784072220000,1.1448,1.14475,1,-1,2,5445
1368,ZONE_CREATED,2026-07-14 19:57:00.000,1784069820000,D001369,1784069820000,1784072820000,1.1448,1.14475,1,1,3,5455
1369,ZONE_CREATED,2026-07-14 20:06:00.000,1784070360000,D001370,1784070360000,1784073360000,1.1449,1.14485,1,-1,4,5464
1370,ZONE_CREATED,2026-07-14 20:13:00.000,1784070780000,D001371,1784070780000,1784073780000,1.145,1.14495,1,1,1,5471
1371,ZONE_CREATED,2026-07-14 20:17:00.000,1784071020000,D001372,1784071020000,1784074020000,1.145,1.14495,1,-1,2,5475
1372,ZONE_CREATED,2026-07-14 20:23:00.000,1784071380000,D001373,1784071380000,1784074380000,1.145,1.14495,1,1,3,5480
1373,ZONE_CREATED,2026-07-14 20:24:00.000,1784071440000,D001374,1784071440000,1784074440000,1.145,1.14495,1,1,4,5481
1374,ZONE_CREATED,2026-07-14 20:25:00.000,1784071500000,D001375,1784071500000,1784074500000,1.145,1.1449,2,1,7,5482
1375,ZONE_CREATED,2026-07-14 20:39:00.000,1784072340000,D001376,1784072340000,1784075340000,1.1451,1.14505,1,1,1,5495
1376,ZONE_CREATED,2026-07-14 20:42:00.000,1784072520000,D001377,1784072520000,1784075520000,1.1452,1.14515,1,1,1,5498
1377,ZONE_CREATED,2026-07-14 20:44:00.000,1784072640000,D001378,1784072640000,1784075640000,1.14525,1.1452,1,1,2,5500
1378,ZONE_CREATED,2026-07-14 20:45:00.000,1784072700000,D001379,1784072700000,1784075700000,1.14525,1.1452,1,1,3,5501
1379,ZONE_CREATED,2026-07-14 20:50:00.000,1784073000000,D001380,1784073000000,1784076000000,1.14525,1.1452,1,-1,4,5506
1380,ZONE_CREATED,2026-07-14 20:51:00.000,1784073060000,D001381,1784073060000,1784076060000,1.14525,1.1452,1,1,5,5507
1381,ZONE_CREATED,2026-07-14 20:52:00.000,1784073120000,D001382,1784073120000,1784076120000,1.14525,1.1452,1,-1,6,5508
1382,ZONE_CREATED,2026-07-14 20:54:00.000,1784073240000,D001383,1784073240000,1784076240000,1.1452,1.14515,1,1,7,5510
1383,ZONE_CREATED,2026-07-14 20:57:00.000,1784073420000,D001384,1784073420000,1784076420000,1.14525,1.1452,1,-1,8,5513
1384,ZONE_CREATED,2026-07-14 20:58:00.000,1784073480000,D001385,1784073480000,1784076480000,1.14525,1.1452,1,1,9,5514
1385,ZONE_CREATED,2026-07-14 20:59:00.000,1784073540000,D001386,1784073540000,1784076540000,1.14525,1.1452,1,-1,10,5515
1386,ZONE_CREATED,2026-07-14 21:11:00.000,1784074260000,D001387,1784074260000,1784077260000,1.14555,1.1455,1,1,1,5527
1387,ZONE_CREATED,2026-07-14 21:19:00.000,1784074740000,D001388,1784074740000,1784077740000,1.14555,1.1455,1,1,2,5535
1388,ZONE_CREATED,2026-07-14 21:22:00.000,1784074920000,D001389,1784074920000,1784077920000,1.14555,1.1455,1,-1,3,5538
1389,ZONE_CREATED,2026-07-14 21:24:00.000,1784075040000,D001390,1784075040000,1784078040000,1.14555,1.1455,1,-1,4,5540
1390,ZONE_CREATED,2026-07-14 21:32:00.000,1784075520000,D001391,1784075520000,1784078520000,1.14575,1.1457,1,1,1,5548
1391,ZONE_CREATED,2026-07-14 21:34:00.000,1784075640000,D001392,1784075640000,1784078640000,1.14575,1.1457,1,1,2,5550
1392,ZONE_CREATED,2026-07-14 21:38:00.000,1784075880000,D001393,1784075880000,1784078880000,1.14565,1.1456,1,1,1,5554
1393,ZONE_CREATED,2026-07-14 21:39:00.000,1784075940000,D001394,1784075940000,1784078940000,1.14565,1.1456,1,-1,2,5555
1394,ZONE_CREATED,2026-07-14 21:41:00.000,1784076060000,D001395,1784076060000,1784079060000,1.14555,1.1455,1,-1,5,5557
1395,ZONE_CREATED,2026-07-14 21:43:00.000,1784076180000,D001396,1784076180000,1784079180000,1.14555,1.1455,1,-1,6,5559
1396,ZONE_CREATED,2026-07-14 21:45:00.000,1784076300000,D001397,1784076300000,1784079300000,1.14555,1.1455,1,-1,7,5561
1397,ZONE_CREATED,2026-07-14 21:47:00.000,1784076420000,D001398,1784076420000,1784079420000,1.14565,1.1456,1,1,3,5563
1398,ZONE_CREATED,2026-07-14 21:48:00.000,1784076480000,D001399,1784076480000,1784079480000,1.14565,1.1456,1,-1,4,5564
1399,ZONE_CREATED,2026-07-14 21:50:00.000,1784076600000,D001400,1784076600000,1784079600000,1.14575,1.1457,1,1,3,5565
1400,ZONE_CREATED,2026-07-14 21:52:00.000,1784076720000,D001401,1784076720000,1784079720000,1.1459,1.14575,3,1,4,5567
1401,ZONE_CREATED,2026-07-14 21:53:00.000,1784076780000,D001402,1784076780000,1784079780000,1.146,1.1459,2,-1,2,5568
1402,ZONE_CREATED,2026-07-14 21:56:00.000,1784076960000,D001403,1784076960000,1784079960000,1.1462,1.14615,1,-1,1,5571
1403,ZONE_CREATED,2026-07-14 22:01:00.000,1784077260000,D001404,1784077260000,1784080260000,1.1463,1.14625,1,-1,1,5576
1404,ZONE_CREATED,2026-07-14 22:07:00.000,1784077620000,D001405,1784077620000,1784080620000,1.1463,1.14625,1,-1,2,5582
1405,ZONE_CREATED,2026-07-14 22:13:00.000,1784077980000,D001406,1784077980000,1784080980000,1.1463,1.14625,1,-1,3,5588
1406,ZONE_CREATED,2026-07-14 22:17:00.000,1784078220000,D001407,1784078220000,1784081220000,1.1465,1.14645,1,-1,1,5592
1407,ZONE_CREATED,2026-07-14 22:22:00.000,1784078520000,D001408,1784078520000,1784081520000,1.1465,1.14645,1,1,2,5597
1408,ZONE_CREATED,2026-07-14 22:28:00.000,1784078880000,D001409,1784078880000,1784081880000,1.1465,1.14645,1,-1,3,5603
1409,ZONE_CREATED,2026-07-14 22:43:00.000,1784079780000,D001410,1784079780000,1784082780000,1.1463,1.14625,1,-1,4,5618
1410,ZONE_CREATED,2026-07-14 22:48:00.000,1784080080000,D001411,1784080080000,1784083080000,1.1462,1.14615,1,-1,1,5623
1411,ZONE_CREATED,2026-07-14 22:49:00.000,1784080140000,D001412,1784080140000,1784083140000,1.14615,1.1461,1,1,2,5624
1412,ZONE_CREATED,2026-07-14 22:50:00.000,1784080200000,D001413,1784080200000,1784083200000,1.1462,1.14615,1,1,3,5625
1413,ZONE_CREATED,2026-07-14 22:51:00.000,1784080260000,D001414,1784080260000,1784083260000,1.1462,1.14615,1,-1,4,5626
1414,ZONE_CREATED,2026-07-14 22:52:00.000,1784080320000,D001415,1784080320000,1784083320000,1.1462,1.14615,1,-1,5,5627
1415,ZONE_CREATED,2026-07-14 22:54:00.000,1784080440000,D001416,1784080440000,1784083440000,1.1462,1.14615,1,-1,6,5629
1416,ZONE_CREATED,2026-07-14 22:59:00.000,1784080740000,D001417,1784080740000,1784083740000,1.1464,1.1463,2,-1,3,5634
1417,ZONE_CREATED,2026-07-14 23:01:00.000,1784080860000,D001418,1784080860000,1784083860000,1.1463,1.14625,1,1,4,5636
1418,ZONE_CREATED,2026-07-14 23:02:00.000,1784080920000,D001419,1784080920000,1784083920000,1.1463,1.14625,1,1,5,5637
1419,ZONE_CREATED,2026-07-14 23:03:00.000,1784080980000,D001420,1784080980000,1784083980000,1.1464,1.14635,1,-1,2,5638
1420,ZONE_CREATED,2026-07-14 23:07:00.000,1784081220000,D001421,1784081220000,1784084220000,1.1466,1.14655,1,-1,1,5642
1421,ZONE_CREATED,2026-07-14 23:08:00.000,1784081280000,D001422,1784081280000,1784084280000,1.1466,1.14655,1,-1,2,5643
1422,ZONE_CREATED,2026-07-14 23:10:00.000,1784081400000,D001423,1784081400000,1784084400000,1.1467,1.14665,1,1,1,5645
1423,ZONE_CREATED,2026-07-14 23:15:00.000,1784081700000,D001424,1784081700000,1784084700000,1.1464,1.14635,1,-1,3,5650
1424,ZONE_CREATED,2026-07-14 23:24:00.000,1784082240000,D001425,1784082240000,1784085240000,1.1462,1.14615,1,1,7,5659
1425,ZONE_CREATED,2026-07-14 23:26:00.000,1784082360000,D001426,1784082360000,1784085360000,1.1463,1.14625,1,1,5,5661
1426,ZONE_CREATED,2026-07-14 23:39:00.000,1784083140000,D001427,1784083140000,1784086140000,1.1465,1.14645,1,1,1,5673
1427,ZONE_CREATED,2026-07-14 23:48:00.000,1784083680000,D001428,1784083680000,1784086680000,1.1469,1.14685,1,-1,1,5682
1428,ZONE_CREATED,2026-07-14 23:52:00.000,1784083920000,D001429,1784083920000,1784086920000,1.1469,1.14685,1,-1,2,5686
1429,ZONE_CREATED,2026-07-14 23:53:00.000,1784083980000,D001430,1784083980000,1784086980000,1.1468,1.14675,1,-1,1,5687
1430,ZONE_CREATED,2026-07-14 23:55:00.000,1784084100000,D001431,1784084100000,1784087100000,1.1469,1.14685,1,1,3,5689
1431,ZONE_CREATED,2026-07-15 00:03:00.000,1784084580000,D001432,1784084580000,1784087580000,1.147,1.14695,1,1,1,5697
1432,ZONE_CREATED,2026-07-15 00:06:00.000,1784084760000,D001433,1784084760000,1784087760000,1.147,1.1469,2,-1,5,5700
1433,ZONE_CREATED,2026-07-15 00:08:00.000,1784084880000,D001434,1784084880000,1784087880000,1.1469,1.14685,1,-1,5,5701
1434,ZONE_CREATED,2026-07-15 00:09:00.000,1784084940000,D001435,1784084940000,1784087940000,1.1468,1.14675,1,-1,2,5702
1435,ZONE_CREATED,2026-07-15 00:10:00.000,1784085000000,D001436,1784085000000,1784088000000,1.1469,1.1468,2,-1,8,5703
1436,ZONE_CREATED,2026-07-15 00:13:00.000,1784085180000,D001437,1784085180000,1784088180000,1.1467,1.14665,1,-1,1,5706
1437,ZONE_CREATED,2026-07-15 00:14:00.000,1784085240000,D001438,1784085240000,1784088240000,1.1467,1.1466,2,-1,2,5707
1438,ZONE_CREATED,2026-07-15 00:15:00.000,1784085300000,D001439,1784085300000,1784088300000,1.1466,1.14655,1,-1,2,5708
1439,ZONE_CREATED,2026-07-15 00:18:00.000,1784085480000,D001440,1784085480000,1784088480000,1.1464,1.14635,1,-1,1,5711
1440,ZONE_CREATED,2026-07-15 00:29:00.000,1784086140000,D001441,1784086140000,1784089140000,1.1464,1.14635,1,1,2,5722
1441,ZONE_CREATED,2026-07-15 00:37:00.000,1784086620000,D001442,1784086620000,1784089620000,1.1465,1.14645,1,-1,1,5729
1442,ZONE_CREATED,2026-07-15 00:41:00.000,1784086860000,D001443,1784086860000,1784089860000,1.1465,1.1464,2,-1,4,5733
1443,ZONE_CREATED,2026-07-15 00:44:00.000,1784087040000,D001444,1784087040000,1784090040000,1.1464,1.1463,2,-1,4,5736
1444,ZONE_CREATED,2026-07-15 00:49:00.000,1784087340000,D001445,1784087340000,1784090340000,1.1464,1.14635,1,1,5,5741
1445,ZONE_CREATED,2026-07-15 00:54:00.000,1784087640000,D001446,1784087640000,1784090640000,1.1466,1.1465,2,-1,5,5746
1446,ZONE_CREATED,2026-07-15 01:08:00.000,1784088480000,D001447,1784088480000,1784091480000,1.1466,1.14655,1,-1,2,5760
1447,ZONE_CREATED,2026-07-15 01:11:00.000,1784088660000,D001448,1784088660000,1784091660000,1.1466,1.14655,1,1,3,5763
1448,ZONE_CREATED,2026-07-15 01:16:00.000,1784088960000,D001449,1784088960000,1784091960000,1.1466,1.1465,2,1,6,5767
1449,ZONE_CREATED,2026-07-15 01:24:00.000,1784089440000,D001450,1784089440000,1784092440000,1.1467,1.14665,1,-1,1,5773
1450,ZONE_CREATED,2026-07-15 01:25:00.000,1784089500000,D001451,1784089500000,1784092500000,1.1467,1.14665,1,1,2,5774
1451,ZONE_CREATED,2026-07-15 01:26:00.000,1784089560000,D001452,1784089560000,1784092560000,1.14675,1.14665,2,-1,3,5775
1452,ZONE_CREATED,2026-07-15 01:29:00.000,1784089740000,D001453,1784089740000,1784092740000,1.1469,1.1468,2,-1,1,5778
1453,ZONE_CREATED,2026-07-15 01:30:00.000,1784089800000,D001454,1784089800000,1784092800000,1.1468,1.14675,1,-1,3,5779
1454,ZONE_CREATED,2026-07-15 01:31:00.000,1784089860000,D001455,1784089860000,1784092860000,1.1468,1.14675,1,-1,4,5780
1455,ZONE_CREATED,2026-07-15 01:36:00.000,1784090160000,D001456,1784090160000,1784093160000,1.1468,1.14675,1,-1,5,5785
1456,ZONE_CREATED,2026-07-15 01:39:00.000,1784090340000,D001457,1784090340000,1784093340000,1.14685,1.14675,2,-1,6,5788
1457,ZONE_CREATED,2026-07-15 01:40:00.000,1784090400000,D001458,1784090400000,1784093400000,1.1468,1.14675,1,-1,7,5789
1458,ZONE_CREATED,2026-07-15 01:42:00.000,1784090520000,D001459,1784090520000,1784093520000,1.1467,1.14665,1,-1,4,5791
1459,ZONE_CREATED,2026-07-15 01:43:00.000,1784090580000,D001460,1784090580000,1784093580000,1.14665,1.14655,2,-1,9,5792
1460,ZONE_CREATED,2026-07-15 01:48:00.000,1784090880000,D001461,1784090880000,1784093880000,1.1468,1.14675,1,-1,8,5797
1461,ZONE_CREATED,2026-07-15 01:53:00.000,1784091180000,D001462,1784091180000,1784094180000,1.1467,1.14665,1,-1,6,5801
1462,ZONE_CREATED,2026-07-15 02:01:00.000,1784091660000,D001463,1784091660000,1784094660000,1.1465,1.14645,1,-1,2,5808
1463,ZONE_CREATED,2026-07-15 02:03:00.000,1784091780000,D001464,1784091780000,1784094780000,1.1465,1.1464,2,1,3,5810
1464,ZONE_CREATED,2026-07-15 02:06:00.000,1784091960000,D001465,1784091960000,1784094960000,1.1464,1.14635,1,1,2,5813
1465,ZONE_CREATED,2026-07-15 02:08:00.000,1784092080000,D001466,1784092080000,1784095080000,1.1466,1.14655,1,-1,3,5815
1466,ZONE_CREATED,2026-07-15 02:25:00.000,1784093100000,D001467,1784093100000,1784096100000,1.1466,1.14655,1,-1,3,5830
1467,ZONE_CREATED,2026-07-15 02:32:00.000,1784093520000,D001468,1784093520000,1784096520000,1.1467,1.14665,1,1,4,5836
1468,ZONE_CREATED,2026-07-15 02:35:00.000,1784093700000,D001469,1784093700000,1784096700000,1.1468,1.1467,2,1,7,5838
1469,ZONE_CREATED,2026-07-15 02:39:00.000,1784093940000,D001470,1784093940000,1784096940000,1.1468,1.14675,1,1,3,5842
1470,ZONE_CREATED,2026-07-15 02:40:00.000,1784094000000,D001471,1784094000000,1784097000000,1.1468,1.14675,1,1,4,5843
1471,ZONE_CREATED,2026-07-15 02:41:00.000,1784094060000,D001472,1784094060000,1784097060000,1.1468,1.14675,1,1,5,5844
1472,ZONE_CREATED,2026-07-15 02:49:00.000,1784094540000,D001473,1784094540000,1784097540000,1.1471,1.14705,1,-1,1,5851
1473,ZONE_CREATED,2026-07-15 02:56:00.000,1784094960000,D001474,1784094960000,1784097960000,1.1471,1.14705,1,-1,2,5858
1474,ZONE_CREATED,2026-07-15 03:03:00.000,1784095380000,D001475,1784095380000,1784098380000,1.1471,1.14705,1,-1,3,5865
1475,ZONE_CREATED,2026-07-15 03:06:00.000,1784095560000,D001476,1784095560000,1784098560000,1.1469,1.14685,1,-1,1,5868
1476,ZONE_CREATED,2026-07-15 03:13:00.000,1784095980000,D001477,1784095980000,1784098980000,1.1469,1.14685,1,-1,2,5875
1477,ZONE_CREATED,2026-07-15 03:19:00.000,1784096340000,D001478,1784096340000,1784099340000,1.147,1.14695,1,1,1,5881
1478,ZONE_CREATED,2026-07-15 03:20:00.000,1784096400000,D001479,1784096400000,1784099400000,1.1472,1.14715,1,-1,1,5882
1479,ZONE_CREATED,2026-07-15 03:26:00.000,1784096760000,D001480,1784096760000,1784099760000,1.1472,1.1471,2,1,5,5888
1480,ZONE_CREATED,2026-07-15 03:29:00.000,1784096940000,D001481,1784096940000,1784099940000,1.1471,1.14705,1,-1,5,5891
1481,ZONE_CREATED,2026-07-15 03:33:00.000,1784097180000,D001482,1784097180000,1784100180000,1.1469,1.14685,1,-1,3,5895
1482,ZONE_CREATED,2026-07-15 03:50:00.000,1784098200000,D001483,1784098200000,1784101200000,1.1464,1.14635,1,1,1,5912
1483,ZONE_CREATED,2026-07-15 03:53:00.000,1784098380000,D001484,1784098380000,1784101380000,1.1462,1.14615,1,1,1,5915
1484,ZONE_CREATED,2026-07-15 03:54:00.000,1784098440000,D001485,1784098440000,1784101440000,1.1464,1.14635,1,1,2,5916
1485,ZONE_CREATED,2026-07-15 03:55:00.000,1784098500000,D001486,1784098500000,1784101500000,1.1463,1.14625,1,1,1,5917
1486,ZONE_CREATED,2026-07-15 04:00:00.000,1784098800000,D001487,1784098800000,1784101800000,1.14575,1.1457,1,1,1,5922
1487,ZONE_CREATED,2026-07-15 04:01:00.000,1784098860000,D001488,1784098860000,1784101860000,1.14595,1.1459,1,1,1,5923
1488,ZONE_CREATED,2026-07-15 04:06:00.000,1784099160000,D001489,1784099160000,1784102160000,1.1455,1.1454,2,1,1,5928
1489,ZONE_CREATED,2026-07-15 04:08:00.000,1784099280000,D001490,1784099280000,1784102280000,1.14575,1.1457,1,-1,2,5930
1490,ZONE_CREATED,2026-07-15 04:15:00.000,1784099700000,D001491,1784099700000,1784102700000,1.14585,1.1458,1,1,1,5937
1491,ZONE_CREATED,2026-07-15 04:16:00.000,1784099760000,D001492,1784099760000,1784102760000,1.14585,1.1458,1,1,2,5938
1492,ZONE_CREATED,2026-07-15 04:22:00.000,1784100120000,D001493,1784100120000,1784103120000,1.14525,1.1452,1,1,1,5944
1493,ZONE_CREATED,2026-07-15 04:24:00.000,1784100240000,D001494,1784100240000,1784103240000,1.1452,1.14515,1,-1,2,5946
1494,ZONE_CREATED,2026-07-15 04:30:00.000,1784100600000,D001495,1784100600000,1784103600000,1.1451,1.14505,1,-1,1,5952
1495,ZONE_CREATED,2026-07-15 04:34:00.000,1784100840000,D001496,1784100840000,1784103840000,1.14525,1.1452,1,1,3,5956
1496,ZONE_CREATED,2026-07-15 04:47:00.000,1784101620000,D001497,1784101620000,1784104620000,1.1451,1.14505,1,-1,2,5969
1497,ZONE_CREATED,2026-07-15 04:49:00.000,1784101740000,D001498,1784101740000,1784104740000,1.14525,1.1452,1,-1,4,5971
1498,ZONE_CREATED,2026-07-15 04:53:00.000,1784101980000,D001499,1784101980000,1784104980000,1.14525,1.1452,1,-1,5,5975
1499,ZONE_CREATED,2026-07-15 04:54:00.000,1784102040000,D001500,1784102040000,1784105040000,1.1452,1.14515,1,-1,6,5976
1500,ZONE_CREATED,2026-07-15 04:57:00.000,1784102220000,D001501,1784102220000,1784105220000,1.1452,1.14515,1,-1,7,5979
1501,ZONE_CREATED,2026-07-15 04:58:00.000,1784102280000,D001502,1784102280000,1784105280000,1.14525,1.1452,1,-1,8,5980
1502,ZONE_CREATED,2026-07-15 05:00:00.000,1784102400000,D001503,1784102400000,1784105400000,1.1452,1.14515,1,1,9,5982
1503,ZONE_CREATED,2026-07-15 05:18:00.000,1784103480000,D001504,1784103480000,1784106480000,1.1452,1.14515,1,1,8,6000
1504,ZONE_CREATED,2026-07-15 05:23:00.000,1784103780000,D001505,1784103780000,1784106780000,1.14525,1.1452,1,-1,9,6005
1505,ZONE_CREATED,2026-07-15 05:26:00.000,1784103960000,D001506,1784103960000,1784106960000,1.14535,1.1453,1,-1,1,6008
1506,ZONE_CREATED,2026-07-15 05:28:00.000,1784104080000,D001507,1784104080000,1784107080000,1.14525,1.1452,1,1,9,6010
1507,ZONE_CREATED,2026-07-15 05:29:00.000,1784104140000,D001508,1784104140000,1784107140000,1.14525,1.1452,1,1,10,6011
1508,ZONE_CREATED,2026-07-15 05:36:00.000,1784104560000,D001509,1784104560000,1784107560000,1.14545,1.14535,2,-1,2,6018
1509,ZONE_CREATED,2026-07-15 05:40:00.000,1784104800000,D001510,1784104800000,1784107800000,1.14535,1.1453,1,-1,3,6022
1510,ZONE_CREATED,2026-07-15 05:43:00.000,1784104980000,D001511,1784104980000,1784107980000,1.14535,1.1453,1,-1,4,6025
1511,ZONE_CREATED,2026-07-15 05:46:00.000,1784105160000,D001512,1784105160000,1784108160000,1.14535,1.1453,1,-1,5,6028
1512,ZONE_CREATED,2026-07-15 05:47:00.000,1784105220000,D001513,1784105220000,1784108220000,1.14535,1.1453,1,-1,6,6029
1513,ZONE_CREATED,2026-07-15 05:51:00.000,1784105460000,D001514,1784105460000,1784108460000,1.1451,1.14505,1,1,1,6033
1514,ZONE_CREATED,2026-07-15 05:55:00.000,1784105700000,D001515,1784105700000,1784108700000,1.1451,1.14505,1,-1,2,6037
1515,ZONE_CREATED,2026-07-15 05:59:00.000,1784105940000,D001516,1784105940000,1784108940000,1.14525,1.1452,1,-1,5,6041
1516,ZONE_CREATED,2026-07-15 06:00:00.000,1784106000000,D001517,1784106000000,1784109000000,1.1453,1.1452,2,1,11,6042
1517,ZONE_CREATED,2026-07-15 06:03:00.000,1784106180000,D001518,1784106180000,1784109180000,1.1451,1.14505,1,-1,3,6045
1518,ZONE_CREATED,2026-07-15 06:10:00.000,1784106600000,D001519,1784106600000,1784109600000,1.1452,1.14515,1,1,6,6052
1519,ZONE_CREATED,2026-07-15 06:12:00.000,1784106720000,D001520,1784106720000,1784109720000,1.14525,1.1452,1,1,7,6054
1520,ZONE_CREATED,2026-07-15 06:14:00.000,1784106840000,D001521,1784106840000,1784109840000,1.14535,1.1453,1,-1,8,6056
1521,ZONE_CREATED,2026-07-15 06:17:00.000,1784107020000,D001522,1784107020000,1784110020000,1.14525,1.1452,1,-1,7,6059
1522,ZONE_CREATED,2026-07-15 06:23:00.000,1784107380000,D001523,1784107380000,1784110380000,1.14525,1.1452,1,-1,6,6065
1523,ZONE_CREATED,2026-07-15 06:28:00.000,1784107680000,D001524,1784107680000,1784110680000,1.1452,1.14515,1,1,7,6070
1524,ZONE_CREATED,2026-07-15 06:31:00.000,1784107860000,D001525,1784107860000,1784110860000,1.1451,1.14505,1,-1,4,6073
1525,ZONE_CREATED,2026-07-15 06:39:00.000,1784108340000,D001526,1784108340000,1784111340000,1.1448,1.14475,1,-1,1,6081
1526,ZONE_CREATED,2026-07-15 06:41:00.000,1784108460000,D001527,1784108460000,1784111460000,1.1449,1.14485,1,1,1,6083
1527,ZONE_CREATED,2026-07-15 06:47:00.000,1784108820000,D001528,1784108820000,1784111820000,1.145,1.14495,1,-1,1,6089
1528,ZONE_CREATED,2026-07-15 06:54:00.000,1784109240000,D001529,1784109240000,1784112240000,1.1448,1.14475,1,-1,2,6096
1529,ZONE_CREATED,2026-07-15 06:56:00.000,1784109360000,D001530,1784109360000,1784112360000,1.1446,1.14455,1,-1,1,6098
1530,ZONE_CREATED,2026-07-15 06:57:00.000,1784109420000,D001531,1784109420000,1784112420000,1.1446,1.14455,1,-1,2,6099
1531,ZONE_CREATED,2026-07-15 07:11:00.000,1784110260000,D001532,1784110260000,1784113260000,1.1443,1.14425,1,-1,1,6113
1532,ZONE_CREATED,2026-07-15 07:14:00.000,1784110440000,D001533,1784110440000,1784113440000,1.1444,1.14435,1,1,1,6116
1533,ZONE_CREATED,2026-07-15 07:21:00.000,1784110860000,D001534,1784110860000,1784113860000,1.1446,1.14455,1,-1,3,6123
1534,ZONE_CREATED,2026-07-15 07:24:00.000,1784111040000,D001535,1784111040000,1784114040000,1.1442,1.14415,1,1,1,6126
1535,ZONE_CREATED,2026-07-15 07:25:00.000,1784111100000,D001536,1784111100000,1784114100000,1.14415,1.1441,1,1,2,6127
1536,ZONE_CREATED,2026-07-15 07:27:00.000,1784111220000,D001537,1784111220000,1784114220000,1.14415,1.1441,1,1,3,6129
1537,ZONE_CREATED,2026-07-15 07:29:00.000,1784111340000,D001538,1784111340000,1784114340000,1.14415,1.1441,1,-1,4,6131
1538,ZONE_CREATED,2026-07-15 07:30:00.000,1784111400000,D001539,1784111400000,1784114400000,1.1442,1.14415,1,1,5,6132
1539,ZONE_CREATED,2026-07-15 07:31:00.000,1784111460000,D001540,1784111460000,1784114460000,1.1443,1.14425,1,1,2,6133
1540,ZONE_CREATED,2026-07-15 07:35:00.000,1784111700000,D001541,1784111700000,1784114700000,1.14405,1.144,1,-1,1,6137
1541,ZONE_CREATED,2026-07-15 07:39:00.000,1784111940000,D001542,1784111940000,1784114940000,1.1443,1.14425,1,1,3,6141
1542,ZONE_CREATED,2026-07-15 07:40:00.000,1784112000000,D001543,1784112000000,1784115000000,1.1442,1.14415,1,-1,6,6142
1543,ZONE_CREATED,2026-07-15 07:47:00.000,1784112420000,D001544,1784112420000,1784115420000,1.1443,1.14425,1,-1,4,6149
1544,ZONE_CREATED,2026-07-15 07:49:00.000,1784112540000,D001545,1784112540000,1784115540000,1.1442,1.14415,1,-1,7,6151
1545,ZONE_CREATED,2026-07-15 07:50:00.000,1784112600000,D001546,1784112600000,1784115600000,1.14415,1.1441,1,-1,8,6152
1546,ZONE_CREATED,2026-07-15 07:52:00.000,1784112720000,D001547,1784112720000,1784115720000,1.14415,1.1441,1,-1,9,6154
1547,ZONE_CREATED,2026-07-15 07:53:00.000,1784112780000,D001548,1784112780000,1784115780000,1.1442,1.14415,1,1,10,6155
1548,ZONE_CREATED,2026-07-15 07:55:00.000,1784112900000,D001549,1784112900000,1784115900000,1.1442,1.14415,1,-1,11,6157
1549,ZONE_CREATED,2026-07-15 08:11:00.000,1784113860000,D001550,1784113860000,1784116860000,1.1447,1.14465,1,1,1,6173
1550,ZONE_CREATED,2026-07-15 08:19:00.000,1784114340000,D001551,1784114340000,1784117340000,1.1446,1.14455,1,-1,1,6181
1551,ZONE_CREATED,2026-07-15 08:33:00.000,1784115180000,D001552,1784115180000,1784118180000,1.1445,1.14445,1,1,1,6195
1552,ZONE_CREATED,2026-07-15 08:39:00.000,1784115540000,D001553,1784115540000,1784118540000,1.1447,1.14465,1,-1,2,6201
1553,ZONE_CREATED,2026-07-15 08:40:00.000,1784115600000,D001554,1784115600000,1784118600000,1.1446,1.14455,1,1,2,6202
1554,ZONE_CREATED,2026-07-15 08:47:00.000,1784116020000,D001555,1784116020000,1784119020000,1.1443,1.14425,1,-1,1,6209
1555,ZONE_CREATED,2026-07-15 08:51:00.000,1784116260000,D001556,1784116260000,1784119260000,1.1442,1.14415,1,-1,1,6213
1556,ZONE_CREATED,2026-07-15 09:00:00.000,1784116800000,D001557,1784116800000,1784119800000,1.14405,1.144,1,1,1,6222
1557,ZONE_CREATED,2026-07-15 09:01:00.000,1784116860000,D001558,1784116860000,1784119860000,1.1443,1.14425,1,-1,2,6223
1558,ZONE_CREATED,2026-07-15 09:06:00.000,1784117160000,D001559,1784117160000,1784120160000,1.14385,1.1438,1,1,1,6228
1559,ZONE_CREATED,2026-07-15 09:08:00.000,1784117280000,D001560,1784117280000,1784120280000,1.14375,1.1437,1,-1,1,6230
1560,ZONE_CREATED,2026-07-15 09:14:00.000,1784117640000,D001561,1784117640000,1784120640000,1.14375,1.1437,1,1,2,6236
1561,ZONE_CREATED,2026-07-15 09:21:00.000,1784118060000,D001562,1784118060000,1784121060000,1.14375,1.1437,1,1,3,6243
1562,ZONE_CREATED,2026-07-15 09:27:00.000,1784118420000,D001563,1784118420000,1784121420000,1.14415,1.1441,1,1,2,6249
1563,ZONE_CREATED,2026-07-15 09:35:00.000,1784118900000,D001564,1784118900000,1784121900000,1.145,1.14495,1,1,1,6257
1564,ZONE_CREATED,2026-07-15 09:38:00.000,1784119080000,D001565,1784119080000,1784122080000,1.1449,1.14485,1,-1,1,6260
1565,ZONE_CREATED,2026-07-15 09:45:00.000,1784119500000,D001566,1784119500000,1784122500000,1.14535,1.1453,1,-1,1,6267
1566,ZONE_CREATED,2026-07-15 09:46:00.000,1784119560000,D001567,1784119560000,1784122560000,1.14535,1.1453,1,-1,2,6268
1567,ZONE_CREATED,2026-07-15 09:47:00.000,1784119620000,D001568,1784119620000,1784122620000,1.14535,1.1453,1,1,3,6269
1568,ZONE_CREATED,2026-07-15 09:51:00.000,1784119860000,D001569,1784119860000,1784122860000,1.14535,1.1453,1,1,4,6273
1569,ZONE_CREATED,2026-07-15 09:52:00.000,1784119920000,D001570,1784119920000,1784122920000,1.14545,1.14535,2,1,5,6274
1570,ZONE_CREATED,2026-07-15 10:04:00.000,1784120640000,D001571,1784120640000,1784123640000,1.14595,1.1459,1,1,1,6286
1571,ZONE_CREATED,2026-07-15 10:06:00.000,1784120760000,D001572,1784120760000,1784123760000,1.14615,1.1461,1,1,1,6288
1572,ZONE_CREATED,2026-07-15 10:17:00.000,1784121420000,D001573,1784121420000,1784124420000,1.14575,1.1457,1,1,1,6299
1573,ZONE_CREATED,2026-07-15 10:23:00.000,1784121780000,D001574,1784121780000,1784124780000,1.14575,1.1457,1,-1,2,6305
1574,ZONE_CREATED,2026-07-15 10:28:00.000,1784122080000,D001575,1784122080000,1784125080000,1.14525,1.1452,1,1,1,6310
1575,ZONE_CREATED,2026-07-15 10:31:00.000,1784122260000,D001576,1784122260000,1784125260000,1.14535,1.1453,1,1,6,6313
1576,ZONE_CREATED,2026-07-15 10:33:00.000,1784122380000,D001577,1784122380000,1784125380000,1.14555,1.1455,1,1,1,6315
1577,ZONE_CREATED,2026-07-15 10:34:00.000,1784122440000,D001578,1784122440000,1784125440000,1.14545,1.1454,1,-1,2,6316
1578,ZONE_CREATED,2026-07-15 10:35:00.000,1784122500000,D001579,1784122500000,1784125500000,1.14555,1.1455,1,-1,2,6317
1579,ZONE_CREATED,2026-07-15 10:40:00.000,1784122800000,D001580,1784122800000,1784125800000,1.14555,1.1455,1,-1,3,6322
1580,ZONE_CREATED,2026-07-15 10:47:00.000,1784123220000,D001581,1784123220000,1784126220000,1.14565,1.1456,1,-1,1,6329
1581,ZONE_CREATED,2026-07-15 10:48:00.000,1784123280000,D001582,1784123280000,1784126280000,1.14565,1.1456,1,1,2,6330
1582,ZONE_CREATED,2026-07-15 10:49:00.000,1784123340000,D001583,1784123340000,1784126340000,1.14565,1.1456,1,1,3,6331
1583,ZONE_CREATED,2026-07-15 10:51:00.000,1784123460000,D001584,1784123460000,1784126460000,1.14575,1.1457,1,1,3,6333
1584,ZONE_CREATED,2026-07-15 10:56:00.000,1784123760000,D001585,1784123760000,1784126760000,1.14585,1.1458,1,1,1,6338
1585,ZONE_CREATED,2026-07-15 11:00:00.000,1784124000000,D001586,1784124000000,1784127000000,1.14585,1.1458,1,1,2,6342
1586,ZONE_CREATED,2026-07-15 11:06:00.000,1784124360000,D001587,1784124360000,1784127360000,1.14615,1.1461,1,-1,1,6348
1587,ZONE_CREATED,2026-07-15 11:07:00.000,1784124420000,D001588,1784124420000,1784127420000,1.1464,1.14635,1,-1,1,6349
1588,ZONE_CREATED,2026-07-15 11:15:00.000,1784124900000,D001589,1784124900000,1784127900000,1.14605,1.146,1,1,1,6357
1589,ZONE_CREATED,2026-07-15 11:16:00.000,1784124960000,D001590,1784124960000,1784127960000,1.1462,1.14615,1,-1,2,6358
1590,ZONE_CREATED,2026-07-15 11:20:00.000,1784125200000,D001591,1784125200000,1784128200000,1.1464,1.14635,1,1,2,6362
1591,ZONE_CREATED,2026-07-15 11:32:00.000,1784125920000,D001592,1784125920000,1784128920000,1.14615,1.1461,1,-1,3,6374
1592,ZONE_CREATED,2026-07-15 11:35:00.000,1784126100000,D001593,1784126100000,1784129100000,1.1465,1.14645,1,1,1,6377
1593,ZONE_CREATED,2026-07-15 11:37:00.000,1784126220000,D001594,1784126220000,1784129220000,1.1465,1.14645,1,-1,2,6379
1594,ZONE_CREATED,2026-07-15 11:47:00.000,1784126820000,D001595,1784126820000,1784129820000,1.1467,1.14665,1,1,1,6389
1595,ZONE_CREATED,2026-07-15 11:50:00.000,1784127000000,D001596,1784127000000,1784130000000,1.147,1.14695,1,-1,1,6392
1596,ZONE_CREATED,2026-07-15 12:02:00.000,1784127720000,D001597,1784127720000,1784130720000,1.1467,1.14665,1,1,2,6404
1597,ZONE_CREATED,2026-07-15 12:04:00.000,1784127840000,D001598,1784127840000,1784130840000,1.1469,1.14685,1,-1,1,6406
1598,ZONE_CREATED,2026-07-15 12:22:00.000,1784128920000,D001599,1784128920000,1784131920000,1.1466,1.14655,1,1,1,6424
1599,ZONE_CREATED,2026-07-15 12:27:00.000,1784129220000,D001600,1784129220000,1784132220000,1.1466,1.14655,1,1,2,6429
1600,ZONE_CREATED,2026-07-15 12:28:00.000,1784129280000,D001601,1784129280000,1784132280000,1.1468,1.14675,1,-1,1,6430
1601,ZONE_CREATED,2026-07-15 12:29:00.000,1784129340000,D001602,1784129340000,1784132340000,1.1467,1.14665,1,1,3,6431
1602,ZONE_CREATED,2026-07-15 12:52:00.000,1784130720000,D001603,1784130720000,1784133720000,1.14615,1.1461,1,1,1,6454
1603,ZONE_CREATED,2026-07-15 12:55:00.000,1784130900000,D001604,1784130900000,1784133900000,1.1463,1.14625,1,-1,1,6457
1604,ZONE_CREATED,2026-07-15 12:57:00.000,1784131020000,D001605,1784131020000,1784134020000,1.1464,1.14635,1,1,1,6459
1605,ZONE_CREATED,2026-07-15 13:10:00.000,1784131800000,D001606,1784131800000,1784134800000,1.14615,1.1461,1,-1,2,6472
1606,ZONE_CREATED,2026-07-15 13:15:00.000,1784132100000,D001607,1784132100000,1784135100000,1.1463,1.14625,1,-1,2,6477
1607,ZONE_CREATED,2026-07-15 13:21:00.000,1784132460000,D001608,1784132460000,1784135460000,1.1463,1.14625,1,1,3,6483
1608,ZONE_CREATED,2026-07-15 13:23:00.000,1784132580000,D001609,1784132580000,1784135580000,1.1465,1.14645,1,-1,1,6485
1609,ZONE_CREATED,2026-07-15 13:31:00.000,1784133060000,D001610,1784133060000,1784136060000,1.1467,1.14665,1,-1,1,6493
1610,ZONE_CREATED,2026-07-15 13:36:00.000,1784133360000,D001611,1784133360000,1784136360000,1.1465,1.14645,1,-1,2,6498
1611,ZONE_CREATED,2026-07-15 13:45:00.000,1784133900000,D001612,1784133900000,1784136900000,1.1464,1.14635,1,1,2,6507
1612,ZONE_CREATED,2026-07-15 13:48:00.000,1784134080000,D001613,1784134080000,1784137080000,1.1465,1.14645,1,-1,3,6510
1613,ZONE_CREATED,2026-07-15 13:52:00.000,1784134320000,D001614,1784134320000,1784137320000,1.1467,1.14665,1,1,2,6514
1614,ZONE_CREATED,2026-07-15 14:01:00.000,1784134860000,D001615,1784134860000,1784137860000,1.14745,1.14735,2,1,1,6523
1615,ZONE_CREATED,2026-07-15 14:08:00.000,1784135280000,D001616,1784135280000,1784138280000,1.14755,1.1475,1,-1,1,6530
1616,ZONE_CREATED,2026-07-15 14:16:00.000,1784135760000,D001617,1784135760000,1784138760000,1.14785,1.1478,1,1,1,6538
1617,ZONE_CREATED,2026-07-15 14:19:00.000,1784135940000,D001618,1784135940000,1784138940000,1.14795,1.1479,1,-1,1,6541
1618,ZONE_CREATED,2026-07-15 14:27:00.000,1784136420000,D001619,1784136420000,1784139420000,1.1483,1.14825,1,-1,1,6549
1619,ZONE_CREATED,2026-07-15 14:29:00.000,1784136540000,D001620,1784136540000,1784139540000,1.1483,1.14825,1,1,2,6551
1620,ZONE_CREATED,2026-07-15 14:42:00.000,1784137320000,D001621,1784137320000,1784140320000,1.14975,1.1497,1,1,1,6564
1621,ZONE_CREATED,2026-07-15 14:43:00.000,1784137380000,D001622,1784137380000,1784140380000,1.14985,1.1498,1,1,1,6565
1622,ZONE_CREATED,2026-07-15 14:50:00.000,1784137800000,D001623,1784137800000,1784140800000,1.1503,1.15025,1,1,1,6572
1623,ZONE_CREATED,2026-07-15 14:54:00.000,1784138040000,D001624,1784138040000,1784141040000,1.15005,1.15,1,-1,1,6576
1624,ZONE_CREATED,2026-07-15 14:57:00.000,1784138220000,D001625,1784138220000,1784141220000,1.1503,1.15025,1,-1,2,6579
1625,ZONE_CREATED,2026-07-15 14:59:00.000,1784138340000,D001626,1784138340000,1784141340000,1.1503,1.15025,1,-1,3,6581
1626,ZONE_CREATED,2026-07-15 15:03:00.000,1784138580000,D001627,1784138580000,1784141580000,1.1504,1.15035,1,-1,1,6585
1627,ZONE_CREATED,2026-07-15 15:07:00.000,1784138820000,D001628,1784138820000,1784141820000,1.1505,1.15045,1,1,1,6589
1628,ZONE_CREATED,2026-07-15 15:10:00.000,1784139000000,D001629,1784139000000,1784142000000,1.15025,1.1502,1,-1,4,6592
1629,ZONE_CREATED,2026-07-15 15:11:00.000,1784139060000,D001630,1784139060000,1784142060000,1.15025,1.1502,1,-1,5,6593
1630,ZONE_CREATED,2026-07-15 15:13:00.000,1784139180000,D001631,1784139180000,1784142180000,1.15025,1.1502,1,-1,6,6595
1631,ZONE_CREATED,2026-07-15 15:14:00.000,1784139240000,D001632,1784139240000,1784142240000,1.15015,1.1501,1,-1,1,6596
1632,ZONE_CREATED,2026-07-15 15:19:00.000,1784139540000,D001633,1784139540000,1784142540000,1.1504,1.15035,1,-1,2,6601
1633,ZONE_CREATED,2026-07-15 15:22:00.000,1784139720000,D001634,1784139720000,1784142720000,1.1506,1.15055,1,-1,1,6604
1634,ZONE_CREATED,2026-07-15 15:23:00.000,1784139780000,D001635,1784139780000,1784142780000,1.1506,1.15055,1,-1,2,6605
1635,ZONE_CREATED,2026-07-15 15:25:00.000,1784139900000,D001636,1784139900000,1784142900000,1.1505,1.15045,1,1,2,6607
1636,ZONE_CREATED,2026-07-15 15:28:00.000,1784140080000,D001637,1784140080000,1784143080000,1.1506,1.15055,1,1,3,6610
1637,ZONE_CREATED,2026-07-15 15:35:00.000,1784140500000,D001638,1784140500000,1784143500000,1.1509,1.15085,1,-1,1,6617
1638,ZONE_CREATED,2026-07-15 15:40:00.000,1784140800000,D001639,1784140800000,1784143800000,1.1508,1.15075,1,-1,1,6622
1639,ZONE_CREATED,2026-07-15 15:57:00.000,1784141820000,D001640,1784141820000,1784144820000,1.14975,1.1497,1,-1,1,6639
1640,ZONE_CREATED,2026-07-15 16:00:00.000,1784142000000,D001641,1784142000000,1784145000000,1.14955,1.1495,1,-1,1,6642
1641,ZONE_CREATED,2026-07-15 16:02:00.000,1784142120000,D001642,1784142120000,1784145120000,1.14965,1.1496,1,1,1,6644
1642,ZONE_CREATED,2026-07-15 16:15:00.000,1784142900000,D001643,1784142900000,1784145900000,1.15025,1.1502,1,1,1,6657
1643,ZONE_CREATED,2026-07-15 16:24:00.000,1784143440000,D001644,1784143440000,1784146440000,1.15015,1.1501,1,-1,1,6666
1644,ZONE_CREATED,2026-07-15 16:33:00.000,1784143980000,D001645,1784143980000,1784146980000,1.14965,1.1496,1,1,2,6675
1645,ZONE_CREATED,2026-07-15 16:39:00.000,1784144340000,D001646,1784144340000,1784147340000,1.1492,1.14915,1,-1,1,6681
1646,ZONE_CREATED,2026-07-15 16:41:00.000,1784144460000,D001647,1784144460000,1784147460000,1.14925,1.1492,1,1,2,6683
1647,ZONE_CREATED,2026-07-15 16:42:00.000,1784144520000,D001648,1784144520000,1784147520000,1.1492,1.14915,1,-1,3,6684
1648,ZONE_CREATED,2026-07-15 16:45:00.000,1784144700000,D001649,1784144700000,1784147700000,1.1492,1.14915,1,1,4,6687
1649,ZONE_CREATED,2026-07-15 16:48:00.000,1784144880000,D001650,1784144880000,1784147880000,1.1491,1.14905,1,1,1,6690
1650,ZONE_CREATED,2026-07-15 17:00:00.000,1784145600000,D001651,1784145600000,1784148600000,1.14925,1.1492,1,-1,5,6702
1651,ZONE_CREATED,2026-07-15 17:01:00.000,1784145660000,D001652,1784145660000,1784148660000,1.1492,1.14915,1,-1,6,6703
1652,ZONE_CREATED,2026-07-15 17:02:00.000,1784145720000,D001653,1784145720000,1784148720000,1.14925,1.1492,1,1,7,6704
1653,ZONE_CREATED,2026-07-15 17:03:00.000,1784145780000,D001654,1784145780000,1784148780000,1.1492,1.14915,1,1,8,6705
1654,ZONE_CREATED,2026-07-15 17:04:00.000,1784145840000,D001655,1784145840000,1784148840000,1.1492,1.14915,1,1,9,6706
1655,ZONE_CREATED,2026-07-15 17:05:00.000,1784145900000,D001656,1784145900000,1784148900000,1.1492,1.14915,1,-1,10,6707
1656,ZONE_CREATED,2026-07-15 17:06:00.000,1784145960000,D001657,1784145960000,1784148960000,1.14925,1.1492,1,1,11,6708
1657,ZONE_CREATED,2026-07-15 17:08:00.000,1784146080000,D001658,1784146080000,1784149080000,1.1491,1.14905,1,1,2,6710
1658,ZONE_CREATED,2026-07-15 17:09:00.000,1784146140000,D001659,1784146140000,1784149140000,1.149,1.14895,1,-1,1,6711
1659,ZONE_CREATED,2026-07-15 17:12:00.000,1784146320000,D001660,1784146320000,1784149320000,1.149,1.14895,1,1,2,6714
1660,ZONE_CREATED,2026-07-15 17:14:00.000,1784146440000,D001661,1784146440000,1784149440000,1.149,1.14895,1,-1,3,6716
1661,ZONE_CREATED,2026-07-15 17:16:00.000,1784146560000,D001662,1784146560000,1784149560000,1.149,1.14895,1,-1,4,6718
1662,ZONE_CREATED,2026-07-15 17:26:00.000,1784147160000,D001663,1784147160000,1784150160000,1.1492,1.14915,1,1,12,6728
1663,ZONE_CREATED,2026-07-15 17:30:00.000,1784147400000,D001664,1784147400000,1784150400000,1.1492,1.14915,1,1,13,6731
1664,ZONE_CREATED,2026-07-15 17:31:00.000,1784147460000,D001665,1784147460000,1784150460000,1.1491,1.14905,1,-1,3,6732
1665,ZONE_CREATED,2026-07-15 17:33:00.000,1784147580000,D001666,1784147580000,1784150580000,1.149,1.14895,1,1,5,6734
1666,ZONE_CREATED,2026-07-15 17:34:00.000,1784147640000,D001667,1784147640000,1784150640000,1.1491,1.14905,1,1,4,6735
1667,ZONE_CREATED,2026-07-15 17:36:00.000,1784147760000,D001668,1784147760000,1784150760000,1.1491,1.149,2,1,10,6737
1668,ZONE_CREATED,2026-07-15 17:38:00.000,1784147880000,D001669,1784147880000,1784150880000,1.1491,1.14905,1,-1,6,6739
1669,ZONE_CREATED,2026-07-15 17:44:00.000,1784148240000,D001670,1784148240000,1784151240000,1.1491,1.14905,1,1,6,6745
1670,ZONE_CREATED,2026-07-15 17:45:00.000,1784148300000,D001671,1784148300000,1784151300000,1.14915,1.14905,2,1,13,6746
1671,ZONE_CREATED,2026-07-15 17:51:00.000,1784148660000,D001672,1784148660000,1784151660000,1.1492,1.14915,1,1,11,6752
1672,ZONE_CREATED,2026-07-15 17:52:00.000,1784148720000,D001673,1784148720000,1784151720000,1.1492,1.14915,1,1,11,6753
1673,ZONE_CREATED,2026-07-15 17:59:00.000,1784149140000,D001674,1784149140000,1784152140000,1.1492,1.14915,1,-1,7,6758
1674,ZONE_CREATED,2026-07-15 18:00:00.000,1784149200000,D001675,1784149200000,1784152200000,1.14925,1.1492,1,1,6,6759
1675,ZONE_CREATED,2026-07-15 19:05:00.000,1784153100000,D001676,1784153100000,1784156100000,1.14935,1.1493,1,-1,1,6764
1676,ZONE_CREATED,2026-07-15 19:16:00.000,1784153760000,D001677,1784153760000,1784156760000,1.14935,1.1493,1,-1,2,6772
1677,ZONE_CREATED,2026-07-15 19:19:00.000,1784153940000,D001678,1784153940000,1784156940000,1.14935,1.1493,1,1,3,6775
1678,ZONE_CREATED,2026-07-15 19:24:00.000,1784154240000,D001679,1784154240000,1784157240000,1.14935,1.14925,2,1,5,6779
1679,ZONE_CREATED,2026-07-15 19:30:00.000,1784154600000,D001680,1784154600000,1784157600000,1.14945,1.1494,1,1,1,6782
1680,ZONE_CREATED,2026-07-15 19:32:00.000,1784154720000,D001681,1784154720000,1784157720000,1.14945,1.1494,1,-1,2,6784
1681,ZONE_CREATED,2026-07-15 20:00:00.000,1784156400000,D001682,1784156400000,1784159400000,1.14945,1.1494,1,1,3,6803
1682,ZONE_CREATED,2026-07-15 20:01:00.000,1784156460000,D001683,1784156460000,1784159460000,1.14945,1.1494,1,1,4,6804
1683,ZONE_CREATED,2026-07-15 20:04:00.000,1784156640000,D001684,1784156640000,1784159640000,1.14945,1.1494,1,-1,5,6806
1684,ZONE_CREATED,2026-07-15 20:16:00.000,1784157360000,D001685,1784157360000,1784160360000,1.1496,1.1495,2,1,1,6818
1685,ZONE_CREATED,2026-07-15 20:19:00.000,1784157540000,D001686,1784157540000,1784160540000,1.14965,1.1496,1,1,2,6821
1686,ZONE_CREATED,2026-07-15 20:20:00.000,1784157600000,D001687,1784157600000,1784160600000,1.14965,1.1496,1,-1,3,6822
1687,ZONE_CREATED,2026-07-15 20:25:00.000,1784157900000,D001688,1784157900000,1784160900000,1.14955,1.1495,1,1,2,6825
1688,ZONE_CREATED,2026-07-15 20:30:00.000,1784158200000,D001689,1784158200000,1784161200000,1.14965,1.1496,1,-1,4,6829
1689,ZONE_CREATED,2026-07-15 20:36:00.000,1784158560000,D001690,1784158560000,1784161560000,1.14965,1.1496,1,1,5,6833
1690,ZONE_CREATED,2026-07-15 20:39:00.000,1784158740000,D001691,1784158740000,1784161740000,1.14965,1.1496,1,1,6,6835
1691,ZONE_CREATED,2026-07-15 20:45:00.000,1784159100000,D001692,1784159100000,1784162100000,1.14975,1.1497,1,-1,1,6841
1692,ZONE_CREATED,2026-07-15 21:01:00.000,1784160060000,D001693,1784160060000,1784163060000,1.14975,1.1497,1,1,2,6854
1693,ZONE_CREATED,2026-07-15 21:06:00.000,1784160360000,D001694,1784160360000,1784163360000,1.14975,1.1497,1,1,3,6859
1694,ZONE_CREATED,2026-07-15 21:10:00.000,1784160600000,D001695,1784160600000,1784163600000,1.14985,1.1498,1,-1,1,6862
1695,ZONE_CREATED,2026-07-15 21:11:00.000,1784160660000,D001696,1784160660000,1784163660000,1.14985,1.1498,1,1,2,6863
1696,ZONE_CREATED,2026-07-15 21:12:00.000,1784160720000,D001697,1784160720000,1784163720000,1.14995,1.1499,1,1,1,6864
1697,ZONE_CREATED,2026-07-15 21:22:00.000,1784161320000,D001698,1784161320000,1784164320000,1.14975,1.1497,1,-1,4,6874
1698,ZONE_CREATED,2026-07-15 21:28:00.000,1784161680000,D001699,1784161680000,1784164680000,1.14995,1.1499,1,1,2,6880
1699,ZONE_CREATED,2026-07-15 21:34:00.000,1784162040000,D001700,1784162040000,1784165040000,1.14965,1.1496,1,-1,1,6886
1700,ZONE_CREATED,2026-07-15 21:44:00.000,1784162640000,D001701,1784162640000,1784165640000,1.14975,1.1497,1,1,4,6896
1701,ZONE_CREATED,2026-07-15 22:01:00.000,1784163660000,D001702,1784163660000,1784166660000,1.15005,1.15,1,-1,1,6913
1702,ZONE_CREATED,2026-07-15 22:06:00.000,1784163960000,D001703,1784163960000,1784166960000,1.14995,1.1499,1,1,2,6918
1703,ZONE_CREATED,2026-07-15 22:08:00.000,1784164080000,D001704,1784164080000,1784167080000,1.14995,1.1499,1,-1,3,6920
1704,ZONE_CREATED,2026-07-15 22:12:00.000,1784164320000,D001705,1784164320000,1784167320000,1.14985,1.1498,1,1,1,6924
1705,ZONE_CREATED,2026-07-15 22:16:00.000,1784164560000,D001706,1784164560000,1784167560000,1.14995,1.1499,1,-1,4,6928
1706,ZONE_CREATED,2026-07-15 22:19:00.000,1784164740000,D001707,1784164740000,1784167740000,1.14965,1.1496,1,1,2,6931
1707,ZONE_CREATED,2026-07-15 22:20:00.000,1784164800000,D001708,1784164800000,1784167800000,1.14965,1.1496,1,1,3,6932
1708,ZONE_CREATED,2026-07-15 22:21:00.000,1784164860000,D001709,1784164860000,1784167860000,1.14965,1.1496,1,1,4,6933
1709,ZONE_CREATED,2026-07-15 22:28:00.000,1784165280000,D001710,1784165280000,1784168280000,1.14985,1.1498,1,-1,2,6940
1710,ZONE_CREATED,2026-07-15 22:37:00.000,1784165820000,D001711,1784165820000,1784168820000,1.14935,1.1493,1,-1,1,6949
1711,ZONE_CREATED,2026-07-15 22:39:00.000,1784165940000,D001712,1784165940000,1784168940000,1.14935,1.1493,1,1,2,6951
1712,ZONE_CREATED,2026-07-15 22:43:00.000,1784166180000,D001713,1784166180000,1784169180000,1.14935,1.1493,1,1,3,6955
1713,ZONE_CREATED,2026-07-15 22:46:00.000,1784166360000,D001714,1784166360000,1784169360000,1.14935,1.1493,1,-1,4,6958
1714,ZONE_CREATED,2026-07-15 22:59:00.000,1784167140000,D001715,1784167140000,1784170140000,1.14925,1.1492,1,1,1,6971
1715,ZONE_CREATED,2026-07-15 23:02:00.000,1784167320000,D001716,1784167320000,1784170320000,1.1492,1.14915,1,1,2,6974
1716,ZONE_CREATED,2026-07-15 23:03:00.000,1784167380000,D001717,1784167380000,1784170380000,1.1492,1.14915,1,1,3,6975
1717,ZONE_CREATED,2026-07-15 23:07:00.000,1784167620000,D001718,1784167620000,1784170620000,1.1492,1.1491,2,1,4,6979
1718,ZONE_CREATED,2026-07-15 23:08:00.000,1784167680000,D001719,1784167680000,1784170680000,1.1491,1.14905,1,1,2,6980
1719,ZONE_CREATED,2026-07-15 23:11:00.000,1784167860000,D001720,1784167860000,1784170860000,1.1492,1.14915,1,1,5,6983
1720,ZONE_CREATED,2026-07-15 23:16:00.000,1784168160000,D001721,1784168160000,1784171160000,1.1488,1.14875,1,-1,1,6988
1721,ZONE_CREATED,2026-07-15 23:17:00.000,1784168220000,D001722,1784168220000,1784171220000,1.1488,1.14875,1,1,2,6989
1722,ZONE_CREATED,2026-07-15 23:19:00.000,1784168340000,D001723,1784168340000,1784171340000,1.1489,1.14885,1,1,1,6991
1723,ZONE_CREATED,2026-07-15 23:27:00.000,1784168820000,D001724,1784168820000,1784171820000,1.149,1.14895,1,-1,1,6999
1724,ZONE_CREATED,2026-07-15 23:29:00.000,1784168940000,D001725,1784168940000,1784171940000,1.149,1.14895,1,1,2,7001
1725,ZONE_CREATED,2026-07-15 23:31:00.000,1784169060000,D001726,1784169060000,1784172060000,1.14915,1.14905,2,-1,6,7003
1726,ZONE_CREATED,2026-07-15 23:32:00.000,1784169120000,D001727,1784169120000,1784172120000,1.1491,1.14905,1,1,4,7004
1727,ZONE_CREATED,2026-07-15 23:41:00.000,1784169660000,D001728,1784169660000,1784172660000,1.149,1.14895,1,-1,3,7013
1728,ZONE_CREATED,2026-07-15 23:48:00.000,1784170080000,D001729,1784170080000,1784173080000,1.149,1.14895,1,1,4,7018
1729,ZONE_CREATED,2026-07-15 23:49:00.000,1784170140000,D001730,1784170140000,1784173140000,1.149,1.14895,1,-1,5,7019
1730,ZONE_CREATED,2026-07-15 23:56:00.000,1784170560000,D001731,1784170560000,1784173560000,1.14915,1.14905,2,1,7,7025
1731,ZONE_CREATED,2026-07-15 23:58:00.000,1784170680000,D001732,1784170680000,1784173680000,1.1491,1.14905,1,-1,6,7027
1732,ZONE_CREATED,2026-07-15 23:59:00.000,1784170740000,D001733,1784170740000,1784173740000,1.1492,1.14915,1,1,5,7028
1733,ZONE_CREATED,2026-07-16 00:02:00.000,1784170920000,D001734,1784170920000,1784173920000,1.1491,1.14905,1,1,5,7031
1734,ZONE_CREATED,2026-07-16 00:13:00.000,1784171580000,D001735,1784171580000,1784174580000,1.14925,1.1492,1,-1,2,7041
1735,ZONE_CREATED,2026-07-16 00:16:00.000,1784171760000,D001736,1784171760000,1784174760000,1.14935,1.1493,1,1,1,7043
1736,ZONE_CREATED,2026-07-16 00:17:00.000,1784171820000,D001737,1784171820000,1784174820000,1.14935,1.1493,1,-1,2,7044
1737,ZONE_CREATED,2026-07-16 00:26:00.000,1784172360000,D001738,1784172360000,1784175360000,1.14955,1.1495,1,-1,1,7051
1738,ZONE_CREATED,2026-07-16 00:27:00.000,1784172420000,D001739,1784172420000,1784175420000,1.14955,1.1495,1,-1,2,7052
1739,ZONE_CREATED,2026-07-16 00:34:00.000,1784172840000,D001740,1784172840000,1784175840000,1.14955,1.1495,1,1,3,7059
1740,ZONE_CREATED,2026-07-16 00:42:00.000,1784173320000,D001741,1784173320000,1784176320000,1.14945,1.1494,1,-1,1,7066
1741,ZONE_CREATED,2026-07-16 00:43:00.000,1784173380000,D001742,1784173380000,1784176380000,1.14945,1.1494,1,1,2,7067
1742,ZONE_CREATED,2026-07-16 00:45:00.000,1784173500000,D001743,1784173500000,1784176500000,1.14945,1.14935,2,-1,5,7069
1743,ZONE_CREATED,2026-07-16 00:47:00.000,1784173620000,D001744,1784173620000,1784176620000,1.14945,1.1494,1,1,4,7071
1744,ZONE_CREATED,2026-07-16 00:49:00.000,1784173740000,D001745,1784173740000,1784176740000,1.14945,1.1494,1,-1,5,7072
1745,ZONE_CREATED,2026-07-16 00:55:00.000,1784174100000,D001746,1784174100000,1784177100000,1.14935,1.1493,1,1,4,7078
1746,ZONE_CREATED,2026-07-16 00:57:00.000,1784174220000,D001747,1784174220000,1784177220000,1.14935,1.1493,1,1,5,7080
1747,ZONE_CREATED,2026-07-16 00:58:00.000,1784174280000,D001748,1784174280000,1784177280000,1.14935,1.1493,1,-1,6,7081
1748,ZONE_CREATED,2026-07-16 01:03:00.000,1784174580000,D001749,1784174580000,1784177580000,1.14935,1.1493,1,-1,7,7086
1749,ZONE_CREATED,2026-07-16 01:06:00.000,1784174760000,D001750,1784174760000,1784177760000,1.14925,1.1492,1,-1,2,7089
1750,ZONE_CREATED,2026-07-16 01:09:00.000,1784174940000,D001751,1784174940000,1784177940000,1.1492,1.14915,1,-1,2,7092
1751,ZONE_CREATED,2026-07-16 01:11:00.000,1784175060000,D001752,1784175060000,1784178060000,1.1492,1.14915,1,1,3,7094
1752,ZONE_CREATED,2026-07-16 01:14:00.000,1784175240000,D001753,1784175240000,1784178240000,1.14925,1.1492,1,1,4,7096
1753,ZONE_CREATED,2026-07-16 01:15:00.000,1784175300000,D001754,1784175300000,1784178300000,1.14925,1.1492,1,-1,5,7097
1754,ZONE_CREATED,2026-07-16 01:16:00.000,1784175360000,D001755,1784175360000,1784178360000,1.1492,1.14915,1,-1,6,7098
1755,ZONE_CREATED,2026-07-16 01:34:00.000,1784176440000,D001756,1784176440000,1784179440000,1.1491,1.149,2,1,1,7113
1756,ZONE_CREATED,2026-07-16 01:41:00.000,1784176860000,D001757,1784176860000,1784179860000,1.14935,1.1493,1,-1,5,7120
1757,ZONE_CREATED,2026-07-16 01:42:00.000,1784176920000,D001758,1784176920000,1784179920000,1.14935,1.1493,1,1,6,7121
1758,ZONE_CREATED,2026-07-16 01:44:00.000,1784177040000,D001759,1784177040000,1784180040000,1.14935,1.1493,1,-1,7,7123
1759,ZONE_CREATED,2026-07-16 01:49:00.000,1784177340000,D001760,1784177340000,1784180340000,1.14935,1.1493,1,1,8,7128
1760,ZONE_CREATED,2026-07-16 01:58:00.000,1784177880000,D001761,1784177880000,1784180880000,1.14935,1.1493,1,1,6,7134
1761,ZONE_CREATED,2026-07-16 01:59:00.000,1784177940000,D001762,1784177940000,1784180940000,1.14935,1.1493,1,-1,7,7135
1762,ZONE_CREATED,2026-07-16 02:01:00.000,1784178060000,D001763,1784178060000,1784181060000,1.14935,1.1493,1,-1,8,7136
1763,ZONE_CREATED,2026-07-16 02:03:00.000,1784178180000,D001764,1784178180000,1784181180000,1.14935,1.1493,1,1,8,7137
1764,ZONE_CREATED,2026-07-16 02:09:00.000,1784178540000,D001765,1784178540000,1784181540000,1.14935,1.1493,1,1,9,7143
1765,ZONE_CREATED,2026-07-16 02:15:00.000,1784178900000,D001766,1784178900000,1784181900000,1.14945,1.1494,1,1,1,7148
1766,ZONE_CREATED,2026-07-16 02:17:00.000,1784179020000,D001767,1784179020000,1784182020000,1.14955,1.1495,1,-1,1,7150
1767,ZONE_CREATED,2026-07-16 02:19:00.000,1784179140000,D001768,1784179140000,1784182140000,1.14945,1.1494,1,-1,2,7152
1768,ZONE_CREATED,2026-07-16 02:21:00.000,1784179260000,D001769,1784179260000,1784182260000,1.14945,1.1494,1,1,3,7153
1769,ZONE_CREATED,2026-07-16 02:23:00.000,1784179380000,D001770,1784179380000,1784182380000,1.14945,1.1494,1,-1,4,7155
1770,ZONE_CREATED,2026-07-16 02:26:00.000,1784179560000,D001771,1784179560000,1784182560000,1.14945,1.1494,1,1,5,7157
1771,ZONE_CREATED,2026-07-16 02:28:00.000,1784179680000,D001772,1784179680000,1784182680000,1.14945,1.1494,1,-1,6,7158
1772,ZONE_CREATED,2026-07-16 02:32:00.000,1784179920000,D001773,1784179920000,1784182920000,1.14945,1.1494,1,-1,7,7162
1773,ZONE_CREATED,2026-07-16 02:36:00.000,1784180160000,D001774,1784180160000,1784183160000,1.14945,1.1494,1,-1,8,7166
1774,ZONE_CREATED,2026-07-16 02:39:00.000,1784180340000,D001775,1784180340000,1784183340000,1.14945,1.1494,1,1,9,7169
1775,ZONE_CREATED,2026-07-16 02:42:00.000,1784180520000,D001776,1784180520000,1784183520000,1.14945,1.1494,1,1,10,7172
1776,ZONE_CREATED,2026-07-16 02:43:00.000,1784180580000,D001777,1784180580000,1784183580000,1.14945,1.1494,1,-1,11,7173
1777,ZONE_CREATED,2026-07-16 02:46:00.000,1784180760000,D001778,1784180760000,1784183760000,1.14935,1.14925,2,1,7,7176
1778,ZONE_CREATED,2026-07-16 02:56:00.000,1784181360000,D001779,1784181360000,1784184360000,1.14925,1.1492,1,1,2,7185
1779,ZONE_CREATED,2026-07-16 02:59:00.000,1784181540000,D001780,1784181540000,1784184540000,1.149,1.14895,1,1,1,7188
1780,ZONE_CREATED,2026-07-16 03:00:00.000,1784181600000,D001781,1784181600000,1784184600000,1.1491,1.14905,1,1,1,7189
1781,ZONE_CREATED,2026-07-16 03:04:00.000,1784181840000,D001782,1784181840000,1784184840000,1.14925,1.1492,1,1,3,7193
1782,ZONE_CREATED,2026-07-16 03:07:00.000,1784182020000,D001783,1784182020000,1784185020000,1.14925,1.1492,1,1,4,7196
1783,ZONE_CREATED,2026-07-16 03:11:00.000,1784182260000,D001784,1784182260000,1784185260000,1.14955,1.1495,1,1,2,7200
1784,ZONE_CREATED,2026-07-16 03:13:00.000,1784182380000,D001785,1784182380000,1784185380000,1.14945,1.1494,1,1,11,7202
1785,ZONE_CREATED,2026-07-16 03:16:00.000,1784182560000,D001786,1784182560000,1784185560000,1.14955,1.1495,1,-1,2,7205
1786,ZONE_CREATED,2026-07-16 03:21:00.000,1784182860000,D001787,1784182860000,1784185860000,1.14945,1.1494,1,1,7,7210
1787,ZONE_CREATED,2026-07-16 03:22:00.000,1784182920000,D001788,1784182920000,1784185920000,1.14955,1.1495,1,1,3,7211
1788,ZONE_CREATED,2026-07-16 03:30:00.000,1784183400000,D001789,1784183400000,1784186400000,1.14955,1.1495,1,-1,4,7219
1789,ZONE_CREATED,2026-07-16 03:33:00.000,1784183580000,D001790,1784183580000,1784186580000,1.14945,1.1494,1,-1,5,7222
1790,ZONE_CREATED,2026-07-16 03:34:00.000,1784183640000,D001791,1784183640000,1784186640000,1.14945,1.1494,1,1,5,7223
1791,ZONE_CREATED,2026-07-16 03:41:00.000,1784184060000,D001792,1784184060000,1784187060000,1.14935,1.1493,1,-1,1,7230
1792,ZONE_CREATED,2026-07-16 03:48:00.000,1784184480000,D001793,1784184480000,1784187480000,1.14945,1.1494,1,-1,5,7237
1793,ZONE_CREATED,2026-07-16 03:51:00.000,1784184660000,D001794,1784184660000,1784187660000,1.14955,1.1495,1,1,5,7240
1794,ZONE_CREATED,2026-07-16 04:08:00.000,1784185680000,D001795,1784185680000,1784188680000,1.14955,1.1495,1,-1,4,7257
1795,ZONE_CREATED,2026-07-16 04:10:00.000,1784185800000,D001796,1784185800000,1784188800000,1.14955,1.1495,1,-1,5,7259
1796,ZONE_CREATED,2026-07-16 04:12:00.000,1784185920000,D001797,1784185920000,1784188920000,1.14955,1.1495,1,-1,6,7261
1797,ZONE_CREATED,2026-07-16 04:13:00.000,1784185980000,D001798,1784185980000,1784188980000,1.14955,1.1495,1,-1,6,7262
1798,ZONE_CREATED,2026-07-16 04:14:00.000,1784186040000,D001799,1784186040000,1784189040000,1.14965,1.1496,1,1,1,7263
1799,ZONE_CREATED,2026-07-16 04:20:00.000,1784186400000,D001800,1784186400000,1784189400000,1.14985,1.1498,1,-1,1,7269
1800,ZONE_CREATED,2026-07-16 04:27:00.000,1784186820000,D001801,1784186820000,1784189820000,1.14975,1.1497,1,1,1,7276
1801,ZONE_CREATED,2026-07-16 04:30:00.000,1784187000000,D001802,1784187000000,1784190000000,1.14965,1.1496,1,-1,2,7279
1802,ZONE_CREATED,2026-07-16 04:35:00.000,1784187300000,D001803,1784187300000,1784190300000,1.14965,1.1496,1,1,3,7284
1803,ZONE_CREATED,2026-07-16 04:41:00.000,1784187660000,D001804,1784187660000,1784190660000,1.14975,1.1497,1,-1,2,7290
1804,ZONE_CREATED,2026-07-16 04:50:00.000,1784188200000,D001805,1784188200000,1784191200000,1.1503,1.15025,1,-1,1,7299
1805,ZONE_CREATED,2026-07-16 04:53:00.000,1784188380000,D001806,1784188380000,1784191380000,1.14985,1.1498,1,-1,2,7302
1806,ZONE_CREATED,2026-07-16 04:55:00.000,1784188500000,D001807,1784188500000,1784191500000,1.14995,1.1499,1,1,1,7304
1807,ZONE_CREATED,2026-07-16 05:02:00.000,1784188920000,D001808,1784188920000,1784191920000,1.14985,1.1498,1,1,3,7311
1808,ZONE_CREATED,2026-07-16 05:04:00.000,1784189040000,D001809,1784189040000,1784192040000,1.14955,1.1495,1,-1,1,7313
1809,ZONE_CREATED,2026-07-16 05:06:00.000,1784189160000,D001810,1784189160000,1784192160000,1.14935,1.1493,1,1,1,7315
1810,ZONE_CREATED,2026-07-16 05:08:00.000,1784189280000,D001811,1784189280000,1784192280000,1.14945,1.14935,2,1,2,7317
1811,ZONE_CREATED,2026-07-16 05:09:00.000,1784189340000,D001812,1784189340000,1784192340000,1.14945,1.1494,1,-1,2,7318
1812,ZONE_CREATED,2026-07-16 05:10:00.000,1784189400000,D001813,1784189400000,1784192400000,1.14935,1.1493,1,-1,3,7319
1813,ZONE_CREATED,2026-07-16 05:16:00.000,1784189760000,D001814,1784189760000,1784192760000,1.1491,1.14905,1,-1,1,7325
1814,ZONE_CREATED,2026-07-16 05:19:00.000,1784189940000,D001815,1784189940000,1784192940000,1.149,1.14895,1,1,1,7328
1815,ZONE_CREATED,2026-07-16 05:21:00.000,1784190060000,D001816,1784190060000,1784193060000,1.1491,1.14905,1,-1,2,7330
1816,ZONE_CREATED,2026-07-16 05:30:00.000,1784190600000,D001817,1784190600000,1784193600000,1.14925,1.1492,1,1,1,7339
1817,ZONE_CREATED,2026-07-16 05:37:00.000,1784191020000,D001818,1784191020000,1784194020000,1.14945,1.1494,1,1,3,7346
1818,ZONE_CREATED,2026-07-16 05:49:00.000,1784191740000,D001819,1784191740000,1784194740000,1.14935,1.1493,1,-1,4,7358
1819,ZONE_CREATED,2026-07-16 05:50:00.000,1784191800000,D001820,1784191800000,1784194800000,1.14935,1.1493,1,1,5,7359
1820,ZONE_CREATED,2026-07-16 06:03:00.000,1784192580000,D001821,1784192580000,1784195580000,1.1491,1.14905,1,1,3,7372
1821,ZONE_CREATED,2026-07-16 06:11:00.000,1784193060000,D001822,1784193060000,1784196060000,1.1491,1.14905,1,-1,3,7380
1822,ZONE_CREATED,2026-07-16 06:19:00.000,1784193540000,D001823,1784193540000,1784196540000,1.14925,1.1492,1,-1,2,7388
1823,ZONE_CREATED,2026-07-16 06:22:00.000,1784193720000,D001824,1784193720000,1784196720000,1.14925,1.1492,1,1,2,7391
1824,ZONE_CREATED,2026-07-16 06:50:00.000,1784195400000,D001825,1784195400000,1784198400000,1.14945,1.14935,2,-1,1,7419
1825,ZONE_CREATED,2026-07-16 06:58:00.000,1784195880000,D001826,1784195880000,1784198880000,1.14935,1.1493,1,-1,2,7427
1826,ZONE_CREATED,2026-07-16 06:59:00.000,1784195940000,D001827,1784195940000,1784198940000,1.14935,1.1493,1,-1,3,7428
1827,ZONE_CREATED,2026-07-16 07:04:00.000,1784196240000,D001828,1784196240000,1784199240000,1.1492,1.14915,1,1,3,7433
1828,ZONE_CREATED,2026-07-16 07:06:00.000,1784196360000,D001829,1784196360000,1784199360000,1.1492,1.14915,1,1,4,7435
1829,ZONE_CREATED,2026-07-16 07:08:00.000,1784196480000,D001830,1784196480000,1784199480000,1.14925,1.1492,1,-1,5,7437
1830,ZONE_CREATED,2026-07-16 07:10:00.000,1784196600000,D001831,1784196600000,1784199600000,1.14925,1.1492,1,-1,5,7439
1831,ZONE_CREATED,2026-07-16 07:13:00.000,1784196780000,D001832,1784196780000,1784199780000,1.14935,1.14925,2,-1,6,7442
1832,ZONE_CREATED,2026-07-16 07:16:00.000,1784196960000,D001833,1784196960000,1784199960000,1.14935,1.1493,1,-1,5,7445
1833,ZONE_CREATED,2026-07-16 07:18:00.000,1784197080000,D001834,1784197080000,1784200080000,1.14935,1.1493,1,1,6,7447
1834,ZONE_CREATED,2026-07-16 07:19:00.000,1784197140000,D001835,1784197140000,1784200140000,1.14935,1.1493,1,-1,7,7448
1835,ZONE_CREATED,2026-07-16 07:24:00.000,1784197440000,D001836,1784197440000,1784200440000,1.14945,1.1494,1,1,2,7453
1836,ZONE_CREATED,2026-07-16 07:26:00.000,1784197560000,D001837,1784197560000,1784200560000,1.14945,1.1494,1,-1,3,7455
1837,ZONE_CREATED,2026-07-16 07:27:00.000,1784197620000,D001838,1784197620000,1784200620000,1.14945,1.14935,2,-1,10,7456
1838,ZONE_CREATED,2026-07-16 07:34:00.000,1784198040000,D001839,1784198040000,1784201040000,1.149,1.14895,1,1,1,7463
1839,ZONE_CREATED,2026-07-16 07:37:00.000,1784198220000,D001840,1784198220000,1784201220000,1.149,1.14895,1,-1,2,7466
1840,ZONE_CREATED,2026-07-16 07:42:00.000,1784198520000,D001841,1784198520000,1784201520000,1.1491,1.14905,1,1,1,7471
1841,ZONE_CREATED,2026-07-16 07:46:00.000,1784198760000,D001842,1784198760000,1784201760000,1.14925,1.1492,1,1,6,7475
1842,ZONE_CREATED,2026-07-16 07:51:00.000,1784199060000,D001843,1784199060000,1784202060000,1.1492,1.14915,1,1,6,7480
1843,ZONE_CREATED,2026-07-16 07:53:00.000,1784199180000,D001844,1784199180000,1784202180000,1.1491,1.14905,1,-1,2,7482
1844,ZONE_CREATED,2026-07-16 08:00:00.000,1784199600000,D001845,1784199600000,1784202600000,1.1487,1.14865,1,1,1,7489
1845,ZONE_CREATED,2026-07-16 08:01:00.000,1784199660000,D001846,1784199660000,1784202660000,1.1488,1.14875,1,1,1,7490
1846,ZONE_CREATED,2026-07-16 08:04:00.000,1784199840000,D001847,1784199840000,1784202840000,1.1489,1.14885,1,1,1,7493
1847,ZONE_CREATED,2026-07-16 08:17:00.000,1784200620000,D001848,1784200620000,1784203620000,1.1486,1.14855,1,-1,1,7506
1848,ZONE_CREATED,2026-07-16 08:24:00.000,1784201040000,D001849,1784201040000,1784204040000,1.149,1.14895,1,-1,3,7513
1849,ZONE_CREATED,2026-07-16 08:35:00.000,1784201700000,D001850,1784201700000,1784204700000,1.149,1.14895,1,1,2,7524
1850,ZONE_CREATED,2026-07-16 08:38:00.000,1784201880000,D001851,1784201880000,1784204880000,1.149,1.14895,1,-1,3,7527
1851,ZONE_CREATED,2026-07-16 08:40:00.000,1784202000000,D001852,1784202000000,1784205000000,1.1491,1.149,2,1,5,7529
1852,ZONE_CREATED,2026-07-16 08:44:00.000,1784202240000,D001853,1784202240000,1784205240000,1.14925,1.1492,1,1,1,7533
1853,ZONE_CREATED,2026-07-16 08:45:00.000,1784202300000,D001854,1784202300000,1784205300000,1.1492,1.14915,1,1,2,7534
1854,ZONE_CREATED,2026-07-16 08:48:00.000,1784202480000,D001855,1784202480000,1784205480000,1.14925,1.1492,1,1,3,7537
1855,ZONE_CREATED,2026-07-16 08:51:00.000,1784202660000,D001856,1784202660000,1784205660000,1.14885,1.14875,2,1,3,7540
1856,ZONE_CREATED,2026-07-16 08:54:00.000,1784202840000,D001857,1784202840000,1784205840000,1.149,1.14895,1,1,5,7543
1857,ZONE_CREATED,2026-07-16 08:57:00.000,1784203020000,D001858,1784203020000,1784206020000,1.14945,1.1494,1,1,1,7546
1858,ZONE_CREATED,2026-07-16 09:01:00.000,1784203260000,D001859,1784203260000,1784206260000,1.14965,1.1496,1,1,1,7550
1859,ZONE_CREATED,2026-07-16 09:09:00.000,1784203740000,D001860,1784203740000,1784206740000,1.14955,1.1495,1,1,1,7558
1860,ZONE_CREATED,2026-07-16 09:10:00.000,1784203800000,D001861,1784203800000,1784206800000,1.14945,1.1494,1,-1,2,7559
1861,ZONE_CREATED,2026-07-16 09:14:00.000,1784204040000,D001862,1784204040000,1784207040000,1.1491,1.14905,1,1,2,7563
1862,ZONE_CREATED,2026-07-16 09:15:00.000,1784204100000,D001863,1784204100000,1784207100000,1.1492,1.14915,1,1,4,7564
1863,ZONE_CREATED,2026-07-16 09:17:00.000,1784204220000,D001864,1784204220000,1784207220000,1.149,1.14895,1,1,5,7566
1864,ZONE_CREATED,2026-07-16 09:20:00.000,1784204400000,D001865,1784204400000,1784207400000,1.1492,1.14915,1,-1,5,7569
1865,ZONE_CREATED,2026-07-16 09:21:00.000,1784204460000,D001866,1784204460000,1784207460000,1.1492,1.14915,1,-1,6,7570
1866,ZONE_CREATED,2026-07-16 09:22:00.000,1784204520000,D001867,1784204520000,1784207520000,1.1491,1.14905,1,-1,3,7571
1867,ZONE_CREATED,2026-07-16 09:26:00.000,1784204760000,D001868,1784204760000,1784207760000,1.1488,1.14875,1,1,2,7575
1868,ZONE_CREATED,2026-07-16 09:34:00.000,1784205240000,D001869,1784205240000,1784208240000,1.1485,1.14845,1,1,1,7583
1869,ZONE_CREATED,2026-07-16 09:42:00.000,1784205720000,D001870,1784205720000,1784208720000,1.1483,1.14825,1,-1,1,7591
1870,ZONE_CREATED,2026-07-16 09:49:00.000,1784206140000,D001871,1784206140000,1784209140000,1.1482,1.14815,1,-1,1,7598
1871,ZONE_CREATED,2026-07-16 09:52:00.000,1784206320000,D001872,1784206320000,1784209320000,1.14805,1.148,1,1,1,7601
1872,ZONE_CREATED,2026-07-16 09:54:00.000,1784206440000,D001873,1784206440000,1784209440000,1.14785,1.1478,1,-1,1,7603
1873,ZONE_CREATED,2026-07-16 10:05:00.000,1784207100000,D001874,1784207100000,1784210100000,1.14725,1.1472,1,1,1,7614
1874,ZONE_CREATED,2026-07-16 10:07:00.000,1784207220000,D001875,1784207220000,1784210220000,1.14745,1.1474,1,1,1,7616
1875,ZONE_CREATED,2026-07-16 10:24:00.000,1784208240000,D001876,1784208240000,1784211240000,1.1482,1.14815,1,1,2,7633
1876,ZONE_CREATED,2026-07-16 10:25:00.000,1784208300000,D001877,1784208300000,1784211300000,1.1482,1.14815,1,-1,3,7634
1877,ZONE_CREATED,2026-07-16 10:28:00.000,1784208480000,D001878,1784208480000,1784211480000,1.1484,1.14835,1,-1,1,7637
1878,ZONE_CREATED,2026-07-16 10:32:00.000,1784208720000,D001879,1784208720000,1784211720000,1.1485,1.14845,1,1,1,7641
1879,ZONE_CREATED,2026-07-16 10:33:00.000,1784208780000,D001880,1784208780000,1784211780000,1.1486,1.14855,1,-1,1,7642
1880,ZONE_CREATED,2026-07-16 10:38:00.000,1784209080000,D001881,1784209080000,1784212080000,1.1484,1.14835,1,-1,2,7647
1881,ZONE_CREATED,2026-07-16 10:39:00.000,1784209140000,D001882,1784209140000,1784212140000,1.1484,1.14835,1,1,3,7648
1882,ZONE_CREATED,2026-07-16 10:50:00.000,1784209800000,D001883,1784209800000,1784212800000,1.14805,1.148,1,1,1,7659
1883,ZONE_CREATED,2026-07-16 10:51:00.000,1784209860000,D001884,1784209860000,1784212860000,1.14815,1.1481,1,-1,3,7660
1884,ZONE_CREATED,2026-07-16 10:58:00.000,1784210280000,D001885,1784210280000,1784213280000,1.14775,1.1477,1,1,1,7667
1885,ZONE_CREATED,2026-07-16 11:07:00.000,1784210820000,D001886,1784210820000,1784213820000,1.14795,1.1479,1,1,1,7676
1886,ZONE_CREATED,2026-07-16 11:14:00.000,1784211240000,D001887,1784211240000,1784214240000,1.14745,1.1474,1,1,1,7683
1887,ZONE_CREATED,2026-07-16 11:20:00.000,1784211600000,D001888,1784211600000,1784214600000,1.14785,1.1478,1,1,1,7689
1888,ZONE_CREATED,2026-07-16 11:39:00.000,1784212740000,D001889,1784212740000,1784215740000,1.1472,1.14715,1,-1,1,7708
1889,ZONE_CREATED,2026-07-16 11:42:00.000,1784212920000,D001890,1784212920000,1784215920000,1.147,1.14695,1,1,1,7711
1890,ZONE_CREATED,2026-07-16 11:48:00.000,1784213280000,D001891,1784213280000,1784216280000,1.1471,1.14705,1,1,1,7717
1891,ZONE_CREATED,2026-07-16 11:50:00.000,1784213400000,D001892,1784213400000,1784216400000,1.147,1.14695,1,1,2,7719
1892,ZONE_CREATED,2026-07-16 11:53:00.000,1784213580000,D001893,1784213580000,1784216580000,1.1468,1.14675,1,1,1,7722
1893,ZONE_CREATED,2026-07-16 11:57:00.000,1784213820000,D001894,1784213820000,1784216820000,1.1469,1.14685,1,1,1,7726
1894,ZONE_CREATED,2026-07-16 12:02:00.000,1784214120000,D001895,1784214120000,1784217120000,1.1468,1.14675,1,-1,2,7731
1895,ZONE_CREATED,2026-07-16 12:05:00.000,1784214300000,D001896,1784214300000,1784217300000,1.1465,1.14645,1,1,1,7734
1896,ZONE_CREATED,2026-07-16 12:15:00.000,1784214900000,D001897,1784214900000,1784217900000,1.1469,1.14685,1,1,2,7744
1897,ZONE_CREATED,2026-07-16 12:33:00.000,1784215980000,D001898,1784215980000,1784218980000,1.147,1.14695,1,1,2,7762
1898,ZONE_CREATED,2026-07-16 12:34:00.000,1784216040000,D001899,1784216040000,1784219040000,1.1471,1.14705,1,1,2,7763
1899,ZONE_CREATED,2026-07-16 12:36:00.000,1784216160000,D001900,1784216160000,1784219160000,1.1471,1.14705,1,-1,3,7765
1900,ZONE_CREATED,2026-07-16 12:39:00.000,1784216340000,D001901,1784216340000,1784219340000,1.1472,1.14715,1,-1,1,7768
1901,ZONE_CREATED,2026-07-16 12:40:00.000,1784216400000,D001902,1784216400000,1784219400000,1.1472,1.14715,1,-1,2,7769
1902,ZONE_CREATED,2026-07-16 12:44:00.000,1784216640000,D001903,1784216640000,1784219640000,1.14725,1.1472,1,-1,3,7773
1903,ZONE_CREATED,2026-07-16 12:48:00.000,1784216880000,D001904,1784216880000,1784219880000,1.14735,1.1473,1,1,1,7777
1904,ZONE_CREATED,2026-07-16 12:57:00.000,1784217420000,D001905,1784217420000,1784220420000,1.14735,1.1473,1,1,2,7786
1905,ZONE_CREATED,2026-07-16 12:58:00.000,1784217480000,D001906,1784217480000,1784220480000,1.14735,1.1473,1,-1,3,7787
1906,ZONE_CREATED,2026-07-16 12:59:00.000,1784217540000,D001907,1784217540000,1784220540000,1.14735,1.1473,1,1,4,7788
1907,ZONE_CREATED,2026-07-16 13:11:00.000,1784218260000,D001908,1784218260000,1784221260000,1.1468,1.14675,1,1,1,7800
1908,ZONE_CREATED,2026-07-16 13:15:00.000,1784218500000,D001909,1784218500000,1784221500000,1.1469,1.14685,1,-1,1,7804
1909,ZONE_CREATED,2026-07-16 13:25:00.000,1784219100000,D001910,1784219100000,1784222100000,1.1464,1.14635,1,-1,1,7814
1910,ZONE_CREATED,2026-07-16 13:33:00.000,1784219580000,D001911,1784219580000,1784222580000,1.1465,1.14645,1,-1,1,7822
1911,ZONE_CREATED,2026-07-16 13:35:00.000,1784219700000,D001912,1784219700000,1784222700000,1.1465,1.14645,1,-1,2,7824
1912,ZONE_CREATED,2026-07-16 13:37:00.000,1784219820000,D001913,1784219820000,1784222820000,1.1464,1.14635,1,1,2,7826
1913,ZONE_CREATED,2026-07-16 13:41:00.000,1784220060000,D001914,1784220060000,1784223060000,1.1462,1.14615,1,-1,1,7830
1914,ZONE_CREATED,2026-07-16 13:44:00.000,1784220240000,D001915,1784220240000,1784223240000,1.1463,1.14625,1,1,1,7833
1915,ZONE_CREATED,2026-07-16 13:49:00.000,1784220540000,D001916,1784220540000,1784223540000,1.1464,1.14635,1,1,3,7838
1916,ZONE_CREATED,2026-07-16 13:50:00.000,1784220600000,D001917,1784220600000,1784223600000,1.1464,1.14635,1,-1,4,7839
1917,ZONE_CREATED,2026-07-16 13:56:00.000,1784220960000,D001918,1784220960000,1784223960000,1.1463,1.14625,1,-1,2,7845
1918,ZONE_CREATED,2026-07-16 14:02:00.000,1784221320000,D001919,1784221320000,1784224320000,1.14615,1.1461,1,-1,2,7851
1919,ZONE_CREATED,2026-07-16 14:05:00.000,1784221500000,D001920,1784221500000,1784224500000,1.14595,1.1459,1,1,1,7854
1920,ZONE_CREATED,2026-07-16 14:14:00.000,1784222040000,D001921,1784222040000,1784225040000,1.14585,1.1458,1,-1,1,7863
1921,ZONE_CREATED,2026-07-16 14:17:00.000,1784222220000,D001922,1784222220000,1784225220000,1.14595,1.1459,1,-1,2,7866
1922,ZONE_CREATED,2026-07-16 14:18:00.000,1784222280000,D001923,1784222280000,1784225280000,1.14605,1.146,1,1,1,7867
1923,ZONE_CREATED,2026-07-16 14:28:00.000,1784222880000,D001924,1784222880000,1784225880000,1.14615,1.14605,2,1,4,7877
1924,ZONE_CREATED,2026-07-16 14:29:00.000,1784222940000,D001925,1784222940000,1784225940000,1.14615,1.1461,1,1,4,7878
1925,ZONE_CREATED,2026-07-16 14:33:00.000,1784223180000,D001926,1784223180000,1784226180000,1.14615,1.1461,1,-1,4,7882
1926,ZONE_CREATED,2026-07-16 14:36:00.000,1784223360000,D001927,1784223360000,1784226360000,1.14605,1.146,1,-1,3,7885
1927,ZONE_CREATED,2026-07-16 14:44:00.000,1784223840000,D001928,1784223840000,1784226840000,1.14615,1.1461,1,1,5,7893
1928,ZONE_CREATED,2026-07-16 14:48:00.000,1784224080000,D001929,1784224080000,1784227080000,1.1463,1.14625,1,1,1,7897
1929,ZONE_CREATED,2026-07-16 14:50:00.000,1784224200000,D001930,1784224200000,1784227200000,1.1463,1.14625,1,1,2,7899
1930,ZONE_CREATED,2026-07-16 14:52:00.000,1784224320000,D001931,1784224320000,1784227320000,1.1464,1.14635,1,1,1,7901
1931,ZONE_CREATED,2026-07-16 14:54:00.000,1784224440000,D001932,1784224440000,1784227440000,1.1465,1.14645,1,1,1,7903
1932,ZONE_CREATED,2026-07-16 14:58:00.000,1784224680000,D001933,1784224680000,1784227680000,1.1464,1.14635,1,1,2,7907
1933,ZONE_CREATED,2026-07-16 15:01:00.000,1784224860000,D001934,1784224860000,1784227860000,1.1463,1.14625,1,-1,3,7910
1934,ZONE_CREATED,2026-07-16 15:02:00.000,1784224920000,D001935,1784224920000,1784227920000,1.1463,1.14625,1,1,4,7911
1935,ZONE_CREATED,2026-07-16 15:05:00.000,1784225100000,D001936,1784225100000,1784228100000,1.1462,1.14615,1,-1,5,7914
1936,ZONE_CREATED,2026-07-16 15:06:00.000,1784225160000,D001937,1784225160000,1784228160000,1.1462,1.14615,1,1,6,7915
1937,ZONE_CREATED,2026-07-16 15:10:00.000,1784225400000,D001938,1784225400000,1784228400000,1.1463,1.14625,1,1,5,7919
1938,ZONE_CREATED,2026-07-16 15:17:00.000,1784225820000,D001939,1784225820000,1784228820000,1.1465,1.14645,1,1,2,7926
1939,ZONE_CREATED,2026-07-16 15:20:00.000,1784226000000,D001940,1784226000000,1784229000000,1.1465,1.14645,1,-1,3,7929
1940,ZONE_CREATED,2026-07-16 15:23:00.000,1784226180000,D001941,1784226180000,1784229180000,1.1465,1.14645,1,-1,4,7932
1941,ZONE_CREATED,2026-07-16 15:25:00.000,1784226300000,D001942,1784226300000,1784229300000,1.1464,1.14635,1,-1,3,7934
1942,ZONE_CREATED,2026-07-16 15:29:00.000,1784226540000,D001943,1784226540000,1784229540000,1.1464,1.14635,1,-1,4,7937
1943,ZONE_CREATED,2026-07-16 15:33:00.000,1784226780000,D001944,1784226780000,1784229780000,1.1464,1.14635,1,1,5,7941
1944,ZONE_CREATED,2026-07-16 15:36:00.000,1784226960000,D001945,1784226960000,1784229960000,1.1463,1.14625,1,-1,6,7944
1945,ZONE_CREATED,2026-07-16 15:42:00.000,1784227320000,D001946,1784227320000,1784230320000,1.1464,1.14635,1,-1,6,7950
1946,ZONE_CREATED,2026-07-16 15:52:00.000,1784227920000,D001947,1784227920000,1784230920000,1.1464,1.14635,1,1,5,7960
1947,ZONE_CREATED,2026-07-16 15:57:00.000,1784228220000,D001948,1784228220000,1784231220000,1.1465,1.14645,1,1,4,7965
1948,ZONE_CREATED,2026-07-16 16:06:00.000,1784228760000,D001949,1784228760000,1784231760000,1.1466,1.14655,1,1,1,7974
1949,ZONE_CREATED,2026-07-16 16:16:00.000,1784229360000,D001950,1784229360000,1784232360000,1.1464,1.14635,1,-1,6,7984
1950,ZONE_CREATED,2026-07-16 16:27:00.000,1784230020000,D001951,1784230020000,1784233020000,1.1462,1.14615,1,-1,1,7995
1951,ZONE_CREATED,2026-07-16 16:28:00.000,1784230080000,D001952,1784230080000,1784233080000,1.1462,1.14615,1,1,2,7996
1952,ZONE_CREATED,2026-07-16 16:36:00.000,1784230560000,D001953,1784230560000,1784233560000,1.1464,1.14635,1,1,3,8004
1953,ZONE_CREATED,2026-07-16 16:50:00.000,1784231400000,D001954,1784231400000,1784234400000,1.1466,1.14655,1,1,2,8018
1954,ZONE_CREATED,2026-07-16 16:53:00.000,1784231580000,D001955,1784231580000,1784234580000,1.1467,1.14665,1,1,1,8021
1955,ZONE_CREATED,2026-07-16 16:58:00.000,1784231880000,D001956,1784231880000,1784234880000,1.1468,1.14675,1,-1,1,8026
1956,ZONE_CREATED,2026-07-16 17:14:00.000,1784232840000,D001957,1784232840000,1784235840000,1.1468,1.14675,1,-1,2,8041
1957,ZONE_CREATED,2026-07-16 17:20:00.000,1784233200000,D001958,1784233200000,1784236200000,1.1467,1.14665,1,-1,2,8046
1958,ZONE_CREATED,2026-07-16 17:22:00.000,1784233320000,D001959,1784233320000,1784236320000,1.1467,1.14665,1,1,3,8048
1959,ZONE_CREATED,2026-07-16 17:28:00.000,1784233680000,D001960,1784233680000,1784236680000,1.1466,1.14655,1,-1,2,8052
1960,ZONE_CREATED,2026-07-16 17:31:00.000,1784233860000,D001961,1784233860000,1784236860000,1.14685,1.14675,2,1,3,8055
1961,ZONE_CREATED,2026-07-16 17:37:00.000,1784234220000,D001962,1784234220000,1784237220000,1.147,1.14695,1,1,1,8061
1962,ZONE_CREATED,2026-07-16 17:41:00.000,1784234460000,D001963,1784234460000,1784237460000,1.147,1.14695,1,-1,2,8065
1963,ZONE_CREATED,2026-07-16 17:43:00.000,1784234580000,D001964,1784234580000,1784237580000,1.147,1.14695,1,1,3,8067
1964,ZONE_CREATED,2026-07-16 17:44:00.000,1784234640000,D001965,1784234640000,1784237640000,1.147,1.14695,1,1,4,8068
1965,ZONE_CREATED,2026-07-16 17:45:00.000,1784234700000,D001966,1784234700000,1784237700000,1.147,1.14695,1,1,5,8069
1966,ZONE_CREATED,2026-07-16 17:51:00.000,1784235060000,D001967,1784235060000,1784238060000,1.1471,1.14705,1,-1,1,8074
1967,ZONE_CREATED,2026-07-16 17:54:00.000,1784235240000,D001968,1784235240000,1784238240000,1.1471,1.14705,1,1,2,8077
1968,ZONE_CREATED,2026-07-16 17:56:00.000,1784235360000,D001969,1784235360000,1784238360000,1.1471,1.14705,1,1,3,8079
1969,ZONE_CREATED,2026-07-16 17:59:00.000,1784235540000,D001970,1784235540000,1784238540000,1.147,1.14695,1,-1,6,8081
1970,ZONE_CREATED,2026-07-16 18:00:00.000,1784235600000,D001971,1784235600000,1784238600000,1.14695,1.14685,2,-1,8,8082
1971,ZONE_CREATED,2026-07-16 19:07:00.000,1784239620000,D001972,1784239620000,1784242620000,1.1471,1.14705,1,-1,4,8088
1972,ZONE_CREATED,2026-07-16 19:13:00.000,1784239980000,D001973,1784239980000,1784242980000,1.1471,1.14705,1,-1,5,8093
1973,ZONE_CREATED,2026-07-16 19:25:00.000,1784240700000,D001974,1784240700000,1784243700000,1.147,1.14695,1,-1,8,8100
1974,ZONE_CREATED,2026-07-16 19:27:00.000,1784240820000,D001975,1784240820000,1784243820000,1.147,1.14695,1,1,9,8101
1975,ZONE_CREATED,2026-07-16 19:34:00.000,1784241240000,D001976,1784241240000,1784244240000,1.147,1.14695,1,-1,10,8106
1976,ZONE_CREATED,2026-07-16 19:37:00.000,1784241420000,D001977,1784241420000,1784244420000,1.147,1.14695,1,1,11,8107
1977,ZONE_CREATED,2026-07-16 19:38:00.000,1784241480000,D001978,1784241480000,1784244480000,1.147,1.14695,1,-1,12,8108
1978,ZONE_CREATED,2026-07-16 19:39:00.000,1784241540000,D001979,1784241540000,1784244540000,1.147,1.14695,1,-1,13,8109
1979,ZONE_CREATED,2026-07-16 19:49:00.000,1784242140000,D001980,1784242140000,1784245140000,1.1469,1.14685,1,-1,2,8112
1980,ZONE_CREATED,2026-07-16 20:05:00.000,1784243100000,D001981,1784243100000,1784246100000,1.147,1.14695,1,-1,9,8124
1981,ZONE_CREATED,2026-07-16 20:28:00.000,1784244480000,D001982,1784244480000,1784247480000,1.1471,1.14705,1,1,3,8136
1982,ZONE_CREATED,2026-07-16 20:38:00.000,1784245080000,D001983,1784245080000,1784248080000,1.1472,1.14715,1,1,1,8141
1983,ZONE_CREATED,2026-07-16 20:46:00.000,1784245560000,D001984,1784245560000,1784248560000,1.1471,1.14705,1,-1,2,8146
1984,ZONE_CREATED,2026-07-16 21:00:00.000,1784246400000,D001985,1784246400000,1784249400000,1.1472,1.14715,1,1,2,8154
1985,ZONE_CREATED,2026-07-16 21:02:00.000,1784246520000,D001986,1784246520000,1784249520000,1.1472,1.14715,1,-1,3,8156
1986,ZONE_CREATED,2026-07-16 21:03:00.000,1784246580000,D001987,1784246580000,1784249580000,1.14725,1.14715,2,1,4,8157
1987,ZONE_CREATED,2026-07-16 21:04:00.000,1784246640000,D001988,1784246640000,1784249640000,1.14725,1.1472,1,-1,5,8158
1988,ZONE_CREATED,2026-07-16 21:07:00.000,1784246820000,D001989,1784246820000,1784249820000,1.1472,1.14715,1,-1,6,8161
1989,ZONE_CREATED,2026-07-16 21:10:00.000,1784247000000,D001990,1784247000000,1784250000000,1.14715,1.14705,2,-1,8,8164
1990,ZONE_CREATED,2026-07-16 21:15:00.000,1784247300000,D001991,1784247300000,1784250300000,1.1471,1.14705,1,1,4,8168
1991,ZONE_CREATED,2026-07-16 21:17:00.000,1784247420000,D001992,1784247420000,1784250420000,1.1472,1.14715,1,-1,8,8170
1992,ZONE_CREATED,2026-07-16 21:20:00.000,1784247600000,D001993,1784247600000,1784250600000,1.1471,1.14705,1,-1,5,8173
1993,ZONE_CREATED,2026-07-16 21:24:00.000,1784247840000,D001994,1784247840000,1784250840000,1.147,1.14695,1,-1,1,8177
1994,ZONE_CREATED,2026-07-16 21:29:00.000,1784248140000,D001995,1784248140000,1784251140000,1.1469,1.14685,1,-1,1,8182
1995,ZONE_CREATED,2026-07-16 21:31:00.000,1784248260000,D001996,1784248260000,1784251260000,1.1468,1.14675,1,-1,1,8184
1996,ZONE_CREATED,2026-07-16 21:32:00.000,1784248320000,D001997,1784248320000,1784251320000,1.1469,1.14685,1,1,2,8185
1997,ZONE_CREATED,2026-07-16 21:34:00.000,1784248440000,D001998,1784248440000,1784251440000,1.1469,1.14685,1,-1,3,8187
1998,ZONE_CREATED,2026-07-16 21:49:00.000,1784249340000,D001999,1784249340000,1784252340000,1.1469,1.14685,1,-1,4,8202
1999,ZONE_CREATED,2026-07-16 21:53:00.000,1784249580000,D002000,1784249580000,1784252580000,1.1471,1.14705,1,1,4,8206
2000,ZONE_CREATED,2026-07-16 21:54:00.000,1784249640000,D002001,1784249640000,1784252640000,1.1471,1.14705,1,-1,5,8207
2001,ZONE_CREATED,2026-07-16 21:57:00.000,1784249820000,D002002,1784249820000,1784252820000,1.1471,1.14705,1,-1,6,8210
2002,ZONE_CREATED,2026-07-16 22:00:00.000,1784250000000,D002003,1784250000000,1784253000000,1.14735,1.1473,1,1,1,8213
2003,ZONE_CREATED,2026-07-16 22:10:00.000,1784250600000,D002004,1784250600000,1784253600000,1.1472,1.14715,1,1,1,8223
2004,ZONE_CREATED,2026-07-16 22:14:00.000,1784250840000,D002005,1784250840000,1784253840000,1.1471,1.14705,1,1,4,8227
2005,ZONE_CREATED,2026-07-16 22:17:00.000,1784251020000,D002006,1784251020000,1784254020000,1.1472,1.14715,1,1,2,8230
2006,ZONE_CREATED,2026-07-16 22:18:00.000,1784251080000,D002007,1784251080000,1784254080000,1.14725,1.1472,1,1,3,8231
2007,ZONE_CREATED,2026-07-16 22:20:00.000,1784251200000,D002008,1784251200000,1784254200000,1.14725,1.1472,1,-1,4,8233
2008,ZONE_CREATED,2026-07-16 22:29:00.000,1784251740000,D002009,1784251740000,1784254740000,1.1471,1.14705,1,-1,5,8242
2009,ZONE_CREATED,2026-07-16 22:30:00.000,1784251800000,D002010,1784251800000,1784254800000,1.147,1.14695,1,1,1,8243
2010,ZONE_CREATED,2026-07-16 22:34:00.000,1784252040000,D002011,1784252040000,1784255040000,1.147,1.1469,2,-1,3,8247
2011,ZONE_CREATED,2026-07-16 22:39:00.000,1784252340000,D002012,1784252340000,1784255340000,1.1469,1.14685,1,-1,3,8250
2012,ZONE_CREATED,2026-07-16 22:42:00.000,1784252520000,D002013,1784252520000,1784255520000,1.1469,1.14685,1,1,3,8253
2013,ZONE_CREATED,2026-07-16 22:48:00.000,1784252880000,D002014,1784252880000,1784255880000,1.1468,1.14675,1,-1,1,8259
2014,ZONE_CREATED,2026-07-16 22:59:00.000,1784253540000,D002015,1784253540000,1784256540000,1.1465,1.14645,1,1,1,8270
2015,ZONE_CREATED,2026-07-16 23:01:00.000,1784253660000,D002016,1784253660000,1784256660000,1.1467,1.14665,1,1,1,8272
2016,ZONE_CREATED,2026-07-16 23:02:00.000,1784253720000,D002017,1784253720000,1784256720000,1.1467,1.14665,1,1,2,8273
2017,ZONE_CREATED,2026-07-16 23:05:00.000,1784253900000,D002018,1784253900000,1784256900000,1.1466,1.14655,1,-1,1,8276
2018,ZONE_CREATED,2026-07-16 23:15:00.000,1784254500000,D002019,1784254500000,1784257500000,1.14675,1.14665,2,1,4,8286
2019,ZONE_CREATED,2026-07-16 23:21:00.000,1784254860000,D002020,1784254860000,1784257860000,1.1467,1.14665,1,-1,4,8291
2020,ZONE_CREATED,2026-07-16 23:26:00.000,1784255160000,D002021,1784255160000,1784258160000,1.1466,1.14655,1,-1,2,8295
2021,ZONE_CREATED,2026-07-16 23:31:00.000,1784255460000,D002022,1784255460000,1784258460000,1.1466,1.14655,1,1,3,8299
2022,ZONE_CREATED,2026-07-16 23:40:00.000,1784256000000,D002023,1784256000000,1784259000000,1.1464,1.14635,1,1,1,8307
2023,ZONE_CREATED,2026-07-16 23:45:00.000,1784256300000,D002024,1784256300000,1784259300000,1.1464,1.14635,1,1,2,8312
2024,ZONE_CREATED,2026-07-16 23:49:00.000,1784256540000,D002025,1784256540000,1784259540000,1.1464,1.14635,1,-1,3,8316
2025,ZONE_CREATED,2026-07-16 23:54:00.000,1784256840000,D002026,1784256840000,1784259840000,1.1464,1.14635,1,-1,4,8321
2026,ZONE_CREATED,2026-07-16 23:56:00.000,1784256960000,D002027,1784256960000,1784259960000,1.1464,1.14635,1,-1,5,8323
2027,ZONE_CREATED,2026-07-17 00:01:00.000,1784257260000,D002028,1784257260000,1784260260000,1.1464,1.14635,1,-1,6,8328
2028,ZONE_CREATED,2026-07-17 00:06:00.000,1784257560000,D002029,1784257560000,1784260560000,1.1465,1.14645,1,-1,1,8333
2029,ZONE_CREATED,2026-07-17 00:08:00.000,1784257680000,D002030,1784257680000,1784260680000,1.1466,1.14655,1,-1,3,8335
2030,ZONE_CREATED,2026-07-17 00:18:00.000,1784258280000,D002031,1784258280000,1784261280000,1.1466,1.14655,1,1,4,8345
2031,ZONE_CREATED,2026-07-17 00:31:00.000,1784259060000,D002032,1784259060000,1784262060000,1.1466,1.14655,1,1,3,8356
2032,ZONE_CREATED,2026-07-17 00:35:00.000,1784259300000,D002033,1784259300000,1784262300000,1.1465,1.14645,1,1,2,8360
2033,ZONE_CREATED,2026-07-17 00:38:00.000,1784259480000,D002034,1784259480000,1784262480000,1.1464,1.14635,1,-1,5,8363
2034,ZONE_CREATED,2026-07-17 00:43:00.000,1784259780000,D002035,1784259780000,1784262780000,1.1463,1.14625,1,-1,1,8368
2035,ZONE_CREATED,2026-07-17 00:44:00.000,1784259840000,D002036,1784259840000,1784262840000,1.1463,1.14625,1,1,2,8369
2036,ZONE_CREATED,2026-07-17 00:46:00.000,1784259960000,D002037,1784259960000,1784262960000,1.1463,1.14625,1,-1,3,8370
2037,ZONE_CREATED,2026-07-17 00:49:00.000,1784260140000,D002038,1784260140000,1784263140000,1.1463,1.1462,2,1,4,8373
2038,ZONE_CREATED,2026-07-17 00:52:00.000,1784260320000,D002039,1784260320000,1784263320000,1.1464,1.14635,1,1,3,8376
2039,ZONE_CREATED,2026-07-17 00:53:00.000,1784260380000,D002040,1784260380000,1784263380000,1.1464,1.14635,1,1,4,8377
2040,ZONE_CREATED,2026-07-17 01:02:00.000,1784260920000,D002041,1784260920000,1784263920000,1.1465,1.14645,1,-1,2,8385
2041,ZONE_CREATED,2026-07-17 01:21:00.000,1784262060000,D002042,1784262060000,1784265060000,1.1465,1.14645,1,-1,3,8401
2042,ZONE_CREATED,2026-07-17 01:24:00.000,1784262240000,D002043,1784262240000,1784265240000,1.1464,1.14635,1,-1,4,8404
2043,ZONE_CREATED,2026-07-17 01:27:00.000,1784262420000,D002044,1784262420000,1784265420000,1.1463,1.14625,1,-1,5,8406
2044,ZONE_CREATED,2026-07-17 01:29:00.000,1784262540000,D002045,1784262540000,1784265540000,1.1463,1.14625,1,1,6,8408
2045,ZONE_CREATED,2026-07-17 01:30:00.000,1784262600000,D002046,1784262600000,1784265600000,1.1463,1.14625,1,1,7,8409
2046,ZONE_CREATED,2026-07-17 01:32:00.000,1784262720000,D002047,1784262720000,1784265720000,1.1464,1.14635,1,1,5,8411
2047,ZONE_CREATED,2026-07-17 01:33:00.000,1784262780000,D002048,1784262780000,1784265780000,1.1464,1.14635,1,-1,6,8412
2048,ZONE_CREATED,2026-07-17 01:36:00.000,1784262960000,D002049,1784262960000,1784265960000,1.1464,1.14635,1,-1,6,8415
2049,ZONE_CREATED,2026-07-17 01:38:00.000,1784263080000,D002050,1784263080000,1784266080000,1.1464,1.14635,1,1,7,8417
2050,ZONE_CREATED,2026-07-17 01:40:00.000,1784263200000,D002051,1784263200000,1784266200000,1.1464,1.14635,1,-1,8,8419
2051,ZONE_CREATED,2026-07-17 01:42:00.000,1784263320000,D002052,1784263320000,1784266320000,1.1463,1.14625,1,-1,5,8421
2052,ZONE_CREATED,2026-07-17 01:43:00.000,1784263380000,D002053,1784263380000,1784266380000,1.1463,1.14625,1,1,6,8422
2053,ZONE_CREATED,2026-07-17 01:46:00.000,1784263560000,D002054,1784263560000,1784266560000,1.1464,1.14635,1,1,9,8425
2054,ZONE_CREATED,2026-07-17 01:51:00.000,1784263860000,D002055,1784263860000,1784266860000,1.1462,1.14615,1,-1,1,8430
2055,ZONE_CREATED,2026-07-17 01:52:00.000,1784263920000,D002056,1784263920000,1784266920000,1.14615,1.1461,1,1,2,8431
2056,ZONE_CREATED,2026-07-17 02:06:00.000,1784264760000,D002057,1784264760000,1784267760000,1.1463,1.14625,1,-1,6,8442
2057,ZONE_CREATED,2026-07-17 02:08:00.000,1784264880000,D002058,1784264880000,1784267880000,1.1463,1.14625,1,1,7,8444
2058,ZONE_CREATED,2026-07-17 02:10:00.000,1784265000000,D002059,1784265000000,1784268000000,1.1463,1.14625,1,-1,8,8445
2059,ZONE_CREATED,2026-07-17 02:12:00.000,1784265120000,D002060,1784265120000,1784268120000,1.1463,1.14625,1,1,9,8447
2060,ZONE_CREATED,2026-07-17 02:15:00.000,1784265300000,D002061,1784265300000,1784268300000,1.14635,1.14625,2,-1,17,8450
2061,ZONE_CREATED,2026-07-17 02:17:00.000,1784265420000,D002062,1784265420000,1784268420000,1.1463,1.14625,1,1,11,8451
2062,ZONE_CREATED,2026-07-17 02:19:00.000,1784265540000,D002063,1784265540000,1784268540000,1.1464,1.14635,1,-1,9,8453
2063,ZONE_CREATED,2026-07-17 02:21:00.000,1784265660000,D002064,1784265660000,1784268660000,1.1464,1.14635,1,1,9,8455
2064,ZONE_CREATED,2026-07-17 02:22:00.000,1784265720000,D002065,1784265720000,1784268720000,1.1464,1.14635,1,-1,10,8456
2065,ZONE_CREATED,2026-07-17 02:26:00.000,1784265960000,D002066,1784265960000,1784268960000,1.1463,1.14625,1,1,9,8460
2066,ZONE_CREATED,2026-07-17 02:32:00.000,1784266320000,D002067,1784266320000,1784269320000,1.1465,1.14645,1,1,1,8466
2067,ZONE_CREATED,2026-07-17 02:36:00.000,1784266560000,D002068,1784266560000,1784269560000,1.1466,1.14655,1,1,1,8470
2068,ZONE_CREATED,2026-07-17 02:40:00.000,1784266800000,D002069,1784266800000,1784269800000,1.14685,1.14675,2,-1,1,8474
2069,ZONE_CREATED,2026-07-17 02:41:00.000,1784266860000,D002070,1784266860000,1784269860000,1.1468,1.14675,1,1,2,8475
2070,ZONE_CREATED,2026-07-17 02:49:00.000,1784267340000,D002071,1784267340000,1784270340000,1.1469,1.14685,1,1,2,8483
2071,ZONE_CREATED,2026-07-17 02:50:00.000,1784267400000,D002072,1784267400000,1784270400000,1.1469,1.14685,1,-1,3,8484
2072,ZONE_CREATED,2026-07-17 02:55:00.000,1784267700000,D002073,1784267700000,1784270700000,1.1469,1.14685,1,-1,4,8489
2073,ZONE_CREATED,2026-07-17 02:58:00.000,1784267880000,D002074,1784267880000,1784270880000,1.1466,1.14655,1,1,2,8492
2074,ZONE_CREATED,2026-07-17 02:59:00.000,1784267940000,D002075,1784267940000,1784270940000,1.1466,1.14655,1,-1,3,8493
2075,ZONE_CREATED,2026-07-17 03:07:00.000,1784268420000,D002076,1784268420000,1784271420000,1.1468,1.14675,1,1,3,8501
2076,ZONE_CREATED,2026-07-17 03:09:00.000,1784268540000,D002077,1784268540000,1784271540000,1.1467,1.14665,1,-1,1,8503
2077,ZONE_CREATED,2026-07-17 03:11:00.000,1784268660000,D002078,1784268660000,1784271660000,1.1468,1.14675,1,1,4,8505
2078,ZONE_CREATED,2026-07-17 03:13:00.000,1784268780000,D002079,1784268780000,1784271780000,1.147,1.14695,1,1,1,8507
2079,ZONE_CREATED,2026-07-17 03:15:00.000,1784268900000,D002080,1784268900000,1784271900000,1.14725,1.1472,1,1,1,8509
2080,ZONE_CREATED,2026-07-17 03:22:00.000,1784269320000,D002081,1784269320000,1784272320000,1.14735,1.1473,1,1,1,8516
2081,ZONE_CREATED,2026-07-17 03:29:00.000,1784269740000,D002082,1784269740000,1784272740000,1.14755,1.1475,1,1,1,8523
2082,ZONE_CREATED,2026-07-17 03:35:00.000,1784270100000,D002083,1784270100000,1784273100000,1.14765,1.1476,1,-1,1,8529
2083,ZONE_CREATED,2026-07-17 03:40:00.000,1784270400000,D002084,1784270400000,1784273400000,1.14765,1.1476,1,1,2,8534
2084,ZONE_CREATED,2026-07-17 03:41:00.000,1784270460000,D002085,1784270460000,1784273460000,1.14765,1.1476,1,-1,3,8535
2085,ZONE_CREATED,2026-07-17 03:46:00.000,1784270760000,D002086,1784270760000,1784273760000,1.14755,1.1475,1,1,2,8540
2086,ZONE_CREATED,2026-07-17 03:48:00.000,1784270880000,D002087,1784270880000,1784273880000,1.14775,1.1477,1,-1,1,8542
2087,ZONE_CREATED,2026-07-17 03:50:00.000,1784271000000,D002088,1784271000000,1784274000000,1.14755,1.1475,1,-1,3,8544
2088,ZONE_CREATED,2026-07-17 03:53:00.000,1784271180000,D002089,1784271180000,1784274180000,1.14765,1.1476,1,1,4,8547
2089,ZONE_CREATED,2026-07-17 03:56:00.000,1784271360000,D002090,1784271360000,1784274360000,1.14765,1.1476,1,1,5,8550
2090,ZONE_CREATED,2026-07-17 03:57:00.000,1784271420000,D002091,1784271420000,1784274420000,1.14775,1.1477,1,1,2,8551
2091,ZONE_CREATED,2026-07-17 03:58:00.000,1784271480000,D002092,1784271480000,1784274480000,1.14775,1.1477,1,-1,3,8552
2092,ZONE_CREATED,2026-07-17 04:00:00.000,1784271600000,D002093,1784271600000,1784274600000,1.14765,1.1476,1,-1,6,8554
2093,ZONE_CREATED,2026-07-17 04:12:00.000,1784272320000,D002094,1784272320000,1784275320000,1.14745,1.1474,1,-1,1,8566
2094,ZONE_CREATED,2026-07-17 04:17:00.000,1784272620000,D002095,1784272620000,1784275620000,1.14745,1.1474,1,-1,2,8571
2095,ZONE_CREATED,2026-07-17 04:26:00.000,1784273160000,D002096,1784273160000,1784276160000,1.14725,1.1472,1,1,1,8580
2096,ZONE_CREATED,2026-07-17 04:28:00.000,1784273280000,D002097,1784273280000,1784276280000,1.14725,1.1472,1,1,2,8582
2097,ZONE_CREATED,2026-07-17 04:30:00.000,1784273400000,D002098,1784273400000,1784276400000,1.14735,1.1473,1,1,1,8584
2098,ZONE_CREATED,2026-07-17 04:32:00.000,1784273520000,D002099,1784273520000,1784276520000,1.14755,1.1475,1,-1,3,8586
2099,ZONE_CREATED,2026-07-17 04:33:00.000,1784273580000,D002100,1784273580000,1784276580000,1.14755,1.1475,1,-1,4,8587
2100,ZONE_CREATED,2026-07-17 04:36:00.000,1784273760000,D002101,1784273760000,1784276760000,1.1472,1.14715,1,1,3,8590
2101,ZONE_CREATED,2026-07-17 04:37:00.000,1784273820000,D002102,1784273820000,1784276820000,1.1472,1.14715,1,-1,4,8591
2102,ZONE_CREATED,2026-07-17 04:39:00.000,1784273940000,D002103,1784273940000,1784276940000,1.14725,1.1472,1,1,5,8593
2103,ZONE_CREATED,2026-07-17 04:42:00.000,1784274120000,D002104,1784274120000,1784277120000,1.14725,1.1472,1,-1,6,8596
2104,ZONE_CREATED,2026-07-17 04:44:00.000,1784274240000,D002105,1784274240000,1784277240000,1.14725,1.1472,1,1,7,8598
2105,ZONE_CREATED,2026-07-17 04:46:00.000,1784274360000,D002106,1784274360000,1784277360000,1.14735,1.1473,1,1,2,8600
2106,ZONE_CREATED,2026-07-17 04:58:00.000,1784275080000,D002107,1784275080000,1784278080000,1.14725,1.1472,1,-1,8,8612
2107,ZONE_CREATED,2026-07-17 05:08:00.000,1784275680000,D002108,1784275680000,1784278680000,1.14735,1.1473,1,1,3,8622
2108,ZONE_CREATED,2026-07-17 05:12:00.000,1784275920000,D002109,1784275920000,1784278920000,1.1471,1.14705,1,-1,1,8626
2109,ZONE_CREATED,2026-07-17 05:20:00.000,1784276400000,D002110,1784276400000,1784279400000,1.1463,1.14625,1,1,1,8634
2110,ZONE_CREATED,2026-07-17 05:22:00.000,1784276520000,D002111,1784276520000,1784279520000,1.1466,1.14655,1,-1,1,8636
2111,ZONE_CREATED,2026-07-17 05:25:00.000,1784276700000,D002112,1784276700000,1784279700000,1.1466,1.14655,1,-1,2,8639
2112,ZONE_CREATED,2026-07-17 05:31:00.000,1784277060000,D002113,1784277060000,1784280060000,1.1467,1.14665,1,1,1,8645
2113,ZONE_CREATED,2026-07-17 05:32:00.000,1784277120000,D002114,1784277120000,1784280120000,1.1467,1.14665,1,-1,2,8646
2114,ZONE_CREATED,2026-07-17 05:38:00.000,1784277480000,D002115,1784277480000,1784280480000,1.1469,1.14685,1,1,1,8652
2115,ZONE_CREATED,2026-07-17 05:46:00.000,1784277960000,D002116,1784277960000,1784280960000,1.1468,1.14675,1,-1,1,8660
2116,ZONE_CREATED,2026-07-17 05:50:00.000,1784278200000,D002117,1784278200000,1784281200000,1.1469,1.14685,1,-1,2,8664
2117,ZONE_CREATED,2026-07-17 05:59:00.000,1784278740000,D002118,1784278740000,1784281740000,1.1468,1.14675,1,-1,2,8673
2118,ZONE_CREATED,2026-07-17 06:04:00.000,1784279040000,D002119,1784279040000,1784282040000,1.1466,1.14655,1,1,3,8678
2119,ZONE_CREATED,2026-07-17 06:08:00.000,1784279280000,D002120,1784279280000,1784282280000,1.1468,1.14675,1,-1,3,8682
2120,ZONE_CREATED,2026-07-17 06:09:00.000,1784279340000,D002121,1784279340000,1784282340000,1.1468,1.14675,1,-1,4,8683
2121,ZONE_CREATED,2026-07-17 06:12:00.000,1784279520000,D002122,1784279520000,1784282520000,1.1467,1.14665,1,1,3,8686
2122,ZONE_CREATED,2026-07-17 06:13:00.000,1784279580000,D002123,1784279580000,1784282580000,1.1466,1.14655,1,1,3,8687
2123,ZONE_CREATED,2026-07-17 06:14:00.000,1784279640000,D002124,1784279640000,1784282640000,1.1464,1.14635,1,-1,1,8688
2124,ZONE_CREATED,2026-07-17 06:15:00.000,1784279700000,D002125,1784279700000,1784282700000,1.1465,1.14645,1,-1,1,8689
2125,ZONE_CREATED,2026-07-17 06:18:00.000,1784279880000,D002126,1784279880000,1784282880000,1.1465,1.14645,1,1,2,8692
2126,ZONE_CREATED,2026-07-17 06:20:00.000,1784280000000,D002127,1784280000000,1784283000000,1.1465,1.14645,1,1,3,8694
2127,ZONE_CREATED,2026-07-17 06:22:00.000,1784280120000,D002128,1784280120000,1784283120000,1.1466,1.14655,1,1,3,8696
2128,ZONE_CREATED,2026-07-17 06:28:00.000,1784280480000,D002129,1784280480000,1784283480000,1.1468,1.14675,1,1,5,8702
2129,ZONE_CREATED,2026-07-17 06:32:00.000,1784280720000,D002130,1784280720000,1784283720000,1.1467,1.14665,1,-1,2,8706
2130,ZONE_CREATED,2026-07-17 06:33:00.000,1784280780000,D002131,1784280780000,1784283780000,1.1466,1.14655,1,1,4,8707
2131,ZONE_CREATED,2026-07-17 06:43:00.000,1784281380000,D002132,1784281380000,1784284380000,1.1464,1.14635,1,-1,2,8717
2132,ZONE_CREATED,2026-07-17 06:44:00.000,1784281440000,D002133,1784281440000,1784284440000,1.1464,1.14635,1,1,3,8718
2133,ZONE_CREATED,2026-07-17 06:54:00.000,1784282040000,D002134,1784282040000,1784285040000,1.1466,1.14655,1,1,5,8728
2134,ZONE_CREATED,2026-07-17 07:05:00.000,1784282700000,D002135,1784282700000,1784285700000,1.1464,1.14635,1,1,3,8739
2135,ZONE_CREATED,2026-07-17 07:11:00.000,1784283060000,D002136,1784283060000,1784286060000,1.1465,1.14645,1,1,1,8745
2136,ZONE_CREATED,2026-07-17 07:19:00.000,1784283540000,D002137,1784283540000,1784286540000,1.1464,1.14635,1,-1,4,8753
2137,ZONE_CREATED,2026-07-17 07:21:00.000,1784283660000,D002138,1784283660000,1784286660000,1.1463,1.14625,1,-1,1,8755
2138,ZONE_CREATED,2026-07-17 07:23:00.000,1784283780000,D002139,1784283780000,1784286780000,1.1462,1.14615,1,-1,1,8757
2139,ZONE_CREATED,2026-07-17 07:40:00.000,1784284800000,D002140,1784284800000,1784287800000,1.14585,1.1458,1,-1,1,8774
2140,ZONE_CREATED,2026-07-17 07:47:00.000,1784285220000,D002141,1784285220000,1784288220000,1.14585,1.1458,1,-1,2,8781
2141,ZONE_CREATED,2026-07-17 07:50:00.000,1784285400000,D002142,1784285400000,1784288400000,1.14585,1.1458,1,1,3,8784
2142,ZONE_CREATED,2026-07-17 07:54:00.000,1784285640000,D002143,1784285640000,1784288640000,1.14555,1.1455,1,1,1,8788
2143,ZONE_CREATED,2026-07-17 07:59:00.000,1784285940000,D002144,1784285940000,1784288940000,1.14535,1.14525,2,-1,1,8793
2144,ZONE_CREATED,2026-07-17 08:01:00.000,1784286060000,D002145,1784286060000,1784289060000,1.14545,1.1454,1,1,1,8795
2145,ZONE_CREATED,2026-07-17 08:03:00.000,1784286180000,D002146,1784286180000,1784289180000,1.14545,1.1454,1,-1,2,8797
2146,ZONE_CREATED,2026-07-17 08:05:00.000,1784286300000,D002147,1784286300000,1784289300000,1.14525,1.1452,1,1,2,8799
2147,ZONE_CREATED,2026-07-17 08:06:00.000,1784286360000,D002148,1784286360000,1784289360000,1.14525,1.1452,1,-1,3,8800
2148,ZONE_CREATED,2026-07-17 08:15:00.000,1784286900000,D002149,1784286900000,1784289900000,1.14555,1.1455,1,1,2,8809
2149,ZONE_CREATED,2026-07-17 08:20:00.000,1784287200000,D002150,1784287200000,1784290200000,1.14565,1.1456,1,1,1,8814
2150,ZONE_CREATED,2026-07-17 08:27:00.000,1784287620000,D002151,1784287620000,1784290620000,1.14555,1.1455,1,1,3,8821
2151,ZONE_CREATED,2026-07-17 08:28:00.000,1784287680000,D002152,1784287680000,1784290680000,1.14565,1.1456,1,1,2,8822
2152,ZONE_CREATED,2026-07-17 08:29:00.000,1784287740000,D002153,1784287740000,1784290740000,1.14565,1.1456,1,1,3,8823
2153,ZONE_CREATED,2026-07-17 08:31:00.000,1784287860000,D002154,1784287860000,1784290860000,1.14575,1.1457,1,-1,1,8825
2154,ZONE_CREATED,2026-07-17 08:39:00.000,1784288340000,D002155,1784288340000,1784291340000,1.14615,1.1461,1,1,1,8833
2155,ZONE_CREATED,2026-07-17 08:40:00.000,1784288400000,D002156,1784288400000,1784291400000,1.1462,1.14615,1,1,2,8834
2156,ZONE_CREATED,2026-07-17 08:41:00.000,1784288460000,D002157,1784288460000,1784291460000,1.14615,1.1461,1,1,3,8835
2157,ZONE_CREATED,2026-07-17 08:54:00.000,1784289240000,D002158,1784289240000,1784292240000,1.14585,1.1458,1,1,1,8848
2158,ZONE_CREATED,2026-07-17 08:55:00.000,1784289300000,D002159,1784289300000,1784292300000,1.14595,1.14585,2,-1,2,8849
2159,ZONE_CREATED,2026-07-17 09:00:00.000,1784289600000,D002160,1784289600000,1784292600000,1.1457,1.1456,2,1,5,8854
2160,ZONE_CREATED,2026-07-17 09:06:00.000,1784289960000,D002161,1784289960000,1784292960000,1.14595,1.1459,1,1,2,8860
2161,ZONE_CREATED,2026-07-17 09:09:00.000,1784290140000,D002162,1784290140000,1784293140000,1.14615,1.1461,1,-1,4,8863
2162,ZONE_CREATED,2026-07-17 09:10:00.000,1784290200000,D002163,1784290200000,1784293200000,1.14615,1.1461,1,1,5,8864
2163,ZONE_CREATED,2026-07-17 09:11:00.000,1784290260000,D002164,1784290260000,1784293260000,1.14615,1.1461,1,-1,6,8865
2164,ZONE_CREATED,2026-07-17 09:12:00.000,1784290320000,D002165,1784290320000,1784293320000,1.14605,1.146,1,-1,1,8866
2165,ZONE_CREATED,2026-07-17 09:15:00.000,1784290500000,D002166,1784290500000,1784293500000,1.14595,1.1459,1,1,3,8869
2166,ZONE_CREATED,2026-07-17 09:21:00.000,1784290860000,D002167,1784290860000,1784293860000,1.14585,1.1458,1,1,3,8875
2167,ZONE_CREATED,2026-07-17 09:22:00.000,1784290920000,D002168,1784290920000,1784293920000,1.14595,1.1459,1,1,4,8876
2168,ZONE_CREATED,2026-07-17 09:24:00.000,1784291040000,D002169,1784291040000,1784294040000,1.14595,1.1459,1,1,5,8878
2169,ZONE_CREATED,2026-07-17 09:32:00.000,1784291520000,D002170,1784291520000,1784294520000,1.14585,1.1458,1,1,4,8886
2170,ZONE_CREATED,2026-07-17 09:36:00.000,1784291760000,D002171,1784291760000,1784294760000,1.14555,1.1455,1,1,1,8890
2171,ZONE_CREATED,2026-07-17 09:41:00.000,1784292060000,D002172,1784292060000,1784295060000,1.14535,1.1453,1,1,1,8895
2172,ZONE_CREATED,2026-07-17 09:42:00.000,1784292120000,D002173,1784292120000,1784295120000,1.14535,1.1453,1,1,2,8896
2173,ZONE_CREATED,2026-07-17 09:45:00.000,1784292300000,D002174,1784292300000,1784295300000,1.14535,1.1453,1,-1,3,8899
2174,ZONE_CREATED,2026-07-17 09:55:00.000,1784292900000,D002175,1784292900000,1784295900000,1.14535,1.1453,1,1,4,8909
2175,ZONE_CREATED,2026-07-17 09:59:00.000,1784293140000,D002176,1784293140000,1784296140000,1.14545,1.1454,1,1,1,8913
2176,ZONE_CREATED,2026-07-17 10:00:00.000,1784293200000,D002177,1784293200000,1784296200000,1.14555,1.1455,1,1,2,8914
2177,ZONE_CREATED,2026-07-17 10:01:00.000,1784293260000,D002178,1784293260000,1784296260000,1.14565,1.1456,1,-1,1,8915
2178,ZONE_CREATED,2026-07-17 10:06:00.000,1784293560000,D002179,1784293560000,1784296560000,1.14545,1.1454,1,1,2,8920
2179,ZONE_CREATED,2026-07-17 10:11:00.000,1784293860000,D002180,1784293860000,1784296860000,1.14565,1.1456,1,1,2,8925
2180,ZONE_CREATED,2026-07-17 10:12:00.000,1784293920000,D002181,1784293920000,1784296920000,1.14575,1.1457,1,1,1,8926
2181,ZONE_CREATED,2026-07-17 10:14:00.000,1784294040000,D002182,1784294040000,1784297040000,1.14575,1.1457,1,-1,2,8928
2182,ZONE_CREATED,2026-07-17 10:17:00.000,1784294220000,D002183,1784294220000,1784297220000,1.14545,1.1454,1,1,3,8931
2183,ZONE_CREATED,2026-07-17 10:18:00.000,1784294280000,D002184,1784294280000,1784297280000,1.14535,1.1453,1,1,5,8932
2184,ZONE_CREATED,2026-07-17 10:20:00.000,1784294400000,D002185,1784294400000,1784297400000,1.14525,1.1452,1,1,1,8934
2185,ZONE_CREATED,2026-07-17 10:33:00.000,1784295180000,D002186,1784295180000,1784298180000,1.14545,1.1454,1,-1,4,8947
2186,ZONE_CREATED,2026-07-17 10:36:00.000,1784295360000,D002187,1784295360000,1784298360000,1.14565,1.1456,1,1,3,8950
2187,ZONE_CREATED,2026-07-17 10:37:00.000,1784295420000,D002188,1784295420000,1784298420000,1.14565,1.1456,1,1,4,8951
2188,ZONE_CREATED,2026-07-17 10:39:00.000,1784295540000,D002189,1784295540000,1784298540000,1.14575,1.1457,1,1,3,8953
2189,ZONE_CREATED,2026-07-17 10:42:00.000,1784295720000,D002190,1784295720000,1784298720000,1.14565,1.1456,1,1,5,8956
2190,ZONE_CREATED,2026-07-17 10:44:00.000,1784295840000,D002191,1784295840000,1784298840000,1.14585,1.1458,1,-1,1,8958
2191,ZONE_CREATED,2026-07-17 10:45:00.000,1784295900000,D002192,1784295900000,1784298900000,1.14585,1.1458,1,-1,2,8959
2192,ZONE_CREATED,2026-07-17 10:55:00.000,1784296500000,D002193,1784296500000,1784299500000,1.1462,1.1461,2,1,1,8969
2193,ZONE_CREATED,2026-07-17 10:57:00.000,1784296620000,D002194,1784296620000,1784299620000,1.1462,1.14615,1,-1,2,8971
2194,ZONE_CREATED,2026-07-17 11:00:00.000,1784296800000,D002195,1784296800000,1784299800000,1.1463,1.14625,1,1,1,8974
2195,ZONE_CREATED,2026-07-17 11:04:00.000,1784297040000,D002196,1784297040000,1784300040000,1.14605,1.146,1,-1,1,8978
2196,ZONE_CREATED,2026-07-17 11:08:00.000,1784297280000,D002197,1784297280000,1784300280000,1.14615,1.1461,1,1,3,8982
2197,ZONE_CREATED,2026-07-17 11:09:00.000,1784297340000,D002198,1784297340000,1784300340000,1.1462,1.14615,1,1,4,8983
2198,ZONE_CREATED,2026-07-17 11:16:00.000,1784297760000,D002199,1784297760000,1784300760000,1.1464,1.14635,1,-1,1,8990
2199,ZONE_CREATED,2026-07-17 11:17:00.000,1784297820000,D002200,1784297820000,1784300820000,1.1465,1.14645,1,-1,1,8991
2200,ZONE_CREATED,2026-07-17 11:19:00.000,1784297940000,D002201,1784297940000,1784300940000,1.1467,1.14665,1,1,1,8993
2201,ZONE_CREATED,2026-07-17 11:21:00.000,1784298060000,D002202,1784298060000,1784301060000,1.1467,1.14665,1,1,2,8995
2202,ZONE_CREATED,2026-07-17 11:28:00.000,1784298480000,D002203,1784298480000,1784301480000,1.1464,1.14635,1,-1,2,9002
2203,ZONE_CREATED,2026-07-17 11:30:00.000,1784298600000,D002204,1784298600000,1784301600000,1.1462,1.14615,1,1,5,9004
2204,ZONE_CREATED,2026-07-17 11:33:00.000,1784298780000,D002205,1784298780000,1784301780000,1.1464,1.14635,1,-1,3,9007
2205,ZONE_CREATED,2026-07-17 11:38:00.000,1784299080000,D002206,1784299080000,1784302080000,1.1464,1.14635,1,1,4,9012
2206,ZONE_CREATED,2026-07-17 11:40:00.000,1784299200000,D002207,1784299200000,1784302200000,1.1465,1.14645,1,1,2,9014
2207,ZONE_CREATED,2026-07-17 11:46:00.000,1784299560000,D002208,1784299560000,1784302560000,1.1468,1.14675,1,1,1,9020
2208,ZONE_CREATED,2026-07-17 11:48:00.000,1784299680000,D002209,1784299680000,1784302680000,1.147,1.14695,1,1,1,9022
2209,ZONE_CREATED,2026-07-17 11:56:00.000,1784300160000,D002210,1784300160000,1784303160000,1.1465,1.14645,1,-1,3,9030
2210,ZONE_CREATED,2026-07-17 11:57:00.000,1784300220000,D002211,1784300220000,1784303220000,1.1465,1.14645,1,-1,4,9031
2211,ZONE_CREATED,2026-07-17 11:59:00.000,1784300340000,D002212,1784300340000,1784303340000,1.14655,1.14615,8,-1,11,9033
2212,ZONE_CREATED,2026-07-17 13:08:00.000,1784304480000,D002213,1784304480000,1784307480000,1.1464,1.14635,1,-1,6,9035
2213,ZONE_CREATED,2026-07-17 13:10:00.000,1784304600000,D002214,1784304600000,1784307600000,1.1466,1.14655,1,-1,2,9037
2214,ZONE_CREATED,2026-07-17 13:13:00.000,1784304780000,D002215,1784304780000,1784307780000,1.1466,1.14655,1,1,3,9040
2215,ZONE_CREATED,2026-07-17 13:21:00.000,1784305260000,D002216,1784305260000,1784308260000,1.1466,1.14655,1,-1,4,9048
2216,ZONE_CREATED,2026-07-17 13:33:00.000,1784305980000,D002217,1784305980000,1784308980000,1.1468,1.14675,1,1,2,9060
2217,ZONE_CREATED,2026-07-17 13:38:00.000,1784306280000,D002218,1784306280000,1784309280000,1.1466,1.14655,1,1,5,9065
2218,ZONE_CREATED,2026-07-17 13:39:00.000,1784306340000,D002219,1784306340000,1784309340000,1.1466,1.14655,1,1,6,9066
2219,ZONE_CREATED,2026-07-17 13:43:00.000,1784306580000,D002220,1784306580000,1784309580000,1.1467,1.14665,1,-1,1,9070
2220,ZONE_CREATED,2026-07-17 13:47:00.000,1784306820000,D002221,1784306820000,1784309820000,1.1465,1.14645,1,-1,4,9074
2221,ZONE_CREATED,2026-07-17 13:52:00.000,1784307120000,D002222,1784307120000,1784310120000,1.1465,1.14645,1,-1,5,9079
2222,ZONE_CREATED,2026-07-17 13:53:00.000,1784307180000,D002223,1784307180000,1784310180000,1.1465,1.14645,1,1,6,9080
2223,ZONE_CREATED,2026-07-17 13:55:00.000,1784307300000,D002224,1784307300000,1784310300000,1.1466,1.14655,1,-1,7,9082
2224,ZONE_CREATED,2026-07-17 14:07:00.000,1784308020000,D002225,1784308020000,1784311020000,1.1463,1.14625,1,-1,1,9094
2225,ZONE_CREATED,2026-07-17 14:13:00.000,1784308380000,D002226,1784308380000,1784311380000,1.14615,1.1461,1,-1,1,9100
2226,ZONE_CREATED,2026-07-17 14:14:00.000,1784308440000,D002227,1784308440000,1784311440000,1.14615,1.1461,1,-1,2,9101
2227,ZONE_CREATED,2026-07-17 14:15:00.000,1784308500000,D002228,1784308500000,1784311500000,1.14615,1.1461,1,-1,3,9102
2228,ZONE_CREATED,2026-07-17 14:18:00.000,1784308680000,D002229,1784308680000,1784311680000,1.14615,1.1461,1,-1,4,9105
2229,ZONE_CREATED,2026-07-17 14:21:00.000,1784308860000,D002230,1784308860000,1784311860000,1.14605,1.146,1,1,1,9108
2230,ZONE_CREATED,2026-07-17 14:22:00.000,1784308920000,D002231,1784308920000,1784311920000,1.14615,1.1461,1,1,5,9109
2231,ZONE_CREATED,2026-07-17 14:25:00.000,1784309100000,D002232,1784309100000,1784312100000,1.14605,1.146,1,1,2,9112
2232,ZONE_CREATED,2026-07-17 14:26:00.000,1784309160000,D002233,1784309160000,1784312160000,1.14615,1.1461,1,1,6,9113
2233,ZONE_CREATED,2026-07-17 14:27:00.000,1784309220000,D002234,1784309220000,1784312220000,1.1462,1.14615,1,-1,7,9114
2234,ZONE_CREATED,2026-07-17 14:33:00.000,1784309580000,D002235,1784309580000,1784312580000,1.1462,1.14615,1,1,8,9120
2235,ZONE_CREATED,2026-07-17 14:40:00.000,1784310000000,D002236,1784310000000,1784313000000,1.14615,1.1461,1,-1,9,9127
2236,ZONE_CREATED,2026-07-17 14:50:00.000,1784310600000,D002237,1784310600000,1784313600000,1.14615,1.1461,1,-1,10,9136
2237,ZONE_CREATED,2026-07-17 14:55:00.000,1784310900000,D002238,1784310900000,1784313900000,1.14615,1.1461,1,-1,11,9141
2238,ZONE_CREATED,2026-07-17 15:01:00.000,1784311260000,D002239,1784311260000,1784314260000,1.14605,1.146,1,1,3,9147
2239,ZONE_CREATED,2026-07-17 15:03:00.000,1784311380000,D002240,1784311380000,1784314380000,1.14605,1.146,1,-1,4,9149
2240,ZONE_CREATED,2026-07-17 15:12:00.000,1784311920000,D002241,1784311920000,1784314920000,1.1462,1.14615,1,-1,8,9158
2241,ZONE_CREATED,2026-07-17 15:15:00.000,1784312100000,D002242,1784312100000,1784315100000,1.1462,1.14615,1,-1,8,9161
2242,ZONE_CREATED,2026-07-17 15:16:00.000,1784312160000,D002243,1784312160000,1784315160000,1.14615,1.1461,1,-1,9,9162
2243,ZONE_CREATED,2026-07-17 15:17:00.000,1784312220000,D002244,1784312220000,1784315220000,1.1462,1.14615,1,1,10,9163
2244,ZONE_CREATED,2026-07-17 15:18:00.000,1784312280000,D002245,1784312280000,1784315280000,1.1463,1.14625,1,-1,1,9164
2245,ZONE_CREATED,2026-07-17 15:21:00.000,1784312460000,D002246,1784312460000,1784315460000,1.1463,1.14625,1,1,2,9167
2246,ZONE_CREATED,2026-07-17 15:29:00.000,1784312940000,D002247,1784312940000,1784315940000,1.1463,1.14625,1,1,3,9175
2247,ZONE_CREATED,2026-07-17 15:38:00.000,1784313480000,D002248,1784313480000,1784316480000,1.1463,1.14625,1,-1,4,9184
2248,ZONE_CREATED,2026-07-17 15:40:00.000,1784313600000,D002249,1784313600000,1784316600000,1.1463,1.14625,1,-1,5,9186
2249,ZONE_CREATED,2026-07-17 15:48:00.000,1784314080000,D002250,1784314080000,1784317080000,1.1462,1.14615,1,1,5,9193
2250,ZONE_CREATED,2026-07-17 15:51:00.000,1784314260000,D002251,1784314260000,1784317260000,1.1462,1.14615,1,1,6,9196
2251,ZONE_CREATED,2026-07-17 15:58:00.000,1784314680000,D002252,1784314680000,1784317680000,1.1463,1.14625,1,-1,6,9203
2252,ZONE_CREATED,2026-07-17 15:59:00.000,1784314740000,D002253,1784314740000,1784317740000,1.1463,1.14625,1,-1,7,9204
2253,ZONE_CREATED,2026-07-17 16:12:00.000,1784315520000,D002254,1784315520000,1784318520000,1.1463,1.14625,1,-1,8,9214
2254,ZONE_CREATED,2026-07-17 16:15:00.000,1784315700000,D002255,1784315700000,1784318700000,1.1463,1.1462,2,-1,10,9217
2255,ZONE_CREATED,2026-07-17 16:17:00.000,1784315820000,D002256,1784315820000,1784318820000,1.1462,1.14615,1,-1,4,9219
2256,ZONE_CREATED,2026-07-17 16:18:00.000,1784315880000,D002257,1784315880000,1784318880000,1.1462,1.14615,1,1,5,9220
2257,ZONE_CREATED,2026-07-17 16:20:00.000,1784316000000,D002258,1784316000000,1784319000000,1.1462,1.14615,1,-1,6,9222
2258,ZONE_CREATED,2026-07-17 16:24:00.000,1784316240000,D002259,1784316240000,1784319240000,1.1463,1.14625,1,-1,7,9226
2259,ZONE_CREATED,2026-07-17 16:34:00.000,1784316840000,D002260,1784316840000,1784319840000,1.1463,1.14625,1,-1,7,9236
2260,ZONE_CREATED,2026-07-17 16:37:00.000,1784317020000,D002261,1784317020000,1784320020000,1.1463,1.14625,1,-1,7,9239
2261,ZONE_CREATED,2026-07-17 16:45:00.000,1784317500000,D002262,1784317500000,1784320500000,1.1465,1.14645,1,-1,1,9247
2262,ZONE_CREATED,2026-07-17 16:58:00.000,1784318280000,D002263,1784318280000,1784321280000,1.1467,1.14665,1,-1,1,9260
2263,ZONE_CREATED,2026-07-17 17:05:00.000,1784318700000,D002264,1784318700000,1784321700000,1.1468,1.1467,2,1,2,9267
2264,ZONE_CREATED,2026-07-17 17:06:00.000,1784318760000,D002265,1784318760000,1784321760000,1.1468,1.14675,1,1,2,9268
2265,ZONE_CREATED,2026-07-17 17:07:00.000,1784318820000,D002266,1784318820000,1784321820000,1.1468,1.14675,1,-1,3,9269
2266,ZONE_CREATED,2026-07-17 17:10:00.000,1784319000000,D002267,1784319000000,1784322000000,1.1467,1.14665,1,-1,3,9272
2267,ZONE_CREATED,2026-07-17 17:12:00.000,1784319120000,D002268,1784319120000,1784322120000,1.1467,1.14665,1,-1,4,9274
2268,ZONE_CREATED,2026-07-17 17:18:00.000,1784319480000,D002269,1784319480000,1784322480000,1.1466,1.14655,1,-1,1,9280
2269,ZONE_CREATED,2026-07-17 17:19:00.000,1784319540000,D002270,1784319540000,1784322540000,1.1466,1.14655,1,1,2,9281
2270,ZONE_CREATED,2026-07-17 17:20:00.000,1784319600000,D002271,1784319600000,1784322600000,1.1466,1.14655,1,-1,3,9282
2271,ZONE_CREATED,2026-07-17 17:25:00.000,1784319900000,D002272,1784319900000,1784322900000,1.1464,1.14635,1,-1,1,9287
2272,ZONE_CREATED,2026-07-17 17:31:00.000,1784320260000,D002273,1784320260000,1784323260000,1.1465,1.14645,1,1,2,9291
2273,ZONE_CREATED,2026-07-17 17:33:00.000,1784320380000,D002274,1784320380000,1784323380000,1.1464,1.14635,1,-1,2,9293
2274,ZONE_CREATED,2026-07-17 17:35:00.000,1784320500000,D002275,1784320500000,1784323500000,1.14645,1.14635,2,-1,5,9295
2275,ZONE_CREATED,2026-07-17 17:36:00.000,1784320560000,D002276,1784320560000,1784323560000,1.1464,1.14635,1,-1,4,9296
2276,ZONE_CREATED,2026-07-17 17:37:00.000,1784320620000,D002277,1784320620000,1784323620000,1.1464,1.14635,1,1,5,9297
2277,ZONE_CREATED,2026-07-17 17:38:00.000,1784320680000,D002278,1784320680000,1784323680000,1.1464,1.14635,1,-1,6,9298
2278,ZONE_CREATED,2026-07-17 17:43:00.000,1784320980000,D002279,1784320980000,1784323980000,1.1464,1.14635,1,-1,7,9302
2279,ZONE_CREATED,2026-07-17 17:44:00.000,1784321040000,D002280,1784321040000,1784324040000,1.1464,1.14635,1,-1,8,9303
2280,ZONE_CREATED,2026-07-17 17:45:00.000,1784321100000,D002281,1784321100000,1784324100000,1.1464,1.14635,1,-1,9,9304
2281,ZONE_CREATED,2026-07-17 17:52:00.000,1784321520000,D002282,1784321520000,1784324520000,1.1464,1.14635,1,-1,10,9311
2282,ZONE_CREATED,2026-07-17 17:53:00.000,1784321580000,D002283,1784321580000,1784324580000,1.1464,1.14635,1,1,11,9312
2283,ZONE_CREATED,2026-07-17 17:58:00.000,1784321880000,D002284,1784321880000,1784324880000,1.1464,1.14635,1,1,12,9317
