event_id,session_id,t0,regime,regime_name,post_calmo,post_normal,post_volatil,vpin,sticky_age_bars,model_id,run_id,seed,commit,as_of_ok,fail_reason,ancho_ticks
6E_Z20,2026-06-08,2026-06-08 03:37:00+00:00,1,normal,0.0,1.0,0.0,0.9126159554730984,0,gate_tf_causal_bal_v2_feat10_sticky90_vpin055,bb9aa229a5884654,20260823,drive-sample-6e,True,,2.0
6E_Z32,2026-06-08,2026-06-08 04:02:00+00:00,0,calmo,1.0,0.0,0.0,0.9688311688311688,0,gate_tf_causal_bal_v2_feat10_sticky90_vpin055,bb9aa229a5884654,20260823,drive-sample-6e,True,,4.0
6E_Z44,2026-06-08,2026-06-08 04:32:00+00:00,1,normal,0.0,1.0,0.0,0.9833333333333332,4,gate_tf_causal_bal_v2_feat10_sticky90_vpin055,bb9aa229a5884654,20260823,drive-sample-6e,True,,6.0
6E_Z56,2026-06-08,2026-06-08 04:54:00+00:00,1,normal,0.0,1.0,0.0,0.9429824561403508,2,gate_tf_causal_bal_v2_feat10_sticky90_vpin055,bb9aa229a5884654,20260823,drive-sample-6e,True,,3.0
6E_Z68,2026-06-08,2026-06-08 05:16:00+00:00,1,normal,0.0,1.0,0.0,0.904093567251462,1,gate_tf_causal_bal_v2_feat10_sticky90_vpin055,bb9aa229a5884654,20260823,drive-sample-6e,True,,5.0
6E_Z80,2026-06-08,2026-06-08 05:35:00+00:00,2,volatil,0.0,0.0,1.0,0.9055555555555554,11,gate_tf_causal_bal_v2_feat10_sticky90_vpin055,bb9aa229a5884654,20260823,drive-sample-6e,True,,2.0
6E_Z92,2026-06-08,2026-06-08 05:53:00+00:00,2,volatil,0.0,0.0,1.0,0.7228282828282828,23,gate_tf_causal_bal_v2_feat10_sticky90_vpin055,bb9aa229a5884654,20260823,drive-sample-6e,True,,4.0
6E_Z104,2026-06-08,2026-06-08 06:06:00+00:00,2,volatil,0.0,0.0,1.0,0.533416305916306,35,gate_tf_causal_bal_v2_feat10_sticky90_vpin055,bb9aa229a5884654,20260823,drive-sample-6e,True,,6.0
6E_Z116,2026-06-08,2026-06-08 06:19:00+00:00,2,volatil,0.0,0.0,1.0,0.6272546897546897,47,gate_tf_causal_bal_v2_feat10_sticky90_vpin055,bb9aa229a5884654,20260823,drive-sample-6e,True,,3.0
6E_Z128,2026-06-08,2026-06-08 06:34:00+00:00,2,volatil,0.0,0.0,1.0,0.6388756613756613,59,gate_tf_causal_bal_v2_feat10_sticky90_vpin055,bb9aa229a5884654,20260823,drive-sample-6e,True,,5.0
6E_Z140,2026-06-08,2026-06-08 06:47:00+00:00,1,normal,0.0,1.0,0.0,0.622089947089947,6,gate_tf_causal_bal_v2_feat10_sticky90_vpin055,bb9aa229a5884654,20260823,drive-sample-6e,True,,2.0
6E_Z152,2026-06-08,2026-06-08 07:00:00+00:00,2,volatil,0.0,0.0,1.0,0.5221371371371372,5,gate_tf_causal_bal_v2_feat10_sticky90_vpin055,bb9aa229a5884654,20260823,drive-sample-6e,True,,4.0
6E_Z164,2026-06-08,2026-06-08 07:12:00+00:00,2,volatil,0.0,0.0,1.0,0.5248587688751624,17,gate_tf_causal_bal_v2_feat10_sticky90_vpin055,bb9aa229a5884654,20260823,drive-sample-6e,True,,6.0
6E_Z176,2026-06-08,2026-06-08 07:26:00+00:00,2,volatil,0.0,0.0,1.0,0.5716025656189591,29,gate_tf_causal_bal_v2_feat10_sticky90_vpin055,bb9aa229a5884654,20260823,drive-sample-6e,True,,3.0
6E_Z188,2026-06-08,2026-06-08 07:39:00+00:00,2,volatil,0.0,0.0,1.0,0.606744738936208,4,gate_tf_causal_bal_v2_feat10_sticky90_vpin055,bb9aa229a5884654,20260823,drive-sample-6e,True,,5.0
6E_Z200,2026-06-08,2026-06-08 07:53:00+00:00,2,volatil,0.0,0.0,1.0,0.6484183431098122,16,gate_tf_causal_bal_v2_feat10_sticky90_vpin055,bb9aa229a5884654,20260823,drive-sample-6e,True,,2.0
6E_Z212,2026-06-08,2026-06-08 08:05:00+00:00,2,volatil,0.0,0.0,1.0,0.5743557459575767,28,gate_tf_causal_bal_v2_feat10_sticky90_vpin055,bb9aa229a5884654,20260823,drive-sample-6e,True,,4.0
6E_Z224,2026-06-08,2026-06-08 08:18:00+00:00,2,volatil,0.0,0.0,1.0,0.5215040515040515,40,gate_tf_causal_bal_v2_feat10_sticky90_vpin055,bb9aa229a5884654,20260823,drive-sample-6e,True,,6.0
6E_Z236,2026-06-08,2026-06-08 08:31:00+00:00,2,volatil,0.0,0.0,1.0,0.467006512006512,52,gate_tf_causal_bal_v2_feat10_sticky90_vpin055,bb9aa229a5884654,20260823,drive-sample-6e,True,,3.0
6E_Z248,2026-06-08,2026-06-08 08:45:00+00:00,2,volatil,0.0,0.0,1.0,0.5706950456950456,64,gate_tf_causal_bal_v2_feat10_sticky90_vpin055,bb9aa229a5884654,20260823,drive-sample-6e,True,,5.0
6E_Z260,2026-06-08,2026-06-08 08:59:00+00:00,2,volatil,0.0,0.0,1.0,0.6308339345839346,76,gate_tf_causal_bal_v2_feat10_sticky90_vpin055,bb9aa229a5884654,20260823,drive-sample-6e,True,,2.0
6E_Z272,2026-06-08,2026-06-08 09:11:00+00:00,2,volatil,0.0,0.0,1.0,0.671604371876111,88,gate_tf_causal_bal_v2_feat10_sticky90_vpin055,bb9aa229a5884654,20260823,drive-sample-6e,True,,4.0
6E_Z284,2026-06-08,2026-06-08 09:24:00+00:00,0,calmo,1.0,0.0,0.0,0.6011907399577399,0,gate_tf_causal_bal_v2_feat10_sticky90_vpin055,bb9aa229a5884654,20260823,drive-sample-6e,True,,6.0
6E_Z296,2026-06-08,2026-06-08 09:37:00+00:00,2,volatil,0.0,0.0,1.0,0.577002871218749,6,gate_tf_causal_bal_v2_feat10_sticky90_vpin055,bb9aa229a5884654,20260823,drive-sample-6e,True,,3.0
6E_Z308,2026-06-08,2026-06-08 09:50:00+00:00,2,volatil,0.0,0.0,1.0,0.519197116601849,18,gate_tf_causal_bal_v2_feat10_sticky90_vpin055,bb9aa229a5884654,20260823,drive-sample-6e,True,,5.0
6E_Z320,2026-06-08,2026-06-08 10:03:00+00:00,2,volatil,0.0,0.0,1.0,0.5582054517612609,30,gate_tf_causal_bal_v2_feat10_sticky90_vpin055,bb9aa229a5884654,20260823,drive-sample-6e,True,,2.0
6E_Z332,2026-06-08,2026-06-08 10:15:00+00:00,2,volatil,0.0,0.0,1.0,0.5443505309964938,42,gate_tf_causal_bal_v2_feat10_sticky90_vpin055,bb9aa229a5884654,20260823,drive-sample-6e,True,,4.0
6E_Z344,2026-06-08,2026-06-08 10:28:00+00:00,1,normal,0.0,1.0,0.0,0.5872827839287467,5,gate_tf_causal_bal_v2_feat10_sticky90_vpin055,bb9aa229a5884654,20260823,drive-sample-6e,True,,6.0
6E_Z356,2026-06-08,2026-06-08 10:41:00+00:00,2,volatil,0.0,0.0,1.0,0.5477433160579687,11,gate_tf_causal_bal_v2_feat10_sticky90_vpin055,bb9aa229a5884654,20260823,drive-sample-6e,True,,3.0
6E_Z368,2026-06-08,2026-06-08 10:53:00+00:00,1,normal,0.0,1.0,0.0,0.533989862877277,1,gate_tf_causal_bal_v2_feat10_sticky90_vpin055,bb9aa229a5884654,20260823,drive-sample-6e,True,,5.0
6E_Z380,2026-06-08,2026-06-08 11:05:00+00:00,1,normal,0.0,1.0,0.0,0.5062206823179359,13,gate_tf_causal_bal_v2_feat10_sticky90_vpin055,bb9aa229a5884654,20260823,drive-sample-6e,True,,2.0
6E_Z392,2026-06-08,2026-06-08 11:17:00+00:00,2,volatil,0.0,0.0,1.0,0.5119714658728964,10,gate_tf_causal_bal_v2_feat10_sticky90_vpin055,bb9aa229a5884654,20260823,drive-sample-6e,True,,4.0
6E_Z404,2026-06-08,2026-06-08 11:29:00+00:00,2,volatil,0.0,0.0,1.0,0.5354892015637239,22,gate_tf_causal_bal_v2_feat10_sticky90_vpin055,bb9aa229a5884654,20260823,drive-sample-6e,True,,6.0
6E_Z416,2026-06-08,2026-06-08 11:41:00+00:00,2,volatil,0.0,0.0,1.0,0.5141661757948743,34,gate_tf_causal_bal_v2_feat10_sticky90_vpin055,bb9aa229a5884654,20260823,drive-sample-6e,True,,3.0
6E_Z428,2026-06-08,2026-06-08 11:53:00+00:00,1,normal,0.0,1.0,0.0,0.5589026423898885,6,gate_tf_causal_bal_v2_feat10_sticky90_vpin055,bb9aa229a5884654,20260823,drive-sample-6e,True,,5.0
6E_Z440,2026-06-08,2026-06-08 12:05:00+00:00,2,volatil,0.0,0.0,1.0,0.5579724588625555,5,gate_tf_causal_bal_v2_feat10_sticky90_vpin055,bb9aa229a5884654,20260823,drive-sample-6e,True,,2.0
6E_Z452,2026-06-08,2026-06-08 12:17:00+00:00,2,volatil,0.0,0.0,1.0,0.6388672822396135,17,gate_tf_causal_bal_v2_feat10_sticky90_vpin055,bb9aa229a5884654,20260823,drive-sample-6e,True,,4.0
6E_Z464,2026-06-08,2026-06-08 12:29:00+00:00,2,volatil,0.0,0.0,1.0,0.6483151773905026,29,gate_tf_causal_bal_v2_feat10_sticky90_vpin055,bb9aa229a5884654,20260823,drive-sample-6e,True,,6.0
6E_Z476,2026-06-08,2026-06-08 12:41:00+00:00,2,volatil,0.0,0.0,1.0,0.5973517397392245,1,gate_tf_causal_bal_v2_feat10_sticky90_vpin055,bb9aa229a5884654,20260823,drive-sample-6e,True,,3.0
6E_Z488,2026-06-08,2026-06-08 12:53:00+00:00,2,volatil,0.0,0.0,1.0,0.5549077598203812,13,gate_tf_causal_bal_v2_feat10_sticky90_vpin055,bb9aa229a5884654,20260823,drive-sample-6e,True,,5.0
6E_Z500,2026-06-08,2026-06-08 13:05:00+00:00,2,volatil,0.0,0.0,1.0,0.5429020451288721,25,gate_tf_causal_bal_v2_feat10_sticky90_vpin055,bb9aa229a5884654,20260823,drive-sample-6e,True,,2.0
6E_Z512,2026-06-08,2026-06-08 13:18:00+00:00,0,calmo,1.0,0.0,0.0,0.5065948137825915,0,gate_tf_causal_bal_v2_feat10_sticky90_vpin055,bb9aa229a5884654,20260823,drive-sample-6e,True,,4.0
6E_Z524,2026-06-08,2026-06-08 13:30:00+00:00,2,volatil,0.0,0.0,1.0,0.468452326766248,8,gate_tf_causal_bal_v2_feat10_sticky90_vpin055,bb9aa229a5884654,20260823,drive-sample-6e,True,,6.0
6E_Z536,2026-06-08,2026-06-08 13:42:00+00:00,1,normal,0.0,1.0,0.0,0.5027049820759469,3,gate_tf_causal_bal_v2_feat10_sticky90_vpin055,bb9aa229a5884654,20260823,drive-sample-6e,True,,3.0
6E_Z548,2026-06-08,2026-06-08 13:54:00+00:00,2,volatil,0.0,0.0,1.0,0.4804945563169448,3,gate_tf_causal_bal_v2_feat10_sticky90_vpin055,bb9aa229a5884654,20260823,drive-sample-6e,True,,5.0
6E_Z560,2026-06-08,2026-06-08 14:06:00+00:00,2,volatil,0.0,0.0,1.0,0.4564772063952526,15,gate_tf_causal_bal_v2_feat10_sticky90_vpin055,bb9aa229a5884654,20260823,drive-sample-6e,True,,2.0
6E_Z572,2026-06-08,2026-06-08 14:18:00+00:00,2,volatil,0.0,0.0,1.0,0.5195843500363424,27,gate_tf_causal_bal_v2_feat10_sticky90_vpin055,bb9aa229a5884654,20260823,drive-sample-6e,True,,4.0
6E_Z584,2026-06-08,2026-06-08 14:30:00+00:00,2,volatil,0.0,0.0,1.0,0.4847583235043326,10,gate_tf_causal_bal_v2_feat10_sticky90_vpin055,bb9aa229a5884654,20260823,drive-sample-6e,True,,6.0
6E_Z596,2026-06-08,2026-06-08 14:42:00+00:00,2,volatil,0.0,0.0,1.0,0.4486748322597524,2,gate_tf_causal_bal_v2_feat10_sticky90_vpin055,bb9aa229a5884654,20260823,drive-sample-6e,True,,3.0
6E_Z608,2026-06-08,2026-06-08 14:54:00+00:00,2,volatil,0.0,0.0,1.0,0.4452866150771811,14,gate_tf_causal_bal_v2_feat10_sticky90_vpin055,bb9aa229a5884654,20260823,drive-sample-6e,True,,5.0
6E_Z620,2026-06-08,2026-06-08 15:06:00+00:00,2,volatil,0.0,0.0,1.0,0.4187651008134045,26,gate_tf_causal_bal_v2_feat10_sticky90_vpin055,bb9aa229a5884654,20260823,drive-sample-6e,True,,2.0
6E_Z632,2026-06-08,2026-06-08 15:19:00+00:00,2,volatil,0.0,0.0,1.0,0.5762952471716238,38,gate_tf_causal_bal_v2_feat10_sticky90_vpin055,bb9aa229a5884654,20260823,drive-sample-6e,True,,4.0
6E_Z644,2026-06-08,2026-06-08 15:31:00+00:00,2,volatil,0.0,0.0,1.0,0.6570164779386626,50,gate_tf_causal_bal_v2_feat10_sticky90_vpin055,bb9aa229a5884654,20260823,drive-sample-6e,True,,6.0
6E_Z656,2026-06-08,2026-06-08 15:44:00+00:00,1,normal,0.0,1.0,0.0,0.625518678613193,1,gate_tf_causal_bal_v2_feat10_sticky90_vpin055,bb9aa229a5884654,20260823,drive-sample-6e,True,,3.0
6E_Z668,2026-06-08,2026-06-08 15:56:00+00:00,1,normal,0.0,1.0,0.0,0.6419770719022498,13,gate_tf_causal_bal_v2_feat10_sticky90_vpin055,bb9aa229a5884654,20260823,drive-sample-6e,True,,5.0
6E_Z680,2026-06-08,2026-06-08 16:09:00+00:00,1,normal,0.0,1.0,0.0,0.5294764479026315,2,gate_tf_causal_bal_v2_feat10_sticky90_vpin055,bb9aa229a5884654,20260823,drive-sample-6e,True,,2.0
6E_Z692,2026-06-08,2026-06-08 16:21:00+00:00,1,normal,0.0,1.0,0.0,0.5978221309349104,0,gate_tf_causal_bal_v2_feat10_sticky90_vpin055,bb9aa229a5884654,20260823,drive-sample-6e,True,,4.0
6E_Z704,2026-06-08,2026-06-08 16:34:00+00:00,2,volatil,0.0,0.0,1.0,0.6502162585464294,4,gate_tf_causal_bal_v2_feat10_sticky90_vpin055,bb9aa229a5884654,20260823,drive-sample-6e,True,,6.0
6E_Z716,2026-06-08,2026-06-08 16:46:00+00:00,1,normal,0.0,1.0,0.0,0.6204628736740597,1,gate_tf_causal_bal_v2_feat10_sticky90_vpin055,bb9aa229a5884654,20260823,drive-sample-6e,True,,3.0
6E_Z728,2026-06-08,2026-06-08 17:00:00+00:00,2,volatil,0.0,0.0,1.0,0.5578360187441987,7,gate_tf_causal_bal_v2_feat10_sticky90_vpin055,bb9aa229a5884654,20260823,drive-sample-6e,True,,5.0
6E_Z740,2026-06-08,2026-06-08 17:12:00+00:00,2,volatil,0.0,0.0,1.0,0.5640389323241616,0,gate_tf_causal_bal_v2_feat10_sticky90_vpin055,bb9aa229a5884654,20260823,drive-sample-6e,True,,2.0
6E_Z752,2026-06-08,2026-06-08 17:25:00+00:00,1,normal,0.0,1.0,0.0,0.647322423900336,4,gate_tf_causal_bal_v2_feat10_sticky90_vpin055,bb9aa229a5884654,20260823,drive-sample-6e,True,,4.0
6E_Z764,2026-06-08,2026-06-08 17:37:00+00:00,1,normal,0.0,1.0,0.0,0.6378895094679068,16,gate_tf_causal_bal_v2_feat10_sticky90_vpin055,bb9aa229a5884654,20260823,drive-sample-6e,True,,6.0
6E_Z776,2026-06-08,2026-06-08 17:50:00+00:00,1,normal,0.0,1.0,0.0,0.6229771058823854,9,gate_tf_causal_bal_v2_feat10_sticky90_vpin055,bb9aa229a5884654,20260823,drive-sample-6e,True,,3.0
6E_Z788,2026-06-08,2026-06-08 18:04:00+00:00,0,calmo,1.0,0.0,0.0,0.6888175934371588,9,gate_tf_causal_bal_v2_feat10_sticky90_vpin055,bb9aa229a5884654,20260823,drive-sample-6e,True,,5.0
6E_Z800,2026-06-08,2026-06-08 18:18:00+00:00,0,calmo,1.0,0.0,0.0,0.7616624491986812,0,gate_tf_causal_bal_v2_feat10_sticky90_vpin055,bb9aa229a5884654,20260823,drive-sample-6e,True,,2.0
6E_Z812,2026-06-08,2026-06-08 18:32:00+00:00,0,calmo,1.0,0.0,0.0,0.73670835337502,12,gate_tf_causal_bal_v2_feat10_sticky90_vpin055,bb9aa229a5884654,20260823,drive-sample-6e,True,,4.0
6E_Z824,2026-06-08,2026-06-08 18:44:00+00:00,1,normal,0.0,1.0,0.0,0.7106923444242285,8,gate_tf_causal_bal_v2_feat10_sticky90_vpin055,bb9aa229a5884654,20260823,drive-sample-6e,True,,6.0
6E_Z836,2026-06-08,2026-06-08 18:56:00+00:00,0,calmo,1.0,0.0,0.0,0.6138190361783712,10,gate_tf_causal_bal_v2_feat10_sticky90_vpin055,bb9aa229a5884654,20260823,drive-sample-6e,True,,3.0
6E_Z848,2026-06-08,2026-06-08 19:10:00+00:00,2,volatil,0.0,0.0,1.0,0.5283324278890843,8,gate_tf_causal_bal_v2_feat10_sticky90_vpin055,bb9aa229a5884654,20260823,drive-sample-6e,True,,5.0
6E_Z860,2026-06-08,2026-06-08 19:25:00+00:00,1,normal,0.0,1.0,0.0,0.5726206548179762,5,gate_tf_causal_bal_v2_feat10_sticky90_vpin055,bb9aa229a5884654,20260823,drive-sample-6e,True,,2.0
6E_Z872,2026-06-08,2026-06-08 19:39:00+00:00,1,normal,0.0,1.0,0.0,0.7475252525252525,4,gate_tf_causal_bal_v2_feat10_sticky90_vpin055,bb9aa229a5884654,20260823,drive-sample-6e,True,,4.0
6E_Z884,2026-06-08,2026-06-08 19:56:00+00:00,0,calmo,1.0,0.0,0.0,0.7009535201640466,3,gate_tf_causal_bal_v2_feat10_sticky90_vpin055,bb9aa229a5884654,20260823,drive-sample-6e,True,,6.0
6E_Z896,2026-06-08,2026-06-08 20:10:00+00:00,0,calmo,1.0,0.0,0.0,0.7583453841398927,0,gate_tf_causal_bal_v2_feat10_sticky90_vpin055,bb9aa229a5884654,20260823,drive-sample-6e,True,,3.0
6E_Z908,2026-06-08,2026-06-08 20:33:00+00:00,0,calmo,1.0,0.0,0.0,0.7690198948144034,12,gate_tf_causal_bal_v2_feat10_sticky90_vpin055,bb9aa229a5884654,20260823,drive-sample-6e,True,,5.0
6E_Z920,2026-06-08,2026-06-08 20:45:00+00:00,0,calmo,1.0,0.0,0.0,0.7255896721413962,24,gate_tf_causal_bal_v2_feat10_sticky90_vpin055,bb9aa229a5884654,20260823,drive-sample-6e,True,,2.0
6E_Z932,2026-06-08,2026-06-08 20:58:00+00:00,0,calmo,1.0,0.0,0.0,0.699047619047619,36,gate_tf_causal_bal_v2_feat10_sticky90_vpin055,bb9aa229a5884654,20260823,drive-sample-6e,True,,4.0
6E_Z944,2026-06-08,2026-06-08 22:32:00+00:00,1,normal,0.0,1.0,0.0,0.750899470899471,10,gate_tf_causal_bal_v2_feat10_sticky90_vpin055,bb9aa229a5884654,20260823,drive-sample-6e,True,,6.0
6E_Z956,2026-06-08,2026-06-08 22:44:00+00:00,0,calmo,1.0,0.0,0.0,0.794074074074074,7,gate_tf_causal_bal_v2_feat10_sticky90_vpin055,bb9aa229a5884654,20260823,drive-sample-6e,True,,3.0
6E_Z968,2026-06-08,2026-06-08 22:56:00+00:00,0,calmo,1.0,0.0,0.0,0.7865079365079365,19,gate_tf_causal_bal_v2_feat10_sticky90_vpin055,bb9aa229a5884654,20260823,drive-sample-6e,True,,5.0
6E_Z980,2026-06-08,2026-06-08 23:55:00+00:00,1,normal,0.0,1.0,0.0,0.7665079365079365,11,gate_tf_causal_bal_v2_feat10_sticky90_vpin055,bb9aa229a5884654,20260823,drive-sample-6e,True,,2.0
6E_Z992,2026-06-09,2026-06-09 00:14:00+00:00,1,normal,0.0,1.0,0.0,0.8055555555555556,1,gate_tf_causal_bal_v2_feat10_sticky90_vpin055,bb9aa229a5884654,20260823,drive-sample-6e,True,,4.0
6E_Z1004,2026-06-09,2026-06-09 00:57:00+00:00,1,normal,0.0,1.0,0.0,0.8166666666666667,13,gate_tf_causal_bal_v2_feat10_sticky90_vpin055,bb9aa229a5884654,20260823,drive-sample-6e,True,,6.0
6E_Z1016,2026-06-09,2026-06-09 01:20:00+00:00,0,calmo,1.0,0.0,0.0,0.8466666666666666,0,gate_tf_causal_bal_v2_feat10_sticky90_vpin055,bb9aa229a5884654,20260823,drive-sample-6e,True,,3.0
6E_Z1028,2026-06-09,2026-06-09 01:45:00+00:00,1,normal,0.0,1.0,0.0,0.9174269005847954,9,gate_tf_causal_bal_v2_feat10_sticky90_vpin055,bb9aa229a5884654,20260823,drive-sample-6e,True,,5.0
6E_Z1040,2026-06-09,2026-06-09 02:02:00+00:00,1,normal,0.0,1.0,0.0,0.896157059314954,7,gate_tf_causal_bal_v2_feat10_sticky90_vpin055,bb9aa229a5884654,20260823,drive-sample-6e,True,,2.0
6E_Z1052,2026-06-09,2026-06-09 02:19:00+00:00,0,calmo,1.0,0.0,0.0,0.847036297036297,6,gate_tf_causal_bal_v2_feat10_sticky90_vpin055,bb9aa229a5884654,20260823,drive-sample-6e,True,,4.0
6E_Z1064,2026-06-09,2026-06-09 02:38:00+00:00,1,normal,0.0,1.0,0.0,0.8254201354201354,10,gate_tf_causal_bal_v2_feat10_sticky90_vpin055,bb9aa229a5884654,20260823,drive-sample-6e,True,,6.0
6E_Z1076,2026-06-09,2026-06-09 03:06:00+00:00,1,normal,0.0,1.0,0.0,0.723939393939394,1,gate_tf_causal_bal_v2_feat10_sticky90_vpin055,bb9aa229a5884654,20260823,drive-sample-6e,True,,3.0
6E_Z1088,2026-06-09,2026-06-09 03:24:00+00:00,1,normal,0.0,1.0,0.0,0.7471428571428571,3,gate_tf_causal_bal_v2_feat10_sticky90_vpin055,bb9aa229a5884654,20260823,drive-sample-6e,True,,5.0
6E_Z1100,2026-06-09,2026-06-09 03:38:00+00:00,0,calmo,1.0,0.0,0.0,0.7893650793650795,3,gate_tf_causal_bal_v2_feat10_sticky90_vpin055,bb9aa229a5884654,20260823,drive-sample-6e,True,,2.0
6E_Z1112,2026-06-09,2026-06-09 04:03:00+00:00,0,calmo,1.0,0.0,0.0,0.8492568542568543,15,gate_tf_causal_bal_v2_feat10_sticky90_vpin055,bb9aa229a5884654,20260823,drive-sample-6e,True,,4.0
6E_Z1124,2026-06-09,2026-06-09 04:27:00+00:00,0,calmo,1.0,0.0,0.0,0.7673520923520925,27,gate_tf_causal_bal_v2_feat10_sticky90_vpin055,bb9aa229a5884654,20260823,drive-sample-6e,True,,6.0
6E_Z1136,2026-06-09,2026-06-09 04:41:00+00:00,0,calmo,1.0,0.0,0.0,0.7813508713508714,39,gate_tf_causal_bal_v2_feat10_sticky90_vpin055,bb9aa229a5884654,20260823,drive-sample-6e,True,,3.0
6E_Z1148,2026-06-09,2026-06-09 05:02:00+00:00,1,normal,0.0,1.0,0.0,0.8532721182721182,9,gate_tf_causal_bal_v2_feat10_sticky90_vpin055,bb9aa229a5884654,20260823,drive-sample-6e,True,,5.0
6E_Z1160,2026-06-09,2026-06-09 05:22:00+00:00,2,volatil,0.0,0.0,1.0,0.7521794187011578,2,gate_tf_causal_bal_v2_feat10_sticky90_vpin055,bb9aa229a5884654,20260823,drive-sample-6e,True,,2.0
6E_Z1172,2026-06-09,2026-06-09 05:34:00+00:00,1,normal,0.0,1.0,0.0,0.6900768954933715,6,gate_tf_causal_bal_v2_feat10_sticky90_vpin055,bb9aa229a5884654,20260823,drive-sample-6e,True,,4.0
6E_Z1184,2026-06-09,2026-06-09 05:47:00+00:00,0,calmo,1.0,0.0,0.0,0.7273340438094259,11,gate_tf_causal_bal_v2_feat10_sticky90_vpin055,bb9aa229a5884654,20260823,drive-sample-6e,True,,6.0
6E_Z1196,2026-06-09,2026-06-09 06:01:00+00:00,1,normal,0.0,1.0,0.0,0.6758582903190111,11,gate_tf_causal_bal_v2_feat10_sticky90_vpin055,bb9aa229a5884654,20260823,drive-sample-6e,True,,3.0
6E_Z1208,2026-06-09,2026-06-09 06:14:00+00:00,1,normal,0.0,1.0,0.0,0.5737580951932227,23,gate_tf_causal_bal_v2_feat10_sticky90_vpin055,bb9aa229a5884654,20260823,drive-sample-6e,True,,5.0
6E_Z1220,2026-06-09,2026-06-09 06:28:00+00:00,1,normal,0.0,1.0,0.0,0.5227944492545208,9,gate_tf_causal_bal_v2_feat10_sticky90_vpin055,bb9aa229a5884654,20260823,drive-sample-6e,True,,2.0
6E_Z1232,2026-06-09,2026-06-09 06:41:00+00:00,1,normal,0.0,1.0,0.0,0.6121851239393131,5,gate_tf_causal_bal_v2_feat10_sticky90_vpin055,bb9aa229a5884654,20260823,drive-sample-6e,True,,4.0
6E_Z1244,2026-06-09,2026-06-09 06:53:00+00:00,0,calmo,1.0,0.0,0.0,0.5861923981293021,2,gate_tf_causal_bal_v2_feat10_sticky90_vpin055,bb9aa229a5884654,20260823,drive-sample-6e,True,,6.0
6E_Z1256,2026-06-09,2026-06-09 07:05:00+00:00,2,volatil,0.0,0.0,1.0,0.495961123585576,7,gate_tf_causal_bal_v2_feat10_sticky90_vpin055,bb9aa229a5884654,20260823,drive-sample-6e,True,,3.0
6E_Z1268,2026-06-09,2026-06-09 07:17:00+00:00,1,normal,0.0,1.0,0.0,0.3783785302373555,2,gate_tf_causal_bal_v2_feat10_sticky90_vpin055,bb9aa229a5884654,20260823,drive-sample-6e,True,,5.0
6E_Z1280,2026-06-09,2026-06-09 07:29:00+00:00,1,normal,0.0,1.0,0.0,0.293264760952659,14,gate_tf_causal_bal_v2_feat10_sticky90_vpin055,bb9aa229a5884654,20260823,drive-sample-6e,True,,2.0
6E_Z1292,2026-06-09,2026-06-09 07:41:00+00:00,0,calmo,1.0,0.0,0.0,0.4888087833590032,5,gate_tf_causal_bal_v2_feat10_sticky90_vpin055,bb9aa229a5884654,20260823,drive-sample-6e,True,,4.0
6E_Z1304,2026-06-09,2026-06-09 07:53:00+00:00,0,calmo,1.0,0.0,0.0,0.6428069883872473,17,gate_tf_causal_bal_v2_feat10_sticky90_vpin055,bb9aa229a5884654,20260823,drive-sample-6e,True,,6.0
6E_Z1316,2026-06-09,2026-06-09 08:05:00+00:00,2,volatil,0.0,0.0,1.0,0.6102056582648238,1,gate_tf_causal_bal_v2_feat10_sticky90_vpin055,bb9aa229a5884654,20260823,drive-sample-6e,True,,3.0
6E_Z1328,2026-06-09,2026-06-09 08:17:00+00:00,2,volatil,0.0,0.0,1.0,0.4828255135831673,5,gate_tf_causal_bal_v2_feat10_sticky90_vpin055,bb9aa229a5884654,20260823,drive-sample-6e,True,,5.0
6E_Z1340,2026-06-09,2026-06-09 08:29:00+00:00,0,calmo,1.0,0.0,0.0,0.4546329848394529,1,gate_tf_causal_bal_v2_feat10_sticky90_vpin055,bb9aa229a5884654,20260823,drive-sample-6e,True,,2.0
6E_Z1352,2026-06-09,2026-06-09 08:41:00+00:00,0,calmo,1.0,0.0,0.0,0.4724769312843289,13,gate_tf_causal_bal_v2_feat10_sticky90_vpin055,bb9aa229a5884654,20260823,drive-sample-6e,True,,4.0
6E_Z1364,2026-06-09,2026-06-09 08:54:00+00:00,1,normal,0.0,1.0,0.0,0.4051692670445425,1,gate_tf_causal_bal_v2_feat10_sticky90_vpin055,bb9aa229a5884654,20260823,drive-sample-6e,True,,6.0
6E_Z1376,2026-06-09,2026-06-09 09:06:00+00:00,0,calmo,1.0,0.0,0.0,0.4985443045863802,2,gate_tf_causal_bal_v2_feat10_sticky90_vpin055,bb9aa229a5884654,20260823,drive-sample-6e,True,,3.0
6E_Z1388,2026-06-09,2026-06-09 09:18:00+00:00,0,calmo,1.0,0.0,0.0,0.5544627455921034,14,gate_tf_causal_bal_v2_feat10_sticky90_vpin055,bb9aa229a5884654,20260823,drive-sample-6e,True,,5.0
6E_Z1400,2026-06-09,2026-06-09 09:30:00+00:00,1,normal,0.0,1.0,0.0,0.6143493072154165,4,gate_tf_causal_bal_v2_feat10_sticky90_vpin055,bb9aa229a5884654,20260823,drive-sample-6e,True,,2.0
6E_Z1412,2026-06-09,2026-06-09 09:43:00+00:00,0,calmo,1.0,0.0,0.0,0.6923067700026007,1,gate_tf_causal_bal_v2_feat10_sticky90_vpin055,bb9aa229a5884654,20260823,drive-sample-6e,True,,4.0
6E_Z1424,2026-06-09,2026-06-09 09:55:00+00:00,0,calmo,1.0,0.0,0.0,0.7303954138521375,13,gate_tf_causal_bal_v2_feat10_sticky90_vpin055,bb9aa229a5884654,20260823,drive-sample-6e,True,,6.0
6E_Z1436,2026-06-09,2026-06-09 10:08:00+00:00,2,volatil,0.0,0.0,1.0,0.6654173918741155,1,gate_tf_causal_bal_v2_feat10_sticky90_vpin055,bb9aa229a5884654,20260823,drive-sample-6e,True,,3.0
6E_Z1448,2026-06-09,2026-06-09 10:20:00+00:00,2,volatil,0.0,0.0,1.0,0.551637684440316,4,gate_tf_causal_bal_v2_feat10_sticky90_vpin055,bb9aa229a5884654,20260823,drive-sample-6e,True,,5.0
6E_Z1460,2026-06-09,2026-06-09 10:34:00+00:00,1,normal,0.0,1.0,0.0,0.5820615218115218,11,gate_tf_causal_bal_v2_feat10_sticky90_vpin055,bb9aa229a5884654,20260823,drive-sample-6e,True,,2.0
6E_Z1472,2026-06-09,2026-06-09 10:48:00+00:00,0,calmo,1.0,0.0,0.0,0.6889669312169313,10,gate_tf_causal_bal_v2_feat10_sticky90_vpin055,bb9aa229a5884654,20260823,drive-sample-6e,True,,4.0
6E_Z1484,2026-06-09,2026-06-09 11:01:00+00:00,1,normal,0.0,1.0,0.0,0.6698066542464837,1,gate_tf_causal_bal_v2_feat10_sticky90_vpin055,bb9aa229a5884654,20260823,drive-sample-6e,True,,6.0
6E_Z1496,2026-06-09,2026-06-09 11:13:00+00:00,1,normal,0.0,1.0,0.0,0.5764305858704153,8,gate_tf_causal_bal_v2_feat10_sticky90_vpin055,bb9aa229a5884654,20260823,drive-sample-6e,True,,3.0
6E_Z1508,2026-06-09,2026-06-09 11:26:00+00:00,0,calmo,1.0,0.0,0.0,0.5670694175105939,1,gate_tf_causal_bal_v2_feat10_sticky90_vpin055,bb9aa229a5884654,20260823,drive-sample-6e,True,,5.0
6E_Z1520,2026-06-09,2026-06-09 11:39:00+00:00,1,normal,0.0,1.0,0.0,0.5678950896597956,3,gate_tf_causal_bal_v2_feat10_sticky90_vpin055,bb9aa229a5884654,20260823,drive-sample-6e,True,,2.0
6E_Z1532,2026-06-09,2026-06-09 11:51:00+00:00,0,calmo,1.0,0.0,0.0,0.582862175026437,0,gate_tf_causal_bal_v2_feat10_sticky90_vpin055,bb9aa229a5884654,20260823,drive-sample-6e,True,,4.0
6E_Z1544,2026-06-09,2026-06-09 12:03:00+00:00,2,volatil,0.0,0.0,1.0,0.6095056673942284,0,gate_tf_causal_bal_v2_feat10_sticky90_vpin055,bb9aa229a5884654,20260823,drive-sample-6e,True,,6.0
6E_Z1556,2026-06-09,2026-06-09 12:15:00+00:00,1,normal,0.0,1.0,0.0,0.602647702481724,3,gate_tf_causal_bal_v2_feat10_sticky90_vpin055,bb9aa229a5884654,20260823,drive-sample-6e,True,,3.0
6E_Z1568,2026-06-09,2026-06-09 12:27:00+00:00,0,calmo,1.0,0.0,0.0,0.4876380718913703,2,gate_tf_causal_bal_v2_feat10_sticky90_vpin055,bb9aa229a5884654,20260823,drive-sample-6e,True,,5.0
6E_Z1580,2026-06-09,2026-06-09 12:39:00+00:00,1,normal,0.0,1.0,0.0,0.5321225735912013,3,gate_tf_causal_bal_v2_feat10_sticky90_vpin055,bb9aa229a5884654,20260823,drive-sample-6e,True,,2.0
6E_Z1592,2026-06-09,2026-06-09 12:52:00+00:00,0,calmo,1.0,0.0,0.0,0.6182730771876014,0,gate_tf_causal_bal_v2_feat10_sticky90_vpin055,bb9aa229a5884654,20260823,drive-sample-6e,True,,4.0
6E_Z1604,2026-06-09,2026-06-09 13:07:00+00:00,2,volatil,0.0,0.0,1.0,0.5776382238027976,3,gate_tf_causal_bal_v2_feat10_sticky90_vpin055,bb9aa229a5884654,20260823,drive-sample-6e,True,,6.0
6E_Z1616,2026-06-09,2026-06-09 13:19:00+00:00,1,normal,0.0,1.0,0.0,0.461407577414492,0,gate_tf_causal_bal_v2_feat10_sticky90_vpin055,bb9aa229a5884654,20260823,drive-sample-6e,True,,3.0
6E_Z1628,2026-06-09,2026-06-09 13:31:00+00:00,1,normal,0.0,1.0,0.0,0.3719150117572725,3,gate_tf_causal_bal_v2_feat10_sticky90_vpin055,bb9aa229a5884654,20260823,drive-sample-6e,True,,5.0
6E_Z1640,2026-06-09,2026-06-09 13:43:00+00:00,2,volatil,0.0,0.0,1.0,0.3713465706998453,11,gate_tf_causal_bal_v2_feat10_sticky90_vpin055,bb9aa229a5884654,20260823,drive-sample-6e,True,,2.0
6E_Z1652,2026-06-09,2026-06-09 13:55:00+00:00,2,volatil,0.0,0.0,1.0,0.3199198497142828,23,gate_tf_causal_bal_v2_feat10_sticky90_vpin055,bb9aa229a5884654,20260823,drive-sample-6e,True,,4.0
6E_Z1664,2026-06-09,2026-06-09 14:07:00+00:00,2,volatil,0.0,0.0,1.0,0.3590599350235955,35,gate_tf_causal_bal_v2_feat10_sticky90_vpin055,bb9aa229a5884654,20260823,drive-sample-6e,True,,6.0
6E_Z1676,2026-06-09,2026-06-09 14:19:00+00:00,2,volatil,0.0,0.0,1.0,0.3863691370686763,47,gate_tf_causal_bal_v2_feat10_sticky90_vpin055,bb9aa229a5884654,20260823,drive-sample-6e,True,,3.0
6E_Z1688,2026-06-09,2026-06-09 14:31:00+00:00,2,volatil,0.0,0.0,1.0,0.3770820099703386,59,gate_tf_causal_bal_v2_feat10_sticky90_vpin055,bb9aa229a5884654,20260823,drive-sample-6e,True,,5.0
6E_Z1700,2026-06-09,2026-06-09 14:43:00+00:00,2,volatil,0.0,0.0,1.0,0.3485554669975799,71,gate_tf_causal_bal_v2_feat10_sticky90_vpin055,bb9aa229a5884654,20260823,drive-sample-6e,True,,2.0
6E_Z1712,2026-06-09,2026-06-09 14:55:00+00:00,2,volatil,0.0,0.0,1.0,0.3312714157064383,83,gate_tf_causal_bal_v2_feat10_sticky90_vpin055,bb9aa229a5884654,20260823,drive-sample-6e,True,,4.0
6E_Z1724,2026-06-09,2026-06-09 15:44:00+00:00,2,volatil,0.0,0.0,1.0,0.3684790663471046,95,gate_tf_causal_bal_v2_feat10_sticky90_vpin055,bb9aa229a5884654,20260823,drive-sample-6e,True,,6.0
6E_Z1736,2026-06-09,2026-06-09 15:56:00+00:00,2,volatil,0.0,0.0,1.0,0.3737278922971369,107,gate_tf_causal_bal_v2_feat10_sticky90_vpin055,bb9aa229a5884654,20260823,drive-sample-6e,True,,3.0
6E_Z1748,2026-06-09,2026-06-09 16:08:00+00:00,2,volatil,0.0,0.0,1.0,0.3784274598707425,0,gate_tf_causal_bal_v2_feat10_sticky90_vpin055,bb9aa229a5884654,20260823,drive-sample-6e,True,,5.0
6E_Z1760,2026-06-09,2026-06-09 16:20:00+00:00,2,volatil,0.0,0.0,1.0,0.359618649730371,12,gate_tf_causal_bal_v2_feat10_sticky90_vpin055,bb9aa229a5884654,20260823,drive-sample-6e,True,,2.0
6E_Z1772,2026-06-09,2026-06-09 16:32:00+00:00,2,volatil,0.0,0.0,1.0,0.3474457037729204,24,gate_tf_causal_bal_v2_feat10_sticky90_vpin055,bb9aa229a5884654,20260823,drive-sample-6e,True,,4.0
6E_Z1784,2026-06-09,2026-06-09 16:44:00+00:00,2,volatil,0.0,0.0,1.0,0.287712087436021,36,gate_tf_causal_bal_v2_feat10_sticky90_vpin055,bb9aa229a5884654,20260823,drive-sample-6e,True,,6.0
6E_Z1796,2026-06-09,2026-06-09 16:56:00+00:00,2,volatil,0.0,0.0,1.0,0.2374088001879571,48,gate_tf_causal_bal_v2_feat10_sticky90_vpin055,bb9aa229a5884654,20260823,drive-sample-6e,True,,3.0
6E_Z1808,2026-06-09,2026-06-09 17:08:00+00:00,2,volatil,0.0,0.0,1.0,0.2685450587776485,60,gate_tf_causal_bal_v2_feat10_sticky90_vpin055,bb9aa229a5884654,20260823,drive-sample-6e,True,,5.0
6E_Z1820,2026-06-09,2026-06-09 17:20:00+00:00,2,volatil,0.0,0.0,1.0,0.36935800516619,72,gate_tf_causal_bal_v2_feat10_sticky90_vpin055,bb9aa229a5884654,20260823,drive-sample-6e,True,,2.0
6E_Z1832,2026-06-09,2026-06-09 17:32:00+00:00,2,volatil,0.0,0.0,1.0,0.4639303052662808,84,gate_tf_causal_bal_v2_feat10_sticky90_vpin055,bb9aa229a5884654,20260823,drive-sample-6e,True,,4.0
6E_Z1844,2026-06-09,2026-06-09 17:44:00+00:00,2,volatil,0.0,0.0,1.0,0.4547679870616505,96,gate_tf_causal_bal_v2_feat10_sticky90_vpin055,bb9aa229a5884654,20260823,drive-sample-6e,True,,6.0
6E_Z1856,2026-06-09,2026-06-09 17:56:00+00:00,2,volatil,0.0,0.0,1.0,0.4680342576677151,108,gate_tf_causal_bal_v2_feat10_sticky90_vpin055,bb9aa229a5884654,20260823,drive-sample-6e,True,,3.0
6E_Z1868,2026-06-09,2026-06-09 18:09:00+00:00,1,normal,0.0,1.0,0.0,0.5351127746592771,0,gate_tf_causal_bal_v2_feat10_sticky90_vpin055,bb9aa229a5884654,20260823,drive-sample-6e,True,,5.0
6E_Z1880,2026-06-09,2026-06-09 18:21:00+00:00,1,normal,0.0,1.0,0.0,0.5794914845503081,3,gate_tf_causal_bal_v2_feat10_sticky90_vpin055,bb9aa229a5884654,20260823,drive-sample-6e,True,,2.0
6E_Z1892,2026-06-09,2026-06-09 18:34:00+00:00,1,normal,0.0,1.0,0.0,0.5176844923023414,1,gate_tf_causal_bal_v2_feat10_sticky90_vpin055,bb9aa229a5884654,20260823,drive-sample-6e,True,,4.0
6E_Z1904,2026-06-09,2026-06-09 18:46:00+00:00,0,calmo,1.0,0.0,0.0,0.4015347039917424,6,gate_tf_causal_bal_v2_feat10_sticky90_vpin055,bb9aa229a5884654,20260823,drive-sample-6e,True,,6.0
6E_Z1916,2026-06-09,2026-06-09 18:58:00+00:00,0,calmo,1.0,0.0,0.0,0.3480187193606683,18,gate_tf_causal_bal_v2_feat10_sticky90_vpin055,bb9aa229a5884654,20260823,drive-sample-6e,True,,3.0
6E_Z1928,2026-06-09,2026-06-09 19:10:00+00:00,1,normal,0.0,1.0,0.0,0.3694320431998152,3,gate_tf_causal_bal_v2_feat10_sticky90_vpin055,bb9aa229a5884654,20260823,drive-sample-6e,True,,5.0
6E_Z1940,2026-06-09,2026-06-09 19:22:00+00:00,0,calmo,1.0,0.0,0.0,0.4100954039421832,1,gate_tf_causal_bal_v2_feat10_sticky90_vpin055,bb9aa229a5884654,20260823,drive-sample-6e,True,,2.0
6E_Z1952,2026-06-09,2026-06-09 19:34:00+00:00,0,calmo,1.0,0.0,0.0,0.4934489942839205,13,gate_tf_causal_bal_v2_feat10_sticky90_vpin055,bb9aa229a5884654,20260823,drive-sample-6e,True,,4.0
6E_Z1964,2026-06-09,2026-06-09 19:46:00+00:00,0,calmo,1.0,0.0,0.0,0.4738511395429782,25,gate_tf_causal_bal_v2_feat10_sticky90_vpin055,bb9aa229a5884654,20260823,drive-sample-6e,True,,6.0
6E_Z1976,2026-06-09,2026-06-09 19:58:00+00:00,2,volatil,0.0,0.0,1.0,0.4132267419368088,0,gate_tf_causal_bal_v2_feat10_sticky90_vpin055,bb9aa229a5884654,20260823,drive-sample-6e,True,,3.0
6E_Z1988,2026-06-09,2026-06-09 20:11:00+00:00,1,normal,0.0,1.0,0.0,0.4037348278308596,5,gate_tf_causal_bal_v2_feat10_sticky90_vpin055,bb9aa229a5884654,20260823,drive-sample-6e,True,,5.0
6E_Z2000,2026-06-09,2026-06-09 20:30:00+00:00,0,calmo,1.0,0.0,0.0,0.6093690197112043,3,gate_tf_causal_bal_v2_feat10_sticky90_vpin055,bb9aa229a5884654,20260823,drive-sample-6e,True,,2.0
6E_Z2012,2026-06-09,2026-06-09 20:51:00+00:00,0,calmo,1.0,0.0,0.0,0.7671312260536399,15,gate_tf_causal_bal_v2_feat10_sticky90_vpin055,bb9aa229a5884654,20260823,drive-sample-6e,True,,4.0
6E_Z2024,2026-06-09,2026-06-09 22:14:00+00:00,2,volatil,0.0,0.0,1.0,0.7953256704980843,3,gate_tf_causal_bal_v2_feat10_sticky90_vpin055,bb9aa229a5884654,20260823,drive-sample-6e,True,,6.0
6E_Z2036,2026-06-09,2026-06-09 22:52:00+00:00,2,volatil,0.0,0.0,1.0,0.8433054684778823,3,gate_tf_causal_bal_v2_feat10_sticky90_vpin055,bb9aa229a5884654,20260823,drive-sample-6e,True,,3.0
6E_Z2048,2026-06-09,2026-06-09 23:29:00+00:00,0,calmo,1.0,0.0,0.0,0.8744503862150921,0,gate_tf_causal_bal_v2_feat10_sticky90_vpin055,bb9aa229a5884654,20260823,drive-sample-6e,True,,5.0
6E_Z2060,2026-06-09,2026-06-09 23:57:00+00:00,0,calmo,1.0,0.0,0.0,0.8280578898225956,3,gate_tf_causal_bal_v2_feat10_sticky90_vpin055,bb9aa229a5884654,20260823,drive-sample-6e,True,,2.0
6E_Z2072,2026-06-10,2026-06-10 00:10:00+00:00,1,normal,0.0,1.0,0.0,0.7376568873163301,7,gate_tf_causal_bal_v2_feat10_sticky90_vpin055,bb9aa229a5884654,20260823,drive-sample-6e,True,,4.0
6E_Z2084,2026-06-10,2026-06-10 00:23:00+00:00,1,normal,0.0,1.0,0.0,0.7044402673350042,19,gate_tf_causal_bal_v2_feat10_sticky90_vpin055,bb9aa229a5884654,20260823,drive-sample-6e,True,,6.0
6E_Z2096,2026-06-10,2026-06-10 00:40:00+00:00,1,normal,0.0,1.0,0.0,0.8465079365079365,3,gate_tf_causal_bal_v2_feat10_sticky90_vpin055,bb9aa229a5884654,20260823,drive-sample-6e,True,,3.0
6E_Z2108,2026-06-10,2026-06-10 00:57:00+00:00,2,volatil,0.0,0.0,1.0,0.7850264550264552,0,gate_tf_causal_bal_v2_feat10_sticky90_vpin055,bb9aa229a5884654,20260823,drive-sample-6e,True,,5.0
6E_Z2120,2026-06-10,2026-06-10 01:13:00+00:00,2,volatil,0.0,0.0,1.0,0.7190056702556703,12,gate_tf_causal_bal_v2_feat10_sticky90_vpin055,bb9aa229a5884654,20260823,drive-sample-6e,True,,2.0
6E_Z2132,2026-06-10,2026-06-10 01:30:00+00:00,2,volatil,0.0,0.0,1.0,0.6986239620168192,6,gate_tf_causal_bal_v2_feat10_sticky90_vpin055,bb9aa229a5884654,20260823,drive-sample-6e,True,,4.0
6E_Z2144,2026-06-10,2026-06-10 01:49:00+00:00,1,normal,0.0,1.0,0.0,0.782680969823827,0,gate_tf_causal_bal_v2_feat10_sticky90_vpin055,bb9aa229a5884654,20260823,drive-sample-6e,True,,6.0
6E_Z2156,2026-06-10,2026-06-10 02:07:00+00:00,2,volatil,0.0,0.0,1.0,0.7570676942105513,1,gate_tf_causal_bal_v2_feat10_sticky90_vpin055,bb9aa229a5884654,20260823,drive-sample-6e,True,,3.0
6E_Z2168,2026-06-10,2026-06-10 02:27:00+00:00,0,calmo,1.0,0.0,0.0,0.7869996669996671,5,gate_tf_causal_bal_v2_feat10_sticky90_vpin055,bb9aa229a5884654,20260823,drive-sample-6e,True,,5.0
6E_Z2180,2026-06-10,2026-06-10 02:50:00+00:00,1,normal,0.0,1.0,0.0,0.8809523809523809,11,gate_tf_causal_bal_v2_feat10_sticky90_vpin055,bb9aa229a5884654,20260823,drive-sample-6e,True,,2.0
6E_Z2192,2026-06-10,2026-06-10 03:05:00+00:00,0,calmo,1.0,0.0,0.0,0.9473196881091616,7,gate_tf_causal_bal_v2_feat10_sticky90_vpin055,bb9aa229a5884654,20260823,drive-sample-6e,True,,4.0
6E_Z2204,2026-06-10,2026-06-10 03:19:00+00:00,1,normal,0.0,1.0,0.0,0.8635401531431861,1,gate_tf_causal_bal_v2_feat10_sticky90_vpin055,bb9aa229a5884654,20260823,drive-sample-6e,True,,6.0
6E_Z2216,2026-06-10,2026-06-10 03:40:00+00:00,0,calmo,1.0,0.0,0.0,0.8134426872562467,0,gate_tf_causal_bal_v2_feat10_sticky90_vpin055,bb9aa229a5884654,20260823,drive-sample-6e,True,,3.0
6E_Z2228,2026-06-10,2026-06-10 03:57:00+00:00,2,volatil,0.0,0.0,1.0,0.815172425383693,2,gate_tf_causal_bal_v2_feat10_sticky90_vpin055,bb9aa229a5884654,20260823,drive-sample-6e,True,,5.0
6E_Z2240,2026-06-10,2026-06-10 04:27:00+00:00,1,normal,0.0,1.0,0.0,0.837117147328415,0,gate_tf_causal_bal_v2_feat10_sticky90_vpin055,bb9aa229a5884654,20260823,drive-sample-6e,True,,2.0
6E_Z2252,2026-06-10,2026-06-10 04:53:00+00:00,2,volatil,0.0,0.0,1.0,0.7037477389590064,0,gate_tf_causal_bal_v2_feat10_sticky90_vpin055,bb9aa229a5884654,20260823,drive-sample-6e,True,,4.0
6E_Z2264,2026-06-10,2026-06-10 05:13:00+00:00,1,normal,0.0,1.0,0.0,0.704963924963925,1,gate_tf_causal_bal_v2_feat10_sticky90_vpin055,bb9aa229a5884654,20260823,drive-sample-6e,True,,6.0
6E_Z2276,2026-06-10,2026-06-10 05:33:00+00:00,1,normal,0.0,1.0,0.0,0.7176719576719577,13,gate_tf_causal_bal_v2_feat10_sticky90_vpin055,bb9aa229a5884654,20260823,drive-sample-6e,True,,3.0
6E_Z2288,2026-06-10,2026-06-10 05:50:00+00:00,1,normal,0.0,1.0,0.0,0.844021164021164,5,gate_tf_causal_bal_v2_feat10_sticky90_vpin055,bb9aa229a5884654,20260823,drive-sample-6e,True,,5.0
6E_Z2300,2026-06-10,2026-06-10 06:09:00+00:00,0,calmo,1.0,0.0,0.0,0.7565471592677474,2,gate_tf_causal_bal_v2_feat10_sticky90_vpin055,bb9aa229a5884654,20260823,drive-sample-6e,True,,2.0
6E_Z2312,2026-06-10,2026-06-10 06:22:00+00:00,2,volatil,0.0,0.0,1.0,0.7347600208963395,2,gate_tf_causal_bal_v2_feat10_sticky90_vpin055,bb9aa229a5884654,20260823,drive-sample-6e,True,,4.0
6E_Z2324,2026-06-10,2026-06-10 06:40:00+00:00,1,normal,0.0,1.0,0.0,0.6451899150762337,6,gate_tf_causal_bal_v2_feat10_sticky90_vpin055,bb9aa229a5884654,20260823,drive-sample-6e,True,,6.0
6E_Z2336,2026-06-10,2026-06-10 06:53:00+00:00,1,normal,0.0,1.0,0.0,0.7189033189033189,18,gate_tf_causal_bal_v2_feat10_sticky90_vpin055,bb9aa229a5884654,20260823,drive-sample-6e,True,,3.0
6E_Z2348,2026-06-10,2026-06-10 07:06:00+00:00,2,volatil,0.0,0.0,1.0,0.645014781097157,7,gate_tf_causal_bal_v2_feat10_sticky90_vpin055,bb9aa229a5884654,20260823,drive-sample-6e,True,,5.0
6E_Z2360,2026-06-10,2026-06-10 07:18:00+00:00,1,normal,0.0,1.0,0.0,0.5910772867168316,6,gate_tf_causal_bal_v2_feat10_sticky90_vpin055,bb9aa229a5884654,20260823,drive-sample-6e,True,,2.0
6E_Z2372,2026-06-10,2026-06-10 07:30:00+00:00,1,normal,0.0,1.0,0.0,0.5822159947586747,1,gate_tf_causal_bal_v2_feat10_sticky90_vpin055,bb9aa229a5884654,20260823,drive-sample-6e,True,,4.0
6E_Z2384,2026-06-10,2026-06-10 07:42:00+00:00,0,calmo,1.0,0.0,0.0,0.6049884785795874,3,gate_tf_causal_bal_v2_feat10_sticky90_vpin055,bb9aa229a5884654,20260823,drive-sample-6e,True,,6.0
6E_Z2396,2026-06-10,2026-06-10 07:54:00+00:00,0,calmo,1.0,0.0,0.0,0.4914803055271302,15,gate_tf_causal_bal_v2_feat10_sticky90_vpin055,bb9aa229a5884654,20260823,drive-sample-6e,True,,3.0
6E_Z2408,2026-06-10,2026-06-10 08:07:00+00:00,1,normal,0.0,1.0,0.0,0.4079789622104653,7,gate_tf_causal_bal_v2_feat10_sticky90_vpin055,bb9aa229a5884654,20260823,drive-sample-6e,True,,5.0
6E_Z2420,2026-06-10,2026-06-10 08:19:00+00:00,1,normal,0.0,1.0,0.0,0.3589081890706264,2,gate_tf_causal_bal_v2_feat10_sticky90_vpin055,bb9aa229a5884654,20260823,drive-sample-6e,True,,2.0
6E_Z2432,2026-06-10,2026-06-10 08:31:00+00:00,1,normal,0.0,1.0,0.0,0.3365027438648864,6,gate_tf_causal_bal_v2_feat10_sticky90_vpin055,bb9aa229a5884654,20260823,drive-sample-6e,True,,4.0
6E_Z2444,2026-06-10,2026-06-10 08:45:00+00:00,0,calmo,1.0,0.0,0.0,0.4082645616974971,0,gate_tf_causal_bal_v2_feat10_sticky90_vpin055,bb9aa229a5884654,20260823,drive-sample-6e,True,,6.0
6E_Z2456,2026-06-10,2026-06-10 08:57:00+00:00,1,normal,0.0,1.0,0.0,0.4124984480728187,10,gate_tf_causal_bal_v2_feat10_sticky90_vpin055,bb9aa229a5884654,20260823,drive-sample-6e,True,,3.0
6E_Z2468,2026-06-10,2026-06-10 09:09:00+00:00,2,volatil,0.0,0.0,1.0,0.4055461073410681,0,gate_tf_causal_bal_v2_feat10_sticky90_vpin055,bb9aa229a5884654,20260823,drive-sample-6e,True,,5.0
6E_Z2480,2026-06-10,2026-06-10 09:21:00+00:00,2,volatil,0.0,0.0,1.0,0.4210127968307419,12,gate_tf_causal_bal_v2_feat10_sticky90_vpin055,bb9aa229a5884654,20260823,drive-sample-6e,True,,2.0
6E_Z2492,2026-06-10,2026-06-10 09:33:00+00:00,1,normal,0.0,1.0,0.0,0.4647241354220925,3,gate_tf_causal_bal_v2_feat10_sticky90_vpin055,bb9aa229a5884654,20260823,drive-sample-6e,True,,4.0
6E_Z2504,2026-06-10,2026-06-10 09:45:00+00:00,2,volatil,0.0,0.0,1.0,0.4615653766289318,10,gate_tf_causal_bal_v2_feat10_sticky90_vpin055,bb9aa229a5884654,20260823,drive-sample-6e,True,,6.0
6E_Z2516,2026-06-10,2026-06-10 09:57:00+00:00,1,normal,0.0,1.0,0.0,0.4732839476142446,7,gate_tf_causal_bal_v2_feat10_sticky90_vpin055,bb9aa229a5884654,20260823,drive-sample-6e,True,,3.0
6E_Z2528,2026-06-10,2026-06-10 10:09:00+00:00,2,volatil,0.0,0.0,1.0,0.5070583089468381,1,gate_tf_causal_bal_v2_feat10_sticky90_vpin055,bb9aa229a5884654,20260823,drive-sample-6e,True,,5.0
6E_Z2540,2026-06-10,2026-06-10 10:21:00+00:00,1,normal,0.0,1.0,0.0,0.5081171878384791,1,gate_tf_causal_bal_v2_feat10_sticky90_vpin055,bb9aa229a5884654,20260823,drive-sample-6e,True,,2.0
6E_Z2552,2026-06-10,2026-06-10 10:35:00+00:00,1,normal,0.0,1.0,0.0,0.4328879171113981,13,gate_tf_causal_bal_v2_feat10_sticky90_vpin055,bb9aa229a5884654,20260823,drive-sample-6e,True,,4.0
6E_Z2564,2026-06-10,2026-06-10 10:49:00+00:00,1,normal,0.0,1.0,0.0,0.5115214746268805,25,gate_tf_causal_bal_v2_feat10_sticky90_vpin055,bb9aa229a5884654,20260823,drive-sample-6e,True,,6.0
6E_Z2576,2026-06-10,2026-06-10 11:01:00+00:00,1,normal,0.0,1.0,0.0,0.4461842340450491,37,gate_tf_causal_bal_v2_feat10_sticky90_vpin055,bb9aa229a5884654,20260823,drive-sample-6e,True,,3.0
6E_Z2588,2026-06-10,2026-06-10 11:13:00+00:00,2,volatil,0.0,0.0,1.0,0.3079919451247341,10,gate_tf_causal_bal_v2_feat10_sticky90_vpin055,bb9aa229a5884654,20260823,drive-sample-6e,True,,5.0
6E_Z2600,2026-06-10,2026-06-10 11:25:00+00:00,2,volatil,0.0,0.0,1.0,0.2672939880494589,0,gate_tf_causal_bal_v2_feat10_sticky90_vpin055,bb9aa229a5884654,20260823,drive-sample-6e,True,,2.0
6E_Z2612,2026-06-10,2026-06-10 11:37:00+00:00,2,volatil,0.0,0.0,1.0,0.3680362372170637,12,gate_tf_causal_bal_v2_feat10_sticky90_vpin055,bb9aa229a5884654,20260823,drive-sample-6e,True,,4.0
6E_Z2624,2026-06-10,2026-06-10 11:49:00+00:00,2,volatil,0.0,0.0,1.0,0.4009888546931221,24,gate_tf_causal_bal_v2_feat10_sticky90_vpin055,bb9aa229a5884654,20260823,drive-sample-6e,True,,6.0
6E_Z2636,2026-06-10,2026-06-10 12:01:00+00:00,2,volatil,0.0,0.0,1.0,0.4316022910062888,36,gate_tf_causal_bal_v2_feat10_sticky90_vpin055,bb9aa229a5884654,20260823,drive-sample-6e,True,,3.0
6E_Z2648,2026-06-10,2026-06-10 12:14:00+00:00,2,volatil,0.0,0.0,1.0,0.4173663237431945,0,gate_tf_causal_bal_v2_feat10_sticky90_vpin055,bb9aa229a5884654,20260823,drive-sample-6e,True,,5.0
6E_Z2660,2026-06-10,2026-06-10 12:26:00+00:00,1,normal,0.0,1.0,0.0,0.4252344766771055,5,gate_tf_causal_bal_v2_feat10_sticky90_vpin055,bb9aa229a5884654,20260823,drive-sample-6e,True,,2.0
6E_Z2672,2026-06-10,2026-06-10 12:38:00+00:00,2,volatil,0.0,0.0,1.0,0.3824722238712857,8,gate_tf_causal_bal_v2_feat10_sticky90_vpin055,bb9aa229a5884654,20260823,drive-sample-6e,True,,4.0
6E_Z2684,2026-06-10,2026-06-10 12:50:00+00:00,2,volatil,0.0,0.0,1.0,0.3273588113272165,20,gate_tf_causal_bal_v2_feat10_sticky90_vpin055,bb9aa229a5884654,20260823,drive-sample-6e,True,,6.0
6E_Z2696,2026-06-10,2026-06-10 13:02:00+00:00,2,volatil,0.0,0.0,1.0,0.3245554569265419,32,gate_tf_causal_bal_v2_feat10_sticky90_vpin055,bb9aa229a5884654,20260823,drive-sample-6e,True,,3.0
6E_Z2708,2026-06-10,2026-06-10 13:14:00+00:00,2,volatil,0.0,0.0,1.0,0.3738748923464722,44,gate_tf_causal_bal_v2_feat10_sticky90_vpin055,bb9aa229a5884654,20260823,drive-sample-6e,True,,5.0
6E_Z2720,2026-06-10,2026-06-10 13:26:00+00:00,1,normal,0.0,1.0,0.0,0.4638667196293872,0,gate_tf_causal_bal_v2_feat10_sticky90_vpin055,bb9aa229a5884654,20260823,drive-sample-6e,True,,2.0
6E_Z2732,2026-06-10,2026-06-10 13:38:00+00:00,2,volatil,0.0,0.0,1.0,0.4273845943592759,10,gate_tf_causal_bal_v2_feat10_sticky90_vpin055,bb9aa229a5884654,20260823,drive-sample-6e,True,,4.0
6E_Z2744,2026-06-10,2026-06-10 13:50:00+00:00,2,volatil,0.0,0.0,1.0,0.3312235646093093,22,gate_tf_causal_bal_v2_feat10_sticky90_vpin055,bb9aa229a5884654,20260823,drive-sample-6e,True,,6.0
6E_Z2756,2026-06-10,2026-06-10 14:02:00+00:00,2,volatil,0.0,0.0,1.0,0.3107543523179143,34,gate_tf_causal_bal_v2_feat10_sticky90_vpin055,bb9aa229a5884654,20260823,drive-sample-6e,True,,3.0
6E_Z2768,2026-06-10,2026-06-10 14:14:00+00:00,2,volatil,0.0,0.0,1.0,0.4014629120754461,0,gate_tf_causal_bal_v2_feat10_sticky90_vpin055,bb9aa229a5884654,20260823,drive-sample-6e,True,,5.0
6E_Z2780,2026-06-10,2026-06-10 14:26:00+00:00,2,volatil,0.0,0.0,1.0,0.364852766116467,12,gate_tf_causal_bal_v2_feat10_sticky90_vpin055,bb9aa229a5884654,20260823,drive-sample-6e,True,,2.0
6E_Z2792,2026-06-10,2026-06-10 14:38:00+00:00,2,volatil,0.0,0.0,1.0,0.3457348489427289,24,gate_tf_causal_bal_v2_feat10_sticky90_vpin055,bb9aa229a5884654,20260823,drive-sample-6e,True,,4.0
6E_Z2804,2026-06-10,2026-06-10 14:50:00+00:00,2,volatil,0.0,0.0,1.0,0.4149631827475193,6,gate_tf_causal_bal_v2_feat10_sticky90_vpin055,bb9aa229a5884654,20260823,drive-sample-6e,True,,6.0
6E_Z2816,2026-06-10,2026-06-10 15:02:00+00:00,2,volatil,0.0,0.0,1.0,0.4513346546300383,10,gate_tf_causal_bal_v2_feat10_sticky90_vpin055,bb9aa229a5884654,20260823,drive-sample-6e,True,,3.0
6E_Z2828,2026-06-10,2026-06-10 15:14:00+00:00,2,volatil,0.0,0.0,1.0,0.3722122091727159,22,gate_tf_causal_bal_v2_feat10_sticky90_vpin055,bb9aa229a5884654,20260823,drive-sample-6e,True,,5.0
6E_Z2840,2026-06-10,2026-06-10 15:26:00+00:00,2,volatil,0.0,0.0,1.0,0.3328483061821797,34,gate_tf_causal_bal_v2_feat10_sticky90_vpin055,bb9aa229a5884654,20260823,drive-sample-6e,True,,2.0
6E_Z2852,2026-06-10,2026-06-10 15:38:00+00:00,2,volatil,0.0,0.0,1.0,0.3791842752182673,1,gate_tf_causal_bal_v2_feat10_sticky90_vpin055,bb9aa229a5884654,20260823,drive-sample-6e,True,,4.0
6E_Z2864,2026-06-10,2026-06-10 15:50:00+00:00,2,volatil,0.0,0.0,1.0,0.3686624331390494,13,gate_tf_causal_bal_v2_feat10_sticky90_vpin055,bb9aa229a5884654,20260823,drive-sample-6e,True,,6.0
6E_Z2876,2026-06-10,2026-06-10 16:02:00+00:00,2,volatil,0.0,0.0,1.0,0.3994945755118664,25,gate_tf_causal_bal_v2_feat10_sticky90_vpin055,bb9aa229a5884654,20260823,drive-sample-6e,True,,3.0
6E_Z2888,2026-06-10,2026-06-10 16:14:00+00:00,2,volatil,0.0,0.0,1.0,0.4013142326491557,37,gate_tf_causal_bal_v2_feat10_sticky90_vpin055,bb9aa229a5884654,20260823,drive-sample-6e,True,,5.0
6E_Z2900,2026-06-10,2026-06-10 16:26:00+00:00,2,volatil,0.0,0.0,1.0,0.5163195999951156,49,gate_tf_causal_bal_v2_feat10_sticky90_vpin055,bb9aa229a5884654,20260823,drive-sample-6e,True,,2.0
6E_Z2912,2026-06-10,2026-06-10 16:38:00+00:00,1,normal,0.0,1.0,0.0,0.5773957973857001,0,gate_tf_causal_bal_v2_feat10_sticky90_vpin055,bb9aa229a5884654,20260823,drive-sample-6e,True,,4.0
6E_Z2924,2026-06-10,2026-06-10 16:50:00+00:00,1,normal,0.0,1.0,0.0,0.683870502853451,5,gate_tf_causal_bal_v2_feat10_sticky90_vpin055,bb9aa229a5884654,20260823,drive-sample-6e,True,,6.0
6E_Z2936,2026-06-10,2026-06-10 17:04:00+00:00,1,normal,0.0,1.0,0.0,0.6498619743054105,17,gate_tf_causal_bal_v2_feat10_sticky90_vpin055,bb9aa229a5884654,20260823,drive-sample-6e,True,,3.0
6E_Z2948,2026-06-10,2026-06-10 17:16:00+00:00,2,volatil,0.0,0.0,1.0,0.7278242065451999,8,gate_tf_causal_bal_v2_feat10_sticky90_vpin055,bb9aa229a5884654,20260823,drive-sample-6e,True,,5.0
6E_Z2960,2026-06-10,2026-06-10 17:29:00+00:00,0,calmo,1.0,0.0,0.0,0.7171261774563662,3,gate_tf_causal_bal_v2_feat10_sticky90_vpin055,bb9aa229a5884654,20260823,drive-sample-6e,True,,2.0
6E_Z2972,2026-06-10,2026-06-10 17:42:00+00:00,2,volatil,0.0,0.0,1.0,0.667694845114817,0,gate_tf_causal_bal_v2_feat10_sticky90_vpin055,bb9aa229a5884654,20260823,drive-sample-6e,True,,4.0
6E_Z2984,2026-06-10,2026-06-10 17:54:00+00:00,2,volatil,0.0,0.0,1.0,0.504105819859286,9,gate_tf_causal_bal_v2_feat10_sticky90_vpin055,bb9aa229a5884654,20260823,drive-sample-6e,True,,6.0
6E_Z2996,2026-06-10,2026-06-10 18:06:00+00:00,1,normal,0.0,1.0,0.0,0.5141987027167885,0,gate_tf_causal_bal_v2_feat10_sticky90_vpin055,bb9aa229a5884654,20260823,drive-sample-6e,True,,3.0
6E_Z3008,2026-06-10,2026-06-10 18:18:00+00:00,0,calmo,1.0,0.0,0.0,0.5674981412670009,0,gate_tf_causal_bal_v2_feat10_sticky90_vpin055,bb9aa229a5884654,20260823,drive-sample-6e,True,,5.0
6E_Z3020,2026-06-10,2026-06-10 18:30:00+00:00,1,normal,0.0,1.0,0.0,0.6139019304367203,11,gate_tf_causal_bal_v2_feat10_sticky90_vpin055,bb9aa229a5884654,20260823,drive-sample-6e,True,,2.0
6E_Z3032,2026-06-10,2026-06-10 18:42:00+00:00,0,calmo,1.0,0.0,0.0,0.6563590503567306,2,gate_tf_causal_bal_v2_feat10_sticky90_vpin055,bb9aa229a5884654,20260823,drive-sample-6e,True,,4.0
6E_Z3044,2026-06-10,2026-06-10 18:54:00+00:00,2,volatil,0.0,0.0,1.0,0.6535770421259499,4,gate_tf_causal_bal_v2_feat10_sticky90_vpin055,bb9aa229a5884654,20260823,drive-sample-6e,True,,6.0
6E_Z3056,2026-06-10,2026-06-10 19:06:00+00:00,1,normal,0.0,1.0,0.0,0.5840585914586452,1,gate_tf_causal_bal_v2_feat10_sticky90_vpin055,bb9aa229a5884654,20260823,drive-sample-6e,True,,3.0
6E_Z3068,2026-06-10,2026-06-10 19:20:00+00:00,1,normal,0.0,1.0,0.0,0.5737894706026601,13,gate_tf_causal_bal_v2_feat10_sticky90_vpin055,bb9aa229a5884654,20260823,drive-sample-6e,True,,5.0
6E_Z3080,2026-06-10,2026-06-10 19:32:00+00:00,0,calmo,1.0,0.0,0.0,0.6536737145126812,8,gate_tf_causal_bal_v2_feat10_sticky90_vpin055,bb9aa229a5884654,20260823,drive-sample-6e,True,,2.0
6E_Z3092,2026-06-10,2026-06-10 19:44:00+00:00,0,calmo,1.0,0.0,0.0,0.6393080552446124,20,gate_tf_causal_bal_v2_feat10_sticky90_vpin055,bb9aa229a5884654,20260823,drive-sample-6e,True,,4.0
6E_Z3104,2026-06-10,2026-06-10 19:57:00+00:00,1,normal,0.0,1.0,0.0,0.7383606078375332,8,gate_tf_causal_bal_v2_feat10_sticky90_vpin055,bb9aa229a5884654,20260823,drive-sample-6e,True,,6.0
6E_Z3116,2026-06-10,2026-06-10 20:09:00+00:00,0,calmo,1.0,0.0,0.0,0.7043672756856907,10,gate_tf_causal_bal_v2_feat10_sticky90_vpin055,bb9aa229a5884654,20260823,drive-sample-6e,True,,3.0
6E_Z3128,2026-06-10,2026-06-10 20:24:00+00:00,0,calmo,1.0,0.0,0.0,0.7099509844404686,1,gate_tf_causal_bal_v2_feat10_sticky90_vpin055,bb9aa229a5884654,20260823,drive-sample-6e,True,,5.0
6E_Z3140,2026-06-10,2026-06-10 20:40:00+00:00,0,calmo,1.0,0.0,0.0,0.7175642984466515,9,gate_tf_causal_bal_v2_feat10_sticky90_vpin055,bb9aa229a5884654,20260823,drive-sample-6e,True,,2.0
6E_Z3152,2026-06-10,2026-06-10 20:58:00+00:00,0,calmo,1.0,0.0,0.0,0.6828441034857079,21,gate_tf_causal_bal_v2_feat10_sticky90_vpin055,bb9aa229a5884654,20260823,drive-sample-6e,True,,4.0
6E_Z3164,2026-06-10,2026-06-10 22:14:00+00:00,2,volatil,0.0,0.0,1.0,0.6750393302314965,7,gate_tf_causal_bal_v2_feat10_sticky90_vpin055,bb9aa229a5884654,20260823,drive-sample-6e,True,,6.0
6E_Z3176,2026-06-10,2026-06-10 22:26:00+00:00,0,calmo,1.0,0.0,0.0,0.7556133986122363,4,gate_tf_causal_bal_v2_feat10_sticky90_vpin055,bb9aa229a5884654,20260823,drive-sample-6e,True,,3.0
6E_Z3188,2026-06-10,2026-06-10 22:38:00+00:00,0,calmo,1.0,0.0,0.0,0.7977500277500277,16,gate_tf_causal_bal_v2_feat10_sticky90_vpin055,bb9aa229a5884654,20260823,drive-sample-6e,True,,5.0
6E_Z3200,2026-06-10,2026-06-10 22:52:00+00:00,0,calmo,1.0,0.0,0.0,0.6449865877231606,28,gate_tf_causal_bal_v2_feat10_sticky90_vpin055,bb9aa229a5884654,20260823,drive-sample-6e,True,,2.0
6E_Z3212,2026-06-10,2026-06-10 23:04:00+00:00,1,normal,0.0,1.0,0.0,0.5749682727048456,9,gate_tf_causal_bal_v2_feat10_sticky90_vpin055,bb9aa229a5884654,20260823,drive-sample-6e,True,,4.0
6E_Z3224,2026-06-10,2026-06-10 23:16:00+00:00,0,calmo,1.0,0.0,0.0,0.5376752211337192,3,gate_tf_causal_bal_v2_feat10_sticky90_vpin055,bb9aa229a5884654,20260823,drive-sample-6e,True,,6.0
6E_Z3236,2026-06-10,2026-06-10 23:29:00+00:00,2,volatil,0.0,0.0,1.0,0.506198746485889,9,gate_tf_causal_bal_v2_feat10_sticky90_vpin055,bb9aa229a5884654,20260823,drive-sample-6e,True,,3.0
6E_Z3248,2026-06-10,2026-06-10 23:41:00+00:00,2,volatil,0.0,0.0,1.0,0.5237076279787278,21,gate_tf_causal_bal_v2_feat10_sticky90_vpin055,bb9aa229a5884654,20260823,drive-sample-6e,True,,5.0
6E_Z3260,2026-06-10,2026-06-10 23:55:00+00:00,0,calmo,1.0,0.0,0.0,0.5816161247107539,1,gate_tf_causal_bal_v2_feat10_sticky90_vpin055,bb9aa229a5884654,20260823,drive-sample-6e,True,,2.0
6E_Z3272,2026-06-11,2026-06-11 00:08:00+00:00,2,volatil,0.0,0.0,1.0,0.6508770239361894,5,gate_tf_causal_bal_v2_feat10_sticky90_vpin055,bb9aa229a5884654,20260823,drive-sample-6e,True,,4.0
6E_Z3284,2026-06-11,2026-06-11 00:20:00+00:00,2,volatil,0.0,0.0,1.0,0.5109842585326915,5,gate_tf_causal_bal_v2_feat10_sticky90_vpin055,bb9aa229a5884654,20260823,drive-sample-6e,True,,6.0
6E_Z3296,2026-06-11,2026-06-11 00:33:00+00:00,0,calmo,1.0,0.0,0.0,0.4501641527125856,2,gate_tf_causal_bal_v2_feat10_sticky90_vpin055,bb9aa229a5884654,20260823,drive-sample-6e,True,,3.0
6E_Z3308,2026-06-11,2026-06-11 00:46:00+00:00,1,normal,0.0,1.0,0.0,0.498677219250078,6,gate_tf_causal_bal_v2_feat10_sticky90_vpin055,bb9aa229a5884654,20260823,drive-sample-6e,True,,5.0
6E_Z3320,2026-06-11,2026-06-11 00:58:00+00:00,1,normal,0.0,1.0,0.0,0.51505291005291,18,gate_tf_causal_bal_v2_feat10_sticky90_vpin055,bb9aa229a5884654,20260823,drive-sample-6e,True,,2.0
6E_Z3332,2026-06-11,2026-06-11 01:10:00+00:00,2,volatil,0.0,0.0,1.0,0.5092538579223576,3,gate_tf_causal_bal_v2_feat10_sticky90_vpin055,bb9aa229a5884654,20260823,drive-sample-6e,True,,4.0
6E_Z3344,2026-06-11,2026-06-11 01:22:00+00:00,1,normal,0.0,1.0,0.0,0.5164389786558653,0,gate_tf_causal_bal_v2_feat10_sticky90_vpin055,bb9aa229a5884654,20260823,drive-sample-6e,True,,6.0
6E_Z3356,2026-06-11,2026-06-11 01:34:00+00:00,1,normal,0.0,1.0,0.0,0.5361304188059693,7,gate_tf_causal_bal_v2_feat10_sticky90_vpin055,bb9aa229a5884654,20260823,drive-sample-6e,True,,3.0
6E_Z3368,2026-06-11,2026-06-11 01:46:00+00:00,0,calmo,1.0,0.0,0.0,0.6129833187033614,0,gate_tf_causal_bal_v2_feat10_sticky90_vpin055,bb9aa229a5884654,20260823,drive-sample-6e,True,,5.0
6E_Z3380,2026-06-11,2026-06-11 01:58:00+00:00,0,calmo,1.0,0.0,0.0,0.6540694122412388,12,gate_tf_causal_bal_v2_feat10_sticky90_vpin055,bb9aa229a5884654,20260823,drive-sample-6e,True,,2.0
6E_Z3392,2026-06-11,2026-06-11 02:10:00+00:00,0,calmo,1.0,0.0,0.0,0.7087317372456691,24,gate_tf_causal_bal_v2_feat10_sticky90_vpin055,bb9aa229a5884654,20260823,drive-sample-6e,True,,4.0
6E_Z3404,2026-06-11,2026-06-11 02:26:00+00:00,1,normal,0.0,1.0,0.0,0.6774259074259075,9,gate_tf_causal_bal_v2_feat10_sticky90_vpin055,bb9aa229a5884654,20260823,drive-sample-6e,True,,6.0
6E_Z3416,2026-06-11,2026-06-11 02:43:00+00:00,0,calmo,1.0,0.0,0.0,0.6792909867909868,6,gate_tf_causal_bal_v2_feat10_sticky90_vpin055,bb9aa229a5884654,20260823,drive-sample-6e,True,,3.0
6E_Z3428,2026-06-11,2026-06-11 02:58:00+00:00,0,calmo,1.0,0.0,0.0,0.7501495726495726,18,gate_tf_causal_bal_v2_feat10_sticky90_vpin055,bb9aa229a5884654,20260823,drive-sample-6e,True,,5.0
6E_Z3440,2026-06-11,2026-06-11 03:17:00+00:00,1,normal,0.0,1.0,0.0,0.7914285714285715,8,gate_tf_causal_bal_v2_feat10_sticky90_vpin055,bb9aa229a5884654,20260823,drive-sample-6e,True,,2.0
6E_Z3452,2026-06-11,2026-06-11 03:35:00+00:00,0,calmo,1.0,0.0,0.0,0.7825396825396826,4,gate_tf_causal_bal_v2_feat10_sticky90_vpin055,bb9aa229a5884654,20260823,drive-sample-6e,True,,4.0
6E_Z3464,2026-06-11,2026-06-11 03:53:00+00:00,0,calmo,1.0,0.0,0.0,0.7653968253968254,16,gate_tf_causal_bal_v2_feat10_sticky90_vpin055,bb9aa229a5884654,20260823,drive-sample-6e,True,,6.0
6E_Z3476,2026-06-11,2026-06-11 04:07:00+00:00,0,calmo,1.0,0.0,0.0,0.7546626398838788,28,gate_tf_causal_bal_v2_feat10_sticky90_vpin055,bb9aa229a5884654,20260823,drive-sample-6e,True,,3.0
6E_Z3488,2026-06-11,2026-06-11 04:20:00+00:00,0,calmo,1.0,0.0,0.0,0.867620156223748,40,gate_tf_causal_bal_v2_feat10_sticky90_vpin055,bb9aa229a5884654,20260823,drive-sample-6e,True,,5.0
6E_Z3500,2026-06-11,2026-06-11 04:38:00+00:00,0,calmo,1.0,0.0,0.0,0.8824117073730077,52,gate_tf_causal_bal_v2_feat10_sticky90_vpin055,bb9aa229a5884654,20260823,drive-sample-6e,True,,2.0
6E_Z3512,2026-06-11,2026-06-11 04:51:00+00:00,0,calmo,1.0,0.0,0.0,0.8882547872950349,64,gate_tf_causal_bal_v2_feat10_sticky90_vpin055,bb9aa229a5884654,20260823,drive-sample-6e,True,,4.0
6E_Z3524,2026-06-11,2026-06-11 05:06:00+00:00,1,normal,0.0,1.0,0.0,0.7569674185463661,3,gate_tf_causal_bal_v2_feat10_sticky90_vpin055,bb9aa229a5884654,20260823,drive-sample-6e,True,,6.0
6E_Z3536,2026-06-11,2026-06-11 05:19:00+00:00,0,calmo,1.0,0.0,0.0,0.696031746031746,0,gate_tf_causal_bal_v2_feat10_sticky90_vpin055,bb9aa229a5884654,20260823,drive-sample-6e,True,,3.0
6E_Z3548,2026-06-11,2026-06-11 05:32:00+00:00,0,calmo,1.0,0.0,0.0,0.6703351768057649,12,gate_tf_causal_bal_v2_feat10_sticky90_vpin055,bb9aa229a5884654,20260823,drive-sample-6e,True,,5.0
6E_Z3560,2026-06-11,2026-06-11 05:45:00+00:00,0,calmo,1.0,0.0,0.0,0.7081129545835428,24,gate_tf_causal_bal_v2_feat10_sticky90_vpin055,bb9aa229a5884654,20260823,drive-sample-6e,True,,2.0
6E_Z3572,2026-06-11,2026-06-11 05:59:00+00:00,1,normal,0.0,1.0,0.0,0.5899430729354003,5,gate_tf_causal_bal_v2_feat10_sticky90_vpin055,bb9aa229a5884654,20260823,drive-sample-6e,True,,4.0
6E_Z3584,2026-06-11,2026-06-11 06:11:00+00:00,0,calmo,1.0,0.0,0.0,0.5659604857950328,1,gate_tf_causal_bal_v2_feat10_sticky90_vpin055,bb9aa229a5884654,20260823,drive-sample-6e,True,,6.0
6E_Z3596,2026-06-11,2026-06-11 06:23:00+00:00,1,normal,0.0,1.0,0.0,0.6603130533054951,11,gate_tf_causal_bal_v2_feat10_sticky90_vpin055,bb9aa229a5884654,20260823,drive-sample-6e,True,,3.0
6E_Z3608,2026-06-11,2026-06-11 06:36:00+00:00,0,calmo,1.0,0.0,0.0,0.5905861223154456,6,gate_tf_causal_bal_v2_feat10_sticky90_vpin055,bb9aa229a5884654,20260823,drive-sample-6e,True,,5.0
6E_Z3620,2026-06-11,2026-06-11 06:49:00+00:00,2,volatil,0.0,0.0,1.0,0.5363821363821365,3,gate_tf_causal_bal_v2_feat10_sticky90_vpin055,bb9aa229a5884654,20260823,drive-sample-6e,True,,2.0
6E_Z3632,2026-06-11,2026-06-11 07:01:00+00:00,2,volatil,0.0,0.0,1.0,0.5033140348929823,15,gate_tf_causal_bal_v2_feat10_sticky90_vpin055,bb9aa229a5884654,20260823,drive-sample-6e,True,,4.0
6E_Z3644,2026-06-11,2026-06-11 07:13:00+00:00,1,normal,0.0,1.0,0.0,0.4330689558426625,2,gate_tf_causal_bal_v2_feat10_sticky90_vpin055,bb9aa229a5884654,20260823,drive-sample-6e,True,,6.0
6E_Z3656,2026-06-11,2026-06-11 07:25:00+00:00,1,normal,0.0,1.0,0.0,0.3298364612536092,14,gate_tf_causal_bal_v2_feat10_sticky90_vpin055,bb9aa229a5884654,20260823,drive-sample-6e,True,,3.0
6E_Z3668,2026-06-11,2026-06-11 07:37:00+00:00,2,volatil,0.0,0.0,1.0,0.3877020031520083,0,gate_tf_causal_bal_v2_feat10_sticky90_vpin055,bb9aa229a5884654,20260823,drive-sample-6e,True,,5.0
6E_Z3680,2026-06-11,2026-06-11 07:49:00+00:00,0,calmo,1.0,0.0,0.0,0.4697377261961009,8,gate_tf_causal_bal_v2_feat10_sticky90_vpin055,bb9aa229a5884654,20260823,drive-sample-6e,True,,2.0
6E_Z3692,2026-06-11,2026-06-11 08:01:00+00:00,1,normal,0.0,1.0,0.0,0.4871563763686357,8,gate_tf_causal_bal_v2_feat10_sticky90_vpin055,bb9aa229a5884654,20260823,drive-sample-6e,True,,4.0
6E_Z3704,2026-06-11,2026-06-11 08:13:00+00:00,1,normal,0.0,1.0,0.0,0.5666597078692011,0,gate_tf_causal_bal_v2_feat10_sticky90_vpin055,bb9aa229a5884654,20260823,drive-sample-6e,True,,6.0
6E_Z3716,2026-06-11,2026-06-11 08:26:00+00:00,0,calmo,1.0,0.0,0.0,0.5519941939573735,1,gate_tf_causal_bal_v2_feat10_sticky90_vpin055,bb9aa229a5884654,20260823,drive-sample-6e,True,,3.0
6E_Z3728,2026-06-11,2026-06-11 08:38:00+00:00,1,normal,0.0,1.0,0.0,0.5465463040166468,6,gate_tf_causal_bal_v2_feat10_sticky90_vpin055,bb9aa229a5884654,20260823,drive-sample-6e,True,,5.0
6E_Z3740,2026-06-11,2026-06-11 08:50:00+00:00,0,calmo,1.0,0.0,0.0,0.5475481345919221,2,gate_tf_causal_bal_v2_feat10_sticky90_vpin055,bb9aa229a5884654,20260823,drive-sample-6e,True,,2.0
6E_Z3752,2026-06-11,2026-06-11 09:02:00+00:00,2,volatil,0.0,0.0,1.0,0.5166690974613531,6,gate_tf_causal_bal_v2_feat10_sticky90_vpin055,bb9aa229a5884654,20260823,drive-sample-6e,True,,4.0
6E_Z3764,2026-06-11,2026-06-11 09:14:00+00:00,1,normal,0.0,1.0,0.0,0.4764636464700403,2,gate_tf_causal_bal_v2_feat10_sticky90_vpin055,bb9aa229a5884654,20260823,drive-sample-6e,True,,6.0
6E_Z3776,2026-06-11,2026-06-11 09:26:00+00:00,2,volatil,0.0,0.0,1.0,0.4866405607290269,4,gate_tf_causal_bal_v2_feat10_sticky90_vpin055,bb9aa229a5884654,20260823,drive-sample-6e,True,,3.0
6E_Z3788,2026-06-11,2026-06-11 09:38:00+00:00,1,normal,0.0,1.0,0.0,0.4790510779962335,8,gate_tf_causal_bal_v2_feat10_sticky90_vpin055,bb9aa229a5884654,20260823,drive-sample-6e,True,,5.0
6E_Z3800,2026-06-11,2026-06-11 09:50:00+00:00,0,calmo,1.0,0.0,0.0,0.4536125034985468,11,gate_tf_causal_bal_v2_feat10_sticky90_vpin055,bb9aa229a5884654,20260823,drive-sample-6e,True,,2.0
6E_Z3812,2026-06-11,2026-06-11 10:02:00+00:00,1,normal,0.0,1.0,0.0,0.5052429085519241,5,gate_tf_causal_bal_v2_feat10_sticky90_vpin055,bb9aa229a5884654,20260823,drive-sample-6e,True,,4.0
6E_Z3824,2026-06-11,2026-06-11 10:14:00+00:00,2,volatil,0.0,0.0,1.0,0.454533348909904,11,gate_tf_causal_bal_v2_feat10_sticky90_vpin055,bb9aa229a5884654,20260823,drive-sample-6e,True,,6.0
6E_Z3836,2026-06-11,2026-06-11 10:26:00+00:00,1,normal,0.0,1.0,0.0,0.4158006853777482,6,gate_tf_causal_bal_v2_feat10_sticky90_vpin055,bb9aa229a5884654,20260823,drive-sample-6e,True,,3.0
6E_Z3848,2026-06-11,2026-06-11 10:38:00+00:00,1,normal,0.0,1.0,0.0,0.4925125267977616,18,gate_tf_causal_bal_v2_feat10_sticky90_vpin055,bb9aa229a5884654,20260823,drive-sample-6e,True,,5.0
6E_Z3860,2026-06-11,2026-06-11 10:50:00+00:00,0,calmo,1.0,0.0,0.0,0.5762319308813949,6,gate_tf_causal_bal_v2_feat10_sticky90_vpin055,bb9aa229a5884654,20260823,drive-sample-6e,True,,2.0
6E_Z3872,2026-06-11,2026-06-11 11:02:00+00:00,0,calmo,1.0,0.0,0.0,0.5141674633233502,9,gate_tf_causal_bal_v2_feat10_sticky90_vpin055,bb9aa229a5884654,20260823,drive-sample-6e,True,,4.0
6E_Z3884,2026-06-11,2026-06-11 11:14:00+00:00,1,normal,0.0,1.0,0.0,0.4434564824556766,5,gate_tf_causal_bal_v2_feat10_sticky90_vpin055,bb9aa229a5884654,20260823,drive-sample-6e,True,,6.0
6E_Z3896,2026-06-11,2026-06-11 11:26:00+00:00,0,calmo,1.0,0.0,0.0,0.4060320293017361,1,gate_tf_causal_bal_v2_feat10_sticky90_vpin055,bb9aa229a5884654,20260823,drive-sample-6e,True,,3.0
6E_Z3908,2026-06-11,2026-06-11 11:38:00+00:00,2,volatil,0.0,0.0,1.0,0.3275697405173631,4,gate_tf_causal_bal_v2_feat10_sticky90_vpin055,bb9aa229a5884654,20260823,drive-sample-6e,True,,5.0
6E_Z3920,2026-06-11,2026-06-11 11:50:00+00:00,1,normal,0.0,1.0,0.0,0.3372509941562451,5,gate_tf_causal_bal_v2_feat10_sticky90_vpin055,bb9aa229a5884654,20260823,drive-sample-6e,True,,2.0
6E_Z3932,2026-06-11,2026-06-11 12:02:00+00:00,1,normal,0.0,1.0,0.0,0.4277377674777434,17,gate_tf_causal_bal_v2_feat10_sticky90_vpin055,bb9aa229a5884654,20260823,drive-sample-6e,True,,4.0
6E_Z3944,2026-06-11,2026-06-11 12:14:00+00:00,2,volatil,0.0,0.0,1.0,0.4649292203774523,4,gate_tf_causal_bal_v2_feat10_sticky90_vpin055,bb9aa229a5884654,20260823,drive-sample-6e,True,,6.0
6E_Z3956,2026-06-11,2026-06-11 12:26:00+00:00,2,volatil,0.0,0.0,1.0,0.4506056236743371,16,gate_tf_causal_bal_v2_feat10_sticky90_vpin055,bb9aa229a5884654,20260823,drive-sample-6e,True,,3.0
6E_Z3968,2026-06-11,2026-06-11 12:38:00+00:00,2,volatil,0.0,0.0,1.0,0.3532509057142507,28,gate_tf_causal_bal_v2_feat10_sticky90_vpin055,bb9aa229a5884654,20260823,drive-sample-6e,True,,5.0
6E_Z3980,2026-06-11,2026-06-11 12:50:00+00:00,2,volatil,0.0,0.0,1.0,0.2894900083004776,40,gate_tf_causal_bal_v2_feat10_sticky90_vpin055,bb9aa229a5884654,20260823,drive-sample-6e,True,,2.0
6E_Z3992,2026-06-11,2026-06-11 13:02:00+00:00,2,volatil,0.0,0.0,1.0,0.3390523067011697,52,gate_tf_causal_bal_v2_feat10_sticky90_vpin055,bb9aa229a5884654,20260823,drive-sample-6e,True,,4.0
6E_Z4004,2026-06-11,2026-06-11 13:14:00+00:00,2,volatil,0.0,0.0,1.0,0.324099220899749,64,gate_tf_causal_bal_v2_feat10_sticky90_vpin055,bb9aa229a5884654,20260823,drive-sample-6e,True,,6.0
6E_Z4016,2026-06-11,2026-06-11 13:26:00+00:00,2,volatil,0.0,0.0,1.0,0.3327743002606285,76,gate_tf_causal_bal_v2_feat10_sticky90_vpin055,bb9aa229a5884654,20260823,drive-sample-6e,True,,3.0
6E_Z4028,2026-06-11,2026-06-11 13:38:00+00:00,2,volatil,0.0,0.0,1.0,0.3661836123490117,88,gate_tf_causal_bal_v2_feat10_sticky90_vpin055,bb9aa229a5884654,20260823,drive-sample-6e,True,,5.0
6E_Z4040,2026-06-11,2026-06-11 13:50:00+00:00,2,volatil,0.0,0.0,1.0,0.3527690472553112,100,gate_tf_causal_bal_v2_feat10_sticky90_vpin055,bb9aa229a5884654,20260823,drive-sample-6e,True,,2.0
6E_Z4052,2026-06-11,2026-06-11 14:02:00+00:00,2,volatil,0.0,0.0,1.0,0.3154899921235294,112,gate_tf_causal_bal_v2_feat10_sticky90_vpin055,bb9aa229a5884654,20260823,drive-sample-6e,True,,4.0
6E_Z4064,2026-06-11,2026-06-11 14:14:00+00:00,2,volatil,0.0,0.0,1.0,0.2579685367512826,124,gate_tf_causal_bal_v2_feat10_sticky90_vpin055,bb9aa229a5884654,20260823,drive-sample-6e,True,,6.0
6E_Z4076,2026-06-11,2026-06-11 14:26:00+00:00,2,volatil,0.0,0.0,1.0,0.227851760375305,136,gate_tf_causal_bal_v2_feat10_sticky90_vpin055,bb9aa229a5884654,20260823,drive-sample-6e,True,,3.0
6E_Z4088,2026-06-11,2026-06-11 14:38:00+00:00,2,volatil,0.0,0.0,1.0,0.2488894490201656,0,gate_tf_causal_bal_v2_feat10_sticky90_vpin055,bb9aa229a5884654,20260823,drive-sample-6e,True,,5.0
6E_Z4100,2026-06-11,2026-06-11 14:50:00+00:00,2,volatil,0.0,0.0,1.0,0.2425050335675294,12,gate_tf_causal_bal_v2_feat10_sticky90_vpin055,bb9aa229a5884654,20260823,drive-sample-6e,True,,2.0
6E_Z4112,2026-06-11,2026-06-11 15:02:00+00:00,2,volatil,0.0,0.0,1.0,0.2794352385988388,1,gate_tf_causal_bal_v2_feat10_sticky90_vpin055,bb9aa229a5884654,20260823,drive-sample-6e,True,,4.0
6E_Z4124,2026-06-11,2026-06-11 15:14:00+00:00,2,volatil,0.0,0.0,1.0,0.2796446183007536,13,gate_tf_causal_bal_v2_feat10_sticky90_vpin055,bb9aa229a5884654,20260823,drive-sample-6e,True,,6.0
6E_Z4136,2026-06-11,2026-06-11 15:26:00+00:00,2,volatil,0.0,0.0,1.0,0.3146359109752467,25,gate_tf_causal_bal_v2_feat10_sticky90_vpin055,bb9aa229a5884654,20260823,drive-sample-6e,True,,3.0
6E_Z4148,2026-06-11,2026-06-11 15:38:00+00:00,1,normal,0.0,1.0,0.0,0.3337203703881783,1,gate_tf_causal_bal_v2_feat10_sticky90_vpin055,bb9aa229a5884654,20260823,drive-sample-6e,True,,5.0
6E_Z4160,2026-06-11,2026-06-11 15:50:00+00:00,2,volatil,0.0,0.0,1.0,0.3603136390296831,10,gate_tf_causal_bal_v2_feat10_sticky90_vpin055,bb9aa229a5884654,20260823,drive-sample-6e,True,,2.0
6E_Z4172,2026-06-11,2026-06-11 16:02:00+00:00,1,normal,0.0,1.0,0.0,0.3643460678847431,4,gate_tf_causal_bal_v2_feat10_sticky90_vpin055,bb9aa229a5884654,20260823,drive-sample-6e,True,,4.0
6E_Z4184,2026-06-11,2026-06-11 16:14:00+00:00,1,normal,0.0,1.0,0.0,0.3563006891409925,8,gate_tf_causal_bal_v2_feat10_sticky90_vpin055,bb9aa229a5884654,20260823,drive-sample-6e,True,,6.0
6E_Z4196,2026-06-11,2026-06-11 16:26:00+00:00,1,normal,0.0,1.0,0.0,0.3077060735889237,3,gate_tf_causal_bal_v2_feat10_sticky90_vpin055,bb9aa229a5884654,20260823,drive-sample-6e,True,,3.0
6E_Z4208,2026-06-11,2026-06-11 16:38:00+00:00,1,normal,0.0,1.0,0.0,0.3200871481155388,0,gate_tf_causal_bal_v2_feat10_sticky90_vpin055,bb9aa229a5884654,20260823,drive-sample-6e,True,,5.0
6E_Z4220,2026-06-11,2026-06-11 16:51:00+00:00,1,normal,0.0,1.0,0.0,0.3595143259114589,4,gate_tf_causal_bal_v2_feat10_sticky90_vpin055,bb9aa229a5884654,20260823,drive-sample-6e,True,,2.0
6E_Z4232,2026-06-11,2026-06-11 17:03:00+00:00,1,normal,0.0,1.0,0.0,0.3526275350487912,1,gate_tf_causal_bal_v2_feat10_sticky90_vpin055,bb9aa229a5884654,20260823,drive-sample-6e,True,,4.0
6E_Z4244,2026-06-11,2026-06-11 17:15:00+00:00,2,volatil,0.0,0.0,1.0,0.3161512845018951,3,gate_tf_causal_bal_v2_feat10_sticky90_vpin055,bb9aa229a5884654,20260823,drive-sample-6e,True,,6.0
6E_Z4256,2026-06-11,2026-06-11 17:27:00+00:00,0,calmo,1.0,0.0,0.0,0.3120485813113531,0,gate_tf_causal_bal_v2_feat10_sticky90_vpin055,bb9aa229a5884654,20260823,drive-sample-6e,True,,3.0
6E_Z4268,2026-06-11,2026-06-11 17:39:00+00:00,2,volatil,0.0,0.0,1.0,0.2886837370925281,11,gate_tf_causal_bal_v2_feat10_sticky90_vpin055,bb9aa229a5884654,20260823,drive-sample-6e,True,,5.0
6E_Z4280,2026-06-11,2026-06-11 17:51:00+00:00,2,volatil,0.0,0.0,1.0,0.2867576514912926,23,gate_tf_causal_bal_v2_feat10_sticky90_vpin055,bb9aa229a5884654,20260823,drive-sample-6e,True,,2.0
6E_Z4292,2026-06-11,2026-06-11 18:03:00+00:00,2,volatil,0.0,0.0,1.0,0.2240118344731256,35,gate_tf_causal_bal_v2_feat10_sticky90_vpin055,bb9aa229a5884654,20260823,drive-sample-6e,True,,4.0
6E_Z4304,2026-06-11,2026-06-11 18:15:00+00:00,2,volatil,0.0,0.0,1.0,0.2194639769898823,47,gate_tf_causal_bal_v2_feat10_sticky90_vpin055,bb9aa229a5884654,20260823,drive-sample-6e,True,,6.0
6E_Z4316,2026-06-11,2026-06-11 18:27:00+00:00,2,volatil,0.0,0.0,1.0,0.1539140410103154,59,gate_tf_causal_bal_v2_feat10_sticky90_vpin055,bb9aa229a5884654,20260823,drive-sample-6e,True,,3.0
6E_Z4328,2026-06-11,2026-06-11 18:39:00+00:00,2,volatil,0.0,0.0,1.0,0.1736042470333786,71,gate_tf_causal_bal_v2_feat10_sticky90_vpin055,bb9aa229a5884654,20260823,drive-sample-6e,True,,5.0
6E_Z4340,2026-06-11,2026-06-11 18:51:00+00:00,2,volatil,0.0,0.0,1.0,0.1961259409839237,1,gate_tf_causal_bal_v2_feat10_sticky90_vpin055,bb9aa229a5884654,20260823,drive-sample-6e,True,,2.0
6E_Z4352,2026-06-11,2026-06-11 19:03:00+00:00,2,volatil,0.0,0.0,1.0,0.2099620190852495,9,gate_tf_causal_bal_v2_feat10_sticky90_vpin055,bb9aa229a5884654,20260823,drive-sample-6e,True,,4.0
6E_Z4364,2026-06-11,2026-06-11 19:15:00+00:00,2,volatil,0.0,0.0,1.0,0.2786379115303565,21,gate_tf_causal_bal_v2_feat10_sticky90_vpin055,bb9aa229a5884654,20260823,drive-sample-6e,True,,6.0
6E_Z4376,2026-06-11,2026-06-11 19:27:00+00:00,2,volatil,0.0,0.0,1.0,0.3159354746135429,33,gate_tf_causal_bal_v2_feat10_sticky90_vpin055,bb9aa229a5884654,20260823,drive-sample-6e,True,,3.0
6E_Z4388,2026-06-11,2026-06-11 19:39:00+00:00,2,volatil,0.0,0.0,1.0,0.3226522598695593,45,gate_tf_causal_bal_v2_feat10_sticky90_vpin055,bb9aa229a5884654,20260823,drive-sample-6e,True,,5.0
6E_Z4400,2026-06-11,2026-06-11 19:51:00+00:00,2,volatil,0.0,0.0,1.0,0.2725472640087369,57,gate_tf_causal_bal_v2_feat10_sticky90_vpin055,bb9aa229a5884654,20260823,drive-sample-6e,True,,2.0
6E_Z4412,2026-06-11,2026-06-11 20:03:00+00:00,1,normal,0.0,1.0,0.0,0.2421109183891981,4,gate_tf_causal_bal_v2_feat10_sticky90_vpin055,bb9aa229a5884654,20260823,drive-sample-6e,True,,4.0
6E_Z4424,2026-06-11,2026-06-11 20:15:00+00:00,1,normal,0.0,1.0,0.0,0.2529105779885398,16,gate_tf_causal_bal_v2_feat10_sticky90_vpin055,bb9aa229a5884654,20260823,drive-sample-6e,True,,6.0
6E_Z4436,2026-06-11,2026-06-11 20:27:00+00:00,1,normal,0.0,1.0,0.0,0.2606042715031901,3,gate_tf_causal_bal_v2_feat10_sticky90_vpin055,bb9aa229a5884654,20260823,drive-sample-6e,True,,3.0
6E_Z4448,2026-06-11,2026-06-11 20:39:00+00:00,1,normal,0.0,1.0,0.0,0.3279922908445637,15,gate_tf_causal_bal_v2_feat10_sticky90_vpin055,bb9aa229a5884654,20260823,drive-sample-6e,True,,5.0
6E_Z4460,2026-06-11,2026-06-11 20:51:00+00:00,0,calmo,1.0,0.0,0.0,0.3889320588158189,9,gate_tf_causal_bal_v2_feat10_sticky90_vpin055,bb9aa229a5884654,20260823,drive-sample-6e,True,,2.0
6E_Z4472,2026-06-11,2026-06-11 22:03:00+00:00,1,normal,0.0,1.0,0.0,0.427157942923637,3,gate_tf_causal_bal_v2_feat10_sticky90_vpin055,bb9aa229a5884654,20260823,drive-sample-6e,True,,4.0
6E_Z4484,2026-06-11,2026-06-11 22:15:00+00:00,1,normal,0.0,1.0,0.0,0.4420622306594218,0,gate_tf_causal_bal_v2_feat10_sticky90_vpin055,bb9aa229a5884654,20260823,drive-sample-6e,True,,6.0
6E_Z4496,2026-06-11,2026-06-11 22:27:00+00:00,0,calmo,1.0,0.0,0.0,0.4788727226546406,0,gate_tf_causal_bal_v2_feat10_sticky90_vpin055,bb9aa229a5884654,20260823,drive-sample-6e,True,,3.0
6E_Z4508,2026-06-11,2026-06-11 22:40:00+00:00,0,calmo,1.0,0.0,0.0,0.4886360401534476,9,gate_tf_causal_bal_v2_feat10_sticky90_vpin055,bb9aa229a5884654,20260823,drive-sample-6e,True,,5.0
6E_Z4520,2026-06-11,2026-06-11 22:52:00+00:00,1,normal,0.0,1.0,0.0,0.4786618299359471,1,gate_tf_causal_bal_v2_feat10_sticky90_vpin055,bb9aa229a5884654,20260823,drive-sample-6e,True,,2.0
6E_Z4532,2026-06-11,2026-06-11 23:04:00+00:00,1,normal,0.0,1.0,0.0,0.414884060273146,13,gate_tf_causal_bal_v2_feat10_sticky90_vpin055,bb9aa229a5884654,20260823,drive-sample-6e,True,,4.0
6E_Z4544,2026-06-11,2026-06-11 23:17:00+00:00,1,normal,0.0,1.0,0.0,0.4685319179724569,6,gate_tf_causal_bal_v2_feat10_sticky90_vpin055,bb9aa229a5884654,20260823,drive-sample-6e,True,,6.0
6E_Z4556,2026-06-11,2026-06-11 23:29:00+00:00,0,calmo,1.0,0.0,0.0,0.4301649948405325,8,gate_tf_causal_bal_v2_feat10_sticky90_vpin055,bb9aa229a5884654,20260823,drive-sample-6e,True,,3.0
6E_Z4568,2026-06-11,2026-06-11 23:41:00+00:00,0,calmo,1.0,0.0,0.0,0.3712532538444562,20,gate_tf_causal_bal_v2_feat10_sticky90_vpin055,bb9aa229a5884654,20260823,drive-sample-6e,True,,5.0
6E_Z4580,2026-06-11,2026-06-11 23:53:00+00:00,0,calmo,1.0,0.0,0.0,0.3661908335150157,7,gate_tf_causal_bal_v2_feat10_sticky90_vpin055,bb9aa229a5884654,20260823,drive-sample-6e,True,,2.0
6E_Z4592,2026-06-12,2026-06-12 00:05:00+00:00,1,normal,0.0,1.0,0.0,0.3803629793930598,8,gate_tf_causal_bal_v2_feat10_sticky90_vpin055,bb9aa229a5884654,20260823,drive-sample-6e,True,,4.0
6E_Z4604,2026-06-12,2026-06-12 00:17:00+00:00,1,normal,0.0,1.0,0.0,0.4260916811342148,20,gate_tf_causal_bal_v2_feat10_sticky90_vpin055,bb9aa229a5884654,20260823,drive-sample-6e,True,,6.0
6E_Z4616,2026-06-12,2026-06-12 00:29:00+00:00,1,normal,0.0,1.0,0.0,0.3680366441984235,32,gate_tf_causal_bal_v2_feat10_sticky90_vpin055,bb9aa229a5884654,20260823,drive-sample-6e,True,,3.0
6E_Z4628,2026-06-12,2026-06-12 00:41:00+00:00,1,normal,0.0,1.0,0.0,0.3818740174326413,6,gate_tf_causal_bal_v2_feat10_sticky90_vpin055,bb9aa229a5884654,20260823,drive-sample-6e,True,,5.0
6E_Z4640,2026-06-12,2026-06-12 00:53:00+00:00,2,volatil,0.0,0.0,1.0,0.3459437220773188,2,gate_tf_causal_bal_v2_feat10_sticky90_vpin055,bb9aa229a5884654,20260823,drive-sample-6e,True,,2.0
6E_Z4652,2026-06-12,2026-06-12 01:05:00+00:00,2,volatil,0.0,0.0,1.0,0.3522484801222432,2,gate_tf_causal_bal_v2_feat10_sticky90_vpin055,bb9aa229a5884654,20260823,drive-sample-6e,True,,4.0
6E_Z4664,2026-06-12,2026-06-12 01:17:00+00:00,1,normal,0.0,1.0,0.0,0.4029318006179963,4,gate_tf_causal_bal_v2_feat10_sticky90_vpin055,bb9aa229a5884654,20260823,drive-sample-6e,True,,6.0
6E_Z4676,2026-06-12,2026-06-12 01:29:00+00:00,0,calmo,1.0,0.0,0.0,0.3426760646201633,2,gate_tf_causal_bal_v2_feat10_sticky90_vpin055,bb9aa229a5884654,20260823,drive-sample-6e,True,,3.0
6E_Z4688,2026-06-12,2026-06-12 01:41:00+00:00,2,volatil,0.0,0.0,1.0,0.3878244907518032,5,gate_tf_causal_bal_v2_feat10_sticky90_vpin055,bb9aa229a5884654,20260823,drive-sample-6e,True,,5.0
6E_Z4700,2026-06-12,2026-06-12 01:53:00+00:00,1,normal,0.0,1.0,0.0,0.3467379382128695,2,gate_tf_causal_bal_v2_feat10_sticky90_vpin055,bb9aa229a5884654,20260823,drive-sample-6e,True,,2.0
6E_Z4712,2026-06-12,2026-06-12 02:05:00+00:00,0,calmo,1.0,0.0,0.0,0.319302977453043,6,gate_tf_causal_bal_v2_feat10_sticky90_vpin055,bb9aa229a5884654,20260823,drive-sample-6e,True,,4.0
6E_Z4724,2026-06-12,2026-06-12 02:17:00+00:00,1,normal,0.0,1.0,0.0,0.3331127801406966,7,gate_tf_causal_bal_v2_feat10_sticky90_vpin055,bb9aa229a5884654,20260823,drive-sample-6e,True,,6.0
6E_Z4736,2026-06-12,2026-06-12 02:29:00+00:00,0,calmo,1.0,0.0,0.0,0.3541888662702429,4,gate_tf_causal_bal_v2_feat10_sticky90_vpin055,bb9aa229a5884654,20260823,drive-sample-6e,True,,3.0
6E_Z4748,2026-06-12,2026-06-12 02:41:00+00:00,1,normal,0.0,1.0,0.0,0.4182611268345833,0,gate_tf_causal_bal_v2_feat10_sticky90_vpin055,bb9aa229a5884654,20260823,drive-sample-6e,True,,5.0
6E_Z4760,2026-06-12,2026-06-12 02:53:00+00:00,0,calmo,1.0,0.0,0.0,0.5046806813160479,3,gate_tf_causal_bal_v2_feat10_sticky90_vpin055,bb9aa229a5884654,20260823,drive-sample-6e,True,,2.0
6E_Z4772,2026-06-12,2026-06-12 03:05:00+00:00,0,calmo,1.0,0.0,0.0,0.5302939676934008,15,gate_tf_causal_bal_v2_feat10_sticky90_vpin055,bb9aa229a5884654,20260823,drive-sample-6e,True,,4.0
6E_Z4784,2026-06-12,2026-06-12 03:17:00+00:00,0,calmo,1.0,0.0,0.0,0.5615025112346015,27,gate_tf_causal_bal_v2_feat10_sticky90_vpin055,bb9aa229a5884654,20260823,drive-sample-6e,True,,6.0
6E_Z4796,2026-06-12,2026-06-12 03:30:00+00:00,1,normal,0.0,1.0,0.0,0.4784309997352649,1,gate_tf_causal_bal_v2_feat10_sticky90_vpin055,bb9aa229a5884654,20260823,drive-sample-6e,True,,3.0
6E_Z4808,2026-06-12,2026-06-12 03:42:00+00:00,1,normal,0.0,1.0,0.0,0.3889910050572511,1,gate_tf_causal_bal_v2_feat10_sticky90_vpin055,bb9aa229a5884654,20260823,drive-sample-6e,True,,5.0
6E_Z4820,2026-06-12,2026-06-12 03:55:00+00:00,0,calmo,1.0,0.0,0.0,0.4253131457134013,5,gate_tf_causal_bal_v2_feat10_sticky90_vpin055,bb9aa229a5884654,20260823,drive-sample-6e,True,,2.0
6E_Z4832,2026-06-12,2026-06-12 04:08:00+00:00,0,calmo,1.0,0.0,0.0,0.4571260527567649,17,gate_tf_causal_bal_v2_feat10_sticky90_vpin055,bb9aa229a5884654,20260823,drive-sample-6e,True,,4.0
6E_Z4844,2026-06-12,2026-06-12 04:21:00+00:00,0,calmo,1.0,0.0,0.0,0.5877900165012638,29,gate_tf_causal_bal_v2_feat10_sticky90_vpin055,bb9aa229a5884654,20260823,drive-sample-6e,True,,6.0
6E_Z4856,2026-06-12,2026-06-12 04:36:00+00:00,0,calmo,1.0,0.0,0.0,0.6763578846932502,41,gate_tf_causal_bal_v2_feat10_sticky90_vpin055,bb9aa229a5884654,20260823,drive-sample-6e,True,,3.0
6E_Z4868,2026-06-12,2026-06-12 04:48:00+00:00,0,calmo,1.0,0.0,0.0,0.6327801850413818,2,gate_tf_causal_bal_v2_feat10_sticky90_vpin055,bb9aa229a5884654,20260823,drive-sample-6e,True,,5.0
6E_Z4880,2026-06-12,2026-06-12 05:01:00+00:00,1,normal,0.0,1.0,0.0,0.4610151927846814,3,gate_tf_causal_bal_v2_feat10_sticky90_vpin055,bb9aa229a5884654,20260823,drive-sample-6e,True,,2.0
6E_Z4892,2026-06-12,2026-06-12 05:13:00+00:00,1,normal,0.0,1.0,0.0,0.413489901727717,0,gate_tf_causal_bal_v2_feat10_sticky90_vpin055,bb9aa229a5884654,20260823,drive-sample-6e,True,,4.0
6E_Z4904,2026-06-12,2026-06-12 05:26:00+00:00,2,volatil,0.0,0.0,1.0,0.3987784485494222,5,gate_tf_causal_bal_v2_feat10_sticky90_vpin055,bb9aa229a5884654,20260823,drive-sample-6e,True,,6.0
6E_Z4916,2026-06-12,2026-06-12 05:38:00+00:00,0,calmo,1.0,0.0,0.0,0.4814449623069565,5,gate_tf_causal_bal_v2_feat10_sticky90_vpin055,bb9aa229a5884654,20260823,drive-sample-6e,True,,3.0
6E_Z4928,2026-06-12,2026-06-12 05:50:00+00:00,1,normal,0.0,1.0,0.0,0.4496290890075178,0,gate_tf_causal_bal_v2_feat10_sticky90_vpin055,bb9aa229a5884654,20260823,drive-sample-6e,True,,5.0
6E_Z4940,2026-06-12,2026-06-12 06:02:00+00:00,2,volatil,0.0,0.0,1.0,0.4284844168886408,2,gate_tf_causal_bal_v2_feat10_sticky90_vpin055,bb9aa229a5884654,20260823,drive-sample-6e,True,,2.0
6E_Z4952,2026-06-12,2026-06-12 06:14:00+00:00,2,volatil,0.0,0.0,1.0,0.3601957960696409,14,gate_tf_causal_bal_v2_feat10_sticky90_vpin055,bb9aa229a5884654,20260823,drive-sample-6e,True,,4.0
6E_Z4964,2026-06-12,2026-06-12 06:26:00+00:00,1,normal,0.0,1.0,0.0,0.4345257923653792,1,gate_tf_causal_bal_v2_feat10_sticky90_vpin055,bb9aa229a5884654,20260823,drive-sample-6e,True,,6.0
6E_Z4976,2026-06-12,2026-06-12 06:38:00+00:00,2,volatil,0.0,0.0,1.0,0.4131290837643148,0,gate_tf_causal_bal_v2_feat10_sticky90_vpin055,bb9aa229a5884654,20260823,drive-sample-6e,True,,3.0
6E_Z4988,2026-06-12,2026-06-12 06:50:00+00:00,2,volatil,0.0,0.0,1.0,0.3936329688170196,12,gate_tf_causal_bal_v2_feat10_sticky90_vpin055,bb9aa229a5884654,20260823,drive-sample-6e,True,,5.0
6E_Z5000,2026-06-12,2026-06-12 07:02:00+00:00,2,volatil,0.0,0.0,1.0,0.3343370323646602,24,gate_tf_causal_bal_v2_feat10_sticky90_vpin055,bb9aa229a5884654,20260823,drive-sample-6e,True,,2.0
6E_Z5012,2026-06-12,2026-06-12 07:14:00+00:00,2,volatil,0.0,0.0,1.0,0.2848905500792343,36,gate_tf_causal_bal_v2_feat10_sticky90_vpin055,bb9aa229a5884654,20260823,drive-sample-6e,True,,4.0
6E_Z5024,2026-06-12,2026-06-12 07:26:00+00:00,2,volatil,0.0,0.0,1.0,0.2939720847438868,48,gate_tf_causal_bal_v2_feat10_sticky90_vpin055,bb9aa229a5884654,20260823,drive-sample-6e,True,,6.0
6E_Z5036,2026-06-12,2026-06-12 07:38:00+00:00,2,volatil,0.0,0.0,1.0,0.3001416414939948,60,gate_tf_causal_bal_v2_feat10_sticky90_vpin055,bb9aa229a5884654,20260823,drive-sample-6e,True,,3.0
6E_Z5048,2026-06-12,2026-06-12 07:50:00+00:00,2,volatil,0.0,0.0,1.0,0.3059036405090936,72,gate_tf_causal_bal_v2_feat10_sticky90_vpin055,bb9aa229a5884654,20260823,drive-sample-6e,True,,5.0
6E_Z5060,2026-06-12,2026-06-12 08:02:00+00:00,2,volatil,0.0,0.0,1.0,0.3416102192753938,84,gate_tf_causal_bal_v2_feat10_sticky90_vpin055,bb9aa229a5884654,20260823,drive-sample-6e,True,,2.0
6E_Z5072,2026-06-12,2026-06-12 08:14:00+00:00,2,volatil,0.0,0.0,1.0,0.3368684799320716,96,gate_tf_causal_bal_v2_feat10_sticky90_vpin055,bb9aa229a5884654,20260823,drive-sample-6e,True,,4.0
6E_Z5084,2026-06-12,2026-06-12 08:26:00+00:00,2,volatil,0.0,0.0,1.0,0.266798077417829,108,gate_tf_causal_bal_v2_feat10_sticky90_vpin055,bb9aa229a5884654,20260823,drive-sample-6e,True,,6.0
6E_Z5096,2026-06-12,2026-06-12 08:38:00+00:00,2,volatil,0.0,0.0,1.0,0.2565636204553614,120,gate_tf_causal_bal_v2_feat10_sticky90_vpin055,bb9aa229a5884654,20260823,drive-sample-6e,True,,3.0
6E_Z5108,2026-06-12,2026-06-12 08:50:00+00:00,2,volatil,0.0,0.0,1.0,0.2175520889697106,132,gate_tf_causal_bal_v2_feat10_sticky90_vpin055,bb9aa229a5884654,20260823,drive-sample-6e,True,,5.0
6E_Z5120,2026-06-12,2026-06-12 09:02:00+00:00,0,calmo,1.0,0.0,0.0,0.2755056733092708,0,gate_tf_causal_bal_v2_feat10_sticky90_vpin055,bb9aa229a5884654,20260823,drive-sample-6e,True,,2.0
6E_Z5132,2026-06-12,2026-06-12 09:14:00+00:00,1,normal,0.0,1.0,0.0,0.2697212386365774,10,gate_tf_causal_bal_v2_feat10_sticky90_vpin055,bb9aa229a5884654,20260823,drive-sample-6e,True,,4.0
6E_Z5144,2026-06-12,2026-06-12 09:26:00+00:00,2,volatil,0.0,0.0,1.0,0.2796096257823039,11,gate_tf_causal_bal_v2_feat10_sticky90_vpin055,bb9aa229a5884654,20260823,drive-sample-6e,True,,6.0
6E_Z5156,2026-06-12,2026-06-12 09:38:00+00:00,2,volatil,0.0,0.0,1.0,0.2788109435033474,23,gate_tf_causal_bal_v2_feat10_sticky90_vpin055,bb9aa229a5884654,20260823,drive-sample-6e,True,,3.0
6E_Z5168,2026-06-12,2026-06-12 09:50:00+00:00,2,volatil,0.0,0.0,1.0,0.2809145172277409,35,gate_tf_causal_bal_v2_feat10_sticky90_vpin055,bb9aa229a5884654,20260823,drive-sample-6e,True,,5.0
6E_Z5180,2026-06-12,2026-06-12 10:02:00+00:00,2,volatil,0.0,0.0,1.0,0.3127341205507189,47,gate_tf_causal_bal_v2_feat10_sticky90_vpin055,bb9aa229a5884654,20260823,drive-sample-6e,True,,2.0
6E_Z5192,2026-06-12,2026-06-12 10:14:00+00:00,0,calmo,1.0,0.0,0.0,0.2840772818413121,4,gate_tf_causal_bal_v2_feat10_sticky90_vpin055,bb9aa229a5884654,20260823,drive-sample-6e,True,,4.0
6E_Z5204,2026-06-12,2026-06-12 10:26:00+00:00,2,volatil,0.0,0.0,1.0,0.2536375484850824,1,gate_tf_causal_bal_v2_feat10_sticky90_vpin055,bb9aa229a5884654,20260823,drive-sample-6e,True,,6.0
6E_Z5216,2026-06-12,2026-06-12 10:38:00+00:00,2,volatil,0.0,0.0,1.0,0.2763025774044007,13,gate_tf_causal_bal_v2_feat10_sticky90_vpin055,bb9aa229a5884654,20260823,drive-sample-6e,True,,3.0
6E_Z5228,2026-06-12,2026-06-12 10:50:00+00:00,0,calmo,1.0,0.0,0.0,0.32484872708747,3,gate_tf_causal_bal_v2_feat10_sticky90_vpin055,bb9aa229a5884654,20260823,drive-sample-6e,True,,5.0
6E_Z5240,2026-06-12,2026-06-12 11:02:00+00:00,1,normal,0.0,1.0,0.0,0.3802343451182622,9,gate_tf_causal_bal_v2_feat10_sticky90_vpin055,bb9aa229a5884654,20260823,drive-sample-6e,True,,2.0
6E_Z5252,2026-06-12,2026-06-12 11:14:00+00:00,0,calmo,1.0,0.0,0.0,0.3711307113059208,6,gate_tf_causal_bal_v2_feat10_sticky90_vpin055,bb9aa229a5884654,20260823,drive-sample-6e,True,,4.0
6E_Z5264,2026-06-12,2026-06-12 11:26:00+00:00,1,normal,0.0,1.0,0.0,0.3165156868212395,9,gate_tf_causal_bal_v2_feat10_sticky90_vpin055,bb9aa229a5884654,20260823,drive-sample-6e,True,,6.0
6E_Z5276,2026-06-12,2026-06-12 11:38:00+00:00,0,calmo,1.0,0.0,0.0,0.3436717103645428,1,gate_tf_causal_bal_v2_feat10_sticky90_vpin055,bb9aa229a5884654,20260823,drive-sample-6e,True,,3.0
6E_Z5288,2026-06-12,2026-06-12 11:50:00+00:00,1,normal,0.0,1.0,0.0,0.3772272360503623,0,gate_tf_causal_bal_v2_feat10_sticky90_vpin055,bb9aa229a5884654,20260823,drive-sample-6e,True,,5.0
6E_Z5300,2026-06-12,2026-06-12 12:02:00+00:00,1,normal,0.0,1.0,0.0,0.3606605643041875,6,gate_tf_causal_bal_v2_feat10_sticky90_vpin055,bb9aa229a5884654,20260823,drive-sample-6e,True,,2.0
6E_Z5312,2026-06-12,2026-06-12 12:14:00+00:00,1,normal,0.0,1.0,0.0,0.3377366526636554,18,gate_tf_causal_bal_v2_feat10_sticky90_vpin055,bb9aa229a5884654,20260823,drive-sample-6e,True,,4.0
6E_Z5324,2026-06-12,2026-06-12 12:26:00+00:00,2,volatil,0.0,0.0,1.0,0.2775517504910821,3,gate_tf_causal_bal_v2_feat10_sticky90_vpin055,bb9aa229a5884654,20260823,drive-sample-6e,True,,6.0
6E_Z5336,2026-06-12,2026-06-12 12:38:00+00:00,1,normal,0.0,1.0,0.0,0.2449215841805474,0,gate_tf_causal_bal_v2_feat10_sticky90_vpin055,bb9aa229a5884654,20260823,drive-sample-6e,True,,3.0
6E_Z5348,2026-06-12,2026-06-12 12:50:00+00:00,2,volatil,0.0,0.0,1.0,0.2526202418921858,10,gate_tf_causal_bal_v2_feat10_sticky90_vpin055,bb9aa229a5884654,20260823,drive-sample-6e,True,,5.0
6E_Z5360,2026-06-12,2026-06-12 13:02:00+00:00,2,volatil,0.0,0.0,1.0,0.2695803091041087,0,gate_tf_causal_bal_v2_feat10_sticky90_vpin055,bb9aa229a5884654,20260823,drive-sample-6e,True,,2.0
6E_Z5372,2026-06-12,2026-06-12 13:14:00+00:00,2,volatil,0.0,0.0,1.0,0.3008173023089606,10,gate_tf_causal_bal_v2_feat10_sticky90_vpin055,bb9aa229a5884654,20260823,drive-sample-6e,True,,4.0
6E_Z5384,2026-06-12,2026-06-12 13:26:00+00:00,2,volatil,0.0,0.0,1.0,0.299585779612932,22,gate_tf_causal_bal_v2_feat10_sticky90_vpin055,bb9aa229a5884654,20260823,drive-sample-6e,True,,6.0
6E_Z5396,2026-06-12,2026-06-12 13:38:00+00:00,2,volatil,0.0,0.0,1.0,0.2887360202820492,5,gate_tf_causal_bal_v2_feat10_sticky90_vpin055,bb9aa229a5884654,20260823,drive-sample-6e,True,,3.0
6E_Z5408,2026-06-12,2026-06-12 13:50:00+00:00,2,volatil,0.0,0.0,1.0,0.2200801310179521,17,gate_tf_causal_bal_v2_feat10_sticky90_vpin055,bb9aa229a5884654,20260823,drive-sample-6e,True,,5.0
6E_Z5420,2026-06-12,2026-06-12 14:02:00+00:00,2,volatil,0.0,0.0,1.0,0.1954697666632504,29,gate_tf_causal_bal_v2_feat10_sticky90_vpin055,bb9aa229a5884654,20260823,drive-sample-6e,True,,2.0
6E_Z5432,2026-06-12,2026-06-12 14:14:00+00:00,2,volatil,0.0,0.0,1.0,0.2084274229361918,41,gate_tf_causal_bal_v2_feat10_sticky90_vpin055,bb9aa229a5884654,20260823,drive-sample-6e,True,,4.0
6E_Z5444,2026-06-12,2026-06-12 14:26:00+00:00,2,volatil,0.0,0.0,1.0,0.2006596184939976,53,gate_tf_causal_bal_v2_feat10_sticky90_vpin055,bb9aa229a5884654,20260823,drive-sample-6e,True,,6.0
6E_Z5456,2026-06-12,2026-06-12 14:38:00+00:00,1,normal,0.0,1.0,0.0,0.1871137011349374,0,gate_tf_causal_bal_v2_feat10_sticky90_vpin055,bb9aa229a5884654,20260823,drive-sample-6e,True,,3.0
6E_Z5468,2026-06-12,2026-06-12 14:50:00+00:00,1,normal,0.0,1.0,0.0,0.1912528693383462,2,gate_tf_causal_bal_v2_feat10_sticky90_vpin055,bb9aa229a5884654,20260823,drive-sample-6e,True,,5.0
6E_Z5480,2026-06-12,2026-06-12 15:02:00+00:00,2,volatil,0.0,0.0,1.0,0.159831954988083,11,gate_tf_causal_bal_v2_feat10_sticky90_vpin055,bb9aa229a5884654,20260823,drive-sample-6e,True,,2.0
6E_Z5492,2026-06-12,2026-06-12 15:14:00+00:00,2,volatil,0.0,0.0,1.0,0.2128415176255367,23,gate_tf_causal_bal_v2_feat10_sticky90_vpin055,bb9aa229a5884654,20260823,drive-sample-6e,True,,4.0
6E_Z5504,2026-06-12,2026-06-12 15:26:00+00:00,1,normal,0.0,1.0,0.0,0.2675068402209325,9,gate_tf_causal_bal_v2_feat10_sticky90_vpin055,bb9aa229a5884654,20260823,drive-sample-6e,True,,6.0
6E_Z5516,2026-06-12,2026-06-12 15:38:00+00:00,1,normal,0.0,1.0,0.0,0.2671332376948465,21,gate_tf_causal_bal_v2_feat10_sticky90_vpin055,bb9aa229a5884654,20260823,drive-sample-6e,True,,3.0
6E_Z5528,2026-06-12,2026-06-12 15:50:00+00:00,2,volatil,0.0,0.0,1.0,0.2324681163348283,7,gate_tf_causal_bal_v2_feat10_sticky90_vpin055,bb9aa229a5884654,20260823,drive-sample-6e,True,,5.0
6E_Z5540,2026-06-12,2026-06-12 16:02:00+00:00,2,volatil,0.0,0.0,1.0,0.2335119259190838,19,gate_tf_causal_bal_v2_feat10_sticky90_vpin055,bb9aa229a5884654,20260823,drive-sample-6e,True,,2.0
6E_Z5552,2026-06-12,2026-06-12 16:14:00+00:00,2,volatil,0.0,0.0,1.0,0.2447093192288198,1,gate_tf_causal_bal_v2_feat10_sticky90_vpin055,bb9aa229a5884654,20260823,drive-sample-6e,True,,4.0
6E_Z5564,2026-06-12,2026-06-12 16:26:00+00:00,2,volatil,0.0,0.0,1.0,0.2363547701174931,13,gate_tf_causal_bal_v2_feat10_sticky90_vpin055,bb9aa229a5884654,20260823,drive-sample-6e,True,,6.0
6E_Z5576,2026-06-12,2026-06-12 16:38:00+00:00,2,volatil,0.0,0.0,1.0,0.2572924684380696,25,gate_tf_causal_bal_v2_feat10_sticky90_vpin055,bb9aa229a5884654,20260823,drive-sample-6e,True,,3.0
6E_Z5588,2026-06-12,2026-06-12 16:50:00+00:00,1,normal,0.0,1.0,0.0,0.3656603108406414,5,gate_tf_causal_bal_v2_feat10_sticky90_vpin055,bb9aa229a5884654,20260823,drive-sample-6e,True,,5.0
6E_Z5600,2026-06-12,2026-06-12 17:02:00+00:00,0,calmo,1.0,0.0,0.0,0.3608471538362335,5,gate_tf_causal_bal_v2_feat10_sticky90_vpin055,bb9aa229a5884654,20260823,drive-sample-6e,True,,2.0
6E_Z5612,2026-06-12,2026-06-12 17:14:00+00:00,1,normal,0.0,1.0,0.0,0.3170365032111934,8,gate_tf_causal_bal_v2_feat10_sticky90_vpin055,bb9aa229a5884654,20260823,drive-sample-6e,True,,4.0
6E_Z5624,2026-06-12,2026-06-12 17:26:00+00:00,0,calmo,1.0,0.0,0.0,0.3704883402216856,2,gate_tf_causal_bal_v2_feat10_sticky90_vpin055,bb9aa229a5884654,20260823,drive-sample-6e,True,,6.0
6E_Z5636,2026-06-12,2026-06-12 17:38:00+00:00,0,calmo,1.0,0.0,0.0,0.3657994782123879,14,gate_tf_causal_bal_v2_feat10_sticky90_vpin055,bb9aa229a5884654,20260823,drive-sample-6e,True,,3.0
6E_Z5648,2026-06-12,2026-06-12 17:50:00+00:00,1,normal,0.0,1.0,0.0,0.3460261905335843,4,gate_tf_causal_bal_v2_feat10_sticky90_vpin055,bb9aa229a5884654,20260823,drive-sample-6e,True,,5.0
6E_Z5660,2026-06-12,2026-06-12 18:02:00+00:00,0,calmo,1.0,0.0,0.0,0.3305915630728871,2,gate_tf_causal_bal_v2_feat10_sticky90_vpin055,bb9aa229a5884654,20260823,drive-sample-6e,True,,2.0
6E_Z5672,2026-06-12,2026-06-12 18:14:00+00:00,1,normal,0.0,1.0,0.0,0.3776299638950369,3,gate_tf_causal_bal_v2_feat10_sticky90_vpin055,bb9aa229a5884654,20260823,drive-sample-6e,True,,4.0
6E_Z5684,2026-06-12,2026-06-12 18:26:00+00:00,0,calmo,1.0,0.0,0.0,0.4134432222357241,7,gate_tf_causal_bal_v2_feat10_sticky90_vpin055,bb9aa229a5884654,20260823,drive-sample-6e,True,,6.0
6E_Z5696,2026-06-12,2026-06-12 18:38:00+00:00,0,calmo,1.0,0.0,0.0,0.3925292157004728,19,gate_tf_causal_bal_v2_feat10_sticky90_vpin055,bb9aa229a5884654,20260823,drive-sample-6e,True,,3.0
6E_Z5708,2026-06-12,2026-06-12 18:51:00+00:00,0,calmo,1.0,0.0,0.0,0.3958227579812284,31,gate_tf_causal_bal_v2_feat10_sticky90_vpin055,bb9aa229a5884654,20260823,drive-sample-6e,True,,5.0
6E_Z5720,2026-06-12,2026-06-12 19:03:00+00:00,2,volatil,0.0,0.0,1.0,0.4348232563811999,4,gate_tf_causal_bal_v2_feat10_sticky90_vpin055,bb9aa229a5884654,20260823,drive-sample-6e,True,,2.0
6E_Z5732,2026-06-12,2026-06-12 19:15:00+00:00,0,calmo,1.0,0.0,0.0,0.4553720359424054,0,gate_tf_causal_bal_v2_feat10_sticky90_vpin055,bb9aa229a5884654,20260823,drive-sample-6e,True,,4.0
6E_Z5744,2026-06-12,2026-06-12 19:27:00+00:00,0,calmo,1.0,0.0,0.0,0.5074842296286458,12,gate_tf_causal_bal_v2_feat10_sticky90_vpin055,bb9aa229a5884654,20260823,drive-sample-6e,True,,6.0
6E_Z5756,2026-06-12,2026-06-12 19:39:00+00:00,1,normal,0.0,1.0,0.0,0.4646456623662622,3,gate_tf_causal_bal_v2_feat10_sticky90_vpin055,bb9aa229a5884654,20260823,drive-sample-6e,True,,3.0
6E_Z5768,2026-06-12,2026-06-12 19:51:00+00:00,0,calmo,1.0,0.0,0.0,0.4350934340776171,0,gate_tf_causal_bal_v2_feat10_sticky90_vpin055,bb9aa229a5884654,20260823,drive-sample-6e,True,,5.0
6E_Z5780,2026-06-12,2026-06-12 20:03:00+00:00,1,normal,0.0,1.0,0.0,0.4321933521117941,3,gate_tf_causal_bal_v2_feat10_sticky90_vpin055,bb9aa229a5884654,20260823,drive-sample-6e,True,,2.0
6E_Z5792,2026-06-12,2026-06-12 20:15:00+00:00,0,calmo,1.0,0.0,0.0,0.4818311574846496,4,gate_tf_causal_bal_v2_feat10_sticky90_vpin055,bb9aa229a5884654,20260823,drive-sample-6e,True,,4.0
6E_Z5804,2026-06-12,2026-06-12 20:27:00+00:00,0,calmo,1.0,0.0,0.0,0.4913485551138802,16,gate_tf_causal_bal_v2_feat10_sticky90_vpin055,bb9aa229a5884654,20260823,drive-sample-6e,True,,6.0
6E_Z5816,2026-06-12,2026-06-12 20:39:00+00:00,0,calmo,1.0,0.0,0.0,0.5785440181685527,28,gate_tf_causal_bal_v2_feat10_sticky90_vpin055,bb9aa229a5884654,20260823,drive-sample-6e,True,,3.0
6E_Z5828,2026-06-12,2026-06-12 20:53:00+00:00,0,calmo,1.0,0.0,0.0,0.5496830020948714,40,gate_tf_causal_bal_v2_feat10_sticky90_vpin055,bb9aa229a5884654,20260823,drive-sample-6e,True,,5.0
6E_Z5840,2026-06-14,2026-06-14 22:05:00+00:00,2,volatil,0.0,0.0,1.0,0.4722101796184382,5,gate_tf_causal_bal_v2_feat10_sticky90_vpin055,bb9aa229a5884654,20260823,drive-sample-6e,True,,2.0
6E_Z5852,2026-06-14,2026-06-14 22:17:00+00:00,2,volatil,0.0,0.0,1.0,0.3185361616704206,17,gate_tf_causal_bal_v2_feat10_sticky90_vpin055,bb9aa229a5884654,20260823,drive-sample-6e,True,,4.0
6E_Z5864,2026-06-14,2026-06-14 22:29:00+00:00,2,volatil,0.0,0.0,1.0,0.2826665761864654,29,gate_tf_causal_bal_v2_feat10_sticky90_vpin055,bb9aa229a5884654,20260823,drive-sample-6e,True,,6.0
6E_Z5876,2026-06-14,2026-06-14 22:41:00+00:00,2,volatil,0.0,0.0,1.0,0.3050971292505832,41,gate_tf_causal_bal_v2_feat10_sticky90_vpin055,bb9aa229a5884654,20260823,drive-sample-6e,True,,3.0
6E_Z5888,2026-06-14,2026-06-14 22:53:00+00:00,1,normal,0.0,1.0,0.0,0.3472637090769481,0,gate_tf_causal_bal_v2_feat10_sticky90_vpin055,bb9aa229a5884654,20260823,drive-sample-6e,True,,5.0
6E_Z5900,2026-06-14,2026-06-14 23:05:00+00:00,1,normal,0.0,1.0,0.0,0.3434872333845159,4,gate_tf_causal_bal_v2_feat10_sticky90_vpin055,bb9aa229a5884654,20260823,drive-sample-6e,True,,2.0
6E_Z5912,2026-06-14,2026-06-14 23:17:00+00:00,1,normal,0.0,1.0,0.0,0.3815081900163842,16,gate_tf_causal_bal_v2_feat10_sticky90_vpin055,bb9aa229a5884654,20260823,drive-sample-6e,True,,4.0
6E_Z5924,2026-06-14,2026-06-14 23:29:00+00:00,1,normal,0.0,1.0,0.0,0.449451319602469,28,gate_tf_causal_bal_v2_feat10_sticky90_vpin055,bb9aa229a5884654,20260823,drive-sample-6e,True,,6.0
6E_Z5936,2026-06-14,2026-06-14 23:41:00+00:00,0,calmo,1.0,0.0,0.0,0.4811247994071849,1,gate_tf_causal_bal_v2_feat10_sticky90_vpin055,bb9aa229a5884654,20260823,drive-sample-6e,True,,3.0
6E_Z5948,2026-06-14,2026-06-14 23:53:00+00:00,1,normal,0.0,1.0,0.0,0.4194913383813672,6,gate_tf_causal_bal_v2_feat10_sticky90_vpin055,bb9aa229a5884654,20260823,drive-sample-6e,True,,5.0
6E_Z5960,2026-06-15,2026-06-15 00:05:00+00:00,2,volatil,0.0,0.0,1.0,0.3491364555712989,10,gate_tf_causal_bal_v2_feat10_sticky90_vpin055,bb9aa229a5884654,20260823,drive-sample-6e,True,,2.0
6E_Z5972,2026-06-15,2026-06-15 00:17:00+00:00,2,volatil,0.0,0.0,1.0,0.3198603285363776,22,gate_tf_causal_bal_v2_feat10_sticky90_vpin055,bb9aa229a5884654,20260823,drive-sample-6e,True,,4.0
6E_Z5984,2026-06-15,2026-06-15 00:29:00+00:00,1,normal,0.0,1.0,0.0,0.3342788176817793,4,gate_tf_causal_bal_v2_feat10_sticky90_vpin055,bb9aa229a5884654,20260823,drive-sample-6e,True,,6.0
6E_Z5996,2026-06-15,2026-06-15 00:41:00+00:00,1,normal,0.0,1.0,0.0,0.3748601736907372,16,gate_tf_causal_bal_v2_feat10_sticky90_vpin055,bb9aa229a5884654,20260823,drive-sample-6e,True,,3.0
6E_Z6008,2026-06-15,2026-06-15 00:53:00+00:00,0,calmo,1.0,0.0,0.0,0.3194220350466516,9,gate_tf_causal_bal_v2_feat10_sticky90_vpin055,bb9aa229a5884654,20260823,drive-sample-6e,True,,5.0
6E_Z6020,2026-06-15,2026-06-15 01:05:00+00:00,1,normal,0.0,1.0,0.0,0.2881721536587014,2,gate_tf_causal_bal_v2_feat10_sticky90_vpin055,bb9aa229a5884654,20260823,drive-sample-6e,True,,2.0
6E_Z6032,2026-06-15,2026-06-15 01:17:00+00:00,2,volatil,0.0,0.0,1.0,0.3453248562912519,7,gate_tf_causal_bal_v2_feat10_sticky90_vpin055,bb9aa229a5884654,20260823,drive-sample-6e,True,,4.0
6E_Z6044,2026-06-15,2026-06-15 01:29:00+00:00,0,calmo,1.0,0.0,0.0,0.4984906711210731,4,gate_tf_causal_bal_v2_feat10_sticky90_vpin055,bb9aa229a5884654,20260823,drive-sample-6e,True,,6.0
6E_Z6056,2026-06-15,2026-06-15 01:41:00+00:00,0,calmo,1.0,0.0,0.0,0.5705204721180851,16,gate_tf_causal_bal_v2_feat10_sticky90_vpin055,bb9aa229a5884654,20260823,drive-sample-6e,True,,3.0
6E_Z6068,2026-06-15,2026-06-15 01:53:00+00:00,0,calmo,1.0,0.0,0.0,0.530849246505683,28,gate_tf_causal_bal_v2_feat10_sticky90_vpin055,bb9aa229a5884654,20260823,drive-sample-6e,True,,5.0
6E_Z6080,2026-06-15,2026-06-15 02:05:00+00:00,1,normal,0.0,1.0,0.0,0.4666604504801099,8,gate_tf_causal_bal_v2_feat10_sticky90_vpin055,bb9aa229a5884654,20260823,drive-sample-6e,True,,2.0
6E_Z6092,2026-06-15,2026-06-15 02:19:00+00:00,1,normal,0.0,1.0,0.0,0.4988048878726158,7,gate_tf_causal_bal_v2_feat10_sticky90_vpin055,bb9aa229a5884654,20260823,drive-sample-6e,True,,4.0
6E_Z6104,2026-06-15,2026-06-15 02:31:00+00:00,1,normal,0.0,1.0,0.0,0.5173946044572436,3,gate_tf_causal_bal_v2_feat10_sticky90_vpin055,bb9aa229a5884654,20260823,drive-sample-6e,True,,6.0
6E_Z6116,2026-06-15,2026-06-15 02:44:00+00:00,0,calmo,1.0,0.0,0.0,0.569697743995992,2,gate_tf_causal_bal_v2_feat10_sticky90_vpin055,bb9aa229a5884654,20260823,drive-sample-6e,True,,3.0
6E_Z6128,2026-06-15,2026-06-15 02:57:00+00:00,0,calmo,1.0,0.0,0.0,0.5600515987512892,14,gate_tf_causal_bal_v2_feat10_sticky90_vpin055,bb9aa229a5884654,20260823,drive-sample-6e,True,,5.0
6E_Z6140,2026-06-15,2026-06-15 03:10:00+00:00,1,normal,0.0,1.0,0.0,0.5220088043798944,3,gate_tf_causal_bal_v2_feat10_sticky90_vpin055,bb9aa229a5884654,20260823,drive-sample-6e,True,,2.0
6E_Z6152,2026-06-15,2026-06-15 03:23:00+00:00,0,calmo,1.0,0.0,0.0,0.5504102277813179,0,gate_tf_causal_bal_v2_feat10_sticky90_vpin055,bb9aa229a5884654,20260823,drive-sample-6e,True,,4.0
6E_Z6164,2026-06-15,2026-06-15 03:35:00+00:00,0,calmo,1.0,0.0,0.0,0.5730028904192288,12,gate_tf_causal_bal_v2_feat10_sticky90_vpin055,bb9aa229a5884654,20260823,drive-sample-6e,True,,6.0
6E_Z6176,2026-06-15,2026-06-15 03:47:00+00:00,0,calmo,1.0,0.0,0.0,0.5241589133982519,24,gate_tf_causal_bal_v2_feat10_sticky90_vpin055,bb9aa229a5884654,20260823,drive-sample-6e,True,,3.0
6E_Z6188,2026-06-15,2026-06-15 03:59:00+00:00,0,calmo,1.0,0.0,0.0,0.4869301685082713,36,gate_tf_causal_bal_v2_feat10_sticky90_vpin055,bb9aa229a5884654,20260823,drive-sample-6e,True,,5.0
6E_Z6200,2026-06-15,2026-06-15 04:14:00+00:00,0,calmo,1.0,0.0,0.0,0.51961811625345,48,gate_tf_causal_bal_v2_feat10_sticky90_vpin055,bb9aa229a5884654,20260823,drive-sample-6e,True,,2.0
6E_Z6212,2026-06-15,2026-06-15 04:27:00+00:00,0,calmo,1.0,0.0,0.0,0.5929804194560987,60,gate_tf_causal_bal_v2_feat10_sticky90_vpin055,bb9aa229a5884654,20260823,drive-sample-6e,True,,4.0
6E_Z6224,2026-06-15,2026-06-15 04:39:00+00:00,0,calmo,1.0,0.0,0.0,0.5894154636039911,72,gate_tf_causal_bal_v2_feat10_sticky90_vpin055,bb9aa229a5884654,20260823,drive-sample-6e,True,,6.0
6E_Z6236,2026-06-15,2026-06-15 04:51:00+00:00,0,calmo,1.0,0.0,0.0,0.6032355223735265,84,gate_tf_causal_bal_v2_feat10_sticky90_vpin055,bb9aa229a5884654,20260823,drive-sample-6e,True,,3.0
6E_Z6248,2026-06-15,2026-06-15 05:03:00+00:00,0,calmo,1.0,0.0,0.0,0.5785602161398149,96,gate_tf_causal_bal_v2_feat10_sticky90_vpin055,bb9aa229a5884654,20260823,drive-sample-6e,True,,5.0
6E_Z6260,2026-06-15,2026-06-15 05:15:00+00:00,2,volatil,0.0,0.0,1.0,0.4723002583475253,3,gate_tf_causal_bal_v2_feat10_sticky90_vpin055,bb9aa229a5884654,20260823,drive-sample-6e,True,,2.0
6E_Z6272,2026-06-15,2026-06-15 05:27:00+00:00,0,calmo,1.0,0.0,0.0,0.3648837473903853,0,gate_tf_causal_bal_v2_feat10_sticky90_vpin055,bb9aa229a5884654,20260823,drive-sample-6e,True,,4.0
6E_Z6284,2026-06-15,2026-06-15 05:39:00+00:00,1,normal,0.0,1.0,0.0,0.3621179307848691,1,gate_tf_causal_bal_v2_feat10_sticky90_vpin055,bb9aa229a5884654,20260823,drive-sample-6e,True,,6.0
6E_Z6296,2026-06-15,2026-06-15 05:51:00+00:00,1,normal,0.0,1.0,0.0,0.3796336162048948,13,gate_tf_causal_bal_v2_feat10_sticky90_vpin055,bb9aa229a5884654,20260823,drive-sample-6e,True,,3.0
6E_Z6308,2026-06-15,2026-06-15 06:03:00+00:00,1,normal,0.0,1.0,0.0,0.3716223959865672,25,gate_tf_causal_bal_v2_feat10_sticky90_vpin055,bb9aa229a5884654,20260823,drive-sample-6e,True,,5.0
6E_Z6320,2026-06-15,2026-06-15 06:15:00+00:00,2,volatil,0.0,0.0,1.0,0.3669747656060454,9,gate_tf_causal_bal_v2_feat10_sticky90_vpin055,bb9aa229a5884654,20260823,drive-sample-6e,True,,2.0
6E_Z6332,2026-06-15,2026-06-15 06:27:00+00:00,1,normal,0.0,1.0,0.0,0.3349639059891313,0,gate_tf_causal_bal_v2_feat10_sticky90_vpin055,bb9aa229a5884654,20260823,drive-sample-6e,True,,4.0
6E_Z6344,2026-06-15,2026-06-15 06:39:00+00:00,2,volatil,0.0,0.0,1.0,0.3160242120592001,7,gate_tf_causal_bal_v2_feat10_sticky90_vpin055,bb9aa229a5884654,20260823,drive-sample-6e,True,,6.0
6E_Z6356,2026-06-15,2026-06-15 06:51:00+00:00,0,calmo,1.0,0.0,0.0,0.3294054848611559,1,gate_tf_causal_bal_v2_feat10_sticky90_vpin055,bb9aa229a5884654,20260823,drive-sample-6e,True,,3.0
6E_Z6368,2026-06-15,2026-06-15 07:03:00+00:00,2,volatil,0.0,0.0,1.0,0.2876616277874139,1,gate_tf_causal_bal_v2_feat10_sticky90_vpin055,bb9aa229a5884654,20260823,drive-sample-6e,True,,5.0
6E_Z6380,2026-06-15,2026-06-15 07:15:00+00:00,2,volatil,0.0,0.0,1.0,0.2455824395422109,13,gate_tf_causal_bal_v2_feat10_sticky90_vpin055,bb9aa229a5884654,20260823,drive-sample-6e,True,,2.0
6E_Z6392,2026-06-15,2026-06-15 07:27:00+00:00,2,volatil,0.0,0.0,1.0,0.2680773362999228,25,gate_tf_causal_bal_v2_feat10_sticky90_vpin055,bb9aa229a5884654,20260823,drive-sample-6e,True,,4.0
6E_Z6404,2026-06-15,2026-06-15 07:39:00+00:00,2,volatil,0.0,0.0,1.0,0.2557201937215951,37,gate_tf_causal_bal_v2_feat10_sticky90_vpin055,bb9aa229a5884654,20260823,drive-sample-6e,True,,6.0
6E_Z6416,2026-06-15,2026-06-15 07:51:00+00:00,1,normal,0.0,1.0,0.0,0.2460168744047295,0,gate_tf_causal_bal_v2_feat10_sticky90_vpin055,bb9aa229a5884654,20260823,drive-sample-6e,True,,3.0
6E_Z6428,2026-06-15,2026-06-15 08:03:00+00:00,1,normal,0.0,1.0,0.0,0.2842441556953946,1,gate_tf_causal_bal_v2_feat10_sticky90_vpin055,bb9aa229a5884654,20260823,drive-sample-6e,True,,5.0
6E_Z6440,2026-06-15,2026-06-15 08:15:00+00:00,1,normal,0.0,1.0,0.0,0.3000552641966036,1,gate_tf_causal_bal_v2_feat10_sticky90_vpin055,bb9aa229a5884654,20260823,drive-sample-6e,True,,2.0
6E_Z6452,2026-06-15,2026-06-15 08:27:00+00:00,1,normal,0.0,1.0,0.0,0.2380683926544273,4,gate_tf_causal_bal_v2_feat10_sticky90_vpin055,bb9aa229a5884654,20260823,drive-sample-6e,True,,4.0
6E_Z6464,2026-06-15,2026-06-15 08:39:00+00:00,2,volatil,0.0,0.0,1.0,0.2836833590979764,1,gate_tf_causal_bal_v2_feat10_sticky90_vpin055,bb9aa229a5884654,20260823,drive-sample-6e,True,,6.0
6E_Z6476,2026-06-15,2026-06-15 08:51:00+00:00,2,volatil,0.0,0.0,1.0,0.2751197800529801,1,gate_tf_causal_bal_v2_feat10_sticky90_vpin055,bb9aa229a5884654,20260823,drive-sample-6e,True,,3.0
6E_Z6488,2026-06-15,2026-06-15 09:03:00+00:00,2,volatil,0.0,0.0,1.0,0.3252268244894519,13,gate_tf_causal_bal_v2_feat10_sticky90_vpin055,bb9aa229a5884654,20260823,drive-sample-6e,True,,5.0
6E_Z6500,2026-06-15,2026-06-15 09:15:00+00:00,2,volatil,0.0,0.0,1.0,0.3571266288212817,25,gate_tf_causal_bal_v2_feat10_sticky90_vpin055,bb9aa229a5884654,20260823,drive-sample-6e,True,,2.0
6E_Z6512,2026-06-15,2026-06-15 09:27:00+00:00,1,normal,0.0,1.0,0.0,0.3128674515884881,2,gate_tf_causal_bal_v2_feat10_sticky90_vpin055,bb9aa229a5884654,20260823,drive-sample-6e,True,,4.0
6E_Z6524,2026-06-15,2026-06-15 09:39:00+00:00,0,calmo,1.0,0.0,0.0,0.2996370066140261,0,gate_tf_causal_bal_v2_feat10_sticky90_vpin055,bb9aa229a5884654,20260823,drive-sample-6e,True,,6.0
6E_Z6536,2026-06-15,2026-06-15 09:51:00+00:00,0,calmo,1.0,0.0,0.0,0.2806268310447987,0,gate_tf_causal_bal_v2_feat10_sticky90_vpin055,bb9aa229a5884654,20260823,drive-sample-6e,True,,3.0
6E_Z6548,2026-06-15,2026-06-15 10:03:00+00:00,1,normal,0.0,1.0,0.0,0.2808158833382772,2,gate_tf_causal_bal_v2_feat10_sticky90_vpin055,bb9aa229a5884654,20260823,drive-sample-6e,True,,5.0
6E_Z6560,2026-06-15,2026-06-15 10:15:00+00:00,1,normal,0.0,1.0,0.0,0.2925996110273861,14,gate_tf_causal_bal_v2_feat10_sticky90_vpin055,bb9aa229a5884654,20260823,drive-sample-6e,True,,2.0
6E_Z6572,2026-06-15,2026-06-15 10:27:00+00:00,0,calmo,1.0,0.0,0.0,0.3647544536894743,1,gate_tf_causal_bal_v2_feat10_sticky90_vpin055,bb9aa229a5884654,20260823,drive-sample-6e,True,,4.0
6E_Z6584,2026-06-15,2026-06-15 10:39:00+00:00,0,calmo,1.0,0.0,0.0,0.3859975358032963,10,gate_tf_causal_bal_v2_feat10_sticky90_vpin055,bb9aa229a5884654,20260823,drive-sample-6e,True,,6.0
6E_Z6596,2026-06-15,2026-06-15 10:51:00+00:00,0,calmo,1.0,0.0,0.0,0.3774744020860268,0,gate_tf_causal_bal_v2_feat10_sticky90_vpin055,bb9aa229a5884654,20260823,drive-sample-6e,True,,3.0
6E_Z6608,2026-06-15,2026-06-15 11:03:00+00:00,2,volatil,0.0,0.0,1.0,0.348591515844892,10,gate_tf_causal_bal_v2_feat10_sticky90_vpin055,bb9aa229a5884654,20260823,drive-sample-6e,True,,5.0
6E_Z6620,2026-06-15,2026-06-15 11:15:00+00:00,1,normal,0.0,1.0,0.0,0.3596507071503875,8,gate_tf_causal_bal_v2_feat10_sticky90_vpin055,bb9aa229a5884654,20260823,drive-sample-6e,True,,2.0
6E_Z6632,2026-06-15,2026-06-15 11:27:00+00:00,2,volatil,0.0,0.0,1.0,0.3558509226659169,3,gate_tf_causal_bal_v2_feat10_sticky90_vpin055,bb9aa229a5884654,20260823,drive-sample-6e,True,,4.0
6E_Z6644,2026-06-15,2026-06-15 11:39:00+00:00,1,normal,0.0,1.0,0.0,0.3889028567655326,11,gate_tf_causal_bal_v2_feat10_sticky90_vpin055,bb9aa229a5884654,20260823,drive-sample-6e,True,,6.0
6E_Z6656,2026-06-15,2026-06-15 11:51:00+00:00,2,volatil,0.0,0.0,1.0,0.3473868807596505,8,gate_tf_causal_bal_v2_feat10_sticky90_vpin055,bb9aa229a5884654,20260823,drive-sample-6e,True,,3.0
6E_Z6668,2026-06-15,2026-06-15 12:03:00+00:00,2,volatil,0.0,0.0,1.0,0.3143005439082313,20,gate_tf_causal_bal_v2_feat10_sticky90_vpin055,bb9aa229a5884654,20260823,drive-sample-6e,True,,5.0
6E_Z6680,2026-06-15,2026-06-15 12:15:00+00:00,2,volatil,0.0,0.0,1.0,0.3376385914948875,32,gate_tf_causal_bal_v2_feat10_sticky90_vpin055,bb9aa229a5884654,20260823,drive-sample-6e,True,,2.0
6E_Z6692,2026-06-15,2026-06-15 12:27:00+00:00,1,normal,0.0,1.0,0.0,0.3173874548783614,2,gate_tf_causal_bal_v2_feat10_sticky90_vpin055,bb9aa229a5884654,20260823,drive-sample-6e,True,,4.0
6E_Z6704,2026-06-15,2026-06-15 12:39:00+00:00,1,normal,0.0,1.0,0.0,0.3342021619661225,3,gate_tf_causal_bal_v2_feat10_sticky90_vpin055,bb9aa229a5884654,20260823,drive-sample-6e,True,,6.0
6E_Z6716,2026-06-15,2026-06-15 12:51:00+00:00,2,volatil,0.0,0.0,1.0,0.4060634882452191,5,gate_tf_causal_bal_v2_feat10_sticky90_vpin055,bb9aa229a5884654,20260823,drive-sample-6e,True,,3.0
6E_Z6728,2026-06-15,2026-06-15 13:03:00+00:00,2,volatil,0.0,0.0,1.0,0.3658186496687171,10,gate_tf_causal_bal_v2_feat10_sticky90_vpin055,bb9aa229a5884654,20260823,drive-sample-6e,True,,5.0
6E_Z6740,2026-06-15,2026-06-15 13:15:00+00:00,2,volatil,0.0,0.0,1.0,0.295698055862439,22,gate_tf_causal_bal_v2_feat10_sticky90_vpin055,bb9aa229a5884654,20260823,drive-sample-6e,True,,2.0
6E_Z6752,2026-06-15,2026-06-15 13:27:00+00:00,0,calmo,1.0,0.0,0.0,0.2674294456838562,1,gate_tf_causal_bal_v2_feat10_sticky90_vpin055,bb9aa229a5884654,20260823,drive-sample-6e,True,,4.0
6E_Z6764,2026-06-15,2026-06-15 13:39:00+00:00,1,normal,0.0,1.0,0.0,0.2371024220687626,5,gate_tf_causal_bal_v2_feat10_sticky90_vpin055,bb9aa229a5884654,20260823,drive-sample-6e,True,,6.0
6E_Z6776,2026-06-15,2026-06-15 13:51:00+00:00,2,volatil,0.0,0.0,1.0,0.2250355128751452,1,gate_tf_causal_bal_v2_feat10_sticky90_vpin055,bb9aa229a5884654,20260823,drive-sample-6e,True,,3.0
6E_Z6788,2026-06-15,2026-06-15 14:03:00+00:00,1,normal,0.0,1.0,0.0,0.2470917150405803,5,gate_tf_causal_bal_v2_feat10_sticky90_vpin055,bb9aa229a5884654,20260823,drive-sample-6e,True,,5.0
6E_Z6800,2026-06-15,2026-06-15 14:15:00+00:00,2,volatil,0.0,0.0,1.0,0.2514920719716562,3,gate_tf_causal_bal_v2_feat10_sticky90_vpin055,bb9aa229a5884654,20260823,drive-sample-6e,True,,2.0
6E_Z6812,2026-06-15,2026-06-15 14:27:00+00:00,1,normal,0.0,1.0,0.0,0.2292739550589622,3,gate_tf_causal_bal_v2_feat10_sticky90_vpin055,bb9aa229a5884654,20260823,drive-sample-6e,True,,4.0
6E_Z6824,2026-06-15,2026-06-15 14:39:00+00:00,2,volatil,0.0,0.0,1.0,0.2413164926261892,0,gate_tf_causal_bal_v2_feat10_sticky90_vpin055,bb9aa229a5884654,20260823,drive-sample-6e,True,,6.0
6E_Z6836,2026-06-15,2026-06-15 14:51:00+00:00,1,normal,0.0,1.0,0.0,0.2283726102249534,2,gate_tf_causal_bal_v2_feat10_sticky90_vpin055,bb9aa229a5884654,20260823,drive-sample-6e,True,,3.0
6E_Z6848,2026-06-15,2026-06-15 15:03:00+00:00,2,volatil,0.0,0.0,1.0,0.193362547436242,8,gate_tf_causal_bal_v2_feat10_sticky90_vpin055,bb9aa229a5884654,20260823,drive-sample-6e,True,,5.0
6E_Z6860,2026-06-15,2026-06-15 15:15:00+00:00,1,normal,0.0,1.0,0.0,0.183173789941486,3,gate_tf_causal_bal_v2_feat10_sticky90_vpin055,bb9aa229a5884654,20260823,drive-sample-6e,True,,2.0
6E_Z6872,2026-06-15,2026-06-15 15:27:00+00:00,2,volatil,0.0,0.0,1.0,0.1941983367834134,1,gate_tf_causal_bal_v2_feat10_sticky90_vpin055,bb9aa229a5884654,20260823,drive-sample-6e,True,,4.0
6E_Z6884,2026-06-15,2026-06-15 15:39:00+00:00,1,normal,0.0,1.0,0.0,0.2439854788009204,1,gate_tf_causal_bal_v2_feat10_sticky90_vpin055,bb9aa229a5884654,20260823,drive-sample-6e,True,,6.0
6E_Z6896,2026-06-15,2026-06-15 15:51:00+00:00,1,normal,0.0,1.0,0.0,0.2511674661448742,3,gate_tf_causal_bal_v2_feat10_sticky90_vpin055,bb9aa229a5884654,20260823,drive-sample-6e,True,,3.0
6E_Z6908,2026-06-15,2026-06-15 16:03:00+00:00,0,calmo,1.0,0.0,0.0,0.234799063734228,4,gate_tf_causal_bal_v2_feat10_sticky90_vpin055,bb9aa229a5884654,20260823,drive-sample-6e,True,,5.0
6E_Z6920,2026-06-15,2026-06-15 16:15:00+00:00,0,calmo,1.0,0.0,0.0,0.2574459639660875,16,gate_tf_causal_bal_v2_feat10_sticky90_vpin055,bb9aa229a5884654,20260823,drive-sample-6e,True,,2.0
6E_Z6932,2026-06-15,2026-06-15 16:27:00+00:00,0,calmo,1.0,0.0,0.0,0.2569541474364446,28,gate_tf_causal_bal_v2_feat10_sticky90_vpin055,bb9aa229a5884654,20260823,drive-sample-6e,True,,4.0
6E_Z6944,2026-06-15,2026-06-15 16:39:00+00:00,1,normal,0.0,1.0,0.0,0.3159036448350544,4,gate_tf_causal_bal_v2_feat10_sticky90_vpin055,bb9aa229a5884654,20260823,drive-sample-6e,True,,6.0
6E_Z6956,2026-06-15,2026-06-15 16:51:00+00:00,2,volatil,0.0,0.0,1.0,0.370437043516577,9,gate_tf_causal_bal_v2_feat10_sticky90_vpin055,bb9aa229a5884654,20260823,drive-sample-6e,True,,3.0
6E_Z6968,2026-06-15,2026-06-15 17:03:00+00:00,1,normal,0.0,1.0,0.0,0.3628496542396609,4,gate_tf_causal_bal_v2_feat10_sticky90_vpin055,bb9aa229a5884654,20260823,drive-sample-6e,True,,5.0
6E_Z6980,2026-06-15,2026-06-15 17:15:00+00:00,1,normal,0.0,1.0,0.0,0.3824377190181061,16,gate_tf_causal_bal_v2_feat10_sticky90_vpin055,bb9aa229a5884654,20260823,drive-sample-6e,True,,2.0
6E_Z6992,2026-06-15,2026-06-15 17:27:00+00:00,0,calmo,1.0,0.0,0.0,0.3983261371575619,2,gate_tf_causal_bal_v2_feat10_sticky90_vpin055,bb9aa229a5884654,20260823,drive-sample-6e,True,,4.0
6E_Z7004,2026-06-15,2026-06-15 17:39:00+00:00,0,calmo,1.0,0.0,0.0,0.3597670920723208,14,gate_tf_causal_bal_v2_feat10_sticky90_vpin055,bb9aa229a5884654,20260823,drive-sample-6e,True,,6.0
6E_Z7016,2026-06-15,2026-06-15 17:51:00+00:00,0,calmo,1.0,0.0,0.0,0.3726463755601957,26,gate_tf_causal_bal_v2_feat10_sticky90_vpin055,bb9aa229a5884654,20260823,drive-sample-6e,True,,3.0
6E_Z7028,2026-06-15,2026-06-15 18:03:00+00:00,0,calmo,1.0,0.0,0.0,0.3772526561213601,38,gate_tf_causal_bal_v2_feat10_sticky90_vpin055,bb9aa229a5884654,20260823,drive-sample-6e,True,,5.0
6E_Z7040,2026-06-15,2026-06-15 18:15:00+00:00,0,calmo,1.0,0.0,0.0,0.3152032575166467,0,gate_tf_causal_bal_v2_feat10_sticky90_vpin055,bb9aa229a5884654,20260823,drive-sample-6e,True,,2.0
6E_Z7052,2026-06-15,2026-06-15 18:27:00+00:00,0,calmo,1.0,0.0,0.0,0.2874514280350075,9,gate_tf_causal_bal_v2_feat10_sticky90_vpin055,bb9aa229a5884654,20260823,drive-sample-6e,True,,4.0
6E_Z7064,2026-06-15,2026-06-15 18:39:00+00:00,0,calmo,1.0,0.0,0.0,0.3262962979312828,21,gate_tf_causal_bal_v2_feat10_sticky90_vpin055,bb9aa229a5884654,20260823,drive-sample-6e,True,,6.0
6E_Z7076,2026-06-15,2026-06-15 18:51:00+00:00,0,calmo,1.0,0.0,0.0,0.4019150836808344,9,gate_tf_causal_bal_v2_feat10_sticky90_vpin055,bb9aa229a5884654,20260823,drive-sample-6e,True,,3.0
6E_Z7088,2026-06-15,2026-06-15 19:03:00+00:00,1,normal,0.0,1.0,0.0,0.403449410362395,0,gate_tf_causal_bal_v2_feat10_sticky90_vpin055,bb9aa229a5884654,20260823,drive-sample-6e,True,,5.0
6E_Z7100,2026-06-15,2026-06-15 19:15:00+00:00,2,volatil,0.0,0.0,1.0,0.3465800259405759,5,gate_tf_causal_bal_v2_feat10_sticky90_vpin055,bb9aa229a5884654,20260823,drive-sample-6e,True,,2.0
6E_Z7112,2026-06-15,2026-06-15 19:27:00+00:00,0,calmo,1.0,0.0,0.0,0.3729194065767582,3,gate_tf_causal_bal_v2_feat10_sticky90_vpin055,bb9aa229a5884654,20260823,drive-sample-6e,True,,4.0
6E_Z7124,2026-06-15,2026-06-15 19:39:00+00:00,0,calmo,1.0,0.0,0.0,0.3483327872724464,5,gate_tf_causal_bal_v2_feat10_sticky90_vpin055,bb9aa229a5884654,20260823,drive-sample-6e,True,,6.0
6E_Z7136,2026-06-15,2026-06-15 19:51:00+00:00,0,calmo,1.0,0.0,0.0,0.2938877184773183,17,gate_tf_causal_bal_v2_feat10_sticky90_vpin055,bb9aa229a5884654,20260823,drive-sample-6e,True,,3.0
6E_Z7148,2026-06-15,2026-06-15 20:03:00+00:00,2,volatil,0.0,0.0,1.0,0.3006901542751917,2,gate_tf_causal_bal_v2_feat10_sticky90_vpin055,bb9aa229a5884654,20260823,drive-sample-6e,True,,5.0
6E_Z7160,2026-06-15,2026-06-15 20:15:00+00:00,0,calmo,1.0,0.0,0.0,0.4165609876618598,1,gate_tf_causal_bal_v2_feat10_sticky90_vpin055,bb9aa229a5884654,20260823,drive-sample-6e,True,,2.0
6E_Z7172,2026-06-15,2026-06-15 20:27:00+00:00,0,calmo,1.0,0.0,0.0,0.6047181417347509,13,gate_tf_causal_bal_v2_feat10_sticky90_vpin055,bb9aa229a5884654,20260823,drive-sample-6e,True,,4.0
6E_Z7184,2026-06-15,2026-06-15 20:39:00+00:00,0,calmo,1.0,0.0,0.0,0.7237785924813439,25,gate_tf_causal_bal_v2_feat10_sticky90_vpin055,bb9aa229a5884654,20260823,drive-sample-6e,True,,6.0
6E_Z7196,2026-06-15,2026-06-15 20:51:00+00:00,0,calmo,1.0,0.0,0.0,0.6734146061092932,37,gate_tf_causal_bal_v2_feat10_sticky90_vpin055,bb9aa229a5884654,20260823,drive-sample-6e,True,,3.0
6E_Z7208,2026-06-15,2026-06-15 22:04:00+00:00,0,calmo,1.0,0.0,0.0,0.6542747142682376,49,gate_tf_causal_bal_v2_feat10_sticky90_vpin055,bb9aa229a5884654,20260823,drive-sample-6e,True,,5.0
6E_Z7220,2026-06-15,2026-06-15 22:17:00+00:00,0,calmo,1.0,0.0,0.0,0.555243654020327,61,gate_tf_causal_bal_v2_feat10_sticky90_vpin055,bb9aa229a5884654,20260823,drive-sample-6e,True,,2.0
6E_Z7232,2026-06-15,2026-06-15 22:35:00+00:00,0,calmo,1.0,0.0,0.0,0.5082385305584367,73,gate_tf_causal_bal_v2_feat10_sticky90_vpin055,bb9aa229a5884654,20260823,drive-sample-6e,True,,4.0
6E_Z7244,2026-06-15,2026-06-15 22:50:00+00:00,0,calmo,1.0,0.0,0.0,0.647181291974525,85,gate_tf_causal_bal_v2_feat10_sticky90_vpin055,bb9aa229a5884654,20260823,drive-sample-6e,True,,6.0
6E_Z7256,2026-06-15,2026-06-15 23:07:00+00:00,0,calmo,1.0,0.0,0.0,0.7393662607892845,97,gate_tf_causal_bal_v2_feat10_sticky90_vpin055,bb9aa229a5884654,20260823,drive-sample-6e,True,,3.0
6E_Z7268,2026-06-15,2026-06-15 23:20:00+00:00,0,calmo,1.0,0.0,0.0,0.8103201085288466,109,gate_tf_causal_bal_v2_feat10_sticky90_vpin055,bb9aa229a5884654,20260823,drive-sample-6e,True,,5.0
6E_Z7280,2026-06-15,2026-06-15 23:41:00+00:00,0,calmo,1.0,0.0,0.0,0.7615800677687073,121,gate_tf_causal_bal_v2_feat10_sticky90_vpin055,bb9aa229a5884654,20260823,drive-sample-6e,True,,2.0
6E_Z7292,2026-06-15,2026-06-15 23:54:00+00:00,0,calmo,1.0,0.0,0.0,0.6672673162612968,133,gate_tf_causal_bal_v2_feat10_sticky90_vpin055,bb9aa229a5884654,20260823,drive-sample-6e,True,,4.0
6E_Z7304,2026-06-16,2026-06-16 00:06:00+00:00,0,calmo,1.0,0.0,0.0,0.5662448055881649,145,gate_tf_causal_bal_v2_feat10_sticky90_vpin055,bb9aa229a5884654,20260823,drive-sample-6e,True,,6.0
6E_Z7316,2026-06-16,2026-06-16 00:18:00+00:00,0,calmo,1.0,0.0,0.0,0.457026540530029,157,gate_tf_causal_bal_v2_feat10_sticky90_vpin055,bb9aa229a5884654,20260823,drive-sample-6e,True,,3.0
6E_Z7328,2026-06-16,2026-06-16 00:31:00+00:00,0,calmo,1.0,0.0,0.0,0.5198101388178291,169,gate_tf_causal_bal_v2_feat10_sticky90_vpin055,bb9aa229a5884654,20260823,drive-sample-6e,True,,5.0
6E_Z7340,2026-06-16,2026-06-16 00:43:00+00:00,0,calmo,1.0,0.0,0.0,0.6233002664117215,181,gate_tf_causal_bal_v2_feat10_sticky90_vpin055,bb9aa229a5884654,20260823,drive-sample-6e,True,,2.0
6E_Z7352,2026-06-16,2026-06-16 00:57:00+00:00,0,calmo,1.0,0.0,0.0,0.593524865283695,193,gate_tf_causal_bal_v2_feat10_sticky90_vpin055,bb9aa229a5884654,20260823,drive-sample-6e,True,,4.0
6E_Z7364,2026-06-16,2026-06-16 01:09:00+00:00,1,normal,0.0,1.0,0.0,0.4669846244482265,1,gate_tf_causal_bal_v2_feat10_sticky90_vpin055,bb9aa229a5884654,20260823,drive-sample-6e,True,,6.0
6E_Z7376,2026-06-16,2026-06-16 01:21:00+00:00,1,normal,0.0,1.0,0.0,0.4900682782589097,10,gate_tf_causal_bal_v2_feat10_sticky90_vpin055,bb9aa229a5884654,20260823,drive-sample-6e,True,,3.0
6E_Z7388,2026-06-16,2026-06-16 01:33:00+00:00,1,normal,0.0,1.0,0.0,0.5491476548673826,22,gate_tf_causal_bal_v2_feat10_sticky90_vpin055,bb9aa229a5884654,20260823,drive-sample-6e,True,,5.0
6E_Z7400,2026-06-16,2026-06-16 01:45:00+00:00,1,normal,0.0,1.0,0.0,0.5392897661269659,34,gate_tf_causal_bal_v2_feat10_sticky90_vpin055,bb9aa229a5884654,20260823,drive-sample-6e,True,,2.0
6E_Z7412,2026-06-16,2026-06-16 01:58:00+00:00,2,volatil,0.0,0.0,1.0,0.5326306510595815,10,gate_tf_causal_bal_v2_feat10_sticky90_vpin055,bb9aa229a5884654,20260823,drive-sample-6e,True,,4.0
6E_Z7424,2026-06-16,2026-06-16 02:10:00+00:00,0,calmo,1.0,0.0,0.0,0.5315559536142158,2,gate_tf_causal_bal_v2_feat10_sticky90_vpin055,bb9aa229a5884654,20260823,drive-sample-6e,True,,6.0
6E_Z7436,2026-06-16,2026-06-16 02:23:00+00:00,1,normal,0.0,1.0,0.0,0.5290102463965757,2,gate_tf_causal_bal_v2_feat10_sticky90_vpin055,bb9aa229a5884654,20260823,drive-sample-6e,True,,3.0
6E_Z7448,2026-06-16,2026-06-16 02:35:00+00:00,0,calmo,1.0,0.0,0.0,0.5048686696031635,6,gate_tf_causal_bal_v2_feat10_sticky90_vpin055,bb9aa229a5884654,20260823,drive-sample-6e,True,,5.0
6E_Z7460,2026-06-16,2026-06-16 02:48:00+00:00,0,calmo,1.0,0.0,0.0,0.5094728136494181,18,gate_tf_causal_bal_v2_feat10_sticky90_vpin055,bb9aa229a5884654,20260823,drive-sample-6e,True,,2.0
6E_Z7472,2026-06-16,2026-06-16 03:00:00+00:00,0,calmo,1.0,0.0,0.0,0.5403708520048789,30,gate_tf_causal_bal_v2_feat10_sticky90_vpin055,bb9aa229a5884654,20260823,drive-sample-6e,True,,4.0
6E_Z7484,2026-06-16,2026-06-16 03:14:00+00:00,0,calmo,1.0,0.0,0.0,0.5410753689707389,5,gate_tf_causal_bal_v2_feat10_sticky90_vpin055,bb9aa229a5884654,20260823,drive-sample-6e,True,,6.0
6E_Z7496,2026-06-16,2026-06-16 03:27:00+00:00,0,calmo,1.0,0.0,0.0,0.5179147327906269,17,gate_tf_causal_bal_v2_feat10_sticky90_vpin055,bb9aa229a5884654,20260823,drive-sample-6e,True,,3.0
6E_Z7508,2026-06-16,2026-06-16 03:39:00+00:00,0,calmo,1.0,0.0,0.0,0.5085236002960462,3,gate_tf_causal_bal_v2_feat10_sticky90_vpin055,bb9aa229a5884654,20260823,drive-sample-6e,True,,5.0
6E_Z7520,2026-06-16,2026-06-16 03:52:00+00:00,0,calmo,1.0,0.0,0.0,0.5292616098498452,15,gate_tf_causal_bal_v2_feat10_sticky90_vpin055,bb9aa229a5884654,20260823,drive-sample-6e,True,,2.0
6E_Z7532,2026-06-16,2026-06-16 04:05:00+00:00,0,calmo,1.0,0.0,0.0,0.6358154479819107,27,gate_tf_causal_bal_v2_feat10_sticky90_vpin055,bb9aa229a5884654,20260823,drive-sample-6e,True,,4.0
6E_Z7544,2026-06-16,2026-06-16 04:17:00+00:00,0,calmo,1.0,0.0,0.0,0.6610440053880472,39,gate_tf_causal_bal_v2_feat10_sticky90_vpin055,bb9aa229a5884654,20260823,drive-sample-6e,True,,6.0
6E_Z7556,2026-06-16,2026-06-16 04:29:00+00:00,1,normal,0.0,1.0,0.0,0.5257227675645768,4,gate_tf_causal_bal_v2_feat10_sticky90_vpin055,bb9aa229a5884654,20260823,drive-sample-6e,True,,3.0
6E_Z7568,2026-06-16,2026-06-16 04:41:00+00:00,1,normal,0.0,1.0,0.0,0.446691313110849,1,gate_tf_causal_bal_v2_feat10_sticky90_vpin055,bb9aa229a5884654,20260823,drive-sample-6e,True,,5.0
6E_Z7580,2026-06-16,2026-06-16 04:54:00+00:00,0,calmo,1.0,0.0,0.0,0.4967494132676234,5,gate_tf_causal_bal_v2_feat10_sticky90_vpin055,bb9aa229a5884654,20260823,drive-sample-6e,True,,2.0
6E_Z7592,2026-06-16,2026-06-16 05:06:00+00:00,0,calmo,1.0,0.0,0.0,0.6035712428536385,4,gate_tf_causal_bal_v2_feat10_sticky90_vpin055,bb9aa229a5884654,20260823,drive-sample-6e,True,,4.0
6E_Z7604,2026-06-16,2026-06-16 05:19:00+00:00,0,calmo,1.0,0.0,0.0,0.5960222128314902,16,gate_tf_causal_bal_v2_feat10_sticky90_vpin055,bb9aa229a5884654,20260823,drive-sample-6e,True,,6.0
6E_Z7616,2026-06-16,2026-06-16 05:32:00+00:00,0,calmo,1.0,0.0,0.0,0.6509893098152111,28,gate_tf_causal_bal_v2_feat10_sticky90_vpin055,bb9aa229a5884654,20260823,drive-sample-6e,True,,3.0
6E_Z7628,2026-06-16,2026-06-16 05:44:00+00:00,0,calmo,1.0,0.0,0.0,0.5702256660515673,40,gate_tf_causal_bal_v2_feat10_sticky90_vpin055,bb9aa229a5884654,20260823,drive-sample-6e,True,,5.0
6E_Z7640,2026-06-16,2026-06-16 05:58:00+00:00,0,calmo,1.0,0.0,0.0,0.4744996100486296,0,gate_tf_causal_bal_v2_feat10_sticky90_vpin055,bb9aa229a5884654,20260823,drive-sample-6e,True,,2.0
6E_Z7652,2026-06-16,2026-06-16 06:10:00+00:00,0,calmo,1.0,0.0,0.0,0.3883687060977366,12,gate_tf_causal_bal_v2_feat10_sticky90_vpin055,bb9aa229a5884654,20260823,drive-sample-6e,True,,4.0
6E_Z7664,2026-06-16,2026-06-16 06:22:00+00:00,1,normal,0.0,1.0,0.0,0.4274413021151311,4,gate_tf_causal_bal_v2_feat10_sticky90_vpin055,bb9aa229a5884654,20260823,drive-sample-6e,True,,6.0
6E_Z7676,2026-06-16,2026-06-16 06:34:00+00:00,1,normal,0.0,1.0,0.0,0.4156317600132744,1,gate_tf_causal_bal_v2_feat10_sticky90_vpin055,bb9aa229a5884654,20260823,drive-sample-6e,True,,3.0
6E_Z7688,2026-06-16,2026-06-16 06:46:00+00:00,2,volatil,0.0,0.0,1.0,0.3940895623732446,2,gate_tf_causal_bal_v2_feat10_sticky90_vpin055,bb9aa229a5884654,20260823,drive-sample-6e,True,,5.0
6E_Z7700,2026-06-16,2026-06-16 06:58:00+00:00,2,volatil,0.0,0.0,1.0,0.3268336889286924,14,gate_tf_causal_bal_v2_feat10_sticky90_vpin055,bb9aa229a5884654,20260823,drive-sample-6e,True,,2.0
6E_Z7712,2026-06-16,2026-06-16 07:10:00+00:00,2,volatil,0.0,0.0,1.0,0.3562035892007397,26,gate_tf_causal_bal_v2_feat10_sticky90_vpin055,bb9aa229a5884654,20260823,drive-sample-6e,True,,4.0
6E_Z7724,2026-06-16,2026-06-16 07:22:00+00:00,1,normal,0.0,1.0,0.0,0.3496551425877499,1,gate_tf_causal_bal_v2_feat10_sticky90_vpin055,bb9aa229a5884654,20260823,drive-sample-6e,True,,6.0
6E_Z7736,2026-06-16,2026-06-16 07:34:00+00:00,2,volatil,0.0,0.0,1.0,0.3638046955089018,1,gate_tf_causal_bal_v2_feat10_sticky90_vpin055,bb9aa229a5884654,20260823,drive-sample-6e,True,,3.0
6E_Z7748,2026-06-16,2026-06-16 07:46:00+00:00,1,normal,0.0,1.0,0.0,0.3792433948276565,2,gate_tf_causal_bal_v2_feat10_sticky90_vpin055,bb9aa229a5884654,20260823,drive-sample-6e,True,,5.0
6E_Z7760,2026-06-16,2026-06-16 07:58:00+00:00,1,normal,0.0,1.0,0.0,0.343247212608015,2,gate_tf_causal_bal_v2_feat10_sticky90_vpin055,bb9aa229a5884654,20260823,drive-sample-6e,True,,2.0
6E_Z7772,2026-06-16,2026-06-16 08:10:00+00:00,1,normal,0.0,1.0,0.0,0.3372196109266136,2,gate_tf_causal_bal_v2_feat10_sticky90_vpin055,bb9aa229a5884654,20260823,drive-sample-6e,True,,4.0
6E_Z7784,2026-06-16,2026-06-16 08:22:00+00:00,2,volatil,0.0,0.0,1.0,0.3473621537511312,4,gate_tf_causal_bal_v2_feat10_sticky90_vpin055,bb9aa229a5884654,20260823,drive-sample-6e,True,,6.0
6E_Z7796,2026-06-16,2026-06-16 08:34:00+00:00,1,normal,0.0,1.0,0.0,0.3337369188806403,10,gate_tf_causal_bal_v2_feat10_sticky90_vpin055,bb9aa229a5884654,20260823,drive-sample-6e,True,,3.0
6E_Z7808,2026-06-16,2026-06-16 08:46:00+00:00,0,calmo,1.0,0.0,0.0,0.3821264238065457,3,gate_tf_causal_bal_v2_feat10_sticky90_vpin055,bb9aa229a5884654,20260823,drive-sample-6e,True,,5.0
6E_Z7820,2026-06-16,2026-06-16 08:58:00+00:00,1,normal,0.0,1.0,0.0,0.4339024196761919,7,gate_tf_causal_bal_v2_feat10_sticky90_vpin055,bb9aa229a5884654,20260823,drive-sample-6e,True,,2.0
6E_Z7832,2026-06-16,2026-06-16 09:10:00+00:00,1,normal,0.0,1.0,0.0,0.4031667290990281,3,gate_tf_causal_bal_v2_feat10_sticky90_vpin055,bb9aa229a5884654,20260823,drive-sample-6e,True,,4.0
6E_Z7844,2026-06-16,2026-06-16 09:22:00+00:00,1,normal,0.0,1.0,0.0,0.3315416676498207,15,gate_tf_causal_bal_v2_feat10_sticky90_vpin055,bb9aa229a5884654,20260823,drive-sample-6e,True,,6.0
6E_Z7856,2026-06-16,2026-06-16 09:34:00+00:00,1,normal,0.0,1.0,0.0,0.3608929235230953,4,gate_tf_causal_bal_v2_feat10_sticky90_vpin055,bb9aa229a5884654,20260823,drive-sample-6e,True,,3.0
6E_Z7868,2026-06-16,2026-06-16 09:46:00+00:00,1,normal,0.0,1.0,0.0,0.3782652665090705,1,gate_tf_causal_bal_v2_feat10_sticky90_vpin055,bb9aa229a5884654,20260823,drive-sample-6e,True,,5.0
6E_Z7880,2026-06-16,2026-06-16 09:58:00+00:00,0,calmo,1.0,0.0,0.0,0.3482122630049837,6,gate_tf_causal_bal_v2_feat10_sticky90_vpin055,bb9aa229a5884654,20260823,drive-sample-6e,True,,2.0
6E_Z7892,2026-06-16,2026-06-16 10:10:00+00:00,0,calmo,1.0,0.0,0.0,0.3387118123373296,18,gate_tf_causal_bal_v2_feat10_sticky90_vpin055,bb9aa229a5884654,20260823,drive-sample-6e,True,,4.0
6E_Z7904,2026-06-16,2026-06-16 10:22:00+00:00,2,volatil,0.0,0.0,1.0,0.3295653014106672,0,gate_tf_causal_bal_v2_feat10_sticky90_vpin055,bb9aa229a5884654,20260823,drive-sample-6e,True,,6.0
6E_Z7916,2026-06-16,2026-06-16 10:34:00+00:00,2,volatil,0.0,0.0,1.0,0.2973706188614527,12,gate_tf_causal_bal_v2_feat10_sticky90_vpin055,bb9aa229a5884654,20260823,drive-sample-6e,True,,3.0
6E_Z7928,2026-06-16,2026-06-16 10:46:00+00:00,0,calmo,1.0,0.0,0.0,0.2948520601330057,9,gate_tf_causal_bal_v2_feat10_sticky90_vpin055,bb9aa229a5884654,20260823,drive-sample-6e,True,,5.0
6E_Z7940,2026-06-16,2026-06-16 10:58:00+00:00,0,calmo,1.0,0.0,0.0,0.2611412258425338,21,gate_tf_causal_bal_v2_feat10_sticky90_vpin055,bb9aa229a5884654,20260823,drive-sample-6e,True,,2.0
6E_Z7952,2026-06-16,2026-06-16 11:10:00+00:00,0,calmo,1.0,0.0,0.0,0.2573701676288557,1,gate_tf_causal_bal_v2_feat10_sticky90_vpin055,bb9aa229a5884654,20260823,drive-sample-6e,True,,4.0
6E_Z7964,2026-06-16,2026-06-16 11:22:00+00:00,0,calmo,1.0,0.0,0.0,0.2827549157024226,1,gate_tf_causal_bal_v2_feat10_sticky90_vpin055,bb9aa229a5884654,20260823,drive-sample-6e,True,,6.0
6E_Z7976,2026-06-16,2026-06-16 11:34:00+00:00,0,calmo,1.0,0.0,0.0,0.3128640821151454,4,gate_tf_causal_bal_v2_feat10_sticky90_vpin055,bb9aa229a5884654,20260823,drive-sample-6e,True,,3.0
6E_Z7988,2026-06-16,2026-06-16 11:46:00+00:00,1,normal,0.0,1.0,0.0,0.3196290033919396,2,gate_tf_causal_bal_v2_feat10_sticky90_vpin055,bb9aa229a5884654,20260823,drive-sample-6e,True,,5.0
6E_Z8000,2026-06-16,2026-06-16 11:58:00+00:00,1,normal,0.0,1.0,0.0,0.3286171212639284,14,gate_tf_causal_bal_v2_feat10_sticky90_vpin055,bb9aa229a5884654,20260823,drive-sample-6e,True,,2.0
6E_Z8012,2026-06-16,2026-06-16 12:10:00+00:00,2,volatil,0.0,0.0,1.0,0.3340065465254078,1,gate_tf_causal_bal_v2_feat10_sticky90_vpin055,bb9aa229a5884654,20260823,drive-sample-6e,True,,4.0
6E_Z8024,2026-06-16,2026-06-16 12:22:00+00:00,2,volatil,0.0,0.0,1.0,0.3867878842556724,2,gate_tf_causal_bal_v2_feat10_sticky90_vpin055,bb9aa229a5884654,20260823,drive-sample-6e,True,,6.0
6E_Z8036,2026-06-16,2026-06-16 12:34:00+00:00,2,volatil,0.0,0.0,1.0,0.3676490999742364,3,gate_tf_causal_bal_v2_feat10_sticky90_vpin055,bb9aa229a5884654,20260823,drive-sample-6e,True,,3.0
6E_Z8048,2026-06-16,2026-06-16 12:46:00+00:00,0,calmo,1.0,0.0,0.0,0.3043292726112627,0,gate_tf_causal_bal_v2_feat10_sticky90_vpin055,bb9aa229a5884654,20260823,drive-sample-6e,True,,5.0
6E_Z8060,2026-06-16,2026-06-16 12:58:00+00:00,2,volatil,0.0,0.0,1.0,0.2566727759642676,11,gate_tf_causal_bal_v2_feat10_sticky90_vpin055,bb9aa229a5884654,20260823,drive-sample-6e,True,,2.0
6E_Z8072,2026-06-16,2026-06-16 13:10:00+00:00,1,normal,0.0,1.0,0.0,0.2627722255486219,2,gate_tf_causal_bal_v2_feat10_sticky90_vpin055,bb9aa229a5884654,20260823,drive-sample-6e,True,,4.0
6E_Z8084,2026-06-16,2026-06-16 13:22:00+00:00,1,normal,0.0,1.0,0.0,0.2693830455455764,14,gate_tf_causal_bal_v2_feat10_sticky90_vpin055,bb9aa229a5884654,20260823,drive-sample-6e,True,,6.0
6E_Z8096,2026-06-16,2026-06-16 13:34:00+00:00,2,volatil,0.0,0.0,1.0,0.2586255797060939,2,gate_tf_causal_bal_v2_feat10_sticky90_vpin055,bb9aa229a5884654,20260823,drive-sample-6e,True,,3.0
6E_Z8108,2026-06-16,2026-06-16 13:46:00+00:00,1,normal,0.0,1.0,0.0,0.267276393888112,0,gate_tf_causal_bal_v2_feat10_sticky90_vpin055,bb9aa229a5884654,20260823,drive-sample-6e,True,,5.0
6E_Z8120,2026-06-16,2026-06-16 13:58:00+00:00,1,normal,0.0,1.0,0.0,0.2990265341041495,3,gate_tf_causal_bal_v2_feat10_sticky90_vpin055,bb9aa229a5884654,20260823,drive-sample-6e,True,,2.0
6E_Z8132,2026-06-16,2026-06-16 14:10:00+00:00,2,volatil,0.0,0.0,1.0,0.3404502104017833,10,gate_tf_causal_bal_v2_feat10_sticky90_vpin055,bb9aa229a5884654,20260823,drive-sample-6e,True,,4.0
6E_Z8144,2026-06-16,2026-06-16 14:22:00+00:00,1,normal,0.0,1.0,0.0,0.3404150733513141,2,gate_tf_causal_bal_v2_feat10_sticky90_vpin055,bb9aa229a5884654,20260823,drive-sample-6e,True,,6.0
6E_Z8156,2026-06-16,2026-06-16 14:34:00+00:00,2,volatil,0.0,0.0,1.0,0.2856173996322524,5,gate_tf_causal_bal_v2_feat10_sticky90_vpin055,bb9aa229a5884654,20260823,drive-sample-6e,True,,3.0
6E_Z8168,2026-06-16,2026-06-16 14:46:00+00:00,2,volatil,0.0,0.0,1.0,0.2843252263819,17,gate_tf_causal_bal_v2_feat10_sticky90_vpin055,bb9aa229a5884654,20260823,drive-sample-6e,True,,5.0
6E_Z8180,2026-06-16,2026-06-16 14:58:00+00:00,2,volatil,0.0,0.0,1.0,0.2407763416534069,29,gate_tf_causal_bal_v2_feat10_sticky90_vpin055,bb9aa229a5884654,20260823,drive-sample-6e,True,,2.0
6E_Z8192,2026-06-16,2026-06-16 15:10:00+00:00,2,volatil,0.0,0.0,1.0,0.2587588140059521,41,gate_tf_causal_bal_v2_feat10_sticky90_vpin055,bb9aa229a5884654,20260823,drive-sample-6e,True,,4.0
6E_Z8204,2026-06-16,2026-06-16 15:22:00+00:00,0,calmo,1.0,0.0,0.0,0.2137100086745701,3,gate_tf_causal_bal_v2_feat10_sticky90_vpin055,bb9aa229a5884654,20260823,drive-sample-6e,True,,6.0
6E_Z8216,2026-06-16,2026-06-16 15:34:00+00:00,2,volatil,0.0,0.0,1.0,0.234070404628792,3,gate_tf_causal_bal_v2_feat10_sticky90_vpin055,bb9aa229a5884654,20260823,drive-sample-6e,True,,3.0
6E_Z8228,2026-06-16,2026-06-16 15:46:00+00:00,2,volatil,0.0,0.0,1.0,0.3201898673841972,1,gate_tf_causal_bal_v2_feat10_sticky90_vpin055,bb9aa229a5884654,20260823,drive-sample-6e,True,,5.0
6E_Z8240,2026-06-16,2026-06-16 15:58:00+00:00,2,volatil,0.0,0.0,1.0,0.2917791819844051,9,gate_tf_causal_bal_v2_feat10_sticky90_vpin055,bb9aa229a5884654,20260823,drive-sample-6e,True,,2.0
6E_Z8252,2026-06-16,2026-06-16 16:10:00+00:00,2,volatil,0.0,0.0,1.0,0.2935171060158423,21,gate_tf_causal_bal_v2_feat10_sticky90_vpin055,bb9aa229a5884654,20260823,drive-sample-6e,True,,4.0
6E_Z8264,2026-06-16,2026-06-16 16:22:00+00:00,0,calmo,1.0,0.0,0.0,0.2620205990396267,3,gate_tf_causal_bal_v2_feat10_sticky90_vpin055,bb9aa229a5884654,20260823,drive-sample-6e,True,,6.0
6E_Z8276,2026-06-16,2026-06-16 16:34:00+00:00,1,normal,0.0,1.0,0.0,0.3101347611069536,11,gate_tf_causal_bal_v2_feat10_sticky90_vpin055,bb9aa229a5884654,20260823,drive-sample-6e,True,,3.0
6E_Z8288,2026-06-16,2026-06-16 16:46:00+00:00,0,calmo,1.0,0.0,0.0,0.3068730631617155,5,gate_tf_causal_bal_v2_feat10_sticky90_vpin055,bb9aa229a5884654,20260823,drive-sample-6e,True,,5.0
6E_Z8300,2026-06-16,2026-06-16 16:58:00+00:00,0,calmo,1.0,0.0,0.0,0.3016386538332311,17,gate_tf_causal_bal_v2_feat10_sticky90_vpin055,bb9aa229a5884654,20260823,drive-sample-6e,True,,2.0
6E_Z8312,2026-06-16,2026-06-16 17:10:00+00:00,0,calmo,1.0,0.0,0.0,0.3185260365510228,29,gate_tf_causal_bal_v2_feat10_sticky90_vpin055,bb9aa229a5884654,20260823,drive-sample-6e,True,,4.0
6E_Z8324,2026-06-16,2026-06-16 17:22:00+00:00,0,calmo,1.0,0.0,0.0,0.3658712031589592,41,gate_tf_causal_bal_v2_feat10_sticky90_vpin055,bb9aa229a5884654,20260823,drive-sample-6e,True,,6.0
6E_Z8336,2026-06-16,2026-06-16 17:34:00+00:00,0,calmo,1.0,0.0,0.0,0.367543900826252,53,gate_tf_causal_bal_v2_feat10_sticky90_vpin055,bb9aa229a5884654,20260823,drive-sample-6e,True,,3.0
6E_Z8348,2026-06-16,2026-06-16 17:46:00+00:00,0,calmo,1.0,0.0,0.0,0.4107574793195762,65,gate_tf_causal_bal_v2_feat10_sticky90_vpin055,bb9aa229a5884654,20260823,drive-sample-6e,True,,5.0
6E_Z8360,2026-06-16,2026-06-16 17:58:00+00:00,0,calmo,1.0,0.0,0.0,0.4681182914825038,77,gate_tf_causal_bal_v2_feat10_sticky90_vpin055,bb9aa229a5884654,20260823,drive-sample-6e,True,,2.0
6E_Z8372,2026-06-16,2026-06-16 18:10:00+00:00,1,normal,0.0,1.0,0.0,0.4198652005077404,0,gate_tf_causal_bal_v2_feat10_sticky90_vpin055,bb9aa229a5884654,20260823,drive-sample-6e,True,,4.0
6E_Z8384,2026-06-16,2026-06-16 18:22:00+00:00,0,calmo,1.0,0.0,0.0,0.3144369877480595,5,gate_tf_causal_bal_v2_feat10_sticky90_vpin055,bb9aa229a5884654,20260823,drive-sample-6e,True,,6.0
6E_Z8396,2026-06-16,2026-06-16 18:34:00+00:00,0,calmo,1.0,0.0,0.0,0.3830646527610567,17,gate_tf_causal_bal_v2_feat10_sticky90_vpin055,bb9aa229a5884654,20260823,drive-sample-6e,True,,3.0
6E_Z8408,2026-06-16,2026-06-16 18:46:00+00:00,0,calmo,1.0,0.0,0.0,0.4233666003735293,29,gate_tf_causal_bal_v2_feat10_sticky90_vpin055,bb9aa229a5884654,20260823,drive-sample-6e,True,,5.0
6E_Z8420,2026-06-16,2026-06-16 18:58:00+00:00,0,calmo,1.0,0.0,0.0,0.4496472832894403,41,gate_tf_causal_bal_v2_feat10_sticky90_vpin055,bb9aa229a5884654,20260823,drive-sample-6e,True,,2.0
6E_Z8432,2026-06-16,2026-06-16 19:10:00+00:00,0,calmo,1.0,0.0,0.0,0.3581607274290583,0,gate_tf_causal_bal_v2_feat10_sticky90_vpin055,bb9aa229a5884654,20260823,drive-sample-6e,True,,4.0
6E_Z8444,2026-06-16,2026-06-16 19:22:00+00:00,0,calmo,1.0,0.0,0.0,0.3901218313711078,12,gate_tf_causal_bal_v2_feat10_sticky90_vpin055,bb9aa229a5884654,20260823,drive-sample-6e,True,,6.0
6E_Z8456,2026-06-16,2026-06-16 19:34:00+00:00,0,calmo,1.0,0.0,0.0,0.3554985847492019,24,gate_tf_causal_bal_v2_feat10_sticky90_vpin055,bb9aa229a5884654,20260823,drive-sample-6e,True,,3.0
6E_Z8468,2026-06-16,2026-06-16 19:46:00+00:00,0,calmo,1.0,0.0,0.0,0.3833271845667752,36,gate_tf_causal_bal_v2_feat10_sticky90_vpin055,bb9aa229a5884654,20260823,drive-sample-6e,True,,5.0
6E_Z8480,2026-06-16,2026-06-16 19:58:00+00:00,1,normal,0.0,1.0,0.0,0.3837625291755712,0,gate_tf_causal_bal_v2_feat10_sticky90_vpin055,bb9aa229a5884654,20260823,drive-sample-6e,True,,2.0
6E_Z8492,2026-06-16,2026-06-16 20:12:00+00:00,0,calmo,1.0,0.0,0.0,0.4521917725375973,0,gate_tf_causal_bal_v2_feat10_sticky90_vpin055,bb9aa229a5884654,20260823,drive-sample-6e,True,,4.0
6E_Z8504,2026-06-16,2026-06-16 20:24:00+00:00,0,calmo,1.0,0.0,0.0,0.6467601268930709,12,gate_tf_causal_bal_v2_feat10_sticky90_vpin055,bb9aa229a5884654,20260823,drive-sample-6e,True,,6.0
6E_Z8516,2026-06-16,2026-06-16 20:36:00+00:00,0,calmo,1.0,0.0,0.0,0.7118366054873991,24,gate_tf_causal_bal_v2_feat10_sticky90_vpin055,bb9aa229a5884654,20260823,drive-sample-6e,True,,3.0
6E_Z8528,2026-06-16,2026-06-16 20:48:00+00:00,0,calmo,1.0,0.0,0.0,0.6427905767888119,36,gate_tf_causal_bal_v2_feat10_sticky90_vpin055,bb9aa229a5884654,20260823,drive-sample-6e,True,,5.0
6E_Z8540,2026-06-16,2026-06-16 22:00:00+00:00,0,calmo,1.0,0.0,0.0,0.6469387315014826,48,gate_tf_causal_bal_v2_feat10_sticky90_vpin055,bb9aa229a5884654,20260823,drive-sample-6e,True,,2.0
6E_Z8552,2026-06-16,2026-06-16 22:15:00+00:00,0,calmo,1.0,0.0,0.0,0.619265470117329,60,gate_tf_causal_bal_v2_feat10_sticky90_vpin055,bb9aa229a5884654,20260823,drive-sample-6e,True,,4.0
6E_Z8564,2026-06-16,2026-06-16 22:30:00+00:00,0,calmo,1.0,0.0,0.0,0.733199296945921,72,gate_tf_causal_bal_v2_feat10_sticky90_vpin055,bb9aa229a5884654,20260823,drive-sample-6e,True,,6.0
6E_Z8576,2026-06-16,2026-06-16 22:44:00+00:00,0,calmo,1.0,0.0,0.0,0.7699678589384471,84,gate_tf_causal_bal_v2_feat10_sticky90_vpin055,bb9aa229a5884654,20260823,drive-sample-6e,True,,3.0
6E_Z8588,2026-06-16,2026-06-16 23:01:00+00:00,0,calmo,1.0,0.0,0.0,0.73969813269046,96,gate_tf_causal_bal_v2_feat10_sticky90_vpin055,bb9aa229a5884654,20260823,drive-sample-6e,True,,5.0
6E_Z8600,2026-06-16,2026-06-16 23:16:00+00:00,0,calmo,1.0,0.0,0.0,0.74496527318914,108,gate_tf_causal_bal_v2_feat10_sticky90_vpin055,bb9aa229a5884654,20260823,drive-sample-6e,True,,2.0
6E_Z8612,2026-06-16,2026-06-16 23:33:00+00:00,0,calmo,1.0,0.0,0.0,0.8144038861060138,120,gate_tf_causal_bal_v2_feat10_sticky90_vpin055,bb9aa229a5884654,20260823,drive-sample-6e,True,,4.0
6E_Z8624,2026-06-16,2026-06-16 23:50:00+00:00,0,calmo,1.0,0.0,0.0,0.6913138832935318,132,gate_tf_causal_bal_v2_feat10_sticky90_vpin055,bb9aa229a5884654,20260823,drive-sample-6e,True,,6.0
6E_Z8636,2026-06-17,2026-06-17 00:02:00+00:00,0,calmo,1.0,0.0,0.0,0.5850730870527356,144,gate_tf_causal_bal_v2_feat10_sticky90_vpin055,bb9aa229a5884654,20260823,drive-sample-6e,True,,3.0
6E_Z8648,2026-06-17,2026-06-17 00:14:00+00:00,0,calmo,1.0,0.0,0.0,0.5423420811874013,156,gate_tf_causal_bal_v2_feat10_sticky90_vpin055,bb9aa229a5884654,20260823,drive-sample-6e,True,,5.0
6E_Z8660,2026-06-17,2026-06-17 00:26:00+00:00,0,calmo,1.0,0.0,0.0,0.5448919092575809,168,gate_tf_causal_bal_v2_feat10_sticky90_vpin055,bb9aa229a5884654,20260823,drive-sample-6e,True,,2.0
6E_Z8672,2026-06-17,2026-06-17 00:38:00+00:00,1,normal,0.0,1.0,0.0,0.5935639950849969,9,gate_tf_causal_bal_v2_feat10_sticky90_vpin055,bb9aa229a5884654,20260823,drive-sample-6e,True,,4.0
6E_Z8684,2026-06-17,2026-06-17 00:51:00+00:00,0,calmo,1.0,0.0,0.0,0.6856783750488816,8,gate_tf_causal_bal_v2_feat10_sticky90_vpin055,bb9aa229a5884654,20260823,drive-sample-6e,True,,6.0
6E_Z8696,2026-06-17,2026-06-17 01:03:00+00:00,0,calmo,1.0,0.0,0.0,0.6519343867119969,20,gate_tf_causal_bal_v2_feat10_sticky90_vpin055,bb9aa229a5884654,20260823,drive-sample-6e,True,,3.0
6E_Z8708,2026-06-17,2026-06-17 01:17:00+00:00,0,calmo,1.0,0.0,0.0,0.5240072968947727,32,gate_tf_causal_bal_v2_feat10_sticky90_vpin055,bb9aa229a5884654,20260823,drive-sample-6e,True,,5.0
6E_Z8720,2026-06-17,2026-06-17 01:30:00+00:00,0,calmo,1.0,0.0,0.0,0.5489905790186401,44,gate_tf_causal_bal_v2_feat10_sticky90_vpin055,bb9aa229a5884654,20260823,drive-sample-6e,True,,2.0
6E_Z8732,2026-06-17,2026-06-17 01:42:00+00:00,0,calmo,1.0,0.0,0.0,0.6108410950610439,56,gate_tf_causal_bal_v2_feat10_sticky90_vpin055,bb9aa229a5884654,20260823,drive-sample-6e,True,,4.0
6E_Z8744,2026-06-17,2026-06-17 01:54:00+00:00,0,calmo,1.0,0.0,0.0,0.5854137365902071,68,gate_tf_causal_bal_v2_feat10_sticky90_vpin055,bb9aa229a5884654,20260823,drive-sample-6e,True,,6.0
6E_Z8756,2026-06-17,2026-06-17 02:06:00+00:00,0,calmo,1.0,0.0,0.0,0.5852489592144765,80,gate_tf_causal_bal_v2_feat10_sticky90_vpin055,bb9aa229a5884654,20260823,drive-sample-6e,True,,3.0
6E_Z8768,2026-06-17,2026-06-17 02:19:00+00:00,0,calmo,1.0,0.0,0.0,0.7325385215040388,92,gate_tf_causal_bal_v2_feat10_sticky90_vpin055,bb9aa229a5884654,20260823,drive-sample-6e,True,,5.0
6E_Z8780,2026-06-17,2026-06-17 02:35:00+00:00,0,calmo,1.0,0.0,0.0,0.6784517552164611,104,gate_tf_causal_bal_v2_feat10_sticky90_vpin055,bb9aa229a5884654,20260823,drive-sample-6e,True,,2.0
6E_Z8792,2026-06-17,2026-06-17 02:53:00+00:00,0,calmo,1.0,0.0,0.0,0.7305681573328633,8,gate_tf_causal_bal_v2_feat10_sticky90_vpin055,bb9aa229a5884654,20260823,drive-sample-6e,True,,4.0
6E_Z8804,2026-06-17,2026-06-17 03:05:00+00:00,1,normal,0.0,1.0,0.0,0.752989116147011,1,gate_tf_causal_bal_v2_feat10_sticky90_vpin055,bb9aa229a5884654,20260823,drive-sample-6e,True,,6.0
6E_Z8816,2026-06-17,2026-06-17 03:19:00+00:00,0,calmo,1.0,0.0,0.0,0.7863157894736843,6,gate_tf_causal_bal_v2_feat10_sticky90_vpin055,bb9aa229a5884654,20260823,drive-sample-6e,True,,3.0
6E_Z8828,2026-06-17,2026-06-17 03:33:00+00:00,0,calmo,1.0,0.0,0.0,0.7202972709551657,18,gate_tf_causal_bal_v2_feat10_sticky90_vpin055,bb9aa229a5884654,20260823,drive-sample-6e,True,,5.0
6E_Z8840,2026-06-17,2026-06-17 03:47:00+00:00,0,calmo,1.0,0.0,0.0,0.677473544973545,30,gate_tf_causal_bal_v2_feat10_sticky90_vpin055,bb9aa229a5884654,20260823,drive-sample-6e,True,,2.0
6E_Z8852,2026-06-17,2026-06-17 04:00:00+00:00,0,calmo,1.0,0.0,0.0,0.6890504037872459,42,gate_tf_causal_bal_v2_feat10_sticky90_vpin055,bb9aa229a5884654,20260823,drive-sample-6e,True,,4.0
6E_Z8864,2026-06-17,2026-06-17 04:12:00+00:00,0,calmo,1.0,0.0,0.0,0.6077514195470852,54,gate_tf_causal_bal_v2_feat10_sticky90_vpin055,bb9aa229a5884654,20260823,drive-sample-6e,True,,6.0
6E_Z8876,2026-06-17,2026-06-17 04:27:00+00:00,0,calmo,1.0,0.0,0.0,0.6280688798645456,66,gate_tf_causal_bal_v2_feat10_sticky90_vpin055,bb9aa229a5884654,20260823,drive-sample-6e,True,,3.0
6E_Z8888,2026-06-17,2026-06-17 04:45:00+00:00,0,calmo,1.0,0.0,0.0,0.6687344837600592,78,gate_tf_causal_bal_v2_feat10_sticky90_vpin055,bb9aa229a5884654,20260823,drive-sample-6e,True,,5.0
6E_Z8900,2026-06-17,2026-06-17 04:58:00+00:00,0,calmo,1.0,0.0,0.0,0.6584418491165118,90,gate_tf_causal_bal_v2_feat10_sticky90_vpin055,bb9aa229a5884654,20260823,drive-sample-6e,True,,2.0
6E_Z8912,2026-06-17,2026-06-17 05:12:00+00:00,0,calmo,1.0,0.0,0.0,0.6346030337687449,102,gate_tf_causal_bal_v2_feat10_sticky90_vpin055,bb9aa229a5884654,20260823,drive-sample-6e,True,,4.0
6E_Z8924,2026-06-17,2026-06-17 05:26:00+00:00,1,normal,0.0,1.0,0.0,0.6370064154112571,1,gate_tf_causal_bal_v2_feat10_sticky90_vpin055,bb9aa229a5884654,20260823,drive-sample-6e,True,,6.0
6E_Z8936,2026-06-17,2026-06-17 05:39:00+00:00,0,calmo,1.0,0.0,0.0,0.6667716470194662,1,gate_tf_causal_bal_v2_feat10_sticky90_vpin055,bb9aa229a5884654,20260823,drive-sample-6e,True,,3.0
6E_Z8948,2026-06-17,2026-06-17 05:51:00+00:00,0,calmo,1.0,0.0,0.0,0.6352958123590474,13,gate_tf_causal_bal_v2_feat10_sticky90_vpin055,bb9aa229a5884654,20260823,drive-sample-6e,True,,5.0
6E_Z8960,2026-06-17,2026-06-17 06:04:00+00:00,2,volatil,0.0,0.0,1.0,0.50638158405338,0,gate_tf_causal_bal_v2_feat10_sticky90_vpin055,bb9aa229a5884654,20260823,drive-sample-6e,True,,2.0
6E_Z8972,2026-06-17,2026-06-17 06:16:00+00:00,2,volatil,0.0,0.0,1.0,0.4460591649180648,12,gate_tf_causal_bal_v2_feat10_sticky90_vpin055,bb9aa229a5884654,20260823,drive-sample-6e,True,,4.0
6E_Z8984,2026-06-17,2026-06-17 06:28:00+00:00,1,normal,0.0,1.0,0.0,0.4124009561515608,9,gate_tf_causal_bal_v2_feat10_sticky90_vpin055,bb9aa229a5884654,20260823,drive-sample-6e,True,,6.0
6E_Z8996,2026-06-17,2026-06-17 06:40:00+00:00,1,normal,0.0,1.0,0.0,0.3966386513476035,21,gate_tf_causal_bal_v2_feat10_sticky90_vpin055,bb9aa229a5884654,20260823,drive-sample-6e,True,,3.0
6E_Z9008,2026-06-17,2026-06-17 06:52:00+00:00,1,normal,0.0,1.0,0.0,0.372261388008535,10,gate_tf_causal_bal_v2_feat10_sticky90_vpin055,bb9aa229a5884654,20260823,drive-sample-6e,True,,5.0
6E_Z9020,2026-06-17,2026-06-17 07:04:00+00:00,1,normal,0.0,1.0,0.0,0.3477518185778007,5,gate_tf_causal_bal_v2_feat10_sticky90_vpin055,bb9aa229a5884654,20260823,drive-sample-6e,True,,2.0
6E_Z9032,2026-06-17,2026-06-17 07:16:00+00:00,1,normal,0.0,1.0,0.0,0.3579653369333356,17,gate_tf_causal_bal_v2_feat10_sticky90_vpin055,bb9aa229a5884654,20260823,drive-sample-6e,True,,4.0
6E_Z9044,2026-06-17,2026-06-17 07:28:00+00:00,1,normal,0.0,1.0,0.0,0.3601672214520146,6,gate_tf_causal_bal_v2_feat10_sticky90_vpin055,bb9aa229a5884654,20260823,drive-sample-6e,True,,6.0
6E_Z9056,2026-06-17,2026-06-17 07:40:00+00:00,1,normal,0.0,1.0,0.0,0.340126728070128,1,gate_tf_causal_bal_v2_feat10_sticky90_vpin055,bb9aa229a5884654,20260823,drive-sample-6e,True,,3.0
6E_Z9068,2026-06-17,2026-06-17 07:52:00+00:00,1,normal,0.0,1.0,0.0,0.3620084095330282,3,gate_tf_causal_bal_v2_feat10_sticky90_vpin055,bb9aa229a5884654,20260823,drive-sample-6e,True,,5.0
6E_Z9080,2026-06-17,2026-06-17 08:04:00+00:00,1,normal,0.0,1.0,0.0,0.3546926602874783,4,gate_tf_causal_bal_v2_feat10_sticky90_vpin055,bb9aa229a5884654,20260823,drive-sample-6e,True,,2.0
6E_Z9092,2026-06-17,2026-06-17 08:16:00+00:00,2,volatil,0.0,0.0,1.0,0.290077603166422,6,gate_tf_causal_bal_v2_feat10_sticky90_vpin055,bb9aa229a5884654,20260823,drive-sample-6e,True,,4.0
6E_Z9104,2026-06-17,2026-06-17 08:28:00+00:00,2,volatil,0.0,0.0,1.0,0.2580271519370676,18,gate_tf_causal_bal_v2_feat10_sticky90_vpin055,bb9aa229a5884654,20260823,drive-sample-6e,True,,6.0
6E_Z9116,2026-06-17,2026-06-17 08:40:00+00:00,2,volatil,0.0,0.0,1.0,0.3106955851671716,2,gate_tf_causal_bal_v2_feat10_sticky90_vpin055,bb9aa229a5884654,20260823,drive-sample-6e,True,,3.0
6E_Z9128,2026-06-17,2026-06-17 08:52:00+00:00,2,volatil,0.0,0.0,1.0,0.3926003933175964,4,gate_tf_causal_bal_v2_feat10_sticky90_vpin055,bb9aa229a5884654,20260823,drive-sample-6e,True,,5.0
6E_Z9140,2026-06-17,2026-06-17 09:04:00+00:00,0,calmo,1.0,0.0,0.0,0.4509260798634836,6,gate_tf_causal_bal_v2_feat10_sticky90_vpin055,bb9aa229a5884654,20260823,drive-sample-6e,True,,2.0
6E_Z9152,2026-06-17,2026-06-17 09:16:00+00:00,0,calmo,1.0,0.0,0.0,0.4050296451504395,18,gate_tf_causal_bal_v2_feat10_sticky90_vpin055,bb9aa229a5884654,20260823,drive-sample-6e,True,,4.0
6E_Z9164,2026-06-17,2026-06-17 09:28:00+00:00,0,calmo,1.0,0.0,0.0,0.3859196201833321,30,gate_tf_causal_bal_v2_feat10_sticky90_vpin055,bb9aa229a5884654,20260823,drive-sample-6e,True,,6.0
6E_Z9176,2026-06-17,2026-06-17 09:40:00+00:00,0,calmo,1.0,0.0,0.0,0.4530454123203957,0,gate_tf_causal_bal_v2_feat10_sticky90_vpin055,bb9aa229a5884654,20260823,drive-sample-6e,True,,3.0
6E_Z9188,2026-06-17,2026-06-17 09:53:00+00:00,0,calmo,1.0,0.0,0.0,0.4646059861609441,12,gate_tf_causal_bal_v2_feat10_sticky90_vpin055,bb9aa229a5884654,20260823,drive-sample-6e,True,,5.0
6E_Z9200,2026-06-17,2026-06-17 10:05:00+00:00,0,calmo,1.0,0.0,0.0,0.4450646684119567,24,gate_tf_causal_bal_v2_feat10_sticky90_vpin055,bb9aa229a5884654,20260823,drive-sample-6e,True,,2.0
6E_Z9212,2026-06-17,2026-06-17 10:17:00+00:00,1,normal,0.0,1.0,0.0,0.3716857182511892,2,gate_tf_causal_bal_v2_feat10_sticky90_vpin055,bb9aa229a5884654,20260823,drive-sample-6e,True,,4.0
6E_Z9224,2026-06-17,2026-06-17 10:29:00+00:00,1,normal,0.0,1.0,0.0,0.3475788401858125,7,gate_tf_causal_bal_v2_feat10_sticky90_vpin055,bb9aa229a5884654,20260823,drive-sample-6e,True,,6.0
6E_Z9236,2026-06-17,2026-06-17 10:41:00+00:00,1,normal,0.0,1.0,0.0,0.3825083186244746,19,gate_tf_causal_bal_v2_feat10_sticky90_vpin055,bb9aa229a5884654,20260823,drive-sample-6e,True,,3.0
6E_Z9248,2026-06-17,2026-06-17 10:53:00+00:00,1,normal,0.0,1.0,0.0,0.378674690997347,31,gate_tf_causal_bal_v2_feat10_sticky90_vpin055,bb9aa229a5884654,20260823,drive-sample-6e,True,,5.0
6E_Z9260,2026-06-17,2026-06-17 11:05:00+00:00,1,normal,0.0,1.0,0.0,0.3754699845068395,5,gate_tf_causal_bal_v2_feat10_sticky90_vpin055,bb9aa229a5884654,20260823,drive-sample-6e,True,,2.0
6E_Z9272,2026-06-17,2026-06-17 11:17:00+00:00,2,volatil,0.0,0.0,1.0,0.4015320404608172,2,gate_tf_causal_bal_v2_feat10_sticky90_vpin055,bb9aa229a5884654,20260823,drive-sample-6e,True,,4.0
6E_Z9284,2026-06-17,2026-06-17 11:29:00+00:00,1,normal,0.0,1.0,0.0,0.3666317206909963,6,gate_tf_causal_bal_v2_feat10_sticky90_vpin055,bb9aa229a5884654,20260823,drive-sample-6e,True,,6.0
6E_Z9296,2026-06-17,2026-06-17 11:41:00+00:00,1,normal,0.0,1.0,0.0,0.3090321630304295,6,gate_tf_causal_bal_v2_feat10_sticky90_vpin055,bb9aa229a5884654,20260823,drive-sample-6e,True,,3.0
6E_Z9308,2026-06-17,2026-06-17 11:53:00+00:00,2,volatil,0.0,0.0,1.0,0.2446732438246686,1,gate_tf_causal_bal_v2_feat10_sticky90_vpin055,bb9aa229a5884654,20260823,drive-sample-6e,True,,5.0
6E_Z9320,2026-06-17,2026-06-17 12:05:00+00:00,1,normal,0.0,1.0,0.0,0.283628501641618,2,gate_tf_causal_bal_v2_feat10_sticky90_vpin055,bb9aa229a5884654,20260823,drive-sample-6e,True,,2.0
6E_Z9332,2026-06-17,2026-06-17 12:17:00+00:00,1,normal,0.0,1.0,0.0,0.3431424937379693,0,gate_tf_causal_bal_v2_feat10_sticky90_vpin055,bb9aa229a5884654,20260823,drive-sample-6e,True,,4.0
6E_Z9344,2026-06-17,2026-06-17 12:29:00+00:00,2,volatil,0.0,0.0,1.0,0.3982781135691525,0,gate_tf_causal_bal_v2_feat10_sticky90_vpin055,bb9aa229a5884654,20260823,drive-sample-6e,True,,6.0
6E_Z9356,2026-06-17,2026-06-17 12:41:00+00:00,2,volatil,0.0,0.0,1.0,0.3655363617884688,0,gate_tf_causal_bal_v2_feat10_sticky90_vpin055,bb9aa229a5884654,20260823,drive-sample-6e,True,,3.0
6E_Z9368,2026-06-17,2026-06-17 12:53:00+00:00,1,normal,0.0,1.0,0.0,0.4127274400370408,9,gate_tf_causal_bal_v2_feat10_sticky90_vpin055,bb9aa229a5884654,20260823,drive-sample-6e,True,,5.0
6E_Z9380,2026-06-17,2026-06-17 13:05:00+00:00,1,normal,0.0,1.0,0.0,0.3962274277922442,1,gate_tf_causal_bal_v2_feat10_sticky90_vpin055,bb9aa229a5884654,20260823,drive-sample-6e,True,,2.0
6E_Z9392,2026-06-17,2026-06-17 13:17:00+00:00,2,volatil,0.0,0.0,1.0,0.3503432854595562,0,gate_tf_causal_bal_v2_feat10_sticky90_vpin055,bb9aa229a5884654,20260823,drive-sample-6e,True,,4.0
6E_Z9404,2026-06-17,2026-06-17 13:29:00+00:00,1,normal,0.0,1.0,0.0,0.3125466747079978,4,gate_tf_causal_bal_v2_feat10_sticky90_vpin055,bb9aa229a5884654,20260823,drive-sample-6e,True,,6.0
6E_Z9416,2026-06-17,2026-06-17 13:41:00+00:00,1,normal,0.0,1.0,0.0,0.2792541380771258,16,gate_tf_causal_bal_v2_feat10_sticky90_vpin055,bb9aa229a5884654,20260823,drive-sample-6e,True,,3.0
6E_Z9428,2026-06-17,2026-06-17 13:53:00+00:00,1,normal,0.0,1.0,0.0,0.2275242354676755,0,gate_tf_causal_bal_v2_feat10_sticky90_vpin055,bb9aa229a5884654,20260823,drive-sample-6e,True,,5.0
6E_Z9440,2026-06-17,2026-06-17 14:05:00+00:00,2,volatil,0.0,0.0,1.0,0.2407810000757118,11,gate_tf_causal_bal_v2_feat10_sticky90_vpin055,bb9aa229a5884654,20260823,drive-sample-6e,True,,2.0
6E_Z9452,2026-06-17,2026-06-17 14:17:00+00:00,1,normal,0.0,1.0,0.0,0.2486393007340063,0,gate_tf_causal_bal_v2_feat10_sticky90_vpin055,bb9aa229a5884654,20260823,drive-sample-6e,True,,4.0
6E_Z9464,2026-06-17,2026-06-17 14:29:00+00:00,1,normal,0.0,1.0,0.0,0.246211358817281,4,gate_tf_causal_bal_v2_feat10_sticky90_vpin055,bb9aa229a5884654,20260823,drive-sample-6e,True,,6.0
6E_Z9476,2026-06-17,2026-06-17 14:41:00+00:00,1,normal,0.0,1.0,0.0,0.23911054901077,5,gate_tf_causal_bal_v2_feat10_sticky90_vpin055,bb9aa229a5884654,20260823,drive-sample-6e,True,,3.0
6E_Z9488,2026-06-17,2026-06-17 14:53:00+00:00,2,volatil,0.0,0.0,1.0,0.2103123900978951,7,gate_tf_causal_bal_v2_feat10_sticky90_vpin055,bb9aa229a5884654,20260823,drive-sample-6e,True,,5.0
6E_Z9500,2026-06-17,2026-06-17 15:05:00+00:00,2,volatil,0.0,0.0,1.0,0.1867891885994298,19,gate_tf_causal_bal_v2_feat10_sticky90_vpin055,bb9aa229a5884654,20260823,drive-sample-6e,True,,2.0
6E_Z9512,2026-06-17,2026-06-17 15:17:00+00:00,2,volatil,0.0,0.0,1.0,0.2400648114707659,31,gate_tf_causal_bal_v2_feat10_sticky90_vpin055,bb9aa229a5884654,20260823,drive-sample-6e,True,,4.0
6E_Z9524,2026-06-17,2026-06-17 15:29:00+00:00,2,volatil,0.0,0.0,1.0,0.305349728776589,43,gate_tf_causal_bal_v2_feat10_sticky90_vpin055,bb9aa229a5884654,20260823,drive-sample-6e,True,,6.0
6E_Z9536,2026-06-17,2026-06-17 15:41:00+00:00,1,normal,0.0,1.0,0.0,0.344564457047267,8,gate_tf_causal_bal_v2_feat10_sticky90_vpin055,bb9aa229a5884654,20260823,drive-sample-6e,True,,3.0
6E_Z9548,2026-06-17,2026-06-17 15:53:00+00:00,1,normal,0.0,1.0,0.0,0.3381711754341026,20,gate_tf_causal_bal_v2_feat10_sticky90_vpin055,bb9aa229a5884654,20260823,drive-sample-6e,True,,5.0
6E_Z9560,2026-06-17,2026-06-17 16:05:00+00:00,0,calmo,1.0,0.0,0.0,0.3968717815391205,0,gate_tf_causal_bal_v2_feat10_sticky90_vpin055,bb9aa229a5884654,20260823,drive-sample-6e,True,,2.0
6E_Z9572,2026-06-17,2026-06-17 16:17:00+00:00,0,calmo,1.0,0.0,0.0,0.4155276736977518,1,gate_tf_causal_bal_v2_feat10_sticky90_vpin055,bb9aa229a5884654,20260823,drive-sample-6e,True,,4.0
6E_Z9584,2026-06-17,2026-06-17 16:29:00+00:00,1,normal,0.0,1.0,0.0,0.3453273405689531,2,gate_tf_causal_bal_v2_feat10_sticky90_vpin055,bb9aa229a5884654,20260823,drive-sample-6e,True,,6.0
6E_Z9596,2026-06-17,2026-06-17 16:41:00+00:00,0,calmo,1.0,0.0,0.0,0.361995117234471,1,gate_tf_causal_bal_v2_feat10_sticky90_vpin055,bb9aa229a5884654,20260823,drive-sample-6e,True,,3.0
6E_Z9608,2026-06-17,2026-06-17 16:53:00+00:00,0,calmo,1.0,0.0,0.0,0.3909784885699726,13,gate_tf_causal_bal_v2_feat10_sticky90_vpin055,bb9aa229a5884654,20260823,drive-sample-6e,True,,5.0
6E_Z9620,2026-06-17,2026-06-17 17:06:00+00:00,1,normal,0.0,1.0,0.0,0.4128543879479083,10,gate_tf_causal_bal_v2_feat10_sticky90_vpin055,bb9aa229a5884654,20260823,drive-sample-6e,True,,2.0
6E_Z9632,2026-06-17,2026-06-17 17:18:00+00:00,0,calmo,1.0,0.0,0.0,0.3612838080496272,7,gate_tf_causal_bal_v2_feat10_sticky90_vpin055,bb9aa229a5884654,20260823,drive-sample-6e,True,,4.0
6E_Z9644,2026-06-17,2026-06-17 17:30:00+00:00,1,normal,0.0,1.0,0.0,0.3488172886722069,10,gate_tf_causal_bal_v2_feat10_sticky90_vpin055,bb9aa229a5884654,20260823,drive-sample-6e,True,,6.0
6E_Z9656,2026-06-17,2026-06-17 17:42:00+00:00,0,calmo,1.0,0.0,0.0,0.3735904329420066,10,gate_tf_causal_bal_v2_feat10_sticky90_vpin055,bb9aa229a5884654,20260823,drive-sample-6e,True,,3.0
6E_Z9668,2026-06-17,2026-06-17 17:54:00+00:00,0,calmo,1.0,0.0,0.0,0.3302697135477362,22,gate_tf_causal_bal_v2_feat10_sticky90_vpin055,bb9aa229a5884654,20260823,drive-sample-6e,True,,5.0
6E_Z9680,2026-06-17,2026-06-17 18:06:00+00:00,2,volatil,0.0,0.0,1.0,0.2770255022874156,6,gate_tf_causal_bal_v2_feat10_sticky90_vpin055,bb9aa229a5884654,20260823,drive-sample-6e,True,,2.0
6E_Z9692,2026-06-17,2026-06-17 18:18:00+00:00,2,volatil,0.0,0.0,1.0,0.2027719160609617,18,gate_tf_causal_bal_v2_feat10_sticky90_vpin055,bb9aa229a5884654,20260823,drive-sample-6e,True,,4.0
6E_Z9704,2026-06-17,2026-06-17 18:30:00+00:00,2,volatil,0.0,0.0,1.0,0.1709761456597485,30,gate_tf_causal_bal_v2_feat10_sticky90_vpin055,bb9aa229a5884654,20260823,drive-sample-6e,True,,6.0
6E_Z9716,2026-06-17,2026-06-17 18:42:00+00:00,2,volatil,0.0,0.0,1.0,0.1260296720247789,42,gate_tf_causal_bal_v2_feat10_sticky90_vpin055,bb9aa229a5884654,20260823,drive-sample-6e,True,,3.0
6E_Z9728,2026-06-17,2026-06-17 18:54:00+00:00,2,volatil,0.0,0.0,1.0,0.1084462512642006,54,gate_tf_causal_bal_v2_feat10_sticky90_vpin055,bb9aa229a5884654,20260823,drive-sample-6e,True,,5.0
6E_Z9740,2026-06-17,2026-06-17 19:06:00+00:00,2,volatil,0.0,0.0,1.0,0.1226407474922977,66,gate_tf_causal_bal_v2_feat10_sticky90_vpin055,bb9aa229a5884654,20260823,drive-sample-6e,True,,2.0
6E_Z9752,2026-06-17,2026-06-17 19:18:00+00:00,2,volatil,0.0,0.0,1.0,0.1475521044851177,78,gate_tf_causal_bal_v2_feat10_sticky90_vpin055,bb9aa229a5884654,20260823,drive-sample-6e,True,,4.0
6E_Z9764,2026-06-17,2026-06-17 19:30:00+00:00,2,volatil,0.0,0.0,1.0,0.1378703373593176,90,gate_tf_causal_bal_v2_feat10_sticky90_vpin055,bb9aa229a5884654,20260823,drive-sample-6e,True,,6.0
6E_Z9776,2026-06-17,2026-06-17 19:42:00+00:00,2,volatil,0.0,0.0,1.0,0.1582467528129556,102,gate_tf_causal_bal_v2_feat10_sticky90_vpin055,bb9aa229a5884654,20260823,drive-sample-6e,True,,3.0
6E_Z9788,2026-06-17,2026-06-17 19:54:00+00:00,2,volatil,0.0,0.0,1.0,0.1742145468231442,114,gate_tf_causal_bal_v2_feat10_sticky90_vpin055,bb9aa229a5884654,20260823,drive-sample-6e,True,,5.0
6E_Z9800,2026-06-17,2026-06-17 20:06:00+00:00,2,volatil,0.0,0.0,1.0,0.1761322381252063,126,gate_tf_causal_bal_v2_feat10_sticky90_vpin055,bb9aa229a5884654,20260823,drive-sample-6e,True,,2.0
6E_Z9812,2026-06-17,2026-06-17 20:18:00+00:00,2,volatil,0.0,0.0,1.0,0.2773959956777327,138,gate_tf_causal_bal_v2_feat10_sticky90_vpin055,bb9aa229a5884654,20260823,drive-sample-6e,True,,4.0
6E_Z9824,2026-06-17,2026-06-17 20:30:00+00:00,2,volatil,0.0,0.0,1.0,0.2814461251148045,150,gate_tf_causal_bal_v2_feat10_sticky90_vpin055,bb9aa229a5884654,20260823,drive-sample-6e,True,,6.0
6E_Z9836,2026-06-17,2026-06-17 20:42:00+00:00,1,normal,0.0,1.0,0.0,0.3600479066296303,4,gate_tf_causal_bal_v2_feat10_sticky90_vpin055,bb9aa229a5884654,20260823,drive-sample-6e,True,,3.0
6E_Z9848,2026-06-17,2026-06-17 20:54:00+00:00,2,volatil,0.0,0.0,1.0,0.4149753761336489,6,gate_tf_causal_bal_v2_feat10_sticky90_vpin055,bb9aa229a5884654,20260823,drive-sample-6e,True,,5.0
6E_Z9860,2026-06-17,2026-06-17 22:06:00+00:00,1,normal,0.0,1.0,0.0,0.4837391174589722,3,gate_tf_causal_bal_v2_feat10_sticky90_vpin055,bb9aa229a5884654,20260823,drive-sample-6e,True,,2.0
6E_Z9872,2026-06-17,2026-06-17 22:18:00+00:00,1,normal,0.0,1.0,0.0,0.4995080030973184,15,gate_tf_causal_bal_v2_feat10_sticky90_vpin055,bb9aa229a5884654,20260823,drive-sample-6e,True,,4.0
6E_Z9884,2026-06-17,2026-06-17 22:30:00+00:00,0,calmo,1.0,0.0,0.0,0.491977931863458,1,gate_tf_causal_bal_v2_feat10_sticky90_vpin055,bb9aa229a5884654,20260823,drive-sample-6e,True,,6.0
6E_Z9896,2026-06-17,2026-06-17 22:42:00+00:00,0,calmo,1.0,0.0,0.0,0.4836738260809585,7,gate_tf_causal_bal_v2_feat10_sticky90_vpin055,bb9aa229a5884654,20260823,drive-sample-6e,True,,3.0
6E_Z9908,2026-06-17,2026-06-17 22:54:00+00:00,0,calmo,1.0,0.0,0.0,0.5615091238045479,19,gate_tf_causal_bal_v2_feat10_sticky90_vpin055,bb9aa229a5884654,20260823,drive-sample-6e,True,,5.0
6E_Z9920,2026-06-17,2026-06-17 23:06:00+00:00,0,calmo,1.0,0.0,0.0,0.5667812071008712,31,gate_tf_causal_bal_v2_feat10_sticky90_vpin055,bb9aa229a5884654,20260823,drive-sample-6e,True,,2.0
6E_Z9932,2026-06-17,2026-06-17 23:21:00+00:00,0,calmo,1.0,0.0,0.0,0.5984023201033908,43,gate_tf_causal_bal_v2_feat10_sticky90_vpin055,bb9aa229a5884654,20260823,drive-sample-6e,True,,4.0
6E_Z9944,2026-06-17,2026-06-17 23:33:00+00:00,0,calmo,1.0,0.0,0.0,0.6380368977242268,55,gate_tf_causal_bal_v2_feat10_sticky90_vpin055,bb9aa229a5884654,20260823,drive-sample-6e,True,,6.0
6E_Z9956,2026-06-17,2026-06-17 23:45:00+00:00,0,calmo,1.0,0.0,0.0,0.5733608007100061,67,gate_tf_causal_bal_v2_feat10_sticky90_vpin055,bb9aa229a5884654,20260823,drive-sample-6e,True,,3.0
6E_Z9968,2026-06-17,2026-06-17 23:57:00+00:00,0,calmo,1.0,0.0,0.0,0.4634477813865064,79,gate_tf_causal_bal_v2_feat10_sticky90_vpin055,bb9aa229a5884654,20260823,drive-sample-6e,True,,5.0
6E_Z9980,2026-06-18,2026-06-18 00:09:00+00:00,2,volatil,0.0,0.0,1.0,0.3702758617175378,9,gate_tf_causal_bal_v2_feat10_sticky90_vpin055,bb9aa229a5884654,20260823,drive-sample-6e,True,,2.0
6E_Z9992,2026-06-18,2026-06-18 00:21:00+00:00,2,volatil,0.0,0.0,1.0,0.3444059408688387,21,gate_tf_causal_bal_v2_feat10_sticky90_vpin055,bb9aa229a5884654,20260823,drive-sample-6e,True,,4.0
6E_Z10004,2026-06-18,2026-06-18 00:33:00+00:00,1,normal,0.0,1.0,0.0,0.3123010343955787,4,gate_tf_causal_bal_v2_feat10_sticky90_vpin055,bb9aa229a5884654,20260823,drive-sample-6e,True,,6.0
6E_Z10016,2026-06-18,2026-06-18 00:45:00+00:00,1,normal,0.0,1.0,0.0,0.3900370933199031,0,gate_tf_causal_bal_v2_feat10_sticky90_vpin055,bb9aa229a5884654,20260823,drive-sample-6e,True,,3.0
6E_Z10028,2026-06-18,2026-06-18 00:57:00+00:00,1,normal,0.0,1.0,0.0,0.3943821956508348,5,gate_tf_causal_bal_v2_feat10_sticky90_vpin055,bb9aa229a5884654,20260823,drive-sample-6e,True,,5.0
6E_Z10040,2026-06-18,2026-06-18 01:09:00+00:00,1,normal,0.0,1.0,0.0,0.4556810915259648,1,gate_tf_causal_bal_v2_feat10_sticky90_vpin055,bb9aa229a5884654,20260823,drive-sample-6e,True,,2.0
6E_Z10052,2026-06-18,2026-06-18 01:21:00+00:00,1,normal,0.0,1.0,0.0,0.4342401288618732,3,gate_tf_causal_bal_v2_feat10_sticky90_vpin055,bb9aa229a5884654,20260823,drive-sample-6e,True,,4.0
6E_Z10064,2026-06-18,2026-06-18 01:33:00+00:00,1,normal,0.0,1.0,0.0,0.5555866706927058,0,gate_tf_causal_bal_v2_feat10_sticky90_vpin055,bb9aa229a5884654,20260823,drive-sample-6e,True,,6.0
6E_Z10076,2026-06-18,2026-06-18 01:45:00+00:00,0,calmo,1.0,0.0,0.0,0.5012478751199637,4,gate_tf_causal_bal_v2_feat10_sticky90_vpin055,bb9aa229a5884654,20260823,drive-sample-6e,True,,3.0
6E_Z10088,2026-06-18,2026-06-18 01:57:00+00:00,1,normal,0.0,1.0,0.0,0.4793903023706383,10,gate_tf_causal_bal_v2_feat10_sticky90_vpin055,bb9aa229a5884654,20260823,drive-sample-6e,True,,5.0
6E_Z10100,2026-06-18,2026-06-18 02:09:00+00:00,1,normal,0.0,1.0,0.0,0.3964503007414737,3,gate_tf_causal_bal_v2_feat10_sticky90_vpin055,bb9aa229a5884654,20260823,drive-sample-6e,True,,2.0
6E_Z10112,2026-06-18,2026-06-18 02:21:00+00:00,0,calmo,1.0,0.0,0.0,0.3903414704311591,0,gate_tf_causal_bal_v2_feat10_sticky90_vpin055,bb9aa229a5884654,20260823,drive-sample-6e,True,,4.0
6E_Z10124,2026-06-18,2026-06-18 02:35:00+00:00,0,calmo,1.0,0.0,0.0,0.5039509986558481,12,gate_tf_causal_bal_v2_feat10_sticky90_vpin055,bb9aa229a5884654,20260823,drive-sample-6e,True,,6.0
6E_Z10136,2026-06-18,2026-06-18 02:47:00+00:00,0,calmo,1.0,0.0,0.0,0.5460979381209496,24,gate_tf_causal_bal_v2_feat10_sticky90_vpin055,bb9aa229a5884654,20260823,drive-sample-6e,True,,3.0
6E_Z10148,2026-06-18,2026-06-18 03:00:00+00:00,0,calmo,1.0,0.0,0.0,0.6282883012121062,1,gate_tf_causal_bal_v2_feat10_sticky90_vpin055,bb9aa229a5884654,20260823,drive-sample-6e,True,,5.0
6E_Z10160,2026-06-18,2026-06-18 03:12:00+00:00,0,calmo,1.0,0.0,0.0,0.621037666037666,13,gate_tf_causal_bal_v2_feat10_sticky90_vpin055,bb9aa229a5884654,20260823,drive-sample-6e,True,,2.0
6E_Z10172,2026-06-18,2026-06-18 03:24:00+00:00,0,calmo,1.0,0.0,0.0,0.6209161171683859,25,gate_tf_causal_bal_v2_feat10_sticky90_vpin055,bb9aa229a5884654,20260823,drive-sample-6e,True,,4.0
6E_Z10184,2026-06-18,2026-06-18 03:37:00+00:00,0,calmo,1.0,0.0,0.0,0.6551428655751629,37,gate_tf_causal_bal_v2_feat10_sticky90_vpin055,bb9aa229a5884654,20260823,drive-sample-6e,True,,6.0
6E_Z10196,2026-06-18,2026-06-18 03:51:00+00:00,0,calmo,1.0,0.0,0.0,0.6054713324280611,49,gate_tf_causal_bal_v2_feat10_sticky90_vpin055,bb9aa229a5884654,20260823,drive-sample-6e,True,,3.0
6E_Z10208,2026-06-18,2026-06-18 04:03:00+00:00,0,calmo,1.0,0.0,0.0,0.6819693499494595,61,gate_tf_causal_bal_v2_feat10_sticky90_vpin055,bb9aa229a5884654,20260823,drive-sample-6e,True,,5.0
6E_Z10220,2026-06-18,2026-06-18 04:15:00+00:00,1,normal,0.0,1.0,0.0,0.5462934053934931,9,gate_tf_causal_bal_v2_feat10_sticky90_vpin055,bb9aa229a5884654,20260823,drive-sample-6e,True,,2.0
6E_Z10232,2026-06-18,2026-06-18 04:27:00+00:00,1,normal,0.0,1.0,0.0,0.4856547765977509,21,gate_tf_causal_bal_v2_feat10_sticky90_vpin055,bb9aa229a5884654,20260823,drive-sample-6e,True,,4.0
6E_Z10244,2026-06-18,2026-06-18 04:39:00+00:00,0,calmo,1.0,0.0,0.0,0.469385977578891,10,gate_tf_causal_bal_v2_feat10_sticky90_vpin055,bb9aa229a5884654,20260823,drive-sample-6e,True,,6.0
6E_Z10256,2026-06-18,2026-06-18 04:51:00+00:00,0,calmo,1.0,0.0,0.0,0.4677432283894555,6,gate_tf_causal_bal_v2_feat10_sticky90_vpin055,bb9aa229a5884654,20260823,drive-sample-6e,True,,3.0
6E_Z10268,2026-06-18,2026-06-18 05:04:00+00:00,0,calmo,1.0,0.0,0.0,0.4718849903367871,18,gate_tf_causal_bal_v2_feat10_sticky90_vpin055,bb9aa229a5884654,20260823,drive-sample-6e,True,,5.0
6E_Z10280,2026-06-18,2026-06-18 05:16:00+00:00,0,calmo,1.0,0.0,0.0,0.4322614149802762,30,gate_tf_causal_bal_v2_feat10_sticky90_vpin055,bb9aa229a5884654,20260823,drive-sample-6e,True,,2.0
6E_Z10292,2026-06-18,2026-06-18 05:29:00+00:00,0,calmo,1.0,0.0,0.0,0.4503630321460619,42,gate_tf_causal_bal_v2_feat10_sticky90_vpin055,bb9aa229a5884654,20260823,drive-sample-6e,True,,4.0
6E_Z10304,2026-06-18,2026-06-18 05:41:00+00:00,1,normal,0.0,1.0,0.0,0.4650987125164623,0,gate_tf_causal_bal_v2_feat10_sticky90_vpin055,bb9aa229a5884654,20260823,drive-sample-6e,True,,6.0
6E_Z10316,2026-06-18,2026-06-18 05:53:00+00:00,0,calmo,1.0,0.0,0.0,0.4769803106548291,8,gate_tf_causal_bal_v2_feat10_sticky90_vpin055,bb9aa229a5884654,20260823,drive-sample-6e,True,,3.0
